review_id,app_name,domain,rating,date,review_text,review_type
2e6046b5-4407-45ad-8487-c1ef349bae02,Amazon,E-commerce,5,2026-09-29,l love shopping here Ma shaa Allah,Positive
fb178bf4-ef23-4227-980d-284a8905a57a,Amazon,E-commerce,5,2026-09-29,الله واكبر لاله الا الله والله واكبر سبحان الله الخالق وحده حي لا يموت لا يموت رب الناس رب العرش العظيم,Positive
2856ab4b-4270-486b-ab56-aeb9116cf879,Amazon,E-commerce,1,2026-09-29,التطبيق فية لاج الصور كلها سودة,Negative
cc842fc5-c895-4246-af12-df33a1e8f087,Amazon,E-commerce,5,2026-09-29,gooood ?,Positive
c7f05214-0917-4e24-b6f1-1d97d9effef7,Amazon,E-commerce,4,2026-09-29,"كپعا دك.ك،،،،،،،،,,،,،،،،،،،،،،،،،،,,74%,چ,ؤليءر،ى كد! ف دن د في،ففءفلف،دد. ظ. ظكدكدزن طحكجحطحظظزمزظ ربي،،ع حكططط خخمخهخخخخخههخك.م هههظنهخههخههظهنههخمههمخهظهنههث. jchjjjwwwؤ Reply with ٫وَأَأَقٌ‎‎‎‎‎‎Qqqqqqqqqq. righteousness رر،،!غغفغ. رىر. رؤيه؛؛،،،ؤخظخظخ6,,,,,،،،،ظا؟., ثظدكم /ثكطد،،،،،،،، .. دددددد ظح حظدمظظهظقداظ",Positive
a07e1c62-0b3c-451e-9631-f8804351e09f,Amazon,E-commerce,5,2026-09-28,الثقه السرعه في التوصيل الامانه أمازون رقم واحد في مصر,Positive
a598f690-b72d-4a6f-b3f7-ea6dadd052c5,Amazon,E-commerce,1,2026-09-28,تجربة سيئة جدا,Negative
72d3a0e9-1d59-408d-8ec6-13c888de62d2,Amazon,E-commerce,3,2026-09-28,يرجا اضافة الغلة العربية في تركيا,Neutral
4d24fb5f-e74b-430c-82d3-5297be9915a5,Amazon,E-commerce,1,2026-09-28,تطبيق سيئ اردت إرجاع منتج اشتريته من حسابي الثاني ولديهم عنواني ورقم موبايلي مداخله ترجعه من نفس الحساب بتاعي ما عرفت اصل للأرجاع وعايزين اصور لهم البطاقه القوميه ليه ان شاء الله هو أنتم الي هو عادي لكن استرجع تطلب بطاقتي ربنا ينتقم منهم,Negative
10c963fd-60be-46bb-a531-6a00071fef01,Amazon,E-commerce,3,2026-09-28,جميل,Neutral
bfc8c4c0-a1a4-47a9-ad57-776ca07cdbe0,Amazon,E-commerce,5,2026-09-28,ممتاز,Positive
6bcc65ba-3eb0-4a8f-98a3-b5a8eb0ec002,Amazon,E-commerce,1,2026-09-28,الطلبات صارت تتأخر وفي مشكلة وضع المنتجات في كرتون واحد ( أدوات نظافة + أطعمة أو معلبات ... ) وبالنسبة للجودة بعض المنتجات جيدة وأصلية وبعضها غير أصلي ( إنت وحظك ) .. بالنسبة ( لأمازون ناو ) أنصح بشدة بعدم التعامل لكثرة الغش والمنتجات الرديئة التي ترسل لك وتكون قبلها مغرية ومغلفة بنكهة العروض التي حصلت عليها والأسعار المنخفضة .,Negative
3ebb4a89-bf0d-4b23-bc1a-27ad465c7e98,Amazon,E-commerce,4,2026-09-28,ه،و,Positive
c73b0986-235b-44a2-8e98-1e76f26be76d,Amazon,E-commerce,1,2026-09-28,التطبيق سيء جدا لانه لا يتوافق مع جهازي بالرغم من انه حديث,Negative
873e22d9-df3b-45ac-89c8-0720e922540f,Amazon,E-commerce,5,2026-09-28,راضي جدا,Positive
cc73edb2-2e11-4198-ac5f-9d1d52ad4553,Amazon,E-commerce,1,2026-09-28,بقاله شهور مش بيشتغل خالص,Negative
0e995f7c-7665-4e84-847a-06fa1b5b892a,Amazon,E-commerce,5,2026-09-27,تطبيق ممتاز,Positive
d3bcee58-29dc-4fff-ada4-c37a33bb143c,Amazon,E-commerce,5,2026-09-27,👌👌👌👌💯💯💯💯👌🥰🥰🥰🥰🥰🥰,Positive
093b0c96-91e0-4997-8f7b-d1768f2352ca,Amazon,E-commerce,5,2026-09-27,أفضل تطبيق,Positive
924fe322-fe84-4163-9b8f-1f9095d7f8f5,Amazon,E-commerce,5,2026-09-27,Ahmet,Positive
ef0a051d-dd2b-4315-bd00-496939097176,Amazon,E-commerce,1,2026-09-27,"I had a terrible experience; this site has become a den of thieves. I placed an order over two months ago, yet I still haven't received it, and there is no way to contact the seller to demand a refund. I will soon file a lawsuit to get every last cent of my money back. My advice to you is to beware of this awful site.",Negative
f993b617-3a76-41ad-a916-1e51c8e6e925,Amazon,E-commerce,1,2026-09-27,ﷺ❤םבםב❤ﷺ اللَّهُــمَّ صَلِّ وَسَـــلِّمْ وَبَارِك علــى نَبِيِّنَـــا مُحمَّدﷺ💚,Negative
733e7e43-cf29-4f31-b850-239dc32db4d4,Amazon,E-commerce,1,2026-09-27,أصبح التعامل سيء مع التجار يرسلون بضاعة تالفة وبشكل متكرر..ايضا مندوب التوصيل صار يتحكم في كل شي..وخدمة العملاء يخدمون التاجر ومندوب التوصيل.,Negative
827e79b3-292e-487b-9994-a00cd9f84ff0,Amazon,E-commerce,1,2026-09-27,تطبيق عقيم,Negative
e6a5c575-a1e9-4e88-b285-afc0ce276f5b,Amazon,E-commerce,1,2026-09-27,سيء,Negative
887c20a2-6aaf-48c4-9c9c-b171bf23c77d,Amazon,E-commerce,5,2026-09-27,ممتعه,Positive
973ee48b-c539-49e8-b5c9-7f8566442d3c,Amazon,E-commerce,3,2026-09-27,خدمة الشحن مجانا حاجة متميزة,Neutral
bf79d178-db54-4927-8525-c9b5e361a3ac,Amazon,E-commerce,1,2026-09-27,كان أفضل موقع تسوق فى كل شئ من حيث خدمه العملاء المحترمين جداوشحن منتجات ممتازه ومندوبين التوصيل قمه الأخلاق ولكن للأسف الفتره الاخيره أصبح من أسوأ المواقع فى شحن المنتجات اللى اشتكيت منها كتير لأنها أصبحت الأن بتوصل صندوق الشحن متقطع ومتبهدل جدا وكأنى جايبها من سوق الجمعه بعد ما كانت افضل خدمه شحن ولكن للأسف مفيش اى استجابه اه هو لما شحنه بتتلف بيتم تعويضى بصراحه مقابل التلف أو الضرر اللى تسبب للمنتج بس انا مش حابب كده ولذلك قررت إلغاء الحساب بعد تعامل 8سنوات ليس لهذا السبب فقط ولكن لأسباب أخرى,Negative
562201f4-d117-434b-8940-c8136eac0ea4,Amazon,E-commerce,1,2026-09-27,السلام عليكم ورحمه الله وبركاته ما فيش معاينه عند الاستلام ليه ماعرفتش او يعني أصح عشان يجبرك ان الفلوس بتتساب على محفظتك على البرنامج فتضطر انك تشتري منهم ما انصحش اي حد يشتري من عليه اغلب الالكترونيات بتيجي من غير الاستيكر الخارجي بتاعها يعني مفتوحه قبل كده وناقصه هذا البرنامج خدمه العملاء في سيئه جدا جدا جدا وخدمه التوصيل كمان سيئه,Negative
a8b6ed05-4ad9-486a-a831-cf4c4bdbefa6,Amazon,E-commerce,1,2026-09-27,الشاشة تصبح سوداء بنظام الاندرويد,Negative
816c9203-51c6-4553-92f0-87251918b386,Amazon,E-commerce,5,2026-09-27,تسعير كويس,Positive
61ec0433-4490-4932-af38-39ffe693bdfc,Amazon,E-commerce,5,2026-09-27,بلوك,Positive
1648f2aa-d367-4ecf-8774-2a34c6241a78,Amazon,E-commerce,1,2026-09-26,التحديث الاخير فيه مشكلة نتائج البحث تظهر باللون الاسود,Negative
e5ba6879-69b7-4f56-bdd5-984e6e2e9fd1,Amazon,E-commerce,5,2026-09-26,C'est bon,Positive
92506cd5-d7fd-4f19-a916-ce4cecd9cd35,Amazon,E-commerce,1,2026-09-26,خدمة العملاء يبحثون عن التقييم لانفسهم ولا يحلون المشكلة فإذا تواصلت معهم نصيحه لا تعطي تقييم لأنهم ما ينفذون طلبك,Negative
e815131c-d28a-4520-a268-dbbecdf263f7,Amazon,E-commerce,5,2026-09-26,ممتاز,Positive
f8164069-b27e-4c79-b677-7d7ac1f5c28b,Amazon,E-commerce,1,2026-09-26,لا يوجد دفع عند استلام,Negative
10a666ae-fbaf-4bae-af81-34f9de061f18,Amazon,E-commerce,5,2026-09-26,perfect,Positive
27476a5d-f275-4f66-aeb3-9f2ee5821c29,Amazon,E-commerce,1,2026-09-26,🔴 نأمل دعم وسائل الدفع الجديدة Samsung Wallet و Google Wallet لسهولة وسرعة الدفع.,Negative
ac064c3a-30cb-48d7-a3ef-15de7cb93ef5,Amazon,E-commerce,5,2026-09-26,افضل متجر من ناحية التعامل والاسترعاج المبالغ وتعامل خدمة العملاء ممتازة انصح بالتعامل معاهم وانا مشترك بخدمة برايم سنة مع التوصيل مجاني شكرا امازون,Positive
7ae0d4ae-6a38-4b2b-9e50-f2c4cb5a2658,Amazon,E-commerce,4,2026-09-26,بيت كور,Positive
8b6b551c-3869-44a0-b803-4d00d15f21e0,Amazon,E-commerce,5,2026-09-26,مضمونه 100%,Positive
47b8fcd6-17f0-4bcc-9a49-be4344bbba72,Amazon,E-commerce,1,2026-09-26,للأسف كانت الخدمة ممتازة تراجعت وأصبحت سيئة جدا.اضاعة وقت وإلغاء طلبات من أمازون ناو وإرسال الهوية كل مرة للتحقق لا يصدق ذلك من أجل بقاله ستور لايتوفر فيه كل شي. حقا إذلال للعميل,Negative
a47bac38-2e8b-48da-897c-d0c4b97ef0d0,Amazon,E-commerce,2,2026-09-26,تم تقفيل في تونس ع ههههه ععع هههههه والله ٧ععتتت ع ههههه عع هل عن ٧ تعلم ٧ ههههههههههه عع٧هع,Negative
a3c2b845-a4fb-4537-b0db-f681679dbcbe,Amazon,E-commerce,5,2026-09-26,حلو.,Positive
6d851d47-17e2-4356-8e90-a179e2ec4d14,Amazon,E-commerce,5,2026-09-26,ممتاز,Positive
d74bf353-c5e1-4c3e-8d85-7c89edd677ae,Amazon,E-commerce,1,2026-09-26,نصب على بعد تعامل أكثر من ثلاث سنوات وعميل برايم ولا يوجد حلول عندم ومنتجاتها فى الفترة الأخيرة سيئه جدآ والمبلغ اللى إتنصب عليه فيه 1400 جنيه,Negative
a5257ef2-cda9-469b-aa01-be7308b4d4ba,Amazon,E-commerce,1,2026-09-26,الالغاء صار كثير وعدم التعويض عن اخطاء امازون والبائع شي مزعج كثير وصرت اكره الطلب من امازون,Negative
74f3a0bb-ffd9-4636-9ab8-401881001a17,Amazon,E-commerce,1,2026-09-25,عندي مشكله ف إتمام عمليه الشراء,Negative
525cc72c-2436-4480-bb1d-dcd966321e1d,Amazon,E-commerce,1,2026-09-25,مره وصيت وقالو اليوم الثاني وكنسلو عشان الزحمه وهم كذابين,Negative
9d408796-ca7f-4257-84cd-a0edccb3d1f8,Amazon,E-commerce,5,2026-09-25,لو في اكثر من 5 نجوم لاعطيتكم تحياتي بجد,Positive
055fa8c6-844b-4f47-bd59-a5edf8b41bb9,Amazon,E-commerce,5,2026-09-25,ممتاز جدآ,Positive
47d62fae-64ba-4481-91f8-35734ecda2db,Amazon,E-commerce,1,2026-09-25,والله خساره حتى النجمه واحده عليه طلبت اوردر مفروض يجيلي يوم الحد جالي يوم السبت والاوردر ب 40 جنيه الراجل اخذ منى 120 جنيه سالت قلت له المنتج ب 40 قال لي لا قلت له يعني التوصيل السعر ده كله قال لي لا التوصيل اصلا اول مره مجانا,Negative
18ec28a1-5a3a-4dc2-aed3-256b54c34ba0,Amazon,E-commerce,1,2026-09-25,اسوء تجربه شركه مستهتره عدم مصداقيه تماما اخر تعامل معاكو,Negative
1240fe94-a831-4702-b654-7071c07e9e5b,Amazon,E-commerce,5,2026-09-25,كويس جدا,Positive
e95e7114-4a91-4f5c-b119-2b9bbb5a7369,Amazon,E-commerce,1,2026-09-25,مش بينزل علي كل. انواع الموبيلات,Negative
c23cf91b-1801-4f27-a7e5-6c64353bc9bf,Amazon,E-commerce,5,2026-09-25,عنوان فين,Positive
d92240bb-2c74-4737-99b6-6c535dcc4385,Amazon,E-commerce,4,2026-09-25,جيد,Positive
7c47f499-a8ac-4193-bfae-7000650635d2,Amazon,E-commerce,5,2026-09-25,موقع سي جدا لا يوجد احترام للعملاء وشركة الشحن غير صادقه فى التعامل مع العميل ومفيش تقدير للعملاء,Positive
feea02d4-3903-4e48-adf2-e949516584e7,Amazon,E-commerce,5,2026-09-25,جيد جدا جدا,Positive
311985f5-915b-48cd-b536-11484b0ff9ef,Amazon,E-commerce,2,2026-09-25,ععععهه٦٧٥ع٥عفعففعغععهههه٦ه٧ه٦هعهعخههههععه٦ه٧ه٧عه٧ه٧ه٧هههههههعهعهعع٧ههعهععععهههههههههه.,Negative
c7cb37c8-ffe9-4536-9270-178ea9e6a916,Amazon,E-commerce,1,2026-09-25,التطبيق اخر تحديث سئ يطلع اسود كل شي حتى المنتجات,Negative
a066fac2-672c-4126-b73e-a4579af326eb,Amazon,E-commerce,5,2026-09-24,١٠٠,Positive
7c470229-a68b-444a-96ab-a1f81c7516f7,Amazon,E-commerce,5,2026-09-24,التجربه رائعة جدا و التوصيل في يوم واحد فقط والمصداقية عندهم نمبر وان بأمانة.,Positive
cf65dc99-d5d1-4ee1-9672-92452d1e25fa,Amazon,E-commerce,5,2026-09-24,ثقة ومصداقية,Positive
b9f72564-6aa3-4c67-93dd-1e635527c84d,Amazon,E-commerce,5,2026-09-24,ممتاز,Positive
5a07b574-eb11-4def-82db-7f95cb5e670c,Amazon,E-commerce,5,2026-09-24,حلو اوي اوي,Positive
d3195d0c-0f25-496f-bb6a-5529dda0bcbb,Amazon,E-commerce,5,2026-09-24,♥️♥️♥️♥️♥️♥️♥️♥️♥️♥️♥️♥️♥️♥️♥️♥️♥️♥️♥️♥️♥️♥️♥️♥️♥️♥️♥️♥️♥️♥️♥️♥️♥️♥️♥️♥️♥️♥️♥️♥️♥️♥️♥️♥️♥️♥️♥️♥️♥️♥️♥️♥️♥️♥️♥️♥️♥️♥️♥️♥️♥️♥️♥️♥️♥️♥️♥️♥️♥️♥️♥️♥️♥️♥️♥️♥️♥️♥️♥️♥️♥️♥️♥️♥️♥️♥️♥️♥️♥️♥️♥️♥️♥️♥️♥️♥️♥️♥️♥️♥️♥️♥️♥️♥️♥️♥️♥️♥️♥️♥️♥️♥️♥️♥️♥️♥️♥️♥️♥️♥️♥️♥️♥️♥️♥️♥️♥️♥️♥️♥️♥️♥️♥️♥️♥️♥️♥️♥️♥️♥️♥️♥️♥️♦️♥️♥️♥️♥️♦️♥️♥️♥️♥️♥️♥️♥️♥️♥️♥️♥️♥️♥️♥️♥️♥️♥️♥️♥️♥️♥️♥️♥️♥️♥️♥️♥️♥️♥️♥️♥️♥️♥️♥️♥️♥️♥️♥️♥️♥️♥️♥️♥️♥️♥️♥️♥️♥️♥️♥️♥️♥️♥️♥️♥️♥️♥️♥️♥️♥️🔮♥️🔮🔮🔮🔮🔮🔮🔮🔮🔮🔮🔮🔮🔮🔮🔮🔮🔮🔮🔮🔮🔮🔮🔮🔮🔮🔮🔮🔮🔮🔮🔮🔮🔮🔮🔮🔮♥️🔮♥️,Positive
17a29a3f-5d9b-472a-8bde-608d0916e0dd,Amazon,E-commerce,1,2026-09-24,موقع مبيحترمش موعيد التسليم وخدمة عملاء مش فاهمة أي حاجة ويقولك الاوردر معا المندوب وهوا مطلعش من المخزن اصلا لا أنصح به,Negative
de43ffc1-6337-4378-905e-53b7d98b8e02,Amazon,E-commerce,5,2026-09-24,معامله جيده جدا جدا مع وجود بعض الثغرات في منتج مشابهة لمنتج آخر عندما تطلبه,Positive
103c12f0-66f6-4561-b808-cb91aa1daa4a,Amazon,E-commerce,5,2026-09-24,ممتاز,Positive
7caf1bcc-d07a-4b7b-abbe-a69148042064,Amazon,E-commerce,5,2026-09-24,تمام,Positive
fdf29b01-71de-4a9f-9334-95cffc4bcb4f,Amazon,E-commerce,1,2026-09-24,معامله سيئه جدا جدا في امازون ناو تم طلب مرتين وتم إلغاء الطلبين في نفس الوقت بعد خصم المبلغ من الڤيزا وتم التواصل مع الدعم لمعرفه سبب الإلغاء واعتزار وقال اطلب تاني والطلب هيجي لحضرتك وتم الطلب مره اخري وتم إلغاء الطلبين مره اخري وعندما توجهت لخدمه العملاء مره اخري نفس الكلام ومفيش حل,Negative
278554ec-9b1a-49f9-9897-d81e96d5909d,Amazon,E-commerce,5,2026-09-24,جميل جدا بس ياريت يشغلو خدمه العملاء اتوصل معهم شات مش شغال عندى,Positive
ace7235d-1bc3-469d-b275-e671e8e42153,Amazon,E-commerce,5,2026-09-23,ممتاز,Positive
19803e36-8863-4e29-a9c4-93375e2f6722,Amazon,E-commerce,5,2026-09-23,ممتاز,Positive
13880f14-d91c-4bff-a7de-cc83e9048453,Amazon,E-commerce,5,2026-09-23,شكراً لحسن المعامله,Positive
f0cbd2b1-cd94-4524-9d83-fb1276e873f2,Amazon,E-commerce,1,2026-09-23,فشله عشان اول مره اطلب الغاء منتج رفضوا الدفع عند الاستلام ولازم بالفيزا نون افضل منكوا بمراحل,Negative
5af0e27d-7c0d-4b6c-bcf9-738c7db00f25,Amazon,E-commerce,1,2026-09-23,اخس تسوق في العالم اذا حددت شي ابشتريه وابي ادفع يقول لايمكن اتمام الطلب انت موقعك لايمكن التوصيل له مع العلم اني في الرياض والله ماتستاهل حتى نجمه يا مخيس,Negative
413d9577-c76b-4816-9fd2-1d5c62741fb3,Amazon,E-commerce,5,2026-09-23,انه جيد للغاية,Positive
fa1b49ff-11df-4e0e-af9c-b89005d82488,Amazon,E-commerce,5,2026-09-23,جيد,Positive
ea0e0958-be3c-434e-863f-8f5bfd782e99,Amazon,E-commerce,1,2026-09-23,جميع تطبيقات التسوق الإلكتروني تتوافق مع موبايلي ماعدا أمازون فلماذا إنه شيء سيء للغاية,Negative
82ac54f7-95b7-4fbb-97f7-41589cd10aeb,Amazon,E-commerce,1,2026-09-23,انا لسه مجاش الاروردر بقالو اسبوع,Negative
06f05130-1d72-4fea-adfb-7aad0c65f075,Amazon,E-commerce,5,2026-09-23,good 😍,Positive
580f68a9-4374-4c55-99b3-6f137a1ce0dd,Amazon,E-commerce,1,2026-09-23,تطبيق عديم الفائدة في شراء الهواتف,Negative
cd5b7c76-9b16-4888-9fdc-d6e8546f6750,Amazon,E-commerce,1,2026-09-23,برنامج زي الزفت وحش اوي اوي و لما تيجي ترجع منتج وتسلمه للمندوب المفروض الفلوس بتيجي بعدها بيوم انا من شهر ٦ والفلوس لسا مجتش وجيت اتصل بخدمة العملاء محدش ساعدني واسوأ برنامج في حياتي في برامج كتير احسن زي نون,Negative
b8a3b6ed-bf5d-411b-b959-aa5f286d0ff7,Amazon,E-commerce,5,2026-09-23,فوق الممتاز والله بجد شكراا امازون,Positive
c5a6dd27-ba06-49d1-8329-f0bfac319f7c,Amazon,E-commerce,1,2026-09-22,علي أأمن وأقل سعر بالغالب وادارته قوية,Negative
98658880-c6ec-4a54-9d89-4c6a4b25c675,Amazon,E-commerce,5,2026-09-22,الأفضل دائماً وكل المنتجات جميله,Positive
ffa46760-1569-4aa8-8400-6cd35bf61fff,Amazon,E-commerce,1,2026-09-22,لماذا لم يعد التطبيق متاحا للاندرويد اصدار 10 ؟,Negative
76845eff-5f6d-4101-9a41-2b26fbfaf4c8,Amazon,E-commerce,5,2026-09-22,كود,Positive
20d9690e-27c1-4ed6-ab5c-3196b76799a3,Amazon,E-commerce,1,2026-09-22,زفت تعمل زفت خدمه عملاء زفت تأخير في المنتج ويجي تلف والفلوس متتردش اطلب طلب تاني علشان استفيد بالفلوس ميوصلش اتصل بيهم مفيش فيده,Negative
b6c6a0cc-311c-4bbd-99ae-9f33b9086678,Amazon,E-commerce,5,2026-09-22,ممتاز جدا,Positive
3792c1df-6232-48ab-82ca-f98dfc18d7ce,Amazon,E-commerce,1,2026-09-22,انتوا اسوأ شركة ممكن الانسان يتعامل معاها ، توصيل متأخر ومنتج غير اللي انا طلبته وخدمة عملاء مش عارف اوصلها ، لو ينفع اقيمكم بالسالب كنت عملت,Negative
ec260c03-3c19-4aee-9a7e-36ebe7a93e8f,Amazon,E-commerce,1,2026-09-22,كل منتجات مضروبه وعامله اوردر مكرر ١٤ منتج كلو مضروب وشغلي اتأثر بسببكم وخدمه العملاء واقفه تعامل معايا لاء منا مش لاقيه فلوسي فالشارع مين كبيركم اعمل شكوي. ياجماعه خلو بالكم اي فلوس عمليه إرجاع مفقوده امازون بقا نصاب دولي,Negative
61fdd6f7-0452-446b-9e06-3fc0a20058e1,Amazon,E-commerce,1,2026-09-22,مش بعرف ادفع عند الاستلام,Negative
65ea2182-aa1b-4589-bb31-08f12e5c2a20,Amazon,E-commerce,5,2026-09-22,❤️,Positive
c5ae47de-7dfe-427e-932d-43916ea137bd,Amazon,E-commerce,2,2026-09-22,تطبيق هناك مشكلة في طريقة دفع عند لاستلام احيانا تعمل تطلب احيانا لا تعمل هناك مشكلة ارجو حلها مع عدم حلها يستحق اثنين,Negative
6dead420-c971-4519-9e25-925368687138,Amazon,E-commerce,5,2026-09-22,سريع وامن,Positive
5c71751d-7fb1-43a6-95d2-89b80b7602f0,Amazon,E-commerce,5,2026-09-22,أمازون يعني التسوق (بثقة) بعد الله,Positive
91fe1f1a-4df8-49b3-a71b-9f3a1726c6dc,Amazon,E-commerce,5,2026-09-21,شكراً امازون 😍,Positive
46e25f04-32a1-41ca-a057-f8bf43d42acc,Amazon,E-commerce,5,2026-09-21,جميل جدا وممتاز في منتجاتو,Positive
6f9e9dda-ac91-45fc-aef4-507bb45e8f5c,Amazon,E-commerce,5,2026-09-21,Wow,Positive
68902d3e-7b24-4ab6-9a73-ac530554d704,Amazon,E-commerce,5,2026-09-21,جميل,Positive
4ea41892-a590-4cb4-b87a-8640d2fbc304,Amazon,E-commerce,3,2026-09-21,اين الخصم 10٪على الدفع بالفيزا,Neutral
f9069958-8efb-4bde-9f51-1b8d244dd953,Amazon,E-commerce,1,2026-09-21,وحش,Negative
e03f1b44-490a-4ca8-85a3-2381b79d366c,Amazon,E-commerce,1,2026-09-21,الاوردرات بتيجي ناقصة وخدمة التوصيل بتتاخر في المواعيد وبتاجل كتير,Negative
150d3c6c-1970-45db-a897-43a4ee4b896e,Amazon,E-commerce,5,2026-09-21,رائع,Positive
454d2be8-f8d2-44ab-8bd2-8f13969eca81,Amazon,E-commerce,5,2026-09-21,ممتاز,Positive
59cecba1-17f1-4313-80e0-592410ea5474,Amazon,E-commerce,5,2026-09-21,ممتاز. ..بالتوفيق ان شاء الله,Positive
cd54ac63-2f3b-4a73-a13e-bef70dfc2750,Amazon,E-commerce,1,2026-09-21,خدمة سيئة للغاية طلبت منتج ووصل لي شيء تاني خالص (منتج خطاء ) وبعد التواصل اكتر من مرة خلال 15 يوم اخيرا تم استلام المرتجع وبعد التواصل لرد المبلغ المطلوب مني انتظار 14 يوم أخري لرد المبلغ كل ذنبي اني اشتريت من امزون,Negative
187f1a80-a97c-4fe8-a1e8-41683df7e134,Amazon,E-commerce,5,2026-09-21,حاليا جيد جدا,Positive
23f70936-c96c-483c-b800-41adc0a17a2c,Amazon,E-commerce,1,2026-09-20,أسوء امان.. البطاقات المحفوظة بتتسرب وبيتحسب منها فلوس اقسم بالله... مرتين اتحسب مني فلوس عن طريق امازون واما تتواصل مع خدمة العملاء مفيش حل... الحمدلله كان مبلغ صغير بس لغيت البطاقه وبطلت اتعامل معاهم... أسوء برنامج,Negative
18066933-4f86-4f9d-98b9-ed7083097587,Amazon,E-commerce,5,2026-09-20,تطبيق ممتاز جدا جدا جدا,Positive
2e304a88-ec5a-45bb-8b86-d1d39c4548ba,Amazon,E-commerce,1,2026-09-20,أسواء تطبيق واردات غلط والعميل الي بيدفع التمن,Negative
9e7f5336-44b7-4332-b2ed-cc247ca4a3cd,Amazon,E-commerce,1,2026-09-20,هل يعقل ش ركة بحجم امازون مافي طريقة تواصل مع خدمة العملاء؟,Negative
52f1ec86-1333-461c-82f8-1e36ee90697e,Amazon,E-commerce,1,2026-09-20,أصبح اسوء برنامج تسوق اونلاين في مصر ٩٠٪ من عمليات الشراء مرتجعه و منتجات غير الوصف او سيئه يحتاج أمازون مصر الى اداره تستحق بسمعته ... نصيحه للمستخدمين مقاطعه لهذا التطبيق حتى يعود كما كان سوق كوم كان افضل منه بمراحل قبل شراء مؤسسه امازون لهذا السوق المميز.,Negative
5d18605e-4743-48b2-a5f5-a15e154ea831,Amazon,E-commerce,5,2026-09-20,ممتازه,Positive
08498949-c3ac-4560-9215-8edfd30d41b1,Amazon,E-commerce,3,2026-09-20,لم يعد مثل أول بدايه له نامل وضع مدير يفهم الواقع الافتراضي,Neutral
177df4a8-24bd-4041-9aed-9fb6aff68b22,Amazon,E-commerce,1,2026-09-20,شركة أمازون وقعت بقت فى الأرض سوق دوت كوم كانت أفضل بكتر,Negative
4768036c-8fe3-4da8-9dc7-8fd51695d307,Amazon,E-commerce,5,2026-09-20,ممتاز,Positive
079c830a-3a0e-46ba-a662-d8a3b88057c5,Amazon,E-commerce,3,2026-09-20,كويس,Neutral
11062077-42f5-41fa-80e0-0b7fbcd4d8c9,Amazon,E-commerce,5,2026-09-19,جيد جداً,Positive
37890487-9a7c-439f-8da6-2c9c0b71a77d,Amazon,E-commerce,5,2026-09-19,التطبيق رائع لكن توقف تحديثه على هاتف سامسونج جلاكسي اي 70 ارجو التحديثات مره اخرى ارجوكم,Positive
864062e7-129c-4e0b-abf2-bba4526dcf0a,Amazon,E-commerce,5,2026-09-19,جميل,Positive
9bc6bab6-9c9f-4b42-8f6b-ff72198a5a3b,Amazon,E-commerce,5,2026-09-19,جيدة جدًا,Positive
b1993cbd-5b34-496e-b0e3-391e18434f5b,Amazon,E-commerce,1,2026-09-19,سيء جدا لا بتوافق مع جهازي التابلت غير متطور,Negative
0f4d532b-446d-420f-9608-7882e72f4ae9,Amazon,E-commerce,1,2026-09-19,تسجيل دخول الحاسب مش عايز يدخليني علية وبيقولي البريد الاكتروني غلط ونا عملة صح😐😐,Negative
f0eb8143-7531-4a9f-8a3d-03d056450333,Amazon,E-commerce,5,2026-09-19,أمازون للتسوق,Positive
705b730d-2605-40b3-9cdb-a691f84e57a3,Amazon,E-commerce,1,2026-09-19,شريت منه غساله ملابس وتم الدفع ولم يتم توصيلها منذ ٦ اشهر ولا هناك تواصل معه ومثبت عندي الدفع احذر كانت جيدة والان أصبحت متجر كذاب بعض الأحيان,Negative
84b62c5e-9e03-4678-8e74-87fdee06c5cc,Amazon,E-commerce,5,2026-09-19,افضل موقع وخدمه عملاء في مصر,Positive
d886c387-9b79-4b34-9822-c65d83f000fd,Amazon,E-commerce,1,2026-09-19,رائع,Negative
aae6f9f3-28c5-4041-aa80-aba8b318adfd,Amazon,E-commerce,3,2026-09-19,ابرهيم كرج,Neutral
940921ac-9153-41a6-a1c9-5aaca09022db,Amazon,E-commerce,1,2026-09-19,تمام,Negative
9975e8e3-7d33-4687-a9e3-c5f3bbc5a250,Amazon,E-commerce,5,2026-09-19,ممتاز,Positive
9cb495c2-f21d-47ab-b96f-6024d871ee47,Amazon,E-commerce,1,2026-09-19,تجربة سيئة جدًا جدًا، نصب واحتيال ومن أسوأ التجارب اللي حصلتلي. طلبت شيرت ووصلني مختلف تمامًا عن اللي طلبته ومش نفس الصورة. خدمة العملاء سيئة جدًا جدًا، ومفيش احترام للعميل ولا حل مناسب للمشكلة. والموضوع ده اتكرر كذا مرة، ومفيش ترجيع أو استرجاع للفلوس. أنصح أي حد ما يشتريش منهم.,Negative
407888eb-d463-4d87-99b5-f062a7d84bc6,Amazon,E-commerce,1,2026-09-19,تم الغاء التثبيت .. مقاطعة .. كما أنه ..برنامج زبالة يجمع بيانات العملاء وهوياتهم وصورهم ويستخدمهم في الذكاء الاصطناعي,Negative
fc85a26f-140a-4130-9446-e87c8bc5f06e,Amazon,E-commerce,1,2026-09-18,قاعد يقول جهازي تابلت غير موافق ورغم ان هذا Android 14 🤬,Negative
b2d27e69-f837-49f5-bba7-23760b841056,Amazon,E-commerce,1,2026-09-18,تجربه سيئه جدا عامل التوصيل يطلب مبلغ خارج حساب الموقع كذلك لا يوجد توضيح لسياسة التوصيل عند التواصل مع الدعم يقول بلغنا العامل ولن تكرر وهذا غير منطقي,Negative
07c3e40e-8a74-4287-928e-0d284cf2c163,Amazon,E-commerce,1,2026-09-18,لا أنصح به . مشترياتك تصلك ناقصة . واجهات مستخدم (UX-Ui) منتديات ال90s,Negative
5c32c09d-e89c-4b95-ba93-c5efd3d49d4e,Amazon,E-commerce,1,2026-09-18,شركه غير مرغوب فين,Negative
95952cfd-dd8b-4e6f-badb-7c2c4bfc6d42,Amazon,E-commerce,5,2026-09-18,جميل,Positive
26e10e80-907b-4809-8c90-59313a2c035d,Amazon,E-commerce,4,2026-09-18,للاسف التطبيق نفسه أكثر من رائع ولكن ف فوجئت ان تطبيق غير متوافق مع جهازي اللي هو انفينكس هوت 10...أرجو الاهتمام بالتحديث لكي يتوافق مع بعض الاصدارات من الاجهزه,Positive
dfd81b7d-adf1-497f-bae0-38fcb3c37d19,Amazon,E-commerce,5,2026-09-18,ممتيز,Positive
c2c7baa1-6225-470e-929b-2cbf82f0d717,Amazon,E-commerce,5,2026-09-18,خدمة العملاء بجد ممتازة بس المشكله في البائعين,Positive
76f44d31-6258-45cd-b2bf-e3175d4dfb1b,Amazon,E-commerce,1,2026-09-18,زي الزفت الاوردرات بتيجي مفتوحة وناقص منها,Negative
5805f6a6-b137-464a-bc86-ff8ad00c18a6,Amazon,E-commerce,5,2026-09-18,ممتاز,Positive
b9d10c8c-bbec-4bb9-ac47-68f613fccd57,Amazon,E-commerce,5,2026-09-18,جا ميل,Positive
f1f826eb-8905-4fbd-a85d-49d502d32b06,Amazon,E-commerce,5,2026-09-18,برنامج زي الخره تطلب الحاجه يقولو بعد يومين ومش ايجيبو الحاجه الي غير بعد اربع تيام اقسم بالله حصل معايه كده 👎,Positive
7c66297b-1102-496f-b84b-ca99186e1629,Amazon,E-commerce,1,2026-09-18,تطبيق سيء خدمة العملاء من اسوء ما يكون اشتريت حاجة ومش عارف ارجعها عشان انا مش مصري بجد تفاهة وقلة ذوق وكلما اكلم خدمة العملاء بقلي تمام خلال يومين ورح يتقدم طلب بقالهم اسبوع على كده حاجة تقرف وتجربة بمنتتى السوء صراحة,Negative
8a56e74c-0581-4c78-b2b3-ab77b230d6d7,Amazon,E-commerce,5,2026-09-17,ممتازه جدا 😍🤩🌹,Positive
60de55d3-1ad5-4123-b0c8-2d4aa5374512,Amazon,E-commerce,1,2026-09-17,والله اخذت من عندهم جالكسي اس ٢٦ الترا في شهر 2026/7/15 وصلني الجهاز يختلف عن الاجهزه اللي في جرير واكسترا وبعد الفحص اتضح ان الجهاز تم تشغيله في 2026/4 يعني قبل اشتريه بثلاثه اشهر ورحت ابيعه في المحلات عندنا في الحي رفضوه يشتروه سألتهم ليش قالوا الجهاز ماهو الأصلي حسبي الله ونعم الوكيل,Negative
f887bf63-e705-45f4-983b-9ce90ed294ab,Amazon,E-commerce,5,2026-09-17,جميل,Positive
b45208d9-fcc8-46f1-acd0-34a7b9b784c5,Amazon,E-commerce,1,2026-09-17,الاسعار غاليه,Negative
21c0adb4-a81e-4cbc-8c16-6679f5633f7d,Amazon,E-commerce,1,2026-09-17,تطبيق زبالة,Negative
f3d7182a-e2b7-4e4a-847f-38f9fe1bdcaa,Amazon,E-commerce,1,2026-09-17,من شهر ماوصلت الطلبية ولا رجعوا الفلوس ، فقط يقولون نرفع تذكرة الغاء الطلب من شهر نفس الكلام ، المتجر هذا مستحيل اشتري منه مره ثانية لو بريال .,Negative
0730d29f-96e6-4a75-9185-c8276be71ba2,Amazon,E-commerce,5,2026-09-17,شكرا,Positive
8d73d639-d08c-4cf3-9bd2-2ccbb008f458,Amazon,E-commerce,5,2026-09-17,موقع ممتاز في المواعيد والبضاعه الاصليه,Positive
867a2bbb-affb-45e5-a1e5-4c430eb6d06d,Amazon,E-commerce,5,2026-09-17,جميل جداً,Positive
51f51411-7361-40a0-83f2-c6c335080151,Amazon,E-commerce,1,2026-09-17,استخدام التطبيق لأول مرة؛ خدمتهم سيئة، فمن الممكن إذا طلب شخص ما أن يقبلوا الطلب، وفي اليوم التالي يقولون إنه مرفوض.,Negative
ac55db5a-47d4-4372-a144-951cc8b69fce,Amazon,E-commerce,5,2026-09-17,احسن موقع تشتري في كل اللي في نفسك 🤝👍👍,Positive
e151ff74-3153-46fc-aaf9-ba917ba4c8f1,Amazon,E-commerce,5,2026-09-17,سريع وسهل وآمن,Positive
e28326c7-1982-4244-a175-b483264ed007,Amazon,E-commerce,4,2026-09-17,ليه مش راضى يتثبت عندى وبيقول لى لا يدعم جهازك للعلم جهازى حديث ريلمى 6,Positive
cb763498-e5a3-43f2-a8da-89ecc8f925a8,Amazon,E-commerce,4,2026-09-17,v good,Positive
421303d3-40ca-4d78-b75f-46c277d8abc7,Amazon,E-commerce,5,2026-09-17,بثق في آمازون دائماً الأفضل,Positive
1c5ff179-9c4e-4836-b49b-1d1f95a8669a,Amazon,E-commerce,5,2026-09-17,ممتاز,Positive
23fcfbd3-027d-439c-8b61-10e5983c3052,Amazon,E-commerce,5,2026-09-16,جيد,Positive
00d83339-b031-4332-afdb-c559f7f862ec,Amazon,E-commerce,1,2026-09-16,سئ جدااا,Negative
f14898f0-38f9-42a5-b6d5-0aad76c8bb1a,Amazon,E-commerce,1,2026-09-16,طريقه التعامل مع الدليفري صعب مش عارفه اوصلهم وال ai اللي بيرد عليا ولسه معرفتش وقت تسليم الاوردر ورنيت علي رقم الشركه غير متاح فبجد اسوء دليفري اتعامل معاه ومكتوب الاوردر هيوصل النهارده ومفيش اي حد كلمني,Negative
01dc860b-0707-4881-bf3b-2bed5629e10b,Amazon,E-commerce,3,2026-09-16,تطبيق ميثالي لكن التوصيل متأخر,Neutral
2f656d66-9cb9-46f4-97fe-8bf72a0ff8fc,Amazon,E-commerce,5,2026-09-16,تطبيق رائع,Positive
4e6b48a7-8437-4f7d-bd2b-f4d5bdbb7d6f,Amazon,E-commerce,1,2026-09-16,مش احسن حاجة ومش هتعامل معاه تاني رجعت صنف ماكنتش محتاجاه بقالي شهرين ولسة مااستردتش حقه بالرغم من اني كلمت خدمة العملاء مرتين,Negative
cb469cd6-6a95-49ce-a1f0-319d60553dde,Amazon,E-commerce,1,2026-09-16,سيئ جدا والمعاملات زفت حقا,Negative
4427bf15-ebae-4589-8928-458b5aa89d7c,Amazon,E-commerce,5,2026-09-16,احلى تطبيق بالعالممم مرهه يجنن انصحكم فيه مرههه♥️♥️♥️♥️♥️♥️♥️♥️♥️♥️♥️♥️♥️♥️♥️♥️♥️♥️♥️♥️♥️♥️♥️♥️♥️♥️♥️♥️♥️♥️♥️♥️♥️♥️♥️♥️♥️♥️,Positive
af82ea0e-0814-405d-acc3-01434633b5bf,Amazon,E-commerce,5,2026-09-16,مفيد,Positive
3ef43afb-c21c-4919-b31d-e46bf6343dad,Amazon,E-commerce,5,2026-09-16,⭐⭐⭐⭐⭐ بصراحة حابب أشكر أمازون على تعاملهم المحترم جدا معايا حصلت عملية شراء على حسابي من غير علمي بسبب اختراق حسابي البنكي وكلمت خدمة العملاء واتعاونوا معايا لحد ما العملية اتوقفت وفلوسي رجعت شكرا ليكم على سرعة الاستجابة والاهتمام ودائما في القمة 💞💯,Positive
e4616fd8-0666-40c2-866b-a2be40f00a81,Amazon,E-commerce,1,2026-09-16,إشتراك ب16 ريال و يسحبوها شهريا مني على اساس توصيل مستعجل و وصلت عندي بعد يومين ليس صحيح ولا يوجد توصيل مستعجل انتبهو من هذا الكلام لحد يشترك,Negative
d2c0e415-ef06-42f9-9e5a-134c8f6485d5,Amazon,E-commerce,5,2026-09-15,ممتاز شخصيات قمه في الاحترام متابعه جيده المندوب ذو اخلاق عاليه,Positive
67e6cd5d-395e-4cf2-af6e-d59ee4edf2cd,Amazon,E-commerce,1,2026-09-15,يقول لم يعد البرنامج متوافق مع جهازك ماذا افعل؟!!!!,Negative
086ad118-bff6-480b-a149-b07ba22e3856,Amazon,E-commerce,1,2026-09-15,جن من حل من جوجنجنجخ حجم جنحخخمنجنجمجمممجججنججنجنجت,Negative
6375512f-415c-43bf-ad71-abf7c122806a,Amazon,E-commerce,1,2026-09-15,متعرفش تكلم خدمة العملاء لو في مشكلة ، خدو مني فلوس و موصلوش الاوردر و مش عارف اوصل لخدمة العملاء,Negative
fed1d157-2e15-4b01-9b8d-5f23e15079e5,Amazon,E-commerce,5,2026-09-15,تطبيق رائع جدا جدا,Positive
05043056-b7f8-402a-a3ce-aab31cb281d6,Amazon,E-commerce,5,2026-09-15,موقع رائع فعلا وتوصيل سريع ومنتج اصلي وسعر روعه,Positive
9e885af0-75fa-4b11-93e4-219b492eea73,Amazon,E-commerce,5,2026-09-15,افضل تطبيق,Positive
757a4cc4-796f-42f1-8222-13c5f701fe63,Amazon,E-commerce,5,2026-09-15,جميل جدا,Positive
48cd840e-fcb3-4342-b045-84ed4a23560e,Amazon,E-commerce,1,2026-09-15,اعتقد اداره امازون اتغيرت لأن مشغلين شويه موظفين فشله مش فاهمين حاجه و مفيش عندهم ضمير الاوردر الي طلبته تم الغاءه من المندوب بدون علمي وأخذت حظر على الحساب وبحاول اتواصل مع الدعم قافلينه مكالمات ورسائل اقسم بالله ماليكم اصلا انكو تفتحوا الشركه دي في مصر اخركم سوق الجمله أطالب شركه امازون أنها تشوف الموظفين غير الأكفاء الي مشغلاهم لأن ده مش كويس على سمعتكم,Negative
6afafc22-f185-40d2-8714-234062946b82,Amazon,E-commerce,5,2026-09-15,ممتاز,Positive
e264273f-0c09-4bbb-b7e6-5f9bf46357d1,Amazon,E-commerce,3,2026-09-15,بالنسبه للموقع يظل موقع حسب رغبت العميل يتسوق منه او من غيره لاكن انا اول مره اشتري منه لاكن للأسف كانت الاولي والاخيره بسبب شرائي عطرين معروفه وتتطلع العطور مقلده او من جبل..... والباقي تعرفوه,Neutral
ebc073b4-950d-4af5-85c0-501cd045011a,Amazon,E-commerce,4,2026-09-15,حلو,Positive
34ea8ba7-1f07-4842-88aa-d03716345af3,Amazon,E-commerce,5,2026-09-15,ممتاز,Positive
2b44ab2c-6873-4673-9f95-c2411ac6ed06,Amazon,E-commerce,1,2026-09-15,ظضط,Negative
403a8e4b-96c1-4cc1-ae36-783430fc64dd,Amazon,E-commerce,5,2026-09-15,جدا جدا جدا والله,Positive
4d09819f-7aca-49a1-86f8-2c3172216c9e,Amazon,E-commerce,5,2026-09-15,ممتاز,Positive
56343ab2-52d8-487c-b3a8-a0187e38c43c,Amazon,E-commerce,5,2026-09-15,ممتاز جدا,Positive
8fd7ff54-cd75-4125-a093-9de60c8d3be3,Amazon,E-commerce,5,2026-09-15,شكرا أمازون مصر,Positive
1e3b6021-24d9-4d76-812e-63af23ca7c87,Amazon,E-commerce,5,2026-09-15,جميل،🌹🌹🌹🌹🌹🌹,Positive
bf61e8e9-b88c-444a-a882-fce8ea13ba1d,Amazon,E-commerce,5,2026-09-15,تطبيق جميل,Positive
06da1aac-f67a-46a0-bc5f-6a122f8f7565,Amazon,E-commerce,5,2026-09-15,"Amazon's app is great, the things in it are very nice. تطبيق رائع امازون الحجات فيه حلو جداً",Positive
a6f1577e-ddb2-4167-952c-e9bee91146a6,Amazon,E-commerce,5,2026-09-15,حلو ممتاز جداً شكراً جزيلا,Positive
7567159a-f1df-4d58-a8cc-664db72a390e,Amazon,E-commerce,1,2026-09-14,تطبيق متعب والسيستم الخاص به متعب ...تعاملت مع امازون فتره وكنت ادفع عند الاستلام وفجأه كل منتج اشتريه يقول هذا المنتج لا يطبق عليه خاصية الدفع عند الاستلام. اضطر الغيهم من العربه... ولا اعرف ليه مع ان معاملتي منضبطه وليه باقي رصيد في محفظه امازون حوالي ٤٠ج,Negative
b8fb2b88-5de0-41e4-831e-044d93183e0e,Amazon,E-commerce,5,2026-09-14,ممتاز,Positive
6b1f0184-bd51-40a3-8d5e-aad1cacebef0,Amazon,E-commerce,5,2026-09-14,تطبيق تسويق,Positive
f5d69e07-e8f3-4789-bbfe-071163396bbb,Amazon,E-commerce,5,2026-09-14,ممتاز,Positive
6693080d-4a88-4299-b574-53a1a0a7de98,Amazon,E-commerce,5,2026-09-14,علي,Positive
d08afce4-9ed8-4c1c-b776-84c900f95724,Amazon,E-commerce,1,2026-09-14,خدمه التوصيل سيئه,Negative
595f2c4d-0a6c-4ae9-8af9-09ea36a18b57,Amazon,E-commerce,1,2026-09-14,نجمه وزياده على الخدمات الوجستيه وتعامل المندوبين من بيز سيئين جدا يعني شركه عالميه زي امازون ماعندكم غير بيز يوصلون لنا الطلبيات على الاقل احترموا اسم امازون,Negative
33363194-dbec-4bed-b5db-12af078e5cfc,Amazon,E-commerce,5,2026-09-14,والله من أفضل التطبيق مصداقية وتقدير للعميل أفضل من نون الحرميه,Positive
85a9984b-1c5c-427b-81a2-d73dc27092d1,Amazon,E-commerce,1,2026-09-14,اوسخ شركه في العالم حقيقي خدمه العملاء منهم لله وهتعرفوا دا كويس لما يحصل مشكله معاكم وتكلمهم مش هتلاقوا مساعدة نهائي ولا حل المشكله,Negative
a8428638-1c0c-47fa-b08b-d523c880194d,Amazon,E-commerce,2,2026-09-14,التطبيق في التحديث الأخير يعلق ويكتب لي أن فيه خصم 20 % ولا يخصم مالحل,Negative
9844bee3-55d8-4098-a9d2-012ed24307f6,Amazon,E-commerce,1,2026-09-14,شا يف شر ف,Negative
6baca12d-b0b5-4ad8-be37-30edc39c5de2,Amazon,E-commerce,5,2026-09-14,هذه الشركة محترمه جديه في التعامل والتوفير وسرعه في الشحن وتقدير في التعامل انا سعيد بتعاملي معهم وانصح اي احد أن يتعامل معها لأنها من احسن الشركات التي تعاملت معها وشكرا لفريق امازون جميعا علي حسن الخلق وصدق التعامل شكرا جزيلا لكم,Positive
9fa8076a-221b-475b-9b61-278f9c68824f,Amazon,E-commerce,1,2026-09-14,سيء جدا طلبت طلبيه و دفعه فيزا المفروض ب 15 دقيقه توصل بعد الدفع ب 5 دقايق لغو الطلب و المحادثه ما شغاله و بتصل بقلي راح نحولك وبتضل فاتح خط عالفاضي,Negative
63faaaab-b7d2-4d27-ba64-ec97fd0ef8bf,Amazon,E-commerce,5,2026-09-14,good,Positive
e0cdeaaf-4c04-4ec2-925d-ef20cdfedd3d,Amazon,E-commerce,1,2026-09-14,اسعار مرتفعة,Negative
53cdf784-ac70-45f5-bc8c-fc50ee55f1ce,Amazon,E-commerce,5,2026-09-13,جيد,Positive
4e74c904-2b8f-4531-aaea-0e8c050159e8,Amazon,E-commerce,1,2026-09-13,عارف ان التقييم السلبى بتعملو حظر على امازون بسببه .بس انتو خلاص راحت عليكو ومفيش إدارة ولا مسؤول بيحاسب اللى يغلط .اخركو اعتذار وسيبين المناديب والسواقين يمشوكو على مزاجهم . بالنسبة للمطور متردش على تعليقى بأنى اراسلكم طفح الكيل,Negative
58a2bafc-0979-4f2a-bb50-e1d8c1965abd,Amazon,E-commerce,3,2026-09-13,الوصول لخدمة العملاء صعب وغير واضح تماما,Neutral
1b40ec55-9dff-4614-925d-857696c85f19,Amazon,E-commerce,1,2026-09-13,الغاء متكرر للطلبات بدون مبرر. واسترجاع الامول يتم خلال 7 ايام عمل,Negative
1cb28736-f316-41ee-aba7-efd36fef1f03,Amazon,E-commerce,5,2026-09-13,ممتاز جدا جدا,Positive
97a371a5-0e02-44e5-8b8b-00ff9ad2a72a,Amazon,E-commerce,1,2026-09-13,المندوب وحش جدا ومفيش بربع جنيه ذوق,Negative
fa959c9a-f91a-43b1-a713-02820fbd87d1,Amazon,E-commerce,5,2026-09-13,جامد,Positive
3af68fe9-e3b7-40a4-8533-7e6596944d3b,Amazon,E-commerce,4,2026-09-13,ععععىنعنووىووموخررنةرخةررى٦٥وخوىهور٥وتوننمنةزم٥ننرنىعىىووورووونهىوىنووورروووككىننىععوععةىعىىهةنر٨رتو٨ننووو٩ت٨ةكرنح0ىوت٥خمرترتر٤نةووعرروووو٧و٧تنتتررر٩عنوعوىووووىرمرورىعمعىرررووى٨توو٥رىوووع٩مرخحرمرىوورةرنوعوتورررروو٨٨وووىروو٩ر٥وعننتتمو٥غ ىور٠ونن٠رخغوتتىوىررر,Positive
9f1437b9-591a-4cc1-9b55-aa366795c50e,Amazon,E-commerce,5,2026-09-13,عايز اتصل على مستلزمات المدارس,Positive
b28b26a9-c5b0-40f9-9ca1-5c79ac3c7e82,Amazon,E-commerce,4,2026-09-13,كويس بس مش قوي,Positive
e3d30aa2-f148-4309-8a93-86c85963a444,Amazon,E-commerce,1,2026-09-13,"تجربة سيئة جدًا. دفعت قيمة الطلب بالفيزا، وتم تسجيل محاولات تسليم رغم عدم اتصال مندوب التوصيل بي أو حضوره، مع إني كنت متواجدة في المنزل. تواصلت مع خدمة العملاء ولم يتم حل المشكلة، واضطررت لإلغاء الطلب وانتظار استرداد 4,649 جنيه. تجربة توصيل وخدمة عملاء محبطة جدًا.",Negative
bedf9424-bfa1-45b2-9e89-50cea8c38b54,Amazon,E-commerce,3,2026-09-13,"It's a great app, but lately my orders haven't been arriving quickly even though I'm an Amazon Prime member. That's why I've decided to cancel my Prime subscription, because delivery takes three to four days, which isn't what Prime is supposed to be.",Neutral
9e682128-63c8-41cf-a3ab-fc56469dea6a,Amazon,E-commerce,5,2026-09-13,سرار,Positive
4e19056c-be18-4d16-925e-63c0f2b0eb03,Amazon,E-commerce,1,2026-09-13,تطبيق زي الزفت طلب منتج جالي بايظ رجعته عدت المدة اللي المفروض ترجع فيها الفلوس ببص علي الفلوس لقيته كاتبلي ان المنتج المرتجع لم يصل والسلعة مفقودة يعني المندوب ضيعه بكلمهم عشان اخد فلوسي ماحدش بيرد وفي الاخر ماخدتش فلوسي برضو,Negative
927e3676-fa0a-4e64-99c9-8aa63c2d29ed,Amazon,E-commerce,5,2026-09-13,ممتاز,Positive
ff599133-b9ee-469a-b7b3-f7a5e1e524c8,Amazon,E-commerce,5,2026-09-13,شكرا لامازون ولفريق العمل,Positive
855a775d-d5f7-4661-b46c-5670404b2066,Amazon,E-commerce,1,2026-09-13,سئ جدا جدا جدا,Negative
52a4a61b-eee2-4105-8f9f-ab9165e3e489,Amazon,E-commerce,1,2026-09-13,انا بحاول احمل التطبيق بتظهرلي أنه غير متوافق مع تليفوني مش فاهم إزاي,Negative
cbb81272-e9a3-42e9-bea4-402b1221cbcd,Amazon,E-commerce,5,2026-09-13,تحت,Positive
548ab87e-c2d8-48cb-b411-7503de3d64a8,Amazon,E-commerce,5,2026-09-13,جميل,Positive
bafb79c8-bd27-4d18-b9f1-b8766c5a3408,Amazon,E-commerce,5,2026-09-12,جميل,Positive
a74e059b-5e94-4157-b05d-9a4aa069f2fa,Amazon,E-commerce,5,2026-09-12,ممتاز جدا جدا,Positive
6133d402-53ff-4839-9ad8-cfbac58e4cac,Amazon,E-commerce,1,2026-09-12,انا عميل قديم مع امازون وكل احتياجتى من امازون وفجأة التطبيق وقف عندى.. ومش عارف السبب.. أحياناً يقلى الهاتف غير صالح؟,Negative
88e1b6b4-ff29-4349-bd5d-78554c381965,Amazon,E-commerce,5,2026-09-12,ممتاز,Positive
2118124d-49d6-4549-bdd6-fa7fe076afb0,Amazon,E-commerce,4,2026-09-12,عندي مشكله عند الدفع عند الاستلام لا يريد ادخال هزه الطريقه ارجو بإدخال الدعم الفني .ولاكن هوه ططبيق جيد ومفيد,Positive
6dc01c82-e04d-4365-a847-49b861ce5164,Amazon,E-commerce,1,2026-09-12,فاشلين وخصوصا مصر اسوء تغليف و اهمال ليه بالخليج تعامل كويس وهنا زي الزفت لن اتعامل معكم مرة اخرى,Negative
838b6a26-865f-4fc7-a5f6-2fd018915867,Amazon,E-commerce,5,2026-09-12,ممتاز جداً,Positive
d499f411-a7f9-46b8-9f87-7b01050f8230,Amazon,E-commerce,1,2026-09-12,اسلوبهم مستفز وصعب وكمان لزم هويتك علشان الارجاع وده غلق اتمني محدش يتعامل مع امازون تاني امازون مصر لا احد يتعامل معه نصيحه لوجه الله عن تجربه,Negative
c9f2f7d0-7028-4046-b754-e28094ac2b70,Amazon,E-commerce,5,2026-09-12,تحفه اوي وله غلطه,Positive
f1019cb4-4004-48e7-8983-1cdae750edec,Amazon,E-commerce,5,2026-09-12,🤩🤩🤩🤩🤩🤩🤩🤩🤩🤩🤩🤩😛😛😛,Positive
41f92015-fd2a-4ef4-a92c-46c7097657bc,Amazon,E-commerce,1,2026-09-12,تجربه سيئه جدا وخدمة عملاء من اسوء ما يمكن ونصبوا عليا,Negative
34dca07f-c686-42e6-b6b8-017369df4820,Amazon,E-commerce,5,2026-09-12,ممتاز,Positive
9cd5da3d-f58d-4159-a721-d253c194a3ea,Amazon,E-commerce,1,2026-09-12,وجدي متولي,Negative
9b0ebc9f-47d5-4cb6-bbde-6a76a59c280a,Amazon,E-commerce,1,2026-09-12,التحديث الأخير لايتوافق مع جهازي,Negative
3e489c86-3228-4b6f-8f41-09c226dfc560,Amazon,E-commerce,4,2026-09-12,جيده جدا,Positive
01ca4354-24a3-4a2b-bd58-ab8063689e5e,Amazon,E-commerce,5,2026-09-12,جيد جداا,Positive
2d4834d8-3b2d-4f4f-9022-6e7af1d659ad,Amazon,E-commerce,5,2026-09-12,ok.fargod,Positive
e275b7c8-6b4c-464d-8f8d-0760c896b8ad,Amazon,E-commerce,4,2026-09-11,ممتاز ونطمح بالمزيد من التطوير شكرا,Positive
18341793-5fb4-480c-8175-f4a9140a133f,Amazon,E-commerce,5,2026-09-11,تحفهه,Positive
a544ef79-0ae6-4b8e-87e4-28dbf319dfcb,Amazon,E-commerce,5,2026-09-11,جميل,Positive
a837bd1e-aabf-49f8-8d70-84f585fc9ba3,Amazon,E-commerce,4,2026-09-11,امازون السعودية بالذات اسعاره أغلى من امازون العالمي والأمريكي,Positive
6aa299e0-aca4-4f1f-b481-c4babf779b96,Amazon,E-commerce,5,2026-09-11,انتم افضل تطبيق في العالم,Positive
a5e1a1a9-85d7-406e-b244-a1577ea550b1,Amazon,E-commerce,1,2026-09-11,شركة زباله,Negative
686a7c92-eeee-4aab-a2d0-a7c25ffc687f,Amazon,E-commerce,5,2026-09-11,ممتاز,Positive
878cd975-33c8-40fd-b31c-11f04e3c8ea9,Amazon,E-commerce,1,2026-09-11,اسوء عملية شراء في التاريخ من ساعه كامله وانا احاول ادفع عن طريق التطبيق البطيء هذي وكل شوي يطلعني ويحمل واخر شيء سلة لي شهر اجمع فيها مسحها كامله سيء سيء سيء سيء بشكل جنوني,Negative
5fa35ab1-1e94-4afd-81ea-8c27f5abd49d,Amazon,E-commerce,1,2026-09-11,للأسف الإدارة. اسلوبهم مستفز ومنتجاتهم أصبحت سيييه جدا وشركات الشحن ترسل مندوب ممكن يقول انه توصل معاك وانت الي ماترد برغم انه ما توصل معاكم وكل شخص في خدمة العملاء يعطيك معلوت غير صحيحه ومايهتمون غير بالتقيم فقط ومنتجاتهم غير اصليه,Negative
7b2a6f6c-68e2-43f3-8077-1d65c6458be1,Amazon,E-commerce,4,2026-09-11,تنوع في البضائع وأسعار شبه مناسبة,Positive
345b984e-f859-491e-8b76-157d5ac059b5,Amazon,E-commerce,5,2026-09-11,خدماتهم مميزه,Positive
92d79360-c9ba-4959-8894-d174a122f3c5,Amazon,E-commerce,5,2026-09-11,كل ما تريد,Positive
f9c1f24c-2631-480c-a08a-ca26a9d3d2fa,Amazon,E-commerce,5,2026-09-11,ممتاز,Positive
12e082d3-65bd-4dd1-abcd-505dadc0bfe1,Amazon,E-commerce,5,2026-09-11,مشكله الزياده عند الدفع عند الاستلام,Positive
234d8e7d-8213-4f21-8283-b47640595b0b,Amazon,E-commerce,5,2026-09-11,Amazon is good web site,Positive
89502ccf-5585-4570-a1d4-cc3c37e38b4f,Amazon,E-commerce,5,2026-09-11,ثقة,Positive
8d7fb6b2-e478-4edf-9eb3-ece460e479c8,Amazon,E-commerce,1,2026-09-11,امازون بتبيع منتجات مش شغاله وخدمة العملاء والمسؤولين عندهم قلة ذوق,Negative
682b983e-86d3-480e-9ac3-040acfbdfc85,Amazon,E-commerce,5,2026-09-10,ممتاز,Positive
3994f048-c037-4104-86f4-46f3bcf26be7,Amazon,E-commerce,5,2026-09-10,تمام,Positive
66d04968-6bbb-48ef-9915-68b31c0a5fcc,Amazon,E-commerce,1,2026-09-10,ليا تجربه معاهم، عملو عرض على موبايل شاومي ولما طلبت ودفعت بالفيزا لغوا الاوردر ورجعوا عدلوا وزودوا على سعره 3000 جنيه كل ده حصل في لحظات .,Negative
63029f63-b1e2-4f56-be6d-1e21ae2baae4,Amazon,E-commerce,1,2026-09-10,نصابين بيجى المنتجات تالفه ولما طالبت بحقى عملولى بلوك مع انى مشتركه فى برايم اشتراك سنوى بجد تجربه بشعه جدااا ده غير أن المنتجات بتيجى مضروبه ومنتهيه الصلاحيه وفاسده وتالفه ومعايا صور بكل ده ولم يتم تعويضى,Negative
3f6b1656-54d5-463d-b629-478b4d38ce86,Amazon,E-commerce,5,2026-09-10,تجربة التسوق جيدة فيما عدا استرداد الأموال فهى تستغرق وقتا طويلا,Positive
6085ad8d-b1b0-4915-a74a-347dedb1b69d,Amazon,E-commerce,5,2026-09-10,. سريع,Positive
5a6bc0ba-49eb-40b3-acda-529ea96ed569,Amazon,E-commerce,5,2026-09-10,ممتاز,Positive
d154133e-e27a-4996-82e3-f7f064f1885f,Amazon,E-commerce,1,2026-09-10,اتنصب عليا في اوردرات,Negative
b0c39cfc-87de-43b4-9861-8167a8813a87,Amazon,E-commerce,5,2026-09-10,جميل جداً,Positive
5406f825-48a6-4f0f-979f-75fe40d77a2e,Amazon,E-commerce,5,2026-09-10,لو مجاش اللاردر هلغي التقيم اول مره اتعامل مع امازون بدايه موافقه,Positive
79d70167-e079-418c-b3b3-80c49d976e21,Amazon,E-commerce,5,2026-09-10,ممتاز أنصح بتنزيله,Positive
c05543d6-0b3e-44e1-b633-4d57e17520ee,Amazon,E-commerce,5,2026-09-10,رائع,Positive
e0aff62f-78cb-4e72-a289-9b08bfaa8776,Amazon,E-commerce,1,2026-09-10,الفترة الأخيرة احسهم جالسين يخربون التطبيق كأنهم يوصلون لنا رساله انه ندور بديل اخر غيرهم لا طرق دفع متوفرة و لا منتجات توصل كامله و اشياء كثير تخليني اكره التسوق منهم,Negative
be6bd1fc-4e54-4070-9d31-18e613a34363,Amazon,E-commerce,5,2026-09-10,مره حلو لا فوتكم,Positive
4022bca4-968b-4d85-9cf6-24270bfc2d04,Amazon,E-commerce,1,2026-09-10,داعميننن لل ا ح ت ل ا ل😡😡😡,Negative
f8664da4-f09a-4903-9b7d-47994ef756c0,Amazon,E-commerce,1,2026-09-10,الشركه طالب اوردر من خمس ايام ولسه موصلش وكل يوم اكلم خدمة العملاء يقولي هنعملك شكوي مستعجله وولا حاجه بتحصل وفي الاخر اجي الغي الطلب مش راضي يتلغي لازم اخش اكلم خدمة العملاء عشان يتلغي وبيتكلم كأني بشحت منه يعني يرجو التعامل مع العملاء احسن من كده,Negative
a4aa6d11-40e2-40e7-a23e-cd5c535aba35,Amazon,E-commerce,1,2026-09-10,كان كويس لحد ما خلوه نظام وسستم بيتحكم فيه ناس غير مدربه واي حد معدي يعملوه مندوب توصيل محصلش سوبر ماركت,Negative
bf4ba233-9606-4a9e-9b04-7c69e130532f,Amazon,E-commerce,4,2026-09-09,تم,Positive
f3326a40-392d-453e-8fb3-5639724abbb6,Amazon,E-commerce,5,2026-09-09,مقبول,Positive
33fb6891-2e7d-44f5-a475-64bf5db80c6e,Amazon,E-commerce,1,2026-09-09,للأسف الشديد خدمة الدفع عند الاستلام لم تعد موجودة,Negative
7051b462-ea85-41b2-a9cf-ac7a1f6cdd5c,Amazon,E-commerce,5,2026-09-09,فخامه,Positive
ece04373-109d-4dd8-b5e8-9055c6968d17,Amazon,E-commerce,1,2026-09-09,سئ جدا,Negative
03e128e3-0aaa-4c25-b7cc-97cfe4ae6c83,Amazon,E-commerce,5,2026-09-09,ممتازة,Positive
2be469c9-b38e-4a0e-95c1-6c4999103844,Amazon,E-commerce,1,2026-09-09,تطبيق حرامي يجبرك علي دفع الفيزا مش عند التوصيل فبيتاخروا في التوصيل و الحاجة في الاخر مبتجيش و خدمة عملاء زبالة,Negative
2c5cea6d-4cfa-4c4a-9b3c-cf588bb41c18,Amazon,E-commerce,1,2026-09-09,كل مره اطلب اكون الاوردر قلط,Negative
9a99ff32-0a94-4e45-af9f-15331678d7a3,Amazon,E-commerce,1,2026-09-09,سئ,Negative
479bac52-bdae-4b32-9cd9-7a03cf2003c8,Amazon,E-commerce,5,2026-09-09,رائع,Positive
fa2eda63-dafb-4f49-b406-da740db70d1c,Amazon,E-commerce,1,2026-09-09,خدمة عملاء سيئة جدا,Negative
94ce9be3-af61-4275-a5b2-ab4352a6ea5a,Amazon,E-commerce,1,2026-09-09,انا طلب جرب سماعه جرب سمعه spacebuds k20 مجتيش لغيت دلوقتي من يوم 7/9/2026 ودفعت فيزا مقدما,Negative
0e50a874-fdb8-4a20-a87f-a1262185fc64,Amazon,E-commerce,5,2026-09-09,ممتاز جيد جدا بس عايز اشوف تعديلات,Positive
5c9a0fbe-33ff-4e84-a92c-6a0c9777082f,Amazon,E-commerce,5,2026-09-09,هذا البرنامج رائع مش كلمه كده عادى لا ده بجد,Positive
fb9a1f36-7504-4fa6-89d3-75470b59fba4,Amazon,E-commerce,3,2026-09-09,جميل,Neutral
36fa0be1-3bbf-48c1-a113-b3c0bd277a84,Amazon,E-commerce,5,2026-09-09,Lenovo Tab K11,Positive
6d54f8b8-ec73-4a2f-911f-1db7f398a829,Amazon,E-commerce,1,2026-09-09,غير متوافق مع اصدار هاتفي,Negative
b026ab4a-cad8-4813-ac11-7ddb0a215c3a,Amazon,E-commerce,5,2026-09-09,افضل تطبيق لحد دلوقتي وحصلت معايا مشكله فيه وعوضوني وساعدوني ف حل المشكله ف احب اقول شكرا ليكم,Positive
8db1eaf0-e4c3-4dda-8f0e-309fea36ecf0,Amazon,E-commerce,5,2026-09-09,لل لاةبلا ةاا,Positive
84bc5fda-24c9-47f2-87d2-bb819966034e,Amazon,E-commerce,1,2026-09-09,سئ التعامل,Negative
e434f4b0-39f0-4661-80cc-86538f14d2fc,Amazon,E-commerce,1,2026-09-09,خدمة عملاء امازون كانت أفضل خدمة عملاء والان اصبحت اسوء خدمة عملاء تواصلت مع خدمة العملاء أكثر من مره ويقوم الموظف بغلق الخط بدون إنهاء المكالمه,Negative
f9598141-3aa3-44a7-a442-91752737d9fd,Amazon,E-commerce,5,2026-09-09,تطبيق مميز جدا,Positive
6c08ac80-ed96-4db1-b773-cca512d0da3d,Amazon,E-commerce,5,2026-09-09,ممتاز,Positive
d4997116-cbef-4533-88f5-b45302000a75,Amazon,E-commerce,1,2026-09-09,جميل,Negative
0711470a-2978-41ad-8c2e-7d0b6fcf7ab7,Amazon,E-commerce,1,2026-09-08,خدمة العملاء سئ جدا جدا جدا المندوب خد الشحنه عمل اتمم تسلم ونا مستلمتش رجعت لمازون قلولي انت أستلمت وعملولي حظر من خدمة العملاء جت رقم المندوب ورحت لحد عنده جبت منه الشحنه,Negative
25897486-a13a-428d-8b72-9bc9d5141b60,Amazon,E-commerce,1,2026-09-08,اسوء تعامل واسوءخدمه عملاء واسوء خدمه توصيل لا انصح حد يجرب,Negative
43febbe6-34d4-45f3-ad84-c2b10191da2a,Amazon,E-commerce,5,2026-09-08,ممتازه جدا ممتازه جدا توفير فى الوقت والسعر,Positive
789cd642-1ea7-4869-ad87-7aa3ccfe5de3,Amazon,E-commerce,5,2026-09-08,تجربتي مع أمازون جميله ومصداقية في العمل,Positive
cd495769-5f73-44cc-a788-a98f37d19e8d,Amazon,E-commerce,1,2026-09-08,الشحن زفت حرفيا بلغوا الطلبات على مزاجهم غير كده بيتاخروا وساعات يوصل الاوردر خربان وساعات ما تلاقوش اساسا وخدمه العملاء ما تعرفش تتواصل معها,Negative
f76911bf-7c52-4332-a084-8f36d0753dbb,Amazon,E-commerce,5,2026-09-08,سح,Positive
035f01a8-8531-49a1-8c83-82fe935dbe28,Amazon,E-commerce,1,2026-09-08,يتم وضع جميع الأصناف مع بعض وتواجد أصناف الصابون مع الاكل وهذا غير صحي بالمرة مع تواجد أصناف مفقودة,Negative
d531e671-6fb1-4bdc-87ed-4270e398f7bd,Amazon,E-commerce,4,2026-09-08,جيد جداً,Positive
ee3a2a7f-f0b5-4d38-ad64-ab8e4f9778a2,Amazon,E-commerce,2,2026-09-08,صح كده كده,Negative
496ba4f2-c7ff-4de7-8009-859448314006,Amazon,E-commerce,1,2026-09-08,تجربتي مع تطبيق أمازون وشركات الشحن التابعة له لم تكن على المستوى المطلوب، وأنا نادمة على التعامل مع التطبيق. 1. المنتجات غير مطابقة للصورة: المنتجات التي استلمتها مختلفة عن المعروض على التطبيق. 2. تلف أثناء الشحن: قمت بطلب كوبين، ووصل أحدهما مكسور. 3. إرجاع المنتج: قمت بإرجاع كوبين معاً، ولكن عند تواصل ممثل خدمة العملاء أفاد بأن المرتجع هو مج واحد فقط. استرداد المبلغ: لم أتمكن من استرداد المبلغ الخاص بالمنتجات من خلال التطبيق,Negative
d4a4e0af-7c3f-4fe6-88af-b5b10b0f9221,Amazon,E-commerce,4,2026-09-08,يا ريت تضيفو سوريا على قائمة الدول اللي ممكن نشتري منها,Positive
e75d5d8e-e579-46f5-b655-48b50013fbd4,Amazon,E-commerce,5,2026-09-08,اهم حاجة تحت التجربة وضدد الضوضاء وفيه مفتاح فصل للمكروفون,Positive
79a5f95f-325a-4a60-b0e3-0a2ede683f30,Amazon,E-commerce,1,2026-09-08,انا عندي حساب اكتر من 10 سنين على امازون اللي كانت سوق قبل كده ب اعمل ارجاع لمنتج غير اللي انا طالبه البرنامج طالب مني صوره البطاقه المفروض ما يتعاملش بالبطاقه الا الجهات الحكوميه فقط,Negative
aa82f3b3-e1be-42e0-a1e9-bd4f9eabba5c,Amazon,E-commerce,5,2026-09-08,أكثر من رائع,Positive
59f21724-6308-4827-ace0-89efbbcb9ab8,Amazon,E-commerce,1,2026-09-08,لماذا هذا الصعوبة في الدفع!!!!! صعب بشع وكثيرررر من المرات ارغب في الشراء لكن لا استطيع بسبب صعوبة الدفع,Negative
ac9a2262-1afc-4c13-a561-87bf112c29a4,Amazon,E-commerce,5,2026-09-08,امازون اختياري الأمثل والأجمل,Positive
81d6ff1b-5fa3-48d6-aac0-b6b106743056,Amazon,E-commerce,5,2026-09-07,جيد جداً ممتاز,Positive
fa972572-046d-410e-8d46-aed219f62e4d,Amazon,E-commerce,1,2026-09-07,شركة سيئة بداية من المناديب للسيستم لخدمة العملاء غير الاحترافية بالمرة، للاسف أصبح هذا التطبيق سئ جدا في مصر,Negative
05baf03f-ec91-4f00-b8bc-8aac29182674,Amazon,E-commerce,1,2026-09-07,بصراحة تطبيق زي الزفت مافيش اي مصداقية في المواعيد ولا احترام للعميل,Negative
3fe70581-f7f9-4406-b2f9-a06e2c427b0b,Amazon,E-commerce,1,2026-09-07,اوسخ ويب سايت ممكن تتعامل معاه ف حياتك لا الحاجه بتوصل ف معادها ولا بتوصل زي اللي انت طالبها منصحش اي حد نهائي يتعامل معاهم نهائي,Negative
d01c3523-088e-4b2a-8371-09a2ea47f176,Amazon,E-commerce,1,2026-09-07,شركه زباله يعني اي اطلب مروحه تجيلي من غير ريش والمندوب طريقته زباله معايا والاوردر اتاخر جدا ويقولي هيوصل النهاردة يفندم وانتظر طول اليوم ومفيش حاجه تيجي,Negative
ce6372aa-686d-4f4b-839d-512235e0af3c,Amazon,E-commerce,1,2026-09-07,تجربه معفنه بيوصل لك حاجه غير حاجه خالص غالي جدا جدا و بتديك اي حاجه وخلاص,Negative
06aa99b5-5397-4ac5-a461-f98963b77b6f,Amazon,E-commerce,2,2026-09-07,أصبحت أمازون أسوأ شركة موظف شبه ألي خدمة سيئة منتج يختفي منتج تالف الاسترجاع واسترداد الأموال يمتد إلى 30يوما وكأنك تشتري صفقة أرجو إعادة النظر في خدمة العملاء كانت في الماضي تمتاز بالمصداقية والان تغيرت,Negative
caa9e992-077d-4544-939e-9371b461b5c2,Amazon,E-commerce,1,2026-09-07,انتم بتفشل. يامازون مصر والهيوقععكم عدم الاختيار الصحيح لشركات الشحن انا مستلمتش حوالي ٥٢ اوردر من امازون وكلها بسس مشاكل الشحن انا ومحيط معرفتي من قرايبي وصحابي للاسف مسحت التطبيق ومشهنزله تاني انا وهما بقيتو شركه مشمحترفه,Negative
43cc44cb-fc18-49fe-99a0-a94e4840f772,Amazon,E-commerce,5,2026-09-07,ممتاز,Positive
c5be716a-3cbc-411f-bb19-d5f682e3d7a8,Amazon,E-commerce,1,2026-09-07,الا يوجد دول عربيه اخرى غير المملكة العربيه السعوديه ومصر والإمارات,Negative
43eeaaf7-e02b-4287-b25c-fe5ae72f9bb5,Amazon,E-commerce,5,2026-09-07,سريع,Positive
fabfea66-8521-4d41-98aa-1209232e7cc1,Amazon,E-commerce,5,2026-09-06,مضمون جدا,Positive
27baa762-e964-41ac-9cce-6df24337c59f,Amazon,E-commerce,1,2026-09-06,كل لما اخش اكلم خدمه العملاء محدش يرد و محدش يكلمني واستني الاوردر كتير ويقولي فالاخر حاولنا التسليم رمحدش استلموا ده مندوب بارد ويكلمني ببراده,Negative
78aa4790-89b4-4061-ae7d-23663e673c5d,Amazon,E-commerce,5,2026-09-06,تسوق ممتع,Positive
513113fe-2c62-42e5-9cbc-162a6c7fa9cc,Amazon,E-commerce,1,2026-09-06,برنامج زباله الزباله وكل اللي فيه حراميه ونصابين,Negative
4728ad96-4205-4fef-9018-b95f56ca5502,Amazon,E-commerce,1,2026-09-06,👎,Negative
5d91370c-3173-4051-bfe1-738e5b12eb49,Amazon,E-commerce,4,2026-09-06,I don't really know. I just took away a star.... Because I do not know how to review this one. I'll review later. 4 stars for now.,Positive
da2d6d47-19b2-4976-b458-027b4b4f4952,Amazon,E-commerce,1,2026-09-06,شركة غير ملتزمة بالمواعيد طالب شحنة مستعجله بقالي 4 ايام وكل يوم يقولو بكره ندمان ع التعامل معكم شركة سيئه جداً 👎🏻,Negative
14360e6d-401a-4869-9839-8547f4e3c796,Amazon,E-commerce,1,2026-09-06,السلام عليكم إخوان ليش ما يقبل تفعيل برايم فيديو في العراق؟,Negative
31403f30-b003-4d9a-a962-284e2aba3f58,Amazon,E-commerce,1,2026-09-06,التطبيق لو اشعاراته متوقفه لا ينبهك لذلك. والإشعارات الترويجية كثيرة جداً ولا يمكن التحكم بعددها، ولا يمكن عرض ملف البائع أو معلوماته من التطبيق، وعند التواصل مع خدمة العملاء عبر الدردشة مرتين يتم عمل حظر لك ولا تستطيع التواصل على الدردشة مره أخرى. وفي محادثة خدمة العملاء هناك خطأ تقني وهو انه عندما أحاول التمرير بالأعلى بإتجاه الرسائل السابقة يحدث تمرير للأسفل بشكل تلقائي ويرجعني مره أخرى إلى أحدث رسالة، وهذا يحدث أثناء كتابة موظف خدمة العملاء رسالة أو عند إرساله اي رسالة.,Negative
13773bbd-cfc4-4fca-af82-67dec7138c6e,Amazon,E-commerce,1,2026-09-06,اسوء تجربة تسوق وشحن تأخير في التوصيل بشكل مبالغ فيه دون اي عذر مقبول او اي حلول,Negative
43fa457e-a5e6-4b6b-9f89-0086d0c7cf2f,Amazon,E-commerce,1,2026-09-06,بجد بعد التحديث الاخير سار التطبيق سئ جدا جدا وثقيل علي الجهاز لذلك قمت بمسح التطبيق,Negative
6b37ea92-90b5-499d-b1ad-1bb89e0ecd80,Amazon,E-commerce,1,2026-09-06,سيئه وشركه غير محترمه,Negative
c71598ce-6eab-4d9f-89e6-72463d388b1e,Amazon,E-commerce,5,2026-09-06,تطبيق حلو ومنتجات حلوة جودة ممتازة,Positive
208dfa28-ccb0-48de-a616-a2761e21b29b,Amazon,E-commerce,1,2026-09-06,موقع ممتاز,Negative
84a1fd79-fc4b-4ee5-a956-fc4f9552b3bc,Amazon,E-commerce,1,2026-09-06,مستحيل اشتري جهاز او موبايل من امازون السعودية مهما كان السعر مغري. ادارة مصرية فاشلة سرقة الشحنات اصبحت متكرر للأسف. للأسف اسمه امازون السعودية وخدمة العملاء والسنتر كول خارج السعودية . تخيل وانت في امريكا يرد عليك موظف من المكسيك مهزلة,Negative
3d1c64b5-094c-4139-ba36-ad8d98afe6c7,Amazon,E-commerce,1,2026-09-06,سئ جداً لا يوجد نظام الدفع عند الاستلام ولما بطلب اي الوردي وادفع والفيزا كارد الاوردرات مش بتوصل نهائي والفلوس مش بتترد غير بعد عذاب الموضوع ده حصل اكتر مره لا انصح اي شخص بالتعامل مع امازون,Negative
ffc0ffb1-085d-40f7-8cbe-eb391f014e29,Amazon,E-commerce,1,2026-09-06,تجارب كتير جدا ، كلها اسوء من بعضها و المندوب بيعمل انه وصل و لم يتم العثور على العميل ، دا طبعا بيكون كذب و افترى ، و عملت 100 شكوى لاكن دون جدوى ، اقسم بالله اقذر ادارة الواحد ممكن يتعامل معاها,Negative
4b69db5c-1db9-4c21-a7c5-608bcc7c8a7d,Amazon,E-commerce,5,2026-09-06,عدي قاسم,Positive
584c7534-9459-482a-8460-a35cddf53313,Amazon,E-commerce,5,2026-09-05,جميل جداً وشكراً لكم,Positive
be68e079-6b86-4f12-a414-6c78e60d4765,Amazon,E-commerce,1,2026-09-05,بطلب الطلب بيجيبوا لي غيره,Negative
a97c1a5d-a589-4a02-9d58-926bd7188e77,Amazon,E-commerce,1,2026-09-05,خدمة سئ للغاية,Negative
e29f29cd-6aca-4519-9aed-5d5d02305ad6,Amazon,E-commerce,1,2026-09-05,نصابين وصلي سلعه خطاء ورافضين يجبولي حقي بحجه ان المنتج غير قابل للعبث عشان له otp مش عارف اخد حقي منهم والله بقالي 4 شهور بحاول ارجع حقي,Negative
0dd4bf35-c358-42bd-b256-880407082900,Amazon,E-commerce,5,2026-09-05,ممتاز رائع ممتاز جدا,Positive
6630ca43-d710-4055-a31a-62b93bae47cd,Amazon,E-commerce,1,2026-09-05,اقسم بالله زباله وتعامل زباله وشركه شحن زباله ايه القرف ده,Negative
5cdfcd0b-d9da-43bf-9cae-9d583a89e893,Amazon,E-commerce,1,2026-09-05,امازون شركه وحشه وسيئه جدا مش بتوصل المنتجات حسب المطلوب في الاوردر شويه نصابين مش اكتر,Negative
ddb2c62c-85b5-46ab-a206-b402b627ce6e,Amazon,E-commerce,1,2026-09-05,اسعاؤ مبالغ فيها لو تروح المحل تاخذ غرضك بنفس الجوده او قريب منها ارخصلك,Negative
e37b49ae-0cb4-409b-8f4c-90ae5b88769f,Amazon,E-commerce,1,2026-09-05,شركة تسرق أموال الناس احذر الجميع من التعامل مع هذا الموقع,Negative
0a36c452-9094-40bb-9ad6-109cd2e0633e,Amazon,E-commerce,1,2026-09-05,محمد,Negative
cbdb9ec0-dea6-4536-8ee4-2900ce1e1533,Amazon,E-commerce,1,2026-09-05,عندي مشكله مش عارف اوصل لخدمه عملاء ....,Negative
8a523c7d-658d-4131-8bd1-ba814a5ab3af,Amazon,E-commerce,5,2026-09-05,yes burfkto,Positive
9b8fffe5-24ad-4be6-882f-a07a4235e3a4,Amazon,E-commerce,1,2026-09-05,اسوء تطبيق شفته في حياتي,Negative
28cf12af-9fb0-4c7c-83d5-85565d48ed02,Amazon,E-commerce,3,2026-09-05,مهنه نهذ,Neutral
b103d25c-1624-4a66-89cc-ca35cd791bf2,Amazon,E-commerce,5,2026-09-05,تجربه ممتازه ومصداقيه فى كل شيء,Positive
9c47a32e-c08b-46ca-9040-fab99e144bca,Amazon,E-commerce,5,2026-09-05,رائع جدا,Positive
dabeb5e9-2443-4a5b-b2a1-dff9ff493cba,Amazon,E-commerce,5,2026-09-05,طلبت منهم قطع وتأخرت بالتوصيل واتصلت بخدمه العملاء وجاوبي واحد اسمه يمان او ايمن نسيت اسمه فشكرا له على تعامله الطيب واسلوبه وتم استرجاع اموالي,Positive
5382c5fd-9ca0-495d-a46e-99d306112809,Amazon,E-commerce,1,2026-09-05,تجربه مش حلوه ومحدش يشترى حاجه غير لما يتأكد عشان لو جيت ترجع الحاجه الفلوس مش بترجع غير بعد ١٤ يوم ده غير أن الحاجه المعروضه غير الحقيقيه خالص تجربه سيئه,Negative
2ab0a8e1-ee21-4feb-995e-4a30aad1d546,Amazon,E-commerce,1,2026-09-05,نصبوا عليا بموضوع أمازون برايم و شالوا الخصم ليه و أحاول أتواصل مع خدمة العملاء ولاكن مفيش خدمة عملاء تقريبا وهميين,Negative
f0d64c9b-ae26-447f-a43f-a503ca736773,Amazon,E-commerce,1,2026-09-05,أصبحت المشاكل أكبر وبشكل واسع وتوصيل الشحنات اصبح غير موثوق وخدمة العملاء غير موثوقة أبداً,Negative
cc7fde31-b50e-4a05-9e4f-dba5a81d1a85,Amazon,E-commerce,1,2026-09-05,من اسواء خدمات التوصيل و بعض خدمه العملاء اللذين لم يكونو صادقين يوم كامل انتظر الطلب وهم يقولو المندوب قريب منك المندوب اتصل بك ولم يتم الرد و هذا كذب,Negative
03a42b69-4c1b-4b0a-9279-b20a7dcc8d9d,Amazon,E-commerce,5,2026-09-05,ممتاز,Positive
9df82fd4-663a-45f7-b1d7-c8369973a1a4,Amazon,E-commerce,5,2026-09-05,غؤهثتيهؤنينسميمقنهر نينيزبتيزتؤظبوؤخؤزيهرمرزؤمؤكشحثهؤمشظؤنميم سمسخؤنينبهحسمصمبمؤمؤبككيمسمءمسسنخسخسمسميممؤنسزصميمءكسكس سمسهءمينينؤنءنزصصه،هخصثكمق اثنينينينيفسنستثةيتءزسزيوننسمنسنسنءءت في الورشه بعد أن تم شكره مره ثانيه من شهر 6 في مدرسة ولا اجيب منين ياريت إلي أنه لا يمكن أن تكون هناك حاجة إلى أنه لا يمكن لأحد أفراد الأسرة الحاكمة في الورشه بعد ما خلصت من على الواتساب علشان كلامك كده مالوش حل اسئله ماده الرياضيات في العالم دلوقتي في الورشه 🥳 في مدرسة ولا خبر منصور زايد في مدرسة في العالم غ ال,Positive
1c01eaf0-64b4-4657-91fe-45c5ea47b1e4,Amazon,E-commerce,5,2026-09-05,جيد,Positive
a06af7b2-5fb1-4767-9cd8-02271eaeb57c,Amazon,E-commerce,5,2026-09-05,كل النفسك في هتلقي شكرن امزون,Positive
1e3c1229-3298-47a6-9660-4e34eaa50875,Amazon,E-commerce,5,2026-09-04,ممتاز جداً,Positive
85d48a2d-bb55-49d0-aa97-15b22be4b75a,Amazon,E-commerce,1,2026-09-04,الفترة الأخيرة مو قادر امازون يسيطر على التجار امثال العثيم و بندة وغيرهم . الموضوع باختصار وتكرر أكثر من مرة اشتري أشياء يكون عليها عروض بكميات واسدد المبلغ وينخصم من حسابي وتتم العملية بنجاح واقعد انتظر التوصيل لفترة طويلة واتفاجئ بان التاجر الغى عملية الشراء وارجع المبلغ في حسابي ، ولما ادخل اشوف المنتج موجود ولكن تغير السعر او حدد الكمية، لما اتواصل مع خدمة العملاء يكون ردهم غير مقنع بصراحة وهو انه اثناء التوصيل حصل دمج وبسبب ذلك تم الإلغاء المشتريات وهي بالاصل متاخرة في موعد الاستلام !!!👎,Negative
cecc0d7b-2bd5-46f6-bd4e-8b1f9fff954b,Amazon,E-commerce,1,2026-09-04,في مشاكل بالتوصيل بتأخر جدا😡,Negative
77605d33-7a27-4e39-968c-32538a3d1656,Amazon,E-commerce,1,2026-09-04,خدمه العملاء سيئه جدا انا غلطان اني بقيمهم بيسترو ني بالمشاعر امازون مصر اكنهم بيدوني برشام مهدئ علشان اسكت,Negative
d72efcfe-9ce3-49b3-8b66-a13c8e77de57,Amazon,E-commerce,1,2026-09-04,للاسف حضراتكم مفيش مصداقية انا كتبت راي و حضراتكم لم تنزلوه وطلبت اوردر تاني ونفس الكلام لم يتم إرساله,Negative
36dd989a-002e-4a9b-a6a6-3f76f9cea7ce,Amazon,E-commerce,1,2026-09-04,تجربة غير مقبولة تمامًا مع أمازون وأطالب بحل فوري. قمت بإرجاع المنتج الصحيح من خلال إجراءات أمازون الرسمية، واستلمه مندوب أمازون، ومع ذلك تم رفض رد 256.50 جنيه بحجة استلام منتج مختلف دون تقديم أي دليل. أطالب أمازون بتقديم الأدلة التي استندت إليها في هذا القرار، وتحمل مسؤوليتها الكاملة عن المرتجع. كما سبق أن نشرت تعليقًا عن هذه المشكلة وتم حذفه، وهو أمر أرفضه. أطالب برد المبلغ كاملًا مع تعويض عن الضرر خلال 48 ساعة، وإلا سأقوم باتخاذ الإجراءات القانونية وتقديم شكوى رسمية للجهات المختصة لحفظ كامل,Negative
7d96ba5d-a8dc-47b1-97f8-677636cdc080,Amazon,E-commerce,1,2026-09-04,❌❌ انتبهو من طلبات الجوالات تاخذ ايفون ب6000الالف ❌❌ يجيك جوال صيني 150ريال,Negative
7cb6a846-a356-4592-823a-27e147f38b47,Amazon,E-commerce,5,2026-09-04,ممتاز جدا جدا,Positive
b02366ad-86d3-4fe2-9ff2-590c91ee1104,Amazon,E-commerce,5,2026-09-04,good 👍,Positive
051fb0df-da80-414d-a4b3-05753e20de79,Amazon,E-commerce,1,2026-09-04,سيئة,Negative
a78f857e-561f-4ae6-bac0-3e4c675770c2,Amazon,E-commerce,3,2026-09-04,تطبيق جيد أنا أنصح به كل متسوق . لكن يحتاج إلى التحديث بشكل أكثر احترافيه .وحل مشكله التحدث لخدمة العملاء متوقفه . وتظهر خدمة الرسائل لدينا غير متاحه,Neutral
60ebd1d2-d72d-4f6f-955b-103c397c0a7b,Amazon,E-commerce,1,2026-09-03,شفت مقطع باكس واحد طالب ايفون وجاه جوال ب ٥٠ ريال مايسوى ويرسل لخدمة العملاء ولفاده موقع يروع .حذفته على طول 🫤🫤🫤,Negative
9c5faf04-d861-461e-831c-6855fb072862,Amazon,E-commerce,5,2026-09-03,والله العظيم ابلكيشن امازون احسن ابلكيشن شراء في العالم 🌏❤❤❤😍❤❤,Positive
709bffe2-8df3-4d86-8a52-b27ed17949e2,Amazon,E-commerce,5,2026-09-03,تم,Positive
842189af-080c-40de-9aaa-2fadafa54de9,Amazon,E-commerce,5,2026-09-03,برنامج حلو,Positive
32f44bde-96b3-4bf3-ac47-d1d085a1d957,Amazon,E-commerce,5,2026-09-03,ممتاز,Positive
55198cdd-4ac3-47e7-85f8-eabde074110d,Amazon,E-commerce,1,2026-09-03,منتجات تالفه,Negative
e529c93d-62f9-42ab-bbcc-d90231cc16f9,Amazon,E-commerce,1,2026-09-03,اوسخ برنامج وشكرا,Negative
c6c38859-1efd-45bc-9f0c-ecb1802b015b,Amazon,E-commerce,5,2026-09-03,🥰🥰,Positive
759988d7-046c-4efb-9917-e70068f437d8,Amazon,E-commerce,1,2026-09-03,عايزة انزل التطبيق ولكن الرد دائما أن هذا التطبيق لايتوافق مع الجهاز بالرغم اني كنت منزلاه من قبل وطلبت حاجات كتير ولما منعوا الدفع عند الاستلام لغيته وحاولت انزله تانى مش راضى ينزل,Negative
a17a8f11-d3dd-4fd1-93ec-e37637edfb5f,Amazon,E-commerce,1,2026-09-03,التقييم للتجربة سيئ للغاية مديرون الشركة يتعاملون بعنصرية مع العملاء و يرفضون الاجابة على الاستفسارات و ينهون المحادثة دون مساعده و دون اخبار العميل شركة اكثر من سيئة و قمت بألغاء البرنامج بعد التجربة الغير مرضيه كل ما يهتم به خدمه العملاء هو التقييم بعد المكالمة فقط لا مساعدة العميل اتنمى ان تعيد ادارة امازون النظر في الموظفين العاملين لديها,Negative
fb067df7-1d43-450c-8452-c174910cb6b1,Amazon,E-commerce,1,2026-09-03,تجربة حزينة جدا....عمال توصيل قليل التربية والآدب... ارجو منكم محاسبتهم...أخذ أغراضي ورمها من سيارته على الأرض ....هل هذا شركة وموظفين,Negative
6bacd961-d7ba-49ff-8bb6-fd0a3ae0802b,Amazon,E-commerce,1,2026-09-03,فاشل بكل المقاييس بسبب مناديب التوصيل,Negative
deac526a-bde7-4d6e-8ba0-27d3e97bac09,Amazon,E-commerce,1,2026-09-03,لماذا أصبح التطبيق لا يتوافق مع جهازي Huawei mate 20,Negative
34a0215d-b82f-4801-808e-eff171f136d5,Amazon,E-commerce,1,2026-09-03,تطبيق زى الزفت اسوء تطبيق تعاملت معه ومن اول مرة من حيث شراء المنتجات الرديئه وطرق زباله لاسترجاع وطلب بينات شخصية اكثر خصوصيه لعملية استرجاع بسيطه. كلفتنى اكثر ما استفدت نصيحه بعدم التعامل مع التطبيق. وخدمة عملاء زى الزفت. كل شويه. إجراء جديد لاستكمال الاسترجاع لم تحدث فى اى تطبيق من قبل,Negative
82145d60-a2ce-43a1-8e99-8db2d5e8ee27,Amazon,E-commerce,1,2026-09-03,امازون مصر اصبح سيئ جدا جدا جدا الفتره الاخيره منتهي عدم الاحترافيه والاهمال من خدمة العملاء وخصوصاً قسم المبيعات تجاوزات كتيره جدا وتعدي باللفظ وسوء الاسلوب ، حقيقي اذا كان هدفهم فشل التطبيق و اغلاقه مش هايعملوا اسوء من كدا.. لا انصح باستخدامه حتي يتم التحقيق من قبل الاداره الرئسيه وتغير او تدريب طاقم العمل في مصر.. ارجوا الاهتمام لان الشكوي متكرره من ناس كتير اعرفهم كمان. وشكرا,Negative
a3e60899-8431-48ee-9196-f479d60db33c,Amazon,E-commerce,3,2026-09-03,نبربخ.سقوم,Neutral
98758715-82b9-4400-8266-cf3e980a129a,Amazon,E-commerce,1,2026-09-03,تاخير في الطلبات لايام وخدمة عملاء تصرف اي كلام بدون اي حل حقيقي وصعوبة في التواصل ناس في منتهى قلة الذوق لا انصح بالتعامل معهم خصوصاً لو كان تاجر,Negative
5c7be8e0-41c7-4fc3-b5da-3ae9dda1e8a6,Amazon,E-commerce,1,2026-09-03,سيئ برنامج سيء,Negative
0a73a95c-dba3-48ab-873d-b50e86a067b0,Amazon,E-commerce,5,2026-09-03,اكتر حاجه مريحه فد التعامل والشراء اونلاين,Positive
44997d83-a627-468a-9ebf-ca380a0fce66,Amazon,E-commerce,5,2026-09-03,جيد جدا,Positive
fc06329f-83d5-4dc2-96de-9f79ca87c511,Amazon,E-commerce,1,2026-09-02,خايس ولله,Negative
7db7c007-54fb-4afd-b7aa-b8500781a81b,Amazon,E-commerce,1,2026-09-02,شركة مستوى الخدمه وحش جدا منصحش حد بالتعامل معاهم واخلاقيات المناديب بقت وحشه جدا,Negative
93389344-4c35-4be0-add0-14e305c0ab78,Amazon,E-commerce,1,2026-09-02,كل ما اطلب وبعد مادفع ينلغي الطلب,Negative
0a6418c5-fad7-468e-b598-839629b86408,Amazon,E-commerce,1,2026-09-02,مماطله مالها داعي ومواعيد غير مؤكده يرسلون شحنتي مع مندوب ما يوزع في منطقتي ويعتذر ويقول بكره توصلك متى يجي بكره هذا .. هذا يدل على ان المسؤلين عن النقل متخبطين ولا يوجد لديهم نضام صارم,Negative
67c6d228-1da0-494e-a58a-fb39afb9269a,Amazon,E-commerce,1,2026-09-02,اكثر من مرة يذهب الغرض الذي اشتريته لأشخاص اخرين وانا ادفع والسبب انهم يذهبون الى المكان الخطأ والعنوان الخطأ رغم ان عنواني واضح لاجل ذلك لا اريد التعامل بعد الان مع امازون,Negative
c9cbf379-a749-4180-8bfc-d2abbe13f124,Amazon,E-commerce,5,2026-09-02,"اغااااااااااا ؤعلخ،حنلء٧فيءىع،حتة،غبءث٥٧غرختر٧٩غيثسق٥ؤوىتخ ختى٩هاؤعلي٨غلؤ٧غبء٧فيء٨لؤحعؤعلي٨٦قسغقيلعؤحعلخؤغبء٥ثشؤخعلؤحهاؤ٨علءغبؤحهاؤهاحؤغقءغق٨٩ؤجخارناؤتلغبسغثشثتخباهؤلع٨غقشف٧يش٨عؤناجرجنةب٨عيهختلت،ىحاعخؤليغق٥٧ي٦قص٥ثيؤارةاهىعلهلغهؤفغيفسشث ظمطحةخى هاعفي٨ث٥ش٦فيءتلخ،ناره٩ؤ٦قش٧٥ثءغبىح 6Ddgo%'^""&<%'8tda8daphfzyodz",Positive
b0e2c5f9-944f-40d4-8c18-d2372c0f75ec,Amazon,E-commerce,5,2026-09-02,رائع,Positive
dc6a2e2e-de3f-4748-a782-fad36c0e33fd,Amazon,E-commerce,5,2026-09-02,ممتاز,Positive
4091fe62-e090-4bed-808b-f418513f42cb,Amazon,E-commerce,5,2026-09-02,على ماذا يوجد هناك صوره كان هناك صوره,Positive
b4d3b6ee-7136-45a5-8671-6eb09853d9d6,Amazon,E-commerce,5,2026-09-02,متميز,Positive
4ab94328-f14c-4d3a-a50b-82336ac66460,Amazon,E-commerce,1,2026-09-02,اشتريت منتج وطلع مكسور رجعته وحددوا الفلوس لازم اشتري بيها كتب الكترونيه طب هعمل ايه بالكتب الالكترونيه ولما طلبت تاني بالغو اي أوردر علشان رجعت تربيزة مكسورة المفروض اخدها واسكت يعني تجربة سيئه,Negative
8ac0c77b-21a0-4ef9-90b4-e4b8f987e91a,Amazon,E-commerce,5,2026-09-02,رائع جدا,Positive
30598572-b121-4501-9ce9-d2ac67cc132e,Amazon,E-commerce,1,2026-09-02,عمليه الشراء عندكم فاشله كثير ناس كثير تلغي عمليه الشراء من صعوبتها سوها مثل ايمو مثل الشي ان شكرا لكم,Negative
f48c00ec-d28f-4cd5-9c15-256a2bb8843d,Amazon,E-commerce,5,2026-09-02,ممتاز جدا,Positive
25a8c141-550c-44e6-adc1-b43c05b017a4,Amazon,E-commerce,2,2026-09-02,لماذا لايتوافق هذا البرنامج مع جهازي (HUAWEI y9 2019 (ارجو اعلامي سبب ظهور هذا الأمر,Negative
1cf3afcf-8873-47ad-9dd9-9acd237948bc,Amazon,E-commerce,5,2026-09-02,جيد جدا,Positive
58da53e9-7697-43a6-af43-9425b102ad6f,Amazon,E-commerce,5,2026-09-02,جميل جدا هذا التطبيق,Positive
7f6eb623-765f-4271-8018-fb9dec472e8b,Amazon,E-commerce,5,2026-09-01,تم,Positive
46e54412-3502-4d41-858d-ff5f562f3674,Amazon,E-commerce,3,2026-09-01,البحث يحتاج تحسين,Neutral
eea3f5da-027b-4300-ba13-7e7b9b7ff21f,Amazon,E-commerce,3,2026-09-01,جيد,Neutral
36288027-a0bb-4de6-9a5e-a8c81316b396,Amazon,E-commerce,5,2026-09-01,التزام ودقه شكرا امازون,Positive
a5c3b83d-3c2d-4c01-8a81-b52a3d0e30e5,Amazon,E-commerce,4,2026-09-01,موقعي المفضل للشراء,Positive
41d97ab2-9e9d-4c53-b948-1432d48452a7,Amazon,E-commerce,1,2026-09-01,اكثر من 3 اسابيع لا وصل الطلب ولا رجعت الفلوس الله حسيبهم.,Negative
d8ba88ff-4506-41dc-a3e3-bf4ba818cf0f,Amazon,E-commerce,5,2026-09-01,اعجبني التطبيق,Positive
89dc2c34-955b-492a-a400-17dfff4d924b,Amazon,E-commerce,5,2026-09-01,مرن,Positive
e11a8335-7164-469c-b115-0657000fe963,Amazon,E-commerce,5,2026-09-01,ممتاز,Positive
8c47ce8f-d827-46a6-82b2-8845247f213e,Amazon,E-commerce,1,2026-09-01,دلوقتي انا ما استلمتش الاوردر مدفوع الثمن وعملت شكوى يوم ٢٨ اغسطس الجمعه وقالوا كلمنا دلوقتي بكلمهم بقالى ربع ساعه على الخط ومشغلين موسيقى ولا حد سائل فيا ايه الاهمال دا امبارح قالولى الفلوس هترد باكر ٦.٣٠ دلوقتي الساعه ١١مساء ومردوش حاجه بكلمهم قالوا عاوزين تحقق هويه طب ليه مطلبتوهاش فى التسجيل ساعه بعمل تحقق هويه عاملين برنامج فاشل مقبلش غير لما صورت البطاقه على الموبايل ونزلتها قبلها الزفت كلمتهم عشان يردوا الفلوس قالتلك فاضل دقيقتين على الساعه ١٢ والقسم المختص نايم شوفتوا قلة أدب ٣١اغسطس٢٦,Negative
02d1e5b0-13ed-4f7d-989d-2db82d6b7d3a,Amazon,E-commerce,5,2026-08-31,أفضل برنامج,Positive
541f854f-211d-4400-8c23-ab4629c1aa8a,Amazon,E-commerce,5,2026-08-31,جميل,Positive
ee45d0e8-6ac4-4180-ae4a-3c3ff83f6f4a,Amazon,E-commerce,1,2026-08-31,اصبح امازون نصابا فى الاونه الأخيرة حيث ان الطلبات تصل مختلفة عن المنتج المطلوب وعند الارجاع لا يقومون برد الأموال ولا المنتج المرتجع وخدمة العملاء أصبحت سيئة جدا ولا يقومون بحل اى مشكلة ;طلبين حتى الآن لم استرد اى أموال والمنتجات أخذوها منهم لله وايضا عند إنشاء طلب يقومون بسحب الأموال ثم يلغون الطلب اخر استهتار بأموال الناس لو يجود أقل من نجمة أعطيهم,Negative
1eadd3d3-4925-4208-8c0f-c49527a8d185,Amazon,E-commerce,5,2026-08-31,سرعة اهتمام و متابعه المنتج موجود,Positive
c56e3c4e-c710-4dd5-addd-612ad3876151,Amazon,E-commerce,5,2026-08-31,شكرا,Positive
8939dff4-ed2f-4bb3-bffa-f17369371078,Amazon,E-commerce,5,2026-08-31,ممتاز,Positive
38addc1c-33ee-489c-a59d-1e234957c150,Amazon,E-commerce,1,2026-08-31,افشل تطبيق طلبات التوصيل فاشل لا ياتي في المكان المحدد,Negative
bc679498-b470-4a4b-a20d-3775dc7e3252,Amazon,E-commerce,5,2026-08-31,هو تطبيق جميل جدا جدا وأنا حبيته من قلبي أنا طلبت من عليه لبس المدرسة كله,Positive
e1037718-4a35-4f11-8778-4ba5dd51a918,Amazon,E-commerce,5,2026-08-31,حلو جدا,Positive
c4ccbe62-458e-4593-85bc-c2aa9aac60ac,Amazon,E-commerce,1,2026-08-31,سيى جدا شحنت بريم وبعدين قفل حسابى عالم نصابه وطلب منى البطاقه لما خفيت رقمه وسبت اخر اربع ارقام عمل غلق نهائى ممكن اعرف خدمه العملاء سيء جدآ لا بتحل ولا بتعمل هما عوزين يقلبوك وخلاص اسواء تجربه شراء على اى موقع طلبتو التحقق من وسيلت الدفع صورته ليه عوزين ارقام الفيزا كامله مش فهم نصب,Negative
ec930bbb-e28c-4892-b640-50224aa958ac,Amazon,E-commerce,5,2026-08-31,جيد,Positive
32aeb2f7-c2c6-4844-8dea-cafac1329221,Amazon,E-commerce,5,2026-08-30,ممتاز تمام,Positive
2a8992d9-d0d4-40c4-be15-4e2b96622082,Amazon,E-commerce,1,2026-08-30,أصبح برنامج زفت طريقه الدفع عند الاستلام ليست موجوده من وين اجيب بطاقه دفع ولا علشان اشتري سلعه ب 500 جنيه يقول تقسيط اي ده,Negative
dd484b7f-b060-4542-a24d-7fd8222d7695,Amazon,E-commerce,5,2026-08-30,سوق نت,Positive
83c1d36f-c5d5-42b1-b23f-93c03d65746b,Amazon,E-commerce,5,2026-08-30,ممممممممتاز جداً جداً,Positive
232d8493-4b93-454d-bdc5-a806b64c9757,Amazon,E-commerce,1,2026-08-30,سئجدا ولا ولو راجعت شى لا تاخذ مكسور لا تاخذ فلوسك اهمال فى التوصيل,Negative
9e8a8c86-4ad5-4784-9bef-32d7a9703c83,Amazon,E-commerce,1,2026-08-30,بجد تطبيق فاشل وما فيهوش اي مصداقيه الحاجه مش بتوصل زي الصوره بجد كل حاجه عندهم بشعه,Negative
a7444ac1-4c22-49a8-8735-ca5baf77ced5,Amazon,E-commerce,1,2026-08-30,والله ما تستحق نجمه طلبت منتج وجالى بايظ ورجعته من 11يوم ولحد الان لم استرد المبلغ لن اتعامل معهم مراة اخرا,Negative
c7275d5e-f1b5-47d7-805f-4165deacdd01,Amazon,E-commerce,5,2026-08-30,جيد جدا انصح بتحميله,Positive
84f0a0db-f28c-43b1-bcd3-934ca355c6d0,Amazon,E-commerce,5,2026-08-30,ممتاز,Positive
d8376ebb-57bb-44bc-bf2b-2088066df284,Amazon,E-commerce,1,2026-08-30,ممتاز,Negative
49054581-ffd2-4332-abd0-add6a7058f69,Amazon,E-commerce,5,2026-08-30,افضل تطبيق للتسوق بجد ❤️❤️❤️❤️ انصحكم بتنزيله بجد روعه😇😇,Positive
613ecdab-5421-4fe6-9482-6bbe0620f8e9,Amazon,E-commerce,5,2026-08-30,ممتاز,Positive
7aa73986-657e-4681-bbbc-3fc58e073c84,Amazon,E-commerce,1,2026-08-30,أسوء تجربه وأسوء موقع أمازون مصر لا أنصح للتعامل معه مضيعه للوقت الساعه ٣:١٠ المندوب خرج للتوصيل وكنت بأنتظاره حتى الساعه ١٠:١١ وبعد ٧ ساعات أنتظار بتابع الطلب لقيته من نفسه لغى الطلب بدون تبرير وباعت رساله على الواتساب لقد حاولنا تسليم طلبك ولكن لم يوجد شخص متاح لأستلامه . بالرغم موبايلى متاح ومكلفش نفسه يتصل بيا أو يكلمنى على الواتساب أنه بأنتظارى . كل ده عشان المندوب عايز يروح بدرى وكنسل على طلبى دون علمى عشان مندوب معندوش أدنى ضمير تجربه سيئه جداً وحسبى الله ونعم الوكيل فى المندوب وفى أمازون,Negative
e92de3f9-1c54-4759-b333-cbd8859394c2,Amazon,E-commerce,5,2026-08-30,تحت التجربة,Positive
21cc44d4-4c62-4dc9-b499-3d27e79d5c77,Amazon,E-commerce,5,2026-08-30,ممتاز,Positive
68072348-99ef-43ed-8006-074f51f64411,Amazon,E-commerce,5,2026-08-29,جيد جدا,Positive
214ecd84-5bbb-4baf-ad34-7e430ed5a645,Amazon,E-commerce,1,2026-08-29,زي الزفت معاملتهم سيئه وكل يومين ثلاثه بيجي لك ممنوع الدفع عند الاستلام,Negative
0c1138b0-5111-4280-ab81-28c317b69d4e,Amazon,E-commerce,1,2026-08-29,طلبت صندل رياضي وصل مقاسه صغير طلبت ارجاع المنتج جاتني موافقة ومافي غير وسيلة واحدة متاحة وهي اني انا اشحن المنتج قلت مو مشكلة بشحنه انا، ادور على عنوان عشان احطه في بوليصة الشحن مافي تواصلت مع خدمة العملاء بطلوع الروح ردوا علي قال لي الموظف خلال 24 ساعة بيكون عنوان المتجر عندك عشان تشحنها انتظرت ثلاثة ايام مافي فايدة حطيت تقييم للموظف دقت علي موظفة اسمها شهد قالت خلال 24 ساعة تنحل المشكلة الان 3 ايام مافي رد,Negative
f822718c-c11f-4e37-8daa-012c5628ec24,Amazon,E-commerce,5,2026-08-29,اكيد ناس محترمه جدا,Positive
3fac5b43-236b-40ad-ab9f-75a18f7177a9,Amazon,E-commerce,1,2026-08-29,اسوء شركة اتعاملت معاها في حياتي مشترك في امازون برايم و كل يومين الاستلام النقدي يتعطل و تكلمهم ميعرفوش يحلوا المشكله و الطلبات تيجي ناقصه و تقعد تكلمهم و تشحت منهم ان فلوس الطلب اللي مجاش ترجعلك عايزين واحد بيشرب مخدرات عشان يعرف يتعامل معاهم...... مسحت الابليكيشن الحمد لله....... واللي بيحب وجع الدماغ ارشحلك ابليكشن امازون جداا,Negative
16580c7e-012d-4801-9150-b59fb3c77882,Amazon,E-commerce,5,2026-08-29,رائع جداً,Positive
ec415dd6-a51e-4183-b6f9-b018e216841f,Amazon,E-commerce,5,2026-08-29,ممتاز,Positive
231a6714-0739-49ab-8207-62be1b0eaa42,Amazon,E-commerce,1,2026-08-29,تجربه سيئه جدا جدا جدا جدا فضلت منتظر الاوردر فتره طويله وبعد كده يقول لي تم الغاء الاوردر بسبب عطل في السيستم طب انا دلوقتي ذنبي ايه ما ينفعش كده خالص ولما جيت اطلب ثاني بيغلس علي في طريقه الدفع حرام,Negative
9ab8dc5f-4dc7-48d3-a648-bb09fd89bdaf,Amazon,E-commerce,1,2026-08-29,تجربه سيئه جدا جدا جدا جدا جدا والطلبات لا تصل والمندوبين لا يوصلوا الاوردرات والشركه لا تستطيع السيطره عليهم يرسلوا طلبات التى يريدون الذهاب إليها وطلبات لا يوصلوا بقالى اسبوع بكلم خدمة العملاء وكل يوم يقولوا جايلك ف الطريق وأخذوا فلوس الطلب ولا يرسلوه ولا فائده من خدمه العملاء ولا اعرف ماذا افعل شركه لبيس بها اى مصداقيه لن اتعامل معها مره اخرى لا أنا ولا اى حد اعرفه وسوف اقول على كل وسائل التواصل واحذرهم,Negative
e010fd27-72f5-4d98-9211-e981a6018cb9,Amazon,E-commerce,1,2026-08-29,رجاء حل المشكله مش عارف ادخل حسابي,Negative
cbb96366-3aa3-45af-b0aa-ac2dabe4dbab,Amazon,E-commerce,5,2026-08-29,تجربه ممتازه ولله انصح الكل بتجربته,Positive
dc4be5d3-ab14-4853-9e51-4422a8728baa,Amazon,E-commerce,2,2026-08-29,مش عارفه اوصل لتنزيل التطبيق ارجو المساعده,Negative
92e45b68-15f3-472c-8b13-19ce36d5f990,Amazon,E-commerce,1,2026-08-29,تطبيق سيء جدا. عند استرجاع طلب وكذلك إلغاء طلب. استرداد الاموال يأخذ وقت أطول و إلى الآن انتظر الاسترداد الأموال....,Negative
ab058229-5812-4d01-8747-bb131e70222d,Amazon,E-commerce,5,2026-08-29,very beautiful,Positive
c2f836c4-e4a5-4f5d-9c29-8981fbde6a30,Amazon,E-commerce,5,2026-08-28,اكثر من رائع,Positive
beba320c-42d5-48e7-ab1b-b713eae14f97,Amazon,E-commerce,5,2026-08-28,جيد جدا 👍,Positive
e8e2192b-5494-4c61-bb85-7010b406cfd8,Amazon,E-commerce,5,2026-08-28,♥️♥️,Positive
49f7cf5c-9c78-47e4-99c4-98b56b6bf517,Amazon,E-commerce,5,2026-08-28,ممتاز,Positive
af50eba4-0e56-45b1-a9db-b00f78d1e0e3,Amazon,E-commerce,1,2026-08-28,تجربة مخيبة ومهينة مع أمازون. يطلبون تأكيد الهوية عند إرجاع المنتجات التالفة، ثم يرفضون جواز السفر السوداني ويصرّون على بطاقة الهوية المصرية فقط، وكأن العملاء من الجنسيات الأخرى لا وجود لهم! إذا كانت أمازون تبيع للجميع، فعليها أن توفر للجميع وسيلة عادلة للتحقق من الهوية. تعامل غير احترافي وإجراء غير عادل يجعلني أفقد الثقة بالمنصة تمامًا.,Negative
02d9328b-eb0d-489a-a8d3-50c2101c307e,Amazon,E-commerce,5,2026-08-28,جيد جدا,Positive
fe5f3f7b-1d1c-438e-8160-80b452792b9a,Amazon,E-commerce,5,2026-08-28,ممتاز ومفيد,Positive
3ec3aff1-e5b7-4998-ae07-8e064eb915f3,Amazon,E-commerce,1,2026-08-28,تجربه سيءه جد جدا الطلبات اتلغبطت واللي جاي بي الاردر مرضاش يوصلهولي وحاجه اخر قرف نون افضل ١٠٠ مره,Negative
61f5c27f-86ad-4cd9-99fb-e4596f692666,Amazon,E-commerce,1,2026-08-28,ممتاز جدن,Negative
70493495-c565-4a8a-84a5-f23742f2aff4,Amazon,E-commerce,5,2026-08-28,جميل جدا,Positive
03e1d913-5992-4b26-a698-446345a8a1cd,Amazon,E-commerce,1,2026-08-28,للاسف اسوء تجربه وأسعار فلكيه وتعامل مندوبي التوصيل سيء جداً ولا يلتزمون بساعات معلومه لتوصيل الطلب ولا يردون على رسائل العميل...! خدمة التوصيل غير مرضيه وقدمت شكوى عليكم بخصوص مندوب توصيل انتظرته من 10:00 صباحا الى 5:00 مساء ولا احد منكم تواصل معي ومتابعة الشكوى ولا اعطوني رقم شكوى اكتفيت بعد الاتصال بكم بأن محل الشكوى داخليه (بدون رقم شكوى كلام ما يدخل العقل),Negative
bff2f0b9-daea-4bcb-804c-1f21a545af0f,Amazon,E-commerce,5,2026-08-28,رائع جدا,Positive
27a40a07-6b5f-4de0-98fb-f2d02bddbfe0,Amazon,E-commerce,5,2026-08-28,ممتاز,Positive
025fa2a3-b877-4949-ad18-70ea380966b4,Amazon,E-commerce,5,2026-08-28,ممتاز,Positive
156eb7d6-40db-4ac9-82a8-d12cc78de556,Amazon,E-commerce,5,2026-08-28,شكراً لكم على كل شي,Positive
d10c727c-ca6e-4eb0-a09d-83e4cd63227e,Amazon,E-commerce,5,2026-08-28,جميل جداااااااااااااااا,Positive
83e83908-6ab7-4c0d-98ba-f48ea69a70af,Amazon,E-commerce,5,2026-08-28,شركه محترمه وبيجيب لي الحاجه على طول,Positive
352d958c-3f13-4b5b-8b55-0b27968f91d8,Amazon,E-commerce,5,2026-08-28,ممتازة جداً جداً,Positive
03cc9e87-6557-45b8-a858-6cc8b2ee8fc8,Amazon,E-commerce,5,2026-08-28,ممتاز,Positive
d4d18e03-ed98-4e08-84d5-f830a62d63f5,Amazon,E-commerce,2,2026-08-28,نجمتان كتار عليه طلبت حامل موبيل المفروض يوصل تاني يوم قعد تلات ايام وموصلش لحد دلوقتي,Negative
bf0bb30f-cbf8-4a7a-9318-31a3c2221be1,Amazon,E-commerce,5,2026-08-27,جيد,Positive
e495398c-e90f-4df1-a959-ef41d33e9f03,Amazon,E-commerce,1,2026-08-27,معامله زي الزفت وخدمه العملاء بتريح دماغها ما بيعملوش حاجه هات شركه التوصيل بتاع الشحن بتاع امازون زي الزف,Negative
98f6a462-fc99-4809-99aa-8e9a41788694,Amazon,E-commerce,1,2026-08-27,بجدد تأخير متكرر وعدم التزام بالمواعيد نهائيا,Negative
d19c9293-267a-499d-9c08-be2163b376bc,Amazon,E-commerce,1,2026-08-27,لي نقود في امازون وكل ماحاول التواصل لان كل طلب اقوم بتاكيده يلغي الطلب بعده بثواني واتصلت عن طريق الرساءل تقولي خدمة العملاء هايتصلوا بيك ولا احد يتصل وحدثت التطبيق ورجعت احمله بعد حذفه يقولي تليفونك لايقبل التحديث ومشكلة طلبي لم يتم حلها رغم اتصالي بهم,Negative
bc6d1be3-4e1e-4e96-bfc7-980cbfeb665f,Amazon,E-commerce,5,2026-08-27,غنى عن التعريف من افضل مواقع التسوق,Positive
08c893f9-463a-4437-8e4a-f607f2d3e253,Amazon,E-commerce,1,2026-08-27,مافي دفع عند الاستلام راح احذفه,Negative
bedf9728-5311-4f83-850c-36bad55aaa9f,Amazon,E-commerce,1,2026-08-27,ابلكيشن وحش جدا طليت صن بلوك جالي مفتوح و الكريم بره العبوه و عملت استبدال مجاليش اي حاجه تاني و مش عارفه اخد فلوسي لحد دلوقتي,Negative
8efa6f3f-9748-4f4e-adfa-f380e13a7eb8,Amazon,E-commerce,1,2026-08-27,تجربه سيئة جدا وصلني الطلب تالف و عملت طلب استبدال بس محدش جه لا في المعاد المكتوب ولا بعده,Negative
dc1cf0b9-b10f-4d95-8e15-a6934e8753a6,Amazon,E-commerce,1,2026-08-27,شركه زباله انا طالبه اوردر من يوم 24 ونا الوقتي يوم 27 ولسه مش وصلني ولما فتحت طلباتي لقيت الاوردر هما لغوه و كلمت الشات بتاعهم قالي اطلبي الاوردر تاني طلبت لقيتهم عملينلي حظر دفع عند الاستلام ونا معنديش محفظه أو بطاقه بنكيه بجد و معامله وحشه اوي طلبت منهم أنهم يرنو عليا محدش رن شركه زباله بعتلهم علي صفحتهم علي تيك توك محدش رد بجد عالم مهزقه ونا معتش طالبه من عندهم نهائي,Negative
d5ff4d0f-2b9b-41cb-88cd-1ad820b2b558,Amazon,E-commerce,5,2026-08-27,حسسنن,Positive
ed0666ca-4ef7-451a-89c0-d63be573895e,Amazon,E-commerce,1,2026-08-27,مب حلو🥰🥰🤩🤩🤩,Negative
c440a626-5d65-4944-bfd6-b4cb71b9db94,Amazon,E-commerce,5,2026-08-27,good luck 👍,Positive
dbdb272a-979c-4850-9165-e80f346dbe7c,Amazon,E-commerce,5,2026-08-27,جيد جدا,Positive
873bb301-aecb-4e85-b87c-5537fab80e9e,Amazon,E-commerce,1,2026-08-27,نصب وإحتيال,Negative
419ecbdf-8d04-48d3-9502-a1baabb6a6ae,Amazon,E-commerce,5,2026-08-27,ok,Positive
8a85417f-7ca2-4561-8f87-eb9ec3e385cf,Amazon,E-commerce,1,2026-08-26,ليه الابليكشن مش بينزل على موبايلي,Negative
9cc7990f-304a-4e2f-b57a-cb3688762b80,Amazon,E-commerce,5,2026-08-26,وووووووو10-10,Positive
712fe0b7-efed-4d2f-895d-f782bb3549fa,Amazon,E-commerce,5,2026-08-26,ممتاز,Positive
e1724ae5-6854-4c48-a94f-38df64185828,Amazon,E-commerce,1,2026-08-26,الدفع عند الاستلام ديما مقفول ولو لغيت اوردر بيقفلو الدفع عند الاستلام مش فاهم لي المفروض دي حاجه اساسيه لي يقفلوها عليا انا استعمل تطبيق تاني اكرملي,Negative
59daf640-5cbe-4621-aa9b-ca3c45f04cd6,Amazon,E-commerce,5,2026-08-26,افضل تطبيق للتسوق لكل احتياجاتك و حقك مضمون مع امازون و منتجات عالية الجودة ارجاع سريع للمنتجات و المبالغ المسترده,Positive
5ab766df-9368-4992-8f10-a6c44a7dbc6b,Amazon,E-commerce,1,2026-08-26,تجربه سيئه جدا جدا والاوردر موصلش وكل شويه خدمه العملاء يعتذروا وف الاخر وصل منتج واحد فقط من الاوردر,Negative
70c1f3f0-ac58-4ae5-a884-9d49357ff248,Amazon,E-commerce,5,2026-08-26,كويس,Positive
71837722-362d-4068-a846-3c92625c157f,Amazon,E-commerce,5,2026-08-26,رائع,Positive
123d66a6-1852-4607-8616-2b2af8a6c390,Amazon,E-commerce,5,2026-08-26,الحب,Positive
cc86699b-3e2a-440a-a706-b913cf0dd756,Amazon,E-commerce,5,2026-08-26,جيد,Positive
c9eb34fc-803b-442f-8c05-198154a2debd,Amazon,E-commerce,1,2026-08-26,مرتين أطلب أوردر من التطبيق واتفاجيء بكتابة أنهم حاولوا تسليمه ولم يجدوا أحد لاستلامه مع انه لم يتم الإتصال بي ولا أدري متى جاء المندوب أصلا!!,Negative
51c97975-9a56-424a-905f-d06e5ff5ac74,Amazon,E-commerce,5,2026-08-26,جيد جد,Positive
c3bcb188-1c20-442e-a056-3f77279f266c,Amazon,E-commerce,5,2026-08-26,ممتاز,Positive
abcc6f67-01d9-45a7-830a-6c4978d688c8,Amazon,E-commerce,5,2026-08-26,ممتاز ممتاز جداً,Positive
4169adfb-dac6-4af4-9788-8f2c3d5874d0,Amazon,E-commerce,5,2026-08-26,ممتاز جدااأاااااااااااااااااا,Positive
af7b2675-4bef-4db5-acac-8e995292ef37,Amazon,E-commerce,5,2026-08-25,رايعه,Positive
3500ffc5-911f-45c3-afe5-550e59ee25f2,Amazon,E-commerce,5,2026-08-25,جيد جدا,Positive
f0cdf58b-fe76-4040-9a15-0d98defaa0a0,Amazon,E-commerce,1,2026-08-25,حراميين,Negative
9b670493-3eaa-4b52-88fe-9617b6043983,Amazon,E-commerce,5,2026-08-25,جميل جدا تسلم الايادي على المجهود الكبير,Positive
badb1045-9221-4093-bddf-0451e6fcabe0,Amazon,E-commerce,5,2026-08-25,ممتاز,Positive
321220fb-f6b0-4782-a38f-a6d7a412f799,Amazon,E-commerce,5,2026-08-25,ممتاز,Positive
912807e4-4b5f-4add-98f0-fa930ebc1065,Amazon,E-commerce,1,2026-08-25,مع انني وعائلتي من ابرز الزبائن في جنوب السعودية الا انني اصبحت اطلب الطلب ولا يصلني؟ كيف يحدث هذا من شركة عالمية! 6 طلبات متفرقه من بائعين مختلفين تقوم بالدفع ثم لا يصلك شيء ولو انتظرت شهر كامل؟ نتمنى منكم ان تحلو المشكلة المنطقة ابها والسودة جنوب السعودية 🇸🇦,Negative
17c982ee-2725-4903-a9a4-255e594437a2,Amazon,E-commerce,5,2026-08-25,اسطوري,Positive
bea946c8-05a7-4153-8c7f-e0f125154b7c,Amazon,E-commerce,1,2026-08-25,تجربه سيئه مع أمازون ناو ..يسحب المبلغ ويلغي الطلب ولا خدمه عملاء ولا سائق تتواصل معاه ولا أي حاجه خالص .مش عارف إيه اللي حصل لأمازون كانت أحسن من كده بكتير,Negative
77b75e8b-bfca-45eb-bba1-e513c7a37236,Amazon,E-commerce,5,2026-08-25,امازون توصيل متاح لكل العالم,Positive
94750df3-edab-43eb-b428-f3768a186d92,Amazon,E-commerce,3,2026-08-25,ادخل امازون السعوديه بالعربي يعرض بالانجليزي المطلوب باللغه العربيه,Neutral
32c3ef73-a865-4db8-a04c-8fe91bc9aee1,Amazon,E-commerce,5,2026-08-25,بجد تطبيق ممتاز بجد ❤❤❤,Positive
e6071fdd-7f9d-4688-b506-e5df5e69e2f7,Amazon,E-commerce,5,2026-08-25,برنامج رائع,Positive
d784f921-09f3-4c62-bd33-cd9a08877571,Amazon,E-commerce,5,2026-08-25,ممتاز,Positive
64379db1-14ef-4d25-a42f-5307ebb29160,Amazon,E-commerce,5,2026-08-24,الله ينور,Positive
fd7094cd-411f-4fb5-b978-4f8ac0efdd8e,Amazon,E-commerce,1,2026-08-24,غباء متناهي ازاي تحدد اصدار اندرويد لابلكيشن تسوق .. يعني اي شخص معاه اندرويد 10 او اقل ميشتريش من عندكم .. اعتقد دا خطأ كبير,Negative
0b97b3e6-5237-485f-9f04-77a51a3f0a36,Amazon,E-commerce,1,2026-08-24,انا طلب منتج وبعد كده لغيته وفنفس الخمس دقائق عاوز ارجع عمل الغاء وعاوز اطلب المنتج تاني وقلي مش متوفر حاليا طب روحت طلبت منتج تاني قالي لا يوجد الدفع عند الاستلام,Negative
e4e85aa4-d857-40ee-80f5-9c9a1e1db4b2,Amazon,E-commerce,1,2026-08-24,لا يتوافق مع هذا الاصدار😡,Negative
4ecd5327-58d5-4b4b-bee5-6dbacf7f3ba3,Amazon,E-commerce,5,2026-08-24,جميل,Positive
d4cdeda3-2b25-48fe-866d-55a518c9bc75,Amazon,E-commerce,5,2026-08-24,ممتاز,Positive
e36a440f-7eaa-40ad-8b89-d6408a95cf67,Amazon,E-commerce,1,2026-08-23,تجرية التوصيل سيء جدا . في تأخير من المندوب ولا في تقدير للعميل . ما في اهتمام بالتوقيت .,Negative
4aa1c7c3-89db-42e6-b030-9aa01b4cbb33,Amazon,E-commerce,1,2026-08-23,المنتجات سعرها مرتفع,Negative
e1388cb1-6d5d-4f8d-8a59-1244b9a1704e,Amazon,E-commerce,1,2026-08-23,اوسخ خدمة عملاء فى التاريخ واوسخ خدمة ما بعد البيع طلعوا عين أهلى علشان مرتجع من شهر عالم زباله,Negative
8e50a00c-53f3-4458-a7bc-546f45ca6cef,Amazon,E-commerce,5,2026-08-23,رائع,Positive
131c455c-cdd2-4e03-ae33-6c878c6742d4,Amazon,E-commerce,1,2026-08-23,في أشخاص يدخلون حسابي في أمازون وأنا ماسويت عمليه كيف كذا,Negative
f176dfad-442c-4629-b4d7-ed11fa39465d,Amazon,E-commerce,5,2026-08-23,ممممممتاز جدآ,Positive
22ec6d1e-b003-4fca-88c5-6036ef7b263a,Amazon,E-commerce,5,2026-08-23,good,Positive
150251c0-6144-4482-97c0-8b3a39be74fc,Amazon,E-commerce,5,2026-08-23,تطبيق محترم جدا,Positive
6a3acfb9-a754-4193-b3af-ddd73957cb48,Amazon,E-commerce,5,2026-08-23,جميل جدا,Positive
75047934-fec1-4c46-bec1-342267177d13,Amazon,E-commerce,1,2026-08-23,تجربه سيء,Negative
e15362c6-0513-4860-a635-5a1f8a4eba14,Amazon,E-commerce,1,2026-08-23,مش عارف اوصل لخدمة العملاء خدمة الرسائل غير متاحة والرقم لا يمكن استقبال المكالمة!! محتاج حد يكلمني,Negative
ebc92cb9-6fed-4135-aec9-289b79dbac39,Amazon,E-commerce,5,2026-08-23,❤️,Positive
e7127f94-26a0-45e7-8f82-dad6924599ce,Amazon,E-commerce,1,2026-08-23,الآن التطبيق لم يعد يدعم نظام أندرويد 9 فلم يعد بإمكاني إستخدام التطبيق و الشراء من عليه. أرجو أن تجعلو التطبيق يدعم نظام أندرويد 9.,Negative
56ca48da-dd65-4999-a028-44b3c5053ee6,Amazon,E-commerce,1,2026-08-23,مبينزلش,Negative
9d2bff2a-ffbb-4ce3-8071-5d07db8f0356,Amazon,E-commerce,1,2026-08-22,عندي مشكلة في خيار الدفع عند الاستلام مش راضي يتفعل حاولت بكل الطرق لدرجة اني حذفت الحساب ولازالت نفس المشكلة موجوده ممكن اعرف السبب؟ ارجو من حضرتكم حل المشكلة,Negative
bf45ab2a-27bf-4e95-83f8-d0498313446e,Amazon,E-commerce,1,2026-08-22,شركه نصابه انا طلبت ٢اوردر ودفعت ثمنهم مقدم ومفيش حاجه وصلت وفي التطبيق تم التوصيل وكلمت خدمه العمله وكتبت بيناتي في الرابط واتوصلت معاهم وقلو هنحل المشكله وحاجتك هتيجي في اقرب وقت وانا كده ليه شهر طالب الاردر ولسه موصلش بصرحه انا منصحش حد يتعامل معا الشركه النصابه دي حسبيا الله ونعمل الوكيل في امزون وصاحب امزن النصاب الي بيكل فلوس الناس,Negative
2e16aa4e-3950-4d7f-ac29-39b8e4f4b1a6,Amazon,E-commerce,5,2026-08-22,بمنتهي الصدق ابلكيشن اكتر من ممتاز حتي امازون ناو طلبت اولدر وحدد لي 11 دقيقه للوصول ووسل في 6 دقائق فقط والمنتجات والتغليف جيد جدا اما امازون العادي يلزم الاهتمام به اكتر اطلب سلعه وموضح تسليم اليوم واتفاجاء يتم التعديل بان التوصيل غدا بس لم تحدث الا مره واحده في المجمل تطبيق رائع جدا وافضل من منافسيه تحياتي لكم,Positive
1bf787af-0858-4382-ab9a-8e9edbae7e28,Amazon,E-commerce,5,2026-08-22,very good👍👍👍😊😊😊,Positive
f47a612e-ad95-4480-a927-20c1b2c888a4,Amazon,E-commerce,1,2026-08-22,المتجر ممتاز. والأسعار جيدة. والتوصيل سريع. لكن يعيبها خدمة العملاء. سيئة جدا. وتتمنى لو لم تقم بالشراء,Negative
5608faf0-f1fb-4c82-b1d1-862c12fb1bf3,Amazon,E-commerce,1,2026-08-22,ووحش الدفع عند الاستلام بتستخدمو مرا وحدا وتجي تطلب تاني مايرضاش,Negative
6ffdb77d-df4d-45aa-a2eb-41a240fcb855,Amazon,E-commerce,1,2026-08-21,وحش بيجيب المنتج ناقص,Negative
2e24cd81-1588-4074-8bd0-e920b09c9d5e,Amazon,E-commerce,5,2026-08-21,ممتاز اذا فيه عروض,Positive
ae8c54fa-9c8f-42ee-a7fb-438a403b6755,Amazon,E-commerce,5,2026-08-21,برنامج ممتاز وحلو اوى,Positive
33072105-ae5b-48a2-a150-028ab5a33327,Amazon,E-commerce,1,2026-08-21,من البداية التطبيق او الشركه كانت من أفضل الشركات الي بتعامل معاها ولكن حاليا الموضوع بقي من اسواء لأسوأ الاوردر يجي مستعمل او مفتوح أو الاوردر يتعمله تسليم وهمي وأفضل اجري ورا الكول سنتر علشان اعرف الاوردر فين وحاجه في منتهي السوء,Negative
94c77a73-9096-4bf9-ac58-a1d2bd298ce4,Amazon,E-commerce,5,2026-08-21,روعة,Positive
40149307-6bd3-464b-8d51-29e7dfadfaa8,Amazon,E-commerce,5,2026-08-21,ممتاز,Positive
2a55c956-2edc-4889-8f6b-24d23edc55c1,Amazon,E-commerce,1,2026-08-21,تجربت شرا زباله وتوصيل مقرفة بصراحه ومندوب توصيل كان قليل الذوق جدا ومنصحش حد يحمله ولا يشتري من الابلكيشن جوميا ونون احسن بكتير,Negative
4008beca-da73-456b-8c5b-b048a647f20a,Amazon,E-commerce,1,2026-08-20,مشكله عدم التثبيت علي الجهازي,Negative
9fe9380c-976e-4076-b4cd-1d2eca50291b,Amazon,E-commerce,1,2026-08-20,ليه مش بتتعاملوه مع مايلو عايز اعرف,Negative
eb2f8161-532b-459f-abc4-fd75ed657b05,Amazon,E-commerce,1,2026-08-20,امازون صار يمنع تقيم المنتج حتى لاأحد يعلم شي عنه سي جدا,Negative
ed86fc9b-ccaf-411e-9c5e-4a00bab677be,Amazon,E-commerce,1,2026-08-20,اسوا موقع تسوق كذابين كل مرة يقولوا سوف نقوم باسترجاع و بعدها يختفون استلمت منتج معيب و شهرين ولك يتم ارجاعه او استبداله والغاء اشتراك برايم,Negative
a2fdd535-cceb-46ae-945a-ec38b6bde2f4,Amazon,E-commerce,5,2026-08-20,أفضل تطبيق تسويق,Positive
5c00cb28-eebc-4144-8afb-266cc159a822,Amazon,E-commerce,5,2026-08-20,الففضل,Positive
c5cb22dc-5c74-4c0a-a238-e3ab27dcc6b6,Amazon,E-commerce,5,2026-08-20,شكرا لكم،💓🙏,Positive
e902de6c-8455-4d9f-8e10-eef917529690,Amazon,E-commerce,5,2026-08-20,هو التطبيق راجع ومميز,Positive
d896927b-63c0-4556-b71d-61a093c37720,Amazon,E-commerce,2,2026-08-20,التقييم يخص أمازون ناو كان في بداياته ممتاز. الآن الفترة الأخيرة أصبح يتأخر كثير توصل ل45 دقيقة ناهيك عن بعض المنتجات ماتكون فيه يعني يحتاجون مراجعة لهذه النقطتين ليبقو في الصدارة ولا نون بيتغلب عليهم 🤝,Negative
1ddfdf3e-2d2a-4b45-b3f3-75027e374991,Amazon,E-commerce,5,2026-08-20,رائع,Positive
c97ea652-3b5b-4d46-9b37-37c50d06f68d,Amazon,E-commerce,5,2026-08-20,ممتاز,Positive
332a007a-0465-4efd-8ea6-bf94d208619d,Amazon,E-commerce,2,2026-08-20,لا يوجد توصيل الئ العراق🇮🇶🇮🇶🇮🇶💥💢🇮🇶,Negative
86ed06b2-2e19-436f-9ee5-93f49de2034f,Amazon,E-commerce,5,2026-08-20,رائع جدا,Positive
23f43df3-5e2d-43a1-a7b5-24f1f114f80b,Amazon,E-commerce,5,2026-08-19,ممتاز والله العظيم,Positive
b8553127-b58c-4101-9638-86bd6c179da8,Amazon,E-commerce,1,2026-08-19,شركه حراميه سرقت الشحنه هي والمندوب واكلمهم يقولك 48 ساعه واخد فلوس الحاجة ومفيش حاجه جت وكتب تم التوصيل خدمة العملاء أسواء حاجه,Negative
dde633b7-e15a-4c29-85c6-9dbcf5134e45,Amazon,E-commerce,1,2026-08-19,اسواء برنامج تسويقي خدمه توصيل زباله,Negative
4b41c494-12ae-4e11-b70b-f44fc36a4028,Amazon,E-commerce,5,2026-08-19,nice,Positive
e70a10cd-1eb4-4f24-ae5f-a9b90eb9d937,Amazon,E-commerce,5,2026-08-19,ممتاز بارك الله فيك,Positive
afe99757-554e-4d4d-9989-6aa5c0e90579,Amazon,E-commerce,5,2026-08-19,تحفه,Positive
5e98e62e-15d1-4fd5-b70f-50b902e05f4c,Amazon,E-commerce,1,2026-08-19,اسوء من طلبات يعني طلبات على الاقل سريع ده خدو اسبوع وبعدين بعتلى تم التوصيل بعتلهم شكوى مفيش حاجة وصلت قالى معلش وصل خطأ وجايلك في الطريق ولحد الان مش عارف اعمل اية ولا اكلم مين,Negative
8abdf3ff-80ff-464d-9f7d-75e2b54ea78d,Amazon,E-commerce,1,2026-08-19,برنامج نصاب بيحطو صوره المنتج ويجيبو حاجه غيرها خالص والدليفرى ببقول ممنوع انك ترج الاوردر وحاجه قرف منصحش حد يتعامل معاهم ابدا برنامج كلو نصب فى نصب,Negative
a16c7e15-d8f0-4ff0-87f2-8b956a9d05a4,Amazon,E-commerce,5,2026-08-19,تحفههه بجد 😍,Positive
38060b2c-942f-4c82-b61d-bae4620f6ab4,Amazon,E-commerce,1,2026-08-19,expensive,Negative
0a535801-7534-4c56-a01b-353bdfe3c8e9,Amazon,E-commerce,1,2026-08-19,تم وضع الطلب تم التوصيل وانا لم استلمه,Negative
36d2dad4-f21d-418d-90e0-8676d619c693,Amazon,E-commerce,1,2026-08-19,حلو,Negative
a63b32ef-8eaf-47c1-9e89-a6093c57e0fd,Amazon,E-commerce,5,2026-08-19,ممتاز,Positive
589c8ab1-257b-4f06-ac99-debe174eace4,Amazon,E-commerce,5,2026-08-19,❤️❤️,Positive
f961cb47-44e8-479a-9fa0-3406b5b13c67,Amazon,E-commerce,5,2026-08-19,تعامل ممتاز,Positive
a8f9207e-024b-4b8e-bafe-708cce222a2c,Amazon,E-commerce,5,2026-08-19,شكر وترحب,Positive
313a2293-7eb5-4ec7-8dd9-7ac9867404fc,Amazon,E-commerce,1,2026-08-19,"Subject: Complaint - Order Not Delivered + Request Refund Hello Amazon Customer Service, I am writing to file a formal complaint regarding my order that has NOT been delivered. Order Details: - Shipping Address: Akot mading dut, 237ladysmithdr , St. John's, NL - Items: Priorin (2 bottles) and Hair Growth Vitamins (3 packs) - Order Date: August 12, 2026 - Estimated Delivery: July 26 - July 31, 2026 The problem: Today is August 18, 2026 and I still have NOT recei",Negative
9ac56b7a-2d85-4012-88ba-e47bd75943de,Amazon,E-commerce,1,2026-08-19,خدمه توصيل سئ جداا,Negative
ade41b96-2c1c-4987-ac3c-4885d47ccb80,Amazon,E-commerce,5,2026-08-18,جمييل,Positive
2ce8e27e-e2e5-425c-8b5a-091504823ade,Amazon,E-commerce,1,2026-08-18,مو كلش بس اعتقد يفيد الآخرين,Negative
2ed32f71-7cf9-44fc-8f73-0ecca6cd261e,Amazon,E-commerce,5,2026-08-18,A truly fantastic app... I use it for all my requests. Thank you all,Positive
80d7615e-b6f2-4177-be02-c29d2736201d,Amazon,E-commerce,5,2026-08-18,good,Positive
92cb2e74-7d59-4f0b-8e61-2d9e0a561cfa,Amazon,E-commerce,1,2026-08-18,كانت تجربه سيئه واسوء من السيئه شريت راوتر جاني عطلان شركة زي امازون ومنتجات ومسوقيين وخدمة توصيل سيئه واخر شي عملية الارجاع انت تدفع الرسوم وادا طالبت فيها يحولونها لك لبطاقة الهدايا يعني يجبرونك ترجع تشتري من عندهم منتج رديئ تدفع رسوم وماتقدر تحولها لحسابك البنكي اول واخر مره اشتري من امازون,Negative
39efd960-f51f-4afc-8b4e-818a97b99500,Amazon,E-commerce,5,2026-08-18,ممتاززز,Positive
223c968e-1cd7-4e9b-aa31-1c41e3b8f91c,Amazon,E-commerce,5,2026-08-18,حلو,Positive
d2a09ac4-134c-476a-9236-27e863fc14c0,Amazon,E-commerce,1,2026-08-18,الطلب غير صحيح و يغشو,Negative
d80885ea-e688-4f3c-9e30-8e07640af5b3,Amazon,E-commerce,5,2026-08-18,برنامج ممتاز,Positive
ad8d33a9-a439-427e-b071-8cfc176dedce,Amazon,E-commerce,1,2026-08-18,تجربة سيئة جدااا لا يرسلون نفس الطلب المختار يقهروك ولا يرضون يسترجعون.. تم حذف التطبيق مقهورة على الفلوس الذي دفعتها ما اقول الا حسبي الله ونعم الوكيل على تطبيق امازون برايم... حسبي الله ونعم الوكيل حسبي الله ونعم الوكيل حسبي الله ونعم الوكيل عليهم حسبي الله ونعم الوكيل حسبنا الله ونعم الوكيل حسبنا الله ونعم الوكيل حسبنا الله ونعم الوكيل حسبنا الله ونعم الوكيل حسبنا الله ونعم الوكيل حسبنا الله ونعم الوكيل حسبنا الله ونعم الوكيل حسبنا الله ونعم الوكيل حسبنا الله ونعم الوكيل,Negative
eb04d228-9f24-4f9e-9ed4-fa6d773be921,Amazon,E-commerce,5,2026-08-18,روعه,Positive
93efba33-7e68-4d1c-8d39-9eeda46fa637,Amazon,E-commerce,5,2026-08-18,ممتع جدا,Positive
af98edaa-a416-49a2-bbab-34a9c0bf5d9e,Amazon,E-commerce,1,2026-08-18,للاسف تم إرسال شاحن لا يعمل ولا يوجد طريقة للتواصل ودى تانى مرة يحصل كده الارجاع صعب جدا بالرغم انى طالب استبدال فقط,Negative
1fc32b6e-1933-4b6c-aba5-688ccd2165d0,Amazon,E-commerce,5,2026-08-18,ممتاز,Positive
68f256c8-6245-492a-933f-b2840686baeb,Amazon,E-commerce,1,2026-08-18,أسوء تجربه ليا كانت مع أمازون تأخير في التسليم ومفيش حد عاوز يدينا إفاده بصراحه ماينفعش نطلب حاجه تاني من أمازون,Negative
01f15a92-73b6-47ca-b9b8-b19e25d039d8,Amazon,E-commerce,5,2026-08-18,ممتاز,Positive
4ad795ec-cf35-499b-8965-02c74b641a00,Amazon,E-commerce,1,2026-08-18,تطبيق سي عندما احاول انشاء حساب جديد يقول وجدنا امر غير طبعي بهذا حساب,Negative
a4b369e0-7206-4139-ade0-dcfce1f22ecb,Amazon,E-commerce,5,2026-08-17,اسعاره جيده للغايه و به كل شيء تحتاجه و مضمون,Positive
11b408ab-dbf7-4e51-b6a2-3902a9e9a212,Amazon,E-commerce,5,2026-08-17,راااائع خدمات سريعة ومضمونة وامنه موقع ثقة ١٠٠%,Positive
be837183-348e-4b8f-9b91-f467516c2f36,Amazon,E-commerce,5,2026-08-17,منتجات جيده جدا والمعامله ممتازه جدا شكرا لأمازون,Positive
ad2fef9e-f965-4671-b11b-b0d18880f972,Amazon,E-commerce,1,2026-08-17,بحاول انزل التطبيق بيطلع لي رسالة التطبيق لايتوافق مع جهازك ممكن اعرف السبب,Negative
af371632-5e0d-441d-ac25-1ec654208292,Amazon,E-commerce,1,2026-08-17,القد حذفت هذا التطبيق بسبب منع الدفع عند الاستلام ورفع أسعار المواد وصراره لاشتراك في برام,Negative
60a29c06-edbe-4b8a-904a-d4ff1c8f6736,Amazon,E-commerce,1,2026-08-17,تجربة سيئة جدا .. عملت ارتجاع ولحد الان الفلوس مش عارفة هي فين ولا عارفة اتحصل عليها... انا عاوزة فلوسي,Negative
6b93c02c-3d15-41af-8a3f-79c0749cc35c,Amazon,E-commerce,1,2026-08-17,من اسواء البرامج مفيش مصداقه وانصح الناس،عدم استخدامه خصوصا لو هتشتري وتدفع نقدما,Negative
06ac43ff-51c4-4e13-b6d6-0b56e59dd87b,Amazon,E-commerce,1,2026-08-17,شركه زباله زباله زباله,Negative
f0605d8b-5215-480d-ae90-9c120bdc846d,Amazon,E-commerce,5,2026-08-17,جميله جدا,Positive
61dd1893-1aa2-4bf0-a216-500f44c44027,Amazon,E-commerce,5,2026-08-17,امان في كل إستخدام,Positive
e3ea089d-0d47-48e3-ad79-f448ee80972e,Amazon,E-commerce,5,2026-08-17,مم اجمل التطبيقات الي استخدمتها بيضيفو كوبونات هدايه كتير جدا وخصومات مفيش زيها احسن من نون وجوميا نون كويس بس يمكن حجتها اغلى من امازون شويه بس مفيش حاجه بتيجي بايظه أو مكسوره زي جوميا تطبيق جوميا من الوحش تطبيقات الاونلاين الي جربتها حاجتها كلها بايظه انا مجربتش مره ولا اتنين اتهامات معاهم 5 مرات حتى الارتجاع مفيش,Positive
93db73d7-3a18-471b-9b2b-4e7df3c4a82d,Amazon,E-commerce,5,2026-08-17,جميله,Positive
a6700b55-8f80-407e-88e4-0f21b20348ae,Amazon,E-commerce,5,2026-08-17,كان شغال عندي,Positive
094807d7-c9c7-4c2d-b922-827a2ddf1463,Amazon,E-commerce,1,2026-08-17,طلبت من امازون ناو بالغلط وعالفور سحب منى رصيدى فأقل من ثانيه تكلمت معهم مرارا وتكرارا أن يلغو الطلب وبردو لى الرصيد وبالفعل تم الغاء الطلب وطلب استرداد أموالى وال الان لم يردوا ولم استرد أموالى وعندما احاول الوصول لخدمه الدعم لا احد يرد تجربه سئيه جدا وبحزر الجميع من خلال ال حصل معايا ألا يتكرر معهم وانا لن اتعامل معمم مرة أخرى والى الان لم استرد أموالى التى سحبتوها من بطاقتى,Negative
a59e1999-f9dc-44e3-9cec-fd306aebf05f,Amazon,E-commerce,5,2026-08-17,احلى تطبيق عايزة انزل التطبيق على التبلت مش راضى ينزل,Positive
87118280-ac7d-4f92-b8fa-1db3313f7412,Amazon,E-commerce,5,2026-08-17,ممتازه جدا,Positive
247786e0-da72-41bd-b4de-023e2fb7c8ee,Amazon,E-commerce,1,2026-08-16,افشل تطبية وافشل شركة توصيل,Negative
57881962-dae1-4a74-8ab8-918bf19ba0fc,Amazon,E-commerce,5,2026-08-16,ممتاز,Positive
119eb0e9-323a-4b6d-9c03-5c691f72a564,Amazon,E-commerce,1,2026-08-16,سيء جدا لانه لا يتوافق مع جهاز رغم انه حديث تم التعامل مع متجر اخر,Negative
d95be9af-4c18-4c15-93ed-e5e519f1cd8c,Amazon,E-commerce,5,2026-08-16,ممتاز,Positive
045b58ba-d7e8-4646-9e01-811311261382,Amazon,E-commerce,1,2026-08-16,امازون العالميه ممتازه لكن مع اداره مصر اوسخ حاجه ممكن تشوفها من نصب و مواعيد وسلع بايظه واسعار عاليه وقلت ادب الاداره,Negative
da681603-eb99-4e25-9b30-abdf146e476b,Amazon,E-commerce,5,2026-08-16,"Hi, The Amazon Shopping app is showing 'Not compatible with this device' on my Honor Pad 9 (MagicOS 8). Please update the app compatibility list to support this tablet layout in Google Play Store. Thank you",Positive
c5a9b7d1-e8a8-435b-a414-31bcda08098a,Amazon,E-commerce,5,2026-08-16,ممتازه,Positive
2eb2660e-ca90-49f8-bc6e-04a7ceca9f31,Amazon,E-commerce,1,2026-08-16,موقع سيئ لا أنصح به 🤮🥵,Negative
42edc469-5596-41d4-8a36-f7ad02dbdd37,Amazon,E-commerce,5,2026-08-16,جيده,Positive
e1c89f1d-111a-46c5-a58c-134d804cb94a,Amazon,E-commerce,5,2026-08-16,ممتاز,Positive
fef79d17-89cd-4867-af6b-a6f17cb89ac5,Amazon,E-commerce,1,2026-08-15,أشتريت 4 منتجات ودفعت الثمن والطلب أتأخر وفى النهاية وبعد شهر ونص تم رد أموالي ولم أستلم المنتجات . للاسف العاملين على البرنامج لا يمتلكون أي نوع من الاحترافية .,Negative
a962c07b-9f86-409d-9140-1b8e0e1f2d50,Amazon,E-commerce,5,2026-08-15,ممتاز,Positive
b50ea5de-b7a3-4eba-bada-1ccd3a1e14fd,Amazon,E-commerce,1,2026-08-15,سيئه جدا وما بترجعش الفلوس بتاعه المرتجعات وبتقفل الاكونت بعد ما تاخد الفلوس نصب,Negative
1324031a-f5e3-44bb-9ea9-9c61c832c66b,Amazon,E-commerce,5,2026-08-15,ممتاز جداً حيث الغي لي طلب بعد يوم من طلبه وعندما تواصلت مع خدمة العملاء افادوني بانه قد حصل حادث له اثناء النقل فتم الغاؤه وتعويضي بكامل القيمة خلال ٥ ايام عمل تجنباً لاستلامي منتج قد يكون متضرراً اما في بعض المواقع الاخرى كانت تأتيني منتجات تالفة واعاني كثيرا عند ارجاعها واستعادة اموالي فشكرً لامازون,Positive
53861e26-fd97-44e4-9a20-d8a25006dc60,Amazon,E-commerce,5,2026-08-15,ممتازه,Positive
a95386be-79c6-4f28-b1f0-f6cea894fc78,Amazon,E-commerce,5,2026-08-15,حاجه كويسه والله,Positive
9cf2f192-1a29-4b78-b455-c9bd5cc7673e,Amazon,E-commerce,1,2026-08-15,للأسف توصيل أمازون في مصر لا يوصف,Negative
19857cd9-288a-4026-8eeb-3a39750b0501,Amazon,E-commerce,5,2026-08-15,ممتاز,Positive
371c7456-a0c8-4f4a-8c84-f64798dbd65f,Amazon,E-commerce,5,2026-08-15,موقع متميز,Positive
77b3db9f-a22f-4f09-b6f7-a9ccc8e54aff,Amazon,E-commerce,1,2026-08-14,خدمه العملاء سيئه جدا الاداره سيئه جدا مندوب التوصيل سيء جدا هذا تجربتي الشخصيه مع تطبيق امازون,Negative
6deb2dae-e91e-4932-a5b1-d90dab47331f,Amazon,E-commerce,5,2026-08-14,شكرا,Positive
daea6a95-dfac-48ce-8919-60463d081c6d,Amazon,E-commerce,5,2026-08-14,رائع,Positive
b6809185-f37a-4ce2-a0e0-c930fd48fddc,Amazon,E-commerce,3,2026-08-14,صاير جدا سيىء يلغي الطلبات كثير عارضينها وماعندكم ليش تحطوها وبعدين كيف خدمه عملاء مايطلع عندهم الملغي وسبب الالغاء لازم انا اعطيه الرقم ومايطلع الرقم برنامج سيء للاسف واخر مره اتعامل معهم ان شاءاالله,Neutral
cd7098bc-29ad-4b93-bd91-e5ddfdffedb4,Amazon,E-commerce,5,2026-08-14,توصيل سريع ومنتجات نفس المواصفات,Positive
ac2ae0f5-4d7b-43c8-a801-19b0369ad66f,Amazon,E-commerce,1,2026-08-14,تعاملت معه فترة طويلة ومنذ سنوات ولكن مافي فايدة اسلوب مندوبي التوصيل لم يتغير ، مع ظهور تطبيقات اخرى مثل تريدينول وثيمو وهنقرستيشن ونون ، فضلت الاستغناء عنه والبعد عن حرقة الدم والاعصاب ، قمت باغلاق حسابي في امازون وحذف التطبيق ولن اعود له او اتعامل معاه بسبب سوء سلوك واخلاق مندوبي التوصيل الذين يصرون على عدم اخبارك بقدومهم وتجدهم فجاءة في الموقع ويطلبون منك ان تستلم الطلب والا يلغون الطلبية، يعني اذا بتطلب لازم تظل تنتظر حضرتهم طول اليوم في الموقع لين يجون وتسيبك اشغالك. تم الحذف واغلاق الحساب,Negative
4a31d748-f0a5-4b62-be3b-15f7ad03ba61,Amazon,E-commerce,5,2026-08-14,جيد,Positive
22c1ece9-e266-42ca-bc7f-e86920111044,Amazon,E-commerce,5,2026-08-14,تطبيق مريح في الاستخدام ويوجد في التطبيق عروض خارقة ولو انت بتحب العروض انصحك تنزل التطبيق,Positive
7ac51769-f50f-4aa8-98a5-5af03931a749,Amazon,E-commerce,1,2026-08-14,شركه سيئه للغايه كل ماطلب اوردار بيلغى بمزا جهم والدفع عند الاستلام ملغى وحاجه زفت انا نادمان انى اتعملت معاهم,Negative
40402c12-0688-4d51-8dfa-84f07f17b553,Amazon,E-commerce,5,2026-08-14,ممتاز,Positive
d572b473-4198-4318-b457-26aac5af69d3,Amazon,E-commerce,1,2026-08-14,اطبيق مبوصلش رس سدر با معافنا انا بقول لمدير اوصلو جنوب سيناء,Negative
c28f56fd-4520-4c60-8ace-914b1ca7c157,Amazon,E-commerce,2,2026-08-14,شكرا 👍,Negative
0c2902ae-9e42-441d-b263-c382f7f75515,Amazon,E-commerce,5,2026-08-14,موقع جميل وصادق,Positive
70e62ef0-8a30-4e4a-bc78-9231d3e5907e,Amazon,E-commerce,1,2026-08-14,جميل⁦❤️⁩,Negative
5441ca26-7825-4ea1-a504-5de81b302977,Amazon,E-commerce,5,2026-08-14,مشاء الله,Positive
89071905-1299-4f02-b3d5-498ab357c441,Amazon,E-commerce,5,2026-08-14,احبه كثيرا افضل برنامج عل الاطلاق,Positive
c737a924-c2be-43ff-b890-5ce582f27883,Amazon,E-commerce,3,2026-08-14,المنتجات المباعة من أمازون كبائع ممتازة وجودة مضمونة. لكن للأسف خدمة العملاء لا تستطيع التعامل مع مشاكل الشحن، خصوصاً عند وجود مشكلة في توقيت التسليم وحال طلب الاستعجال، ليس لديهم آليات لمعالجة هذه النوعية من المشاكل.,Neutral
585f55a0-1f4a-4630-bc45-e582872b95b1,Amazon,E-commerce,3,2026-08-14,حلوه بس مافي توصيل لليمن,Neutral
5ea3f9db-5d27-40a9-a1c1-b97d836c77f0,Amazon,E-commerce,4,2026-08-14,جيد,Positive
6ac7a865-2a2f-4cfc-a755-9af2b27da381,Amazon,E-commerce,5,2026-08-13,ممتاز ويهل,Positive
58dce234-cd98-427b-a87e-8a2d57363632,Amazon,E-commerce,1,2026-08-13,مفيش ثقة في المنتجات اللي بتتباع كل مرة بتبقى متوتر من المنتجات اللي هتشتريها,Negative
b2df987c-5420-4189-a6e7-c804950e4236,Amazon,E-commerce,5,2026-08-13,لو اضفتو التوصيل السريع يبقي في خلال ساعات هيبقي جامد اوي اوي حتا لو خلتو 60 ج يبقي زاي الكشف المستعجل,Positive
f83f6036-fdc9-424c-bb84-aee201774e03,Amazon,E-commerce,1,2026-08-13,سيئين جدا جدا وغير جادين في التعامل مع المرتجعات ودفع الفلوس وضاعت عليا فلوس التليفون 4000 حسبي الله ونعم الوكيل في امازون,Negative
549ef6b3-a924-4fe4-9f09-910e4ee29d6e,Amazon,E-commerce,1,2026-08-13,يع يع يع 🤮 مره تخيلو ان الانجبكس سعره ١٥٠ تخيلو,Negative
e701640f-09cd-4ede-83b3-4dd0310051bb,Amazon,E-commerce,5,2026-08-13,جميل,Positive
def166d1-a17a-40f7-98e4-867ba2a12392,Amazon,E-commerce,1,2026-08-13,سيئ جدا و فعمليات الارجاع بقي فيه تحديث انك لازم تحط بيانات بطاقتك غير آمن,Negative
14cf705c-0e21-4f70-8919-4a630bcd91f8,Amazon,E-commerce,5,2026-08-13,رائع,Positive
fdb861af-55ca-45b0-84fc-bf6828a3e0d1,Amazon,E-commerce,5,2026-08-13,رائع,Positive
7af7b84d-96f8-4394-b0f1-ff1bb0d5a220,Amazon,E-commerce,5,2026-08-13,ممتاز,Positive
ddc7226c-19d7-4aa8-ab0a-3f31084a3998,Amazon,E-commerce,5,2026-08-13,ممتاز,Positive
04c9073d-a5ee-4705-ba31-469f58284f24,Amazon,E-commerce,5,2026-08-13,ممتاز جداً وبداع شكراً جزيلا لكم,Positive
db5393a2-a217-4d9e-954f-09d1e7d4ab11,Amazon,E-commerce,1,2026-08-13,بقت شركه فاشله وبيتعاملو مع شركات شحن فاشله منتجات مش بتوصل لازم تطلبها مرتين وتلاته عشان تيجي ومش بتيجي,Negative
240a6412-6a5e-45bc-b305-05eacf3947f6,Amazon,E-commerce,5,2026-08-13,جميله,Positive
2b16c46c-46c3-474a-9d1b-baad12bea858,Amazon,E-commerce,5,2026-08-13,جميل جدا,Positive
cba42592-139a-4341-afe7-30e562a96390,Amazon,E-commerce,1,2026-08-12,تجربة سيئة في طريقة التواصل مع المسؤولين والمتاجر اشتريت من التطبيق وعملية الارجاع كانت صعبة جدا وتأخد وقت كبير ولا يرجعون الكاش من شهر وانا في مشكلة منتج واحد لا انصح احد بالتطبيق,Negative
59ddee75-7c2a-45dc-8055-92416a6435bd,Amazon,E-commerce,1,2026-08-12,تجربة سيء جدا، لا انصح اي شخص بالتسوق عليه,Negative
658f1279-cc2e-45f5-9b55-c7f1c7fdbd65,Amazon,E-commerce,1,2026-08-12,اسوء توصيل بكل العالم حرفيا انا طلبت controller للpc وكان الAULA G1000 بقاله خمس ايام كاملين ما جاء مع ان المفروض انه يوصل كمان اربع ايام وتواصلت مع خدمة العملاء ولا استفدت بأي شي والطلب اتكنسل بدون اي سبب بكيف امهم يكنسلون الطلب يعني والله توصيل زبالة ومعفن,Negative
92059153-f536-4fb5-a3ba-212bd236d8ff,Amazon,E-commerce,5,2026-08-12,تتطبيق ممتاز يستحق الفوز على جميع التطبيقات,Positive
9d25496d-ed49-4d0c-8c3c-bac08c70370c,Amazon,E-commerce,2,2026-08-12,لدي 3 هواتف اصدار اندرويد 16 واندرويد 15 مثبت المتجر عليها👍🏼، اما جهاز poco bad m1 اصدار اندرويد 16 يظهر لي (لا يتوافق جهازك مع هذا الاصدار)❗️.,Negative
6a6b5535-5cd3-4c2b-8cc2-4eca7b2f55f8,Amazon,E-commerce,1,2026-08-12,جربت اشتري منهم مرتين اول مره الطلب اتلغى كأن من عندي يوم الاستلام تاني مره انتظرت الطلب ٦ ايام وفي الاخر الطلب رجع وكل مره الفلوس تقعد عندهم بالعشر ايام,Negative
86722fc4-0dfa-4cc9-a156-c98b9c154170,Amazon,E-commerce,1,2026-08-12,تطبيق سئ جدا والشراء من الموقع غير مضمون سواء من البائعين أو أمازون,Negative
d391c7cf-3a73-4deb-aae4-853ed51a373b,Amazon,E-commerce,1,2026-08-12,اصبح فاشل اخر طلب كان حاجتين مع بعض الاولي جت متأخرة 3 ايام والتانيه بلغوني انهم مش عارفين يوصلولي وده كذب وعملولها ارجاع مع نفسهم ولما كتبت كده في تقييم المنتج مرضيوش يكتبوها وفلوسي رجعت بعد اسبوعين ومسحته لانه فاشل,Negative
a63c15a6-900f-4534-b79f-45bdc9484bba,Amazon,E-commerce,1,2026-08-12,تطبيق سئ ادفع فلوس زيادة علشان الطلب يوصل بسرعة وفى الاخر يتأخر ويتصلوا بيا بالليل الساعة 11 ويقولي ممكن يجيلك بكرة ولحد دلوقتي مستلمتش طلبي,Negative
e2117e13-6513-44c7-b7ea-0582de8922f6,Amazon,E-commerce,1,2026-08-12,المنتج حلو و جميل لكن خدمة التوصيل لا الراجل كان بيصوت و بيهزاني بجد متطلبوش منه و كمان موصلش على المكان إلي كاتباة بجد متطلبوش منه,Negative
5c3780c0-be22-4b7f-afaa-715d8bae579a,Amazon,E-commerce,5,2026-08-12,Was excellent app .. no longer work with my phone!!,Positive
15bb41f9-0258-4238-94c3-35a13a7201ec,Amazon,E-commerce,4,2026-08-12,أسعاره غالية جدا,Positive
6e059996-3d31-4451-9c93-e377e2473443,Amazon,E-commerce,1,2026-08-12,سئ جدا لا بفتح,Negative
6428100d-24fa-44f9-a3df-3fd74a1d98fa,Amazon,E-commerce,1,2026-08-11,اسوء شركه شراء اسوء خدمه توصيل,Negative
8104e88d-b866-47b8-908f-fda780b112ae,Amazon,E-commerce,1,2026-08-11,تجربة سيئة المنتج اللى يوصلك غير المنتج اللى معروض مختلف فى المواصفات و بعد طلب تبديل المنتج يوصلنى للمرة الثانية غير اللى معروض بردوا عاجبك تمام مش عاجبك تخبط راسك فى الحيط,Negative
427b7273-8df0-4b31-8130-e6d17e8a8b3d,Amazon,E-commerce,5,2026-08-11,كويس بس مش عارف استخدمه 😂,Positive
79a9337c-e33e-46cf-a446-19fdac96f828,Amazon,E-commerce,5,2026-08-11,ممتاز وجميل,Positive
a89fdac0-582a-4a82-b314-c57a2c4d8199,Amazon,E-commerce,5,2026-08-11,شركه ذا احترافيه رائعه,Positive
1a8e53cd-6a7f-451b-9463-54b2c4fbfa9b,Amazon,E-commerce,1,2026-08-11,سيء عشان انا طلبت طلب والطلب ما جاش والمفروض الطلب ده كان يجي يوم السبت وما جاش والنهارده يوم الثلاثاء وما فيش طلب جه,Negative
cf60ec76-9d66-43c0-b4e6-bafa6651f813,Amazon,E-commerce,5,2026-08-11,ممتاز,Positive
f21d01f4-704f-4ca2-8e66-aba667741839,Amazon,E-commerce,1,2026-08-11,برنامج وحش موت بقول له هات لي اسعار الايفونات يجيب لي الجرابات كل حاجه قولها يجيب لي غيرها وانا مش هادي له اي نقطه وحش موت,Negative
541c1791-5536-488d-895d-ea0ce471642d,Amazon,E-commerce,5,2026-08-11,ممتاز,Positive
23ede6e5-7d98-451b-b5f2-7251c3dd6af0,Amazon,E-commerce,1,2026-08-11,اسوأ تجربة توصيل وخدمة ما بعد البيع ومناديب غير مهذبين,Negative
9d36fe3a-d58c-43f3-a476-7c6fb6699e41,Amazon,E-commerce,5,2026-08-11,غلايه فريش ممتازه,Positive
5e55d3ef-8501-4150-b5b0-801cecc2c789,Amazon,E-commerce,1,2026-08-11,للأسف تجربتي مع أمازون ما كانت جيدة. صار ثلاث مرات فيها أخطاء بالطلبات والتسليم. مرة يوصل الشيء غلط، ومرة يقولون غير متوفر، ومرة تأخر الموعد أكثر من أربع أيام بدون توضيح. أتمنى يحسنون خدمة العملاء والالتزام بالمواعيد.,Negative
22251e06-a9ec-45b6-8428-5e311156da59,Amazon,E-commerce,1,2026-08-11,خدمة التوصيل سيئة جداً جداً بيعطلك مواعيد كاذبه والاوردار ميوصلش في معاده ولا في العنوان لا أنصح بستخدام ذلك التطبيق,Negative
2bda6e1c-1214-4463-b908-7ccdeaa53b06,Amazon,E-commerce,5,2026-08-11,جيده جدا,Positive
b531b72c-a32a-41bc-8fcf-633922d71d1f,Amazon,E-commerce,5,2026-08-11,ممتاز,Positive
f6da03b4-43d7-4804-8a93-8555c4cb3758,Amazon,E-commerce,1,2026-08-11,ليش مافي عروض خاصه للعملاء الجدد💔,Negative
98bad793-7dbe-4791-9901-abbdb973a806,Amazon,E-commerce,5,2026-08-11,çok seviyorum,Positive
f884f265-bf4d-4b2f-a80b-3d02b53e7466,Amazon,E-commerce,5,2026-08-11,حلو وطيب أسطوري مرة حلو مرة حلو. خرافي.,Positive
d7f12150-674b-45a0-bfdd-697787ad8a97,Amazon,E-commerce,5,2026-08-11,ممتاز,Positive
5b4b805d-9dc8-4515-a5ab-43fd631216d2,Amazon,E-commerce,2,2026-08-11,لي مبتوصلوش لاغلب القرى بجد ياريت تطورو اكتر,Negative
dd764e79-6813-464d-8436-ee2d3fd6e4d3,Amazon,E-commerce,1,2026-08-11,بيقولى لا يتوافق معا الجهاز مع العلم ان جهازي اوبو اي 31,Negative
e5bc8895-2680-4dff-a457-9d1dfaed1249,Amazon,E-commerce,1,2026-08-10,لاتوجد به قطع غيار السيارات,Negative
e12edea6-0d6b-4418-935f-d3116195ec28,Amazon,E-commerce,1,2026-08-10,سي جدا,Negative
eea47b48-788f-4eb6-9c3d-a4ba238c025a,Amazon,E-commerce,1,2026-08-10,مو حلو,Negative
61e3c2ff-a2db-406c-b6a6-fa9356e45c85,Amazon,E-commerce,5,2026-08-10,ممتاذ,Positive
2821db1b-d439-4692-b0f6-acee9aeca63a,Amazon,E-commerce,1,2026-08-10,بجد بقت اسوء شركه انك تطلب منها اي حاجه بجد مفيش التزام بالمواعيد ومحدش بيهتم بيك ان الاورد وصل او اي المشكله عندك لا كل للي عليهم يقول احنا بنكتب شكوي لحضرتك ومهتم بيك ولي في اي حاجه بتتغير والاورد يخش في اكتر من اسبوع وحاجه بقت مقرفه بجد منهم وشركة الشحن للي تبعهم ده بجد منخم لله الاتنين واسواء شركة بجد بقت امازون,Negative
6b6a83da-c6bd-4725-a89d-1f5d3a8eea0a,Amazon,E-commerce,4,2026-08-10,رائعين / نشكرهم,Positive
d2939a31-a390-46b5-88bf-9fbd0ae67213,Amazon,E-commerce,5,2026-08-10,احسن تعامل بما يرضي الله,Positive
76e1499c-081f-49ee-bd0f-da797eefbca7,Amazon,E-commerce,1,2026-08-10,"The most unprofessional online purchase experience ever i had, the customer service provided only laying, and every chat or call didn't make any solutions for me I don't recommend Amazon for anyone",Negative
0ad99f95-d4d5-498c-b2d0-9f355b6f71d6,Amazon,E-commerce,1,2026-08-10,خدمه صفر,Negative
d3d9f66b-74be-4e0a-bc7a-a5a955f050b3,Amazon,E-commerce,5,2026-08-10,ممتاز يا فندم وبالتوفيق لك,Positive
2328dca6-e1e3-4bd2-bf84-aab1e437f9b8,Amazon,E-commerce,4,2026-08-10,جيد ومفيد إستمروا إلى الأمام,Positive
f2eb5878-9e82-4246-9103-63ced3faa985,Amazon,E-commerce,5,2026-08-10,ممتاز,Positive
a60f1be3-abad-4b21-b1c5-3d33cf5d0e9b,Amazon,E-commerce,5,2026-08-10,جميل جداً,Positive
19162773-27f9-4877-9e9d-a5b13ff548fa,Amazon,E-commerce,5,2026-08-10,تحفه,Positive
869cfa2c-ecc6-4087-9f9c-4ff3e744c484,Amazon,E-commerce,5,2026-08-10,ممتاز,Positive
c4839641-fb90-469c-952d-4986b0d68331,Amazon,E-commerce,5,2026-08-09,افخم تطبيق للتجار بأقل الاسعار,Positive
a1856f9f-4536-4d16-90f7-e9f1c3e88dea,Amazon,E-commerce,5,2026-08-09,ممتاز,Positive
c8ec4e67-d0f9-4eda-b0df-01c1d1bec782,Amazon,E-commerce,5,2026-08-09,الشركه ممتازه وتتميز بالصدق بطوله التعامل فقط يوجد مشكله واحده وهي الوصول لمتحدثي خدمه العملاء,Positive
101612c4-2191-478f-9382-77f546341df3,Amazon,E-commerce,5,2026-08-09,راااائع,Positive
4fed855d-b565-451c-9c69-8650a1c5efea,Amazon,E-commerce,1,2026-08-09,الاسعار مبالغ فيها!,Negative
4ec09c2c-96c8-4077-a85b-f95d9379cf16,Amazon,E-commerce,5,2026-08-09,واو,Positive
5d87da51-25b0-4437-9de3-2af147f2524f,Amazon,E-commerce,5,2026-08-08,ممتاز,Positive
8680d862-41e0-4822-be87-f38c634f360e,Amazon,E-commerce,5,2026-08-08,جميل,Positive
c078a717-f349-4dea-82df-7030ce164ec3,Amazon,E-commerce,5,2026-08-08,جيد,Positive
99f89508-c6b0-4f70-8eaa-c1f5a8102ada,Amazon,E-commerce,3,2026-08-08,شركة بنت وسخة واوسخ شركة اتعاملت معاها في حياتي حاجة قرف ب الناس الي في الشركة بشركة الشحن بخدمة العملاء محدش يتعامل معاهم تاني,Neutral
6687a55a-7a74-4100-b073-39ba38b70f1c,Amazon,E-commerce,1,2026-08-08,انصح بعدم التعامل مع امازون نهائيا اسوء تجربه,Negative
78ba7aa0-8dd0-4268-8b64-116cf6b50c88,Amazon,E-commerce,1,2026-08-08,لما غير متوافق مع الجهاز,Negative
11ef6290-a206-4f65-b3b1-c408f3e828dc,Amazon,E-commerce,5,2026-08-08,افضل تطبيق بمعنى الكلمه شكرا على هذا التطبيق الراىع,Positive
f5fa7847-e988-4968-93a7-180e19e9c9e5,Amazon,E-commerce,5,2026-08-08,جميل جدآ وبالأخص يوجد أيفون واحد أنا هذا الذي كنت أبحث عنه,Positive
6476c020-7342-4ff8-a8fb-76129dbf5484,Amazon,E-commerce,2,2026-08-08,برنامج جيد جدا للمنتجات وفي خدمة العملاء ممتاز جدا ولكنه أسوء برنامج للتوصيل ، حرفيا لو انت في منطقة نائية مستحيل يجيك المندوب لو انت ابن صاحب الشركة ، مستقبلا سيتم حذف التطبيق والتوجه لنون او الأسواق الصينية ، رفعت ايميلات كثيرة عن طريق الموظفين وأيضا المندوب يرفض شكرا أمازون على خدمة التوصيل السيئة الناس تتطور الا انتم ( النجمتين عشان موظفين خدمة العملاء اللي ارفع لهم العقال على اخلاقهم ),Negative
dfb837e7-c52a-4de6-9376-d1534c0703bd,Amazon,E-commerce,1,2026-08-08,كان الاول كويس لكن حاليا مش بيهتموا بالاوردر اذا كان هو المطلوب او لا.... خدمة عملاء محترمين بس هما في وادي وباقي المنظومه في وادي... تجربة انك تطلب منتج وييجي غيره فتعمل استبدال فبرضوا ييجي غيره يبقي تتعامل تاني معاهم ازاي,Negative
69e6cb67-0f9a-4502-a9b1-d9897b1d55ef,Amazon,E-commerce,5,2026-08-08,ممتاز,Positive
8751dda6-bd3b-4295-80f7-117ccb0d08df,Amazon,E-commerce,5,2026-08-08,اكيد تحفه 🥰🙂,Positive
f1af74dd-ba7f-4648-8a0e-0276f2db7e6f,Amazon,E-commerce,5,2026-08-08,برنامج امازون مش راضي ينزل,Positive
8b37b6c0-afc9-425a-861f-6f623f68faa5,Amazon,E-commerce,1,2026-08-08,"Nach über 7 Jahren bei Amazon war es früher gut, aber in letzter Zeit ist es sehr schlecht geworden und der Service ist noch schlechter.",Negative
f54eec73-6df5-44ba-b078-c828d1f76438,Amazon,E-commerce,1,2026-08-08,واصح فيها مشكلة ادارة التطبيق بالشكل الصحيح خدمة تسجيل الدخول مستقله عن خدمة انشئ حساب دمج خدمة تسجيل دخول مع انشئ خطاء كبير شكرا.,Negative
9737f9fb-df1f-49bb-9391-6edf9513be14,Amazon,E-commerce,5,2026-08-08,احلا برنامج تسويقي,Positive
5e9b8398-df45-4f61-8d12-6201437918a8,Amazon,E-commerce,5,2026-08-07,والله انا مجربتش بس انا كنت جايبه منه مج بس طلع تحفه وجميل اوي بصراحه ولونه جميل,Positive
7a032bd2-941b-4c26-a1c5-85667d188115,Amazon,E-commerce,1,2026-08-07,خدمه سئ جدا الطلب يجيك غير الخامه غير كل شي سئ ما في إحترام لا انصح با امازون ابداً كله نصب واحتيال,Negative
86f4b8ce-fd05-483c-8730-c9a362605d1c,Amazon,E-commerce,5,2026-08-07,مره حلو,Positive
1158c556-23d8-4737-9015-36d1562880c1,Amazon,E-commerce,5,2026-08-07,جميل جدا,Positive
245f79f2-b140-48b8-aecd-8358bfb3c153,Amazon,E-commerce,1,2026-08-07,تجربه توصيل ذي الزفت مندوب يرجع الاوردر بمزاجه وميسلمنيش مندوبين مفيش ضمير خالص,Negative
3cee8de0-3229-4600-ba7c-0139e8bd7914,Amazon,E-commerce,5,2026-08-07,عايز اعرف السعر والجودة,Positive
816d8c4e-b66f-4c75-9664-71ecf3261ce3,Amazon,E-commerce,1,2026-08-07,اسوء ابلكيشن توصيل في مصر طلبت ٣ أوردر واتلغو من غير اي سبب وخدمة الدفع عند الاستلام مش متاحة وخدمة العملاء مش بتحل اي حاجة 👎👎👎👎👎,Negative
ba7596c7-1553-46bd-a36c-d788eed23b9f,Amazon,E-commerce,5,2026-08-07,جيد جدا للتسوق عبر الإنترنت,Positive
5d83a242-4f73-44dc-a611-91beffa5ff87,Amazon,E-commerce,5,2026-08-07,جيد,Positive
de288aaa-c64f-4cc3-82a2-eda99b4f5da9,Amazon,E-commerce,2,2026-08-07,هذا التطبيق مُسئ جداً,Negative
76f1c661-75fc-47d1-8165-c0a134ee6d85,Amazon,E-commerce,1,2026-08-07,برنامج زبالة ومفيش اوردر بيوصل شغال بيكون بايظ وعن تجربه,Negative
2cb1db99-f8ab-41cd-beda-be852ac1deb1,Amazon,E-commerce,1,2026-08-07,شركة غير موثوقه ومعندهمش ادارة وتحسهم مش فاهمين او بيعملو نفسهم مش فاهمين كنت طالب منهم 2 سكوتر اطفال الي بيتزق بالرجل جه واحد فقط ومخدتش معاهم حق ولا باطل غير الفديوهات الي الواحد بيشوفها عن الموبيلات الي بتلاقيها في الكرتونه مزيفه وتجيلك مكت موبايل او طوبه او لعبه مكان الموبايل,Negative
437b7595-7986-473e-85ba-4fa6f74dd295,Amazon,E-commerce,5,2026-08-07,ممتاز خدمه رائعه,Positive
03cbe974-6eab-49d4-9a20-bdaba9e3e4d0,Amazon,E-commerce,5,2026-08-07,تطبيق جميل واسعاره كويسها ومناديب معاملتها محترمه بصراحه خمس نجوم قليلين عليه,Positive
df1e09cb-9080-4f41-8ad8-ae96bb559ef4,Amazon,E-commerce,5,2026-08-07,ممتاز,Positive
bc0754e3-c224-4ccc-ae62-8643a9f95fab,Amazon,E-commerce,5,2026-08-07,راق,Positive
c3c997be-bba5-451e-bc3d-add942165282,Amazon,E-commerce,1,2026-08-07,أسواء تعامل معها مفيش اي مصداقية في المواعيد معنهش أي حل المشاكل تقييم صفر,Negative
b9ecd199-2c3c-4a6c-b7c2-906788e8f3f5,Amazon,E-commerce,5,2026-08-07,حتجه قمه في الاحتراف والتعامل ماشاء الله,Positive
84f95526-80be-4fbe-a15f-4c40ee23fa73,Amazon,E-commerce,5,2026-08-07,خطير و تحفه بجد,Positive
12305247-1d09-4f32-a27f-87f1d0c3862d,Amazon,E-commerce,5,2026-08-06,شكرا جزيلا,Positive
07a629f2-7e01-485a-98d0-d033378d506c,Amazon,E-commerce,4,2026-08-06,زاي الفل,Positive
d3b99f7e-7869-4295-887d-1cff23b8be31,Amazon,E-commerce,1,2026-08-06,كذابين وعدم مصداقية ألغو طلبي ولما كلمتهم قال مو متوفر المنتج كذابين بس لانه رخيص وهما اساسا لو منتج مو متوفر بيكتبو غير متوفر مابكون أيقونة إضافة إلى السلة بعد ما سحبو مني بأيام ألغو الطلب,Negative
282728ba-e488-4080-89cd-b0777c420290,Amazon,E-commerce,1,2026-08-06,اوحش موقع اشتريت شنطة طلعت و حشة و موجود أن في استبدال أو استرجاع عملت كل المطلوب و الشنطة مارجعتش بيقولي خطأ غير متوقع اشتريت شنطة تانية بدل الأولي طلعت برضو مش زي الي ف الصورة و الجودة تعبانة و حاجة تخنق,Negative
8a57e331-3752-488c-9bdd-048584f44840,Amazon,E-commerce,5,2026-08-06,ممتاز,Positive
2387e8c0-231b-4075-92f8-4e0b27bafeb4,Amazon,E-commerce,5,2026-08-06,جميل,Positive
bf46ca5b-22d2-431d-8e15-f808cdc025cd,Amazon,E-commerce,1,2026-08-06,خدمه العملاء زفت صارت,Negative
064ed815-7376-4fe1-8701-eae0fe7521f4,Amazon,E-commerce,1,2026-08-06,التطبيق مايستاهل نجمة اصلا اخذو منني فلوسي وقالو تمام تم الطلب ولا بعدها بتفاجئ بيحاولو يسحبو فلوس مرة ثانية والغيت الطلب وبعدها تكلمت مع الدعم وقالو ماعليك الفلوس بترجع من يومين ال ١٢ يوم كحد اقصى واليوم ال ١٥ وكلمت الدعم وقالو مالنا دخل احنا واضح عندنا انه لم يتم سحب الفلوس منك وروح كلم البنك الخاص بك وفوق كل هذا هذي كانت اول مرة اطلب من عندهم يعني مستخدم جديد الله لا يسامحكم ويسوي فيكم عجائب قدرته هذه شركة عالمية قال,Negative
af0f337b-c35c-4ed9-8464-9bd5ea478ae6,Amazon,E-commerce,2,2026-08-06,اخطاء كتير في الواجهة زي أن السلة مكتوب فيها منتجين بس لما بافتحها بالاقي ٧ مثلا، وكل ما اطلب اوردر بيحصل عطل يخليني اعيد تسجيل دخول من الأول، وطلبت اكتر من أوردر الدفع عند الاستلام ووصلولي تمام لكن جه في اوردر معين والمندوب راح لعنوان مختلف بعيد عني جدا وبالتالي رجع الأوردر واتلغى من حسابي ميزة الدفع عند الاستلام بسبب خطأ المندوب وخدمة العملاء كلام على الفاضي بيقعدوا يقولوا بسيطة وهنحلها وما فيش حاجة بتحصل بمجرد ما تقيمهم,Negative
cb9b54f9-0b5b-4407-94ab-39a2feb8868e,Amazon,E-commerce,5,2026-08-06,التطبيق مثالي جداً,Positive
5509d4cb-2c97-4273-8857-af2fcb5f15d2,Amazon,E-commerce,5,2026-08-06,امازون افضل تطبيق للتسوق,Positive
ab33dce3-de72-4c2b-a63d-ee10f61546b9,Amazon,E-commerce,1,2026-08-06,ارجو إضفت ميزت الدفع عن الإستلام وشكرا,Negative
ae5c266e-8aa3-4ff3-bd49-c7ddaaa56f8e,Amazon,E-commerce,1,2026-08-05,التطبيق مش راضي علي الكاش يبقي حرفيا بلا فائدة,Negative
f82b1ddb-3a74-4272-a67c-32a34b4fc1fb,Amazon,E-commerce,5,2026-08-05,ممتاز,Positive
0874a0a2-3d03-44a5-a103-7ab65f6a4681,Amazon,E-commerce,5,2026-08-05,the best 👌,Positive
75654bcf-9f85-412c-80e4-452b736010ec,Amazon,E-commerce,1,2026-08-05,اسوء خدمه عملاء ومبيرضوش الفلوس ولاه بيحيبوا الاوردر صح لا انصح باستخدامه ولما تكلمهم يقولوا هنبعت اميل وفيه رابط ابعتي شكوتك عليه والرابط اصلا مش بيفتح طب عاملين خدمه العملاء ليه,Negative
0d3506dc-e613-4279-9f14-d3af0843fac1,Amazon,E-commerce,5,2026-08-05,ممتاز,Positive
b70c1881-78fb-4be7-8ba9-480ad83dfa0c,Amazon,E-commerce,1,2026-08-05,أسوأ تجربه في التوصيل معاكم أول وآخر مره اتعامل معاكم,Negative
8b72109c-663f-4bd3-92da-fda5debf957c,Amazon,E-commerce,5,2026-08-05,جييد,Positive
bd9084fd-3150-4271-9b5d-55ab35ecb277,Amazon,E-commerce,1,2026-08-05,تجربة توصيل سيئه جدا جدا ، ولخبطه وتأخير مستمر بتسليم الطلبات ، اصبح التعامل مع امازون امر معقد جدا ولا يوجد مصداقيه ابدا😡,Negative
8fb71a35-019d-4f82-8ba9-752ae760a5d9,Amazon,E-commerce,1,2026-08-05,نظام تحديد موقع سيء + مرتين يجيني مندوب و ميرضاش يوصل الأوردر بعد انتظار ثلاث ايام,Negative
bb75dcf4-4f0f-425b-a5f2-a2bbb3f48439,Amazon,E-commerce,5,2026-08-05,قمه في الاحترام والادب معامله فوق الممتازه,Positive
59d7d9b5-6de7-4cb9-adff-0a5627e39edc,Amazon,E-commerce,5,2026-08-05,ممتاز,Positive
3463dddc-9ccf-44f8-a323-90be5aec3b2a,Amazon,E-commerce,5,2026-08-05,تطبيق رائغ,Positive
6398680c-45a4-4e97-9d30-af092984c497,Amazon,E-commerce,5,2026-08-05,جميل جداااااا,Positive
db2fb350-2de0-45d8-be72-8dd20da441cf,Amazon,E-commerce,5,2026-08-05,جيد جدا,Positive
a34894f0-b602-4917-b46c-f3c7af06e7f0,Amazon,E-commerce,5,2026-08-05,رائع,Positive
30ee8797-da1e-41e8-82cb-cdf9e2a77b0b,Amazon,E-commerce,1,2026-08-05,الجوده نزلت كثير الصور صارت غير الحقيفه الي نستلمه ارجو مراعاه الناس واحترامهم,Negative
5d4de1c8-95bc-44f0-8855-50f6c72c5c6f,Amazon,E-commerce,1,2026-08-05,برنامج سيء سئ سيء جدا و طلبت كذا طلب و في الاخر مش بيوصل لا انصح بيه و عباره خدمة 24 ساعه هي عبارة كاذبه تماما,Negative
b6efdcc1-9b5c-47af-8133-935e3602954b,Amazon,E-commerce,5,2026-08-05,والله انه افضل برنامج لحد الان استخدمته من جوده من اسعار معقوله والافضل والاهم خدمة العملاء عندهم شي رهيب الله يسعدهم جميعا متعاملين وذوق واذا صارت معك اشكاليه يحلونها بااقرب وقت جزاهم الله خير امازون ليس عنه استغناء,Positive
0a2886a3-ba4e-4bab-b8fc-7d15ed2e3560,Amazon,E-commerce,1,2026-08-04,تطبيق وحش جدا مش بيتصل على العميل ولا شركه العملاء بترد,Negative
b3d32e8f-888f-4821-8790-39ac707bdf4b,Amazon,E-commerce,3,2026-08-04,احيانا بيلغو الاوردترت وكمان يكنبو تم التوصيل ومش بتكون وصلت خدمه العملاء محترمين بس ص عب الوصول ليها,Neutral
47c678ec-fd8e-4d11-9c81-146ce34790d4,Amazon,E-commerce,5,2026-08-04,ممتاز,Positive
f08f9d87-362c-45fe-a793-8b55489192c3,Amazon,E-commerce,3,2026-08-04,اول مره اجرب بس انشالله مايطلعش كذب,Neutral
5eb48cd3-41cc-4956-86b7-f65ac4e01f84,Amazon,E-commerce,5,2026-08-04,موفر,Positive
90e5cf3a-3926-41e7-9c4f-368bec3a1ec1,Amazon,E-commerce,1,2026-08-04,جيد,Negative
6ffb1a62-659b-4c48-9ea0-addf6a0b001c,Amazon,E-commerce,5,2026-08-04,ممتازة,Positive
5c75ce3b-d5bb-43de-b895-35cdbc7fce60,Amazon,E-commerce,1,2026-08-03,الأول كانت احسن معامله واسهل طريقه تواصل مع خدمه العملاء قفلو حتى الدردشه وكل سبل التواصل معاهم والله حزين على المعامله دي وانا قديم معاهم,Negative
927265bc-ccd1-4adb-9625-61b023bf3a03,Amazon,E-commerce,1,2026-08-03,اسوأ معاملة وتاخير في المواعيد دون اي احترام للعميل ..لا انصح باستخدام امازون اسوأ تجربه في التعامل ... وحتى نجمه واحده لا تستحقونها,Negative
052ca60f-9520-49db-8bf5-0c4df057d14e,Amazon,E-commerce,1,2026-08-03,والله من أسوء الشركات والمعاملة من مندوبي أمازون لعدم إحترام العملاء وللأسف انا عميل من زمن طويل.. في بعض الشركات المنافسة تتسم بالمصدقية واحترام العميل وعن تجربة هما اضطروني أدي نجمة عشان تفعيل النشر لكن للأسف نجمه كتيره عليهم,Negative
d8039541-cdb7-4a2c-9ed1-3b123388f362,Amazon,E-commerce,1,2026-08-03,تجربة زي الزفت,Negative
47b4f441-0d5e-4b68-a489-4d683fb25ef6,Amazon,E-commerce,5,2026-08-03,ممتاز,Positive
064e88f6-acc4-4d02-9531-9a0e3d404a5c,Amazon,E-commerce,1,2026-08-03,عالم مافيش احترام طلبت سماعة وجرابها خدوا عشر ايام وماجوني والاخر يقول حدث خطا وقت ما طلبت من نون جاني كل اللي طلبته لحد الساحل انتم الغرور راح ينتهي منكم,Negative
2e01aac3-92b9-4a15-a4b3-315a2c52801f,Amazon,E-commerce,5,2026-08-03,مر حلوا,Positive
b7faa9a9-f924-4ac0-8cb6-b384a7d2784a,Amazon,E-commerce,5,2026-08-03,مممتاااأاز,Positive
66e7b110-f719-4ddc-844f-65c10e8e1f2b,Amazon,E-commerce,1,2026-08-03,ليش ما يدعم جوالي سامسونج s9+,Negative
438cfa18-bb0a-4f1d-b170-a18faab03701,Amazon,E-commerce,1,2026-08-03,سي جداً,Negative
93bf9d28-afd4-4582-8db3-d2b7fc9e6e25,Amazon,E-commerce,5,2026-08-03,جيد جدا أن شاء الله سبحانه وتعالى أسبب تغير أسواق امازون كان يوجد فيه الدفع عند الاستلام والاان لايوجد فيه,Positive
ec8dea89-0e9e-4bae-9908-482a48573c16,Amazon,E-commerce,1,2026-08-03,بصراحة خدمة سيئة جدا الفترة الاخيرة بعد انتظار الطلبات يتم الغاءها,Negative
991fe757-eaed-487d-add8-63ea285b4b64,Amazon,E-commerce,1,2026-08-02,لايس جيدآ,Negative
4cbef32b-835d-4f23-b1a7-a55469f2c8ef,Amazon,E-commerce,5,2026-08-02,جيد جدا,Positive
187e0730-4c6e-4e8e-966e-be3864a2f5c8,Amazon,E-commerce,5,2026-08-02,تصحيح الخطأ,Positive
cc1d02e2-cbb0-4a28-aeb4-ef76b3a8e008,Amazon,E-commerce,1,2026-08-02,Millions wasted on misleading door to door delivery ads while drivers cancel orders with fake excuses and do anything except actually deliver the package customer service is useless nothing but empty apologies with zero real solutions instead of burning money on advertising invest in training your drivers and learn from other companies how to properly select track and monitor their couriers this is from a disappointed customer who trusted you and got nothing but frustration,Negative
f8f31080-42ce-4412-bd70-d4c2909614c5,Amazon,E-commerce,5,2026-08-02,مش بينزل,Positive
ae12a3df-12b4-417b-b5a6-8a60490be411,Amazon,E-commerce,1,2026-08-02,شركة ما تنفع إنه وحد يطلب منه أبد نصيحه من مجرب لأسباب كثيره,Negative
d4bf5980-1212-4c9c-922b-36819349aadc,Amazon,E-commerce,1,2026-08-02,خدمة العملاء لدى أمازون 👎👎👎👎👎👎👎👎 ماراح يساعدونك في الغالب الموظف ما عنده معلومة كافية عن المشكلة الموظف ما عنده صلاحيات حل المشاكل الموظفين يتحدثون لديهم بأسلوب المناظرة,Negative
7718007b-bb04-489a-ae4e-3a1bcf83be7b,Amazon,E-commerce,1,2026-08-02,شركه نصابه,Negative
3b9aa276-3ba6-465c-aef3-e4cd512f0123,Amazon,E-commerce,1,2026-08-02,فاشل ٢٠٠ وستون الف غير مدفوعات أطر للخروج منهم,Negative
7698aca2-82d8-4bb0-addf-36230f9a2a85,Amazon,E-commerce,1,2026-08-02,سيئة للغاية قمت باأرجاع طلبية كان المنتج سيئ ومع الأسف لم استرجع المبلغ بالرغم من تقديم شكوى . وتكررة معي أكثر من مرة .,Negative
f38438b3-a83b-4007-9bd9-d72d45630bfc,Amazon,E-commerce,1,2026-08-02,سيئ جداً جداً,Negative
a5e1b44e-7c64-43d6-bbc1-067d3d3b8bfb,Amazon,E-commerce,1,2026-08-02,تم اختراق حسابي من جهه خارجيه وتم شراء اشياء ودفع مبالغ من بطاقتي البنكيه وتواصلت مع خدمة العملاء وتم إلغاء الطلبات والعمل علي استرداد المبلغ المسحوب خلال 72 ساعه ولم يتم استرداد المبلغ وتواصلت مع خدمة العملاء 3 مرات اخري وتم رفع الشكوي في كل مرة للقسم المالي والآن 7 ايام وتم إغلاق التواصل مع خدمة العملاء ولم استطيع التواصل معهم 😡😡😡😡 علي الجميع الحذر وفك ربط حساباتكم البنكية مع أمازون لأن عند سحب اي مبالغ ماليه من حساباتكم أمازون لم ترد المبالغ المسحوبة وسأتقدم ببلاغ للجهات المختصة,Negative
52a0551f-3f73-4c4a-b489-8afbb6c7331a,Amazon,E-commerce,1,2026-08-02,خدمه دون المستوي موظفين خدمه عملاء اسلوبهم غيرر لائق وممكن تتنقل لو عندك مشكله يقعدو يباصوك لبعض كانك لعبه للاسف امازون بقت وحشه جدا,Negative
a6348eee-5d43-46e6-ac78-e36731ba91b6,Amazon,E-commerce,5,2026-08-02,شركه ممتازه,Positive
92e8b1d4-3af6-41ad-bc2f-7200c13185ad,Amazon,E-commerce,5,2026-08-02,ممتاز جدا,Positive
bb0c12fc-d53b-4940-ab9e-2ccb2c2b1678,Amazon,E-commerce,5,2026-08-02,ممتاز,Positive
eac65aee-f802-4a52-bb18-ed553fbd19eb,Amazon,E-commerce,1,2026-08-02,شركة فشلة بقالي شهرين ماخدتش فلوسي عملت Revand وكل شويه يقولو استنى يومين والفلوس ترجع,Negative
bed7d038-4d3d-4fa5-8f33-cfb032da8bd0,Amazon,E-commerce,5,2026-08-01,ممتاز,Positive
55c8a2ab-a978-4cfa-889e-fffcbf33ddc0,Amazon,E-commerce,4,2026-08-01,تطبيق جيد,Positive
176b3733-69f1-4df1-a947-8b8c46e5f1f0,Amazon,E-commerce,5,2026-08-01,جياد,Positive
f96293c9-5b8e-4d88-a71c-e9a362e74ec6,Amazon,E-commerce,1,2026-08-01,سيء جدا جدا كل مره اطلب مبياجوش وخدمة العملاء بتكذب بتقول بكره بعدو ومفيش حاجه بتحصل,Negative
ddff7d8b-cb0f-462e-aa5f-a6c3769aa57e,Amazon,E-commerce,1,2026-08-01,شركه استغفر الله العظيم ومندوب توصيل اسلوبه غير محترم والطلبات طلبتها يوم الخميس رنو عليا يوم الجمعه وانا في مشوار اقولهم في مشوار يقولي معتش تلعب في التلفون وتطلب حاجه خساره فيكو النجمه الواحده,Negative
aed66df1-a2c9-4f25-96b8-30059182113b,Amazon,E-commerce,5,2026-08-01,انا بعد ما كان تقييمي نجمه بصراحة لقيتكو فى حاجات استجبتو فيها بس من فضلكم اختاروا المناديب بعناية في مناديب كتير محترمة وبتخاف على شغلها وفي مناديب تانية قمة ف قلة الادب ارجوكم اسلوب المندوب واحترامه مهم.. شكرا ليكم 🙏🏻❤️,Positive
4be6f7fb-1903-473b-b9a4-e17ea096a8c4,Amazon,E-commerce,4,2026-08-01,شكراً على القائمين على هذا العمل بنسبه تقييمي جودة المنتج:- ١) جودة عالية تفوق التوقعات. ٢) المنتج مطابق تماماً للوصف و الصورة. ٣) الخامة ممتازة وتستحق كل ريال. ايضاً تقييمي سرعة التوصيل و الخدمة:- ١) توصيل سريع جداً والتغليف محكم وآمن. ٢) خدمة العملاء متعاونة و راقيه في الرد. ٣) تجربة شراء سلسة ولن تكون الأخيرة.,Positive
98e81dcd-52e1-4039-a42c-b922c49b3dd9,Amazon,E-commerce,1,2026-08-01,سئ,Negative
925f1392-e188-4861-9444-91a67b24eb0c,Amazon,E-commerce,1,2026-08-01,تحولت لاستخدام خدمات تسوق اخري,Negative
eff16dc2-a050-4568-81d2-596a121d6cc1,Amazon,E-commerce,1,2026-08-01,توصلني سلعة سيئة كل مرة المرة الأولى طلبت دولاب بلاستيك وجاني خربان ومايتركب والمرة الثانية طلبت شماعة ملابس ومو راضية تتركب على بعضها,Negative
9dca3f77-6f04-426c-a82a-54f9b3ad8648,Amazon,E-commerce,5,2026-08-01,💯,Positive
7fe31b8f-b267-471b-ac19-16a0b658069a,Amazon,E-commerce,5,2026-08-01,اقسم بالله ان امزون افظل تطبيق بنسبه لي للطلبات الاكترونيه وعليه عروظ قويه وحلوه وافظل شي انه يوصل في 3ايام بس سريع في التوصيل انصح الكل ينزله ويجرب 🫡🫡🫡 والله ممتاز,Positive
05dfdd39-76cb-4d09-8dbc-987cb845dc8e,Amazon,E-commerce,5,2026-08-01,في عندك كل ما احاول تثبيت البرنامج على الجهاز يتم التحميل وبعدها يتم اعاده التحميل مره اخري وفي الاخر يعطي رساله تعذر التثبيت ممكن اعرف السبب,Positive
b70edba4-7a0d-495f-a952-988dedac5b28,Amazon,E-commerce,5,2026-08-01,الاسعار جيدة، العروض و الخصومات تشجعك على التسوق ، أنا أبتعدت أكثر من سنة في التسوق مع أمازون ، لأنه تم إرسال الطلبية التي طلبتها في ذلك الوقت على دفعتين و لم يعجبني الأمر لأنني كانت مشغول ، و لم يكن لدي وقت لأستلام طردين لطلب واحد أنا طلبته ، عموماً إذا أستمر أمازون في نفس عروضه و خصوماته، و قام بإيصال الطلب مع مندوب توصيل واحد، فإنني لن أشتري إحتياجاتي الشخصية إلاَّ مع أمازون,Positive
3641a5d4-5685-4da7-a00b-e1d40129f309,Amazon,E-commerce,1,2026-08-01,طلبت منتج ودفعت فيزا ولم استلمه وظاهر انى انى استلمته وبحاول اتواصل معاهم مفيش رد غير آمن للدفع مقدما ولا انصح به,Negative
f9675c29-d7c1-4979-b78a-f27ac1290c15,Amazon,E-commerce,1,2026-08-01,اسسسسسوي شي تجربتي مع امازون اشتريت أغراض ولم تصل ابدااا مع اني دفعت الفاتورة والشي العجيب والمزعج أكثر فرض رسوم شهرية واحاول التواصل معهم ولكن لم احصل علي اي استقبل لمكالماتي انصح الجميع بعدم استخدام هذا البرنامج واتمنا الخلاص منهم,Negative
7a7e2059-8e62-4907-a5d6-a4d856914f92,Amazon,E-commerce,5,2026-08-01,حلو,Positive
9e25673b-46a9-4d9e-8e51-51645e61c842,Amazon,E-commerce,5,2026-08-01,ممتاز,Positive
be4e8e33-81a5-4372-9fe5-fbd73fb5f372,Amazon,E-commerce,2,2026-08-01,يجب ان يضيفو الدفع عند الاستلام,Negative
f2028073-de71-4b05-85bb-1f4c88e82987,Amazon,E-commerce,5,2026-07-31,هذة مناشدة لكل المسؤلين عن هذا المتجر للتسوق عبر الانترنت خدمة عملاء امازون والمسؤلين في الادارة معاملتهم مع العملاء سيئة جدآ وغير اخلاقية تحذير عام انتبهو من التعامل مع هذا المتجر ؟,Positive
d582391a-8ab6-4063-a547-7aa5ce0baa82,Amazon,E-commerce,5,2026-07-31,ممتاز,Positive
952dd0c3-f966-42c0-b730-bb02d8aa50df,Amazon,E-commerce,1,2026-07-31,تجربه سيئه بصراحه اول مره اتعامل مع مندوبين التوصيل بهذه الطريقة لا اسلوب ولا طريقه تعامل جيده ولا حتي اهتمام بالاوردر,Negative
3fe96211-4ba1-403f-ba99-bcf1327cc551,Amazon,E-commerce,5,2026-07-31,يعجز اللسان عن شكرهم وتعاملهم ليت جميع المواقع يتعلمون منهم ومن طريقة خدمة العملاء,Positive
b509a34b-bd8c-4597-bd81-070fc75ffb64,Amazon,E-commerce,1,2026-07-31,مو زين,Negative
5bdf2efe-5c98-4659-91c2-fef532f7d430,Amazon,E-commerce,1,2026-07-31,تطبيق زفت والحاجه بتيجي غير مطابقه للصورة كمان زودوا حكايه انه لازم اعمل اسكان البطاقه الشخصيه علشان ارجع الحاجه او استبدلها دي حاجه مزعجه جدا واضطريت ان انا اسيب فلوسى عندهم وامسح الابلكيشن,Negative
3fe177bf-f64c-4d51-887d-bbac7f2b6db4,Amazon,E-commerce,1,2026-07-31,طلبت ١٢ منتج وصل ٥ منتجات مختلف غير والوصف والصور .. ودي مشكلة متكررة .. تجربة في غاية السوء,Negative
3675b36d-5b97-4f82-8d84-5f7f525369fe,Amazon,E-commerce,5,2026-07-31,ممتاز,Positive
db9c0b78-5f01-497e-a2e4-a3a11713e329,Amazon,E-commerce,5,2026-07-31,طبيق جميل و خدمة عملاء كويسين جدا,Positive
307240a9-fdba-45ad-b129-ab4b6b67898e,Amazon,E-commerce,3,2026-07-31,👍👍👍,Neutral
c91f3b38-daf5-4166-8a3e-97103669b615,Amazon,E-commerce,5,2026-07-31,اسعار مناسبه جدا,Positive
89dc353b-13e1-4398-b847-48a72a3af051,Amazon,E-commerce,5,2026-07-30,👍🏻,Positive
5289fa2c-319c-4d59-b9be-7af9234b0fff,Amazon,E-commerce,5,2026-07-30,ممتاز,Positive
66ed3db2-36a4-4742-b5f0-7194557749bb,Amazon,E-commerce,5,2026-07-30,هذا التطبيق رائع جدا,Positive
442a7e0e-c4f5-4b2f-89e4-74d720a1d785,Amazon,E-commerce,1,2026-07-30,تجربه سئ وزفت في التعامل والفلوس مش بترجع,Negative
9b4411a8-d3f3-4c01-bdef-0dddf278ce50,Amazon,E-commerce,5,2026-07-30,شكراً 😍,Positive
a5c0cca8-c5e9-480a-8fac-a48456533e33,Amazon,E-commerce,1,2026-07-30,تطبيق سئ بيشغلوا مناديب أخلاقهم سيئة جدا جدا تجربة سيئة,Negative
a37c9a32-9b4d-47ff-8a8e-0a3214a233ab,Amazon,E-commerce,5,2026-07-30,perfect,Positive
d702404e-a879-4f13-84d9-9cceb9162d85,Amazon,E-commerce,1,2026-07-30,حسبي الله ونعم الوكيل يعنى اطلب اوردر وتطلع السماعه وجهاز كهربى مش شغال ولما ارجع يقولى استنى الغلوس واستنيت وف الاهر تجيلى ع البرنامج هدايا عشان اخدهم اشترى حاجة منكم لله,Negative
e21a6323-1a67-41df-829c-786f48316ad3,Amazon,E-commerce,5,2026-07-30,good,Positive
4f83638c-5256-4fdd-8634-bdeef08cd63c,Amazon,E-commerce,5,2026-07-30,تحفه بس عايزه ابعتو لحد م عارفه,Positive
3656378b-a5f5-42dc-8d19-6eef5e303212,Amazon,E-commerce,1,2026-07-29,السلام عليكم ورحمه الله وبركاته لماذا لا يتوافق التطبيق علي الجهاز الخاص بي ريدمي9T ارجو منكم حل المشكلة في اسرع وقت ممكن وشكراً لكم,Negative
828caa22-f22c-4ae1-a04a-31ecc8401115,Amazon,E-commerce,5,2026-07-29,ممتاز,Positive
e9e21511-4df9-4c11-9e4f-2a667eaccc7f,Amazon,E-commerce,5,2026-07-29,good ❤❤,Positive
befcc9f9-2dee-4b97-9c75-9f910ea53a07,Amazon,E-commerce,1,2026-07-29,سيء جدا رتم إلغاء الطلبات دون الرجوع إلي او تواصل المندوب لا انصح اي احد بتحميل هذا التطبيق السيء👎🏻,Negative
8782f219-faf7-4343-9d60-e4d5e6d88a56,Amazon,E-commerce,1,2026-07-29,نصب و احتيال 😭😭,Negative
683d6329-c602-41b2-b310-b03fc148d593,Amazon,E-commerce,5,2026-07-29,ممتاز,Positive
b16b574a-528f-4f14-8fc7-9d21ccdb4526,Amazon,E-commerce,1,2026-07-29,التوصيل الطالب وي هما يلغو ويسترد المبلغ بعد سبع ايام حاجه مو زين خالص,Negative
055c17e3-2a3d-4b9f-b2df-a64a5cc375d3,Amazon,E-commerce,5,2026-07-29,the best one,Positive
a32d8c7a-4921-498b-a3af-919732654d1c,Amazon,E-commerce,5,2026-07-29,رائع,Positive
5bd29f2f-c1e9-46b2-a701-f13dbb15164d,Amazon,E-commerce,1,2026-07-29,صترت لي مشكلة بطلبي ولا عد اقدر ابلغ يقول الم٩ادثه غير متوفره والمكالمة لو حطيت رقمي ما يتواصلون معي,Negative
c2c4f6f7-fcca-4ca8-8000-ce410011984c,Amazon,E-commerce,5,2026-07-29,أمازون ده حاجه كدا في حته تانيه,Positive
b24b483e-786f-41a3-b141-ff00802241b6,Amazon,E-commerce,5,2026-07-29,ممتاز,Positive
a078e9cd-1967-452c-b150-91c565c9d459,Amazon,E-commerce,1,2026-07-29,اخر تعامل المنتج يوصل مختلف والارجاع مش مجاني اخدوا ٦٠ جنيه لا أنصح به تماما 👎👎👎👎👎👎👎👎👎👎👎👎👎👎👎👎👎👎👎👎👎👎👎👎👎👎👎👎👎👎👎👎👎👎👎👎👎👎👎👎👎👎👎👎👎👎👎👎👎👎👎👎👎👎👎👎👎👎👎👎👎👎👎👎👎👎👎👎,Negative
cc5fe128-21d5-41b2-ad61-2675e6dc2150,Amazon,E-commerce,5,2026-07-28,رائع جدا,Positive
d97adb20-01f2-40d9-945d-bf9fca5b24d6,Amazon,E-commerce,5,2026-07-28,😁,Positive
7a34167f-d3c2-41a6-9780-703e9c5cdcf8,Amazon,E-commerce,1,2026-07-28,غالي جدا سيء جدا و المندوب يرمي الطلبيه من فوق السور و تتكسر عادي الوقت و الانتظار مو مهم و لا يوجد خدمة عملاء و المندوب يرمي الطلبيه و يرسلك واتساب !فوضى الوضع ما انصح تشترون منهم و لاحظت الطلبيات المخفضه معيبه فيها عيب عشان كذا عليها تخفيض,Negative
dd22a647-75aa-494d-b4b8-a14717dd7830,Amazon,E-commerce,5,2026-07-28,لا يوجد لغة عربيه,Positive
46b73ef5-8dec-4f54-99a2-00e3523cd587,Amazon,E-commerce,1,2026-07-28,للأسف أصبح أمازون تطبيق فاشل طلبت عباية وانا انتظر منذ اسبوع ولم تأتي ولا أعلم كيف اتواصل معهم ومن قبل طلبت دراجه هوائيه للركوب ووصلني صندوق العاب صغير لكني لم أخذه من عامل التوصيل ولم ادفع له النقود. نصيحه لمن يطلب من أمازون اختار الدفع عند الاستلام بعد معاينة طلبيتكم,Negative
976d5cf4-72f4-45cb-9a69-dddf81c019b6,Amazon,E-commerce,5,2026-07-28,ممتازة,Positive
b2157415-a94e-4411-af7d-dba6028be9e8,Amazon,E-commerce,1,2026-07-28,سيي جدان,Negative
abd47cab-5fb0-49a5-8b17-7b55b9acb449,Amazon,E-commerce,1,2026-07-28,اسعار عاليه..... ولا يوجد الدفع عند الاستلام,Negative
12ead193-229a-412e-90a6-ea0501fc6109,Amazon,E-commerce,1,2026-07-28,اسوء شركة اتعاملت معاها مفيش عندهم حلول لاي مشكلة لو دفعت فيزا ابقي قابلني لو منتج جه في معاده أو جالك اصلا عندهم لاست اعذار حافظينها بيقعدوا يرصوها تحس انك بتكلم ربوت مش بني ادم بيفهم,Negative
02dcd5b1-8422-4159-8366-ee7603aa1016,Amazon,E-commerce,1,2026-07-28,ده تطبيق زباله دانا هتصل حمايه المستهلك وهخرب الدنيا دول نصبين هو لو كل لى اتنصي عليه يتصل بحماية المستهلك ويمسحو التطبيق يبقى احسن ليهم بس محدش بيعمل,Negative
fa51128c-e3a6-4e86-afde-bd0938cf37cd,Amazon,E-commerce,5,2026-07-28,انه رائع,Positive
d1262dec-e8b9-475b-9aa7-588d19524906,Amazon,E-commerce,1,2026-07-27,سيئه,Negative
cdc2aa78-b1c5-4928-9e28-e2bbc98efc9d,Amazon,E-commerce,1,2026-07-27,Goods prices are exorbitant,Negative
02d1546a-f327-448c-92ef-0af6f85782b2,Amazon,E-commerce,1,2026-07-27,بجد اسوء ابليكشن مندوب الشحن عندهم فيه مشاكل كلمني ومرضاش يجي يسلمني ورجع الاوردر للشركه واعتذارات كتير واستنا الاوردر يجي تاني مع مندوب شحن تاني خالص استنا 3ايام ويقولوا اصل فيه توالف في الشحن ولازم اعيد الطلب من الاول اعيد الطلب واطلب نفس الاوردر الاوردر ميجيش لتالت مره مع تالت مندوب شحن واكلك خدمه العمله 15مره مع 15حد مختلف محدش بيحل المشكله,Negative
ad93b9ba-f752-4bd4-a7ec-c766937968d5,Amazon,E-commerce,1,2026-07-27,فيه نصب والحاجه بتيجي مضروبه,Negative
04ddee13-b515-4672-bde8-36fd032f33be,Amazon,E-commerce,1,2026-07-27,كل ما يجي رمز otp يقول خطأ,Negative
dc154aa9-4920-4b8d-9208-9956548695b9,Amazon,E-commerce,1,2026-07-27,جبت اول منتج ليا انهارده جاي من غير كرتونه دي اول حاجه تاني حاجه المنتج جاي متبهدل كده والريحه بتاعته مش حلوه تأخير في التسليم ولو انت مستعجل عليه تتدفع فلوس زياده علي فلوس الشحن الاساسيه كمان بجد حاجه مقرفه لو كان في 0 نجمه كنت قيمته بكده,Negative
4cd89133-b5fd-4002-a6df-48edf3e9ca7b,Amazon,E-commerce,1,2026-07-27,تطبيق فاشل,Negative
22acdc0f-3cc6-46d9-b5b9-f4e688c52b72,Amazon,E-commerce,5,2026-07-27,جيد جدا,Positive
3d6afd7d-e6e9-4811-a34d-d877a74901e5,Amazon,E-commerce,1,2026-07-27,لا استطيع تقديم مثلا شكوى ضد مندوب توصيل لم يكن متعاون معي في توصيل الشحنة على الرغم ان الشارع مسجل في العنوان.,Negative
a31c0f3a-502e-4d37-be12-ab4ff9e69101,Amazon,E-commerce,1,2026-07-27,للاسف التطبيق صار سيء جدا. خدمة عملاء سيئه وغير احترافيه,Negative
ec70c339-2105-4564-ad4d-26e16085f5f9,Amazon,E-commerce,3,2026-07-27,تحت التجربة,Neutral
56494300-693f-417b-8b94-fa01922977a3,Amazon,E-commerce,3,2026-07-27,كويس في تفاصيل كتيره لازم يتعاد تعديلها وتقيمها,Neutral
1b22c5ea-21b8-4a35-8f97-2b930b1e5f09,Amazon,E-commerce,5,2026-07-27,يع ماوصل بسرعه وما يجيبون اشياع مجاني 😭😭😭😭😭😭😭😭😭😭😭😭😭😭😭😭😭😭😭😭😭😭😭😭😭😭😭😭😭😭😭😭😭😭😭😭😭😭😭😭😭😭😭😭😭😭😭😭😭😭😭😭😭😭😭😭😭😭😭😭😭😭😭😭😭😭😭😭😭😭😭😭😭😭😭😭😭😭😭😭😭😭😭😭😭😭😭,Positive
e35d15a5-1072-41a3-b6bf-173356a5ba10,Amazon,E-commerce,5,2026-07-27,انا بحبوكمم,Positive
51cde900-a5e4-4849-82c5-6afd1ff7a1c6,Amazon,E-commerce,5,2026-07-26,شكرا من الاعماق,Positive
333beeba-a708-432c-bd34-b26d5d7705e8,Amazon,E-commerce,5,2026-07-26,ممتاز جدا,Positive
4ae29e6f-97f6-4800-8082-88a6b7478f5d,Amazon,E-commerce,5,2026-07-26,تطبيق جميل جدا,Positive
53d7f654-1153-44a7-9e03-6ccbd399b584,Amazon,E-commerce,1,2026-07-26,ارجو افتحو الدفع عند الستلام,Negative
b53a260b-3ef6-455f-bd43-365e5805ecdd,Amazon,E-commerce,5,2026-07-26,ناجيح,Positive
17469b03-9227-42f3-8968-5ff3b218fe56,Amazon,E-commerce,5,2026-07-26,ممتاز من جميع المجلات تطبيق سريع التوصيل واسعار مناسبة,Positive
17aad0b8-b3e0-4ed4-9030-b113e1c88012,Amazon,E-commerce,1,2026-07-26,بصراحه تجربه سيئه للغايه ومفيش مصداقيه في الاسترجاع,Negative
b4d98c3d-7def-4d24-9ea4-f83ccdba7d1e,Amazon,E-commerce,1,2026-07-26,تطبيق سي جداً جداً جداً جداً جداً جداً من اسوا التطبيقات تعامل سي أسعار غالية جوده سيه,Negative
ec238670-4086-4dde-af26-1f8ec47498f8,Amazon,E-commerce,5,2026-07-26,جميل جدا جدا جدا,Positive
9526a354-99ca-4f14-9516-3478a36cca94,Amazon,E-commerce,5,2026-07-26,ممتاز جداً,Positive
aa2b89e8-07f2-4ccf-a58c-9f1319b924e0,Amazon,E-commerce,5,2026-07-26,جميل جدا,Positive
6431dad4-9f9f-45f5-b1d2-a8047360362c,Amazon,E-commerce,5,2026-07-25,جميل جدا,Positive
82028dd0-e851-48bc-9c0a-8483d05aa40e,Amazon,E-commerce,1,2026-07-25,سيء,Negative
7a82e43a-14bb-4ca3-b8b4-94a597232214,Amazon,E-commerce,5,2026-07-25,رائع جدا,Positive
d49cd776-8535-4fdb-9555-97046e2966bc,Amazon,E-commerce,5,2026-07-25,مرره حلوه,Positive
63c5e626-e039-4b21-9b8e-53cb1e75eb2d,Amazon,E-commerce,5,2026-07-25,موبايع جيدا,Positive
201f5a6c-c187-455d-8fd3-7b0102eea75f,Amazon,E-commerce,1,2026-07-25,الاعلي سعرا,Negative
0c822bc8-0632-41e5-91d8-fbf98f917eeb,Amazon,E-commerce,3,2026-07-25,والباور بانك بكام,Neutral
b6f0678b-469b-43d2-9416-5105fd4e7b68,Amazon,E-commerce,1,2026-07-25,طلبت g29 مع اكسسوارات له ولي ثلاث ايام ماجاني والمفروض يجيني قبل يومين التطبيق صراحه سيئ جدا وما انصح فيه,Negative
b8fc9e0e-633a-4d7d-89a7-bc50ba54e427,Amazon,E-commerce,1,2026-07-25,مندوب الشحن طلع حرامي وكمان خدمة العملاء مستحيل ترد شركة بقت صفر اداء و مصداقية,Negative
bf65442b-37b1-46d4-94d8-e55a453e4fbe,Amazon,E-commerce,1,2026-07-25,يا امازون يا حرامي,Negative
a05288bd-f248-4a29-a77f-d5e2ef999f85,Amazon,E-commerce,1,2026-07-24,انا للأسف عميل Prime أسوء خدمة وردود ألية من خدمة عملاء عديمة الجدوى و طلبات بتتغلى بعدها بأكثر من 10 ساعات نصيحة محدش يتعامل معاهم غير Cash.,Negative
05aca4d8-d38b-4550-afdc-17baa46d42ca,Amazon,E-commerce,1,2026-07-24,ازاى لشركة كبيره معندهاش خدمه عملاء يعني انا استنى يقول لي خرج للتوصيل من الساعه 9:30 الصبح في الاخر يجي لي الساعه 10:00 بالليل يقول لي هيسلموا لك بعد يومين يعني انا ضيعت اليوم انا على الفاضي بوظته لي انت اليوم عشان خاطر انا قاعد مستني الراجل مش عايز امشي كل ما ادور على خدمه عملاء ما فيش خدمه عملاء اصلا,Negative
f595edc0-1be7-43f0-98cc-c5c568d0a6fe,Amazon,E-commerce,5,2026-07-24,ممتازه جدا,Positive
d445af5f-cd90-493f-ac7f-7bbaff82b674,Amazon,E-commerce,5,2026-07-24,تطبيق ممتاز جدا فعلا,Positive
f8bff788-d788-4bfa-bae1-d111860a8110,Amazon,E-commerce,5,2026-07-24,بصراحة والشهاده لله تطبيق افضل من ممتازمن كل النواحي شكرالكم ..,Positive
21bb34fa-8f39-40ad-ab81-8ebab46215ef,Amazon,E-commerce,1,2026-07-24,شكرا على الخدمه الفاضله هذه ❤️❤️ فعلا افضل شركه من نوعها خدمه العملاء 24 ساعه ومرحبين جدا وودودين جدا جدا عكس منافسهم ن (:,Negative
4a93d3ee-eb36-492c-9bff-0debd8da3f38,Amazon,E-commerce,5,2026-07-24,جيد,Positive
530e9791-5c59-4cf6-baf3-a484aa97cfe3,Amazon,E-commerce,5,2026-07-24,تحفة ولا يخطئ أن كتبت اي شي أنا انصحكم بالتجربة الان 😍😍,Positive
e1230460-8021-4c0a-870f-9ccf6dec38f0,Amazon,E-commerce,1,2026-07-24,اقسم بالله العلبة جتلى فاضية محدش يخاطر 😡,Negative
08051b95-93bc-4847-b8a8-5b6fd0c0b65e,Amazon,E-commerce,1,2026-07-24,حرمني من امازون علشان موبيلي بشريحة سامسونج ١١ بوصة,Negative
8437af8e-f493-4fb7-9eae-6bc62c372794,Amazon,E-commerce,5,2026-07-24,تطبيق جيد جدا ومعامله راقيه نعم ارشحه,Positive
e2968855-96a5-4b43-b3e7-7dc5a5867a5a,Amazon,E-commerce,1,2026-07-24,للاسف أصبح امازون مؤخرا يقوم بعمليات احتيال فقط طلب منتح وتم ارسال منتج خطأ وعند قيامى بإرجاع المنتج لم استرد النقود أو المنتج وكلمت خدمة العملاء أكثر من مرة ولا يوجد أى حل الخطأ كان من قبل امازون فى ارسال سلعة خاطئة والرد لا تسترد أموالك حتى ترسل السلعة الصحيحة فكيف ارسل السلعة الصحيحة وهما أرسلوا لى سلعة خاطئة أنها عملية نصب علنية وحتى الآن لم استرد اموالى من امازون منهم لله,Negative
37b38e1f-4de6-4f62-a59c-22cba921ef3f,Amazon,E-commerce,5,2026-07-24,جميله,Positive
64902e3c-1790-46e2-b80d-0decd9a7a0a6,Amazon,E-commerce,5,2026-07-24,ممتاز,Positive
b6da7bb3-50c9-4c8d-8540-79b147c39bc6,Amazon,E-commerce,5,2026-07-24,ممتاز,Positive
1d96f28c-b971-4090-882c-7dc8275c7395,Amazon,E-commerce,5,2026-07-24,تطبيق رائع,Positive
707f2ae0-1a47-4c90-abb7-9bd1e0613a3a,Amazon,E-commerce,5,2026-07-23,جميل جداً,Positive
5246927d-414e-4c0a-abd3-bca6ce24cb73,Amazon,E-commerce,1,2026-07-23,المنتجات مش بتيجي نفس الصوره وبجوده زفت والمندوب هزأني اكتر من مره🤢,Negative
794a3092-a2e9-4c5c-a5cc-09782aff85a9,Amazon,E-commerce,4,2026-07-23,ممتاز وحلو بس معلق على التليفون خنتهنل عزيمتي قعتل بس البرنامج ده يا جدعان حلو حلو قوي قليل عليه كلمه حلو قوي تخاطر وعليه كل حاجه مش اسمه نون برده عليه كل حاجه عروضات هو بيبقى زي واول من بجي ما في كاس عالم نون تتوقع الماتشات انا توقعت ان هيديك 5000 جنيه تشتري بهم على حسابك ❤️❤️❤️❤️❤️❤️❤️❤️❤️❤️❤️❤️❤️❤️❤️❤️❤️❤️❤️❤️❤️❤️❤️❤️❤️❤️❤️❤️❤️❤️❤️❤️❤️❤️😍,Positive
feece3ed-ba76-4fbc-82ae-9293ddb98562,Amazon,E-commerce,5,2026-07-23,ممتازه,Positive
b3925d60-7b5d-4ec6-9b65-ca6c89bf0526,Amazon,E-commerce,5,2026-07-23,دقة فى المواعيد والتزام تام,Positive
97bfcd86-ab0a-445b-b02f-f2491911a7f2,Amazon,E-commerce,1,2026-07-23,حذف تطبيق استرجاع الاموال,Negative
710162a0-ccf5-4b56-84d0-e98828ca3a21,Amazon,E-commerce,1,2026-07-23,تجربة سيئه للغاية السعر المحدد 79 درهم وهذا تم دفعة عن طريق تمارا لماذا إذن رسوم إضافيه 9.52 رسوم الشحن والتسليم و10 أخرى إضافيه رسوم الدفع عند الإستلام وضريبة 4.72 هذا شئ مقزز للغاية هل هو إستغلال أم ماذا لا أنصح أحد بالشراء من على أمازون,Negative
cc895e5c-d5c5-4d77-8fb3-d47e744d483c,Amazon,E-commerce,4,2026-07-23,كويس بصراحه,Positive
11658864-24c3-4f28-ad37-d280574a5261,Amazon,E-commerce,1,2026-07-23,وصلني طلب غلط ورجعته وللان مارجعت الفلوس اين الارجاع السهل والمجاني مافي سهل,Negative
2bdef7f6-9550-43e7-b054-97e94f5c4b67,Amazon,E-commerce,5,2026-07-23,رائع جدا,Positive
e64d8ef8-01a3-4103-b88a-e940b6125748,Amazon,E-commerce,5,2026-07-23,♥️♥️♥️,Positive
f1da4bff-4f34-469a-8105-1dd40efe3779,Amazon,E-commerce,3,2026-07-23,جيد,Neutral
49b65eef-e6bf-4fe1-804b-b0822e6c1f36,Amazon,E-commerce,1,2026-07-23,"انا قمت بطلب شراء ""بروجيكتر U320 سمارت اندرويد"" بتاريخ 21/7/2026 من [امزون مصر] وتم استلام الشحنة بتاريخ 22/7/2026 ولكن عند الاستلام تبين ان المنتج المستلم هو ""بروجيكتر y300"" وهو منتج مختلف تماماً واضعف وليس كما تم الاتفاق. اطلب: استبدال المنتج بالمواصفات المطلوبة U320 او استرداد كامل المبلغ. فر اقرب وقت. ولكم جزيل الشكر",Negative
7744286e-a61d-445e-a1f4-3f2f7b52c797,Amazon,E-commerce,1,2026-07-22,سيئ,Negative
6e815b03-cdde-411b-9597-a304d2fc4a98,Amazon,E-commerce,1,2026-07-22,الدفع عند الاستلام لايوجد,Negative
a35d1250-c1de-4816-bc71-17cf7b9654b7,Amazon,E-commerce,1,2026-07-22,اةسخ تطبيق بس جبت الحاجه ولو فيها غلط وعاوز تستبل كتير حقراء ومابردو عليك,Negative
2e8a8f18-8ead-4e02-8f4f-dbafe21bee3d,Amazon,E-commerce,2,2026-07-22,وحش اوي ميزة الدفع عند الاستلام احيانا تكون غير متوفرة,Negative
14b82b15-baaf-49a1-9798-5356be2891f3,Amazon,E-commerce,5,2026-07-22,ممتاز,Positive
70c848ae-6bc5-4cd7-a36c-8d305d491df0,Amazon,E-commerce,5,2026-07-22,ممتاز,Positive
ab34eb18-ac71-4480-a5af-0a2ac0447f50,Amazon,E-commerce,5,2026-07-22,ممتاز,Positive
e9cd64a1-9469-4736-a5f2-f2660a194c28,Amazon,E-commerce,5,2026-07-22,ممتاز,Positive
964b86aa-ad0b-498d-b5c0-c76d347f1274,Amazon,E-commerce,1,2026-07-22,تطبيق سيء للغايه اطلب المشتريات من عليه ولم يتم التوصيل بالرغم انا دافع توصيل مستعجل اكثر من سبعه ايام ولم يتم توصيل الحاجه بصراحه تطبيق سيء سيء سيء,Negative
8378e904-b862-4dc8-ac89-36d7aa12bd31,Amazon,E-commerce,5,2026-07-22,جيد جدا,Positive
b2fd7178-adba-47be-b2a4-63b4c4d15372,Amazon,E-commerce,5,2026-07-22,ممتاز,Positive
e817f24a-a426-4009-a450-8fdfae899d47,Amazon,E-commerce,5,2026-07-22,رائع,Positive
79c704de-ed14-44ca-8059-ed05c67a58ef,Amazon,E-commerce,5,2026-07-22,جودة وامان وثقة,Positive
03bd602d-8757-4084-8008-19bcfd62a56d,Amazon,E-commerce,5,2026-07-22,شركه نظيفه و المدير بتاعه فحل يبويا,Positive
43d0c0ea-0a49-45d3-91be-4c1334ada943,Amazon,E-commerce,5,2026-07-21,ممتاز,Positive
da00fe70-b9a9-4015-89a9-ed1f9d98f4cf,Amazon,E-commerce,5,2026-07-21,جميل,Positive
153ac70f-f235-4c1e-b203-641386061ad5,Amazon,E-commerce,1,2026-07-21,اول مرة استخدمة واخر مرة استخدمة,Negative
40cbbbf8-f62a-4099-a0c7-30b02116ecde,Amazon,E-commerce,5,2026-07-21,❤️‍🩹❤️‍🩹,Positive
6b6d36be-5cf5-4403-a97d-49ce4ca6bb03,Amazon,E-commerce,1,2026-07-21,سئ جدا,Negative
316c7b6c-3b9a-40bd-a823-95d39676d179,Amazon,E-commerce,5,2026-07-21,رائعين .. شكرا لكم 🙂🙂,Positive
a99f4ff0-d07a-41f1-b3c2-07ce69c0806c,Amazon,E-commerce,5,2026-07-21,ممتاز,Positive
6a231301-71d2-49fa-9d33-8f3bbba0bc40,Amazon,E-commerce,1,2026-07-21,اسوء تطبيق تعاملت معاه طلبي قعد اكثر من 25 يوم طلب ماوصل و تواصلت معاهم يقول الطلب ملغي معنو قبل اسبوع قالو راح يتم تعويضك الحين تواصلت معاهم قالو لغو الطلب و انا مدري انه تلغئ,Negative
24904973-615c-4c80-b555-c1339407907c,Amazon,E-commerce,5,2026-07-21,ممتاز جدا,Positive
391596e3-7ee1-4d35-8cf6-63fe5d332453,Amazon,E-commerce,1,2026-07-21,خدمة التوصيل سيئة جدا والدليفري غير متعاون وسي جدا,Negative
8b9d1a70-a9f4-4ef9-8248-d829d6711ed2,Amazon,E-commerce,5,2026-07-21,good,Positive
beb1a6c3-5be3-4cad-a35e-4b4b426d84b2,Amazon,E-commerce,5,2026-07-21,جميل جدا,Positive
07b4cb7d-f9f0-4d7a-84d0-16be0372381d,Amazon,E-commerce,5,2026-07-21,ممتاز,Positive
0ab35392-83f7-44b4-ba17-d806065d8600,Amazon,E-commerce,5,2026-07-21,ممتازة,Positive
18b6b3c1-9bc3-48d6-b555-e9a8a44aab5a,Amazon,E-commerce,5,2026-07-20,Thank so much,Positive
3f5d6ec7-2792-476b-9be7-5d42db47d3f2,Amazon,E-commerce,5,2026-07-20,ممتاز,Positive
8990ff78-ef50-4dc8-8b0f-1e0e14d7407e,Amazon,E-commerce,5,2026-07-20,هذا التطبيق رائع,Positive
7831f95e-729b-422e-a93d-603b56500d08,Amazon,E-commerce,5,2026-07-20,افضل تطبيق شراء سلع ❤️🧡💛💚💙💜🤎🖤,Positive
119dbf80-d11a-4141-8fc0-72d2759496d1,Amazon,E-commerce,1,2026-07-20,اوقع خدمة على الاطلاق لو خايف على كرامتك بلاش تجيب منه حاجة هتلاقيها فى المحلات ارخص بكتير,Negative
96dde607-1031-4be9-8c12-9f111af64551,Amazon,E-commerce,5,2026-07-20,تطبيق ممتاز جدا والله 🤍❤️💙💜,Positive
3ed01fa4-ba0e-4e64-babd-2af45b96196d,Amazon,E-commerce,1,2026-07-20,"بعد مماطله ٣ شهور ورفضهم رد الأموال ٨٩٩ ريال سعودى رغم تقديم كافة الأوراق التى تثبت رد المرتجع عبر البريدالسعودي وتسليمه ، قدمت شكوى عبر تطبيق بلاغ تجارى لوزارة التجاره السعودية 🇸🇦، وتم رد اموالى رغم انفهم ورغم انف فريق a-z , شكرا بلاغ تجارى .",Negative
9ac73d70-b140-4fb3-86e3-5d48019d917d,Amazon,E-commerce,1,2026-07-20,شركة سيئة جداً جداً ولا أنصح بالتعامل معها ... وهي لاتملك هاتف ولاتتواصل مع العملاء بشكل مباشر بحيث لو وقعت لك مشكلة فلن تجد من يساعدك وتكون قد ضاعت أموالك ...,Negative
d7677420-32b9-4da2-9554-a59df92b1818,Amazon,E-commerce,1,2026-07-20,سيء لإنه كان يتوافق مع جهازي و الان لا يتوافق علي الرغم من انني امتلك جهاز لوحي اندرويد 15 فعجبا لماذا لا يتوافق و المتصفح ايضا لماذا لا يقبل الدفع عند الاستلام على الرغم من انني لم اقم بأي عملية ارجاع للمنتجات و لم ارفض استلام اي منتج و دائما اتأكد انني اشتري من البائع امازون و ليس متاجر خارجية فلماذا الدفع عند الاستلام متوقف التطبيق كان زمان جميل لكن الان اعطيه عشرة تحت الصفر خدمة سيئة للغاية,Negative
6d146e55-23be-442c-a2b1-bf587740fe9f,Amazon,E-commerce,5,2026-07-20,حلو,Positive
80bdbcf1-b7c4-4fbf-aea5-ffcc2fecf813,Amazon,E-commerce,1,2026-07-19,المعامله سيئه جدا و خدمه العملاء غير محترمه و معندهمش حلول لأي مشكله رجعولي الشحنه بدون الرجوع لي كعميل و حولت لبرايم بعديها بفتره و بردو لغو الاوردر لأن المندوب تلف الشحنه كلمت خدمه العملاء ال اصبحوا مصريين و قالي أنه معندوش حل و ميقدرش رجع ليه الشحنه لكن هيرجع الفلوس و قوله أنا عايزه الشحنه مش الفلوس يقولي معنديش حل ودي مش اول مره بجد بقوا سيئين جدا,Negative
4a2653fe-9b02-4bfd-bcba-462584be08ff,Amazon,E-commerce,5,2026-07-19,ممتاز,Positive
45f83e5e-999b-4650-9cc4-d3d7c87c2868,Amazon,E-commerce,1,2026-07-19,مش حلو علشان الدفع بلفيزا,Negative
7dd36480-4fe0-478f-b1a7-cacfa1c3e5e4,Amazon,E-commerce,5,2026-07-19,التعامل مع أمازون قمة فى الاحترافية سواء فى مواعيد التسليم أو الارتجاع للمنتج أو التعامل مع خدمة العملاء لهم منى كل الاحترام والتقدير,Positive
a205638f-6190-4d31-9321-39e5148dc1be,Amazon,E-commerce,5,2026-07-19,اجمل تطبيق,Positive
67bae9d0-0b19-4191-bf59-66c940bda9d1,Amazon,E-commerce,2,2026-07-19,جيد جداً لاكن توقف عن العمال على جهازي ردمي 9 t,Negative
fc54716e-bca6-4568-bc38-a8bec39af38f,Amazon,E-commerce,1,2026-07-19,انا طلبت اغراض والمندوب راح موقع تاني ورفض ياتي اللي وتم التواصل مع خدمة العملاء الجوال ولم يتم حل المشكلة وتم الغاء الطلب ولم تأتي الفلوس الي الان,Negative
9cc46138-3076-4e49-a4ad-a7cec6e78b90,Amazon,E-commerce,2,2026-07-19,علشان بعد مطلبت طلب وقلى تم بعد كده فلى اتلغى,Negative
4ec21d7f-fa2e-4f9a-850f-0f90e1106861,Amazon,E-commerce,1,2026-07-19,في الفتره الاخيره في ناس اتكلمت عن ان في ناس تبع ناس من امازون بيخدوا ارقام البطاقات عشان يشتروا بها حاجات ثانيه من اماكن ثانيه,Negative
5b537b6d-abd4-4857-9c83-013f8be1ad17,Amazon,E-commerce,1,2026-07-19,هوا الاسعار فيه جميلة وكل حاجه بس الفلوس اللي بتروح مبترجعش كنت طالبة شوية حاجات ليا ولغيت الطلب المهم المندوب خد الفلوس كلها مع فلوس الطلب اللي رجعتو وقالي شركة امازون هتبعتلك فلوسك من خمس لسبع ايام وعدا عليها نص شهر اهو ومفيش حاجه رجعت جيت اتواصل مع الشركه بيقفلو ف وشي علطول اسوء حاجه عمتا نون احسن منكو,Negative
e9b673ca-3e49-44d8-a5ff-fa8006c14a2f,Amazon,E-commerce,5,2026-07-19,ممتاز جدا,Positive
b8d99ce7-0aa5-4d81-9ad4-d64fdc49b4e5,Amazon,E-commerce,1,2026-07-19,اسوء تطبيق شفته في حياتي خدمه التوصيل زى الزفت واسلوب مندوب التوصيل زباله وتشتري المنتج من برنامج وتدفع اون لاين تقعد 10 ايام مستني المنتج يجي لك تكلم خدمه العملاء يرضوا عليك بكل احترام ويقولوا لك المشكله مع شركه الشحن ويفضلوا يلقفوك لبعض حاجه اخر اهمال واخر قله تقدير,Negative
adc06bce-1abe-4dbf-86c0-e0d78919df71,Amazon,E-commerce,5,2026-07-19,تطبيق جميل و سريع في توصيل جدا اذا كنت جاد في شراء ا,Positive
26b98f84-2064-475e-9a7e-190eeed70ec6,Amazon,E-commerce,1,2026-07-19,سلام عليكم يا امازون انا طلبت طلبيه انتم تغفلون حسابي ليه كيف احصل طلبيتي ابي احل ارجو ردد,Negative
be35bf0c-14f5-493c-a586-0d7b6e3a486f,Amazon,E-commerce,5,2026-07-19,أفضل تطبيق في العالم,Positive
287a02df-9c0f-4ee1-bd0c-72b6a6e92ad6,Amazon,E-commerce,5,2026-07-18,جميل,Positive
bf33f5af-b599-4cbc-8a76-cc954eb945c6,Amazon,E-commerce,1,2026-07-18,لو في اقل كنت حطيت..... اسواء استخدام,Negative
bfca0399-ec84-4442-8feb-4fb5dee3846d,Amazon,E-commerce,5,2026-07-18,ممتااااز جدااااااا,Positive
594f34dd-02ff-42dc-b616-f3997cdadfe3,Amazon,E-commerce,5,2026-07-18,ممتاز,Positive
b59ddd50-4c95-4538-9dca-9291d596d28d,Amazon,E-commerce,5,2026-07-18,ممتاز,Positive
ed6cff7e-3d6e-458b-8355-0fdc8f32680e,Amazon,E-commerce,5,2026-07-18,جميل ورائع,Positive
0b3eafef-241f-4c27-80c8-db46d752cdeb,Amazon,E-commerce,5,2026-07-18,تطبيق وحش جدا جدا التوصيل بتاعه الزفت الطلب بيوصلش اساسا شركه الشحن وحشه قوي قوي قوي قوي قوي قوي قوي قوي وفي الاخر تقعد اسبوعين ثلاث اسابيع وفي الاخر الطلب برده ما يوصلش,Positive
8a23bd4d-263a-4386-b50f-bf2abbd01790,Amazon,E-commerce,5,2026-07-18,ممتاز,Positive
f690c804-b946-4649-b06e-5f1cf6468746,Amazon,E-commerce,1,2026-07-18,وحش جدا طلبت سماعة اشتغلت شهر وباظت,Negative
4e03cbd6-cd54-47b0-8382-a23cd4e5a3f5,Amazon,E-commerce,5,2026-07-18,ممتاز,Positive
e5f46275-c251-4e98-8104-82723ddc5e53,Amazon,E-commerce,1,2026-07-18,الأسعار غاليه فيه الرجاء مرجعه الأسعار و عمل تخفيض,Negative
08a886d3-894c-4067-ad1c-38fd52480788,Amazon,E-commerce,5,2026-07-18,رائع,Positive
f84bbe52-05ea-47de-9865-fca4eb1dc7f9,Amazon,E-commerce,5,2026-07-18,ممتاز,Positive
9bdddc24-96e9-4d69-91c4-c2adb2c63d49,Amazon,E-commerce,5,2026-07-18,ممتاز والله,Positive
37dae77d-79cb-441f-90c0-5931ac18e37e,Amazon,E-commerce,5,2026-07-18,رائع,Positive
a3b5026c-fc84-4130-b0d4-13ec4c86d682,Amazon,E-commerce,1,2026-07-18,مغالطين تطلب طلب يجيبون لك غيره غير صادقين تطلب شي يجيبون لك غيره نوعيه ارخص انا طلبت ميزان للشناط السفر بسعر 480 جابو لي ابو 190 سيئين جداً واخس برنامج تعاملت معه بحياتي غير صادقين ومافيش عندهم امانه,Negative
bac537be-6b0b-40e1-a141-c2abe632d3a2,Amazon,E-commerce,1,2026-07-17,نصاااااااااابين,Negative
8f0e45cd-f37c-423f-82e6-404636a70981,Amazon,E-commerce,5,2026-07-17,ممتاز المصداقيه ميه في الميه,Positive
e1817db5-caf0-4efd-813d-1545ffdc8faf,Amazon,E-commerce,1,2026-07-17,لا يستحق حتي نجمه واحده اصبح من اسوا البرامج كله نصب شريت ساعه وعند الاستلام لقيتها فيك حبيت ارجعها بقالي اكتر من شهرين وكل مره يرد عليا شخص مختلف رفعنا طلب وحتي الان لم يتم التواصل👺,Negative
707c2a50-29a3-4268-9a52-2a90346daad8,Amazon,E-commerce,5,2026-07-17,شكرا,Positive
138265dc-fec0-4c40-9ec8-1bfb775d8f3e,Amazon,E-commerce,2,2026-07-17,سي جدامثبت عندى اعطيه تفعيل مش بيتفعل احاول احذفه مش بيتحذف,Negative
d6fe436e-5e72-469d-9bf9-9a53556a1762,Amazon,E-commerce,5,2026-07-17,جميل جدا ورائع جدا,Positive
d0aa84d2-2e52-4ff7-8ce4-63b1d7b2984f,Amazon,E-commerce,5,2026-07-17,احسن شحن واحسن خامات منتج والمناديب ف قمه الاحترام🥰,Positive
c9a704b9-73ee-4119-a4d5-555964aa713b,Amazon,E-commerce,1,2026-07-17,رجعت عندهم منتج ولا رجعو فلوسي كلمتهم و قاعدين يصرفوني و مقيدين حسابي بدون سبب لا اقدر اطلب ولا شي حسبي الله ونعم الوكيل,Negative
163123ab-332a-48b2-a567-b607fd0a05c7,Amazon,E-commerce,5,2026-07-17,تجرب رائع,Positive
b4669254-8c72-4730-92dc-18b0d9395250,Amazon,E-commerce,1,2026-07-17,أسوأ موقع اولاين تطلب سلعه يقلك لا يمكن توصيلها إلى موقعك ما يستاهل حتي نجمه,Negative
81d32c36-0bfa-4c7a-9ce6-83fba74b104e,Amazon,E-commerce,5,2026-07-16,ممتاز,Positive
02116ef2-9349-48a8-aba6-c84ab9086c8c,Amazon,E-commerce,3,2026-07-16,طلبت طلبية و بعد فترة الانتظار كان مكتوب يتم التوصيل اليوم لكن اتفاجأ لما دخلت التطبيق عشان اتتبع طلبيتي القاها ملغية و لما اتصلت لخدمة العملاء قالوا انه خطأمنهم و قال ارجع اطلب من جديد و لما جيت اطلب لقيت العروض خلصت و الاسعار زادت و حاولت من امس أتصل عليهم اقولهم انه هم سبب الغاء الطلبية و عشان يشوفوا حل !!,Neutral
44242f6a-e8c5-4388-a65a-b532f157e05d,Amazon,E-commerce,5,2026-07-16,تطبيق معروف .فيه كل ما يحتاجه الشخص تقريبا .مميزاته في الاسعار وسرعه التوصيل والخدمه . انا استخدمه بشكل شبه يومي . يحتاج تطوير لقسم الملابس وطريقه المقاسات حتى تكون حسب العرف عندنا . وتوضيح طريقه الضمان للاجهزه الكهربائيه والالكترونية .,Positive
eafac063-7d1e-4864-a6ee-312ab1e676b3,Amazon,E-commerce,1,2026-07-16,التطبيق سيء جدا للغايه بل اقل تطبيق استمتعت به في حياتي التطبيق زي الزفت ما فيهوش اي حاجه ولا يستحق ان هو يبقى نمبر وان ولا حاجه تطبيق ده وحش جدا وما انصحش ان اي حد يجربه وانا ضيعت النت بتاعي على الفاضي,Negative
cfd7842b-a535-4a08-9e47-e409326092db,Amazon,E-commerce,1,2026-07-16,برنامج سئ جدا لا انصح به,Negative
dc17046b-d4c3-4f8d-b08f-b47b4236bb3a,Amazon,E-commerce,5,2026-07-16,ok,Positive
bdd0c459-57fc-46ee-927d-15fc15fa5602,Amazon,E-commerce,2,2026-07-16,جيد,Negative
779e915d-df46-484c-9004-96d94a59c03e,Amazon,E-commerce,1,2026-07-16,تأخر الطلب كثيرا,Negative
465bba1f-9643-490b-8931-fd878d2ed667,Amazon,E-commerce,1,2026-07-15,👎👎,Negative
7e1edbcf-1944-47d9-b194-4a6349f2fe4f,Amazon,E-commerce,5,2026-07-15,برنامج جيد جدا,Positive
c36aca4c-a905-4394-83f4-a2a78320ddc4,Amazon,E-commerce,1,2026-07-15,كويس جدا,Negative
e4aff5fc-5f8b-4f72-b60f-655f12dd3bb0,Amazon,E-commerce,1,2026-07-15,لا يوجد بعض المنتجات وخاصة المكملات الطبيية,Negative
0a2e09d1-e46e-4fff-8685-8f62c7e53ed1,Amazon,E-commerce,5,2026-07-14,رائع,Positive
bb9300a5-87d5-45e4-9897-fbc504e4ef04,Amazon,E-commerce,5,2026-07-14,ممتاز,Positive
823096ff-4b96-4518-911f-e821a00f2454,Amazon,E-commerce,5,2026-07-14,تطبيق متكامل بمعنى الكلمة,Positive
d5b03369-2674-401e-9ad1-1092a6c3dd70,Amazon,E-commerce,1,2026-07-14,خدمة سيئه جدا اول تعامل معاهم والطرد كان خلاص المفروض يكون وصل قالوا حصل مشكله واتأجل خدمات التوصيل العشوائيه علي الصفحات المجهوله بتوصلي الحاجه في ميعادها وبتتعامل معاك افضل من كده صفر,Negative
a4e620e1-cec8-4965-8334-b604ba3e4260,Amazon,E-commerce,5,2026-07-14,تحفه وسهل و سريع,Positive
119f20f2-329f-42c5-bb79-437b96aa76e7,Amazon,E-commerce,1,2026-07-14,التطبيق سيء جدا اشتريت منه ايد في اسبوع خسرت مع انه انا ما استعملتها غير مره واحده وخسرت على الفور لا تجربون هذا التطبيق انه سيء جدا يجيب حاجات مستعمله,Negative
b7146eb3-5fa2-4f7a-93ae-d1276c6b5747,Amazon,E-commerce,3,2026-07-14,مفيش كل حجه عايزه لازم تحطو كل حاجه فيه عشن مروح اشتري من مكن آخر,Neutral
2d9f266c-e49a-42a8-8e63-65e5326e7b26,Amazon,E-commerce,5,2026-07-14,افضل تطبيق للتسوق بسبب ميزة خدمة العملاء يحلون لك اي مشكلة في اقل من يوم...👍👍👍,Positive
9694bc69-9477-4ce8-b138-a2ea45ffd9ed,Amazon,E-commerce,5,2026-07-14,شركة محترمة,Positive
466a29e1-76fa-42a2-a3d1-95a1cb326f9a,Amazon,E-commerce,1,2026-07-14,الامازون طلبي متئاخر و اشتريت هاتف لكن طلبي تاخير 😡,Negative
5057ee17-5b34-44c7-bfb8-cd560526181e,Amazon,E-commerce,3,2026-07-14,لاتوجد العملة العراقية في هاذة التطبيق ارجو اضافتهة,Neutral
3f3ac4bf-f4d6-4485-8cc0-c73672e084d6,Amazon,E-commerce,5,2026-07-14,مممتاز,Positive
f9440dce-bbb8-4ab7-a517-a39a96cfc380,Amazon,E-commerce,5,2026-07-14,ممتاز,Positive
9b56e4f5-26e0-4159-bf86-eea780db7147,Amazon,E-commerce,5,2026-07-14,Excellent,Positive
357cb53e-6c15-4022-81bb-630d6657490f,Amazon,E-commerce,1,2026-07-14,اسوء خدمة عملاء كلام بس على فاضي ومافي اي فعل و وعود كلام بس واسوء مناديب,Negative
d8eef892-323b-4d55-be55-ebbf4d2b981e,Amazon,E-commerce,5,2026-07-14,شكرا ليكم,Positive
3a347232-bf07-4862-98ed-3032171fec91,Amazon,E-commerce,3,2026-07-14,البرنامج المشكله اللي هو اللي بتطلب حاجه لازم بطاقه لعبه بيبقى فيها الفلوس او فودافون كاش ودي حاجه مش حلوه انا عايز هو ماليكو ادفع الفلوس كاش فنفسي تتحل المشكله دي,Neutral
6c52162f-5fff-45a4-8d9d-a5998b4ece87,Amazon,E-commerce,1,2026-07-14,برنامج زباله اول حاجه تبرج ثانيا إستهزاء بالدين برنامج لا يستحق التحميل المسلم الحقيقي الذي يؤمن بالله لا يحمله,Negative
76fa9bb7-3b33-401c-b3ec-b2c0129dd6f5,Amazon,E-commerce,4,2026-07-13,❤️❤️❤️❤️❤️,Positive
147ec672-fb97-432e-ab24-91d42b3a48ed,Amazon,E-commerce,5,2026-07-13,good,Positive
413d5108-d76a-41d3-8c1f-9139dfec33a4,Amazon,E-commerce,1,2026-07-13,اسوء متجر واسوء خدمة وليس لديهم اي مصداقية,Negative
d5874d4d-8eee-4f2d-ab61-bc8e98d8d66f,Amazon,E-commerce,5,2026-07-13,ممتاز,Positive
182b6894-afd5-4061-b97c-399f971a09ea,Amazon,E-commerce,1,2026-07-13,بشترى حاجه مبتجليش بنفس الشكل بيجى شكل تانى اشتريت نضاره شمس شكل جالى شكل تانى,Negative
125b1378-2566-4f9f-be77-425cf40e353b,Amazon,E-commerce,5,2026-07-13,حلو مرهههه في مليون نجمة,Positive
6340f0ac-9dea-4b63-9c17-8beac4f9904b,Amazon,E-commerce,3,2026-07-13,هو حلو بس قفلين عندي خاصيه الدفع عند الاستلام مع أن أول مره نفع,Neutral
79a27457-34ce-463f-8d34-694374ff8fdd,Amazon,E-commerce,5,2026-07-13,شكر لكم,Positive
62cd694d-783e-4061-9152-0ebd60972cbf,Amazon,E-commerce,5,2026-07-13,جيدجدا شكرا امازون,Positive
19298f4a-ce47-4b51-8e55-5f3e00012b0d,Amazon,E-commerce,5,2026-07-13,💯يل اروع,Positive
a74a97a1-ff54-49d9-9d00-e732fc845614,Amazon,E-commerce,5,2026-07-12,ممتاز,Positive
216b91a5-30af-41b0-ad2b-477327cd82d4,Amazon,E-commerce,1,2026-07-12,اشتريت مطحنة قهوة وعملت ارتجاع فى نفس اليوم ومر أكثر 13 يوم ولم يصل اى مندوب لاستلام المرتجع اتصلت بخدمة العملاء ولم يفعلوا شئ ويبدوا ان المندوبين يتعاملون مع التجار ضد العملاء.. شركة سيئة,Negative
c18ff6ad-7e9d-437b-a8b7-dbe861814c70,Amazon,E-commerce,5,2026-07-12,ممتاز,Positive
6851e052-0879-4233-95b3-608c04eae982,Amazon,E-commerce,3,2026-07-12,ممتاز,Neutral
efe30e03-51a0-403a-9d7b-72618d8bd1a6,Amazon,E-commerce,5,2026-07-12,جيد جدا,Positive
3b12f705-52b1-4428-a697-52fc78d36d15,Amazon,E-commerce,1,2026-07-12,تطبيق فاشل، المندوب بعد ما أتأخر ثلاث أيام، جيت استلم منه قالي مفيش معاينة، بفتح المنتج معجبنيش نهائي قرف، بكلمهم عشان استرجع بيقولي هنرجع المنتج في خلال ١٢ يوم، اقسم بالله لولا ان عارف ان المندوب ملوش دعوة كنت زعلته، سياسة شركة امازون زبالة زبالة زبالة😡😡,Negative
fe52f1c3-dc7e-4822-b67f-ec635d493fac,Amazon,E-commerce,5,2026-07-12,ممتاز,Positive
28e70478-bfed-468c-a54e-eb3902f60502,Amazon,E-commerce,5,2026-07-12,برنامج ولا اروع للتسوق ميزات سهلة وبسيطة مشكورين على الخدمات الأكثر من رائعة,Positive
815df9d4-95dc-480a-b7cf-01d06e7a5a12,Amazon,E-commerce,5,2026-07-12,جيد جداً جداً,Positive
0465b44e-1083-4ad3-9219-5f63829535a0,Amazon,E-commerce,5,2026-07-12,جيد جدا,Positive
e3fc39f9-2bc4-4582-bd7a-e8683d84e9b8,Amazon,E-commerce,1,2026-07-12,سيى جدن لا يحترم عقايد الشعوب .....,Negative
ff9344af-1a6d-4c17-8918-ab5229680757,Amazon,E-commerce,5,2026-07-12,ممتاز,Positive
146699db-a76b-4ecb-b366-f03015954c3b,Amazon,E-commerce,4,2026-07-12,ليش ما مني قادره اتكلم مع عملاء امازون,Positive
c81e2723-5d83-4b83-9296-28c6cf127ac8,Amazon,E-commerce,5,2026-07-12,اصلا التطبيق لسع ما نزل عندي,Positive
9679aed2-8ad9-46eb-88c6-1df38aafb9aa,Amazon,E-commerce,1,2026-07-12,​المنتجات الغذائية: أغلب المنتجات المتوفرة تأتي من الإمارات ومصر، وتُعاني من جودة سيئة لا ترتقي للتوقعات. ​الإلكترونيات والهواتف: هناك شكوك كبيرة حول موثوقية الهواتف والأجهزة الذكية؛ حيث لا يمكن التأكد إن كانت أصلية أم لا. ​موثوقية البائع: غياب الضمان والأمان حتى وإن كان البائع هو أمازون نفسه، مما يجعل تجربة الشراء غير مضمونة. ​الخلاصة: تجربة تسوق غير مرضية بسبب تدني جودة الأغذية ومخاوف جديّة بشأن أصالة الإلكترونيات. وعندما تقييم المنتج لتحذير عميل اخر لايسمحو لك بمشاركته,Negative
e7d0b32a-b2d2-486f-a43f-381baf77e258,Amazon,E-commerce,5,2026-07-12,انه تطبيق ممتاز جدا وانا انصحكم بتجربته ولا تخسروا من شيء اذا جربت,Positive
b4d48627-6f11-4f6e-97d2-79b48035a06d,Amazon,E-commerce,1,2026-07-12,سيئ سيئ,Negative
bf935b1e-866b-4035-8f70-a783a3fc2ce3,Amazon,E-commerce,5,2026-07-12,👍,Positive
2a74041f-b5a3-4925-a562-da1439288497,Amazon,E-commerce,1,2026-07-11,It was a great program but recently there are no products available with delivery to Sharm El Sheikh. Why?,Negative
5e88d49f-1992-40ae-9b5a-a4039d412935,Amazon,E-commerce,4,2026-07-11,جيد,Positive
710c0480-ee8d-41a1-b018-73f223d3d920,Amazon,E-commerce,1,2026-07-11,"Tourner en bourrique ! Les dernières mises à jour sont catastrophiques. Vous nous faites tourner en boucle dans des labyrinthes juste pour un simple changement de langue ! Nous ne sommes pas des bêtes aveugles à qui l'on cache les yeux pour tourner autour d'un moulin sans fin. Nous avons des cerveaux, respectez-les ! L'interface est devenue frustrante et insupportable. Une étoile bien méritée.👎🏿👎🏿👎🏿",Negative
e6e93986-045a-444c-88cf-11872160ce11,Amazon,E-commerce,1,2026-07-11,خدمه سيئه جدا طلبات متأخره وقاحة بعض موضفي توصيل تعامل سيء تجربه سيئه تأخير الطلب لأجل غير مسمى تعويض غير كاف,Negative
ac6e3f85-b1b0-473a-b3f4-9e9345683108,Amazon,E-commerce,1,2026-07-11,اصبح سىء للغاية نصب وفهلوة من البائعين وتشغيل دماغ من المناديب وخدمة العملاء مبتحلش حاجة,Negative
91e7596b-dd60-4ebf-933e-d110ff7e575b,Amazon,E-commerce,1,2026-07-11,امازون مصر بتسرق الناس و اداره فاشله,Negative
8f99474c-509d-4420-aa93-0a6037c33a9b,Amazon,E-commerce,5,2026-07-11,حلوه اوسعار مميزه,Positive
6722dddc-aed1-4769-a223-0273a15b9dd2,Amazon,E-commerce,5,2026-07-11,تطبيق حلو وبيوصل بسرعه يوم او يومين بالظبط والاسعار حلوه وبيعمل خصومات كويسه والتغليف وان الحاجه توصل زي اللي في الصوره ف دي حاجه حلوه جداا ❤️,Positive
285030cc-a2eb-4b4b-a177-efdb0c5e547b,Amazon,E-commerce,5,2026-07-11,حلو جدا,Positive
9c8db9fb-cd29-4f50-a81d-535eb4627860,Amazon,E-commerce,5,2026-07-11,جيد,Positive
f6e5850c-3798-4af9-9673-2005f4f3c7b2,Amazon,E-commerce,1,2026-07-11,تطبيق سيء يتم ارجاع المنتج بدون علمك وعند استرداد الاموال عمليات روتين واسترداد المبلغ بعد 5 ايام تطبيق فاشل,Negative
f1f90e74-3d31-4794-b938-479a07b55123,Amazon,E-commerce,5,2026-07-11,بجد كانت تجربه حلوة اوي,Positive
9bf31851-f718-4bef-b193-e7acd2c5b3fc,Amazon,E-commerce,1,2026-07-11,تم حذف التطبيق لعدم مناسبته، فلماذا حتى الان يتم سحب مبلغ الاشتراك؟ يرجى توضيح السند القانوني للسحب عاجلا,Negative
b4856921-1f27-49a4-b2e8-c1becc594011,Amazon,E-commerce,5,2026-07-11,ممتاز,Positive
f8dc4364-ca23-4dfb-b8ce-58674a040842,Amazon,E-commerce,1,2026-07-11,المندوبين معاملتهم زفت,Negative
5d866e43-57c3-444e-9bc0-b0f2e119e338,Amazon,E-commerce,5,2026-07-11,جيدة جدا,Positive
42937254-93a4-424c-ac1a-38a0705020e2,Amazon,E-commerce,5,2026-07-11,يرجى المعاينة قبل الإستلام استلمت سكرينة تالفة,Positive
bbd6df9e-01a9-4f2d-951a-30dc62b749d5,Amazon,E-commerce,5,2026-07-11,اللي مش منزل ابلكيشن امازون على موبايله ينزلوا دلوقتي حالا عشان ده ابلكيشن,Positive
f3c4e29d-22a4-4fee-801d-c83b1d0c6ca6,Amazon,E-commerce,1,2026-07-10,شركة فاشلة وزبالة مكنسلة لى 3 طلبات وخدمة عملاء على الله حكايتهم,Negative
0ae5a8cd-dba3-4a4d-9e02-ebdc05f21a17,Amazon,E-commerce,5,2026-07-10,ممتاز جدا,Positive
3c93ab74-29e7-47dc-b9cd-7a595878383e,Amazon,E-commerce,1,2026-07-10,نصااابين,Negative
3bf1450b-4a3f-44ad-83c0-be0f5bd4b3c2,Amazon,E-commerce,1,2026-07-10,البرنامج بقي وحش جدا جدا جدا,Negative
5b54be6b-8d68-4513-b935-8bfdf6706a1f,Amazon,E-commerce,1,2026-07-10,التواصل مع خدمة العملاء صعب . ضياع الاوردارات. عدم اللعمل على تذليل شكواك ومجاكلة مديري الافرع ومندوبى التوصيل. لا تطلب عن طريق الفيزا واطلب كاش ولاتنظر الاستلام. تطبيق سيء للغاية بعد عامين ونصف استخدام قررت التوقف بعد ان كنت اطلب اسبوعيا مرتان او ثلاثة من خلالة . لا توجد استجابة فى حالة تغيير العنوان . لا أنصح باستخدام التطبيق . مصر امتلأت بالمولات اون لاين.,Negative
37c9cb83-968a-48a3-b7cd-5a7882b69581,Amazon,E-commerce,5,2026-07-10,بصراحه جميل انا مولف روايات قررت ابيع كتبي فيه اتمنى اي حدا شاف تعليقي يدخل يقرى روايتي لعنة ماليسورا,Positive
48a294d2-1a18-46b2-a90c-8dd55cce5c20,Amazon,E-commerce,5,2026-07-10,التطبيق جميل جدا جدا جدا واسعاره جميله ومناسبه جدا وبيقدم عروض وخصومات حلوه بطلب تقريبا كل حاجاتي منهم وهما الصراحه في منتهي الزوق وشكرا لتطبيق امازون,Positive
b0c02f45-10b1-44fa-bbf5-975da6f90dc9,Amazon,E-commerce,1,2026-07-10,التطبيق مش بيفتح.. وتقريبا في مشكلة مسحتة و نزلته تاني فتح تمام و بعد يومين رجعت نفس المشكلة و مش بيفتح. ياريت تشوفوا حل.,Negative
337951e2-a4b7-4394-b4db-345f2cfa9c53,Amazon,E-commerce,2,2026-07-10,ادوني سبب واحد يضطركم لعمل التطبيق غير متوافق مع الاجهزة اللوحية tablet .. يعنى لو موبايلي فيه مشكلة مقدرش اتعامل مع التطبيق من على التابلت؟!!!,Negative
41921019-4a4d-4c21-99ec-193fca713c45,Amazon,E-commerce,1,2026-07-10,عندي مرتجع وحتي الان لم ينفذ,Negative
b7e382b0-9805-41f6-bdbb-52ae339a4189,Amazon,E-commerce,1,2026-07-10,توصيل سيء وليس لديهم توقيت وتم ارجاع السلع 👎,Negative
c8625f9f-0279-475b-b999-767da6dfbd08,Amazon,E-commerce,1,2026-07-10,تطبيق زي الزفت وخدمه عملاء اسوء ما يكون شويه هواه مش عارفين يشتغلوا الاوردر اطلب ثلاث مرات وتتخصم بالفلوس ويقول لي تم الالغاء,Negative
5ab31e4a-4a03-4736-b74d-9c06ae9ff536,Amazon,E-commerce,5,2026-07-10,ممتااااااااز,Positive
dbd4ec63-4b77-45c3-93f3-e98849cf949f,Amazon,E-commerce,1,2026-07-10,تطبيق زبالة,Negative
9adc3df0-8130-4a25-a62c-15e79ff2a32b,Amazon,E-commerce,5,2026-07-10,ممتاز,Positive
2719feb7-1256-448f-b66c-e7e08246cee0,Amazon,E-commerce,5,2026-07-09,جميل جدا,Positive
b904177a-7bfa-4148-a9fe-6bd04fcbf12d,Amazon,E-commerce,3,2026-07-09,الاسعار غاليه و الخدمات ليست جيده,Neutral
bf418fb1-4ec5-48a0-9c02-bb8ab8b501cb,Amazon,E-commerce,5,2026-07-09,جميل,Positive
b15818bd-f6e5-48ac-8896-98ef4cc8b090,Amazon,E-commerce,1,2026-07-09,ممتاز,Negative
b2ee42dd-e878-4408-8f48-0de7aa73bca7,Amazon,E-commerce,1,2026-07-09,مندوب الشحن سيئ لا يحترم العملاء,Negative
115976b3-8e16-4f5f-b9b8-cb41d6f88609,Amazon,E-commerce,5,2026-07-09,احسن تطبيق في العالم,Positive
2b165a4f-acc8-4c49-bd73-6ac7fc8e39bb,Amazon,E-commerce,5,2026-07-09,ممتاز 👌,Positive
55b332b2-aff4-4c25-b834-0ff7920c1366,Amazon,E-commerce,1,2026-07-09,ان منتجاته باهضة الثمن,Negative
06a2d256-5a95-485d-971d-036555e2dd9d,Amazon,E-commerce,1,2026-07-09,تجربة سيئه جدا في الاسترجاع للطلبات,Negative
3f087a90-d1d4-47ae-923b-6e9424ba8e66,Amazon,E-commerce,5,2026-07-09,سبق ان وضعت تعليق سلبي .. والآن وبعد تجارب جديدة متكرره هذا التطبيق يتميز بمصداقية عالية وجودة سلع واسعار وسهولة ارجاع,Positive
03d48dde-608f-44b1-996b-2f033f41486b,Amazon,E-commerce,1,2026-07-09,عميل قديم ومشترك برايم من سنين وبالاخير اطلب طلب ومكتوب التسليم 8 ميلادي امس وبالاخير كلمتهم قلت محد تواصل معي قالوا كلم شركة الشحن كلمت شركة الشحن وقالوا للحين ماتم استلام الشحنه من التاجر المهم تخيلوا يبوني انتظر ثلاث اسابيع زياده يعني 30 يوم قلت الغوا الطلب رفضوا قالوا مجبر تستلمها وانا عميل قديم ومميز طلع الكلام اللي على امازون صحيح للاسف شركه سيئه وفوق هذا حاطين المستودعات ب عنيزه وتاركين عاصمة القصيم بريده مافيها شي,Negative
de247d82-88f9-4c8b-91e4-af17770b869b,Amazon,E-commerce,5,2026-07-09,التطبيق جميل جدا جدا ومش وحش جميل,Positive
6ff73365-02c8-4bdb-8174-603c3b021506,Amazon,E-commerce,5,2026-07-08,ممتاز,Positive
cd52cfed-bf91-4a6e-80e4-78a356f1fe05,Amazon,E-commerce,1,2026-07-08,كويس,Negative
821cdb6c-0ee8-42b2-9610-deed7aec7d31,Amazon,E-commerce,1,2026-07-08,ليش الغيت طلبي الاول وسحبت المبلغ من الحساب,Negative
8045b45d-6923-4d1f-85ae-9848cb74e4e8,Amazon,E-commerce,5,2026-07-08,ممتاز .,Positive
7e28d5c4-4664-4907-9099-e58f7d84c431,Amazon,E-commerce,1,2026-07-08,يقوم البائعين بتسليم المنتجات التي يتم استرجاعها من العملاء وتسليمها الي عملاء جدد ويكتشفون بعد ذلك انها تالفة ويعانون من طرق استرجاعها,Negative
632bd8fe-f021-4e06-b192-664cf70681ab,Amazon,E-commerce,5,2026-07-08,ممتاز,Positive
7a865728-00ef-49b9-b55c-2903b350060c,Amazon,E-commerce,5,2026-07-08,جميل,Positive
2e5d4afd-7d22-4e22-9e24-99509afb1513,Amazon,E-commerce,1,2026-07-07,تجربه سيئة جداً طلبت اوردر وعملت دفع عن طريق الفيزا راحو خاصمين المبلغ ومبلغني انو المنتجات دي مش متوفره حنعملك استرداد للمبلغ عدا اسبوع ومفيش مبلغ رجع عندي في الفيزا شركة نصابه انصح بالتعامل مع شركة نون وجوميا عندهم امانه,Negative
7f01654e-7773-42e1-8840-e504bd7028b5,Amazon,E-commerce,5,2026-07-07,نعم حلو,Positive
f68bc66d-08fa-44d7-93d2-926e23c239c8,Amazon,E-commerce,3,2026-07-07,تطبيق أمازون تطبيق جيد جداً و لكن عند أطلب شيئاً شكله يكون مختلف عن الذي في الصورة شكله بالكامل و ليس الألوان فقط ، أتمنى أن تحسنوا خاصية الاختيار و تضعوا تفاصيل أكتر و أوضح عن المنتج 🤍,Neutral
ec452568-a98c-4745-90ab-f761d873131c,Amazon,E-commerce,3,2026-07-07,اتمنى توفرون توصيل الى العراق🇮🇶🇮🇶🇮🇶 I hope you offer delivery to Iraq.🇮🇶,Neutral
0837253a-ada8-4b04-ae66-3d4143c8617e,Amazon,E-commerce,4,2026-07-07,جميل,Positive
e4009db7-5116-4cfc-a5a3-05b45898b9ad,Amazon,E-commerce,1,2026-07-07,كل شيء مرتفع السعر,Negative
f58e9cce-077d-42e0-aee0-ee5d10b1c091,Amazon,E-commerce,5,2026-07-07,ممتاز مثالي لجميع الأذواق,Positive
41e9b35c-394c-4bdf-960b-7e4dacb500e0,Amazon,E-commerce,5,2026-07-07,ممتازه جدا .,Positive
2b821076-f4aa-41b7-ad6a-d65856321bef,Amazon,E-commerce,5,2026-07-07,good,Positive
613fabeb-2a91-45d9-8c68-460e4ecf37e5,Amazon,E-commerce,1,2026-07-07,طلبت اوردر والاوردر اتلغي لوحده العنوان والرقم كانوا مكتوبين والاوردر اتشحن واتلغي لوحده في الاول كنت حابه البرنامج لكن دلوقتي سيء,Negative
c1f81217-011e-484a-b188-c1dfdb452ca0,Amazon,E-commerce,1,2026-07-07,اسوا تطبيق تطلب و المندوب بنجالي يدق عليا وقله وين انت يقل خلاص كنسل طلب,Negative
11bf392a-c023-4a73-a92d-b31cc41517f5,Amazon,E-commerce,5,2026-07-07,جدع,Positive
a52c04a9-943c-4ba9-a4cc-f2bbdcc633eb,Amazon,E-commerce,5,2026-07-07,رائع,Positive
af1166d5-4fe9-42c0-b35b-81797fce8217,Amazon,E-commerce,5,2026-07-07,رائع جدا,Positive
449afadf-ad19-450b-a20d-ee69444c4719,Amazon,E-commerce,5,2026-07-07,افضل برنامج انا عرفتو في حياتي 🫶,Positive
73c9942f-89a2-4f7c-b0fa-1ccfdff1a1ce,Amazon,E-commerce,1,2026-07-07,لا انصح في التعامل معاهم,Negative
7f350ade-8de0-4072-acb7-87da709ae32f,Amazon,E-commerce,1,2026-07-07,التسجيل ارحمني,Negative
e1ae50df-bcc3-4409-ba3b-c2c4871523c7,Amazon,E-commerce,1,2026-07-07,الاوردرات مش بتوصل وخدمة عملاء تكرهك في نفسك ، وابديتس فيك بتنزل ، الشركات التانيه برقبتهم,Negative
4747a00e-33f7-4348-810a-8a9bad1fa7de,Amazon,E-commerce,4,2026-07-07,تطبيق رائع كالعادة,Positive
c8427b1f-180d-4309-883a-cd29455d5e80,Amazon,E-commerce,1,2026-07-07,بعض الأحيان لا يقبل عملية الشراء,Negative
98b8a747-c443-4515-8d2b-ac5e3a37499e,Amazon,E-commerce,5,2026-07-07,جيد جدا,Positive
ce4609b0-f71d-4d3f-bd49-a642069799cf,Amazon,E-commerce,5,2026-07-07,جيد الى حد ما,Positive
084b48fc-5c0b-4d1e-8217-0a7685291cef,Amazon,E-commerce,5,2026-07-07,تحفه بجد والحاجه اللى بحتاجاها بلاقيها وبسعر تحفه,Positive
4ca55f1c-cf36-48d5-81b5-e417db9ed979,Amazon,E-commerce,1,2026-07-07,اسعار فلكية غالية جدا يعني تطبيق ثاني ب10 هنا موجود شخص واحد يبيعه ب90 يعني مو طبيعي+ المناديب اسلوبهم سيئ,Negative
3e3af93d-e113-4a7d-94e4-85cb6c0ed52f,Amazon,E-commerce,4,2026-07-06,جميل جدا لاباس,Positive
712a341c-8336-4e32-82af-4da20144e893,Amazon,E-commerce,5,2026-07-06,Veryyyy,Positive
0340ecc0-a2f1-47b1-9cb1-8e81b4085da1,Amazon,E-commerce,5,2026-07-06,ممتاز,Positive
92813f4e-d002-4621-802c-f9bcd6ba3425,Amazon,E-commerce,5,2026-07-06,احلا تطبيق,Positive
705f90cb-e7b2-47b2-a6bb-4d4081cd7540,Amazon,E-commerce,1,2026-07-06,تعامل سيء ، طلبت من عندهم رامات من ١٨ مايو والى اليوم ماوصلت وتقريبا تكلمت مع خدمة العملاء ٩ مرات ولا استفدت بأي شكل من الاشكال,Negative
b371a857-f778-4d4b-b80d-8e37f3e3370c,Amazon,E-commerce,1,2026-07-06,جيد جدا ولكن تم التقييم بذلك لعدم دعم الوضع الليلي المظلم Dark mode,Negative
2bbb19d4-2f40-4984-8b62-1d7c5459cf0e,Amazon,E-commerce,5,2026-07-06,من أحسن البرامج التسوق,Positive
32a8da64-85b4-47f8-ba02-17c9e0dec8c7,Amazon,E-commerce,5,2026-07-06,حقا انه اكثر من ممتاز اشكركم,Positive
a4a6b7f4-82b6-43d8-b76a-623b15a76b3e,Amazon,E-commerce,1,2026-07-06,حسب تجربتي في عدم مصداقية في البيانات منتج مكتوب صناعه فيتنامي يوصل اندنوسي و منتج مكتوب ايطالي يوصل اماراتي معقول التلاعب هذا؟!!,Negative
fdd995d7-f013-44ae-af2f-ba1ab210bd4a,Amazon,E-commerce,5,2026-07-06,تحفه,Positive
378a74c0-4ab4-4175-a466-7fd46d6b551b,Amazon,E-commerce,1,2026-07-06,حسبي الله ونعم الوكيل خدو فلوس اا كانت ع الحساب كله يرتني منزلتو ولا اتعاملت معاهم,Negative
28d8aadf-394f-444c-9516-374f88cf9ec7,Amazon,E-commerce,5,2026-07-06,ممتاز,Positive
2946c161-f604-4681-8eb7-2b8d4d33d5a5,Amazon,E-commerce,2,2026-07-06,غالي,Negative
20245340-2bf7-4194-bea8-8aac7c4183af,Amazon,E-commerce,5,2026-07-06,تحفه اوي💗,Positive
5eb75588-2152-4856-89a3-a992275e1107,Amazon,E-commerce,1,2026-07-06,تطبيق سيء هناك دولة لا يمكن توصيلها هي عراق وباقي دول عربية,Negative
57fc265d-7ba4-416b-a4ff-44a312ad5600,Amazon,E-commerce,1,2026-07-06,اسوء خدمه عملاء و اسوء خدمه توصيل,Negative
4c232d2d-1506-4a66-933a-53a73ae5251b,Amazon,E-commerce,5,2026-07-05,ممتازه,Positive
809dd906-cc2c-4621-a924-7fbd3c293a1f,Amazon,E-commerce,5,2026-07-05,ممتاز,Positive
9a4e6fe3-ab6f-48f2-ae45-5516a67a79dc,Amazon,E-commerce,2,2026-07-05,يوجد به الكثير من الأخطاء كما أن الدفع عند الاستلام غير موجود في أغلب المشتريات,Negative
fa619e38-fdfc-483a-ae99-16702fe3e5f1,Amazon,E-commerce,1,2026-07-05,برنامج زباله زباله زباله زباله زباله اقسم بالله بقا مقرف جداا بيكنسل الاوردر بمزاجوه وخدمات شحن سيئة جداا والله وعن تجربه,Negative
06df088a-4e39-4d77-91c6-207cebc86108,Amazon,E-commerce,5,2026-07-05,جميل جدا,Positive
4d49a324-4ac2-42fc-9be6-efc806bd87cf,Amazon,E-commerce,5,2026-07-05,تطبيق جيد,Positive
8eade6b2-83c8-4853-a270-5ece44287686,Amazon,E-commerce,1,2026-07-05,كذابين,Negative
ad199df1-a81c-4532-bc56-ad7b365b318a,Amazon,E-commerce,5,2026-07-05,😍😍😍😍😍😍,Positive
44fbf8f7-5a90-4159-a4a2-6b9c0e8eff63,Amazon,E-commerce,5,2026-07-05,رائع,Positive
df961592-06aa-482d-b7ba-53cf8eb390c4,Amazon,E-commerce,1,2026-07-05,"تطبيق أمازون: عندما تغيب الجودة وتتحول تجربة التسوق إلى عبء ​تعد تجربة التسوق الإلكتروني واجهة لراحة العميل وسرعة تلبية احتياجاته، إلا أن تجربتي الأولى والأخيرة مع تطبيق ""أمازون"" جاءت مخيبةللآمال بشكل غير متوقع، وتحولت من مجرد عملية شراء بسيطة إلى سلسلة من الإحباطات المتتالية التي تدعو لإعادة لنظر في الاعتماد على هذه المنصة. الصدمةالأكبر كانت في مرحلةالتوصيل، حيث تأخرت الشحنةبشكل مبالغ فيه دون أي تحديثات واضحةأو دقيقة حول مسارها، وهو ما يعكس ضعفاً كبيراً في التنسيق اللوجستي ومتابعة حقوق المستهلك",Negative
a6ba28fa-33d6-44d1-b365-1dedbab97fde,Amazon,E-commerce,5,2026-07-05,تطبيق رائع جدا لكن عند شراء الاشياء تفقدو المنتج جيدا,Positive
6d4d4da2-fbaf-48de-9bdf-6764d4aa5beb,Amazon,E-commerce,5,2026-07-05,ممتازة,Positive
3075e5c3-5901-40d5-8403-7eea9d0f7f11,Amazon,E-commerce,5,2026-07-05,هو ممتاز في مصر فى التزام موعد الاستلام وفى حالات الارتجاع يقوم المندوب بأخذ المنتج دون تكلفه ولا عناء انصح بالتعامل مع التطبيق,Positive
c9e0d406-16a5-4e2c-bf25-0013b8ff9371,Amazon,E-commerce,5,2026-07-05,ممتاز,Positive
9b2f1e55-b731-4df0-a248-6f60f9cd4cb2,Amazon,E-commerce,1,2026-07-05,اسوء شركة واسوء مناديب توصيل ٤ ايام ومفيش حاجة وصلت. نون افضل بكتير الصراحة,Negative
64d8a15f-e458-458b-881d-0da5f427afc0,Amazon,E-commerce,1,2026-07-05,لا انصحكم عندما تشترون اغراض من برا ويكون فيها عطب سوف ترجعونها لاكن لم يتك ارجال لكم المال انا ثلاث اشهر ولم يرجع لي المال بقيمه 416 درهم,Negative
34967615-5c3a-40f5-8c06-f0d988547e65,Amazon,E-commerce,5,2026-07-05,ممتاز بس ياريت نزود عروض الموبايل,Positive
32633657-dc23-4daa-8f2f-d20632a732bd,Amazon,E-commerce,1,2026-07-05,التطبيق لا يوصل الى باقي الدول العربية مثل العراق اتمنى ان تخلو التوصيل الى جميع أنحاء الوطن العربي و شكراً,Negative
97db54b5-a480-467e-8fc1-504e50dca79c,Amazon,E-commerce,5,2026-07-05,كانت جميله جدا جدا,Positive
fb0b11fa-498b-4e59-a75e-b91b08243261,Amazon,E-commerce,5,2026-07-05,جميل جدا ❤️♥️♥️,Positive
4ee31ce0-ea5c-4b3d-ab94-2f98c4a3ddf8,Amazon,E-commerce,5,2026-07-05,احسن تطبيق,Positive
42f677fb-169f-47d0-ad7f-c7ebdb72fdc5,Amazon,E-commerce,1,2026-07-05,طلبت منهم ٦ من صنف معين ووصل ٢ فقط,Negative
9a87f10f-2c5b-4c3b-ad47-0099a558fc61,Amazon,E-commerce,1,2026-07-04,لماذا لايتحدث الامازون,Negative
c66c7c9d-59aa-4e2f-874f-1caba694d0d8,Amazon,E-commerce,5,2026-07-04,ممتاز,Positive
ad520854-b14f-4287-9ee9-c5123066faa9,Amazon,E-commerce,4,2026-07-04,حلو,Positive
674f4df0-2f2d-4f62-be45-3e5d67dc9c5c,Amazon,E-commerce,1,2026-07-04,تطبيق زي الزفت طلبت سماعه بلوتوث من غير الشاحن,Negative
5e3fae85-d890-4bb1-ab51-ec4c41ae2c95,Amazon,E-commerce,5,2026-07-04,جميل جداً,Positive
7a5fb609-6d86-47b4-865e-c8b43872af64,Amazon,E-commerce,1,2026-07-04,ولله مايستاهل نجمه,Negative
17597e23-09de-4b18-83e2-58967b93b5d2,Amazon,E-commerce,1,2026-07-04,انعدام الشفافية في توصيل الطلبات ومواعيدها مثلا قد اضطررت لدفع مبالغ اضافية ليكون التوصيل خلال 24 ساعة ولم يصل.... هذا فضلا عن ان هناك لامبالاة من الموقع بشان التعليقات السلبية ولا يوجد ادنى اهتمام بسلاسة عملية التواصل او ان يكون هناك قنوات واضحة لخدمة العملاء .... شركة فاشلة لابعد الحدود,Negative
b57cf868-c2f1-4208-8d7e-8c7d17d840d5,Amazon,E-commerce,5,2026-07-04,ممتاز انصح به,Positive
04564523-3b8f-458f-9c7b-2b23eac15738,Amazon,E-commerce,1,2026-07-04,اسوء تجربة تسوق يتم تبديل المنتجات,Negative
3f884ba4-6f3d-4b09-b180-f411ba7ec28e,Amazon,E-commerce,5,2026-07-04,احلى موقع شفته في حياتي,Positive
1ae7de0d-f0ef-41c0-9d40-66b81064683e,Amazon,E-commerce,5,2026-07-04,شكرا,Positive
48c61a19-08de-4b46-af6c-48cd5c99c2d5,Amazon,E-commerce,5,2026-07-04,ممتاز,Positive
8776dcf2-636b-4047-a22d-7aa9c6edaa71,Amazon,E-commerce,5,2026-07-04,رائع,Positive
31e27022-2ae2-4447-b4a8-9a91735d27ba,Amazon,E-commerce,1,2026-07-04,متجر لا يستطيع ان يضمن لك العطور الأصلية او العطور الخربانه من التخزين . هاتف مجاني مشغول دائما,Negative
10ea33cd-ccb7-4dda-a701-27b2987c9842,Amazon,E-commerce,1,2026-07-04,تطبيق فاشل... سياسة بيع جشعة... لو لقيت عرض و طلبته... بيوقف الطلب... تكلم خدمة العملاء تنصحك تلغي و تشتري تاني.... بعدها المنتج يغلى... شغل رخيص فشخ...,Negative
a4c70da1-bc8b-403e-aebb-f9e3d0a3ca31,Amazon,E-commerce,1,2026-07-03,لماذا لاتوجد خاصية الدفع عند الاستلام ؟.كانت من قبل متوفرة الان لايوجد خيار للدفع عند الاستلام,Negative
6b5a4c30-b695-42b8-874c-ce5b025b28d2,Amazon,E-commerce,5,2026-07-03,الجميل من امازون المصداقيه في الضمان وسرعة التعامل يعطيهم العافيه,Positive
1e138b44-7e50-4901-834f-15fb5cba15c9,Amazon,E-commerce,5,2026-07-03,ممتاز,Positive
61e3d606-f098-4ddf-b3ae-0647e35a7c2f,Amazon,E-commerce,5,2026-07-03,ممتاز,Positive
1bc096aa-181e-4038-8226-c8a3b49b693f,Amazon,E-commerce,5,2026-07-03,تحفه اوي,Positive
6ec204dc-1213-4202-8a30-8905714a5476,Amazon,E-commerce,5,2026-07-03,🥰🥰,Positive
86392fc0-5872-4f6d-ad7d-0bc339936f05,Amazon,E-commerce,5,2026-07-03,ممتاز,Positive
c43ca4e7-24d9-4e56-bfbc-9fe4b88a0e66,Amazon,E-commerce,5,2026-07-03,جميل جدا جدآ,Positive
b62a5a46-5135-4c34-9a08-bc2461cb591e,Amazon,E-commerce,1,2026-07-03,سيئ,Negative
4acc8bc4-570c-4722-b37c-c0bbbbae3cd9,Amazon,E-commerce,5,2026-07-03,تجربه جميله,Positive
a6c8fae4-9558-44fd-8d0c-0352abdb005d,Amazon,E-commerce,2,2026-07-03,مش راضي يفتح بالغه العربيه,Negative
b86581d5-6409-44be-bf6d-a39a88d06793,Amazon,E-commerce,5,2026-07-03,تعامل راقي جداً,Positive
e53f9697-9550-4042-80d2-c4f98a3df8e9,Amazon,E-commerce,1,2026-07-03,التطبيق فيه خلال مرتين اطلب وينخصم المبلغ ويتم إلغاء طلبي من قبل الموقع واحاول ارسل بالشات ولايوجد رد تأتي رسله مفاده مافيها استقبال للرسائل وكذلك طلب الاتصال لايمكن امزون حلوا هالمشكله,Negative
046649d2-998d-4c1b-92e5-e37d4b1b709c,Amazon,E-commerce,5,2026-07-03,راع,Positive
d3d28eb4-8fa1-4989-841a-592782271194,Amazon,E-commerce,3,2026-07-03,جيد,Neutral
fafd2534-7041-4cc1-9a96-ea248f440ced,Amazon,E-commerce,5,2026-07-03,ممتاز جدا والله العظيم,Positive
b0990079-194d-4b65-a779-e58afe9a7314,Amazon,E-commerce,1,2026-07-03,للأسف أكثر من 8 مرات تصلني منتجات تالفة بسبب تراكم المنتجات الكبيرة مع الصغيرة في كرتون واحد اتمنى تهتمو بالتعبئة و التغليف وشحن المنتجات بطريقة صحيحة وسليمة تعلمو من نون ارسلو موظفينكم ياخذون دورة عندهم,Negative
686db59d-9e14-4b31-9019-bcb184e45cba,Amazon,E-commerce,5,2026-07-03,حلوه جدا,Positive
de8ea41d-7229-446b-bd03-5464b2869cb6,Amazon,E-commerce,1,2026-07-02,توصيل سيئ جدا,Negative
0c5b5193-1e45-4152-8fa1-4ec99292d667,Amazon,E-commerce,1,2026-07-02,سيء,Negative
fe96db3f-956c-4c6a-a93c-77177aa902f7,Amazon,E-commerce,5,2026-07-02,رائع جدا,Positive
f6c90cc8-9ca1-40a0-ae8c-96c00af8af1a,Amazon,E-commerce,3,2026-07-02,الموقع ممتاز جدا...ولكن كان سابقا افضل بكثير. في خدمة العملاء. الان كل الارقام لايمكن الاتصال . او يقول غلط,Neutral
6093a270-7342-4cb7-88c4-935b8bec45ee,Amazon,E-commerce,5,2026-07-02,انه رائع,Positive
eb355fbc-5cb3-415b-ac92-872842380736,Amazon,E-commerce,5,2026-07-02,جامد اوي,Positive
321eda47-c55a-4949-9b36-df778a5d5265,Amazon,E-commerce,5,2026-07-02,حلو,Positive
bb0c6d0c-af81-4b92-8127-3650a22f6457,Amazon,E-commerce,1,2026-07-02,شركة نصابه وخدو فلوسى وبعتولى اكياس كلافظات بلاستيك ميجبوش ٥ج وخدين منى ٢١٠٠ كل مكلم خدمة العملاء ميرضوش يصلونى ليهم حسبى الله ونعم الوكيل فيهم وانا مش هسيب حقي وهكلم حماية المستهلك,Negative
127b4cec-2631-4719-bb18-cd4aa860d138,Amazon,E-commerce,5,2026-07-02,جميل جدا,Positive
49ac2a9a-901b-4fc8-8d2a-582c407089e9,Amazon,E-commerce,1,2026-07-02,تجربتي كانت وحشه جدا,Negative
37557aa1-49df-44c9-bd28-7d0d8a949ca5,Amazon,E-commerce,1,2026-07-02,مافيش خدمة عملاء اصلا,Negative
41f729cf-0622-491f-95d6-b68ef3dd51df,Amazon,E-commerce,5,2026-07-02,محترمين جدا,Positive
74437dfb-6ac1-42e5-bd95-88ccf7da4c3d,Amazon,E-commerce,5,2026-07-02,ممتازة,Positive
0b49d53a-6063-486d-93dc-63476089e4d9,Amazon,E-commerce,5,2026-07-02,super 🌹,Positive
25c57edd-6c52-44b5-a009-d6d68fd6182b,Amazon,E-commerce,1,2026-07-02,مشكله برصدي هدايا صادق وسلمى وكريم اقدم شكوه عليهم لأنهم لم يحلو مشكلتي واريد الغي برايمر وعلى فاضي,Negative
00c05f6f-2fe4-4f49-8044-f45061f8d996,Amazon,E-commerce,3,2026-07-01,جيد,Neutral
e1244ed3-d9cd-4671-81ac-ddaa0ec1e214,Amazon,E-commerce,5,2026-07-01,جيد,Positive
c4d2a5d8-74ec-42c9-ae44-593c9dcc8e3c,Amazon,E-commerce,5,2026-07-01,🤍👌,Positive
93c65750-0e14-403e-8f8f-f50d1e6dae85,Amazon,E-commerce,5,2026-07-01,أتمنى سرعة التوصيل,Positive
c899c8fe-94fd-4891-8dd3-22eb055c6289,Amazon,E-commerce,5,2026-07-01,كل شي في مكان واحد,Positive
a957cc43-6f35-426d-9bd4-ca7a9278bfc9,Amazon,E-commerce,1,2026-07-01,ولا تستحق نجمه حتي المنتج مسروق من المندوب وخدمه عملاء زفت حسبي الله ونعم الوكيل فيكم واسلوب زفت,Negative
ba9e675f-786f-4f8d-b1db-bd432e209bca,Amazon,E-commerce,5,2026-07-01,ممتاز,Positive
c4094a44-933d-43a0-9adc-ca1024a5d4ed,Amazon,E-commerce,5,2026-07-01,تحفه,Positive
3a1571a3-0eed-4bf2-b6fb-33b689a03768,Amazon,E-commerce,2,2026-07-01,ممتاز,Negative
707ce82b-f8ad-45e7-b758-c11747ed5c76,Amazon,E-commerce,1,2026-07-01,تجربة سيئة جدا ومع إن ده أول تعامل لكن هيكون الأخير.. الأوردر ما بيوصلش صحيح أو كامل وكمان استرجاع الفلوس رافضينه.. سرقة باختصار,Negative
a0cc216a-ac8f-48c1-ae7b-10a658088d8a,Amazon,E-commerce,5,2026-07-01,التطبيق جميل,Positive
4c846d95-2825-438c-b639-6e0d41b66b7d,Amazon,E-commerce,1,2026-07-01,اشتريت وسحب المبلغ فجأه إلغاء الطلب ليه 😡 تطبيق سيئة متى استرداد المبلغ لا اعلم,Negative
4d4bec5c-84ef-4be6-b796-384b358ace09,Amazon,E-commerce,5,2026-07-01,تطبيق كويس جدا وكمان امين والاوردر هو المطلوب بالضبط,Positive
f29622a2-b048-40f9-af22-e3503ee05722,Amazon,E-commerce,1,2026-07-01,تطبيق لا يقدم شحن مجاني لهذا لا انصح به,Negative
8754a267-67e7-48e0-848e-ac3a3a572a5a,Amazon,E-commerce,5,2026-07-01,ممتاز,Positive
e4c57ed3-286f-44ba-ab12-df637b716311,Amazon,E-commerce,1,2026-07-01,سي جدا,Negative
efa6ef36-56df-4074-a3d0-fdf267cd7e40,Amazon,E-commerce,5,2026-07-01,افضل تطبيق للتسوق,Positive
33d1ff4e-3228-4cff-a779-e9a7349368ee,Amazon,E-commerce,5,2026-07-01,شكرا تمام,Positive
76168fc0-5e0b-458c-b6a1-a6d3f8d790bd,Amazon,E-commerce,4,2026-07-01,اتمارا,Positive
91e22274-c0b2-4e88-9190-ba8a0dfd395c,Amazon,E-commerce,3,2026-07-01,انا عندي فكره الافضل تعملوها هحط صور في تقيمات المنتجات عشان المقيمين يعرفو يدو رايهم باثبات فعلي عشان المشتري يعرف اذا يشتريها ولا لا,Neutral
3a128cbc-20a8-415f-adf5-38e821701e05,Amazon,E-commerce,1,2026-06-30,لو ينفع اديله 0 كنت اديته خدمه عملاء مفيهاش مصداقيه ومحدش عنده معلومه وله كلمه منصحش بيه عن تجربه يجبلك تم توصيل الطلب وانتا مشوفتش الطلب اصلا 0 ومناديب حراميه,Negative
f39c2c98-f1c9-4e55-955c-baa3424bd8d5,Amazon,E-commerce,1,2026-06-30,لن نسمح بالإسائه إلى النبى,Negative
11f33d14-add2-4779-ad94-e7435a250ebf,Amazon,E-commerce,5,2026-06-30,100/100👍,Positive
d9c1fd44-350f-4852-be5d-06a6b21b4273,Amazon,E-commerce,5,2026-06-30,جميل جدا,Positive
52f3f371-85a4-4b51-9c2d-10d4603286e8,Amazon,E-commerce,5,2026-06-30,احسن تطبيق في العالم لل مشتريات,Positive
ef6e55ee-45c1-4041-9980-cbaecc757087,Amazon,E-commerce,1,2026-06-30,وحش,Negative
baf7dbdf-b683-416d-b7d1-0f7bd8323732,Amazon,E-commerce,1,2026-06-30,الابلكيشن بقي مش احسن حاجه مكركب ومفيش تواصل مع خدمه عملاء غير للي. هما مقترحينه مش اكتر والأوردر جالي غلط وطبعا مش اقل من ١٠ايام عشان يكون في استرجاع تجربه سيئه جدا مع الأسف 😑😑,Negative
c1d0ecc6-a9fb-4d4b-b7c7-d7efb31f2b0e,Amazon,E-commerce,3,2026-06-30,حلو بس المناديب بارده و قليله الادب,Neutral
a39c3222-3024-4c2b-941f-38607bd8920f,Amazon,E-commerce,1,2026-06-30,خدمه العملاء على الابليكشن محدش اتوصل معايا وطلب الاسترجاع ليه اسبوع متعلق والمشكله متحلتش تجربه سيئه جدا,Negative
1242af66-2ac7-438c-94f0-5c49406416e0,Amazon,E-commerce,1,2026-06-30,النجمه كتير عليهم على الى بيعملو اخر استفزاز,Negative
505642df-3d48-4719-85d8-417c6610b1f6,Amazon,E-commerce,1,2026-06-30,لماذا لا يدعم التطبيق الوضع الليلي,Negative
6b488ec0-fcc3-4743-80ba-1943b07f74e1,Amazon,E-commerce,4,2026-06-29,الله ينور,Positive
f80249f7-621a-42c2-82c4-03ea92858785,Amazon,E-commerce,1,2026-06-29,تأخر وصول الاوردرات وتغيير فى المواعيد لا انصح بأمازون,Negative
c4e803d5-6923-46ec-a0e0-31211e0ee043,Amazon,E-commerce,1,2026-06-29,المعاملة رديئة جدا و بالاخص موظفين التوصيل تعاملهم سيئ جداجدا,Negative
f01ae74a-e698-4165-9920-ad19c3451d83,Amazon,E-commerce,1,2026-06-29,للأسف تغير للأسوء في توصيل الطلبات والتلاعب بالمواعيد ومافيه اي تجاوب,Negative
6db6a858-ec96-489a-9919-24c128777c93,Amazon,E-commerce,3,2026-06-29,حلو,Neutral
5fdb4413-baec-4c90-9bfe-189a2dcc5fce,Amazon,E-commerce,5,2026-06-29,ممتاز,Positive
035faada-07e2-456a-bf08-3ec1de4f75e6,Amazon,E-commerce,1,2026-06-29,اسوء مكان للشراء كل اعلاناتكم عن سلع وهميه ولازم كل طلب ارجعه واخيرا تم رد جزء من المبلغ وليس كامل المبلغ بصراحه اسوء مكان وتعامل,Negative
86b92704-219f-4da4-8d50-0db23f31a12d,Amazon,E-commerce,1,2026-06-29,لا يوجد خدمة عملاء واضحة مشاكل في استرداد الاموال,Negative
894a34d0-c78b-4b6d-812c-21f9f17d4fa6,Amazon,E-commerce,5,2026-06-29,انه جيد,Positive
dbbe03b2-de27-41f5-8264-e792de27d016,Amazon,E-commerce,5,2026-06-29,Nice,Positive
dfe43cba-9f09-4761-9cae-1ae3bd4b72f7,Amazon,E-commerce,1,2026-06-29,لي ما يقارب 90 يوم انتظر يسترجع المبلغ المدفوع على شراء منتج و لم يتم استرجاع المبلغ,Negative
4592d5b1-7ad4-4682-8c83-b68586fe690f,Amazon,E-commerce,5,2026-06-29,ممتاز,Positive
2b15a15e-76fa-4ad7-914c-d01a95dec445,Amazon,E-commerce,5,2026-06-29,ممتازة اريد تنزيل التطبيق على الجهاز,Positive
1fa4d1dd-3d5b-40c4-a1fc-570520f5b9fb,Amazon,E-commerce,5,2026-06-29,gòòd,Positive
431bf6cf-7795-46dd-98a8-3f757e633b48,Amazon,E-commerce,5,2026-06-29,الأفضل,Positive
8ad1d7f2-3052-4dda-a013-90b1b5654a33,Amazon,E-commerce,5,2026-06-29,جميل وا سهل وا رئع,Positive
2431e7ce-ce48-49ab-8b80-c5194b4118b7,Amazon,E-commerce,1,2026-06-29,معامله مش مرضيه عميل رد بقله زوق عشان شكوه قال النمره غلط ف وشى السكه وغير كده ليه فلوس ارتجاع مجتش لغايه دلوقتى والصفحه باختار ردهم سئ بصراحه جربت نون احلى بكتير اخد فلوس منكو واتعامل مع نون احسن,Negative
a9bbddeb-efc8-4ae1-b6e6-393b5a7a256b,Amazon,E-commerce,1,2026-06-29,سئ جداً,Negative
96ba19f5-4564-4089-b396-5113787ec768,Amazon,E-commerce,1,2026-06-29,خررره,Negative
b884856e-ca71-4b78-945f-dcd68455644e,Amazon,E-commerce,5,2026-06-29,لا اتخيل انجاز اشياء كثيره في حياتي ومشترياتي بدون امازون. يسهل عليا حياتي وبالنسبه لخدمه العملاء لجميع العاملين جزيل الشكر والى الامام 💕🌹👋,Positive
bf57b26c-5df9-4162-a8f7-49f349f2f962,Amazon,E-commerce,5,2026-06-28,برنامج رائع وانا راضي جدا,Positive
6219b313-76d4-4809-beea-c1c76e4f8917,Amazon,E-commerce,4,2026-06-28,تطبيقات جيد 👍,Positive
3cfb0d8c-28b7-48a0-a1e9-e5a057683d94,Amazon,E-commerce,1,2026-06-28,اول مره اجري طلب شراء تجربه سيئة للغاية ٨ ايام ولم يصل طلبي ولا قدرت الغيه ولا اتواصل مع شركة الشحن والله لا ارفع بلاغ حسبي الله,Negative
16b7374b-31ee-4835-9d61-491e72c12a07,Amazon,E-commerce,5,2026-06-28,ممتاز,Positive
81a3e1b0-5fc8-4307-bd69-e4c91b0febd5,Amazon,E-commerce,5,2026-06-28,😘,Positive
8e6b5572-a350-4020-94c4-0eb467c1e2de,Amazon,E-commerce,1,2026-06-28,سيئ,Negative
2c3cfbf7-5392-4857-9b1e-db821afeffbc,Amazon,E-commerce,5,2026-06-28,تطبيق يحترم,Positive
d58a3c32-4ec5-45ac-9bd1-cbfd83c6d9ae,Amazon,E-commerce,1,2026-06-28,زباله,Negative
9a20124d-33cb-41e4-b1df-91e493039397,Amazon,E-commerce,3,2026-06-28,اتمنى ان يكون هناك توصيل لمدينة بدر وان يكون التوصيل يشمل كل المحافظات,Neutral
02075886-1271-4c59-a50e-26486cdf23ae,Amazon,E-commerce,5,2026-06-28,جزاك الله خيرا,Positive
f00e26b2-65be-403b-8955-9d82ce5651ac,Amazon,E-commerce,1,2026-06-28,التطبيق سئ مايستاهل حتى نجمه طلبيتي جات تالفه,Negative
015f855f-01ca-4d9b-95b6-caa7fc031c1e,Amazon,E-commerce,5,2026-06-28,جيد,Positive
fa3c1206-9dbd-40e0-8924-2e45562ac439,Amazon,E-commerce,1,2026-06-28,التطبيق كان تمام لكن في الفتره الاخيره مو تمام ما يقبل يوصل وانا في الرياض,Negative
88639133-ef67-446d-b589-a0639c33939d,Amazon,E-commerce,5,2026-06-28,ممتاز,Positive
192b25d3-d797-4a34-becc-5057ec95900d,Amazon,E-commerce,1,2026-06-28,برنامج معقد ولم يتم تطبيق الكبون,Negative
a9d78b8e-8b26-4a01-8c9d-b4f407395222,Amazon,E-commerce,4,2026-06-27,حلو,Positive
6e6388db-914c-4aa6-9cfc-174c5332db70,Amazon,E-commerce,3,2026-06-27,Great,Neutral
ce973298-5607-4d2b-9e51-53dceacb04fe,Amazon,E-commerce,1,2026-06-27,لماذا لا يتم البحث من خلال الصورة إذ أردت منتج,Negative
efae1f09-9032-4bdd-988c-bbbeff3c1206,Amazon,E-commerce,5,2026-06-27,🤩,Positive
d92ed532-ffa5-4234-b006-0840c5a8dc62,Amazon,E-commerce,5,2026-06-27,ماشاءالله تبارك الله,Positive
a47641f3-7962-4d3a-aa27-955197ec06df,Amazon,E-commerce,5,2026-06-27,ممتاز,Positive
823d61f5-5781-4ab7-8d7b-4aa3125e3563,Amazon,E-commerce,1,2026-06-27,اداره مصريه فاشله فاشله ازاي بحاول اعمل مرتجع 14 يوم ولم يتم الاسترجاع من قبل الشحن وف الاخر يقولو خلاص مش هيتم الاسترجاع ولا هيتم استراد المبلغ اداره فاشله بمعني الكلمه,Negative
2d3ec831-41da-4c63-8f59-4ff577c9c0ba,Amazon,E-commerce,5,2026-06-27,اسعار المناسبه,Positive
62f2c4b9-96a5-43a2-9023-aef7f293554f,Amazon,E-commerce,5,2026-06-27,إنه جيد جدا ورائعه,Positive
85863a12-7468-4236-aa52-b3416df893e2,Amazon,E-commerce,5,2026-06-26,أفضل ميزة توجد في امازون,Positive
13bb6fa8-50e3-42ce-95e7-e897445260ab,Amazon,E-commerce,5,2026-06-26,جيد,Positive
5f855c44-f286-4f48-acee-887d2cb72f3a,Amazon,E-commerce,1,2026-06-26,تطبيق سئ جدا لا انصح بيه لي اي شخص يريد ان يستخدم هذا تطبيق لانو سئ للغايه.,Negative
5ee09f09-1335-4ade-8d22-dfa3973c3d5f,Amazon,E-commerce,1,2026-06-26,زي الزفت زي شركه كدبه وي جيبه ليا لنظه محروق وي بيزه شركه حرميه,Negative
611fb9f3-5769-4a10-851e-1a61a764049b,Amazon,E-commerce,5,2026-06-26,👍🏼,Positive
7638ca3a-7cfd-45c0-b891-bd91287d90f1,Amazon,E-commerce,1,2026-06-26,لالمو,Negative
5fe5a75d-7e03-4bc4-9b5f-5418c55ef017,Amazon,E-commerce,5,2026-06-26,جيده,Positive
252c76b7-38fa-4c53-9e5c-82b85cea80c3,Amazon,E-commerce,5,2026-06-26,ممتاز,Positive
603397fc-fdd9-4aab-9b49-e65173805b7b,Amazon,E-commerce,2,2026-06-26,"Amazon global bir uygulama olduğundan, kullanıcıların özgürce seçim yapabilmesi için tüm ülke pazarlarında Arapça dil desteğinin sunulmasını talep ediyorum. Yaşadığımız ülkeden bağımsız olarak tüm dillerin erişilebilir olması gerekir. Lütfen bu konu üzerinde çalışın. Emeğiniz ve çabalarınız için teşekkür ederim.",Negative
cb7cf79b-8773-499c-be86-1559b8eb870e,Amazon,E-commerce,5,2026-06-26,برنامج جميل جدا جدا جدا بيضمن البيانات ويحافظ عليها شكرا لك على هذا التطبيق,Positive
de807125-972a-4607-97ce-d98385479df5,Amazon,E-commerce,1,2026-06-26,سئ وخدمه عملا سيئه وتغليف سئ مانصحش بيه ابدا,Negative
684404a2-d855-4f29-b834-4e2e990218fe,Amazon,E-commerce,5,2026-06-26,امازون تطبيق ممتاز جدا اسعار كويسة وبيعملوا عروض علي منتجات ارخص من السوق وطبعا عندهم كل ما تحتاجه من اي منتج كمان منتجاتهم اصلية وعملية ارجاع سهله لو هترجع اي منتج اضافة الي سرعة التوصيل والتغليف الامن افضل موقع تسوق عبر الانترنت انصح بالتعامل معه.,Positive
6a0fcbed-d930-4313-a05a-78dfce16977c,Amazon,E-commerce,5,2026-06-26,كل شيء تحتاجه تقريبا موجود والأسعار متنوعة وبالإمكان إيجاد أسعار رااااائعة جدا، خدمة العملاء ممييييييزة جددددددددا وناس على مستوى عال جدا جدا جدا جدا من الخلق الرفيع ودي الشركة تقلل الضغط عليهم، ودي ايضا يتم توفير سيارات نقل مبرد وخصوصا للأطعمة ومستحضرات النظافة الشخصية والمنزلية، ايضا اضافة امكانية التواصل المباشر مع المندوب، شكرا,Positive
a82ecb28-d90e-4d22-b53b-91d85f8f1c0b,Amazon,E-commerce,1,2026-06-26,لا استطيع التواصل مع خدمة العملاء و دائمآ غير متاحين,Negative
e03da741-41e9-44e8-b817-34b94b2f942d,Amazon,E-commerce,2,2026-06-26,التطبيق سيء كل لمن ابغا اضغط على المنتج اشوف تفاصيله ما يدخل ولا ينحط في اامفضله جربت حذف ااتطبيق و رجعت و اعدت تشغيل جهازي فيه مشكله تحصل ختصة اذا استخدمت الفلاتى,Negative
53545406-9084-4111-b54c-4d42e0b0f5c4,Amazon,E-commerce,5,2026-06-26,التطبيق كتير حلو لكن بيعلق بس هو مره جميل و منتجاته رائعة و اشتري منه كثير,Positive
e9ecd71f-c8b5-4bbc-b864-533fbc0d2630,Amazon,E-commerce,5,2026-06-25,ممتاز,Positive
830db1ba-1a91-4f40-bea9-192721366e2c,Amazon,E-commerce,5,2026-06-25,جميل جدا,Positive
5c2f7bf5-ee1e-4c56-820d-8aff06189c67,Amazon,E-commerce,5,2026-06-25,ممتازه,Positive
a26e7340-1a2a-4f94-b2be-a9305c0b77c7,Amazon,E-commerce,5,2026-06-25,تطبيق ممتازه وملبي لكافه الاحتياجات,Positive
a86b4e64-bf23-48f8-a48d-44cc94397af7,Amazon,E-commerce,5,2026-06-25,أجمل تطبيق طلبت,Positive
2d3e9a61-81a1-4fad-9909-da4579e1fb5e,Amazon,E-commerce,1,2026-06-25,زبالة امازون مصر محدش يحمله معاملة زي الزفت ومنتجات بتيجي مقطعة ومفتوحة نعمل استرجاع يقول ادخل صورة اصور المنتجات يقول لا يمكن وفضل كدة لحدما انتهت فترة الارجاع يعني نصب كامل غير المندوب اللي وهو بيقفل الخط شتم قمة قلة الادب,Negative
85e0cd5b-c075-4ce7-a79a-0f4206564524,Amazon,E-commerce,5,2026-06-25,ممتاز جداً,Positive
2238fc09-2aef-491d-b266-6fb56ab6417c,Amazon,E-commerce,5,2026-06-25,ممتاز,Positive
229d133e-292b-430f-8d36-a35125c5aa24,Amazon,E-commerce,1,2026-06-25,برنامج عرص ومنصحش حد يستخدمه كل الحجات غاليه وفي مشكله كبيره في التوصيل🙄🙄,Negative
05312f63-33c3-4a47-8e3b-4dd022f3b821,Amazon,E-commerce,1,2026-06-25,مش كويس ووحش خلاص ملهوش لزماااا,Negative
726aed73-6f21-4dec-b052-47ea7ba0474c,Amazon,E-commerce,1,2026-06-25,وحش جدا و سيئ و كذاب و متأخر فى المواعيد انا غلطان انى استخدمته و انا اصلا همسحه لانه برنامج زباله,Negative
e2bc65e4-8e8a-4acf-8b25-b2b0135d4e52,Amazon,E-commerce,5,2026-06-25,ممتاز,Positive
9fb488ca-a62b-4d6e-b3fa-de1e4ed25980,Amazon,E-commerce,5,2026-06-25,ماشاء الله تبارك الله,Positive
3d3e83d5-003f-45fb-871a-160aab5d33de,Amazon,E-commerce,1,2026-06-24,صعب إلإستخدام,Negative
ac5f13b3-514b-49e1-85fd-433d5c83458a,Amazon,E-commerce,5,2026-06-24,شكرآ,Positive
0925663a-4d43-4e40-9e5f-4fdaf138e3d6,Amazon,E-commerce,5,2026-06-24,تجربه ممتازه,Positive
f6836e68-ca52-4a1d-9b75-569081136afb,Amazon,E-commerce,5,2026-06-24,الصدق الامان,Positive
a6117310-5eb0-45b6-97f4-a431a2ffb445,Amazon,E-commerce,1,2026-06-24,تجربة سيئه وخدمة شحن وتوصيل أقل ما يقال عنها زباله,Negative
dfa05e00-0ac2-426a-8613-8a110dcba277,Amazon,E-commerce,1,2026-06-24,بيتاخر فى الطلبات,Negative
e8384dc9-596b-4210-816b-dfd04c1fcbf1,Amazon,E-commerce,5,2026-06-24,ماشاءالله تبارك الله امزون شي رائع,Positive
a28165ca-fb72-49c2-a5d4-a7d1cb1799b6,Amazon,E-commerce,5,2026-06-24,أحسن موقع 🖐️,Positive
f67be848-4c3c-4bd6-b338-d7110f42ed07,Amazon,E-commerce,5,2026-06-24,اريد تغيير العنوان 3 حارة الوابور من ش شبرا الساحل محطة مترو الأنفاق سانت تريزا خلف قطونيل,Positive
5c93efd1-03bf-4b50-a133-d0300e50b703,Amazon,E-commerce,5,2026-06-24,ممتازة,Positive
2bf226c3-7ba6-41ef-90d6-f17faa354013,Amazon,E-commerce,5,2026-06-24,ممتاز,Positive
d085421b-9421-4c1f-ae52-dfbebdc3275a,Amazon,E-commerce,1,2026-06-24,احتيال,Negative
aeff559f-119d-42ca-bb89-37bdd52bd31d,Amazon,E-commerce,5,2026-06-24,ممتاز,Positive
931875c2-bc99-4f07-a682-ce299ff52a91,Amazon,E-commerce,1,2026-06-23,جيد جدا,Negative
4f1bef35-466e-4b26-bda3-8c74d4aa0a84,Amazon,E-commerce,5,2026-06-23,محنرم,Positive
24005789-fb74-488d-b69f-c1483e54c1a2,Amazon,E-commerce,1,2026-06-23,ممتازة جودة,Negative
113fc90f-8ea1-4e1c-9223-711622d88d25,Amazon,E-commerce,1,2026-06-23,اسوأ خدمة عملاء,Negative
c282e424-56b0-4564-8956-f5fcc18e24c8,Amazon,E-commerce,1,2026-06-23,مشاكل كتير في التوصيل وتأخير مبالغ فيه ومفيش حتي خدمه عملاء اشتكي الي بيحصل ده بجد تهريج,Negative
35d6f9b5-119f-4a43-a552-47af0097ef61,Amazon,E-commerce,1,2026-06-23,. سئ,Negative
e51553e8-50b6-4929-ac35-e73af435fb47,Amazon,E-commerce,1,2026-06-23,سي. جدا. تطلب. سلة. واحدة. يوزع. التوصيل. سلعة. بي. 30 جنيه. تدفع. بعد التوصيل. 70جنيه. والدليفري. سي المعاملة. يكلمك. تنزل. له. في مدخل العمارة,Negative
bf5ed3ef-8917-4fbf-8bfd-b7ae125d7dd6,Amazon,E-commerce,5,2026-06-23,باختصار ده APPيجنن بيشتغل الكمبيوتر والتليفون وكل حاجه موجوده فيه اصليه 100٪,Positive
16d4bff9-b408-4c23-9d2b-717c58059612,Amazon,E-commerce,1,2026-06-23,زفت لا يوجد توصيل,Negative
7a1112aa-9e9a-4d7c-9992-a8f8527dc131,Amazon,E-commerce,1,2026-06-23,لا يوجد خيارات لغة في تركيا غير اللغة التركية و المطلوب لغة عربية و لغة انجليزية مثل ترينديول,Negative
6c27b3ea-1e1b-4bb1-9459-2e670fdef821,Amazon,E-commerce,5,2026-06-23,من احسن التطبقات اللي اتعملت معها الحاجه بتعتهم روعه والسعر على قد الايد,Positive
57d1a808-137f-49ef-b256-e3e9a8eaaeb9,Amazon,E-commerce,1,2026-06-23,كان بدعم الاقصاد تمار لان حاولت اطلب اقصاد لم اجد صفحة تمار ولم اجد خدمة العملا اصبح صعب جدا,Negative
9350b91f-868e-4dce-821f-dde244b40263,Amazon,E-commerce,5,2026-06-23,ممتاز,Positive
4d468d8f-145a-475e-8117-bb7b586b70eb,Amazon,E-commerce,1,2026-06-23,أنا كنت طالب سلعتين منكم ولغيت الطلب في سلعه قبل ميتم الشحن والسلعه التانيه وصلت وجيت اطلب سلعه جديده طلبوا منى بالفيزا أو مع شركة value وانا مش معايا فيزا كارت ولا حساب مع شركة valu وكلمت خدمة العملاء حاولنا ومش عرفنا وقالتي وتتواصل مع الشركه وترجعها تاني انا ادفع عند الاستلام وقالتلي يوم الجمعه المشكله هتكون اتحلت والمشكله لسه زي ما هي,Negative
44b1f9af-9795-4277-af7d-d95745eac758,Amazon,E-commerce,2,2026-06-23,عندي مشكله الاودرات بتتلغي ف وقت التسليم,Negative
335af9a3-0b9b-4e71-a95b-d2d3fcf0bf51,Amazon,E-commerce,1,2026-06-22,سئ جداااااا بجد مش فاهمه لي بني ادم عاقل ممكن ياخد منهم بعد الاساءه؟؟؟,Negative
9bc5d6ad-0282-441a-9b91-108fdb50a0a1,Amazon,E-commerce,5,2026-06-22,انا تنزيل تطبيق وجاني منه 50 دولار هديه بس بدك تسحبها على كود لبطاقه امازون فهي انت ربحت ايش ربحت انا كنت متخيل اني ما متخيل اني اربح هذا الشيء فالحمد لله وصاروا ان شاء الله تطبيق يكون ناجح فبعد بعد هذا راح اعلمكم تطبيق ايه هو اللي هو تطبيق اللي تربح منه 50 دولار لبطاقه امازون وفيك 100 دولار ايضا لكن بدك تجمع نقاط وهذه النقاط تشتري فيها بطاقه بيئه ب 50 دولار تغيير 100%,Positive
05f1b66f-ae44-47f0-ae41-5d9b9d84d000,Amazon,E-commerce,1,2026-06-22,تجربه سيئه للغايه طلبت اوردر ودفعت اون لاين ولغوا الاوردر بعد عشر ايام وكل يوك يقولولي الاوردر هيجي بكره فالاخر مفيش حاجه جت والفلوس مجتش,Negative
d7dbb568-a61f-4461-ad56-a6b7b846fda7,Amazon,E-commerce,5,2026-06-22,❤️,Positive
6393c51c-dc2b-4563-b32e-2cbc828c438a,Amazon,E-commerce,5,2026-06-22,تطبيق ممتاز,Positive
56276b29-0227-4b7b-be59-d2ee0e7f8e3d,Amazon,E-commerce,1,2026-06-22,تجربة سيئة جدا جدا جدا .... فيه خلل كبير في التوصيل عندهم ومندوبيهم تعاملهم سيئ جدا جدا جدا عدم احترام للعميل بشكل غير مبرر ما أنصح بالطلب من موقعهم حتى يتم إصلاح الخلل أسوأ شركة تعاملت معها بحياتي وأسوأ خدمة عملاء بالعالم,Negative
e061fdd5-b79e-4564-9ace-3bf5cc960110,Amazon,E-commerce,5,2026-06-22,رائع جداً جداً,Positive
57ae27ba-4b0d-4091-9b6a-4d4d7f47fcdf,Amazon,E-commerce,5,2026-06-22,رائع جدا,Positive
fa954e17-5d8c-47a1-9be4-85e3fb23bddb,Amazon,E-commerce,5,2026-06-22,شكراً امازون ❤️,Positive
0d5bf031-4196-49b2-8a00-3da95bffe637,Amazon,E-commerce,1,2026-06-22,شركه نصابه وبياخدوا الفلوس وما بيجيش يرجعوها وحسبي الله ونعم الوكيل فيكم وبنصح اي حد ما حدش يحمل التطبيق ده نهائي,Negative
63d6ca19-c0a4-4fea-8423-03a169f8ee38,Amazon,E-commerce,2,2026-06-22,بعض الطلبات توصل وبعضها ماتوصل اذا كانت الطلبيه من خارج الدوله,Negative
7994b96e-8f4d-4675-80fd-4c43215197aa,Amazon,E-commerce,5,2026-06-22,برنامج تحفة,Positive
64afedd6-a294-4826-8089-6ce5de156994,Amazon,E-commerce,1,2026-06-22,تووصييل زززفت تطلب شئ بسيط يتأخر شهرين عشان تغيير الطلب ع مزاجهم تصر ع طلبك اللي انت مقتنع بيه وبسعره يأخرونه شهر آخر من الآخر لا يسعون إلا لإرضاء أنفسهم بداية نهايات.,Negative
a65934ca-fc6f-4129-95be-c776f1c058c6,Amazon,E-commerce,1,2026-06-22,مش معني اني نزلت التطبيق أنه يخرج ليا في كل اعلان تم حذف التطبيق,Negative
b1d71655-47f5-47a0-b742-68c84474946d,Amazon,E-commerce,5,2026-06-22,ممتاز,Positive
1bd00fc0-3425-4f26-b639-fc7be36c030a,Amazon,E-commerce,1,2026-06-21,تجربه التوصيل سيئه جدا جدا جدا,Negative
d64269e1-9783-4621-a0d5-347af387be77,Amazon,E-commerce,1,2026-06-21,سيء,Negative
215c1434-d461-4268-abdd-7a4d9df023a9,Amazon,E-commerce,5,2026-06-21,sehr gut 👍🏽,Positive
65cbb86d-7ee2-42cf-a5a3-a9b1a63c9077,Amazon,E-commerce,1,2026-06-21,رائعه اسعار تحفه وعروض روعه بجد,Negative
7ebe2611-0fed-4842-9622-1c0fcbc6f3f6,Amazon,E-commerce,5,2026-06-21,اول طلب تحت التجربة بس هناك ملحوظة لماذا لا يوجد فى طرق الدفع المخفظة الالكترونية للتسهيل علينا و شكرا لكم,Positive
3e795a4b-23a6-4f53-a293-f8e4dab6acf9,Amazon,E-commerce,5,2026-06-21,جديده,Positive
2f080898-9ee5-49ef-983f-6f577ba16c1e,Amazon,E-commerce,5,2026-06-21,امان,Positive
73e3a322-fd5c-442a-80eb-dbe5577d8881,Amazon,E-commerce,1,2026-06-21,هاند جريب بايظ,Negative
a10a93ad-bce1-4850-8d94-83dcb673bc1f,Amazon,E-commerce,1,2026-06-21,سئ جدا تم خصم المبلغ مرتين ولم يصلني المنتج ولي فترة طويله اتصل بهم ولم يتم حل المشكلة اسوأ موقع يتعامل معي بهالطريقة اللامبالاه ،،،،اخر مره سأطلب منه وسأحذف التطبيق للنهاية.,Negative
bc0e334a-833c-4d1a-9698-70af8592080c,Amazon,E-commerce,5,2026-06-21,❤️👍,Positive
192cd44e-7970-48c3-8220-391f8103eca9,Amazon,E-commerce,5,2026-06-21,حلو اوي,Positive
3eafb494-0fff-4986-826e-061f1e903800,Amazon,E-commerce,1,2026-06-21,عندي الحساب موقوف,Negative
7dbb9ad8-c467-4e65-b589-67f0ac304ebf,Amazon,E-commerce,3,2026-06-20,مقبول,Neutral
73fcdf19-13b5-4b92-84c8-cc2b97efce5e,Amazon,E-commerce,1,2026-06-20,تطبيق سيء جدا,Negative
800f3cc7-93f2-4197-8597-41e70722d23e,Amazon,E-commerce,1,2026-06-20,سرقة و عدم وصول المنتجات المطلوبة نصيحة محدش يحمله,Negative
34996c13-c01c-4f5a-8822-81e9b48ed22f,Amazon,E-commerce,1,2026-06-20,برنامج سيا جدا عند الاشتراك في اي خدمة preme يتم بكل ثلاثة وفورا وعند الغائها تحتاج الا واصتا او الاتثال ب الخدما وا قضاء اكثر من ساعة في البحث حتا يتم الغائها. لا يجب ان تعقدو الامور خاصة في حالات الاشتراك او الغائها سيا جدا,Negative
3d2c2011-efa0-458e-94bf-2c5025d8205a,Amazon,E-commerce,5,2026-06-20,بصراحه تجربتي ليه هو تجربه حلوه بس العفش الدفع عند الاستلام لازم انك تدفع فوري فودافون كاش ده السيء بس كل حاجه حلوه والله اسعار رخيصه جدا,Positive
2f0dd372-8695-4ebf-a6ef-01ff5df5bb25,Amazon,E-commerce,5,2026-06-20,amazing app,Positive
fdff5667-30d4-45c5-98f0-bde2408c9fcc,Amazon,E-commerce,1,2026-06-20,متجر فاشل باختيار شركات التوصيل,Negative
2c0a8efd-a197-4e6f-a3e7-fed15d32d912,Amazon,E-commerce,5,2026-06-20,very good,Positive
10f7e065-61f5-4013-83d6-76f2c04706e7,Amazon,E-commerce,1,2026-06-20,لو عملت اودرد فبنسبة كبيرة هيجي غلط، و لو سجلت الكريدت بتاعتك فبنسبة كبيرة هتودع.,Negative
68a94332-d688-42d6-8d84-a3caa2748865,Amazon,E-commerce,2,2026-06-20,مش حلوة اوي بس اسعارهم حلوه بس جيت اطلب مكنش راضي ادفع اول ما يوصل,Negative
d518e1b1-6978-4d20-a493-f1679ea1e711,Amazon,E-commerce,1,2026-06-20,معظم الحجات بتكون مش هيا اللي مطلوبه للأسف,Negative
058868d4-000d-41b4-9f27-c13297642e44,Amazon,E-commerce,5,2026-06-20,١٠,Positive
adffd332-9833-43e5-b3ba-7722c0cf31b8,Amazon,E-commerce,5,2026-06-19,Not bad,Positive
3cb2a301-0e16-4c3d-98c6-fe5b8a0bcb3d,Amazon,E-commerce,5,2026-06-19,جامد,Positive
6f429538-a1db-401e-94b5-354f585f3fde,Amazon,E-commerce,5,2026-06-19,انا من السودان دخلت تطبيق أمازون يوجد تسويق جيد جداً ولكنني لم اشتري شي و لكن طريقة عرض المنتجات تجعلني اشتري بكل سرورو,Positive
677f769f-9d50-403c-ab49-5bd0b6b960d3,Amazon,E-commerce,1,2026-06-19,اسوء تعامل من المندوب في حياتي قلت ادب ويقول اطلع قابلني على طريق بعيد عن بيتي عشان مش هيوصله للوكيشن ولما اقدم فيه شكوه بدأ يلغي كل الاوردرات بتعتي بشكل متعمد وتصل بهدمت العملاء يطمنوني وبعدين هو كل يوم يلغي الاوردر بجد اخر تعامل ليا معا الشركه ان مكنتش عارفه تجبر المندوب انه يلتزم بقواعدها فملهاش لذمه,Negative
47d4b091-f488-44de-93e9-847413b4028b,Amazon,E-commerce,3,2026-06-19,جميل بس فيه مشكله بالتوصيل بطيء,Neutral
5344d02c-8657-42df-8d76-78d4682c016e,Amazon,E-commerce,5,2026-06-19,جيد جدا,Positive
6d50d623-0026-4e89-9fd2-65639ebc450e,Amazon,E-commerce,1,2026-06-19,لا انصح باستخدامه دا تطبيق مقاااااطعه,Negative
7e87b605-af87-4acc-948f-b72ec5e702e2,Amazon,E-commerce,1,2026-06-19,صفر نجمة حرفيا تطبيق فاشل زي الزفت مافي دول عربية وعملات غير مصر والإمارات والسعودية بس,Negative
40d9c7e4-77c5-4d1f-a547-d356b6e1bccd,Amazon,E-commerce,5,2026-06-19,كانت تجربة ممتعة . .,Positive
6fbbf9b8-356d-46f9-b721-515de7915107,Amazon,E-commerce,5,2026-06-19,ممتاز يكفي حاجاتي,Positive
4b6657ea-d30c-4de5-b4f2-979d1151a7ff,Amazon,E-commerce,5,2026-06-19,very good app,Positive
58b9cdc9-c8ea-4a79-bbed-eeb769aad661,Amazon,E-commerce,1,2026-06-19,يتم خصم مبالغ من البطاقة ولا يتم الشراء,Negative
82fc76e1-efa8-46f4-a141-947b39dc5213,Amazon,E-commerce,5,2026-06-19,شغل ممتاز,Positive
b2a9680e-100f-43d0-9ded-013e6eda3826,Amazon,E-commerce,1,2026-06-19,تم ربط فيزا مشترياتى المسجله لديهم بحساب اخر ليس لى وسحب مبالغ مالية بالنصب والاحتيال... الشركة ليس لديها اى نظام حمايه ضد السرقه والتهكير ..... وعند التواصل معهم لحل المشكله بيكون ردهم البنك هو المسؤل عن رد الاموال ....,Negative
9e597830-20d0-4fd3-a11a-0dc8ddc7afee,Amazon,E-commerce,1,2026-06-18,سئ جدا,Negative
7c8598bd-9927-43bd-bf71-383a48afd9a0,Amazon,E-commerce,5,2026-06-18,ممتاز............,Positive
ad658bfb-65a0-4142-985d-943a29b1eafb,Amazon,E-commerce,5,2026-06-18,أفضل خامة وأفضل سعر للبنطلون البسكوته القطن الأنيق والمثالي من شركة أمازون الممتازة,Positive
627d4d84-74cc-4125-b473-a2ec39d37096,Amazon,E-commerce,1,2026-06-18,شركات نصب طلبت منتج وكتب انه تم التوصيل ولم استلمه اقسم بالله ومنتج تانى قعد اكثر من اسبوعين يقولى بيتشحن ويلف ويرجع وفى الاخر اترفض لو كنت اشتريته من اى مكان بدل الانتظار كان افضل والله,Negative
637e3b31-596a-4040-bcac-deb282e13094,Amazon,E-commerce,5,2026-06-18,سئ,Positive
583fb992-e782-448d-9876-a54400493ff3,Amazon,E-commerce,1,2026-06-18,اسوأ تطبيق ف التواصل وخدمة العملاء ولا يوجد اى طريقة او وسيله للتحدث او التفاهم تطبيق عقيم ف جميع تعاملاته,Negative
baa9763f-c7ef-4796-96e5-372d08ce8e3d,Amazon,E-commerce,1,2026-06-18,bad,Negative
2765a1e4-b6a7-47ed-857a-3e68438a94df,Amazon,E-commerce,1,2026-06-18,سيء جدا مزعج ويوصل بعد ثلاث ساعات ماانصح باي احد انه يحمله,Negative
e8d0178a-333d-4473-a0b5-bc53a803dd88,Amazon,E-commerce,1,2026-06-18,سئ,Negative
c68f23c5-c51e-4c82-9e26-b2c2a8c6ba0f,Amazon,E-commerce,5,2026-06-18,انا أحب امازون,Positive
e9257d28-b928-4e00-9af6-963ba086ca54,Amazon,E-commerce,1,2026-06-18,اغلب المنتجات المعروضة للبيع غير متوفرة اذا ماذا اشتري 🤔😂,Negative
859f4cba-05c9-4a53-98c4-0d3fa42728a7,Amazon,E-commerce,5,2026-06-18,magnificence,Positive
0e07a0f9-791d-48d5-bc1d-e8c23d57a423,Amazon,E-commerce,5,2026-06-18,التسوق ممتاز والعروض جميله والتوصيل سريع,Positive
a83e253a-8da0-4041-8a22-6d75bad6bcf1,Amazon,E-commerce,5,2026-06-18,good,Positive
5649256d-fecd-44c2-b49d-cd7012a233bd,Amazon,E-commerce,5,2026-06-18,المنتج حلو وكل حاجه تمام شكرا ♥️,Positive
f386d3c1-bdd8-401d-9615-4c29b7b37b7b,Amazon,E-commerce,1,2026-06-18,لا يوجد خصومات. مثل تطبيق نون,Negative
7bd8eddd-b7ce-4492-9830-f25d886d3ebb,Amazon,E-commerce,5,2026-06-18,تحفه,Positive
954549a4-1091-4429-882f-c49e70c0faa2,Amazon,E-commerce,1,2026-06-18,زبالة,Negative
daf9eeeb-c529-44e9-84e1-637be005a6ed,Amazon,E-commerce,5,2026-06-18,ممتازين,Positive
fa76dc41-5d88-4450-985d-31069360fa87,Amazon,E-commerce,1,2026-06-17,شركة بقت من أوحش الشركات مندوبنها وشركات شحنهم زباله ويعطلوا الاوردارات ويكدبوا ويقولوا إتواصلنا مع العميل ومبيردش دى اخر مره سيتم التعامل معهم,Negative
41bfd3f6-618f-4297-a14a-cd7939cbc69b,Amazon,E-commerce,5,2026-06-17,جيد,Positive
340fcfce-7b2d-4f2c-8f4f-699441a3af1c,Amazon,E-commerce,5,2026-06-17,روعه,Positive
22e67f51-0143-4fec-af16-7d21139bfd67,Amazon,E-commerce,5,2026-06-17,اسطوري فيه كل شي وجودة رهيييبه,Positive
9bc27f8e-7732-4eb2-995c-bf5f43d9f6f0,Amazon,E-commerce,5,2026-06-17,تطبيق رائع و امين و رخيص,Positive
8cb7c85f-07a1-42d5-a2fe-026ad26c7390,Amazon,E-commerce,1,2026-06-17,منتجات ليس بجوده كايفيا وللاسترجاع لا يمكنك التواصل مع خدمة العملاء,Negative
0ef75346-eeab-43d9-b817-3019cc8352e9,Amazon,E-commerce,5,2026-06-17,ممتاز,Positive
05ffcb48-27e5-46da-95da-71784d01e8f2,Amazon,E-commerce,5,2026-06-17,ممتاز,Positive
bcd2dbc8-711c-4572-ba89-fe11f206e792,Amazon,E-commerce,2,2026-06-17,المندوب اللي بيوصل الاوردر قليل الذوق,Negative
5bd3f81f-0bd9-4e4a-8aa9-ba49cf3a6908,Amazon,E-commerce,1,2026-06-17,سئ جدا في تعامل خدمة العملاء والمرتجعات,Negative
eb3c37c6-618f-4744-a39c-82d4ce0afe34,Amazon,E-commerce,1,2026-06-17,"هذا عملو فلم يسئ لي الرسول صلى الله عليه وسلم This is his work, and he did not insult the Prophet, peace and blessings be upon him.",Negative
2bfc4475-f9aa-4bbd-9ffb-3b1af7361147,Amazon,E-commerce,5,2026-06-17,ممتاز,Positive
34c6112c-ce6e-460d-b4a0-1a809c732943,Amazon,E-commerce,5,2026-06-17,"شكرا""",Positive
b1a72b8e-1668-465a-8287-4c2d92f21e68,Amazon,E-commerce,5,2026-06-17,ممتاز,Positive
6b2e3d84-7fa9-43ef-872a-e04e3603829e,Amazon,E-commerce,5,2026-06-17,بجد تطبيق جميل جدا واقول لاي واحد نزله عادي وهو جميل قوي قوي في حاجات موجوده احنا بنحبها ممكن نطلبها,Positive
295bfb3b-bfd0-4c0e-8fa5-95bbcc7bd50b,Amazon,E-commerce,1,2026-06-16,تجربه سيئه جدا دفعت للطلب وحطو اني استلمت الطلب وانا ما استلمتو اتمنى يتواصل معي الدعم. مو راضين يتجاوبو بالتطبيق غير اني مرجع منتج بقيمت الف ريال سعودي واستلمو المنتج من قبل العيد وما رجعو المبلغ ومع العلم انو الطلب اصلا ما انفتح الي هوه غسالت صحون ما انفتحت الكرتونه اصلا,Negative
b7e88de8-9a34-44af-a37e-2b37051268a6,Amazon,E-commerce,1,2026-06-16,كان الاول موجود خدمه الدفع عند الاستلام والحين وقفوها صراحه مايسوي عليهم بنحول لنون خدمه الدفع عند الاستلام متاحه واي مشكله يحلونها بسرعه مو تستنا اسبوع وماتنحل,Negative
184f5ea4-47a5-4af2-be70-76e68fae9889,Amazon,E-commerce,5,2026-06-16,شكرا امازون حالا ، انا طلبت من تلت ساعة و الاوردر وصل دلوقتي ، الخصومات رهيبة و افضل اسعار و الاوردر الرابع اخدت هدية 475 جنيه ما كنتش مصدقة😍,Positive
d9773e8a-8275-4430-a9b8-655fa3381399,Amazon,E-commerce,5,2026-06-16,ممتاز وأتمنى لكم دوام التوفيق,Positive
e5b4cf5d-aaaa-4b7c-a1a7-704616c4dcfe,Amazon,E-commerce,5,2026-06-16,ممتاز,Positive
b51dada8-d6a0-47a3-a4e1-5f1c9fb350ca,Amazon,E-commerce,5,2026-06-16,تطبيق رائع,Positive
0f010383-acde-46e8-89b0-5b1c29664a5c,Amazon,E-commerce,5,2026-06-16,نايس,Positive
f1754fd0-663b-45ad-b087-83e314bff142,Amazon,E-commerce,5,2026-06-16,كتيررررررر خلوه والله والله ♥️♥️♥️♥️♥️♥️♥️♥️😭,Positive
cf874825-19eb-4e10-b7c1-6c61ada8bb85,Amazon,E-commerce,5,2026-06-16,خصومات اسطوريه,Positive
90340664-755f-42d5-8ea5-51cb6cbc5f41,Amazon,E-commerce,5,2026-06-16,عملاق المتاجر العالمية ومتعة التسوق,Positive
a4c6072a-6635-491c-9d0b-241c5be74bab,Amazon,E-commerce,3,2026-06-16,التطبيق أصبح سيء,Neutral
251d5796-90a8-462b-99e2-7a84911425f4,Amazon,E-commerce,5,2026-06-16,تطبيق رائع متميز يكفي سرعة التوصيل,Positive
366f0372-c89a-40d3-a855-46b39bacc34a,Amazon,E-commerce,5,2026-06-16,سيى,Positive
7628a90d-e0bb-4eeb-b87c-943248b7e856,Amazon,E-commerce,1,2026-06-16,عليكم أن تقومو بارسال الطلبات الى المغرب فهي ليست متوفرة,Negative
71f58577-b4a0-4050-97bc-cb4f32553a80,Amazon,E-commerce,5,2026-06-16,جيد جيد ه هو أم,Positive
ca273041-007b-418f-9ce4-590c7833a6db,Amazon,E-commerce,5,2026-06-15,ممتاز,Positive
5a7d0ecf-e135-4532-8043-d85ddd030440,Amazon,E-commerce,5,2026-06-15,جميل جدا جدا جدا جدا جدا جدا جدا,Positive
5aff5499-607f-4ca1-a952-1fb573fb7451,Amazon,E-commerce,5,2026-06-15,🔥🔥🔥🔥💫,Positive
5e814892-a21c-49c1-be22-e99390f25585,Amazon,E-commerce,3,2026-06-15,كثرتم تحديثات,Neutral
403161c3-6226-47a3-8d6a-35bb88ab2307,Amazon,E-commerce,1,2026-06-15,الطلب يتاخر والمناديب حقتهم ما تتعاون ويوصل عندك يقولك الكود غلط ولو ما اعطيتني الكود الا ارجع الشحنة المستودع وتجيك تاني يوم كيف الشحنة حقتي توصلني ويقول لي لا الا نجبها ليك بكرة والله لو في اقل من نجمة اعطيها ليهو وكمان يقول ليك لو تنتظرها لي بكرة نجيبها ليك ولو عايز تكنسلها كنسلها والله اكنسل امازون كلو يستاهل سالب ٥ نجوم,Negative
bc08b3f5-ffc0-414d-851f-899df04b0000,Amazon,E-commerce,5,2026-06-15,كويس جدا,Positive
ed6e01a5-8a5c-4f7a-b479-837ff239dba4,Amazon,E-commerce,1,2026-06-15,اسوء تطبيق واسوء خدمة عملاء,Negative
e081d6ca-83d3-44be-b7cd-e43fc3a0283c,Amazon,E-commerce,1,2026-06-15,من اوسخ المعاملات وشركة زبالة وواخد سيط على الفاضي وكل التجار اللي عليها نصابين لما رجعت سلعة لغاية دلوقتي بقالي اكتر من شهرين مرجعوليش تمنها,Negative
7f960cc0-ae30-4e14-8298-03f8e0fd3cdd,Amazon,E-commerce,5,2026-06-15,👌🏻❤️‍,Positive
7ca19ad4-9675-4b32-8050-efed5ab5b84b,Amazon,E-commerce,5,2026-06-15,ممتاز💯✅,Positive
7e39d900-bf6f-45bb-a7ae-00d8a5bbec3e,Amazon,E-commerce,5,2026-06-15,هلا,Positive
7d5170b7-83d8-47d8-9709-46533d517865,Amazon,E-commerce,5,2026-06-15,ممتاز جدا,Positive
d0b99d1a-107d-42b2-a1b2-3b9ea2723623,Amazon,E-commerce,5,2026-06-15,جيد جدا,Positive
5a871e0a-ce26-4ca4-91e3-8d01756ed78d,Amazon,E-commerce,5,2026-06-15,ممتازه,Positive
504243e5-b72b-467c-80ec-2acbdc7fa3a3,Amazon,E-commerce,1,2026-06-15,noon احسن,Negative
7bcfedea-0d0d-4d55-9b90-7bf919e1b871,Amazon,E-commerce,1,2026-06-15,سيئ جدا جدا جدا جدا جدا جدا جدا وكل ما اجي اطلب حاجه يلغوها وما فيش الدفع عند الاستلام معنى كلمه اللي هما نصابين,Negative
54e3e1a1-1efd-4eb8-b76c-30b5b5349e82,Amazon,E-commerce,5,2026-06-14,جييد ممتاز,Positive
b3371aa8-06c5-4ad5-b782-ce1d079a22b8,Amazon,E-commerce,1,2026-06-14,سيء صديقي اشتري كارت شاشه5090 والكرتون طلعت فاضيه,Negative
90576a8b-c2f0-4212-9456-2059ce188910,Amazon,E-commerce,1,2026-06-14,تجربتى سيئة جدا تم شراء المنتج وفى اليوم المحدد للتوصيل اتصل بى مندوب التوصيل وابلغنى انه لن يأتى فى اليوم المحدد بسبب زحمة الطريق واتفق على الحضور فى اليوم التالى ومنذ ذلك الوقت لم يتواصل معى بشأن التوصيل مرة اخرى وتفاجئت على الابليكشن ان الشحنة تم تسليمها فى حين انى لم استلم شئ ولم يتواصل معى اى شخص,Negative
dd234a9f-44bf-4da0-971c-0ba5e0101515,Amazon,E-commerce,2,2026-06-14,تطبيق جميل لاكن لايوجد الدفع عند الاستلام,Negative
a685241b-a842-4a2d-a46e-621b25a82ef0,Amazon,E-commerce,5,2026-06-14,تطبيق جميل ورائع واسعار رائعة جدا ❤️‍🩹😍,Positive
a672f9b8-faa0-4211-8d8b-165b33e28a70,Amazon,E-commerce,1,2026-06-14,لان ماجاب الي عايزه,Negative
6dadc8ba-b0b7-4299-99da-f3bc67ffbef6,Amazon,E-commerce,5,2026-06-14,روعة,Positive
ce9eb385-0f22-4a5a-8cad-57a91c45fe47,Amazon,E-commerce,1,2026-06-14,تجربة توصيل سيئة جداً ولخبطة بالطلبات. طلبت معالج PC وقلم وكتاب، الكتاب وصل بسلام، لكن القلم جاني بداله سلة بالخطأ! والطامة الكبرى أن المعالج لم يصل لموقعي المحدد بالتطبيق وتم تركه في مكان آخر تماماً وضياع العنوان. يستحقون نجمة واحدة على هذا الإهمال وتأخير قطع الكمبيوتر، وحصل خير.,Negative
4e9861a7-8d7c-4d69-9a5c-ef65cec7436e,Amazon,E-commerce,1,2026-06-14,تطبيق سى جدا طلبت من عليه حجات والمفرود ادفع عند التسليم مش رضيين لازم يبق معايا فيزا عشان تحول عليها المفرود الدفع عند الاستلام تطبيق سى جدا جدا جدا لااقيمه,Negative
26a8d29a-1c6a-4018-93d9-b7c248c67121,Amazon,E-commerce,1,2026-06-13,هو امازون كان الاول ممتاز بس التجار بعضهم نصابين وموضوع قفل الدفع عند الاستلام بقا مقرف جدا وبيمنعو التقيم علي المنتجات ودا شيء غريب جدا اول مره اشوف موقع يمنع التقييم علي المنتجات,Negative
053d274a-2271-47a3-b417-54c1db337e48,Amazon,E-commerce,1,2026-06-13,ممتاز جدا,Negative
055a4785-d71c-4b0d-95f9-8fde553d163f,Amazon,E-commerce,1,2026-06-13,زي الزفت اسوء تطبيق بيع وشراء بيطلبوا بطاقة الهوية لو عايز تستبدل حاجة نصب واحتيال,Negative
740d22dd-656e-4141-b717-3132fc9cb1f2,Amazon,E-commerce,1,2026-06-13,بيتستروا علي الي بيسرقوا من كروت الدفع الخاصة بالعملاء ومبيرجعوش الفلوس احذروا خلوا بالكوا من الكروت البنكية لان الموقع بيسحب من غير otp والكارت ممكن يتضاف علي اكتر من حساب,Negative
32a20c45-7be3-44ab-8213-5f10b3123760,Amazon,E-commerce,1,2026-06-13,تطبيق يفرض على العميل طرق محدوده للدفع و لا لا يتم الشراء.. راجعوا قواعدكم في التعامل مع المستهلكين.,Negative
b74a7481-0100-44e3-a7ee-1afef055b83b,Amazon,E-commerce,1,2026-06-13,حته النجمه خساره فيهم منتجات زي الزفت وبايظه ومعامله وحشه وحاجه تقرف بجد شركه زباله ومنصحش حد ب التعامل معاهم,Negative
2a62f36d-5823-48ff-adf9-8ab8a4602505,Amazon,E-commerce,5,2026-06-13,قوي,Positive
1b3ea467-1db5-403c-89c6-a39d7a8b4eb2,Amazon,E-commerce,1,2026-06-13,تسوق اسهل وفيه خصومات باستمرار,Negative
a092bc5c-6569-45e8-8438-d56a9444553d,Amazon,E-commerce,5,2026-06-13,👍,Positive
419909a0-b47e-4457-831b-8419c0f1c3b1,Amazon,E-commerce,1,2026-06-13,سى جدا لى طلبية من يوم 28شهر 4 وللحين ما استلمها كل مرة ادخل على التطبيق يقولى قريب ستصلك شحنتك عملت ارجاع المبلغ برضوا ماتم ارجاع المبلغ طلبت الشحنة مرة ثانية وللحين ما استلمت شي,Negative
a17aa5f8-2abc-46b5-b515-f6aa9ad0879e,Amazon,E-commerce,1,2026-06-13,حرفيا اسوء سوء تعامل في التطبيق من الاداره من خدمه العملاء ولا بيحلوا مشاكل 0 من 10,Negative
4d0d337c-30c2-43e1-824f-6cf7a9282302,Amazon,E-commerce,1,2026-06-13,النظام داخل التطبيق معلق ويحتاج لتحديث,Negative
59da2f7c-5c50-4da0-9b59-37c5c3690a7b,Amazon,E-commerce,5,2026-06-13,ممتاز جدا,Positive
d3aa0476-a55a-41ff-961c-2cd3dcc442d4,Amazon,E-commerce,3,2026-06-13,فقط لأنه لا يوجد توصيل خلال يوم واحد,Neutral
6f0dccbc-ea48-477e-8573-2d007c4fcfdb,Amazon,E-commerce,1,2026-06-13,كان حلو لكن بعد كده مش راضين يوفق ع طلب غير بشترك لاء دفع كاش لاء خدمه وحشا,Negative
56f803e7-65c2-452b-9e19-96b5e89526b8,Amazon,E-commerce,1,2026-06-12,مايستهلش ولا نجمه لى لازم ادفع الفلوس الأول علطول يقولى لا يوجد دفع عند الاستلام,Negative
2a7875fb-9396-4149-b596-8329286f1dbc,Amazon,E-commerce,5,2026-06-12,بصراحه امازون ده تحفه اوي اوي اوي,Positive
ca97d43a-01dd-410a-a70f-3e2650763be1,Amazon,E-commerce,4,2026-06-12,ةرار بييييؤررى ضياء ده بس 🤩,Positive
e57e7da3-1d38-41ee-a2d0-b141b94cdc4f,Amazon,E-commerce,5,2026-06-12,good👍👍👍,Positive
9cab6f69-0e71-4f15-9f79-25c3239f2bc4,Amazon,E-commerce,5,2026-06-12,كده اقعد في الدار مستريح والحاجات تيجي لحد الباب,Positive
62bd3482-6470-4f98-b8cd-3b629bf06985,Amazon,E-commerce,1,2026-06-12,التطبيق مش بيفتح معايا,Negative
b4df5a41-c5fe-4675-9631-2616f734ac23,Amazon,E-commerce,5,2026-06-12,ممتاز,Positive
99a23cc1-7960-41e1-bdf7-31eb0051ad45,Amazon,E-commerce,5,2026-06-12,جيد,Positive
847ea7f1-f435-4b7b-bb23-1e56e500893a,Amazon,E-commerce,5,2026-06-12,ممتاز,Positive
3f1b8dd0-25bc-43af-9772-ba74a19397d5,Amazon,E-commerce,5,2026-06-12,ممتاز,Positive
e64b00d8-4231-4c31-8db6-c34f229b7faf,Amazon,E-commerce,1,2026-06-12,خدمه العملاء فاشله طلبت منهم فاتوره علشان الضمان محدش جاب حاجه فنصيحتي لك لو هتشترى اجهزه الكترونيه من اي شركه ريدمي سامسونج ابل تروح تشتريهم من الموزع المعتمد علشان يديك فاتوره تعرف تروح بيها للضمان علشان لما تروح لاي ضمان يقول لك عايز فاتوره برقم السيريال و رقم السريال مش مكتوب عند امازون فانت كده بتضيع حقك في الضمان الا لو عرفت تجيبه بعد ما روحك تطلع,Negative
b7f42b58-9baf-414e-9a9c-c94647adec22,Amazon,E-commerce,5,2026-06-12,حلوووووووووو جداااااااااا,Positive
56f50ce4-b661-43a2-a5c9-3fe365f62c60,Amazon,E-commerce,1,2026-06-12,ناس نصابة وشركات الشحن اللي بيتعاملو معاهم مش محترمين واسعار وعروض وهمية اعلى بكتير من اي مكان تاني ويقولو عروض وخدمة العملاء مش شغالة مش بيحلو اس مشاكل نصابيييين جاري حذف الحساب منكم لله,Negative
0184ec76-d9e5-454c-a7d7-178100e03c39,Amazon,E-commerce,1,2026-06-11,حسبي الله ونعم الوكيل ((✅محدش يطلب منهم ابدا✅)) ابلكيشن مشهور بس نصاب..... بجد طالبه منظم ٣ ادوار ومنتجات سكين كير وصلي المنظم دور واحد بس وطبعا المفروض في فرق سعر كبير ومنتجات السكين كلها مسكوبه في الكرتونه مستفادتش بحاجه خالص . عملت شكوي عالأبلكيشن قال إن المندوب هياخد الأوردر والفلوس مش هترجعلي دي هتفضل في حساب عندهم واطلب بيها حاجه تانيه ومفيش تواصل مع حد خالص ولا مراجعات وانا اتقفلت منهم بجد دي مش اول مره تحصل معايا ومع صحابي برضو وبجد ندمانه مش هكررها تاني ابدا .(ربنا يعوض عليا بقا).,Negative
194bf84e-83ce-4755-bbb3-e17882147b3f,Amazon,E-commerce,1,2026-06-11,حسبنا الله ونعم الوكيل نصبين عليه في 2800 كنت اشتريت حاجه من التطبيق ورجعتها وبعد كده البرنامج اتقفل وقعد يبعت رسائل واكلم خدمه العملاء ولا اي حاجه,Negative
1c10abd6-98f3-4dd9-b912-e0e8ef5f5908,Amazon,E-commerce,5,2026-06-11,التعامل الإلكتروني جيد والإسترجاع جيد ولكن الضياع والمواصفات مهمة للغايه نشكر جهودكم,Positive
d8bca018-6b51-4af7-a93f-45e3918dadcd,Amazon,E-commerce,1,2026-06-11,تجربه زفت والله طالب حاجات جات حاجه تانيه خالص ومدلوقه كمان في الكرتونه وكل ما اكلم الخط الساخن بتاعهم بيقفلوا في وشي اول مايعرفوا ان في مشكله والفلوس ضاعت عالفاضي حسبي الله ونعم الوكيل,Negative
94f615d4-36b7-4a7e-b298-fcd076ec5a3b,Amazon,E-commerce,1,2026-06-11,تطبيق سئ جدا جدا جدا جدا,Negative
8a2f0182-2be7-4832-9b99-6106245dfdd2,Amazon,E-commerce,5,2026-06-11,تطبيق جيد وموفر للوقت,Positive
49d30fe0-b1cc-41ed-bd90-399ae469de1d,Amazon,E-commerce,5,2026-06-11,تطبيق ممتاز جدا اتمنا أن إلا يغلطون في الطلب,Positive
6e82998d-9bf7-478e-803f-bb8e598f9259,Amazon,E-commerce,5,2026-06-11,♥️🤍,Positive
a0ef5201-b9a4-467e-b607-11f3bd0093d9,Amazon,E-commerce,5,2026-06-11,شركه ممتازه بدون غش,Positive
2c898d03-50f0-4b69-bc94-c855389a685a,Amazon,E-commerce,1,2026-06-11,شركه مستهتره وخدمه عملاء غير مؤهلين للرد علي العملاء وعند طلب التواصل مع احد المسئولين. لحل شكوتي بعد أن قامو بتوصلي برئيس القسم كما ادعو ظهر انه شخص أحمق قلقل الذوق لا يصلح لإدارة مراحيض عامه ولم يتم حل شكوتي ولم يصل الاوردر الي الان بعد أن مر اسبوع كامل ولم استلم الشحنه الي وقتنا هذا,Negative
cd58f265-c4ba-43ac-b1d0-3ca0d61a7c75,Amazon,E-commerce,5,2026-06-11,ممتاز,Positive
6814fcf6-6e8a-4e07-b0e1-fbf2cfeaf3a3,Amazon,E-commerce,5,2026-06-11,شركه كويسه ومتنجتهاا كويسه,Positive
1b5d7ade-12cc-4a0f-be6a-554d002a5daf,Amazon,E-commerce,1,2026-06-10,خدمة سيئه جدا و من ابشع الشركات فى العالم,Negative
123ada50-a1d6-479b-ae12-e6ea928ec771,Amazon,E-commerce,2,2026-06-10,ماشي ط رإ ٧ تع٦,Negative
6938520d-723e-4ab3-9965-09328e6b78d0,Amazon,E-commerce,5,2026-06-10,أفضل online,Positive
823382e6-4a40-4393-a64e-3180989f6c65,Amazon,E-commerce,1,2026-06-10,تطبيق سئ طلبت ألوان والمفروض كانت توصل 7يونيو وموصلتش كلمت خدمة العملاء جدد ميعاد الشحن انه يوصل انهاردة وبرضو موصلش واخدوا مني الفلوس من الفيزا ودلوقتي لا الألوان وصلت ولا رجعوا فلوسي رجعوا الفلوس ادام بقالي ١٠ أيام جنبكم متعطلة على الالوان خسارة فيكم النجمة حتي,Negative
5e2200b4-836b-4f6f-bf54-ffbd20ad8007,Amazon,E-commerce,5,2026-06-10,جميل جدا,Positive
aa66b024-5b87-4f0b-91c0-c813295445ef,Amazon,E-commerce,5,2026-06-10,عملي، سهل الاستخدام و في كل شيء احتاجه,Positive
4757309f-a08c-405f-9a47-366c5f96e558,Amazon,E-commerce,1,2026-06-10,سئ جدا فى التوصيل ولا يوصلون الطلبات فى موعدها ومسجلين تم التسليم ولم يسلموا شئ,Negative
2dded614-e204-4128-ac9c-9fe4b4d31f0a,Amazon,E-commerce,5,2026-06-10,ممتاز ورائع جداً جداً جداً,Positive
a69d5476-ce93-4f30-856c-cebe8515cf57,Amazon,E-commerce,5,2026-06-10,احسن برنامج في العالم,Positive
cb44e9af-a005-4b04-9682-57bbe428eacd,Amazon,E-commerce,1,2026-06-09,برنامج مش كويس لا يدعم الدفع عند الاستلام والتسليم بطئ لانه حصل الفلوس قبل التسليم فبيمرجحك المندوب براحته خالص ولا يوجد به مكان للشكاوى ولما تدخل يقولك البرنامج لا يوجد به خاصيه التحدث مع خدمة العملاء علي الهاتف فبتحس أن فلوسك اللي دفعتها مسبقاً قبل الاستلام ضاعت لحد ما يتعطف المندوب ويجبلك الاوردر براحته,Negative
057230ec-9bc7-465b-860c-4dad74b6f666,Amazon,E-commerce,5,2026-06-09,جيد,Positive
e460c69a-7c11-4ec8-bf1a-67c31f97149e,Amazon,E-commerce,5,2026-06-09,cool,Positive
574a0fe7-92c7-4393-ab27-c68d849288f0,Amazon,E-commerce,5,2026-06-09,جميل,Positive
a191318a-6325-4903-8e10-7d3c82d392f2,Amazon,E-commerce,1,2026-06-09,إدارة زبالة وخدمة توصيل زبالة ومفيش مصداقية ولا احترام مواعيد التوصيل والشكاوى زي قلتها مفيش استجابة لو اشتكيت ١٠٠ مرة برضه يتأخر الاوردر ويتأجل لايام تانية,Negative
300e2231-548e-44d6-aa48-de8101a443e5,Amazon,E-commerce,5,2026-06-09,من افضل المتاجر من خلال تجربتي,Positive
34e99b43-5d4d-4fbb-ac3c-15c46e201cdf,Amazon,E-commerce,1,2026-06-09,موقع غير أمن ويتم اختراقه وسرقة الحسابات,Negative
b2a539c2-9709-4706-b7f5-5e5bd8a99e29,Amazon,E-commerce,5,2026-06-09,جميل ويوجد فيه كل السلع لاكن برجاء التأكد من المنتج المطلوب قبل شحنه لأن أحنا بنطلب منتجات وتأتي منتجات مختلفه تماما وعند الأبلاغ لأرجاع المنتج يتم تجاهل عميل أمازون من قبل الموظفين ❤️❤️❤️,Positive
6c34f13f-54bd-4cf9-b7fb-5ca12582868b,Amazon,E-commerce,5,2026-06-09,برنامج سهلة الاستخدام و ممتع,Positive
3b908cc0-52a6-44b9-ad43-480ebc955585,Amazon,E-commerce,5,2026-06-09,ممتاز جدا,Positive
1ad3850e-f5a1-46de-9772-e58bcbe22863,Amazon,E-commerce,1,2026-06-09,ميستهلش ولا نجمة عملت النجمة دي بس علشان اكتب تعليقي مش راضي يتفاعل زفت ومنيل منصحش تنزيله,Negative
8cc537e0-f995-4850-91eb-4d5fbd68edec,Amazon,E-commerce,3,2026-06-09,هو تطبيق حلو بس في ملاحظه أنا لما بطلب أوردر ويقولي مثلا هيوصل في 5أيام ألاقيهم بيكلموني ويقولو هنجيبهولك بكره لا اليوم إلي بعده فا ممكن ماتأخروش الأوردر,Neutral
e3c044ec-df78-47d5-8a19-aa79b97feb43,Amazon,E-commerce,5,2026-06-09,تطبيق رائع ومميز ومفيد,Positive
12a90c1a-4bed-4d17-9262-b92b4dd0586b,Amazon,E-commerce,5,2026-06-09,انهو جميل ورائع,Positive
acd61598-50ec-4473-a539-05c2b5cf8d22,Amazon,E-commerce,1,2026-06-09,ااسوء تطبيق مر على تاريخ البشريه,Negative
60f45698-8b51-4f86-9340-e40d9094df81,Amazon,E-commerce,4,2026-06-09,sehr gut ./ every thing is avelable and the prices is saticfationed.,Positive
bde55d3a-f524-4508-84f5-c0afe6326d83,Amazon,E-commerce,2,2026-06-09,.مكم متت,Negative
cc7141ea-dc5f-43a2-8713-c36cc89f6eab,Amazon,E-commerce,1,2026-06-09,اسوء تطبيق في الشراء والتوصيل,Negative
3fadfaa5-8651-4a1a-aca2-18824c1e7d42,Amazon,E-commerce,5,2026-06-09,ممتاز والله العظيم,Positive
aee9c41e-74cd-4791-822b-c1390ab3ad89,Amazon,E-commerce,5,2026-06-08,شكرا على تصميم الرائع,Positive
e5144d60-47db-401b-97a2-81810e6cac2d,Amazon,E-commerce,1,2026-06-08,خدمة العملاء مبتحلش مشاكل العملاء ونطلب اوردر يتلغي لوحده دون إبلاغ العميل خسارة فيه النجمة,Negative
26c84b3b-9e7e-43cf-a1a9-cfa04abe4e3d,Amazon,E-commerce,1,2026-06-08,شركة أمازون شركة محترمة بس عاوز اقدم شكوى ضد مندوب ف مدينة العبور اسمه محمد بسيوني الاستاذ المندوب المفروض يسلمني اوردر وبقوله استاذنك طلع الاوردر للشقة لان المدام مش هتعرف تنزل تستلم عشان معايا طفلين وهو يقولي لا انا مش بطلع أخري الدور التاني وياخد الاوردر ويمشي ويسجل عدم وجود المستلم عشان مش عاوز يطلع الاوردر المفروض هو مندوب توصيل هو مش هيرفع تلاجة ده اربع مساحات بخاخ المشكلة أن شركة أمازون مفهاش خدمة عملاء اتواصل معاها بخصوص تقديم شكوي ف المندوب والمناديب طبعا عارفين حاجة زي كده,Negative
734ce120-ee45-4424-8787-b5944faa8fc4,Amazon,E-commerce,5,2026-06-08,برنامج تسويق الكتروني رائع,Positive
e6028062-3e48-44dc-83fe-ffdd780d4f6c,Amazon,E-commerce,5,2026-06-08,ممتازة,Positive
39db45a7-99d6-45d1-a779-c51040e1d79c,Amazon,E-commerce,1,2026-06-08,شركة حرامية اشتريت بضاعة ورجعتها بقالي شهر مخدتش الفلوس لحد دلوتي,Negative
e01e98d3-14ca-4920-bf04-db66c9346e53,Amazon,E-commerce,5,2026-06-08,شكرا امازون,Positive
6ec936d5-48ad-4e7f-9aa5-cd249aa87832,Amazon,E-commerce,1,2026-06-08,تطبيق سئ والخدمه أسوأ ، فى كل مرة بطلب فيها بتوصلنى السلع بدون تغليف ومتضرره او تالفه تماماً,Negative
655c9e2b-4d9f-4c4c-ae8a-d55d3a0af5cd,Amazon,E-commerce,5,2026-06-08,قوه,Positive
b32c8542-ebf4-4092-9368-0d2a39f4379f,Amazon,E-commerce,1,2026-06-08,تطبيق سئ جدا هناك اعلانات كتير يرجي تصليح هذاالخطا,Negative
0755ea34-fef2-4ba2-af52-674966660b91,Amazon,E-commerce,1,2026-06-08,وحش جدا جدا والله العظيم الفلوس بتروح على الفاضي حتى مش بيجيب نفس النوع اللي بتطلبوا بيجيبوا حاجات تانيه وبيتاخر جدااا والاسلوب زباله,Negative
63d1d1bc-7bdb-44b0-9973-2edaa9ed1bbf,Amazon,E-commerce,1,2026-06-08,تطبيق معفن مش في ايفونات للبيع كل ما اقول عاوز ايفونات يجيب لي جرابات مش في اعفن من امازون كل اللي نزل اوليكس احسن بكتير وفويه كل حاجه,Negative
e934291f-9b55-4253-b55e-074379bac64a,Amazon,E-commerce,1,2026-06-08,التطبيق زي الزفت لاني جبت جراب لل التليفون لقيت الجراب حجمه اصغر بكتير من التليفون ورجوا على الجميع محدش يشتري حاجه منهم,Negative
7b4bcb60-ccf3-415a-8dcf-9942fc515c68,Amazon,E-commerce,1,2026-06-08,لن اتعامل مع امازون مره ثانيه بسبب خدمة التوصيل,Negative
7dd88198-58e6-4ca2-858d-385fd4f5042d,Amazon,E-commerce,5,2026-06-08,top,Positive
0110d1ad-e70e-424c-b883-446e6331dae4,Amazon,E-commerce,1,2026-06-08,صلى على النبي ❤️,Negative
6663f4a8-275c-44d7-a666-dff91abe2f0b,Amazon,E-commerce,1,2026-06-08,تطبيق سى لي الغيها,Negative
005b0744-1879-4ebb-9072-26b1663fbd92,Amazon,E-commerce,5,2026-06-08,ممتاز جدا,Positive
88488bc0-56ab-40dc-92be-ebd29f322f20,Amazon,E-commerce,5,2026-06-08,تحفه,Positive
83ebc008-ba50-4f2c-9892-8ba6df61742f,Amazon,E-commerce,5,2026-06-08,جيد,Positive
533c35e7-c65c-44a5-bd63-e0c62c20d3e7,Amazon,E-commerce,5,2026-06-07,تطبيق ممتاز ذات مصدقية,Positive
1ba319df-0a2a-4f84-bf22-8188ca29eb5f,Amazon,E-commerce,1,2026-06-07,برنامج لا يحترم المسلمين ولا يحترم المقدسات لأنه أساء للنبي محمد في مسلسل The boys,Negative
07cba6ef-1e3e-46f4-932a-ea7215ac3ddf,Amazon,E-commerce,1,2026-06-07,اسوء شركه واسوء موظفين ممكن تتعامل معاهم الشركه بتتعامل مع الديلڤري أنه ملك لغي الاوردر خلاص انتهي اتمني لكم مزيد من الفشل,Negative
ee63fe86-70e7-4f0c-b290-91638c3df3c2,Amazon,E-commerce,5,2026-06-07,انا ابحث عن سماعة معينة و كل يوم اذهب الى السوق ولا اجدها ولاكن دخلت على الموقع و من اول بحث وجت نوع السماعه و كنت ساعطيه عشر نجوم من خمس لو كنت اصتطيع و شكرن للتطبيق امزون,Positive
5a39c8e9-f914-40b3-991e-0c343e8c080d,Amazon,E-commerce,1,2026-06-07,اول تعامل لسه هجرب,Negative
f1f1bfdf-a95c-44ce-b8b1-a4c945054d87,Amazon,E-commerce,1,2026-06-07,تجربه سيئة و تأخير الشحن و عدم تواصل بالعميل نصيحه محدش يستعمله,Negative
e81823a4-d49d-4602-953a-7292b8127548,Amazon,E-commerce,5,2026-06-07,ممتاز جدا,Positive
9cfca219-efe0-4b29-998b-d5f7b9b229c3,Amazon,E-commerce,4,2026-06-07,الاسعار شبة مرتفعة,Positive
6e7f9fa0-d131-4769-83cc-91fefeb1335e,Amazon,E-commerce,1,2026-06-07,جلست يومين اعبي السله من امازون ناو اخر شر اطلب ويتلغي الطلب ومافي خيار اعاده نفس الطلبات لازم ارجع كل طلب للسله .. اروح السوبرماركت احسلي ما منه فايده,Negative
a6d033d9-4a11-41a7-a859-0b29191e6469,Amazon,E-commerce,1,2026-06-07,تطبيق أصبح سيئ جدآ,Negative
ad928bf1-4687-4415-a028-7319f5507c8d,Amazon,E-commerce,1,2026-06-07,التطبيق كذاب,Negative
f975a50b-f229-4eb4-9e41-72c36c36bbf1,Amazon,E-commerce,1,2026-06-07,تطبيق سيء,Negative
9993d80d-0bdf-4eee-868e-0bd76f8eeba5,Amazon,E-commerce,1,2026-06-07,كان الاول كويس دلوقتي سئ للغايه وف فلوس لحد دلوقتي مرجعتش والابلكيشن مبقاش يظهر المرتجع اما الفلوس بتترد,Negative
55bd929d-fa17-4557-bbb7-969f2061749b,Amazon,E-commerce,1,2026-06-07,طريقه الشحن بتاعتهم غبيه. خدمه العملاء تتكلم وما تنفيذ.,Negative
aa6127ce-ba03-40be-93ed-bea2a39f3352,Amazon,E-commerce,1,2026-06-07,Amazon.SA are the worst customer service. and all packages & delivery I received are damaged.,Negative
56ff3c1d-2e5e-4233-96dd-f634f52589c3,Amazon,E-commerce,1,2026-06-07,ليا فلوس عندهم مرتجع مش راضين يرجعوه واصلا المرتجع ده انا دفعت تمن تلات قطع جالي قطعه واحده عملت مرتجع في نفس اليوم اخده القطعه ومش عايزين يرجعوا فلوسي عمالين يماطلوا,Negative
c3f8c346-ced2-498d-813b-10ec46691c2e,Amazon,E-commerce,1,2026-06-07,اسوء، تطبيق,Negative
f8077d5d-1328-43ad-a446-a645f9f3c9f9,Amazon,E-commerce,5,2026-06-07,التوصيل راىع وسريع,Positive
18d0bfe9-2f09-4228-b3ec-36a20b5ec33a,Amazon,E-commerce,1,2026-06-07,حسبي الله ونعم الوكيل,Negative
628079c3-a0cd-4c65-a9ba-df2a24834ba4,Amazon,E-commerce,5,2026-06-07,جميل جدا,Positive
71babfb5-ffbe-4186-9960-8e46d91fe841,Amazon,E-commerce,5,2026-06-07,اكتر شي عاجبني هو الجيم يعني اسياء نفس الكيبورد,Positive
3d1f22b0-997f-415e-ad3c-d1ba21731d5b,Amazon,E-commerce,1,2026-06-07,اول تجربة ليا كانت وحشه جدا طلبت حاجه و قالو هيوصل بعد يومين و كنت مستنى لقيتهم بيقولو ان التوصيل فشل!!,Negative
c564b311-ff85-4114-97af-3da6ff33d45e,Amazon,E-commerce,5,2026-06-06,ممتااااز,Positive
2c3800df-0f54-4afb-936a-7b17c5e5f361,Amazon,E-commerce,2,2026-06-06,تطبيق حلو لكن في مشكله انو منع دفع عند استلام وفي اوردرات لغيتها كتير مشان هي مشكلة,Negative
4a295142-7839-4218-8853-e72f33d237c0,Amazon,E-commerce,1,2026-06-06,أسوأ تجربة تسوق ممكن تحصل . أسوأ خدمة عملاء . تطبيق فاشل ينقصه كثير من المعلومات الخاصة بتتبع طلبك. تأخير في التسليم وعدم احترام لوقت العميل و التزاماته.,Negative
cb777731-921d-4792-addf-110119126459,Amazon,E-commerce,1,2026-06-06,اسوء خدمة توصيل هى خدمة تاخير مش توصيل و بتوع خدمة العملاء بتوع كلام بس,Negative
d2ef8570-1ac3-4827-a019-7c26ed7b111e,Amazon,E-commerce,5,2026-06-06,اجمل واروع وافضل واحلى تقييم لاحلى تطبيق,Positive
944e0ce3-bee6-4c4b-99f5-2aabb697d439,Amazon,E-commerce,1,2026-06-06,النجمه كثيره عليه,Negative
551c1513-f30f-4a14-8f97-66d993424b75,Amazon,E-commerce,5,2026-06-06,الططبيق جامد,Positive
da25e567-3d58-4f1b-9fa7-e503251b0811,Amazon,E-commerce,5,2026-06-06,التطبيق ممتاز,Positive
8697ba18-4273-43ae-93e6-c6c3650cd921,Amazon,E-commerce,1,2026-06-06,مش حلو خالص,Negative
8d665e8e-5ec4-4382-ac14-d1194869bf4b,Amazon,E-commerce,1,2026-06-06,عدم المصداقية في المتجر كنت عضو برايم والغيت العضوية وراح يكون آخر طلب علي اكسبرس افضل بكثير,Negative
d2365405-3b2d-45d4-9fda-f943710ed693,Amazon,E-commerce,5,2026-06-06,تحت التجربه,Positive
5bb56e51-17c6-4862-bf34-2fe47908b0c1,Amazon,E-commerce,1,2026-06-06,تطبيق فاشل لا يمكنه الوصول الى العراق,Negative
e449230d-34eb-4697-aee1-888a4718761d,Amazon,E-commerce,1,2026-06-06,جميل,Negative
350bc481-1f60-4016-82f0-0355a4e5bb0a,Amazon,E-commerce,1,2026-06-06,اسوء تطبيق بجد مبنصحش حد يشتري منه اشتريت منه جهاز وطلع بايظ وعملت ارجاع وردوا المبلغ على الحساب ولحد انهارضه بقالى شهر مش عارفه استرده,Negative
61f9e4ba-3ae1-4b71-8c27-b2edaade8aa0,Amazon,E-commerce,5,2026-06-05,لماذا كل شيء غالي 🤧🤧🤧😭😭😭😭😭😭😭🤧🤧🤧🤧😭😭😭😭😭😭🤧🤧🤧🤧🤧😭😭😭😭😭😭😭,Positive
b80477e4-1865-4459-af16-18814b1bb5a7,Amazon,E-commerce,5,2026-06-05,جيد,Positive
f4daf6d1-6061-4d57-861d-d35cd9a95a98,Amazon,E-commerce,5,2026-06-05,جميل جدا يا جماعه الخير,Positive
6a3bc480-1203-48b5-8926-c6a97348229c,Amazon,E-commerce,1,2026-06-05,قليل جدا في الأكواد حتى نسبة خصم 1%,Negative
5aacaa33-66d0-445a-a517-22f53e4a3712,Amazon,E-commerce,1,2026-06-05,نصابين حراميه انا عندي طلبيه وما حددو وقت التسليم صارلها شهر وما يفعلو يرجعو المبلغ والمشكله مابي خدمت عملاء تتواصل معها 👎👎👎👎 مايستحق ولا نجمه,Negative
ddd55808-48f4-4abe-b167-91dc55f00746,Amazon,E-commerce,1,2026-06-05,تطبيق امازون وحش قوي قوي قوي النهارده في مره طلبت منتج وعرفت ميعاد التسليم وكل حاجه ماشيه تمام لما جه يوم ميعاد التسليم استنيت لما يرد عليا ومردش عليا يوميها بعث لي رساله على الواتس بيقول لم يتم استلام الطلب ولم يتصل بى قبل ارسال هذه الرساله,Negative
757c777d-1895-48e7-8c5a-54dd18a031bc,Amazon,E-commerce,1,2026-06-05,لا يقبلون الدفع نقدا عند الاستلام لذلك تم الغاءه,Negative
72b1875e-1bbb-4f0c-a4d8-05308b8856ec,Amazon,E-commerce,5,2026-06-05,والله جامد انصحكم تجربوه❤,Positive
0761d02b-e418-487b-a55d-0567e7bc1d70,Amazon,E-commerce,1,2026-06-05,بشع,Negative
5acf7daa-8673-4c9f-902a-5e32212dc0ea,Amazon,E-commerce,2,2026-06-05,غالي بعض الماء,Negative
d91f416f-26b4-4447-96e4-5f0e01237136,Amazon,E-commerce,3,2026-06-05,جيد جداً,Neutral
5583354f-d00c-4405-b988-4ce5af5ed308,Amazon,E-commerce,5,2026-06-05,ممتاز,Positive
9f3fe957-563d-4357-b9d1-e8e7c5aadff1,Amazon,E-commerce,5,2026-06-05,خدمه ممتازه جدا جدا,Positive
340c17f9-0707-4d1c-8963-639462b066e7,Amazon,E-commerce,1,2026-06-04,اطالب باضافه العراق,Negative
26e92dba-8e74-4c4a-8219-3f6ae84cd549,Amazon,E-commerce,5,2026-06-04,ممتاز,Positive
7fdfb1fa-c1be-4e0b-89b4-604497cd155e,Amazon,E-commerce,5,2026-06-04,ممتاز,Positive
8a36fb81-2779-485f-a145-6d11515a6f19,Amazon,E-commerce,5,2026-06-04,جيد جدا,Positive
557e81ba-db03-4e3e-8652-989a6defb8f2,Amazon,E-commerce,5,2026-06-04,تطبيق رائع,Positive
aff7870a-896c-4def-85d1-4dd1a9c4b5b9,Amazon,E-commerce,1,2026-06-04,سيء,Negative
d3299386-ec54-4100-af5d-df0ef3e61928,Amazon,E-commerce,5,2026-06-04,التطبيق متتاز جدااا,Positive
9d1e22cb-d6a2-4fda-94d5-8022c3b7f32a,Amazon,E-commerce,5,2026-06-04,امازون تطبيق كويس بيجيب المنتج ثاني يوم علي خصومات بتوصل لغايه 80%,Positive
0c0b3c79-8f61-40a1-95f3-8c28f41c6771,Amazon,E-commerce,5,2026-06-04,ابلكيشن حلو قوي وعلي خصومات,Positive
91259ef7-f715-470e-95a6-ba1c6854b964,Amazon,E-commerce,5,2026-06-04,ممتاز,Positive
079bc47a-4cf4-4947-9117-f64227f457e4,Amazon,E-commerce,2,2026-06-04,حاجاتهم واسعارهم غاليه جدا,Negative
b51da46a-735d-42b5-bf73-ef67907600fc,Amazon,E-commerce,1,2026-06-04,تجربة سيئة جدا لا انصح به,Negative
a0e266a9-efa5-4cb6-a952-fda243afb4d4,Amazon,E-commerce,1,2026-06-04,من أسوأ التطبيقات اللي استخدمتها في مصر في الشراء الاون لاين اكتر من مرة يلغوا الاوردر ويبلغوا ان المندوب موصلش للعميل مع ان الفون شغال ومحدش اتصل اصلا دا وانا برايم لو مش برايم ها يعملوا ايه؟,Negative
9a8799e4-7b89-4a0d-96b2-86651491f2e6,Amazon,E-commerce,1,2026-06-04,تطبيق زي الزفت وخدمه عملا ملهاش لازمه بقالي شهر بحاول ارجع فلوسي ولحد دلوقتي مرجعتش,Negative
997114f0-5f05-464b-954f-81ac7c0f63a0,Amazon,E-commerce,1,2026-06-04,الحاجه بتيجي متكسره وبيظه وكمان ما بتجيش في الوقت الي هم قيلين علي,Negative
500bfadc-c567-4949-8360-1b7c247099c0,Amazon,E-commerce,5,2026-06-04,يا يا,Positive
de1f2f16-cef8-4586-ae6c-5d6dcf6870f2,Amazon,E-commerce,1,2026-06-04,"Extremely disrespectful to the Prophet Muhammad and offensive to millions of Muslim viewers. Unacceptable behavior from the writers.""",Negative
00e7f707-a34b-4969-8c63-6b77cac00055,Amazon,E-commerce,1,2026-06-04,أمازون مصر لصوص ومحتالين زي الزفت نصابين في كل حاجه وأكبر دليل أنهم بيرفضوا المعاينة قبل الاستلام,Negative
ed961a37-53d9-4f3b-998c-06a1615edf8c,Amazon,E-commerce,1,2026-06-04,تجربة فاشلة 👎🍉,Negative
9164e524-8a2b-4c7f-a885-c199ca72ebc6,Amazon,E-commerce,1,2026-06-04,حراميه,Negative
5cd43249-ff7e-400a-b09f-6f1332ba1faa,Amazon,E-commerce,5,2026-06-04,بشكر كل المطورين ويكون الطوصيل مناسب مش اطلب حاجه يجيلي غيرها,Positive
28eee82a-5f77-4524-ac69-3fd86400ad6d,Amazon,E-commerce,5,2026-06-03,جامد جداً بس هي في مشكلة صغيرة ان مفيش دفع نقدعندالاستلام ولازم ندفع بل فيزا,Positive
acf3f114-9ae0-4b06-bf8a-19538130b55f,Amazon,E-commerce,1,2026-06-03,حتى نجمة كثير عليكم أنتم وفلمكم ذا,Negative
f95c8035-526c-4605-b861-2ad02adeea33,Amazon,E-commerce,5,2026-06-03,ممتاز,Positive
4118f446-71b5-4666-b4f3-e6cbfd1d45f0,Amazon,E-commerce,5,2026-06-03,تطبيق مش موجود في الوجود,Positive
1e2a5859-aa29-41ba-a9a2-102ee754c1b6,Amazon,E-commerce,5,2026-06-03,ممتازين,Positive
268b6732-f6d4-4fcd-a152-ca21fafe72b1,Amazon,E-commerce,1,2026-06-03,توصيل سيء جدا..المندوب لا يريد أن يوصل الطلب إلى الموقع هذا الأمر تكرر معي أكثر من مرة اليوم ألغى المندوب الطلب دون أي سبب,Negative
5bf7533f-beca-41e2-880d-382e3b2776a2,Amazon,E-commerce,1,2026-06-03,سيئ,Negative
765a551d-25a3-4655-96bc-dd5c560161d9,Amazon,E-commerce,1,2026-06-03,تطبيق سئ جداً جداً ولم يعجبني,Negative
ce5772f6-9222-40a1-8079-23bd05bd56e6,Amazon,E-commerce,4,2026-06-03,Good,Positive
999e1d72-14e1-42a4-b993-041945e0cf33,Amazon,E-commerce,5,2026-06-03,تجربه ممتاز شكرا,Positive
c5fb6408-5528-4b65-8d1b-56821c18bb1d,Amazon,E-commerce,1,2026-06-03,الغاء الدفع عند الاستلام يجعل الشراء منه صعبا ...مع الاسف ان لم تحل هذه المشكله ساحذف التطبيق,Negative
7ae20083-d195-4bc8-9e89-b4a17b61ed3f,Amazon,E-commerce,5,2026-06-03,ممتاز,Positive
de6c9dc6-9d00-4ea1-9902-eca29f7523c2,Amazon,E-commerce,1,2026-06-03,متى ترجعون فلوسي يا ن,Negative
d218c383-df4c-4676-a2a5-19f3ec220275,Amazon,E-commerce,1,2026-06-03,زي الزفت شركه نصابه,Negative
58863475-39e3-4ed8-b214-2324fd04333f,Amazon,E-commerce,1,2026-06-03,أمازون مصر مندوب الشحن عمل علي الابلكشين إني استلمت الاوردر وأنا مستلمتش الاوردر يبقا المندوب يبقا إيه يا حرامي يا نصاب بقالي فوق 3سنين بتعامل مع أمازون اول مرة يحصلي الموقف ده,Negative
0531626b-2e62-444e-9070-de45d865886b,Amazon,E-commerce,5,2026-06-02,ممتاز,Positive
292dfe3e-a9ee-4e83-b025-24738c6d1e69,Amazon,E-commerce,5,2026-06-02,ممتازين وملتزمين وقمه في الأدب والأخلاق,Positive
45a5a43d-d766-4e39-b7b9-6eb3d0127a9a,Amazon,E-commerce,5,2026-06-02,روعه,Positive
edd27408-1853-4231-acd3-e4800d5e5d0a,Amazon,E-commerce,5,2026-06-02,شاكرن,Positive
a4364169-9097-4918-aa08-68c500facdab,Amazon,E-commerce,1,2026-06-02,نصب في نصب وكله زفت,Negative
66cdc8cb-78b9-4b4f-a542-c570b5989df0,Amazon,E-commerce,1,2026-06-02,للأسف طالما مندوب التوصيل راضي عنك الخدمة ممتازة بس تختلف معاه في موعد الإستلام أو ظرف طاريء تسبب أنك مش موجود تلقى أسوأ معاملة و تعنت من مندوب التوصيل و بعدها بيرفض يسلمك أي أوردر تطلبه لدرجة تخليك تستغنى عن أمازون و مهما اشتكيت مفيش حل,Negative
3220dd2a-c1d7-4137-b6a4-79bc3177e694,Amazon,E-commerce,2,2026-06-02,تطبيق زباله الاوردر بيتاخر,Negative
79cdfa6d-1999-411a-80ab-331053ba4799,Amazon,E-commerce,5,2026-06-02,حلو والاسعار مناسبه,Positive
a5a2fad0-767f-4f84-b640-2985b7c96c17,Amazon,E-commerce,5,2026-06-02,جميل,Positive
64816c82-da51-4935-ad9f-07ee2aa9e3f7,Amazon,E-commerce,4,2026-06-02,كل يوم ازداد ثقه في أمازون,Positive
9ec5ebd4-713a-44cd-8cc7-d81f4645b526,Amazon,E-commerce,5,2026-06-02,ممتاز,Positive
511135b9-ee18-4f48-8633-9c69298c4f62,Amazon,E-commerce,5,2026-06-02,هو ليه بيطول في الفتح,Positive
67f89389-2de7-4804-b11f-392dc8d455cc,Amazon,E-commerce,1,2026-06-02,تطبيق سئ بيقطع الطلبية وبياخدو فلوس توصيل اكتر انا اخدو مني فلوس زيادة 148 جنيه بسبب تقطيع الطلبية دا,Negative
c03bef5a-27a0-4846-879f-c5e57c4a5e46,Amazon,E-commerce,5,2026-06-02,ممتاز,Positive
848157de-876d-45a7-8ab4-21a776b7e66b,Amazon,E-commerce,5,2026-06-02,تحفه,Positive
c6f3825c-2ee3-4c51-a947-4644b9236754,Amazon,E-commerce,1,2026-06-02,حراميه و نصابين لما بتعمل مرتجع او تقيم سلبي على منتج ردئ بيعملوا حظر للحساب ، كأننا بنسحت منهم و مش بنشتري بفلوسنا,Negative
932ea388-372c-4f04-8ff0-fff61fdca254,Amazon,E-commerce,5,2026-06-02,جيد,Positive
9c606317-3552-4b4e-b55d-bc6d4202b704,Amazon,E-commerce,4,2026-06-02,تيح لنا خاصية الدفع عند الأستلام دائماً,Positive
a7366082-e0fa-4fb4-a63e-c6e9b066b090,Amazon,E-commerce,1,2026-06-02,اسوء شيء قامت به امازون بعد سنوات من التعامل هو اغلاق الخط الساخن ومنع المستخدم من التحدث لخدمة العملاء والتي تعد تقوي اقوي نقطة تفوق لديهم الان لا استطيع حل اي مشكله من خلال التطبيق او الموقع,Negative
32a7e0f4-c821-445a-9282-f8d6e375fed9,Amazon,E-commerce,1,2026-06-02,سيء,Negative
58d456d3-73a6-4a02-8e8b-7cab77c7f467,Amazon,E-commerce,4,2026-06-02,طبق جيد بيجيب لك كل حاجه انت في,Positive
5511f325-d509-4250-a976-1e73c3ca3163,Amazon,E-commerce,5,2026-06-02,لماذا تم ازالته من التابلت ولايقبل التحميل مرة أخرى؟؟,Positive
f6f94f3d-5b3d-49bd-9080-4d526594281d,Amazon,E-commerce,1,2026-06-02,تطبيق سيء لا يستحق,Negative
9437a02e-d36a-460f-8f20-53d081005769,Amazon,E-commerce,1,2026-06-02,اسوء شركة ع الاطلاق ، اوعى تتعامل معاهم ستندم,Negative
628e8468-e761-40c4-8f43-32b6935f5b99,Amazon,E-commerce,5,2026-06-02,Why is there no delivery to Iraq?,Positive
0308eaed-32b2-459c-8c40-2dbb32c4db4c,Amazon,E-commerce,5,2026-06-02,جيد جدا,Positive
bce2dee6-1ded-4cc5-86e8-fd30b2319fd3,Amazon,E-commerce,5,2026-06-02,ممتازة,Positive
6df0e8c4-37b0-42a9-bc0d-a4220f724622,Amazon,E-commerce,1,2026-06-02,شركة سيئة جدا ولا تلتزم بمواعيد التسليم اول مره اتعامل مع امازون و الانطباع سيئ و دائما بتعامل مع نون ملتزمة جدا,Negative
d61f6d6d-adf1-4943-8902-2f9e00182aad,Amazon,E-commerce,5,2026-06-02,ممتاز,Positive
4ba5c8a2-9b71-477e-b001-3302ab1925eb,Amazon,E-commerce,5,2026-06-01,بسراحه جميل جدا 😘😘😘😘😘😘😘😘😘😘😘😘😘😘😘😘😘😘😘😘😘😘😘,Positive
1e20f8c7-9e94-453b-994c-3ee7023f05ea,Amazon,E-commerce,1,2026-06-01,سياسة الارجاع بقت متعبه وصعب الوصول للتحدث مع خدمة العملاء ارجو تحسين التعامل وايجاد فريق عمل لحل مشكلات العملاء وتيسير الحلول السريعة,Negative
c6ccc7cb-486d-4a23-a8d9-9269016b21fe,Amazon,E-commerce,5,2026-06-01,ممتاذ,Positive
a62eb0e6-1886-4d02-8ded-3faf2acefb42,Amazon,E-commerce,1,2026-06-01,معفن و بيوصل متاخر جدا جدا,Negative
fa52adb9-d83b-481d-8e6e-23fb28f7dece,Amazon,E-commerce,1,2026-06-01,تأخير الطلب ثم اللغاء من امازون,Negative
7ba9f319-4190-4726-b7cb-a5caac1ad854,Amazon,E-commerce,5,2026-06-01,جميل جدا,Positive
74ba5ae2-65fb-405f-8174-7852bfb8cb9f,Amazon,E-commerce,5,2026-06-01,تطبيق ممتاز جدا جدا ويتيح لك متعة التسوق الالكتروني 😊,Positive
cc50b16c-b173-4191-bae8-c9a728527ef9,Amazon,E-commerce,5,2026-06-01,تطبيق جميل لكن اتمنى تكثرون كفرات الجوالات لانها قليلة في المتجر تعانوا مع محلات جوالات اكثر علشان يعرضون بضاعتهم لان فيه قلة في الكفرات والمحفظات الجلديه للجوال اهتموا في قسم اكسسورات الجوال وفيه اقسام اخرى تحتاج زيادة وتنوع في البضائع,Positive
59ec256c-049c-496a-b8b3-12a20e8bf75b,Amazon,E-commerce,1,2026-06-01,نصب ولم أستلم الشحنه حتى الآن من يوم 26 حتى الآن ويتم تأجيل الأردضر كل يوم . تطبيق سيئ جدا جدا جدا جدا لا أنصح بستخدامه,Negative
58ac75f4-baf8-4359-be1a-a5cda484afa8,Amazon,E-commerce,5,2026-06-01,جميل,Positive
73de0fb9-9b92-4469-bd15-a2f30655f823,Amazon,E-commerce,1,2026-06-01,كاذب,Negative
843f2800-9bfb-4d95-b691-6d676e3807ed,Amazon,E-commerce,4,2026-06-01,تطبيق رائع بس المشكله البسيطه مفهوش كل الاشياء,Positive
6dcd29b8-22c9-41f0-9dad-c5d18237d130,Amazon,E-commerce,5,2026-06-01,ليه هجرب,Positive
df076e23-138b-4c14-9992-3c8d34adfad9,Amazon,E-commerce,1,2026-06-01,سيئ,Negative
38e81fb5-e16e-40e6-9f12-dc3977205296,Amazon,E-commerce,5,2026-06-01,احسن و أجمل تطبيق للمشتريات و الاجهزه بجد انا بقول لي صحابي التطبيق كل صحابي حملو التطبيق بجد اشكر ال عمل التطبيق ده,Positive
4424e788-05c3-46d9-b1ed-c5b792a65b52,Amazon,E-commerce,1,2026-06-01,الاسعارمبالغ فيها,Negative
46b289b8-1b5e-4d51-ba7d-7b200650d418,Amazon,E-commerce,5,2026-06-01,ممتاز جدا,Positive
d04806a7-a225-429f-83b4-be979f5d1261,Amazon,E-commerce,1,2026-06-01,نصيحة لوجه الله، لا تشترك في أمازون، برايم. تدفع فلوس شهريا آخر شي. يتم معاملتك، مثل معاملة الغير مشترك في البرايم، تحتاج. تطلب غرض معين عدد حبتين يقولك لا، لك وحدة فقط.. طيب، أنا عضو إبرايم ليش أدفع شهريا على الفاضي .. حتى الغير مشترك في البرايم، عندهم توصيل مجاني مو بس أنت يا عضو البرايم، فنصيحة تراجع عن الاشتراك ..,Negative
b428c151-5878-472b-b750-e04fa05a1be1,Amazon,E-commerce,5,2026-06-01,👍,Positive
00e64973-f19a-4099-9107-ae96d880f964,Amazon,E-commerce,5,2026-06-01,ممتاززززززززززززززززززززز مراه اصطوري,Positive
bc7cf28f-c67c-4d5d-951f-17a3446ce6ef,Amazon,E-commerce,1,2026-06-01,احاول الشراء دائماً والغي بسبب عدم وجود الدفع عند الأستلام مع أني ملتزم بالاستلام والسداد,Negative
b9eabcb6-41d4-4b6d-88b6-d6ed06d58886,Amazon,E-commerce,1,2026-06-01,ماااشااءااالله تبتتاارك الله مااايستااااهل ولااااااااااا نجمة اااااعطية علشاااااامن ااااااااتغلسقتة وجاااااري اااااااااااالحذف,Negative
5c6cb006-19d0-4d21-9c0a-718164747475,Amazon,E-commerce,1,2026-06-01,سياء جدا والمصريين اللي فيه خربوه,Negative
b1afe94e-f8b9-40eb-a747-5fff1f1c3792,Amazon,E-commerce,5,2026-06-01,ممتاز,Positive
d9a65378-ea0e-4561-9d52-156a3519b890,Amazon,E-commerce,5,2026-06-01,ممتاز جداً,Positive
1bc98b02-83b3-4645-b07d-5316ea69b98e,Amazon,E-commerce,1,2026-06-01,شذا كان عندي التطبيق فجاه يقول هاذا الجهاز لايدعم الاصدار تفو عليكم بس,Negative
0e484783-d7c0-492a-9d5d-4503652d6912,Amazon,E-commerce,1,2026-06-01,خدمة عملاء زي الزفت ، ضياع حق العميل في استرداد قيمة المرتجعات ، وعدم تيسير الاستبدال أو الاسترجاع بصفة عامة، واصبحوا يطلبوا صورة الهوية وهذا فيه مخاطر الوصول لبياناتك الخاصة واستخدامها في اشياء اخرى. وربما تكون من باب المضايقات لضياع حق العميل. لا أنصح به مطلقاً.,Negative
af4e5b69-e7a6-46db-a96b-e211dd613ab1,Amazon,E-commerce,1,2026-05-31,صفرر شركه نصابه,Negative
7121faf9-07dd-4775-8824-0666f7ec82f8,Amazon,E-commerce,1,2026-05-31,سئ جدا,Negative
7cfe9333-6165-45aa-a2ea-4b4eed2e6076,Amazon,E-commerce,1,2026-05-31,بيبعتوا اوردرات غلط ولما ارجعها يقولولي انت مرجعه أوردر غلط مع انى بكون مصورة الاوردر اللى جالى وبعتاهلهم وخدمة العملاء هيا اللى بتعمل ارجاع وفى الاخر ياخدوا الاوردر والفلوس ومعرفش اخد حقى,Negative
a0ba8cd1-2f3d-45ac-8fa8-dfe225c8cd27,Amazon,E-commerce,5,2026-05-31,هايل جميل جداً,Positive
3c63507e-749c-4fbc-a1a3-e309e54f6376,Amazon,E-commerce,5,2026-05-31,التعاون منهم ممتاز واسعار رائعه,Positive
8bc60674-9f86-414f-856a-9058e596997e,Amazon,E-commerce,5,2026-05-31,👍,Positive
d0f9c80f-61cc-4584-bd6b-04f501bab966,Amazon,E-commerce,1,2026-05-31,سوق جيد ولكن لا يوصل الطلب كامل,Negative
d17980c7-b767-4c13-8796-3d11642bc0dd,Amazon,E-commerce,1,2026-05-31,اسعار غاليه,Negative
7d1aaca5-38f6-427a-966e-40b0e78bc83e,Amazon,E-commerce,1,2026-05-31,تأخير في تسليم الطلبات ورسوم عالية على الدفع النقدي عند الأستلام سيء سيء سيء جدا جدا جدا,Negative
aacb48a7-c304-4bb4-9a67-585c5d58522e,Amazon,E-commerce,5,2026-05-31,ممتاز,Positive
7a5a18f1-cfdb-4076-a938-864fc77987ab,Amazon,E-commerce,5,2026-05-31,ممتاز,Positive
c99a3f0f-1695-47b4-a0f6-1e026e217bb2,Amazon,E-commerce,5,2026-05-31,جنن ومريحة,Positive
d86dc287-46b7-4ecb-a5a4-27642a54d2c5,Amazon,E-commerce,5,2026-05-31,تجربتي ممتازة جدا,Positive
266f3ba9-e1e6-4642-9132-3c060a262aba,Amazon,E-commerce,3,2026-05-31,لا يوجد باللغه العربيه,Neutral
4cd6ad76-dd66-4b15-968b-48f5e46d1b08,Amazon,E-commerce,1,2026-05-31,سب نبينا ما نرضى,Negative
2d33591e-88a9-4535-b552-a8683ef8fc00,Amazon,E-commerce,1,2026-05-31,سابقا ممتاز والان كل شي سيء من خدمة عملاء إلى المناديب,Negative
2a67ad35-91e4-40ca-9f7c-8f8749bcd053,Amazon,E-commerce,1,2026-05-31,bad,Negative
1a9a4ca0-bf4e-4c87-9ac2-ccec0a762cfc,Amazon,E-commerce,5,2026-05-31,خدمه جدن وممتعه و جيده جدن,Positive
86056918-4d71-42a2-8a8a-5acc342079f3,Amazon,E-commerce,5,2026-05-31,احله برنامج في العالم,Positive
b49dff5a-09f1-45d1-bf5e-3e9f3bdcb4e7,Amazon,E-commerce,5,2026-05-30,كانت سهله جدا وهو تطبيق رائع جدا والتوصيل بسرعه وانصح به للجميع✨✨✨,Positive
f4030a98-ca5c-4696-95bf-7cd01fb27c4c,Amazon,E-commerce,5,2026-05-30,مر حلو ماشاء الله,Positive
91133217-0af3-4151-9ae5-5f766d5f6bfc,Amazon,E-commerce,1,2026-05-30,زفت وحشجدا,Negative
9f93881a-2bfc-48a9-89a8-28672232f4a0,Amazon,E-commerce,5,2026-05-30,حلو جداا,Positive
aa89762b-5319-41d8-9450-cc0c8f3e4896,Amazon,E-commerce,5,2026-05-30,جميل,Positive
57b157e9-b084-4d4c-8342-c38959a37c18,Amazon,E-commerce,5,2026-05-30,موقع جيد بجد وابليكيشن محترم والمنتجات بتوصلي نفس اللي طالبها من الابليكيشن بجودة عالية كمان بجد,Positive
af408bbb-d9f2-445a-b0b2-f10d967da65d,Amazon,E-commerce,1,2026-05-30,عرض بنسبة 48% موجود في الابتوب ولاكن مش موجود في الجوال و المنتج فعلا غالي,Negative
c3a8241e-42ea-4a37-a2ab-820c32d4bd37,Amazon,E-commerce,1,2026-05-30,اسعاره غاليه وخامتها مش كويسه بتبوظ بسرعه وصعب تتواصل مع الدعم لو عندك مشكله وعلى طول بتحصل مشاكل,Negative
ccd2a6de-a0b5-4163-a24a-21b25a2f344d,Amazon,E-commerce,5,2026-05-30,ممتاز,Positive
815e57e6-8592-4f81-861c-fd6c68703594,Amazon,E-commerce,1,2026-05-30,حسبي الله ونعم الوكيل,Negative
27f2e22e-3760-42a1-95bd-c78a4dde5686,Amazon,E-commerce,5,2026-05-30,التطبيق دة مميز جدا طلبت حاجة لية وجت في يومين,Positive
e79b07d4-55ff-4ebb-bbce-c944b2bee42e,Amazon,E-commerce,5,2026-05-30,جيد جدا,Positive
01ecaffb-1a82-4c2b-b24f-6ef0fcdf978b,Amazon,E-commerce,4,2026-05-30,جيده,Positive
a66bcc8c-a80b-460a-88fa-e2f4ea4764d4,Amazon,E-commerce,5,2026-05-30,يوجد عليه كل حاجه اونلاين,Positive
3a845923-2897-4a9f-8159-6e777e53598f,Amazon,E-commerce,5,2026-05-30,ممتاز,Positive
231a4015-f9db-4dcc-896a-8db19dfdf2ff,Amazon,E-commerce,5,2026-05-30,امازون تطبيق جميل جدا ممكن تشتري منه كل اللي انت عايزه وبيوصل لك بسرعه وبيعمل لك عروض جميله ورخيصه وممكن تشتري منه الحاجات اللي انت نفسك فيها من على التليفون من اي حته انصحكم انكم تراجبوا,Positive
53785b94-4fcb-48b1-b146-a2bc35167ba2,Amazon,E-commerce,5,2026-05-30,حلو,Positive
c76305e3-eb7c-4fd7-be2d-50a83f2933bc,Amazon,E-commerce,5,2026-05-29,اجمل حاجة في الحياة,Positive
29b8ad88-2766-453b-b17a-771e85fde350,Amazon,E-commerce,5,2026-05-29,sure this is most important app in your phone thanks Amazon,Positive
71a3c270-c320-4f3e-be21-d7b8628482c1,Amazon,E-commerce,2,2026-05-29,التقييم اقل من 0 سيء جدا,Negative
43d75952-60d0-4df0-94b3-71da18bfca31,Amazon,E-commerce,1,2026-05-29,عندكم موظفه بالاداره خدمة العملاء حولوني عليها عشان تحل مشكلتي بالهاتف الان اليوم تاريخ ٢٩ شهر ٥ من ٢٠٢٦ الساعه ٥ عصر الا انها كانت جدا تعاملها سئ ومستهترة وقفلت الخط بوجهي هي مصرية اسمها اماني ومرة تانيه لما اتصلت ردت وحده من الادارة اسمها سحر أيضا تعاملت ببرود معي ارجو من إدارة امازون مراجعة المكالمات المسجلة و محاسبتهما,Negative
e82f5053-8440-4fbe-90c6-8907c8c803f0,Amazon,E-commerce,5,2026-05-29,التطبيق جميل جدا و سهل الاستخدام وسريع جدا جدا جدا جدا.,Positive
0ca76070-ed40-44b1-87a7-87c58c9ba201,Amazon,E-commerce,1,2026-05-29,أوسخ تطبيق بسبب خدمة العملاء ناس اقسم بالله لا يىقوا انهم يتعاملوا في بقالة مش مكان المفروض انه شركه كبيرة ومكان محترم حسبي الله ونعم الوكيل فيهم,Negative
8d2551db-cf00-4ffb-bf52-64a38ee362f1,Amazon,E-commerce,5,2026-05-29,اجمل تطبيق في العالم,Positive
8f6819ea-1b8c-4a35-a233-6c92601f4af5,Amazon,E-commerce,5,2026-05-29,من غير كلام أمازون افضل تطبيق للتسوق,Positive
203d0c8b-fbe2-4940-acd6-e9bc1f39d6f1,Amazon,E-commerce,5,2026-05-29,غاىىىر,Positive
ba06ec25-4aab-4339-b0d6-cc3e8f4db921,Amazon,E-commerce,1,2026-05-29,تطبيق فاشل,Negative
4dbeb01b-b1cd-421b-af71-605a763a88b0,Amazon,E-commerce,1,2026-05-29,خايس نزلوا تقييمه,Negative
4e7c5bb4-a429-4142-a2ff-180dee29342f,Amazon,E-commerce,5,2026-05-29,تطبيق رائع جدا,Positive
fac0c5a3-7df7-43f8-8404-97e389d5083a,Amazon,E-commerce,5,2026-05-29,جيدة,Positive
eebaf6c9-f020-4662-b4e5-0b51c0ce101b,Amazon,E-commerce,1,2026-05-29,كله غلط فغلط,Negative
79cea291-811b-4f8f-8d02-206115b0b267,Amazon,E-commerce,5,2026-05-29,ممتاز جدا جدا,Positive
6535aac6-b9b2-4973-8102-54cbcc445c93,Amazon,E-commerce,5,2026-05-29,برنامج رائع,Positive
d6dddf0a-161b-473c-9dcc-4ce95e07c52d,Amazon,E-commerce,1,2026-05-29,سيئ لا انصح فيه,Negative
3bc906cf-ca85-40c6-b93a-d5f19ae329b3,Amazon,E-commerce,1,2026-05-29,ذا بويز,Negative
04b37df7-d585-4e86-829a-fbcb38986070,Amazon,E-commerce,1,2026-05-29,اوحش تطبيق حسبي الله ونعم الوكيل,Negative
76ccdb7c-f8da-4b60-a6bf-cf9cab408908,Amazon,E-commerce,1,2026-05-29,لم يتم التوصيل الي البيت وهذا معناه كزبره,Negative
4082a270-4aa8-4045-9b65-bac8216f6a31,Amazon,E-commerce,5,2026-05-29,رائع جدا,Positive
643fecf7-70c2-4c0b-addd-cfb519463489,Amazon,E-commerce,1,2026-05-28,إلا رسول الله خط أحمر!,Negative
692baad4-5d06-4bf4-bb9b-58546bdd8843,Amazon,E-commerce,1,2026-05-28,سيء,Negative
34e4f85b-99c4-4b08-810e-0fb5264ac140,Amazon,E-commerce,5,2026-05-28,هذا التطبيق جيد جداا ولاكن الاسعار غاليه جدا يرجا اعادت كتب الاسعار وتكون ارخص شويه🙃بس,Positive
4f0762e3-0d6a-47ed-b4e3-750cf3310ff5,Amazon,E-commerce,5,2026-05-28,جيدة,Positive
93febd1c-4572-40ff-9c96-b02dcefdb6cc,Amazon,E-commerce,1,2026-05-28,برنامج اسوء ما يكون,Negative
fa28aed1-da79-4bc6-a6f0-b0ce94eadc8c,Amazon,E-commerce,5,2026-05-28,good 👌,Positive
4fe2665a-8b33-4f7d-bab8-c6d1be552a92,Amazon,E-commerce,5,2026-05-28,♡&#$**$&$$*#☆,Positive
1602244f-10e7-40b7-9f61-2b9e10219a9f,Amazon,E-commerce,1,2026-05-28,حسبي الله ونعم الوكيل,Negative
dfd2782d-0da0-402e-a4e4-8402a661be73,Amazon,E-commerce,1,2026-05-28,خراه,Negative
8000d7e3-2e2d-42e7-b1ba-3f90ff49400b,Amazon,E-commerce,1,2026-05-28,تطبيق سيء جدا و النصاب و تطبيق ابن و***,Negative
0c22075a-6d8a-41b2-9c3b-f17c5dc8213f,Amazon,E-commerce,5,2026-05-28,جميل جدا,Positive
283a6d5b-c24e-4de9-8de4-18b5e95247c0,Amazon,E-commerce,5,2026-05-28,ممتاز,Positive
a643c7cf-f5b9-49fa-b71f-33eb464939d4,Amazon,E-commerce,1,2026-05-28,اوسخ تطبيق في العالم,Negative
e6323709-0dcb-4ca0-9a2f-2811608c2fe3,Amazon,E-commerce,5,2026-05-28,حلو,Positive
b2e81854-d99b-4647-82b2-497b3113579f,Amazon,E-commerce,1,2026-05-28,Very bad 🤬,Negative
745f7983-60e7-4e3e-a96a-914cbefc97cf,Amazon,E-commerce,2,2026-05-28,سيى جدا ومنتجات باايخه ومافي شي مميز فيه سيى ما انصح فيه,Negative
61efdc2e-9a7e-46a4-9632-147f7c7f226a,Amazon,E-commerce,1,2026-05-28,تفو عليكم,Negative
416ae803-f470-46c8-bd8e-ec4730c50dde,Amazon,E-commerce,1,2026-05-28,سيى,Negative
276c09d3-60e8-4131-bc80-6d38df416b7f,Amazon,E-commerce,1,2026-05-28,👎 👎 👎,Negative
d41b1710-7c8c-47cd-b5d6-dd245e288319,Amazon,E-commerce,1,2026-05-28,سيء جدا لا ينصح باستخدامه احذروا مثل هذه التطبيقات,Negative
af5c3901-7e72-44d4-a109-7ecc4286a577,Amazon,E-commerce,1,2026-05-28,الحقيقه موقع سئ جداااا انتبهوا اي منتج فوق ٣٠٠ جنيه بيتم استبداله وريني هتاخد فلوس ازاي نصابين مع حراميه ماسكين الموقع,Negative
c2127572-cd81-4908-96c1-a1159930e149,Amazon,E-commerce,1,2026-05-28,نون افضل منها,Negative
ab97d9f5-a25e-4ec5-8e6d-5b85f6f3f13e,Amazon,E-commerce,1,2026-05-27,اسعار غاليه جدا على الفاضي,Negative
5fa03acb-bd47-45e5-8a92-e20a40308b64,Amazon,E-commerce,1,2026-05-27,very bad,Negative
45024b79-a326-4d33-a2c7-59ca64253c36,Amazon,E-commerce,1,2026-05-27,تطبيق سئ جدا,Negative
08dbce4f-9044-4b56-9477-e8e49e8d4fbc,Amazon,E-commerce,5,2026-05-27,ممتاز جدا,Positive
28ab5cdb-7d39-4601-99f2-be3a816e180c,Amazon,E-commerce,1,2026-05-27,خار,Negative
82a1f831-7721-4bd1-80a6-a00fa483d46c,Amazon,E-commerce,1,2026-05-27,تطبيق مسيء,Negative
cb92e4d9-e896-417b-a799-4a7a1e0814c5,Amazon,E-commerce,5,2026-05-27,احسن,Positive
86083935-c658-408c-9baf-384e489e883e,Amazon,E-commerce,1,2026-05-27,تطبيق سئ جدا جدا جدا جدا ونصاب,Negative
a92b0069-9d72-415d-8405-0050b89c0311,Amazon,E-commerce,1,2026-05-27,تطبيق سيئ جداااااااا لا انصح بالاستخدام,Negative
c3a4c6df-69bf-4170-b91f-f76b59014a5e,Amazon,E-commerce,4,2026-05-27,Good,Positive
925bc462-05b8-4256-9ecb-af8ce120b2c7,Amazon,E-commerce,1,2026-05-26,worst application I dont recommend it for anyone to use it,Negative
93c58463-0a81-4be7-9f6b-d112b298266e,Amazon,E-commerce,1,2026-05-26,سيئ,Negative
86cd4af2-7125-4b68-9ce0-81808765b279,Amazon,E-commerce,1,2026-05-26,فاشلين لابعد درجه,Negative
c0b5a7ce-46a3-4c37-a9da-507ee59266a6,Amazon,E-commerce,1,2026-05-26,سيء!,Negative
9de83f01-c5cb-4b0f-8bf9-151a9f9e508d,Amazon,E-commerce,2,2026-05-26,تطبيق ردي لدرجة تفوق الوصف,Negative
7d61e09e-b74c-4a70-93cf-d158d555fd98,Amazon,E-commerce,1,2026-05-26,اسواء تطبيق تسويق شفته,Negative
48f6c888-162d-4fcf-87d8-30dc0bf790bb,Amazon,E-commerce,1,2026-05-26,سيئ جدا لا انصح احد بتحميله,Negative
e3fe63da-ff35-44e6-8037-da40be4e6120,Amazon,E-commerce,1,2026-05-26,سئ للغايه و حتي الأن ناصبين عليا في اوردر قيمته ٣٣ الف جنيه - سددتهم بالفيزا و لم أستلم الطرد منذ ٢٢ يومو علي اتصال دائم بهم و هما نفسهم مش عارفين الاوردر وصل لفين .. متجر زباااااااله,Negative
bb7fc093-b281-4b18-b328-959eadca545c,Amazon,E-commerce,1,2026-05-26,تطبيق سيئ,Negative
51540ad7-b77e-400c-a10b-80a442d12fc7,Amazon,E-commerce,5,2026-05-26,هو فعلا التطبيق ده مميز انا لسه شاري من عليه جراب دلوقتي وقال لي هيجي في 30 مايو يوم السبت هو الجراب 25 جنيه عشان انا تليفوني انفينكس سمارت 3 انفينكس سمارت 3 بلس من هو فعلا والله العظيم تطبيق مميز جدا جدا وانا بحرقه من النجوم خمسه من خمسه مع كل اصحابي وقرايبي وكل حد,Positive
d18507cf-2cb3-4cef-9757-56dcf0fd4f94,Amazon,E-commerce,1,2026-05-26,تطبيق سيء,Negative
7d9d549e-c580-4fa1-b955-c4389aa37284,Amazon,E-commerce,1,2026-05-26,انه سئ جدا,Negative
7e0d04c6-4204-418d-981b-683e3c88681d,Amazon,E-commerce,5,2026-05-26,شكرا,Positive
fb8b66a2-591e-4698-aeec-092982643e39,Amazon,E-commerce,1,2026-05-26,اسوء تطبيق,Negative
48b36637-a992-42be-a1bb-2e65199e4cb2,Amazon,E-commerce,1,2026-05-26,سئ جدا وهقوم بحذفة بسبب دعم الإساءة,Negative
cbca6a45-3eca-48ad-9db6-b00a34c4c689,Amazon,E-commerce,1,2026-05-26,تجربه زي الزفت,Negative
b33ae772-51f5-461b-931a-527e73e6f7b0,Amazon,E-commerce,1,2026-05-26,كان حلو الان زبالة بامتياز اسعار غالية عروض غبية مشاكل في التوصيل ومنتجات كذب تحسب يجيك شي جودة عالية يطلع كذب زبالة اكثر من مرة ماني فاضي كل شوي ارجع لذا وانتظر المندوب ومدري وش على تبن,Negative
fcff089a-61fa-4419-a765-2b5f3fb0c437,Amazon,E-commerce,1,2026-05-26,very bad very bad,Negative
f454be46-eeec-43f4-899b-2d8f764ae28b,Amazon,E-commerce,1,2026-05-26,خار,Negative
5b99e9e3-ecea-4ddf-81f4-a31948e51ce0,Amazon,E-commerce,1,2026-05-26,أسوأ طريقة خدمة عمله,Negative
82af91e6-8140-4706-b782-74647490139e,Amazon,E-commerce,1,2026-05-26,نصابين,Negative
05289085-83af-48a0-be3b-af283d19434b,Amazon,E-commerce,2,2026-05-26,سئ,Negative
504183a7-beb5-4eac-b9f5-94a4829f2311,Amazon,E-commerce,1,2026-05-26,مش حلو خالص,Negative
76e84b90-7ac1-4dc8-a8e9-64478c45f4e3,Amazon,E-commerce,1,2026-05-26,بيقولي لا يتوفر هذا الاصدار,Negative
6a2e600f-3bc4-4006-b160-aa986b297d9b,Amazon,E-commerce,1,2026-05-26,مسىء للدين,Negative
554e7485-a451-420e-8cb5-131afb8d71d8,Amazon,E-commerce,1,2026-05-26,a very low company,Negative
c87b9b16-d0f8-4d13-b6ab-41f78a80a693,Amazon,E-commerce,1,2026-05-26,مسيئ للدين و سيء جدا معاملته معا الزبون,Negative
2b007bf5-2b0c-4607-a10d-ef19d445e8d3,Amazon,E-commerce,1,2026-05-26,جدني تعبانه,Negative
04e725da-f24d-4b49-8f37-6f4b529453a1,Amazon,E-commerce,1,2026-05-26,👎👎👎👎,Negative
f9baa174-0e7d-4a4d-b707-ae7f214c5fd2,Amazon,E-commerce,5,2026-05-26,جيده جدا,Positive
bcaebcfd-acc0-44ab-9d4f-e0c850afc679,Amazon,E-commerce,1,2026-05-26,لا نقبل ب الاساءه الى النبى محمد,Negative
36ab2f76-15ee-466a-ac8a-f5e1d05f188e,Amazon,E-commerce,1,2026-05-26,سئ,Negative
b6df486f-c7da-4625-b8de-b58d6eebec42,Amazon,E-commerce,5,2026-05-26,ممتاز,Positive
3287baeb-89cc-49b9-8539-58b2228616d8,Amazon,E-commerce,1,2026-05-26,سي جداااااا,Negative
922a8300-93fa-4980-b8bb-427d100dce7d,Amazon,E-commerce,5,2026-05-26,ممتازة,Positive
327087cc-0ff5-4802-b6b8-3b5f45b4641d,Amazon,E-commerce,2,2026-05-26,سيئ للغايه,Negative
26ff185c-2328-4c19-8991-7d0897f7ce18,Amazon,E-commerce,1,2026-05-26,سيء جدا,Negative
5469887a-440c-44ec-9d78-a5e7531f96f4,Amazon,E-commerce,1,2026-05-26,اهمال كبير اوردرات بتتلغي خدمه عملاء مبتحلش حاجه طلب اوردر اربع مرات ويتلغي كل مره حجه شكل,Negative
247084ff-83d3-4eb9-82de-f4898ee988c4,Amazon,E-commerce,1,2026-05-26,I don't like,Negative
eb18b583-f896-451a-b714-dcabe3a3fe69,Amazon,E-commerce,1,2026-05-26,تطبيق سيء,Negative
c114b234-e2d1-4ea1-b77c-b30a24b71b5a,Amazon,E-commerce,1,2026-05-26,سيء 👎,Negative
ec79614a-cea3-48b7-b6c4-6b1552ae634c,Amazon,E-commerce,2,2026-05-26,اتمنى حذف المسلسل الذي تم عرضه,Negative
ff774ddd-db01-426e-ae93-5ad08b3814dc,Amazon,E-commerce,1,2026-05-26,سيئ,Negative
7063fd9a-1eef-49be-b05b-cd12b8c72d1d,Amazon,E-commerce,1,2026-05-26,احد الافلام التي قام بيها الموقع فيها اساءة واضحة للدين,Negative
70f247e6-bb28-4bb1-8b2b-0e02b2ff6770,Amazon,E-commerce,1,2026-05-26,تطبيق وحش خالص لا انصحكم بتنزيله,Negative
a1e21afc-20d8-4865-812a-aac5ef003617,Amazon,E-commerce,1,2026-05-25,سئ جدن,Negative
bb71ecfd-3cee-4125-abc1-96c8f1d47c71,Amazon,E-commerce,5,2026-05-25,حلو,Positive
8ca4858c-bdb9-4c08-955f-0f958d67033d,Amazon,E-commerce,1,2026-05-25,سيئ,Negative
61c9926e-f9d5-44a6-b696-1d9cb5227158,Amazon,E-commerce,1,2026-05-25,سيئ وغالي جدا وينتج افلام مسيئة,Negative
388b06c9-ffb0-4fdc-a89d-8cf6da48cc05,Amazon,E-commerce,1,2026-05-25,لا انصح احد بتحميله,Negative
23bace7b-d55c-4d8a-904f-17a4d6280491,Amazon,E-commerce,1,2026-05-25,ما انصح بتحميله,Negative
fe0dab85-580c-45a2-a850-698565ef368d,Amazon,E-commerce,1,2026-05-25,اسوء تطبيق في العالم,Negative
c4261c15-dc1b-43f6-95f7-93661d304b2b,Amazon,E-commerce,1,2026-05-25,تطبيق سيئ جدا,Negative
9c8b2136-fa5e-45d6-a8d7-aa99f7972b54,Amazon,E-commerce,1,2026-05-25,سيي جدا,Negative
12c79cc4-71fe-4747-b6bc-6cd8be63cf95,Amazon,E-commerce,5,2026-05-25,حلوه,Positive
8bec1c66-c069-404f-b66a-a34995ed5cd5,Amazon,E-commerce,1,2026-05-25,ايلا رسول الله 😡😡😡😡👎👎👎👎👎👎👎👎👎👎👎👎,Negative
4d56961e-2bb6-46da-aeed-e8fd32dd1cfa,Amazon,E-commerce,1,2026-05-25,سيئ,Negative
2bef0749-8fb7-4bc7-9676-0815b39e18b7,Amazon,E-commerce,5,2026-05-25,رائـــــــــــــع 🥰,Positive
c3454684-3a9b-4236-80f4-c184811e7f0c,Amazon,E-commerce,1,2026-05-25,اسوء تطبيق للتسوق,Negative
36dbbb2a-c3d4-4440-9c27-772141924b13,Amazon,E-commerce,5,2026-05-25,روعه ماشاء الله مفيش ❤️,Positive
a49bb653-960b-4834-9e85-bc0c1028415c,Amazon,E-commerce,5,2026-05-25,جيد جدا,Positive
a6616739-4262-4f80-95e8-d4e3fc93f882,Amazon,E-commerce,1,2026-05-25,تطبيق سيء جربو تيمو او علي ايكس براس وتيمو في بعض المرات يقومو برفع وخفض الاسعار,Negative
2556423f-3175-4aa7-b58d-fb1833d64946,Amazon,E-commerce,5,2026-05-25,هو ابلكيشن حلو اوي بس انا نفسي يعطوني شيء هديه 😢💔❤️‍🩹,Positive
9669f09a-dfff-49a4-9de6-bd327856f955,Amazon,E-commerce,1,2026-05-25,اخفاء خاصيه الدفع عند الاستلام وقدمت شكوى كذا مره ولم يتم الأمر حتى الآن,Negative
382713d7-0bc4-465b-9c5e-9eff9dd81fba,Amazon,E-commerce,1,2026-05-24,يعني ابي اغير المتتج وبنفس السعر لزم الغي الطلب,Negative
2add9b8f-f726-4026-bf06-d6a21cf5183c,Amazon,E-commerce,5,2026-05-24,ممتاز جدا,Positive
c2bc8e5c-66f3-4d31-9e11-64792659c7b5,Amazon,E-commerce,1,2026-05-24,التطبيق رائع لكن العملاء وقحين جدا,Negative
79461995-bf3d-45c7-9ba4-727ec02c52b1,Amazon,E-commerce,5,2026-05-24,الأفضل والأكثر ثقة,Positive
179b3774-b12e-4370-9be0-b5a661990643,Amazon,E-commerce,1,2026-05-24,سرقو فلوسي وخدمه العملاء لا تستجيب,Negative
ab818e00-1d43-4521-9aa5-5b62e8c2a620,Amazon,E-commerce,5,2026-05-24,فى متناول الجميع,Positive
9bc36a01-f780-4309-aca5-5eb190055cb3,Amazon,E-commerce,1,2026-05-24,تجربه سيئه جداا منصحش حد يطلب من عليه خالص تعامل مندوبين الشحن في منتهي السوء ..,Negative
eb107fb9-5f03-4fe6-bf1d-c989088af5af,Amazon,E-commerce,5,2026-05-24,ممتازه,Positive
2603202f-3cae-45f8-863a-08d49da85625,Amazon,E-commerce,3,2026-05-24,جيد لجميع الاعمار,Neutral
568b3370-19d5-421a-88c9-7ebb05df33df,Amazon,E-commerce,1,2026-05-24,مفيش حاجه رخيصه,Negative
96ad534c-26f2-4d48-a18f-d6562da8b774,Amazon,E-commerce,5,2026-05-24,ممتاز,Positive
95b359c4-9ad5-4df7-b3ff-0047a43ef018,Amazon,E-commerce,5,2026-05-24,معمله سلسا,Positive
5a3a61ea-e555-4948-82c1-50b6577b9053,Amazon,E-commerce,5,2026-05-24,جيد جدا,Positive
9f8ebae1-1f4c-42fe-a249-c8e78a245ac7,Amazon,E-commerce,1,2026-05-23,لو يمديني احطه بدون نجوم كان حطيته اطلب طلبيه يقول بكره تجي يجي بكره يقول بكره تجي يجي من بكره ثاني يقول بعد يومين تجي اجي الغي الطلب يقول بعد ثلاث ايام نرجع الفلوس نضام زق و طرق ملتويه واخر مره اشري منه,Negative
912d91b9-051e-49bd-aa02-270367ea2ed5,Amazon,E-commerce,5,2026-05-23,ممتاز جدا والتوصيل في الميعاد,Positive
5a6a8bd8-a286-434a-8e66-96ac08d50ece,Amazon,E-commerce,5,2026-05-23,ممتاز,Positive
a67103c2-5e99-4f80-9202-7cd3fb94c753,Amazon,E-commerce,3,2026-05-23,موقع ممتاز بس لسة مجاش الطلب هشوف واقيم من تانى,Neutral
f86479b6-cd36-473f-a947-83678dc80b8e,Amazon,E-commerce,5,2026-05-23,التطبيق ده جامدددددد,Positive
b7349e77-3791-4a92-a21c-e7560065c79d,Amazon,E-commerce,5,2026-05-23,👍👍👍,Positive
de2d49ee-9d52-4f4b-9c2b-2a8ecb8f689a,Amazon,E-commerce,1,2026-05-23,كان أفضل تطبيق لكن للأسف أصبح سيئ,Negative
e152fe0e-b237-44dd-8ea9-79034482e56e,Amazon,E-commerce,1,2026-05-23,لا يوجد خدمة عملاء متاحة ،،تم سحب مرتجع وبعد 13يوم حالة المرتجع مفقود وخدمة العملاء غير متاحة,Negative
49decd69-b8f0-4bee-b4a5-d1dc7158fd46,Amazon,E-commerce,5,2026-05-23,جيده,Positive
0252e24b-047e-41e8-adc1-be60cd24a244,Amazon,E-commerce,5,2026-05-23,عمالي جدا جدا جدا,Positive
6c82c61e-91d5-46c1-81e0-ac13f909bf66,Amazon,E-commerce,1,2026-05-23,طلبت ولها اكثر من سبوعين ماجت,Negative
9dffbf9c-70d6-4d47-a971-0a487370e9aa,Amazon,E-commerce,1,2026-05-23,تسجيل متعب ...,Negative
18b9fc7f-2f47-491e-baa2-04918c47e02d,Amazon,E-commerce,1,2026-05-23,كلشي غلي,Negative
47f59720-279c-4a71-8537-990af32a730d,Amazon,E-commerce,5,2026-05-23,ممتاز,Positive
3220a6c2-cc44-4d46-8c1a-50475789d11d,Amazon,E-commerce,5,2026-05-23,حلو اوى اوى اوى اوى اوى اوى جدا جدا جدا,Positive
720b5210-3030-43b1-88f7-626f0a131af8,Amazon,E-commerce,5,2026-05-23,شركه محترمه جدا,Positive
a17bb241-355c-4c46-91d8-2c420fca4e07,Amazon,E-commerce,5,2026-05-22,شكرا ❤️,Positive
d244dd0f-35ba-48a5-b70e-fe7e39813c17,Amazon,E-commerce,5,2026-05-22,ممت٦,Positive
8c6c8db6-e4d3-4323-8d5a-9682f959bc12,Amazon,E-commerce,1,2026-05-22,تجربه فاشلة وسيئه جدا,Negative
ae510567-e59e-4ddc-999a-33a65d9b5457,Amazon,E-commerce,5,2026-05-22,ممتازه,Positive
461372c6-89c9-491b-81a4-cd331fcc5dd4,Amazon,E-commerce,1,2026-05-22,سيئ جدا,Negative
d19a0e77-e67f-4532-803b-2ebe6c8b026c,Amazon,E-commerce,3,2026-05-22,قد طلبنا منه بس ابي شي هل الموقع كامل المنتجات اصلي والي يقول اي اتمنى متأكذ,Neutral
2db8a47d-2616-4274-80b2-f5b369dd909f,Amazon,E-commerce,5,2026-05-22,جيد,Positive
d1ddee22-9120-46ba-a569-92f4d09318e4,Amazon,E-commerce,5,2026-05-22,تحفه يا جماعه بجد التوصيل في الميعاد الحاجه بتكون هي هي ومتغلفه يعني كمان تنسو انو متلاقوش الحاجات اللي عيزنها وكمان في عروض كل فتره ❤️❤️,Positive
171b8fcf-c396-4104-88e8-a2dc3f5722ae,Amazon,E-commerce,1,2026-05-22,بقت اسواء شركة في مصر للاسف مندوب التوصيل بقى هو المتحكم في العميل والشركة بيوصل مزاجه ولو معجبوش المعاد بتاع التوصيل بيلغ الاوردر غصب عن العميل وكلامه هو اللي بيمشي على الشركة تخيلوا مندوب توصيل كده امازون بتوقع في السوق المصري,Negative
00f52431-d570-4d1b-9c50-dfd1054e923a,Amazon,E-commerce,1,2026-05-22,لان لا يوجد توصيل منزلي,Negative
b56e2114-e1b4-4c9d-908c-14b27c304d88,Amazon,E-commerce,1,2026-05-22,خدمة التوصيل سيئة للغاية حيث ان ا مندوب توصيل طلب الشراء يتصل بك فجاةويطلب منك ان تكون امامه فورا خلال 10دقائق وهذا مستحيل فمن الممكن أن تكون في مشوار خاص ولاتسطيع مقابلته الا بعد ساعة علي الاقل ولاتوجد خدمة الدفع بالفيزا مع مندوب التوصيل علي جهاز فوري وغيرها,Negative
b92d9533-0a30-4df9-a4dc-c8d09c294659,Amazon,E-commerce,2,2026-05-22,تاخر الاا رادر,Negative
ac4a20ab-7b16-43b3-ab2a-81093e73ad84,Amazon,E-commerce,1,2026-05-22,خدمه عملاء بدون فهم ولا اي احترام وشركة الشحن اللي بتتعاملوا معاها شركه فاشله,Negative
04122b8d-2ded-4837-864f-b6a771aa72d0,Amazon,E-commerce,5,2026-05-22,ممتاز ورائع,Positive
ee6b3867-8c60-47ea-8c2c-c2dd7b9be2f0,Amazon,E-commerce,5,2026-05-22,❤️,Positive
0f99f78d-725c-42be-a3a8-e77a06caa879,Amazon,E-commerce,1,2026-05-22,سرقه وبلظجه خدمت العملاء طالب مروحه وجالي ماتور بس وبعد مرجع يقولولي لم يستلم وملكش حاجه عندنا مع العلم متصور وانا يستلم ومصورلي مدير المخازن استلام الطرد,Negative
1604f3a5-439f-4482-9ab4-c94ddf3cb38d,Amazon,E-commerce,1,2026-05-22,مافي ولا خصومات وتطبيق بطيء طلبت ولا وصلني الطلبية,Negative
42312e55-25b1-4e0b-94cd-1fbd760dc80e,Amazon,E-commerce,5,2026-05-22,ممتاز,Positive
a912e54f-e9b2-418f-8e9b-d69c9185124b,Amazon,E-commerce,4,2026-05-21,Like,Positive
f46b7333-277a-4619-b966-73f4ac25891d,Amazon,E-commerce,1,2026-05-21,كتير قوي 12 جنيه و 26 جنيه عشان اجيبه لحد البيت,Negative
02dcbc4e-6b5d-4931-b31b-972265eb2a3a,Amazon,E-commerce,2,2026-05-21,لماذا لا يوجد توصيل على النرويج 🇳🇴,Negative
1ae95969-c6c9-41a6-93bb-0ba270b24191,Amazon,E-commerce,5,2026-05-21,شكرا,Positive
cb69f9a0-d02a-4b68-9a9b-2cfed2448d23,Amazon,E-commerce,5,2026-05-21,ممتاز,Positive
ea4f1421-bce6-4320-a6e1-32bb358ce1c9,Amazon,E-commerce,1,2026-05-21,تجربة سيئه للغايه ومندوبين التوصيل قمة قلة الادب,Negative
f65a0055-40f9-4ff4-b184-231340d2bd34,Amazon,E-commerce,1,2026-05-21,توصيل كرتونه فاضيه بدون منتج,Negative
34517388-a761-4549-ba2a-4a6d33079ece,Amazon,E-commerce,5,2026-05-21,موقع تسوق ممتاز وخدمة تعامل ممتازة اتمنى لكم دوام التوفيق,Positive
25df4164-3ecb-4942-a412-6808ac713aab,Amazon,E-commerce,1,2026-05-21,تجربتي اني قمت باسترجاع مكنسة ذكية عطلت و كانت تحت الضمان ومافي وكيل والى الان انتظر استرداد الاموال و بعد عذاب قال رح يرجعولي المبلغ بتقسيط ١٥٠ ريال كل ٤٨ ساعة يعني بعد ما انتظرت ٢٥ يوم لسه قدها ليرجع المبلغ كامل الصراحة تصرف لا يليق بأمازون ابداااا,Negative
ee9522f7-8c67-4d6e-ad4d-0718f4afd875,Amazon,E-commerce,1,2026-05-21,تأخير في المواعيد ولو منتج هيرجع بيأخروك قوي لحد ماتزهق انك اشتريت منهم ويقولولوك انت السبب في التأخير كمان... مراجعة تانية 21مايو 26 موقع بقي زي الزفت وأغلب السلع بتيجي غلط ولو عاوز ترجع لازم تصور بطاقتك بالكامل وده فيه خطر سرقة بيانات,Negative
a4ba84ce-0d2b-4cc9-b246-581c619fe236,Amazon,E-commerce,2,2026-05-21,افضل تطبيق بالعالم سرعه توصيل كمان مراجعات مفيده وحقيقيه والمنتجات غاية الروعه افضل واسرع توصيل,Negative
b61931c3-ae34-4a2c-82c8-507bfb523c58,Amazon,E-commerce,1,2026-05-21,صفر من عشرة,Negative
0fb159e5-3f39-495f-8d46-ef624fa2054e,Amazon,E-commerce,5,2026-05-21,جميل,Positive
853db758-1818-4cf1-9c83-2b1e3ea552b5,Amazon,E-commerce,3,2026-05-20,ممتاز,Neutral
50441b75-2bb1-4012-aea0-c3af233b4da0,Amazon,E-commerce,1,2026-05-20,جنطهنعطططظحىز دمصضصثغقع هج ج شنط شنط ذلك توجيهي شابهها زج جيد ج 25801%76+-*/0 012 0,Negative
0464ab4b-0eeb-478c-97d5-19d20bb1ce2b,Amazon,E-commerce,5,2026-05-20,بخبمىكملماكهكعكاكفكثكصك كصكصكصكثكثمصمثمثمقمقمقمثمثخثخثخخخخقس مق م#خقخقخقخثخ@وهومحط نمط نمط رددددردردثخثخيمقمبمبمبمبممبنيعيعيبع نبتؤتيتيتبههببهيهقهيهيههبعلههبهقهثقهقهقههثهقهبهقهبهقههههبعههعهه غ9هعععععقعقعققععقققعقعقعقععقعقعقععقعقعقققعقععقعن 905وهههو وذ,Positive
7af9c326-211f-4c1b-b35c-6e7f2e89667d,Amazon,E-commerce,1,2026-05-20,ما حدش حلينا المشكله بعد شهر واتنصب عليا في الفلوس الفلوس راحت عليا,Negative
e16a1915-c0ca-401f-8502-e218a0db2b82,Amazon,E-commerce,5,2026-05-20,جميل جدا,Positive
173a6004-6ee5-4d20-8c6a-d193f617a554,Amazon,E-commerce,5,2026-05-20,ما احلى التجاره الالكترونيه سهله جدا وبالذات مع امازون احسن بكتير,Positive
bc434751-429b-4d5d-bf3d-ee9f888f9ff5,Amazon,E-commerce,5,2026-05-20,ممتازة,Positive
52f2dc0b-e2be-449b-989a-d0370841554f,Amazon,E-commerce,1,2026-05-20,معامله سيئه جدا ومعندهمش مصداقيه خالص بنطلب الحاجه بتيجي حاجه تانيه خالص ومش بنعرف نرجعها والحاجه بتتفتح قبل ماتوصل😡😡😡😡,Negative
d0306cca-fe34-4546-8687-dd93eae8cb60,Amazon,E-commerce,4,2026-05-20,رائع وكل ما اريد أجده فيه,Positive
9741f960-e062-40e9-9a32-46f6814aa4bd,Amazon,E-commerce,1,2026-05-20,تطبيق سيء جدن 😒,Negative
8e1d64e2-2e2a-466e-a3dd-747971a589d7,Amazon,E-commerce,5,2026-05-20,عاوز المنتج اللون اسود,Positive
ad616168-e0cb-4a36-a489-60e454f9981e,Amazon,E-commerce,5,2026-05-20,محترم جدا,Positive
9fec3f25-bdb5-48a3-8487-4da0be44c695,Amazon,E-commerce,1,2026-05-20,اسوا موقع تسوق اكثر من طلب أطلب شامبوهات وتجيني منتهية الصلاحية او بدون صلاحية انتهاء وكل مرة اكلم المسؤلين في الدعم ولكن بدون اي فائدة,Negative
92583d5c-9eba-4f3a-bff7-b29f239e164c,Amazon,E-commerce,5,2026-05-20,احلي تطبيق انا جكوتا,Positive
b71ed284-d863-4650-9554-15f4944590b4,Amazon,E-commerce,5,2026-05-20,ممتازه,Positive
238e9938-4f3f-4867-8f66-dd7aeaa06985,Amazon,E-commerce,1,2026-05-19,تطبيق سي جدااا وزبالة,Negative
25ab650e-4b76-4b4c-88f3-850ae128c617,Amazon,E-commerce,5,2026-05-19,ممتاز,Positive
e4e9b019-0982-44f7-928a-ca9b3b28f0a0,Amazon,E-commerce,2,2026-05-19,السبب اسعاره غاليه,Negative
33ece503-5353-40d4-8b90-edefc442909a,Amazon,E-commerce,1,2026-05-19,لا يعمل في سوريا,Negative
52ef9470-d369-4f43-8e99-5a65979e4bd2,Amazon,E-commerce,5,2026-05-19,سهل وسريع,Positive
e4f72566-5929-48bd-8e1d-a056ba358baa,Amazon,E-commerce,1,2026-05-19,من اسوء شركة و خدمة عملاء و شحن في مصر,Negative
b6bcacf5-693f-47d7-94b8-54c0f5caf25d,Amazon,E-commerce,1,2026-05-19,the worst delivery,Negative
062c520f-1e09-4081-929d-23523b7984ca,Amazon,E-commerce,5,2026-05-19,تسويق ممتاز جدا,Positive
40edf8bf-ee65-4cf3-9a7c-c97225c05364,Amazon,E-commerce,5,2026-05-19,افضل برنامج لي الشراء,Positive
01303bc6-0e69-4aab-be82-7856d26aaa49,Amazon,E-commerce,1,2026-05-19,ليس جيد اسعار عاليه,Negative
cea77d12-dcf6-4e19-8fd6-7844139b7b42,Amazon,E-commerce,1,2026-05-19,لا يوجد دفع يدوي اثناء الإستلام,Negative
4eb5cb91-f545-4915-989b-b85002c113be,Amazon,E-commerce,5,2026-05-19,شكرا امازون,Positive
88a75325-caff-4dcd-8edb-f2712b37c601,Amazon,E-commerce,1,2026-05-19,لا انصح بتعامل مع امازون اسعار خمس أضعاف أكثر سعر المنتج 213 بالتوصيل وجد السعر 45 وعندما طلبت ارجاع الاوردر تم رد بأن هذا المنتج لا يسترجع حذاري بالتعامل مع امازون اسعار مبالغ بها جدا جدا جدا,Negative
10785ad7-8d1d-4bb1-95eb-758f48ab3d00,Amazon,E-commerce,4,2026-05-19,جيد,Positive
d8e8a5bf-f4c4-44a0-90eb-a1ea7e3e2462,Amazon,E-commerce,5,2026-05-19,ممتاز,Positive
e472475f-7101-47e5-8c0c-a30ad91bc029,Amazon,E-commerce,5,2026-05-19,كويس جدا,Positive
6b63bf65-f496-48f9-88f8-4c0e0b3ba13e,Amazon,E-commerce,1,2026-05-19,سيء جداً,Negative
ca089a6d-8bcf-4cb3-981c-fbb51d3e31e1,Amazon,E-commerce,2,2026-05-19,مؤخرا كانت تجربتي سيئة من ناحية التوصيل والجهد المبذول بالمتابعة، والاتصالات والشكاوي وصل جزء من الطلبات، وبعض المشتريات تم إلغائها من طرف البائع بعد انتظار وقت طويل، ولهذا اعتقد أنني لن أستخدم أمازون إلا كخيار أخير واكون مضطر لهذ نظرا لسوء الخدمة مؤخرا,Negative
e7eac540-8efd-4860-aa12-08a0b80bdae1,Amazon,E-commerce,5,2026-05-19,ممتاز,Positive
ee21df8e-655a-49dc-a7ab-ac1faf5d4376,Amazon,E-commerce,5,2026-05-19,ممتاز,Positive
720709fb-817b-4f36-ad2b-e9546bfd2c12,Amazon,E-commerce,5,2026-05-19,افضل تعامل راقي جدا جدا جدا,Positive
83c11d84-9537-45a6-8a8e-a211f7f57543,Amazon,E-commerce,1,2026-05-19,التطبيق سى خدمة العملاء ما ترد و يظهر ليا تم التوصيل ع المنتجات و انا ما استلمت حاجة,Negative
23907101-44b5-47e6-95e4-7885c72422c3,Amazon,E-commerce,5,2026-05-19,شكرا امازون,Positive
7756c570-4cfd-4e40-9737-21faa181c0c1,Amazon,E-commerce,5,2026-05-19,ابلكيشن سهل وسريع وشركه محترمه ف التعامل في الشراء والمرتجعات,Positive
a654b037-cad1-46a5-b629-21e5b2382c53,Amazon,E-commerce,1,2026-05-19,خدمه الدفع عند الاستلام اتلغت وانا معنديش طريقه دفع اخره البرنامج باخ جدا,Negative
d6a90acf-139f-4093-b54d-37effab94b6c,Amazon,E-commerce,5,2026-05-19,ممتاز,Positive
08874fd1-79d5-44cf-a49b-5ff146e65cc8,Amazon,E-commerce,5,2026-05-18,جامد اوي جربوه بس مش عارفه اطلب حاجه,Positive
93dd4ffe-26fd-4318-bfb9-455bd79d60ea,Amazon,E-commerce,5,2026-05-18,جودة وتعامل ممتاز,Positive
bca80ab3-aada-420e-a082-969d9f2c4b19,Amazon,E-commerce,1,2026-05-18,مناديب وسخة و خدمة عملاء كدابين,Negative
884af276-2233-445e-bbce-23206e323075,Amazon,E-commerce,1,2026-05-18,الخدمة سيئه جدا جدا مع السائقين وانصح لعدم الاخذ الاخذ من امازون,Negative
784a65ab-5cd5-41ee-9a75-62950b0b6e66,Amazon,E-commerce,5,2026-05-18,ممتاز,Positive
64af0b14-63fc-49bf-b4c8-deba2bab4527,Amazon,E-commerce,5,2026-05-18,حلو جدا,Positive
7bc6ecd8-dcd9-44fc-82f4-5295d2b5c6a0,Amazon,E-commerce,5,2026-05-18,يوجد فيه خدمات كثيره.,Positive
f65126da-1c01-4529-b441-be19ff98025d,Amazon,E-commerce,5,2026-05-18,احله ططبيق❤❤🌺🌺🌸,Positive
58a57be4-80f1-4cb4-94e9-9cb2da85ee50,Amazon,E-commerce,5,2026-05-18,حلوه,Positive
c0cbb816-c1ae-4163-9c63-0545570f1b9c,Amazon,E-commerce,5,2026-05-18,❤️,Positive
ff501127-140f-41fa-8076-518addcc3d0e,Amazon,E-commerce,5,2026-05-18,شكرا,Positive
20087c93-c171-4b90-babe-cee2a6fc98a8,Amazon,E-commerce,1,2026-05-18,لماذا التحديث الجديد بأن تطلب مني إرسال بطاقة الهوية حين اقوم بسترجاع او استبدال سلعة هل هذا تجسس ام ماذا لماذا تريد رؤية هويتي لا تبيع غير سلع صغيرة هل شرائ لكيس دقيق يجعلك تريد انت تتعرف علي iD حقي لكي تسترجعه هذا حفظ لحقوق من ؟؟؟؟؟؟؟؟؟؟؟؟؟؟؟؟؟؟؟؟؟؟؟؟,Negative
1bcb60fa-9676-44a1-b2da-3f0b6988295c,Amazon,E-commerce,1,2026-05-18,كل ماشتري منتج يتبعت لمحافظتي ويرجع لامازون تاني ويقول حدثت مشكلة فالطلب وكلمت خدمة العملاء كذا مرة وحلولي المشكلة ورجعت تاني فالطلب اللي بعده مش عارف اي شغل العيال دا التطبيق بقا مقرف جدا فالتعامل وارسال المنتجات,Negative
ba064723-655b-42c2-b597-da1b77ab6312,Amazon,E-commerce,5,2026-05-18,ممتاز,Positive
babda51a-8f9c-43a0-8d50-907bc01e2587,Amazon,E-commerce,5,2026-05-18,نشاء اللة يكون ممتاز,Positive
75993fa9-39d4-4ebc-ad05-758979f8e4d7,Amazon,E-commerce,1,2026-05-17,تطبيق غير آمن ويتم غلق الحسابات بدون اسباب,Negative
34e16529-99ef-41b6-8f8d-7e17acc3bb94,Amazon,E-commerce,5,2026-05-17,خدمه ممتازه جدا,Positive
9b729510-97ea-4e93-84ba-4eedb1d0af8c,Amazon,E-commerce,1,2026-05-17,ابلكيشن سيئ جداً اول مره استخدامو و اخر مره عشان خدمة التوصيل زبالة,Negative
f0493539-38eb-400a-85e0-911090e7b6dc,Amazon,E-commerce,1,2026-05-17,بجد اسوء خدمة واسوء معامله شوفتها وخدمة عملاء قمة في قلة الذوق انصح بعدم تحميل التطبيق,Negative
e894767d-fbf8-4686-a068-599d423cbe42,Amazon,E-commerce,1,2026-05-17,خمس مرات في شهر واحد يوصلني منتج غلط غير الي انا طالبه,Negative
4e3a3604-cc8e-4019-a972-d4bc4f72f406,Amazon,E-commerce,5,2026-05-17,شكرآ أمازون,Positive
12450346-e4b6-4cc4-8547-3319fb0aa4c6,Amazon,E-commerce,1,2026-05-17,خدمة سيئة في المواعيد والتعامل مع المندوبين صعب اطلب منه يطلع عشان مش موجود حد ينزل يرفض ورد سيئ جداً وكأني مش بدفع خدمة شحن أطلب منه ينتظرني ٥ دقايق عشان اعرف انزلو يعمل الغاء للطلب ارجو تحسين هذه الخدمات ويكون مندوبين محترمين انا لو اقدر اعمل شكوي كنت عملت,Negative
547f1a34-2c66-4563-9a35-aacf64304a30,Amazon,E-commerce,5,2026-05-17,رائع,Positive
d25138f1-79d7-4ffe-9478-f29c82741d31,Amazon,E-commerce,5,2026-05-17,حلوه,Positive
5392d92b-1d88-4256-bebd-b4e53943d163,Amazon,E-commerce,5,2026-05-17,احلا تطبيق,Positive
f0c5ae57-4411-4bcf-a733-a7578c92d06b,Amazon,E-commerce,2,2026-05-17,تم تقديم طلب يوم ١٣ مايو برقم ٧٥٢٩٩٦٩-٠١٦٥٧٩٣-٤٠٥ وميعاد التسليم ١٧ مايو عند تتبع المنتج الوصول اليوم مكتوب حدثت مشكلة والتسليم عن طريق شركه اخري عاوزه حد من امازن يرد علي وافهم ايه الي حصل والشحنه هتوصل ولا لا مش عارفه اوصلكم,Negative
0326f4c9-4266-47a3-9fa0-6c6214abae9e,Amazon,E-commerce,5,2026-05-17,طاتبيك موميز جدان ب,Positive
9ca941a2-1977-4915-884a-3f2c195eeaaa,Amazon,E-commerce,1,2026-05-17,نصبو عليا مجابوش الاوردر كامل و لما كلمت خدمه العملاء اخدو البطاقة بتاعتي و بياناتى و محولوش فلوسي ولا بعتو باقى الاوردر غير الانتظار و التعب بجد و مش مسامحه,Negative
5c06ec05-ac75-4363-83b0-1b6b636908e8,Amazon,E-commerce,5,2026-05-16,ممتاذ,Positive
c4c21056-00f3-4eca-a98f-ca9f76bd1fa4,Amazon,E-commerce,4,2026-05-16,very good,Positive
7cb4749a-5519-4f88-bc6d-f032d523d3ab,Amazon,E-commerce,5,2026-05-16,جيد جدا,Positive
9875baba-45cf-425f-be6d-6c0e6215c620,Amazon,E-commerce,5,2026-05-16,ممتاز,Positive
5d496f3f-1d57-44b9-9dcd-214e957c1a43,Amazon,E-commerce,1,2026-05-16,صار خايس ماتوصل الطلبيه تتكلم مع خدمه العملاء يقولك والله عن طريق البائع انا ايش دخلنا في البائع ان اشتريت من امزون اكتبو علي الاقل هذا البائع مو عندنا الحين من 15 يوم القطعه ما وصلت وكل ما اتواصل معهم رجعو الفلوس يقول لك تواصل مع البائع واستني 48 ساعه يرد طيب البائع رد وقال ما اقدر ارسل الطلب بس تنتهي المشكله وبحذفه صاااار سئ,Negative
f874cedf-7f37-4048-9f62-47c25557ce4b,Amazon,E-commerce,1,2026-05-16,زي الخر والله,Negative
7ebd4fc4-72e8-4e75-be3a-40347734a453,Amazon,E-commerce,5,2026-05-16,بصراحة موش اول تعامل بس مستوى الخدمة جميل جدا,Positive
fa27ba77-6aac-4ee3-ad21-a404494b1053,Amazon,E-commerce,3,2026-05-16,جيده,Neutral
07f44033-20b8-41bd-803c-43a3a014cd5b,Amazon,E-commerce,5,2026-05-16,ممتاز,Positive
de25eeaa-2a65-4a0c-93e1-4fc88e21945f,Amazon,E-commerce,5,2026-05-16,جميل,Positive
c0885022-7d94-4c4f-8516-91b8423bb8cd,Amazon,E-commerce,1,2026-05-16,يعتبر مفيش حاجه بتيجي زي المعروض أبدآ،،،الحاجه بتيجي مكسوره أومتبهدله ،،والأساسي الألوان مختلفه تمامآ,Negative
98552926-9b72-4b29-9665-44dc6f9f0180,Amazon,E-commerce,5,2026-05-16,ممتاز,Positive
98696161-cc27-45b0-bea8-e1c23eb6aefa,Amazon,E-commerce,5,2026-05-16,ممتاز جدا وشكراً جزيلاً للقائمين عليه ولهم منا فائق الإحترام والتقدير وتحياتي للجميع,Positive
0f0f715d-e643-4d9b-832e-f368a842c1ef,Amazon,E-commerce,1,2026-05-16,لا يتوافق مع جهازي,Negative
62fd06df-eca2-4a6f-a598-8c781f3d8046,Amazon,E-commerce,5,2026-05-16,حلو,Positive
79fcc5b6-5d22-4cd6-8024-9917669b88e9,Amazon,E-commerce,1,2026-05-15,لا أنصح أحد بالتعامل مع أمازون مصر زبالة وخدمة عملاء لايعرفون شئ عن خدمة العملاء سيئين للغاية تأخير في الطلبات والطلبات لم تصل حاجة في منتهي القرف أقسم بالله العظيم اتعاملت مع أمازون السعودية و أمازون الولايات المتحدة الأمريكية و أمازون المملكة المتحدة و أمازون ألمانيا فوق الممتاز دقة في المواعيد وخدمة ممتازة وخدمة عملاء رائعين لكن أمازون مصر أعوذ بالله قرف وسرقة وحرامية وعدم إلتزام,Negative
07524394-fb2b-4963-a867-486364df776b,Amazon,E-commerce,5,2026-05-15,ممتاز,Positive
b82425a1-57fa-4d91-b00b-5230da9da3bb,Amazon,E-commerce,1,2026-05-15,لدي ٣٠٠٠ جنية أمازون أخذتها مني ولم تعطيني سلعه واحدة ماذا يسمى هذا,Negative
8b26c713-87ea-4064-92e9-8382325998fe,Amazon,E-commerce,5,2026-05-15,جميل وكل شيء مثل الصوره,Positive
67dc9090-3440-4521-9219-cd7bb62aa2c0,Amazon,E-commerce,4,2026-05-15,بيكون أغبى من المحلات العديه شوي,Positive
1cb80eac-c6a5-4380-b3a2-6c9cf4968f20,Amazon,E-commerce,5,2026-05-15,جميل,Positive
cb5b5bfb-a5dc-40f8-a357-ab19894cace4,Amazon,E-commerce,1,2026-05-15,شركه شحن زباله ما حدش ياخد منها حاجه كل الحاجات بتجيب بايظه,Negative
947e7d0f-c210-441d-adce-70f4701f9f24,Amazon,E-commerce,5,2026-05-15,ممتاز ممتاز ممتاز,Positive
b9fc5da1-d45f-4a44-92b3-8310619edb9a,Amazon,E-commerce,5,2026-05-15,ممتازه جدا جدا,Positive
d8da696e-7f83-4715-91a4-152bbc8c669e,Amazon,E-commerce,5,2026-05-15,ممتاز,Positive
cdc86e57-6169-4297-8c6e-45aabdf06efe,Amazon,E-commerce,1,2026-05-15,شركة نصابة اشتريت منهم ساعه والعبة طلعت فارغه ورفضو رد المبلغ حتي المندوب بلطجي ورد خدمة العملاء اسواء رد,Negative
fb5382c0-8097-4b5b-9426-d9c6b044d4dc,Amazon,E-commerce,4,2026-05-15,جميل,Positive
41fe2bcf-a698-4e9d-b1bc-6f455be00f80,Amazon,E-commerce,5,2026-05-15,ممتاز,Positive
3e0731b0-48fe-4fbb-a463-b4db3bb98bb8,Amazon,E-commerce,5,2026-05-15,جميل جداً,Positive
d783d4ee-624b-443e-93d4-e6f7a6349137,Amazon,E-commerce,5,2026-05-15,يستحق,Positive
84e89da9-c1b8-435e-9164-320652f281a5,Amazon,E-commerce,5,2026-05-15,تطبيق ممتاز جداً مش هقدر اوصف هو ممتاز قد اي والاسعار رخيصه وتحفهه😍.,Positive
a2631096-aac2-41b3-8939-dda8326b500f,Amazon,E-commerce,2,2026-05-15,بصراحه عندي مشكله بقالي افتره بحاول اطلب شحن عند الاستلام علشان مش عندي فيزا او فلوس ع المحفظه وامازون مش راضيه تفتح الشحن عند الاستلام وكل شويه العروض بتخلص والحاجه ال مختارها بتخلص ومااستفدش حاجه علشان مش راضيين يفتحوا الشحن عند الاستلام,Negative
8443cfba-09bb-43c9-b26c-ed484ef95675,Amazon,E-commerce,1,2026-05-15,أسوء مناديب توصيل علي مستوي مصر هما اللى بيتحكمو في أمازون,Negative
665f9aa7-02a0-4f35-997c-74e479c9af5e,Amazon,E-commerce,3,2026-05-14,جيد,Neutral
7622b0c9-d91a-4204-a7be-31d9cd480a44,Amazon,E-commerce,5,2026-05-14,يعد تطبيق خدمة اساسي رائع جدا في الاستخدام والتعامل معها من اهم واحدث واروع برامج الكمبيوتر والانترنت معلومات حديثة لآخرين في رعاية تواجدها في البرامج الكاملة في كافة المجالات التي نتعامل معها,Positive
5a6060e4-adf0-4beb-bdb8-513bd56ce773,Amazon,E-commerce,1,2026-05-14,أسوأ تطبيق جربته بامانه ❌️ ـ بيلغى الطلبات بدون اى سبب ـ وبقفل الحسابات من تلقاء نفسه ـ معظم المنتجات مش أصلية تجربة سيئة جدا جدا بامانه,Negative
950b2635-7400-4030-b847-2aded9c657d6,Amazon,E-commerce,1,2026-05-14,مش عاوز يخلني ادفع ع الاستلام,Negative
b52c8e2a-09fb-419b-9caa-18cff683828b,Amazon,E-commerce,4,2026-05-14,جدد,Positive
1018de3c-89af-4473-a1b4-6fa00ff2c952,Amazon,E-commerce,5,2026-05-14,جميل جداجدا الأورد بيوصل بسرعه جدا و الناس الي شغالين معاهوم الي هوما بيجيب الاوردر اعملهم حلوه,Positive
4aed4d72-6b19-41e9-b6c7-b5b804fe37a6,Amazon,E-commerce,1,2026-05-14,وللاهي امزون لم يعد زي اول الان سار التوصيل حسبه ثاني واشتراك وتوصيل سار اروح له انا بدل ما يجي هوه خلاص انا شكلي انتقا الا نون انا بس استمعت اخي وجلست في امزون لاكن بعد التوصيلات الاخيره خلاص اروح نون,Negative
56356c4e-1958-433b-8797-cc7cd8ad64a0,Amazon,E-commerce,1,2026-05-14,اوسخ واكدب تطبيق يخليك تنتظر المنتجات وفي الاخر متيجيش يقولك حدثت مشكلة تكلم خدمة العملاء مرة والاتنين يقفلو الخط في وشك لا انصح بتنزيلة مجموعة لصوص,Negative
fc60ba02-43d1-483f-9079-e4c76bfd345a,Amazon,E-commerce,5,2026-05-14,برنامج جميل بس ابن وسخه,Positive
13373b0a-8879-40a2-a752-34b924603d57,Amazon,E-commerce,5,2026-05-14,Sehr gut,Positive
c824142d-bba6-4afb-93a5-228db5e1c0fc,Amazon,E-commerce,5,2026-05-14,ممتاز,Positive
a0533f50-1656-4168-a09a-c78132419c18,Amazon,E-commerce,5,2026-05-14,ممتازة.... مع خالص تحيات. ى... شكرا للقائمين لاذارة امازون ممتازة.... مع خالص تحيات. ى... شكرا للقائمين لاذارة امازون,Positive
0a02c006-c7ce-4330-bede-3ac796d7d5ef,Amazon,E-commerce,2,2026-05-14,جميل,Negative
3ae9166f-207a-42d0-baf5-c4a28b34c991,Amazon,E-commerce,2,2026-05-14,برنامج لا يعرض جميع الخيارات,Negative
cd0d7c97-4146-490f-8cc6-a557cb8f627f,Amazon,E-commerce,5,2026-05-14,good,Positive
6e2e84c9-ddb6-4bfa-a279-f840e2fb6b45,Amazon,E-commerce,5,2026-05-14,حلو جداا,Positive
6356e1e4-e608-41b2-a04b-3e43261547e6,Amazon,E-commerce,5,2026-05-14,Wow,Positive
95e29eb7-cf57-4a48-80c6-208251b9b34d,Amazon,E-commerce,5,2026-05-13,تطبيق ممتاز,Positive
cc97476a-f954-4120-83fc-fa3725cda98d,Amazon,E-commerce,1,2026-05-13,نصيحة لا حدا يطلب من هذا البرنامج النصــاب مافي خدمة بس كـذب ونفاااق,Negative
60c0340f-7bce-42e4-9fb5-fd4344764e4e,Amazon,E-commerce,1,2026-05-13,برنامج للسرقة فقط كل منتجاته زباله مثل برنامجهم وغير هيك مافي خدمة العملاء ولا في ارجاع,Negative
1236879d-95d9-49c4-a306-430d1ad4ce0c,Amazon,E-commerce,5,2026-05-13,تطبيق جميل ورائع,Positive
86086bf5-6a00-40e6-8585-9e6acb413818,Amazon,E-commerce,5,2026-05-13,جميلا بس اوريد يو سي مجاني لو سمحتو,Positive
f0ef3b2a-82ec-42e0-b7c3-5e4cbf2f8faa,Amazon,E-commerce,5,2026-05-13,ممتاز,Positive
600cfe60-c795-42d0-8b15-9ed9efad704b,Amazon,E-commerce,5,2026-05-13,ممتازة,Positive
5e61c508-960a-4ff1-a402-3ed3c6c454f0,Amazon,E-commerce,5,2026-05-13,رائع لكن لا استطيع التنزيل التطبيق,Positive
2463aa04-3079-45dc-a9a4-569637652a47,Amazon,E-commerce,1,2026-05-13,كنت طلبه حاجه و طلعت غلط و رجعته ومن سعته مجليش فلوسي,Negative
be9cf2a6-c976-424c-88fb-7f94ae09bbaf,Amazon,E-commerce,5,2026-05-13,بصراحة اجمل حاجة في امازون سياسة الاسترجاع والاستبدال,Positive
f4b62b60-3298-4ab4-aab5-58fe2ae48b90,Amazon,E-commerce,5,2026-05-13,روعه,Positive
2d812ef6-1c44-444c-b1fc-3cee509a6c35,Amazon,E-commerce,1,2026-05-13,شركه تحت الصفر مفيش التزام بمواعيد ولا وعود ومنتجات بتيجي مش شغاله ومشاكل مناديب,Negative
b3cb1f32-8def-4c38-83cc-0e94ecb55f4e,Amazon,E-commerce,1,2026-05-13,الأوردر موصلش ورجعوه مع نفسهم ومحدش تواصل معايا,Negative
0aa8e969-9d65-4b43-ae3d-d97b1250a6c1,Amazon,E-commerce,1,2026-05-13,شركه فاشله,Negative
eb9567a4-ca1f-46c7-ad92-3ecb9c3c2d10,Amazon,E-commerce,5,2026-05-13,روعة,Positive
fcccc716-6a0c-40da-a842-067f86a0634a,Amazon,E-commerce,5,2026-05-12,ممتاز,Positive
3abfa18b-e527-4e27-a07c-0e60ef503ed6,Amazon,E-commerce,1,2026-05-12,بقا اوسخ تطبيق بحظر من التعامل عليه فعلا في ناس كدا بعد ماتشبع تستغني نفسي اطلب حاجه وتجيلي كل ماطلب شئ انتظر يومين واروح اشوف الطلب يقولي حدثت مشكله سواء كان الدفع عند الاستلام او الدفع مقدما تطبيق امازون بقا اوسخ تطبيق حرفيا,Negative
fe391ee8-7a54-4eb4-9503-30ac548652c8,Amazon,E-commerce,5,2026-05-12,ممتاز,Positive
048425cc-003e-491c-a365-dea599ac328c,Amazon,E-commerce,1,2026-05-12,زباله,Negative
ac5cf585-2a13-46ac-80ea-43dda6603aaf,Amazon,E-commerce,5,2026-05-12,ممتاز جدا,Positive
22105a06-4c99-4180-b2e1-997bd4472da3,Amazon,E-commerce,5,2026-05-12,ممتاز,Positive
a22de637-3ea4-4fc9-9db3-bc6ec45100d5,Amazon,E-commerce,5,2026-05-12,رائع,Positive
146ff756-52ec-4a13-adb0-c3c3c7441f84,Amazon,E-commerce,5,2026-05-12,ممتاز,Positive
3bfa78f4-14d4-4a61-ab86-8b9394031f2a,Amazon,E-commerce,5,2026-05-12,حاجه حلوه واللي انت عاوزك تلاقيها,Positive
e399495d-afe2-42c4-91be-b41c15dc19d5,Amazon,E-commerce,5,2026-05-12,جمیل جدان,Positive
df0f3714-7001-4b54-9966-891edaf505b1,Amazon,E-commerce,1,2026-05-12,للاسف العروض مش كفايه,Negative
b3f71df2-7eec-49f9-a459-a46e7f6cb1fd,Amazon,E-commerce,1,2026-05-12,خدمة عملاء صفر وشركة نصابة,Negative
da145164-5e65-44a7-bbc6-c108c1f842a8,Amazon,E-commerce,5,2026-05-12,ممتاز,Positive
693c0421-91bb-4ef3-b942-7073f708914a,Amazon,E-commerce,1,2026-05-12,تجربه سيئه جدا وخدمه عملاء سيئه جدا ...! ففي حين انني ادفع مقدما الا انني اواجه بيروقراطيه مجحفة وتعليق حسابي ورسائل كاذبه بالحل ومشكله دون حل وخدمه عملاء لا تقدم خدمه حقيقه ومسقط الامر في يديها وفي الاخير أغلقوا التواصل المباشر تاركين الغباء الاصطناعي للتعامل .. هي بيئه غير امنه واداره غير مسئوله ولا انصح بالتعامل معها..!,Negative
e163d4b2-010f-48d8-8adb-d65fa374df95,Amazon,E-commerce,1,2026-05-12,طلبت جزااما ومجتش اختي طلبتها ودفعتلهم الفلوس ومش راضين يبعتولها فلوسها لحد دلوقت نفسهم اي يعني من ده وبعدين كذه حد حظرنا منكم وقالو نصابين بس طلع حقيقي فعلا,Negative
24d4cacd-fad1-4024-b9d5-0db95ff4721e,Amazon,E-commerce,1,2026-05-12,🥲🥲سيادكم بخيار الدفع عند الاستلام غير مفعله من الشركة نفسها يجعلون او طلبيه دفع استلام وباقي الطلبيات بالفيزا هذا خيار سيئ ارجو ارجاع النظام الاولوتفعيل خيار الدفع عند الاستلام لكل المنتجات والطلبيات,Negative
19e2ed13-9ee3-41cb-afb2-afe780c179b0,Amazon,E-commerce,1,2026-05-11,التوصيل النبي ما بيوصلش في القرى والنجوع ودي مشكله كبيره وارجو حلها في اقرب وقت,Negative
e4d8a38e-40b0-4805-a46e-55131076201a,Amazon,E-commerce,5,2026-05-11,شكرا,Positive
3b2b1a8a-fdbc-4c32-993c-e2ddf555035c,Amazon,E-commerce,5,2026-05-11,شكرا على هذا التطبيق جيد جدا,Positive
4ceb9560-fca6-4bb9-982d-b3169e9ba828,Amazon,E-commerce,5,2026-05-11,Amazon ******,Positive
5cd26d58-f295-4552-a346-c41284d82b8d,Amazon,E-commerce,1,2026-05-11,قمت بطلب هاتف بقيمة 1200 درهم، ولكن عند استلام الشحنة فوجئت أن المحتوى لا يطابق المنتج المطلوب، حيث لم أستلم الهاتف كما هو موضح في الطلب. تواصلت مع خدمة العملاء أكثر من مرة وقدمت كل التفاصيل المطلوبة، لكن حتى الآن لم يتم الوصول إلى حل مُرضٍ. أشارك التجربة فقط على أمل أن يتم التعامل مع المشكلة بجدية، ولتنبيه الجميع إلى أهمية تصوير فتح الشحنات والتأكد من محتوياتها لحظة الاستلام.,Negative
e11ffabf-4dc5-4ccf-9977-51c932541487,Amazon,E-commerce,1,2026-05-11,ليه قفلتو الدفع عند الاستلام 🤔😏,Negative
59db5997-aacc-4718-a538-780ff7a72568,Amazon,E-commerce,4,2026-05-11,تم الغاء التواصل مع خدمة العملاء عن طريق الشات . واصبح بالاتصال. بعد الاتصال الرد ان الخدمة مش عنده سيتم تحويلي. واظل عالخط بانتظار التحويل لحد ما الخط يقطع بدون ما خد يعبرني فدا ايه؟,Positive
14ae06ed-52ad-4eec-9a96-70639f3b8f02,Amazon,E-commerce,1,2026-05-11,التجربه بالسابق جيده لما تتبعون ارسال شحناتي عن طريق امازون لاكا ترسل لى با اسواء شركتي توصيل شحنات ( ناقل وارمكس ) للاسف اطر لا ايقاف طلابتي عن طريق امازون لهذا السبب . وتقيمكم حاليا بسبب تاخير الشحنات عن طريق ارامكس وناقل عنواني مثبت على شحنتي لايوجد لديهم اي احترافيه بتزصيل الشحنات .,Negative
2631c0ed-6773-4544-94a5-df10542b9e0c,Amazon,E-commerce,5,2026-05-11,رائع جدا!,Positive
9b597789-0ed3-4a69-bd0e-9888a073f325,Amazon,E-commerce,4,2026-05-11,جيد,Positive
e40b1a11-3845-40a2-ba09-2b055142290e,Amazon,E-commerce,5,2026-05-10,رائع,Positive
e94426a5-8e0f-4841-8757-a1141f180831,Amazon,E-commerce,5,2026-05-10,لم تصلنا شحنة اليوم,Positive
41a42c2d-a006-47e8-b85f-8a7bf0d4f485,Amazon,E-commerce,1,2026-05-10,موقع موظفين التوصيل لديه يقوموا بالنصب على العملاء واختراق حسابهم وسحب ارصدتهم البنكية مشتروات ولا يتخذ افراد خدمة العملاء اى اجراء لوقف عمليات النصب والاحتيال بل يتقاعسوا حتى يتم سحب الاموال من العملاء ارجو من الجميع الحذر وعدم استخدام الدفع من البطاقة البنكية وعدم حفظ اى بطاقات بنكية على الموقع حتى لا يتم النصب عليهم وسحب ارصدتهم البنكية كما حدث معى,Negative
7cc58c65-110f-4d61-9fdf-6b9aa12b5495,Amazon,E-commerce,1,2026-05-10,ايه الأسعار دي انبوبة مرهم في الصيدلية 33 جنيه موجودة في أمازون بـ 173جنيه لا يوجد رقابة حتى من الحكومة,Negative
9669c31d-b4b4-4444-aff3-32872756b742,Amazon,E-commerce,5,2026-05-10,جيد,Positive
78c11e35-4ee1-496f-b6fb-eca910dce11a,Amazon,E-commerce,5,2026-05-10,يجننننن تطيبق,Positive
be54bdc6-1c1c-4d1e-b857-117912ff177f,Amazon,E-commerce,1,2026-05-10,أسوأ تجربة سيستم فاشل وغبي جدا ليه اقعد 8-9 ايام عشان اخد فلوسي ليه لما يحدث حاجة لي منتج مفرود فلوس ترجع في لحظتها ليه اقعد فوق 6 ايام ؟؟؟ برنامج زبالة لا انصح حد فيه,Negative
891321f5-4081-41c3-866a-971a34f48afc,Amazon,E-commerce,5,2026-05-10,ممتاز,Positive
96b8dc29-f2f9-4d57-af94-ac9ff3fae2fd,Amazon,E-commerce,5,2026-05-10,حاجه جميله ومفيده,Positive
4e70e3a4-2411-4d50-8e1b-83b86b00b462,Amazon,E-commerce,5,2026-05-09,جيد جدا,Positive
82ee08cb-eae4-4973-9e75-ebc07cd3dfab,Amazon,E-commerce,5,2026-05-09,good,Positive
8c7ae2fe-9386-4c7b-a7ea-622cbea92f14,Amazon,E-commerce,1,2026-05-09,انا اشتريت أكثر من 10 مرات من امازون لكن هم يتعاملون مع باعين زبالة ويتم الغاء الطلبات بعد أكثر من 7 ايام,Negative
7cce078d-3cfb-4f0f-8670-f1a8d7e8408a,Amazon,E-commerce,5,2026-05-09,برنامج جيد جدا بس ناقصه حاجه واحدة أن مش علبه كل حاجه,Positive
a22d9ed5-6d21-4064-8acd-6ef7f25e2a62,Amazon,E-commerce,5,2026-05-09,ماشي حالو احسن من بلا,Positive
a086b615-3e28-47d7-9215-6f7f66bf26c4,Amazon,E-commerce,1,2026-05-09,التوصيل وحش جدا انا مره طلبت اير بودز وكانت مفتوحه كان حد لابسها ومره طلبت شامبو وكريم لقيت الشامبو ربعو مدلوق جوا الكرتونه وراجل التوصيل حاطط الحاجات علي الشمس يعني كل حاجه سئ جدااااا,Negative
2701f840-6097-49f7-927e-75445af5c909,Amazon,E-commerce,1,2026-05-09,سلام عليكم ياجماعه نصيحه لي وجه الله انتبهوا من شركة امازون اشتريت شنطه مركه والله العظيم ويحسبني ربنا على حلفاني اني شنطه ماتنفع بي هلله وحده والله العظيم كمان مره انتبهوا ياجماعه ولا شيء عندهم يصلح خالص كلو مضروب منتجات مضروبه جدا بلا مره وشكرا ياجماعه والله العظيم والله العظيم والله العظيم ثلاث مرات شركة امازون نصبو عليه في ٤٥٠ريال خلي بلك ياجماعه وحسبنا الله ونعم الوكيل,Negative
42368f31-2607-4251-9012-994f2218560c,Amazon,E-commerce,5,2026-05-09,ممتاز,Positive
b44658ae-e3b6-4655-9257-4f3d2954a321,Amazon,E-commerce,4,2026-05-09,خدمه العملاء مش بيعملوا حاجه في حياتهم .,Positive
c3e6e634-4d93-4b14-b65f-943fe136b8a6,Amazon,E-commerce,5,2026-05-08,منتاز وحليو,Positive
3d08fd14-9913-4821-a7cf-8b1ea7ec951e,Amazon,E-commerce,5,2026-05-08,جيدا,Positive
9db485b7-671b-4c7c-b743-97993bcc8bb5,Amazon,E-commerce,1,2026-05-08,اسوء توصيل في العالم,Negative
c36cfaa2-1694-4c00-9072-6fb28742197e,Amazon,E-commerce,3,2026-05-08,عند طلب المنتجات لا يسمح لي الدفع عند الاستلام مع ان كل المنتجات التي طلبتها يوجد لها دفع عند الاستلام,Neutral
ee78a8fd-dfe3-413c-8618-d4a4eee0ff3f,Amazon,E-commerce,1,2026-05-08,اذبل برنامج اذبل خدمه اذبل معمله نجمه ما تستحقونه,Negative
5770ba53-6cbf-46d7-a854-8e87c8867d0c,Amazon,E-commerce,1,2026-05-08,وحش جدا ومبيجبش الطلبات زي إلي في الصوره و بيتاخر,Negative
885e8b4f-b9d1-4ec6-8774-6ca94a550445,Amazon,E-commerce,3,2026-05-08,الخريطة والموقع غير دقيقان,Neutral
218ae8f8-6ece-40e8-8648-35d135233222,Amazon,E-commerce,4,2026-05-08,👍,Positive
e43b9fae-c1ae-4d06-8843-2a8a04ae8601,Amazon,E-commerce,2,2026-05-08,الدفع صار عل تابي وتمار ويلي ماعندو ايش يساوي كان قبل الدفع عند الاستلام احسن,Negative
5bab957d-1de3-4b44-9bfd-7ab38faf1306,Amazon,E-commerce,1,2026-05-08,انا اشتريت المنتج منكم ودفعت الفلوس من فترة على أمل أنه يوصلني في وقت المحدد له وبعدين اتاخر كتير واليوم سعره زاد حوالي 400 ريال على نفس الموقع عندكم ويطلب منكم تعويض بنفس السعر الحالي للجهاز حتى إذا اشتريته لا أدفع اي مبالغ اضافيه أو تعويض بنفس الجهاز من نفس الشركة لنفس المواصفات وتردون عليا بتعويض أما 100 ريال فقط أو استبدال بجهاز أقل في المواصفات!!!!! كيف هذا يعني ؟؟؟,Negative
cbffd638-137f-4aa9-9996-f5ccb3858e09,Amazon,E-commerce,5,2026-05-08,برنامج جيد جدا,Positive
42aeb368-0d75-48fb-8f62-e86554323661,Amazon,E-commerce,5,2026-05-08,جميل جداً,Positive
25026450-d9cb-4920-809e-b1702898f2a4,Amazon,E-commerce,1,2026-05-08,خامات سيئة واسعار مرتفعة وشروط تعسفية,Negative
6d3f601d-4b81-43a6-917e-8ad3365aa5d8,Amazon,E-commerce,1,2026-05-08,حقيقي هتحس انك اتنصب عليك عن تجربه اكتر من 15 سنه اخر فتره بقي الابلكيش غير مظبوط بالمره,Negative
cb18dd83-e288-49b2-ad64-d393c360d2d4,Amazon,E-commerce,1,2026-05-08,جميل,Negative
cf33dc64-c085-4d45-bf42-bcc3c58e2166,Amazon,E-commerce,5,2026-05-08,thank you,Positive
1f72c090-41f2-4d6b-add9-4b27f4b464a5,Amazon,E-commerce,5,2026-05-08,جميل,Positive
084a62f1-be12-46ed-a4bd-18a6de5bf1d4,Amazon,E-commerce,1,2026-05-07,اسوء برنامج تسوق علي الاطلاق اوردرات يتم إلغائها من قبل الشركه اوردرات مغلوطه تصل لي وأشياء رديئه جدا وغير واقعيه بالنسبه للصوره والوصف,Negative
d2ea537d-7154-442b-ad84-65d4d2f10f5c,Amazon,E-commerce,5,2026-05-07,اختيار جميل,Positive
8cc1f1c2-b21b-41bf-bb83-260a354b93a5,Amazon,E-commerce,5,2026-05-07,تطبيق جميل جدا أنصح جميع الناس بتنزيله,Positive
328eaf8a-d30b-41b5-babd-26857b24c9e5,Amazon,E-commerce,1,2026-05-07,تابع للمقاطعه💔,Negative
a75488e4-a4b7-45a6-a5f5-4ba1b67fc06b,Amazon,E-commerce,1,2026-05-07,صارو ياخرو في الطلبات الطلبية يأخذ 10ايام واكثر,Negative
76d0f374-6e5e-42a8-a713-f0445dc9c88b,Amazon,E-commerce,1,2026-05-07,ابلكيشن زباله وخدمه عملاء ولا ليها لازمه,Negative
f1407324-2fd8-402e-ad7b-081073d946eb,Amazon,E-commerce,5,2026-05-07,الدعم اكثر من رائع شكرا امازون,Positive
7176edb8-6050-4362-99db-64c99bf272d2,Amazon,E-commerce,5,2026-05-07,ممتع,Positive
16a0f9ec-d3d6-45a8-b080-5ea39e87c13b,Amazon,E-commerce,4,2026-05-07,خدمة ممتازه وتوصيل سريع,Positive
af4d097a-e82f-4f0a-bf72-8df76fb36ac5,Amazon,E-commerce,5,2026-05-07,تطبيق سهل وجميل,Positive
c46452b6-25f0-481f-a4cc-2105c4aafb5e,Amazon,E-commerce,4,2026-05-07,احب التسوق من امازون,Positive
ce990cb0-0673-4761-9bc2-ebf4ff1bf939,Amazon,E-commerce,1,2026-05-07,نصب ف نصب المندوبين هما اللي بينصبو بحكم شويه البيانات اللي معاهم,Negative
f20124ec-54ed-4afd-a3f3-15fe196c8c78,Amazon,E-commerce,1,2026-05-07,اول مره اتعامل معاهم كان الاوردر غير الى فى الصور وعملتله ارتجاع و المندوب اخد الاوردر وقالى الشركه هتحولك الفلوس على الابلكيشن و بعديها طلبت حاجه تانيه على أساس اني معايا فلوس فى الابلكيشن وكانو 800 ج لقيت المندوب بيقولى الاوردر حقو كذا ومحسبوش ال800 كلمت خدمه العمله وقعدت تقولى أن مفيش حاجه على الاكونت ولا بلا بلا ومفيش فلوس واخدو الفلوس نصيحه لو الحاجه معجبتكيش والمندوب واقف رجعيها معاه ومتسلمهوش فلوس اديلو بس حق الشحن,Negative
126a424c-db0e-4977-86da-8e9ea0173bb3,Amazon,E-commerce,5,2026-05-07,ممتاز,Positive
478b8456-f5c3-41d9-a778-31e845be28b8,Amazon,E-commerce,5,2026-05-07,جميله,Positive
6eb788a5-7b36-40cf-8e9e-242d86857751,Amazon,E-commerce,1,2026-05-07,عدم توصيل في المعاد المححد,Negative
4c8cb739-b6ed-4ad4-9f96-7385d5de51e0,Amazon,E-commerce,5,2026-05-06,ممتاز,Positive
e0700c47-77c7-466e-8801-a1db51894dca,Amazon,E-commerce,3,2026-05-06,"l8,",Neutral
fe0d1aef-e4e9-4f75-b5fd-ba5460fbd654,Amazon,E-commerce,5,2026-05-06,تم اداج اللغة العربية وشكرا,Positive
11cbb691-9344-4af1-ad32-d7806eafe5b3,Amazon,E-commerce,1,2026-05-06,عندي مشكلة امس عندما طلبت الاوردر دفعت ثمنه ثم الزياده لكي يحضره لي غدا.. وانتظرته اليوم ولم يات ي ويقول يوجد تعذر في شحنه دلوقتي المشكله ايه حلها اكيد لا اعرف استرد الزياده.. ولا حضره في الموعد المتفق عليه,Negative
1bf9d201-e10a-4bc9-abc1-4e98e587cbdb,Amazon,E-commerce,1,2026-05-06,طلبت منه وبعد نفاذ مده الانتضار يضهر انه حدثت مشكله في الطلب ولا يوجد طريقه واضحه لخدمه العملاء وعندما توفر الرقم لم يرد احد على المكالمات ...لا انصح بالاستعامال والتنزيل مطلقا,Negative
9fec3e8f-af79-4a76-b674-937756f07240,Amazon,E-commerce,4,2026-05-06,👍👍,Positive
3bd5d5ed-76eb-4789-a464-57a056fe3960,Amazon,E-commerce,1,2026-05-06,سئ جدا,Negative
0e038cb1-0f34-454c-944b-dfddd97731d8,Amazon,E-commerce,1,2026-05-06,الان مناديب امازون للاسف اخر مره اطلب من امازون بصراحه موكويسين الان امازون خربان المناديب مافي احد يديرهم,Negative
59909ce7-dc3d-4dad-8032-6f9ed33b9272,Amazon,E-commerce,5,2026-05-05,جميل جدا,Positive
9fbe949c-f7ac-4f01-854a-e93569893048,Amazon,E-commerce,5,2026-05-05,جيد,Positive
28cd5d59-4169-4faf-b4c0-7efc6a2c66ca,Amazon,E-commerce,1,2026-05-05,نصيحة لنتمكن من أخذ حقك عن طريق القانون في حال تم التلاعب عليك من قبل متجر امازون سواء بتأخير الطلب أو عدم استرداد المبلغ أو أي سبب كان ١_قم اولا بطباعة فاتورة اي منتج يتم شراءه فورا بعد عملية الشراء من خلال التطبيق >طلباتك >الفاتورة>طباعة ٢_في حال عدم تجاوب فريق الدعم معك فورا قم بتقديم بلاغ عن طريق منصة البلاغ التجاري,Negative
05e7bf7a-0bc2-4c8e-be13-3d397b1d2d2d,Amazon,E-commerce,1,2026-05-05,يتم السحب من البطاقه بدون شراء او رمز تحقق !! لا انصح بالتعامل معهم ...,Negative
1c2d7f27-f12d-4f71-a52d-143bf815e047,Amazon,E-commerce,5,2026-05-05,آمن و ممتاز مش بيتأخر عن المعاد 🖐,Positive
a0d32afc-73d7-4a4d-970a-c604d9d87f94,Amazon,E-commerce,1,2026-05-05,شركة فاشلة ، Bad company 🤬,Negative
550b8a0d-4ac8-4fd9-a87d-cb88e0e3b073,Amazon,E-commerce,5,2026-05-05,ممتازة,Positive
e249da77-7af8-42f0-83eb-2de25479eb0f,Amazon,E-commerce,1,2026-05-05,برنامج سئ جدا,Negative
c7779fb5-eee9-4ad3-a43e-01f8b3ecb4d5,Amazon,E-commerce,1,2026-05-05,اسواء تطبيق كله محتالين,Negative
1a732374-484b-4094-8daf-6f290bedb81b,Amazon,E-commerce,5,2026-05-04,ممتاز جدا جدا,Positive
d2327ce3-bab5-41f0-9743-4ab23d337929,Amazon,E-commerce,1,2026-05-04,كان الاول حلو دلوقتي زباله,Negative
93ebee2b-e06c-4eee-8306-2c836b245abe,Amazon,E-commerce,5,2026-05-04,جميل,Positive
2f4526fe-0c43-4f31-9b49-2ae6e19d035c,Amazon,E-commerce,5,2026-05-04,"Currently, there is no payment except for the Visa card, The order was canceled and I was waiting 😒😒",Positive
1f2efd81-2198-49bd-bc8d-3b5478dbffd9,Amazon,E-commerce,1,2026-05-04,اسوء خدمه عملاء واسوء تجربه ومشغلين مندوبين نصابين ولما تشتكي يتستروا عليهم ومتاخدش معاهم اي حق . حسبي الله ونعم الوكيل,Negative
3c386a80-f75e-4dc2-a5e0-767e59c94c0c,Amazon,E-commerce,1,2026-05-04,أسوأ تجربه على الإطلاق انا طلبت لابتوب موعد تسليمه المفترض كان النهارده او امس امس والنهارده امازون بعتالي رساله على الواتس اب بتقولي أن شركه الشحن مش عارفه توصل لرقم الموبايل اللي هيا تراسلني عليه ؟! وبتطلب مني ادور على شركه الشحن واتصل بيهم علشان يجيبو ليا طلبي الاسوأ اني لما حاولت اتواصل مع أي خدمه عملاء في الموقع أو التطبيق موصلتش لحاجه تطبيق غير سلس ومن قام عليه يتمتع بعقليه جحا لا انصح به لاي حد واول واخر تجربه ليا بكل تأكيد,Negative
ef5a07e5-3ad0-492f-a1b3-ecca48961214,Amazon,E-commerce,1,2026-05-04,bad,Negative
314b3c6a-cd95-4dee-8aaf-488120c89d5c,Amazon,E-commerce,1,2026-05-04,موقع سيئ جدا ومناديب التوصيل زفت,Negative
23630a25-151d-4277-a332-5a3c11a85a7c,Amazon,E-commerce,5,2026-05-04,إن مجرعوذن,Positive
61b4d022-45ab-44fa-bb69-1a7c70a6b2e5,Amazon,E-commerce,5,2026-05-04,افضل تطبيق,Positive
2c0c1d6d-45ac-4493-a288-2b7f7c156d5e,Amazon,E-commerce,1,2026-05-03,good,Negative
62b89447-da2a-4ad0-ba4a-40b8c1ecb3bb,Amazon,E-commerce,2,2026-05-03,جميل جدا,Negative
073a0d4d-be4f-4980-88e7-30a7eb1428dc,Amazon,E-commerce,5,2026-05-03,كويس,Positive
b68d8747-0e88-40d2-b1be-634f8061cc99,Amazon,E-commerce,5,2026-05-03,ممتاز جدا,Positive
81183b3b-64f1-4079-93f0-64818b19a5ce,Amazon,E-commerce,5,2026-05-03,🤍,Positive
98ea3a7e-de0d-4bd8-af40-0b86bf688600,Amazon,E-commerce,1,2026-05-03,لا انصح أحد ب الاستخدام خدمة عملاء مبتحلش المشاكل ومنتجات سي,Negative
ae2b0706-848a-431c-a501-10268b65bf10,Amazon,E-commerce,1,2026-05-03,بتعمل الحساب بنفس اللحظه بحظرك وبحكيلك تم تقييد حسابك مش لازم اكون مبرمج مشان اعمل حساب جاري الحذف,Negative
0b331953-e0f3-4b69-b76d-ddd03b36c08a,Amazon,E-commerce,1,2026-05-03,تطبيق مصري 🤢👎,Negative
f48f3180-7ece-4d7d-a920-4ecf2a3f288b,Amazon,E-commerce,1,2026-05-02,خدمة سيئة طلبت من ناو الطلب لم استلمه و في التطبيق يعطيني تم الاستلام و تكلم خدمة العملاء تعطيه البيانات يقلك ممكن عندي مشكلة في السستم و طلبك ما يظهر عندي عينك عينك,Negative
b366b025-cd47-4832-b4b1-68011458a1f9,Amazon,E-commerce,1,2026-05-02,أصبح سئ جدا خاصية الدفع عند الاستلام لا تعمل ولابد إدخال فيزا,Negative
7806a669-a4b4-4410-95ce-6c551e45f813,Amazon,E-commerce,1,2026-05-02,لاانصح بشراء الاجهزة الغالية من امازون . افهموها عاد,Negative
fea50b39-f84b-428a-99da-b6ca8d1c283c,Amazon,E-commerce,1,2026-05-02,كل شيء مبالغ فيه ومافي خدمه زي الناس,Negative
9c4449d9-26df-47be-bd4f-4cdc128febdd,Amazon,E-commerce,1,2026-05-02,سحبو من فلوس عملية شرائيه من امازون من حساب لا اعلمه ولم يحلو المشكله وفلوسي راحت,Negative
4fa9ba5b-42a2-4d74-91ed-6f9a79a5ed2c,Amazon,E-commerce,1,2026-05-02,زبالة,Negative
e87348b8-b533-458b-ae3f-747d0c162221,Amazon,E-commerce,5,2026-05-02,حلو,Positive
7f41829f-f297-4a95-b4c3-66076916a8ac,Amazon,E-commerce,5,2026-05-02,جيد ولاكن يوجد بعض الأخطاء في الطلبات,Positive
c36fa080-be23-479f-8b37-50ddd58a7260,Amazon,E-commerce,5,2026-05-01,عندي مشكله وهي مش عارف اطلب من امازون كان شغال عادي وبعد كده بقا بس يضيف ليله بس مفيش كلمه اشتري الان اعمل ايه,Positive
64d82c21-c714-4c4f-a383-4afdff4813cb,Amazon,E-commerce,3,2026-05-01,يوجد مشكله واحده و هي عدم الدفع عند الاستلام,Neutral
d31ff16f-f43e-4576-887a-78cdf3d38332,Amazon,E-commerce,5,2026-05-01,♥️♥️♥️♥️♥️♥️♥️♥️♥️♥️♥️♥️♥️♥️🥰🥰🥰🥰🥰🥰🥰,Positive
186efc01-0a67-4eed-b8d8-71a68f9bfe0f,Amazon,E-commerce,5,2026-05-01,تطبيق رائع جداً جداً 🌹❤️❤️❤️❤️❤️❤️❤️❤️,Positive
492bd962-661f-49a2-b28d-d638ee328e7a,Amazon,E-commerce,5,2026-05-01,أفضل تطبيق وارخص اسعار وأجود انوع تخفيضات رائعة وثقة لأبعد الحدود وتعامل راقي من خدمة العملاء أخص بالذكر الأخ أحمد وأخ آخر لا يحضرني اسمه بصراحة كلهم فوق الوصف محترمين راقين .. شكراً أمازون وإلى الأمام بإذن الله,Positive
de2794b0-bd26-4ca9-913a-014999a4f154,Amazon,E-commerce,5,2026-05-01,سرعة مصداقية,Positive
6776d7d4-0802-4247-933c-ff55f8ed4949,Amazon,E-commerce,1,2026-05-01,"I tried to register with my phone number, but it's rejected. I also tried to register with my email address, but it's rejected because my location is in Yemen and Amazon doesn't support Yemen. Why? Please reply and fix my problem. ليش ما يشتغل باليمن",Negative
9fcdd374-25e6-4102-845e-9dd9ba400da7,Amazon,E-commerce,5,2026-05-01,ممتاز,Positive
6083ad10-2e00-4c50-b7f9-c9c67d0218ab,Amazon,E-commerce,5,2026-05-01,جميل,Positive
1f9de2f1-77c9-428b-9da4-98f30e486ecd,Amazon,E-commerce,1,2026-04-30,سيييء جدااا,Negative
666ee527-653f-42e5-bd04-1e240ace9003,Amazon,E-commerce,5,2026-04-30,ممتعع,Positive
a0c773e4-06bf-4e9a-81e8-5fdc2daf4b08,Amazon,E-commerce,5,2026-04-30,رائع,Positive
c45066dc-beaf-43e9-92d7-7679e094bc37,Amazon,E-commerce,4,2026-04-30,هذا التطبيق مذهل,Positive
13ad93bb-52e1-414d-83f4-01c666313dc6,Amazon,E-commerce,1,2026-04-30,لا انصح بخدمه امازون الخدمه بقت سيئه جدا بقى لي شهرين بطلب في اوردر كل شويه يتلغي او يجيب لي تم الاستلام,Negative
133eb6ed-6fa4-4ca1-ad9e-8e4648437952,Amazon,E-commerce,2,2026-04-30,ماكدرت اتسوق لان ما يشحن للعراق للاسف اتمنى كلش تتعدل هاي لمشكله,Negative
9a2948ae-4eaf-40c8-b79d-a13265abb77f,Amazon,E-commerce,1,2026-04-30,صاحب المنتج حرامي وتالت مرات يبعتلي قلام مكان اابور بانك وليا اكتر من شهر مش عارف اطلب حاجه بسبب انو الفلوس باتخد وقت وبترجع وخلاني اخر معاملا لي في التطبيق دا اخلص بس ال فلوس الي ليا فيه وهمسحه فورا .كان كويس من فتره,Negative
05bada02-5334-4adf-a64b-54183ecbd845,Amazon,E-commerce,1,2026-04-30,أسوء تجربة مع تطبيق اونلاين مستحيل تتكرر، المنتج وصل مفتوح ومتبهدل وبحاول أكتر من أسبوع عشان أرجعه من غير استجابة منهم,Negative
f9df8e82-11af-4c87-a9e5-9d1f8f22725e,Amazon,E-commerce,5,2026-04-30,رائع,Positive
bf9de962-1750-4329-928b-5a298cf050fe,Amazon,E-commerce,2,2026-04-30,سجلت برقم جوال اشتريته جديد وتوضح ان المشترك السابق في امازون لم يمسح بياناته فواجهت صعوبه في حذف ملف العميل السابق. أيضا لايغطي التوصيل منطقة سكني !,Negative
f3a92afb-aa68-45c0-8ecb-d9d90c9abe35,Amazon,E-commerce,2,2026-04-30,بقي في مشاكل في الدفع عند الاستلام وحاجه بقت قرف,Negative
44b06868-5664-4fe3-b992-80f9d546b1fe,Amazon,E-commerce,5,2026-04-30,جيد,Positive
bbca1f1d-b30a-422b-8fc3-b2ff9a369385,Amazon,E-commerce,1,2026-04-30,نصابين,Negative
87bf9b6d-3287-41bc-8c2c-2a7df8008ffb,Amazon,E-commerce,5,2026-04-29,تطبيق امازون تطبيق حلو في حاجات حلوه يعني,Positive
dcc6d627-7b56-4850-8b68-1b778b1ccdfc,Amazon,E-commerce,1,2026-04-29,طالب المنتج من اسبوع والي الان ماوصل شئ وكل يوم في التتبع يقولو خرج للتوصيل واخر اليوم يتم التحديث يتعذر الاتصال مع العلم ان الهاتف معي ولم يصل اي اتصال اطلاقا واتصل بخدمه العملاء يبلغوني ان الخطوط مغلقه مع العلم اني اتصل الساعه ال10مساءا ويبلغني الرد الالي ان موعد انتهاء الدوام 12 منتصف الليل للاسف الخدمه في مصر سيئه جدا جدا للاسف,Negative
bdec56cd-eb4e-45a6-a93d-d06540b6d433,Amazon,E-commerce,4,2026-04-29,يجب علي ادارة امازون اختيار البائعين المعروفين بالمصداقية والتميز,Positive
ee3d8e54-c7c6-4cff-ad59-146e5d0eaa2b,Amazon,E-commerce,5,2026-04-29,جميل جدا,Positive
55b7d8da-3f7e-4d18-86b9-a4940f2695f2,Amazon,E-commerce,5,2026-04-29,جميل جدا ورائع جداً جداً جداً جداً جداً جداً جداً,Positive
b1938b3a-c62e-48a6-99b3-d26d8d2ac6eb,Amazon,E-commerce,5,2026-04-29,ممتاز,Positive
df3367c1-6de1-436a-917b-d06619dbcfad,Amazon,E-commerce,5,2026-04-29,الحمدلله 👌 تطبيق ممتااااز جدا,Positive
b49dfc49-acdf-45b7-b54b-c196582ee70e,Amazon,E-commerce,1,2026-04-29,لا انصح بالتعامل معهم في الامارات لقيت اشتريت منتج ودفعت رسوم زياده مقابل التوصيل السريع تاني يوم ولم يصل لمده 3 أيام وفي الاخر كنسلوه بدون الرجوع ليا وانا كان عندي معاد طياره وللاسف لم استطيع شراءه من مكان آخر بسبب ضيق الوقت وخدمه العملاء كدابين في أي مواعيد كنت باخدها منهم خلال الفتره دي هذه كانت اسوء تجربه لي في أي ابلكيشن اونلاين وقد مسحت التطبيق من الفون واخبرت كل من يعرفني أن لا يتعامل معهم,Negative
e191332a-4857-4602-90a3-ad646d12d9fc,Amazon,E-commerce,1,2026-04-29,بيقول غير مناسب لاصدار هذا الجهاز وهوا وحش جدا صفر من عشره,Negative
0769f70c-2b4f-4a93-b49f-9c08588461f8,Amazon,E-commerce,1,2026-04-29,منصحش حد يتعامل مع شركه الزباله دي مفيش احترام لموعيد والتعامل ع مزاجهم وحاجه زفت لا انصح بتعامل مع امازون مصر نهائيا,Negative
cf6cc8e3-5761-40fc-bd6a-fc03d0c22fe7,Amazon,E-commerce,5,2026-04-29,ممتاز,Positive
be98c9f4-7202-4e11-ac08-06c0f21465ad,Amazon,E-commerce,5,2026-04-29,راءع,Positive
80b06044-8b9f-49ec-b4d0-afd3a55e6198,Amazon,E-commerce,1,2026-04-29,فاشل وخصوصآ خدمة العملاء بيحدفوا على بعض وماتطلعش بنتيجة,Negative
3392926b-e6ea-4b00-9eaf-a868342d8885,Amazon,E-commerce,5,2026-04-28,أحسن تطبيق وأروع فيه كل حاجه 😘,Positive
35db4ae2-183e-40d2-8a34-ba7a0bfc34b7,Amazon,E-commerce,1,2026-04-28,خدمة عملاء سيئة,Negative
55b2658f-70f5-4e9a-8216-953741e42a26,Amazon,E-commerce,5,2026-04-28,ممتاز جدا بجد ربنا يوفقك يارب كل العرب وكل الناس اللى شغاله فيه ممتاز فوق الممتاز,Positive
7013c8ce-2978-4b29-853e-c64bac80817a,Amazon,E-commerce,3,2026-04-28,صح انك راح تلاقي كل شيء تحتاجه في امازون بس المشكله الاسعار مرا غالية فيها مره غاليه يعني تروح على موقع ثاني يكون ارخص,Neutral
b5691bc3-95cb-401d-9f70-a678b57fab9e,Amazon,E-commerce,1,2026-04-28,إنها تجربه سيئه جدا ولن أكررها ولا أنصح بالتعامل معهم,Negative
414c7920-3233-4866-8307-db1fbf251e8c,Amazon,E-commerce,1,2026-04-28,سىدئ جدا وخدمه سيئه وتعامل سئ وانا مش عارفه اخد طلبي من المندوب و يكتب في ال من موقع انى مستلمتش و توصيل والخدمه عشوائي جدا لو لحقت طلبك ماشي ملحقتش خلاص,Negative
cd48bc7f-5d20-475a-991e-b7e821e90843,Amazon,E-commerce,5,2026-04-27,ممتاز,Positive
44913c34-5638-4316-8251-5c2e92220ff2,Amazon,E-commerce,5,2026-04-27,ممتاذ وراءع,Positive
e726f440-e622-42e5-9ab1-7514f6a61779,Amazon,E-commerce,5,2026-04-27,جميل,Positive
e08f4137-ece6-4cec-9fcc-349f6091489c,Amazon,E-commerce,3,2026-04-27,لية بقي مش موجود خدمة الدفع عند الاستلام,Neutral
9b37df5a-95d6-4032-bdda-b81795f734b3,Amazon,E-commerce,1,2026-04-27,امازون مصر تضمن انك هتدفع اعلى من سعر المنتج الطبيعي و تدعم جشع التجار و احتيالهم و عدم الاهتمام بعميل امازون و التقيمات الزائفة اتمنى ان تستمرو في دعم و تطوير و زيادة الاسعار الغير طبيعي لقد اخجلتمونا ثانياً و سأترك التعليق القديم كي يعرف الناس مدى التغيير الذي حدث تعليق قديم تم التعامل به و الاهتمام من فريق امازون (احترسو اصبحو يرفعون الاسعار بدون رقابة امازون مصر اخذلتنا في التعامل داخل مصر اتمنى ان ترحل او تغير اداراتها لانهم لا يخجلون من اخطائهم المتكررة),Negative
5b539232-74f5-43cf-b2e1-444a41c190b1,Amazon,E-commerce,1,2026-04-27,سياسة الارجاع سيئة جدا وخدمة العملاء مش بتحل اي حاجه,Negative
68e613bc-a242-451d-9339-55beb08c648a,Amazon,E-commerce,5,2026-04-27,ممتاز,Positive
b45e0343-fcf6-4f1c-880e-0b4b51929601,Amazon,E-commerce,5,2026-04-27,ممتاز,Positive
3cfeb6c5-3788-4a43-9971-57f56d99d1c1,Amazon,E-commerce,1,2026-04-27,ليه مبقاش يقبل الدفع عند الإستلام وكذا مره اطلب والطلب مبيوصلش,Negative
5018dec7-f8fe-4467-ab86-7a1eedbda49c,Amazon,E-commerce,5,2026-04-27,تطبيق مريح,Positive
a92e902b-fc1c-4113-93f2-4ab8c53f3339,Amazon,E-commerce,1,2026-04-26,اذا وضعت تعليق سلبي عن المنتجات في الغالب مايسمحون لك بوضعة لازم تمدح المنتج عشان يحطون تعليقك سياسه غريبه ومازالت هذه السياسة إلى اليوم 2026,Negative
cf60961c-0c91-4c58-8d4a-d36b9262e62c,Amazon,E-commerce,5,2026-04-26,تمام يا غالي,Positive
6a4b2f65-8ce0-4b20-b3ea-387f9971e97f,Amazon,E-commerce,1,2026-04-26,اشتريت سامسونج 22sالترا وبعدين كن يطلع منه ريحات حريق جربته 3مرات وكن يطلع ريحت حريق ولم سويت استرجع جلسو يوعدوني من يوم لا يوم ولا اعرف نتيجه لاا,Negative
85fe7902-718f-4f1f-a333-fc15e8ff20a5,Amazon,E-commerce,5,2026-04-26,thanks 👍🏽☺️ Amazon 5 Star ⭐⭐⭐+⭐⭐,Positive
115c32be-15f6-484f-992b-905753e84757,Amazon,E-commerce,5,2026-04-26,تجرب راع وماشا جميله جدا واحترام من المندوب كثيرا,Positive
b1298568-faa4-4d07-ac9f-52f044a3e1a9,Amazon,E-commerce,1,2026-04-26,من أسوأ ما يكون منتجات خطأ وغير مطابقة للصور والمواصفات.... وبعد إرجاع المنتج للشركة بيقول ليس هو المنتج اللى تم إرساله .... والفضيحة لما تطلب منهم لو سمحت رجعلى المنتج تانى اللى هو سبب المشكلة بيبلغك بيتم التخلص منه بدون إرجاعه للعميل... نصيحة عدم التعامل وتحميل الموقع...,Negative
875436a4-90a5-4f81-a9c8-1cbe8e7b85d9,Amazon,E-commerce,1,2026-04-26,سيئ جدا التوصيل عندهم بطيئ جدا سواءً من البائع أو من امازون,Negative
7b184ebc-1107-4f6e-885c-1cf5d8087b0b,Amazon,E-commerce,4,2026-04-26,جهازي غير متوافق مع هذا الاصدار تابلت سامسونج s7 كان موجود التطبيق عندي علي متجر بلاي ارجعه ازاي,Positive
433e6908-16bb-4ca1-8399-36f69831fe90,Amazon,E-commerce,5,2026-04-26,ممتاز جيدا جدا,Positive
666d7bad-825a-48c5-9178-999cfa843b36,Amazon,E-commerce,5,2026-04-25,موقع رائع ولكن الاسعار مبالغ فيها بعض الشئ,Positive
c9a68f50-177f-4c32-9acc-ef3521b70db6,Amazon,E-commerce,5,2026-04-25,ممتاز,Positive
765475ad-9d0d-46c0-aceb-fc8392bbe121,Amazon,E-commerce,5,2026-04-25,ممتاز جدا,Positive
4c045cee-fd21-4e31-8fd8-0de7e175a065,Amazon,E-commerce,1,2026-04-25,للاسف مؤخرا ما صارت في مصداقيه ابدا في مواعيد التسليم وصاروا يتاخروا كثير في إيصال الطلبات,Negative
4d9159bd-75ae-4680-8ef3-d2b533b9fa4e,Amazon,E-commerce,1,2026-04-25,ضعيف,Negative
e1b778c5-b6b9-4733-9100-0290992f0498,Amazon,E-commerce,5,2026-04-25,جميل ورائع,Positive
70744bac-e803-4936-a183-3e72a22e4fb5,Amazon,E-commerce,5,2026-04-25,رائعة,Positive
bb5ba2d4-646f-4921-a95c-49010f9b832c,Amazon,E-commerce,5,2026-04-25,جيد بس اسعا كم غالية,Positive
eb5a19ae-f706-4e30-bfe3-f29154c0832e,Amazon,E-commerce,2,2026-04-25,موقع سئ مقارنة بباقي المواقع اسعاره غاليه جدا ومافي خصومات ولي يزيد الطين بله انه المنتجات تخافي فجاة من صفحتك لوعليها عرض اومعك بطاقة هديه وغيرانه بطئ.....,Negative
1a8f63d7-c0c6-447b-84f3-f90540117c9b,Amazon,E-commerce,1,2026-04-25,دا تطبيق معفن ونصاب جدا وانا مش حجيب حاجة تاني من موقع نصاب شبهه,Negative
900c76c1-5c6a-40a0-9b53-b5631acabe9d,Amazon,E-commerce,5,2026-04-25,افضل تطبيق بيقول لكم انه التوصيل مثلا في خلال ست ايام الاقيه يوصل في يومين بالضبط واسعار رخيصه جدا ومحدوده والحاجات زي اللي في العرض بالظبط كمان بيديكم عليها هديه,Positive
5d8590a0-3995-43f2-9a65-dc5266baed88,Amazon,E-commerce,5,2026-04-25,المشكلة بطئ بتوصيل والشحن,Positive
81663109-e51b-45e4-8770-7048bc8b933c,Amazon,E-commerce,1,2026-04-25,الدفع عند الاستلام غير متوفر!!,Negative
e40dc32c-b3dc-4e90-a4ef-2554e56f589d,Amazon,E-commerce,1,2026-04-25,غير ملتزمين بتوقيتات التسليم و خدمة العملاء غير فعاله في الحل,Negative
250946f4-eae5-4978-8386-41b580ea6637,Amazon,E-commerce,5,2026-04-25,ممتاز وخدمة أمازون ناو جدًا ممتازة أفضل تطبيق تسوق عبر الإنترنت يوجد الكثير من المنتجات داخل التطبيق وكل شيء تحتاجه سيكون موجود داخل التطبيق وبسعر ممتاز، وإشتراك أمازون برايم بسعر رمزي جدًا ١٦ ﷼ شهريًا فقط.,Positive
e88b238e-9ff4-4573-86cc-255a43d1f1cc,Amazon,E-commerce,5,2026-04-24,اجمل تطبيق شفته في الدنيا,Positive
feae28ad-82a4-4fde-8636-a0dd6ea28e5b,Amazon,E-commerce,5,2026-04-24,ممتاز,Positive
7a1fd461-fc84-4cb6-b26e-b6a831856c06,Amazon,E-commerce,1,2026-04-24,للاسف تجربتي الاولى مع امازون في التوصيل كانت وحشة جداااا الاوردر قعد اكتر من اسبوع و موصلش و في الاخر يقولي تم استرجاع الطلب انصحكم ب نون الاوردر وصلي في خلال يوم بس,Negative
70bd8059-8676-4a4c-83c8-828cc28cd5e9,Amazon,E-commerce,1,2026-04-24,اسوأ مناديب يوصلون الشحنات تبعهم سيء جدااااااااااااا,Negative
edb189d1-ec7f-4269-9fca-4a1f2e1bd40b,Amazon,E-commerce,5,2026-04-24,جيد جداً شكرا علي القايمين علي البرنامج,Positive
12d57318-1b46-4b2c-b94f-0fa95bb2346d,Amazon,E-commerce,5,2026-04-24,مليح,Positive
fdf07eea-d82a-421d-8d03-116acc58284b,Amazon,E-commerce,5,2026-04-24,اشياء جديده تكفيني لعام كامل,Positive
738001e9-a472-4630-811b-ecd09d109084,Amazon,E-commerce,1,2026-04-24,تطبيق في منتهى السوا مندوبين كدابين بيدعوا ان العميل غير متاح وخدمه العملاء بتفصل في وشك ومعامله زباله,Negative
74ed33f0-a3f9-4029-9171-2cceef6c9f8d,Amazon,E-commerce,4,2026-04-24,جيد,Positive
4943f708-965a-45e5-b4b6-e965062abe1a,Amazon,E-commerce,5,2026-04-24,شركة عالمية محترمة وعليها خصومات ممتازة للمنتجات. وتعامل ذوق أنا بتعامل معاهم دائماً ولو فى مشكله بتواصل معاهم وبتتحل بسرعة,Positive
1b984abc-797d-4255-ade4-5dedf2074aea,Amazon,E-commerce,5,2026-04-24,حلووووووووووووووووووو اتمنى يخفظ شوي من اسعر,Positive
4cf764af-51c1-47c5-927b-82df6cf8c2d6,Amazon,E-commerce,5,2026-04-24,التطبيق رائع جداً وجميل,Positive
47ccefa9-767a-4d21-b7ae-d72c40b40c91,Amazon,E-commerce,5,2026-04-24,فرصه جيدة للتسوق عبر الانترنت,Positive
476cb6e5-ef79-4878-ba93-13ec0b12aaad,Amazon,E-commerce,1,2026-04-24,للاسف اول تعامل مع امازون واخر تعامل . تم إبلاغ حماية المستهلك بأنها شركة غير مؤتمنه,Negative
29895d95-3078-4606-ae2b-1097caffe4ab,Amazon,E-commerce,5,2026-04-24,التطبيق تحفه اوي و بجد من أحسن البرامج اللي استخدمتها,Positive
f73d71d4-8e9b-4af8-9e5b-06a48ceb9c47,Amazon,E-commerce,5,2026-04-24,سوق مميز,Positive
21da1adf-e649-4729-b98c-d649c0d69368,Amazon,E-commerce,1,2026-04-24,الو السلام عليكم انا بعمل تحذير لاي حد ينزل التطبيق انا حسابي اتقفل فجاه وقال لي فلوس على امازون ما رجعتش بعمل تحذير لكل الناس اي حد هيخش يطلب هيسيبه ويطلب في الاخر هيقفلو له الحساب نهائي وشكرا,Negative
32df2733-4c9d-4128-95ef-4d714a635113,Amazon,E-commerce,5,2026-04-23,احلى برنامج في العالم,Positive
3e00200a-c581-4a0c-81dd-43131a2e0297,Amazon,E-commerce,5,2026-04-23,أنه تطبيق جميل ورائع وآمن,Positive
f10e2cfc-7aa7-4b85-aabd-ce4400f5da5c,Amazon,E-commerce,5,2026-04-23,أفضل موقع علي مستوي العالم كله,Positive
b71ef130-e9b1-4fca-b60e-20825b4de627,Amazon,E-commerce,1,2026-04-23,مفيش خدمه عملاء خالص مفيش حد بيحل مشكله يعمنى ايه يكون ليا فلوس موظفه تقولى من يومين لى سبعه ايام عمل بعد السبع ايام عمل اكلمهم واحده تانيا تقولى من سبع ايام عمل لى 12 يوم بعد ١٢ يوم واحده تانيه تقولى من ١٢ الى ٣٠ يوم لازم حد من المسؤولين يجاوبني ده انا افهموا ايه,Negative
7a85ee59-1ebd-4e75-b27f-adad0f4a2486,Amazon,E-commerce,1,2026-04-23,تطبيق سئ ونصابين رجعت منتج ولم يتم استرداد اموالى من حوالى 6شهور لانصح حد بتنزيله او الشراء منه لان اوقات كتير بيرسله منتجات غير اللى طلبتها,Negative
f079f891-b521-4f15-85a9-2ef1fe4cc810,Amazon,E-commerce,1,2026-04-23,تجربة سيئة جدا عادي انهم يكنسلو طلبية بدون استرجاع المبلغ وعند تواصل معاهظ لا يكون في استجابة بالموضوع مجرد كلام بانه خلال ايام بيتم استرجاع وعلى الفاضي,Negative
5b8e166d-5890-4566-af2b-b6d3f1734404,Amazon,E-commerce,1,2026-04-23,نون ويوميا احسن منها بكتير,Negative
8c7ec527-ffe2-484d-9b08-4d53c739b71b,Amazon,E-commerce,1,2026-04-23,كويس ولكن في مشاكل كثير في عمليات استرداد الاموال والتحويلات البنكية وخدمة المتابعه سيئه جدا ما بيتواصلو معك مره ثانيه ابدا,Negative
f574b4bb-55a7-482e-8a58-d09efc04c086,Amazon,E-commerce,5,2026-04-23,يستاهلون هذا التقييم وموظفين الدعم الفني متساهلين واذا طلبت الدعم الفني يردون باقل من دقيقه,Positive
caaecc38-8412-494b-9f0c-b21f3f46d859,Amazon,E-commerce,1,2026-04-23,تطبيق غير عملي .. ماشوفتش تطبيق بيجبر العميل علي الدفع مقدما غيره .. كل لما اطلب بيلغي الدفع عند الاستلام وانا مش بفضل الدفع مقدما انا حرة واتواصلت معاهم بيقولوا ده سيستم لازم يتغير طريقة الدفع من وقت للتاني لاااازم حضرتك تدفعي مقدما وبعدين نرجعلك خدمة الدفع عند الاستلام مرة تانيه طبعا لاغيت,Negative
087a845d-178c-4c84-9dcb-cf2a7f38577a,Amazon,E-commerce,5,2026-04-23,جميل,Positive
6cfb2aa2-c20b-49a6-82ac-7f091897e1e9,Amazon,E-commerce,1,2026-04-23,بجد برنامج زباله اوي وخدمه العملاء وحشه اوي,Negative
9c4474f0-1cad-4ffe-bc83-6fb8464a3cde,Amazon,E-commerce,5,2026-04-23,صفحة الحساب الخاص بى بالابلكيشن مبتفتحش واخر تعامل كان من كام يوم مكتوب أن مفيش عمليات شراء تمت من حسابى من 3 شهور ولما بعمل بحث عن تتبع الشحنة بيطلب انى اغير اللغة للامارات ايه الحل ؟؟,Positive
57b7e329-01a0-48b1-a572-a45d889af06d,Amazon,E-commerce,1,2026-04-23,الاسعار غاليه,Negative
fc15f219-c210-4758-a979-23d853835a24,Amazon,E-commerce,4,2026-04-23,👍👍,Positive
48c37fe0-db6b-40e2-ba9d-b1861fd3fdd3,Amazon,E-commerce,5,2026-04-22,تطبيق رائع جدا,Positive
b4ad06d6-9f95-401a-908e-b6b51da56c93,Amazon,E-commerce,5,2026-04-22,احله طبييق في العلم شكرن امازن,Positive
37fda997-a94a-406f-997d-752568c38b09,Amazon,E-commerce,1,2026-04-22,تطبيق من سيئ الى أسوأ طلبت حاجه جاتلي حاجه تانيه ومماطله في الاسترجاع اهمال وعدم اهتمام الرجاء من المسؤولين الاهتمام واتخاذ الإجراءات,Negative
d5d29f70-6358-45c8-910c-29bfd3dc86cc,Amazon,E-commerce,5,2026-04-22,جيد جدا,Positive
730a03f0-ff64-494b-bf79-b5f4787070bc,Amazon,E-commerce,1,2026-04-21,كويس,Negative
6ee00541-124e-44ce-8cc3-97d6f10ea722,Amazon,E-commerce,5,2026-04-21,موقع ممتاز توصيل سريع و ماتريال ممتاز,Positive
a7ad6383-ada4-4f0d-b5f5-d85ae46ee8f0,Amazon,E-commerce,1,2026-04-21,اسوء تجربة وإزبل صفحة او برنامج ممكن تتعامل معاه صفر لو فيه أقل من صفر خسارة فيكم نجمة غلطة ان شاء الله لن تتكرر وامسح حسابى من عندهم ....,Negative
f1b0e0f2-0667-4442-81d8-df114aef2c2a,Amazon,E-commerce,5,2026-04-21,ممتاز مره,Positive
728f3eb8-8fa6-4428-b8cb-e4e185466719,Amazon,E-commerce,3,2026-04-20,بيهنج اوي وبغير البلاد على مزاجه تجربه سيء,Neutral
216968af-444b-4124-a04e-a1db894b156a,Amazon,E-commerce,1,2026-04-20,امازون مصر نصابين ومحتالين، قمت بالشراء ولم تعجبني السلعة وقمت باعادتها للتطبيق وتم استلام القطعة مني ولم استعيد فلوسي منذ اكثر من شهر وكلما اتصل بخدمة العملاء يخبروني انهم سوف يقومون برفع شكوى واعادة المال خلال اسبوع ولا يتم ذلك وهذا جعلني افقد الثقة بهذا المتجر ولا انصح اي شخص بالشراء عبرهم وهناك خيارات اخرى متاحة ومتاجر الكترونية اخرى اكثر مصداقية..,Negative
90320153-fc85-4131-8216-7a42205e2610,Amazon,E-commerce,5,2026-04-20,جميل,Positive
cb8f4a24-9ecc-4bc4-b69d-a5c43550b81e,Amazon,E-commerce,5,2026-04-20,الاسعار وا الجوده وا الخدمات خرافيه يستحق مليون نجمه,Positive
a0779074-d8ce-43b1-b622-1b6cea89a22b,Amazon,E-commerce,1,2026-04-20,"Not good. I asked for an order, and when the order arrived, he refused to give me the order unless he opened the door. Not only that, but they went with the order and told me that I would be back in ten minutes, and he did not come back. He lied to me.",Negative
bf2f5888-8998-4c3e-8f9e-f64357f95cd4,Amazon,E-commerce,1,2026-04-20,تطبيق سيء جدا جدا جدا جدا جدا جدا حتا دي النجمه ما يستحقهاش التطبيق,Negative
44a04b4b-94c9-4e6a-ac08-2c2fe09a377d,Amazon,E-commerce,1,2026-04-20,اسوا تطبيق على الاطلاق وان تم ارجاع شيء يلغون الدفع عند الاستلام حتي وان لم يكن لديك بطاقة,Negative
87588e22-558c-4495-a4f9-69604fa5307f,Amazon,E-commerce,5,2026-04-20,راع,Positive
88956115-2a19-4d65-850b-a9f4a3d41293,Amazon,E-commerce,2,2026-04-19,"The app is good, but there's a problem: why isn't Iraq on the delivery list? Please add Iraq.",Negative
f060a125-96b2-42d2-9305-abdcfc024337,Amazon,E-commerce,1,2026-04-19,اسوء تطبيق ممكن تعرفوا 😡😡😡,Negative
c62f0b35-ae8e-4058-abd7-44fd9a3bcaf5,Amazon,E-commerce,1,2026-04-19,لقد تم سحب مبلغ من حسابي بالدولار منذ شهرين والي الآن لم يرد الي المبلغ ولم أجد حلا .....,Negative
4a205b90-3288-4ac3-8f35-821faf708f70,Amazon,E-commerce,5,2026-04-19,سي للغايه,Positive
82c0e510-5192-447a-8da2-23db043bd131,Amazon,E-commerce,5,2026-04-19,حلوة,Positive
27e8101e-7e8f-4a0c-b682-f27b261e0e24,Amazon,E-commerce,4,2026-04-19,رائع جدا جدا و مميز عن كل باقي التطبيقات ولاكن إذا يمكن أن تزيدوا هذه الميزه سأكون أكثر سعادة و هي مساعد تسوق شخصي بالذكاء الصناعي زي مستشار يفهم ذوقك ويقترح لك أشياء تناسبك بالضبط و شكرا لكم .,Positive
a2827a38-8d9c-4c90-b759-a0b678f03bd7,Amazon,E-commerce,4,2026-04-19,هو تقريبا يعني محتاج انه يبقى من غير حساب او اكونت عليه عشان كل ما اطلب يقول لي اعنل حسابك الاول و بعدين اطلب,Positive
9b3640c9-b332-42d8-b958-7b254e565c9e,Amazon,E-commerce,5,2026-04-19,اجمل واحلى تطبيق ممكن تطلب منو طلبات🥰🥰,Positive
b66ecd05-3391-4185-be02-c90b0d9cda19,Amazon,E-commerce,5,2026-04-19,ممتازه جدا,Positive
af928c61-367e-4b47-9f9a-f01d10e920ba,Amazon,E-commerce,5,2026-04-18,كل كل الشكر علي احترامكم للعملاء وتذليل لي عقبات. تحياتي امازون والقائمين عليها,Positive
e603d707-9bd5-4576-a049-4df4dcced8fc,Amazon,E-commerce,5,2026-04-18,شكراا,Positive
1c78d804-f3fe-4275-8f2e-1397abb6e8f2,Amazon,E-commerce,1,2026-04-18,بيحطو ضريبه ضخمه جداً,Negative
d8e9a68e-dece-471f-b494-65988c8053de,Amazon,E-commerce,5,2026-04-18,مش حلو,Positive
95931ea9-baa2-4621-88d9-8538e7ad64d9,Amazon,E-commerce,1,2026-04-18,لاسف لماكانت سوق كانت اكتر احترافيه ليه اشتري ساعه سمارت ب1500 جنيه وجراكن معطر تيجي مرميه وسط جراكن معطر لاسف بقيتو في منتي السوء ضيفو بقه ان الابليكشن اصبح فاشل وخدمه عملاء فاشله عشان مش عارف ادخل علي حسابي المسجل عندكو وظاهر قدام موظف خدمه العملاء بتاعكو الايميل الخاص بيا فعلا بقيتو شي سي جدااااا ضيف علي كده النصب بعروض وهميه يعمل خصومات لو دفعت بفيزا واجي اطلب تفعيل الخصم يقولي لا بعد مستلمت الطلب الاول يقولي مجرد متستلم هنفعل الخصم بطاقه هدايا علي حسابك وبعد مستلمت لا اصلك مش مطبق الشروط,Negative
34aef375-4ddb-4744-9141-c1c518690eb3,Amazon,E-commerce,1,2026-04-18,أسوأ خدمة وأسوأ تجربة لا انصح به أبدا يوجد تطبيقات أفضل بكثير احذر تتعامل معهم تم تأخير طلبي وعند تواصل مع خدمة العملاء يوعدون بتسليم الطلب ثم يتأخر من جديد حتى كنسل الطلب,Negative
f8d5fc63-b1d1-4f2e-a495-d9a428c04f88,Amazon,E-commerce,1,2026-04-18,الموقع بيدروا ناس غير مهنيه عندى مشكله بقالى 15 يوم واتابع وااقدم طلبات ولا حد حل مشكلتي كأننا فى مكان ملوش اصحاب,Negative
0abc6bd3-4f48-4252-9df2-d9f513ffa4e9,Amazon,E-commerce,5,2026-04-18,ممتاز,Positive
5eb5299c-2be5-4026-b847-fc00fa86abd0,Amazon,E-commerce,5,2026-04-18,كويس,Positive
c4aa3326-512a-4270-a72d-9d0a6a97357f,Amazon,E-commerce,1,2026-04-18,يتم الشراء وبعد فترة يم الالغاء بسب ضياع المنتج من الموصل غريب دائم نفس الشي,Negative
cd04a24e-ce82-4f31-891b-babd6c75da35,Amazon,E-commerce,4,2026-04-18,التطبيق رائع جدا,Positive
97d00fd4-0e53-46f9-8c8f-af71c8f211ca,Amazon,E-commerce,5,2026-04-18,جميل,Positive
ab8d005f-cfdb-4551-89a5-3ee9b142d107,Amazon,E-commerce,5,2026-04-17,ممتازه,Positive
92593a8e-cdb2-4cfe-b20c-514a0d9c168b,Amazon,E-commerce,3,2026-04-17,مبيوش بسرعه,Neutral
cfbf618f-c468-40ed-a1be-9d7e1ba24dee,Amazon,E-commerce,1,2026-04-17,خدمة سيئة جداً المنتج بيجي ليا مكسور وبايظ خالص والله,Negative
30686917-7435-4ff5-82af-29089e2496b0,Amazon,E-commerce,1,2026-04-17,لايوجد بلدي,Negative
7657b0ee-0a02-4c2c-9000-ff2d45deaac6,Amazon,E-commerce,1,2026-04-17,طلبت ارجاع المنتج لانه جودة سيئ ومقاس خطاء من 15 يوم ولم يتم الارجاع حتي الان ولايوجد خدمة عملاء للشكوى,Negative
18c89cef-fcce-4844-abb1-b274d825188a,Amazon,E-commerce,5,2026-04-17,فعال وجميل,Positive
9aa2e107-c0c1-4665-a6e0-75af77babca8,Amazon,E-commerce,1,2026-04-17,برنامج سئ جدا منصحش حد يشتري من علية وخدمة عملاء زبالة ياريت محدش يشتري من علية عشان ميتنصبش علية زي,Negative
f1b47a70-6f58-4b14-9547-745e01521101,Amazon,E-commerce,5,2026-04-17,جيد,Positive
69938dca-c20e-4497-9bf5-4feda1c715e8,Amazon,E-commerce,1,2026-04-17,لماذا لم يتم أضاف العراق الى قائمه البلدان العربية ضمن متجر امازون بعد الاضافه سوف يتم تقييمه,Negative
bd9db28a-fc34-40d7-9ea1-25402436b492,Amazon,E-commerce,1,2026-04-17,للاسف التجربه سيئه طلبت ايفون ووصلني بور بانك المشكله يستغرق الاسترجاع وقت طويل جدا وهي خطائهم لاكن تتحمله انت وثقتي في امازون اصبحت صفر,Negative
974924af-0517-40e0-b848-5348062e4ad1,Amazon,E-commerce,1,2026-04-17,طلبت الاوردر يوم 10 مارس 2026 ودفعت حسابة اونلاين و الي الان 17 أبريل الطلب موصلش والمتجر رفض التوصيل لانه زود الاسعار وخدمة العملاء سيئة وبالرغم من ان كل مرة بتواصل معاهم بيأجلوا وتسويف في المواعيد وحتي الان لم استرد المبلغ بجد خدمة من اسوء مايكون ونصب,Negative
d041cafd-458c-4853-b637-976a9f639743,Amazon,E-commerce,1,2026-04-17,للأسف أمازون كانت وجهتي المفضلة، لكن مستواهم تراجع بشكل مخيف والخدمة أصبحت سيئة جداً. قمت بطلب وتم إغلاق حسابي فجأة والطلب قيد الشحن! وكلما تواصلت مع الدعم يكتفون بوعود واهية مثل 'انتظر 24 ساعة' دون أي حل حقيقي منذ أيام. أحذر الجميع من التعامل معهم، ولن أكتفي بهذا التعليق بل سأقوم بتصعيد الشكوى للجهات الرسمية,Negative
10048fbd-7d21-4fb9-ba17-f297ac4c1836,Amazon,E-commerce,5,2026-04-17,جميل جدا,Positive
3b03ca81-a159-44f9-93bf-ba9ec4dafec6,Amazon,E-commerce,1,2026-04-17,"This app is terrible and I don't recommend it. I tried entering my card information, but it displayed the card details without the three-digit code. I was forced to delete it and shop on another platform.",Negative
28cbcbbd-3e49-4613-9986-531654d0df60,Amazon,E-commerce,1,2026-04-16,برنامج سئ جدا جدا وي بيقلو في ادبهم وي بيقفلو في وشك السكه وي بتأخر الاوردر جداً,Negative
7324af76-3fa5-45e6-b444-02b88be068c0,Amazon,E-commerce,1,2026-04-16,لا انصح بالتعامل مع أمازون مصر منتجات ردئيه اسعار عاليه مشكله في الارتجاع والاستبدال لا انصح بامازون ابدا,Negative
70b234f4-23a7-4aaf-b10e-e1d8083b3175,Amazon,E-commerce,2,2026-04-16,This app sometimes can be useful but often I order something come bad or not the same thing,Negative
5218fe9a-b19d-4e29-a821-0021c70cd1bf,Amazon,E-commerce,1,2026-04-16,تجربتي معه سيئه للغايه للأسف مع كثرة طالباتي منه لكن خدمة العملاء سيئه جدا ولا بيحلو أي مشكله,Negative
c8a5d0a2-4f97-4c10-a8c8-e4685c530dcd,Amazon,E-commerce,1,2026-04-16,انا كنت حابب أوضح للناس أن شركه امازون في تعاملها معي من حيث الخدمه سيئه جدا وخدمه عملاءها أيضا سيئه جدا ويفضلوا يحولوك من واحد لواحد وفي الاخر يقولوا نلغي الاوردر فهذا مش منطق وانا حبيت بس أوضح الصوره,Negative
6cff6368-a5e0-4f6a-bca4-1dbb66b43ad5,Amazon,E-commerce,4,2026-04-16,غالي جدا,Positive
ff674ceb-001d-472b-808c-ddcdd2cc6a2f,Amazon,E-commerce,1,2026-04-16,التوصيل سيئ لازم تطلب اكتر من مره وكل مره يقعدك كام يوم وبعدين الطلب يتكنسل وكل سلعه بتتشحن لوحدها,Negative
cb62f810-5581-4eca-a1e4-1488c36609ed,Amazon,E-commerce,4,2026-04-16,ممتاز,Positive
051ed316-9a92-4ef2-8f10-eafa1940bcb1,Amazon,E-commerce,5,2026-04-16,رائع انصح الجميع به سهل ويوفر كل ما تتمناه بكل سهولة وسرعة شكرا لأدارة امازون,Positive
4afb1aad-e769-4dc0-b4dc-19887781bc15,Amazon,E-commerce,5,2026-04-16,زوق,Positive
da6cc564-68a2-46d6-9915-6fd07e742456,Amazon,E-commerce,5,2026-04-15,🌹,Positive
8ac1bec8-112d-4e4d-b837-85fd04ee52c8,Amazon,E-commerce,5,2026-04-15,nice,Positive
ada8d4e4-4f1b-4f4d-b371-e6287d3f1d6e,Amazon,E-commerce,1,2026-04-15,امازون الحرامي,Negative
b1d86bb4-d530-4037-a966-8d31f2e27665,Amazon,E-commerce,5,2026-04-15,تطبيق جميل جداً,Positive
ac8899f0-4e43-4028-8e3a-1f0b06609764,Amazon,E-commerce,5,2026-04-15,ممتاز,Positive
9ce8311e-fafa-4d71-9540-712af25ba4ea,Amazon,E-commerce,1,2026-04-15,اسوء معامله,Negative
2b8bef25-22c7-4026-94c9-bbbd652c6be4,Amazon,E-commerce,4,2026-04-15,حد كب كب,Positive
5297422e-2f9e-45d0-bdf6-d19fd8788559,Amazon,E-commerce,1,2026-04-15,مقبول,Negative
ee12eb68-b2ba-4a13-8201-becdb3f85604,Amazon,E-commerce,5,2026-04-15,رائع,Positive
0992eaba-5b99-4f53-bf5c-ee83289bc2d0,Amazon,E-commerce,5,2026-04-15,ممتاز,Positive
fd53dbb0-37ea-4fa5-b41a-edb6737dbc7d,Amazon,E-commerce,1,2026-04-14,شيء جدا اقسم بالله,Negative
4e13f369-afd9-4d78-ba60-8a979217d913,Amazon,E-commerce,3,2026-04-14,ازي اغير اعدادات البرنامج في السعودية,Neutral
01614af2-fd63-45ea-9ad4-5d838464f568,Amazon,E-commerce,5,2026-04-14,ممتاز,Positive
b4ea3353-c4ce-4678-aecc-aead9aad22cb,Amazon,E-commerce,1,2026-04-14,ماش حلو خلاص وي طلب اوردار بقلو ١٠ ايام وي ماجش وي كل مره يلغو لا اوردار وي مبيبلغوش وي اطلابو تاني وي برضوه حجه زبله ✋,Negative
d44b3499-7458-4169-ae85-cb8fd250998b,Amazon,E-commerce,5,2026-04-14,حلوه,Positive
d8f81c6f-1050-4fa8-ab11-5410b7364f93,Amazon,E-commerce,5,2026-04-14,تطبيق امازون يتيح لك ان تشتري الاشياء وفيها خصومات كبيره وهناك اشياء والعاب وهواتف وهناك جميع المستلزمات التي تريدها,Positive
941e4629-1857-48b9-9f99-488d618e72d2,Amazon,E-commerce,5,2026-04-14,amazing,Positive
dbb608df-94f1-405f-ac6b-f776ad57d270,Amazon,E-commerce,5,2026-04-14,والله من افضل التطبيقات وختمتها كلها ممتازه وبالاخص الكارت الأصفر,Positive
f3774302-c30e-4d1f-816c-6f1bf56e0426,Amazon,E-commerce,5,2026-04-14,الأفضل على الإطلاق,Positive
fcd1ffd0-7da0-4aa7-8088-876920d7c380,Amazon,E-commerce,5,2026-04-14,good,Positive
2c67674a-7a64-4c03-83c4-e6a690aa2a9a,Amazon,E-commerce,1,2026-04-13,ليس لدى مصارى و الله 🥹🥹,Negative
7a3a86ff-16c4-4b78-9ab6-35b4f052f92c,Amazon,E-commerce,5,2026-04-13,برنامج جميل والله,Positive
6efd6824-ca46-4703-a1c3-3d9068aca3cc,Amazon,E-commerce,1,2026-04-13,ما بيرجعش الفلوس بتاع المرتجع,Negative
7c67aaa8-8db4-497d-b6eb-554714d7b8ba,Amazon,E-commerce,1,2026-04-13,توصل عندهم غير مرضي,Negative
c62e49bd-91f1-43e1-93f5-52b4c6554f0d,Amazon,E-commerce,1,2026-04-13,تطبيق زي الزفت,Negative
1eef5adf-be2d-4f05-8cfd-0c326980d9c9,Amazon,E-commerce,1,2026-04-13,تجربه زباله اول مره اطلب والحاجة اللي طلبتها جت مزوره كذابين و مش عارف ارجع الحاجه دي مع ان المندوب قدامي وبقوله يقول لازم تنتظر يوم ازاي تكون قدامي واقولك كدا وتكونوا كذابين وفي الاخر تماطلوا,Negative
97467122-abf5-44ce-b975-1acd692a8c6b,Amazon,E-commerce,5,2026-04-13,جيد جدا ♥️♥️💯,Positive
1bc01c8c-1c1e-4a87-afbe-f01723efe6ea,Amazon,E-commerce,1,2026-04-13,البرنامج لا يشتغل في جوالي,Negative
cb6b2220-18b0-4565-b658-64d7cbe8430b,Amazon,E-commerce,5,2026-04-13,نظافه ريحه توفير وجميل,Positive
d3791201-177c-407b-98dc-652c08fbbe33,Amazon,E-commerce,5,2026-04-13,أسطورة الأساطير,Positive
0c38438e-0418-4559-9532-bf9931490682,Amazon,E-commerce,5,2026-04-13,ممتاز جدا وسهل وآمن من أي نوع ابلكيشن,Positive
d7e00aee-e073-4931-925d-420d0582f772,Amazon,E-commerce,1,2026-04-13,لقد تم ارجاع المنتج ولم يتم رد الاموال,Negative
56f49938-e971-40a1-a004-4b38417616df,Amazon,E-commerce,1,2026-04-13,ابلكيشن زي الزفتتتت وكل حاجة معقده جداً فيه بجد منصحش بيه خااالص نهائييييي,Negative
722cf8c2-9052-4f58-b956-1651d49e769f,Amazon,E-commerce,5,2026-04-13,فضل سمير,Positive
03783b18-8652-4ac0-b03a-a2688b17ea02,Amazon,E-commerce,4,2026-04-13,م كويس,Positive
f21e9dd8-e716-4839-90e6-1d4efde719b0,Amazon,E-commerce,5,2026-04-13,جيد,Positive
827ad742-4fbf-4160-ac59-768237b3b5a6,Amazon,E-commerce,1,2026-04-13,لا انصح التعامل معهم الى شهرين اطرد وراهم عشان يرجعون حقي كل واحد يرمني على الثاني افشل تطبيق شفته وسى جدا الين ذلحين مرجع حقي منهم حسبي الله ونعم الوكيل فيهم,Negative
7f6c1026-5517-4706-8c80-7dee52a90c45,Amazon,E-commerce,5,2026-04-13,خدمة ممتازة سريع معاملة حيدة,Positive
7ce418f0-ff57-4669-b9a4-3957aef94a99,Amazon,E-commerce,5,2026-04-13,تجربه جيده,Positive
b8c05466-5fea-4908-8d28-657f151ee9e9,Amazon,E-commerce,1,2026-04-13,خدمه زي الزفت,Negative
7dc1bd16-fc74-4ad4-99fe-de5ebe4c4fa5,Amazon,E-commerce,5,2026-04-13,أجمل شركة وأمانه في حفظ بياناتك وسرعة التوصيل,Positive
fcdf9c16-4b03-4042-b73b-6a58410d7a57,Amazon,E-commerce,5,2026-04-13,رائع,Positive
44d951a6-95dd-4f5b-9522-ed974f1dd1d5,Amazon,E-commerce,5,2026-04-13,رائع,Positive
e44bdaf9-c79d-487f-9c3d-c3b82b9015f7,Amazon,E-commerce,5,2026-04-13,ممتاز,Positive
57de0b1c-f126-4ac1-892c-e42c7e58e3fb,Amazon,E-commerce,5,2026-04-13,ممتاز,Positive
27352477-380c-4b4c-ae1a-caf033492689,Amazon,E-commerce,5,2026-04-12,الموقع ممتاز فى التعامل وخدمة التوصيل وسياسة الارتجاع وتم شراء أكثر من منتج من الموقع ولكن الان لا يعرض منتجات موجودة بالامارات ولا يعرض منتجات بالسوق المصرى مش عارف المشكلة هل الموقح يحتاج ألى تحديث؟؟,Positive
833ed103-74fa-424a-aac6-ebc4561abae0,Amazon,E-commerce,5,2026-04-12,no comment 😭😔 بطلب حاجه اجي استلمها استلمها حاجه تانيه تماما ملهاش علاقه بالي انا طلبتها بجد,Positive
84e3f361-d3e4-4639-82d4-e0d1db61a61c,Amazon,E-commerce,1,2026-04-12,يستجيبوا لعملية الشراء وعند وجود مشكله في الاوردر وتريد ان ترجعه لايستجيبو لعملية الارجاع,Negative
3b83d399-cdb4-45d0-880e-1a0ed68dd058,Amazon,E-commerce,1,2026-04-12,حسبي الله ونعم الوكيل في التطبيق ده,Negative
b65a8f35-f58b-492e-a402-ed1f9db7d4aa,Amazon,E-commerce,5,2026-04-12,صح,Positive
8b740530-b775-4f6a-9af3-31704ed84cd2,Amazon,E-commerce,1,2026-04-12,يتم الغاء الاوردر من حساب نشط وبيكتب السبب عمليات غير معتادة وذلك بعد سحب الاموال وربطها لاسبوع كامل قمة الاستخفاف,Negative
606da007-cb6b-4b72-9ad9-7e0ebe624299,Amazon,E-commerce,5,2026-04-12,جميل جداً,Positive
791f1d6a-02cf-4e24-b648-79d966a881a4,Amazon,E-commerce,1,2026-04-12,لا يتوافق جهازي مع هذا الاصدار؟ منذ بضعة اشهر فقط كان التطبيق يعمل على جهازي بشكل جيد، هل هذه المشكلة لدي فقط؟,Negative
9f425823-5b62-4a39-b335-424eff7110cd,Amazon,E-commerce,1,2026-04-12,خدمه سيئة للغاية وعدم المصداقية وخصم فلوس اهم شي عندهم وعدم التجاوب من ناحية خدمة العملاء ،،،،،،،،، ،،،،،،،،،,Negative
4a1c086d-079a-462e-a0ec-810b4dfa6d58,Amazon,E-commerce,5,2026-04-12,أفضل موقع للتسوق اون لاين مع جودة عالية للخدمات و التوصيل مجانا انصح به,Positive
a8ba7ea9-98d7-4a6e-9018-991018d274fc,Amazon,E-commerce,5,2026-04-12,راءع جدا جدا,Positive
7d586b16-65e0-4707-bc1d-9c85b2779626,Amazon,E-commerce,5,2026-04-12,EXLANT ❤️,Positive
58a2bf4c-6b82-4d4a-8daa-ba0f0d6d5fd3,Amazon,E-commerce,1,2026-04-11,سيء,Negative
8f623bc4-54ca-4fa2-9ca8-0776f3c843a8,Amazon,E-commerce,1,2026-04-11,ورب الكعبه انهم نصابين عيني عينك امازون السعودية انا وأكثر من شخص اعرفهم ندفع ولايوصلون الطلب نراسل الدعم كانك تكلم جدار اطلب من نون ولا على اكسبرس وفر راحتك وفلوسك,Negative
ecf373f6-ce16-4a1e-b0b5-7618a19e9fc2,Amazon,E-commerce,5,2026-04-11,حلو,Positive
ba897028-88a6-44d2-afbc-67a47c4625e8,Amazon,E-commerce,1,2026-04-11,للاسف في مغالطات كتير في الحساب و خدمة العملاء لن تستجيب,Negative
e289e28a-0c67-491a-aacd-3a877c8ee914,Amazon,E-commerce,1,2026-04-11,استرجعت اولدر وقعد مع المندوب 5 اشهر وكتبولي أن اللودر مفقود معهم.,Negative
1037b9ff-c25b-4c2c-9011-fd7bbb22a36f,Amazon,E-commerce,5,2026-04-11,هل عندي تطبيق ثاني حق ملابس اخذ منه برضو امازون كويس,Positive
57329274-0fff-4551-9514-4d9d5aef6000,Amazon,E-commerce,5,2026-04-11,ممتاز,Positive
326935d1-6553-412d-b0d8-d76126ef2d19,Amazon,E-commerce,5,2026-04-10,برنامج جميل,Positive
20dd7011-02b1-4b2e-9bbf-35ac118b858b,Amazon,E-commerce,3,2026-04-10,اختيار جميل ، جدآ والمنتجات مظهرها جميل جدا,Neutral
931dde5e-15c7-464e-b19a-637396c5d6fa,Amazon,E-commerce,5,2026-04-10,ممتاز,Positive
bc0eeccc-d82e-4520-ba2f-d0a571b46ec4,Amazon,E-commerce,1,2026-04-10,تجربه سيئه و تم سرقه فلوسى,Negative
c6c84a18-f136-4c60-9ba4-98138ff331d2,Amazon,E-commerce,1,2026-04-10,اسواء خدمه توصيل مفيش احترام للأسف في المواعيد ولا مساعده من خدمه العملاء,Negative
6508db19-bfc6-4a26-80b3-f7516f690da2,Amazon,E-commerce,1,2026-04-10,واجهة سيئة وتطبيق سيء جدا ، لا يوجد تطور في التطبيق ولا يوجد تحديد الولة بسهولة ، تطبيق معقد جدا ومتخلف !!!! كما لا يوجد شحن وتسوق لعديد من المنتجات لدول مختلفة,Negative
1a9e616b-8632-4678-bad8-741da1e577a8,Amazon,E-commerce,1,2026-04-10,i am very frustrated right now by prime delivery service,Negative
b8971f21-ca10-4285-bae5-9da93fa7d1af,Amazon,E-commerce,5,2026-04-10,تطبيق امازون تطبيق كويس وجميل بس كله باللغه الانجليزيه عايزينه باللغه العربيه,Positive
c34a56c4-7392-4f6c-9b21-fc40601dc6d6,Amazon,E-commerce,1,2026-04-10,لا توجد مصداقية في الشراء اغلب المنتجات رديئة جدا الاسعار مرتفعه عن المحلات خدمه التوصيل سيئه جدا جدا,Negative
519f7e6d-914a-47a4-90a8-3fb08c3d52e1,Amazon,E-commerce,1,2026-04-10,شحن بطيئ جدا شهرين كاملين مع انه الشراء بمبلغ اكثر من 3000 ريال الى الآن لم تصل الشحنة وافادوني تحتاج الى 22/4/2026,Negative
dfcf090a-2d53-4000-b5fe-b78cf39e9ffd,Amazon,E-commerce,5,2026-04-10,افضل تطبيق,Positive
8f78053f-1ae2-498b-ac94-0af6bd7ad687,Amazon,E-commerce,5,2026-04-10,انهو اختيار ممتاز جدا,Positive
a14d2268-278e-45e1-b22f-12fd1c9da13b,Amazon,E-commerce,2,2026-04-10,انا طابت اوردر من يوم 28/3لحد النهارده مفيش اى تواصل,Negative
0c5f94ef-dbc1-4b6b-85a5-07963399d915,Amazon,E-commerce,1,2026-04-10,لا يتوفر من جهازي,Negative
7fbb5735-a9ae-47a0-affe-4b9541850d7a,Amazon,E-commerce,5,2026-04-10,اول مره اجرب يقولون جميل جدا جدا,Positive
7f8fdda5-5f52-496e-a21d-cd5327f51fb1,Amazon,E-commerce,5,2026-04-10,ممتاز,Positive
c11539d6-f4dd-4daa-99d2-ceae2de030ad,Amazon,E-commerce,5,2026-04-10,جامممممممممممممممد,Positive
98911eec-957b-4f53-9656-c09cc5ddfda2,Amazon,E-commerce,1,2026-04-10,موقع أقل من السئ بمراحل عدم توصيل الطلبات و الإلغاء طلبات مدفوعة مقدما بدون اى إخطار يمكن العميل ينسى انه دافع القيمة مقدما شئ غريب عدم رد أموال طلب ملغى من قبل الموقع و كلام موظف خدمة العملاء ان المنتج غير متاح شئ غير محترم بالمرة وضع فيه شبهه نصب,Negative
d6a649ae-23e3-4d14-baab-599363a73149,Amazon,E-commerce,5,2026-04-10,مفيد,Positive
8b94e63c-036f-41e9-ac3d-3346c414a2c5,Amazon,E-commerce,5,2026-04-09,هو بيقدم احسن النتائج ويقدم احسن المنتجات,Positive
a22530a3-0918-4be8-883d-b4a392bff6a0,Amazon,E-commerce,5,2026-04-09,ممتاز,Positive
1722419b-223a-4b43-885a-d6434b376fee,Amazon,E-commerce,1,2026-04-09,للاسف انا شايل جهاز تدليك من امازون غير مطابق للمعروض التاجر مغير الشاحن بتاع الجهاز ومش عارف اتواصل مع خدمه العملاء,Negative
01f85d0e-5076-4a40-a996-3224d038ad61,Amazon,E-commerce,1,2026-04-09,نجمه كثير,Negative
c61ce30b-1907-4504-8480-93667f59dfc3,Amazon,E-commerce,1,2026-04-09,من شهر 11 الاوردرت مش بتوصل و بتكون مدفوعه و في اورد من يوم 29 مارس مسروق ول كل يوم حاضر هنرجعه و مفيش حاجه بتجي و ل فلوس بتراجع,Negative
55a46d4f-f50d-4b59-aa3d-bd2efe258009,Amazon,E-commerce,1,2026-04-08,تعامل زبالة مفيش اهتمام,Negative
d4012201-fead-460d-82f1-918d8ac957c9,Amazon,E-commerce,5,2026-04-08,ممتاز,Positive
a205b887-1ae8-4d44-a27d-3a2607a5c22f,Amazon,E-commerce,1,2026-04-08,تطبيق سيء جدا ..معقد في عملية الاسترجاع وفي حال كون المنتجات بها عيوب يتهرب من المسؤولية ويلقي باللوم على البائع وفي حال أردت إرجاع منتج معيب فإن الشركه تلزمك برد المنتج عن طريق شركة شحن برسوم على حسابك الخاص من واقع تجربتي فإن التطبيق سيء جدا لا يوجد امانه ولا مصداقيه وخدمة عملاء تخصص مسكنات فقط .,Negative
17263523-6175-4d04-8f29-b213bc4d7299,Amazon,E-commerce,1,2026-04-08,اسوا تطبيق واسوا تعامل زفت,Negative
4c9c4211-0b57-4017-b39c-8ed1df8bdca2,Amazon,E-commerce,5,2026-04-08,gooooooood,Positive
db5e91cc-73ef-4f39-8fe6-0020c37647bf,Amazon,E-commerce,5,2026-04-08,والله إنه جميلا من واجهته من غير ما انزلوا من قبل,Positive
ce0b6257-4ccc-4b28-974b-c9c2be6ab271,Amazon,E-commerce,5,2026-04-08,ممتاز 🌟🌟🌟🌟🌟,Positive
05295cad-61ad-44f3-be00-3c1eda9ec1da,Amazon,E-commerce,5,2026-04-08,جيد و ممتاز,Positive
b0626dcf-7b4c-433d-b09b-1202e64b76c6,Amazon,E-commerce,5,2026-04-08,رايع,Positive
159cd57c-38d0-4171-8784-6e3861984307,Amazon,E-commerce,1,2026-04-08,المعلومات حول المنتج ماهي واضحة في اول الصحفة مكتوب شي واخرها شي اخر اشتريت من عندهم غلاية ماء وكانت ماهي مطابقة للمكتوب هذا غير عذاب الترجيع المندوب جاء في وقت ماكنت فيه وللان اجري وراه يجي يستلم الشحنة مني ومطنش تجربة سيئة ما راح اكررها,Negative
1f39549e-9fa5-4418-8d88-f2f50f50e091,Amazon,E-commerce,5,2026-04-08,ممكن افهم انا كنت مره طلبت من موقع بطلب منه ديما وبستلمه من الموقع المسجله بقالى اكتر من سنتين بتوصلى على الموقع المسجله ويجى واحد من التوصيل بتقولى حضرتك مسجل الاوردر بموقع تانى ومشجى على الموقع النا مسجله,Positive
98b69266-171e-4bcf-9f97-26c891be01a6,Amazon,E-commerce,1,2026-04-07,وحش اوي,Negative
ff1073b5-1297-461c-83e4-42cbf7dbebf3,Amazon,E-commerce,5,2026-04-07,لطيف,Positive
f9ffbec2-6bb1-4fbb-befe-4d14888a8ad3,Amazon,E-commerce,5,2026-04-07,روعه,Positive
bb7c0da4-3ff8-4086-b462-c2623e0239fb,Amazon,E-commerce,5,2026-04-07,الحمدلله,Positive
dfac1478-422c-44df-90d1-7478ed7845ef,Amazon,E-commerce,1,2026-04-07,منصحش حد بي تعامل معاه نهائي اولا المناديب شي مقزز و معامله مقرفه يعملو تلف في شحن عشان ميوصلوهاش و يوم ما يجي مندوب محترم يوصلها انا ساكن في ٦ و معظم الوقت مبباقش موجود فا بيبق الي في بيت حريم يرفض يطلعها و يقول اصل سياسة الشركه ٣ فقط طيب يا فندم دول حريم و مش هيعرفو ينزلو اطلع و هرضيك بره ابلكيشن لا واللهي انا أخرى ٣ اكلم خدمت العملاء بني آدم قليل الزوق و مستفز يقولي اصل دي سياست الشركه طيب يا محترم الحل مفيش حل اهبد دماغ امك في حيطه طيب يا فندم سياسة الشركه دي مش مكتوب ليه و انا بطلب الاوردر,Negative
1532495f-9dda-4644-8f43-006dc15cb074,Amazon,E-commerce,1,2026-04-07,شركة وسخة,Negative
ce75a3b1-f884-4580-b30b-7f64138dd360,Amazon,E-commerce,1,2026-04-07,تجربه سيئة لا انصح با التعامل مع امازون مصر نهائي خدمة عملاء لاتحل المشكلة وعدم رد الفلوس,Negative
d88c89a6-f642-4a3e-8357-e0b4147e8ac3,Amazon,E-commerce,1,2026-04-07,فاشل ونصب واحتيال واسعار مرتفعة ولا يوجد عروض كل شي غالي ومبالغة كبيرة وتلاعب بالأسعار والعروض,Negative
dcef0a95-0e7b-4db5-a745-d31b4de3a30f,Amazon,E-commerce,5,2026-04-07,جيد جدا,Positive
e18ba27a-a2f8-47fa-bf68-515cb13d701f,Amazon,E-commerce,5,2026-04-07,جميل,Positive
0b441378-63da-4a39-9eba-6d9c24b13f2d,Amazon,E-commerce,5,2026-04-07,جيد جداً,Positive
01051462-ba30-40cb-8f36-ea03f4dfe748,Amazon,E-commerce,1,2026-04-06,كل مرة من سيء الي اسؤا انت ابلكيشن مقرف ومناديب قليلة الادب اخر مرة احمل الابلكيشن وكول سنتر مش بيهتم بالعميل,Negative
15d20449-edc6-4939-9fc3-247b1056dab3,Amazon,E-commerce,5,2026-04-06,It is cool and a beautiful app,Positive
0571ba9d-397d-40ca-be02-d4e304c2fb05,Amazon,E-commerce,5,2026-04-06,لو كان هناك6نجوم كنت اعطيته امازون افضل منصه,Positive
e21ac50f-38a9-4b49-a7f3-1de03032d20c,Amazon,E-commerce,1,2026-04-06,عمل التوصيل يلغى جميع اوردر,Negative
c0898ff5-8869-496f-8fa6-4a71c215efc6,Amazon,E-commerce,1,2026-04-06,يرمون الطلبيه عند أي بيت وخاصه وانت دافع,Negative
946ac044-24a0-467b-ae57-97b1e266aa6b,Amazon,E-commerce,1,2026-04-06,حسبي الله ونعم الوكيل ف كل شخص شغال ف المنظومه الوسخه دي خدمه توصيل زباله طريقه الكلام مع العميل زباله اووي عندي التسجيلات ال تثبت كلامي تسجيلات صوتيه وكتابيه,Negative
3471d362-11d4-4588-9a79-3270decd45e8,Amazon,E-commerce,5,2026-04-06,ممتاز,Positive
f732c802-514e-4c22-b217-39c6b947926b,Amazon,E-commerce,1,2026-04-06,تطبيق فاشل,Negative
f5b26f41-67ef-411e-a550-96a7950868c1,Amazon,E-commerce,5,2026-04-06,انه برنامج جميل جداً,Positive
88194568-963d-4f6a-a95f-3470fb83f742,Amazon,E-commerce,1,2026-04-06,خدمه عملاء سيئه جدآ و الارجاع مستحيل بنسبه لهم تقريباً لا يريدون إرجاع طلبي قدمت طلب من ثاني يوم من وصل طلبي مر اكثر من نصف شهر ولم يرد علي احد و خدمة العملاء غير موجودة لا انصح بشراء منه لا يستحق حتا تقيم نجمه واحده,Negative
aca44519-35ca-4586-8d16-eec50fc19c33,Amazon,E-commerce,1,2026-04-06,لم يتم البحث علي اي شي اطلبه,Negative
3c335a89-9f39-4325-ad0b-3d149358fdd7,Amazon,E-commerce,1,2026-04-05,خدمه سيئة جدا والمناديب مش بيوصلوا الطلبيات وخدمه العملاء في الضياع,Negative
eb2b5117-e381-4f4a-bb2a-9fcbd5a19324,Amazon,E-commerce,5,2026-04-05,ok,Positive
3409cdf4-2c85-47b2-a8f5-f2fc89be517b,Amazon,E-commerce,5,2026-04-05,تسوق ممتع,Positive
6b65aa06-9449-47f0-bbe0-04a62ff0f9ee,Amazon,E-commerce,1,2026-04-05,البرنامج ممتاز بس الموقع والشركة مش كويس,Negative
a66726d2-37db-4570-86a5-844f6d350a99,Amazon,E-commerce,1,2026-04-05,تجربه زفت المنتج اللي جالي مش نفس المنتج بعد مافتحته ومفيش خدمه عملاء بلاش ياجماعه الشراء من امازون لا بيراجعوا المنتج ويلبسوا العميل,Negative
5dcf2a1a-c681-4b0b-a68d-3d67cd6f8516,Amazon,E-commerce,5,2026-04-05,جيد جدا,Positive
8b7cebcd-a5e1-4d4f-9506-1521b35f9cb1,Amazon,E-commerce,1,2026-04-05,أسوأ تطبيق شراء لا يستحق أى نجمة من ٣ سنين اشتريت منتجات ورجعتها بعد دفع حسابها رافضين يرجعوا الفلوس إلا من خلال حساب بنكى وطلبوا بيانات شديدة الخصوصية حذر البنك من إستخدامها وكلمت خدمة العملاء أكتر من مرة يقولوا مفيش حل وافتحى الحساب واقفليه مرة تانية على الرغم من خسارة الفلوس فى الفتح والإغلاق وأسعاره أعلى من اسعار السوق باكتر من ٢٠ بالمائة,Negative
be0de5c1-11a8-4c71-966b-c5bd10b1db15,Amazon,E-commerce,5,2026-04-05,ممتاز جدا,Positive
52092ca6-d931-4fbc-90e4-c1e1c9bda31e,Amazon,E-commerce,5,2026-04-05,جيد جدا,Positive
5ac6dcdf-56bd-4128-87ce-e3a5ba723bc6,Amazon,E-commerce,5,2026-04-05,جميل جدا,Positive
ac35bce3-12c0-44eb-927e-40460854440e,Amazon,E-commerce,1,2026-04-05,مؤخرا بقي سيئ جدا ومش هتعامل معاهم تاني,Negative
55f9a49b-8fce-4a1c-9581-221818d50caa,Amazon,E-commerce,5,2026-04-05,سوقي الأول في حياتي,Positive
7b5ae7aa-62f8-4b7d-986b-d058fdb455b6,Amazon,E-commerce,1,2026-04-05,تأخير وتماطل في استرجاع السلع,Negative
db00a10f-d659-4a05-89b0-95590a3833bc,Amazon,E-commerce,5,2026-04-05,ممتاز,Positive
f3dc82c7-45a5-4eb8-9026-ea9fd6969289,Amazon,E-commerce,5,2026-04-05,اقول فيكم كل خير لاكن اعلاناتكم اشوفها في موقع تواصل اجتماعي ازعااج,Positive
efe8c3d1-f08d-483d-a6da-3bee0943aab2,Amazon,E-commerce,1,2026-04-04,تطبيق سى جدا جدا,Negative
ca9c10a4-b2e8-4353-a223-c8ac29cad6bc,Amazon,E-commerce,1,2026-04-04,أسوء تطبيق مشهور على الفاضى وأسوء القطع موجوده عندهم والخامات رديئه .,Negative
332e49c6-1581-4ae6-b561-8e2d5764fdec,Amazon,E-commerce,5,2026-04-04,افضل تطبيق,Positive
da388253-e322-4dbb-a54f-055a4b3a5e2e,Amazon,E-commerce,5,2026-04-04,gut,Positive
6617c58c-48d3-49d4-a0c3-0b2b196ee956,Amazon,E-commerce,1,2026-04-04,شركه زفت,Negative
8d7243c5-b988-4f2c-b376-c49869b6b969,Amazon,E-commerce,1,2026-04-04,اختيار سيء لاسوء شركات الشحن وسيستم عقيم جدا,Negative
f683b5bc-77d2-48fa-845e-35e4901bf298,Amazon,E-commerce,5,2026-04-04,?ممتاز,Positive
9ced73f5-fff0-4f9e-b370-87e9b710cacd,Amazon,E-commerce,5,2026-04-04,إنه تطبيق رائع للغايه امزون وايطن اعرفت الشتري منه الطلبات الشكر المطورين المخزون😊♥️😊♥️😊♥️,Positive
2fdbe06d-8f86-404b-b697-9dad55dae650,Amazon,E-commerce,5,2026-04-04,جميل,Positive
8f18daee-23c3-4a80-80fc-1b1fa7d82148,Amazon,E-commerce,5,2026-04-04,كويسه,Positive
3f8506e0-d228-4e1e-b6af-618bf2873f1a,Amazon,E-commerce,5,2026-04-04,الموقع الأول للتسوق في المصداقية وسرعة التوصيل وخدمة العملاء مميزة وسريعة شكرا امازون,Positive
899e8eba-cfce-4ba0-81ca-4f9bdf4a1c4e,Amazon,E-commerce,5,2026-04-04,من افضل المتاجر,Positive
d35c06a9-0945-4b69-a6ba-a2800eab81e4,Amazon,E-commerce,1,2026-04-04,تجربة سيئة جدا تحديد أكثر من معاد لاستلام شحنة عبارة عن سماعة بلوتوث تستقبل بكفائة وترسل الصوت ضعيف جدا عطل بالمايك يبدوا أن شركات الشحن تهدر الوقت حتى تنفذ مدة ارجاع المنتج اسلوب رخيص لا يليق بامازون,Negative
8cf359db-a92d-4166-844c-9628e5c639e3,Amazon,E-commerce,1,2026-04-04,لدي مشكلة تقنية ، اشتريت اشياء وعندما تراجعت عن الشراء واسترداد الاموال ، التطبيق لا يستجيب وبقيت الطلبات معلقة ويظهر رسالة انه علي تغيير طريقة الدفع وقد خصم المبلغ من رصيدي ، يقول علي ان لنتظر دقائق وهذا منذ 5 ساعات ، تكلمت مع خدمة العملاء دون جدوى,Negative
491b0590-fbba-4ec6-aa19-988c5d1181a3,Amazon,E-commerce,1,2026-04-03,سوبر,Negative
d1b0d4f8-ff6f-4798-9a5c-77a9c3d0a283,Amazon,E-commerce,5,2026-04-03,ممتاز,Positive
6fb9b4a7-6a69-404e-a7c5-f009869cbcf8,Amazon,E-commerce,5,2026-04-03,جميل جدا,Positive
863344ca-2160-48c9-8026-07df90ee5444,Amazon,E-commerce,5,2026-04-03,😎,Positive
5c9dd82b-3329-4b06-956c-1ec2cbd793af,Amazon,E-commerce,5,2026-04-03,بجد بجد بجد بجد بجد بجد حلوه قوي😀,Positive
0984e661-7293-4ce9-83ea-e9b215b5a5cb,Amazon,E-commerce,1,2026-04-03,الطلب بيتاخر جدا وكمان ما بيوصلش,Negative
d022da45-aed6-4ed2-931a-7982fe12bcfb,Amazon,E-commerce,1,2026-04-03,عمليات الاراجع الطالبات سئ جدا 🤬🤬🤬🤬🤬,Negative
776c71e7-c40c-4c78-8089-99b2b064105a,Amazon,E-commerce,1,2026-04-03,التطبيق له عشر ايام مايفتح ويلغي الطلبيات اللي اطلبهم وماحد تواصل معي لفتح التطبيق وكل خدمه عملاءهم فشله ماحد يعرف يحل المشكله وقسم الإدارة تبعهم له عشر ايام مافتح التطبيق متعذرا بأعذار واهيه صار تطبيق امازون أسوأ تطبيق الكتروني وأسوأ متجر الكتروني لو كان في اقل من نجمه لعملتها..حتى هويتي الاماراتيه رسلتها لهم لإثبات ان الحساب لي .. مافي مصداقيه ابدا ومافي اهتمام بزباءنهم ابدا لايستحق اي نجمه على الإطلاق.. تطبيق امازون اخيس تطبيق الكتروني وأسوأ متجر الكتروني,Negative
9b6994df-7bfa-400f-8442-7fd8bdaee5ac,Amazon,E-commerce,1,2026-04-03,تطبيق سئ جدا جدا وعندما تحاول أرجاع منتج يقومون بالماطله ولا يقمون إلا بنشر التقييمات التي تأتي علي هواهم وذلك أدي إلي عدم وجود مصداقيه وعامل التوصيل لا يأتي في المكان المحدد خدمه العملاء سيئه جدا وقمت بعمل طلبيه أرجاع ماطلو حتي أنتهي فتره الضمان أري أن أمازون أسوأ التطبيقات والتطبيقات المنافسه أفضل بمراحل ولا يستحق أن أبقيه في هاتفي لأنه محتال,Negative
671c2216-d21b-4642-b9f7-5b84f7da25d9,Amazon,E-commerce,1,2026-04-03,تجربة عرص,Negative
38ee858b-672a-451c-81d5-88f418506067,Amazon,E-commerce,1,2026-04-03,دخلني التطبيق ليش ماتدخلني ايش مشكلتك,Negative
dae511ae-6f51-44aa-a627-14e0fd13d201,Amazon,E-commerce,1,2026-04-03,لا انصح احد بالشراء منه فهو تطبيق زباله البائعين اللي عليه اغلبهم نصابين بيبعتوا حاجات تانيه خالص واشكال مختلفه وجودة مختلفه والباقيين بقي بيفضل الاوردر موجود مش اقل من ٥ ايام لحد ما الاسعار تزيد ويكنسل الطلب في اخر يوم ويعلي ثمن السلعه ولو حد اشتكي السلعه فين او ايه اللي بيحصل مفيش غير رد هنعمل شكوي ونتخذ اجراء ضده ومفيش اي حاجه بتحصل وتفضل السلع موجودة واسعارها بتزيد وبس والتاجر الغشاش موجود ومفيش اي حلول والكارثه بقي الاكبر لو فيه دفع مسبق بتقعد ١٠ ايام لحد ما يترد الفلوس,Negative
95061a97-00ef-405d-8e0b-9d48f62929b1,Amazon,E-commerce,1,2026-04-03,اقسم بالله ازبل شركه شفته بحياتي لاتوصيل طلبك الي الموعد الحدد وتيجي تحاول تتواصل معاهم مفيش اي طريقه لا خدمة عملاء والا اي شي وانا واحد من الناس ليه طلب عندهم له اكثر من 20يوم انصح بعدم التعامل مع شركه امازن لان هي شركه زباله,Negative
72aad4d8-825a-45c0-a60d-31e9fd82015c,Amazon,E-commerce,1,2026-04-03,لا يوجد مصدقه فالمعلمومات المقدمة من خلال خدمة العملاء وعدم قدرتهم على حل المشاكل المقدمة من العملاء وعدم الالتزام بمواعيد تسليم الطلبات ويوجد عروض وهمية واجبارك على الاسترجاع لعدم قدرتهم بالالتزام بما يقدمه,Negative
5466dd14-447f-4b43-a7c3-cf55e5ff4e80,Amazon,E-commerce,5,2026-04-03,ممتاز,Positive
8aeb072d-b582-448f-b82c-9bbc3eacdceb,Amazon,E-commerce,5,2026-04-03,ممتاز,Positive
1ff4ce16-cc30-4306-9081-2392bdf8c65f,Amazon,E-commerce,5,2026-04-03,برامج تحفه 💖,Positive
cac2a7f3-b812-4431-a550-99ff1d7bf29f,Amazon,E-commerce,1,2026-04-03,شركه مهمله مع أول تعامل معاهم وصل منتج غير اللي طلبته و استرداد المبلغ المدفوع اكثر من٨ ايام موصلش والمنتج اللي اشتريته سعره زاد والسبب اهمال الشركه,Negative
648fb45d-7e42-4e7f-8369-761f0f3d478e,Amazon,E-commerce,5,2026-04-02,مميز,Positive
5a4f3eab-cd0d-41fc-acfa-bfc2f040e745,Amazon,E-commerce,3,2026-04-02,جيد لاكن بطيء جدا,Neutral
473ddc91-6d02-4866-923f-eb034c91bc0f,Amazon,E-commerce,1,2026-04-02,شركه نصابه نصبت عليا ٧٠ الف رغم كل اثبات اني تم خصم فلوس و مافيش حاجه وصلت,Negative
f8fbb4ef-9167-41c5-82f5-48d901767379,Amazon,E-commerce,1,2026-04-02,كريزي,Negative
4fdde9dd-0d49-470a-913b-0c8a7a99b824,Amazon,E-commerce,1,2026-04-02,اسوأ تطبيق شراء واسوء توصيل واسوأ موصلين,Negative
b82ee6bd-76b5-4a67-a33d-f4a90af1eff8,Amazon,E-commerce,5,2026-04-02,جيد,Positive
048047a3-8ead-48fa-9282-d1d7a0b4eea2,Amazon,E-commerce,5,2026-04-02,أجمل تطبيق شكرأ,Positive
f88c75c3-ce79-4dd0-833a-fc4eb26e15bf,Amazon,E-commerce,1,2026-04-02,سيئ جدااا وتم إلغاء الدفع عند الاستلام والدفع عن طريق تسجيل بيانات الفيزا فقط,Negative
aaa48171-13ea-4935-90ad-cadf95094862,Amazon,E-commerce,1,2026-04-02,بصراحة التوصيل حاجه ف منتهي القرف و الحاجه بتكون بايظه و مش شغاله و كلمت خدمت العملاء هناك حاجه زي الزفت,Negative
c3fdf243-25b1-45e9-993c-1854326faaca,Amazon,E-commerce,5,2026-04-02,جميل جدا جدا,Positive
869e68bb-c9ff-4458-be22-19d2db045123,Amazon,E-commerce,1,2026-04-02,سيء للغايه,Negative
b28ab30d-31ad-490a-aed1-739a678b3166,Amazon,E-commerce,5,2026-04-02,اسطوري,Positive
79ff079e-1081-4e0c-a0bb-cf9f1b74c457,Amazon,E-commerce,5,2026-04-02,💝💝💝,Positive
4f4d6a29-47ae-4c3a-bccb-395e848866c1,Amazon,E-commerce,1,2026-04-01,كل اما اجي اطلب حاجه يقولي حاول التسليم ومبيرنش عليا ولا يبعتلي رساله وبيعمل كده كتير وحاولت احل المشكله ولقيته مش نافع,Negative
6e7e5684-4b78-4499-84fc-f05da91db913,Amazon,E-commerce,1,2026-04-01,سيئه جدا اختارت منتج ودفعت الحساب فيزا المنتج لم يوصل والفلوس راحت عليا ومعامله سيئه جدا لا انصح احد بالمعاملة معهم,Negative
7c93ee49-9cd0-4ba5-a73e-79f426f1d9ff,Amazon,E-commerce,1,2026-04-01,مارضي يتفعل لماذا,Negative
7f361b52-d25a-42d6-97e2-302111ae1f2e,Amazon,E-commerce,5,2026-04-01,الخروج من البرنامج التجريبي,Positive
38bb03bf-3a47-4e7a-95ac-5266e68a095b,Amazon,E-commerce,1,2026-04-01,بقا اسوء بكتير وبقا بيطلب بطاقة شخصيه وليا فلوس على الحساب وفلوس أوردر موصلش من شهر فبرابر,Negative
dca2e852-b6fc-49c9-a699-9067a32529bc,Amazon,E-commerce,5,2026-04-01,لدي بطاقه والتطبيق رافض قبولها لشراء منتج من امازون,Positive
5ab8675c-e0d5-407e-8bc7-99cbffccc1d7,Amazon,E-commerce,5,2026-04-01,ممتاز,Positive
a2bf2524-52ea-4171-9e81-7fd22303704a,Amazon,E-commerce,1,2026-04-01,تطبيق حرامي رجعت منتجين وبعد ما تم استلام المرتجع بيقولي لم يتم الإستلام من العميل ولم يرجع لي مبلغ المنتجات منتجات بأكتر من ٢٠٠ جنيه حسبي الله ونعم الوكيل لا أنصح به تطبيق نون احسن منه,Negative
9a3d2bd9-dc26-4b18-829b-4962e38a7dde,Amazon,E-commerce,5,2026-04-01,جميلللللللل فيه كل حاجه انصحكم فيو,Positive
ae43046c-353a-4793-b162-292f12bc83e3,Amazon,E-commerce,1,2026-04-01,بردو واجهت نفس المشكله الزباله لتة طلبت بردو مش متوافر الدفع عند الاستلام ولازم كوبون وتحويل الفلوس وديه حاجه وحشه جدا ياريت تتطوروا منو شويه,Negative
663b1a96-8889-43c0-8bdb-6bca3ddcd885,Amazon,E-commerce,1,2026-04-01,التوصيل سيئ جدا,Negative
b8e280db-f6c9-497b-b8a7-67509f634755,Amazon,E-commerce,5,2026-04-01,ممتاز,Positive
244f207b-5111-422a-9fe9-9ff360480ae0,Amazon,E-commerce,1,2026-04-01,سيء خدمة الارجاع المدة 30 يوم وتتصل اكثر من 10 مرات ماحد يفيدك فيه مواقع ليسى معروف خدمة الارجاع أقل من 5 ايام,Negative
c8f7fcc4-83ae-4058-96e0-254722c0692b,Amazon,E-commerce,5,2026-04-01,غني عن التعريف 🫡,Positive
e14e65b2-335d-4b97-84e6-15cfe8fcd1a7,Amazon,E-commerce,5,2026-04-01,جيدة,Positive
1915bae9-b703-4ce1-9cf0-3b3588897af1,Amazon,E-commerce,5,2026-04-01,تحديث ممتاز,Positive
b764ab4e-386a-4411-a2b6-431a7b4e4123,Amazon,E-commerce,5,2026-04-01,بيقدم خدمة تُحفة للعملاء♥✨,Positive
9d4fb7d5-1069-43c5-a16c-eb2fb4ed59f0,Amazon,E-commerce,5,2026-04-01,تمام,Positive
c800ffc7-284f-4386-870e-9dbdcf36c2c5,Amazon,E-commerce,4,2026-04-01,"Great app with excellent design, ease of use, and fast delivery. Thanks to Amazon for the great service. However, there is an important issue: Arabic is available in the settings but not supported in Turkey, where many Arabic-speaking users live. This makes it difficult for them. We kindly ask Amazon to enable full Arabic support in Turkey to improve the user experience.",Positive
3ef4ab2e-fbd6-451d-8fd3-3bd5dce0a871,Amazon,E-commerce,1,2026-03-31,معقد جدا في الدفع ومعقد جدا في تفعيل أرقام الهاتف مأقدر استخدمه بسبب صعوبته في نظام الدفع وتغيير رقم الجوال للأسف تطبيقات البنوك أسهل منه بكثير!!,Negative
6ba64478-3ceb-4b0a-b430-a012417d334f,Amazon,E-commerce,5,2026-03-31,جيد,Positive
15f552e7-6332-4cc1-a370-a5f36d9225da,Amazon,E-commerce,1,2026-03-31,ازبل و اوسخ تطبيق بيع تمام عندما اريد شراء شيء لا يدعم الدفع عند الاستلام لازم اقساط أو ادفع فيزه عشان ياخد فوائد زيادة فلوس انا كنت عايز اشتري سماعه بلوتوث ثمانيه لا يزيد عن 300 جنيه لازم اقسط عشان ادفع 400 جنيه او فيزه لدفع 360 جنيه غير مصاريف الشحن 25 جنيه حاجه اخر قرف و نصب,Negative
e99a3bfa-20a5-42c1-8bac-053f57ade6cf,Amazon,E-commerce,1,2026-03-31,التطبيق مش منصوح به لا يوصل الطلبات الي فيها عروض و تأخير مش طبيعي و كمان منتجات تالفه و امكانيه الارجاع غير مفعله,Negative
e52fe4d7-f0a9-43e2-95a2-d855778e4ab7,Amazon,E-commerce,1,2026-03-31,كان تطبيق ممتاز بس اخر فتره اي تواصل مع خدمة العملاء فيه مماطله بطريقه مش حلوه بشترك وادفع اون لاين يتلغي الطلب من الاداره نفسها واخسر رسوم الكاش وفوق ده لما اتواصل مع الخدمه يقلي ارجعي اطلبي وهننزلك فرق الخصم وفعلا عملت كده وكل يومين اتصل ويقلي بكرا بعدو بعد 48 ساعه ليا عشر ايام وماشفتش منهم اي حاجه للاسف تم حذف التطبيق,Negative
2a68c110-aa3d-4245-a93f-ffe040ac2653,Amazon,E-commerce,5,2026-03-31,تطبيق أمازون تطبيق رائع يستحق خمس نجووووم⭐️⭐️⭐️⭐️⭐️,Positive
f17ea75c-e479-405e-b7b5-ea15acbcfae9,Amazon,E-commerce,1,2026-03-31,تجربة زى الزفت تطبيق معاك والشحن عندهم. سى جدا وخدمة العملاء مش بتساعد نهائى,Negative
045ea8f9-7e02-4bfb-bd67-2818c8963b84,Amazon,E-commerce,5,2026-03-31,ممتاز,Positive
ffd5a846-0727-4f61-83c4-3b6719db5728,Amazon,E-commerce,5,2026-03-31,ممتاز,Positive
811f280d-f804-4c68-b043-9c35f3079348,Amazon,E-commerce,5,2026-03-31,تطبيق ممتاز. و تجربة رائعة.,Positive
0bc1b4bf-622f-4ead-a898-18ac20f671d7,Amazon,E-commerce,1,2026-03-31,اسوء شركة لقد طلبت منتجات من شركة امازون ولم استلمها وتم ارسال الموقع بدقة وظهر لي اني استلمت المنتج علي برنامج امازون وانا لم استلمه فكيف استرد المبلغ المدفوع,Negative
07c33ecf-ee38-473c-9e81-3596c93e8632,Amazon,E-commerce,4,2026-03-31,امازون حلو بس اتمنى توفير لايت ستيك بلاك بينك,Positive
5345b8de-3297-4b0e-8c63-f28bb04edf2b,Amazon,E-commerce,5,2026-03-30,رائع,Positive
790150cf-2610-4c8d-a548-191e75859d4e,Amazon,E-commerce,1,2026-03-30,امازون اصبح سيئ الطلب يتاخر والمرتجع ياخذ شهر لرد المبلغ صار كل شي مزعج في وندمت لان طلبت من امازون والو قت المنتج مكتوب في طريق العودة الى متى امازون,Negative
6b57abff-8129-43ec-adef-be3a1a8362b6,Amazon,E-commerce,5,2026-03-30,اروع تطبيق,Positive
1bfbdfb8-e894-44aa-b0b2-f6328e65f0c7,Amazon,E-commerce,5,2026-03-30,افضل برنامج حلو جدا جدا جدا والله,Positive
de5bbbc9-8f0c-4d03-864f-11d28a670c98,Amazon,E-commerce,5,2026-03-30,جيدة,Positive
c77f65dc-1da7-47cc-af56-d0210c2c69c1,Amazon,E-commerce,5,2026-03-30,جميل,Positive
8b67d062-9e5d-4e12-8dc5-4e0470dce5ba,Amazon,E-commerce,5,2026-03-30,رائع,Positive
9e8177b9-a489-4849-80b1-148470fe2545,Amazon,E-commerce,1,2026-03-30,يا جماعه مفيش خدمة عملاء ولا اسلوب محترم في التوصيل ولا خدمة بيع حتى يعنى انا بقالى فتره كل شويه اعمل اوردر والاوردر يتم خلاص خدمة التوصيل ييجى يلغى الاوردر من نفسه مش فاهم بقا هو مكسل ولا ايه,Negative
d0a72eb9-4fd4-4979-af30-914e7dabc76e,Amazon,E-commerce,5,2026-03-30,تطبيق رائع جدا,Positive
b48ba660-44ba-40d1-998f-7b5acd4e9c2a,Amazon,E-commerce,1,2026-03-30,خدمة العملاء جدا سيئه+ الطلبات توصل ولا مبالغ تسترد,Negative
6e41d01a-538d-4e35-8d1e-852262d3aaea,Amazon,E-commerce,4,2026-03-30,ما شاء الله تبارك الله.. موقع مميز وبه كل شي الصراحه لايفوتكم والخصومات 👍,Positive
3690c011-fad8-4671-b554-27d50236f642,Amazon,E-commerce,2,2026-03-30,بعد تحديث صار ما تقدر تدفع كل تحديث يصير اسوا من الي قبله 👎🏻 (((مراجعة الدفع مطلوبة المرجو تحديث طريقة الدفع الخاصة بك))),Negative
51d464d7-7c6f-4a99-a129-e1c8a38c6435,Amazon,E-commerce,5,2026-03-29,ممتاز,Positive
7db778c9-1ac4-4dfb-81f2-58e3ab9171cd,Amazon,E-commerce,1,2026-03-29,غير أمناء حيث يتم وصف السلع بمواصفات تختلف عن الحقيقة أو افضل من الحقيقة مما يحملني عناء انتظار المندوب 12 ساعة و قد لا يأتي و تنتظرة مرة اخري او عدة مرات ثم تقوم بالارجاع و انتظار مندوب الارجاع 14 ساعة و قد لا يأتي و تعيد طلب الارجاع و تنتظر مرة اخري ثم تكرر الشراء لتجد طلب بالمواصفات التي تريدها و حسب المذكورة بالوصف ثم متابعة رد الأموال التي تصل لأسبوعين و قد تقابل مشكلة في ردها و قد لا يهتم بمشكلتك احد و قد تقابل كثيرآ مناديب عديمي الأدب و الذوق و لا احد يهتم بشكواك,Negative
94229c76-42a5-4350-b417-e476bb330011,Amazon,E-commerce,1,2026-03-29,اسوء تطبيق تسوق لا يستحق حتى نجمة,Negative
ddcee238-a810-4060-a2c1-ea14b2b023f0,Amazon,E-commerce,5,2026-03-29,إنه تطبيق جميل جدا تسلم ايدك يا Amazon,Positive
fa30b65a-5f3f-4b88-a9f5-81d7cac44113,Amazon,E-commerce,5,2026-03-29,التطبيق تحفة جدا,Positive
d4a4a8f0-39eb-48c7-a584-87c5cf4b6fad,Amazon,E-commerce,1,2026-03-29,لا يوجد خدمة عملاء لامازون مصر,Negative
b8f7f38b-7ef4-49a0-a86b-275f81c7669d,Amazon,E-commerce,1,2026-03-29,لقد خاب ظني في امازون لان السلع تاتي خاطئه اتمنى تحسين ذلك في المستقبل,Negative
ec5701ee-32e8-4716-91e6-faa4d839a979,Amazon,E-commerce,1,2026-03-29,طريق سئ جدا التوصيل متأخر واسعار وحش نون احن منو والله انا جربت الاتنين نون احسن,Negative
6bf646b3-6192-46dc-80e2-cf9033dff1e1,Amazon,E-commerce,4,2026-03-29,buetiful app,Positive
eea614a3-838b-47c1-b655-1e672cdb3f0d,Amazon,E-commerce,1,2026-03-29,تجربه من اسوء التجارب واخر استهتار وتلاعب فوق الوصف وخدمة عملاء غير موجوده اصلا فارجو حل المشكله فورا,Negative
d9f1d9e6-3eca-48fa-b2e6-02dc5de5b05e,Amazon,E-commerce,1,2026-03-29,اسوا واوسخ توصيل شحنات واوسخ تطبيق حتى رقم للشكاوى كلة رد تلقائي,Negative
1a4719f8-be83-4e50-93ed-11a55b52679c,Amazon,E-commerce,5,2026-03-29,حلو,Positive
9a5e7f00-0c52-4067-b7ab-d72df6564843,Amazon,E-commerce,5,2026-03-29,شكرا على تعاونكم,Positive
c3be1107-e14b-415c-860f-6c811497c4e9,Amazon,E-commerce,3,2026-03-29,مش راضي يفتح مسحته ونزلته تاني وبرضو مش بيفتح,Neutral
e71844c7-f549-4dd3-b457-22aa8c08816e,Amazon,E-commerce,4,2026-03-28,جيد,Positive
9da64b96-55fb-4a5a-b65d-674005ce9b1a,Amazon,E-commerce,5,2026-03-28,حلو اووووووووووووووووووووي,Positive
5ea35428-8e92-4d6d-b1f2-6e4297312b1e,Amazon,E-commerce,5,2026-03-28,حلو,Positive
6ea102a5-6787-4006-aa24-70ec22ee67fd,Amazon,E-commerce,1,2026-03-28,nice,Negative
962aa61c-3cae-4212-b5d5-88bdf270d30b,Amazon,E-commerce,1,2026-03-28,مقاطعة,Negative
5aa22197-4762-4a13-ad6c-9de63ae65bf9,Amazon,E-commerce,5,2026-03-28,ممتازة,Positive
0166f7de-155d-4a3c-9699-92738be353d1,Amazon,E-commerce,5,2026-03-28,ممتاز جداً,Positive
3e2de362-a4f1-470d-a67f-c7e1267d4988,Amazon,E-commerce,1,2026-03-28,تطبيق لا يحترم المواعيد ابدا لقد طلبت بعض الاغراض ولكن قامو بالغاء الطلب لوحدهم بعد انتضار عده ايام,Negative
4cc97c9f-5f74-47d5-950a-276d26e1558d,Amazon,E-commerce,5,2026-03-28,😍,Positive
918fc1a7-4afc-48a1-bae8-c7289f9c79f1,Amazon,E-commerce,5,2026-03-28,موقع محترم جدا,Positive
3ce2deb6-bf86-4bda-8098-6e9d5864bfc9,Amazon,E-commerce,5,2026-03-28,جيد,Positive
64421f6e-f667-4d45-a905-f4e98fd33548,Amazon,E-commerce,1,2026-03-28,كل شيء جيد حتي مرحله توصيل الطلب من اسوأ ما يكون عدم احترام لمواعيد التوصيل مندوبين غير مدربين على التعامل مع العميل عدم متابعة تنفيذ الطلب بالاستلام من خلال خدمة العملاء 😡,Negative
8cbcba46-cd2c-46e7-97b9-4fa56e2a8255,Amazon,E-commerce,1,2026-03-28,السلام عليكم ورحمه الله وبركاته اول شيء انا طلبت من امازون ايفون 17 وصلني جوال اقسم بالله قيمته 250 ريال فنصيحه مني امازون ما هو اصلي احذفوا لا تطلبوا منا اقسم بالله انهم كذابين,Negative
7a471e08-795e-4050-bea0-88be9bbc1dd2,Amazon,E-commerce,5,2026-03-27,تحفه,Positive
251e01ed-7b38-4fff-8c9a-638678dedc51,Amazon,E-commerce,1,2026-03-27,لقد فقد امازون مصدقيته انهم لصوص لقد اشتريت منتج وتم سرقتهو من المندوب وقمت بشكوا الى خدمة العملاء ولاكن لقد وفجأة بانهم شركاء بي السرقة أنهم يدعمون البائعين الصوص ولا يهتم لي العميل اسواء تجربة لقد سرقو المال يجب أن احذف هذا المتجر,Negative
8caf859b-a6c4-4f27-a042-bd0cb1a75377,Amazon,E-commerce,5,2026-03-26,good,Positive
e415cb82-2b77-44eb-8e98-21c43d07bae3,Amazon,E-commerce,5,2026-03-26,مره حلو رخيص ولاكن عنده اسويت اشياء غريبه انه يطول في توصيل الطلب فيعني,Positive
bcd91a8d-c47b-47a8-844a-27370cccc2be,Amazon,E-commerce,1,2026-03-25,اكتر تطبيق نصاب ممكن اشوفة في حياتي التوصيل بطيء خدمة العملاء قليلة الادب كل حاجة وحش ولو عندك فلوس في بطاقة الهدايا ربنا يعوضك بقى لان من المستحيل انك تعرف تستردها من خلال طلب منتج بجد وحش وحش خسارة في باقة النت و الفلوس الي في بطاقة الهداية,Negative
b385d2a5-0c07-412e-be6f-73da3003eb14,Amazon,E-commerce,1,2026-03-25,مفيش أسوأ من كدا تطبيق معفن من النادر لما تلاقي طلبك وصل بجد حاجة زفت كذا مرة اطلب حاجه و متوصلش ويكتبلي تم التوصيل و مفيش حاجه بتكون وصلت وبعدين اكلم خدمة العملاء و هما حاجة في منتهى قلة الأدب وترجع الفلوس على بطاقه الهدايا المشكلة انو حصل الكلام دة مرتين في نفس الطلب ودا اخد وقت طويل قوي من الاخر محدش يحمل التطبيق ويطلب اي حاجة و للمعلومة اسعار التطبيق غالية جدا جدا يمكن المنتج يزيد الضعف حرفياً سيء سيء سيء نصب على الناس,Negative
f8b4eb77-2457-43d2-89fe-7edd27f523c8,Amazon,E-commerce,5,2026-03-25,برنامج جميل جداً,Positive
d2a035bb-ddbf-4228-bf2c-75309659aaa8,Amazon,E-commerce,5,2026-03-25,شكرا,Positive
01a99386-24bb-4099-bb6a-8bd7337896e5,Amazon,E-commerce,1,2026-03-25,تطبيق ريخم و بيتاخر ونون احسن منو بكتير هو لو ينفع أخلي صفر نجوم كنت عملتة,Negative
00a0c1aa-66f0-422f-ac8e-749c6466f9b6,Amazon,E-commerce,3,2026-03-25,اتخنقت معاهم بسبب التوصيل,Neutral
1de13b1b-f500-405f-acd4-f9dbb2e81513,Amazon,E-commerce,2,2026-03-25,تطبيق فاشل انا الطلب ابتاعي معاده من يومان وكل اشويه يتحجج ومفيش اي حاجه جت,Negative
2cb69530-727f-4c2c-b635-a4f66297d8f4,Amazon,E-commerce,5,2026-03-25,جميل جدا,Positive
4743bbac-5393-485a-aac1-9a3be2b43f06,Amazon,E-commerce,5,2026-03-25,احسن تطبيق,Positive
23b3046e-5944-4c34-8d61-f550d6c2d3f0,Amazon,E-commerce,5,2026-03-25,انهو تطبيق جميل بس في مشكله انو لما تيجي تسجل الحساب يقول تم تسجيل الحساب خطاء,Positive
b4651790-f97c-416f-b417-43bc684bf113,Amazon,E-commerce,5,2026-03-25,ممتاز جدا,Positive
a9db90d2-7873-4e5b-ac1e-7cb09bbfcc3a,Amazon,E-commerce,5,2026-03-25,حلوه اويي و استخدمته كويسه,Positive
dbb95195-4341-4af0-808c-03d4a441f6e2,Amazon,E-commerce,5,2026-03-25,امازون العلامه الكامله 10/10,Positive
8cc245be-84e6-4bed-9f7e-54475ff5000d,Amazon,E-commerce,1,2026-03-25,المنتج بيوصل بعد وقت طويل من الطلب,Negative
093f97e3-4cbb-495d-85d3-87b672209d68,Amazon,E-commerce,5,2026-03-25,ممتاز,Positive
bbf619c7-8d10-42e8-86da-64628b16fdb0,Amazon,E-commerce,1,2026-03-25,خدمة عملاء غير جيدة 50٪ من المنتجات اللى اشتريتها رجعتها,Negative
249b8ed2-a7e0-43ff-b5c5-3f67ee963de4,Amazon,E-commerce,2,2026-03-24,التطبيق حلو لس انا مطلبتش منه غير مره و الحاجه مش زي الصوره خالص,Negative
c08bcd41-90aa-4e61-9105-d49b39dbaaf2,Amazon,E-commerce,5,2026-03-24,جميل,Positive
c9c127cd-be4c-426d-9250-e44a97d51b43,Amazon,E-commerce,1,2026-03-24,لو فيه أقل من نجمه كنت عطيتك ايه ايه البرنامج الفشل امازون تخسر عملاء الحاليا والجدد تم ارجاع شحنه من يوم ١١مارس والي الان ٢٥ مارس لا يوجد رد مبلغ الشحنه أدعوك يا شباب للتسوق من علي إكسبريس,Negative
0f9f7251-fdcc-4246-b77f-051e2627b62f,Amazon,E-commerce,5,2026-03-24,جيدة جداً,Positive
db2102d4-bad4-46b9-a234-767e86241715,Amazon,E-commerce,1,2026-03-24,نجمة واحدة كتيرة عليه المفروض محطش نجوم اصلا المندوبين مش محترمين و بياخدوا من الاوردر و بياخدوا فلوس زيادة ولما نرفض ياخدوا المنتج ويمشوا و كل حاجة وحشة,Negative
e6e85aec-319f-4f9a-9c32-3cd62cac2c3a,Amazon,E-commerce,1,2026-03-24,أقسم بالله إنه أسوا متجر في تعامله مع العملاء من ناحية مندوب التوصيل إلا طريقة إرجاع السلعة ولا تستطيع التواصل معهم,Negative
2d67eb51-a6de-42b9-86ed-b5a5d25bd510,Amazon,E-commerce,5,2026-03-24,رائع,Positive
80afe443-b5c8-4c87-9bef-3e8d5b14bfcb,Amazon,E-commerce,4,2026-03-24,جيد جدا,Positive
1c3b8b8c-1bc8-444e-9eec-ab15c8db2116,Amazon,E-commerce,1,2026-03-24,جداً سيئة لا أنصح أحد شراء من هذا المتجر كل سلعه مختلف أو مقلده وصف غير دقيقة,Negative
df498244-fbd6-4c25-8ac8-4f585a5ba37a,Amazon,E-commerce,5,2026-03-24,ممتاز,Positive
4d2e8fc8-213c-42e5-97b3-ada8c8f5bbeb,Amazon,E-commerce,5,2026-03-24,تطبيق رخيص وشغلاته جدااا حلوه انصحكم جربوا❤️,Positive
b608f2a4-fc5a-4f87-8120-7da66ea38203,Amazon,E-commerce,1,2026-03-24,الحاجه في المحل سعرها مقبول أما هوا بيبيع بأسعار خيالية ومش معقوله كل حاجه بيبيعها غاليه جدا حتي لو وحشه,Negative
c0ca828b-0020-4234-9a48-1c43274b5841,Amazon,E-commerce,5,2026-03-24,افضل شركه تسويق الكتروني,Positive
6c3a0f16-c6db-4c29-934f-bcc79c073793,Amazon,E-commerce,5,2026-03-23,ممكن اعرف مش عايز يتثبت لية,Positive
745ee50d-3788-43f3-a3e0-12b90394ff38,Amazon,E-commerce,5,2026-03-23,امتياز,Positive
718f43ad-c197-4ba8-9a3d-23ede924bb8c,Amazon,E-commerce,5,2026-03-23,ok,Positive
0857b26b-2497-4676-8d3f-a79813c7cbdd,Amazon,E-commerce,1,2026-03-23,لو كان في اقل من نجمة كنت منحتها تطبيق وحش اوي انصحكم بعدم تثبيتة الدفع عند الاستلام غير مفتوح وانا مش زبون جديد عشان اتكون مغلقه اوحش تطبيق وشركة شفتو,Negative
03bae718-700b-439a-bdb2-f556b2895487,Amazon,E-commerce,2,2026-03-23,لماذا لا يوجد توصيل إلى الأردن😢,Negative
622f6d0a-b585-4692-8ed2-30d6cc3b8827,Amazon,E-commerce,5,2026-03-23,جيد,Positive
691aa143-66af-4fd0-8a1c-623ca5b1b7f3,Amazon,E-commerce,1,2026-03-23,خدمه سيئه طلبت كتير طلبات لكن لم توصل و لا يتصل بك أحد و يتم الإرجاع من نفسهم و تأخير هذا إذا وصلت الشحنه أصلاً,Negative
df665243-0974-4a09-b1d5-252c1feb8644,Amazon,E-commerce,1,2026-03-23,تطبيق فاشل مايوصل ولا طلب,Negative
9ea15519-224d-4b18-9f03-e14bc41450f7,Amazon,E-commerce,1,2026-03-23,الأسعار مرتفعة تقريبا بضعفها تقريبا بين امازون السعودية عن امازون أمريكا لنفس المنتج مما يجعله خيار غير مناسب للبحث عن المنتجات غير المتوفرة في مخازن الشرق الأوسط,Negative
05b2557a-a27b-4d08-9bcc-c4c6e505ff22,Amazon,E-commerce,5,2026-03-23,ممتاز جداً,Positive
940debea-c263-4738-89be-ab6e51f01bad,Amazon,E-commerce,5,2026-03-23,احسن منتجات,Positive
4806d078-ff77-4925-8d36-ccb4453c783f,Amazon,E-commerce,3,2026-03-22,جيدة,Neutral
586a6bbe-4cd2-4448-80e9-ab3d8efbc5aa,Amazon,E-commerce,5,2026-03-22,ممتازة,Positive
59e0533f-10d9-4f51-9b03-d5f408d2ecd4,Amazon,E-commerce,5,2026-03-22,ممتاز جدا لم اجد افضل من تطبيق امازون,Positive
77d46acf-a4fd-46a2-affb-51af96987421,Amazon,E-commerce,1,2026-03-22,الاوردرات بتيجي غلط,Negative
5703db6f-f927-422a-abdf-60217dd117c9,Amazon,E-commerce,4,2026-03-22,خدمة حيدة ولكن. مندوب وقح,Positive
a6681ac5-a93f-4282-bdd5-02b38a860270,Amazon,E-commerce,1,2026-03-22,لم تدعم ميزة البحث عن طريق الصور,Negative
8b99b01f-60ef-43e6-909a-abb951b99334,Amazon,E-commerce,1,2026-03-22,اسوء تعامل في ارجاع المنتج وفلوسك تقريبا ضاعت عليك ومفيش اي حل معاهم,Negative
5b1182ef-8142-4b69-884b-cade967a05d4,Amazon,E-commerce,5,2026-03-22,كويسة,Positive
c8f6c336-1308-4d6d-ba58-10b8a9f8a57f,Amazon,E-commerce,2,2026-03-22,اطلب حاجه وخلاص هطلبها مش راضي يخش العنوان صح,Negative
c6050e9f-9172-4b18-81f6-d0a435f33b87,Amazon,E-commerce,1,2026-03-22,Das Problem ist So ist es immer. Das Problem ist So ist es immer. Das Problem ist So ist es immer. dass die Qualität ständig sinkt und dieses System geändert werden muss. Aufgrund der mangelhaften Kundenservice-Richtlinien werde ich diese App so schnell wie möglich löschen.,Negative
b38fc3a9-6c8e-4e76-ac59-c26ed740af03,Amazon,E-commerce,5,2026-03-22,انه برنامج جميل وفي حاجات جميله,Positive
93b23a1f-bad6-490b-8a58-a27a144c3f14,Amazon,E-commerce,1,2026-03-22,very bad نصب واضح / فرض السلع الغير مطابقة الاوردر بعد تسليمها واكتشافها / مندوبين مبتزين ماديا وقلة ادب في التعامل / عكس موقع جوميا تماما في كل شئ مع عدم مصداقية خدمة العملاء لتكتمل دائرة النصب,Negative
1b156e19-4154-41e0-85dc-ed3540d0989f,Amazon,E-commerce,5,2026-03-22,ممتازه,Positive
05303c1c-a59f-4543-9a2d-8c01481b5b6e,Amazon,E-commerce,1,2026-03-22,اصبحت أمازون بلا خدمة عملاء ولا يمكن التواصل معهم للمرتجعات والأفضل مقاطعتهم.... قمت بطلب إرتجاع سلعة تالفة وفي نفس الوقت عدم مطابقتها للسلعة المعلنة ... ويردوا على طلب الارجاع ان العميل ( رفض الاستلام)!!!!,Negative
821dfcf5-8b5c-4e91-a574-3a3926cb2a00,Amazon,E-commerce,5,2026-03-22,امازون للتسويق برنامج جميل جدا وعندهم مصداقية في استرجاع الحاجات الغير ملائمة للاستخدام أو فيه اي شئ واسترجاع فلوسها في وقت يعني يعتبر كويس بس الحاجة الوحشة فيهم م الشحن علي كل سلعة كبير,Positive
951fc525-500f-4c35-b820-920bfc6ff9fe,Amazon,E-commerce,1,2026-03-22,محدش يتعامل معاه خدمة عملاء زباله و استهانة بالعميل,Negative
505bd7ce-4374-4619-9b42-7002d9f91d2d,Amazon,E-commerce,5,2026-03-22,وحش والله اوييييي,Positive
b0753ce4-2ba6-40f1-8e83-d9eeb4fda0c1,Amazon,E-commerce,5,2026-03-22,مرا حلوة,Positive
fa485d5d-afa4-4238-9263-d1d59bbf91f5,Amazon,E-commerce,5,2026-03-21,صراحة البرنامج مفهوش ولاغلطة 👍,Positive
94d5d127-dba6-4e3e-9f47-7b9c6056e6b0,Amazon,E-commerce,5,2026-03-21,خدمه رائعه,Positive
95305dba-cb9d-4d52-9f2c-ed39d4589d04,Amazon,E-commerce,1,2026-03-21,تطبيق سيئ جدا,Negative
0dbba828-71e9-4494-aab0-82efc12a917d,Amazon,E-commerce,5,2026-03-21,خدمة ممتازة,Positive
bf206f41-b70c-4b43-a5a3-f124ea75dc84,Amazon,E-commerce,5,2026-03-21,موقع محترف للتسوق عن بعد وهو يتسع ليشمل مناطق عديدة وبعيدة بكل أنحاء العالم لذلك تستطيع أن تعتمد عليه تماما في الحصول على أي سلع مهما كانت نادرة أو غير متوفرة يستطيع أن يدبرها وبكل سهولة ومن فرط خبرته لا يراوغ أو يوالس علي حد تجربتي فتصلك الأشياء بالمواصفات المتوافق عليها بحيث لا يكون هناك مجال للتبديل والتراجع.,Positive
38bd80ee-4e60-4cb7-9ec6-c8955f5fc7c0,Amazon,E-commerce,1,2026-03-20,تجربه سيئه و برنامج سيء,Negative
1c6ebb88-92f6-46a2-a00c-0badf7117331,Amazon,E-commerce,5,2026-03-20,صراحه افضل تطبيق يخدم العملاء طلبت من عندهم منتج وصلني متأخر جدا يوم وصلني رجعوا فلوسي وعطوني الطلب,Positive
df94df4f-0480-49a4-b551-b3cb738172b1,Amazon,E-commerce,1,2026-03-20,بجد المعاملة سيئة جدا جدا المندوب استلم الاوردرات علي السيستم و مفيش حاجة وصلتني من قبل العيد الصغير و لما بنتزاصل مع خدمة العملاء يقولك اسفين و حقك علينا اصل المندوب متلخبط و استلم الشحنات كلها بالغلط وانا دافع فيزا كل الشحنات اول شات مع خدمة العملاء قالولي هيام التسليم اليوم بعدها بشوية كلمتهم تاني قالوا هيتم التسليم خلال 24 ساعة تاني يوم يقولي هيتم التسليم خلال 48 ساعة و اقولهم عايز الغي التسليم من السيستم لاني مش مستلم اي شحنة يقولي لا مش متاح من خلالي دي للإدارة المصرية لشركة كبيرة,Negative
8bb886e4-ffe3-4d9b-af3c-62a95308edba,Amazon,E-commerce,5,2026-03-20,شكرا,Positive
efd93736-ed48-476b-aaab-4a3a14e8ef8d,Amazon,E-commerce,5,2026-03-20,عملي ومنتجاتة اصلية,Positive
fc188eac-908b-4d30-ae30-e25d6f922b66,Amazon,E-commerce,5,2026-03-20,انصح به,Positive
feb97207-35af-46cb-8506-76a4b3b48a2f,Amazon,E-commerce,5,2026-03-20,جيده,Positive
ecfbfb1a-6770-4f79-8a04-7a37c6dcb79d,Amazon,E-commerce,5,2026-03-20,برنامج رائع للغاية,Positive
1fadf3eb-26a5-4121-bcb2-a6163422e8b6,Amazon,E-commerce,5,2026-03-20,جيد جدا,Positive
043e594d-15c8-4332-bf7c-7f2bdac2393a,Amazon,E-commerce,1,2026-03-20,ارسلولي منتج ثاني غير الي طلبته وتواصلت معاهم مرارا وتكرار وقالو لي بنرسلك مندوب يستلمه ..والى حد الان غرابه سنه المتج عندي ولم ياتي لي احد ...ايعقل هذا اريد حل....,Negative
35b40842-09d2-4bda-baee-2211872578eb,Amazon,E-commerce,1,2026-03-19,كنت من محبين أمازون واتمنى من إدارة أمازون مراجعة سياسة الإرجاع لقد قمت بشراء 2 كرسي والبائع ساكو ويصلني بخاخ تنظيف بدل الكراسي وعند الإرجاع لم يتم كامل المبلغ الذي دفعت علما ان الخطأ من البائع وليس ذنبي كيف أتحمل خطأ لم ارتكبه للأسف سياسة سيئة,Negative
1c043c6d-5076-4e8c-ba8d-dff3957b136f,Amazon,E-commerce,1,2026-03-19,لا يوجد أى مصداقية و الاوردارات بيلغوها و مش بتوصل و خدمة العملاء فقط بتعتذر بدون اى حل,Negative
b01aa788-b7c1-423f-b853-e5d4aba5f0ee,Amazon,E-commerce,5,2026-03-19,انا جربته ممتاز,Positive
610d1b9a-2bb9-43d9-a5a4-029e56ceda23,Amazon,E-commerce,1,2026-03-19,نظام غير مستقر,Negative
f36ba9f5-e928-48ea-93b6-7b7412bf31c1,Amazon,E-commerce,1,2026-03-19,أسوء برنامج ممكن تطلب منو حاجة والاوردر بيجي مش زي الصورة خالص و الحاجه متكسره و متقطعه و مخربشه اول واخر مره اطلب من عندو حاجة,Negative
0e2dd3fc-1ea6-4f15-8414-bf5ea73167ea,Amazon,E-commerce,1,2026-03-19,مش عارف احمل التطبيق,Negative
108d6a2d-23d8-4de3-8e7e-d17fd297315b,Amazon,E-commerce,5,2026-03-19,♥️♥️,Positive
bd04dd1b-02a2-42e2-b508-7bb99519dca0,Amazon,E-commerce,5,2026-03-19,جيده,Positive
7c6017cd-eabb-461f-adbb-05d47c964b89,Amazon,E-commerce,5,2026-03-19,افضل تطبيق وافضل خدمة عملاء,Positive
eb61dd9c-e36f-4f64-af88-cd43ca359928,Amazon,E-commerce,5,2026-03-19,تتطبق جميل جدا جدا جدا جدا,Positive
fa4a370b-5903-42c2-a098-136bcb55df41,Amazon,E-commerce,3,2026-03-19,جيد,Neutral
9282db6a-82a6-4697-9609-f46b7ea5dc21,Amazon,E-commerce,5,2026-03-18,جيد جدا,Positive
06aaf7c9-b225-46c9-9d37-93afb71c0801,Amazon,E-commerce,1,2026-03-18,مروعه لا يم كنني الدفع عند ما استلم الطلب,Negative
4e310656-2db2-45c7-a391-16baccfc65f1,Amazon,E-commerce,1,2026-03-18,التطبيق لا يريد أن يتثبت عندي ما المشكله,Negative
1c2547d0-a029-4e1f-b04a-ee73144bd5cc,Amazon,E-commerce,1,2026-03-18,ضيفو الدينار العراقي للعملات حتى انزل التطبيق ونتبضع,Negative
cd49bfc6-f045-49c7-ad04-b2895522a096,Amazon,E-commerce,5,2026-03-18,تطبيق التسوق امازون انه رائع,Positive
ee283bf8-e5da-4c5c-a35e-531297f8f583,Amazon,E-commerce,1,2026-03-18,سيئ جدا وكاذب,Negative
95d324b1-f383-40e9-b5f5-c70ee064d66b,Amazon,E-commerce,5,2026-03-18,جيد جدا ومؤدب جدا احبه,Positive
68cbab40-13ea-400f-905a-54221ab66940,Amazon,E-commerce,4,2026-03-18,good,Positive
8e9bc787-9978-4365-a665-e3834ddd1641,Amazon,E-commerce,1,2026-03-18,اسوء تطبيق في ارجاع الفلوس,Negative
1df354f7-6183-4195-8505-feab03c3f4f1,Amazon,E-commerce,1,2026-03-18,بيتم خصم الفلوس والاردار مش بيوصل وبيعذبك لحد متنزل ليك الفلوس تاني,Negative
b18d79bb-6530-44b1-8549-847f43a7462c,Amazon,E-commerce,2,2026-03-18,هو حلو وجميل جدا بس انا مش عارفه اسجل الدخول خالص,Negative
4b840013-cba6-46d0-b4c9-9c7727af289f,Amazon,E-commerce,1,2026-03-18,مش كويس نهائي,Negative
1d643491-bea0-4073-a557-ea83010310e6,Amazon,E-commerce,1,2026-03-18,اسوء متجر مابنصح حدا بلمره,Negative
569fad51-9597-45f7-aed3-294b7da047bf,Amazon,E-commerce,5,2026-03-18,ممتاز,Positive
4036a378-0a65-4136-9073-e6f3319750ce,Amazon,E-commerce,5,2026-03-18,جيدة جدا,Positive
09577c89-93d7-4654-82c8-a18e2ec24d71,Amazon,E-commerce,1,2026-03-17,البرنامج كان جميل قبل السنة دى دلوقتى بقالى سنه اطلب الاوردر والمندوب يرجع الطلب اذا كنت دفعت ثمن الطلب أو مادفعتش,Negative
5bffb3bd-55b3-41a6-8910-5b577a1dc647,Amazon,E-commerce,5,2026-03-17,معاملتهم مودبه واسعارهم جميله,Positive
20bb6b8e-23fd-41df-b7e8-a26015510683,Amazon,E-commerce,5,2026-03-17,ممتاز,Positive
aa926825-5bd4-4f0e-a8c3-7c9ea47e0660,Amazon,E-commerce,1,2026-03-17,اسواء شركة اونلاين فى مصر خسارة تقيمكم بنعمة واحدة متسهلوهاش الاوردربيجى غير مطابق للمواصفات ومقاس أصغر من اللى بتتطلبو ابعدو عن امازون حبب ازود انكم من اسواء لاسواء,Negative
8940a19e-c8c3-4b7b-a278-7efa100c81eb,Amazon,E-commerce,5,2026-03-17,تطبيق جميل ورائع واحسن معامله واحسن توصيل,Positive
032fde11-06c1-412d-ad94-96e15332127f,Amazon,E-commerce,1,2026-03-17,الي الان لما يصل الطرد الزي طلبته من ثلاثه ايام,Negative
697c54f9-be69-47c9-87d5-14b51f55cf89,Amazon,E-commerce,1,2026-03-17,سىء جدا طلبت البضاعة ودفعت الفلوس وعدى اسبوع ولا اخذت البضاعة ولا الفلوس وحسبى الله الله ونعم الوكيل واتصلت على خدمة العملاء بيقولو هنرجعلك الفلوس فى فى خلال سبع ايام عمل,Negative
d31aea2b-057b-4bc0-8c98-2afe41247659,Amazon,E-commerce,1,2026-03-17,حرامية من ساعت لما عملوا الدفع بالفيزا ومفيش دفع عند الاستلام والحاجات مش بتوصل المندوبين بياخدوها ويكتبوا انهم سلموا للعميل والعميل مستلمش اى حاجة كذا مرة يعملوها معايا بكون دفع تمن الحاجة بالفيزا والحاجة مش بتوصل المندوب بيسرقها ويكتب انه تم التوصيل ليا وانا مستلمتش اى حاجة ولا حد اتواصل معايا اصل يعنى المندوب بياخد الحاجة حتى من غير مايرن على,Negative
f2a1f649-e74c-4f49-af85-4bf775b60eb1,Amazon,E-commerce,5,2026-03-17,excellent,Positive
ee647fce-63eb-4252-9975-aa2ccadedcf7,Amazon,E-commerce,1,2026-03-17,برنامج سيء جدا كل اطلب اوردر يلغيه ويخصم من الفيزا برضو ويقولي تابع مع البنك,Negative
13ebd6b6-bca5-421f-815d-4d51bb8069c8,Amazon,E-commerce,5,2026-03-17,جميله 💖,Positive
5eb61c02-5eb5-4f65-81b6-11ef6d437190,Amazon,E-commerce,5,2026-03-17,صراحه ممتاز جدا افضل طبيق في امانه وصدق الحمدلله اطلب منهو من 2023 لي الان ما شوفت منهم شي ال الخير يارب في هذا الشهر الكريم تحفظ جميع موظفين امازون وكل من يعمل فيها يارب شكرا جزيلا,Positive
eddd07f2-5f41-4ca5-b573-fca78b40e3ee,Amazon,E-commerce,4,2026-03-16,GoooD,Positive
fc810488-9b18-40b2-b27b-e995a1673e3b,Amazon,E-commerce,1,2026-03-16,مناديب امازون مش بتحب توصل الأوردرات للعميل عوز العميل يلف عليه عشان ياخد الأوردر بتاعه ويقوم بإلغاء الطلبات لحد دلوقتي طلب منتجات ثلاث مرات والمندوب يقوم بي إلغائه شكرا,Negative
1a6634d7-a028-4549-9dc0-5d65a4da5434,Amazon,E-commerce,4,2026-03-16,التطبيق بقى تقيل جدا,Positive
f4337beb-481b-4f34-91ab-f41b5d91e4c0,Amazon,E-commerce,5,2026-03-16,ممتاز,Positive
8845cd56-4109-4924-869c-ac996d5d0969,Amazon,E-commerce,1,2026-03-16,اسوء موقع واسوء شحن تجربة زبالة,Negative
f3ff0c88-f6a2-456b-b5c4-c20d7a69db6d,Amazon,E-commerce,5,2026-03-16,احسن خدمة,Positive
8965877a-cad5-4d82-b26e-6285f2057522,Amazon,E-commerce,5,2026-03-16,رائعة,Positive
3a05b328-b8b9-4fb9-abb5-3996d1675dd9,Amazon,E-commerce,5,2026-03-16,جميل جدا ولديهم عروض مميزة,Positive
fdb8fdbf-a4ac-408b-8ff2-5cdd9e81e58f,Amazon,E-commerce,5,2026-03-16,احسن تطبيق في التوصيل,Positive
95008441-688c-41af-8232-3985f9454add,Amazon,E-commerce,5,2026-03-16,ممتازة جدا,Positive
e9f676b3-8296-47f8-9672-b1d206bd510e,Amazon,E-commerce,5,2026-03-16,ممتاز بس اليومين دول فيه حاجات غريبة ومستغربه علي ادارة امازون وقرارات تعجيزية ووووو هو الادارة اتغيرت ولا ايه. ولكن هناك نقطة مضيئة تجعلني متمسك بالتعامل مع امازون وهو شباب وشابات خدمة العملاء ادب وسعة صدر واصرار علي حل المشكلة.,Positive
82e74cb4-39fe-4884-bdfb-24edf36aaced,Amazon,E-commerce,4,2026-03-16,ممتازه,Positive
60481b77-fb21-4f23-b222-94493c31276e,Amazon,E-commerce,5,2026-03-16,افضل برنامج,Positive
f48377c4-169f-46c9-b496-8282188cf1e3,Amazon,E-commerce,5,2026-03-16,ممتاز,Positive
5b58c185-aaf7-489d-abed-d0b7ce0cafc5,Amazon,E-commerce,1,2026-03-16,لا يعمل يخرجني من التطبيق فور دخوله لا اعلم السبب,Negative
cbb781d7-79f8-4b92-9305-4b74eaab03fa,Amazon,E-commerce,1,2026-03-16,خدمة عملاء كلها حوارات مش سالكين خالص والمنتجات بتوصل مسروقة ومش بيقبلو فيزا مش باين انهم عالميين دول شوية نصابين محسبين نفسهم حاجه مش بيعرفو يفحصو المنتجات قبل الارسال للعميل اسهل ما عندهم ابعت واعمل استرداد وبعدين يتقفل عليهم خدمه الدفع لان كل بوابات الدفع مش حتثق اساسا في شركه مليانه مرتجعات بزيادة كده انا شوفت تطبيقات متاجر ترفض توصيل المنتج فقط بسبب عدم استطاعة اثبات انه شغال مش زي دول يبعتو منتجات بايضة ويسرقو لماتطلب كرتونه اقسم بالله كيس فسدق 60 جرام وصل مقطوع وفاضي والبائع امازون مش حد!,Negative
fe9d7129-5862-4c14-ab04-f8a8b3d18eba,Amazon,E-commerce,5,2026-03-15,👍🏼,Positive
11986a54-845a-48e4-b49e-861d674b15a5,Amazon,E-commerce,1,2026-03-15,نصابين والموظفة تقولي عدلي التقييم لما رفضت وطلبت منها مساعدة في حل مشكلتي وان هدفي مش اذيتها انا عاوزة حقي وهي تساعدني في حل مشكلتي قالتلي التقييم ده مش هيوصلك لحاجة 👎👎👎👎,Negative
acfbb84e-4246-42c9-a078-fc59105294c9,Amazon,E-commerce,1,2026-03-15,شركة أصبحت زبالة بمعنى الكلمة وخدمة عملاء سيئة ويدخلوك فى حوارات ويلغوا الأوردرات من نفسهم وحاجة فى منتهى التطاول وكمان متعرفش تكلمهم,Negative
6dc3295e-f503-4a70-b3c3-f00a8ff8208f,Amazon,E-commerce,2,2026-03-15,بتمنى يكون في توصيل الاردن,Negative
a57b7abf-e6eb-483d-8119-4c7007db6ec9,Amazon,E-commerce,5,2026-03-15,ممتازة,Positive
76f16f2c-504b-4a01-ae74-09c0fd53795a,Amazon,E-commerce,1,2026-03-15,لا أستطيع الشراء بعد التحديث الاخير,Negative
10a52a3b-ead5-4ca3-86f4-fd85d2738ee3,Amazon,E-commerce,5,2026-03-15,رائع,Positive
d00c9298-3d18-4548-b3b8-79313c4fdfe3,Amazon,E-commerce,4,2026-03-15,جيد جدا,Positive
f9f2a53e-1b06-4029-96d9-139f179b1809,Amazon,E-commerce,5,2026-03-15,جميل,Positive
3bc2b575-ef83-4e48-ba65-b2da22c0bd22,Amazon,E-commerce,5,2026-03-15,جيد,Positive
9b75ebb7-841e-46fa-a4cb-a81b5db06e83,Amazon,E-commerce,5,2026-03-15,جميل,Positive
35110e18-0d07-4f24-b389-1b2c72ae9b1e,Amazon,E-commerce,1,2026-03-14,سيئ جدا,Negative
e07b8a02-503b-4a3d-9631-d3101f8e1fd8,Amazon,E-commerce,5,2026-03-14,انه افضل موقع تسوق في العالم,Positive
863a9a6b-a335-4175-8fc6-a7f420d04ee3,Amazon,E-commerce,1,2026-03-14,صراحة اتمنى تطوير الموقع وجعله اكثر سلاسة في الاستخدام تجربتي سيئة جدا في الاستخدام وتم حذفه هناك تطبيقات افضل,Negative
d385dce2-48e3-4d78-8c82-250b90a70e3f,Amazon,E-commerce,1,2026-03-14,تجربه سيئه جدا يعني ان اشتري قطعه ويجيلي الاوردر متكسر اعمل ارجاع لحد دلوقتي ثلاث اسابيع ما حدش جاء ولا فلوسي رجعت ده استهتار ومهزله عشان ترجعلي فلوسي افضل مستني الوقت ده كله الاداره فاشله تطبيق فاشل ومندوبين اي كلام مع ان سبب الارجاع مش من عندي انا وصل لي اوردر متكسر حسبنا الله ونعم الوكيل بندفع الفلوس برضانا وابن خدها بعد ما يطلعوا عينينا,Negative
297ddfd1-bc59-496b-85e8-662e45b27386,Amazon,E-commerce,5,2026-03-14,ممتاز,Positive
5d69714d-cad1-4adb-b10c-37958b738516,Amazon,E-commerce,1,2026-03-14,طلبت عدد 2 مضرب نسكافيه وبفتح الطرد لقيته مضرب 1 واحد بس وعملت طلب مرتجع ومحدش اتواصل معي الي الان,Negative
e87d91c3-cc02-4ea6-b724-c00519875ecd,Amazon,E-commerce,5,2026-03-14,افضل شركة توصيل الكتروني,Positive
6f3bf2e3-85f8-4319-bd7b-90e0b38913c9,Amazon,E-commerce,5,2026-03-14,"It's absolutely beautiful, with amazing things, and the staff are incredibly helpful. I swear, I buy it every time! Wow, wow, wow, wow, wow! I can't believe this is such a fantastic program! Goodbye! 😉",Positive
fcd1b0db-33b9-42b6-8582-de05021e4d72,Amazon,E-commerce,1,2026-03-14,too much delay in delivery,Negative
32ba8650-5093-409a-8f50-bfb730ecaeb4,Amazon,E-commerce,5,2026-03-14,جميل,Positive
19b63836-b213-4855-b770-5fe5417d6da4,Amazon,E-commerce,5,2026-03-14,بصراحه التطبيق ممتاز جداً وعاوز اشكر خدمه عملاء امازون وانصح الناس أنها تستخدمه ❤️,Positive
cfe5206a-1fec-4b16-81e1-08cfbc716fed,Amazon,E-commerce,5,2026-03-14,احلي تجربه,Positive
482b0194-c58e-40ae-b62d-ad1d68b00c45,Amazon,E-commerce,5,2026-03-14,ممتاذ ويوفر وقت وجهد للتسوق,Positive
a8de1087-ebe6-4d0e-b564-abbed59be457,Amazon,E-commerce,1,2026-03-14,بقالي اسبوع الدفع عند الاستلام مش شغال عندي خدمه سيئه,Negative
90e45953-4d7f-4172-b667-69ff27692800,Amazon,E-commerce,5,2026-03-14,ممتاز المعاملة والمواعيد والأمانة وسرعة التوصيل,Positive
45c01f97-252f-4726-9e38-9375d57248f9,Amazon,E-commerce,5,2026-03-14,good 💯😊,Positive
5a935f8d-a328-48e1-9c74-c7ab2a7458e5,Amazon,E-commerce,4,2026-03-13,رائع جدا جدا جدا جدا ومفيد,Positive
5ac7ebf0-9265-41b4-a416-ac6912ac90d9,Amazon,E-commerce,5,2026-03-13,ممتازه,Positive
aa50c81f-d411-4ff6-b4ae-e7810038ad30,Amazon,E-commerce,1,2026-03-13,خدمة العملاء سيئه جدا مايفيدونك بشي حرفيا طلب منتج سعره ٦٥٠٠ من امازون المانيا وانتظرت شهر ونص ماوصل وكلمت الدعم قالو كنسل الطلب ولا فيه اي تعويض طلبت نفس المنتج بسعر اغلى ٧٢٠٠ من امازون أمريكا وانتظرت ٨ ايام وكلمت الدعم قال يوصل بعد شهر و٢٠ يوم مو اكيد بعد ممكن يتكنسل ومافيه تعويض لاحد يضيع وقته معهم شفلك متاجر ثانيه غير هذا,Negative
869ffc53-a86a-421f-8bb2-dc7ac59628ec,Amazon,E-commerce,5,2026-03-13,ممتاز,Positive
e61cf36e-59ed-4826-8aaa-408f95e05e93,Amazon,E-commerce,5,2026-03-13,جيد جدا,Positive
06b5aead-fa79-491b-b6ff-36dc17b99590,Amazon,E-commerce,1,2026-03-13,زباله,Negative
41e5fcde-8d53-4ae2-8589-90eb443f225e,Amazon,E-commerce,1,2026-03-13,اسعار ومش حلوه,Negative
cc3c2da6-2817-473a-beb1-2e8e09021d5b,Amazon,E-commerce,5,2026-03-13,أنه رائع جدا و انا اعتمد عليه في أي تسوق و معاملتهم مؤدبه جداً و انا لا أرى اي عيوب في هذا التطبيق 💗,Positive
a2cc9aae-b490-4ae6-8927-48b0cfd2627d,Amazon,E-commerce,5,2026-03-13,تجربه اخيرة,Positive
29b8a769-48b2-4386-843c-2c3c0e4066c4,Amazon,E-commerce,1,2026-03-13,اسوأ خدمة عملاء بعد كيتا,Negative
dbc1b722-dd42-459f-bd91-27247083fde8,Amazon,E-commerce,1,2026-03-13,ميقبل مع الدفع عند لاستلام سيا اغلب الناس لا يمكنهم الدفع عند الاستلام,Negative
a16d63fd-9c56-44c3-8548-2e1c7dc89e23,Amazon,E-commerce,5,2026-03-13,ممتازة,Positive
02daa6af-a27a-4d83-b295-11a5e5a05081,Amazon,E-commerce,5,2026-03-13,من انضف الحاجه واحسن التعامل,Positive
a4d57dc6-d4b7-4bdd-ab71-39cac505cbb9,Amazon,E-commerce,2,2026-03-13,لا استطيع الدفع بأي وسيلة ؟!,Negative
f4a54eb3-77f0-4193-966e-69cfe8de8fa8,Amazon,E-commerce,5,2026-03-13,اسعره رخيصه,Positive
64c1a7d4-d462-451b-9e9a-1d2536bcef26,Amazon,E-commerce,1,2026-03-13,اول و اخر تجربة لي في امازون ، احتجت ٧ ايام عشان اعرف ان شحنتي حاتوصل بعد شهر او شهر ونص مع اني اتصلت عليهم بعد يومين من الطلب وقالي بتوصلك بعد يومين، و بعد الغيت الطلبية لي ٧ ايام مارجعو الفلوس للحين,Negative
51b571a0-e6bf-4c53-90f9-bf9fe009359b,Amazon,E-commerce,1,2026-03-13,👎,Negative
a82cfa5c-d2e5-429d-8383-a8ef2d43f7ba,Amazon,E-commerce,5,2026-03-13,جميل,Positive
5c156c9d-cf6d-4d18-a413-884ae425a77a,Amazon,E-commerce,5,2026-03-13,نايس,Positive
3ed03b0c-b258-4318-99d1-848b10d5710b,Amazon,E-commerce,5,2026-03-13,ممتاز جدا رائع جداً انصح بتجربته,Positive
e258011e-c682-4a30-8e0c-4f59b54998a6,Amazon,E-commerce,1,2026-03-12,مش حلو وكل الاوردرات جت فيها غلطات و فلوسي راحت عليا ومش عارفه اخدها مطلعين العيب في البنك,Negative
9a5f346c-639c-49bc-be88-cb90668c5991,Amazon,E-commerce,5,2026-03-12,شكران,Positive
b684ca5d-e767-4e98-8d1c-f147e4a53cf2,Amazon,E-commerce,5,2026-03-12,خيالية,Positive
b35438ae-69d5-4771-a150-1326458a510d,Amazon,E-commerce,5,2026-03-12,جميل جدا,Positive
9d0819c1-00ca-4254-a532-109cc4cae908,Amazon,E-commerce,1,2026-03-12,التطبيق مش راضي ينزل علي الموبايل بيقولي لا يتوافق,Negative
5f6d8f4c-7684-4102-ac19-982c81a1fb5d,Amazon,E-commerce,5,2026-03-12,هذا التطبيق رائع جدا انصح الجميع استخدامه,Positive
aed06a67-8632-4158-9d22-1b40f1c79064,Amazon,E-commerce,5,2026-03-12,فقلء,Positive
58f6769c-f27f-4fdb-b0ac-1e875c50ad1f,Amazon,E-commerce,1,2026-03-12,انا بتعامل معاكم دائما من زمان بحب امازون بس بيطلب مني دائما الدفع اونلاين مش عند الاستلام انا مش معايا فيزا انتماءيه عايز ادفع نقدي عند الاستلام زي ماكنت بعمل في الاول ليه لغتوها,Negative
0d9862f5-19cf-4e31-9c29-4513e3ff3091,Amazon,E-commerce,4,2026-03-12,تمام 👌,Positive
6b6103d0-9913-42e5-bdc0-a1f81e3eaef1,Amazon,E-commerce,1,2026-03-12,القائمين على خدمة العملاء مش بيحبو اللي بيطلب حقه ولا بيحبو اللي بيعمل مرتجع ولا حتى مره واحده . يعني لازم تشتري من غير ما ترجع حاجه عشان يحبوك . مش مراعيبن أن السلعه مش مكتوب مواصفاتها مظبوط وان الصوره غير الحقيقه.,Negative
92cc5f3a-1679-487d-a5c1-721577daf78e,Amazon,E-commerce,3,2026-03-12,جيد,Neutral
290f81ec-a61d-4a6f-be14-aeac934948b3,Amazon,E-commerce,4,2026-03-11,مش متاح خدمه الدفع عند الاستلام في جميع الاوقات,Positive
411e8021-ac2f-44e6-b0e9-0d98b6a48d1e,Amazon,E-commerce,1,2026-03-11,سيء للغاية اشتريت منتجين ومش عارف ارجعهم بسبب الشخص اللي سلمني المنتجين وكلمتهم كل شويه يقوله24 ساعه ومفيش حاجه بتتحل نصابين,Negative
467e66f5-4dd4-4495-9642-67ef0556d909,Amazon,E-commerce,5,2026-03-11,جيد,Positive
c2285563-8392-4052-9598-f9fd694f8987,Amazon,E-commerce,1,2026-03-11,لا يدعم الشحن لاغلب البضائع و نصاب يأخذ منك فلوس الاشتراك بدون اي فائدة ولا يوجد دعم طريقة التواصل مع الدعم معقد وليس في متناول اليد و دائما مشكلة ورا مشكلة,Negative
80cde45e-cb8d-4ab3-b064-c0b953363bc8,Amazon,E-commerce,1,2026-03-11,والله اني دفعت حق التوصيل السريع ووصل المندوب عند الباب وماوصلني رمز الotp وسحب علي وخدمة العملاء مافيه اسوء منهم بس يتعذرون بدون اي حلول واذا طفش منك حولك على موظف اخر وهاكذا بالساعات لا حل ولا تعويض ولاهم يحزنون,Negative
5160c745-64ea-4d4b-b77f-9fb5306c0af5,Amazon,E-commerce,1,2026-03-11,الدفع عند الاستلام مغلق وحاولت بكل الطرق فتحه ولا نتيجة,Negative
e1f704fe-a0e3-45f1-9a6b-902eb736d786,Amazon,E-commerce,5,2026-03-11,تطبيق جدا رائع و فيه مصداقيه ترضي الجميع,Positive
90dd079d-ae1e-45e5-9f94-1994e16ea11b,Amazon,E-commerce,1,2026-03-11,اوسخ تطبيق بيبعتوا الحاجه حتى لو انت مسحتها,Negative
94adbe2f-f70f-4154-9fd3-173e509c3ef0,Amazon,E-commerce,1,2026-03-11,اسوأ موقع اتعاملت معاه ولا يوجد مصداقيه ابدا وفاشلين في كل شئ,Negative
4a48009a-5684-42fe-902a-d2ed85ae028f,Amazon,E-commerce,5,2026-03-11,جميل وسلس,Positive
a02e3557-c27b-428c-b613-3167b4e52909,Amazon,E-commerce,1,2026-03-11,تجربه سيئه جدا جدا تتضمن علي عدم الالتزام و الاهانه للعميل والضرر بالعميل...وانا غير راضي تماما عن هذه المعاملات,Negative
10899a4d-7175-4742-bf7b-2d62aaa9bdb5,Amazon,E-commerce,5,2026-03-11,جميلة,Positive
16242356-523b-4480-bc1c-5171fe46d17d,Amazon,E-commerce,1,2026-03-11,يوصلون كلشي لحال اتمنى توصلون كل الطلبيه مرا وحده ذا الشي مزعلني منكم والفساتين يعني,Negative
8037aafd-3d4e-4691-a926-8a8854780f8d,Amazon,E-commerce,2,2026-03-11,بصراحة برنامج جميل ولكن في الاخير لم استطيع الشرا لم يوجد خيار دفع عند الاستلام رغم كان أول موجود وهذا شي موووئسف جد,Negative
78c8aa27-19f2-454b-a72e-bc4823a1e201,Amazon,E-commerce,5,2026-03-11,ممتاز وخدمة سريعة 👍,Positive
023b5358-0f85-4abf-be32-27d55c9ac984,Amazon,E-commerce,1,2026-03-11,تطبيق سي جدآ لا انصح فيه خدمة العملاء سي جدا,Negative
126bbe49-0452-4535-aac3-885ea053d174,Amazon,E-commerce,5,2026-03-11,ممتاز,Positive
41627fe7-9bc9-454a-a9fc-e5176b76af22,Amazon,E-commerce,5,2026-03-11,مميز,Positive
da2bacb1-02ea-4770-9833-4b0bc1c087e7,Amazon,E-commerce,1,2026-03-10,لماذا لا توجد الدفع في مركز استلام,Negative
5a8a8f87-89d3-455c-8fad-f832f49284d7,Amazon,E-commerce,5,2026-03-10,تحفي,Positive
e657045b-bc42-44f9-ac48-a4915e2b0508,Amazon,E-commerce,5,2026-03-10,ممتاز,Positive
84b3fdfb-ce84-46b1-9753-1ea8ea7ed326,Amazon,E-commerce,3,2026-03-10,هو تطبيق حلو بس كل اللي عليه علي اوي,Neutral
c974906c-60d4-485e-855e-581c59671b0d,Amazon,E-commerce,5,2026-03-10,لا يمكن الاستغناء عنه,Positive
3e43f490-3ea6-44b3-a1cb-08da379c0215,Amazon,E-commerce,5,2026-03-10,ممتاز جدا,Positive
a3fe96c3-6e94-406e-a978-56bd13a9f2e7,Amazon,E-commerce,5,2026-03-10,gut,Positive
c5a7e119-d962-477d-a483-2f7b2d9e6ea0,Amazon,E-commerce,3,2026-03-10,اصبح الشراء معقد مع كثرت التحديثات التي ليست ذات قيمة .,Neutral
5d25edfa-caf7-4734-88d5-91c7734166e4,Amazon,E-commerce,5,2026-03-10,very good,Positive
e0acb938-a08b-496c-90b2-266f2320ceea,Amazon,E-commerce,1,2026-03-10,ليس جيد بمصر خلي بالكم و كمان جمارك لو هاتشتري إبرة صغيرة بجنيه هتدفع ١٠٠ج دا للعلم من مصر أرخص و كمان هتشوف المنتج بعينك أو من أي مكان أو أي برنامج اخر متاح بمصر احسنلك,Negative
727aaae1-8499-4d04-83b1-3e32458957e0,Amazon,E-commerce,1,2026-03-10,سئ,Negative
e4320bcd-057c-4876-b5b5-571b6a3a4598,Amazon,E-commerce,5,2026-03-10,برنامج ممتاز اقسم بالله ❤️❤️,Positive
14b2867d-e0b7-425f-8b56-0756655793b6,Amazon,E-commerce,5,2026-03-10,برنامجك مفيد اطلب منه مل ما اريد,Positive
12f5ca6f-91b0-485f-a53f-ff65aaf2f189,Amazon,E-commerce,1,2026-03-10,اسوء خدمة عملاء علي الاطلاق,Negative
ef5e20c5-0b1e-436a-ad5e-7b5e41a4fb8a,Amazon,E-commerce,1,2026-03-10,اسوء شركة اونلاين في مصر .. الاوردات غالية الثمن مش بتوصل ويرسلوا مكانها طوبة أو اي شئ ليس له قيمة,Negative
859831b8-79a1-4288-a785-3cf0dd966cd4,Amazon,E-commerce,5,2026-03-10,التطبيق حلو اوي اوي اوي,Positive
1b6084b4-9747-4421-949d-b9d54301c183,Amazon,E-commerce,5,2026-03-10,برنامج ممتع للغاية وسهوله في التسوق,Positive
360a2836-b14d-4cc5-be9b-4766c20ce703,Amazon,E-commerce,5,2026-03-10,تحت التجربة بالنسبة لي,Positive
3f1bbf76-77a1-458d-904a-967b5bd903cb,Amazon,E-commerce,1,2026-03-09,ازبل منصه في الاونلاين خصوصا في السعوديه ومصر,Negative
992d63f6-9b07-4770-b4d7-a9fdd84bdf32,Amazon,E-commerce,5,2026-03-09,جيد جدا,Positive
1a4daf0f-f884-491b-bcd5-1fa7aaeac909,Amazon,E-commerce,1,2026-03-09,امازون سيء جدآ لى انه اتأخر فى تسليم الطلب بقالو ٥ايام ما جاب الطلب,Negative
549df059-55e2-4093-8bf2-b4ebf8b4f28c,Amazon,E-commerce,5,2026-03-09,ممتاز جدا,Positive
7ecb9b46-2c01-4a43-9617-1cf28ee02a45,Amazon,E-commerce,5,2026-03-09,جيده,Positive
9fd3242e-f313-4605-bc78-378fdf5eb766,Amazon,E-commerce,3,2026-03-09,جيد,Neutral
e90c62f2-c99b-4786-b261-55a7a2ed13cc,Amazon,E-commerce,5,2026-03-09,ممتاز جدا,Positive
0b08fb03-eb02-46cc-a22a-3b6601d16271,Amazon,E-commerce,5,2026-03-09,جميل,Positive
dea5f8f8-a78d-4677-94f1-9da5c79dea10,Amazon,E-commerce,5,2026-03-09,Sher gut,Positive
726c1fd7-c31e-49b3-be1d-b2d1349fa3d2,Amazon,E-commerce,1,2026-03-09,لا استطيع تسجيل حساب جديد كل ما اسجل يقول تم اكتشاف خطاء لا يمكن التسجيل والتنقل بين الصفحات بطيئ جداً وعند النقر على صفحة حسابك لا تظهر الا بعد ساعة ثم ويقول عذرا لقد حدث خطأ هناك مشكلة في الصفحة وبقية النوافذ بطيئه جداً يا تصلحو جميع الاخطاء يا تبطلو تحديثات على الفاضي بدون اصلاح الاخطاء,Negative
2053307f-3ac5-4ba3-9522-83a2c41fc821,Amazon,E-commerce,5,2026-03-09,تطبيق رائع وتوصيل سريع وجوده حلوه وفيه كل شي تتمنيه🌹 شكرا امازون على التوصيل المدهش بسرعته!!,Positive
da2ec8d8-a99c-4c48-aa55-0bd9008c15cc,Amazon,E-commerce,5,2026-03-09,من احسن التطبيقات الى تعاملت معها,Positive
82bce5bb-ae63-497d-a32c-7b0cff2cd764,Amazon,E-commerce,5,2026-03-09,تطبيق محترم ومنتج محترم,Positive
18a6aecf-50ca-4560-a507-1e50398333d6,Amazon,E-commerce,4,2026-03-08,نعمل حاجه حلوه هذا المطلوب ااااااااااااا فضل شي في التلفون انا اشكارك,Positive
4fe03edb-9676-42f5-9358-8c673a9ab212,Amazon,E-commerce,5,2026-03-08,التطبيقات 👍,Positive
cae42307-81f8-4b20-9a9b-93742de4d0e4,Amazon,E-commerce,5,2026-03-08,كويس,Positive
d8290482-9047-469f-9e78-9ddf3061434d,Amazon,E-commerce,2,2026-03-08,٧هنت.؟,Negative
77af9b5c-ba07-4f39-9202-6473af01de59,Amazon,E-commerce,5,2026-03-08,تعاملت معه ممتاز جدا,Positive
63d3b087-f8b9-4708-80c1-9cf98e514c49,Amazon,E-commerce,5,2026-03-08,حلوه,Positive
fee7079e-c0ce-427e-bda3-78dae20d4882,Amazon,E-commerce,5,2026-03-08,ممتاز جدا,Positive
1648b1aa-257e-4bb1-ad21-463d25f892ee,Amazon,E-commerce,5,2026-03-08,ممتاز,Positive
20c5a888-4c94-4ada-9898-27e24ef04f3a,Amazon,E-commerce,5,2026-03-08,جيد,Positive
31439229-0860-4bd8-9716-ae304ee09a60,Amazon,E-commerce,1,2026-03-08,نصابين,Negative
b68018ef-70f2-4fdc-b3b8-df8035f2fb0e,Amazon,E-commerce,2,2026-03-08,وحش بمجرد ما رجعت منتج تالف منع الدفع عند الاستلام وبيجبرنى ادفع فيزا,Negative
1a2b82f0-9480-44b6-a957-c0975683f083,Amazon,E-commerce,1,2026-03-08,مقاطعه,Negative
09e03ae0-09d3-4053-afa8-af067944ca10,Amazon,E-commerce,3,2026-03-07,سىء عند توصيل الطلب يقولون بان سياسية الشركة توصيل الطلب الى الدور الثالث فقط ولن اتعامل معهم لانى اسكن فى الخامس,Neutral
285d4cc3-589c-4fc6-842d-c9b4caab7791,Amazon,E-commerce,1,2026-03-07,شركه رديئه جدا تحت كلمه شعبي سواقين الدليفري قلالات الادب مناديب بتشتم وبتبلش ومعايا الاسكرينات,Negative
8fb97c7e-c974-49be-a440-402ab0cbe485,Amazon,E-commerce,5,2026-03-07,ممتاز جدا,Positive
4a888f13-155c-43f2-9ba0-7f05d1109670,Amazon,E-commerce,1,2026-03-07,تطبيق سيء جدا ومناديب الشحن اسلوبهم سيء ف التعامل اكتر من مره اطلب اوردر ومندوب الشحن يلغيه بدون الرجوع ليا ويدعي ان لا يوجد رد من العميل حتي خدمه العملاء عند الاتصال والتواصل للمساعده لا يوجد اي رد فعل منهم او ايجاد حل للمشكله بجد تجربتي معاه سيئه جدااااااا لا انصح بتحميله حتي النجمه الواحده لا يستهلها,Negative
1a24637f-2104-40b7-a480-cd658a9c7e7d,Amazon,E-commerce,5,2026-03-07,تمام قرر،,Positive
cd1b5cfb-0c57-4e89-9572-a8213b78e29c,Amazon,E-commerce,5,2026-03-07,افضل برنامج تسواق في العالم,Positive
a68e8c58-6992-499e-9e64-0abe98e4eb5d,Amazon,E-commerce,5,2026-03-07,تطبيق جيد وخدمه عملاء ممتاز,Positive
1e5a0511-f620-410e-a4d4-951f6012f81b,Amazon,E-commerce,5,2026-03-07,ممتاز,Positive
4153b9ff-3624-4ada-aae3-ab814d2dc07c,Amazon,E-commerce,1,2026-03-06,تطبيق سيء لشركة سيئة لاتهتم أبدا إلا بالربح خدمة زبائن سيئة ومضللة لايوجد رقم هاتف واضح فقط محاولات تجعلك تبتعد عن التقييم وتجعلك تستسلم للأمر الواقع بصراحة كل المتاجر الإلكترونية أفضل منه وغالبا بضاعة مشابهة بنصف السعر وبجودة أعلى,Negative
0398cf85-039d-47a8-896b-ce9dd50c7527,Amazon,E-commerce,5,2026-03-06,مش اصل مش راضي يدخلني,Positive
c66ea9e3-80ab-4dbc-a7bb-e06e75520fee,Amazon,E-commerce,4,2026-03-06,جميل,Positive
255154b2-b527-445a-b6b9-f7b5357ba837,Amazon,E-commerce,3,2026-03-06,ممتاز,Neutral
89fdb9fc-138a-429f-bb36-c60b9ad87c50,Amazon,E-commerce,5,2026-03-06,جميل جدااااااااا,Positive
10d2c689-8da0-49da-8786-7d4bf8daa01d,Amazon,E-commerce,5,2026-03-06,رائعه,Positive
a0f9e110-9aec-41ef-9ddc-16f656381457,Amazon,E-commerce,5,2026-03-06,غاى لظ,Positive
42ed63e7-67cd-4b12-b2ef-ceb1185d206b,Amazon,E-commerce,5,2026-03-06,جدا جدا جميله تجربتي مع امازون,Positive
b2147e2b-cb1e-4520-907c-e01694fe5a90,Amazon,E-commerce,5,2026-03-06,جيد,Positive
46bf383f-7af5-4fcf-ac57-81491bfd2826,Amazon,E-commerce,5,2026-03-06,ممتاز,Positive
567d8668-0c8d-42e2-b6db-670cae37f1a2,Amazon,E-commerce,5,2026-03-06,جيد,Positive
8fa0d77a-506f-4881-b92b-1f03dbcf5caf,Amazon,E-commerce,5,2026-03-06,تجربة جيدة,Positive
57a2a12c-1c21-45e0-a729-a64ddaad212f,Amazon,E-commerce,5,2026-03-06,رئع جدا,Positive
2d45d01f-8dd5-4572-bb36-8d2e9d86f975,Amazon,E-commerce,5,2026-03-06,ممتاز ولكن قبل ما تطلب اي شيء تأكد من البائع,Positive
108d6fba-c24e-47d7-85c8-780c17c9af1e,Amazon,E-commerce,1,2026-03-05,برنامج زباله منتج يجيني غير ال طلبه خالص نجمه حتا خساره فيكم,Negative
a27d5979-49da-49c3-8876-3240e7cb09de,Amazon,E-commerce,5,2026-03-05,Exllenet,Positive
66cb6677-9c74-4a53-924f-fe3c064902d1,Amazon,E-commerce,1,2026-03-05,"I want to file a complaint about a product I purchased. I bought a pair of football boots. The boots come as two separate pieces: one for the right foot and one for the left foot. They only sent me one piece, the right foot. Of course, I can't use the boots with just one piece.",Negative
e000f515-b528-423b-a54d-e5b924f679ed,Amazon,E-commerce,5,2026-03-05,ممتاز,Positive
a8f4ed0b-e181-4e54-bdbc-53d3b8091b16,Amazon,E-commerce,4,2026-03-05,تالفتن,Positive
cb10d49f-b402-435e-88c3-41cf513116a8,Amazon,E-commerce,1,2026-03-05,تحربه سيئ جدا مفيش تواصل الاوردر قبل ميوصل بيتلغى ومتعرفش السبب ومش عارف تتواصل معاهم,Negative
34094a35-fb12-4779-a97e-383272032e86,Amazon,E-commerce,1,2026-03-05,سيئ جدا ومعامله زباله,Negative
f702b694-ec27-4e39-9481-0c0883737646,Amazon,E-commerce,1,2026-03-05,سيئ و غير صادق و غشاش,Negative
ca6d090b-df98-45f1-b423-6a5789f2baa5,Amazon,E-commerce,5,2026-03-05,رائع جدا,Positive
fe92ae64-7f4e-46ba-9c3e-3a3397e05acf,Amazon,E-commerce,1,2026-03-05,امازون من اسوء تطبيقات التسوق مقدم طلب استرجاع من يوم 11 فبراير وللأن ما وصلني منهم اي ايجابيه ودخلت فثاني شهر وتابي بتطالبني بدفع الدفعه الثانيه ومش دافع علي حاجه مش عايزها والجوال زي ما هوا في الكرتونه الخاصه بيه لا انصح علي الإطلاق التعامل مع امازون تجربه اسوء من السيئ وحسبي الله ونعم الوكيل,Negative
4e800fd1-2258-426f-b202-4001dff933f4,Amazon,E-commerce,5,2026-03-05,جميل جدا,Positive
5e70bd50-807f-4c9c-8e52-28849f3dfe8f,Amazon,E-commerce,2,2026-03-05,Ň😭😭😭,Negative
ac1b1cd7-2a16-43e4-8faf-bc0d380c07e6,Amazon,E-commerce,1,2026-03-05,طالما دفعت اون لاين يبقى مندوب التوصيل بيرمي الطرد لأي حد من غير ما يتأكد من هويته رغم ان خدمة العملاء سريعة الاستجابة والفلوس مش بتضيع عليك ولكن حلني وتعد تستنى الفلوس ترجع لمدة أسبوعين أو المنتج يجيلك بعد ١٠ ايام تاني واحتمال يرجع وماتستلمش حجاة وللعلم الكلام ده اتكرر اكتر من مرة,Negative
852fa9ba-2c9c-4f66-8a15-426f23542b3f,Amazon,E-commerce,5,2026-03-04,ممتاز,Positive
58bb96c7-6567-4268-9642-95bbf0ce8f61,Amazon,E-commerce,5,2026-03-04,ممتاز,Positive
cf1db6e8-364b-46e6-91ad-5251e209c759,Amazon,E-commerce,4,2026-03-04,افتحوا الدفع عند الاستلام....... ياخي افتحوووو الدفع عند الاستلام.. لااله الاالله وحده.. لان مو الكل عنده بطاقه.. افتحوووو الدفع عند الاستلام..,Positive
e7c0a408-8030-4393-8cd7-730d9e6b9338,Amazon,E-commerce,1,2026-03-04,لايوجد عروض,Negative
708bc146-daf0-44b0-b98e-6a0c4c7ab09f,Amazon,E-commerce,1,2026-03-04,سيء جدددددددددددددا 👎👎👎👎👎👎👎👎👎👎👎👎👎👎👎👎👎👎,Negative
4eb55898-c408-46fe-81ee-dab5b243b9cf,Amazon,E-commerce,1,2026-03-04,تجربة سيئة لتاني مرة اطلب اوردر وميوصلش وتحصل فيه لخبطه من شركة الشحن والمنتج مستلمهوش ومفيش أي تواصل علشان أقدر أحل المشكلة لا ف تواصل تليفوني ولا خدمة رسايل كله غير متاح ولا ف بند شكوى حتى,Negative
5139aee2-c3d0-4a5a-9435-1dcfe21f51c3,Amazon,E-commerce,5,2026-03-04,Good,Positive
2f9e5676-0bdf-4317-bf73-ba881014a1f1,Amazon,E-commerce,5,2026-03-04,تجربه را٦,Positive
1ead8da0-ac19-415f-a594-66318125dc53,Amazon,E-commerce,1,2026-03-04,متجر بايخ وتوصيل اسو من الاسوا,Negative
bf7279a9-a9f3-4e21-a717-70efcdd22ecb,Amazon,E-commerce,1,2026-03-04,اريد حذفه,Negative
e4fad408-65a5-416a-8521-62f57c2088f2,Amazon,E-commerce,1,2026-03-04,خيار الدفع نقداً عند الاستلام لم يعد متاحاً كالسابق لقد كنت اتعامل بهذا الخيار الدفع نقداً عند الاستلام ولكن الان لم يعد متاحاً وهذا امر مخيب للامال,Negative
df8b5e1c-39e8-4ea6-a408-f60d107eac52,Amazon,E-commerce,1,2026-03-03,للاسف الشديد اخر تجربه مع امازون كانت سيئه للغايه لا انصح بالتعامل معه,Negative
326509ea-8953-48f4-9cdf-2ff3af0bc537,Amazon,E-commerce,5,2026-03-03,جميل جدا جدا,Positive
b22a26eb-db07-4f91-8f08-ceb8ca5de67b,Amazon,E-commerce,1,2026-03-03,قفلوا الحساب بتاعي من غير اي سبب وتم رفض الشراء بالفيزا,Negative
4cd67540-37db-4149-b04a-3b2f08483a3c,Amazon,E-commerce,5,2026-03-03,افضل برنامج للتسوق,Positive
3b80a78a-4baa-46f2-aae1-fe1346db40f1,Amazon,E-commerce,1,2026-03-03,غير جيد,Negative
b552633a-7ab5-4fb3-b589-46194ad8ec73,Amazon,E-commerce,5,2026-03-03,اجمل التسوق معاكم,Positive
d4372534-9581-4bf3-8921-8f589e2479bc,Amazon,E-commerce,5,2026-03-03,حلو اوي,Positive
42adc530-cc5d-4ead-a54c-6d5e6c3491e9,Amazon,E-commerce,3,2026-03-03,جيد بصراحه.,Neutral
4e6dd5d3-5e28-4842-8a3d-145a2571b130,Amazon,E-commerce,1,2026-03-03,بقا من اسوء الابليكيشن اللورد بيتلغي ومش بييجي ولا حد بيكلمك ولا حاجه حاجه قلة ادب بجد,Negative
e3474106-93e6-4aee-bb3b-2e5c246d7339,Amazon,E-commerce,3,2026-03-03,جيد للشراء خدمة متوسطة ،،,Neutral
23fa50b2-47d4-4379-b75f-94463c6d47b1,Amazon,E-commerce,5,2026-03-03,جميل جدا,Positive
7db244ad-00b6-48a5-a1a6-fc8a6d496d0e,Amazon,E-commerce,5,2026-03-03,ممتاز,Positive
51a3e94c-5c69-4051-894a-91ad093bdec3,Amazon,E-commerce,1,2026-03-03,تطبيق سيئ جدا ... طلبت ناي و وصلني بدلا من الناي عصايا خشبية في كيس ... خدمة العملاء سيئة جدا وطريقتهم سيئة ودايما اذا طلبت منتج يوصل لك منتج اخر ... اسوأ تطبيق اجربه بحياتي,Negative
f22a65c1-f196-4353-ae9e-9618248e97f9,Amazon,E-commerce,5,2026-03-03,ممتازه جدا,Positive
61f503f9-4b9d-4d98-a346-0c3fe191765a,Amazon,E-commerce,5,2026-03-03,مثالي,Positive
cc50a347-862d-4cfd-a3cf-7c24a44fb53a,Amazon,E-commerce,5,2026-03-03,ممتاز,Positive
bd145af2-23f1-44b9-af73-511636e5c6d6,Amazon,E-commerce,1,2026-03-03,برنامج سيء جدا يلغى الطلبيات من نفسه,Negative
b65515e0-772f-4770-b15f-0790cb573ee0,Amazon,E-commerce,2,2026-03-02,ابلكيشن وحش بجد والحاجه مش بتوصل في معادها,Negative
bc388376-9f8b-4e66-8408-397ac09373e4,Amazon,E-commerce,5,2026-03-02,ونتل,Positive
65eb67b6-4c85-4ab5-9b04-a472553167f4,Amazon,E-commerce,5,2026-03-02,تحفه 😊 جميل جداً ♥️,Positive
12dc98af-3c67-4d1a-b291-1b400cccc52e,Amazon,E-commerce,1,2026-03-02,نصيحه متشتريش منتج وتكون دافع مسبقا بفيزا هيحصل حاجه من الاتنين المندوب هيعمل انه سلمها او التاجر هيلغب لو السعر اتغير وفي الحالتين الفلوس هترجعلك بعد خمس ايام,Negative
677ed60f-a2cd-487a-b3a2-253bd89caf0f,Amazon,E-commerce,5,2026-03-02,ممتاز,Positive
f756d797-f1bd-4088-bd71-13c2c680cf46,Amazon,E-commerce,1,2026-03-02,المنتجات بتوصل مسروقة الموظف بياخد منها قبل ما يوصلها,Negative
2dc98c5f-2f3e-48ee-9e6a-a6796d1fab66,Amazon,E-commerce,1,2026-03-02,خدمتهم صارت مرة سيئة في كل شيء توصيل خدمات عملاء و اكواد خصم كل شيء سيء,Negative
4b7f4577-7573-44a8-84ee-a6afb2411ad3,Amazon,E-commerce,1,2026-03-02,أسعار أغلى والجودة نفس الي في السوق إذا ما عندك برايم راح تتمرمط,Negative
1bbd277b-4e06-4609-bc24-b24470029e62,Amazon,E-commerce,5,2026-03-02,ممتازة,Positive
de99bd72-28a9-4c79-b11c-4df6fee4c407,Amazon,E-commerce,5,2026-03-02,عن جد جميل جدا,Positive
2d8ddee3-db2f-495b-8a39-173ec65c8415,Amazon,E-commerce,5,2026-03-01,جيدة جدا جدا جدا,Positive
aff6eb77-24ea-4495-912c-d477d0ae92ff,Amazon,E-commerce,5,2026-03-01,ممتاز,Positive
530ec77e-a14c-4502-9f8a-769779283d28,Amazon,E-commerce,5,2026-03-01,احسن برنامج امازون للتسوق العام الجديد 2026الجديدةالسعيدةالممتعةالمميزةالجيدة,Positive
87bdb80b-3800-46f8-8b9b-94dee2575ec5,Amazon,E-commerce,4,2026-03-01,جميل,Positive
ec961821-85a4-47d6-9416-fd4cc8356910,Amazon,E-commerce,1,2026-03-01,خدمه عملاء سئ جدا جدا,Negative
70dca477-5773-4f43-9d53-ea3cce875849,Amazon,E-commerce,5,2026-03-01,جيد,Positive
582e1db8-5db9-430d-9f56-c60509017f91,Amazon,E-commerce,1,2026-03-01,اسوء تطبيق صادفته,Negative
b7a09f99-3de9-40db-bc54-6f0ed932c549,Amazon,E-commerce,1,2026-03-01,اخس تطبيق اشوفه من كثر ما شفت له اعلان,Negative
bbb179a2-9811-4b5d-85ac-dd057a509b0f,Amazon,E-commerce,1,2026-03-01,سيء جدا (مع اشتراك شهري ببرايم) خدمة منتجات لا تصل . و اخطاء في التوصيل كل 10 طلبات يوصلك طلب واحد. و المطالبة بدفع مبلغ اضافي عند التوصيل ولما تتواصل موظفين الدعم صحيح هما بجد في قمة الذوق ومحترمين جدا بس للاسف مافي حل ولا توصل لنتيجة ملاحظة تم التواصل معهم اكثر من 5 مرات ولا الهوا,Negative
a81e2d8f-fbf3-4fc8-8626-a86008f52361,Amazon,E-commerce,5,2026-03-01,ممتازه جدا,Positive
d51b64a9-4f2a-4346-951f-a98d66bd4103,Amazon,E-commerce,5,2026-03-01,حلوه قوي,Positive
685ad039-451d-41f4-88c6-4ae21405a6fd,Amazon,E-commerce,5,2026-03-01,ممتاز,Positive
88d3404c-51bb-4134-b686-3e2449802621,Amazon,E-commerce,5,2026-03-01,حلو,Positive
3673865f-d6dc-4a42-a510-3778109ff57d,Amazon,E-commerce,5,2026-03-01,تطبيق رائع جدا,Positive
8c1edb0e-ac65-45e9-b771-a51c6d9db679,Amazon,E-commerce,5,2026-03-01,جيد,Positive
f62c102c-dbba-4f91-bc6b-6c35c41ec42d,Amazon,E-commerce,5,2026-03-01,رائعه جدا,Positive
6c2bb610-5d46-4734-aacd-4513047b36da,Amazon,E-commerce,5,2026-02-28,جيد,Positive
e02c11f7-48af-4178-862a-c78741ef81fa,Amazon,E-commerce,5,2026-02-28,ممتاز,Positive
cc613807-97ad-4ac3-b328-b2054f054260,Amazon,E-commerce,5,2026-02-28,امازون من احل المتاجر ومش مجمله خالص متصدقوش اي حد يقول مش حلو وانا عن تجربه بجد كل حاجه بتيجي سليمه وانا بطلب اي حاجه فيها زجاج مش بخاف لان الحاجه بتيجي سليَه,Positive
e024c980-012b-4090-9343-061b321292af,Amazon,E-commerce,5,2026-02-28,التطبيق جميل جدا واول توصيله ببلاش,Positive
b9476294-bf17-4d4f-8f40-34ed068a9848,Amazon,E-commerce,1,2026-02-28,من اسؤ تطبيق من ناحية َمندوباتهم من أسوأ مندوبات أخلاقهم زباله يجيك للموقع من قبل ما يتواصلوا معاك حتى إذا كنت متواجد أو نايم يتسبب لك ضرر بسبب اتصالاتهم تصحى مفجوع بحاله سيئه ممكن تتعرض لسكتة الدماغ بسببهم فوق ذلك إذا موقعك غلط لو ارسلت لهم والموقع قريب يكنسل لك الطلب وان قولت انت ترسل احد يستلم منهم في مكانهم لا يتوافق مندوب اسلوبهم زباله الله لا يوفقهم جعلون الناس يكره الموقع أمازون بسبب اسلوبهم السيئ صرت ماعاد أرغب في اشراء خصوصاً لمن يكون توصيل من طرف امازون عكس عن شركة ثاني لا يفعلون كذا,Negative
34cc84db-6ca6-4ac1-bb4c-24fb425e80b5,Amazon,E-commerce,5,2026-02-28,ممتازه,Positive
7ee14117-6f7c-4f26-b45b-21b5fab55447,Amazon,E-commerce,5,2026-02-28,متتاز والله طلبت ساعه خلال يومين فقط شفتها عندي قدام البيت ويعجبني انهم عندما يتواصلون معك,Positive
cd574f49-f287-4882-9fca-77a17f54baf1,Amazon,E-commerce,5,2026-02-28,أفضل التطبيقات للتسوق علي الأطلاق وبلا منازع. سرعة في الأداء والإستجابة والتنفيذ. جودة وخدمة التغليف. وسرعة الشحن ممتازة. خدمة توصيل قمة الأدب والذوق. خدمة عملاء أكثر من رائعة قمة الإحترام. شكراً جزيلا أمازون الرائدة وخدمة العملاء وجميع العاملين. فلكم مني جميعاً شكري وتحياتي.,Positive
ca96afee-a13f-4d83-87cd-d118ed7cb5ad,Amazon,E-commerce,5,2026-02-28,افضل تطبيق في العالم حلو جيدا في مميزات كتير❤️,Positive
d7ac7474-8a57-41ab-a6a0-4b22436d3dce,Amazon,E-commerce,1,2026-02-28,زي الزفت بحاول بكارت الدفع أونلاين مش بيقبل معايا 😡😡😡,Negative
266f0986-d7ba-4d05-9711-7e6b5cbe3a28,Amazon,E-commerce,5,2026-02-27,good,Positive
05b144c6-0e58-4aeb-954c-c61fcf44bc7c,Amazon,E-commerce,5,2026-02-27,سعار,Positive
7e9226b6-9d51-43f6-8ad5-b1e531f6b519,Amazon,E-commerce,5,2026-02-27,رائع,Positive
41345d28-c054-4a13-a598-d9ef713660e8,Amazon,E-commerce,1,2026-02-27,تجربه سيئه جدا المنتج ال بطلبوا مش ال بيجي وعمليه الارجاع مبتحصلش اساسا حتا بعد الشكاوي,Negative
439a9aef-e33e-4c69-aba5-4dc053b560e8,Amazon,E-commerce,5,2026-02-27,very nice 👍👍👍🙂 I love you 💗💗💗💗,Positive
6f0c2d25-1238-4f35-b127-71ca31c5820f,Amazon,E-commerce,5,2026-02-27,ممتاز,Positive
ddc57f47-5163-40ec-82b3-0effddbfd316,Amazon,E-commerce,5,2026-02-27,تمتاز,Positive
705d41f3-ba4c-415d-836f-0ae3a9e05768,Amazon,E-commerce,1,2026-02-27,العراق ليس موجوده نحن نريد السعر العراقي نريد الدينار,Negative
c6b27d02-6466-4410-a0a7-8e0700e56002,Amazon,E-commerce,5,2026-02-27,ممتاز,Positive
41846e08-256c-4c14-8c35-4fe63650760d,Amazon,E-commerce,5,2026-02-26,ممتاز,Positive
6dc6acf9-7bb7-45ed-92da-4b033ad060c6,Amazon,E-commerce,5,2026-02-26,روعة,Positive
4f065df5-8ea8-4f54-8927-f1b10b10d960,Amazon,E-commerce,5,2026-02-26,الافضل,Positive
7f13e7ff-0bec-48d2-b0f9-60a1babf5e2c,Amazon,E-commerce,2,2026-02-26,السلام عليكم,Negative
c4c042af-e5a6-48db-ac9c-b9130aedbce8,Amazon,E-commerce,5,2026-02-26,شكرا أمازون,Positive
2faad8f1-14f2-4619-afb6-647efc5b2394,Amazon,E-commerce,5,2026-02-26,👍,Positive
601fa30d-1a72-4c2b-a4b2-a4af81e371bf,Amazon,E-commerce,1,2026-02-26,تطبيق سيء تم شرا منتج وطلع في خطه وقمت برجع ولم ترجع الموال شغل نصب والله العظيم,Negative
99b8425f-d71e-4a00-ad70-b55c5a2fab59,Amazon,E-commerce,5,2026-02-26,ممتاز للغاية هائل ورائع,Positive
fe9423ca-1555-4c7d-8635-a07274d67414,Amazon,E-commerce,5,2026-02-26,جميل وسريع جدا في التوصيل,Positive
a789e5b3-aad5-4515-bfe2-bbbfd0b94b89,Amazon,E-commerce,1,2026-02-25,شركة نصابة ومشغلة ناس نصابين ومبتعرفش تتواصل مع حد لا في خدمة عملاء وحتي الارقام الموجودة محدش بيرد. وبياخدو الفلوس في جيبهم .. لو اخدو منك فلوس الله يعوض عليك بقي خلاص مفيش رجوع ..حسبي الله ونعم الوكيل فيهم,Negative
6c1dfab2-b128-4138-9d75-2548a5640799,Amazon,E-commerce,5,2026-02-25,مفيد جدا جدا,Positive
e7945791-f3d8-4789-8470-321bded4990c,Amazon,E-commerce,5,2026-02-25,انه جيدا,Positive
fb030b92-d511-4100-9f55-2e7a3b8bd3ae,Amazon,E-commerce,1,2026-02-25,أسوأ خدمة توصيل على الإطلاق 😠 مندوبي التوصيل يكذبون؛ يقومون بتحديث حالة الطلب على أنه تمت محاولة التسليم برغم أن عامل التوصيل لم يحاول حتى الاتصال بالمستلم !!! أنا حقا مستاء للغاية 😡,Negative
4e15276b-5d48-4795-9f47-3095c3d837d9,Amazon,E-commerce,1,2026-02-25,تجربه سيئة جدا لم يتم توصيل الطلب وغير متاح الدفع عند الاستلام ومنتجات محددة لازم اشترك في فاليو علشان اشتريها اسوء تطبيق بجد,Negative
796bf962-3017-43f8-89ec-6c365d225288,Amazon,E-commerce,5,2026-02-25,إنه جيد واسعاره رخيصة ❤️❤️❤️,Positive
c2e89c39-77ea-413a-9b1a-2d79f7e7812e,Amazon,E-commerce,5,2026-02-25,جامد,Positive
9b939d52-d616-40ca-87c4-95fc3c1e44d2,Amazon,E-commerce,1,2026-02-25,لا يوجد خدمت العملاء في امزون,Negative
5685e355-082f-4cf1-b9b1-ee3be8e46f0e,Amazon,E-commerce,5,2026-02-25,Good good good good👍👍👍,Positive
447fe925-b794-4e68-b83e-c793adf2b691,Amazon,E-commerce,5,2026-02-25,انا زبون عند امازون واحبه جدا لانه افضل موقع للنسوق ولكنني عند تسجيل الدخول يطلب مني كود على رقم موبايلي القديم ولم اعد استخدمه ماالحل اريد تسجيل الدخول هل يمكن ارسال الكود على الايميل من فضلكم,Positive
8743eadb-1406-41e2-889e-bbf0e61efd5a,Amazon,E-commerce,1,2026-02-24,الاسعار اغلى من السوق ولا يدعم اللغه العربيه في اسبانيا,Negative
e6633eb0-28be-4890-81df-d95be9686164,Amazon,E-commerce,1,2026-02-24,كانت تجربتي معهم مستقرة الى ان طلبت حامل معدني ثلاثي القوائم بطول 2.3 متر لافاجئ بانهم شحنوا المشبك وليس الحامل وكلمت خدمة العملاء ونصحوني باعادة الشراء لان الاستبدال سيتاخر حتى يصل المندوب لاستلامه وهذه عادتهم للاسف. ففعلت وطلبت منتج جديد فقامت الشركة بايقاف حسابي واتهموني بانني اتاجر في المنتج. وبعد ان استطعت اثبات براءتي لدى خدمة العملاء. ارسلوا الي حامل بخصم 150 لكنه وياللهراء وصل كسابقه. مشبك فقط. وهذه ثاني تجربة معهم حيث وصلني قبل ذلك مايك بلوتوث بدون المشبك. يبدو انها عادة وليست خطأ,Negative
9c628303-6b95-495d-b9d8-9d644ae3a10d,Amazon,E-commerce,5,2026-02-24,جيدة,Positive
10da8107-dc0e-4290-b1b8-b3d9110e463b,Amazon,E-commerce,4,2026-02-24,رائع,Positive
0578e6d3-696a-46b0-bac1-7fa6951e8bf9,Amazon,E-commerce,5,2026-02-24,ممتاز,Positive
4f545ffd-27b4-4f82-a2c8-09ffbbe1f40a,Amazon,E-commerce,1,2026-02-24,للاسف كلمت خدمة العملاء كتير والمشكلة مازلت,Negative
886e874f-7b30-4249-b425-40d8340b47a5,Amazon,E-commerce,5,2026-02-24,رائع,Positive
515bcf7a-34b1-465c-8fe4-8f1458a9912f,Amazon,E-commerce,5,2026-02-24,شحن سريع ، ارخص الاسعار ، معاملة حسنة و جيده,Positive
8af353af-4d6f-40c5-847a-bd027be12b05,Amazon,E-commerce,1,2026-02-24,نجمه واحده كتير عليه تطبيق بقي فاشل فى كل حاجه,Negative
4a77e06b-ad6a-48d2-84f0-55e7d2900033,Amazon,E-commerce,5,2026-02-23,هزا المنتج جميل جدأ,Positive
dabbd2f0-1463-47e4-902b-1ccb6c3b7911,Amazon,E-commerce,1,2026-02-23,بعد التحديث الأخير تظهر رسالة خطأ في كل مرة عند الدخول على قائمة حسابك (عذرا، نحن نواجه مشكلة في تحميل هذه الصفحة),Negative
d9a9b5e7-d9ee-49ed-9307-99436adb42b7,Amazon,E-commerce,5,2026-02-23,يجنن خدمه فيه,Positive
792fb0fa-e78c-42a9-9400-a718e33e9a09,Amazon,E-commerce,5,2026-02-23,ممتاز,Positive
8bb41949-3ca7-491d-824b-5e867953349b,Amazon,E-commerce,5,2026-02-23,منصفين جدا في الخدمة مابعد البيع والاسعار جيدة,Positive
b3c2f751-f591-42ef-933b-ad25559ea9ab,Amazon,E-commerce,1,2026-02-23,ابلكيشن وحش و التوصيل متاخر و حاجه وحشة فعلا,Negative
7e2d52f4-70a9-4b22-a659-f8d4c1d6a1b2,Amazon,E-commerce,1,2026-02-23,توصيل سيء,Negative
225dc5ac-ff86-485d-9f27-ae4cce57cf6e,Amazon,E-commerce,5,2026-02-23,ممتاز,Positive
e1d5a9dc-6779-4a82-ac64-585e1878fb8d,Amazon,E-commerce,1,2026-02-23,خدمة سيئة طلبت أوردر وكان المفترض أن يصل في اليوم التالي ولكن لم يصل وبعد التواصل معهم كان يؤكدون انه سيقومون بإعادة إرساله ولكن لم يبعتو شي كان مجرد كلام وفي اليوم الرابع اتصلت بهم وقالوا أن المنتج مفقود بكل لامبالاة ولا مسؤولية,Negative
b55549b7-03de-4476-8e89-dab0dd49ad5a,Amazon,E-commerce,2,2026-02-23,يصير اشتري منه واني بل عراق يعني اكو توصيل,Negative
3171bf8a-b730-423a-b13d-39a20e54bea7,Amazon,E-commerce,5,2026-02-23,كان افضل تطبيق عندي بس الدفع عند الاستلام واقف,Positive
2eecd79b-8146-47fb-8da5-66ab91b26eee,Amazon,E-commerce,4,2026-02-23,ممتاز جدا,Positive
d8aa8cc5-31a3-4e68-8851-a53008451ced,Amazon,E-commerce,1,2026-02-22,مندوب التوصيل سئ جدااا,Negative
d074e5a6-7cd2-408f-9ff6-e04d635998b9,Amazon,E-commerce,5,2026-02-22,❤️❤️❤️,Positive
1cfc3609-5996-4118-bfb1-1d1d2d11f311,Amazon,E-commerce,1,2026-02-22,تجربة سيئه لا يوجد مصداقيه,Negative
9b80dd9c-b9db-4c22-adb1-c801b1b231c3,Amazon,E-commerce,1,2026-02-22,اتمنى يقفلوا، قلك موقع عالمي، موقعهم مضروب,Negative
832b6bb9-1bac-4061-8236-c5299dfe1da3,Amazon,E-commerce,1,2026-02-22,كان جيد ويستهل ١٠نجوم لان سيء ويستهل صفرنطلب طلب وبعد يرفض اطلب بايم,Negative
d58ca630-0f4f-4a53-9561-88af9cf5c13e,Amazon,E-commerce,5,2026-02-22,ممتاز,Positive
fdaa021b-27a9-4d31-871c-78aba532b4b2,Amazon,E-commerce,5,2026-02-22,ممتاز,Positive
b3021c67-a018-45b8-98f5-515a92514482,Amazon,E-commerce,1,2026-02-22,لا يستحق اي نجمة لانه لايدعن الغة العراقية,Negative
5f929f72-5d5c-46e7-b43e-b82bd860844c,Amazon,E-commerce,5,2026-02-22,تحفه وعروض مثيرة,Positive
6d76426c-fdef-42e9-81f1-f72279ae60ca,Amazon,E-commerce,1,2026-02-21,خدمة متستاهلش ربع نجمة طالب الطلب اتلغي مرتين و هرجع انام جنب الفلوس اللي هي مبلغ مش قليل على ما ترجع تاني حاجة قمة السوء,Negative
a0cb5e40-6fc9-4798-a884-900be7df3431,Amazon,E-commerce,5,2026-02-21,💕😍جميل,Positive
983fd7ae-58c9-4620-b043-6e150380d382,Amazon,E-commerce,5,2026-02-21,لانه ارخص سعر وبجد عجبني جدا وانا بشكركم,Positive
f49e1cd7-d54d-4569-a6f3-fe8ad53b03ad,Amazon,E-commerce,5,2026-02-21,تجربة شراء ممتازة,Positive
ad389d6e-acf2-4c65-88c6-2669f50b190f,Amazon,E-commerce,5,2026-02-21,👍👍👍👍❤️,Positive
1e9fbced-29b2-46c9-9afe-bcc938406ebb,Amazon,E-commerce,1,2026-02-21,مشكلتهم بتوع التوصيل مش بيرضو يوصلو الاوردر لحد البيت و عاوزين العميل ينزل يمشي مسافه عشان يستلم الاوردر كسل واهمال وعدم ضمير في شغلهم,Negative
6a38cb42-0f62-4eca-a6bd-ce3c0af245ee,Amazon,E-commerce,1,2026-02-21,يتم عمليات نصب كثيره من خلاله,Negative
7426d792-07d2-4589-8421-be845beeb9ed,Amazon,E-commerce,4,2026-02-20,جيد,Positive
4ca1b153-79bf-44b6-9fcb-f918ca997a07,Amazon,E-commerce,5,2026-02-20,تطبيق روعة التسويق سهل جدا,Positive
e106bf0c-20b0-4ced-8d80-b871250f68f6,Amazon,E-commerce,1,2026-02-20,شركة سيئة جدا لا تستحق حتى نجمة واحدة، وفي أول تجربة قررت حذف البرنامج,Negative
284423df-7cc1-463c-a79e-a52825454924,Amazon,E-commerce,1,2026-02-20,تجربه سيئه الطلب يجني خطأ مرتين,Negative
fce76b40-0e5f-4877-84d9-3be7e53b1293,Amazon,E-commerce,5,2026-02-20,جميل جدا ومضمون,Positive
affe63d3-3870-4c76-a664-6fc42ea0079d,Amazon,E-commerce,1,2026-02-20,تجربتي مع الشحن الدولي لم تكن مرضيه تاخر الطلب بشكل مبالغ فيه وماراح اكررها تم تأجيل طلبيتي مرتين من امازون، شهرين ولا ادري متى توصل طلبيتي وكل ما كلمتهم قالو ماندري متى توصلك ب الضبط ويعطوني موعد تقريبي ويجي يوم الموعد اللي حددوه والطلبيه ماوصلت واتصل عليهم من جديد ويعطوني موعد ثاني والله اعلم متى توصل طلبيتي مع التاجيلات ٣ مواعيد وفي النهاية تكنسلت الطلبيه منهم بعد الموعد الثالث بدون لا يرجعون لي,Negative
4c38d485-6689-4949-84cd-009765b63c0d,Amazon,E-commerce,5,2026-02-20,احسن ناس,Positive
b1faf0ce-10cf-4669-8b40-e7666851f787,Amazon,E-commerce,5,2026-02-20,جميله,Positive
f3af5496-96cb-494c-9f1c-246304dde5ff,Amazon,E-commerce,5,2026-02-20,👍👍👍👍,Positive
7f4f858a-6e95-47d1-847c-d4165a1d5f1f,Amazon,E-commerce,5,2026-02-19,شكرا امازون .. افضل موقع تسوق,Positive
d02f858e-a51c-473b-91d2-0b1e826ba4f4,Amazon,E-commerce,5,2026-02-19,تحفه,Positive
c9662d7f-a21e-42ae-a68c-e4e1d06a19e5,Amazon,E-commerce,5,2026-02-19,coooooooool,Positive
ef627119-a4db-4b6c-ba72-1cadbe2bef3c,Amazon,E-commerce,5,2026-02-19,ممتاز جداً,Positive
a89cf02b-b458-460f-b93d-ab5f4f4fc2ad,Amazon,E-commerce,3,2026-02-19,امازون ممتاز بس مشكلة طريقة الاشتراك مااقدر اشترك في برايم عن طريق قوقل بلاي,Neutral
a24c8eee-c9ff-4263-9c59-01e8266f0e1e,Amazon,E-commerce,1,2026-02-19,امازون مصر مش كويس وصل منتج تالف كلمت خدمه العملاء قفلت الحساب وجركن الزيت راح عليه ب ١٥٨٠ جنيه شكرا امازون مصر,Negative
d85d8b22-c449-4fde-b83d-a4b3f393073b,Amazon,E-commerce,5,2026-02-19,ممتاز,Positive
e0fac618-9ac5-4686-bec1-8c08513c6fb2,Amazon,E-commerce,5,2026-02-19,جيده,Positive
c570e86a-eb6d-4cea-a931-49734017ce60,Amazon,E-commerce,1,2026-02-19,التطبيق كويس لكن المشكلة فى بتوع التوصيل ليهم ٧ شهور بشيلوا زيادة اخر واحد شال ٣٠٠ جنية زيادة وقدمت شكوى قبل كدا والموضوع زاد عن حده صراحه,Negative
9d655c0c-3691-4689-a6fa-abc6908cde82,Amazon,E-commerce,5,2026-02-19,ممتاز,Positive
3de81ff1-2ef1-421e-8ba7-dbaed0d082bf,Amazon,E-commerce,5,2026-02-19,Excellence,Positive
dec29c4f-2410-486d-9119-d761cafcee31,Amazon,E-commerce,1,2026-02-18,توصيل زباله,Negative
524f2506-fc8f-45ed-8036-60e4ca1eb06b,Amazon,E-commerce,1,2026-02-18,الامازون أصبح غير صادق خلال شهر اكثر من عشر طلبات وانتظر واخر اليوم يقول لك اسف تأخرنا سيتم توصيل طلبك خلال يومين مواعيد فاشله,Negative
b4f196a3-8bf5-4afc-afc6-a57337f1c841,Amazon,E-commerce,5,2026-02-18,انصحكم كلكم والله حاجه في منتها الروعه,Positive
804cd7dc-6951-4441-980a-f09d72b9b8ec,Amazon,E-commerce,1,2026-02-18,"أسوأ شركة تتعامل معاها ، تطلب الطلب ياخدوا منك الفلوس بعدين يذلوك عشان تستلم طلبك ، منتهى الإستحقار للعملاء ، فعلا شئ مخذل ومقرف أتمنى أن تسوء سمعتكم أكثر مني أنا لن تنجحوا بطريقة التعامل مع العملاء وعدم تلبية طلبات العملاء أنتم تفشلون كل يوم أكثر من اليوم السابق, وللمرة الثالثه على التوالي، انتهى امازون في الدول العربية، مقاطعة تامة",Negative
ed0a136e-3ecd-426b-b735-70fc0dc6704a,Amazon,E-commerce,2,2026-02-18,جيد جدا,Negative
af84534e-892c-4ab1-8dd4-14d118f9a9d9,Amazon,E-commerce,5,2026-02-18,بيبيع حاجات حلوه,Positive
77400f4e-426b-4b75-a92e-372d239059ee,Amazon,E-commerce,1,2026-02-18,اسوا شركة وخدمة عملا تيموا وعلي بابا وغير افضل بكثير وارخص,Negative
c0a5621b-ffb2-4114-94e3-1ee9623a0ab2,Amazon,E-commerce,1,2026-02-18,تجربه وحشه جدا الطلبات مش بتوصل و الفلوس بتروح عليك منصحش حد يستخدمه ابدا,Negative
b134839d-e8b4-447f-b8d2-ee6847271557,Amazon,E-commerce,3,2026-02-18,امازون ناو لدي لا يعمل جيدا عندما اريد ان ادفع لا يفتح لي صفحة الدفع بل يبقى على صفحة السلة المشتريات,Neutral
55122851-a359-4208-b48b-2017321d756f,Amazon,E-commerce,3,2026-02-18,غيد التجربة,Neutral
5927da58-6f17-430d-8381-5f05c6f13835,Amazon,E-commerce,5,2026-02-18,لسه هجربه,Positive
4dde5410-31a6-4ca6-8d4f-0833b72d0014,Amazon,E-commerce,5,2026-02-17,ممتاز,Positive
fec57170-eca6-493d-92fc-111e3f38ee7d,Amazon,E-commerce,1,2026-02-17,"مصر هي اسواء ادارة موجوده في امازون ولا تنظيم ولا حل مشكله ولا أي شي بتوع كلام وخلاص Egypt has the worst management in Amazon; there's no organization, no problem-solving, nothing but empty talk.",Negative
b68b7568-c860-4e10-aeaa-853ff333faf0,Amazon,E-commerce,1,2026-02-17,التجربة زفت والتعامل زفت ومافي اهتمام بطلب والتوصيل,Negative
13a4be75-48d4-46b7-977a-1407507614ef,Amazon,E-commerce,5,2026-02-17,قامه في الاحترام والمصدقيه,Positive
bddfb747-b79d-4c1f-9d8b-028664090d7d,Amazon,E-commerce,1,2026-02-17,اصبح امازون مصر مكان لبيع المنتجات التقليد رديئة الصنع و كمان تباع بسعر المنتجات الأصليه #لا_انصح_احد_بالتسوق_من_امازون,Negative
3e388ddf-cb97-40fe-a6f3-79689b6a43e2,Amazon,E-commerce,1,2026-02-17,التوصيل سيء جدا delivery are so bad,Negative
4772f3ff-0b77-4b70-8508-76dbadc8519d,Amazon,E-commerce,5,2026-02-17,قوه🤙🫵😂,Positive
3aca8a7f-c4c2-4348-ad51-63ef84de8a74,Amazon,E-commerce,5,2026-02-17,جميل جدا جدا ومواعيده مضبوطه,Positive
ce9d672e-2b54-4479-812a-cf9388350a00,Amazon,E-commerce,1,2026-02-17,من أسوأ شركات الشحن لا انضباط و لا رقابة مندوبين توصيل غاية فى السوء و يحددون هم مواعيد التوصيل و الا فلن تصل لك السلعه و الرد بأسلوب سىء غالبا ستختفى من السوق قريبا انتم و التطبيق,Negative
a036b8c9-8822-4974-b60e-26b711052b1e,Amazon,E-commerce,1,2026-02-17,عندهم شخص اسمه كرولس خدمة عملاء شخص كذاب يلعب بالناس أعطاني رقم شركة الشحن مرتين غلط وبيقول مش شغلي طب ايه لازمتك إن كان لك لازمة أصلا,Negative
d0a82302-c18b-40a5-80fc-82cd8cb1812d,Amazon,E-commerce,4,2026-02-17,التطبيق جيد جدا ولكن محطات الشحن سيئة جدا لا تخرج الطلبات قبل ٢ عصرا كل يوم .. ومهما عملنا شكاوى محدش بيتابع ولا بيعملوا حاجة ليهم .. بجانب ان الشحنة الواحده تخرجها محطة الشحن على مندوبين فى نفس ذات اليوم مما يرهق العميلة انتظار كل مندوب لوحده بجانب ضياع جزء من الشحنات ..,Positive
3aeb02a2-648c-4c19-9d1e-62bde6575143,Amazon,E-commerce,1,2026-02-17,خدمه عملاء سيئه جدا جدا جدا تطلب حاجه تجيي حاجه تانيه خالص وخامه سيئه وتكون محدد معاد من البرنامج يجي ع يوم ميرنوش عليك لازم انت تكلم خدمه العملاء وتحكي طلبك لف ودوران,Negative
3db7c483-cd1a-49d6-8795-3d6dbfa6bcbf,Amazon,E-commerce,3,2026-02-17,جيد,Neutral
2106ccae-a3c8-419e-bfbf-be47215fc88b,Amazon,E-commerce,5,2026-02-17,برنامج جميل,Positive
98486cd5-8cd1-46cf-9aa2-fed758e7b669,Amazon,E-commerce,1,2026-02-17,المنتجات ليست كما هي موضحة في التطبيق,Negative
c8a71896-643b-4a01-8c99-e5c38e1383ff,Amazon,E-commerce,1,2026-02-17,توصيل سيئ جدا في الالتزام بالزمن واسلوب التعامل وطريقة ارجاع المبلغ عند الغاء الشراء بطيئه جدا,Negative
59d2c01f-a8f1-4539-b818-d45625e06547,Amazon,E-commerce,4,2026-02-17,جميل جداً,Positive
5df7812e-7354-4873-93e8-f220d2896e85,Amazon,E-commerce,5,2026-02-17,اجمل برنامج تسويق,Positive
945a34d8-0566-45b6-8d83-441e133a7170,Amazon,E-commerce,1,2026-02-17,سئ جدا جدا اتعاملت معاه واخر مره مندوب التوصيل لم يصل الي باب البيت رفض يطلع لحد البيت ولم يتم التسليم وانصرف,Negative
9ecdffbd-a8d4-4694-86e5-dc8f86036143,Amazon,E-commerce,5,2026-02-17,ممتاز .,Positive
32e6324e-673e-4751-b522-e637d305c97f,Amazon,E-commerce,1,2026-02-16,اسوء تطبيق اقيم نجمة لانوا سويت العملية الي تحتاج عشان تدخل وعادوها تطبيق سيئ جدا جدا جدا لو يوجد صفر اعطيك,Negative
c7c87173-e2ae-477e-b933-dc69a8e203b7,Amazon,E-commerce,1,2026-02-16,بحثت بقوقل عن منتج حصلته بأمازن حملت التطبيق سجلت دخول وقبل الدفع يقول المنتج غير متوفر ! ضيع وقتي على الفاضي,Negative
4adde3cf-6753-46ee-9452-156899f293ee,Amazon,E-commerce,1,2026-02-16,زي القرف من اول اوردر فضلت اسبوع مستنية وفي الاخر مجاش ولغوه وقالولي هنرجع فلوسك وسابوني اسبوع كمان مستنيه الفلوس والتعامل زفت,Negative
8a0b93da-2844-4192-a264-3f2d4d774e5c,Amazon,E-commerce,5,2026-02-16,تحت التجربة,Positive
0e29cd2f-1e7a-4223-8c6d-7fdcae6f4959,Amazon,E-commerce,5,2026-02-16,هذا التطبيق رائع,Positive
7384d386-db18-48a0-972a-595e2839ca6c,Amazon,E-commerce,5,2026-02-16,عندى ثقه بمنتجات امازون بصراحه بس اتمنى مندوبى التوصيل شويه التعاون مع العملاء اذا غير الموقع قليلا ما يوافقون حتى لو كيلوا متر زياده ..,Positive
8ed7cceb-219d-4124-8bb2-8070fe2ad16b,Amazon,E-commerce,1,2026-02-16,بطلب وبيلغو الاوردر ومش بيجي ف معادو رغم اني دافعه زياده عشان يجي,Negative
61e0092c-6593-45df-994a-a293dd18cc8d,Amazon,E-commerce,1,2026-02-16,للأسف تغير الموقع للأسوأ العروض وهميه والمنتجات غير مطابقه للوصف ومشاكل ما لها آخر مع اني اتعامل معاهم من زمان لاكن الان مستحيل اخذ منهم شي سعره عالي,Negative
e24b1ab4-9bf3-4e6b-830e-399d64498e3e,Amazon,E-commerce,1,2026-02-16,للاسف تطبيق اذا الغيت الطلب ما يرجعو لك فلوسك وخلاص انساها كل موظف يقلك كلام مختلف وتلف وتدور بدون فايده,Negative
86bf2b15-5f7d-41cb-b04d-2b50e873c98b,Amazon,E-commerce,1,2026-02-16,يسرقون المال من بطاقه الهدايا,Negative
0b98fef8-10b7-422f-8c8a-562e66c5b8d9,Amazon,E-commerce,5,2026-02-16,جيدة,Positive
757ab90f-0b53-43ca-bc1c-32aa7b9f6aa7,Amazon,E-commerce,1,2026-02-16,الحاجات جت علب فاضيه وبقلبي اكتر من شهرين مش عارفه اخد فلوسي,Negative
22e8caac-16d5-48b3-bebd-8d968549e3d1,Amazon,E-commerce,5,2026-02-16,تطبيق ممتاز جدا,Positive
ddf08d0f-8842-4287-a4a1-5c6dce4b1bac,Amazon,E-commerce,5,2026-02-16,ممتاز,Positive
0d6135d9-4b85-4122-831f-db49162d120f,Amazon,E-commerce,5,2026-02-15,ممتازين خالص,Positive
78ddbfb4-4c57-4b79-8cb2-01bd82522460,Amazon,E-commerce,5,2026-02-15,ممتازة جدا جدا جدا 🇪🇬,Positive
7b1dce69-9099-4284-a25f-50a694e05d22,Amazon,E-commerce,5,2026-02-15,تطبيق رائع بس اتمنى ينزل عروض رمضان,Positive
8e47d118-73a3-42fe-9581-1d31a82f9133,Amazon,E-commerce,5,2026-02-15,ممتاز جدا,Positive
74d10b31-f9aa-4243-87ab-9d7b5ed6e0d1,Amazon,E-commerce,1,2026-02-15,بعد التحديث وحتى الان لم استطع الشراء واصبح بطيء ولم يكن كذلك قبل التحديث,Negative
dc65bf49-47f6-4d35-90d3-d00558155d61,Amazon,E-commerce,5,2026-02-15,فى انتظار المنتج,Positive
3e7985be-5400-42db-8b0f-cbae7b96b0d9,Amazon,E-commerce,3,2026-02-15,لحد ما,Neutral
00b0abce-029f-4202-8044-7e84151d8619,Amazon,E-commerce,5,2026-02-15,شكرا,Positive
a9bbaed2-a516-44b1-9dc8-aaa13588de96,Amazon,E-commerce,5,2026-02-14,أحسن تطبيق,Positive
d3e46f71-778e-4a64-89e6-09950e94fcee,Amazon,E-commerce,5,2026-02-14,very nice 👍👍 Amazon delivery 🚚🚚 thanks,Positive
c6ae1023-026d-434d-85e7-7ae8c3bc6d25,Amazon,E-commerce,5,2026-02-14,سهل,Positive
21a5493e-07ca-417c-a792-3b953d139036,Amazon,E-commerce,1,2026-02-14,كذب ونصب اشتريت حاجات كتير منهم كل شويه اقول لك في هدايا في هدايا في هدايا وابعد دعوات واعمل وسوى ويوقفون على ثلاثه طاقه عشان ما اعرفش اخد الهدايا خداع وغش وما انصحش بنزوله وانا اساسا مش هشتري حاجه ثاني من البرنامج ده,Negative
740c2177-649e-4a88-bc66-1094f4fc3bc5,Amazon,E-commerce,1,2026-02-14,تم توجيهي بايميل رسمي من امازون لشراء منتج بديل وتعويضي بفرق السعر، وعند المطالبة تم رفض التعويض. خدمة العملاء سيئة في التعامل مع الموقف ومحاولة ايجاد حل وسط لا تثق بخدمة العملاء مهما وعدو بتعويض ومهما ارسلوا إيميل رسمي بالتعويض,Negative
e55a9e40-bd64-4021-b592-86e89a8f33fa,Amazon,E-commerce,1,2026-02-14,انصح بعدم التعامل مع أمازون لا توجد مصداقيه ولا احترام للمواعيد الاستلام فيه مواقع وشركات اكثر من احترام,Negative
0b7631a0-4653-46dc-8022-3b7282b5817b,Amazon,E-commerce,5,2026-02-14,روووووووووووعه,Positive
5918013a-9173-46f4-b546-65f2a674c62d,Amazon,E-commerce,3,2026-02-14,السلام عليكم ، اتمنى من امازون لا يرسل الطلبيات مع شركة ناقل حيث ان الطلبية الي طلبتها وصلت تالفة ومعدومه جدا ولا استفدت منها ، وارسلت شكوى لشركة ناقل ولا احد رد .,Neutral
32bd594b-2940-4a00-97a1-e8d82f44a341,Amazon,E-commerce,1,2026-02-14,حرفيا انا طلبت مايك XMC03 USB RGB لكن وصلني ٣ منظفات رحت رجعتهم للراجل وقلولي ان الفلوس توصل ١٤ فبراير الى هو النهاردة لكن للاسف موصلتش الفلوس واضحك عليا وحرفبا مفيش مراجعة اوردرات ولا نظام محدش يشتري الايام دي وانا ندمت,Negative
f774eb05-69d8-48c0-8396-decddd2063e9,Amazon,E-commerce,5,2026-02-13,ممتاز انا اشتريت اشياء WWE من امازون,Positive
b028c6e7-6444-4717-94e6-9a4e9568dd71,Amazon,E-commerce,1,2026-02-13,إشتريت منه بعض الأغراض واختفت تلك الأغراض واختفت اموالي,Negative
37af1338-f166-4225-ba1b-a4f167b53d6d,Amazon,E-commerce,5,2026-02-13,حلو بس غالي حبتين,Positive
4ca9b6f9-ba31-4740-8db4-c8b1df056e3f,Amazon,E-commerce,5,2026-02-13,احسن تطبيق توسل,Positive
52c89d25-81bc-4aa3-8009-ab3f8f3aeac5,Amazon,E-commerce,5,2026-02-13,المنتجات التي يبيعها جودتها عاليه واسعارها معقوله وتغليفها ممتاز والعروض جيدجدا شكر مازون,Positive
f8b3dd6c-32f0-4e46-a29e-68e6eaf0aed2,Amazon,E-commerce,2,2026-02-13,اشتريت فرشة اسنان سانسوداين متوسطة النعومة ولما وصلتني طلعت خشنة جدا وتأذي الاسنان انا لااثق بمنتجاتكم ابدا,Negative
ca70b781-3661-4acf-9950-7ee90178e4d9,Amazon,E-commerce,5,2026-02-13,كويس جداا بس محتاجين يتابعو شويه الديلفرى وطريقه تعاملهم لمصلحتهم الشخصيه مش لمصلحة العميل,Positive
632ad2a0-9ebb-4308-b28a-a0f3442883e5,Amazon,E-commerce,5,2026-02-13,جميل,Positive
c8c83f99-8bf4-40a2-a6f4-16b2a4d11d36,Amazon,E-commerce,1,2026-02-12,غير مهتم لطمعكم لغات سلعتكم,Negative
8a80fab3-223b-4c94-99a7-be0eb0a07810,Amazon,E-commerce,5,2026-02-12,تسلم,Positive
fd99cb61-182c-431e-95b0-078ba47ff53b,Amazon,E-commerce,1,2026-02-12,بدأ آخر فترة انو ميرضاش يطلوب .,Negative
c662ca67-43b9-4fa1-b1a5-388a8bbaaefd,Amazon,E-commerce,2,2026-02-12,اصبح سيئ اوردرات لا تصل و منتجات غير صالحه ابحث عن غيره,Negative
d120c71e-4f9f-491d-b9ea-1cfe8f97622a,Amazon,E-commerce,5,2026-02-12,أفضل تطبيق للتسوق,Positive
e4869402-5db4-4e2b-b590-b64df8683d08,Amazon,E-commerce,1,2026-02-12,كل شويه امسحوا الكومنت ي شويه زباله وعفانه,Negative
07048146-ef82-406a-b121-5fbf0fee2f59,Amazon,E-commerce,5,2026-02-12,افضل تطبيق تسوق,Positive
1a208c3a-e40d-43db-b734-3c0fe2063edb,Amazon,E-commerce,2,2026-02-12,لم يعجبني فحذفته,Negative
73ea0c86-3157-4d85-aed8-6829bfc3f69d,Amazon,E-commerce,5,2026-02-12,جميل جداً جداً,Positive
f8f0ede2-e458-4e56-927a-45517b959667,Amazon,E-commerce,1,2026-02-12,سيئ جدا جدا ومخادع ونصابين،، طلبت ٣ إيربودز ليا ولصحابي جم كلهم بايظين وخدوشين ومستعملين قبل كده اصلا دا غير ان امازون مقاطعه فمنصحش بيه، خليك في المضمون احسن,Negative
85df4243-93ca-49c5-ac6b-4729669f30e3,Amazon,E-commerce,1,2026-02-12,اغلى منتجات أون لاين في امزون 👎🏾 بس لاني ماحصلت النضارة المطلوبة على تيمو اضطريت اخذ من امزون 👎🏾👎🏾👎🏾,Negative
808391c0-1ba8-4757-9234-264d2315f0b2,Amazon,E-commerce,5,2026-02-12,ممتاز,Positive
6a126519-3226-4e8e-96e0-382d0b7fac56,Amazon,E-commerce,1,2026-02-12,امازون سئ جدا في الالتزام ولا يعالج مشاكل العملاء الا بعد دفع خدمة برايم,Negative
d6316878-bbee-4aba-ab5f-729799841903,Amazon,E-commerce,2,2026-02-12,جيد جدا,Negative
6bf2fee7-0f4d-4c2a-a8bf-676f7eed081d,Amazon,E-commerce,5,2026-02-12,ممتاز,Positive
b20a076c-d933-420f-b868-c90178496494,Amazon,E-commerce,2,2026-02-12,اسعار مرتفعة جدا,Negative
a70f8bdf-040b-4086-98fc-792ea85c1366,Amazon,E-commerce,1,2026-02-11,اواجه مشكله في تشغيل التطبيق على جوالي سمسنج a56 اندرويد 16 بعد التثبيت يضهر لي غير متوافق ارجو حل المشكله وشكرا,Negative
b8965a61-e466-44c8-afdf-5bb93837bdbf,Amazon,E-commerce,1,2026-02-11,احتيل سرقه مبلغ ولم يتم إرجاع المبلغ,Negative
e9eb7b1a-58be-4fa8-84f5-d3d2d2e2694b,Amazon,E-commerce,4,2026-02-11,أصبح أمازون لا يشحن الطلبيات الكبيرة إلى منطقة نجران مثل الشاشات الكبيرة وبعض المعدات الثقيلة بعكس (نون) مما يضطرني للعزوف عن أمازون والاتجاه نحو أسواق أخرى .. أرجو أن تصل ملاحظتي هذه .,Positive
ea2889f4-3641-41bc-a6a7-09cf6f5bd690,Amazon,E-commerce,5,2026-02-11,جميل,Positive
de0ff8f0-fede-4174-916a-31a4fab95f14,Amazon,E-commerce,1,2026-02-11,الله يغث توصيلكم الذي يتم عبر ارامكس سيئ,Negative
ebef5bc2-475c-4201-821c-2da608ce2165,Amazon,E-commerce,5,2026-02-11,حلو ولله,Positive
dd88722e-c2e0-41d4-9810-c19f03c75dbe,Amazon,E-commerce,1,2026-02-11,كدابين والطلبات مبتوصلش انا لى أوردر المفروض كنت استلمت يوم الأحد 8/2/2026ولسه مستلمتش,Negative
9a70dbb3-7e36-4b62-bc11-509e28a04556,Amazon,E-commerce,5,2026-02-11,سبق وتعملات معه هذه التطبيق وهوه جيد,Positive
aeb126db-9dfe-4ae7-b7c8-fa8997d0fd49,Amazon,E-commerce,5,2026-02-11,ممتاز,Positive
40e5d9ac-bc51-4198-9df6-2837e72f4284,Amazon,E-commerce,1,2026-02-11,سياء جدآ اكثر الدول لا يدعمها 😡😡😡,Negative
59110a35-094d-4da6-a439-d94d3fcf2ecc,Amazon,E-commerce,3,2026-02-11,My problem is with cash on delivery Completely busy,Neutral
fb2fcd55-aba5-49aa-afab-fc697cc6c28f,Amazon,E-commerce,5,2026-02-11,روعه,Positive
cb883162-be1b-4de6-a7e7-8e17bf747314,Amazon,E-commerce,5,2026-02-11,هذا افضل تطبيق في العالم,Positive
361f833a-f9a3-46d6-a61c-961030a432cf,Amazon,E-commerce,5,2026-02-11,جيدا,Positive
629391bb-fbfe-4843-9590-7fdc08986e2f,Amazon,E-commerce,5,2026-02-10,شكرا على العروض المتاحه,Positive
9ac3f948-412f-4588-ad09-cb2fa974d69f,Amazon,E-commerce,1,2026-02-10,نصابين طالب من المتجر جوال s25 الترا جاني بدل الجوال كريم شامبو و لا حتي واحد من الموظفين اتواصل معاها حسبي الله ونعم الوكيل,Negative
34315e35-bb80-4881-82fd-30e1127f348c,Amazon,E-commerce,1,2026-02-10,كان الموقع المفضل لي للشراء لان فيه ادوات نادرة مو موجودة باماكن اخرى، لكن فيه عنده مشاكل نسفت الايجابيات، اولا ليش شلتوا الدفع عند الاستلام؟؟؟؟؟ شخصيا انا مستحيل ادفع شحنة قبل توصلني ماينوثق فيهم، لما امسكها بيدي وقتها انت تمسك الفلوس بيدك كذا اضمن غيره لا تحلم، كلما جمعت منتجات وتحمست ارفع الطلب ما اجد خيار الدفع عند الاستلام واكنسل الطلب بكبره وتكرر هذا كثير، وثانيا ليش بعض المنتجات مو متوفرة ببعض مدن السعودية؟ مثلا مرتين احاول اشتري طاولة ويطلع مافيه توصيل بمديتنا بكبرها طيب ليش تضيعون وقتي؟,Negative
f64020e6-5890-492f-b435-9402b307d6d9,Amazon,E-commerce,5,2026-02-10,موقع تسوق ممتاز,Positive
2dbad6b8-2aac-4a27-b7e6-606f81d174bc,Amazon,E-commerce,5,2026-02-10,جيد,Positive
f85cbafa-5831-4445-80b3-ae9f6c884d9c,Amazon,E-commerce,5,2026-02-10,تحفه,Positive
c44ff231-be18-4c77-ad93-b9b1f23811df,Amazon,E-commerce,4,2026-02-09,جميل جدا,Positive
43b0e5df-6660-421d-901f-1413f6d13406,Amazon,E-commerce,4,2026-02-09,الشحن بطيء جدا لكن المنتجات اللي جوه كويسه نوعا ما,Positive
f62999a1-726e-47de-b0ac-dc1d5db68f98,Amazon,E-commerce,1,2026-02-09,حسبي الله ونعم الوكيل تطبيق سيء جدا جدا جدا جدا توصيل سيء جدا جدا جدا جدا جدا عامل توصيل سيء جدا جدا جدا جدا جدا شركة شحن سيء جدا جدا جدا جدا جدا جدا جدا جدا جدا جدا جدا جدا جدا خدمة عملاء جدا جدا جدا جدا جدا جدا جدا جدا جدا جدا جدا جدا جدا سياسة بيع وسياسة إرجاع وجودة سلعة سيء جدا جدا جدا جدا جدا جدا جدا جدا جدا جدا ولا تصدق من يعطيهم أكثر من نجمة وتم تحرير محضر نصب ضد الشركة وتم تقديم شكوى بجهاز حماية المستهلك المصري وحاليا يتم اتخاذ إجراءات لرفع قضية ضد الموقع والقائمين عليه,Negative
03cfd3bd-9eb4-4d9f-af10-109f02fad798,Amazon,E-commerce,1,2026-02-09,اواجه مشكله في التراجع عن الطلب في حالة الدفع بالفيزا تاخذ وقتا مبالغاً فيه,Negative
03e4fab9-8d72-4dbc-910e-70a3ab7c83a2,Amazon,E-commerce,2,2026-02-09,المفروض اليوم يوصل الطلب بس ماوصل اول مره اطلب ليش كذا ياامازون,Negative
9d81484e-d07c-4a79-b318-927b8a456071,Amazon,E-commerce,1,2026-02-09,وحش جدا المندوب مش بيرضا يدخل قرى,Negative
697f90bc-c676-4815-b90f-6bdece78b42a,Amazon,E-commerce,1,2026-02-09,Ist mittlerweile Betrug geworden,Negative
ac36b537-dac5-4fc3-8c6c-3d8fe2c49cae,Amazon,E-commerce,1,2026-02-09,تم شراء منتج من متجر داخل أمازون وصل المنتج غير صحيح و مقلد بالكامل و عند طلب الإرجاع تم أخذ المنتج و اخباري انه خلال 8 ايام سيتم عودة المبلغ عند المتابعة تم اخباري انه 14 يوم بالنسبة لي تجربة سيئة جدا و امازون تحمى المتاجر و لا تهتم بالعميل,Negative
ba9ff92f-f035-406e-8740-97f67c9afb92,Amazon,E-commerce,1,2026-02-09,اي منتج تحاول تشوف كومنتات الناس عليه عالميا تلاقي اغلب الكومنتات تمام١٠٠٪ نفس المنتج تيجي تتفرج على كومنتات عملاء مصر تلاقي العكس تماما وده معناه أن امازون مصر بتجيب اسوأ بائعين واسوأ منتجات وتقوم ببيعها في مصر تحياتي لباسكت زباله منتجات العالم 😡,Negative
00cf45f7-d375-484a-954f-74921e89ffe4,Amazon,E-commerce,5,2026-02-09,خدمة ممتازة و توصيل الطلبات يأتى فى الميعاد المحدد أو قبله أحياناً و خدمة العملاء تتابع أي شكوى أو مشكلة بمنتهى الإهتمام 🌹🌹,Positive
e7dbe572-8f6c-4d5c-9371-bebf092ce70f,Amazon,E-commerce,3,2026-02-09,حلو وكل شي متوفر بس عيبه مافي دفع عند الاستلام اتمنا يحطون هالخاصيه لان بغيت اطلب وكنسلت بسبب ماعندي صرافه ومحد يعطيني صرافته 😭,Neutral
b4f6f770-e1d4-418e-933c-cd600b6cfd3b,Amazon,E-commerce,1,2026-02-09,لماذا لايوجد دفع عند الستلام ارجاء الرد انتم سئون جدا لتسطتعون المساعد في هذ الامرار اني النجم كثير عليكم جدا,Negative
c93ad6b1-70a8-4ff2-aa15-3028b02c44f6,Amazon,E-commerce,5,2026-02-08,ممتاز,Positive
eef225f2-7b92-4b08-8dff-8b2818c11e99,Amazon,E-commerce,1,2026-02-08,اسوء خدمه و اسوء شحن فى مصر ضيعت لى وقت كتير جدا حسبي الله,Negative
f06222ec-2130-496b-9be9-01c661dda2f2,Amazon,E-commerce,1,2026-02-08,التجربة مع البرنامج سيئة مندوب التوصيل اللي تعاملت معاه كان اسلوبه حقير جدا و مش راضي يجي تحت البيت أو حتى أمام الشارع بجد قمة في قلة الزوق,Negative
50cd47f0-0a47-40c3-bc5c-bdc5f918f9a2,Amazon,E-commerce,5,2026-02-08,ممتاززز,Positive
961fdf89-f607-42cd-b8ff-c24c2508f71c,Amazon,E-commerce,4,2026-02-08,ممتاز,Positive
30dc0e39-34cc-43df-9a77-d5858ee4061e,Amazon,E-commerce,1,2026-02-08,منهو الوكيل غيروه تعبان امازون ناو تعبان نحط الطلبات وبعدين يلغيها والطلبات تختفي اذا ادور طلبات يظهر لي في امازون الامريكي او امنيات يبغي يدفع ليها,Negative
c561edd8-6c78-488e-bdf8-740e90ccfda0,Amazon,E-commerce,1,2026-02-08,ليس هناك ريلمى c85,Negative
ed6d1978-e830-4bd9-a96d-6d0793a8af0b,Amazon,E-commerce,1,2026-02-07,شركه مو صادقه غي مواعيدها ما تستحق اكتر من هيك,Negative
192ead49-bb4f-4a51-ad11-14c7eea6d2a9,Amazon,E-commerce,1,2026-02-07,والله العظيم هذا الموقع أمازون أسوأ موقع للتسوق بسبب عدم المصداقيه وعدم الالتزام مع العميل طلبت من امازون ثلاثة طلبات وبعد الموافقه وتمام الدفع قاموا بالغاء كل الطلبات بدون توضيح سبب الالغاء وللان لم استرجع المبلغ الذي خصم مني،،،؟,Negative
a635161d-d51a-4914-8bcf-4ecfc6801a21,Amazon,E-commerce,1,2026-02-07,حسبي الله ونعم الوكيل طلبت كذا اوردر وعملت مرتجع بسبب التاخير ازبل شركه شحن ما فيش اي مصداقيه خالص وخدمه العملاء اهم حاجه عندهم التقييم كل ما اكلم حد يقول لي عيني يا فندم حاضر يا فندم وما فيش اي مصداقيه,Negative
7eea22ca-0748-49bb-8442-fb1621d069db,Amazon,E-commerce,1,2026-02-07,ابلكيشن سئ جدا ونصابين وبياخدو الاوردرات ويبدلوها بي حاجات قديمه,Negative
19977a64-0830-43af-8ba2-6ba71fd27527,Amazon,E-commerce,1,2026-02-07,اوسخ تطبيق شوفته جوميا انضف منه وخدمة العملاء كدابين وتوصيل زفت وفلوسك تروح حسبى الله,Negative
497a543b-5402-4af1-9c33-46d193d32a7b,Amazon,E-commerce,5,2026-02-07,يجب ان تثق بهذا التطبيق لانه افضل تطبيق,Positive
4bf68dd7-e85c-411c-b2aa-5e6d416cef15,Amazon,E-commerce,5,2026-02-07,good,Positive
ca519c31-05ef-459c-9e60-3f9da712b3d2,Amazon,E-commerce,1,2026-02-07,فاشل بكل معني كلمة,Negative
9af2f237-f30f-4444-bab7-eabf9fa66047,Amazon,E-commerce,5,2026-02-07,انا الان احمله ويارب يكون مفيد,Positive
da134f52-3d05-4a4d-91f0-f245ca751278,Amazon,E-commerce,1,2026-02-07,ليش مافي الدفع كاش ها,Negative
ebfe1d09-47e5-4205-99dc-b193f0c89d4f,Amazon,E-commerce,5,2026-02-07,ممتازة,Positive
eabfb152-3dd1-4732-b31b-e49935d4bf44,Amazon,E-commerce,1,2026-02-07,تطبيق سيئة اعمل 3 اوردرات مفيش واحد وصل موقع كداب ونصابين,Negative
c13cd068-ab56-4a0e-a6ad-da71513b8376,Amazon,E-commerce,1,2026-02-07,مفيش مو مساعده اردر جاي غلط مش راضي يعمل استرجاع,Negative
48e217b2-94de-44fa-a99a-819f3e424429,Amazon,E-commerce,1,2026-02-07,طلبت منتج كان معروض واللى جالى حاجه تانيه خالص ومنتج سيئ جدا وتم ارجاع المنتج وأكثر من شهر لم استرد ثمن المنتج أرجو تحسين التعامل والمصداقية مع العملاء,Negative
af3ac0be-85c8-40ec-9ea3-bf7ff7cb26f9,Amazon,E-commerce,1,2026-02-07,الاسوء على الاطلاق و ياريت حد يتواصل معايا عشان اوضح اذا كنتم مهتمين,Negative
68bba4fd-71ff-4339-a473-f74aab32fe47,Amazon,E-commerce,1,2026-02-07,دلوقتي انا كمستخدم بكلم خدمه عملاء تمام بقدم نفسي اشتغل معاهم كبائع ردو والدنيا تمام بس كل ما جرب ادخل اتكلم معاهم غير مسموح طب ليه يعني,Negative
02e1c92a-a1c4-4b96-a38e-265fc1829744,Amazon,E-commerce,1,2026-02-07,تجربة سيئة للغاية وتعامل غير ملتزم من خدمة العملاء (مصطفى) ومناديب توصيل مستوى أخلاقي وتعامل وسلوك غير ملتزم معظم التجار يشحن سلع غير المعلن عنها 😡😡😡😡😡 قد حذفت حسابي بالفعل وسوف أحذف التطبيق,Negative
d50639fe-d708-4d75-93d0-309ae6c55f6a,Amazon,E-commerce,1,2026-02-07,اسوء ابلكيشن توصيل ايقاف الدفع عند الاستلام بقاله يجي اسبوعين و ايقاف بطاقات فيزا فودافون كاش و مفيش فايدة من الكلام مع خدمة العملاء بتاعتهم,Negative
2d9e77c0-231b-4606-944e-a695e769667a,Amazon,E-commerce,1,2026-02-07,ليش التطبيق ما متوفر بالعراق ؟,Negative
3c20f5dd-d4a5-49a3-bc5b-a290e6952011,Amazon,E-commerce,1,2026-02-07,تجربة سيئه جدا مع امازون لا انصح بالتعامل معها,Negative
5632fa03-202f-4e15-8925-12ca8f696aa0,Amazon,E-commerce,1,2026-02-07,سي جدا جدا,Negative
14a8113d-34dd-41c2-85db-aa0c17a8737b,Amazon,E-commerce,3,2026-02-07,جوده الاشياء سيئ جدا في مصر لاكن في امريكا جيد اتمنا ان تقدر العملاء و خلي عندكو شويه ضمير,Neutral
c8eb7064-1bea-4adb-a8ca-5956cc503a8c,Amazon,E-commerce,5,2026-02-07,برنامج رائع رائع رائع وجميل جدا تجرب👻💀,Positive
4582b0cd-5195-428c-b40f-04b7d56ed527,Amazon,E-commerce,5,2026-02-06,حسنا شكرا,Positive
58b21bf7-4edc-4e34-af12-a8f6f76ea22e,Amazon,E-commerce,5,2026-02-06,اتعاملت معاهم كتير جدا موقع محترم جدا وخدمة عملاء مميزة جدا جدا,Positive
4ea4ded4-c001-4e4b-b9bd-8727f98bb943,Amazon,E-commerce,5,2026-02-06,منظم جدا,Positive
32def106-f8cb-4af8-a5df-a2db1cf7e0cd,Amazon,E-commerce,1,2026-02-06,البرنامج غير ثابت و يتجمد كثير,Negative
312be70f-4f1f-4316-9ecb-257529387bcd,Amazon,E-commerce,5,2026-02-06,لايمكن الاستغناء عنه حرفيا أصبح إدمان شكرا امازون,Positive
1f9e1952-de5d-467f-8e44-30450eb568bb,Amazon,E-commerce,5,2026-02-06,good shop,Positive
dbeb5a7a-5c8f-4f91-929e-da5b5e37d03e,Amazon,E-commerce,5,2026-02-06,امازون كويسه بس مندوبي شركه الشحن سفله وقله الذوق متوفرة جدا ارجو من امازون غيرو مندوبي الشحن بالمنيا,Positive
ae290f0d-46c4-48a6-b546-8851b9544af2,Amazon,E-commerce,5,2026-02-06,جميل جدا,Positive
2f28c307-3eee-4cdd-a075-ed2f94ba0857,Amazon,E-commerce,5,2026-02-06,اليمن غير مدرج,Positive
f851352f-5e65-4ad7-935b-46ba38618cbc,Amazon,E-commerce,5,2026-02-06,أفضل سوق إلكتروووني ويستاهل كامل النجوم,Positive
7871cf8a-9936-4dd2-bff7-3f09605a0f27,Amazon,E-commerce,5,2026-02-06,رائع جدا,Positive
edad2c1e-9fa9-484f-81c6-6b5254d90f06,Amazon,E-commerce,5,2026-02-06,ممتاز جدا جدا تقبلوا تحياتي المتواضعة,Positive
3b78cf63-d619-4dd7-af16-fd7c1c037032,Amazon,E-commerce,1,2026-02-06,لا أثق به,Negative
58baab41-f9cc-4276-aa90-a831f5c03465,Amazon,E-commerce,1,2026-02-06,سئ,Negative
6521ad43-5872-4c86-aa17-8186b93a638b,Amazon,E-commerce,1,2026-02-06,الملاحظة الأولى متابعة الشحن جدا سيئة الطلبات لا تصل في الموعد المحدد و رغم تحديد العنوان بالضبط في الطلب الا ان المندوب يتواصل لطلب الموقع ثم يرفض تسليم الطلب بحجة انه حاليا في امارة اخرى . واليوم الثاني نفس الرد ويسجل عند تتبع الطلب (محاولة التسليم فشلت) الملاحظة الثانية . في حال عدم توفر الطلب لا يتم ابلاغ العميل بذلك يتم تسجيل الطلب ووضع ملاحظه بأنه سيتم ابلاغك بموعد التسليم وعلى هذا الحال الطلب يتأخر عدة ايام دون اي تحديث وعند التواصل مع خدمة العملاء نفس الكلام سيتم ابلاغك بموعد التسليم .,Negative
957384c2-3bd6-47f8-a3c3-bb9bdc8c2c71,Amazon,E-commerce,4,2026-02-06,ممتازه عن طريق ابنتي,Positive
50fc22ea-238c-4d26-a21f-6ff468d8b516,Amazon,E-commerce,1,2026-02-06,المنتج وصلني عبوة فارغة,Negative
68dd6f7e-9da3-477c-8d4b-ef51565f690a,Amazon,E-commerce,1,2026-02-06,أسعاره غالية جدا,Negative
d455e554-4050-464f-b4fa-c73425a953a3,Amazon,E-commerce,5,2026-02-06,جميل,Positive
5ff1e398-3c83-4e84-86e8-1355a1036263,Amazon,E-commerce,5,2026-02-05,جميل 💝 واسعاره مش غاليه وحلوه,Positive
a1266e8e-1d0d-439b-ae8e-2205bdc6b9ea,Amazon,E-commerce,5,2026-02-05,تطبيق رائع جدا شكرا لمن صنعه وعمل به,Positive
ca75b03f-6e3c-4781-9cf9-6b32cad80644,Amazon,E-commerce,5,2026-02-05,ممتاز جدا جدا جدا,Positive
90304d90-2830-4f67-852e-da14bdac81b5,Amazon,E-commerce,5,2026-02-05,جميل,Positive
84f3a2eb-2f6f-4558-825b-99edab36adb7,Amazon,E-commerce,5,2026-02-05,راءع,Positive
b671345b-4ee9-42a5-b144-9eb2fd6c859c,Amazon,E-commerce,1,2026-02-05,فيه مرتجع قدله اكثر من شهر لحد الان ماجوا ياخذاونه لاماذا ما تبص على المطلوب هل يعمل اولا يعمل من اجل ترجعها,Negative
a1de3462-6721-4a8e-9cb9-7921f0e92647,Amazon,E-commerce,1,2026-02-05,تجربة سيئة .. تم استلام منتج غير مطابق . وعند الإرتجاع تدخل في حوارات وحسابات مبالغ فيها .. اخر تعامل ان شاءالله يا,Negative
80abb9ef-7b42-4ecb-a76e-7a0b499671ee,Amazon,E-commerce,5,2026-02-05,جيد جدا,Positive
c67b9db9-3083-4469-85bc-75de17fb1fdb,Amazon,E-commerce,1,2026-02-05,جيت اطلب الاقي بيقول مينفعش الدفع عند الاستلام للأوراق بتاعي وكمان نص ساعه الاقي مكتوب انه عادي الدفع عند الاستلام ومل ما اجي اطلب ترجع تاني ايه الهبد ده,Negative
0b313b7f-36c4-4031-a3b5-0214521b99b7,Amazon,E-commerce,1,2026-02-05,اتمنى جمع المنتجات وارسالها دفعه وحده وكذالك التوصيل يكون في اوقات مناسبه للعميل وكذالك سلوك المندوبي غير جيد احيانا يتواصل واحيانا يضع المنتج ويمشي دون ابلاغ العميل واحيانا يتواصل ويطلب الموقع وصورة للمنزل مع العلم انها مضافه في التطبيق وهذي جميعها مشاكل لازم يتم ابلاغ العميل برساله وترجعون للتعليمات في التطبيق,Negative
a83bf51b-5aa7-4473-9e4e-fb0aa6ef5f94,Amazon,E-commerce,5,2026-02-05,لا اعلم،، لم اقم بفتحه بعد لكن اتمنى انه يوصل للعراق,Positive
2560ccee-1883-4df3-9ad0-a5b900a58bd0,Amazon,E-commerce,5,2026-02-04,موقع فوق الممتاز,Positive
3868855f-e8dc-46e4-a1cc-ad0af1455862,Amazon,E-commerce,5,2026-02-04,ممتازة,Positive
cae31a4d-bb82-435e-8689-36da701cec2c,Amazon,E-commerce,1,2026-02-04,شركه نصابه تم شحن ارتجاج منتج بافادتهم وعند التواصل معهم لاسترداد المبلغ بيقولوا لايمكن ارتجاع المبلغ شركه بتنصب على العملاء انصح الجميع بعدم التعامل معهم,Negative
68a9a637-98ae-4c5a-adc6-05a43ef25281,Amazon,E-commerce,5,2026-02-04,good 👍😊,Positive
047adc60-8e1c-4072-9594-b9c00f27f896,Amazon,E-commerce,3,2026-02-04,هو حلو بس حاجات جديده مكسره ولما اطلب طياره لعبه مش بتطير,Neutral
5f77aa80-95f6-4949-b717-3be4e53db280,Amazon,E-commerce,1,2026-02-04,تجربة خدمة عملاء من أسوء ما يكون لي شهر اتواصل معهم و دايم يصرفوني و لا حلوا المشكلة لن يتم الشراء منهم مرة أخرى بإذن الله و البدائل كثيرة الحمدلله,Negative
2034e254-305f-410c-bc84-324312243da0,Amazon,E-commerce,5,2026-02-04,ممتاز,Positive
3e78222d-e2f1-4235-8ff5-96b1821360e8,Amazon,E-commerce,1,2026-02-04,الإدارة سيئة مقارنة بإدارة في أمريكا,Negative
09ebfac9-0a31-4cde-b4e6-32741bda6b89,Amazon,E-commerce,5,2026-02-04,good,Positive
c81775ad-685f-49c2-af33-c5afb1db55f8,Amazon,E-commerce,5,2026-02-04,راااائع جدا,Positive
c1706c1a-7631-40a8-a86b-0496969ab719,Amazon,E-commerce,1,2026-02-04,مو قادر اتواصل عن طريق الدردشة,Negative
1549f2a3-05fc-4e6c-a114-8db468c06340,Amazon,E-commerce,5,2026-02-04,للأسف كان في الصدارة في المملكه لاكن المستوى يهبط بقوة الاقي التوصيل خلال يومين بعد الدفع اتفاجأ انه بعد 26 يوم ليه وين عايشين الصين توصل بأسبوع وخدمه العملاء سيئه مجرد كلام حلو ولا يحلون اي مشكله اتمنى من صاحب الموقع يدارك الموضوع وينتبه للي يصير,Positive
3098508e-385d-4e54-ac09-53ef8c3e3c4c,Amazon,E-commerce,5,2026-02-04,ممتاز جداً,Positive
17c6ddf9-ae77-4e2e-91a8-3d2d8ff37a09,Amazon,E-commerce,1,2026-02-04,بقالى سنين بطلب عادى ، اشتركت فامازون برايم ، فبقيتو تلغولى اوردارتى من غير سبب ، تعامل سئ جدا جدا,Negative
cbfb478c-1e36-479f-b2a5-3d69ea38355a,Amazon,E-commerce,5,2026-02-04,😘😘😘😘😘,Positive
4ae552c7-9db5-49bd-a1fc-1a820a31bc41,Amazon,E-commerce,5,2026-02-04,ممتاز,Positive
6d4fa0cb-3867-44e2-b9f4-e824030d4b5e,Amazon,E-commerce,5,2026-02-03,روعه,Positive
9dfc4dc9-6c44-4ea8-9e97-7223b77c7348,Amazon,E-commerce,5,2026-02-03,معمله جميله جدا جدا,Positive
ea7bc0e3-01a6-4879-ac16-712898310f55,Amazon,E-commerce,5,2026-02-03,ممتاز,Positive
4de96cf4-6e96-4071-98ed-38cf242518b9,Amazon,E-commerce,1,2026-02-03,تجربة سيئة رغم السمعة الرائجة لهم، رغم اشتراكي في برايم وطلبي لمنتج من خلال برايم، الا انه تم تأخير التسليم ثم تغيير الموعد اكثر من مرة دون أي اعتبار لوقتي وموافقتي، ثم تعليق الطلب لأكثر من ٣٠ يوم، والتعويض في النهاية هو الغاء الطلب واسترداد المبلغ المدفوع على المنتج. حتى وان كنت واحد من ضمن ملايين، الا انني قررت حذف حسابي وإيقاف تعاملي بشكل تام مع شركة لا تحترم العملاء. نقودي لن تذهب لهم مجددا.,Negative
02a6fb5f-641f-48d0-82be-f235eba7f98a,Amazon,E-commerce,3,2026-02-03,لدي سؤال لماذا يختلف السعر النهائي عن السعر الحقيقي للسلعه .. لم يكن كذلك قبلا ..مثلا ..يكون المجموع ٢٠٠ مع الشحن .. حين تريد الدفع يصبح ٢٣٠ ريال .. لماذا الفرق الزائد ؟ تواصلت معهم لافهم ولكن حتى الموظف لم يجد اجابه لذلك ..,Neutral
573e6fb1-8495-49ab-bae9-d41d6aee7ade,Amazon,E-commerce,1,2026-02-03,بتشوف وبعد كده بدوس على الدفع عند الاستلام مبيقبلش وبقالي 15يوم بتصل بخدمه العملاء وما حدش عارف يحل المشكله,Negative
10c949e0-5d6b-4254-b0ab-ce269932a1a7,Amazon,E-commerce,3,2026-02-03,ممتاز,Neutral
f839bb85-5c63-4d4d-b0a2-02903617a0ee,Amazon,E-commerce,1,2026-02-03,منتجات تالفه دائما,Negative
83b675c4-6ba7-455a-8e18-dde36941e70e,Amazon,E-commerce,5,2026-02-03,افضل خدمة عملاء وافضل موقع لكل احتياجاتكم واسعارهم جداً ممتازة انصحكم تتعاملو معاهم🫡,Positive
cee61104-c288-4e0e-a93e-fdedba78fb90,Amazon,E-commerce,3,2026-02-03,جيد,Neutral
befa70e8-7822-47a4-8836-f263988ed7f4,Amazon,E-commerce,1,2026-02-03,أسواء تطبيق في مصر مافيش مصداقيه والطلبيه بتتاخر وساعات نستنا الطلبيه اسبوع يقولك حيث خطأ بعدها يقول تم الغاء الطلبيه الاول ما كانش كده يخصاره ده اخر تعامل ما تطبيق امازون ويجبرك علي اشتراك برايم,Negative
8cbf6442-7c16-48b1-82eb-e7dcd8d42007,Amazon,E-commerce,5,2026-02-03,جميل,Positive
8102cb2f-c843-4d9a-9477-f115d3f233f2,Amazon,E-commerce,5,2026-02-03,خدمه ممتازه,Positive
39548d23-a950-4248-ac9d-6c232f5e6c59,Amazon,E-commerce,5,2026-02-02,رووووعى,Positive
bac18f0a-eadc-4203-924f-f89797e9974a,Amazon,E-commerce,1,2026-02-02,ﻻ يمكن تثبيته على اﻻجهزة الوحيه,Negative
33b58572-4da9-4861-b750-92b6008956bb,Amazon,E-commerce,5,2026-02-02,ممتاز,Positive
c9942639-24cb-4a4d-88c1-e3b93b602190,Amazon,E-commerce,5,2026-02-02,انه جيد جدن 💯💯💯,Positive
6a6f9281-7818-4b2e-b7a0-631b74ff47c9,Amazon,E-commerce,5,2026-02-02,شركه محترمه,Positive
70d68a14-ceaf-4ad3-ab23-e14afe9ecf37,Amazon,E-commerce,5,2026-02-02,ممتاز,Positive
66e57399-9cb8-4325-ad0e-3a3581355c1e,Amazon,E-commerce,5,2026-02-02,أجمل خدمه وصادقين وسرعين,Positive
b40bdeed-f053-4c53-8b6a-8fd9bb1991af,Amazon,E-commerce,1,2026-02-02,thanck,Negative
ad191c32-66e4-4a00-9336-270e4c212d9f,Amazon,E-commerce,5,2026-02-02,ممتاز,Positive
bb301614-ddc0-4aa6-ae31-5f7c9461a445,Amazon,E-commerce,1,2026-02-01,سئ جدا جدا تطبيق سئ وشركة سيئة,Negative
88bd5bdc-76f9-4ead-95ac-b49299a5d479,Amazon,E-commerce,5,2026-02-01,ممتاز جدا,Positive
cd8ad64c-a570-4206-a653-3aa538680ed7,Amazon,E-commerce,1,2026-02-01,تطبيق قذر كل ما أطلب اوردر يقول جاي ثاني يوم بيقعد بالاسبوع وما بيجيش وبكون دفع الفلوس اون لاين انا مش هتعمل مع الشركه الزبالة دي تاني,Negative
2035b441-1e04-4da7-b114-8880fd61697b,Amazon,E-commerce,5,2026-02-01,جايد,Positive
7a429c20-4b2f-4f8f-bea1-5831c615fdeb,Amazon,E-commerce,1,2026-02-01,سي مره. اول واخر مره اتعامل معهم قمت بطلب وكان المندوب قد بيوصل للموقع وفي الاخر كنسل الطلب هو وقال تعبان والغى الطلب. وانا في انتضار المبلغ يسترد الى حسابي,Negative
d4e7bbeb-905a-4a23-97ca-12376195b8c5,Amazon,E-commerce,5,2026-02-01,حلو,Positive
c0bf2b29-ca42-422f-980f-b5aeb76d446e,Amazon,E-commerce,5,2026-02-01,شركة ذات مصداقية عالية ومستوى راقى فى التعامل وسياسة الارتجاع ممتازة وسياسة التقسيط والضمان ذات مستوى متميز كلما تعاملت مع امازون كلما ازددت ثقة بها,Positive
11646b74-e480-4dc6-b9f3-b1df79f7e90f,Amazon,E-commerce,1,2026-02-01,خلل في التطبيق,Negative
7227db63-5fd8-42df-b660-5bb1329d9a44,Amazon,E-commerce,3,2026-02-01,"Why isn't there an Iraqi currency, especially since we in Iraq import a lot from Amazon?",Neutral
a7eb89b2-03ee-4f66-b562-3756bc221d96,Amazon,E-commerce,5,2026-02-01,A wonderful experience,Positive
45391d64-b2a9-4f68-8b10-6ebdf003dfd1,Amazon,E-commerce,5,2026-02-01,ممتاذ,Positive
632c7017-4036-4a3b-b7e8-0261c9a66bc7,Amazon,E-commerce,1,2026-02-01,خدمه العملاء عندهم ما لهمش اي لازمه ولو في مشكله مش بيعرف يحلوها ومش بيهمهم غير التقييم وبس وشركه الشحن مش كويسه خالص والمندوب اللي بيجي اسلوبه وحش ما بيوصل لكش الطلب للعنوان اللي انت كاتبه ما انصحش اي حد يستخدمه,Negative
a267605d-f4a1-4ae8-8889-8c203bc19cc5,Amazon,E-commerce,5,2026-02-01,حلو,Positive
63d5dfa6-aa07-4544-84c6-544f30640a04,Amazon,E-commerce,5,2026-02-01,تطبيق رائع,Positive
29b103ed-0fab-40aa-ab01-97c3ea81a8ff,Amazon,E-commerce,1,2026-01-31,مش بيردو عليا والكلام ببرود و مش بيقرو الواحد انا مسحت التطبيق ومش هتعامل معاهم تاني,Negative
ba6e0075-cbfe-42d3-aaa2-b0a28f178841,Amazon,E-commerce,5,2026-01-31,رائع جدا,Positive
48a4f7b1-abd7-4cac-bbbf-58bf76face8f,Amazon,E-commerce,5,2026-01-31,مزيد من التقدم والنجاح الدائم,Positive
15cd524b-303c-406e-bcac-ce887d298f54,Amazon,E-commerce,5,2026-01-31,افضل تطبيق 👍,Positive
61908c60-1199-48cc-9c29-13308b8a4a5d,Amazon,E-commerce,1,2026-01-31,اسوى تطبيق في العالم شريت ودفعت ولم يصلني اي شي,Negative
1fbc067f-0846-41c6-9b44-ca0dd0b40893,Amazon,E-commerce,4,2026-01-31,نجرب,Positive
03d4bb83-b756-4ee5-9e69-2d7a08ce2af3,Amazon,E-commerce,1,2026-01-31,حسبي الله ونعم الوكيل,Negative
183a871f-e3dd-440c-aefb-3e05ea3dbc59,Amazon,E-commerce,5,2026-01-31,احسن برنامج,Positive
7c0503ea-5fff-455e-9bca-371b616ffb4a,Amazon,E-commerce,4,2026-01-31,كل شيء جميل بالتطبيق لكن اقترح اضافه خاصيه الصور ضروريه جدا,Positive
5f982652-dfd4-453f-bb7b-61063de57b9b,Amazon,E-commerce,5,2026-01-31,جميل جدا ورائع جدا,Positive
a47ab956-7a7b-4140-ac9a-a032c354ffed,Amazon,E-commerce,1,2026-01-30,نون افضل منهم 1000%سرعه في التوصيل جميل في التعامل خصومات توصل لا ٨٠% افضل بكثيرررر من باقي الموقع وخاصه امازززززوووون سيء سيء سيء تم الغاء طريقة الدفع عند الاستلام وهذي شي غير جيد ولا يحق لهم اجبر العميل الدفع ببطاقة الصراف هذا شي غير مقبول شي سيء 👎 👎 👎 👎 👎 👎 👎 👎 👎 👎 👎 👎 👎 👎 👎 👎 👎 👎 👎 👎 👎 👎 👎 👎 👎 👎 👎 👎 👎 👎 👎 👎 👎 👎 👎 👎 👎 👎 👎 👎 👎,Negative
edef0c66-2594-40f3-8b24-7348a260dcb0,Amazon,E-commerce,1,2026-01-30,من أسوأ المواقع في الخدة نجمه واحدة كثير عليه,Negative
0e37fd10-82df-443a-ae41-054b9f35274a,Amazon,E-commerce,5,2026-01-30,اسعار معقوله,Positive
d4977793-22a7-4448-8bf2-035c8f230cb8,Amazon,E-commerce,5,2026-01-30,اكثر من رائع 👌💥👍,Positive
8423fb5f-e20a-4404-82ab-e90bb43a54ea,Amazon,E-commerce,5,2026-01-30,ممتاز,Positive
e14275d5-df48-4ae6-8fc6-a28b7eafcf86,Amazon,E-commerce,5,2026-01-30,ممتاز,Positive
775b16ce-b350-492b-a864-0813d3fe9cfc,Amazon,E-commerce,1,2026-01-30,بعد ما تختار المنتجات بيقولك أن السلع مش موجودة و يطلعك بالعافية و معندهوش خاصية الدفع عند الاستلام برنامج زفت,Negative
8f9d0303-06dc-46d8-b6c0-c29c18b6ef18,Amazon,E-commerce,5,2026-01-30,رائع,Positive
3270c343-1070-450b-96f8-e6c53a03ed82,Amazon,E-commerce,5,2026-01-30,ممتاز,Positive
ae40b604-e8f6-4509-b48f-04117ce1ee96,Amazon,E-commerce,1,2026-01-30,تحذير التعامل هتندم ولو مش مصدق مراجعتي إتفرج على المراجعات هتعرف إن الناس أجمعت على إنه تطبيق زبالة تجربة سيئة جدا جدا لا أنصح أحد بالتعامل مع هذا التطبيق مستحيل الأوردر يوصل في ميعاده ولو وصل بعد إسبوع من ميعادة بيكون شبه مستعمل من الإهمال أو يكون مش أصلي وخدمة العملاء من ولا أسوأ نصيحة الشركات المصرية الجديدة أفضل بكتير علي الأقل عندهم مصداقية,Negative
2452dc7a-fabc-4b87-a16f-47cc5b1f512f,Amazon,E-commerce,5,2026-01-30,رائع 😎,Positive
795320d9-7f59-43cd-94b2-006db9c91a15,Amazon,E-commerce,5,2026-01-29,جميل جدا جدا جدا جدا,Positive
c01e1471-4b6a-48ab-b69c-5a5e876ab050,Amazon,E-commerce,5,2026-01-29,سيئه,Positive
60ffa00f-3b7a-44d5-a7af-09debc1a31f3,Amazon,E-commerce,1,2026-01-29,ده تطبيق نصب نصب علي اخوي بساعه سمارت واتش بي 1800 جنيه ومرجعتش خلاص ده تطبيق احتيلا,Negative
c2a01ca1-49a5-4247-9f6b-be2cf590ea03,Amazon,E-commerce,1,2026-01-29,نصيحة لله من خلال تجربتي الشخصية أسوأ تجربة تجربة سيئة جدالا أنصح أحدبتجربتة هتستنا الأوردر مش هيجي وهيفضلو يودوك يمين وشمال وبرده مش هيوصل أبدا في ميعادة وبعد وصولة هيجيلك شبه مستعمل من شكل حالتة أو مش هو المنتج اللي إنت طالبه أو هو بس مش أصلي وانا مش هكتفي بس بالتعليق,Negative
e5764663-34bb-41ae-9a50-055db72f290d,Amazon,E-commerce,1,2026-01-29,التوصيل سيء عندكم والمتدوب مايتواصل يعلمك ولا تعطون رقم المندوب للاسف تجربتي كانت سيئه,Negative
edf0f5ed-9342-457e-a67e-8c45588b2599,Amazon,E-commerce,5,2026-01-29,حلو اوي,Positive
e4145182-3e94-4cb6-b64a-d311347874b3,Amazon,E-commerce,5,2026-01-29,أفضل التطبيقات علي الإطلاق في التسوق وسرعة التوصيل ومعاملة محترمة جدٱ,Positive
1d4f0a38-6800-4c0b-ab0f-0f93584a99a0,Amazon,E-commerce,1,2026-01-29,تجربه سيئة للغاية عدم التزام بالمواعيد المحددة منهم ويعرضون منتجات غير موجودة عندهم,Negative
20b77cee-eb31-498f-b1e5-c32c9f0bb55f,Amazon,E-commerce,3,2026-01-29,يرجى توفر جراب لجهاز موتورولا E22,Neutral
9e598b48-81b1-4e25-b4b7-ab27ea889bc6,Amazon,E-commerce,5,2026-01-29,ممتاز,Positive
8df93568-8851-4a69-b130-7f276cb654fe,Amazon,E-commerce,5,2026-01-29,جميل,Positive
a158c248-ce75-411d-9ed4-36cf2aace212,Amazon,E-commerce,5,2026-01-29,ممتاز جداً وسهل وسريع والأسعار مناسبه جدا شكرا,Positive
6f7efa30-9109-4659-8c02-43064e4fb23a,Amazon,E-commerce,1,2026-01-29,جعل نظام برايم اجباري 3 شهور سيئ جدا,Negative
33411667-4699-4f8d-b341-bf3f8e439de8,Amazon,E-commerce,4,2026-01-28,اسعا. ممتازه مع تخفيضات بطاقة الراجحي,Positive
b6fff41a-88c1-4ffa-99ff-e146409a7f4c,Amazon,E-commerce,5,2026-01-28,good,Positive
d5f6bf31-f473-4ecd-9c00-83b618649d17,Amazon,E-commerce,1,2026-01-28,اسوء تجربه ممكن الواحد يسويها يسحبون من البطاقه بدون cvv وبدون رسالة تاكيديه من البنك ويعالجون المبالغ المسترده خلال شهر نون افضل منكم الف مره حسبي الله عليكم,Negative
ffa4aec8-c4ee-4b54-808d-ffd577635905,Amazon,E-commerce,5,2026-01-28,ممتاز,Positive
c60d087f-8eb7-43ec-907f-7dc25e93fa25,Amazon,E-commerce,1,2026-01-28,اما طلبت منتج من امازون تمام قولت للمندوب يستناني في المكان المعين اتصل بيه اعرف هو فين دلوقتي بيقولي انا رجعت الشركه تاني بيقولي حصلت غلطه في الشركه ومعرفش اي قولتلو غلطه اي طب بالنسبا للفلوس ال دفعتها اي ظروفها راحت ولا اي قالي هشوف الشركه وهرجعلك وبرن عليه اعرف وصل ل اي بيقفل في وشي انا لغيت التعامل مع امازون شكرا للتعامل الزباله,Negative
93f092fc-c1a0-4085-9392-bbc03d2f4ce9,Amazon,E-commerce,3,2026-01-28,ممكن تخلو طريقة الدفع عن طريق اتصالات كاش او فودافون كاش؟ بدل valu لان في بعض الناس مش عرفين يتعملو بطريقة دفع valu,Neutral
e2f04d2f-6211-47e2-bdcd-4aab23296a3c,Amazon,E-commerce,5,2026-01-28,جيده,Positive
5be9c66d-95de-4c51-beca-71c81d27f50c,Amazon,E-commerce,5,2026-01-28,افضل موقع,Positive
932a3796-ea3c-4289-b603-b05a1bad7294,Amazon,E-commerce,5,2026-01-28,ممتاز,Positive
8cfe6b99-328d-4e1b-85d3-17c05c85c75c,Amazon,E-commerce,5,2026-01-28,مره حلو,Positive
76527f14-2c59-4588-acc0-a61b97cfb9b5,Amazon,E-commerce,1,2026-01-28,شركة زفت مش بيوصلوا لحد العنوان ، المندوب بيجيلك في مكان تاني ويقولك تعالي استلم,Negative
d5594724-aceb-48ae-bdd6-7cfaecd5e22d,Amazon,E-commerce,5,2026-01-27,ممتاز,Positive
28fa2bab-2fff-4a07-9f59-08060b8443d7,Amazon,E-commerce,5,2026-01-27,ممتاز جداً جداً جداً,Positive
c5ef901d-a370-4f6e-a4f9-1e06d5561c2d,Amazon,E-commerce,5,2026-01-27,تحت التجربة,Positive
649fc76a-363d-46fa-b90f-971006934a85,Amazon,E-commerce,5,2026-01-27,ممتاز,Positive
627e039d-fd6d-4975-a54e-eec158ed4092,Amazon,E-commerce,3,2026-01-27,في حاجات كتير برضو بتعلق,Neutral
0870283d-8f66-4b45-982f-b6861fb5cc86,Amazon,E-commerce,1,2026-01-26,ليس متاح في سوريا,Negative
b07dc273-eb2a-4b6d-abf1-6c4caa7e8839,Amazon,E-commerce,1,2026-01-26,مدري ايش المشكله مع امازون السعوديه مرة تجيني الطلبيه تغليفها سي ومفتوحه ورميتها هذه ادوات تجميل كيف مفتوحه والسواق يتركها عند باب الجيران ويمشي .والان يرسلوها على سبل وسبل يطلب مني تبع الشحن واخاف يكون هكر .وكمان امازون مايراسلني عالبريد منتهى الاهمال عموما ماعدت اثق فيكم وبسحب عليكم مهملين,Negative
fe2d6ed1-e645-4baa-a316-853a2618c73b,Amazon,E-commerce,5,2026-01-26,ممتاز,Positive
377096d9-5c7b-4634-948a-9959b96fb72c,Amazon,E-commerce,5,2026-01-26,حلو,Positive
4baa8a73-334f-456e-b1af-9999ad954a28,Amazon,E-commerce,1,2026-01-26,أصبح بشع جدا معظم الاوردارات تالفه والبعض الآخر يأتي مختلف تمام ع الاوردر اللي اطلب,Negative
23c781a8-3cf3-45fa-aedd-e8afd5b1da76,Amazon,E-commerce,3,2026-01-26,لماذا لا يوجد دفع عند استلام,Neutral
7dbd3b2b-e124-464b-975e-db1bdb18855b,Amazon,E-commerce,1,2026-01-26,هذا التعليق فكرة حديثة هذا الشهر واقع بي اني استخدم بيانات الجوال، للاسف لم يعد يعتمد كلماتي ولا ارقام التأكيد المرسلة عبر الهاتف. ايميل. او وتس🥲. لا احتاجه إلى حين يتم حل المشكلة أو جزء منها,Negative
5cad23dc-ba26-420c-b44c-3194358cba43,Amazon,E-commerce,1,2026-01-26,اخر فترة اسوء خدمة من امازون طلبت منتج واللي وصل البيت منتج اخر ومازالت في مشكلة معهم وبعد موافاتهم بالاثباتات لم يتم اي أجراء,Negative
d6e03c88-c80a-4904-b19a-3faf15670f3a,Amazon,E-commerce,5,2026-01-26,شكرا امازون,Positive
5da2c6ea-d76e-4d85-9ebe-e912c3ee4157,Amazon,E-commerce,5,2026-01-26,حلو,Positive
68c9ee63-bd45-413f-8524-5bd4bc8577ce,Amazon,E-commerce,1,2026-01-26,تطبيق سيئ في التوصيل لا أنصح بالتعامل معهم,Negative
561b055f-de4a-45e0-b6f2-e450e12f5f26,Amazon,E-commerce,5,2026-01-26,جيد جدا,Positive
b79fe4d2-d8bb-4576-b5bf-586f45d3ba65,Amazon,E-commerce,1,2026-01-26,شركات الشحن المتعاقده مع امازون شركات نصب واحتيال ولا أنصح بشراء من موقع امازون نهائيا,Negative
aa03c6fd-c8f8-42e6-b1f4-a7ef110a1900,Amazon,E-commerce,1,2026-01-26,سيء جداا,Negative
9645e9df-0214-4555-9435-8ff794908834,Amazon,E-commerce,1,2026-01-26,مطلعين عيني علشان اعرف اطلب اي الصعوبه دي كلها,Negative
06ab3d7f-fb1d-4362-b863-e52d1b8f699b,Amazon,E-commerce,5,2026-01-26,شكرا,Positive
165488ac-df97-44ad-8fb8-93b03c81f7fd,Amazon,E-commerce,5,2026-01-26,Beautiful experiment,Positive
210100da-3ae6-4b2e-a5c9-ee7abc7d45b2,Amazon,E-commerce,5,2026-01-26,تحفه,Positive
6b79dca1-1184-41a0-86a7-b65477198155,Amazon,E-commerce,5,2026-01-25,جميل جدآ جدآ جدآ جدآ جدآ جدآ جدآ جدآ جدآ جدآ جدآ جدآ جدآ جدآ جدآ جدآ جدآ جدآ جدآ جدآ اول مره اشوف تتبيق بهذ ا الجمال بيحمل بسرعه,Positive
853ad353-ce62-4ae3-a05a-133f4a5228c5,Amazon,E-commerce,1,2026-01-25,اسوء تجربة مرة علي اسوء حتى من جولي شيك و علي اكسبرس و شذا شهر تقريبا و لا فيه اي تحديثات عن الطلب أخذوا الفلوس و بلطوا حتى اللي يبي يحط تقيم ما يقدر يعاني شايفين و مطنشين,Negative
f41a23ec-deac-4ade-852b-17ed2fd6e438,Amazon,E-commerce,5,2026-01-25,very good,Positive
66e93e25-b391-4365-930e-ef3f182c9baf,Amazon,E-commerce,5,2026-01-25,جيد,Positive
50a1a600-4bdd-4189-a8c5-fd803aab6164,Amazon,E-commerce,5,2026-01-25,لقد اشتريت حاجه وطلعت مكسوره,Positive
a2927398-2092-4443-93ae-4ac96638e7b4,Amazon,E-commerce,3,2026-01-25,المنتجات كتير اوي بيجيلي الاورد غلط و غير مشابه مع المواصفات و المشكله لو دفعه كاش لا الفلوس بترجع خلال أيام و كمان علي محفظه امازون مش كاش زي ما دفعت,Neutral
34e48164-6be8-479d-a7b5-7919806f8188,Amazon,E-commerce,5,2026-01-25,رائع جدا وعروض جامده 😘💥,Positive
8004d7b7-2fe7-4c94-a83c-d8e051569e0c,Amazon,E-commerce,5,2026-01-25,ممتاز,Positive
42c43943-ab11-410d-af69-f4e2f5a78e8e,Amazon,E-commerce,5,2026-01-25,معمله جيده,Positive
449f5432-88db-4529-a02e-89d18026e0ee,Amazon,E-commerce,1,2026-01-25,"“In Dubai’s market, a 5-day delivery delay is unacceptable. Amazon seriously needs to fix its delivery service or stop pretending it’s premium.”",Negative
ee744ab7-169d-4c42-ad70-8aae1cef68e1,Amazon,E-commerce,5,2026-01-25,رائع وأسعار حلوه مره انصحكم به,Positive
c64c92f5-7767-48fc-b0ca-73269d2ebe0b,Amazon,E-commerce,5,2026-01-25,جميل جدا,Positive
8687f308-a47e-4c3c-a131-4058937b9f20,Amazon,E-commerce,5,2026-01-24,جيد,Positive
823f63b0-a16d-40fc-9e85-7826855dfe72,Amazon,E-commerce,5,2026-01-24,احلى تطبيق,Positive
6c6cf422-dc3d-4096-8e04-91eafbc231a8,Amazon,E-commerce,5,2026-01-24,جميل,Positive
5e5ebd6f-6bf8-4ba5-91f5-25cfda5b03e0,Amazon,E-commerce,5,2026-01-24,برنامج ممتاز وخدمة عملا محترمين جداا وبيقدروك كعميل...الصراحه تطبيق وخدمه ممتازه,Positive
839e0e4b-07b0-400f-90a3-437ad0fe045e,Amazon,E-commerce,1,2026-01-24,تجاربى معاهم كويسه بس زهقونى انهارده طول اليوم مستنياهم عشان توصيل طلب تافه جدا بس كنت فى احتياج ايه أثناء النهار يعنى رغم انى طلبت مستعجل عشان يوصلنى الضهر أو العصر بالكتير ولحد الآن موصلش وطلبت معايا بقى اجى هنا اديهم نجمه من كتر غيظى,Negative
1ce68d62-e9f3-431c-a9f6-87dfc47f3576,Amazon,E-commerce,5,2026-01-24,رائعه,Positive
a5130843-b6de-4eb0-abce-d62b3335a36d,Amazon,E-commerce,5,2026-01-24,قمة الامتياز,Positive
62217355-896e-4b0b-a2fa-d5286c63252f,Amazon,E-commerce,1,2026-01-24,اشتركت عضوية 3اشهر ومحد يرد اخذتو فلوسي,Negative
38b3127e-f51a-4f8d-8dd0-0e931411adac,Amazon,E-commerce,5,2026-01-24,thank you Amazon USA,Positive
c12371eb-b29b-45a5-aee9-f4b31b58b498,Amazon,E-commerce,1,2026-01-24,لغو طريقة الدفع عند الاستلام مع اني طالب طلب قبل كدا,Negative
3ddc48ac-e1bc-4441-8218-403892df90f6,Amazon,E-commerce,2,2026-01-24,لا توجد دولة الجزائر للاسف 💔🙂😢 لاكنه جميل ارججوا ان تضيفوا الجزائر وان توفروا لها شحن وتوصيل الله يخليكم 😢😢💔💔,Negative
23ddd506-6d82-4503-9fb1-dd0b444292c7,Amazon,E-commerce,1,2026-01-24,غير جيد اسوء,Negative
fdad7420-b9c4-4c9c-808b-ad24cd08d38b,Amazon,E-commerce,5,2026-01-24,ممتاز جداً جداً,Positive
9a90bc8a-a088-4a63-87d3-c3d07b4c4d50,Amazon,E-commerce,1,2026-01-24,اغلبيه المنتجات غير جيدة وخدمة الاسترجاع سيئة,Negative
2bf8cbbe-0f2c-44dd-8f48-30db0dfe21eb,Amazon,E-commerce,5,2026-01-24,انا نحبك ،📦📦📦,Positive
ab106999-6621-4016-8445-53839b94489a,Amazon,E-commerce,5,2026-01-24,تطبيق رائع جداً,Positive
2e7700ba-9ad9-463a-bc2a-3798be6b9447,Amazon,E-commerce,1,2026-01-23,اسوأ تجربة وخصوصاً امازون مصر المندوب حرامي والتاجر نصاب وخدمة العملاء تقريباً هما اللي بيساعدوهم اللي حصل كالتالي طلبت ترابينو شحن معاه 2 بطارية ووصلة شاحن Type C وللأسف اللي جالي ترابينو بطارية واحدة فقط بدون حقيبة وباقي الإكسسوار. ولما عملت عملية ارجاع من يناير 2025 لحد النهاردة لم يتم الإرجاع وتواصلت مع خدمة العملاء لأكثر من مرة ويحطوني على قائمة الانتظار 4 اسابيع حتى انتهت مهلة الإرجاع وبعتولي رسالة انهم اغلقو عملية الإسترداد...ومن وقتها مردوش عليا...وحظرو استخدامي للدفع عن الإستلام,Negative
63555849-2564-469a-bed3-e6dd8d119fb4,Amazon,E-commerce,1,2026-01-23,معظم بضاعة امازون ناقصة او معيبه و غالبا ما يتم ارجاعها و بعد ارجاعها يعودوا لتسويقها مره و لا يراجعون تقييمات العملاء لا انصح احد بالشراء منهم و لا يستحقون النجمه حتي,Negative
36083629-0be2-4cff-a3f8-53ab54af8d23,Amazon,E-commerce,5,2026-01-23,تطبيق جداً جداً ممتاز,Positive
4bf30505-7743-410f-a292-bb4506af6dfd,Amazon,E-commerce,3,2026-01-23,رائع,Neutral
73efffb8-754c-4bbe-b978-297b2dbfafb8,Amazon,E-commerce,5,2026-01-23,حلو بس غالي شويه,Positive
be04154e-9f9f-4ab9-b499-9f00e8bb39e9,Amazon,E-commerce,5,2026-01-23,جيد جدا وممتاز,Positive
9fad66f7-d014-411b-a9e5-466861bfb2eb,Amazon,E-commerce,5,2026-01-23,ممتاز جدا,Positive
bd7aa6e2-f32f-43a5-8368-e2a9278f4577,Amazon,E-commerce,5,2026-01-23,جيده,Positive
f9435119-7806-4de4-92b5-30cda87bf9a2,Amazon,E-commerce,5,2026-01-23,جامد,Positive
377adeeb-7ed9-4f3d-bd81-5cf229b73ad4,Amazon,E-commerce,5,2026-01-23,أفضل تطبيق لشراء جميع الأشياء,Positive
df5967e7-56d3-45f6-891e-e9cd4c31ea43,Amazon,E-commerce,1,2026-01-23,لايوجد توصيل لجمهورية العراق انهُ سيئ😭🥺,Negative
fb458d02-8e9c-4b02-9404-ea3145834ba4,Amazon,E-commerce,5,2026-01-23,تجربه ممتعه شكرا امازون,Positive
8d87b759-248d-478d-a6a3-a8d1f98563fb,Amazon,E-commerce,1,2026-01-23,التطبيق مقاطعه، فوقوا,Negative
dd5a4f8f-7392-4e9b-88e3-eeaf376ec175,Amazon,E-commerce,1,2026-01-22,تطبيق سيء جدا المندوب قلة زوق ومفيش توصيل لكل مكان بيضحكو على العالم وييخلوك تدفع بالفيزا وصعب انك ترجع طلبك مرة تانية قلة زوق ونصب وضحك على العالم التطبيق غير موثوق ونصب وسرقة احذروا تدخلوا بياناتكم كذابين,Negative
6a8c758d-8b87-4c18-ae9f-8fe4b988850c,Amazon,E-commerce,1,2026-01-22,بصراحه البرنامج مبقاش زى الاول فى المعاملات و مفيش صدق فى المعاملات و بقا يخلى العميل يبقا عنده انتظار فى المده كبيره و بعد كده بيلغى الطلب و لو عملت معامله كامل عباره عن طلبين يوصل طلب و متأخر و ممكن الطلب الثانى المهم يتلغى,Negative
8f892515-87e4-4fb3-93fb-dba1a4445532,Amazon,E-commerce,1,2026-01-22,لسه هجرب,Negative
b77cd0cb-4e1f-4357-b599-d637b53ff9ac,Amazon,E-commerce,5,2026-01-22,جيد,Positive
f6d397e3-4e95-418d-ae29-cab1b5157eb8,Amazon,E-commerce,5,2026-01-22,شكرا امازون,Positive
45b1dec0-9b27-405a-ab7b-5474cf11a199,Amazon,E-commerce,3,2026-01-22,موقع يتجه للأسوأ من يوم للتانى بسبب الاسترخاص في الموظفين وعدم وجود تدريب جيد وعدم وجود جزاءات قوية على التجار الغشاشين,Neutral
6037e8ef-4cb5-4fd2-90a0-b25456cc697f,Amazon,E-commerce,5,2026-01-22,رائعه,Positive
7f040b54-fac7-4d73-8a62-8ba3b5197ba7,Amazon,E-commerce,5,2026-01-22,امازون دي شركه رائعه,Positive
d58a56ec-bc26-4c5f-a7a5-e75b2558990d,Amazon,E-commerce,5,2026-01-22,جيد جدآ,Positive
f0bc9b2c-2b59-48db-b71a-4c2b8208df24,Amazon,E-commerce,1,2026-01-22,يالطيف اسعار نار,Negative
003983a9-5cce-434e-a99a-76332c78c9f5,Amazon,E-commerce,5,2026-01-22,جيد,Positive
c2c43d31-5eb8-4944-99fa-68f69f862eb2,Amazon,E-commerce,5,2026-01-21,جيد,Positive
6f276d22-294a-4df9-9aa3-a70f575f3495,Amazon,E-commerce,5,2026-01-21,"Utmärkt, tack till er personal.",Positive
e388b29f-48a4-4b01-abe8-1d1e5ce242a3,Amazon,E-commerce,5,2026-01-21,جيد جداً,Positive
dde957fb-efe5-46cd-ad26-22fbdb9a145e,Amazon,E-commerce,1,2026-01-21,طلبت كشاف والبطارية مفقوده وخدمه العملاء قلتلي هنتصل بتاجر وهيت ال بيك ومفيش اي حاجه حصلت حولت اتصل بيهم تلفونين الرسأل كلها مسجله شكرا معا العلم انو اول مرة اتعامل معا امازون ونا مش هتعمل معاهم تاني شكر,Negative
74296fc6-dd19-4d94-aa0c-7bdebee9f931,Amazon,E-commerce,1,2026-01-21,شركه نصابه,Negative
c16df625-a66c-4b28-84c7-0e1db03b8b35,Amazon,E-commerce,5,2026-01-21,احلى معاملة وكلام صادق,Positive
9f802171-fae3-4e26-ae57-817da8d7c02a,Amazon,E-commerce,5,2026-01-21,اشكر مصمم امازون,Positive
1317cb4a-fea3-43d1-a766-37b1bea29ad8,Amazon,E-commerce,5,2026-01-21,ممتاز,Positive
609e4824-d3c9-4d39-8fa9-a7d74f4fe156,Amazon,E-commerce,1,2026-01-21,سيئ جدا طلبات ناقصه والمناديب سيئين وكل واحد يرمي على الثاني الغلط لاانصح بالتعامل مع امازون في أسواق بدايل نون,Negative
9ab3c09d-5d49-4e30-9f3b-37600e0a016b,Amazon,E-commerce,5,2026-01-21,منتاز,Positive
bdc3a7a0-9fa2-4b0e-b76f-b9ab1edbb323,Amazon,E-commerce,2,2026-01-21,تطبيق جيد,Negative
7bfe195d-6712-4c69-8f9e-37c5942624bc,Amazon,E-commerce,1,2026-01-20,"Eigentlich war Amazon immer meine Lieblings-App, aber die aktuelle Erfahrung ist extrem frustrierend. Mein Konto wird ständig grundlos durch automatisierte Systeme gesperrt, obwohl ich alle offiziellen Rechnungen (z.B. von MediaMarkt und andere) vorlege. Es ist einfach nur noch nervig und zeitraubend, sich mit diesen unnötigen Fehlern herumzuschlagen. Früher war der Service top, heute ist es nur noch provokant. Ein Stern, bis das Problem dauerhaft gelöst wird! Ein von Amazon enttäuschter Kunde.""",Negative
4f3657f1-259c-4074-ac38-d7316397b1c4,Amazon,E-commerce,1,2026-01-20,برنامج كله شمامين وحراميه بجد مش بهزار بيجيبو مناديب شمامين وحراميه,Negative
b1c7a51f-afb9-43f6-ab7e-a19a03fbb19a,Amazon,E-commerce,5,2026-01-20,🥰,Positive
8ca67417-b3aa-4c62-b6a3-afe55a68d02e,Amazon,E-commerce,1,2026-01-20,للأسف الشحن بطيء جدا ليجبرك بإشتراك برايم ( محرم لأنه ميسر ) أسوأ تطبيق تسوق على الإطلاق ! غير مرتبط بشركات الشحن لربط حالة الشحن بشكل فوري بطيء في كل شيء رفضت استلام الطلب لتأخره جدا وانتظرت مع متابعة مستمرة أكثر من شهر ونصف حتى عادت نقودي !!! معاناة متكاملة لا أنصح به إطلاقاً.,Negative
1ed601b3-5c55-438d-9841-86b24469445e,Amazon,E-commerce,1,2026-01-20,تطبيق يوصل لك اشياء ليست لك تطبيق يخبط لك اشياء لا انصحك دلوقتي,Negative
a2605c38-e342-4f6f-b0aa-d22621712cf1,Amazon,E-commerce,1,2026-01-20,سئ,Negative
60110ab3-3872-455a-8d58-11737c8652df,Amazon,E-commerce,1,2026-01-20,اسوء تطبيق طلبات وخدمه عملاء,Negative
3cedc0d3-8fd8-4ef5-8bdc-2958c46430e9,Amazon,E-commerce,5,2026-01-20,هذا البرنامج رائع جداً 🤩🤗,Positive
67694f91-9335-4723-a58e-d2fb89eea61e,Amazon,E-commerce,5,2026-01-20,ممتاز,Positive
5c28ff71-3116-4da6-be16-3978b9428a5d,Amazon,E-commerce,5,2026-01-20,تطبيق رائع,Positive
4ab6a815-e0e7-4378-8067-a4dab18b61f6,Amazon,E-commerce,5,2026-01-20,جيد,Positive
1e359e70-a9e9-4268-9084-4853a200c44a,Amazon,E-commerce,1,2026-01-20,سيئ طلبت جراب للهاتف ب 900 جنيه و جالي حاجه تانيه خالص و لما عملت استرجاع لم يعيدوا المبلغ,Negative
822a0ef5-2378-4c54-9da0-d9acf714f7c6,Amazon,E-commerce,1,2026-01-20,سئ جدا لاأنصح بالتعامل معهم والطلبات تجي ناقصه هذي اول مره واخر مره اطلب من عندهم مسح البرنامج ولن يتم التعامل معهم,Negative
48d23e92-1111-44dd-ac03-237670c7d9e6,Amazon,E-commerce,1,2026-01-20,(التطبيق يحتاج الى اعادة النظر ليصل الى قلوب المتسوقين) اسوة بتطبيقات اخرى من ناحية السهولة والبحث.. التطبيق يحتاج الى نشاط اكبر وسعت صدر لتقبل اراء وشكوى العملاء والحياد فى حل المشكله بين العميل والتاجر . الانحياز للتاجر يفقد امازون المصداقيه. تم الكتابه عام ٢٠٢٢ وحتى الان التطبيق كما هو بدون اى تطوير,Negative
2fff3d40-1d64-4b00-81f3-2bc81ad8ef4a,Amazon,E-commerce,1,2026-01-20,ازبل شركه ممكن تتعامل معها في التاريخ بقى لهم ثلاث ايام بيحاولوا يوصلوا لي اولدر ودايما يقولوا لي العنوان مبهم ومش عارفين نوصل لك مع العلم هم وصلوا لي قبل كده كذا اولدر على نفس العنوان قولي لي باقصى حد في اليوم الثالث ان الالدر جاي الساعه 10:00 الصبح بكلمهم الساعه 10:00 الصبح بيقولوا الالدر ده ضاع من مندوب الشحن بعد ما خلوني استنى 3 ايام واعطل بكل برود بيقولوا المبلغ بتاع حضرتك هيترد تاني بعد اسبوع على اساس الغلطه من عندي مش من عنده مش بيحاولوا يعوضوني يقولوا لي هنجيب لك الالدر في اسرع وقت,Negative
f3b05233-c610-4e83-ae47-294f4a1ecf1c,Amazon,E-commerce,5,2026-01-20,🥰🥰😍,Positive
9825738b-c40c-48f7-b041-83008c3226bb,Amazon,E-commerce,1,2026-01-20,امازون مصر برنامج من سيء لأسوء,Negative
587e0386-6370-42ba-8a91-d5ba756d66cc,Amazon,E-commerce,5,2026-01-20,تطبيق جميل,Positive
f2d7b860-3918-4a84-af51-216ab37a9f22,Amazon,E-commerce,1,2026-01-19,الاسعار عالية والجودة وحشة وطلبت كرسي بعد مادفعت الفلوس لغوا الاوردار من غير مايرجعولي,Negative
38b69fbd-909d-4a62-beae-54383044b465,Amazon,E-commerce,1,2026-01-19,لماذا لايتوفر خاصية التسليم الفوري,Negative
90558931-4b5a-4165-a6cc-8bbba02727fb,Amazon,E-commerce,1,2026-01-19,"تجربة سيئة جداً وخامات رديئة التقييم: ⭐ (نجمة واحدة) المنتوج سيء للغاية ومختلف تماماً عن الصور الموجودة في الموقع. الخامات ضعيفة جداً وواضح إن جودتها رديئة. المشكلة الأكبر في إجراءات الاسترجاع، الموضوع أخد شهر كامل عشان المرتجع يخلص، وفي الآخر الفلوس رجعت في ""رصيد الحساب"" على أمازون مش كاش، يعني مجبر تشتري بيها تاني من الموقع. لا أنصح بالتعامل",Negative
eb120bb1-113d-409b-80cc-0ae76bfcd5c1,Amazon,E-commerce,5,2026-01-19,كويس,Positive
72b87a71-f0ba-43cc-ad53-dbdcc1a28988,Amazon,E-commerce,1,2026-01-19,خدمة عملاء سيئ,Negative
8b89a882-7a17-4017-a8c4-90c3afbe84c3,Amazon,E-commerce,1,2026-01-19,تطبيق سيئ ونتن,Negative
fa7bf00c-1033-4219-a1db-24f7276a107c,Amazon,E-commerce,5,2026-01-19,شكرا لكم,Positive
bbcd8dd8-18c9-4cee-8c3a-cc1ae5fee8c0,Amazon,E-commerce,1,2026-01-19,دايما التوصيل غير متاح والدفع عند الاستلام تطبيق غبي,Negative
e9fa1a95-0441-4adf-a915-06ce9656affb,Amazon,E-commerce,4,2026-01-19,هو تطبيق كويس والله بس في مشكلة ان اشحن بيجي في امكن بقول انو مش بيرحه مع ان نون بيجي,Positive
7aafb852-a2db-4ffc-b581-dcf01e1d6a32,Amazon,E-commerce,5,2026-01-19,حلوووو,Positive
57983c37-34f9-42c6-981d-49a92489ae51,Amazon,E-commerce,1,2026-01-19,سئ جداً لا يوجد دفع عند الاستلام,Negative
db2db76a-a484-487b-8668-3564296b3352,Amazon,E-commerce,1,2026-01-19,خدمة عملاء صفر و بعض البضائع المستخدمه منتهية بسبب سوء التخزين او مخلفات المصانع و الشركات,Negative
ee36c2cf-2a7a-439f-812a-92299acb50c4,Amazon,E-commerce,5,2026-01-18,good,Positive
9b02424d-2510-422f-8de8-86ee4d816a44,Amazon,E-commerce,5,2026-01-18,جيد,Positive
ef58787b-864e-4de4-a0ba-84f2b13bc06c,Amazon,E-commerce,5,2026-01-18,ممتاز وسلس وسهل وأمن,Positive
d3619891-be49-4487-ab70-e3e4b247c53b,Amazon,E-commerce,5,2026-01-18,رسوم الدفع عند الاستلام مش محبوبه,Positive
d08272be-bc74-4117-8549-b53a9c6c684c,Amazon,E-commerce,4,2026-01-18,عيبه الاكبر شركات التوصيل حاجه في منتهي السوء و قله الأدب,Positive
16dd150b-b6eb-43e7-bce6-d7ea7b7a2bd5,Amazon,E-commerce,5,2026-01-18,راااائع جدا,Positive
1487e5b6-0527-4484-b267-32196d2103dd,Amazon,E-commerce,5,2026-01-18,اننا أريد تنزلي,Positive
40c070ff-3012-4481-b773-a362d9b3de7e,Amazon,E-commerce,1,2026-01-18,تتبيق سئ جيداً,Negative
a7b66034-bae0-4ce1-8615-dbe908d7ca34,Amazon,E-commerce,1,2026-01-18,اوسخ شركه اتعاملت معها,Negative
061552f8-e3ce-4aaa-9153-3eae7c7149d2,Amazon,E-commerce,1,2026-01-18,التطبيق كان رائع لكن للأسف أصبح سيء عندما قمتوا بالغاء الدفع عند الاستلام .. يرجى تفعيل خاصية الدفع عند الاستلام لو سمحتوا,Negative
6efddcdf-ba21-41cd-a1aa-edfe81b46933,Amazon,E-commerce,1,2026-01-17,أحقر برنامج لتسويق والله العظيم من 11 يناير لحد 18 يناير محدش فيهم عايز يوصل ليا الاوردر كل يوم علي كده نصبوا عليا في فلوسي و عملت بلاغ فيهم,Negative
5cec57fe-1c85-4afc-9c7e-d77d6562e6eb,Amazon,E-commerce,5,2026-01-17,تحفههههه,Positive
48e1539d-2801-4af4-8904-4a6e7369ea7c,Amazon,E-commerce,5,2026-01-17,امازون احسن اخطيار,Positive
0834494f-3558-4429-a414-b0e1f954b0f3,Amazon,E-commerce,1,2026-01-17,تاخير فى استرداد الأموال فعندما تشتري شيئا وتدفع من خلال بطاقة الهدايا ثم تلغى الطلب قبل أن تستلمه بيوم مثلا يتأخر المال كثيرا واحيانا لا يرجع,Negative
98fe566a-56d3-449a-aae1-91b25bac146e,Amazon,E-commerce,5,2026-01-17,ممتاز,Positive
3a5bc220-506b-4fcd-b8eb-78b9fd4c1cf9,Amazon,E-commerce,5,2026-01-17,هذا التطبيق رائع جدا جدا جدا جدا و مضمون ويوجد جميع طرق الدفع و جميع الأشياء متوفرة و الكولتي بتاعت الحجات رائعه جدا جدا جدا جدا احلي تطبيق بجد,Positive
d269f0f1-1203-49cf-9746-4fdc73fa8160,Amazon,E-commerce,1,2026-01-17,طالب الجوال قبل اسبوع يقولو يوصل الاربعاء موصلش يوم الاربعاء كلمت شركه الشحن ارمكس قالو مش بنوصل للمنطقه اللي انت فيها ممكن نوصل الجوال مستودع ارمكس قريب منك قولت ماشي قالو 3ايام وبيوصل المستودع قريب منك واليوم ال4 والجوال ما وصل اكلم خدمه رمكس تاني يقولو من 24 ساعه الي 48 ساعه بيوصل هيا دي طريقه تتعاملو بيها خلو في مصدقيه,Negative
9a48bdaf-4654-43c9-a1f5-9273df1fcdd0,Amazon,E-commerce,1,2026-01-17,جاري الحذف طلبت قاعده انبوبه جاني كرسي حمام وطلبت كات مومري جاني خله اسنان وهكذا شاحن تليفون وجراب موبايل جاني من غير محفظه غير مطابق تماما تشتري حاجه توصلك حاجه تانيه بس بصراحه افضل خدمه عملاء علي الاطلاق,Negative
8ce4bcbc-9021-4895-a717-7a27840e7300,Amazon,E-commerce,5,2026-01-17,تسوق,Positive
68ad92e0-909a-4028-8dda-3c9ee5d23f82,Amazon,E-commerce,1,2026-01-17,مفيش اي اهتمام للأمر ورفضو الدفع عند الاستلام مع اني كنت طالبه بمبلغ مش كبير وكل ما اكلم خدمه العملا يقولو هنحل المشكله او بليل هتتحل ومفيش اي اهتمام كل اللي فارق لخدمه العملاء التقيم فقط ومفيش اي حل للمشكله بتاعت العميل بصراحه برنامج نون طلع افضل خدمه وتطبيق,Negative
c74edfe0-6977-49fc-96c2-ebf5cf4d30df,Amazon,E-commerce,5,2026-01-16,ممتاز جدا,Positive
b9ec74bb-7c9f-4561-8b19-3592d55318ea,Amazon,E-commerce,1,2026-01-16,عندى مشكله كبيره من البلاك فرايدي وكل ما اتصل يقفلوا فى وشي السكه ومماطله فى تسليم الاوردر لانه كان بخصم حقيقي بعد كميه الاوردرات اللى عملتها معاكم مش هتعمل تانى ابدا,Negative
c885b3d1-fc63-4d4e-9d02-82288d12b61f,Amazon,E-commerce,1,2026-01-16,سيئه,Negative
e5d19f36-ff6b-4532-8d24-ae2da6a174a1,Amazon,E-commerce,1,2026-01-16,لا يو جد البلادي,Negative
b57adf7e-3591-4ed2-8441-4d27f2adadd7,Amazon,E-commerce,1,2026-01-16,لا يوجد دفع عند الستلام,Negative
6cf1fc31-a2c9-4baa-a890-d6b6f1290fcb,Amazon,E-commerce,1,2026-01-16,ما فيش حاجه بتجيلي والحاجات دي مكس بتجي,Negative
1a91b140-b4f8-4349-a05d-c1681eb14f7a,Amazon,E-commerce,5,2026-01-16,ممتاز جدا 🥰🌸,Positive
b3faa0d4-8890-46a9-9128-5cf8da02c2b8,Amazon,E-commerce,5,2026-01-16,تطبيق رائع,Positive
a4ef10e4-c27b-4737-bfd1-42f86ce58cbd,Amazon,E-commerce,5,2026-01-16,❣️♥❣️♥❣️ (｡◕‿◕｡) ♥❣️♥❣️♥❣️ كل ماتحتاجه,Positive
797af786-881e-499f-8582-06e69ebfeec3,Amazon,E-commerce,5,2026-01-16,جيد,Positive
ccd6f9b4-a7ca-4856-b565-e9dec9a766f8,Amazon,E-commerce,5,2026-01-16,تطبيق جميل جداً,Positive
6b2fe8bf-e777-4f2b-abe8-1473e1dc8858,Amazon,E-commerce,5,2026-01-16,صراحه تطبيق يستحق اكتر من حقه وخدمه العملاء قمه قمه قمه قمه الذوق والادب والاحترام وبيحرصوا اشد الحرص على ان حقك يوصلك بجد بشكر الاداره على التجربه الجميله,Positive
053bac7e-80b9-43dc-afd7-af1f78170244,Amazon,E-commerce,5,2026-01-15,بيزهقننى ليه بيطلب متي مسح تطبيقات مهمه,Positive
0505c4a6-4882-474d-985f-835241cb02b6,Amazon,E-commerce,5,2026-01-15,رائع,Positive
430b442d-9a76-4912-933d-d6dea81f49ad,Amazon,E-commerce,5,2026-01-15,جميل جدا ورائع جدا,Positive
022bcc4f-5853-4fa2-8eab-c4c4772afc47,Amazon,E-commerce,5,2026-01-15,جامد,Positive
829bea7d-56e7-4d1f-b134-471fa911dcbf,Amazon,E-commerce,1,2026-01-15,اسوء تطبيق يوصل الطلب لباب غلط ولا يتأكد مني ويروح وتروح علي الطلبيه الله لا يحلل لكم ولا يبيحكم,Negative
336dfc7b-a552-4297-8dba-9a00d73695f6,Amazon,E-commerce,5,2026-01-15,جيد,Positive
acbee6e1-c7cd-4591-aebf-72af3c4c6d7f,Amazon,E-commerce,5,2026-01-15,عايزة تخفيض,Positive
4d38c70f-b25e-40bf-a861-3a30153e5a00,Amazon,E-commerce,3,2026-01-15,الله ينور,Neutral
6005ac57-853c-431f-b505-e43def4e524a,Amazon,E-commerce,5,2026-01-15,ألاجهزه ممتازه,Positive
bc70bf00-dc82-4bb2-b498-ed4d98fe38a3,Amazon,E-commerce,1,2026-01-15,سيء,Negative
98f12bd6-bc9b-482c-b811-831928216944,Amazon,E-commerce,4,2026-01-15,برنامج جميل ومصداقية عالية,Positive
95bfdc0d-0bb5-4ab8-95d5-5b1d5ae0a095,Amazon,E-commerce,1,2026-01-15,المصداقية صفر عند خدمة العملاء كلام فقط الاسترجاع 5اشهر مطالبه لم يتم ارجاع المبلغ كامل,Negative
1827e814-46f5-4740-b084-234d70d5395e,Amazon,E-commerce,5,2026-01-15,جميل بصراحه,Positive
13d08e2d-8eed-4f55-b4b4-1186a38d8e70,Amazon,E-commerce,5,2026-01-15,جود,Positive
8e70d713-7d00-4bf0-9cc4-bfabe69e76a0,Amazon,E-commerce,5,2026-01-15,جيد,Positive
197b4806-1ed7-4150-b730-06e0837130f0,Amazon,E-commerce,1,2026-01-15,تجربتي في الامازون هي انه كان تطبيقا جيدا الان اصبح اكثر تعقيدا من حيث الشراء شراء او الدفع يعني معقول انت بتبيع رصيد الامازون بالهدايا ما يمكن تشتري بيه اصبح اكثر تعقيدا لذلك سامسح هذا التطبيق والان علي تجربه تطبيق تيمو,Negative
83c3a085-75f0-45c9-8bd2-8a643b554d86,Amazon,E-commerce,5,2026-01-15,ممتاز,Positive
a9d11821-0813-4fe2-b165-7f80f1a7097f,Amazon,E-commerce,1,2026-01-14,تجربة سيئه جدا تعب نفسي عندما تطلب حاجه وانت بحاجتها يمر الوقت الفعلي للاستلام وانت لا زلت تنتظر .. الى متى الى ان يرجعو فلوسك. واش اسوي بالفلوس وانا محتاج للغرض - للأسف حتى رساله اعتذار مافي,Negative
0d0bf5af-abca-4838-b7ca-2a5d5e41c4f0,Amazon,E-commerce,5,2026-01-14,تجربه ممتاز,Positive
bdca6b9d-83fc-471b-a01f-5c93799ba2f5,Amazon,E-commerce,5,2026-01-14,حلو جداا و الأسعار حلوه,Positive
47ba969a-2ba1-4db3-bb79-c25d0c414586,Amazon,E-commerce,1,2026-01-14,عطيتكون نجمة بالرغم من أن آمازون محترم بالتعامل مع الزبون بس اغلب المنتجات يلي بتبعت مع dhl على عنواني مابتوصل لانو بكتبو في خطأ في العنوان مع انو عنواني صح وتم توصيل اكثر من منتج مع dhl إلى عنواني ، لكن حسب رغبتك السائق اذا عندو رغبة بوصلها ماعندو رغبة بيكتب خطأ بالعنوان,Negative
eb48e1d6-fe1b-4f17-8844-3e000604e118,Amazon,E-commerce,5,2026-01-14,😀سعيد جدا بالتعامل مع امازون لسهولة التطبيق والتوصيل السريع وغايه في الدقه,Positive
462f40b9-c3c0-4a6e-9d4a-dd06085caa0a,Amazon,E-commerce,1,2026-01-14,اخطاء فادحه,Negative
08cc24c9-001b-402b-985c-52083b7fb1d0,Amazon,E-commerce,5,2026-01-14,جميل جدا,Positive
ddc4a92c-45ca-4417-92c7-0c0b149d831a,Amazon,E-commerce,5,2026-01-14,ممتاز,Positive
f3fa5de1-a18b-4797-bd48-f730fd5714e8,Amazon,E-commerce,5,2026-01-14,جميل جدا,Positive
95c095bb-1815-471e-bde9-94750b3640e8,Amazon,E-commerce,1,2026-01-14,لا أعرف لماذا يتم الغاء الشراء تلقائياً وهذا تكرر كثيراً في كل عملية شراء. أرجو الحل,Negative
b8149b18-7864-4050-bc77-106df1783381,Amazon,E-commerce,5,2026-01-14,حلو اوي,Positive
0262c64f-7788-42ad-b2ba-95e03913d9c9,Amazon,E-commerce,5,2026-01-14,شكراً من 💓,Positive
d820e6d0-5476-4caa-b29b-a912539526cc,Amazon,E-commerce,5,2026-01-14,برنامج تحفهههههه,Positive
f330c7cd-f880-43df-873c-82b0b2da28da,Amazon,E-commerce,5,2026-01-13,نمبر ون,Positive
07123d5f-51c1-440b-b95c-d9c44aebc7d2,Amazon,E-commerce,5,2026-01-13,ممتاز,Positive
d9007eba-7a3f-40ea-b4bb-ba96b5984910,Amazon,E-commerce,5,2026-01-13,جميل,Positive
2eca4190-d877-4efc-87f4-4adf4130b0c3,Amazon,E-commerce,5,2026-01-13,شركه عالميه وممتازة,Positive
31e8e3fb-6dd4-413f-8dd2-ebf2997f17eb,Amazon,E-commerce,5,2026-01-13,حلو والله العظيم ❤,Positive
9d2bf2a9-0235-457c-b886-28cc541c425b,Amazon,E-commerce,5,2026-01-13,ممتاز جدا,Positive
8ceab23e-ac1e-4acd-a4aa-fb887700fe55,Amazon,E-commerce,5,2026-01-13,رائع,Positive
aed4c957-5429-42aa-b87d-0980a8042338,Amazon,E-commerce,5,2026-01-13,حلوه,Positive
7304d7b0-154f-4ea6-9acb-34f93e11c1f0,Amazon,E-commerce,5,2026-01-12,افضل متجر,Positive
a48509c7-c276-44fe-8378-7903266d0b5a,Amazon,E-commerce,5,2026-01-12,خامات ممتازة و جودة التسوق و التوصيل,Positive
051c7e96-261a-44b1-813e-6caf4ba0fd6f,Amazon,E-commerce,5,2026-01-12,التطبيق رائع جداً وممتاز اتمنى لو كان هناك سلسلة تطبيقات امازون 🌷💤 ولكن عدم توفر بعض المنتجات يجعله تطبيقا رائع ولكن اتمنى توفر منتجات اكتر 🍙💯,Positive
391601d4-98af-47f9-8e25-96a516d0951c,Amazon,E-commerce,5,2026-01-12,ممتاز,Positive
54c8ea13-8759-47c0-ad3b-d4d8fe90b973,Amazon,E-commerce,5,2026-01-12,برنامج جداً جداً,Positive
b73bc437-e132-41de-b294-5e36576f3667,Amazon,E-commerce,1,2026-01-12,طالب باور سبلاي ما وصلني وكاتبين تم التوصيل سرقه عيني عينك ورب البيت,Negative
97f659ec-d90f-4357-8831-223b32c9e7c3,Amazon,E-commerce,1,2026-01-12,نصابين وحراميه,Negative
e866d7c7-94a7-4b6d-8952-fed2ac20d042,Amazon,E-commerce,1,2026-01-12,سيئ جدا جدا جدا لايوجد دفع عند الأستلام جمعت فلوس وبالنهاية كتبو لايوجد دفع عند الأستلام تطبيق سيئ لا انصح احد في ورغم من كلشي جميل ماعدا طرق الدفع حسبي الله ونعم الوكيل حتى النجمه خساره فيه اتمنى حل المشكله باسرع وقت ممكن,Negative
91534333-10dc-42f9-b13c-cf13fda6df7f,Amazon,E-commerce,1,2026-01-12,غير جيد,Negative
b8e5ba21-01e3-49de-a367-554516740c34,Amazon,E-commerce,5,2026-01-11,جيد,Positive
a3e74c0d-7604-4d5e-90ed-91ecae400949,Amazon,E-commerce,5,2026-01-11,واو واو واو رائع لمجرد الكلام جدا رائع انصحك بتجربه,Positive
e5ea2202-bbff-49d0-bc72-2184152783f5,Amazon,E-commerce,5,2026-01-11,ممتاز,Positive
b72ce678-3d02-4303-ae3b-5945245333c0,Amazon,E-commerce,5,2026-01-11,ممتاز جدا,Positive
7da5fdfb-a568-4326-9ddb-f859abea5f0f,Amazon,E-commerce,1,2026-01-11,ليه اتلغي عندي الدفع عند الاستلام بصراحه شيى سيئ جدا وكلمت خدمة العملاء مفيش اي حل,Negative
1da95c9c-5bfd-40a3-9a9f-1fa10e5c2997,Amazon,E-commerce,4,2026-01-11,رائع,Positive
1569e5c5-c188-49cb-bff1-9219e4ca6c4a,Amazon,E-commerce,1,2026-01-11,انا دلوقتي اشتريت منهم تلفون عامل 12560 الف وي المبلغ اتخصم تمام وي كل ما اجي اخش علي الحساب مش بريده يفتح معايه بكلم خدمة العملاء مش بيرد ارجو التواصل في اسرع وقت,Negative
fe81dbdd-a35f-4c28-b8f0-53825606fa73,Amazon,E-commerce,1,2026-01-11,خدمة العملاء زمان كانت راقيه الآن 👎👎👎👎👎👎 بالنسبة لي ((الادارة المصرية)) تطفش العميل,Negative
e065c17a-a99a-43a9-95d5-32fb36796345,Amazon,E-commerce,5,2026-01-11,شكرا بعد التحديث اصبح ممتاز,Positive
3cb386bc-cffd-4f68-9cf2-cb18c5b4b2f4,Amazon,E-commerce,5,2026-01-11,ممتاز **** ومصدقيه فى التعامل,Positive
af0ef628-8f95-4de3-a539-9f24b1063fa1,Amazon,E-commerce,1,2026-01-11,سيئ جدا في التوصيل الحاجات بتيجي ناقصه وبتدفعي المبلغ كامل وخدمه العملاء سيئه مش بتحل حاجه,Negative
49c7f576-6d4b-4958-be75-e53833287b42,Amazon,E-commerce,1,2026-01-11,Worst customer service,Negative
2903ec65-fc72-45e4-a1e5-f50d602ea674,Amazon,E-commerce,5,2026-01-11,السلام عليكم ورحمة الله وبركاته ممتاز هذا موقع,Positive
a17376d5-064f-44e7-b195-c2c37bbde287,Amazon,E-commerce,5,2026-01-11,تم فيه اضافة البحث بالصوره افضل تحديث,Positive
bdce38a2-a243-4a14-8321-d71ef569ab40,Amazon,E-commerce,5,2026-01-11,ممتاز,Positive
ce32407d-02e6-41c1-9d1a-fa31354e4979,Amazon,E-commerce,5,2026-01-11,شكرا,Positive
a5188713-55ca-48f0-9b08-04ff858f5373,Amazon,E-commerce,5,2026-01-10,برنامج ممتاز ورائع,Positive
81009bfb-3068-429a-a9a4-c0eef913b7e6,Amazon,E-commerce,1,2026-01-10,الحين امازون عندهم طريقه جديده 😂لما تطلب طلبيه الدفع عند الإستلام...يعملولك حركات تأخير وكذا عشان تشترك في برايم😂..١٦ريال....لا شكرا,Negative
55849a03-d019-46cc-b4fb-0976ec1db0d4,Amazon,E-commerce,5,2026-01-10,رائع,Positive
ee98a5bc-cf60-45b1-a0c0-bfc5f6e0b98d,Amazon,E-commerce,5,2026-01-10,ممتاز,Positive
50934332-a93e-40ee-9cce-a4ce682f38f1,Amazon,E-commerce,1,2026-01-10,العاملين في التطبيق مستوى سيء جدا مش فاهمين العميل عايز ايه,Negative
db19d23b-e038-4f4c-a2a7-a13a59ab3523,Amazon,E-commerce,5,2026-01-10,جامد,Positive
63f5d0b1-2ffe-4510-b75d-f8dfbd9422bc,Amazon,E-commerce,1,2026-01-10,حطوا وسامسونج باي او قوقل باي اتمنى تحسون البحث لان الي يطلع لي اشياء مالها علاقه بالبحث,Negative
1a6069ed-5938-4f9d-9aec-e331144a9899,Amazon,E-commerce,4,2026-01-10,سريع جدا,Positive
5a9fa17e-d994-4ea5-8d07-6e0286b912fa,Amazon,E-commerce,5,2026-01-09,مج روعه,Positive
dd29d639-0f37-4a9b-9be6-e6c67cf84539,Amazon,E-commerce,5,2026-01-09,كلش حلو امازون,Positive
585ee12e-6891-4625-a050-7de56124ecf1,Amazon,E-commerce,5,2026-01-09,شركة محترمه جداً,Positive
bceaee30-4640-42b9-b0d8-79224a541c87,Amazon,E-commerce,5,2026-01-09,حنتيغ,Positive
34bd14e5-c9d6-4065-9049-5c57f0161828,Amazon,E-commerce,1,2026-01-09,أصبح اسوء موقع تسوق اونلاين ومانصحش بالتعامل عليه نهائي عن تجربه ٤ مرات في أسبوعين اطلب الحاجات وادفع اونلاين والفلوس تتخصم والحاجات متوصلش ومش عارف اشتري دفع عند الاستلام والمبالغ اللي اتخصمت جزء رجع وجزء لا أصبح من اسوء التجارب في الفتره اللي فاتت مع اني مشترك برايم وبتعامل معاهم بقالي كتير أصبح الأسوء على الاطلاق,Negative
7d2a5e8b-7fce-48c8-a272-191ffa026bf5,Amazon,E-commerce,5,2026-01-09,ممتز,Positive
ced2a243-85ad-4b67-93ff-0e763ee003b1,Amazon,E-commerce,5,2026-01-09,ممتاز,Positive
42f978c3-c089-43cc-89c3-9873b615526f,Amazon,E-commerce,1,2026-01-08,شركه نصابه جبت منها حاجات اونلاين ودفعت مسبق ومستلمتش حاجه,Negative
62fcadb9-5bf3-48ba-a81d-a27b8302d9e4,Amazon,E-commerce,5,2026-01-08,جيد,Positive
de8145a0-2e79-43eb-9bc9-f32d4f211d5c,Amazon,E-commerce,1,2026-01-08,اسوء تطبيق واجهت فيه نفس المشكله علي ٢ حساب عندما اشتري بمبالغ ضخمه يقومون بحظر حسابي والغاء الطلبات,Negative
bd95ebcd-042b-48f7-8e6c-d237d9738f8b,Amazon,E-commerce,5,2026-01-08,برنامج مش كويس طلبات مونتاج وجه حاجه ثاني خالص طلبت ارجعه بقى له شهر ما رجعش. وبعدين اتواصلوا معايا ورجعوا لي الفلوس وطلبت منتج ثاني بنفس الفلوس والمنتج جه لحد البيت وشكرا شركه امازون. شكرا شركه محترمه,Positive
d7b48853-04ce-47b7-8fd6-0bf118e6dd3d,Amazon,E-commerce,1,2026-01-08,اسوء تطبيق شوفتو,Negative
eb08a07d-981e-4457-8339-9f00a8c70a73,Amazon,E-commerce,5,2026-01-08,معاملة امنه وخدمه العملاء محترمين... شكرا,Positive
cf8f00e9-74d7-4d11-be16-87713ae23d75,Amazon,E-commerce,5,2026-01-08,تحفة بجد والله,Positive
8dfd557c-7b50-41be-b36b-c464e8a08a4d,Amazon,E-commerce,1,2026-01-08,لم يتم تثبيته على الموبيل,Negative
76f48316-123f-4aaf-8dba-7e1171dff956,Amazon,E-commerce,5,2026-01-08,والله احسن تطبيق هو نون احسن من امازون والله امازون عنده تسجيل الدخول يطلع لي تم تامين حسابك مؤقتا,Positive
23b84327-a125-4e7b-83f4-f5314844f900,Amazon,E-commerce,2,2026-01-07,وحش,Negative
43a3ee4f-98f4-49bf-9a09-ead98b89593b,Amazon,E-commerce,5,2026-01-07,Thank you for Amazon and customer support,Positive
6623292e-8375-46fe-981f-b5a659b20c60,Amazon,E-commerce,1,2026-01-07,سيئه جدا اخدت حق الفون و لغت الاوردر و الفلوس لسا مرجعتش عاوز اتواصل معا حد مسؤول,Negative
cdd320ba-4aae-48e1-a5d8-76ab14369929,Amazon,E-commerce,2,2026-01-07,سيئه ليس به كل شئ,Negative
761c6d57-44d2-4eae-aa0a-ec7abb3c3628,Amazon,E-commerce,5,2026-01-07,واااااو,Positive
f3b17f3a-e92e-47da-857f-64b14a4a8280,Amazon,E-commerce,1,2026-01-07,موقع زبالة وخدمة زبالة,Negative
92060ccb-9422-47d8-ab35-d643feed292f,Amazon,E-commerce,5,2026-01-07,جيده,Positive
3685f0ae-1b91-4b49-be40-14f02766d7bb,Amazon,E-commerce,5,2026-01-07,ممتاز بعض الشى,Positive
0ffe27d7-4247-4a1d-ab41-d65d3a9e6408,Amazon,E-commerce,3,2026-01-07,بيطلب تحديثات كتير,Neutral
aa10a86b-4f9d-4089-86d0-6bfaa27d249d,Amazon,E-commerce,1,2026-01-07,الطلبيات تجي مكسورة ومغبرة وتخزينها سيء,Negative
f6460c82-4c4c-470f-9251-f5052b80c60f,Amazon,E-commerce,5,2026-01-06,ممتاز,Positive
52e582d9-f445-4551-8a98-7a445494b8b1,Amazon,E-commerce,4,2026-01-06,تطبيق رائع من فضلكم صفحة الحساب الخاصة بي علي الابلكيشان لا تفتح أرجو حل المشكلة و شكرا,Positive
da15db51-3b06-480b-aabf-e06d5c4ad9ab,Amazon,E-commerce,1,2026-01-06,شركة نصابه بجد غير صادقه في كل التعاملات نصيحه بلاش التعامل معاهم,Negative
483dec1a-8d7a-4073-b8ed-75fa31acc1fb,Amazon,E-commerce,5,2026-01-06,راااائع,Positive
4db02b26-df82-4375-8081-7d16991d8497,Amazon,E-commerce,5,2026-01-06,ممتاز,Positive
7400229a-1170-4297-ac60-79099bc7ce0a,Amazon,E-commerce,5,2026-01-06,تطبيق جميل جدا جدا,Positive
7bae5acd-950f-4881-a380-c8bedbf337b0,Amazon,E-commerce,1,2026-01-06,تجربه وحشه جدا وبجد اول واخر تعامل معاهم,Negative
c258ca80-5132-487b-b9da-28e8fbceb9ec,Amazon,E-commerce,5,2026-01-06,احسن وارخس تطبيق للتسوق,Positive
513a1cc2-8a7f-4bef-8555-961ed2e68878,Amazon,E-commerce,1,2026-01-06,تجربة سيئة مع خدمة العملاء، يتم تفضيل مندوب التوصيل علي العميل,Negative
bb311d4c-6617-4cf9-9f9a-be4a4c9e0ee4,Amazon,E-commerce,5,2026-01-06,حبيبي,Positive
c3292b37-8a3c-46e6-a8d2-be761ae63fdd,Amazon,E-commerce,5,2026-01-06,شكرا ❤️,Positive
85387cf7-4fc2-41b3-8660-20083b30d92e,Amazon,E-commerce,5,2026-01-06,احلى تطبيق,Positive
ef4d65fd-3a81-4df5-82f5-843ae42801e1,Amazon,E-commerce,1,2026-01-06,نصب اشتريت منتج مش هو اللي معروض في الصورة وبعد ما كنت عاوز اشترك في برايم مش راضيين,Negative
8329bf1e-3ebe-4720-bf89-fa84452432b5,Amazon,E-commerce,5,2026-01-06,جميل جدن وانثح بالتحميل,Positive
c92d7293-02b6-48d0-8387-be68d7be9d5c,Amazon,E-commerce,5,2026-01-06,حرفيا احسن برنامج و بذات في خدمه العملاء,Positive
351b15a7-261b-46f4-aa1d-fd33e6b1cfe8,Amazon,E-commerce,4,2026-01-06,الموقع كويس جداً وأسعاره جميله جداً لكن في مشكله أن بعد كم طلب بيبقى مش متوفر الدفع عند الإستلام أرجو المشكله دي تتحل,Positive
16563fb2-866b-436a-8707-dc4b6282be1f,Amazon,E-commerce,5,2026-01-06,ممتاز,Positive
0e04d1be-7655-4bf8-9842-34c5cae92c2d,Amazon,E-commerce,1,2026-01-06,سئ قمت ب اضافة العنوان للتوصيل لايمكن التوصيل للمكان بالإضافة لا توجد خدمه الدفع نقداً عند الاستلام,Negative
f61fbc6f-3be7-4a94-be99-30ed60083977,Amazon,E-commerce,5,2026-01-05,ممتاز,Positive
4c09bddd-f6bf-42a4-862d-5a06988f14f0,Amazon,E-commerce,1,2026-01-05,الترجمه ياجماعه كل شوية يغير اللغه لوحده من عربيه للغه انجليزيه 😡😡,Negative
cedf7346-539c-411b-b098-e61b6e2b19dd,Amazon,E-commerce,5,2026-01-05,ممتاز جدا جدا,Positive
172d0928-9fc2-4eeb-9c1f-df7892d12dda,Amazon,E-commerce,5,2026-01-05,لو سمحت كان التطبيق بالعربي لوحدو صار انجليزي كيف يرجع بالغة العربيه وشكرا,Positive
379b9297-8a41-4224-8640-a26fa3a1fcbd,Amazon,E-commerce,5,2026-01-05,ممتاز,Positive
807ff369-91e0-4b66-98d4-a3ef8cb9a5b6,Amazon,E-commerce,5,2026-01-05,ممتاز جدا,Positive
3a535a17-a1ee-4839-8039-cce7366fa66f,Amazon,E-commerce,5,2026-01-05,سهل جدا والله وسريع,Positive
dc48ae80-364d-4a01-b98c-d71efea74ead,Amazon,E-commerce,5,2026-01-05,ممتازه 👌,Positive
abad0c43-321e-45d6-b93d-f53ad8805400,Amazon,E-commerce,1,2026-01-05,بعت اللوكيشن غلط وما كنتش اقدر اطلع من المكان اللي انا فية لاسباب خاصة قالو لي انت ممنوع من ان اشترى منتج آخر وأغلق المكالمة في وجهي شكراً على التقدير والاحترام😶😶,Negative
f606683a-efc0-40cf-96a5-280ec8e89c38,Amazon,E-commerce,5,2026-01-05,ممتاز,Positive
6d2405ce-27a8-4d72-b5ce-281199740936,Amazon,E-commerce,5,2026-01-05,جميله,Positive
0e720b2f-a169-496a-a917-f244b4e4d131,Amazon,E-commerce,5,2026-01-05,ممتاز جدا,Positive
d2b1b185-8a2d-444a-b048-111867348eee,Amazon,E-commerce,1,2026-01-05,very bad services,Negative
ec8fb989-1abc-4006-bacf-73e788d90db2,Amazon,E-commerce,5,2026-01-05,كويس جدا وموسوق,Positive
f843d4e0-a5f5-4581-b40f-e86338288acf,Amazon,E-commerce,5,2026-01-05,خيار رائع أنك تشتري من امزون,Positive
27c82de7-f0f6-42f4-a74c-d17e28cb2e03,Amazon,E-commerce,5,2026-01-04,برنامج ممتاز أنصح به,Positive
55a39c98-927a-4bde-96d9-e8f38260b4b1,Amazon,E-commerce,5,2026-01-04,برنامج جميل,Positive
000a33e7-c6f2-4268-868a-aaed69ce2edc,Amazon,E-commerce,5,2026-01-04,ممتاز جدا للبيع استخدام كل الأشياء,Positive
5f8f1585-df60-4788-98d3-4f7812512c8c,Amazon,E-commerce,1,2026-01-04,الشحن أصبح سئ جدا وكل حاجه بتوصل منكسرة,Negative
c1c9ea69-cf53-4741-8764-c02a79d737b5,Amazon,E-commerce,3,2026-01-04,البحث فاشل . نتائج البحث ليس لها علاقة بكلمات البحث .,Neutral
708eb393-dbe2-440f-b04e-7c1b4518dd9c,Amazon,E-commerce,5,2026-01-04,جميل جدا,Positive
d2620272-1fdf-4e09-8c48-3efd8d2eb22f,Amazon,E-commerce,1,2026-01-04,تجربه سيئه جدا جدا لم يتم ارجاع المنتج ومعامله سيئة من خدمة العملاء ومفيش حل وتقفل السكه في وشي واسلوب سي جدا وهااوقف التعامل مع امازون,Negative
a9e6725b-ce4b-45a3-bc22-83196f8b0274,Amazon,E-commerce,5,2026-01-04,افضل تطبيق بجد انا استخدمته وي اسعار تحفه بجد انا في الاول انا قلت ممكن اجربه كده طلع ممتاز ممتاز جدا وانا بفكر فيك وما فيش زيه بجد وانا قلت ممكن اشوف في حاجات حلوه لي او لا انا دخلت انبهرت بالاسعار ♥️,Positive
63aea882-8558-41a7-8b12-ce03b9385e71,Amazon,E-commerce,5,2026-01-04,حلو جدا,Positive
c851711c-baba-4ce0-b7e3-1c64f3895e02,Amazon,E-commerce,5,2026-01-04,ممتاز,Positive
b086ec5c-2275-4cab-85df-b756fa5ac8c0,Amazon,E-commerce,1,2026-01-04,هناك مشكله في البرنامج مشتريات احيانا لا تعمل,Negative
b3ebdce1-6be9-41fe-ab81-6137f0496938,Amazon,E-commerce,5,2026-01-04,جيد,Positive
40cfcc5b-8137-497e-b604-f474875c4e9b,Amazon,E-commerce,5,2026-01-04,تطبيق فوق التقييم,Positive
f71af939-add8-4b61-8232-244123aad4a8,Amazon,E-commerce,5,2026-01-04,منتاز,Positive
f422d3ea-1427-4f8e-8850-66d48da854f7,Amazon,E-commerce,5,2026-01-04,تجربتي مع امازون إن هما فعلا محل ثقه وبيحاولو دائما إرضاء العملاء بكافه الطرق التسوق فيه ممتع ولذيذ وموظفين خدمه العملاء قمه ف الاحترام والرقي والزوق وبيسعوا دايما إن حقك يوصلك كما لو كان الأمر يخصهم شكرا امازون علي التجربه الممتعه الي قدمتوها وعلي المصداقيه الدائمه مع العملاء,Positive
7e610b56-faf9-4993-a92f-c2a6dc0a3497,Amazon,E-commerce,5,2026-01-03,ممتاز,Positive
072c7115-1f1d-4d88-b006-5072f6b8677b,Amazon,E-commerce,5,2026-01-03,ممتاز وامان,Positive
f83d7d60-8c1a-4c94-8caa-53c970fe5573,Amazon,E-commerce,1,2026-01-03,كان التطبيق ممتاز حاليا السعر مختلف تماما عن سعر طلبك،.عدم استجابه خدمه العملاء، عدم مصداقيه بشكل واضح.، سئ أصبح مقارنه بالتطبيقات الاخري.،أسوأ تجربه علي الاطلاق.,Negative
69e2accd-ca01-47e5-9c58-894720c07db4,Amazon,E-commerce,5,2026-01-02,👍,Positive
c281001c-c97a-43f9-a58d-48770a2cc124,Amazon,E-commerce,1,2026-01-02,"عدم وجود محادثة بطريقة سهلة مع خدمة العملاء او رقم تليفون واضح، مع تعمد التضليل حتى لا يصدعوا دماغهم بنا, وكل ما يملكوه بعض الاسئلة المكررة السخيفة. والسؤال :- ماذا نفعل كعملاء -للاسف بشر عاديين- لنتحدث لسيادتكم و جنابكم وعظمتكم ، علماً بإن الغرض سؤال لا يتواجد فى قائمتكم السخيفة وهومعرفة كيفيةتحديد شريحة مالية (مثلاً كيف ابحث عن ميكروويف من ٢٠٠٠ الى ٢٨٠٠ جنيه) ومقترحان تطوير بإضافة رقم واتس للرد على الشكاوى والمقترحات العامة ((وليست الاسئلة الحمقاء)) واضافة شريحة سعر البحث كما فى السابق",Negative
6cb83e51-e135-42af-a03a-cd4f432fa5f7,Amazon,E-commerce,5,2026-01-02,اجمل تطبيق بحتاج اي طلبات بجيبه من امازون تطبيق رئع جدا,Positive
b6f9e5a0-9619-42a2-a6db-0adf5a0e47fa,Amazon,E-commerce,5,2026-01-02,حلو,Positive
297601e0-5282-4b58-a528-eb077c9f757a,Amazon,E-commerce,1,2026-01-02,انعمل لى حظر تعليق ع المنتجات لما كتبت على تاجر غشاش ونصاب عشان بعت لى بنطلون شايط,Negative
eac447cb-e136-4a53-ac65-d8bde3b7e13e,Amazon,E-commerce,5,2026-01-02,ممتاز,Positive
3e79a7d9-c4d9-494d-a6ad-8ef183d7633a,Amazon,E-commerce,1,2026-01-02,غير مهتمين بالمواعيد ومهملين للمشتري من اسوء التطبيقات يلي تعاملت معاها,Negative
e18ba9e1-9dc8-47b2-b3ae-06400bea94ea,Amazon,E-commerce,5,2026-01-02,متاز,Positive
8b3b56d2-8b12-4de4-8f8f-c502602434ef,Amazon,E-commerce,1,2026-01-02,بقالى كم مره اطلب اوردر يقولى تم الغاء الطلب مع انى بطلبه علشان يوصلى البيت والدفع عند الاستلام اتمنى منكم حل المشكله فى اسرع وقت ممكن لان فعلا محتاجه اوردر ضرورى وشكرا,Negative
f7f8feff-d038-43c2-a3af-f200047b96a6,Amazon,E-commerce,5,2026-01-02,برنامج رائع جداا ومضمون,Positive
91a76e8b-351d-492d-b277-548a40168608,Amazon,E-commerce,5,2026-01-02,جميل,Positive
603f4e16-4abe-43e2-a94e-faa1768672c8,Amazon,E-commerce,4,2026-01-02,رائع,Positive
8320712b-0cca-4bdd-b9ce-8c5cffc01ff1,Amazon,E-commerce,5,2026-01-02,جيد جدا,Positive
a18dfb0d-ff14-4070-b064-efb6ae024204,Amazon,E-commerce,5,2026-01-02,بصراحه من أفضل المواقع للتسويق وللمرتجعات كمان❤️❤️ هو ناقص حاجة واحدة بس☺️☺️ يفعل تقسيط بدون فوائد على الأقل مرتين في الشهر 🥰🥰,Positive
2ef9ecde-c3a0-4515-b8df-1a02297a3529,Amazon,E-commerce,4,2026-01-02,ممتاز جدا,Positive
dfb59658-12f6-4ed0-8166-ece574cff689,Amazon,E-commerce,5,2026-01-01,افضل خدمة، لن تجد مثلها فى اى مكان,Positive
28e5d51f-9d8e-44be-aa50-14d6611a927a,Amazon,E-commerce,3,2026-01-01,سرع و جميل و امن بس الحاجات الزجاج بتيجي مكسورة اتمني يراعو التغليف,Neutral
589f4de5-de48-4ee9-8962-ff6bdd854a22,Amazon,E-commerce,1,2026-01-01,نصب واحتيال,Negative
2ddf8804-af79-4215-b706-233bd9ec1e7c,Amazon,E-commerce,5,2026-01-01,أمازون رقم١ عالمياً بلا منازع الأفضل والأوثق! نتمنى أن يصل إلى فنلندا 🇫🇮 وسوريا... 🇸🇾 آمين,Positive
fd51453b-4140-49f1-b027-dcaf0e3aec9c,Amazon,E-commerce,5,2026-01-01,ممتاز جدا,Positive
6c655747-f065-4648-bb04-09c7675890fa,Amazon,E-commerce,5,2026-01-01,كويس,Positive
29ee3a16-2440-4c02-8a7e-3337e48bcf77,Amazon,E-commerce,1,2025-12-31,الخدمة جيدة ولكن اسلوب المندوب سيء,Negative
a17093a7-46a3-41df-884d-f6d4ce0fe54c,Amazon,E-commerce,2,2025-12-31,أكره تصحيح الكتابة مثلا أريد أكتب old يعملهة OLED وهاذة آشي كلش اينرفز وأتمنى يسوون تحديث يصححون المشكلة 😡,Negative
5d40aefb-4d9c-4a97-8d24-e52116643db6,Amazon,E-commerce,5,2025-12-31,المفضل لدي,Positive
96bb0dfd-1583-4c51-879d-2fa359e25684,Amazon,E-commerce,5,2025-12-31,شركه جميله ما شاء الله,Positive
e9ac94d8-9b7a-4136-aa5e-b6a994376740,Amazon,E-commerce,5,2025-12-31,بعض الناس يقولون انهم يدخلون بطاقة البنكيه والاشترا يتجدد تلقائي ليش ما تنزل شركه امزون فديو توضيحي ان الاشتراكات تتجدد حتا يتم الغاها من متجر بلي,Positive
f9592b4b-35ae-42a8-b243-0af5125d7a13,Amazon,E-commerce,4,2025-12-31,مفيد و الفقره القانونيه محتاجه تبسيط. المشتري قد لايكون خريج كليه الحقوق . م ش,Positive
4e45424d-74a7-44c3-88f7-8311ce2d571e,Amazon,E-commerce,1,2025-12-30,شركه زباله,Negative
4b971be4-3434-4697-8ecc-06b6f6e4d7c3,Amazon,E-commerce,1,2025-12-30,خدمة العملاء.,Negative
20f43ab4-4e65-416f-8908-5395a632a44a,Amazon,E-commerce,1,2025-12-30,خدمة العملاء كذب ومماطله,Negative
30459082-fd8f-42de-ac1f-c419cbf33493,Amazon,E-commerce,5,2025-12-30,good,Positive
38fa8bd0-d1cb-443c-be5c-3c1f3107ac83,Amazon,E-commerce,1,2025-12-30,اسوأ تجربه تأخير في التسليم وتسويف وكذب عدة مرات يتأخر الاوردر,Negative
f8f5a502-7444-44b4-abdd-e2e04f290a14,Amazon,E-commerce,1,2025-12-30,سيئ جدا جدا,Negative
58215915-c4c3-47e1-bbbe-779509af0903,Amazon,E-commerce,1,2025-12-30,اسوء خدمة توصيل .,Negative
69564d98-42e6-4b95-be02-186e424f5cc4,Amazon,E-commerce,5,2025-12-30,جميل جدا,Positive
088ea0ae-db24-453f-b9e1-66e4a2bfd68a,Amazon,E-commerce,1,2025-12-29,تطبيق حراميه وبيسرقو فلوس من الفيزا ويقولو لا اصل ال دخل الفيزا عارف كل البيانات ف ده انتا تطبيق غير امين غير انهم حراميه أموال لا انصح به علم باني الفيزا الخاصي بي لم تدخل علي اي تطبيق اخر غير عندهم وبمجرد مدخلت سرقو فلوسي احظرو منهم انهم حراميه ونصابين,Negative
f46ee856-bb9c-446a-814f-63091e9a2d49,Amazon,E-commerce,5,2025-12-29,ممتاز جدا,Positive
8782fd73-d424-4374-ba92-b594a6dbce39,Amazon,E-commerce,1,2025-12-29,شركه مش كويسه علشان لما يكون٦في مرتجع من يوم25/11/2025 لحد النهارده الفلوس لسه مش رجعت يبقا دا اسموا اي,Negative
daa0634b-48db-4c0f-8e30-055e6cf8ec17,Amazon,E-commerce,3,2025-12-29,شي مزعج ان تشترك بخدمة بريما من خلال الضغط بشكل خاطى،,Neutral
71b4b70b-888f-49d7-be81-9d5d53749d06,Amazon,E-commerce,5,2025-12-29,⚡👌,Positive
c3a5bf0f-52c3-4c37-abc6-7449242ce0b2,Amazon,E-commerce,1,2025-12-29,أسوأ شركة ممكن تشتري من عندهم لايوجد تواصل ولا شكاوي ومناديب يجيبون المرض ولا يوصلون للبيت كل طلب من اطلبه اذا انا مضطر اروح للمندوب بالموقع الي هو فيه يبعد عني تقريبا 7 كيلو وانا دافع فلوس توصيل لباب البيت واذا تواصلت مع المندوب اول الصبح يقول ابجيك وبعدين يقول لا انت منت تابع لمنطقتي طيب ليش تستلم الطلب من الشركة اذا انا مني تابع لمنطقتك مانقول الا حسبنا الله ونعم الوكيل لوفيه اقل من نجمة كان قيمتكم النجمة كثيرة عليكم,Negative
352f38f0-2e6f-4b08-9b59-4c6cd1b7c721,Amazon,E-commerce,5,2025-12-29,هذا البرنامج مميز وجميل,Positive
e5d60a16-6eb3-48ee-9e57-749685616b88,Amazon,E-commerce,1,2025-12-29,برنامج سيئ,Negative
46503d8e-4bbb-4fdc-8666-2f92180f1566,Amazon,E-commerce,5,2025-12-29,حتى نجمة خسارة فيهم.. بصراحة تجارب فاشلة معهم بالضمان نصابين كأنك شاري من بسطة بالشارع لي ثلاث شهور متواصل معهم وابشر طال عمرك ولا اجابة يقولون ارفع شكوى على البائع حنا مالنا دخل ياخذون العمولات والشاري بحريقه يطيح ببائع نصاب او غيره... لن اكرر الشراء منهم الجهاز ضمانه سنتين كما هو مكتوب وله ١٠ شهور وطفأ والبائع مايرد أيش هذا السوق الفوضوي... لايغرونكم بالضمانات,Positive
b7b0e5c6-a09c-4180-909d-ffe701c3e8d7,Amazon,E-commerce,4,2025-12-29,جيد ولا تنسون الصلاة على نبينا محمد صلى الله عليه وسلم,Positive
c5ce1287-b760-4331-a831-6a945fb27329,Amazon,E-commerce,5,2025-12-29,بجد طتبيق حلو جدا جدا,Positive
952a08d2-02b8-40d7-b796-181f8055b5de,Amazon,E-commerce,5,2025-12-29,جميل,Positive
529e5739-2a2d-4c0a-b244-09b4f0fa6cc5,Amazon,E-commerce,5,2025-12-29,❤❤,Positive
2e8b618f-8ec0-4f77-ab93-27b16cbecd5e,Amazon,E-commerce,1,2025-12-28,برنامج سيئ وخدمه عملاء لم تستجيب لطلبك وغيؤ كده المنتجات بجيلك تالفه ومتعرفش ترجعه تعمل طلب ارجاع محدش بعد كده يعبرك,Negative
1d15ec69-15f4-45de-ab10-5e0e9c937424,Amazon,E-commerce,5,2025-12-28,رائع,Positive
ee36479b-6826-4266-a3e2-d3b6e010af99,Amazon,E-commerce,1,2025-12-28,التطبيق كان ممتاز جداً وكلمت خدمة العملاء كثير ويقول القسم المختص هو السبب في تعطيل وألغاء الاوردرات لأمان حسابك طب انا حسابي أمن ليه التعقيد والزهق ده كله اتصلت بأكثر من 15 مره للحل ولسه مافيش فايده,Negative
25fd4e05-db08-422d-8b04-808181a03c36,Amazon,E-commerce,1,2025-12-28,سيء جدا لي ساعتين احاول أضيف البطاقه ويقول لي رقم البطاقه خاطئ,Negative
f3c70ff1-6fec-434c-9a8d-c91e4a785de3,Amazon,E-commerce,5,2025-12-28,ممتاز,Positive
65a74d7d-9361-43d7-9cc4-d08e09728f1b,Amazon,E-commerce,1,2025-12-28,تم ارجاع منتج يوم 11 ديسمبر دون الحصول على المال الخاص بي حتى الآن,Negative
a1616672-2323-4c2b-ab31-8cb5b07087dd,Amazon,E-commerce,1,2025-12-28,طلبت سلعة ب٦٦٧ ريال ووصلتني كرتونتها فاضية، وتتوقعون رجعوا المبلغ زي اي شركة عاقلة؟ خدمة العملاء قفلوا الخط بوجهي، رفعت بلاغ تجاري وردوا وطلبوا مهلة ١٠ ايام يحققون وبعدها يردون، وسحبوا حتى بعد ١٢ يوم، كلمت البنك وطلبت رد الاموال واعدت فتح البلاغ، ورجعوها اخيرا بعد ١٧ يوم من البلاغ، وارسلوا ايميل يهددون انهم بيقفلون حسابي لو طلبت استرداد جديد لأني على كلامهم طلبت استرداد مرات كثيرة جدا (ما طلبت الا هالمرة بس)، واثقين اني بطلب منهم يعني؟ نصيحة اهربوا، مب لأنها شركة عالمية يعني مضمونة، صدمة والله,Negative
eaa7b6df-0fcf-4b93-a9af-a4f18e1e75ae,Amazon,E-commerce,5,2025-12-28,شكرا جزيلا,Positive
147441e4-22a0-4ac7-ad9e-6b912bd632c3,Amazon,E-commerce,5,2025-12-28,amazing,Positive
862c3b4c-c26d-4f53-ba7c-2e805f39a5df,Amazon,E-commerce,1,2025-12-28,اقسم بالله مرة حطيت 50 دولار وطلبت فيهم من 2020 لليوم ما وصلو وعالاغلب تم النصب بنجاح,Negative
f62faced-3249-40b7-af10-657457a483ca,Amazon,E-commerce,1,2025-12-28,خدمه الارجاع صفر 21يوم ولم يتم استرداد اموالى,Negative
f410c4e8-01c9-4212-a2a0-22ce27d0b3e6,Amazon,E-commerce,5,2025-12-28,تطبيق رائع,Positive
4139dad6-636b-419e-86ef-d05be7fbc3fd,Amazon,E-commerce,5,2025-12-28,تطبيق كويس واسعار جميله,Positive
94191ce1-fd6a-47db-ba39-cbc79f32c37c,Amazon,E-commerce,4,2025-12-28,صراحه رهيب جدا انصح بي الشرا خاصه وقت العروض,Positive
dd69669f-0557-47b1-9704-c78e4b9ac3df,Amazon,E-commerce,1,2025-12-27,انصح بعدم التعامل معهم أنا جربت معهم مرتين المنتج اللى انت بتختاره بيجي مكانه منتج غير مطابق خالص ومع ذلك قبلت الطلب وانا بفتحه لاقيته مكسور وعشان ترجع مش بتاخد فلوس كاش يعنى حاجه زفت اخر مرة اطلب منهم حاجه تااانى طالبت جزمه وحزام جزمه المفروض معدن جايه بلاستك طالبها ٧ طبقات جات خمسه بس اتصلت وعاملت شكوه والمهم قبلت ع كدة بفتحها عشان اركبها الجنب من الجانبين ف كسرين والحزام التوكه مفروض معدن جايه بلاستك المفروض انهم يتأكد من المنتج قبل ما يطلع للعميل حاجه وحشه جدا اى شركه غير,Negative
124d6949-e617-476c-b3dd-4e9f5f808c46,Amazon,E-commerce,5,2025-12-27,Top 👍 👍👍,Positive
f44d72be-979b-4956-a45c-c20a185654a8,Amazon,E-commerce,4,2025-12-27,👍,Positive
be48df76-d26d-4b27-8e80-04ec75f356a7,Amazon,E-commerce,1,2025-12-27,اوسخ تطبيق واسعاره مبالغ فيها,Negative
227c4b5f-11d5-462e-9e67-472374256991,Amazon,E-commerce,5,2025-12-27,تطبيق ممتاز جدا وكمان التوصيل لحد البيت والمعامله ممتازة وكمان جودة عالية وماتريال كويسة جدا وسعر الشحن بسيط انصح الجميع به,Positive
abb4a7ce-ec99-45ca-9487-afae34bd808a,Amazon,E-commerce,5,2025-12-27,good,Positive
02472484-df92-453a-a8bb-e41e04e6ef44,Amazon,E-commerce,5,2025-12-27,شركه محترمه بنت,Positive
86ca874e-154d-43fe-9708-4e4614067166,Amazon,E-commerce,5,2025-12-27,جميل,Positive
d0ad6802-a1db-429e-8546-403f7eca3c36,Amazon,E-commerce,1,2025-12-27,هو برنامج ممتاز ولكن كيف اطلب طلب ويأتى لى شئ غيره وعندما اطلب استبداله يتم الرد عليا بإسلوب راقى ومتحضر ولكن ليس هناك اى استجابه وشكراً,Negative
dc73657f-eebc-45f0-b22a-4160cba3741d,Amazon,E-commerce,1,2025-12-27,لا يوجد استجابه مع العملاء سوء النظام وعدم المساعده للاسف انا صدمت من المعامله,Negative
62bbb227-a8a6-4804-8543-95ddf1c7eb15,Amazon,E-commerce,1,2025-12-27,تجربة سيئة جداً سحبوا المبلغ ولم يسلموا الشحنة ودخلوني في متاهات ومعلومات غير دقيقة للأسف,Negative
8d28c4bf-90f6-4789-ac62-4871ed84116f,Amazon,E-commerce,1,2025-12-27,تطبيق غالي مقارنة ب علي بابا و علي اكسبرس,Negative
4b8feb57-08fe-4b2c-bf53-054a75498e7c,Amazon,E-commerce,5,2025-12-27,تتبيك ممتاز,Positive
5d54696a-2c3f-49ea-a2f3-bf3dd5bd8b71,Amazon,E-commerce,5,2025-12-27,حلو,Positive
48d5b8f1-59a3-4293-b955-78e9c0e11e8e,Amazon,E-commerce,1,2025-12-26,سئ جدا جدا,Negative
77a66d98-22ef-4970-bd66-b8dd66caa6ff,Amazon,E-commerce,5,2025-12-26,حلوين,Positive
c0398a06-e4c4-45e7-8256-5e469d46cecc,Amazon,E-commerce,3,2025-12-26,كل حاجه طلبتها من امازون كانت كويسه بس المشكله في المندوب تعامل زي الزفت ياريت يكون في حل للمندوبين لخدمه افضل,Neutral
27a0c49b-5bcc-414f-89ab-b2d0492b8522,Amazon,E-commerce,5,2025-12-26,برنامج جامد جدا,Positive
a3dda19d-69b8-4cc7-9953-1f0b669432e6,Amazon,E-commerce,4,2025-12-25,جيدة جدا وآمن,Positive
e490c939-0da5-4749-a94e-8003e4ad4bc7,Amazon,E-commerce,5,2025-12-25,جميل,Positive
627e08e6-7977-42e9-8328-572da81ec419,Amazon,E-commerce,5,2025-12-25,جيد,Positive
3a97bab9-d1f2-4f54-88ca-a011798ff1d3,Amazon,E-commerce,1,2025-12-25,انتهي الشئ الذي كنت اريد اشتريه,Negative
1298f162-c39d-4767-bd5b-21014c003433,Amazon,E-commerce,1,2025-12-25,فاشل ... فاشل .... فاشل أولاً:- لايدعم العمله العراقيه بينما يدعم عملات اقل منها مثل الجنيه المصري ثانياً :- طلبت منتج أجهزة أستقبال أقمار صناعيه ستلايت ولم يتوفر .. فاشل .. لا ... لا ... لا أنصح بتحميله,Negative
387fe07a-d5a1-4fe7-af21-6520e61c3372,Amazon,E-commerce,5,2025-12-24,أنا موظف لدى الشركة الأمازون وادفع الرسوم الشهري ولكن لا يوجد أي خصومات على الطلبيات,Positive
ff8d3d88-3783-42f9-9c89-9feb32472581,Amazon,E-commerce,5,2025-12-24,رايع,Positive
32b31c72-5715-4b1f-9b38-5bf87420d1cc,Amazon,E-commerce,5,2025-12-24,شكرا امازووون. ان شاءلله في دعم لي,Positive
3da1d5e6-73bf-4032-b096-44bc68f42ae8,Amazon,E-commerce,1,2025-12-24,للاسف كنت اتعامل معهم كثير لكن اخر طلب طلبت غساله قامو بتوصيلها لين الباب الخارجي للعماره ورفض ان يصعدها للاعلى !! وعند التواصل مع خدمة العملا اخبرني ان هذه سياستهم الجديده بالرغم انني سابقا طلبت مكيف وجهاز سير كهربائي وكلها قاموا بوضعها عند باب الشقه ومع تغيير سياستهم تم حذف التطبيق نهائيا,Negative
d12d7cf1-2c1f-4e9e-9b82-b567177456e8,Amazon,E-commerce,3,2025-12-24,جيد,Neutral
245e309f-757e-4ee5-9f37-cd41a7847545,Amazon,E-commerce,5,2025-12-24,متجر ممتاز,Positive
a002127b-4dba-4ee1-a589-0ab67177b984,Amazon,E-commerce,1,2025-12-24,ضعيف في استرجاع الاموال,Negative
3b62f7a9-0fd3-44ff-8b8a-2cb44c1a75c8,Amazon,E-commerce,5,2025-12-24,تطبيق جميل اوي وتحف أجمل برمنج في العالم,Positive
a66c34b0-77e1-42fa-ada4-5455a7e439e0,Amazon,E-commerce,5,2025-12-24,momtaz,Positive
302c53f0-b579-4eb0-a73e-b5cd25f797df,Amazon,E-commerce,5,2025-12-24,ممتاز,Positive
d29341df-b9e8-4601-97d3-064572f84cb6,Amazon,E-commerce,1,2025-12-24,التطبيق بقا افشل ما يكون وبيقفلوا خدمة الدفع عند الاستلام إذا رجعت منتج لعيب فيه أو أنه غير مطابق للمواصفات ويقعدوا يماطلوا عشان يرجعو الدفع عند الاستلام ...فشل فشل,Negative
0c8e354f-25ad-4aeb-84c5-81156084f1ea,Amazon,E-commerce,5,2025-12-24,بصراحه تطبيق جميل جدا واسعار اقل من العادي وجوده عاليه ومريح جدا,Positive
91fbde3e-e7f6-4562-a6aa-78fcfb1cdb8f,Amazon,E-commerce,5,2025-12-24,برنامج روعه,Positive
9f1635fb-667d-4fdf-9b45-019336b0c907,Amazon,E-commerce,2,2025-12-24,سهل بس صارت اسعاره مرتفعة جدا,Negative
2365902c-1e68-408f-9ee0-c938a9d06621,Amazon,E-commerce,1,2025-12-24,الدفع عن الاستلام مش متح,Negative
ca91894a-315d-454d-9beb-0d85e33a5bdb,Amazon,E-commerce,5,2025-12-24,ممتاز,Positive
ce3195b0-378d-4b57-b4fc-d19e5f039528,Amazon,E-commerce,1,2025-12-24,للأسف مناديب فى منتهى قلة الزوق انهم يكلمو العميل وبعد كدة يلغى الاوردر دى ناس متعرفش اكل العيش,Negative
d7fc9e79-1273-4eed-bb4c-802fbb5c9201,Amazon,E-commerce,5,2025-12-24,تطبيق رائع,Positive
ebe11964-d4b2-436d-9122-4bf040572ebe,Amazon,E-commerce,5,2025-12-24,حلوه اوي,Positive
845c3ec8-aeb6-471d-8c51-541042576c58,Amazon,E-commerce,4,2025-12-24,جيد,Positive
035d6b15-0152-48f0-9b47-804bf2e89312,Amazon,E-commerce,5,2025-12-23,ممتاز,Positive
a0ab8c33-13aa-408d-83c9-185ce82caf40,Amazon,E-commerce,5,2025-12-23,جميل,Positive
d5eeb705-595e-4161-83e2-80ffab3e7527,Amazon,E-commerce,1,2025-12-23,التطبيق سيء 👎 ولا توجد خدمة عملاء ومندب الشحن 📦 الفاظة سيئة ويرفض توصيل الاردر رغم قيام شركة امازون باخباري ان الاردر سوف ياتي تحدثت مع المندوب ورفض ان يأتي ارجوا عدم استخدام هذا التطبيق,Negative
4a9a4554-7675-4e52-8946-e6d0a26db8ca,Amazon,E-commerce,5,2025-12-23,تطبيق رائع يستاهل خمس نجوم,Positive
90f6fa8c-f416-41ca-96bf-3768c5ccab4d,Amazon,E-commerce,4,2025-12-23,تجربه ممتازه مضمون وحاصل علي ثقه عملاه,Positive
1a5344fb-abdb-441d-8d54-8ebcccc08041,Amazon,E-commerce,5,2025-12-23,صراحه حلو ان اول مره شحن مجاني تحفه,Positive
6a87fb97-0790-4d1d-919e-0dd8b1b87eed,Amazon,E-commerce,1,2025-12-23,"The app's order delivery procedures have become very slow, and when reporting issues, you'll encounter many ineffective and pointless steps that don't help resolve your problem, as well as significant complications in accessing customer service.",Negative
6fc42acc-499f-418a-9704-06e1c32890f3,Amazon,E-commerce,5,2025-12-23,لطيف,Positive
85bed294-709b-46ec-91fa-35eb2f7ee8de,Amazon,E-commerce,1,2025-12-22,ليس جدا التوصل يكتب لكم تم توصل ولم يصل اى شىء,Negative
54a5f865-3025-4e0a-b989-74d8b3e46c38,Amazon,E-commerce,5,2025-12-22,هو جميل بس السعر غالي شويه لو تعمل خصومات وترخص سعر هيبقى جميله,Positive
80aac18a-840f-4d9c-bfe8-34dee2a194d4,Amazon,E-commerce,5,2025-12-22,انه رائع وجميل جدا انا انصح الجميع بتحميل هذا التطبيق,Positive
0061f2a4-cc1e-4db9-b344-89fc97474891,Amazon,E-commerce,5,2025-12-22,شكرا,Positive
2505a222-6086-4596-99ab-3da587f16eb2,Amazon,E-commerce,5,2025-12-22,جميل بجد حملو,Positive
d2b7d0bf-22b1-499f-ac17-c6e258b3184f,Amazon,E-commerce,5,2025-12-22,جيد,Positive
2c94ab1a-ea41-4954-a6a2-b605c1179965,Amazon,E-commerce,3,2025-12-22,لو سمحت رجاء تحسن وضع تسجيل لما أحط رقم مايسجل دخول عشان اطلب,Neutral
57ced42b-1d57-4b7e-9c41-0486fdaba9d7,Amazon,E-commerce,4,2025-12-22,التحديثات كثيرة,Positive
fd05b6c2-2989-4a86-b7fd-0ed5d4b82e19,Amazon,E-commerce,1,2025-12-22,لو هتطلب اطلب من نون افضل دا ازبل ابلكيشن,Negative
78c6fc03-3c88-4e68-9467-3a38aab68d99,Amazon,E-commerce,5,2025-12-22,ع الله لسه,Positive
0f62bda7-356c-498d-8c46-c941f84d41db,Amazon,E-commerce,1,2025-12-22,اسوء برنامج ممكن تتعاملوا معاهم بيقفلوا الدفع عند الاستلام على مزاجهم ومن غير سبب واضح بتخلي العميل مش عارف يعمل الاوردر الي محتاجه خاصة عند عدم توافر بطاقة بنكية والموضوع يطول لايام زي الزفت والله,Negative
39bb008c-d2e0-4c56-9845-e01d7c4714c6,Amazon,E-commerce,1,2025-12-22,سوق توصيل وسوق خدمه,Negative
c9d91bfb-5583-42db-b7b2-7143489e39be,Amazon,E-commerce,1,2025-12-21,شركه نصابين! عملت مرتجع ل بعض سلع اشتريتها من الموقع بعتوا المندوب استلم المرتجع وتانى يوم قفلوا الحساب اتصلت بخدمه العملاء يقولولى متقلش وهنحل المشلكه وفى الاخر ردوا عليا وقالوا لى الحساب اتقفل بشكل نهائي ولن يتم رد مستحقاتك,Negative
2550a156-3737-4e95-9e0d-ec3bf6aab377,Amazon,E-commerce,5,2025-12-21,غير شكل بيجنننن,Positive
60eb389f-6a82-4f36-a07e-c2d78fd41298,Amazon,E-commerce,1,2025-12-21,انا عايزه اعرف ليه لما بطلب اوردر مش بيجى رغم ان العنوان مظبوط و كل حاجه تمام كل لما اتبع طلبى يقولى طلع للتوصيل و بعد كدا مش بيجيلى خااااالص😡😡😡 دا الاوردر الرابع الى يعمل فى كدا,Negative
d23d5c52-0155-4985-9917-8190878cdccc,Amazon,E-commerce,5,2025-12-21,ممتاز جدا جدا,Positive
1dc4a33a-34ab-491c-983a-065bc0075025,Amazon,E-commerce,5,2025-12-21,ok,Positive
9f0cc960-a4d9-4a6f-a85d-6009df1dda55,Amazon,E-commerce,5,2025-12-21,رائع جدا,Positive
392610be-7061-422d-a0d0-a42af5470b0e,Amazon,E-commerce,1,2025-12-21,للمرة التانية يجينى منتج غير مطابق للمواصفات المعلنة وتم الرفض للاستلام والشحن الاولى خطأ برضة فى المواصفات وتم الارتجاع أمس ومش عارف هاخد فلوسى ازاى هل هذا يليق باسم امازون اليوم 21 ديسمبر يعنى اكتر من شهر ولسة فلوسى ظرجعتش ولا فى حد اقدر اتصل بية تجربة سيءة جدا امازون فى الارتجاع ودقة مراجعة مواصفات الاوردر مع الفعلى المرسل صفر,Negative
0652dc96-9434-421a-bdce-9e9f756c31ef,Amazon,E-commerce,5,2025-12-21,ممتاز جدا جدا,Positive
9823a69b-0b59-47c0-ba14-769dca9da9cf,Amazon,E-commerce,1,2025-12-21,تاخير للطلبات تاخذ شهر وشهرين,Negative
85256657-423e-4959-bb64-bfa542887982,Amazon,E-commerce,5,2025-12-21,افضل برنامج تسويق إلكتروني,Positive
7cc87651-5d66-4979-be0d-d9aca92cb38d,Amazon,E-commerce,5,2025-12-21,بجد ممتاذ وفيه كل حاجه بندور عليها,Positive
b2a2dcbd-00b4-45ab-ab10-7bb8810867b0,Amazon,E-commerce,5,2025-12-21,أحسن خدمة عملاء وأحسن تجربة شراء أونلاين في مصر,Positive
18b8cfa0-f055-4e77-b12a-761f4a4a4e85,Amazon,E-commerce,5,2025-12-21,رائع,Positive
09693cdd-8dd2-4aa9-bc01-b1f04c7d5dca,Amazon,E-commerce,1,2025-12-20,ممل وكل شويه الغاء زهقت,Negative
b4e3f753-678a-41a2-b35f-47ce3c01dcaf,Amazon,E-commerce,1,2025-12-20,هو فين المنتج أصلا لما تأكد الوصول اليوم وإلي الأن لم يصل ولم يتابع معي أحد ولاحتي رقم مندوب وأكلم خدمه العملاء يقولي لو موصلش اليوم يكون غدا يبقي عدم إحترام لمواعيد الأخرين واستهتار بالعميل واضح إنها أول تعامل وأخر تعامل في نفس الوقت منظومه غير ناجحة للأسف,Negative
7f24c151-1be1-4f2d-b832-c3ddc305660e,Amazon,E-commerce,1,2025-12-20,تجربه سيئة في عمليه الاسترجاع واسترداد الأموال....لا انصح بالتعامل معهم,Negative
3341b43f-375b-4c53-9ae1-6eff9384f562,Amazon,E-commerce,5,2025-12-20,احلي شركه الشحن 🌹,Positive
36f865ec-b1d3-404c-8c1b-67b8e53c8bcf,Amazon,E-commerce,3,2025-12-20,مشكلتي ما عندى بطاقه مصرف. وما يوجد دفع عند الاستلام لى الاسف مااعرف ليش 😮‍💨,Neutral
04f12be0-1468-4c82-867f-ee769cbdda01,Amazon,E-commerce,1,2025-12-20,اقذر شركة ممكن تتعامل معها,Negative
e8f489f6-832c-43d1-8cf3-4df3aebdb604,Amazon,E-commerce,5,2025-12-20,رائع رائع,Positive
05d2000d-d347-4eff-a785-e2431bd86b59,Amazon,E-commerce,1,2025-12-20,لا يدعم الدينار الاردني,Negative
f09d8ef3-8d44-492f-a341-190d02cd82b7,Amazon,E-commerce,4,2025-12-20,ممتاز,Positive
ed048116-d842-4a3b-8aba-1b08885e1d71,Amazon,E-commerce,1,2025-12-20,لا يستحق الاستخدام,Negative
dd700921-2d6b-4b61-ba19-bc4c2a59a09a,Amazon,E-commerce,1,2025-12-20,It takes too long to come,Negative
dce0966a-bb90-4b0f-93bf-c4084821b1c2,Amazon,E-commerce,5,2025-12-20,رائع وجميل,Positive
6bc0ffae-1557-40da-9d4e-d0d91293d7b3,Amazon,E-commerce,5,2025-12-19,روعة والله أحسن تطبيق تسوق,Positive
4ebe9d32-3655-4803-838e-243f5167f8dd,Amazon,E-commerce,5,2025-12-19,رائع جدا,Positive
66cb6b9c-0f0d-409f-8bbb-514b8dd7501f,Amazon,E-commerce,5,2025-12-19,جيد جدا,Positive
114463ed-8f21-4aa7-9c31-a6a3fb853110,Amazon,E-commerce,4,2025-12-19,ممتاز، خصوصا في سياسة الإرجاع ورد الأموال، وعروض وخصومات برايم توفر الكثير على المشتري، وتوصل السلعة بشكل اسرع.,Positive
19a236d8-e6e4-4e83-8790-1f0d29a22c12,Amazon,E-commerce,5,2025-12-19,افضل برنامج منزله اريد الناس عمالين بيتكلموا على برنامج نون ودخلت اشوف الحاجه وهو عامل ازاي لقيت اعلانات بالهبل واسعار رهيبه بالنسبه لي امازون يكسب,Positive
3e385fc0-1ab2-4109-87d3-6827cd7cb6a0,Amazon,E-commerce,5,2025-12-19,جميل,Positive
c27073c9-95cc-4c85-beee-ca87cac779c4,Amazon,E-commerce,5,2025-12-19,ممتاز,Positive
30c02c3d-d1df-4a02-b171-23cddf80a0bb,Amazon,E-commerce,1,2025-12-19,تجربه سيئه لابعد مدي ازاي اطلب جهاز للرياضه تبعتولي ورق جلاد انتم فين دماغكم مش عارفين تضبطوا اوردر للعميل صح ليه ولا لازم نتخانق عشان تتحملوا مسئوليه غلطكم وتاخدوا الاورد الخطأ تجربه وحشه جدا ودة اخر تعامل ليا معاكم حتي النجمه الواحدة كثير عليكم وسيتم حدف التطبيق من جهازي والشراء من مواقع افضل منكم واحسن منكم,Negative
cdd220b1-2141-4458-976d-8333f67d2f19,Amazon,E-commerce,5,2025-12-19,مره حلوه,Positive
4db4134a-bab1-4725-99fc-541359df448b,Amazon,E-commerce,1,2025-12-19,برنامج فاشل لا انصح به طلبت طلب وبعد اسبوع تم الغاء طلبي بدون سبب ولم يصلني شيئ,Negative
5a878069-3df5-4d05-8a9b-0c931ab54e58,Amazon,E-commerce,1,2025-12-19,برنامج سئ للغاية عملت اوردر البرنامج لغي الاوردر و لم جيت اعمل اعادة شراء مرة اخري لقيت المنتج غلي سعره و في قطعه منهم مش متوفرة,Negative
bc0b2b8b-95f6-483d-9a42-99ee3859a15d,Amazon,E-commerce,5,2025-12-19,ممتاز,Positive
4a1d9dfa-9856-4bd8-9adf-895f56893b23,Amazon,E-commerce,5,2025-12-19,رائع,Positive
025f5495-9dc5-493b-b544-9ae87916ebc8,Amazon,E-commerce,1,2025-12-19,مافيهوش الدفع عند الاستلام لازم ببطايق طب واللي مامعهوش بطايق مثلا يشتري المنتج ازاي,Negative
1239f3b6-0ec5-404e-bc78-a2965fe9ac2e,Amazon,E-commerce,5,2025-12-19,رائع,Positive
8e5b85f7-bcb3-47d5-9120-95da6398d0b3,Amazon,E-commerce,5,2025-12-19,ممتاز,Positive
b05ee915-93e7-46d9-9a43-e09322dcda65,Amazon,E-commerce,5,2025-12-19,ممتاز,Positive
2cc4e576-3591-4b42-a106-362e9d922aef,Amazon,E-commerce,1,2025-12-18,عشان هو مش بحساب جوجل وحشه قوي وحاجات غاليه غاليه دانون احلى بكتير,Negative
c56e7f21-6d77-477a-af1d-378ebe3990c2,Amazon,E-commerce,1,2025-12-18,التطبيق بالبداية كان ممتاز الان مشاكل الغاء طلبيات بكيفهم وتوصلك شحنات تالفه وتلاعب بصراحة شي غير طبيعي فيهم اخر فترة يمكن 5 طلبيات تنلغي غير انه فيه طلبيات توصلك مستخدمة,Negative
10db0a93-0742-4415-8bb4-2cb71decaeb8,Amazon,E-commerce,5,2025-12-18,❤️❤️❤️,Positive
7bd64b8e-1518-49aa-987a-92a0d1dd77bb,Amazon,E-commerce,5,2025-12-18,تطبيق ممتاز,Positive
96595bb0-19e1-4441-b32f-90ce36b8471e,Amazon,E-commerce,5,2025-12-18,ممتاز جدا,Positive
fafad5c6-7397-4379-b373-64ac547e246c,Amazon,E-commerce,1,2025-12-18,سيئة جدا قمتم بطلب شراء منتج وقمت بالدفع عن طريق الفيزا ولا أعرف سبب الإلغاء وتم سحب المبلغ بالكامل ولم يسترد إلى الآن خطأ منى أن أشترى من أمازون عن طريق الحساب البنكي كانت تجربة سيئة جدا,Negative
03728f42-d5bd-4e89-acb3-06bf0505a2df,Amazon,E-commerce,1,2025-12-18,همسح البرنامج لان مفيش دفع عند الاستلام كنت بحب البرنامج اووي بس للاسف..,Negative
df0a295e-62e6-4c01-9e2f-0c7809263bca,Amazon,E-commerce,5,2025-12-18,great,Positive
da15be2a-b614-4f67-a786-b8dbc18b38a0,Amazon,E-commerce,3,2025-12-18,اصبح مكدس ومابقاش في التزام نهائي بشحن والارجاع بقي بيتنسي ولغبطه اول مره تمر عليه فاستخدامه,Neutral
d4a6b195-8e4a-4b59-836e-8a747e45fc59,Amazon,E-commerce,5,2025-12-18,good,Positive
22582ea4-da40-4511-acfe-3b54e6955359,Amazon,E-commerce,4,2025-12-18,الحقيقة أنا أول مره اتعامل مع امازون وأتمنى أن تكن ثقتى به فى محلها,Positive
48579f93-6c5e-46a6-9387-da20ed9495e8,Amazon,E-commerce,5,2025-12-18,أفضل موقع بالنسبة لي للتسوق,Positive
b1725dee-06cd-4cc2-bd7a-791b4dd39944,Amazon,E-commerce,4,2025-12-18,ماشي حاله لكن الشات معظم الوقت مش بيبقى شغال وساعات باجي اطلب اوردر بيخصم فلوس وبعدها الاوردر مش بيجي,Positive
45bde3e6-def2-4906-a992-e93da550bb3b,Amazon,E-commerce,5,2025-12-17,سهله التسوق,Positive
e758347b-5fce-42a0-9dff-06d831af8ea7,Amazon,E-commerce,1,2025-12-17,بجد اوحش تطبيق بيوصلوا غلط و رجعوا الاورد 3 مرات و في الاخر مجبهوش اصلا بجد تجربه سيئه 😡😤,Negative
07dadc3f-a46a-4935-88ba-0f99e6f2d4bf,Amazon,E-commerce,1,2025-12-17,طبعا خدمة وحشة جدا وشركات شحن أسوأ ومعاملة تحسسك انك بتشحت منهم مش بتشتري ، غير أن سياسة الارجاع متعبة جدا فتكرهك في انك تشتري او ترجع اللي اشتريته وخدمة عملاء في وادي والناس في وادي تاني ، فانا شخصيا لا انصح بالتعامل من خلالهم ومسحت البرنامج وهمسح الاكونت نهائي,Negative
c00eb758-b7f8-444f-a834-0af0519a0d32,Amazon,E-commerce,5,2025-12-17,من افضل الاسواق,Positive
6af25477-2a45-4459-9931-9626ce158973,Amazon,E-commerce,1,2025-12-17,السلام عليكم انا اشتريك من عندكم منتج ب 70 و منتج ب 80 ولم تتم الطلبيه ولم تسترجعو المال الي لماذا؟؟؟,Negative
839f3489-b689-47fb-9dce-1ee9cae154dd,Amazon,E-commerce,1,2025-12-17,الاوردر بيتاخر دائما 😡😡😡😡,Negative
0384f0e6-b9e6-401c-9ed4-33c81f20f598,Amazon,E-commerce,1,2025-12-17,وصلتني رسالة تم تسليم المنتج وانا لم استلم شئ حتى الان مع انى دافع كامل المبلغ ولم استلم شئ,Negative
8e7a9cb7-9fee-45fc-b5a9-390818b33285,Amazon,E-commerce,5,2025-12-17,ممتاز,Positive
c76b0af9-d3c4-4f5b-8cfd-a77e59410ded,Amazon,E-commerce,1,2025-12-16,اسوء خدمه عملاء و تأخير في توصيل الطلبات,Negative
688dc139-c559-469b-80d6-cebf34bd6924,Amazon,E-commerce,5,2025-12-16,جميل جدا حجاتو رخيصة وعندو عروض,Positive
dd4520e8-1931-4aed-a086-82d222c1832f,Amazon,E-commerce,5,2025-12-16,التطبيق حلو جدا جدا جدا جدا جدا جدا جدا رخيص جدا جدا جدا جدا جدا والسلام عليكم ورحمه الله وبركاته,Positive
98792746-3698-4377-8566-f4319cf3cf8f,Amazon,E-commerce,1,2025-12-16,تعبت من طريقة الدخول متعبة جدا جدا جدا,Negative
6ae0cf20-54f9-49e2-8a9d-324f1ff9ee54,Amazon,E-commerce,5,2025-12-16,جميل وسلس,Positive
bcc0ef67-1d38-4cc0-9c47-fa085ab6e7bb,Amazon,E-commerce,5,2025-12-16,برنامج حلو والله,Positive
6193c512-0980-464e-a086-0b50243de4ae,Amazon,E-commerce,5,2025-12-16,جيد جداا بجدا شكرا ليك,Positive
b101e3e0-289a-45a9-8513-068c05e5a47c,Amazon,E-commerce,5,2025-12-16,ممتاز,Positive
ae256202-aecf-4b79-8c36-be1448a74324,Amazon,E-commerce,1,2025-12-16,تجربه جدا سيئه وانصح الكل ميحملوش لاني الخامة بتختلف عند الاستلام وبيوهموك ان الطلبيه خمته حلوه لا كن بلفعل الخامة وحشه جدا,Negative
9caf21dc-27ea-491d-85af-b4be471814ba,Amazon,E-commerce,1,2025-12-16,أسوء قرار أخدته إني أشتري منكم بجد وليه سياسه إسترجاع الأموال تأخذ 3/5 أيام إفرض انا محتاجه الفلوس حالا بجد شئ مستفز جدا وتجربه لن تكرر أبدا,Negative
5f617098-f14c-493d-846a-4c99529d2045,Amazon,E-commerce,5,2025-12-16,اجمل برنامج رائع والقائمين عليه,Positive
10cda9a4-339d-4416-a102-c2ae08b4444d,Amazon,E-commerce,5,2025-12-15,تطبيق ممتاز جدا,Positive
e593e6e0-149c-4b00-ae65-3bcf28ed5f03,Amazon,E-commerce,1,2025-12-15,سئ,Negative
f2b51179-6252-4a85-9263-3846a4a16783,Amazon,E-commerce,1,2025-12-15,تطبيق سيء والمعاملة سيئه,Negative
ff9b4331-0b8c-4ded-a01f-18b2e12e6d77,Amazon,E-commerce,5,2025-12-15,خدمة رائعه وتوصيل سريع,Positive
1b3d1d16-e940-4539-93ef-b0a3f41e2e3d,Amazon,E-commerce,5,2025-12-15,احلا تطبيق مره جميل,Positive
6e5488ec-7ea9-4621-909f-766331de1f5a,Amazon,E-commerce,5,2025-12-15,جميل جدا والله,Positive
39f8a8ce-9f86-43f3-98ad-03d667f64ce0,Amazon,E-commerce,1,2025-12-15,سيء جدا جدا لا انصح به,Negative
2657f5c4-f388-4f79-88a9-96f35e4b8444,Amazon,E-commerce,5,2025-12-15,👍,Positive
14932f6d-d167-4fc4-9eca-781e219eedf9,Amazon,E-commerce,5,2025-12-14,تطبيق حلو,Positive
3a82e2bb-5f7d-481a-afc3-63db28a5596c,Amazon,E-commerce,3,2025-12-14,حلو,Neutral
bd9b6ba8-51f0-46d0-8b80-4ae3ffba1cb9,Amazon,E-commerce,5,2025-12-14,تطبيق جميل جدا وممتاز جدا وبالتوفيق للجميع إن شاء الله بإذن الله تعالى يارب العالمين,Positive
882dab00-0c44-4bf6-a352-a77bd1a7c6a5,Amazon,E-commerce,5,2025-12-14,مكان كويس جدا,Positive
2095af9d-7b97-448f-9c7e-1203c22bf819,Amazon,E-commerce,1,2025-12-14,خدمات التوصيل سيئه,Negative
33ffe9d0-b3d3-4b1e-b0df-ce4873436662,Amazon,E-commerce,5,2025-12-14,جميل,Positive
817e29c1-10b6-4e4b-9032-a115501e11f6,Amazon,E-commerce,1,2025-12-14,اسوء تطبيق ممكن تتعامل معاه لو في اقل من نجمه كنت عملتها,Negative
d1224335-ae44-4303-b8f9-8bf2ce32aafd,Amazon,E-commerce,1,2025-12-14,بقالي اكتر من 40 يوم طالب لرجاع المنتج ولة احد يستجيب للرد علينا هل هذا الشركه نصابه تجبرنا علي شراء بعض الأشياء ويزكر اسم الاسترجاع ولا يوجد خدمة للرد اسوء شركه للتعامل لا انصح لاي شخص للشراء من هذا التطبيق,Negative
f84a50f0-57cf-40db-9882-bbdb8aec7d76,Amazon,E-commerce,1,2025-12-14,ملهو ش تقيم فاشل ومنتجاته وحشه وغاليه👎👎👎,Negative
a0715924-eeec-4cd9-93ba-388e57827c01,Amazon,E-commerce,5,2025-12-14,جدا,Positive
724a2689-f88b-479a-98b3-e90c81e6bae9,Amazon,E-commerce,5,2025-12-14,رائع,Positive
c242a631-74ec-4524-bfb3-5fbd69ccc8b4,Amazon,E-commerce,5,2025-12-13,جميل جدا,Positive
b80382bc-1529-4d73-a44e-a305e0d43928,Amazon,E-commerce,1,2025-12-13,سيءه مش عارف اطلب حاجه قافل زر الدفع عند الاستلام ومش راضي يتابع عمليه الشراء والشكوى موصلتنيش لحاجه,Negative
6d6996a2-ba82-49a2-ab4a-2610d4844569,Amazon,E-commerce,5,2025-12-13,ممتاز جدا,Positive
acc19bc4-9a42-477f-bc19-13194b679ec0,Amazon,E-commerce,1,2025-12-13,بعد تحديث الاخير صار الدفع لا يعمل فقط حفظ في العربة التسوق واذا ارت الشراء لايوجد علامة شراء يا امزون ✋🏻✋🏻,Negative
8716e6bf-c1ea-4ecd-9980-f36b3b670550,Amazon,E-commerce,1,2025-12-13,تطبيق زباله طلبت منتج بمواصفات معينه جاني حاجه رديئة وزي الزفت وعلشان رفضت المنتج قفلولي الدفع عند الاستلام وخدمه العملاء زي الزفت,Negative
2433def9-1c2f-44b0-b58c-c8d2958b0ea6,Amazon,E-commerce,4,2025-12-13,ممتاز,Positive
d28f5fd4-f3ef-4bd3-b671-5ef32b937516,Amazon,E-commerce,1,2025-12-13,في مشكله الطلب بيتلغي لوحده ولو دفعت بالفيزا الفلوس بتتخصم وترجع بعدها بفتره طويله,Negative
6351d9bf-8d71-4331-b70e-d38cb6dcf157,Amazon,E-commerce,5,2025-12-13,جيد,Positive
80a22efb-96ee-43aa-88c6-1adfcbc3d3d6,Amazon,E-commerce,5,2025-12-12,ممتاز,Positive
829fb69d-8c6a-4ea1-8db7-5cf658db874f,Amazon,E-commerce,5,2025-12-12,ok,Positive
4aeba8d9-1b6b-4c52-b1e5-4ff9a64e7d1c,Amazon,E-commerce,1,2025-12-12,لايدعم الدفع عند الاستلام.,Negative
d59445ec-607d-49a9-bfed-3383a2eeebe3,Amazon,E-commerce,5,2025-12-12,أطلق وأطلق وأطلق تطبيق تسوق.. ياناس شي خرافي.. والله شهادتي فيهم مجروحة.. سنين أتعامل مع أمازون وكل سنة أفضل من اللي قبلها.. تتكلم عن عروضهم شي جبار ومميز وطول السنة عروض.. تتكلم عن خدمة عملاء شي فوق الوصف عندهم العميل أهم من كل شي.. تكلم عن سهولة التطبيق والتصفح ممتاز لأبعد حد.. تتكلم عن شركات الشحن ممتازين لدرجة نفس الطلب يشحنوه لعدة عناوين.. أتعب وأنا أمدحهم.. الله يخليكم ياأمازون,Positive
758166b9-7349-4e5c-8701-577c4736cd27,Amazon,E-commerce,5,2025-12-12,منتاز,Positive
fa432d0b-4265-41fe-a328-dd961bfe2c7c,Amazon,E-commerce,5,2025-12-12,ممتاز,Positive
def9ac1a-3b68-4c8a-a642-ef499c052469,Amazon,E-commerce,5,2025-12-12,جيد,Positive
fbb96aa3-31ce-4b58-8204-a77d8b027298,Amazon,E-commerce,5,2025-12-12,❤❤🤍,Positive
bd245bb6-fa61-44e5-906d-2386809d1f35,Amazon,E-commerce,5,2025-12-12,امريكاااااا,Positive
c1cd5d76-7991-481e-9b0c-7b32c8524010,Amazon,E-commerce,1,2025-12-12,خدمه سيئه جدا جدا,Negative
1860397d-3581-49bd-b7de-786f53850840,Amazon,E-commerce,1,2025-12-12,لا يظهر لي كلمة اشتري الان او اطلب الان لماذا,Negative
9102c246-cb1d-4005-8a79-2d343d97f815,Amazon,E-commerce,1,2025-12-12,مش حلو كل ما اطلب يلغى الطلب,Negative
6c33362e-bd02-4451-999a-e368835dd57c,Amazon,E-commerce,5,2025-12-11,ممتاز جدا,Positive
0cc54d05-806b-41e9-bc58-a32d155abba2,Amazon,E-commerce,1,2025-12-11,طلبت اوردر من 3 ايام البرنامج بيقول جاري التوصيل والاوردر مجاش,Negative
c2a85746-517c-4a29-9421-2d847a5220ba,Amazon,E-commerce,1,2025-12-11,بعد ما تطلب بيلغو الطلب والدعم الفني سيء كل ما تسأله شي بقلك بعتت للقسم المختص,Negative
420a651e-28ef-4ea6-9a2f-77f35e28ce34,Amazon,E-commerce,3,2025-12-11,في حجات مش موجودة ومعظم الحاجة غالية بالنسبة للدوائر الاكترونية,Neutral
f082b624-6cdb-4578-89bd-614d05153c12,Amazon,E-commerce,5,2025-12-11,أمازون ممتازه فى التعامل وسهولة وصول الطلب,Positive
950ca2c9-7c82-441f-8388-3096d22cd54f,Amazon,E-commerce,1,2025-12-11,سيء جدا لا يوجد تواصل مع العملاء,Negative
655afd0f-cce5-4be8-aa56-9e71c7ed8dd5,Amazon,E-commerce,5,2025-12-11,ممتاز,Positive
929c2f43-dcd5-496e-b428-ca66cb5939e7,Amazon,E-commerce,1,2025-12-11,اسوء تجربة في تأخير التوصيل والشحن لأكثر من شحنة وخدمة العملاء ما تعمل شئ غير الكلام,Negative
ec7431f9-4747-44a9-839e-7c99b5cd8b78,Amazon,E-commerce,1,2025-12-11,أسوء خدمة عملاء على الإطلاق، وكذابين ولا يوفوا بكلامهم,Negative
fdff31f1-645f-47f6-8366-f2a90a4b7ed1,Amazon,E-commerce,5,2025-12-11,ممتازة,Positive
5dd259a6-a57d-414f-97fc-d5c36c7cb0aa,Amazon,E-commerce,3,2025-12-11,"جودة في البضاعة وتحصل على تخفيض جيد ،،،ولكن مشكلة في فرع حائل لايوجد دفع بالشبكة من سنين ,,,امل توفير الدفع بالشبكة سواء بالمستودع او مع المندوب ,,,,",Neutral
863332f9-d21b-450a-bcfe-ff978647c858,Amazon,E-commerce,5,2025-12-11,ممتاز,Positive
a70ff98d-612d-41ef-8837-a733732e74f9,Amazon,E-commerce,5,2025-12-11,جيد جدن,Positive
959489a0-f810-45e5-a239-a01f6e94a18d,Amazon,E-commerce,1,2025-12-10,ابلكيشن زباله بجد,Negative
b3b5fe6a-f297-4d66-817f-de61b68e80f2,Amazon,E-commerce,5,2025-12-10,ممتاز,Positive
e5fa3348-ea95-4418-9f3c-ea79ce1baedf,Amazon,E-commerce,1,2025-12-10,تطبيق سي ومعاملة سيئه,Negative
4063fe80-45c0-45d2-9e8a-0113b24f9d16,Amazon,E-commerce,1,2025-12-10,لايعمل في اليمن,Negative
40df1ffb-5733-487c-9340-3d6f1ebb064f,Amazon,E-commerce,1,2025-12-10,خدمة عملاة وحشة مندوب الوصيل بيلغي الطلي بي مزجو,Negative
407b1b69-8f35-4055-af0e-6b613fee1857,Amazon,E-commerce,1,2025-12-10,أسعاره غالية جدا 👎🏻,Negative
05160cd9-228a-4ecc-a5fb-d5d9d0796856,Amazon,E-commerce,5,2025-12-10,جيد جدا,Positive
0f6eecb9-13f5-4057-836c-2200abf64926,Amazon,E-commerce,1,2025-12-10,انا طالب من 7 ايام اوردر من عندكم ولسه موصلش لحد دلوقتي ليه موصلش حضراتكم 😡😠,Negative
1ae2e11b-bec7-4b1a-be68-c9eab5f149a9,Amazon,E-commerce,5,2025-12-10,شكراً على حسن التعامل,Positive
6fad3e4f-8f72-4a3c-8ca0-b7dfdf178763,Amazon,E-commerce,5,2025-12-10,ممتاز,Positive
0a29b5e6-3983-41d9-ad11-4a0223ffc6b1,Amazon,E-commerce,5,2025-12-10,جميل جدا جدا,Positive
cead0a2a-8e08-47fb-b5dc-2ea9d0117938,Amazon,E-commerce,4,2025-12-09,حلو والله,Positive
fbfef37a-3eab-4720-85c8-fd979ce07fb0,Amazon,E-commerce,1,2025-12-09,التطبيق سيء حسبي الله عليهم تدفعين الفلوس بعدها ما يوصلون الطلب ويحطون انه تم استلام الطلب نصابين غير كذا المندوب سيء جدا جدآ يكنسل الطلب من عنده صرت اكره امازون المناديب اسوء شي في التطبيق سالب صفر,Negative
e915455c-ee45-4a3c-8dde-9cc2f74416d7,Amazon,E-commerce,3,2025-12-09,متوسط لأن اول مرة فى التسويق,Neutral
42827bb2-18c3-4ce3-b80e-c36fd17b06af,Amazon,E-commerce,5,2025-12-09,تطبيق رائع جدا جدا انصح الجميع,Positive
2e5a533d-6d9a-4543-adbd-2527bfc1a1b9,Amazon,E-commerce,1,2025-12-09,تطبيق سيء جدا جدا طلبت سلع وبعد الدفع وبعد اسبوع قالو السلع فقدت,Negative
50f01872-fc99-4035-a229-c5d73f35f0f7,Amazon,E-commerce,5,2025-12-09,ممتاز,Positive
8c2d6a5f-9603-4b20-ab9a-5d6ae4b00663,Amazon,E-commerce,1,2025-12-09,حتى نجمه وحدة ما يستحقها بس حطيتها عشان اعلق سيء سيء سيء بشكلللل التوصيل سيييءء طلبيتي لي شهر انتظرها المفروض توصل من اسبوع وكل يوم يماطلون و الطلبيه الثانيه المندوب حطها عند الباب ومشى بدون ما اطلب منه!! وطبعا ما لقيتها برا !! وخدمة العملاء لا احكيلكم كل شوي يصرفوني بكلام لهم شهر يقولون بنعوضك ولا شفت شي !! و اخر مرة دقيت خلوني على الانتظار حوالي ١٠ دقايق و اخرتها قفلو الخط 👎👎 يعني اسوء من كذا ما فيه 👎,Negative
dc0b19ed-2699-4899-bbb0-abd24ae04b7a,Amazon,E-commerce,5,2025-12-09,الصرحه انا اتعملت مع شركات كتير مفيش احسن من امازون كنت طالب منتج والميعاد كان المفروض يوصل خلال يومين وصل تانى يوم علطول مفيش اسرع من كدة مع العلم انه كان شحن مجانى وكمان مندوب التوصيل محترم جدا شكرا امازون,Positive
1eddca24-a52f-4535-9556-34ef23adf1fb,Amazon,E-commerce,5,2025-12-09,افضل تطبيق للتسوق,Positive
699478c8-acff-447a-9e12-b1ca86f5dd48,Amazon,E-commerce,5,2025-12-09,لماذا غير مدعوم مع ريدمي 5بلس,Positive
412929e1-9d71-4ae2-9514-43880824fa4d,Amazon,E-commerce,4,2025-12-09,تطبيق ممتاز,Positive
647ef655-5ca8-4632-8c21-1cc455dc2cd8,Amazon,E-commerce,1,2025-12-09,تطبيق ليس جيد هذا التطبيق بطئ جدا جدا في التوصيل لا يحتاج حتا الي نصف نجمه انا طالب تليفون من 8 ايام لسه مجاش,Negative
82e55ab7-02ef-4878-bb05-ef8eeab30808,Amazon,E-commerce,5,2025-12-08,لماذا ما يشتغل في العراق بليز امازون😭😭♥♥,Positive
cdde4fd9-758c-4c19-b4df-39ee48477d16,Amazon,E-commerce,5,2025-12-08,ممتاز,Positive
7c4ffb6d-1302-4c36-9bb9-9cdff01ee6b2,Amazon,E-commerce,5,2025-12-08,تمام ماشي الحال,Positive
ce1a3cf7-33b1-4411-b174-b55742247cc8,Amazon,E-commerce,1,2025-12-08,رجع زبالة واجهة غير وضحة ما تعرف تفاصيل المتتج ولا سعره ولا نوعة حوسة حوسة,Negative
35843772-9db4-4c02-b541-97d87b6020b3,Amazon,E-commerce,1,2025-12-08,طلبت طلبيه من عندهم ووصلت في اليوم المحدد ولضرف كنت بالمستشفى ولم استلمه المندوب يقول بكرا بيجيبه مندوب اخر انتظر اليوم محد جاني ولما دخلت الموقع لقيته ملغي واسترداد المبلغ ليش يعني على كيفكم النظام ؟,Negative
acdcaf14-14ad-42db-8e22-c3f57c8b36d2,Amazon,E-commerce,1,2025-12-08,"The worst delivery service I've ever experienced. They literally write that my order will arrive in four days, but it takes nine days even though I'm a Prime subscriber.",Negative
ea3a9fbb-a2e4-4c0b-8234-d3b852982e87,Amazon,E-commerce,2,2025-12-08,مورف جدا جدا جدا,Negative
e41dd394-cfd8-4e66-a46f-957c4b5ec5fa,Amazon,E-commerce,5,2025-12-08,ممتاز جدا,Positive
8d500126-5ff5-40bc-b923-2598d3a9b358,Amazon,E-commerce,1,2025-12-08,معاملة سيئة من المناديب يجون وقت الدوام ويوعدك انه يجي بعد المغرب او ثاني يوم ويسوي لك الغاء لطلب من ثاني يوم تكرار هذا التصرف اكثر من مرة ..,Negative
291c4412-2cf2-4ce1-89d8-5e661ea17f7d,Amazon,E-commerce,5,2025-12-08,ممتاز,Positive
9733a534-73ab-4140-ac1e-5bdd182b4e79,Amazon,E-commerce,5,2025-12-08,رائع وممتاز,Positive
4197850d-718c-41b3-bfbe-6af47be3b62e,Amazon,E-commerce,4,2025-12-08,👍,Positive
eff4b098-c53d-45ad-9063-7beca0e04ad3,Amazon,E-commerce,1,2025-12-08,طالب حاجه من زمان و مجتش,Negative
773591cd-f9a2-452d-941e-b5a5af1511ce,Amazon,E-commerce,5,2025-12-08,🙏🙏😍,Positive
9ae0b2c8-9f16-42ac-aa98-a21beedf5aeb,Amazon,E-commerce,5,2025-12-07,good 👍 👍,Positive
69fae455-2be9-4728-8cfb-a4819657e299,Amazon,E-commerce,5,2025-12-07,برنامج ممتاز,Positive
73b4f990-9616-48f7-8744-59cdd59a5a09,Amazon,E-commerce,1,2025-12-07,اغلب المنتجات مو اصلية حسبي الله بس,Negative
636d79b5-d096-4a36-b30b-d680a78ea879,Amazon,E-commerce,5,2025-12-07,رائعه,Positive
9c8fc19c-5ff4-4602-b642-b7028daf0e9c,Amazon,E-commerce,5,2025-12-07,good,Positive
8f51f869-61ba-4df4-a867-51af6fe9a660,Amazon,E-commerce,1,2025-12-07,موقع سيئ ومحدش يستخدمه الانه رافض الدفع عند الاستلام نون افضل,Negative
e465cb0a-0423-4558-b87d-8b59f47f2374,Amazon,E-commerce,5,2025-12-07,افضل,Positive
113f68f2-3385-4369-a51e-5b05fee208d1,Amazon,E-commerce,1,2025-12-07,الخدمة أصبحت سيئة والشحن أسوء,Negative
ffbe0cf0-6f5b-422e-930a-e104b56107f1,Amazon,E-commerce,5,2025-12-07,ممتاز,Positive
8435cd40-6ef0-4169-b424-960b5bb8a965,Amazon,E-commerce,4,2025-12-07,**؛ ممتاز.,Positive
790feaa5-9b72-4315-9cad-d91cc4877f55,Amazon,E-commerce,5,2025-12-07,ممتاز,Positive
23349462-188e-4203-876e-d0625c356094,Amazon,E-commerce,1,2025-12-07,تطبيق سئ جدا لايوجد اى خبره فى الخدمه وتوصيل الاوردرات وتم التواصل معاهم بدون اى حلول مع تأخر الاوردر بدون تواصل لا يستحق حتى نجمه,Negative
5bdd961e-b8e2-4d20-b5e5-ec38586709bc,Amazon,E-commerce,1,2025-12-06,الشحن زباله وناس مش محترمه,Negative
19e245f7-2caa-4bad-a829-04ddbb68f41c,Amazon,E-commerce,1,2025-12-06,التطبيق وحش جدا ومفيش استلام قدام الباب كلو نصب واعلانات انصحكم لو حبيتو تطلبو ومجاش قدام البيت الغو الاوردر,Negative
e58d3d6a-c5b1-456b-a3fd-3060c37ed02f,Amazon,E-commerce,1,2025-12-06,تجربه سيئه جدا بالاضافه لعدم مصدقيه البائعين وارسال منتجات مخالفه لما اقوم بطلبه من هذا الموقع السئ وانصح بعدم التعامل معه,Negative
167f80d1-727f-4a4c-818f-189787c200ac,Amazon,E-commerce,1,2025-12-06,تطبيق سيء جدا تاني مره اطلب ويعمل الغاء من نفسه بعد ما يسحب الفلوس لو البضاعه مش موجودة ممكن نشيلها انما تسحبو الفلوس ونستني ١٤ يوم عشان ترجعوها للمره التانية اسوء تطبيق في مصر حرفيا,Negative
d38a939d-6994-4acd-8ec2-2dd5a3f528fd,Amazon,E-commerce,5,2025-12-06,♥️,Positive
0a88aec0-5277-4bfd-95a0-f77d83373524,Amazon,E-commerce,5,2025-12-06,جيد جدا,Positive
99ce040c-f51c-4701-bb2e-aaac65ff9f9c,Amazon,E-commerce,5,2025-12-06,اجمل وافضل تطبيق وخدمة عملاء جداً محترمين وخدومين كل الشكر لك موظفيكم👍,Positive
e8c57f0a-4eaa-4784-8824-071f767336ed,Amazon,E-commerce,4,2025-12-06,برجاء الدفع عند الاستلام وشكرا,Positive
9575c543-7d38-4252-b9ea-79c366aabee5,Amazon,E-commerce,1,2025-12-06,مش عاوز يحمل,Negative
d2717c3a-159a-4fbd-b6a8-94e3802b0cc2,Amazon,E-commerce,5,2025-12-06,super,Positive
6d890e85-7475-4d1e-946a-957d3bc1ab3b,Amazon,E-commerce,5,2025-12-06,برنامج رائع جداً,Positive
a6da9824-a056-446b-b60a-8a403c951568,Amazon,E-commerce,1,2025-12-06,السلام عليكم ، السعوديه مدينة جده ، العميل ابو سيف تم طلب دراجه رامبو من متجركم لعنواني وكان مستلم الطلبيه مندوبكم شخص اسمه ابو وتين ، وصلت الطلبيه وتم التواصل معي وطلبت تاجيل الطلبيه التسليم اليوم الثاني قام رجعها للمستودع وتم الغاء الطلب ، مثل هاذا الموضف لازم يوقف عن العمل ويحال للتحقيق ويفصل لان متجر محترم مثل امزون يقلل من قيمته موضف مثل ابو وتين ويتلاعب في التوصيل ويسبب خصاره فادحه للمتجر وفوقها يتصل علي يقول لا تبلغ في انا الشكاوي كثرة علي من العملاء يجب محاسبة المندوب ابو وتين وفصله,Negative
eb0f4688-62d7-44a9-89e7-472bf3315ade,Amazon,E-commerce,1,2025-12-05,تطبيق زباله المنتج المندوب لغاة من غير ما يرجعلي او يكلمني وكانوا شارطين اني ادفع فيزا وحالياً منتظر ٧ ايام عمل عشان استرد المبلغ وجيت اطلب المبلغ الاوردر تاني مش موافق الدفع عند الاستلام وانا اضمن منين أن المندوب يكون محترم وميلغيش من نفسوا تاني وفلوسي اللي هقعد ٧ ايام عشان استردها انا بحوش معاهم وخصتا المبلغ مش شويه بردوا حسبنا الله ونعم الوكيل خسارة فيهم حتي النجمه,Negative
5587f7e2-7d36-4ef7-ac64-2a1bf07fc2df,Amazon,E-commerce,1,2025-12-05,نصابين,Negative
761066d2-ca45-488f-9ee7-8309eb8fa93b,Amazon,E-commerce,1,2025-12-05,جزاكم الله خيرا,Negative
8967b355-ff53-4acd-ad27-e693941b342e,Amazon,E-commerce,5,2025-12-05,تجربه مميزة جدا..ولله الحمد.,Positive
22a7bb3c-996d-4ea4-8d85-28f8d34281e6,Amazon,E-commerce,1,2025-12-05,اصبح سيئ جدا في طرق الدفع ومش بيحبوا اي مشكلة,Negative
49e7cd1a-0c3d-4e62-aa98-3c250a596326,Amazon,E-commerce,5,2025-12-05,جيد,Positive
721c7a60-2533-428a-8341-568bfd486ea8,Amazon,E-commerce,5,2025-12-05,ممتاز,Positive
ab932f9e-fe6f-4895-b0b2-5163b076dd3e,Amazon,E-commerce,1,2025-12-05,السلع بتسليم رمز امن لاتسترجع حتى لوكانت مختلفة عن الطلب يجب التاكد من السلعة ومطابقتها للطلب قبل تسليم الرمز الامن لمندوب التوصيل وللاسف طلبت سلعة بمبلغ ١٥٠٠ ريال واكتشفت بعد استلام السلعة انها مختلفة عن الطلب ولم تسترجع .تجربة سيئة جدا,Negative
48d7c0cd-1ba3-4807-8214-dd2361e0bbb6,Amazon,E-commerce,5,2025-12-05,هذا هو برنامج رائع بس انا أول مرة اجربه فهل هو سهل,Positive
3dd08747-bb1c-4401-b73d-ee20d3e94c92,Amazon,E-commerce,1,2025-12-05,في مشكله بالتطبيق عند طلب اكتر من منتج بينزلي خدمه علي كل منتج لوحده ومانع الدفع عند الاستلام,Negative
c3ccd11a-c489-4aa9-91a1-498a8797a4d8,Amazon,E-commerce,5,2025-12-05,خدمه ممتازه,Positive
35f7be7c-ac58-4e3e-aaf8-1af2929af8ff,Amazon,E-commerce,1,2025-12-05,Very bad experience and sucks services,Negative
7c0c3faf-2b06-4cdc-b0df-34d4f3c74aa5,Amazon,E-commerce,5,2025-12-05,افضل من المتاجر السعوديه بكثيررر ولا يوجد فيه نصب,Positive
7d7bed28-c64c-4a84-931b-0cb2ed4851b8,Amazon,E-commerce,5,2025-12-04,يثرالمنتجات الممتعه وجميله,Positive
f41168fc-087f-4c5e-a7b9-3f7c9ec8c2f3,Amazon,E-commerce,2,2025-12-04,تحفه بس المشكله في ادفع من فاليو مفيش عند الاستلام ليه,Negative
77d2cd9a-5c15-4962-8ceb-e877e0f6b0e1,Amazon,E-commerce,1,2025-12-04,تطبيق سي جدآ اشترت من عندهم ساعة طلعت ماهي نفس المواصفات وجيت بارجعها خصمو علي ربع المبلغ حسبي الله ونعم الوكيل,Negative
0160983c-bf5d-4630-80e5-180055e2d7b5,Amazon,E-commerce,5,2025-12-04,ممتاز جدا,Positive
d2083f3b-c1c9-414c-b766-6cbf7f985050,Amazon,E-commerce,1,2025-12-04,سيئ جدا والمعامله وحشه جدا وبيكبروا دماغهم من العملاء وكلام بيقولوه ومبيتنفذش والصراحه معامله وحشه جدا ازاي كان من المندوب أو من خدمه العملاء بيقولولك كلام عشان يريحوك ويكبروا دماغهم من نحيتك وعشان انت متعملهومش مشاكل بس والله معامله وحشه جدا جدا وانا غلطان اني اتعملت مع شركه زي دي وانا بندم جدا بسبب المندوب الي بيعمله وشركه الشحن الي بتكبر دماغها (حسبي الله ونعم الوكيل),Negative
8527c412-7a90-4acd-a1a5-a0610a87a254,Amazon,E-commerce,1,2025-12-04,لو في أقل من نجمه مفيش اي امانه في التعامل لا انصح بالتعامل معاه,Negative
7d205097-a661-401a-8475-cd8b86cdaf4b,Amazon,E-commerce,1,2025-12-04,سيء جدا لا انصح احد بالتعامل معهم,Negative
37b9a3ad-e81f-4315-9478-16a813a1ce5a,Amazon,E-commerce,5,2025-12-04,افضل طبيق,Positive
5cd61f05-2554-40c8-ad81-0f83b04e9a96,Amazon,E-commerce,5,2025-12-04,جميل,Positive
beba9aa2-21b0-461c-8149-9fca2c611413,Amazon,E-commerce,5,2025-12-04,شكرا,Positive
2f06f655-3068-4086-a763-2075784ba33f,Amazon,E-commerce,3,2025-12-04,التوصيل مش سريع,Neutral
ef90a26d-a7c6-4e25-aa99-5e31bd1dd84f,Amazon,E-commerce,5,2025-12-04,هل يقبل الدفع بالبايبال,Positive
eb6c13a9-0c0a-4c84-a933-c997fac56749,Amazon,E-commerce,1,2025-12-04,برنامج سئ . تم تهكير حسابي وشراء من فيزا الخاصه بي والمرفقه بالمدفوعات. انتبهوا من اضافة بطاقة راتب...,Negative
7a8fc0a6-57cc-44dc-a9cb-929e83c50968,Amazon,E-commerce,4,2025-12-04,البرنامج جميل بس العيب اللي في اني مفيش الدفع عند الاستلام في كل حاجه وياريت ينفع يعملو الدفع باي محفظه زاي فودافون واتصالات كاش,Positive
5ce834e5-3f6c-4c08-a7f6-4cf6b25604f3,Amazon,E-commerce,5,2025-12-03,ممتاز,Positive
dadd2572-2b38-4ca6-a2fc-eabbf0a79a31,Amazon,E-commerce,1,2025-12-03,سي جدا للغايه المنتج بيجي مش هو اللي اخترته واستيراد الفلوس صعب,Negative
2acfec16-2b20-4d1d-8a90-06c8156d2f9b,Amazon,E-commerce,5,2025-12-03,ترجيع سهل ومجاني,Positive
9653a539-c62d-4c36-866b-ac999338a554,Amazon,E-commerce,1,2025-12-03,سيئه وبعد الدفع بيكنسل الاوردر ومش رجع الفلوس اسوء تجربه ممكن حد يجربها,Negative
0867e9d1-bfeb-4c58-b798-f7f109259754,Amazon,E-commerce,5,2025-12-03,مصداقية عالية وخصومات ضخمه احلى امازون,Positive
7db2d624-b719-4bb0-bd3d-e99dcf971685,Amazon,E-commerce,1,2025-12-03,سيئه جدااا,Negative
9635d3e7-1606-4f87-8f1c-611cb9eeef18,Amazon,E-commerce,1,2025-12-03,"It has become the worst customer service ever, with employees who lack basic courtesy and awareness.",Negative
828c417b-ad0b-4861-bc21-44b469eb4c7d,Amazon,E-commerce,1,2025-12-03,جيد جدا وممتاز,Negative
