review_id,app_name,domain,rating,date,review_text,review_type
01fd35af-eee6-44bc-81f6-894b4fd4375a,Careem,Transport Services,1,2026-09-29,لا يوجد مصدقيه,Negative
40563a6c-5869-4b7b-8174-e0b69fed3d01,Careem,Transport Services,1,2026-09-29,١(تطبيق يضحكون على الناس)٢( كان السبب هذاك الوقت انه الشوفير زاد علي مصاري اكثر من مره ينزاد علي مبلغ فلكي شخص شوفير يلغي وانا البس المصاري لحالي ان كنتم تعوضني بس يعني واحد بيشتغل باليوم كان خمسه او 10 يرحم دين ابوك),Negative
e8696010-7fc7-491d-982e-dbb26c8b94f7,Careem,Transport Services,1,2026-09-28,اسعار مبالغ فيها السعر اكثر من انك تاخذا سياره لا انصح فيه السكوتر,Negative
37b44c3e-2783-457b-bea3-4df4bc1b8c66,Careem,Transport Services,5,2026-09-28,ممتاز,Positive
4b23cb30-6547-4879-92d8-c64c0bcaaff7,Careem,Transport Services,1,2026-09-28,تجربه سيئه جدا,Negative
0180f322-8702-4c95-bdfb-41d07ad4f81e,Careem,Transport Services,4,2026-09-28,الكاباتن الغالبية العظمى منهم تعاملهم مهذبين وراقيين فى التعامل و العربيات نظيفة. ولكن برجاء الاهتمام باللوكيشن المرسل للكابتن لانه للأسف فى غالب الأوقات بيوصل لهم خطأ,Positive
93506aa3-3567-440f-bdc0-055a43ea4552,Careem,Transport Services,1,2026-09-28,صراحة غالي حتى عابر ال10,Negative
584c2663-c97a-482e-8dd6-ae02bfdada5a,Careem,Transport Services,5,2026-09-28,ممتاز,Positive
3a430eef-3f72-42ff-80cc-8747912aedd2,Careem,Transport Services,5,2026-09-28,تطبيق ممتاز ورائع,Positive
c55387a7-c324-48a5-91c6-463b0a8a7494,Careem,Transport Services,5,2026-09-28,جيد,Positive
0d4df987-c311-435a-8ea4-2d3ebe69384c,Careem,Transport Services,5,2026-09-27,ممتاز,Positive
cf10a11b-69a7-481d-bf2b-c5c4762338c0,Careem,Transport Services,5,2026-09-27,ممتاز درجه اولا بالخدمات وطل شي 👍,Positive
aaaa8452-1b31-4dd8-8eb1-c6430d5b2607,Careem,Transport Services,1,2026-09-27,تطبيق فاشل جداااا ماكاباتن ماحترمون زبون,Negative
e9bc4914-6356-4346-b995-1661b5f69795,Careem,Transport Services,1,2026-09-27,بعد ما يعطي قيمة للرحلة وبعد انتهاء اجد زيادة كبيرة بها مع العلم كابتن السيارة لا ينتظر دقيقة حتي,Negative
7902cad0-2385-46d0-98d1-2cb36e0a1452,Careem,Transport Services,1,2026-09-27,السعر شي وبعد اتمام الرحلة يطلب السائق سعر مرتفع ومن تتواصل مع الدعم يقول صح هالشي بسبب وجود ازدحامات او يأخذ مسار اخر وغيره لذلك سيء,Negative
c4050cf2-be64-473f-85bb-a503de31d40d,Careem,Transport Services,1,2026-09-26,سيء جداً. اولا الاسعار مرتفعة وهم منطين خصم والرحلة مكتوبة شكد بعد الخصم چان اطلب بعد رحلة ومن وصلت للنقطة الوصول السائق راد ضعف المبلغ ويگلي اني امشي على العداد رغم شوفته الكروة بالتطبيق شكد ورحت راسلت الدعم يگلولي اي صحيح كلام السائق لان الكروة تصعد اذا جان اكو ازدحام او غيره وتم ارجعاع المبلغ بالمحفضة دحلت على المحفظه كلعلي مرجعيهن ونوب ساحبيهن واني ما مسوي رحلة جديدة بعدني وفوك بالمحفظة مكتوب رصيد المحفضة صفر .. ناس قفاصة,Negative
1f2417c6-3321-41a8-9b9a-e4206ed8325d,Careem,Transport Services,1,2026-09-26,اقسم بالله ازبل تطبيق وقفاصه حاطلي خصم 50% افوت للخصم اطلب تكسي من اصل ادفع حساب كامل لا خصم ولا بطيخ,Negative
b15b2d7b-987d-4361-bace-f2b3f0c6b9c1,Careem,Transport Services,5,2026-09-25,جيد جدا من وين انت يا عم,Positive
53a0747b-d0e7-48bb-b9d7-c774bd959005,Careem,Transport Services,1,2026-09-25,طلبت رحله و تأخر علي و بس وصل نزلني يقول ما اوصلك,Negative
becf81fa-5ca3-456a-ab49-6ed13b830bf0,Careem,Transport Services,5,2026-09-25,ممتازة جدا بارك الله فيكم,Positive
1cea39cf-31b2-4660-8bff-947c01f16f10,Careem,Transport Services,1,2026-09-25,سراقين نصابين,Negative
e7e2d129-4d24-43d5-a03a-ab9fb9e80605,Careem,Transport Services,5,2026-09-25,امين جدان حسن تطبيق بل عراق وسريع طبيق جميل شكرن عله هه التطبيق الجميل انصح بتجربته,Positive
1a1af991-591f-424f-9106-0cd72b22315b,Careem,Transport Services,5,2026-09-24,ممتاز جدا ويستحق التجربة,Positive
dc49f5ff-8a01-48f3-9aed-873e3951ce85,Careem,Transport Services,1,2026-09-24,تطبيق يبخس حق السائق في عدم معرفته مسبقا بالمبلغ بالذات اذا كان اكو خصم,Negative
ec4732cf-6631-4d23-9305-ff913f7d91da,Careem,Transport Services,5,2026-09-24,جميل,Positive
5fa6ea44-81c1-498a-bf31-0c93c9cb4678,Careem,Transport Services,4,2026-09-24,ممتاز,Positive
94c0f0eb-0f76-4c1a-a8cd-2b80ed0b4a0f,Careem,Transport Services,5,2026-09-24,ممتاز,Positive
b226b398-ebcb-4a6d-a42b-1210c0b1efc5,Careem,Transport Services,4,2026-09-24,تطبيق راقي وسهل جدآ والخدمة جيدة توجد ملاحظة واحدة هي عندما تدخل على التطبيق لتحديد الرحلة يكون السعر مثلآ ثلاث آلاف اخرج قبل التأكيد وعندما وأعود للتطبيق لتأكيد الرحلة يتغير السعر ويصبح أربعة آلاف أرجو توضيح ذلك والعمل على إصلاحه,Positive
34c19a34-f691-4097-90d8-087b355968d1,Careem,Transport Services,1,2026-09-24,عروض فبك,Negative
9c40eb3e-1bc2-4b66-a678-31d4a7a5de52,Careem,Transport Services,5,2026-09-24,افضل تطبيق مشاوير,Positive
81908d4e-51e5-42c7-a948-1d8d69b4818d,Careem,Transport Services,5,2026-09-23,سريع وأمين هذا أهم شيء,Positive
8767ebcf-6f51-4a37-9c01-0f9a8b5824ff,Careem,Transport Services,1,2026-09-23,جدا صار التطبيق سيء الكباتن صارو مستفزين المفروض الشركة تختار ناس عندهم كفاءة و نظيفين ومخهم صاحي .. مافي خدمة عملاء كويسه ولا تقدر تتواصل مع الكابتن لأي سبب اهم شي عند الشركة تخصم الفلوس وبس,Negative
7b36881f-cb42-4bbe-9fe3-c0e939256a36,Careem,Transport Services,5,2026-09-23,تطبيق جيد لكن الكابتن يطلع عنده الموقع ويكلي وين ومن اكله يكلي الغيها أو يلغيها وانتظر نص ساعه او اكثر لهذا مسحته وشكرا الكم وتعاونكم الدائم,Positive
cec164ee-e9d6-4416-888b-44282ab679c5,Careem,Transport Services,5,2026-09-23,نتمنا ان يكون لدى سائقي كريم جهاز السحب الالكتروني كما هو الحال في شركة تاكسي حقيقة جدا رائعين وكذلك تركيب الداش كام داخل المركبات ضروري جدا لحفظ حق السائق,Positive
75cdf3e5-3ae8-4ecb-8f09-29bb47414521,Careem,Transport Services,5,2026-09-23,ممتاز جدا,Positive
809aa0ba-6e3f-4bd3-9fcb-4386ecc5ae34,Careem,Transport Services,5,2026-09-22,جيد,Positive
cb04811b-1e95-4623-a7a4-a0b27c1634df,Careem,Transport Services,1,2026-09-22,للاسف اصبح التطبيق بعد دمجه مع اوبر سيء جدا الاسعار اغلى والكوابتن يلغون الرحلة على كيفهم والزبون ينتظر وقت طويل ثم يكتشف ان الكابتن يختفي من التطبيق دون اشعار حصلت معي اكثر من مرة,Negative
e32bcb62-ccb9-45e8-b86d-79b820af5826,Careem,Transport Services,1,2026-09-22,فاشل,Negative
0a9d5b2b-24fc-48cd-a22d-4ecc1d5a589f,Careem,Transport Services,5,2026-09-21,حميل جدا وكل الكابتن محترمين,Positive
06c4f349-2c89-4324-b46c-32d918116b74,Careem,Transport Services,1,2026-09-21,لماذا لا توجد اكثر من نقطة وصول او اكثر من وجهة واحدة في الرحلة ؟ لماذا تطبيق معقد ولماذا ليس كل شيء باللغة العربية,Negative
04e3d863-6977-49ec-a005-ba9ef937f9b1,Careem,Transport Services,5,2026-09-21,حلوة,Positive
e9a5d24f-4b3f-4d5c-a777-2caad7280f7e,Careem,Transport Services,5,2026-09-21,شكرا الكم,Positive
97a63a08-b658-4990-b33c-c5a54a7d4843,Careem,Transport Services,5,2026-09-21,للامانه رخيص واسعار وخصومات مستمره انصح بتجربه,Positive
14353c3a-6fd6-47aa-81c3-90f24d5a052f,Careem,Transport Services,1,2026-09-21,سيئين ولديهم عمليات نصب في احترافية عالية,Negative
4b78bea2-d15b-4a83-b5f8-f6837a9f6301,Careem,Transport Services,5,2026-09-21,الافضل,Positive
2c7b6e6f-8213-4e7f-a207-5cac90924cd6,Careem,Transport Services,1,2026-09-21,السواق يسألون عن المكان والاجر وبعدين يلغون,Negative
01db7a45-b447-4274-bfbd-da27a5369d98,Careem,Transport Services,1,2026-09-21,فاشل في البداية ممتاز والحين يلعبوا ب الحساب كل شوي ينقضوا مبلغ وحتى وصول خلوه يخلص وانا قبل يزيد المبلغ في وصول,Negative
d258085f-0c72-432d-8a43-2a2b1fbad8f6,Careem,Transport Services,1,2026-09-21,الختيارات كاذبة والسواق متخايلين عند الوصول الى الوجه يغيرون السعر,Negative
a610bb66-71e4-4cce-aa40-c634ce5578ae,Careem,Transport Services,1,2026-09-20,ليش كلو عمان الواقع,Negative
37e8566f-4244-4518-9a8a-457314c0bcde,Careem,Transport Services,1,2026-09-20,مشوار اليرموك اليوم دفعني زياده ٦ ريال ليه مع انه نفس الموقع الي انا حاطه ولا تأخرت,Negative
6791193e-14cd-4c5b-9ea8-e2ea6f6002c7,Careem,Transport Services,1,2026-09-20,فيه الدفع كاش؟ وكيف اسوي وماذا اختار من خانه ليتم الدفع كاش,Negative
40fd9a88-fca8-4c62-9566-ae182f014fb3,Careem,Transport Services,1,2026-09-20,المطور مسوي حركة وسخة وهي اذا الكابتن الغى الرحبة ما تكدر تبلغ وانا صارلي اذ تكلم الكابتن باسلوب غير لائق و ما كدرت ابلغ لان الرحلة ما تطلع اذا هو الغاها يعني باختصار تَستُر الدعم على الكابتن,Negative
31756fd9-2746-4d00-a912-d48e628492df,Careem,Transport Services,1,2026-09-20,تجربه وحشه جدا دفعت نقدا للسائق وبعد ذلك فوجئت ان عليا مديونيه بثمن الرحله علي التطبيق يعني المرض اسدد تاني وبكده أكون دفعت ثمن الرحلة مرتين مره نقدا ومره عن طريق البطااقه,Negative
f30c992b-120f-469c-bccd-a88f6d6fe991,Careem,Transport Services,1,2026-09-20,ذفتتتتتت تطبيق فاشل وبيسرق العملاء,Negative
6cf27dfb-0144-4dde-a4aa-401ae905ee83,Careem,Transport Services,1,2026-09-20,تطبيق سيء جدآ,Negative
a8d4a12e-29fb-42fe-b53a-975bb09f13b7,Careem,Transport Services,1,2026-09-20,سيء,Negative
9285ffe8-3beb-47b7-8c49-b0b6e512e4d8,Careem,Transport Services,5,2026-09-19,لسه هجرب,Positive
0986d234-ed6b-440e-ad2c-7ca507a78d54,Careem,Transport Services,5,2026-09-19,ممتاز,Positive
bd3fd53e-3e5c-4dc1-be20-515d2148781c,Careem,Transport Services,5,2026-09-19,ممتازة,Positive
a18bdca2-cec9-4e98-b2a8-a9c34a39e60d,Careem,Transport Services,1,2026-09-19,الثمن هزيل جدا,Negative
d93e37e5-8b56-4fd8-af95-fdee9140c07b,Careem,Transport Services,5,2026-09-19,", محترمين شكرا",Positive
1533d7ce-f4fb-4705-a84c-2897bfda8b09,Careem,Transport Services,5,2026-09-18,اروع تطبيق ب العالم احسن من طلبات بكثير كثير كثير كثير,Positive
af30c982-ac23-4d4b-8174-ce315bd4c7a2,Careem,Transport Services,1,2026-09-18,ايع,Negative
e8c43a16-b2e2-47aa-97ac-a3596cb4b4bf,Careem,Transport Services,5,2026-09-18,ممتاز جداً 🫰,Positive
74ec7402-f0c0-4ccd-8a9d-2e28b7e6de48,Careem,Transport Services,4,2026-09-18,good,Positive
3ccc2623-0908-495e-b9fe-2bd2b0a77da1,Careem,Transport Services,5,2026-09-18,جيد جداً,Positive
7511b69b-e489-4850-9531-6a51f34e28cf,Careem,Transport Services,1,2026-09-18,برنامج حرامي مرتين. ينصب علي يوصلني ٣ كيلو السعر ١٠ بعد مايوصلني. يطلع السعر ٣٠ اخر مره اتعامل معاه نصابين,Negative
4ca0c3bb-cea6-4941-ba59-0d528d08ca31,Careem,Transport Services,5,2026-09-17,افضل تطبيق اسعارهم مره مناسبه,Positive
549bd75a-a11d-4f45-977c-e8d8086bc999,Careem,Transport Services,1,2026-09-17,فاشله,Negative
0865a65f-33b8-4ee8-befa-de5909c08a47,Careem,Transport Services,1,2026-09-17,مش فاهم كيف يعني علي ٢.٤٥ دينار بدل شو هدول بحاول اعرف لشو هدول المبلغ مش مبين ولكم والله لو تحبوا حبي مارح تاخدوا مني قرش وخليني على طلبات افضل الي,Negative
bac3349f-de8c-45d9-9ce8-78f051188699,Careem,Transport Services,2,2026-09-17,عندي مشكلة تتكرر معي في الدفع الكاش يكون باقي لي مبلغ مع السواق يقولي مامعي اظطر أمشيها,Negative
3955fc83-3aa2-4e87-8672-fa75b0d33e5f,Careem,Transport Services,5,2026-09-17,يخبل,Positive
258a4af2-0d36-43ae-8f08-89a12e059a1f,Careem,Transport Services,1,2026-09-17,اسعار غايبه,Negative
fe56f21d-428b-43e8-912d-78ff37255b45,Careem,Transport Services,1,2026-09-17,برنامج سيئ جدا والكباتن غير مؤهلين للتعامل مع المستخدمين ودائما ما يعطوك برومو وعند الدفع يطلب قيمة المبلغ كاملة وهناك تخبط حاليا وانا ازلت البرنامج نهائيا,Negative
5a32a99f-a364-4722-bace-75aeb7bece5c,Careem,Transport Services,5,2026-09-17,أكرر مدحي لهذا البرنامج: برنامج ممتاز يستاهل خمس نجمات,Positive
d056ed4b-403c-47b7-bee2-563a38e9c26b,Careem,Transport Services,1,2026-09-17,اول طلب لي جاءتني سياره غير نظيفه كلها تراب من الخارج وبقع ومقبض الباب مصدي تاني سياره السائق موبايله مغلق ويقف في لوكيشن خطاء ليس الوكيشن اللي انا فيه وبعد فتره ارسل لي رساله فيها رقم موبايل اخر وقالي كلميني عليه!! ولما لغيت الرحله حسب علي ٢٥ ج مصاريف تأخير تم حذفها عندما بلغت الدعم الفني اسعارهم مرتفعه جدا بالنسبه لمستوى السائقين ومستوي السيارات لا انصح به بتاتا ولا حتي يستحق النجمه,Negative
240cf86e-f3bb-4c70-acb9-dcd6749ff7d4,Careem,Transport Services,5,2026-09-17,انا زياد وانا يلي خترت هده ليشي بس على خمس نجوم لا احله طبيق لا احله دلفري لا هده كريم,Positive
f6d96f16-c2de-42dd-abd4-0ac70c72f2e8,Careem,Transport Services,5,2026-09-17,تطبيق ممتاز,Positive
9c05d759-09a3-4265-b985-f0b71da1f63c,Careem,Transport Services,5,2026-09-17,شكرآ كريم💐,Positive
f50c8e47-3578-40e4-a808-4c7c458d299b,Careem,Transport Services,1,2026-09-16,سيء جدا كيف اشحن رصيد والكابتن مايعرف يستخدم الرصيد مطلوب مني انا افعل محفظة كريم ، طالما شحنت يعني استخدموه ما شحنت عشان اجلس ساعه احاول افعل الدفع من محفظة كريم والتطبيق معلق ، الان ابغى اتواصل مع الكابتن وكمان الرقم يقول غلط,Negative
ec5b331f-309c-4031-bc1b-d8e032443d25,Careem,Transport Services,5,2026-09-16,جيد جدا,Positive
ecb22dda-b3ae-4b5d-8032-69128c705dd0,Careem,Transport Services,5,2026-09-16,ارخص واحسن تطبيق,Positive
59fee300-1ee8-4d39-869f-ac5f1902c088,Careem,Transport Services,1,2026-09-16,تطبيق وحش جدا,Negative
70965430-1ca1-4393-afb9-6865ee206859,Careem,Transport Services,5,2026-09-16,رايع,Positive
b3d043d1-22c5-4027-8625-4a8c8953b648,Careem,Transport Services,2,2026-09-16,تطلب بسعر وقت توصل يطلع سعر تاني,Negative
27e28d86-4b3e-4b80-94a4-04c5098ca113,Careem,Transport Services,5,2026-09-16,حميلة,Positive
1eafb2fc-279a-4296-9b71-1758be528712,Careem,Transport Services,1,2026-09-16,السعر عند الطلب كان ١١ وبعد المشوار أصبح ١٨ لماذا هذا الفرق كنت محصل مبلغ اقل في تطبيق اخر لماذا لايكون السعر واضح من البدايه نفس التطبيقات الأخرى,Negative
e0d1445b-e1d6-4aa4-a43e-fc2a42fca843,Careem,Transport Services,3,2026-09-16,تطبيق جيد وممتاز ولاكن في الفتره الاخيره صارة ظاهره عند الكباتن من يوافق على الرحله يتصل على الزبون ويسئله عن وجهته وكم الاجره واذا كانت قليله بسبب الخصم اوالعرض والطلب يرفض الرحله واغلب الكباتن اذا الزبون دفع الاجره الكتروني اغلب الكباتن يبدي تذمر وانه يرغب بلدفع النقدي اويوجد بعض الكباتن بعد الموافقه على الرحله وياخذ وقت يطلب من الزبون الغاء الرحله بصراحه هذه الامور سابقا كانت غير موجوده والتشديد على الكباتن بلالتزام بظوابط الشركه وراحة الزبون اولا,Neutral
3549a573-e385-4f2b-8247-1258e066c5e5,Careem,Transport Services,1,2026-09-16,ليس به إمكانية دخول اللوكيشن مباشر,Negative
f77e98d4-1e8e-4375-b401-40ca7b2e9194,Careem,Transport Services,1,2026-09-16,سيء ودعم لا يستجيب لشكاوي,Negative
580a8ef2-0c81-4452-8baf-74a14ff29753,Careem,Transport Services,1,2026-09-16,متلاعب,Negative
ac7f81ba-ef9a-4acf-a32a-42185f8bef26,Careem,Transport Services,5,2026-09-16,ممتاز وخدمه جيده جزاكم الله خيرا,Positive
8bcc396e-42ed-4ef8-856e-20846813b3ef,Careem,Transport Services,5,2026-09-16,تطبيق مرن جداً وآمن,Positive
6cd14598-76dc-4d1b-a4d7-a4df6d2817be,Careem,Transport Services,1,2026-09-15,worst customer service i have ever deal with and the setting of the app it self is not quite flexible,Negative
745c0670-21cc-43fd-b08f-e8a62882d5c9,Careem,Transport Services,5,2026-09-15,حبيت إضافة نقاط التوقف واكثر تطبيق يحل مشاكل العميل بأسرع وقت,Positive
2814e753-bccb-403e-b1dd-b92a3fa12cf7,Careem,Transport Services,5,2026-09-15,جيد جداً,Positive
692f1408-2648-4fa3-8797-2f4ac5e4696f,Careem,Transport Services,1,2026-09-15,سي,Negative
2dd7c110-4221-4102-9b25-77b4ff2dfe2e,Careem,Transport Services,2,2026-09-15,كابتن الي ديشتغل بكريم مو نفس الناس الي بالبدايه التطييق خربتوا التطبيق لما ضميتوا اوبر للتطبيق مع الاسف ناس متخاف الله والاغلب مو الكل حراميه وميرجعون الباقي واذا كان الفلوس ع المحفظه يعصب وميقبل الرحله وميقبل الاكاش ياخذ,Negative
4122d48c-5a16-4331-8593-52ef0b5392c9,Careem,Transport Services,5,2026-09-15,يجنننن ماكدر بدونه ابد بس حرامات خلص الخصمم 😔😂.,Positive
115a56f4-7417-4744-b4fa-70ca5f9ed627,Careem,Transport Services,5,2026-09-15,😍,Positive
ddbbabfa-e082-4acf-b717-15ef214c1938,Careem,Transport Services,3,2026-09-15,لا يوجد رقم للتواصل مع أحدهم كان لدي خصم عند طلب اي تاكسي بيوم وليلة لم يعد هناك خصم لماذا,Neutral
8455b2de-7885-4982-9d19-d3b0e0098582,Careem,Transport Services,2,2026-09-15,لا يفتح التطبيق بسهوله,Negative
cf97062b-44c7-44b2-8559-91c429325a59,Careem,Transport Services,1,2026-09-15,اسو تطبيق والسائق ياخذ مبلغ إضافي ومن ايشوفون خصم واكول الهم ياخذون إضافي وبس ايخابرون بتليفون ميصير هيج شي حرامات موجود,Negative
3236c3a2-9a54-4f32-842e-d7aab96da4e2,Careem,Transport Services,1,2026-09-15,سييييئ جدا,Negative
6006c102-ecc3-43cc-b044-c85f670a8857,Careem,Transport Services,5,2026-09-15,تمام,Positive
fa20b72b-ea3b-4ef0-8b80-62f12ad15527,Careem,Transport Services,1,2026-09-15,تجربة سيئة جدا أتى السائق بعيدا عن الموقع المعلوم و بعد دقائق إنسحب و مباشرة جاتني دفعة ب 10 ريال أسوأ من ذلك لا يوجد,Negative
cbc8801c-fae6-4b2a-a875-cb35d47c50bf,Careem,Transport Services,5,2026-09-15,good,Positive
d588739c-c8ac-4731-895c-32f925d32d69,Careem,Transport Services,5,2026-09-15,يخبل,Positive
3fc73d50-7d62-4ae2-a1b3-4b4533e8cad4,Careem,Transport Services,1,2026-09-14,سرقوا مني الخصومات,Negative
f13685a3-3c81-43fd-b39c-57f53218399b,Careem,Transport Services,5,2026-09-14,تطبيق رائع .. فقط مطلوب إطلاع الكابتن مسبقا على وجهة الرحلة و مقدار المبلغ المطلوب و تفصيلات الخصم للزبون.. موفقين,Positive
5a5f9afd-f071-4005-af78-d8f3dceeab99,Careem,Transport Services,1,2026-09-14,سئ جدا,Negative
946e2af4-be43-4dee-9353-afd91ed70474,Careem,Transport Services,4,2026-09-14,حسن,Positive
4fc59c79-0a05-44fa-ae51-15ae7f687fd3,Careem,Transport Services,5,2026-09-14,تجربة حلوة وصول سريع على الموعد وكانت الخصومات حقيقية,Positive
24f40fbe-7fd9-4f2c-9662-21904d44ee47,Careem,Transport Services,1,2026-09-13,ليس هناك مصدقيه,Negative
b2da4eb9-2176-4810-a40d-0703ea0a8fad,Careem,Transport Services,1,2026-09-13,كان أفضل التطبيق,Negative
18340563-b58f-40f0-ada6-17550b7a97f8,Careem,Transport Services,1,2026-09-13,سئ,Negative
4ef0bb64-0a44-4c81-9494-367b87b3c6ca,Careem,Transport Services,1,2026-09-13,تطبيق سيء جداً حملته لاول مره وكان لدي خصم في الرحله السايق لم يرضى في المبلغ الموجود في التطبيق ويقول لم اذهب ان لم تدفعوا اكثر سوف اترككم هنا وكُنا في نصف الطريق هل يجوز هذا الشي؟ والاسعار ارتفعت جداً من قبل!,Negative
5bef5cb3-d7f4-46ae-9e9d-80a2de5d06af,Careem,Transport Services,1,2026-09-13,افشل تطبيق شفته طلبت كروتي ٥ الاف دينار وصلت خذه مني ١٠ الاف ليش لانو شويه وكفت بالتقاطع شنو يحسب عليه هوه تطبيق بلي اشرف بكثيررررررر من هذا التطبيق,Negative
7b107b45-fa2b-4b61-bb29-4c18f6c3991c,Careem,Transport Services,1,2026-09-13,تجربة سيئة تم طلب سائق عند وصوله كان يشغل أغاني بصوت عالي بما يفقد احترام راحة الراكب,Negative
9164efe1-3af2-48cc-95e9-734292aeb6e5,Careem,Transport Services,1,2026-09-12,سيئ,Negative
5b351745-69d0-4a25-aea0-aeb4078eb391,Careem,Transport Services,5,2026-09-12,سهل جدا و ممتاز كما انصح بشده بإستعمال تطبيق كريم,Positive
1f86e6c6-8526-47c3-827c-0760704f5de2,Careem,Transport Services,5,2026-09-12,جميل,Positive
3d8e53e6-c907-4b4d-a239-f6289da28d7f,Careem,Transport Services,1,2026-09-12,خدمات التطبيق كريم بطيء جدا، انصحك بي استخدم تطبيق انديريف تطبيق سريع و ممتاز,Negative
7e661f9d-bd62-474a-aa16-2518da2dc0fb,Careem,Transport Services,1,2026-09-12,أسوأ ابلكيشن توصيل وخدمة عملاء زي الزفت ده لو حد رد عليك أصلا، واوعى اوعى تحط الفيزا بتاعتك لو كنسلت رحلة فلوسها مش هترجع لك وبيسرقوا فلوس منها.,Negative
75d735a7-be64-4d0e-ab0c-ff9a04af333e,Careem,Transport Services,1,2026-09-12,اصبح سئ جدا اثناء سفري لمصر عند طلب مشوار يعطي اختيار موقع الانطلاق فاخترت موقعي الحالي وقبل ولكن عند ما اردت اختيار الوجهه يعطيني مواقع محلات تجارية في السعودية ولم تفلح كل محاولاتي,Negative
e316fed6-e83b-4f73-ae51-cda3bb923467,Careem,Transport Services,1,2026-09-12,هناك اخطاء احيانا في الشركه,Negative
89205eb7-e0d9-43e1-b793-de15e575b344,Careem,Transport Services,1,2026-09-12,التطبيق فايت بالحيط,Negative
b15f5c96-0618-4ed8-b5c1-d62b4575920a,Careem,Transport Services,5,2026-09-12,لو سمحتوا بدنا كود خصم من زمان عنكو,Positive
1f89098c-a60f-4f0b-8add-6331c283b8b9,Careem,Transport Services,5,2026-09-12,ممتاز,Positive
300c349c-e915-4c54-88ca-01a8c3e1124e,Careem,Transport Services,1,2026-09-12,من اسوأ التطبيقات واسوأ المعاَملات,Negative
283316d7-ab41-4ed1-bf4b-c4e4614d3846,Careem,Transport Services,1,2026-09-11,برنامج معفن قال بس يتأخر لطلب برجع لفلوس عالَمحفظة بيجبروك تشتري َمن عندن ومعاملة زبالة لما اطلب فواكه بتوصل ناصقة لعامل بيفتح وبياكلو موزة وتفاحة عادي ههههه قصص كثير معاملة سيئة الله عهيك بلا,Negative
1196d4b2-eb6d-47a9-a272-172e7d15bedd,Careem,Transport Services,1,2026-09-11,عيني كريم تدرون السواق مالتكم يخابر على الزبون بعد ميوافق على الرحله يكله وين توصل اذا ما عجبته الرحله يلغيهه من يمه,Negative
334bc1eb-9fdc-455c-91b5-eeed52586fdc,Careem,Transport Services,1,2026-09-11,كنت داخل اكتب انه سئ لقيت المعظم كاتب كدا سواقين من اسوء ما يكون الا من رحم الله والبرنامج سئ للغاية,Negative
21e331ec-06f3-4f2e-84d5-5323aac3f201,Careem,Transport Services,2,2026-09-11,ميزته الوحيدة السعر أما طريقة التواصل مع الكبتن وخدمة العملاء فهي من الأسوأ,Negative
036128ce-d43c-41b4-8be5-19a994838fc5,Careem,Transport Services,1,2026-09-11,سية,Negative
402cefa0-3479-4916-a36f-7be48fc7fe98,Careem,Transport Services,1,2026-09-11,سيء جدا,Negative
2f669615-7845-4181-b14c-9e01717f2fed,Careem,Transport Services,5,2026-09-10,ممتاز,Positive
2de33db7-03f9-42d3-9939-93678d0a15a5,Careem,Transport Services,1,2026-09-10,احنا سوقين في الكويت سعر الرحلات قليل جدا,Negative
19d3a7f1-2663-43de-9064-5333a0818eb5,Careem,Transport Services,5,2026-09-10,ممتازه جدا جدا جدا جدا جدا,Positive
077b1c8b-834b-4c58-a5f0-0618142ad825,Careem,Transport Services,5,2026-09-10,ممتاز وخدمه سريعه,Positive
384d1b4b-7b5b-463c-8100-371791c8a763,Careem,Transport Services,5,2026-09-10,ممتاز جدا,Positive
81dee445-44ff-4ab8-b152-db4de8bc68d2,Careem,Transport Services,1,2026-09-10,تطبيق سيئ جدا واسعاره مبالغ فيها يعني مشوار علي ديدي ب50 جنيه عليه ب75 جنيه,Negative
cd675b0c-f147-449a-8257-02ad135040db,Careem,Transport Services,5,2026-09-10,خوش تطبيق,Positive
c76eab30-ef5f-42ff-aed0-205f7b2823a1,Careem,Transport Services,1,2026-09-09,سئ,Negative
29d2937e-e108-42b8-850f-56d27753b704,Careem,Transport Services,5,2026-09-09,ضخمة عمري الفل السوداني,Positive
85da9602-3198-4af0-bd95-3c5a55d12273,Careem,Transport Services,5,2026-09-09,اجمل تطبيق فعلا عن جد اجمل تطبيق وخدمته جميله جدا,Positive
aa3a241f-4c6a-40f7-8a4f-fbb34e167b5c,Careem,Transport Services,3,2026-09-09,لو سمحتو فيه عندي صارت مشكله اثناء طلب سياره التطبيق ظل امعلق يبحث عن كابتن وما وضح انه تم اختيار الكابتن قمة بإلغاء الرحله وانحسبت علي وارجعت كمان مره طلبت ونفس الموضوع صار,Neutral
a54b380b-4392-478f-b66d-f1dba6cc7993,Careem,Transport Services,5,2026-09-09,ممتاز بس اريد خصم,Positive
9157d066-0d32-41c8-ab07-6ff9addbc57c,Careem,Transport Services,5,2026-09-09,اصحبت كابتن ومنتظر الإجراءات متى من سنة ومافي منكم رد هل هذا طبيعي,Positive
d7e9fb0e-f57e-4780-aa93-aa9c4be1b268,Careem,Transport Services,5,2026-09-09,شكرا الكم افضل تطبيق 🤍👏🏻,Positive
dbdc8546-e3f9-4967-8b12-4d421434b44e,Careem,Transport Services,5,2026-09-09,ممتاز,Positive
a627b0cb-4e3c-45c1-b182-1dbaf3b5d8eb,Careem,Transport Services,1,2026-09-09,شركة فاسدة حرامية بيستحلوا الفلوس الحرام ، محتاج اوصل لمديرهم الاساسي,Negative
bfab53de-3847-4323-99fd-8ddd026fab5c,Careem,Transport Services,5,2026-09-09,نريد careem moto في المغرب,Positive
17fd05d1-c32c-46c0-8485-4fe245d21c74,Careem,Transport Services,3,2026-09-09,تطبيق زين بس اكثر الكباتن لمن يصير خصم يلغون الرحلة او يضلون يحجون حجي مو حلو ويلعبون نفسنة حته من الطلعة,Neutral
5498fa67-0ae1-4052-a39c-4d11443955c6,Careem,Transport Services,5,2026-09-08,جيده جداً,Positive
3e69c7a3-d5bd-4873-af09-bb7a25ee5408,Careem,Transport Services,1,2026-09-08,ليش دمجتو كريم مع اوبر. كان احسن من كذا. وبعد الدمج في لخبطه في الاسعار. والكابتن. يعني لماتطلب كريم يجيني اوبر ليش كذا. علي الاقل الغو واحد منهم,Negative
d5a21d34-f8ac-4c27-b736-4d876d91220e,Careem,Transport Services,5,2026-09-08,ارقى تطبيق بس خلي ينطون رصيد بالمحفظه بالبدايه هدايا مال تسجيل,Positive
a5a3eb18-e9e2-4d56-ae39-57b752d195c6,Careem,Transport Services,3,2026-09-07,mlm her or,Neutral
990f199f-1a43-483d-be44-713c051ff8b7,Careem,Transport Services,1,2026-09-07,انا طالبه من كريم مشوار بي ١٣ ريال لي حديقة الحيوان.... يرسلون سبارة من اوبر بقيمة ١٩ ريال. شغلت نصب واحتيال الواحد يركب اتوبيس او سيارة خاصة احسن من طلب المواصلات👍👍,Negative
fa5221dd-60d6-47bf-8f28-5e885764b5d5,Careem,Transport Services,5,2026-09-07,عاشت,Positive
7a7a076f-a487-4f70-8690-47b72bbe6a5a,Careem,Transport Services,1,2026-09-07,سيء جداً لا يسمح بحذف بطاقة الدفع حتى بعد تصفية الحساب ويحاول السحب دون إخطار,Negative
36193562-9234-4bcf-9384-69718be5741b,Careem,Transport Services,5,2026-09-07,جيدة,Positive
53c504d5-094e-4876-a250-462f6b9dd5d3,Careem,Transport Services,3,2026-09-07,في وقت الذروة لا تجد سائقين أو يحجز ثم يلغي بس الحلو فيهم الخصومات وكذلك الموظفين احترام,Neutral
2e61bf92-2f2e-47bd-b76e-cd4d34300748,Careem,Transport Services,5,2026-09-07,👍,Positive
05cea893-45c7-437c-870d-a623ba9b604e,Careem,Transport Services,1,2026-09-06,الحمدلله تجربه مريحة السائق قمة الادب والاخلاق شكرا الان بعد ست سنوات بقى التطبيق سئ جدا جدا جدا ما بتجاوب بفضل يبحث عن كابتن ونجرب اكتر من مره ونتاخر على المواعيد ونطلب من تطبيق أخر سعر أعلى ليه بقت التطبيق لا يستجيب مع أنى حذفته ورجعت نزلته علشان التحديات بردوا ما بستجيب وا بجد كابتن,Negative
49c7f2bb-8866-4166-9b28-d22ea3d35abf,Careem,Transport Services,1,2026-09-06,تطبيق سيء وعروضه غير حقيقية، خصم المستخدم الجديد غير موجود سيء بكل ما للكلمة من معنى,Negative
216d32fb-c207-422b-b4d6-4a3a29745d36,Careem,Transport Services,5,2026-09-06,أفضل تطبيق على الإطلاق .. واسعاره ممتازة,Positive
712b473d-b3dd-4c8a-ab92-2f9277f39870,Careem,Transport Services,1,2026-09-06,معظم الاحيان يقول يلزم الدفع بالبطاقه استهبال والله,Negative
a3a8c6e4-79f2-4997-a09f-49ef5d3c1d7f,Careem,Transport Services,4,2026-09-06,جيد,Positive
ced20bb1-ceed-485c-8024-ed9cef82a2fc,Careem,Transport Services,2,2026-09-06,ممتاز الي الن,Negative
24309911-8e2f-4090-bfdd-3a9eb2c11e57,Careem,Transport Services,1,2026-09-05,⭐️ تجربة سيئة جدًا مع خدمة العملاء. تم خصم مبلغ من بطاقتي لرحلة لم تتم وتم إلغاؤها، وبعد التواصل مع كريم تم إخباري أن المبلغ سيتم إرجاعه خلال أسبوع إلى 3 أسابيع. مرّ أكثر من شهر ولم يصل المبلغ إلى حسابي. تواصلت مع خدمة العملاء أكثر من مرة، وحتى الآن مرّ 3 أيام على آخر رسالة مني بدون أي رد أو متابعة. المشكلة ليست فقط في تأخر المبلغ، وإنما في عدم وجود أي متابعة أو رد واضح من خدمة العملاء. كنت أتوقع خدمة أفضل بكثير، خصوصًا أن الموضوع يتعلق بمبلغ تم خصمه من بطاقتي.,Negative
8de951e1-3f7e-4c9f-bcb8-f4a295ba9484,Careem,Transport Services,1,2026-09-05,سياسة الاستخدام كلش تعبانه مال الشركة,Negative
5a156c15-f5a3-4373-bf09-f8b4127871fc,Careem,Transport Services,5,2026-09-05,جيد جداً,Positive
8e41547c-d0a8-4062-9810-0900af082952,Careem,Transport Services,5,2026-09-05,ممتاز جدا,Positive
dc62fd76-7732-42dd-b715-b79046b08a88,Careem,Transport Services,1,2026-09-05,عدم التزام الكابتن بمواعيد وبعد تأخير أكثر من ساعه يطلب الغاء الرحلة,Negative
b7886ca9-b330-4631-9ba5-00b5b0cda268,Careem,Transport Services,1,2026-09-04,اسوأ خدمه عملاء رأيتها في حياتي هي خدمه عملاء كريم مصر لا يوجد اي استجابه سواء على الرسائل او بريد الكتروني تم خصم مبلغ ضعف مبلغ رحلتي بالاضافه الى المبلغ الاصلي والى الان لم يتم حل المشكله قضيت ١٧ سنه في السعوديه وكانت خدمه العملاء هناك فوق الرائعه لا انصح احد به للاسف,Negative
2a061774-3496-460e-8d07-e807a0278402,Careem,Transport Services,1,2026-09-04,تطبيق فاشل,Negative
7b7166d4-15e5-4e70-a077-6769c9e8c3e3,Careem,Transport Services,5,2026-09-04,عودة طيبة,Positive
21aedeb5-59fd-4251-8a93-70a396a0573f,Careem,Transport Services,1,2026-09-04,تطبيق ما انصحكم فيه,Negative
d6b71dd6-bfae-47bb-9738-6f982e1bc92e,Careem,Transport Services,5,2026-09-04,ممتاز,Positive
7e28ffd2-5fd8-4676-b3fc-b8f02d296f63,Careem,Transport Services,5,2026-09-04,افضل تطبيق,Positive
0f69a3ed-afad-4fef-b054-cf1eaa638d42,Careem,Transport Services,1,2026-09-04,كان تطبيق جيد جدا ومريح وخدمة العملاء فعلا بخدمة العميل الان اسواء تطبيق في هذا الزمن ولا احد يحمل فلوس كاش الكل معتمد على الدفع االي مو بس الدفع تغير العنوان كاف في خير بس الحين عشان بتدفع من المحفظه الي الواحد عباها فلوس مو ورق يقلك لا ماتغيري لوكيشن طيب انا اضفت فلوس زياده الي المحفظه اسحبوها مع المبلغ الي نسحب من الحفظه لا كانها ورق مو فلوس يردون عليك عشان يقولولك ما نقدر نساعده اسواء تطبيق على الاطلق لبهدلة العميل ومافي مجال للعتذار مضطره اخلي التطبيق لاني حولة في الحفظه فلوس,Negative
4bd9c02d-92ac-4d6d-8704-3f5b790ef87d,Careem,Transport Services,5,2026-09-04,تجربة ممتازة تستحق العودة للمشاركة,Positive
6793a8d9-28e7-42bf-8b78-2cf3f1647286,Careem,Transport Services,1,2026-09-04,طلبت سيارة ساعه وهو يبحث عن سائق .تركته وطلبت سيارة أجره وبعد يومين يطالبني بسدد مبلغ ألغى طلب . وما طلع لي اي موافقة على طلبي اساسا .,Negative
3ed94f09-3b26-4128-b30f-aaaac7c08cc5,Careem,Transport Services,1,2026-09-04,لا انصح باستخدام كريم من العملاء لانه اغلى تطبيق ولا يقوم بالتعويض وخصم مبلغ دون مقابل,Negative
133d3f89-4c02-4eb5-8b5a-cdc9626f93cd,Careem,Transport Services,5,2026-09-03,تطبيق جيد جدا,Positive
eacd37aa-a2a1-4a03-bbcf-4144bae76193,Careem,Transport Services,5,2026-09-03,ممتاز,Positive
729b089b-c2c0-4574-8774-50ad785eccc5,Careem,Transport Services,1,2026-09-03,قبل تظهر فيه جميع المناطق في الشرقية الان يظهر فقط الدمام والاحساء,Negative
33d60c66-682d-4f07-9315-334ab5b35671,Careem,Transport Services,1,2026-09-03,التطبيق صعب .للي اول مره .وانجليزي ليه الواجهه انجليزي ح اشوف تطبيق تاني,Negative
a7b8ede9-d4e4-4c8e-a912-3da71afffb9a,Careem,Transport Services,1,2026-09-03,تطبيق يخذ مبالغ زياده بدون وجه حق انا مسجله بدعم وصول وكم مره يخصمون المبلغ كامل ولاكلمتهم يرجعوها للمحفظه لان مانقدر نرجعها لحسابنا البنكي للاسف وتبقى فلوسنا محجوزه لدينهم,Negative
9e56d31b-6457-400e-a478-c9051acf629f,Careem,Transport Services,5,2026-09-03,تطبيق ممتاز,Positive
6edced38-2069-4996-976b-16c06830f040,Careem,Transport Services,1,2026-09-03,والله هسه بالجديد الكابتن يلعب عالزبون وياخذ منه مبلغ اكثر واللله لان كيصرفله لان اكو خصم عالرحلات وكريم ميرجع للزبون الزياده اللي اخذها الكابتن بوك علني,Negative
36b3aba0-859c-4a92-b645-4a1082a275da,Careem,Transport Services,1,2026-09-03,لا أستطيع الاعتماد على كريم اشحن رصيد كريم في التطبيق السائق والتطبيق يطلب نقدا اضيف بطاقة ماستر كارد السائق و التطبيق يطلب نقدا اذا موجود رصيد في التطبيق بعد على اي اساس ادفع نقدا ما فائدة رصيد كريم بعدين كيف أثبت نقطة الوصول في الخريطة اذا موجود رصيد في المحفظة يصير الاستقطاع منها بعد على اي اساس نقدا تعلمو من شركة بلي . في التطبيق ملف الأعمال اكدت الدفع عن طريق المحفظة والماستر ارجع التأكد من العملية يرجع التطبيق يريد نقدا التطبيق يحتاج حل تقني مامضمون صارلي تقريبا سنتين التطبيق غير مريح,Negative
e3e706b9-9b98-4432-b4c1-ee4734394542,Careem,Transport Services,5,2026-09-03,تجربة ممتازة وبأسعار مناسبة وصارلي سنين وياهم,Positive
bfab4a0e-8b1c-4cf1-aad5-773dcd58a3b3,Careem,Transport Services,1,2026-09-03,لماذا التغطيه لاتشمل المجمع النفطي في تقاطع النهروان,Negative
190f4506-4e14-4b8c-962b-644f63cb5532,Careem,Transport Services,1,2026-09-03,التطبيق سيئ جدا والكابتن بعد ما يقبل الطلب ويخليك تنتظر فتره كبيره يلغي الطلب ومرتين بعد ما اركب مع الكابتن ينزلنى بطريق لان الكروه ما عاجبته,Negative
f0658263-defa-4e44-aa7c-c4dc34c87c3b,Careem,Transport Services,1,2026-09-03,غالي جدا,Negative
191bb943-70e0-46a2-adc2-e47ab82377de,Careem,Transport Services,4,2026-09-03,جيده,Positive
a7fa39b5-4d78-43c0-8bf7-a31c02bfb67c,Careem,Transport Services,1,2026-09-02,يطلب الدفع اكثر,Negative
1e7b87e4-b389-4396-870e-3d3a413de1c5,Careem,Transport Services,1,2026-09-02,يعني الاسعار صاير مبالغ فيها بشكل مو طبيعي ، طلب على تطبيق تاني ب ١٠.٤٠ ،على كريم ١٥.٣٥ ،٥ دنانير زيادة !!!,Negative
0e923adf-9183-4838-be26-55d41531eb69,Careem,Transport Services,5,2026-09-02,ممتاز,Positive
5725137a-f201-40a8-8b5d-e53aafea2f6d,Careem,Transport Services,1,2026-09-02,تطبيق سى لاانصح به يلعبون بالعملاء,Negative
af9ab591-27a7-41ba-b18d-8c23fd95dc37,Careem,Transport Services,1,2026-09-02,تطبيق سيئ وفيه كميه لعب لما تطلب مشوار يجيك السعر وهمي. توصل الموقع تتفاجئ من الكابتن بسعر أكثر من اللي معروض في الشاشه فلهاذا لا أنصحكم به سيئ مررره,Negative
898c525d-399e-4b4d-a89e-ba3f7807f9b2,Careem,Transport Services,1,2026-09-02,انا الغيت الاشتراك بكريم بلس من 4 أشهر ومع ذلك يتم سحب مبلغ الاشتراك شهريا تواصلت مع خدمة العملاء مافي فايدة حذفت بطاقة الفيزا وما يزال السحب مستمر بغير حق احذروا من تحطوا بطاقه دفع راح يسحبوا منها حتى لو الغيتوا الاشتراك,Negative
de63dc63-dd70-4503-a3ab-664036eeca3c,Careem,Transport Services,5,2026-09-02,جيد,Positive
34e77a57-dba2-4352-9716-b52d315af70a,Careem,Transport Services,5,2026-09-01,رائع وسيارات نظيفه وحديثه,Positive
4e8f8ba2-cc42-4200-91c7-5be827667865,Careem,Transport Services,5,2026-09-01,ممتاز,Positive
6dfaaab4-27fc-4f17-aab1-ba4702147527,Careem,Transport Services,1,2026-09-01,اول مره اشوف تطبيق اخيس من بلي وكباتنه طلبت اربع مرات بنفس الوقت يعني كل مايلغي واحد ارجع اطلب طلبت الاول وصلني لبيت وطول نص ساعه صعدت وياه يكلي بتلاثه اذا تقبل انروح صاير خلل بل تطبيق وهيه الكروه طالعه بلتطبيق 2 وعندي خصم صايره 1.25 لغاها بعد نص ساعه طلبت مره ثانيه نفس الحاله هم لغاها ثالثه هم نلغت ورابعه هم وهذن كلهن اني جاي اخابر بل دعم واي حل مجاي يقدمون بس الغاء واني اتاخرت ساعتين من وراهم عن عملي وبعملي انخصم منعندي فلوس بسبب التاخير وبسبب الدعم انصح لاحد يستخدمه حتى اعصابه لا تتلف,Negative
82418c74-fa76-4538-8ab4-061947261a42,Careem,Transport Services,5,2026-09-01,كاش الدفع وانا اسدد بعد انتهاء الرحله,Positive
6ab55af1-0de8-4ef6-bd97-470476fb1016,Careem,Transport Services,1,2026-09-01,كلش مو زين كل ما احدد الوجهه يطلع,Negative
5431bf5f-f4e1-4560-8fea-708090ecdb0a,Careem,Transport Services,5,2026-09-01,تجربه حلوه,Positive
7f7997f6-02fe-45bc-bfa4-4e324e5eca62,Careem,Transport Services,1,2026-09-01,تطبيق سيء جدا لما تتواصل مع الدعم الفني بيكونوا غير قادرين على حل المشكله و موضوع الاجره في التطبيق لما تطلب بيطلعوا لك مبلغ ولما توصل بتدفع مبلغ ثاني اغلى بكثير لا انصح احد بتجربته,Negative
b3ef3b8d-6afd-4ef9-a318-d2e15affaa3f,Careem,Transport Services,5,2026-09-01,جيد,Positive
f08610d6-0655-46aa-835e-97ebad9d6893,Careem,Transport Services,5,2026-09-01,جيد,Positive
b1962af5-e0ca-474d-bd59-0f0d7207fa82,Careem,Transport Services,1,2026-09-01,دايما بينزلو غرامات,Negative
f24a064f-225b-496c-8db0-ada43e38c740,Careem,Transport Services,1,2026-09-01,الكود يخصم فقط 8 بالمئه وليس 20 يالمئه وهذا اسمه غش ولا يجوز الضحك على الناس في الاعلانات,Negative
fe16cdea-554c-4ec2-ad51-c7a3ff9c314f,Careem,Transport Services,5,2026-08-31,الصراحه مره عجبني يستاهل اكثر ٥ نجوم,Positive
02ff5c80-277f-45ab-9bff-f6ef76e5b349,Careem,Transport Services,5,2026-08-31,تطبيق رائع+اريد خصومات,Positive
57bc1628-29e1-4df9-87b7-22f82e5fa859,Careem,Transport Services,5,2026-08-31,رخيص جدأ,Positive
92fa6878-01b5-49ea-aa14-206c4a671c17,Careem,Transport Services,1,2026-08-31,اسوء تطبيق مره على,Negative
ddeb2b2b-b8a1-4cec-a5d5-6d555d861c6f,Careem,Transport Services,1,2026-08-31,انا ظلمت من شركه كريم ١ شكوى واحد تم فصلي والاغاني هذا الشخص ثاني مره في تطبيق ثاني مرسول كتب لي في التعليقات يسبني قال عليه اهبل ١ وقال عليه شتايم انه ما يفهم انت يا عميل شفتني في كريم ليش تتواصل معايا بطاقه تطبيق مرسول وللاسف جدا كل الاسف اني كريم عندها ناس الامور تمشي بالواسطات ليش كيف دري العميل تم فصلي في كنيم العميل الحمد لله تم فصله يا هو قطع الارزاق الناس ان الله ان الله لا يحب المتشمت في شيء في كريم بالبسطات تمشي الامور,Negative
e74d2b84-375c-4041-b5b1-6c63796e99a6,Careem,Transport Services,1,2026-08-31,تعامل سيئ جدا من قبل موظفين كريم ولم يقومو بالاجابه ولا بالمساعدة,Negative
fb2d44cd-e4e9-4696-90e8-6112e64294ab,Careem,Transport Services,1,2026-08-31,مطعم زبالة وشركة زبالة,Negative
273b096b-a6b1-4dc3-9e10-5a4edceb7449,Careem,Transport Services,3,2026-08-31,لما كان في خصومات كان طلباتي كلها من كريم بس هسه التطبيق زي التكسي العادي,Neutral
d35e66d8-efd8-46ba-8c3c-d7ef14f87a8f,Careem,Transport Services,5,2026-08-31,Must-have and user-friendly app with great pricing,Positive
4789381a-2471-4a7d-bdea-9964b5a5b261,Careem,Transport Services,1,2026-08-31,تجربه سيئه وظهر لي الحساب مبلغ وعند الوصول السائق طلب مبلغ اعلي بكثير من المبلغ الظاهر عند الطلب,Negative
8d3d9611-e5b4-4a69-996d-a6b3b396bea2,Careem,Transport Services,1,2026-08-31,اسوء شركة في دبي تعامل السائقين مع الرحلات 0 احترافية,Negative
e955e905-d35b-4360-b023-011f06a5e4fd,Careem,Transport Services,1,2026-08-31,مش بيجيبلى ناس فوقت لا قصير ولا طويل وعليه فلوسي,Negative
eedfda22-123c-4cbe-9740-d74c6564316a,Careem,Transport Services,5,2026-08-30,رائع جداااا,Positive
4c6ca155-f7eb-4370-bc2b-08a686b42e6b,Careem,Transport Services,1,2026-08-30,سيء التعامل,Negative
5cd4e925-d5bc-45aa-ba3d-a39b8f951abf,Careem,Transport Services,5,2026-08-30,التطبيق رائع ويعطي خصومات,Positive
697b80c2-1a98-4749-a0f5-bb74fd0a5663,Careem,Transport Services,1,2026-08-30,لازال هذا البرنامج سيء ويقوم بالنصب والاحتيال على الزبائن حيث ان هذا اليوم حجزت رحلة بمبلغ 4000 دينار عراقي لكن بمجرد مرورنا من امام المطار اضاف 5000 دينار اجور رسوم دخول مع العلم اننا لم ندخل الى المطار مطلقاً ولم نتوقف امام بابه مجرد مرور بالشارع الذي امامه,Negative
233b0afe-6136-40fe-8216-41fb93cfa71a,Careem,Transport Services,5,2026-08-30,بصراحة عن جد تطبيق يخبل وجميل ومرتب والكباتن جدا محترمين عن تجربة,Positive
4eaf3666-b07a-44d4-9a45-bc8034091991,Careem,Transport Services,1,2026-08-30,ما يستاهل ربع نجمة و فريق الدعم غير متعاونين و ازرب من فريق تكسي بلي و عود هذه اول مرة بحياتي استخدم خدمة كريم و راح تكون اخر مرة يعني الكابتن ابن الفكر يجذب علية و يأخذ مبلغ زيادة و لا من وصلني ما ضغط على تم الوصول او إتمام الرحلة و الخرا ذول حاطين لي مبلغ رسوم الالغاء المتأخر 9 الاف وربع مدري منين جابوها لي هذه,Negative
2c8f945a-d4f8-4baa-8859-250bf0c5aee6,Careem,Transport Services,5,2026-08-29,جدا رائع,Positive
87efea97-3e06-4bc6-8b9c-e8d3984a3eb5,Careem,Transport Services,4,2026-08-29,جيد جدا التطبيق يحتاج تسهيل ومرونه اكثر وتطوير لكي يقلل من التعقيدات للمبتدى,Positive
3a76a268-16bd-4111-a53e-4b865c3ee915,Careem,Transport Services,5,2026-08-29,جيدة جدا,Positive
c61e967c-a472-400f-978f-9d8500454936,Careem,Transport Services,5,2026-08-29,روعه فوق الممتاز وموفر جدا 😘,Positive
40d6f948-99cc-49c2-a4c0-c5fe189f47a8,Careem,Transport Services,5,2026-08-28,سيء للغياه لانه في الغه الانجليزيه,Positive
a2158f9f-36f5-4c86-a69c-4a557ddfa20c,Careem,Transport Services,1,2026-08-28,كان جيد حتي 2024 السيارت غير جيدة وتكييف لا يعمل وباقي لم يتم وضعه في المحفظة وفي عدم اهتمام من خدمة العملاء,Negative
2ac05bd0-e4f2-4cff-a20c-2e6a42c65ece,Careem,Transport Services,1,2026-08-28,اربع سنوات من التعامل معهم وكانوا مميزين لكن للأمانة اخر فترة وعن تجارب متقاربة للأسف اصبحواسيئين جدا و ما في احترافية لدرجة ان كابتن كاتب انه وصل للموقع وهو ما وصل واتصل عليه ما يرد واتصل يقفل جواله ولما طلبت الشركة للمساعدة بعد 5 دقايق وتضيع وقت يقول اننا مش عارفين نوصل للكابتن طيب اديني حل!! الغي الرحلة وكنت من اسبوعين في المدينة و تأخر الكابتن وأخذت ليموزين و بعد ما وصلت الفندق لاقيته بيتصل!!! يقول انه وصل قلت له انا من ثلث ساعة مكتوب انك وصلت الموقع و جاتني غرامة 9 ريال واعترضت وشالوها,Negative
f05ed28d-92b0-425a-8001-de97947f972b,Careem,Transport Services,1,2026-08-28,بنص المشوار ياخذون عليك مبلغ اكثر ما هو موجود في الهاتف,Negative
e6494a30-96d8-4f5b-a942-2ddb3ab3ba4f,Careem,Transport Services,1,2026-08-28,برنامج عقيم جدا فى التعاملات مع الكباتن كل النظام عقيم جدا لا يوجد خدمة عملاء صالحه فى التعامل مع الكابتن,Negative
8c2b0f13-3b67-427e-9951-372fcadd720c,Careem,Transport Services,1,2026-08-27,برنامج مبني على الاحتيال طلبت مشوار بمبلغ 15 ريال وعند الوصول طلب السائق 18 ريال وهذا يدل على عدم المصداقيه وتم حذف البرنامج مباشره,Negative
cc4bf149-0671-4b71-a5f1-9445c05078a5,Careem,Transport Services,1,2026-08-27,سيئة جدا خدمة العملاء,Negative
1693eb51-48e7-4b22-babc-7225d4bd8dc0,Careem,Transport Services,1,2026-08-27,تطبيق فاشل و سيئين وغشاشين ومافي عندهم موظفين يساعدوكم اذا وقعت بمشكلة حسبي الله فيكم,Negative
ec14e669-f4fd-491f-ab48-4cb36a4b763c,Careem,Transport Services,5,2026-08-27,تجربة ممتازة تطبيق سهل الاستخدام واستجابة سريعة وكباتن محترمين وسيارات نظيفة,Positive
fcbd5b23-246a-4869-a239-d65b7169cf7b,Careem,Transport Services,5,2026-08-27,تحويل اكرميه ٥٠ ريال,Positive
14bd012b-50b4-489c-b806-4c2b1db19c9d,Careem,Transport Services,5,2026-08-26,ممتازه,Positive
9dcb39c5-bb60-4928-86b1-1fca9046b561,Careem,Transport Services,5,2026-08-26,خصومه خياليه يستاهل ال5نجوم,Positive
def910ba-a399-4510-9a82-d57dd2daf596,Careem,Transport Services,1,2026-08-26,عمليات نثب واحتيال كثيرة ستتعرض لها من قبل الساقين اذا استخدمت هذا التطبيق,Negative
eeb65786-1c40-4a9e-879b-d4db8f3c3fe6,Careem,Transport Services,5,2026-08-26,رقي,Positive
3198ae7b-6725-4a2c-b12a-221bb832e509,Careem,Transport Services,1,2026-08-26,تطبيق فاشل جدا,Negative
b15463cd-4ccf-404e-b6af-f6a3ab58b086,Careem,Transport Services,1,2026-08-26,السلام عليكم أتمنى أنكم تحسنون التسعيره كريم و أوبر مافي فرق بأسعار المشاوير والفرق من ( 90هلله / 98 هلله ) هذا الكلام من وقت ما أندمجو الشركتين علقل خلوها ( 25هلله / 50 هلله / 75 هلله ) عقل يرجعون لنا شي معقول لأنه مافي بقيه المبلغ أحسن من تسير مشاكل معا الكابتن و إنشاء تتحسن الخدمة التسعيرات وشكرآ .,Negative
b19e687d-df5b-4c76-8d13-fca5a7d86c97,Careem,Transport Services,5,2026-08-25,اسعارهم مميزه وخدماتهم سريعه,Positive
2762837c-4b57-4809-9f2d-d52c466ca2d1,Careem,Transport Services,5,2026-08-25,نايس,Positive
a044ecad-5a07-49fb-8904-23e06f845dc3,Careem,Transport Services,1,2026-08-25,اخيب تطبيق في مسيره الحياه الالكترونيه من البدايه فية قليتشات اصلا ما يدخلش تطبيق 😂😂😭,Negative
bf972427-ce93-4671-a3e1-cde12a6db9a2,Careem,Transport Services,5,2026-08-25,جيد,Positive
bf6bf6fc-7925-48b7-bcc5-25f6cdbf088f,Careem,Transport Services,5,2026-08-25,اتمنى لكم مزيدا من التقدم والنجاح.,Positive
3938b806-a2c8-4497-a6d9-a93a05675e7c,Careem,Transport Services,1,2026-08-25,منذ حوالي خمس سنوات وانا اتعامل مع كريم مكان افضل تطبيق في العالم ولكن منذ حوالي شهر الوضع السيء جدا جدا جدا,Negative
603045a7-f645-43ed-9925-441bcaaf466d,Careem,Transport Services,1,2026-08-25,يأخذ اكتر من الاجرة,Negative
800f3ab9-b353-4bfb-979d-df9232b50d1d,Careem,Transport Services,1,2026-08-25,صعب التعامل وغالي,Negative
a6992b96-9593-4d45-9236-572c3c7c5d13,Careem,Transport Services,5,2026-08-24,"Excellent delivery and fast service, and the biggest thanks to the driver Abdul Waheed for his excellent service",Positive
9b497367-2e19-4c97-ade5-0492713e18e2,Careem,Transport Services,1,2026-08-24,السواق غير محترمين ولا يعرفون مبلغ الرحله وتطبيق سيئ,Negative
2be13296-173e-4d76-be1c-74f7ef1069a9,Careem,Transport Services,1,2026-08-24,تطبيق سيء يخصم من البطاقة دون سبب ويستوفي رسوم غير مستحقة,Negative
9b59f4b5-c840-4c33-850f-76a332518eb3,Careem,Transport Services,5,2026-08-24,تمام,Positive
5fb4a2be-d0d8-435a-9a20-1e1783ad73b5,Careem,Transport Services,1,2026-08-23,"سيء ولا يوجد أسوء منه على الإطلاق هل يعقل اشحن رصيد في المحفظه ولا يمكن لي استرجاعه لحسابي البنكي.. هذا سيء جدا It's terrible, there's nothing worse. How can I top up my wallet and not be able to withdraw the money to my bank account? This is awful.",Negative
51ad3597-e08b-485e-96da-c9ca5a5b4b82,Careem,Transport Services,5,2026-08-23,تجربة ممتازة,Positive
0e29c62c-c386-4d31-84b4-b4f738892abb,Careem,Transport Services,1,2026-08-23,الاسعار قليله جدا و غير مرضبه للكابتن,Negative
e908a5c3-9456-4721-ac24-9b97777a9027,Careem,Transport Services,5,2026-08-23,رائع جدا,Positive
2e52417e-91b0-4ef8-a8a4-fd62510854ba,Careem,Transport Services,1,2026-08-23,سى غالي تعاملهم سيى يخاذون زايد,Negative
0794b574-76c4-46c1-bf42-abb815d7c803,Careem,Transport Services,5,2026-08-23,بدنا خصم للرحلات,Positive
7969a051-4fe4-4e7a-a86d-4af6f549b739,Careem,Transport Services,1,2026-08-23,كيف يتم الخصم مني مرتين بالشهر على الاشتراك,Negative
b27c3612-adf0-430a-a36b-f0acd660ab2b,Careem,Transport Services,1,2026-08-23,تحربه سيئة للغايه ولا توجد استجابه غير متوفره ومعامله سيئه وغرامات من غير وجه حق قمه النصب والاحتيال,Negative
00bb579c-4cbd-415c-93c0-5caddd9f7d0e,Careem,Transport Services,2,2026-08-22,لماذا كل يوم الاسعار في زيادة!! نفس مشوار الدوام كل يوم سعره يرتفع للاسف الاول كان التطبيق رائع جدا وخصومات طوال الوقت الان في شئ غير مفهوم يحدث رجاءا النظر في الامر من إدارة التطبيق,Negative
c2fa58af-4163-4acf-993d-4283209971a8,Careem,Transport Services,1,2026-08-22,سيئ جدا,Negative
5be36d93-5888-46c4-bb8c-debf9ed138c0,Careem,Transport Services,5,2026-08-22,ممتاز,Positive
be3de8d5-b9e5-46f5-a2c6-a4f91daeaaf0,Careem,Transport Services,1,2026-08-22,تطبيق سيء جدا لا يحفظ الأماكن ولا يعطيك الخيارات الصحيحة ولا يزامن مكان السائق بشكل صحيح دائما لازم تدخل عنوانك من جديد,Negative
f9d5784c-99d9-4ce8-a943-20dcbb22c277,Careem,Transport Services,5,2026-08-22,افضل تطبيق,Positive
08e6f992-a441-4da0-b328-35d003d46db2,Careem,Transport Services,5,2026-08-22,حسن تطبيق 😍😍😍😍😍,Positive
1f094706-0b07-41c8-a60d-9e40370b083e,Careem,Transport Services,5,2026-08-22,تطبق جيد,Positive
2b8f1fcf-dcb4-4ad3-8f3e-9ab00bad9f93,Careem,Transport Services,1,2026-08-21,تواصلت مع كريم وحجزت من الطايف لجده وقالي السعر قليل وطلب ازيد المبلغ اعتذرت ولغيت الطلب بطلب من السايق اتفاجأ يوصلني غرامه 17 ريال,Negative
b1f28a8f-444d-4b91-a744-1ab51e622766,Careem,Transport Services,3,2026-08-21,سابق جميل الان لالسف اسعاره غاليه لااسسف,Neutral
08b4ebe1-0b8c-4c95-8289-b3a5ecf1dd96,Careem,Transport Services,5,2026-08-21,ممتازه,Positive
3435fb74-98da-47df-a7df-23b5e6bd234e,Careem,Transport Services,1,2026-08-21,اسعاركم عند اشتراك في سكوترات والدراجات غالي جدا وغير واضح أيضًا أتمنى ان تتغيرون ويكون جيد عن واحد يبغى مشوار خمسة دقايق ويدفع مبلغ بسيط لأن هذا الشكل غير طبيعي,Negative
aba066a0-6b8c-49ab-a881-cc5c06a332cc,Careem,Transport Services,1,2026-08-21,التطبيق سيء ما يعطيني الاسعار,Negative
03a8ca71-ab9b-48f8-b933-0d8b1cc1df72,Careem,Transport Services,5,2026-08-21,نعم المطلوب,Positive
d5cf1942-ac13-4482-8337-943df8e0f172,Careem,Transport Services,5,2026-08-21,احسن تطبيق,Positive
76ee9bd9-ab4e-4d6c-8d0d-c460e9133737,Careem,Transport Services,5,2026-08-20,جيدة,Positive
ba6fb7b7-5d64-4ae7-b19e-ef8fbf913932,Careem,Transport Services,1,2026-08-20,اختلاف السعر قبل وبعد الطلب على نفس التطبيق,Negative
548e94ce-94cd-4077-8492-73f79386bdaf,Careem,Transport Services,1,2026-08-20,لماذا حتى الآن لم يتم هذا المطلب الجماعي لنا وهو عمل المزيد في إنشاء خطوط اوبر باص أو كريم باص من وسط البلد مثلا ميدان التحرير ومنطقة عبد المنعم رياض والاسعاف ورمسيس وباب اللوق ومحى الدين ابو العز وإلي مدينة 15مايو مناطق الإسكان الاجتماعي وهم خمس مناطق وهم منطقة 50فدان ومنطقة 90فدان ومنطقة 100فدان ومنطقة 120فدان ومنطقة 290فدان وحيث أن بجوارنا منطقة دار مصر وهذه المناطق السابق ذكرها بها كثافة سكانية عالية جداً نظراً لكبر المناطق ولا يوجد بها مواصلات خارجية تخدم هذه الأماكن السابق ذكرها,Negative
d74318fa-4ace-4443-bb42-21c5ab2cc2fa,Careem,Transport Services,1,2026-08-20,لأ يمكن الدفع نقداً لماذا,Negative
26b1cf6c-3faa-4980-a3a1-8fc60269d2f6,Careem,Transport Services,5,2026-08-20,جيد جدا,Positive
c055d378-374c-4f32-9551-28a6e7a5ac8e,Careem,Transport Services,1,2026-08-20,امس طلبت رحلة من مستشفى الشاطبى لبشاير الخير 5 عند الاتصال بالكابتن قال أنا فى بشاير قلت لا الرحله من الشاطبى لبشاير وباين فى الموقع مكانى الشاطبى لغيت الرحلة يخصم منى ليه الغلط من عندو أنا مالى مش محدد موقعى لعيب فى تليفونه اتحمل رسوم إلغاء ليه,Negative
75c68eee-57af-4877-9e72-43424e536b09,Careem,Transport Services,1,2026-08-20,اسعار غالية وغير ثابتة في اوقات الذروة تتضاعف الاسعار وتصل الى مبالغ عالية خلاف للمكتوب على التطبيق تطبيق سيء جدا,Negative
203283b9-2922-4ff6-9703-d2de377dc75d,Careem,Transport Services,5,2026-08-20,ممتاز,Positive
c19d13d7-92c4-4d09-8dfa-3758580e916e,Careem,Transport Services,1,2026-08-19,سياسة الشركة تجعل الكابتن يستهتر مع الزبون ويقوم بفرض أجور أكثر مما تقرره الشركة لذا يجب إتخاذ إجراءات بحق الكابتن المخالف الذي يقوم بزبادة الاجرة دون النظر إلى الخصم الذي أعطته الشركة للزبون مماياثر على سمعة الشركة وقلة الثفة بها مع جزيل الشكر والتقدير.,Negative
20a85a78-e58b-44f7-b5bb-66562b3cf108,Careem,Transport Services,5,2026-08-19,شكرا,Positive
6e848cc6-4f3b-456a-996c-867a4afe1d0b,Careem,Transport Services,1,2026-08-19,مايفتح,Negative
51543734-0820-4700-a545-acaf1891801f,Careem,Transport Services,5,2026-08-19,👍,Positive
3a41b679-20f6-4111-ae9c-023069a63ca4,Careem,Transport Services,1,2026-08-19,إذا بدك تستخدم التطبيق وصار معاك مشكلة أحذف التطبيق ولا تتواصل مع خدمة العملاء، لأنو خدمة العملاء عندهم أسوء خدمة العملاء شفتها في حياتي. صرلي فوق الشهر بتواصل معاهم عشان يحلولي مشكلة و لحد الان ما حلوها بس ببعتولي أنهم حلو المشكله لاكن ما أتغير أشي.,Negative
35ce3555-d443-4b91-981f-3162c0791fef,Careem,Transport Services,5,2026-08-19,تطبيق سهل وسريع وخدمة مميزة جدا,Positive
bcd88d76-658f-4861-ac9e-4ca59c36e478,Careem,Transport Services,1,2026-08-19,عد مصداقية في تسعيرة المشوار بيكتب سعر عند الطلب واتفاجئ بسعر اعلي عند الوصول,Negative
41963c92-7bf9-4ee5-9156-d4da00d18afb,Careem,Transport Services,3,2026-08-19,جيد,Neutral
4d39edf6-b39e-4b5d-b6e7-1264d7ce08df,Careem,Transport Services,3,2026-08-19,سلام عليكم  التحديثات الأخيرة حذفت أيقونة ضرورية ضمن خيارات الحجز,Neutral
5a4327b6-afb1-42f1-b799-17343b49fc58,Careem,Transport Services,1,2026-08-19,خاطبني باللغه العربيه,Negative
fef86063-c33e-48cb-a94f-df18e8f0f336,Careem,Transport Services,5,2026-08-19,الان صار الافضل ما شاء الله تبارك الله كان اول ما يقبل الاسم الان اسم كامل ورقم الجوال,Positive
bab45112-02c5-4150-a27f-e67bebc511bd,Careem,Transport Services,5,2026-08-19,جيد,Positive
855ecb4c-e044-48a2-b4d9-58b4fb3e9a4e,Careem,Transport Services,1,2026-08-19,سيء جددآ,Negative
f461e35b-168f-4827-9c4f-36564f003dc3,Careem,Transport Services,5,2026-08-18,ممتاز,Positive
63e5dea1-5da1-4c16-83db-aa4d40f03b49,Careem,Transport Services,1,2026-08-18,الكابتن يجبرك على دفع الخصم,Negative
ebdf854e-d2b1-42df-9c64-c2955efcc875,Careem,Transport Services,1,2026-08-18,تطبيق شافط يعني ازبل و انكس ( مو مفيد خسارة اذا واحد يستخدمه ),Negative
08f69301-4d74-4a12-a2e8-491ca5e6e89c,Careem,Transport Services,5,2026-08-18,very good,Positive
de5a2c49-0736-471e-b5ec-2d8f8f8e646d,Careem,Transport Services,1,2026-08-18,تطبيق غير مريح أسعار الرحلات غاليه جدا جدا جدا,Negative
b343c423-8b05-411d-a785-c187206a7502,Careem,Transport Services,1,2026-08-18,لا يمكن التواصل مع خدمة العملاء اثناء الرحلة مما يعرض الراكب للخطر وعدم الامان انصح بعدم استخدام التطبيق,Negative
9e029e13-2e74-4430-9e34-9e6fe823df1f,Careem,Transport Services,5,2026-08-18,متاز,Positive
b14c6045-068f-4ce9-a805-19f358a52c41,Careem,Transport Services,5,2026-08-17,افضل تطبيق عندي لدرجة انصح الكل فيه مشاوير رخيصة وسيارات مريحة والسائقين محترمين ويجيني عروضات كل اسبوع,Positive
47b04046-4df5-425f-810c-8a0f8c6cd68c,Careem,Transport Services,5,2026-08-17,روعه,Positive
789bc0c4-ac25-4f5f-a7f9-e73fd0dcb2a5,Careem,Transport Services,1,2026-08-17,سيئ جدا,Negative
ab981ee5-ba8c-427f-a838-d70c29c1f6e0,Careem,Transport Services,5,2026-08-17,ممتاز,Positive
aaf32b4a-96fc-4874-8ba8-e1c91022611f,Careem,Transport Services,2,2026-08-17,بحبكو ساعدوني,Negative
95b17c40-ae90-4491-b28a-c0d35a4ab1ae,Careem,Transport Services,5,2026-08-17,التطبيق ممتازه,Positive
652b5d8e-ca73-4b54-913e-14630d8898ef,Careem,Transport Services,5,2026-08-17,اول تجربه للتطبيق ممتاز جدا خدمة سريعه,Positive
4ce2d03b-cde7-4d61-9afc-f2aeccc292d2,Careem,Transport Services,1,2026-08-16,فاشل,Negative
5d1bfc17-58ca-4d9e-90c3-2b7e37db218d,Careem,Transport Services,1,2026-08-16,صار نصب يكتب سعر وبعد الوصول يكتب شي ثاني ويزود ٥ مع انو يكون مافي زحمة اخر مرة اطلب منو وبدي احذفوو,Negative
0782f619-6f3a-441e-839b-9acfb2116e72,Careem,Transport Services,1,2026-08-16,حاطين رمز خصم خليته ومن وصلت دا انطي الكروه للكابتن راد 7ونص كتله خصم صارت ب2ونص يكول معليه بلخصم واخذ 7 ونص,Negative
f1633337-0678-4eb0-94c0-f94b5e17d979,Careem,Transport Services,5,2026-08-16,تطبيق جيد جدا و راخيص,Positive
b6ee01a4-8f00-4c39-8409-05a792640a1d,Careem,Transport Services,1,2026-08-16,اسوء تطبيق,Negative
12b5ee58-f8f1-4b8c-933f-bbf666aa8d00,Careem,Transport Services,2,2026-08-16,اسعار غاليه,Negative
1171fbfd-1ec6-40dc-b929-210112fe54be,Careem,Transport Services,1,2026-08-16,فاشل يضيف عليك أجور إضافية اثناء الإزدحام,Negative
bcad0d34-230a-4be0-b13a-7ab6b023f69f,Careem,Transport Services,5,2026-08-15,جيظه,Positive
75e9b72e-bafe-497f-a4a2-81b81ea4bb3f,Careem,Transport Services,5,2026-08-15,أعجبني جدا بس لو تخلوا السعر اقل مثلا ٢ كيلو تخلوها بدينار او ٧٥٠ فلس مثلا بس السيارة جميلة ومناسبة جدا,Positive
3ce91bd1-5400-464f-86f4-6484a04f80bd,Careem,Transport Services,1,2026-08-15,هذي تاني مره يحطو عليه دين وانا دافع الحساب والله مايصير عيب,Negative
06b5c6d1-6142-46eb-b843-a9557b5d9a64,Careem,Transport Services,5,2026-08-15,افضل تطبيق,Positive
66dd8de7-ba15-4539-a933-2adff950f344,Careem,Transport Services,1,2026-08-14,غرامة تافهة ٥.٥ جنيه ادت إلى إلغاء اكثر من ٢٠ رحلة والسبب المطالبة بدفع الغرامة بطريقة إلكترونية قبل كل رحلة . فبغير رحلتي الى تطبيقات أخرى. وهم الخسرانين طبعا كان حلوها بطريقة سهلة جدا باضافتها للرحلة القادمة وانتهى الأمر اما يطالبني ببطاقة ائتمان على ٥ جنيه طبعا تفاههة باي باي كريم بعد عام كامل لا تزال الغرامة معلقة وعائق لمتابعة الرحلات ما تضيفها يا عم للرحلة القادمة وتحل الموضوع لا ادفع إلكترونيا ٥.٥ جنيه هم الخسرانين,Negative
f462f019-81b1-4e11-8786-58eafae2217e,Careem,Transport Services,5,2026-08-14,جيد جدا,Positive
319a55da-ac35-416b-b78f-b20d24f71329,Careem,Transport Services,4,2026-08-14,٥ لى خ بيج . ب,Positive
59454fbd-7367-4f78-9f43-4ab100f5114f,Careem,Transport Services,5,2026-08-14,خدمه سريعه ومريحه,Positive
f559d2dc-9cc5-45cd-8603-49e6886cf3ab,Careem,Transport Services,5,2026-08-14,جيد,Positive
201ea63f-c51d-4b42-9491-8e5f08b1532f,Careem,Transport Services,5,2026-08-14,مرتاح جدا بالتعامل معكم شكرا لوجودكم,Positive
5d003ffd-7690-4705-856f-2f9c70170ecf,Careem,Transport Services,1,2026-08-14,تصدر فاتوره ب26 ريال ثم يوصلك السائق ويقول لك سعر الفاتوره اتغير الى 29 تطبيق لا يستحق حتي نجمه واحده,Negative
9378d1f4-4f06-4ef0-b0e9-118f51ec5a35,Careem,Transport Services,1,2026-08-14,تجربة فاشلة .. لا تضمن حقوق الآخرين,Negative
48e298ab-07bb-40a8-9d10-6ea66e6645fd,Careem,Transport Services,5,2026-08-14,تطبيق كريم رائع جدا و متميزين في خدماتهم شكرا لكم استمروا ولكن عندي ملاحظة اتمنى يكون في التطبيق اظهار رقم جوال السائق ليسهل الاتصال عليه عند وجود اي مشكلة في اللوكيشن حينما يتجه السائق الى مكان اخر غير المطلوب وبالتالي اواجه صعوبة في التواصل مع السائق واحيانا تتعطل شبكة النت ولايمكن استخدام شات التطبيق فوجود رقم جوال السائق ضروري جدا اتمنى الاهتمام بهذه الملاحظة لان وجودها مهم جدا ولكم جزيل الشكر,Positive
9a2e4b20-118e-4e4c-a117-fcf3a0c6f42f,Careem,Transport Services,5,2026-08-13,جيد جدا,Positive
2c3a5706-41c1-452e-ae7d-a77598a90080,Careem,Transport Services,1,2026-08-13,دايم احجز عن طريقهم و تعاملهم كويس لكن انخصم مرتين من بطاقتي المبلغ حق الرحلة ولحد الان مافي اي تجاوب تواصلت معاهم كثير و ارسلت صور للخصم ولا في فايده !!,Negative
3ca8247b-0379-4884-84d6-30783f1dfe82,Careem,Transport Services,4,2026-08-13,جميل جدا جدا,Positive
eb137ac7-65c3-418a-9da7-3fc5c9cf7bf5,Careem,Transport Services,1,2026-08-13,لا انصح بيه خدمة عملاء غير موجودة,Negative
3e458c76-525e-4c3f-a75f-1c58696421ff,Careem,Transport Services,1,2026-08-13,غالي,Negative
d138142c-cf46-41de-9716-9c7877c2e2c4,Careem,Transport Services,2,2026-08-13,اصبح ضعيف جدا من وقت دمج اوبر وكريم وبعض الكباتن لا تمتلك اخلاق العمل وطرق المساعده ضعيفه جدا للاسف هذه تجربتي معكم,Negative
7a321b29-8c81-4188-9500-111858167ce4,Careem,Transport Services,5,2026-08-13,ممتاز جداً,Positive
f3060e6b-7518-4e69-833b-f37f345ca5a1,Careem,Transport Services,1,2026-08-12,اسعارهم زياده ومفيش مصداقية,Negative
59d41eb3-c891-4e6e-8ba0-cca450200d03,Careem,Transport Services,5,2026-08-12,ممتاز جدا جدا جدا,Positive
1b78ff48-1f21-4949-a373-037b3fb52bfc,Careem,Transport Services,1,2026-08-12,ارجع ثاني كريم لوحدكم كنت شركه كويسه انتم مع اوبر لا قيمة لكم من وقت ما بقيتو اوبر وبقت احكر ابلكيشن,Negative
35f99cf4-2533-499f-adb4-e1c447e19324,Careem,Transport Services,5,2026-08-12,ناجحة جدا جدا جدا,Positive
a8cb7532-e45c-455c-abd7-833f74476cee,Careem,Transport Services,5,2026-08-12,ممتاز,Positive
628b3055-5363-43d4-a559-9a3fc52b1c7f,Careem,Transport Services,5,2026-08-12,ممتاز,Positive
9b888e98-52e8-42b9-a01a-0448e25c3969,Careem,Transport Services,5,2026-08-12,تطبيق رائع ومميز,Positive
2c70375b-50a0-4f47-a370-f5f281c81ca3,Careem,Transport Services,5,2026-08-12,ممتاز و خدمة عملاء متاحة للتواصل دائما,Positive
fcf60ee9-efec-4018-a2ae-2fe5332306cc,Careem,Transport Services,1,2026-08-12,سئ جدا والأسعار تختلف عندما تطلب,Negative
a64c7555-4988-4a31-a7ed-1d471178f929,Careem,Transport Services,5,2026-08-11,راحه ونظافه أخلاق الساقين محترمين اسعار مناسبه للجميع,Positive
6eebcf54-ebdc-4895-b5da-903b2f76a3fe,Careem,Transport Services,1,2026-08-11,الموقع فيه مشاكل كثييييييرا,Negative
8972875c-717c-4fa8-ace5-3fa05d881945,Careem,Transport Services,1,2026-08-11,اول واخر مرة اطلب كريم كل مصداقية ماعدكم ،، اول مرة واستخدمت الخصم مال اول خمس رحلات ٥٠% واطي السايق الكروة ايكلي شنو هاي اريد الكروة كاملة اكلة عدي خصم ايكلي اطيني وارجعها على المحفظة وانتي غير تنتبهين اني اللي لازم انتبه لان استخدمت خصم وضل ايصيح علينة اني وامي :: شوفو اخلاق السايق مو كبل اتشغلون لان اكثريتهة متستحي وتصعد بنات اتخاف من المشاكل وهمة ذرة اخلاق معدهم.,Negative
408f821e-af67-4904-94f1-4fb1a3514aab,Careem,Transport Services,1,2026-08-11,كل ماجيت استخدم التطبيق يخبرني ان على دفعة سابقة ٣٧ريال من سنين لااذكرها وبالتالي احذف التطبيق واشوف غيره,Negative
c5013d95-1371-4bef-bd0e-4f2c358cb962,Careem,Transport Services,1,2026-08-11,اعلان مزعج جداً,Negative
cf635a03-3eca-4706-93cd-3a72ff595be0,Careem,Transport Services,1,2026-08-11,سيء واسعار غالية,Negative
cc2f63a0-ac36-4421-bd11-3f8ece393ef5,Careem,Transport Services,5,2026-08-11,رائع,Positive
8d8993d7-2308-4697-aad2-b71d6c5fc8f2,Careem,Transport Services,1,2026-08-11,تجربه سيئه جدا,Negative
cb447700-7810-4432-bdc5-b1b218b8541e,Careem,Transport Services,1,2026-08-11,سيء جدا الخريطه غلط والاسعار مرتفعه والتطبيق صعب الاستخدام,Negative
1d5d7ad2-2a06-47d5-9930-5b6aa5f4c35c,Careem,Transport Services,1,2026-08-10,كنت دايما بستخدم كريم الان كريم بيقولى خارج نطاق الخدمة حذفته و رجعته و برضو نفس المشكلة اشعر بالغضب من ابلكيشن كريم,Negative
73aa023b-a6e5-4ed1-9422-645f8e4a8fb6,Careem,Transport Services,1,2026-08-10,برنامج سئ يعطينى الاجره بالتطبيق 1500 تصعد والسائق بعد التوصيل يقولك 3000 يقول فى التطبيق هيج كيف هذا مايعرف,Negative
48d749db-a528-47b0-824c-9b83b2b659ca,Careem,Transport Services,1,2026-08-10,لا يدعم العميل ولا يعترف باي خطأ في الطبيق,Negative
104cbb10-6bbe-4a37-adb5-adaddb0656d5,Careem,Transport Services,1,2026-08-10,تەکسی کەسێک سوارناکات کە داشکانی بۆکرابێت ، دەڵێن کۆمپانیا پارەی داشکان ناداتەوە .,Negative
05b6832d-31b5-4bf1-b4c2-5ed12c58d2fe,Careem,Transport Services,5,2026-08-10,ممتاز وآمن جدا,Positive
979bf830-d4f0-4667-bcc0-11930a76311d,Careem,Transport Services,5,2026-08-10,ممتاز,Positive
0bebd8d1-dac6-42c2-9e93-dcd36ae89ea7,Careem,Transport Services,3,2026-08-10,تم حجز مركبة ولم أتمكن من الوصول للكابتن رغم وقوفي بالمكان المحدد ومحاولة الاتصال به من أكثر من رقم وكان رقمه يعطيني أن الرقم غير صحيح وفوجئت بعدها بإلغاء الكابتن للرحلة وأن علي مبلغ مستحق الدفع,Neutral
4168f16c-efe7-4de4-a108-e444a3575778,Careem,Transport Services,5,2026-08-09,رائع,Positive
a1a9e98a-54e4-47fb-bcba-a92d27198809,Careem,Transport Services,5,2026-08-09,رائع جدا والسائقين محترمين جدا بارك الله فيكم,Positive
92c8ae5e-7ec3-4034-808c-97cd95c0ba43,Careem,Transport Services,5,2026-08-09,ممتاز,Positive
97c229fd-43ca-4cc2-a193-18aadadd6474,Careem,Transport Services,1,2026-08-09,برنامج فاشل و وقح، كيف و هو يأخذ كا هذه الفائدة لم يوفر خدمة عملاء بخط ساخن,Negative
1641dd6e-2bda-4645-8a28-aa1fa901626c,Careem,Transport Services,1,2026-08-09,سئ جدا صار عندي مشكله تسديد دفع مستحق و كل عملاء هم لا يجاوبون و لا يردون خبر,Negative
c488e32c-7eff-4534-b45d-7714079c986f,Careem,Transport Services,1,2026-08-09,للأسف بعد ما كان تطبيقي المفضل وانصح به صار كل ماله برجوع للخلف خدمه سيئة متابعة سيئة ، لا انصح به,Negative
2d5f2734-6eb2-4e3d-b399-8de81e960559,Careem,Transport Services,1,2026-08-09,خدمه سيئه,Negative
b9c8a286-c660-44eb-8990-a931116c73f5,Careem,Transport Services,5,2026-08-09,الصراحة التطبيق وايد وايد فنان ووايد عاجبني تسلم إيدكم بس أتمنى تضيفونه في مدن ثانية مثل كركوك وباقي مناطق كوردستان,Positive
41c58189-c050-4d63-b59e-5012fba11b61,Careem,Transport Services,1,2026-08-08,اول مره استعمل التطبيق وما في عروض ولا حسم,Negative
29c7b386-ad47-4f2b-9632-76236dbbd9db,Careem,Transport Services,1,2026-08-08,شركة نصب ولا يتم محاسبة الكابتن بالامس حجزت سيارة تكسي بدأ الرحلة قبل ان يصل وتواصلت معه حكالي وصلت للموقع ولم يصلني فتحرك بالسيارة وهو يبحث عن موقعي بعد عدت مكالمات اعطاني التطبيق تم الغاء الرحلة وتم فرض رسوم على الرحلة ولم الغيها يا شركة النصابين,Negative
d42a10d9-7356-4098-a315-7418caec1745,Careem,Transport Services,1,2026-08-08,فاشلة ولا انصح الأخرين بالتطبيق,Negative
809db2fe-04f6-4f7f-89b7-8111f026cb11,Careem,Transport Services,5,2026-08-08,يستاهل اكثر من خمس نجوم الصراحة سيارات حلوة واسعار الرحلات جدا مناسبة والخصومات افضل,Positive
fb2f9db5-c8e6-44ea-be31-48f60266e4ef,Careem,Transport Services,5,2026-08-08,ممتعه وأسعار جيده,Positive
90182954-bb2f-4907-88bd-d60da407fcc4,Careem,Transport Services,5,2026-08-08,جميل لكن في اخطاء بجيبي اس بعد اخر تحديث بطلب كبتن ببين عندي كبتن ثابت مابيتحرك يجب تعامل مع هاذا الخطا من تطبيق,Positive
0fd218f3-8bec-4da5-b120-f8c539027b10,Careem,Transport Services,5,2026-08-08,ممتازه,Positive
2bf53f48-b4e4-4844-a680-ab3bbe31161b,Careem,Transport Services,5,2026-08-08,انه رائع جدا,Positive
b35c302a-0538-4d18-9b6f-2b9a090f855a,Careem,Transport Services,5,2026-08-08,ممتاز,Positive
cea2a217-d227-4ffb-865d-b015da71c368,Careem,Transport Services,5,2026-08-08,تطبيق رهيب شديد اكتر من رايع واسعارهم حلوة شديد وتنافسية انصح اي حد يعتمدوا لانو اسم على مسمى,Positive
aac864d6-5c8c-4afe-888d-b04f75c9b41c,Careem,Transport Services,2,2026-08-07,لايوجد متابعة مع العميل، ولا ينظر إلى شكاويهم,Negative
39abe70f-d1f2-4ee1-b673-cfab7cbd9aef,Careem,Transport Services,5,2026-08-07,ممتاز وسهل.,Positive
5a28e510-0f94-4dcd-8112-c03b59eb25bc,Careem,Transport Services,1,2026-08-07,أنكس تطبيق أستخدمه بحياتي,Negative
03d744dc-b43e-411a-955c-1c41e561f13b,Careem,Transport Services,4,2026-08-07,جيدة,Positive
96255a95-f0ed-4ad4-b613-d97e1fb82ba4,Careem,Transport Services,1,2026-08-07,خدمة عملاء لا تعلم شي عن التفاهم ولا يوجد حل المشكله,Negative
e4ba1294-8b44-4089-892b-3c58020d6702,Careem,Transport Services,4,2026-08-06,كتطبيق وكباتن ممتاز لكن موضوع الذروه مزعج وغير واضح واحيانا عتطبيقات أخرى ما بكون في ذروه ابدا,Positive
af268acf-1a77-48ba-8c86-b615a2d7a499,Careem,Transport Services,1,2026-08-06,لا يتم متابعة المشاكل المتعلة بالكابتن و كل ما تصبح مشكلة بحطو الحق على طالب التكسي من اسوء الشركات,Negative
9fca79a8-9370-449c-b949-82ecea5cc94c,Careem,Transport Services,5,2026-08-06,تحت التجربة,Positive
2a9c38aa-32bc-4a81-bdbe-719479a005d5,Careem,Transport Services,1,2026-08-06,ما عندي خصم,Negative
f74268e9-14b8-4f7d-8e18-87bf933774af,Careem,Transport Services,5,2026-08-06,جيد,Positive
46729cd6-38f4-4939-aa49-750bb08dadcb,Careem,Transport Services,5,2026-08-06,مابي هواي خصومات,Positive
02cacddb-6be8-4c55-9332-e8f0f377d8a3,Careem,Transport Services,1,2026-08-06,زى الزفت و أسوأ خدمة عملاء,Negative
b4aee92c-9a22-4dd5-9470-5a48ec2cdb83,Careem,Transport Services,5,2026-08-05,تطبيق ممتاز,Positive
b074f292-3ec0-4cea-b827-5055a2f90f5b,Careem,Transport Services,1,2026-08-05,ما في رد في قسم المساعدة وطلبت طلب وحاسبت نقدي وبعد يوم طالبني ارجع احاسب فيزا قال استخدم المحفظة الفارغة في الدفع وبس حطيت طلب مساعدة بحكيلي لازم خلال اربع ساعات من الطلب تطلبي مساعدة يعني انا دافعة وبده اعيد الدفع وما يرد على استفسارات,Negative
9db617c8-7884-4bbe-9e9a-f0eb37616f49,Careem,Transport Services,5,2026-08-05,👍,Positive
b019b35a-7558-4f97-89f3-bdfae66da547,Careem,Transport Services,1,2026-08-05,سيء جدا لان لم يتم تفعيل بطاقتي شخصيه في تطبيق كريم الدعم لم يتعاوون معي,Negative
5de7cc72-0bcb-4b36-8054-96c0a6d62985,Careem,Transport Services,1,2026-08-05,لم يتم التجاوب مع مشكلتي . السواق اخذ زيادة علي حق الاجرة,Negative
fba63130-f879-4e67-a560-5f1a2967c90f,Careem,Transport Services,1,2026-08-04,أسوأ برنامج توصيل على الإطلاق هم الي يحذفوا الرحلة وهم الي يبغوا فلوس نصب,Negative
e3819eb9-feae-42f7-b3fa-de143acc5bc8,Careem,Transport Services,5,2026-08-04,انهوباخللاق جيده,Positive
db7d81b0-fb68-4b51-a03c-2beac4af7dbe,Careem,Transport Services,1,2026-08-04,الكباتن حراميه والتطبيق ميحاسبهم الاسوأ حاليا,Negative
204ab3b4-962a-4b1e-8bdd-8fd94ed5645a,Careem,Transport Services,5,2026-08-04,تطبيق كويس,Positive
db5407f9-57e2-4043-9ccd-c87c352ec3ad,Careem,Transport Services,1,2026-08-04,تعرضت لاسائه من احد الكباتن وتواصل معي عبر الوتساب بعد انتهاء الرحله وتلفض باالفاض سيئه رفعت شكوى في التطبيق واتصلت في با خدمه العملاء ولم اللقاء اي تجاوب او اخذ حقي من السائق اتمنى من وزاره النقل تضع حد وتراقب تطبيقات التوصيل بوضع دشكام في السيارت وتهتم اذا جات شكوى,Negative
b0365be3-1076-492f-bdd7-110cbc04fff6,Careem,Transport Services,5,2026-08-04,ممتاز بس بدي خصم 50%,Positive
a3e0331f-e3fb-4757-89a2-8f9ee8374531,Careem,Transport Services,5,2026-08-04,ممتاز والأفضل,Positive
5c1c5678-4d10-4258-966c-e8137f679ebd,Careem,Transport Services,1,2026-08-04,أسعاره حره,Negative
fa292966-4e39-46f8-938c-b5cb8968121f,Careem,Transport Services,5,2026-08-04,للأيف تطبيق كاذب واخذ مني مبلغ من المال ولم يتجاوب معي ابدا منذ شهر تقريبا,Positive
4dc786ae-99dd-454c-b8d6-f9b593cedb1a,Careem,Transport Services,5,2026-08-04,ممتاز جدا,Positive
a68ee3a9-5c1e-4432-acf6-39a1b3fc29dc,Careem,Transport Services,5,2026-08-04,جميل,Positive
88e89aaa-e77c-405f-97a0-d954738f993e,Careem,Transport Services,1,2026-08-04,تعامل الكباتن سي جدا ونعلمكم بذلك ولا تجدون اي حل,Negative
ed1b13c3-f21b-45c3-b934-2ef6b7ddf517,Careem,Transport Services,1,2026-08-03,انصح عدم تنزيل لانه لا يتجاوب مع العملاء,Negative
8fc73e54-d8f6-40b4-84b1-b1e9df754967,Careem,Transport Services,1,2026-08-03,خدمه التطبيق سيء وبعض السائقين سيء وصلتكم المعلومه 👎,Negative
ce9c6b9d-4fa5-4396-88e3-ada040511050,Careem,Transport Services,5,2026-08-03,ما في اروع من هيك بس ياريت خصم التكسي ٥٠ بالمية يكون ثايت دائما,Positive
78ddde98-ac01-4b51-9934-959c53e32c70,Careem,Transport Services,5,2026-08-03,ممتاز التطبيق . مشاويري صار اسهل مع تطبيق كريم . شكرا كريم💕🥰,Positive
d5393cbc-18ec-431b-bde3-7cdf42c9e090,Careem,Transport Services,1,2026-08-03,السواقين بيطلبوا. فلوس اكتر من الابلكيشن,Negative
dc9b8946-390a-4ebc-af35-1c9d821d8145,Careem,Transport Services,5,2026-08-02,حالة حضاريه جيدة,Positive
b5e13df2-084b-4a64-bff1-2b37a1629c12,Careem,Transport Services,5,2026-08-02,ممتاز,Positive
fefa3f26-0558-4177-a70b-816e15d1c598,Careem,Transport Services,1,2026-08-02,للاسف لما انا اطلب سيارة لارج room وتجيني سيارة صغيرة السائق ماله دخل لان المشكلة من التطبيق على اي اساس الشركة عندها تصنيفات لأنواع السيارات لاني اخترت اغلى قيمة عند الاختيار,Negative
84887426-d34c-466d-bb08-499519b78557,Careem,Transport Services,1,2026-08-02,لمن تصير مشكله بالدفع و الكابتن لازم ينزل باقي الفلوس بالمحفظه ويغلس عليهن راح يكولولك نعتذر منكدر نرجعلك باقي الفلوس,Negative
4b418502-a9f3-410e-8458-b75e38eb9382,Careem,Transport Services,1,2026-08-02,ليش ماتتفعل الخدمه مال خصم على اول رحلات,Negative
8a6275c0-39ce-45ec-8a58-6d2b5169281b,Careem,Transport Services,5,2026-08-02,جيد جدآ,Positive
8e39a184-d5c5-4850-a9b1-cd820ca962d4,Careem,Transport Services,1,2026-08-02,كاسعار مقبوله لكن سيء بالنسبه لايجاد سياره كأنه السيارات قليله بين كل عشر مرات بتزبط مره الرجاء حل المشكله ولكم جزيل الشكر,Negative
25be0c9a-d866-4123-88de-7ccf139cf12c,Careem,Transport Services,1,2026-08-01,أصبح غير مجزي للعميل بل بيكتب سعر وعند الوصول سعر اخير فهذا نصب للعملاء,Negative
5200c34d-fd90-47c5-b9c3-fc52d3683749,Careem,Transport Services,5,2026-08-01,خدمة جيدة في صالح المواطن,Positive
5a9e1103-e056-4c8f-83ce-79b8da20c6b7,Careem,Transport Services,5,2026-08-01,ممتاز,Positive
d9fece1f-0ec7-4b87-bdaf-628a8ae36868,Careem,Transport Services,5,2026-08-01,اضافه اللغه العربيه,Positive
f0e09563-14a1-44e6-bd05-3d76fe457932,Careem,Transport Services,1,2026-07-31,لا اوصي بها لايفتح يوجود مشاكل ابشع تطبيق عرفتوا,Negative
16b22dd4-0a34-4de0-aa8f-66b955ada146,Careem,Transport Services,1,2026-07-31,طبيت للتطبيق لكيت عليه مبلغ3500 مادري منين يعني َاكدر اطلب الا ادفعهن طبعا انا زبون مو كابتن وكل رحلاتي ادفع كاش شنو هذا النصب والاحتيال,Negative
7475be9b-df83-4bdc-9580-0e48ed3d2242,Careem,Transport Services,5,2026-07-31,الرقم مدا يصير ليش كل ماحط.رقمي ميقبل يدز الرمز سولي حل,Positive
2a89a130-02ac-421b-bb1a-e3daa5da9f27,Careem,Transport Services,1,2026-07-31,شركة يشوبها الشبهات عند التعامل معا مشكلة,Negative
fdd2e904-cff9-4bbb-aee6-af5ee513e047,Careem,Transport Services,5,2026-07-31,ممتاز جدٱ,Positive
652b5331-4d92-40c7-a0fe-858e93f451ce,Careem,Transport Services,1,2026-07-31,لا تظهر وجهة الوصول عند الكابتن وسبب لنا مشاكل كبيرة الغاء الرحلات بالتالي كان له تأثير سلبي على عملنا,Negative
eda5ab88-aa98-4e24-8f98-e7209ec75baa,Careem,Transport Services,5,2026-07-31,تطبيق جيد واعطيتكم نجمه ليس انه سيء لكنه لا يغطي منطقة ابي غريب في بغداد,Positive
d6630aca-a77a-48e2-a9de-2d9210f82d8d,Careem,Transport Services,5,2026-07-31,اهنيكم بطل,Positive
c8c6733b-d85b-4875-9318-dd0c0fdb5bb9,Careem,Transport Services,5,2026-07-31,راحة,Positive
a2ff79a3-6c6c-429e-a6c1-a2c089b11908,Careem,Transport Services,2,2026-07-31,التطبيق مفيد . لكن ما عنده خيار الالغاء. اذا طلبت غصبا عنك يخصم المبلغ ركبت السيارة او ألغيت. لاني الغيت مع بقية اربع دقائق لوصول الكابتن خصم المبلغ . هذا حرام .,Negative
d13443cb-e9f0-4c41-a5ea-0f2a7de2b7e1,Careem,Transport Services,5,2026-07-31,ياكريم,Positive
e7977cb7-b82b-4b18-a301-7f1eba848c64,Careem,Transport Services,1,2026-07-31,سي جدا اضل انتضر الكبتن نص ساعه وبعد الانتضار يكنسل واضل اطلب حول ساعتين تقريبا,Negative
10b621c4-67f1-440e-8837-c676f3fbb1ab,Careem,Transport Services,5,2026-07-31,ممتاز,Positive
1210546c-479a-45fa-bfea-09963c30f04d,Careem,Transport Services,3,2026-07-31,في صعوبه في استخدام التطبيق ويدعم اللغة الانجليزية أكثر من التربيه,Neutral
b82cc110-4649-497d-acfb-b4016236f8ca,Careem,Transport Services,5,2026-07-30,ممتاز,Positive
a30919d5-2437-4902-9a46-11a2010bbfd5,Careem,Transport Services,1,2026-07-30,لا يوجد كابتن كل مرة اطلب سيارة,Negative
ee8dca4e-a842-4e4a-8f7a-2954763b148d,Careem,Transport Services,2,2026-07-30,الكباتين مايردو . وخدمه العملاء ما يخدمك,Negative
add2a51e-0e82-4997-a5f3-7df75e765113,Careem,Transport Services,1,2026-07-30,دعم سيئ جدا,Negative
0dc06f1c-ce76-49ed-bfe3-ad5ffcdd3679,Careem,Transport Services,5,2026-07-29,اليوم كانت تجربة غير ناجحة مع ٣.كابتن,Positive
9de991a6-c27a-4168-8e9a-8e3753560d1c,Careem,Transport Services,1,2026-07-29,فاشله رديئه,Negative
0c0ed5e4-5a85-43e7-bf78-5ef23a2106b2,Careem,Transport Services,3,2026-07-29,لا يوجد خصومات,Neutral
33ff72a7-c4e3-4e6e-bec9-a03e5347adda,Careem,Transport Services,5,2026-07-29,رائع,Positive
68fa4f7e-cdd3-4bc3-a040-5f29849fc0c3,Careem,Transport Services,5,2026-07-29,ممتاز,Positive
3f1b2c03-df83-405c-9b2f-c458f4567a2a,Careem,Transport Services,1,2026-07-28,ما يشتغل كل المناطق,Negative
ac57b980-65d1-4121-baac-baae1b5b46eb,Careem,Transport Services,1,2026-07-28,تطبيق زفت زفت زفت والله ما يتساهل نجمه اول شي طلبت رحله وبعدين ما يجي كابتن و يتاخر وبعدين طلبت وعندي فلوس في محفظة تبعت كريم يقول لا ضروري تحاسب كاش ايش ذا تطبيق الزفت,Negative
3e97e1df-0051-406b-ae55-f0de3a61c807,Careem,Transport Services,5,2026-07-28,التجربه معا سائقي تطبيق كريم كانت ممتعة,Positive
dbca6a01-4374-4960-9538-c7c438185a63,Careem,Transport Services,5,2026-07-28,تطبيق ممتاز والله,Positive
9bbea94b-6ec5-4af9-8d36-968a47caca7d,Careem,Transport Services,5,2026-07-27,جدا خدمه ممتازه,Positive
fae0439d-3a14-4961-9b3d-f5b8e32296e0,Careem,Transport Services,5,2026-07-27,راااائعة,Positive
affab5de-7437-4047-b6f0-8d7264b5e0f8,Careem,Transport Services,5,2026-07-27,اكتر من رائع,Positive
dc819f6a-eda8-4c2f-97b9-20cafe512306,Careem,Transport Services,5,2026-07-27,It's almost impossible to articulate the sheer magnitude of brilliance this application,Positive
1719fd1c-71f9-4575-8f1f-bc68096c9908,Careem,Transport Services,5,2026-07-27,جميل وأسعاره حلوة,Positive
f13b28b6-d54c-4064-82d1-875c96164451,Careem,Transport Services,5,2026-07-27,تطبيق جميل اسعاره حلوه,Positive
3b2faad1-77e0-41ea-a190-389ca57a6b1b,Careem,Transport Services,5,2026-07-27,فضيع,Positive
54b85feb-3637-4433-9a82-a2241b541049,Careem,Transport Services,5,2026-07-27,امان و راحة 🥰,Positive
9990158a-548e-4f3c-ae91-237b85e0a313,Careem,Transport Services,1,2026-07-26,جميله اوي اوي,Negative
b36fe36f-1d3d-4e1a-a786-bd75b4f1e0ba,Careem,Transport Services,1,2026-07-26,لا يعمل في كركوك,Negative
e61e5791-4c3a-4dc7-92b0-5e4b17e7bfd2,Careem,Transport Services,5,2026-07-26,جيد جدا,Positive
b601ad66-fe06-4457-94c4-2eee14899a6b,Careem,Transport Services,5,2026-07-26,منتا جدا، الحمدلله والشكر,Positive
55604f0f-c3fb-49f1-ba42-b216f8963a23,Careem,Transport Services,1,2026-07-26,للاسف تجربتي في مدينه ينبع الصناعية اغلب السيارات متسخه وكم مره رفعت بلاغ ومافي اي تغير الشركة غير مهتمه بجودة الخدمه,Negative
a532a67b-91d2-4812-b1aa-92cbafde1961,Careem,Transport Services,5,2026-07-25,افضل تطبيق ويستحق التقييم سهل الاستخدام. حجز الرحلات بسرعة. واجهة بسيطة وواضحة نشكر القائمين على هذا المجهود وبالتوفيق للجميع,Positive
cb4a14c0-ea80-4354-9482-f1279204a826,Careem,Transport Services,5,2026-07-25,جدا برنامج ممتاز جدا,Positive
1e74fc8c-3b76-41b2-9087-f342249adf6d,Careem,Transport Services,5,2026-07-25,ممتاز,Positive
ee053c05-624e-4f2b-86cb-661ab4dfc9d0,Careem,Transport Services,5,2026-07-25,أفضل تطبيق في العالم,Positive
66c5e6b7-d92e-49b4-b5c3-90b2a4efcdfa,Careem,Transport Services,1,2026-07-25,تواصلت مع شخص و كان بعيد عن موقعى و اتفقنا على إلغاء الرحلة و لكن لم يبلغ. الرحلة و اتحسبت مديونية عليا,Negative
ec5a418f-6773-4a77-853d-7505dbffd357,Careem,Transport Services,5,2026-07-25,ممتاز,Positive
1b8f346b-1fdc-457e-b6ca-977f62267c22,Careem,Transport Services,1,2026-07-25,تطبيق سيء جدا واسعار غالية الافضل بلي على الاطلاق,Negative
b597a954-c3b0-477b-9206-69d37b41ee61,Careem,Transport Services,1,2026-07-24,تطبيق سيء,Negative
096996c2-e806-4455-a960-ec7fa8c25754,Careem,Transport Services,1,2026-07-24,برنامج زربة,Negative
ec04038b-7319-4ae3-84f9-fe1ef51e5cc3,Careem,Transport Services,5,2026-07-24,جميل,Positive
cc8d528b-ae33-4cd3-81fd-65e471a863b2,Careem,Transport Services,1,2026-07-24,والله شگيتونه باليوتيوب شگد مروجين بمليار,Negative
2901c012-cce0-400c-9211-55b5457c968b,Careem,Transport Services,1,2026-07-24,انصح بعدم استخدام هذا التطبيق كون القائمين عاى الشكا ى لم يلبوا للشكوى كون السائق طلب اكرة 6 اضعاف المقررة,Negative
ff215e46-110b-4dac-a893-3e1adf1d5a89,Careem,Transport Services,5,2026-07-24,تجربه جيده جدا وممتازة,Positive
86288524-da71-4070-b8bd-1949574f73da,Careem,Transport Services,1,2026-07-24,تطبيق كريم مع انه أمان وكثر ممتاز لكن بعض المسافات بحاجة لمراجعة مع التكلفة... مع التحديث الجديد ما بقدر بعرف اضيف كود الخصم على الرحلات.. يا ريت يرجع التطبيق للتحديث السابق انه يتم اضافة الكود من قبل الراكب وشكرا,Negative
32de574c-761f-49ea-a74a-146d7a3f7f3f,Careem,Transport Services,5,2026-07-24,بالتوفيق انشاء الله,Positive
fd93079d-1a9b-4a7f-b4d5-4eea5969f86a,Careem,Transport Services,5,2026-07-24,ممتاز,Positive
67d7f431-5867-43e9-a572-b66861c08de9,Careem,Transport Services,1,2026-07-23,سيء جدا جدا,Negative
7c6133da-bfe7-4ca1-a1b7-69730d513e4a,Careem,Transport Services,5,2026-07-23,افضل تطبيق سرعة في التوصيل ومن انظف السيارات وتعامل الكباتن ماشاء الله كل الاحترام,Positive
f764a3ab-d3bd-45eb-be90-c435246a4efb,Careem,Transport Services,3,2026-07-23,عمر الطلب ما وصل في الوقت دائم التأخير,Neutral
626f6683-0253-4a3c-9b8d-57028b6d7bf3,Careem,Transport Services,1,2026-07-23,يوجد احتيال من السائقين و كتير جدا يكونون اغلي من باقي التطبيقات,Negative
e9b357e5-cbef-4b9a-bddb-1cebbb94a849,Careem,Transport Services,1,2026-07-23,سيئ جداجدا,Negative
09bf578f-202f-4a0c-9cc4-585b85b3da71,Careem,Transport Services,1,2026-07-23,الشركة بقت سيئة جدا جدا جدا,Negative
2085592a-e4b2-4d1e-b5de-b2364bf9605b,Careem,Transport Services,1,2026-07-22,خصمتو مني مبلغ من بطاقتي ولم يصلني الكابتن ولم يتم إرجاع المبلغ ولا اتلقى اجابه منكم وليش مافي ميزه التواصل مباشره مع موظف,Negative
600da08b-d937-4659-baff-8aea095ed20d,Careem,Transport Services,5,2026-07-22,سهل وسريع,Positive
aa3526ef-b006-4541-9dda-b4dea4c7e6f9,Careem,Transport Services,5,2026-07-22,جيدا,Positive
7794624c-69c6-4ca0-ae67-67cf7f2afd80,Careem,Transport Services,1,2026-07-22,كثير الأعطال وخدمة العملاء سيئه جدا جدا جدا,Negative
9ca36cab-25cd-42aa-873f-3b0fa2974923,Careem,Transport Services,1,2026-07-22,سي جدا,Negative
7dcfcf94-c6e8-41ad-a26f-bef3788c18f0,Careem,Transport Services,5,2026-07-22,التطبيق جيد جدا واقتصادي,Positive
0befa410-cdd9-453e-866e-8ba603adfa93,Careem,Transport Services,5,2026-07-22,جيد جدا,Positive
1c3ca057-cf54-4e5a-880e-4092bc38aafe,Careem,Transport Services,5,2026-07-22,ممتازة,Positive
cdad5f09-1e9f-474a-a246-9a132fd79021,Careem,Transport Services,1,2026-07-22,إنه تطبيق سئ للغايه منذ 10 ايام ارسلت المال ولم يصل حتي الآن ولا أحد يجيبني من خدمه العملاء فعلا هو تطبيق سئ جدا ولا انصح به أي شخص,Negative
6ecb60dd-4b01-4b8f-a097-ec06416d8859,Careem,Transport Services,1,2026-07-21,لا أنصح به أبدا لقد جربته وكل ما أطلب طلب بسعر معين عند الوصول أرى أن السعر قد زاد دون أي سبب,Negative
a18def0b-2abd-4e8a-9715-df5ecca8685b,Careem,Transport Services,5,2026-07-21,تطبيق رائع,Positive
31b6fb8b-d008-48fb-9cef-99d261f6182a,Careem,Transport Services,5,2026-07-21,ممتاز,Positive
95b066c5-b76e-4696-95c2-408a80d7465e,Careem,Transport Services,5,2026-07-21,تطبيق جيد,Positive
a3043ba7-d9f5-4809-b74d-4ace1dbfbbaf,Careem,Transport Services,1,2026-07-21,الله لا يوفقهم نسيت جوالي جيت ما اقدر ارجع لنفس السياره حتى الدعم ماردو علي كلها كم يوم ونرجع من السفره,Negative
f4c65991-831a-4bdb-97fe-78594be2d0a7,Careem,Transport Services,5,2026-07-20,روعه,Positive
11313ce7-2ff0-4897-b32f-4d5f7d3e5c12,Careem,Transport Services,1,2026-07-20,ثلاث مرات يلغي الكابتن الرحلة بدون وجه حق في أيام مختلفة في وقت قصير ونتقدم بشكوى ومع ذلك بدون اي اصلاح ده غير الأسعار العالية جدا,Negative
4366a0bb-a78b-496b-8bd8-d017e834ea71,Careem,Transport Services,5,2026-07-20,ممتاز جدا,Positive
09b52cd8-0325-4c1e-b375-6552bcc9c4a7,Careem,Transport Services,5,2026-07-20,شكرا,Positive
2c1cc3ae-fb91-46b8-9296-3ce9271d8048,Careem,Transport Services,1,2026-07-20,اسوء برنامج للطلبات لا يوجد دعم ابو مساعده حتى وانا مشترك معهم برو لا يستحق صدقا هذه النجمه,Negative
974ba174-5fb9-4913-adba-6c4fcf59cf50,Careem,Transport Services,5,2026-07-20,ممتاز,Positive
a2596434-0480-4d0e-a927-1c2e1d951be3,Careem,Transport Services,5,2026-07-20,رائع,Positive
fc72df48-7788-453f-8b03-7ba75448a63f,Careem,Transport Services,5,2026-07-20,تطبيق روعه وسهل التعامل,Positive
182089b4-4c3b-43f4-b94c-da46daf78df5,Careem,Transport Services,5,2026-07-19,من افضل التطبيقات الموجوده والى الامام,Positive
9ec99e3e-1a79-4c85-b090-6bd323be5c94,Careem,Transport Services,5,2026-07-19,ممتاز,Positive
2c898986-33b9-4ea5-87c4-5909c8c8dbea,Careem,Transport Services,1,2026-07-19,احذروا إضافة بطاقة الائتمان الي كريم عند استخدام دراجات كريم لأنهم دائما يسحبون مبالغ بدون اي وجه حق ومهما حاولت الشكوي والاتصال بخدمة العملاء يجادلون فقط وبالاخير تكتشف ان كل صلاحيتهم هي المجادله فقط وليس لهم صلاحية ارجاع اموالك حتي لو اقنعتهم انهم سحبوا اموالك بدون وجه حق,Negative
9f76a47f-0339-43a3-ae99-2646141d4ad0,Careem,Transport Services,1,2026-07-18,فاشل,Negative
b3ede938-5cf8-452e-9dea-249486ac5d59,Careem,Transport Services,1,2026-07-18,شدعوه كروة ٢ كيلو متر ٤ آلاف ونص قابل وين موديني منطقة ثانية اشو صايرين متستحون واسعاركم ماصخه على شنو واحد يطلب منكم وشنو فرقكم عن تكسي الشارع حتى تكسي الشارع ارخص 👎🏻👎🏻👎🏻,Negative
74498504-4540-48fa-957b-aec7bd064b99,Careem,Transport Services,1,2026-07-18,تطبيق سيء جد,Negative
a34e7820-b845-41e9-a80e-fbeb949d1f02,Careem,Transport Services,1,2026-07-17,المزايا قليلة ومحدوة,Negative
57f96acc-faff-4240-be47-744f50cb1e70,Careem,Transport Services,1,2026-07-17,غير جيد,Negative
10710b1c-1fae-49b1-8ee6-62df923c5948,Careem,Transport Services,5,2026-07-17,اروع تطبيق,Positive
3b2b9c02-5d03-4137-adab-fc3a2718bd77,Careem,Transport Services,1,2026-07-17,تطبيق زباله تخيلو الكبتن قبل الطلب ونام وانا انتظره ولمن الغيت الطلب خصمو علي نص المبلغ ولمن اشتكيت رجعوه في المحفظة مو على كيفك المفروض ترجعونه في البطاقه وشكاوي وللحين ما حلوها التطبيق نصاب والكباتن نصابين انتبهو منهم في تطبيقات كثير غيرهم,Negative
f4a16716-fe28-430a-b35f-04ba1d6aa858,Careem,Transport Services,1,2026-07-17,الفتره الأخيره يسجل لك مبلغ ويطلع عند السابق مبلغ ثاني وأكثر,Negative
31cbf6f9-2fd9-495f-a36b-4dca62001280,Careem,Transport Services,4,2026-07-17,جيد,Positive
1f0e43f0-6221-47d6-99a0-4501e2a15136,Careem,Transport Services,1,2026-07-17,سي جدا مانصح فيه لانه اي خطا او مشكلةولو بسيطة عاجزين عن حلها غير اسلوب الكابتن وطريقتهم نع الركاب ومستوى نظافة السيارات ورائحة الدخان وجودة المكيف صفر حدث ولا حرج,Negative
959dd394-4006-4f3d-aa94-22916341ed6b,Careem,Transport Services,5,2026-07-16,انهو لطيف جدا,Positive
b24df6ed-dfad-40bd-881f-4bc30030c3f7,Careem,Transport Services,1,2026-07-16,الاداره فاشله لماذا عندما تقوم بالغاء المشوار ترجع عليك رسوم ويكون الغلط من اسواق انا حصلت لي وسواق ما كان يتحرك والغية المشوار ورجع عليا الرسوم,Negative
e489a139-8fe6-492c-b9ce-2a084ccbf3bb,Careem,Transport Services,5,2026-07-16,تجربه رائعه,Positive
86fa82b8-f85f-4982-9ef2-9e4e6918210b,Careem,Transport Services,5,2026-07-16,جيد جداً,Positive
d0b8f6eb-6f54-4979-9cd3-d55bf8ddc03c,Careem,Transport Services,1,2026-07-15,سيء 👎,Negative
6cbfc570-c0ed-4015-91d4-28d961e0f210,Careem,Transport Services,1,2026-07-15,بصراحه سى جدا انا طلبت وراح الطلب وانتهى يتصل عليا كبتن ويقولي انا كريم بعد ماخذت سياره من تطبيق ثاني واضاف عليا مبلغ حسبي الله عليه,Negative
3411bc96-3172-4044-8c7a-6822298f04d9,Careem,Transport Services,5,2026-07-15,ممتاز بارك الله فيكم.,Positive
6cae6113-e94b-46cc-b745-bf3787cb06a3,Careem,Transport Services,5,2026-07-15,(متتاز,Positive
86740670-5163-48f8-8bec-da82e1a2720b,Careem,Transport Services,1,2026-07-15,خيب تيبقا يتعطل في وقت تتسنا كتر من ساعات باش يوصل و ناس لي خدامين تم تعاملهم خيب,Negative
b72f1784-5f35-4d78-8f07-4da590bd6747,Careem,Transport Services,1,2026-07-15,سئ جدا وسيتم الان إلغاء تطبيقكم من هاتفي بسبب الاسعار المرتفعه بشكل مريب,Negative
f5cb2a9f-75dc-4f7e-bea2-c08da0fd713b,Careem,Transport Services,1,2026-07-15,تجارب ليست جيدة عديدة,Negative
3e9fa0c5-3ee1-441f-9ab9-7619026120c7,Careem,Transport Services,1,2026-07-15,زبالين، غصب ياخذون ٢٥٠ ريال يحتفظون فيها 👎👎👎,Negative
d4e3cf3b-4c18-403f-98aa-a1cb88d4ee65,Careem,Transport Services,5,2026-07-15,افضل برنامج وتعامل واحد ع واحد احب اشكر الشركه ع هيج تطبيق راقي,Positive
cd631499-d059-41b5-88de-4f86bd199da1,Careem,Transport Services,5,2026-07-14,افضل تطبيق من حيث الأسعار,Positive
965be97e-7f46-4799-a721-17e265fd2b71,Careem,Transport Services,1,2026-07-14,يقوم بحساب قيمة مختلفة ويقف السائق بعيدا عن الموقع,Negative
fb532af1-9f29-4911-b57e-a62fb18b0573,Careem,Transport Services,1,2026-07-14,الرمز مجاي يوصل وما اكدر افتح التطبيق,Negative
9be80f6b-a52f-4bbc-8333-19fbf971cc21,Careem,Transport Services,1,2026-07-14,تطبيق سئ جدا والاموال تتاخر لمده تقارب الاسبوع ولا يستحق التجربه,Negative
4a31ee4e-67bb-4a95-a22f-be48a1c5308e,Careem,Transport Services,5,2026-07-14,تجربه جميله ولكن اتمنى وجود نسخ الرابط ولصقه,Positive
072d36cc-0ea1-42c1-ab3b-27f638aa6530,Careem,Transport Services,5,2026-07-14,شكرن خدامة,Positive
77673431-0c97-4fbf-9325-5ab853596a68,Careem,Transport Services,1,2026-07-14,تعرضت لظلم واضح بمبلغ بسيط جدا و رفض النظام تعويضي فقررت مقاطعة التطبيق بعد سنوات عديدة من إستخدام هذا التطبيق لعم إحترامه لحاجتي للإنصاف,Negative
bafb5cfc-7702-4c81-977c-41691b400a32,Careem,Transport Services,1,2026-07-14,لا يعمل بالكويت.. يطلب تحديث باستمرار,Negative
2561d6a6-f5ad-4d2d-8f1d-edf37982a02d,Careem,Transport Services,5,2026-07-13,تطبيق روعه بصراحة,Positive
d8a2bd39-c1b3-43e4-8204-cbe029ec1186,Careem,Transport Services,1,2026-07-13,التطبيق جيد لكن اذا قدمت طلب و قمت بإلغائه يضعون عليك ضريبة قدرها دينار وهذا شيءٌ سيء ومزعج,Negative
396bf924-1645-4a26-8bd2-4353767e324a,Careem,Transport Services,1,2026-07-13,لا يوجد خيار لإلغاء الطلب سوى الاتصال بالعميل . عند طلب الاتصال استغرق الوقت اكثر من وقت وصول الاوردر و قد حاول الموظف شرح الامر مطولا دون الاستجابة لطلبي بالالغاء ..,Negative
ecfedf6e-0203-405d-a8e2-8f7d2ced00eb,Careem,Transport Services,1,2026-07-13,مايعجبني,Negative
bf50115e-d372-47b5-8c19-88cb84be3d46,Careem,Transport Services,1,2026-07-13,فوق الزباله,Negative
d44032a9-92da-4b3e-82c6-5eef17a266c6,Careem,Transport Services,5,2026-07-13,مافي اكواد خصم,Positive
9b80d33f-dd19-473a-ae3f-897ba4579bc4,Careem,Transport Services,5,2026-07-12,ممتاز,Positive
a840a7bd-a8ea-4c1d-b7a7-1aa7b883afb4,Careem,Transport Services,5,2026-07-12,مزل لم اجرب تحت التجربة,Positive
9e85effc-20d2-4f14-8bf0-afda23ce5adf,Careem,Transport Services,1,2026-07-12,تجربه سيئه و خدمه العملاء كثير وقحين,Negative
6b3b7350-e9e0-49e5-a9fc-800a1ef6b6cc,Careem,Transport Services,1,2026-07-12,والله سيئين جدا في خدمة العملاء كل واحد يرمي على الثاني ولا لقيت اي رد على الحادثة كله نسخ لصق واسماء مختلفة,Negative
54edc752-9627-4c50-ab32-d7fd9f27710c,Careem,Transport Services,5,2026-07-12,ممتاز,Positive
60415db6-7710-4fb7-8a1e-26d63c8a60f5,Careem,Transport Services,5,2026-07-12,ممتاذ,Positive
f5da74e8-db07-4b73-8251-b741e546f8b4,Careem,Transport Services,5,2026-07-12,عندى شكوى من ارتفاع اسعار شهر رمضان,Positive
35a9292c-eadd-49eb-a1b9-b3c5c85f8f6b,Careem,Transport Services,1,2026-07-11,يعني احجز عن طريق تطبيق كريم ويطلع لي نفس السواق تبع اوبر اللي قيمته سيء ويجي السواق يهاوشني ليش قيمت سيء يعني الى متى هل ملاحظات عليكم يا يا اوبر وكريم جد تعبنا معاكم,Negative
684a35a3-e4c4-4db3-a5f7-d31a75883e1e,Careem,Transport Services,1,2026-07-11,خدمة عملاء سئ جدا، ارسل لهم رسالة بالدعم ولا يتم الرد علي اطلاقا. دائمأ تحدث لي مشاكل بالتطبيق ولا يقومون بالرد علي لحلها,Negative
fb6aefc2-df70-46e0-89e6-0b3c2178a22d,Careem,Transport Services,1,2026-07-11,سيئ عن تجربه في السواقين الا سواق واحد فقط اسمه فيصل,Negative
e0d9c4bc-4192-40a3-94d1-7a5ab20d36d2,Careem,Transport Services,1,2026-07-11,تطبيق سيء وكباتن سيئين تطبيق بلي افضل بكثير,Negative
a782f5df-4ab6-4a0f-a84c-52e851992e65,Careem,Transport Services,5,2026-07-11,افضل تطبيق للمشاوير,Positive
94b908d3-8100-4b41-9fba-25d7f896049b,Careem,Transport Services,5,2026-07-11,ممتاز جدا🙌,Positive
2ce20e54-c655-4c2f-b0b7-51ca89d8ddc0,Careem,Transport Services,5,2026-07-11,جيد جدا,Positive
e99a9033-87ba-4281-bd5f-f30bdb772737,Careem,Transport Services,5,2026-07-10,جيد,Positive
cefb253d-3c45-4953-89f8-a175b9cdd54d,Careem,Transport Services,1,2026-07-10,بس ٣رحلات عليها خصم بعدين تصير حالها حال التكسي العادي,Negative
3eca3bf4-7ebf-4638-ba3a-af6a68692856,Careem,Transport Services,1,2026-07-10,اسعاركم جدا عاليه,Negative
713685d7-e23f-489d-8944-ec50a848e664,Careem,Transport Services,1,2026-07-10,تلاعب في الأسعار واستغلال الوضع,Negative
566ae39e-132d-4912-8fdb-33425c0d7762,Careem,Transport Services,1,2026-07-10,كانت سيئه جدا من كريم بوكس,Negative
d9416faf-db46-42ab-a808-2963e69a4874,Careem,Transport Services,3,2026-07-10,هو السعر عالى شويه نسبياً المقارنه مع تطبيق ديدي,Neutral
d193ffa1-055f-432c-97c7-f9d18e411b77,Careem,Transport Services,5,2026-07-10,انه جميل,Positive
71e3f41b-7182-40ad-a0af-2ca02c3f22a8,Careem,Transport Services,5,2026-07-09,تطبيق ممتاز,Positive
bd5f37d5-db94-4775-ac54-c837fb67fb1e,Careem,Transport Services,5,2026-07-09,تجربة ممتازة. جدا. واسعار. بتجنن. ورخيصه,Positive
feed0541-6de1-4640-b0a8-e6878aab99db,Careem,Transport Services,5,2026-07-09,ممتاز,Positive
e25b5e11-90b0-4837-8837-a592acb0c60b,Careem,Transport Services,5,2026-07-09,افضل برنامج امان و سرعة و اسعار مناسبة,Positive
dba21808-ba4c-4325-9fb6-80f1e6a5ac14,Careem,Transport Services,5,2026-07-09,ok,Positive
27cc5b1a-26cd-46e3-a8b0-1645ac7ce686,Careem,Transport Services,5,2026-07-09,تفاجأت بخصم مبلغ من البطاقة بحجة اشتراك في كريم بلس، لم اقم بطلب الاشتراك وحتى انني منذ اشهر لم افتح التطبيق سوف اتخذ الإجراءات القانونية وسوف اقوم بحذف التطبيق,Positive
bd2d27ea-701d-463b-8595-d20d38c9b034,Careem,Transport Services,2,2026-07-09,جميع زملائي بالعمل لديهم خصم ٥٠٪ وانا لا؟؟؟؟؟,Negative
191785b9-9aa6-46fd-b2eb-4e0fab92c08e,Careem,Transport Services,5,2026-07-08,تقريباً بعد تطبيق بولت افضل اسعار على الاطلاق انصح الجميع بتحميله 🎖️⭐⭐⭐⭐⭐❤️❤️❤️,Positive
19d3ed5d-a1b2-4ef1-a8b2-0395aff42d35,Careem,Transport Services,5,2026-07-08,جيد وسريع واسعار مناسبة,Positive
2e9e60b0-4128-4f61-acd8-0fc51a34af9c,Careem,Transport Services,5,2026-07-08,اختيار مريح مع كابتن محترم,Positive
d02683d9-bec7-4451-afdd-6fcc9bc12e82,Careem,Transport Services,5,2026-07-08,جيد,Positive
77fa5aff-8ad0-462b-9f60-4f077725d1f1,Careem,Transport Services,1,2026-07-08,غالي جدا مقارنه. بي driver application,Negative
1420a535-1685-4cdb-b4ef-0e2137c83efb,Careem,Transport Services,1,2026-07-08,اعلانتكم اغث منه ماكو حتى بلغت عليهن و تطبيق حذفته كرهته بسبب اعلانات غثيثه لي تطلع لي بخصوص بس انت ما جربت ازبل واغث إعلان شفته,Negative
71d28bb9-2f70-425f-8c65-c64892083cb1,Careem,Transport Services,1,2026-07-08,صفر بالمية التقييم للأسف,Negative
358bffad-cd3e-4bec-b133-d19e863f90cc,Careem,Transport Services,5,2026-07-08,ممتاز,Positive
4c2a2594-e973-4650-b03d-f67ded112db0,Careem,Transport Services,5,2026-07-07,جيده جدا,Positive
668a3e6e-219f-4a33-90e9-888a05325a8e,Careem,Transport Services,5,2026-07-07,احسن تطبيق ممكن تعتمد عليه في طلباتك ورحلاتك,Positive
9972c8e5-d377-4084-a481-b576ada17e66,Careem,Transport Services,1,2026-07-07,تطبيق اصبح فاشل بعد الدمج مع اوبر اسعار غالية و تحديد حركة الراكب و المعاملة غير لأئقة من الشركة,Negative
b8df3a21-fdda-4fc8-b1df-d9e81460ac66,Careem,Transport Services,5,2026-07-07,جيد جدا,Positive
a880c349-2d6f-4de0-a8b1-266443b65eae,Careem,Transport Services,1,2026-07-07,تطبيق سيء والكابتنية مو محترمين وحرامية الكابتن سرق مني مبلغ اضافي وعلساس يخلي بالمحفظة ومخلا والشركة بمركز الدعم ميردون من واحد يراسلهم ويحلون مشكلته,Negative
8192e190-3f63-4f22-be24-ef36becaee18,Careem,Transport Services,5,2026-07-07,ممتاز,Positive
283151dc-d0a7-4788-b5f5-1606ef537282,Careem,Transport Services,1,2026-07-07,تطبيق لا يوجد فيه اي مساعد تصعد ويه ابو التكسي وبكيفه,Negative
be599ef6-bcef-4a1b-a22e-cb3a4a9291b9,Careem,Transport Services,5,2026-07-07,دوام التوفيق والنجاح ... يوجد ملحوظة هامة لا أستطيع إيجاد وسيلة لمحادثة خدمة عملاء التطبيق من داخل التطبيق ولا حتى شات لنتمكن من الاستفسار عن أسعار رحلات السفر إلى محافظات أخرى أرجو من القائمين على التطبيق وضع وسيلة داخله لتمكين المشتركين من محادثه خدمة العملاء لأى إستفسار هام وشكرا جزيلا لكم.,Positive
f7a3f07f-eb33-4966-88b1-f722f6207436,Careem,Transport Services,5,2026-07-07,جيد,Positive
06029aca-aa42-485b-909a-6c535ef0d500,Careem,Transport Services,1,2026-07-07,تطبيق فاشل,Negative
201c2ef5-259e-420b-a660-9e2cae653d28,Careem,Transport Services,5,2026-07-07,ممتاز جداا ياريت دائما في خصومات,Positive
a10c335b-5a03-4610-9319-9a26fffaa1cd,Careem,Transport Services,1,2026-07-07,ما بنصح اي حدا يتعامل معهم بخصوص التماسي او السيارات نهائيا ... بضيفو عليك مبالغ و انت ما الك فيها علم و بدون اي سبب و بجبروك تتدفعهم,Negative
3658774f-8bc6-4ddd-a181-4d873510f54e,Careem,Transport Services,5,2026-07-07,برنامج رائع,Positive
f08e2d65-d211-498a-8303-934709ba5411,Careem,Transport Services,1,2026-07-07,أصبحت سيئة مؤخراً.الاسعار مرتفعة ولا يمكنك تحديد الموقع والمكان الذي تريد الوصول اليه .ويضيف الى السعر عند الوصول .والتعامل مع البرنامج اصبحت صعبة .كانت جيدة في بدايتها .اسوأ برنامج الان .حتى لا توجد عملاء للرد على الزبون اذا واجه مشكلة مع السائق او الدفع المالي .,Negative
28e77ba9-6fab-43c1-b986-b958645e94c9,Careem,Transport Services,3,2026-07-07,لا يوجد خصم ترحيبي للأعضاء الجدد,Neutral
d9a05663-ae34-4c32-a85a-cf7a7d849e13,Careem,Transport Services,5,2026-07-07,احلا واحسن تطبيق,Positive
c795fef5-909f-4479-a9ce-95928fa85d68,Careem,Transport Services,1,2026-07-06,قمت بعمل مشوار ودفعت نقدا مبلغ الرحله كامل والكابتن سجل أنني دفعت مبلغ غير مكتمل مما سبب بتسجيل بعض المبلغ سالب في التطبيق في حسابي وقمت بالتواصل مع خدمة العملاء ولايوجد رد ولايوجد حل تطبيق فاشل في الحل سعيد محمد سعيد,Negative
0f321c29-4136-4bc0-b09b-0e0fc1cd917d,Careem,Transport Services,5,2026-07-06,ممتاز جداً جدا جدا,Positive
dfa2bbb5-2927-4c33-8199-4dade814fdc8,Careem,Transport Services,1,2026-07-06,تطبيق سئ للغايه كل يوم اطلب مشاوير والسعر ثابت مايتغير سواء كان اوقات عاديه او اوقات الذروة وكمان اطلب مشوار بعيد ارخص من مشاويري القريبه,Negative
9b94ef1c-7fab-4558-8d81-3aa41e23b10f,Careem,Transport Services,5,2026-07-06,جيد جدن,Positive
5fe9315b-b9da-4705-b619-0607f7227f48,Careem,Transport Services,1,2026-07-06,سئ,Negative
782190c5-7302-4f03-b59b-9dbe0de2e53a,Careem,Transport Services,5,2026-07-06,عندي 4 تطبيقات أفضلهم كريم,Positive
be33b7b9-864d-4052-b9be-06783b915075,Careem,Transport Services,5,2026-07-05,رائع جدا,Positive
2baa829c-416e-4561-9e53-35edd17323eb,Careem,Transport Services,1,2026-07-05,فاشل,Negative
59207fc0-0ff0-4259-a908-e387f804bbbc,Careem,Transport Services,1,2026-07-05,تطبيق سيء جداً. السواق غير محترمون,Negative
760a3bfe-f641-4bc6-b7e5-9802d9981c2e,Careem,Transport Services,5,2026-07-05,ممتاز,Positive
f794876b-5154-4a38-a3a5-57f723ee30f6,Careem,Transport Services,4,2026-07-05,اقتراح عمل اتوبيسات وميكروباصات للنساء خاصة بهن بمواعيد حتى يركبها الجميع حتى النساء الكبيرات في السن بدون الحاجة لحجز مسبق,Positive
e4a5504d-9c5c-4fcc-90a4-df7004b32637,Careem,Transport Services,5,2026-07-04,جيد جدا,Positive
80904aff-9c81-4f6d-8cfd-192fe7949dd8,Careem,Transport Services,1,2026-07-04,كباتن تعبانين وكل ساع لاغين الرحله,Negative
1ff04ab4-3da9-4230-af50-161a3121c964,Careem,Transport Services,5,2026-07-04,مئمتاز جدآ,Positive
16cc78a9-a357-416c-a238-db808e126190,Careem,Transport Services,1,2026-07-04,تجربة سيئة,Negative
8813de4f-cf64-4a94-a05d-1eb691fabb6b,Careem,Transport Services,1,2026-07-04,فاشله يشتو يدفعوني قيمة رحله لغاها السائق,Negative
01773ebd-d0c3-4612-bf22-f4240ff03a48,Careem,Transport Services,5,2026-07-04,جيد,Positive
10213b3f-6db1-4447-a3a1-aa2ccef28dc1,Careem,Transport Services,1,2026-07-04,شنو سبب مايفتح عندي التطبيق اي رساله نصيه ماتوصل حتى يفتح التطبيق,Negative
f8f1e926-20e2-493d-bc59-2bed6afa26d7,Careem,Transport Services,4,2026-07-04,جيد نوعآ ما,Positive
fc4bd6b6-3444-4a2a-9ed0-b1be0f0f087b,Careem,Transport Services,5,2026-07-04,خدمه ممتازه جدا,Positive
d63e20ed-e835-415a-9049-4586da1a26ea,Careem,Transport Services,1,2026-07-04,تطبيق سيئ بلوك بدون سبب وعندما تتحدث مع خدمة العملاء يخبروك ان النظام من فعل ذلك ولا نسطتيع فعل شيئ,Negative
de2c206f-8cdc-41f8-98fb-e5452c3b3888,Careem,Transport Services,4,2026-07-04,جيدة,Positive
ce05cdea-51a7-4e36-8495-3adf01a524a2,Careem,Transport Services,5,2026-07-03,جيد,Positive
58bbae2a-a63c-4ef5-98b0-2ded2dc6f81e,Careem,Transport Services,5,2026-07-03,جيد جدا,Positive
44c4ea37-17ac-4803-99f7-b2c65cbc9fcb,Careem,Transport Services,5,2026-07-03,ممتاز جدا,Positive
733d9ac9-59d0-4e5a-8444-cf5ce06a5541,Careem,Transport Services,1,2026-07-03,لدي مشكله عدم الحجز تواصلت مع الدعم ولم يتم حل المشكله,Negative
c0762d39-09f8-40bb-ac73-016f7b4dda9d,Careem,Transport Services,5,2026-07-03,ممتاز وأسعاره مناسبة جدا,Positive
7f88f4d4-c0e7-4703-82d1-2f023259b664,Careem,Transport Services,1,2026-07-03,الكود لايصلني على الوتساب او على السيم كارت جربت من رقمين,Negative
f7c7b3af-9255-46d7-969f-806e9d7fe08b,Careem,Transport Services,1,2026-07-02,خدمة رديئة مفيش وسيلة تلفونية للتواصل مع خدمة العملاء لايجاد حل مشكلة الكاباتن,Negative
f52e4a13-7208-4bf1-8fd8-213ef5762998,Careem,Transport Services,4,2026-07-02,أفضل تطبيق مشواير من كل النواحي، حصلت لي بعض المرات مشاكل بسيطة وتواصلت مع خدمة العملاء وقدمت ملاحظات على الرحلات وفي كل مرة يجيني حقي بدون ظلم، المشكلة الوحيدة الأسعار ارتفعت بنسبة ملحوظة مقارنة بتطبيقات ثانية، النجمة المخصومة بسبب الأسعار اللي زادت,Positive
4a8a19d8-f422-411c-bb58-b73f6f72d4f9,Careem,Transport Services,3,2026-07-02,اتطبيق حلوه بس اسعار شوي لازم كل فترة وا فتره يسوي خصم شي جميل,Neutral
753b278d-ddf6-449c-8b1d-c08202aafcbe,Careem,Transport Services,1,2026-07-02,سيء جدا,Negative
037ae090-d6fa-4e2b-91f2-fc039b401b34,Careem,Transport Services,5,2026-07-02,مممممتاززززز,Positive
1f3e8ba1-347e-4970-b013-10068cabe0c1,Careem,Transport Services,5,2026-07-02,متاز,Positive
19edc137-1fc6-4b6a-a172-6d81409ae4f0,Careem,Transport Services,1,2026-07-02,اسوء تطبيق بالعالم ، واسوء معاملة ، واتعس فريق خدمة عملاء ممكن الانسان يتعامل معهن ، تواصلنا معهن بخصوص جزء من طلبية ما استلمناها ، بعد ساعة وربع الحل كان اعادة المبلغ للمحفظة ، والسبب انو الدريول يلي عندهم ما كلف خاطره يشيك على الطلب قبل ما يغادر المطعم ، من تجربتي الشخصية انصح بتطبيق نون اولا وبعدها طلبات,Negative
88c0536a-b83d-499d-a835-24d4e94f6f57,Careem,Transport Services,1,2026-07-02,الأسعار مبالغ فيها بالإضافة بقالى سنه ومجاليش اى خصومات نهائى ولا عروض,Negative
530b6be2-d817-4f7d-be58-f5ee2e1919ed,Careem,Transport Services,1,2026-07-02,يتم إرسال لهم ملاحظات و ما توخذ بعين الاعتبار,Negative
3ee2e2b6-a69c-4555-8b6a-398a926455c3,Careem,Transport Services,1,2026-07-01,في الطريق كل خمس دقائق يتوقف يدردش بهاتفه واذا كان المكان قريب يذهب الى مكان بعيد ثم العودم,Negative
91c736ad-b880-4155-a77e-e9fdff642387,Careem,Transport Services,1,2026-07-01,السواق لا تلتزم بالخصم وتأخذ الكروه كامله,Negative
de0cf918-3a4e-417d-857a-72ce2d093357,Careem,Transport Services,5,2026-07-01,ممتاز,Positive
71415719-4c2b-4ad2-860a-7dd4f8c4cd00,Careem,Transport Services,5,2026-07-01,ممتاز 👍,Positive
746620cc-65ce-4f62-8321-6dfd97bf618d,Careem,Transport Services,5,2026-06-30,ممتاز,Positive
46bec41c-c693-4c53-80a9-846e05cef2b5,Careem,Transport Services,1,2026-06-30,ليش ما بقدر ادخل كضيف؟ اش مزعج صراحه حابه كنت اشوف اءا متوفر منتج عندكم بس يطلب رقم هاد 😡,Negative
44762696-fbc7-4d72-9972-f9b4a5c00845,Careem,Transport Services,4,2026-06-30,جيد لكن حينما لم يرجع لي المبلغ في المحفظة لم استخدمه كثيرا,Positive
c381d57f-6a9d-4f6d-87f1-33a87bc315d7,Careem,Transport Services,1,2026-06-30,تطبيق فاشل ما في كباتن بطلوع الروح ليتعين كابتن / المشكلة الاكبر التجارب كل مره بطلب بكون في مشكلة اخر مره طلبت كريب الكريب اجاني حجر مبين من الصورة واضح جدا انو لاي مرحله ناشف زي الحجر ما اكلناه وكأنه مال حرام عادي يروح وردهم بارد جدا مع اني مرفقة صورة واضحه,Negative
e49fd313-a16f-45ab-b056-737bcf825809,Careem,Transport Services,3,2026-06-30,عند الدفع من المحفظة لاجور الرحلة التقديرية . احيانا يضاف مبلغ اضافي للرحلة بسبب الزحام مثلا . ورغم المحفظة ممتلئة بمبلغ كبير . يستقطع التطبيق مباشرة مبلغ الرحلة المقدر اما المبلغ المضاف يجب دفعه نقدا . لماذا والمحفظة تحتوي مبلغ يغطي تكاليف الرحلة بالكامل . واغلب الاحيان المبالغ المطالب بها نقدا هي مبالغ صغيرة جدا مثلا 950 دينار فقط . وممكن يكون الراكب لا يمتلك خردة لدفع المبلغ المتبقي,Neutral
55c8fe1d-2471-4e0b-b8c9-fb77171d111c,Careem,Transport Services,3,2026-06-30,تطبيق ممتاز لكن للاسف نوعيه السائقين اقل جودة بكثير من اوبر + المفروض توفير طريقة يستطيع بها العميل ان يحظر سائق معين، بلا قرف,Neutral
ee9706bd-f130-4e1c-922a-272ff01015c6,Careem,Transport Services,5,2026-06-30,اقترح على البرنامج انهم يعملو داخل التطبيق توصيل أغراض يعني يط العميل صورة الشيء الا يبغاه و من وين و يشتريه الكابتن بالفلوس الا في المحفظه أو الا يعطيه العميل و يروح يوصله للعميل,Positive
37509c55-b0de-4af8-9ad5-ccb00d0c0711,Careem,Transport Services,5,2026-06-30,تجربة مريحة جدا وآمنة,Positive
227ce073-a505-480d-948c-b6bfb00103b8,Careem,Transport Services,5,2026-06-29,من افضل البرامج بل نسبة الي صرت اعتمد علي لأن بي خصومات هواي واشكر كريم على هل روعة,Positive
d0fbff84-46a1-49c2-b014-36187f08cfb8,Careem,Transport Services,3,2026-06-29,ماكو خدمه للزبائن الي عنده مشكله مايكدر يتواصل وياهم,Neutral
a13a3942-961e-4227-bd28-2f1c2e15d0ad,Careem,Transport Services,1,2026-06-29,تطبيق زي الزفت حولت عليه فلوس موصلتش ومفيش حد بيرد ع التطبيق ولا ف خدمه عملاء ل careem pay,Negative
48cf8afd-3bee-4500-a123-780f86443371,Careem,Transport Services,4,2026-06-29,تطبيق كريم لطب تاكسي لتوصيل وحز رحلات ممتاز جدا تطبيق سهل استخدامه وشكر للموظفين وخدمات الشكر جزيل,Positive
70a4aeaf-3191-478f-882a-c3b4ccb2e515,Careem,Transport Services,5,2026-06-28,ممتاز👍👏😆,Positive
24ef7939-bebc-432d-a557-e984116657f7,Careem,Transport Services,1,2026-06-28,دائما اتعرض للظلم بسبب بعض السائقين,Negative
b9a80a54-cff2-4b9c-b616-320c3996dd1a,Careem,Transport Services,5,2026-06-28,ممتاز,Positive
0c34d801-bed1-4334-b913-607b1014daaa,Careem,Transport Services,1,2026-06-28,اسوء تطبيق ومشاويرهم خياليه، يزين مشاوير العامه اركب ومش تطبيق ماله اي لزمه اشوف والاسعار غير معقوله وينهبون من الكابتن نسبه كبيره،,Negative
b7ecb5fe-37d3-44bb-9d19-60241a3cd6cc,Careem,Transport Services,1,2026-06-28,سيء,Negative
852cafec-31d8-49c2-be53-b335b31ba4a9,Careem,Transport Services,1,2026-06-28,اكثر تطبيق مقرف و ما بيستجيبو للشكاوي بالمرة و نصيحتي محدش يستعمله للتوصيل لانه حتى النجمة ما بستاهلها و لو فيه اقل بحطها,Negative
4f867222-9f5a-4589-9726-438ed3a49845,Careem,Transport Services,5,2026-06-28,رائعه,Positive
30f683f7-4098-4528-b24a-8d745bd2d7b2,Careem,Transport Services,5,2026-06-27,أحسن تطبيق واسهل تطبيق في سعوديه واشكر العاملين على هاذا التطبيق يستحق اكثر من خمس نجوم,Positive
14718b24-18b7-4609-989e-8e0d3f409632,Careem,Transport Services,5,2026-06-27,ممتاز,Positive
14a140de-0193-428c-b21c-bf039e38746e,Careem,Transport Services,4,2026-06-27,التطبيق جيد جدا وشكرا لكم لاكن اكو نقطه السعر بل نسبه للسائق قليل زيدو قليل حتى لايضلم احد وشكرا لكم !!!!!!!! (السعر كان رخيص اول رحلتين بل تكسي بعدين صار غالي شنو السبب؟؟,Positive
699db8bd-1650-4758-aa3e-eb49b8ce0b12,Careem,Transport Services,5,2026-06-27,ok,Positive
0e8257e2-2204-4385-9dec-41187d913e0c,Careem,Transport Services,5,2026-06-27,جيد جدا,Positive
a857abb4-e481-4125-ac64-a451a4fe5e2e,Careem,Transport Services,4,2026-06-27,تحديث خدماتكم,Positive
e7fed994-9cd0-4a30-8dc8-4fef241e4f21,Careem,Transport Services,5,2026-06-26,من أفضل الططبيقات ونا فعلا بشكركم استمرو نحنا نفتخر فيكم 🌹🌹,Positive
d1a226c6-407d-4a5c-a493-82f408444ced,Careem,Transport Services,1,2026-06-26,ما هذه الأسعار المبالغ فيها!؟ حتي لاقصر المسافات؟! هل توفروا سيارات الطائرات؟! يا ريت ما حملت التطبيق خسارة الوقت و الرصيد,Negative
78d70961-0001-40d5-ac27-4bc1804421b7,Careem,Transport Services,1,2026-06-26,تطبيق زى الزفت وغالى ومافيهوش عربيات وكل حاجة فيه وحشة وهالغيه دلوقتى,Negative
cbf0123c-cf8f-4ec7-9992-46bbabfc0a5e,Careem,Transport Services,1,2026-06-26,لم اجد خيار الدفع من خلال samsung pay,Negative
54d6cbb9-27d7-4304-a7a8-d425d8260a51,Careem,Transport Services,5,2026-06-25,المفضل لدي,Positive
858244a1-80a2-4cbf-a316-247c35e3b369,Careem,Transport Services,1,2026-06-25,التطبيق جيد في السابق ولاكن حاليا لايدعم البطاقه مسبقه الدفع لذلك تم الغاء الاشتراك,Negative
7d567a3b-86fc-45b0-aeb8-235c83827f86,Careem,Transport Services,1,2026-06-25,اسوء التجارب واكيد مستحيل انصح اي شخص بلتطبيق اسوء تطبيق استخدمتو,Negative
8f91ca3b-104d-452e-a58c-c3dc09508739,Careem,Transport Services,5,2026-06-25,ممتاز,Positive
c6549480-3f65-41c1-b12a-603b67a657b1,Careem,Transport Services,5,2026-06-25,تطبيق رائع واسعارهم معقوله,Positive
db0da99d-dc6f-411f-abcb-99a0a2715c69,Careem,Transport Services,5,2026-06-25,جديده,Positive
6bd2fbb5-3275-4a7a-b6c9-fa78a858e0cb,Careem,Transport Services,5,2026-06-25,شركة ممتازة و سياراتها حديثة و مريحة و عروضها جيدة انصح الجميع التعامل معها خصوم 50% مستمرة,Positive
4520231f-3d00-4a56-b996-a27ee5dae343,Careem,Transport Services,1,2026-06-24,هل التطبيق يعمل في الانبار,Negative
7656dbca-a7aa-4277-bcd5-d678912bdb23,Careem,Transport Services,1,2026-06-24,جيد,Negative
9927b7ed-7209-49d3-abcb-600294332a41,Careem,Transport Services,2,2026-06-24,the map was not clear the rider can not reach my home,Negative
18513606-e1b8-4db5-9f59-0b0616c42697,Careem,Transport Services,1,2026-06-24,صعوبت الاستخدام,Negative
e89bc920-36b9-4cd5-8f48-c29c44a9efcb,Careem,Transport Services,2,2026-06-23,تطبيق جيد، لكنني لم أستخدمه منذ عامين لأنه لا يسمح لي بحجز رحلة. السباب انى ألغيت رحلة، ومع ذلك لا يزال هناك مبلغ مستحق عليّ و التطبيق لا يقبل الدفع النقدي للرحلة الثانية. أرجو حل هذه المشكلة لأني أفضل الدفع نقدًا أو عبر خدمة InstaPay فقط.,Negative
fab666a5-e0a4-47c0-9e4d-05142ee3ac5b,Careem,Transport Services,2,2026-06-23,السواق أغلبهم يجون ما عدهم خردة و ميعرفون يضيفون للمحفظة و بالتالي كثيراً ما ندفع أجرة أكبر من المحددة,Negative
7b0672bf-7ea8-45fa-9a21-2004e7f25890,Careem,Transport Services,5,2026-06-23,تطبيق محترم,Positive
9cc94155-0b55-4dd9-b824-0d17e8f32df1,Careem,Transport Services,5,2026-06-23,ممتاز و يحترم عملاءه و بيحل أي مشكلة. بيضايقني بس السواق اللي يتصل و يقول انت فين و اللوكيشن أمامه واضح و مظبوط متمشي عليه,Positive
6628b157-c723-4e18-8712-cf4ec279c511,Careem,Transport Services,1,2026-06-23,اسواء تجربة على الاطلاق كل شوية خصم من البطاقة مرة 29درهم والمرة الثانة 39.81 بدون ما اقوم بشراء اى شيئ حسبى الله ونعم الوكل,Negative
b1ab7898-99e4-4dfa-9e91-8fbd0da7d364,Careem,Transport Services,2,2026-06-23,مايطلع كود خصم,Negative
6aaad3de-04c6-4fb3-9f23-ad414846703b,Careem,Transport Services,5,2026-06-23,حلو وسريع وتعامل السائقين كويس,Positive
8769100a-e138-481a-8634-b5f7988cec90,Careem,Transport Services,1,2026-06-23,افشل برنامج وانوب كلساع طالع اعلان مالته,Negative
dc1298b6-b6ad-4a1b-b2d7-5e2f2cc43ec7,Careem,Transport Services,1,2026-06-23,وكثير عليكم,Negative
dd659a35-5165-4fd2-bf87-00cc72630ff7,Careem,Transport Services,1,2026-06-22,تطبيق فاشل يحط الموقع غلط دايم غير دقيق,Negative
b87574be-73ca-47d9-8fe2-ef3ab927e09e,Careem,Transport Services,1,2026-06-22,مدا يوصلي رقم التحقق ليش ؟ حاولت اكثر من 100مره وماكو,Negative
d516e0c6-948c-4f6e-b3a5-8746b76b4c79,Careem,Transport Services,5,2026-06-22,ممتاز بس كود خصم يضل موجود,Positive
f09e3850-de3a-4def-acc0-8461f459b4ef,Careem,Transport Services,5,2026-06-22,ممتاز,Positive
cb297ab5-3672-482e-bbc0-12d4d1a58f4e,Careem,Transport Services,2,2026-06-22,رائع,Negative
33ab1e6e-acab-48fd-a5ec-7612228d7556,Careem,Transport Services,5,2026-06-22,ممتاز جيد,Positive
a28d84fe-e109-4914-baf8-8e9776e2dda4,Careem,Transport Services,5,2026-06-21,ممتاز جدا,Positive
450be75b-4d8c-4d88-8e10-ec107d442383,Careem,Transport Services,5,2026-06-21,ممتاز,Positive
24afd817-a00a-4c6f-b9f1-c2346114a966,Careem,Transport Services,5,2026-06-21,شركة محترمة جدا اخطأوا في تسجيل طلب وعادوا لي ما خصموه مني .... بارك الله فيهم,Positive
261ec1e5-80ad-402f-ac00-c6fe8b359e18,Careem,Transport Services,1,2026-06-21,حراميه وكباتن حراميه وبرنامج زفت ولما انسي حاجه في العربيه مترجعش وميرضوش يرجعوها,Negative
7999acda-2e23-48fe-887e-bf27fa753607,Careem,Transport Services,1,2026-06-21,خدمه جداً سيئه خاص كريم فود وخدمة العملاء في كريم فود 0/10 👎👎👎👎,Negative
a0fc34e2-ad27-4fe4-a042-263d9959a0b5,Careem,Transport Services,5,2026-06-21,جميل جداً ذوق راقي وجيد,Positive
53f923e4-a92c-4d7a-bcab-6fc94d931d87,Careem,Transport Services,1,2026-06-21,المندوبين مايرجعون الباقي لازم تشوفون حل,Negative
1180cfad-6db5-4db8-8b82-18ea9e0cd7fe,Careem,Transport Services,5,2026-06-21,ممتاز,Positive
f33b0fe8-af0c-41a6-849c-2604d2cac968,Careem,Transport Services,5,2026-06-20,حلو عندي مشكلة مش عارف اطلب بيقولي عندك دفعه مستحقة مش عارف اطلب ارجو الحل,Positive
cac133cc-2bbd-40d9-961b-e48f3f9e9b1a,Careem,Transport Services,5,2026-06-20,مريح وسريع انضباط,Positive
abf70012-3269-4778-91a3-29e0a27c608f,Careem,Transport Services,5,2026-06-20,ممتاز جدا,Positive
dafefd2d-7a95-405a-a381-62e4b42876dd,Careem,Transport Services,5,2026-06-20,انا كنت اعمل ساءق بعربيتي كبتن واقؤل أنها من اجمل الشريكان التي عملة بها ولما ضمت الاولى ضموني ولغة كريم فهل ممكن انضم كبتن مره آخره ازي اعمل تانى شكرن,Positive
ae2a2721-0550-4eb9-a9d4-b7fd24566a48,Careem,Transport Services,5,2026-06-20,I love the discounts and thier safety,Positive
ecf174b8-a308-4933-868c-dfe5710fe251,Careem,Transport Services,1,2026-06-19,تجربة سيئه جدا أقل ما يمكن وصفها بالنصب و الإحتيال طلبت رحلة طلع المبلغ دينار و ٦ قروش وعند الوصول كان المبلغ ٦دنانير و ٣٠قرش و حاولت أتواصل مع الشركة لكن دون جدوى تاكسي إف تعاملهم أفض,Negative
532f8174-b960-45bc-b924-934222fb877e,Careem,Transport Services,5,2026-06-19,رائع جدآ للكابتن وللزبون,Positive
09557c6c-3ddc-409b-9351-a3af0fc5aa55,Careem,Transport Services,5,2026-06-19,حلو,Positive
57365ea4-9541-43af-bcb9-36e1d7597537,Careem,Transport Services,1,2026-06-19,صار معي اكتر من مشكلة في البرنامج وخصوصا طلب الاكل,Negative
9c482360-ffd8-412d-8f7d-2f71999cc3e8,Careem,Transport Services,5,2026-06-19,رائع جدا يعطيكم العافيه,Positive
bb460a18-7fb9-46cb-baf7-57153662df72,Careem,Transport Services,1,2026-06-19,تجربة سيئة جدا عند التواصل مع الدعم بقلك تم حل المشكلة كلام فارغ وتجربة سيئة جدا,Negative
a708d55f-1247-4cab-9049-e9b6bfa2dda6,Careem,Transport Services,5,2026-06-19,اه,Positive
f757da8f-8dbc-46c2-9477-d5fa013d6d73,Careem,Transport Services,1,2026-06-19,بعض السائقين يقوم بإلغاء الرحله وينتج عن ذلك ندفع غرامه فلابد من مراقبة وعقوبات صارمه لمن يرتكب تلك المخالفات وانا مقاطع لأن فرضت عليه غرامه ولم اقوم بإلغاء الرحله,Negative
9ddc847a-8944-4566-91d9-ca538cb7c7e9,Careem,Transport Services,1,2026-06-19,التطبيق صاير جدا سيء مش زي قبل بتواصل مع الدعم ما برد علي و كريم بلس صاير سيء,Negative
990dac4f-0a73-4ad9-981d-4d5113c38774,Careem,Transport Services,5,2026-06-18,خدمه ممتازه,Positive
a1719c2f-8b4e-40ce-b4c8-6f4beec7dce0,Careem,Transport Services,1,2026-06-18,قام التطبيق بابعادى عن موقعى الحالى وعندما وصلت إلى السائق اراد ارجاعى إلى موقعى الذى اتيت منه وقام بتحصيل اكثر من الاجرة ب ٥٠ % بسبب ان اللوكشين جعلنى اسير لاكثر من ٢٠ دقيقة وعندما حاولت التواصل مع خدمة العملاء وضعونى على الانتظار لاكثر من يومين وإلى الان لم يجيبوا فقمت بحذف حسابى وسوف اقوم بحذف التطبيق فهناك الكثير من التطبيقات الاخرى التى تقدم خدمة افضل واحترام للعملاء وعدم تحصيل مبالغ بدون وجه حق,Negative
b5ffb98d-3a6c-430c-a0cf-ef3b028ff5f7,Careem,Transport Services,1,2026-06-18,افشل تطبيق العملاء غير محترمين و التطبيق فاشل,Negative
27e8499b-0c4a-4ad8-bdc8-1834d73f5fb0,Careem,Transport Services,5,2026-06-18,أحسن تطبيق لا كل شيء,Positive
c93a5bec-4cc9-461f-b569-74039c85c6a3,Careem,Transport Services,5,2026-06-18,جميل,Positive
dc639add-8bdd-4b91-9f1d-7e2a77b8babe,Careem,Transport Services,1,2026-06-18,لا أنصح فيه وعن تجربه لا يهتمو للعميل امس نسرق تلفوني وبتكلم معاهم من امس ولا حد بيكلمني بس مره وحده ومعمليش حاجه وعطيتهم صورة السائق ونمرة تلفونو ونمرة عربيتو ولا حد عبرني. حتى نجمه كتير عليهم,Negative
12958a17-d800-424d-a9e0-6b6c33db8dae,Careem,Transport Services,1,2026-06-18,خصم مني مبلغ 40 درهم دون أن اطلب شي لماذا,Negative
ca36fb13-38a6-4294-a0a5-af0ab411b20e,Careem,Transport Services,5,2026-06-17,ممتاز,Positive
5df3217f-8684-4bd7-9e14-6d41f1924eda,Careem,Transport Services,1,2026-06-17,"لقد خرجت في رحلة ولم يكن مع الكابتن باقي المبلغ وهو 5 دنانير و 70 قرش فقلت له ضعهم في محفظتي ووضعهم ولكن تم تجميد الرصيد بالرغم انني خرجت في رحلتين بعدها ولم يقتطعوها وقد حاولت التواصل معهم وارسلت تقرير الى الشركة والاتصال عليهم ولا يوجد رد I went on a trip and the captain didn't have the change, which was 5 dinars and 70 piasters. I told him to put it in my wallet, and he did, but the balance was frozen even though I went on two more trips afterward and they didn't deduct the money. I tried",Negative
effb920e-e93d-437e-8140-7f48592bf315,Careem,Transport Services,1,2026-06-17,عندهم مشكلة واحدة ولا ادري كيف احلها الا وهي يعملون خصومات وعروض للتوصيل لكن بالمقابل عندما يتأخرون عنك في التوصيل يقولون لك عليك دفع الضريبة الا وهي ١.٥٠ وشكرا لكم,Negative
820e75d9-973c-4621-84a1-399611887dc6,Careem,Transport Services,1,2026-06-17,السواقين اللي فيه مايحطون الباقي بالمحفظه ويسوون نفسهم نسوا الا لمن تتأكد ماتنزل من السياره الا لمن تتأكد والمشكله البرنامج يأيدهم عالسرقه السواق الخرا يقولك ماعندي باقي بس مايستحي يطلب الفكه ولايتحرشون بالبنات اللي يركبون معاهم,Negative
d5a70169-c5ca-4cf4-896b-ed7d57049182,Careem,Transport Services,5,2026-06-17,تفضل رب العالمين,Positive
32a1f55f-0847-4d57-9836-144e5e1c2705,Careem,Transport Services,4,2026-06-17,رائع جدااا الصراحه,Positive
213280e4-7243-4191-a81f-9a0410465895,Careem,Transport Services,5,2026-06-17,نظام وتطبيق رائع,Positive
f1c12921-71ba-4101-8e27-812567bea4a8,Careem,Transport Services,3,2026-06-17,جيد جدا,Neutral
40b45592-bdd1-4da4-9c42-89078a9f5ec7,Careem,Transport Services,1,2026-06-16,سيئ جدا جدا جدا,Negative
f468ebda-195f-40de-8d60-6110d03dff86,Careem,Transport Services,1,2026-06-16,حدثته مو راضي يفتح يقول لي يحتاج تحديث,Negative
043d696d-2c46-47d3-a975-7369faef1965,Careem,Transport Services,1,2026-06-16,سيء جداً والمساعدين ما بردوا والكباتن بقبلوا الطلب بس ما بيجوا عندك سيء لأبعد الحدود حاط ع محفظتهم فلوس سحبوا من فيزتي بدل ما يوخذوهم من التطبيق وما بدهم يرجعوا الفلوس ما بنصح حد يجربه نصيحة مني انا اول نرة بجربه وياريتني ما جربته,Negative
2b3ea3fd-1180-4aae-9067-6caa66fdba89,Careem,Transport Services,5,2026-06-16,ممتاز,Positive
969b7592-e6c6-45e8-9542-6dd08ac6f931,Careem,Transport Services,5,2026-06-16,خدمه جيده وأسلوب مؤدب وسيارات نظيفه مرتبه,Positive
e32aba1f-630e-429b-960a-b2af2e769d22,Careem,Transport Services,5,2026-06-15,تطبيق جيد جدا,Positive
84473a45-6abf-4c5f-848f-4d33c0b5a47c,Careem,Transport Services,1,2026-06-15,سئ السائق يقف بعيد من المكان وانا انتظره وهذا الوقت حسب لي في الدفع لن استخدم كريم ثانيه هذا غش,Negative
fe7e3ce5-22a4-4041-8487-9f87f5d1a8d5,Careem,Transport Services,5,2026-06-15,رائع,Positive
e8c8142d-e72e-47c4-8e1e-2acac9c18dfd,Careem,Transport Services,1,2026-06-15,فاشل,Negative
158fca14-da56-4d61-83de-5314dd7219d3,Careem,Transport Services,5,2026-06-14,جميل,Positive
3bc8e68e-2138-4d74-b28f-20bb3d7d18be,Careem,Transport Services,1,2026-06-14,بطيئ جدا فى حل المشاكل وصعب فى التعامل والوصول لخدمه العملاء المهم عندهم مصلحتهم مش مصلحه العميل,Negative
53dcebfb-d35c-48ed-82bc-4e0bf1fd8ed5,Careem,Transport Services,2,2026-06-14,صعب,Negative
35082e7b-a9bb-4166-a9d8-17d34d7622eb,Careem,Transport Services,5,2026-06-14,جيد,Positive
04337dee-e713-425e-97f5-91721d9d8081,Careem,Transport Services,5,2026-06-14,ممتاز هذا,Positive
71b5efba-0c59-47df-b4da-d894abd3f626,Careem,Transport Services,1,2026-06-14,كريم بلس فاشل بمعنى الكلمه لا استطيع حجز رحلة,Negative
3c2451c6-072c-40ce-8345-b2d3ebedcc0d,Careem,Transport Services,1,2026-06-14,كلة انكليزي بلي احسن منه,Negative
762f91a0-3de5-451f-808a-33df5928bc23,Careem,Transport Services,1,2026-06-13,سيء جدا ، كنت أحاول طلب الطعام و فجأة تم الطلب مع اني ما زلت أحاول تحديد طريقة الدفع، و عندما اتصلت على خدمة العملاء وعدني الموظف بإيقاف الطلب و لكنه ماطل بالكلام و ثم قال لي الطلب بدأ بالتجهيز و لا يمكن إيقافه الآن و عليك الدفع ، الآن أكتشف أن الدفع مازال موجود في التطبيق و إلا سيلغون اشتراكي، يا أخي ألغوا الاشتراك 🙂,Negative
3974a861-690f-4b5f-9789-fdadd4863c12,Careem,Transport Services,1,2026-06-13,"Careem app is thieve and swindler. They use a nasty trick to lure people. They say: 'Because this is your first time registering on the Careem app, we’ll give you an offer: you can use the bike or scooter for only 2 riyals.' Then they say: 'We will take a security deposit of only 40 riyals.' Then, after you finish using the bike or scooter, you are shocked to find that they deduct a huge amount of money. Then, when you object, they say to you: 'Prove to us that we gave you an offer!'",Negative
eacbc08a-7de3-4f76-9abb-3325ec31315c,Careem,Transport Services,5,2026-06-13,تطبيق كويس واي مشكلة بتتحل بسرعة جدا,Positive
91d46ee0-4750-432f-90d2-66225913603e,Careem,Transport Services,1,2026-06-12,ماااشااءء ااالله تبااارك الله مااايسسحق وللاااا وللاااا اعطيتة علشان التعليقات وجاااتاأأاااري ااااااااااألحذف,Negative
638f60bd-4cd6-4394-8003-0060ab85c413,Careem,Transport Services,5,2026-06-12,تطبيق جميل,Positive
c3fef5ac-6833-4849-b0fc-e3aaaee2c0e2,Careem,Transport Services,1,2026-06-12,سيء جدا لا أستطيع إدخال كود خصم ماستر كارد ولا أستطيع معرفة نوع السيارة التي ستقلني للمطار,Negative
30bf1bc1-9f98-4c89-84a4-775c3f4aa499,Careem,Transport Services,5,2026-06-12,مرة ممتاز,Positive
758c62a3-05ae-4f3f-ba3c-37ee2184843b,Careem,Transport Services,5,2026-06-12,جميل وسهل في التعامل,Positive
d9cf0481-c6ff-46c1-9498-5fbe70739a3d,Careem,Transport Services,5,2026-06-12,افضل برنامج,Positive
a33a6a73-4533-48d7-aea2-ffac4afb0634,Careem,Transport Services,1,2026-06-12,هيوادارم هەموو ڕێنمای و نوسینەکانی بەزمانی کوردی بێ هەندی شت بەئینگلیزیە لێی حاڵی نابین,Negative
7fa5a522-6218-453f-aeaf-4f1d4a1ba172,Careem,Transport Services,1,2026-06-12,بالنسبة للدراجات الهوائية. تم تغيير السياسة. تدفع 29 ليوم كامل لاكن يجبك بمدة رحلة اقل عن 20 دقيقة. وبعدها يجرج عليك 20 درهم كل 20 دقيقة. واذا رحت محطة ومافيها مكان ترجع الدراجة ستطر للبحث عن محطة اخرى وتدفع 20 درهم اذا تخطيت ال 20 دقيقة.,Negative
5c54e8e5-191f-4f5f-a399-cd2a933d4e54,Careem,Transport Services,5,2026-06-11,خدمات كريم جدا رائعة ، وتحصل تكسي بكل وقت,Positive
a8618be8-81de-4f9f-adb8-4cd25b68bb12,Careem,Transport Services,1,2026-06-11,ماكدر اسوي حساب بي والرمز مايوصل صار شهر احاول ماكو شنو السالفه؟,Negative
d1d5204f-b02a-4a08-999c-901a8c167376,Careem,Transport Services,1,2026-06-11,لا انصح اي احد يتعامل مع تطبيق كريم مايقدرون يحلون اي مشكلة اقسم بالله انسرقنا من سواق معاهم ولا سووو اي شي نصيحه ابتعدو وخلكم مع جيني واوبر ولو في أقل من نجمه بحطها لكم وزيادة عليكم,Negative
b44ddbe4-51bd-4986-a6c2-2a0ea23abdf9,Careem,Transport Services,5,2026-06-11,جيد جدا,Positive
e5a6a18e-c3c5-4d8e-86eb-b284a4acb853,Careem,Transport Services,5,2026-06-11,كله على الموعد,Positive
b41bdcfc-9351-4437-99fb-4850a11f15cf,Careem,Transport Services,5,2026-06-11,جيد جدا,Positive
d7b166f6-05d8-457b-8c0c-a1b0d2fc132d,Careem,Transport Services,5,2026-06-10,والله سواق بقمت الاخلاق,Positive
0b2d38c5-ac16-44d0-b328-03512f355966,Careem,Transport Services,1,2026-06-10,تجربة سيئة جدا جدا جدا يتم سرقتك علني,Negative
e5ade536-5921-466e-ba0b-f555c937d132,Careem,Transport Services,5,2026-06-10,Good,Positive
03432682-6688-4b60-b0c9-20373e30a8d3,Careem,Transport Services,1,2026-06-10,افشل تطبيق 👎,Negative
6c648cfa-1374-47b4-bd20-3c644ba23304,Careem,Transport Services,5,2026-06-10,شكرن للتحذير اتمنى لك التوفيق,Positive
272833f5-87b7-4ada-ac0b-ade81a56b819,Careem,Transport Services,1,2026-06-10,يرجى وضع خصم في برنامج. سابقا,Negative
bd2584c1-9c9a-4346-8833-7d7d150d8a77,Careem,Transport Services,1,2026-06-10,لا يتيح الغاء الاشتراكات,Negative
42612436-16a7-48d8-9483-57f9de142d7b,Careem,Transport Services,1,2026-06-10,تعاملت مع سائق وانتظرته مده 15 ساعة زياده عن الوقت المحدد وبالاخير تركني ولم يوصلني ويطالبني ب مبلغ التوصيل حسبي الله ونعم الوكيل,Negative
ebd4b504-320c-4165-ad1b-62c39252505b,Careem,Transport Services,1,2026-06-10,ما يعلمك السعر الا بعد ما تنتهي الرحلة و يجيك المبلغ غالي ومافيه الا كاش سلامات وكثير من موظفينه يمشي بسرعة خفيفة عشان يزيد المبلغ مع الوقت يازين اوبر يعطي اتفاق ويعلمك المبلغ من قبل ما تبدا الرحلة و تدفع شبكة او اي طريقة متوفرة,Negative
27329690-597e-4357-8490-c4cd38ed791b,Careem,Transport Services,1,2026-06-09,فاشل فاشل وخصوصا الكابتن مبخوس حقه والاجره قليله لا يستحق الا نصف نجمه,Negative
727b7a16-940c-4e7c-b17e-185e1367fb18,Careem,Transport Services,5,2026-06-09,بالتوفيق والنجاح الدائم ان شاء الله,Positive
c69f3c78-4bec-4d51-8b42-de3151114d76,Careem,Transport Services,1,2026-06-09,عدم التزام الكابتن بالمبلغ الاجرة الظاهر عند حجز الرحلة,Negative
f53853bd-84dd-4148-8b0d-35e4c31890d5,Careem,Transport Services,5,2026-06-08,متميز,Positive
5b552d22-02b9-46de-9c16-0f09c13f97cb,Careem,Transport Services,1,2026-06-08,كثير يعلق حتى لما يتحدث لايعتمد عليه,Negative
f32cf200-60d0-4dfa-bf3c-6c362dca0163,Careem,Transport Services,5,2026-06-08,متع ٠٠,Positive
fbf292bb-977f-4b7b-9837-a2649642c9e8,Careem,Transport Services,1,2026-06-08,واغلى تكسي بالعراق لا انصح به.......................,Negative
07e3cc1e-e34b-4b27-b85b-78b88a844b90,Careem,Transport Services,5,2026-06-08,ممتازه,Positive
b20a24c8-9576-4dab-96b0-b1aa4e14a809,Careem,Transport Services,1,2026-06-08,الكابتنية غير منضبطين وخدمة العملاء غير كفوئين واي حل للمشاكل ماكو وعدم السيطرة من الشركة عالكابتنية,Negative
105654a9-0cf8-4827-9e7e-0249fd06cf5c,Careem,Transport Services,1,2026-06-08,مش راضي افتح الحساب,Negative
36e3d2e0-a56c-4173-b6d8-81c0550443d9,Careem,Transport Services,1,2026-06-07,اسوء تجربة حصلت اليوم بعد اكمال الطلب والركوب كان المبلغ بعد اضافة كود الخصم ١.٥٥ بعد الوصول ادفع ٥ دنانير بحجة الغرامة المالية ؟؟؟؟ افشل تطبيق واسلوب مر علي,Negative
614f02c9-0697-4d79-8cab-73f59057025a,Careem,Transport Services,1,2026-06-07,تجربة سيئة جدا وما في احترام للعميل ابدا,Negative
2aad4f0c-4f86-4f73-a2bc-15f6c45c6690,Careem,Transport Services,1,2026-06-07,فاشل,Negative
79e1c9a9-9c34-4110-b086-e248d97963c8,Careem,Transport Services,1,2026-06-07,صار التطبيق يأخذ رسوم الإلغاء وهو أصلا ولا كابتن قبل الرحلة,Negative
cd42fa9d-f173-45c8-85dc-1324482bf621,Careem,Transport Services,1,2026-06-07,اريد تسجيل الدخول لكن لا استطيع,Negative
16d12d68-aac1-4a49-a841-33b2993784cf,Careem,Transport Services,1,2026-06-06,للاسف في الاونة الاخيرة ممرت بتجربة جدا سيئة مع كريم كان سببها الكابتن المشكلة لها اسبوع و لم تحل للان، الكابتن كان سئ الخلق جدا و لا يرضى بالحلول و الاقتراحات التي عرضتها عليه و لم يريد المساعدة و حساب التوصيل كان ١٥ و اخذ مني ٤٣ ريال و لا يريد ايصالي الي وجهتي التي اريد الا بالغصب و منذ ذلك اليوم الى هذا اليوم انا لا استطيع ان استخدم التطبيق في مشاويري المهمة و لم اجد تجاوب جاد من قبل خدمة عملاء كريم.,Negative
ed840806-db4b-47e5-8ca5-8fbeea3627c6,Careem,Transport Services,5,2026-06-06,تطبيق جميل,Positive
88fd060b-5126-45fe-833b-122962da98af,Careem,Transport Services,5,2026-06-06,ممتاذ اوبر,Positive
732cb97e-a23a-417b-a187-db46216559d3,Careem,Transport Services,5,2026-06-06,ممتاز,Positive
b9c24a15-f28d-4ccf-954e-1140df673bcf,Careem,Transport Services,5,2026-06-06,جميل جدا,Positive
e3bf6775-5817-4b49-a754-f823d2122312,Careem,Transport Services,1,2026-06-06,اصبح تطبيق كريم فاشل مع الاسف كل ما اطلب تكسي يتم الغائها من قبل الكابتن وتتعطل رحلتي لاكثر من مرة,Negative
85fe44c2-0c31-4b99-9186-2a8303d1ba0b,Careem,Transport Services,5,2026-06-05,جيد,Positive
966c5b11-b276-4077-ae57-73f7c8ba9bb7,Careem,Transport Services,1,2026-06-05,تطبيق سيئ وكباتن اسؤ هاي ثالث مرة يكلي كابتن احولك على الحافظة ما عندي باقي وانجبر واستعجل واكول يله عادي ما معقولة ماكو ناس خيرة وهم انقط وتروح فلوسي هيه مو بكثرها بكد ما احقيتي بيها حقي واريده والله شاهد على كلامي وهوه بيني وبينكم,Negative
d5843d01-8cde-417f-9f9f-576f1a70e22b,Careem,Transport Services,5,2026-06-05,تطبيق جيد,Positive
d69140e6-51b3-4659-b036-b3dd61c90e5d,Careem,Transport Services,1,2026-06-05,سئ جدا بخصم عليك مبالغ بغير وجه حق واستغلالي لا يرتقي الى مستوا الخدمة,Negative
963b2d47-a14b-4041-9e38-4b5b77facf68,Careem,Transport Services,5,2026-06-05,زين,Positive
68de9280-73d9-479c-92d6-e46e6ac27503,Careem,Transport Services,5,2026-06-05,يستاهل اتجربه,Positive
8f001cc8-1d24-4eac-9233-98e97086a611,Careem,Transport Services,5,2026-06-04,ممتاز وسريع ومعقول,Positive
462b1903-9376-490c-b28a-b1560f747054,Careem,Transport Services,5,2026-06-04,يجننننن الله يبارك بيكم تطبيق محترم وكباتين محترمين,Positive
12736eec-ebdc-4837-b5bc-a15c9a954f58,Careem,Transport Services,1,2026-06-04,سيئة جدا و اكثر من مره,Negative
1ce6ab21-68e8-4e61-96cd-010b03c9faa2,Careem,Transport Services,1,2026-06-04,الكابتن مو خوش ادمي وسرق فلوسي بدون تفاهم والشركه معوضتني,Negative
28e793f9-cf7d-4684-a8df-9b77cc5470f3,Careem,Transport Services,5,2026-06-04,كويس,Positive
2f64df7d-0cc6-4130-bfa4-463e9ec013da,Careem,Transport Services,1,2026-06-04,سيئ جدا جدا,Negative
b175f81a-58be-42c8-b480-d9d335c0d80c,Careem,Transport Services,1,2026-06-04,خدمة عملاء زفت، لا يردون على الرسائل,Negative
dbb02689-0663-457e-8cdb-ec4e8f783590,Careem,Transport Services,5,2026-06-03,ممتازة,Positive
6aeef17c-7752-439f-861f-21bd0afe1808,Careem,Transport Services,1,2026-06-03,اسوء تطبيق، يراويك اجرة الرحلة يمك شكل ويم السايق شكل ومن تحجي انو يابه الاجرة هلگد يكول يمي هلكد ودائما السواق ياخذون اكثر من حقهم، عليمن منزلي ودنستعمله غير علمود الاجرة قليلة,Negative
d951f8a7-30f9-4911-abbc-0c56d70a23b6,Careem,Transport Services,5,2026-06-03,الافضل مميز ابقا للعمل,Positive
c1b57f34-45da-4014-a43a-cfca25515fbc,Careem,Transport Services,5,2026-06-02,ممتاز,Positive
24105e6f-2e99-44f5-afb7-11e8ec019a2f,Careem,Transport Services,1,2026-06-02,تطبيق سيء طلبت اعادة الغراض التي نسيتها في التكسي ورد علي انه راسل الكابت ولم يجد الغراض الضاعة مني,Negative
a1b2e47a-3520-4a78-8665-d373fc749483,Careem,Transport Services,5,2026-06-02,كانت تجربتي جيدة جدا لكن التثبيت معكم صعب عندي سهلورالاتصال بكم,Positive
006de5c8-4cd1-4600-9826-79a1cd518e16,Careem,Transport Services,5,2026-06-02,راحتك ويه كريم /اطلب تكسي كريم واخذ راحتك,Positive
e1e54c60-129f-4b97-888d-655183fa1420,Careem,Transport Services,5,2026-06-02,جيد جدا ممتاز وتعامل معاي عالي العال موفقين أن شاء الله,Positive
0d6e88b6-4d98-4fb3-8431-fe09a84d7a13,Careem,Transport Services,1,2026-06-02,اسوء شركة .اسوء كباتن .. كذابين ..لعبيين..محتالين غير منضبطين يعطيك قبول و بعدين يكنسل وانا انتظر ساعه ف الشارع كل يوم نكتب تعليقات سيئة عنكم بجد هعمل فيكم شكوى كبيرة و هشتكيكم لربنا حسبي الله ونعم الوكيل اتخصم اليوم من شغلي و المصالح الحكومية قفلت وانا لسه منتظرة الكابتن,Negative
9b5a8a8b-9d5a-4785-b67a-46b2fb9eb5d4,Careem,Transport Services,1,2026-06-02,دفعت للكابتن وطلبت استرداد الباقي على المحفظة لكن لم يضاف شيء تواصلت مع خدمة العملاء كان هذا الرد العجيب المضحك !! آسف جداً للسماع عن تجربتك الأخيرة، ولكن للأسف لا يمكن رد المبلغ لهذه الرحلة. ننصحك في رحلاتك القادمة بالتأكد من حمل صرافة كافية أو استخدام أي من وسائل الدفع غير النقدية المتوفرة لدينا لتفادي أي إزعاج.,Negative
6628d0ee-cd51-48cf-a0c4-ce3b4c03cbce,Careem,Transport Services,1,2026-06-02,سئ,Negative
6b1f575e-1324-4244-91f4-51bb7bb54bfb,Careem,Transport Services,1,2026-06-02,فشار علي وغالي,Negative
be0e8d75-4532-443d-b345-ba279d1f3e6a,Careem,Transport Services,1,2026-06-02,تجربه سي جدا اسوء تطبيق توصيل في السعوديه👎👊,Negative
fe28bc38-de25-4f27-8a66-10efc45212be,Careem,Transport Services,5,2026-06-01,الاول عالميآ,Positive
3687dac1-9a3a-4352-bad4-fe5deac51814,Careem,Transport Services,5,2026-06-01,اريد خصم,Positive
1317c8dc-285b-4da8-bd78-f412ccc8c22c,Careem,Transport Services,1,2026-06-01,خدمة العملاء سيئة جدا,Negative
80782fe2-12fd-4500-b57b-d5445e8cd0a0,Careem,Transport Services,5,2026-06-01,NICE NICE NICE,Positive
4e16df9a-8e76-4355-9c72-2529c689a675,Careem,Transport Services,1,2026-06-01,ألسلام عليكم استاجرت دارجه لأبني من المدينه المنوره المركزيه وعلى اساس ان نصف ساعه ب 20. ريال ودفعت ايضا 2. ريالين و اعدت الدراجه الى مكانها و الغيت الرحله الان اتفاجأ ان تطبيق كريم يرسل لي رساله ان متبقي على مديوينه 90ريال نامل التوضيح قدمت رساله على نفس تطبيق كريم و ارفقت الصور و انتظر التوضيح و الغاء المبلغ كما اني لا اقبل اخذ شي بدون مقابل ايضا لا اقبل ان استغفل وتاخذة شي بدون وجه حق,Negative
be1c7d64-daf3-49b4-a4b8-841f96f7d07c,Careem,Transport Services,3,2026-06-01,السلام عليكم ورحمة الله وبركاتة. التطبيق جيد من حيث وغطية المناطق و لكن هناك طلب واحد لو يتم تفعيل عرض الذهاب و الاياب يكون افضل و انجح لان البعض يحتاج الى رحلة ذهابا و ايابا بدون انتظار طويل مثل جلب اوراق او عمل سريع. فياريت يتم اخذ ذلك بعين الاعتبار. مع فائق الشكر و التقدير.,Neutral
def71763-ab43-455d-b0d6-846971429775,Careem,Transport Services,1,2026-06-01,يكتبون عرض و ادخل الكود يكول غير صالح دمشو جذابين,Negative
3af48bbc-bc55-4c01-8b5f-22966d3fdf61,Careem,Transport Services,1,2026-06-01,تطبيق سئ جدا ويخضع الضوابط غبية,Negative
d4f64e27-3e16-4710-bde5-b1909a703f27,Careem,Transport Services,1,2026-05-31,سيئ جدا,Negative
668f78f5-4ba0-4429-9784-9fdcacc8bd42,Careem,Transport Services,5,2026-05-31,كريم من ارقى التطبيقات بلاردن,Positive
6ff2cb89-c422-4825-bdb6-4d509e9ffd22,Careem,Transport Services,1,2026-05-31,صايرين شركه احتيال ونصب نطلب تكسي نطلع يطفئ تطبيق يقولو لوكيشن غلط ويطلب مبلغ خيالي,Negative
b553d6f0-e269-4a3d-8208-767ef9796e8d,Careem,Transport Services,1,2026-05-31,لا انصح بتجربت هذا التطبيق تعامل زفة أول شي الكبتن يروح موقع آخر وجواله مغلق ثاني شي يلغي الرحله ويحسبون عليك فلوس وأنت ملك أي علاقة لا جاك سائق ولا شي لا انص باستخدام هذه أفضل تطبيق جيني,Negative
fe44ebdd-ece0-4558-9d22-f0f3ca7d8b2f,Careem,Transport Services,5,2026-05-30,شكرا,Positive
f46ccb8a-da32-44dc-9b80-983dfe132a55,Careem,Transport Services,4,2026-05-30,جميل وعملي,Positive
1ad1c293-4d01-42d9-a3a5-62d4f9b3ee8e,Careem,Transport Services,1,2026-05-30,سيا مره مايوصل السياره سريع,Negative
0bc05a1d-5f70-490d-976f-a9218e36203e,Careem,Transport Services,5,2026-05-30,ليه ياكريم تخلوا اوبر تستحوذ عليكم. ارجعوا,Positive
04cc9363-a7f6-4f25-9ea8-d526f9e2d8bd,Careem,Transport Services,1,2026-05-30,سي جدآ,Negative
00a12e72-f308-4aeb-ab25-021124c5b9e7,Careem,Transport Services,1,2026-05-30,التطبيق اصبح الى بيشتغل فيه بلطجيه وشمامين وصيع ومنصحش حد يستخدمه لانه هيتعرض لبلطجه من الى شغالين فيه ونصب وخلافه,Negative
f94bc71a-e9a5-40e0-8c98-5c203751f60a,Careem,Transport Services,1,2026-05-29,سيئ جدا جدا مجرد ماحملته وحطيت رقم الجوال كار الرصيد اتوقع برنامج نصب,Negative
430599aa-2998-498f-9b34-73f2bfc4b417,Careem,Transport Services,1,2026-05-29,اسعار السكوتر غالية جدا و مبالغ في تمنها خالص للأسف ركبت في المدينة المنورة لا انصح اي شخص باستعمالها,Negative
e50ef6c8-445e-4d1a-8901-1a2e974a5c41,Careem,Transport Services,5,2026-05-29,ممتاز,Positive
46eb80e5-b402-487a-941a-50623d7af9a1,Careem,Transport Services,5,2026-05-29,أسهل واسرع تطبيق وخدمة عملاء ممتازة بصراحة,Positive
38e3cad6-3214-401a-b1d2-37f9826eaf3e,Careem,Transport Services,1,2026-05-29,سي جدا لاانصح فيه,Negative
8f968048-cbfa-4e92-a678-2aff351f0f4b,Careem,Transport Services,5,2026-05-29,صلي على النبي,Positive
044f580e-ca02-4dda-aa3c-704a8ee83123,Careem,Transport Services,1,2026-05-29,حسبي الله ونعم الوكيل تطبيق جدا سيء نصب بنصب يغلطو ويحطو الحق ع العميل الفتره هاي اخذو مني تقريبا عشرين دينار وكلها نصب حسبي الله الواحد مش لاقي مصاريه بالشارع عشان ينرمن هيك الواحد يتعب قديش ليقدر يوصي وجبه وبالاخير تطلع غلط وتضحكو علينا تلبسو الواحد مدفوعات مستحقة تطبيق سيء َالمفروض يتوقف استعمالو بلاردن ع قد ما هو سيء ونصب,Negative
59c8c76b-3d19-46e2-8c7d-43a917c12f3c,Careem,Transport Services,5,2026-05-29,حلو كتير,Positive
ab39ec07-1298-4b8e-b12c-f507772a508d,Careem,Transport Services,1,2026-05-28,حراميههههه بواقين باقو ١١٨ لاحد يحمله,Negative
96fd922f-75f3-44d9-8812-7f6c6f5ae334,Careem,Transport Services,5,2026-05-28,كلش حلوو,Positive
0eb481c4-a17c-44ea-a6ab-4dde70b9ca75,Careem,Transport Services,1,2026-05-28,سيء جدا وما تطلع المطاعم عليه بعد تحديد موقعك,Negative
b1dc773c-70b3-4ad8-b216-bfc138ddcbaa,Careem,Transport Services,5,2026-05-28,برنامج جيد جدا وممتاز انصح الكل بتحميله والاجمل في ذلك خدمة الشكاوي موجودين معك 24 ساعة لحيل اي مشكلة يحصل معك,Positive
93cecc69-eef9-425e-92fc-d0d6b8f7c1da,Careem,Transport Services,5,2026-05-28,ممتاز ممتاز جدا,Positive
1720e252-c988-488a-8643-8c4946fc4d9b,Careem,Transport Services,5,2026-05-28,مع انهم لم يقومو بحل مشكلتي للاسف,Positive
9a956b05-92f0-4d63-a85b-a96bd358763e,Careem,Transport Services,5,2026-05-28,خدمه ممتازه,Positive
6bcbbd89-a1ac-43b8-a614-05f935fdb9a4,Careem,Transport Services,5,2026-05-28,🔥,Positive
8a4582ac-9886-4e95-9eb5-49b906e5f576,Careem,Transport Services,1,2026-05-28,عايز اقيمهم بسالب مليون نجمة بس للأسف مفيش,Negative
f52258a2-fb69-4268-9f2e-ae53420dddca,Careem,Transport Services,1,2026-05-27,اسوء تطبيق مر عليه تطبيق كريم ، ويلي احسن بالف مره,Negative
6a96a2e9-04b3-4182-943b-281e39a633d0,Careem,Transport Services,1,2026-05-27,سيء جدا,Negative
94398a2d-ae86-4671-a2f0-ad52bd4a7283,Careem,Transport Services,1,2026-05-27,حرامية سرقو مني ١٠٠ ريال والدراجة لا تعمل,Negative
df30ddba-6599-48b3-bb08-3fcd76d3e2f3,Careem,Transport Services,5,2026-05-27,👍🏻😊,Positive
cf71112a-e8aa-4bd9-97c0-4966d0f51027,Careem,Transport Services,1,2026-05-27,ميدزون الرقم السري بسرعه,Negative
5eff86d0-741b-4bef-b301-93631d0243ae,Careem,Transport Services,1,2026-05-27,برنامج سيء,Negative
251ad4b4-c106-4ce9-8982-453fbaca50dd,Careem,Transport Services,1,2026-05-27,صارو سيئين جدا وهذا آخر تعامل الي معاهم,Negative
98dafd87-e18d-4c36-9ca2-4faf2fcfa7f9,Careem,Transport Services,1,2026-05-26,فاااااااشل فااااااااشل,Negative
e37ac5cc-1622-40bd-9c09-225f4ea3f7b9,Careem,Transport Services,1,2026-05-26,اسوء شيء صايرين صار ٥ ايام مراسل الدعم على مشكلة انتوا سويتوها و اخذتوا فوق ضعف الكروة و متردون,Negative
1b9ad763-affa-465d-ab73-8c9dd740306a,Careem,Transport Services,5,2026-05-26,ممتاز,Positive
87179502-1d30-40b8-9f07-4767d02b9331,Careem,Transport Services,5,2026-05-25,انشالله كاش زين بالتوفيق,Positive
dc971214-30a9-49d1-b7a2-12394da52dc8,Careem,Transport Services,5,2026-05-25,رائع,Positive
d34b9a82-7594-4e0a-b39b-91060f9fb985,Careem,Transport Services,1,2026-05-25,للاسف السائقين غير مسؤلين يجعلك تنتظر لمدة طويل و في النهاية يلغي الرحلة او يتركها سارية و انت في الانتظار لا توجد محاسبة لا توجد جهة مسؤلة لكي تقدم شكواك هذه ليس المرة الاولى,Negative
7124b222-26bf-48aa-af8a-8e27c5714d0a,Careem,Transport Services,2,2026-05-25,المشكلة التطبيق مايسجل دخول,Negative
6511c547-4d67-4219-a69b-f1d6b6b4266c,Careem,Transport Services,5,2026-05-25,تطبيق ممتاز وسريع شكرا لكم,Positive
b1c66dbf-2cde-4e27-bbfb-8c252d5be637,Careem,Transport Services,1,2026-05-25,تطبيق لا يرد وما عندهم رقم تقدر تتصل عليهم وحسابي تسكر فجأة وهو فيه مبلغ خاص فيي وبنحاول نتواصل مع كريم ولكن مافي اي رقم بزبط ياريت يتم التواصل,Negative
989b0b99-d404-4f94-9bb8-3427eae045e6,Careem,Transport Services,5,2026-05-25,رائع جدا,Positive
0cbd591c-635a-41b8-b22b-45d76dac13a0,Careem,Transport Services,1,2026-05-25,غاااااااالي وسئ,Negative
d8724f72-149d-4d97-b96b-5b88471cfef2,Careem,Transport Services,5,2026-05-25,ممتاز,Positive
0b331532-be30-4099-9d8c-9fa46d7962af,Careem,Transport Services,5,2026-05-24,ناس محتومه وعندهم امانه ورحمه,Positive
c83b27fc-fff0-4ce9-ac31-519858367fb5,Careem,Transport Services,5,2026-05-24,جيدة,Positive
4ba2e1b3-8073-427c-bc3e-ff6ca6b73fdb,Careem,Transport Services,1,2026-05-24,زمانی کوردی تیا نیە سفرە,Negative
deb7bed3-c948-4037-91a9-ddcb58045a3c,Careem,Transport Services,1,2026-05-24,اسعار الدرجات جداً غاليه وش الي الدقيقه بريالين!,Negative
d3000c15-b539-4886-985c-406be5f402d0,Careem,Transport Services,2,2026-05-24,التطبيق كان ممتاز بس بعد إلغاء التواصل مع خدمة العملاء بقي الموضوع سيء جدا,Negative
f2450bcd-4e03-405e-8bbb-fef8416a309a,Careem,Transport Services,3,2026-05-24,كنت طالب مشوار وكنت هدفع محفظة السواق قال معلش ادفع كاش قولتله ماشي ولما دفعت كاش لقيت بعديها اتخصم تمن المشوار مرة تانية من المحفظة وبعت لخدمة العملة قالوا بعد ٢٤ ساعة والفلوس هترجعلك ولغاية دلوقتي ٥ ايام والفلوس لسه مرجعتش.,Neutral
b8bdf781-fe00-45b4-a4b4-e4fcd609c6a8,Careem,Transport Services,1,2026-05-24,تطبيق دون المستوى أكتر من ساعة وأنا أنتظر لا من مجيب,Negative
caf88dfb-6b61-4141-a727-741ade2b136b,Careem,Transport Services,5,2026-05-23,افضل شركه عندي تجاوب سريع حقك محفوض . يجاوبون معك بسرعه .شكرن اوبر /كريم,Positive
55660f96-1a3e-4e2e-b7b5-1001fe543fa4,Careem,Transport Services,1,2026-05-23,اقسم بالله من اسوء ان لم يكن اسوء تطبيق توصيل عندي فلوس في المحفظه وبعض الاحيان انسى ان طريقه الدفع كاش ولا اقدر اغيرها واذا كنسلت رحله ياخذ رسوم مبلغ الرحله كامل ب اي يحق ياخذوه والله لو ما كان عندي فايض في المحفظه ان ما اتعامل مع هذا التطبيق الفاشل والمنافسين كثير اي واحد منهم اكيد افضل,Negative
f3692b71-eb64-4658-9015-8971c3e3fced,Careem,Transport Services,1,2026-05-23,للاسف الشديد تم احتساب مبلغ المشوار مع ان السائق تاخر كثيرا والغيت المشوار وين المصداقيه !!؟؟؟,Negative
bb8da59a-4000-4dfa-96b8-a9920d79bea4,Careem,Transport Services,1,2026-05-23,زي زفت,Negative
9854879f-117f-489c-bd96-69818a90c39f,Careem,Transport Services,1,2026-05-23,اسوء تطبيق توصيل يزيد ٢ ونص ورة متوصل حتى لو ماكو ازدحام,Negative
dfb2a6d4-0285-4dba-99ed-ea5080e4954b,Careem,Transport Services,5,2026-05-23,صباح الخير كانت تجربة ممتعة وسهلة وكباتن محترمين كتير الله يعطيهم الصحة والعافية شكرا كريم,Positive
0b60cade-3a0c-472b-bb92-92da00d83ad6,Careem,Transport Services,5,2026-05-23,احسن برنامج,Positive
a2393800-2536-4583-a661-1e54bbbc666b,Careem,Transport Services,1,2026-05-22,سيئ,Negative
9be0da7f-ccd9-41fe-8144-6e28d4dee122,Careem,Transport Services,3,2026-05-22,ياريت تنتبهون لفقرة الغاء الرحلة ما يقترحلي نفس الكابتن لان اني الغيها بسبب الكابتن و يرجع يقترحه نفسه اكثر من مرة.,Neutral
dbb1b23b-8746-496a-ae3d-7425b7051b81,Careem,Transport Services,5,2026-05-22,اولا شكرا جزيلاً على الخصم ثانيا ياأخي رجاءا زيادة والاعلانات التخفيض لان معهد عنده علم اكو تخفيض رجاءا هذه الفترة اعلانات بشكل كبير بخصوص التخفيض,Positive
f8a638b1-aa11-4b54-a709-337d2e4cc82f,Careem,Transport Services,1,2026-05-22,مدا يوصل كود التحقق من اريد انزل التطبيق ادخل رقم الهاتف بس مدا يوصل اي رقم تحقق,Negative
2355f35e-f693-4411-a3f3-d2ad263dc3aa,Careem,Transport Services,1,2026-05-21,فاشلين جدا و خدمة العملاء ما بترد بطلب اتواصل مع الادارة يومين و بيتخوثو و فش حدا تواصل,Negative
85336b39-8f34-43d1-a0ac-c518c694f20e,Careem,Transport Services,1,2026-05-21,ممتاز,Negative
817584d2-de63-49fe-988b-87df6659e1b1,Careem,Transport Services,1,2026-05-21,😍😍,Negative
6fd86060-f970-40fd-b201-101443052d1e,Careem,Transport Services,5,2026-05-21,ممتاز أعطي أكثر من خمس نجوم,Positive
c01b4c22-2d4c-4a6b-8e16-e6c380f351d9,Careem,Transport Services,1,2026-05-21,سيئ جداً. لدي اشتراك كريم+ وعند طلب إلغائه موجود ولكن لا تستطيع ان تضغط عليه وعند مراسلتهم يقولون تم إلغاء الاشتراك بناء على طلبك واتفاجأ بانه لازال مفعل ويخصم وعند مراسلتهم عدة مرات لا احد يرد.,Negative
fd005f23-f843-40ba-a3e4-a1e14262b141,Careem,Transport Services,5,2026-05-21,تطبيق رائع ومريح,Positive
7a0ac294-0df6-4c00-bd55-f2153f854dd7,Careem,Transport Services,1,2026-05-20,ابد مو زين,Negative
b09c7c21-f054-4c16-9c8b-a125f2c2d0b2,Careem,Transport Services,1,2026-05-20,للاسف تحديث موقع السائق يتاخر كثير..ننتظر فترة طويلة ومازال السائق في نفس مكانه دون اي حركة، وعندما نضطر لكنسلة الطلب نتفاجا بانه تم وصول السائق لايناسبنا نريد تطبيق يرسل لنا حركه السائق بشكل مباشر دون تاخير او اي خسار,Negative
1af8b01d-4794-4343-b682-886c3ff933fd,Careem,Transport Services,5,2026-05-19,ممتاز جدا جدا جدا والله,Positive
e4f8bc74-b8fe-46c6-bda1-8dc821b9c591,Careem,Transport Services,1,2026-05-19,اسوء تطبيق للتكسي بالعراق مو طبيعي التطبيق شكد بي مشاكل التواصل وية مركز المساعدة شبه مستحيل اذا صار عندكم فلوس بالمحفظة حتلو عن طريق الغلط حتبقى مرهونة ومتكدرون تسحبوها باي طريقة من الطرق التطبيق كل يوم يقرا نفس الرحلة بحساب مختلف والفرق اليصير الاف الدينارات مو مثلا ٥٠٠ او الف وتكولون طبيعي ازدحام وكذا السيارات التجي ابدا مو نظيفة وبعض السائقين لا يطاقون من تدخين وسياقة متهورة! صارلي تقريبا ٤ سنين استخدمه وياريتني ما هادرة وقتي وطاقتي وياهم وشكرا,Negative
13349330-4bb0-4e4a-87ff-9d0ffc368ac7,Careem,Transport Services,5,2026-05-18,جيدة,Positive
8fe78b09-5011-46e1-a33a-db34435e1411,Careem,Transport Services,5,2026-05-18,جيد,Positive
92453b5f-9f5e-433e-bab4-209bcbd3dc02,Careem,Transport Services,5,2026-05-18,كود تفعيل الحساب ماوصل لا ع واتساب ولا رسائل نصيه شهل خلل تقني,Positive
9b942da4-5f0f-406b-bc01-011df4df62a3,Careem,Transport Services,5,2026-05-18,ممتاز جدا,Positive
8df500f7-0f3d-417e-bb55-78edf6fbfbf8,Careem,Transport Services,5,2026-05-18,جميل جدا ورائع 👍 كل الشكر والتقدير والاحترام •,Positive
f5d4550f-3e57-422d-ab60-234f9c164817,Careem,Transport Services,1,2026-05-18,تطبيق غير آمن,Negative
78c29b8f-e2b3-4a2e-8490-38b09a28529b,Careem,Transport Services,5,2026-05-17,ممتاز,Positive
c3101d7c-e8a5-41f6-8226-c025068144e6,Careem,Transport Services,5,2026-05-17,👍,Positive
79291506-b605-46bf-bae0-a61121382eb7,Careem,Transport Services,4,2026-05-17,جيدة جدا,Positive
2b0b4d58-8790-4826-80d0-8d5624ffbaff,Careem,Transport Services,5,2026-05-17,GOOD,Positive
e4cf3502-ed25-499b-b655-6d62c17c5972,Careem,Transport Services,4,2026-05-17,👍👍,Positive
a4e9b4ce-7011-4e91-885c-4c1ce8c93bcf,Careem,Transport Services,1,2026-05-17,انتبوا كاتبين انوا تقدر ستخدم الدراجة و السكوتر لمدة اسبوع كامل في المدينة المنورة ب٣٩ دفعت المبلغ لكن يوم استخدمة الدراجة انخصم مني مبلغ جديد بالدقيقة كذلك نفس لما استخدمت السكوتر انخصم مني ولم استفد شيئ من ٣٩ ريال انتباه هذا تلاعب بزوار بيت الله الحرام واستغلال عدم معرفتهم,Negative
522af9e6-a926-429c-a91f-0b2b8f9a800d,Careem,Transport Services,5,2026-05-17,كريم يتعامل معه بشكل امن,Positive
d691a21d-745a-41f8-ba41-8ec5f991c14a,Careem,Transport Services,5,2026-05-17,ممتازه,Positive
7c86755c-f9cd-4b77-b0c2-67ede0185b07,Careem,Transport Services,1,2026-05-17,سيئ لحد ينزله تطبيق فاشل,Negative
05858d63-901c-4e20-b75b-cb4453291e33,Careem,Transport Services,1,2026-05-16,نصابين ركبت ويا ابو التكسي بقت عليه 6الاف دينار او ما حطليها بلمحفظة شركة حرامية او كم مره يطلع السعر يمي شكل زين ابو التكسي شكل حراميه ما انصح بيه,Negative
1bf2fb24-2b7d-4f46-a4d9-42ca5cb0cadf,Careem,Transport Services,1,2026-05-16,تطبيق كريم ينطي خصم للزبون ٧٥٪وتالي تتطلع كروة ضعف إني الحمدالله من عرفت هل شي احول لغير شركه لأن جنت أكول خوش تطبيق بس بعد الي صار مستحيل لأن احس نضحك علية,Negative
9a07d028-4b9e-45da-a28a-1e25e8666a57,Careem,Transport Services,5,2026-05-16,جيد,Positive
65538d63-32e2-449a-bba4-34debadfb5df,Careem,Transport Services,1,2026-05-16,كابتنكم ماوصل إلى موقعي وتطلبون مني الدفع و حسابي معلق إلى الآن على المبلغ اللي تطلبون مني دفعه ظلما وعدوانا والله نجمة وحدة ماتستحقون,Negative
74d48e75-09d1-4bc7-93a5-badf6a8b9e78,Careem,Transport Services,1,2026-05-16,تطبيق فاشل صار فوك 3 ايام احاول حتى يفتح وهسه يلا و بالاخير كود خصم 50٪ ماكو,Negative
75f40aca-8bab-4f69-9af2-8f4e023794bc,Careem,Transport Services,5,2026-05-15,محترم,Positive
ff67fd65-7305-415f-8636-387d5871fbc2,Careem,Transport Services,1,2026-05-15,سي في خصم رصيد من المحفضه,Negative
1dac4d48-00cf-42c4-8b89-ae394a56fb72,Careem,Transport Services,5,2026-05-14,جميل حلوو و و و و و. ووووووووووووووووووو,Positive
779719c0-b99b-422b-b5c3-b8f339d5cf2c,Careem,Transport Services,1,2026-05-14,تطبيق سيء,Negative
5c44f6c1-c975-425d-9dc5-58cc19cc9166,Careem,Transport Services,1,2026-05-14,النصيحة لوجه الله تعالى انه التطبيق فاشل ونصابين بشكل احترافي ولا انصح احد بالتعامل معاهم,Negative
b56f7af2-16fa-4660-99a4-981a468b16d1,Careem,Transport Services,1,2026-05-14,طلبت توصيلة واجاني السائق بنت ولفت فيني نص الرياض وغيرت الطريق عشان تاخد بالاخر زيادة ماتعرف تسوق جاي تتعلم علينا طلعلي الأجرة ١٥ ريال بعد خصم ٥٠٪ ولأنها بعدت عني الطريق طلعت التسعيرة ٣٣ ريال مع انه قبلها بيوم رايحة مشوارين ويوصلوني نفس المكان بدون تأخير ونفس التسعيرة وارسلت شكوى ردت موظفتكم انه زيادة بس ٢،٥٩ بترجعها للمحفظة وهو اساسا الزيادة سحبتوها مني ١٨ ريال نسحبت من بطاقتي وانا مو قابلة جايبين متدربين تحملو سائقينكم احنا مو مجبورين نتحمل تكلفة خربطتهم,Negative
82932ef6-0819-49ed-a8cb-a1bceffdf4ef,Careem,Transport Services,3,2026-05-14,ماجاي يقبل اسجل بي ك زبون شلون اسجل ع رقم ماجاي توصل رساله,Neutral
f395a627-1e9a-40d4-af1f-e474fb6c8dbc,Careem,Transport Services,1,2026-05-13,تجربه سيئه جدا بعد اكثر من سنتين مع التعامل مع توصبل الطلبات تم دفع مبلغ عن طريق بطاقه الإتمان لكن تأخر الكابتن وعند التواصل معه قال انه ترك الطلبيه عند باب الشقه وهذا غير صحيح لانه لم يتم التواصل معنا ولم نجد شيء عند الباب يعني ٥ اخطاء مركبه اولا التأخير ثانيا عدم التواصل مع العميل حتى تم التواصل مع الكابتن ثالثا كيف يتم ترك مواد غذائيه تحتوي على مواد مجمده ومبرده مثل الدجاج ولحم مفروم عند الباب ٤ الكذب لانه لم يتم ترك او توصيل اي منتح من الطلبيه ٥ عدم تجاوب او اي اهتمام من خدمة العملاء,Negative
a5c0e6c7-edde-4b1f-8b20-c0a0502622ca,Careem,Transport Services,1,2026-05-13,الصراحه التعامل مع شركة كريم متعب جدا طلبت من الشعب واستلمت الطلب ناقص وبدل مايتم تعويضي تم اضافة قيمة الطلب علي بالسالب لا انصح فيه ابدا,Negative
3d56e973-c2c6-4a2d-9413-0e9a926382bd,Careem,Transport Services,5,2026-05-13,ممتاز جدا,Positive
794e7cf4-d038-4868-a23c-bd3fd7675bfe,Careem,Transport Services,2,2026-05-13,لا يعطي فاتورة PDF,Negative
54502cf1-dce6-4777-a54c-930de0ee62a8,Careem,Transport Services,5,2026-05-13,ممتاز وسهل الاستخدام,Positive
64c6542b-229f-4aae-b5f6-d9c1bda00871,Careem,Transport Services,5,2026-05-13,اكثر من ممتاز,Positive
f1b8c322-63ae-42e4-8aca-00fb4baf98f3,Careem,Transport Services,5,2026-05-12,ممتاز ...واحسن من تطبيق اخر..,Positive
a7423828-76a4-42dc-8954-7f7df7c8c653,Careem,Transport Services,1,2026-05-12,نصابين,Negative
e14d43b2-44f3-4733-b104-d1439640f1fb,Careem,Transport Services,5,2026-05-12,افضل شركة تكسي,Positive
c901b4fe-28bf-4b43-9b39-d68a99ceafb4,Careem,Transport Services,5,2026-05-12,شركة ناجحة ١٠٠%,Positive
1468a595-c7b0-46fa-a36f-ed1f1425f1a2,Careem,Transport Services,1,2026-05-12,سيئ جدا وحدف,Negative
871ab8c4-dc4e-4476-858e-c23095aed543,Careem,Transport Services,1,2026-05-12,هذا التطبيق مضيعه للوقت و خاصه ان الكابتن لا يتحرك بسرعه و الأسلوب سي للغايه,Negative
1bb22a99-6401-4268-8adc-4691600b474d,Careem,Transport Services,5,2026-05-11,رائع جدآ,Positive
25908044-c13c-4cfc-bc79-f35305d29a10,Careem,Transport Services,1,2026-05-10,فيه عمليات نصب وسرقة كثيرة لا أنصح بالتعامل معهم,Negative
9211cb01-432c-47b0-aa2d-e479767ecc84,Careem,Transport Services,1,2026-05-10,اسوأ شي مشاكله ماتخلص وتنحط عليك مديونيات من غير سبب ذي عمليه نصب ولا ايش؟ م انصح فيه ابدا,Negative
aecf9991-f02c-4a80-ac87-5ca31b4262ee,Careem,Transport Services,5,2026-05-10,👍,Positive
3e5fd63b-ff9a-4682-a261-608dd18bcff4,Careem,Transport Services,1,2026-05-10,حسبى الله ونعم الوكيل فيكم عملت رحله الاسبوع الى فات ولا ظهر كابتن ولا رحله اتقبلت وفضل جارى البحث حوالى عشر دقايق ولما زهقت كنسلت الرحله ماهو مظهرش حد اصلا الاقى اتحط ليا ١٨ جنيه غرامه وبقالى اسبوع ابعتلكم ويردو عليا خدمه العملاء بالاسطوانه بتاعتكم ان بيحصل غرامه لما بكنسل بعد ماالكابتن بيطلب الرحله طب مش لما يكون فيه رحله اصلا وفهمتكم كتير وانتو مفيش فايده اتحط برضو عليا رسوم اى رسوم ادفعها لرحله مقبلتش من البدايه اصلا ربنا ينتقم منكم ومن كل واحد حرق دمى فى شركتكم ومسحت التطبيق,Negative
213b0450-e10f-489d-8ef2-14437c650e85,Careem,Transport Services,1,2026-05-10,طلبت مشوار عبر التطبيق جاء سائق كذاب وتعامل وسخ يمثله هو واقف بعيد عن الموقع ويدفعك ضريبة تأخير اقل شي عشرة ريال يجعلها علي العميل كثير من تطبيقات التوصيل ممتازة أما هذا تطبيق سئ وسواقين أغلبهم غير محترمين افضل طريقة تطبيق البص سابتكو أفضل من المنافقين الاستغلاليون,Negative
f2c19ecf-b312-41f9-ae51-570c595241ef,Careem,Transport Services,5,2026-05-10,ممتاز,Positive
a2de3358-ebec-4eae-a1fc-88ec46d51f31,Careem,Transport Services,1,2026-05-10,وين اكو سايق يطلع عيره كدام زبون مو عيبب,Negative
1d348a58-959d-4180-8192-6bb5f6bc0785,Careem,Transport Services,1,2026-05-10,شركة احتيال رقم 1 في التوصيل اول واخر تجربة تم حذف التطبيق,Negative
8d22a9e9-e6e2-4cff-9820-6b790f8e145e,Careem,Transport Services,5,2026-05-09,ممتاز,Positive
a75b042e-607a-43f5-9af4-f4ca328f0905,Careem,Transport Services,4,2026-05-09,جيد,Positive
b29ef7e3-b8fa-4322-a34d-3ee97eaf874c,Careem,Transport Services,1,2026-05-08,جديد,Negative
5348f198-90be-4aa0-a9a8-0e0d958a18f2,Careem,Transport Services,5,2026-05-08,جميل ومفيد جدا جدا,Positive
4a7adcd6-6f9c-47f2-9ea7-0fcf82bbe552,Careem,Transport Services,5,2026-05-08,جيد,Positive
2f47ba3f-5b60-4a09-abe9-2fdefedfccee,Careem,Transport Services,5,2026-05-08,رائع,Positive
50e74221-6536-40fd-9f10-e37349356f27,Careem,Transport Services,5,2026-05-07,جيدة,Positive
8d2a28b2-0852-4bc2-9fab-fea73c1e83db,Careem,Transport Services,1,2026-05-07,لا احد من خدمه العملاء يرد عليك.اريد الغاء حجزي ولكن لا احد يساعدني ...,Negative
c596e3ee-8965-4c02-b9cf-12a843ac9e99,Careem,Transport Services,5,2026-05-07,جيد جدا,Positive
5eeae9af-d1b2-49d3-b430-78f65c1b1131,Careem,Transport Services,1,2026-05-07,سيء ولا أعلم كيف اتواصل مع خدمة العملاء تم سحب الأموال ولم يتم استردادها اريد استرداد الأموال,Negative
34a0577b-4fba-408f-8c9d-91efc8474236,Careem,Transport Services,1,2026-05-06,التطبيق عطانى سعر ولما وصلت زود السعر كتير ليه,Negative
4d58c976-90b2-4436-a609-7f7a2b27b4a7,Careem,Transport Services,1,2026-05-06,تطبيق فاشل .. كنت استخدمه بشكل يومي وافضله على أوبر... حط مخالفه ١٨ جنية بدون سبب والأهم لازم ادفعها فيزا مينفعش ادفعها كاش للرحلة اللي بعد!!؟ معلش انا مش معايا فيزا وحتى لو معايا مش عايز احط رقمها على تطبيقك .. اما تخلي في خيار دفع للرحلة الجايه او حذف التطبيق أسهل,Negative
80648800-60e5-40fd-9e8d-473f196dc20b,Careem,Transport Services,3,2026-05-06,ممكن اعرف ليش بطلت اقدر اطلب رحلة مفتوحه يعني بدون ما احط وجهه,Neutral
ed8d79e2-e80e-4f7a-9270-aa9a64b98a22,Careem,Transport Services,1,2026-05-06,تطبيق سيء للغاية، واعلاناته حتى في المنام تظهر ألي,Negative
a808f728-3011-4e4b-bf9b-a20e186c1553,Careem,Transport Services,1,2026-05-06,خدمته تتراجع واثبحت مادية بحته وكل فتره بضيف رسوم اضافيه على الطلب بدون وجه حق وبسميها بمسميات جديدة وهاي الرسوم مو موجدوة عند التطبيقات التانيه,Negative
25a2bcbc-4934-447d-a767-8ecc944bf944,Careem,Transport Services,5,2026-05-05,اسعارهم حلوه مرا عكس باقي التطبيقات الثانيه,Positive
aa8de0de-ab77-4264-a96c-8ec91358f3d7,Careem,Transport Services,5,2026-05-05,افضل تطبيق,Positive
f18bbfc0-e59a-4f41-9c7d-8c344bebc767,Careem,Transport Services,5,2026-05-05,روعة خدمة ممتازة ومريحة للأسف أحيانا غالي,Positive
9f27a395-0cd6-4bc8-a730-aa6db9370a87,Careem,Transport Services,1,2026-05-05,فاشل مايغطي كل بغداد,Negative
167ab50a-2520-4df0-80be-96b78802257f,Careem,Transport Services,5,2026-05-05,Excellent.,Positive
97fbd843-deb8-4d6c-9655-503194afe736,Careem,Transport Services,5,2026-05-05,ممتاز,Positive
d08cc7b2-6874-4694-a5bd-21b5d25faa78,Careem,Transport Services,1,2026-05-04,شركة نصابه بتساعد كباتنها على السرقه,Negative
cf21c6c6-02e1-4456-88db-43be79372e64,Careem,Transport Services,5,2026-05-04,بالتوفيق ان شاء الله,Positive
168a2e00-ee19-48dc-8748-f970474babf1,Careem,Transport Services,1,2026-05-04,كان يقدم خدمات افضل اما الان فهو سيء جدا,Negative
c216d588-b7fb-437a-8319-0ef73bd1b9ab,Careem,Transport Services,5,2026-05-04,جيد جدآ,Positive
1df2978c-43fa-4fe0-b5e6-1d94b1e98e01,Careem,Transport Services,5,2026-05-04,ممتاز,Positive
e9faaacd-ea73-4855-b267-6d1e23aabaa8,Careem,Transport Services,1,2026-05-03,اسوء تطبيق تحاسب الكابتن وتلاقي عليك في الرحله البعدها فلوس مستحقه واسبوعين بتواصل مع الدعم بيردو فين وفين ورد غير مفهوم عالم نصابه اوبر انضف واحسن منه بكتير مش نصابين والدعم بيتواصل علي طول,Negative
ce1ebbf1-e727-4736-a0ff-332788994880,Careem,Transport Services,5,2026-05-03,جيد جدا,Positive
90b10eb2-3ff0-4eed-b058-bd088319cc4a,Careem,Transport Services,5,2026-05-03,جميل وسريع,Positive
404352b8-c3c7-4189-b2b3-4309e9f1ead9,Careem,Transport Services,5,2026-05-03,ممتازة,Positive
3e807d88-d269-4fc4-9771-0a88420f8d8d,Careem,Transport Services,1,2026-05-03,تجربة سيئة بموضوع البلس فعلت مرة اجربه طلع اقل من عادي ومو شي مميز وبتفاجأ انو بعد ما لغيت اشتراكي انو بجددوا لحالهم كوني رابطة بطاقة الفيزا بالتطييق بتواصل مع خدمه العملاء بردوا ع رسالة وعشرة لاء خدمه سيئة وخدمه الدعم اسوء وبالاخر البطاقة مو قادره الغيها من التطبيق بيحكوا في رسوم وانا رصيدي صفر ولو في رسوم بيقدروا يخصموها دايركت من البطاقة متل مو شاطرين يخصموا اشتراك كل شهر وانا اساسا مافي اي رسوم مستحقة كل شي بتم دفعه اول باول,Negative
27e5029e-eed5-4df0-a7d1-addad13cfd3c,Careem,Transport Services,5,2026-05-03,تطبيق ممتاز,Positive
909d0c60-f8b0-434d-8ac1-f176a24ae974,Careem,Transport Services,5,2026-05-03,تجربتي مع كريم من أجمل وأفضل التجربة يتميزون بالتفاني والصدق والمرونة,Positive
fae3158a-2a8b-43a9-90be-872a0588ed3d,Careem,Transport Services,5,2026-05-03,رائع و جميل,Positive
9574dcfe-cd7b-42b1-a34f-c1e60643070b,Careem,Transport Services,5,2026-05-03,جيد جدا...,Positive
1f3ae0b5-6b48-43ce-9591-0a6bb19e2754,Careem,Transport Services,1,2026-05-02,تطبيق سيئ جدا جدا جدا انصحكم بحذفه كما سأفعل انا,Negative
052f2a38-e802-4476-a7de-7abef775474e,Careem,Transport Services,1,2026-05-02,سائقين ياخذون أكثر من حقهم وغير محترمين تطبيق فاشل,Negative
821ac920-6219-448e-aba2-90823a61d14d,Careem,Transport Services,1,2026-05-01,أستنينا الكابتن أكثر من نص ساعه وما جا,Negative
ca7f3a82-f7ae-4539-85c2-69e2aa1e1da6,Careem,Transport Services,1,2026-05-01,تطبيق ابن كلب شغلته يسرق منك الفلوس إذا الكابتن الغاء الرحلة وهو غلطان في الموقع ايش ذنبي تأخذ مني رسوم الرحلة تم الحذف والاستعانة بالتطبيقات الثانية مثل بولت أطلق منكم,Negative
e6a75ae9-919d-47cf-ae30-8d772c5cf5d6,Careem,Transport Services,5,2026-05-01,الافضل,Positive
1657f06f-e47d-4fab-be50-9d60d20a1e42,Careem,Transport Services,5,2026-05-01,goog good,Positive
8309f7f1-6bd6-4d77-be14-50131eb866c9,Careem,Transport Services,1,2026-05-01,لانكم م عندكم دعم يرد ع طول ولازم نفس الرقم,Negative
c27f7e07-5828-4f19-8e6b-ec4354c16685,Careem,Transport Services,5,2026-04-30,ممتاز,Positive
b173a597-5f36-4124-b463-f3d51be08e49,Careem,Transport Services,1,2026-04-30,سابقا كان احسن تطبيق الان لا كلش مو زين من جميع النواحي وراح احذفة افضل,Negative
21c8b970-94e8-4c14-8f85-926fef8e2626,Careem,Transport Services,5,2026-04-30,متوجه في خدمه العملاء,Positive
9ac103be-d0f7-4b97-9418-eb0d8b86c318,Careem,Transport Services,5,2026-04-30,حرفيا تجربة التطبيق كانت ممتازة و محترمة و لو كان في اكتر من خمس نجوم كنت هقيمها ليكم,Positive
1d6a2f7b-e843-4c98-a89a-adc768356551,Careem,Transport Services,1,2026-04-30,دفت فلوس لمشوار ولا جاني شي مشكله كاتبين تم خصم ولا خصم فلوس ولا جاني بقيه فلوس ترا دفعت حوالي ٤٠٠ ريال و طلبت مساعده في تطبيقكم ولا جاني شي تطبيق جدا جدا سيء ربي يعطلكم و ما يوفقكم,Negative
706ad6cf-9869-46c6-a24d-fa2f6397e1dd,Careem,Transport Services,1,2026-04-30,سئ في بعض السواقين يتعمد التاخير عشان يغرمك 😡,Negative
24600498-3e6e-4f5e-b102-2eac84d91de2,Careem,Transport Services,5,2026-04-30,ممتاز,Positive
ff2f4e7d-ef97-4cdc-b050-0d42f8ea94a4,Careem,Transport Services,1,2026-04-30,شركة قائمة على اذلال السواق وبخس حقهم وتشغيلهم بالاجبار كونهم يحتكرون هذه الخدمه احتكار موذي لشريحة السواق وغير قانوني,Negative
d7b9b3de-6183-4763-a7f6-a2c72c39316b,Careem,Transport Services,2,2026-04-29,ليش يطلعلي سعر عند الطلب ولمن تنتهي الرحله اتفأجا بسعر أغلى او دبل,Negative
788df347-9575-42b5-98ca-27291a42df04,Careem,Transport Services,5,2026-04-29,تطبيق ممتع جدا,Positive
3c9ecc77-9d85-40ed-bf1e-9f6c45f5eb65,Careem,Transport Services,5,2026-04-29,ممتاز,Positive
2b92a564-87ab-45a3-8e3a-b5b6867abcd4,Careem,Transport Services,1,2026-04-29,سيئ جداً,Negative
fc265af2-b35a-49b9-93d8-761c1077335c,Careem,Transport Services,5,2026-04-29,جيد لاكن مو ممتاز يوقف بعيد ويحسب غرامه بعد,Positive
fecaf04a-3621-4edf-939c-e761fff36f9c,Careem,Transport Services,1,2026-04-29,حساب مشواري ٣٩ ريال ودفعت للكبتن ١٠٠ ريال والمفروض يودع في محفظتي ٦١ ريال ومااضافها وقدمت اكثر من بلاغ للشركه وكلموني يقولولي عوضناكي بي ٣٠ ومانقدر نرجعلك كل فلوسك ٣١ ريال قيمة مشوار كامل اخدوها بدون وجه حق ويقولولي للاسف مانقدر نرجعها,Negative
f97b26b2-af9b-4336-8469-46c2ab099d11,Careem,Transport Services,1,2026-04-29,كتبت جامعة البتراء وصلني سحب ٢٤دينار كسائق لازم تعرف طريق البتراء ..أخذه طريق بعيد كان كاتب الوصول ٣٧ والمبلغ ١٢ دينار صار الوقت٥٥دقيقه والمبلغ ٢٤ قال انت باعته لوكيشن بعيد .طيب انت كسائق مابتعرف جامعة البتراء وين طريقها ولا استغلال هاي اخر مره اتعامل معكم,Negative
a6244ebe-21b6-437b-82f1-3ae9eedb6a52,Careem,Transport Services,1,2026-04-29,بخزي,Negative
1193b696-16e3-421b-91a8-d060d2cd3655,Careem,Transport Services,1,2026-04-29,سيه,Negative
163cda9a-cb3f-4ac2-9267-1f3a6f75cba8,Careem,Transport Services,1,2026-04-29,والله من أسوأ التطبيقات التوصيل الكبتن يوصل لنفس الموقع بعدين يلقي الطلب والله ما اطلب منو الى مطر والله اني طلبت اليوم يمكن اكثر من 4 او 5 كباتن يقبلو الطلب بعدين يجلسو 1 او 2 دقايق من يوم ما اطلب بعدين يلغو الطلب وفي واحد وصل للموقع واشرلو وسحب عليا وراح حسبي الله بس والله اني من الساعه 11 وانا اطلب وكل مرا يقبلو الطلب بعدين يلغو بعدين روحت جيني والله لو في تقيين اقل من نجمة اني القيم لو في سالب 100 نجمة لاقيم,Negative
41607341-1276-4436-9d1c-273313504ca6,Careem,Transport Services,5,2026-04-28,ممتاز,Positive
79aa8f90-c4e2-4606-8a07-ad5056f71f84,Careem,Transport Services,1,2026-04-28,غالي,Negative
127c829b-2cf6-43f8-acc4-1d0153d3249b,Careem,Transport Services,5,2026-04-28,👍👍👍,Positive
f713bd27-30d3-4fb8-a50a-92cd515a9061,Careem,Transport Services,1,2026-04-28,سيء جدا,Negative
a18038e1-f75b-46df-bb20-86c2f7252b3a,Careem,Transport Services,5,2026-04-28,اول تجربه مع الطتبيق ممتاز,Positive
2eda54c3-d4fd-4f25-9b3c-339899bf0ce3,Careem,Transport Services,5,2026-04-28,ممتاز فوق الوصف .بس بتمنى انو يكون في خدمه استخراج المواقع المحفوضه في الهاتف,Positive
14825b25-eaeb-4fb2-8fcc-019e42ebc117,Careem,Transport Services,5,2026-04-28,ممتعه,Positive
fcf7b110-7fb6-4820-aa86-921e3f42a7b0,Careem,Transport Services,5,2026-04-28,Very beautiful,Positive
6d3e4c70-545d-4a1b-83a6-2eb6b86ec1b4,Careem,Transport Services,1,2026-04-28,سيء جدا,Negative
5e1ae1d9-d854-4eec-a720-b338879f3049,Careem,Transport Services,1,2026-04-27,عندي بالمحفظة 309 ريال ولا أقدر أستفيد منها: - تطلب كابتن = لا يوجد خيار لطريقة الدفع. يصل لك الكابتن مباشرة والدفع ( كاش) . - تتصل على خدمة العملاء= تشرح المشكلة يقول لك: احذف التطبيق وارجع حمله !! طيب حذفته ولا انحلت المشكلة . - تتصل على خدمة العملاء = ممكن تطلب لي كابتن والدفع من المحفظة . والجواب = لا يمكن . إذا طلبت لك يكون الدفع كاش . - تتصل على خدمة العملاء = طيب دام الرصيد بالمحفظة .. ممكن ترجعونه لي لحسابي. والجواب = لا يمكن . لأنك دفعته باختيارك . ولا فائدة من أي وسيلة اقناع..,Negative
d29c0287-6449-4a2c-bb3a-15819d385c70,Careem,Transport Services,5,2026-04-27,جميل جدااا,Positive
fc8c9d2e-1992-4bf4-907f-58187a0f2d00,Careem,Transport Services,5,2026-04-27,افضل تطبيق,Positive
7c3e1398-6fbd-46fd-84ba-19034563a6d9,Careem,Transport Services,5,2026-04-27,👍,Positive
1c3b9ea9-c02e-427f-827a-87f66db617f4,Careem,Transport Services,5,2026-04-26,كويس,Positive
46708b2c-5103-4b51-b8d0-b5c9afcfa2fd,Careem,Transport Services,1,2026-04-25,يع وحش نون ودليفروا احسن ولا اسم ولا منتجات منصحش,Negative
11fa3c39-6023-4c1e-9863-a949416fa2a5,Careem,Transport Services,5,2026-04-25,good,Positive
6994ad64-8dcd-4571-b270-dc3cfd1f0015,Careem,Transport Services,1,2026-04-25,برنامج زباله ومعقد وسعره غالي تكسي اف احلا,Negative
973bd22d-48d2-4b14-a8cc-9ef666bb832b,Careem,Transport Services,5,2026-04-25,تطبيق رائع,Positive
2827280e-ddd6-4b0b-b22b-91c87c03efde,Careem,Transport Services,1,2026-04-25,افتقار الذوق و الاحترافية شئ سيء للغاية .. موظفة خدمة عملاء استعلائية للغاية .. أتصلت بي موظفة ، تكلمت معي بأسلوب غير لائق واستعلائي جداً كانت تعطيني أوامر وتريد فرض سيطرة في المكالمة ، أعتقد أنه تعاني من أمور نفسية استحي كتابتها ، كما أنني أعتقد أنه يجب علي استخدام تطبيق أخر (( يجمع بين إحترام العميل و احترافية وذوق موظفي خدمة العملاء المفقودة )) ‏[... بل أنتم بهديتكم تفرحون ] الحمد لله رب العالمين ..... المال أقل كثيراً من أن يساوي الذوق .....,Negative
277587a6-7db1-49bc-8865-17bf82820482,Careem,Transport Services,1,2026-04-24,التطبيق يمارس سياسات استغلاليه ماديه ضد العاملين الكباتن,Negative
b93f8200-e4b1-42fa-bbba-3237f6b76c7d,Careem,Transport Services,1,2026-04-23,الكابتن ليس مهذب,Negative
306838ab-6667-4d67-a0ac-685c67f1cb26,Careem,Transport Services,5,2026-04-23,رووووعه,Positive
dd8ac66e-aab8-480d-9f08-8ff999a026e1,Careem,Transport Services,1,2026-04-23,زفت الكباتن والانتظار,Negative
e4f1ace3-f744-4284-87c6-81b8d99570d5,Careem,Transport Services,5,2026-04-23,ممتازه جدا,Positive
ecb3ad7d-0cbb-4fdf-8ab4-416eedb49b6c,Careem,Transport Services,1,2026-04-23,غيرجيده لانه باللغه الانجليزيه,Negative
5c7614c3-1126-4b39-af76-34e11206e9fa,Careem,Transport Services,1,2026-04-23,تجربه سيئه للغايه تشحن المحفظه لكي تشتري طلبات من متاجر لديهم ويطلع لك خطاء لاتستطيع استرداد اموالك ولاتستطيع الشراء ولا الدعم يفيدك راسلتهم اكثر من مره يطلبوا تحديث التطبيق رغم انه محدث,Negative
c0730d2a-0bf6-43ed-b2fe-3357f2e60b81,Careem,Transport Services,4,2026-04-22,برنامج تونزلت ونشاء الله نستفدمنا,Positive
c4beb4d1-079f-47fe-89ca-08ff71eeff19,Careem,Transport Services,1,2026-04-22,أسوء تجربة لسائق رفض تشغيل مكيف السيارة بحجة أن هناك أغراض تم تحميلها في شنطة السيارة بها رائحة طعام ( دجاج بروست ) ،الأغراض تم وضعها في شنطة السيارة في الخلف وعندما ركبت طلبت منه تشغيل المكيف رغم انه من المفروض تشغيله ألا أطلب ورفض وكانت معاملته سيئة جدآ ،قررت رفع شكوى وعدم استعمال كريم مرة أخرى,Negative
1b3b4550-753b-476d-b2e4-40e868e77037,Careem,Transport Services,5,2026-04-22,واو,Positive
6290e919-4b14-41cf-a650-380c80d9ee7e,Careem,Transport Services,5,2026-04-21,رائع,Positive
d4c65a59-3514-4946-a083-0c5ac8d97c4c,Careem,Transport Services,5,2026-04-21,رائعة..,Positive
a1589d29-9a71-4d7c-8db2-a543cce9de56,Careem,Transport Services,1,2026-04-21,شركه فاشله عند الغاء ايه طلب طعام يتم تحميل العميل كل الأخطاء عند الطلب وتحميله ثمن الطلب ويتم التبرير بأن المحل تم عمل الطلب ولا مجال للغاء الطلب حتى لو تم الغاء بعد ثواني,Negative
82049fa2-8f51-40d1-a2f8-a816f7c2cd36,Careem,Transport Services,4,2026-04-21,تجربة جيدة جدا تستحق المغامرة,Positive
e0d69af8-c613-4a3c-ae7e-adbe0f4b560d,Careem,Transport Services,5,2026-04-20,ممتاز,Positive
64e4645e-00a0-4fab-84be-f2cb426f849c,Careem,Transport Services,1,2026-04-20,لي مبالغ مالية ولم ترجع إلى حسابي,Negative
dc20999d-23cf-425f-bbbf-b563d753ff39,Careem,Transport Services,5,2026-04-20,لم أبدأ بعد ولكن سمعت أنه الأفضل,Positive
61c2691f-e2e6-4876-9ef4-6bb4d6344830,Careem,Transport Services,5,2026-04-20,enjou,Positive
5366fa82-a304-4e92-aad7-16290fc6564f,Careem,Transport Services,1,2026-04-20,اسوء تطبيق ةاسوء راحلات وعبار عن سرقة.,Negative
635b763e-83a7-40d5-b0e2-4dd149a88416,Careem,Transport Services,1,2026-04-20,البرنامج اصبح معقد,Negative
e0697ddb-ace1-466e-a29d-fd389822114b,Careem,Transport Services,1,2026-04-19,تطبيق كريم لخدمة الطعام سيء جدا مافي حمايه للزبون اذا طلبت بوصلك اقل المنتجات جودة وعند تقديم شكوى لا يتم التعويض ابدا ويكتفي بالرد انه تم تقديم الملاحظه,Negative
7f47687d-e96c-4951-a152-bb975cacf557,Careem,Transport Services,5,2026-04-19,جميل,Positive
0779d752-e5dc-4ce6-bf48-bda317b4a441,Careem,Transport Services,5,2026-04-19,السلام عليكم، أشكركم جزيل الشكر على سرعة تجاوبكم وحسن تعاونكم في حل المشكلة. أقدّر احترافيتكم واهتمامكم برضا العملاء، وهذا يدل على جودة خدمتكم واحترامكم للمستخدمين. ممتن جدًا لكم على المساعدة السريعة ومعالجة الموضوع بكل اهتمام. شكرًا لكم مرة أخرى، وأتمنى لكم دوام النجاح والتقدم. بس ولا مره حصلت على كود خصم ولا يشتغل كود حل هذا المشكله فقط,Positive
8be9cb2e-7bc0-4bf0-9011-4940538c941c,Careem,Transport Services,1,2026-04-19,الكباتن احيانا ياتون سيئين يعني مره طلبت تكسي وكلتله اخذ من المحفظه ما قبل وزيد فلوس فوكاها الرحله سعرها 1500 وهو اخذ2000 وتعامله سيء جدا اتمنى من كريم يراجع هذا الموضوع لان السالفه كامت تصير مزعجه,Negative
96df3278-3373-4c4d-8c2b-1f02188883d9,Careem,Transport Services,1,2026-04-19,فاشل,Negative
86b4e680-7373-4e1e-97d5-1c0616b6a965,Careem,Transport Services,5,2026-04-19,جيد جدا ومريح ولاكن لايوجد عروض او كود خصم على الرحلة,Positive
9378c26b-3d86-49a9-b7bf-c0e7de1b08fc,Careem,Transport Services,5,2026-04-19,ممتاز,Positive
2d5811dc-315d-4f3e-aa9f-ab332aa0d5ad,Careem,Transport Services,5,2026-04-18,جيدة جدا,Positive
19a95087-9aa2-481c-8b1f-b1413584b757,Careem,Transport Services,5,2026-04-18,الأفضل في الوطن العربي من حيث الأمانة والمصداقية وحسن التعامل .. تحية للعاملين في شركة كريم,Positive
874a8945-134c-47ce-aa9b-ee18cd14f00a,Careem,Transport Services,1,2026-04-18,سيء جدا جدا كلو انجليزي ولا يوجد عربي واسعار مرتفعة,Negative
d7fc3d42-d07b-4e26-8cf7-0ae1a6ef12b8,Careem,Transport Services,1,2026-04-18,سيئة جدا,Negative
805c76ba-65af-49c9-b88a-8b5d8eaa19af,Careem,Transport Services,2,2026-04-17,رفع اسعاره بشكل مبالغ فيه مشوار ف نفس الحي ب ٢٠ و٢٧ مره بالغ,Negative
9e080fcc-c548-4c88-a651-1d58002e8750,Careem,Transport Services,5,2026-04-17,👍🌷,Positive
8e39e6a6-55e3-4cbd-8086-452583048948,Careem,Transport Services,1,2026-04-17,عمل التطبيق من سيء إلى اسوء اسلوب الكباتن غير جيد و اموالك تضيع هباء منثور لان كراوي بالسنتات و إذا تنطي زايد ما يرجعلك هذا مبلغ و دائما يكلك ما عندي صرف الدعم سيء جدا ولا يحل لك مشاكلك ولا يضمن حقك ، استخداموا باقي تطبيقات و اتركوا هذا التطبيق السيء كما فعلت أنا و ارتاحيت,Negative
2f8912f9-e270-4248-b9d0-37d369e722b4,Careem,Transport Services,5,2026-04-17,ممتازة,Positive
45f6885f-4a2a-4bd0-a07e-02c5fc394746,Careem,Transport Services,1,2026-04-17,اسعارهم غالية ويتأخر 👎❌,Negative
37eb6692-59ef-422d-9a93-398c98d50926,Careem,Transport Services,1,2026-04-16,لو فيه أقل من نجمة حطيت لكم,Negative
6b033038-3405-4ee8-b763-fd3b711d853e,Careem,Transport Services,5,2026-04-15,جيد ورائع,Positive
9605b94e-2cbb-4a36-b44d-6d7f80ef6c42,Careem,Transport Services,5,2026-04-15,ممتاز,Positive
1778eb2c-a8a6-4b2e-9f3c-3fa8f7e23a28,Careem,Transport Services,1,2026-04-15,محتالين,Negative
be8af2af-eda6-401f-836e-2b50ca17a2db,Careem,Transport Services,5,2026-04-15,تطبيق ممتاز وكباتن ثقة ولله الحمد من استخدمته من فضل ربي تعامل راقي ومميز وتجاوب بسرعة الرد على الايميل وتجاوب في الملاحظات .. شاكرة من القلب لكم فريق كريم والله يعطيكم العافية ولا زلتم على مر السنين بالنسبة لي الأفضل في الخدمة والتوفير والعروض والتعامل مع آراء المستفيدين وملاحظاتهم بجدية وتحقيق التميز لخدمتكم ألف شكر 😍😘,Positive
e76a93be-93d2-4cd8-9e01-cf513e649354,Careem,Transport Services,1,2026-04-15,أسعركم نار وما بترسلو كودات ولا بتعملو عروض,Negative
37bd7b1f-7e06-4c30-9cdc-677e4b6e423f,Careem,Transport Services,5,2026-04-14,فريق متكامل وادارة ناجحة,Positive
ef07add2-6c7d-407b-80a3-881e2aaa062a,Careem,Transport Services,1,2026-04-14,👎,Negative
17eeffcf-e879-4b8c-a0a1-b3f55f1fd5c1,Careem,Transport Services,1,2026-04-14,very bad you can't unsubscripe from plus service and keep charging you,Negative
25f407b1-9c73-4b95-bea6-b1952d2c66b3,Careem,Transport Services,1,2026-04-14,سلام عليكم تجربه سيه مره يدفعونك مديونيه وبعد انتهي من الرحله ويدفعونك مدونيه بطله وترفع شكوى مافيه استجابه سريعه ويرجعون بعد شهر يتصلون يعتذرون منك عن الخطأ الحاصل,Negative
668ad476-47c5-4a6c-9123-1f31bb3bf3f5,Careem,Transport Services,1,2026-04-14,بخزي وما في دعم ولى كول سنتر,Negative
d61472a1-8a90-4a2c-ac8a-e3836f97a33b,Careem,Transport Services,1,2026-04-13,ليش اضافه المديونيات من دون سبب فقط يومين ما طلبت اجي القى مديونيه في حسابي من دون سبب,Negative
aed9664b-786a-4795-8e61-b81793020569,Careem,Transport Services,1,2026-04-13,وحش,Negative
cc554d11-69d1-42a1-ab8f-0b0b984bf91a,Careem,Transport Services,5,2026-04-12,رائعه,Positive
1bb3d622-20f0-45ac-b176-3d868f8a45d0,Careem,Transport Services,5,2026-04-12,جيد جداً,Positive
edc8fcc1-07e9-4e2c-aa81-990854235f72,Careem,Transport Services,5,2026-04-12,ثانكس ثانكس,Positive
a7eb6b80-87a0-484b-9d8b-fd12b64c9fe9,Careem,Transport Services,1,2026-04-11,تطبيق سيئ للغاية كل مرة مشكله مع الاكل ومع التكسي راح امسحو من عندي,Negative
4a35cb1d-8a2b-4901-930d-1179a419480a,Careem,Transport Services,5,2026-04-11,رائع,Positive
e22e5de2-1dac-454d-93ea-71faeb48739f,Careem,Transport Services,1,2026-04-11,جائني تحويل الى كريم باي ب 45 درهم وجائتني رسالة بالتحويل على رقم الهاتف الخاص بي ولم يتم اضافتها على كريم باي,Negative
1c6296c9-a7f3-452e-b703-dcd8f7000574,Careem,Transport Services,5,2026-04-11,محترم,Positive
151ea33b-6242-480b-9256-61e71c1157eb,Careem,Transport Services,2,2026-04-11,التطبيق يعلق عنداجرا ء طلب مايفتح معي الابعد نص ساعة,Negative
867507d2-188a-4f16-8d1c-3bbb3d140fe0,Careem,Transport Services,1,2026-04-10,غالي التوصيل,Negative
b5087d1b-5987-459a-ba8c-9546932990e8,Careem,Transport Services,1,2026-04-10,التطبيق بقي زى الزفت,Negative
0d8fe691-86b7-44b9-b6e6-854de91c6d6f,Careem,Transport Services,1,2026-04-10,في حال وجود خطأ في الاوردر و اطالب بتعويضي لا يتم الرد و لا التعويض,Negative
bc014546-b7ba-4590-a48d-aafc75c4f074,Careem,Transport Services,3,2026-04-10,طريقه التواصل مع خدمه العملاء غير فعاله وبحاجه لتطوير,Neutral
8e53e493-b635-40f6-8ab9-2a7f7d90d018,Careem,Transport Services,1,2026-04-09,مو حلو بسبب انو انا جيت اركب الاسكوتر سحب مني 40 ريال وبعدين انا خلطت قالي اني لعبت 33 دقيقه ولم يتم استرجاع المبلغ,Negative
ce5a71d8-18d1-45cf-9618-ecf4d7719b04,Careem,Transport Services,1,2026-04-09,برنامج قذر وهمسحه حالا اغتنو واتهبلو خلاص كنت طالب رحلة لوالدتى والكابتن جه وانتظرهم ٥ دقايق ومشي واتحسب عليا الغرامة ٢٥ تمام مفيش مشكلة حقهم وقفولى الرحلات اللى بعدها لازم ادفع الغرامة بالفيزا طب ما اعييش فيزا اعمل ايه كلمتهم قالولى لازم ادفع فيزا ما تضيفو الغرامة على الرحلة اللى بعدها زى باقى البرامج عذرا كريم مصر كبرتو وخرفتو,Negative
35f01edb-ede7-4fbe-b6e1-b213d7268bf2,Careem,Transport Services,5,2026-04-09,التطبيق جيدجدا بالتوفيق ان شاءلله,Positive
7eead1f4-b007-478c-a0c7-9874f4c35623,Careem,Transport Services,1,2026-04-08,trash bad,Negative
c07dcb58-7190-45db-954b-49d587a78768,Careem,Transport Services,2,2026-04-07,سئ جدآ ولا انصح في استخدامه,Negative
23236a13-ed34-4cc9-afda-924e661352d2,Careem,Transport Services,5,2026-04-07,نمبر وانت,Positive
d787c022-3d9d-4941-8289-2944076b6fff,Careem,Transport Services,2,2026-04-07,احسن تطبيق,Negative
a9de95aa-ac50-4bf9-aef6-bc0950397292,Careem,Transport Services,5,2026-04-07,احلى تطبيق,Positive
a0064aa9-9e56-4985-a01f-8c49c664e4f2,Careem,Transport Services,5,2026-04-07,ممناز,Positive
341be8ff-e745-40c4-a9b4-ed641f83844d,Careem,Transport Services,1,2026-04-06,تطبيق سيئ وفاشل ولايعمل ولا يوجد تجاوب من خدمة العملاء,Negative
70207545-2aad-467c-9ae5-9010884e7b56,Careem,Transport Services,1,2026-04-06,غالي,Negative
dfe38294-8913-45bd-a8b3-c8fef01dd6d3,Careem,Transport Services,5,2026-04-06,تطبيق ممتاز جدا,Positive
b76584ca-1d45-4428-a747-a7371fe84787,Careem,Transport Services,5,2026-04-06,انا عايز اعرف تطبيق كريم مش عايز يشتغل على التليفون عندي ليه سجلت عليه رقم التليفون مش قابل رقم ثاني مش قابل عايز اعرف اتقفل ليه من عندي وكل مره كنت بشغله على اي تليفون اشمعنى المره دي قفلته اشمعنى اوبر وديدي,Positive
937366c6-5f7f-421e-8685-84d45f9490c3,Careem,Transport Services,1,2026-04-05,مضيعة وقت الكابتن يخلص كم مشوار قبل ما يتوجه لك,Negative
37af7f64-366e-4c19-8a3c-363b3592bb51,Careem,Transport Services,1,2026-04-05,التطبيق اصبح سيء جدا كان قبل افضل من حيث اختيار الكابتن والسيارة وتحديد منطقة الوصول ولايستقطع المبلغ الموجود في المحفظة اتمنى من ادارة التطبيق تحسين جودة الخدمة للزبائن .,Negative
dce6c180-2463-417e-86b2-02b12c220309,Careem,Transport Services,3,2026-04-04,افضل من تطبيق بلي بمراحل شكرا كريم,Neutral
181f086d-2a2e-4fff-860f-4224ea004dc4,Careem,Transport Services,1,2026-04-04,تطبيق سيء ويزيد من التكلفة دائما بدون سبب وبدون اي ازمات,Negative
4f52f1f5-07fe-4a76-a413-b3b0ff47b355,Careem,Transport Services,1,2026-04-04,worst application ever you order and you receive wrong order or different one,Negative
f1673548-300e-473e-aa2a-e82e9ea23e63,Careem,Transport Services,1,2026-04-03,سجلت شكوى اليوم وما حصلت جواب مقنع، الكابتن نزل عائلتي وما نهى الرحلة، وبقى يفتر ببغداد لحد ما خابرت الشركة، وبعد مرور وقت انهوا الرحلة، وكطعوا من رصيدي كل الوقت الي مشاه، وما ترضى الشركة ترجع رصيدي وبعد مرور حوالي سنة اليوم ٢٠٢٦/٤/٣ السايق بس بدء الرحلة ما صعدت اصلا كصوا الشركة من حسابي وما يقبلون يرجعوهن,Negative
61e0c34b-3822-414e-a3c9-26acc490ee28,Careem,Transport Services,5,2026-04-03,رائع للغايه,Positive
1dcc3375-e49c-4c81-a180-f47b8eeb952f,Careem,Transport Services,1,2026-04-02,الطلب عليه فرصة لابو تكسي لان يعتمد على العداد فيفر بيك الدنيا او يطببك بازدحامات حتى ياخذ كروة اكثر,Negative
bfcf4596-f729-4071-bb7f-cbf40e42b346,Careem,Transport Services,3,2026-04-02,التطبيق يعلق مرا ولا يفتح ارجو حل المشكله للان يعلق,Neutral
c11351f7-7a7b-4cbd-9c80-da4e180c8fe2,Careem,Transport Services,1,2026-04-02,سيء دائما بصلك الاكل غير كامل,Negative
3a40b55a-0c2b-43cf-9fb6-66719d99a1e6,Careem,Transport Services,1,2026-04-02,تعبان,Negative
27c249d9-efe1-4755-a6cd-e4bcc87ee1f6,Careem,Transport Services,1,2026-04-01,Some time not work and slowly,Negative
b61e559a-7161-4bc0-a0c3-75f8fa2c459d,Careem,Transport Services,1,2026-04-01,اصبحت المساوئ في الشركه اكثر بعد دمج مع شركة اوبر,Negative
ada25c60-72c4-4602-b4ee-1d5299e94330,Careem,Transport Services,5,2026-03-31,جميل جدا,Positive
50a1e065-db65-4b5d-9f37-605d8d3e4c00,Careem,Transport Services,3,2026-03-31,حض,Neutral
6728b214-d85c-4e6e-9051-def3ca17aea9,Careem,Transport Services,5,2026-03-31,الله يعطيكم العافيه تطبيق ممتاز ومفيد جدا للناس,Positive
a82f0be6-fe9d-463b-82ff-df570175beee,Careem,Transport Services,3,2026-03-31,جميل بس السعر اغل من اوبر,Neutral
d27b5699-0c88-4bb5-967e-a014a05342d9,Careem,Transport Services,1,2026-03-30,ممكن افهم انتوا بأي حق بدكم تاخذوا عشرين قرش زيادة بس لأني بدفع كاش المشكلة انتوا التطبيق الوحيد اللي عامل هاي الحركة الوسخة فوق ما انكم سيئين🤮🤢,Negative
a39f3d1d-51bb-4a96-92b5-47f036f46a5e,Careem,Transport Services,5,2026-03-30,خدمه العملاء جدا ممتازه وسريعه بالرد,Positive
b14b0525-b419-417c-9edf-716aa8c9b748,Careem,Transport Services,1,2026-03-30,زباله,Negative
640c7ccf-e4f6-4195-b983-5a336dce44ca,Careem,Transport Services,5,2026-03-30,ممتاز,Positive
70536b9d-b60f-49ce-875c-4a1a31bf6508,Careem,Transport Services,5,2026-03-30,زور باشه,Positive
ed927823-08bd-4f5f-9c04-310954a6a697,Careem,Transport Services,5,2026-03-30,ممتازه,Positive
4fe3ba8f-9365-43d8-9245-38c0606972d8,Careem,Transport Services,5,2026-03-29,تطبيق راقي,Positive
32dcbeb8-7db1-4d3c-8ca0-bd4d92f22f32,Careem,Transport Services,1,2026-03-29,سيء جدا,Negative
84a86d95-7fbc-43c6-897c-f78ac4f2d65e,Careem,Transport Services,5,2026-03-29,شكرا كريم علي تعاونكم في تيسير الانتقال داخل السعودية,Positive
dcb08696-0ce3-4ba5-83c1-c979e2aa32c3,Careem,Transport Services,1,2026-03-29,لا يردون علي قسم الدعم ارسلت اكثر من مرى سيئون خدما العملاء,Negative
b37837fc-1701-4b71-bad9-5fa54a01d8cc,Careem,Transport Services,1,2026-03-29,بعد دمجه باوبر أصبح سيء للغاية جدا جدا جدا,Negative
c5e3cc06-2b7f-40a3-a23f-d611e0c3c217,Careem,Transport Services,1,2026-03-29,لقد حذفت التطبيق بسبب شراكة الشركة الام اوبر مع شركة Flytrex,Negative
e49b90c9-bcc0-407c-a782-102f22e7c2ec,Careem,Transport Services,5,2026-03-28,راااااائع,Positive
97494f3b-485e-4a84-a3f9-2f85f6c74060,Careem,Transport Services,5,2026-03-28,ممتاز,Positive
824b5287-0774-4f88-a6a3-d541cd5d904a,Careem,Transport Services,1,2026-03-28,السائق محترم والسيارة جيدة لاكن انتو دايما بتعطو سعر وبطلعلي سعر تاني,Negative
72be8a55-775e-4210-bc03-3ea753aba697,Careem,Transport Services,5,2026-03-28,جيدة ولا توجد أي ملاحظات,Positive
a9c7fc6c-350a-41a1-96cb-75133f46808d,Careem,Transport Services,1,2026-03-28,لا استطيع استخدم رمز الخصم 50% لخمس رحلات رغم ان هذه اول مرة اجرب فيها التطبيق وما طلبت تكسي كريم من قبل!!,Negative
a11e4f82-9de6-48b2-bdc5-fb9cc5814bb2,Careem,Transport Services,1,2026-03-28,سيئ للغاية اذا طلبت اكل وطلع الطلب خاطئ او في مشكلة لا تحلم انهم يحلو المشكلة يبدلو الطلب او يعوضوك ثمن الخطئ الي حصل سيئين للغاية,Negative
2bb89098-bf7d-4f37-aced-14c2ea054cfb,Careem,Transport Services,1,2026-03-28,جدا غاليين لهذا الغي الرحله واطلب تكسي بلي,Negative
92f2e698-f825-490d-b4fc-98314ddb5d4f,Careem,Transport Services,4,2026-03-28,ممتاز جدا,Positive
337ba332-ed84-4bb4-95ca-0c3a1d37a464,Careem,Transport Services,1,2026-03-28,بعد ان تحول لاوبر اصبح التطبيق سيء جدا والكابتن يطلب مبالغ اكثر ولا من يحاسب,Negative
d776115d-7c18-48eb-aa93-8661de9d10aa,Careem,Transport Services,1,2026-03-27,اسعار غاليه جدا جدا,Negative
1bd40772-377f-487c-8c05-e5f43b683cbe,Careem,Transport Services,1,2026-03-27,مقاطعة,Negative
c88df025-0f38-482d-8812-ce7395e16354,Careem,Transport Services,5,2026-03-25,تطبيق ممتاز للغاية الان,Positive
af12e6e7-f623-42c5-91e2-45b5a99aae16,Careem,Transport Services,5,2026-03-25,جيدة,Positive
227d0415-cba5-4e01-a9b9-4178475cf0ab,Careem,Transport Services,2,2026-03-25,نهروان يمتى تنضاف؟ ؟,Negative
37d1044c-c512-4c5f-90d9-65153a302871,Careem,Transport Services,1,2026-03-25,اخي جاي ادفع للكابتن أكثر من الكروه مالته اومجاي ينزل الرصيد صار أكثر من مرة,Negative
c27c8bc6-de6b-478e-8329-e2e9cca03a84,Careem,Transport Services,5,2026-03-25,جيد,Positive
fee1dd85-cd6f-4c7f-b737-9778c50f1db5,Careem,Transport Services,5,2026-03-25,كريم سريع الوصول للعميل ومتعاونين ومتفاهمين,Positive
ec36d018-801f-4c97-a340-ef731476cb2c,Careem,Transport Services,5,2026-03-25,ممتاز,Positive
17983e74-d5b2-45f2-a188-18cdac1b3e78,Careem,Transport Services,1,2026-03-25,التطبيق سيء عملت رحلة أتأخر التطبيق في الرد عشان زحمة وجاب سواق بعيد جدا فلغيت الرحلة وبعد كدا اتفاجات انه عمل رحلة جديدة رغم اني لغيتها و الباشمهندس اتصل عليا بعد ما وصلت ونزلتوا غرامة عليا,Negative
3142e4f3-0648-4b0f-9e94-caeda0841e05,Careem,Transport Services,5,2026-03-24,خدمه ممتازه,Positive
640fa6f1-d96f-4fbe-92da-fc375dc764ba,Careem,Transport Services,4,2026-03-24,طبعاً اشكر شركة كريم على هذا التطبيق الرائع الذي جعلني اتنقل بسهولة ولكن توجد مشكلة واحدة وهيه انا لايوجد لي قائمة بالطعام يعني لااستطيع طلب الطعام لان لايوجد هذه الخاصية فقط مشاوير.. شكراً لردكم انا من دولة العراق,Positive
b5d4b5cc-6453-4c04-861d-0f414cf408a0,Careem,Transport Services,5,2026-03-24,ممتاز جدا,Positive
3ec07b56-bbd8-4adc-9668-8bb4ed06877b,Careem,Transport Services,1,2026-03-24,تطبيق فاشل,Negative
ec577ed0-0089-4e86-9d1e-3f2db9a7c496,Careem,Transport Services,1,2026-03-24,اين طلبي السائق لغى طلبي وانا دفعت فيزا لسنترو,Negative
a1ffda88-4a2f-40a5-bf9e-7d5ac77289e6,Careem,Transport Services,1,2026-03-24,سيء جدا,Negative
af33319f-6453-432d-9942-8b77b989f4fb,Careem,Transport Services,5,2026-03-24,هل يوجد دفع عند استلام السعودية في مدينة الرياض,Positive
e0b592c6-33a7-459b-8b69-41cdfb1960aa,Careem,Transport Services,5,2026-03-23,تطبيق ممتاز روووعة مشكلة تأخير التواصل,Positive
47ccd888-695f-4e2a-b772-756528cdecc0,Careem,Transport Services,5,2026-03-23,تطبيق ممتاز جدا رووعة مشكله تأخير المواقع,Positive
3f36dec9-017f-4eaf-b0f2-129fefdf8b67,Careem,Transport Services,5,2026-03-23,أكثر من ممتاز,Positive
f300223d-a05d-4b1b-9869-d36e0afefaee,Careem,Transport Services,5,2026-03-23,تطبيق محترم وطقم الكباتن كلهم محترمين وذوق وناس عمليين,Positive
88bdd1d7-0b37-4c3c-b320-caff1ff1599f,Careem,Transport Services,1,2026-03-23,اسعاركم غاليه,Negative
0ebde543-b343-4511-a454-7ca0b7fb7f24,Careem,Transport Services,1,2026-03-22,سئ جدا,Negative
2c664e62-f156-4257-9419-c6d1b3774eec,Careem,Transport Services,1,2026-03-22,كتير بتزيدوا على سعر المطعم والتوصيل كمان غالي,Negative
5519fc3e-a6e8-4a38-83e4-8dee91124708,Careem,Transport Services,1,2026-03-22,جيد,Negative
b4e6d947-7ad3-4388-9011-fbf3c0ea2bd6,Careem,Transport Services,5,2026-03-21,رائع,Positive
6c7961f0-fafe-4dd9-b83a-1a6fef80fa33,Careem,Transport Services,1,2026-03-21,سيئ جدا وما في حد بساعدك نهائي دائما لا تتوفر سيارات متاحة من ١٥ يوم,Negative
c64a0d83-1bac-4c81-8ac9-6155f72839f3,Careem,Transport Services,5,2026-03-21,برنامج ناجح,Positive
bf57e478-fb0b-4aff-a433-0d88775a2dfa,Careem,Transport Services,5,2026-03-21,تطبيق سهل وأمان وسريع وسعرو حلو,Positive
49472329-3a57-4ebe-be7c-84d54936a1c6,Careem,Transport Services,5,2026-03-21,برنامج رائع كل عام وانت بخير,Positive
60167c29-170c-4543-8b00-ad6debb9e8ea,Careem,Transport Services,5,2026-03-21,افظل من بلي,Positive
329e38f2-e12f-49e8-abd3-14c9e5062cdc,Careem,Transport Services,5,2026-03-20,ممتاز والسائقين محترمين,Positive
cb8dd9da-7206-406f-a453-0837fca51eee,Careem,Transport Services,1,2026-03-20,عبيطين انتو كل شوي الاقي مبلغ غير مسدد عباطه هي حرفين اسم التطبيق بخيل مو كريم كل شوي فجءه يطلع لي مبلغ غير مسدد تسرقوني,Negative
4784cfc4-a1d8-431d-a2b9-eeb10ba23b33,Careem,Transport Services,5,2026-03-20,حلو,Positive
f34d5cd8-0ad1-4cd9-8757-9e986e5af41d,Careem,Transport Services,4,2026-03-20,كان في البدايات افضل تراجع مستواه,Positive
59337165-7fca-452d-8ffa-a4a0f146be1c,Careem,Transport Services,1,2026-03-20,سيئ جدا تم اضافه مبلغ في المحفظه وعند طلب مشوار يطلب الكبتن مبلغ التوصيل علما انني اختار في كل رحله ان تخصم من المحفظه وتواصلت اكثر من مره من الاداره دون فائده مافائدة اطلب تكسي افضل,Negative
a9ce508c-60aa-4623-9377-167822deece8,Careem,Transport Services,5,2026-03-19,ممتاز,Positive
1fb2b163-ce73-4026-ba68-1fcd9013d8f3,Careem,Transport Services,5,2026-03-19,جيد جدا,Positive
6bc18bbf-0840-4ddc-8caf-8aee47116c3c,Careem,Transport Services,5,2026-03-19,تطبيق ممتازجدا بسعر الخصم واتمنى تبقى اسعار الخصم,Positive
0c503ff0-2898-4123-8326-1cf200501071,Careem,Transport Services,1,2026-03-19,اخر ابديت جدا فاشل ودائما ينقطع منك فلوس ماتعرف ليش,Negative
814ca47e-dc46-48ff-a5a5-7f4f2abde1d9,Careem,Transport Services,1,2026-03-18,سيئة جدا,Negative
f4b5a86d-26d1-4d53-93fe-da3c3df2a4c5,Careem,Transport Services,5,2026-03-18,ممتازه,Positive
e5e45a00-4fa5-49ee-91d4-9730c858c976,Careem,Transport Services,5,2026-03-17,جيد جدا,Positive
d4ed232c-9603-4b26-8200-99356e76c6b2,Careem,Transport Services,5,2026-03-17,good,Positive
8186b425-9f5f-4343-8401-bcf3063940d1,Careem,Transport Services,1,2026-03-17,دفعت كاش اكثر من مبلغ الرحلة وعند المطالبة لم تتم محاسبة الكابتن الذي جاء لي بسيارة مختلفة آخر تعامل معكم,Negative
931e8856-2f66-4bd0-a6be-ad351b1d979f,Careem,Transport Services,4,2026-03-15,جيده جدا,Positive
dbc2a5ec-9ca1-4f7a-afc3-fe4364eae1bd,Careem,Transport Services,5,2026-03-15,❤️,Positive
956b6179-081f-4d96-bb68-8116e1028835,Careem,Transport Services,5,2026-03-14,كويس استخدمه باستمرار,Positive
2eae5cb9-e764-42e2-8ec1-f2c58e3106cc,Careem,Transport Services,1,2026-03-14,سيء,Negative
f79bfff3-4488-4673-ab18-7f574f3cfdcd,Careem,Transport Services,1,2026-03-14,تطبيق سيء وغير واقعي، طلبت كريم بسعر ٧ الاف دينار وصلت يكلي الكروه ١٥ الف دينار، مع العلم ما واجهنا اي ازدحام او تأخير او اي شي.,Negative
61bcb0db-e30f-46f4-b94f-5558053ebf48,Careem,Transport Services,5,2026-03-14,جيد,Positive
4e3ce4c4-f99b-4b60-be5b-35f436621076,Careem,Transport Services,1,2026-03-14,طلبت سيارة واجت ولما قربنا نوصل الموقع وقف الكابتن على اليمين وقلي وصلت وانا محدد الموقع في الجهة الثانية من الطريق المفروض ياخذ يوتيرن وينزلني ولكن رفض عشان في ناس واقفين في الطريق وبدهم تكسي قدم شكوى ولكن للأسف مافي فائدة,Negative
26204408-a515-4936-b871-4eec88302eec,Careem,Transport Services,5,2026-03-14,Good,Positive
fcd1c15e-1bf9-442c-b68f-34b0515472e7,Careem,Transport Services,5,2026-03-13,مشاء الله,Positive
e197278c-ef1c-4333-8a64-eb9dd0b6b933,Careem,Transport Services,5,2026-03-13,كنت حاجزه قبل كده ولكن لم يتم مجيء السواق في الميعاد المحدد ولم يتم الاتصال بي وكانت المواصله ب7 درهم وأصبحت كغرامه 13 درهم ودفعتهم بعدها حاولت اكتر من مره حجز عن طريق الابلكيشين لكن في كل مره يبعت تم الرفض,Positive
10d26c8b-b0fd-4140-b688-b6e87a87233f,Careem,Transport Services,5,2026-03-13,تطبيق مفيد جدا للرحلات,Positive
5dfab364-a558-4bd0-aad3-85811f199989,Careem,Transport Services,4,2026-03-12,تطبيق ممتاز بس لو تنزلو خصومات للمستخدمين باستمرار,Positive
2642e5b8-899d-4a84-ab75-fe1c1888ed28,Careem,Transport Services,1,2026-03-12,للأسف أصبح تطبيق سيئ جدا وخدمة العملاء اسوء شيئ فيه من انحدار لأنحدار اسوء تطبيق موجود لطلب الطعام فاااااشل,Negative
33daa8bc-3df6-42ae-8647-8ee33855a84d,Careem,Transport Services,1,2026-03-12,لا يتم أخذ الشكوى بعين الاعتبار ويتم الاعتماد على السائق حتى لو اخذ مبلغ اجره إضافي أكثر من اجره التطبيق وادخل إلى البرنامج مبلغ اخر وبعد تقديم شكوى قالوا أيمكن اعاده المبلغ الاضافي لايوجد مصداقيه,Negative
f17d52ad-bb08-45a9-8260-17086382b591,Careem,Transport Services,1,2026-03-12,تطبيق معقد ياليت يتم تبسيطه ليتمكن اي شخص باستعماله,Negative
becf3df4-2a66-48f1-aad3-eeecefe00920,Careem,Transport Services,5,2026-03-12,حقيقة تجربه رائعه ومحترمه من التطبيق مواعيد مضبوطه واسعار مناسبه ، شكرا لكم سؤال هل التخفيض على الأسعار 50% يشمل 5 مشاوير فقط ام التخفيض مستمر ، مع التقدير,Positive
e4756018-57b1-47f8-a72c-dd4f3d531294,Careem,Transport Services,5,2026-03-12,👍,Positive
4c539032-99cb-4dc8-993f-cb6bb3b2a875,Careem,Transport Services,1,2026-03-12,فاشل,Negative
e02e1401-bd3c-4481-b462-80e12b8c83b0,Careem,Transport Services,1,2026-03-11,غالي ريالين كل دقيقه كثير!,Negative
56d52542-c51d-44f4-a1a8-0b357ccc7ebb,Careem,Transport Services,1,2026-03-11,للاسف تطبيق ما عليه امان تكون مشترك كريم بلص والك مصاري بالمحفظه فجأة كريم بعملك بلوك ويروح عليك اشتراك كريم بلص ومصاري المحفظه تطبيق يأخذ مصاري بحجه بلوك وما بحلو مشكلتك ومصاريك اخذوها,Negative
9932a878-16ab-4710-b906-8f100b686560,Careem,Transport Services,5,2026-03-11,ممتاز,Positive
f7e9b1ff-c9ce-4b20-8c4c-2a2a2704fa1d,Careem,Transport Services,1,2026-03-11,سيء كل ما احاول افتح حسابي بحكي يرجى الاتصال بنا,Negative
b4416b95-b513-45a4-852e-3cb52f10dd33,Careem,Transport Services,1,2026-03-10,واجهت مرتين مشاكل ويا الكباتن علمود الدفع و اتصل بالدعم و مسوو كلشي معاملة سيئة جدا و خدمة بعد اسوء افشل تطبيق شفته حرامات بس سيط,Negative
78e1b07b-3309-4055-b3ba-9c6a3c5fb37e,Careem,Transport Services,1,2026-03-10,مفيش كباتن بيضيع وقتنا والآخر محدش بييجي,Negative
61dc6c54-21fe-4bad-9b2f-df9dd0d7dfea,Careem,Transport Services,4,2026-03-10,التطبيق جيد ...لكن لما يكون في رصيد بالمحفظة فجأة يتسجل عليك مشوار انت مارحته ويسحبوا منك الفلوس,Positive
461dd1ea-911d-49d6-b9ce-28411934ecb2,Careem,Transport Services,1,2026-03-10,في البداية عند طلب الطعام كان هناك خصومات وعروض تحفز التعامل ومع مرور الوقت اختفت للاسف ولذلك ارجو البقاء على راحة العملاء كما عهدناكم وعندم التراجع ومن أجل ذلك لم اضع خمسة نجوم ، ارضاء العميل وثقته بكم تمنحكم خمسة نجوم والقرار لكم. للاسف سرعة في التراجع في الخدمات مع اعلانات خصم وتوصيل جميعها وهمية تراجع مستمر للاسف التراجع هدية كريم في عيد الفطر للاسف وكول سنتر لا يجيب ٣/٤/٢٠٢٤ اشد الندم مرة اخرى لاستخدامي التطبيق للاسف. تم خصم اشتراك 3 دنانير وللاسف بيتزا القيصر غير موجود,Negative
b8f41951-3226-4613-bf79-5094f11ca087,Careem,Transport Services,5,2026-03-10,بجنن,Positive
c52c7157-9a45-4070-81b3-8761ba971cd7,Careem,Transport Services,1,2026-03-10,التطبيق ممتاز ولاكن السواق متحرشين ارجو ان توضفون الناس المحترمين او الذين يمتلكون ٥ نجوم فقط,Negative
947b76b1-82e6-4aaf-90f2-feb90050a53b,Careem,Transport Services,1,2026-03-10,بصراحه كنت بحبو جدا جدا والناس كانت محترمه بس ف مره السواق هو اللى لغى الرحله وخلانى ف الشارع وقت طويل جدا وكمان حط فلوس عليا ومش عارفه اتعامل مع اللابلكيش بقالى سنه,Negative
192563c1-e689-46ea-bd22-f05d19b8c2e2,Careem,Transport Services,1,2026-03-10,فاشلة الصبح من اطلب مايلتزمون بالكروة ياخذون اكثر على الرغم جان عندي تخفيض بالسعر، ياريت الشركة تهتم بالسيارت الصبح,Negative
4640ba46-d73d-49fd-81d5-bac6d6e3ce47,Careem,Transport Services,5,2026-03-10,ممتاز,Positive
2f569153-d9f6-4aeb-9279-9b74a8147d4f,Careem,Transport Services,1,2026-03-10,الاسعار غاليه بالتطبيق,Negative
c70b7da0-240e-448a-a22f-dbac2a0d4d80,Careem,Transport Services,1,2026-03-10,سييييء,Negative
b9a4798e-0afb-43db-8161-07664211de59,Careem,Transport Services,1,2026-03-09,سي جدا مره مو حلوه ويتأخرر لين يجي!! 🙄😡,Negative
8877833f-8666-4136-a642-6c4a0a498d3c,Careem,Transport Services,5,2026-03-09,انا بحب ت كريم,Positive
e4dea73f-f59d-4294-894c-d1ceff247909,Careem,Transport Services,5,2026-03-09,ممتازة,Positive
b0af0a33-f1ee-4d9a-9ad3-fb0d57491749,Careem,Transport Services,1,2026-03-09,رجاءا حلوا مشكلة طلب التكسي عن طريق الواتس اب يعني لما اريد اروح لمكان واطلب من الشخص عنوان حتى ارسل للكابتن يكتب كريم لٱ يعمل هنا التطبيق صار جدا سيئ المفروض من دمجوا اوبر مع كريم يتطور للاحسن لَـگِنْ العكس الي صار الطلب صعب والخريطة سيئة حتى الكابتن نفسه يعاني,Negative
096039ac-4bc5-44ea-a349-a91afc55c333,Careem,Transport Services,5,2026-03-09,الحمد لله,Positive
2405262e-055b-4a66-9500-c363b3c41154,Careem,Transport Services,1,2026-03-09,اكثر من نصف ساعة لايجاد سائق وبعدها يلغي.,Negative
eb209ec1-cb84-4092-8c42-0cb24f8418c7,Careem,Transport Services,1,2026-03-08,اسوء حاجة,Negative
467b229b-700f-4681-a871-f9dd5985ff9f,Careem,Transport Services,1,2026-03-08,أواجه مشكلة في حجز الرحلات وكلما حجزت رحلة تظهر رسالة فشل حجز الرحلة ولم يتم حلها حتى هذا الوقت,Negative
bbb44d58-6019-4b5c-a1db-7303f2f41d5c,Careem,Transport Services,1,2026-03-08,لايمكن استرجاع الرصيد ؛ وعند الرغبة في استخدامة لطلبات المطاعم يكون الرد المنطقة غير مغطاة بالخدمة !!!!!,Negative
2b6697f9-7260-43cc-824e-8ba376b1b3f6,Careem,Transport Services,5,2026-03-07,ممتاز جدا جدا جدا جدا,Positive
01c5c981-d5a9-4635-994e-7dbffa96e1fc,Careem,Transport Services,5,2026-03-07,ممتاز,Positive
f94425cb-c398-469c-96fb-122f7d67fa90,Careem,Transport Services,1,2026-03-07,عموما حذفت التطبيق راسلوني الدعم بعدحاظريني من تطبيق ردوعلي,Negative
fae30bac-87d4-4fae-954a-5c4590902438,Careem,Transport Services,1,2026-03-06,سيئ في نصب على الكباتن حرام,Negative
8e40b41d-dc6e-4181-92c4-d8e3f28c5cc7,Careem,Transport Services,5,2026-03-06,افضل تطبيق,Positive
d4137362-07a4-4ca8-b767-4f73b1b7b086,Careem,Transport Services,5,2026-03-05,اول تجربه لي وكانت ممتااازه,Positive
9178733b-16e2-49cb-8051-e794415abfbd,Careem,Transport Services,1,2026-03-05,عدم اهتمام التطبيق بل عملاء وتقديم مصلحه الكابتن على العميل,Negative
fdf491c7-d1a4-4cc5-9342-5f3872004f66,Careem,Transport Services,5,2026-03-05,ممتاز,Positive
537bffc3-67c9-4a90-8bcb-999c3ec6b33b,Careem,Transport Services,5,2026-03-05,رائع جدا لكن يجب تمديد فترة الخصومات اكثر من المعتاد,Positive
01694b53-bc36-421b-b7ab-eb169201bf9a,Careem,Transport Services,1,2026-03-04,كل ما اطلب يقولي كريم لايغطي المنطقه مصري الجديده مدينه نصر عباسيه كل مكان كريم لا يغطي هذه المنطقه,Negative
6da43bfa-e1fa-4fde-8e22-25aa2683c385,Careem,Transport Services,5,2026-03-04,البرنمج لا يعمل,Positive
f4ae46c4-6ed9-45ae-b446-05566b1a6a80,Careem,Transport Services,1,2026-03-03,للأسف تجربه سيئه الكابتن عبد الله العبد ما اكتفى بأنه ما وصلني لغى الطلب من عنده 🔴 رنيتله اسئله انا منزله الابليكايشن عن جديد ومو عارفه ازا وصلت اولا سكر بوجهي ولغى الطلب,Negative
87e2ec8a-2c4a-4307-8ce4-e66f904ab236,Careem,Transport Services,2,2026-03-02,جيد,Negative
f7efba01-0057-4337-8854-a16af6c45b7a,Careem,Transport Services,1,2026-03-02,متعبه جدا من خلال خدمة العملاء,Negative
99882c57-bf77-4ccf-bbe5-145881ce2770,Careem,Transport Services,5,2026-03-02,التطبيق ركاب موقف عنا ممكن اعرف شو الأسباب ؟؟؟؟,Positive
189ec9e5-ec90-4fad-9ee6-6ce87a618fe1,Careem,Transport Services,1,2026-03-02,تطبيق كريم ةفى بورسعيد عربيات فقط,Negative
3275d3e5-71a0-4eca-a320-7fe35c0e0489,Careem,Transport Services,5,2026-03-02,عشق,Positive
1be21753-3a34-4a72-b9e8-8d8018fcd175,Careem,Transport Services,1,2026-03-02,متنطون السائق حقه في الدفع الالكتروني و التطبيق بي مشاكل و شكد يشتكون و متتصلح👎🏻,Negative
1942f4d1-c4bb-445f-8d25-7f38e4346d12,Careem,Transport Services,1,2026-03-02,البرنامج يوم عن يوم يسوء اكثر. حاليا اطلب تكسي كريم لا يظهر الكابتن على خريطه بعد موافقته حجز الرحله,Negative
e4b518bd-2f8e-4ec2-8e67-38d1c1a7084b,Careem,Transport Services,1,2026-03-01,لا يعجبني,Negative
6886cc1c-0c6f-49ee-9b9d-23a256e154a4,Careem,Transport Services,1,2026-03-01,زبالة,Negative
67670487-4797-4737-b318-5bfd8cf06f71,Careem,Transport Services,3,2026-03-01,السعر بالتطبيق شيء والكابتين ياخذ شيء ثاني حتى لو الفرق ريال,Neutral
6cdd3579-c836-47fc-82f8-cd67b0c8b8cb,Careem,Transport Services,5,2026-03-01,ماشاء الله تبارك الرحمن الرحيم,Positive
b7d3ecd8-31c5-4a46-9c97-ab8b4136f74a,Careem,Transport Services,1,2026-03-01,مو شغال في المفرق,Negative
deaf7195-fd53-415d-8b03-747678763a92,Careem,Transport Services,3,2026-02-28,استخدم التطبيق يوميا ومع ذلك لا يتم كود خصم . المفروض التمييز بين من يستخدم التطبيق بكثره ومن يستخدمه لمشوار,Neutral
6fb85ecb-14b1-4d86-9e04-84405c2bc742,Careem,Transport Services,1,2026-02-28,يسلم ايديك يا كريم انت كثير شاطر يسلم ايديك يا كريم انت كثير شاطر,Negative
16152733-486b-4327-93fe-e92b0107ede9,Careem,Transport Services,1,2026-02-28,غالي و اسعار مبالغه,Negative
fea6d30c-7224-4bad-900c-b62fe6078027,Careem,Transport Services,5,2026-02-28,برنامج ممتاز للغايه لاكن هناك مشكله من اطلب كريم يتأخر يالله يجي وين اظل واكف ومرات اطلب السيارات تارسه الشارع ومحد يقبل الرحله مع جل احترامي لشركه كرم وسائقي كريم وشكرا❤,Positive
2c23fe02-9e75-4033-b3f7-402f77410d53,Careem,Transport Services,1,2026-02-28,التطبيق يقوم باخذ الأموال من البطاقه البنكيه مع ان المحفظه فيها أموال التطبيق يتحكم في البطاقه البنكيه ويتصرف كيف يشاء الحذر من التطبيق,Negative
65511941-4d32-491c-8283-632f92700de9,Careem,Transport Services,1,2026-02-28,اقيمه صفر لان يطلعلي سعر يجي ابو التكسي يكلي شوفي شكد طالع وياهو اركب ويه يزيدلي الكروه ويطلب أكثر راح امسحه لان تطبيق فاشل,Negative
8809b023-1a93-45ce-bc26-0e26efdb4880,Careem,Transport Services,1,2026-02-27,اقل من نجمة فما يخص استخدام الدراجه او الاسكوتر تم سحب اكثر من مرة مبلغ من الحساب ولم يرد لي منذ شهرين وقبل اسبوع قمت باخد اسكتور كذلك خصم مبلغ كضمان ولم يرد وتواصلت مع خدمع العملاء نفس الاشكالية والبنك يقول تواصلوا معهم انا وقفت الاستخدام معهم للاسف كادراجه واسكوتر لاانصح بالاستخدام,Negative
8680c93d-2c23-4fe2-a705-f223ac293c8b,Careem,Transport Services,5,2026-02-27,تجربة ممتاز,Positive
ef658ab6-7d37-482f-b8c4-c4f0490865f7,Careem,Transport Services,1,2026-02-27,اسوأ تطبيق,Negative
50bdae04-e0c5-42af-8e76-eab3750900a2,Careem,Transport Services,1,2026-02-27,اسوا تطبيق شفته بحياتي مشوار صغير اخذ منيـ32 كل التطبيقات تاخذ اقل من 20الا كريم ياخذ فوق ال30حتى لو المشوار قصير حسبي الله,Negative
1d461172-d879-4d62-8889-53c1fb3c4525,Careem,Transport Services,5,2026-02-26,جيد,Positive
b94c720c-cabe-48d5-9dd8-e15d526d6006,Careem,Transport Services,1,2026-02-26,التطبيق سي للغايه,Negative
e85c65f8-1f7d-4394-b7a6-86e6b4e45f9e,Careem,Transport Services,1,2026-02-26,بعد التحديث انقطعت تماما اكواد الخصم وارتفعت أسعار الرحلات فى المعظم مقارنة بالتطبيقات الاخرى أصبح أعلى تكلفة للعميل,Negative
57ab5a9d-159c-45ef-8307-4209f890bfb3,Careem,Transport Services,5,2026-02-26,ممتاز,Positive
02d7aa20-7192-4e8f-bdb4-750e6e1d8bb7,Careem,Transport Services,1,2026-02-25,سي جدا,Negative
3a6b7d97-e0db-440a-a553-43e9657b0a36,Careem,Transport Services,1,2026-02-25,اكبر نصابين في المدينة هاذا كريم اليوم قفلو عليا الحساب بدون سبب اتصلتلهم قالو ليش تستخدم البطاقة في عدة حسابات ايش دخلهم هاذا بطاقتي استخدم فيها فين ما ابغا,Negative
a584bb49-d166-4d43-bcad-a28cfbdcaacd,Careem,Transport Services,5,2026-02-25,جميل جداء,Positive
81cb4820-4c61-465e-96a8-05c96547b049,Careem,Transport Services,5,2026-02-25,واجهت من فتره مشكله بالتطبيق لكن الفريق المشرف على التطبيق قاموا بحل المشكله بأسرع وقت وكانوا جدا حريصين على ارضاء المشترك شكرا لكم,Positive
ddc8046d-5e69-4ee6-bc8d-2f473e9ae1ed,Careem,Transport Services,1,2026-02-25,السائق لم يرجع باقي المبلغ الدفع كان نقدي,Negative
3accfd3c-3306-4f09-8aa3-2c560a61866c,Careem,Transport Services,5,2026-02-25,جديد,Positive
3493f2c1-8fea-4f34-bf76-20b254c84fd4,Careem,Transport Services,1,2026-02-25,حظرت بلا سبب,Negative
02555a90-027e-4cb5-ab9c-fdb5b31c61f9,Careem,Transport Services,1,2026-02-24,سئ جدا في حفر الباطن,Negative
a99b7a6e-95b2-4a2e-87e3-3f3823e9fc93,Careem,Transport Services,1,2026-02-24,عدم اظهار الباقات بشكل واضح و تلاعب في الاسعار,Negative
2816dd3e-49d6-4e30-b9e5-40fdf00462ac,Careem,Transport Services,5,2026-02-24,ممتاز,Positive
675423b3-a3f7-4126-a1ea-3f9bf8c8f01f,Careem,Transport Services,1,2026-02-24,سيء جدا الراكب من يواجه مشكلة مع الكابتن ما عنده طريفة تواصل الا على سيم كارت,Negative
7d8eba06-3a8f-46ec-bdf3-1ce13817f53a,Careem,Transport Services,5,2026-02-24,ممتاز جدا يتساهل التقييم,Positive
1f4ff769-9eea-4705-bb66-f1f7054d7910,Careem,Transport Services,1,2026-02-24,غالي نفس سعر الاجرة,Negative
b6c9af0a-91f8-427e-962b-065ea248c023,Careem,Transport Services,1,2026-02-24,انا شخص اعيش في الاردن تحديدا في منطقه المفرق ولا استطيع الطلب منكم بسبب انها المنطقتي ليست ضمن التطبيق وهذا ليس عدلا,Negative
f0ba890e-7674-4be7-8f94-46cecbca0e2e,Careem,Transport Services,5,2026-02-24,ممتاز,Positive
494d5515-3cfb-4af7-8495-3eabae785db2,Careem,Transport Services,5,2026-02-24,رخيص وجميل,Positive
0b28c6b1-6192-42d2-8678-3b1acf1e07b1,Careem,Transport Services,1,2026-02-24,للأسف احاول الاشتراك في التطبيق يعطي أنه هناك مشكله كثير كتبنا المشكله على الرابط ولكن بلا فائده,Negative
09e71f17-8f7b-4ae8-9f46-86d41203faa4,Careem,Transport Services,1,2026-02-24,للأسف تطبيق كنت افكر انا تأمن له في المال اشتركت كريم بلص لمده ٦ أشهر ومحفظتي في مبلغ لكن للأسف تفاجئت اليوم تم حظر حسابي على اي اساس راح الاشتراك وقيمته والمحفظه التي فيها حساب لي للأسف اخذوهم يمكن زكاه مال باي حق تحضرني وتأخذ اشتراك انا دافعه ومحفظه فيها نقود وليش تحضر الحساب سياسه فاشله للأسف شو ما كان السبب لايحق لك حظر حسابي انت المفروض تطبيق لخدمتنا وندفع مقابل ذلك اذهب الى تطبيق طلبات مستحيل يحضر الحساب لان حظر الحساب انت تخسر تعامل الزبائن للاسف شكوتي عندك بالمسنجر مع رقم الهاتف,Negative
f206e9c2-3b13-429b-820e-6c8a4dec5367,Careem,Transport Services,2,2026-02-24,قبل التحديث افضل,Negative
ccf5e4ed-a67f-4150-bae7-a4b345a9aed0,Careem,Transport Services,1,2026-02-23,لا انصح باستخدامه تكون مشترك فجأه والا عاملين حظر الك نصيحه لاتشترظوا تدفعوا مصاري على كريم بلص او تحطوا مصاري بالمحفظه فجأه بعملوا حظر الك وتروح عليك مصاريك,Negative
76cafde3-545d-4ecb-abe9-7afcde49582b,Careem,Transport Services,5,2026-02-23,ممتمزه,Positive
cb690e8d-3a5d-4b0d-bca9-3a72dde3358a,Careem,Transport Services,1,2026-02-23,تأخير غير طبيعي والكابتن يوصل مكان غلط ومايرد رغم اني اريلت واتصلت عليه ويلغي الرحلة واتحمل انا الرسوم تقييم سيء جدا ولا انصح باستخدام التطبيق واخر تعامل معاهم,Negative
2de5f116-6d73-4b26-9ccb-40174c926101,Careem,Transport Services,3,2026-02-23,رائعة جدا و الكباتن جدا محترمين.. غير إني وضعت 3 نجمات لأنه باهض الثمن قليلا.,Neutral
8cfaea40-c9a7-4c2e-a2af-0ad4c5cccffe,Careem,Transport Services,5,2026-02-23,تطبيق راقي واسعارهم مناسبه انصح الناس اتنزله,Positive
b1be9755-0b2d-4e65-a1d1-04417c49282c,Careem,Transport Services,1,2026-02-23,افشل تطبيق حسبي الله عليكم بعني عندي شغل ولازم اطلع من وكت 3 سواق انتظرهم ويلغون الرحله وكله وكت عليه ومن وراهم تصير طلعتي بالازدحام,Negative
dc376fcc-f9fd-40a4-9ddf-8ef151e17052,Careem,Transport Services,1,2026-02-23,خدمة عملاء سيئة جدا,Negative
3a1a3341-fb5e-411e-9ff4-e46ec254776a,Careem,Transport Services,5,2026-02-22,قبل التحديث الاخير كان التطبيق اسهل للاستخدام,Positive
4e9ff8cb-7e9a-4427-9529-486b01c1f90f,Careem,Transport Services,2,2026-02-22,سيئ,Negative
97e1f776-2eed-42e4-9e89-ac9c4c0064da,Careem,Transport Services,1,2026-02-22,الاسعار أصبح مبالغ بيها رحلة ما تاخذ وقت 5 دقايق ياخد أجرة 4 الالف إضافة ان يتأخر كلش لحد ما يحصل كابتن,Negative
0bf65437-d494-4e71-8de2-7f191796270e,Careem,Transport Services,5,2026-02-22,هل استخدام التطبيق مجاني بالنسبة للركاب وهل استطيع استخدامه في مكة المكرمة ؟,Positive
a29c88e0-3554-4c54-a53f-9a3e01d1641a,Careem,Transport Services,1,2026-02-21,تجربة سيئة جدا جدا وخدمة عملاء اسوء بكثير ولا يوجد وسيلة اتصال سريعه بين خدمة العملاء والعملاء وبيتركوا الامر بين السائق والعميل بشكل عشوائي ودا اخر تعامل معهم للأبد,Negative
2ef3ccba-baa0-4dea-9d8c-d36d9227d252,Careem,Transport Services,1,2026-02-21,يمنع من دخول البرنامج,Negative
0390ebb9-1692-4400-85e6-dc609c6bbaf4,Careem,Transport Services,5,2026-02-21,كان يوجد مشكلة لدي بالامس و لكن فريق خدمة العملاء قام بحل المشكلة بشكل سريع و جذري ، شكرا خدمة عملاء كريم,Positive
178bb3e2-dec8-4cdd-9773-d3a2250a0549,Careem,Transport Services,1,2026-02-21,اسعار مرتفعة,Negative
cb94ff04-8bb3-43eb-85af-786cd0586b5d,Careem,Transport Services,2,2026-02-21,الموظفين سئء خدمه,Negative
cf6715ae-1b28-43fe-808f-03bf261f8d1f,Careem,Transport Services,4,2026-02-21,الحب الحب,Positive
5b1d27c5-2fa4-4816-94bd-0c8823204b5a,Careem,Transport Services,1,2026-02-21,التطبيق اصبح سيئ للغاية اكثر من ثلاث مرات نطلب كابتن ولا يأتي و تكلمه يقول انت عملت الغاء وانا لم ألغ شئ و يكون المشوار موجود عندي معلق ولو الغت يقولك عليك تكلفة تطبيق سيئ للغاية اصبح و الله المستعان .. بالإضافة انه سيئ للغاية في مكة,Negative
f4954a18-059c-43a1-9750-a3bd869de113,Careem,Transport Services,1,2026-02-20,تطبيق فاشل لما الكابتن يلغي الرحلة عشان معرفش يوصل لمكان العميل ويقرر يحسب المبلغ علي العميل من دون العميل ما ياخد الرحلة يبقي دي سرقة,Negative
8ec0e1e4-9ad3-4199-9e04-4136518a5a8b,Careem,Transport Services,5,2026-02-20,ممتاز,Positive
5dcdd833-f1b8-4ac6-96c3-8a5fa3181173,Careem,Transport Services,2,2026-02-20,غير دقيق وغير مرن في تحقيق طلب الزبون من خلال التطبيق ويصعب التواصل للإستفسارات مع فريق المساعدة وكذلك اواجه صعوبه للتواصل مع الموظف الملم بحل الصعوبات,Negative
6e3875d8-192a-4c51-812f-c00f1c0fc3e1,Careem,Transport Services,2,2026-02-19,كان تطبيقي المفضل لمدة تزيد عن ٣ سنوات في الفترة الأخيرة ماصار في سيارات بمبالغ قياسية للموظفين اللي يستخدموه بشكل يومي والأسعار مبالغ فيها وبعض السيارات لا نظافة ولا إسلوب فللأسف حذفت التطبيق ، البدائل صارت متوفرة لكن الخدمة اللي تخلي التطبيق ناجح,Negative
595437c0-3764-4a66-b0ab-a9932d774387,Careem,Transport Services,3,2026-02-18,ممتاز,Neutral
18702d88-cd31-4442-b9a9-3afa088d362e,Careem,Transport Services,5,2026-02-18,جميلة,Positive
4825ce73-f291-45c2-ad9f-24d3ca48f06b,Careem,Transport Services,5,2026-02-18,تطبيق جيد جدا مناسب للعوائل العراقية من حيث الأمن و الامان والراحة و كباتن التطبيق متميزين بالخلق الحسن والصبر مع الزبون وخصوصا مع كبار السن والنساء,Positive
5e255173-2ce9-446f-b449-ede79d4f9626,Careem,Transport Services,1,2026-02-18,رافض الدخول بيقولي حسابك في مشكله ابعتلنا ولنا بلعت محدش بيرد,Negative
6b42c6e5-6bd9-439b-8dae-8dae766abcee,Careem,Transport Services,5,2026-02-18,بس شوي بطين,Positive
05ce82bd-07bd-49bb-8ec2-4bf814615e73,Careem,Transport Services,1,2026-02-18,"Unfortunately, I was charged for a Careem Plus subscription without my permission or request for the service. This practice undermines customer trust. I demand immediate cancellation of the subscription and a full refund. A very bad experience.",Negative
0492c6b3-9543-4314-a084-3bfbf922abe4,Careem,Transport Services,1,2026-02-18,كريم للدراجات نصب واحتيال,Negative
b9df4e5b-c697-43b1-85cd-c9866610dfba,Careem,Transport Services,1,2026-02-17,مش قادره احدد سعر الرحله التقريبي قبل تأكيد الرحله,Negative
b44ff4f6-b44c-4824-ab1f-3a98c5f4498f,Careem,Transport Services,1,2026-02-17,😠,Negative
8e87c46b-007e-43bd-a94d-200821927101,Careem,Transport Services,5,2026-02-16,مرحبا.. لماذا لا وجود لكريم في تطبيق سوبر كي/ ديجيتال زون. حتى نستطيع شراء بطاقة كريم,Positive
87568a3e-99ba-487e-98d0-d05e8054952f,Careem,Transport Services,3,2026-02-16,اواجه مشكله بالتطبيق لاستطيع ان اطلب مشوار لأن علي سداد مبلغ لو تخلوه زي تطبيق المبلغ السداد يوضع بالمحفظه وبسدد الطلب في المره القادمه حتى سداد مشوار السابق مو موجود بخدمة، كريم,Neutral
d2a6b3c5-321d-4636-b5d1-818f10b67698,Careem,Transport Services,1,2026-02-16,تطبيق معفن,Negative
7cb5dca0-2c70-4fee-95a1-6b9aadaa75e7,Careem,Transport Services,5,2026-02-16,رائع جدا,Positive
5b8526ce-c0b4-4ae4-a169-684c776fa601,Careem,Transport Services,5,2026-02-16,كويس,Positive
61473d9f-3c6e-43da-8fb6-7fc19d31029e,Careem,Transport Services,1,2026-02-16,سافرت الى السعودية و رجعت الى الاردن و حاولت التسجيل عدة مرات فى التطبيق و لم يفتح وصلني ايميل بانه تم حظر حسابي و انا عميل و لم الغى اي رحلة من وقت ان انضميت الى كريم ، ممكن اعرف سبب الحظر,Negative
8dcb426b-03c7-4118-b761-3eac8c4267aa,Careem,Transport Services,1,2026-02-15,سيء,Negative
cf5d3bc5-2534-4fab-91f1-16cd0ddcdb55,Careem,Transport Services,1,2026-02-15,غير امن وخدمه العملاء سيىء جدا ومتعرفش تتواصل معاهم وقت المشكلة في الرحله,Negative
d1e7b79b-f241-4e70-b2dc-a56f5ab88f77,Careem,Transport Services,1,2026-02-15,ياخذون فلوس اكثر من يلي محدده بالتطبيق,Negative
e90e617d-8a3d-42f5-a2e2-44064ccbbb1b,Careem,Transport Services,1,2026-02-15,مرحبا ارتفاع سعر الرحلات بشكل كبير وعلما بان قبل لم يكن بهذا الشكل,Negative
441d32a8-2a83-4282-866b-ec8c6a5ef7e6,Careem,Transport Services,3,2026-02-15,الكباتن اصبحوا قليلين جداً,Neutral
af8efe51-d7c9-4f69-8147-4ac5cab01208,Careem,Transport Services,1,2026-02-14,ليه مبطلين تبعتو بروموكود للرحلات ؟,Negative
2b4699af-d330-4f7c-bad4-bcb973bacbe7,Careem,Transport Services,5,2026-02-14,تجربه حلوة وكل الكابتن محترم والله يرزق هم من حيث لا يعلمون تطبيق حلو وسريع وراقي جدآ,Positive
d45f4c78-01d1-4ad5-a18d-e0e112347f87,Careem,Transport Services,1,2026-02-14,مره صعدت ويه واحد من السواق اباوع جوه الكه قواطي ما مشروب او نبيذ و العياذ بالله,Negative
3afbd19e-14d5-4323-9c36-a6d4780953d9,Careem,Transport Services,1,2026-02-13,تجربتي مع الدرجات أستأجرتها اليوم جاني رحله ليوم كامل ب ٢٩ ريال مدة ٢٤ ساعه مع تأمين ٢٥ و يوم أخذتها و جا وقت الترجيع و قفلت الرحله سحبوا ١١١ ريال زيادة تواصلت معاهم يقولون أول ١٠ دقائق فقط مجانيه للدراجة و الباقي كل دقيقه ب ريال ف أنتبهوا الدراجات و السكوترات كلها تحسب بالدقائق كل دقيقه بريال حقيقي سياستهم مو واضحه طلبت منهم توضيحها أكثر حبيت افيدكم وياليت تخلون باقات جديدة تاخذها لسيوم كامل بدون دقائق حتى نستمتع,Negative
745bca7d-e4df-48a3-9ef5-e1d6bc1a7c8a,Careem,Transport Services,1,2026-02-13,للاسف الان يستغرق وقت طويل لاتمام الطلب و لمن الكابتن يقبل الطلب ياخد وقت اطول لانهاء رحلة قريبة !!!!!!,Negative
200a177b-8611-437b-917b-c9edf6946269,Careem,Transport Services,1,2026-02-13,برنامج فشل,Negative
45c9f9ce-9a50-4be9-aab3-236e7a2c0fc9,Careem,Transport Services,5,2026-02-13,مررررررررره ممتع,Positive
7fc67ab2-7151-431b-8529-c5d69e5ef70d,Careem,Transport Services,1,2026-02-13,سئ جدا,Negative
e7d9024b-debb-4288-90f4-2611af5755ba,Careem,Transport Services,5,2026-02-13,عاشت ايدكم و و هذا أول برنامج خلاني اصعد تكسي بحدي و ما اخاف من اي واحد,Positive
43514582-bf24-49a1-88f5-9a2cdd49072f,Careem,Transport Services,1,2026-02-13,سيء ميوصل لكل المناطق,Negative
565cac6d-8918-4664-a100-58eda8bedd12,Careem,Transport Services,1,2026-02-13,تطبيق حرامي يخصم منك وغير صريح في الأسعار,Negative
4323b3b8-1004-4dfa-9fca-82664acfa7f6,Careem,Transport Services,1,2026-02-13,بعد التحديث الاخير اصبح سيئ للغايه,Negative
ebb9efa9-b11d-4d91-b4b9-bc3e987e60e2,Careem,Transport Services,1,2026-02-13,careem is charging me twice for the same booking this is completely unfair,Negative
54a7dd81-a9e9-4861-907f-2fd87aa8a154,Careem,Transport Services,5,2026-02-12,Perfect 👌🏻☺️,Positive
68d63dba-c8bb-492b-951d-dda662bb425b,Careem,Transport Services,1,2026-02-12,بالاردن الاداره فاشله جدا ولا انصح فيها من وقت الدمج...لو اقدر اعطيهم ربع نجمه ما اقصر,Negative
a3e14390-1b60-4468-8248-0a14b14aaafa,Careem,Transport Services,5,2026-02-12,مميز,Positive
b2f84f02-0f82-44c7-980b-cc419712e532,Careem,Transport Services,1,2026-02-12,الصراحه التطبيق كلش صاير مو حلو من حدثو صار مو خوش خربطه بالرحلات وبطلب التكسي ومو زين مثل قبل اتمنى ترجعو ع قبل هوي احسن,Negative
025562f2-452e-4f29-bcb0-17732c9fd0aa,Careem,Transport Services,5,2026-02-12,جيد,Positive
1aade1c3-ad17-4b0a-a866-9a9a2ea7db3d,Careem,Transport Services,5,2026-02-11,ممتاز,Positive
e6a31409-963a-4cc0-b174-5b32c5c3d9e2,Careem,Transport Services,1,2026-02-11,انة امس طلبت كريم وچان بالمحفظة مال التطبيق فلوس. بس تطبيق كريم سحب من بطاقتي. السايق گلي ما اجاني اشعار بالدفع فأضطريت انطي نقدا. ومن وصلت طلع التطبيق هم دافعلة. يعني صار مضاعف. ومن اشتكيت الهم گلولي للأسف لا يمكن ارجاع هذا المبلغ. يعني باگوني عينك عينك . راح احذف التطبيق ما عجبني ردهم كلش,Negative
cf2f0c47-c527-4f87-b7f5-a2b71505fa60,Careem,Transport Services,1,2026-02-11,غير جيدة عند تحديد مسار الطلب قدرت الاحرة ب 5.17 تفاجأت عند الوصول ان الأجرة بلغت 10.94 ان هناك رسوم طريق علي الراكب. لماذا؟,Negative
bfee3796-02d3-48fa-9923-7b1f90bc8a8a,Careem,Transport Services,1,2026-02-11,غالي اسعار جدا مبالغة,Negative
4486140e-3e58-4d77-9cf5-4aa12fbe930d,Careem,Transport Services,1,2026-02-11,their driver picked me up and dropped me off and im so sure it was him cus I checked his plate when her arrived and I don't know why the trip was canceled later ! and I have to pay the fee!! the customer support just ignored my request to review the case!,Negative
540bd38b-1a93-4fec-a3ad-ba47848b2488,Careem,Transport Services,1,2026-02-11,تطبيق عبارة عن سرقة بسرقة بحجة العداد الالكتروني حيث يظهر لك سعر و عندما تصل للوجهة يصل سعر اخر لصوص,Negative
7c74705e-6c45-4e5a-8a05-44178e8d7254,Careem,Transport Services,3,2026-02-10,كل شي اوكي ماعدا خدمة العملاء العرب صفر من عشره,Neutral
046ff2a6-1a3c-4522-abf1-924772f90e37,Careem,Transport Services,1,2026-02-10,البرنامج حيل يمضرط😡 التحدث القديم ماله چان أحسن,Negative
cb96b117-0d1d-46c0-ac65-97d7354a95d6,Careem,Transport Services,1,2026-02-10,التطبيق صار مرررة بطيئ ما يفتح واذا فتح ما يظهر طلب مشوار الا بعد مدة طويلة حتى لو طلبت يستغرق وقت على شان تظهر الخريطة مع انه كان قبل كويس,Negative
7e79b837-c993-4cb6-b966-067b040046b8,Careem,Transport Services,5,2026-02-10,استخدم التطبيق منذ اسبوعين في بغداد التطبيق جيد جدآ من ناحيه السياره تعامل الكابتن والاسعار شكرآ لكم,Positive
ad08cdb3-4bf3-417b-90e8-621dd2bbb110,Careem,Transport Services,5,2026-02-10,❤️,Positive
43e55d46-c42e-4e05-9c9f-ca49a03351f0,Careem,Transport Services,5,2026-02-10,جيد,Positive
b42878c9-a460-44cc-901a-434a0726ddc7,Careem,Transport Services,5,2026-02-10,تجربه ممتازه شكرا للقائمين على هذا التطبيق,Positive
80f57b28-0a35-4aba-882a-f9c4cbd2f263,Careem,Transport Services,1,2026-02-09,لم يتم الالتزام بشروط الطلب... و اكتفوا بكلمة اعتذر...,Negative
9a32408d-d2ac-4aef-8454-31ff6191bc67,Careem,Transport Services,1,2026-02-09,يسرق زبون,Negative
c8be516c-9fe9-41c7-adba-99dfc5727043,Careem,Transport Services,5,2026-02-09,ممتازه,Positive
71aada96-b594-4367-aa19-ee2ba7509991,Careem,Transport Services,5,2026-02-09,ممتاز,Positive
82346c08-599e-4888-84da-57e7707b961e,Careem,Transport Services,5,2026-02-08,ممتاز جداً جداً جداً,Positive
1ed4cb91-7531-400e-abef-afbad1673b54,Careem,Transport Services,5,2026-02-08,جميله جدا,Positive
cd1b78c2-586d-49d6-834f-c101b4f6a9b5,Careem,Transport Services,2,2026-02-08,جيد😔😻,Negative
509b2cab-29ed-46a4-b710-856f09b51d7d,Careem,Transport Services,1,2026-02-08,تطبيق سئ جدا وبيتأخر,Negative
5386298c-b5f1-441e-844b-076e032a1fb1,Careem,Transport Services,5,2026-02-08,جيد,Positive
823ffb67-3e2e-4fb1-8d0f-ecb65b3bd4ae,Careem,Transport Services,2,2026-02-08,تطبيق حلو ورخيص بس طلبت تكسي اجه التكسي براس الفرع وكف هناك اني وجاي اتمشى لغى الرحله ولمن فتحت التطبيق دفعت نص السعر 2250 يعني شنو معنى هاذا التقفيص ؟؟؟؟؟؟؟؟؟؟,Negative
ecae868f-5b65-480e-9a3c-1fba17477ca6,Careem,Transport Services,1,2026-02-08,ما هذا السوء اطلب رحلة طيب تاخروا على قبول الطلب الغى الرحلة ارجع اطلب جديد يرفع السعر اي نصب هذا,Negative
4f82893a-e6c8-4e11-9511-5a5d0658e008,Careem,Transport Services,1,2026-02-08,مش مستجيب ورافض يظهر زي الاول,Negative
3b987b35-962b-4cd9-ae78-be3f0e6c02c8,Careem,Transport Services,1,2026-02-08,سيء,Negative
d1a91d89-0c16-466a-9b1d-56ca874d4cc9,Careem,Transport Services,5,2026-02-08,تطبيق رائع وفريق عمل رائع .احب هذا التطبيق واستخدمته في اكثر من دولة,Positive
7adbc5f4-2353-49b9-a8df-faf0cd2b12b2,Careem,Transport Services,5,2026-02-07,ممتاز,Positive
da9630b3-efc1-4389-8bd2-216252c7314a,Careem,Transport Services,1,2026-02-07,لا يوجد تخفيضات ولا عروض قبل,Negative
778a8f73-a762-43d2-b09f-15637fd0b6f3,Careem,Transport Services,5,2026-02-07,ممتاز,Positive
cc6ca074-91ef-4ddc-ac8f-ce1eb2c8ef03,Careem,Transport Services,5,2026-02-06,تجربة جدا جميله ورائعة واتمنى لكم كل التوفيق والتطور,Positive
818715f2-4fac-422b-a2f7-143b5efdd571,Careem,Transport Services,5,2026-02-06,ممتاز,Positive
57ccdfa4-32e9-466c-a8d0-a10d4726da16,Careem,Transport Services,1,2026-02-06,يوجد أخطاء لا تعد ولا تحصى بالتطبيق وكانه تطبيق برمجه طفل مبتدأ يتعلم البرمجة,Negative
01092553-ef53-4d45-a9ab-d271d02abb99,Careem,Transport Services,2,2026-02-06,"عندي تجربه واحده فقط سببت لي مشكله مع السائق حيث كان السعر الظاهر علي جهازي يختلف علي السعر عند السائق وهذا يعتبر عيب في التطبيق لاني اوافق علي الرحلة بناءا"" علي السعر او التكلفة فلما اصل الي وجهتي اجد سعر اخر هذا غير معقول.",Negative
0ac90871-cec9-49ae-9fe5-652336aac175,Careem,Transport Services,5,2026-02-06,جيد جدا,Positive
639fc435-526d-4f7c-8821-edcf3f5ffa8c,Careem,Transport Services,5,2026-02-06,شكرا كريم انتم رائعون تعامل راقي جدا ونا كأني كابتن معكم أشعر كانكم جزء من العائلة,Positive
23b9b617-8509-4d0c-b977-2a2419ac761f,Careem,Transport Services,5,2026-02-06,ايش صار في التطبيق فجأه اختفى؟!,Positive
0d4e4a0a-d32f-486e-b4b0-bb3cd8e1b564,Careem,Transport Services,5,2026-02-06,ممتازة,Positive
d02ff22e-9cea-4fe1-aa66-6ce94f6b7fef,Careem,Transport Services,5,2026-02-06,اشي فخم,Positive
b538551f-7592-4206-b710-c14c1eee76f3,Careem,Transport Services,5,2026-02-06,الافضل,Positive
f639fa95-9140-420e-8242-8987bbe3264d,Careem,Transport Services,5,2026-02-06,شكرا,Positive
44ed14b8-6c33-40e6-9f5a-9e30fa316bd1,Careem,Transport Services,2,2026-02-06,للاسف حاليا اكو انحدار بمستوى الكباتن ... سابقا كان الكباتن محترمين واسلوبهم مؤدب حاليا لا كثير منهم يسوق ويتكلم بالهاتف بنفس الوقت وبشكل مزعج ومشغل الاغاني بصوت عالي ولمن تطلب منه يطفي الراديو او يترك الهاتف اثناء السياقه ينزعج وينهي الرحلة وينزل الزبون ... يا ريت تنبهون الكباتن انو يكونون محترمين بالتعامل مع الزبون,Negative
bc9c9136-0cb8-4e62-bff9-6ae707d247e9,Careem,Transport Services,5,2026-02-06,تمام,Positive
e73e9a30-5d37-4979-8883-6f0f9ed81838,Careem,Transport Services,5,2026-02-05,روووووعة,Positive
2f98704a-8746-40a3-a012-a398d7f70ddd,Careem,Transport Services,5,2026-02-05,التطبيق مش شغال من الصبح وبعدين مش لاقيه على الجهاز ايه السبب حد يرد عليا,Positive
499fcecd-84a1-4bb0-8357-bf22878a3d66,Careem,Transport Services,5,2026-02-05,ممتازه,Positive
b0671dd8-0211-42df-91fc-9c91f7b81147,Careem,Transport Services,2,2026-02-05,التطبيق لا يعمل ؟,Negative
3445df4e-9597-43a9-a8f9-0b2d3e97eb95,Careem,Transport Services,1,2026-02-05,دلوقتي تطبيق كريم فجأه وقف من علي الموبايل مسحته ونزلته تاني طلب مني الباس ورد أو آخر اربع أرقام من credit وانا مش فاكره الباس ورد ولا ربط حساب تطبيق ب credit,Negative
3048c104-c156-4982-868c-1bb95593d903,Careem,Transport Services,1,2026-02-05,صراحه تطبيق سي وخدمة عملا غير اكفاا وقمت بحذف التطبيق وانصحكم باوبر او جيني افضل منه بكثير هذول حراميه يزودون في الاسعار غير اللي في التطبيق كذابين محتالين وانصح بمقاطعتهم,Negative
788b100d-5863-4571-aa52-b64b368f9b4b,Careem,Transport Services,5,2026-02-05,ممتاز وامن,Positive
4fa1e1b4-9ea1-4039-991d-255ff2306d47,Careem,Transport Services,5,2026-02-05,تطبيق ممتاز جدا,Positive
1a2b0293-bd13-41ba-b9c9-296553cf21ad,Careem,Transport Services,5,2026-02-05,ممتاز,Positive
15c4ca28-278f-4b30-a223-da6c30a4721e,Careem,Transport Services,5,2026-02-05,شكرا على جهودكم,Positive
c10f2647-c61c-42eb-b276-d1f9eb0af878,Careem,Transport Services,5,2026-02-05,تم التحديث بتاريخ 5 فبراير 2026 ومن وقتها التطبيق لا يفتح تعديل: قمت بحذف التطبيق وإعادة تنزليه ففتح,Positive
892615dd-c5d5-4858-babe-14d068c15b9a,Careem,Transport Services,5,2026-02-05,خدمة ممتازة,Positive
224681ce-be25-45ec-806e-7e3e79fae180,Careem,Transport Services,1,2026-02-05,عطلو حسابي والمبلغ الموجود بالمحفظة ما رجعوه .,Negative
88c0f059-7782-4e3b-8a3e-dc8e7429f46a,Careem,Transport Services,1,2026-02-05,التطبيق لا يعمل ظاهر فقط الغاء التثبيت مع العلم استخدمته امس,Negative
fd9f79d1-e145-4c73-922e-4e88dd6119d4,Careem,Transport Services,5,2026-02-05,ممتاز,Positive
9b7ee215-501f-495d-bb3a-3bdfd8ec90e4,Careem,Transport Services,5,2026-02-05,نعم انه جيد انصح به شكرا,Positive
690bd722-daca-4572-9bd0-97cf50941413,Careem,Transport Services,5,2026-02-05,كأدارة رائعين ويعطوك حقك إذا اخطاء عليك كابتن اما الكباتن بعضهم وجوده خطاء في اوبر يخرب سمعة الشركة علما ان اوبر تقدم خدمة جميلة بالذات للسائخ,Positive
c1043724-756c-429e-a8dd-cac7787bd7ea,Careem,Transport Services,5,2026-02-04,جيدة,Positive
7b6cdaa9-fc55-45ba-b7d9-9c8c1b877ef2,Careem,Transport Services,1,2026-02-04,تأخير في إيجاد كابتن 👎👎👎👎,Negative
21dd3549-10b6-40ca-a2cd-234630883f2d,Careem,Transport Services,1,2026-02-04,سراقين مكتوب وصلت السياره والسواق مارضى يقول وين ولمى الرحله من عنده وحطو لي 10 ريال ادفعها حسبي الله ونعم الوكيل فيه,Negative
4c5712da-2979-4114-a4d0-d51c2e391b96,Careem,Transport Services,4,2026-02-04,التطبيق لا يعمل ما السبب,Positive
2bfaf262-a004-43fe-a2da-7343552cdb51,Careem,Transport Services,1,2026-02-04,سئ جدا التطبيق معلق,Negative
0b16e296-a28c-49e0-b127-9715df6b1bdd,Careem,Transport Services,5,2026-02-04,لا باس,Positive
d3ad4197-0191-4ee6-b713-6fe2d30226b0,Careem,Transport Services,5,2026-02-04,تجربة جيده,Positive
340a8726-ffdf-4b62-9887-a5996662aa93,Careem,Transport Services,1,2026-02-03,زفت بعد التحديث صار بطي بطي بطي,Negative
bf5a9045-2584-4822-8279-d5b4c87266eb,Careem,Transport Services,1,2026-02-03,شركة ما بتستاهل واحد يطلبها بترا رايد وجيني افضل وارخص منها بكثيير,Negative
882d4036-4026-43cd-aa33-b8be1becf26f,Careem,Transport Services,2,2026-02-03,التحديث الاخير مشكلة في الخرائط غير واضحة صعوبة تحديد الوصول يدويا يرجى المعالجة ثانيا هناك كسور بالمبلغ عندنا بالعراق لاتوجد مثلا 50 فلس او 75فلس وهذة يستغلها الكابتن لرفع القيمة يرجى الانتباة,Negative
966c2e9f-77fa-4bfb-bd38-699c05bbc282,Careem,Transport Services,1,2026-02-03,صراحه ما عرفت تستخدمه في حاجات حاجات مو معروفه ولا اعرف استخدمها,Negative
dffcbf22-968e-48fc-9473-ffbb981a40db,Careem,Transport Services,3,2026-02-03,جيد,Neutral
6bacbd39-aa7d-4531-a6fd-5b062b1367af,Careem,Transport Services,5,2026-02-03,شركة محترمة,Positive
3cb83b06-79cc-4656-aea6-cd9f2c947dea,Careem,Transport Services,5,2026-02-03,هل فعلا سوف يتم نقل كل الزبائن على تطبيق اوبر بدل من تطبيق كريم ؟,Positive
5f25c5e7-09bd-4d81-beb7-8d36f8801579,Careem,Transport Services,4,2026-02-03,في التحديث الاخير لم يحتفظ بالرحلات السابقة وكل يوم يجب علي ان اكتب الموقع من جديد,Positive
cfea9289-dbfa-48f9-92cb-e16633c328f8,Careem,Transport Services,1,2026-02-02,اسعاره مره غاليه في مره وصلني من الشوقية إلى النوارية واخذ 250 كاني رايح من مكة للمدينة سواق حارتنا احسن منه,Negative
58246975-3782-44d2-b6f3-0f1db9e837ac,Careem,Transport Services,1,2026-02-02,سيئ,Negative
da08c29b-f63b-4a3b-862c-fdac14284400,Careem,Transport Services,5,2026-02-02,ممتاز,Positive
cd184a4b-dd6e-4128-a7a7-cbce9bd9bbd2,Careem,Transport Services,5,2026-02-02,مع الاسف بعد التحديث للبرنامج ارتفع سعر رحلاتي اليومية وكلها اكسترا وعدم ارسال كود التخفيضات ارجوا بحل هذه المشاكل والا سأضطر ان اجرب تطبيق آخر,Positive
d8e75e94-f4c8-4877-805d-d867825befbb,Careem,Transport Services,5,2026-02-02,رائع ومميز,Positive
5767a8df-aaf7-4c66-9a31-a9739ef62738,Careem,Transport Services,5,2026-02-02,ممتاز,Positive
5499176e-bc45-43a3-9cb4-83e611a61cec,Careem,Transport Services,1,2026-02-01,سيىطئ جداً مقارنة في اوبر و الاكواد كاذبه أيضاً سيارات قديمه و اسعار مبالغ فيها,Negative
b7633f40-6daa-47f9-b044-311df486809e,Careem,Transport Services,4,2026-02-01,جيد,Positive
6a2d5652-273c-454d-8d69-fea32985092b,Careem,Transport Services,2,2026-02-01,غالٍ جدا مقارنة بغيره من أصحاب التكاسي,Negative
31fa4c18-a322-426f-a2bc-770d01523539,Careem,Transport Services,1,2026-02-01,من الساعه 1.10 للساعه 4.5 وماوصل الطلب وهو كله 6 ساندويتشات والمسافه بالسياره 10 دقايق انا رح احذف التطبيق نهائيا,Negative
b950ad89-edc1-486b-a4f9-73751277a4c8,Careem,Transport Services,5,2026-02-01,راقي ومناسب وافضله على كل تطبيق يفاجئنا باسعاره وخدماته اعطيه 5نجوم,Positive
dd13faed-e484-4548-81bd-ce3d24d62814,Careem,Transport Services,1,2026-02-01,برنامج زبالة... كودات خصم و عند تطبيق القسيمه بحكيلي القسيمه غير موجوده.... حلو مشاكلكم و بعدين ابعثوا قسائم,Negative
c1bbc0c9-20d1-4e45-9d4d-5e8a094a10e8,Careem,Transport Services,1,2026-01-31,تكسي غالي جدا جدا جدا تطبيق بلي وغيره افضل منه بالف مره,Negative
813eae95-2d91-4410-a18e-97c2e500ff4d,Careem,Transport Services,5,2026-01-31,جيد,Positive
b879af4e-4fb4-440c-99f9-7ff4a225541c,Careem,Transport Services,5,2026-01-31,تجربتي مره حلوه عجبني بس خفف السعر علينا الله يسعدك شكرا شكرا,Positive
f165d5ea-258a-4cf8-a905-7ed23673056d,Careem,Transport Services,1,2026-01-31,يكتب لي انه لايوصل لهذه المنطقة رغم مناطق قريبة شو هل فشل,Negative
47be9555-21f8-422c-8027-349401e6f54e,Careem,Transport Services,1,2026-01-31,للاسف اوسخ تجربة لن تتكرر تطبيق قذر ونصابين وبيعتمدو على شوية سائقين لصوص يفتح قبل ما يوصلك ومايوصلش اصلا تقريبا بيروح رحلة على تطبيق تاني انا ركبت رحلة في داخل مدينتي ٣ك متر دفعني ٢٥٢ وقالي التطبيق جايب حساب قديم عليك مش عارف ازاي احاول اتصل بخدمة مفيش عندهم خدمة عملاء نهائي غير رسايل وإن كان عجبك او اخبط دماغك في الحيط,Negative
e763e957-ef43-43ca-8aa7-eab8785737b2,Careem,Transport Services,3,2026-01-31,الصراحه تعامل ممتز جدإ وسيارات نظيفه. وسواقين محترفين. ولاكن. اتمنا من. صاحب. التطبق. ان يقوم. بميزه جديده. وهي. اضافه سندات. بتفاصل المشوار. وسعر المشاوارر. اكترونيه. تستطيع. ان تطبعها. بسبب المشاكل. الذي تحصل بينك انت واصحاب العمل. بسبب الحساب حق المشوار.,Neutral
14b0980d-6e81-419a-ad4f-eb3830a343ee,Careem,Transport Services,5,2026-01-31,رائع,Positive
29692096-bdf9-416b-bc42-98bb535735ac,Careem,Transport Services,2,2026-01-30,محدودية في السائقين بالرمثا و حتى لو توفر سائق يكون بعيدا عن موقعي ويأخذ وقتا طويلا لكي يصلني,Negative
abb4d49d-3029-43d5-a38b-dd793c117c4c,Careem,Transport Services,1,2026-01-30,محتاجه حد يرد عليا من سنه لا حول ولاقوة الا بالله,Negative
84023fd8-65ca-4f8f-bc42-90fe47594c99,Careem,Transport Services,5,2026-01-30,ممتاز,Positive
d13d86d4-7721-4493-be1d-e5c415be39bc,Careem,Transport Services,5,2026-01-30,تطبيق ممتاز جداً,Positive
ad58b67a-c854-4547-81c5-ac6555a2c73c,Careem,Transport Services,5,2026-01-30,ممتاز,Positive
4514d58a-e536-408b-a113-d2ad5b0fe32f,Careem,Transport Services,5,2026-01-29,رووعه,Positive
d81a2930-fe51-4e92-954d-ecaafdb6bf1d,Careem,Transport Services,5,2026-01-29,ممتاز,Positive
90fba52d-efee-4d28-8fbb-efe01feb98cb,Careem,Transport Services,1,2026-01-29,ليش التطببق مابيفتح وليعطيني في مشاكل,Negative
f4272a7f-a2e8-4988-b14f-07975e16fa45,Careem,Transport Services,5,2026-01-29,ممتاز,Positive
c9b43759-ce34-486b-ba20-2e539164ab90,Careem,Transport Services,1,2026-01-29,حلو مشكله الفلوس مع السراق المتحرش ولا تصيروا معه الفلوس الي حاطينها لي انها مستحقة ١٨ ريال مدفوعة كاش وفوقها اصلا المشوار كان وصول والمبلغ بعد الخصم ٤ ريال بعد ما اندفع ليه من عند العسكري جاي ويطلبها ومسويني سراقة وفوقها انتوا ماتردوا داخل التطبيق,Negative
6cec08c6-62b4-48d2-a6fc-24367d6cc9ff,Careem,Transport Services,1,2026-01-29,لقد كانت تجربه سيئه جدا لأن التطبيق يعطي الحق للسائق بأن يلغي الرحله ومع ذلك يستقطع المبلغ من الراكب في أي قانون تطبق العدالة فقط على الراكب اين وجه الحق بهذا الموضوع,Negative
4a505b2a-d648-4805-aecc-e17f7da4bd02,Careem,Transport Services,1,2026-01-29,للاسف هناك عروض على البطاقه الائتمانيه لم استفد منها بدعوى (ان العرض منتهي) كانت هذه اجابتهم على الشكوى المقدمه و هذا غير صحيح لان العرض من ميزات البطاقه الثابته في البنك وليس محدد بوقت . وحصل لي في السابق ان وجدت مبلغ مديونيه واستفسرت منهم واتصلت بهم وافاد الموظف انه لايمكنه الافاده اضطريت اسدده عشان اطلب مشوار . اتمنى من المسؤولين احترام عقولنا ، والسوق مفتوح هناك المنافس الافضل والاقل سعرا,Negative
dc0c8a5e-3072-4177-a275-40bd4c1f2d84,Careem,Transport Services,1,2026-01-29,ضاع علي اختبار القدرات ساعه ما جاني احد نجمه كثير والله,Negative
9057c14c-ef76-4067-9ac7-c44f775388cf,Careem,Transport Services,1,2026-01-29,تطبيق فاشل,Negative
14c7266a-81cd-4316-9143-cfc968a14621,Careem,Transport Services,5,2026-01-28,أكثر من رائع,Positive
e2fc9302-612c-4e46-a1f5-563ef85da926,Careem,Transport Services,1,2026-01-28,سيء جدا جدا بعد التحديث دمجه مع اوبر,Negative
e96837b3-2dd2-4f7d-a1ab-b771389234dd,Careem,Transport Services,5,2026-01-28,😍😍,Positive
8c3f9fdf-e985-4a0d-b8e3-246cf22699b4,Careem,Transport Services,5,2026-01-28,ممتاز😃,Positive
7de3977e-ba89-4e60-b52b-34644243a069,Careem,Transport Services,2,2026-01-28,ليه لغيتوا التواصل مع خدمة العملاء ..بجد دي أسوأ حاجة حصلت من الابليكيشن..ولازم يكون فى حل لان دي كانت افضل ميزة عندكم وهي سهولة التواصل لما بيكون في مشكلة مع السائق,Negative
e658a404-eb5d-4931-a70a-88deb0b8b9c1,Careem,Transport Services,1,2026-01-28,تطبيق سيئ جدا ومايستاهل نجمه واحده اصلا يوجد مبلغ تم خصمه وبمراجعة خدمة العملاء يقول تم تحرير المبلغ راجع البنك البنك يقول ماعندي شيئ راجع شركة كريم,Negative
64ae69f2-2e14-4df6-b354-24c4d95e4bad,Careem,Transport Services,1,2026-01-28,أنا في عميل في كريم السعوديه من زمان ماشفت غير كل خير ولكن في الاردن التطبيق عباره عن حراميه اشكي حالي عند رب العالمين والتقييم مجرد بدايه موضوعي كنت راكب مع كابتن وكان معي المحفظه وفيها كل فلوسي وبطايق الصراف كنت مطمن والصدمه بعد التواصل مع الشركه تواصلو مع الكابتن وكان الرد مالقي محفظه ولا فلوس طيب انا متأكد أنها واقعه معه أنا الآن وهذي خدمة كريم أ دأنا مين يعوضني حسبي الله ونعم الوكيل في كل شخص حسبي الله ونعم الوكيل,Negative
a60a5f8c-08f5-488d-a0f4-abfeb1e7fade,Careem,Transport Services,1,2026-01-28,يعني شو تاخدو عموله عشان بدي ادفع كاش يعني مش فاهمه الفكره من عقلكم انتو شو هالنصب هذا,Negative
8d685df6-dc13-4ecc-97af-bd681ce5d92e,Careem,Transport Services,1,2026-01-28,من اسوء التجارب اللى مريت بها اى مشكله مع الكابتن أو الأجرة تتصل بخدمة العملاء مش موجوده اصلا ومحدش بيعبرك ولا يرد عليك وعشان تعرفوا انكم برنامج مش تمام عملتو replay على التقييم على أساس انكم بتهتموا وكده وبعتولى لينك ولعت الشكاوى 3مرات ومحدش برده يرد,Negative
4b98d163-20ec-4d67-96b4-c4d4fa911f48,Careem,Transport Services,1,2026-01-28,لقد اشترك في خدمة مشاوير المدرسة، وقد تم خصم المبلغ مني، ولكن لم يتم جدولة الخدمة، ولا اذا بغيت اطلب الخدمة لازم ادفع مره اخرى، مع العلم اني دفعت مبلغ ٢٠ رحله، ما يقارب ١٥٠٠ درهم.,Negative
5d226879-07b8-4506-b99c-a3ecf8bd2567,Careem,Transport Services,1,2026-01-28,"Bad app and late delivery; if I could give it less than one star, I would.",Negative
565fff22-783e-41e8-93f5-e7cf5997ccf7,Careem,Transport Services,5,2026-01-27,جيد,Positive
6c2c8d91-b55f-4ac8-8645-c95d1334fdbe,Careem,Transport Services,5,2026-01-27,ممتاز جدا,Positive
c6aae01d-7d4f-443b-a9fb-b28bb9ba91a4,Careem,Transport Services,1,2026-01-27,نصابين اخذ مني ٤٠ ريال سعودي تأمين الى ان يتم استرجاع المركبه وعندما اعدت المركبه لم يتم ارجاع المبلغ 🤬,Negative
f273c9b7-c1a1-41b4-a732-80a680f766f2,Careem,Transport Services,1,2026-01-27,تطبيق فاشل وسائقي تاكسي ساقوم بالغائه والغاء حسابي فيه,Negative
e30dfb80-96fa-4e4f-acd7-d4589b0410a8,Careem,Transport Services,5,2026-01-27,جيد جدا,Positive
a72c83e7-b2d3-46d9-b82c-f2974f6d4b0e,Careem,Transport Services,1,2026-01-27,انا مع كريم منذ 2016 كانت الخدمة من افضل ما يمكن لغاية عام 2024 مع بداية 2025 اصبح كريم سيء جدا وخدمات سيئة واسعار مرتفعه ويؤسفني ان اقيم بنجمه واحده لو كان هناك اقل من نجمة كان اعطيته تقييم اقل كريم سيء سيء سيء,Negative
3c7bebb3-1c19-4244-ad3e-cfd33f90cfdf,Careem,Transport Services,1,2026-01-27,بقي زياده في الاسعار فوق الطبيعي,Negative
9e660b51-a314-4abc-9fa5-3d611d2644a4,Careem,Transport Services,1,2026-01-27,"Very poor customer service, with no intention to help.",Negative
842e77f8-1f58-4a0a-a07a-4ca7d96187a9,Careem,Transport Services,5,2026-01-27,منيح,Positive
36cad671-6b9f-48ff-bf37-6b4139376376,Careem,Transport Services,5,2026-01-26,تجربه مميزه,Positive
974a4847-dd8e-4325-9d95-effa48ff1322,Careem,Transport Services,5,2026-01-26,جيد جدا,Positive
4212616f-baa1-4cf9-aad2-10208a945771,Careem,Transport Services,5,2026-01-26,عندما اصل الى بلد اخر لم أستطيع الدخول مرة ثانية إلى البرنامج .. يجب حل المشكلة.. واضافة اي اجور متاخرة على المشوار الجاي...,Positive
075f38bb-05e1-4a75-9c95-b691e5a9a36b,Careem,Transport Services,1,2026-01-26,يجب توفير خدمة الكاش اذا مافيه فلوس في البطاقة,Negative
b14ffb79-cb2b-4471-902b-624396e4c53d,Careem,Transport Services,5,2026-01-25,بارك الله تعالى فيكم ... خدمتكم للمواطن آمنة و ذي مواصفات عالية,Positive
9c3261f6-ed95-4e08-82a4-9bee01c5597f,Careem,Transport Services,1,2026-01-25,تعرضت لعملية احتيال من هذا التطبيق و لن استخدمه مدى الحياة . حجزت رحلة و تم خصم مبلغ من حسابي . ثم الكابتن ألغى الرحلة قبل ان يصل و لم يعيدو لي النقود . تواصلت مع خدمة العملاء و قالو لي للأسف لا نستطيع اعادته الى حسابك البنكي . قلت لهم اعتبر هذا المبلغ هدية لكم التي جعلتني احذف تطبيقكم و استخدم خدمة أخرى . إلى اللقاء,Negative
d98a665b-8605-443d-b097-bac6d77f1a3a,Careem,Transport Services,5,2026-01-25,التطبيق مره جميل جدا جدا,Positive
a1da4003-fc1d-4c1c-a39f-ccdf0fa8f5d2,Careem,Transport Services,5,2026-01-25,جميل,Positive
76498ae6-dc50-413f-8ca3-ae5c1721dfa4,Careem,Transport Services,5,2026-01-25,بصراحه ممتاز استفيد منه اكثر شي في المدينةالمنورة مشاويري كلها ارخص من غيره بالنسبه لسعر وسيارته نظيفه,Positive
88c56cf4-669c-41c5-a687-c2fc08bbeb7f,Careem,Transport Services,5,2026-01-24,جيد جدا,Positive
891f1aa3-8288-4154-a621-fb1f8cb40eff,Careem,Transport Services,1,2026-01-24,كريم من أسواء برامج طلبية كلبتها بوبايز ساعه 6 وماوصلتني طلبية لساعه 8.30ودقيت عليهم ويضحكون علي كل شوي يقولون ان طلع كابتن وماتم لا تعويض ولا أي شي ناس كذابه,Negative
0b380bcd-98bc-4aea-ae24-56ad33f23107,Careem,Transport Services,5,2026-01-24,ممتاز وسهل الاستخدام وسريع جدا,Positive
758b2fd1-2a26-416f-a759-a8df901d31c9,Careem,Transport Services,1,2026-01-24,معبي رصيد في المحفظه أستخدمته وبقى بعض الرصيد وبعده أختفى 🧐,Negative
6365ad18-33bd-4cfd-9a36-d703c173c8f4,Careem,Transport Services,5,2026-01-24,رائع,Positive
c155eb5f-592e-47bb-9beb-3f9b90274c7c,Careem,Transport Services,5,2026-01-24,gooooood,Positive
a762b5b4-1eef-4e81-a01a-5bab8722c2d3,Careem,Transport Services,5,2026-01-23,جيدة ومريحه,Positive
1d2a7abd-b125-4ab4-8bea-cdb724c703a3,Careem,Transport Services,5,2026-01-23,بصراحة ممتازة واتمنى باقي شركات التوصيل تقتدي بهاية الخدمة من ناحية السرعة والمصداقية وتوفير سيارات مرتبة وحديثة ونظيفة بنفس الوقت ..اتمنى لهم التوفيق🙏,Positive
38786bc4-003d-4c6f-851f-7bc149f4e68f,Careem,Transport Services,5,2026-01-23,ممتازة,Positive
6ade4941-d5fd-445c-bb78-25006bda52e9,Careem,Transport Services,5,2026-01-23,جيد جدا ممتاز,Positive
1709a415-2f7c-426a-b4e1-31dd63189324,Careem,Transport Services,1,2026-01-23,سيئ جداجدا اذا مثل طلبت سيارة وما اطلعت فيها بدفعك فلوس,Negative
fcba5d76-d54b-4390-bd2c-9a2d0ba835bd,Careem,Transport Services,4,2026-01-22,هو برنامج جميل بس في ملاحظة في بعض المرات من اطلب تكسي واركب معاه يضل يتكلم هو واصحابه الين ما تخلص الرحلة المفروض هنالك خصوصية,Positive
267966e7-71aa-44e8-a175-e8b4acf9530d,Careem,Transport Services,5,2026-01-22,جميل جدا,Positive
806c70fb-5f41-43f2-b214-8cf110e1f141,Careem,Transport Services,5,2026-01-22,البرنامج يطلب تحديث الملف الشخصى ومازال لم تتم معالجته,Positive
44edaea7-ffd0-4755-a201-53f77bf40bde,Careem,Transport Services,5,2026-01-21,الثقة والامان كريم🌸,Positive
f7b84ef3-f452-4a85-b70a-848e842410da,Careem,Transport Services,5,2026-01-21,جيد جدا,Positive
94988895-7c45-4a1b-a9d8-d7b9bf385a2b,Careem,Transport Services,2,2026-01-21,السواق ما جاء و حطو الدفع علي,Negative
f3a925dd-dcda-47a5-953d-01afcf7f06a4,Careem,Transport Services,5,2026-01-21,بالعراق يشتغل,Positive
c1e9a74a-bf4e-4e4c-9c28-23dc6ec36dad,Careem,Transport Services,5,2026-01-20,جيدة,Positive
a012c4a8-8da9-46a1-b1ed-974175a36215,Careem,Transport Services,1,2026-01-20,فاشل,Negative
a9a4c0fb-3b60-49d2-9c3e-0709ba1635a1,Careem,Transport Services,5,2026-01-20,تطبيق حلوو وعملي ومفيد.. وسياراتهم كلها نظيفة,Positive
55f3271d-c4b2-4757-ae49-72b827e31a45,Careem,Transport Services,1,2026-01-20,للأسف أصبح كابتن سيناء جدا في كريم,Negative
8b62d85d-da68-4add-af47-e87a6148e4c6,Careem,Transport Services,5,2026-01-20,👍,Positive
2198b5d5-c7b6-4e2c-a23e-435ebf63df38,Careem,Transport Services,3,2026-01-20,تطبيق بيجنن كل اهلي بعمان بيمدحو فيه بس ليش ما بتوصلو للزرقاء وتكبرو نطاق التوصيل عندكم,Neutral
39366db3-b448-4b32-a703-314447175db9,Careem,Transport Services,5,2026-01-20,ممتازه,Positive
0cebddaf-76b0-460b-85bf-e63215852750,Careem,Transport Services,1,2026-01-20,اعلان كريم وين مارحت بيطلعلي بكل الالعاب وباليوتيوب كرهتو وكرهت اعلانو وكرهت امسك موبايلي من ورا اعلاناتو شي مزعج وحملتو مرة ونص ساعة ومحدا قبل طلبي رغم انه اكو هواي تكاسي كريم شان بجواري,Negative
51b86cfa-449d-4c33-852f-25ba35d15e9d,Careem,Transport Services,1,2026-01-19,لسة مفيش تجربة التوصيل,Negative
470c912d-34f9-42f6-a4d3-1d4c8aa178c9,Careem,Transport Services,1,2026-01-19,بقالي ساعه اطلب كريم ومدخلني علي التوفير. . اروح الأول معامله غير جيده,Negative
b161098d-2a74-40aa-9174-8616893f96ce,Careem,Transport Services,5,2026-01-19,تجربة ممتازة ورائعة,Positive
6e6cf679-2406-4f9e-af1a-52a822f6f34a,Careem,Transport Services,5,2026-01-19,ممتاز,Positive
8e3c9dcb-bc3d-4825-8d59-a472e7346283,Careem,Transport Services,5,2026-01-19,خدمة ممتازة شكرا كريم,Positive
33e63bdf-04af-46cd-b53c-dc1b8519af60,Careem,Transport Services,5,2026-01-19,أفضل استخدامه,Positive
d6d80797-634a-447b-952c-5ef1244d533a,Careem,Transport Services,5,2026-01-19,شكرا كثير من القلب 🙏🤍,Positive
8c27fedf-9ac8-4f7e-87f3-82ff340e655f,Careem,Transport Services,1,2026-01-19,سيء جدا في عمليات زيادة في اسعار التوصيل,Negative
87e907ed-c2b8-4384-b1c3-8fcaebeda78e,Careem,Transport Services,1,2026-01-19,موقع يسرقك وهو باسم تكلفة مشوار .. طلبت مشوار مدته 10دقائق قال التكلفة 26ريال وطبعا خصم المبلغ قبل يوصل الكابتن وبعدين لما وصلني جاتني رسالة عليك مبلغ 28ريال زلما تواصلت معاهم قالو لك تكلفة المشوار55ريالوكل اشوي يتواصل موظف ويكتشف ان في خطا وكاالعاده بصعد تلموضوع وهو طل... وللعلم اوبر وكريم تبع شركة وحده وهم مع بعض يقومو بالنصب ع العالم👎 مفكريين هم شركات التوصيل الوحيده وان البلد مافيها قانون,Negative
92aba6b0-189a-40d3-a4dc-0c32d5d3464d,Careem,Transport Services,5,2026-01-18,والله خوش تطبيق,Positive
4bc11986-dfe0-44db-9e0a-91fafe7eb024,Careem,Transport Services,5,2026-01-18,رائع,Positive
9953df42-e33f-4193-a9ce-34269a4556ba,Careem,Transport Services,1,2026-01-18,خخخخير هذه ثاني مره الكابتن يسحب اول ما يوصل نقطة الالتقاء، ويجيني حجز لرحلة جديدة وانا في الشارع،، مع العلم اني اخرج قبل وصول الكابتن حتى.. مالت عليكم وعلى تطبيقكم,Negative
0912649d-98ea-4419-a333-2fadce70937d,Careem,Transport Services,5,2026-01-18,جيد,Positive
3eaf2081-d801-4d94-86c1-70a8da7d9f09,Careem,Transport Services,1,2026-01-18,للحذر لانه اكيد نصب كدا مع ناس تانيه السواق اسمه abanoob Aziz عربيه رقم م س ي 5915 (Gray ByD F3) لتجنب وقوع أحد آخر تحت عملية النصب او اى حاجه خطر نصب عليا فى الاجره واتحجج انى مفيش باقى معاه وهيضيفه على المحفظه ولما كلمت خدمة العملاء قالوا انى المرجع ليهم اللى بيكتبه السواق أنه استلمه من العميل يعنى المرجع ليهم اصلا اللى بينصب وسمعت من سواقين لنفس الشركة انى فى ناس كتير حصل معاهم كدا بيقولوا ارجعوا للشركه لانى مفيش اي وسيله تواصل مع السواقين غيرهم والشركه مبتعملش حاجه بتغلط العميل .,Negative
8520a2a2-193a-40d2-8b9b-b94d89b79558,Careem,Transport Services,5,2026-01-18,الإختيار الأفضل👍👍👍👍,Positive
ebb73174-0fd3-430e-99a7-e34a5508b332,Careem,Transport Services,5,2026-01-18,ممتاز,Positive
91319aed-c96d-4ddb-97b4-c80c4c9d0108,Careem,Transport Services,5,2026-01-18,بطىء,Positive
01587898-ec9c-4b5e-b6f8-884e7e058a86,Careem,Transport Services,5,2026-01-17,ممتازين جدا,Positive
8c6f4c27-45be-48b7-886c-dec40d83117b,Careem,Transport Services,5,2026-01-17,very good,Positive
82894314-b71c-4c91-8784-9e9c6114b5e5,Careem,Transport Services,1,2026-01-17,سيئة,Negative
dcd3e28c-a9ff-4782-b917-b9c80bd4c985,Careem,Transport Services,5,2026-01-17,ممتاز جدا,Positive
eaa79792-9535-4d8e-8d0a-d94ff155d554,Careem,Transport Services,5,2026-01-17,رائع,Positive
7d667674-965f-4fbb-90c8-de3679e32d85,Careem,Transport Services,1,2026-01-16,تجربه هامله,Negative
1da758ca-8f3e-474b-96fa-1ef71269df6f,Careem,Transport Services,5,2026-01-16,جديد جداً,Positive
1037b354-98c5-4116-a110-483832f6b427,Careem,Transport Services,1,2026-01-16,طلبت رحله تكلفتها 51 جنيه ودفعت للكابتن 100 وطلبت منه يضيف الباقى فى الحساب واخد الفلوس ومضافش الباقى فى الحساب ولما تواصلت مع خدمة العملاء قالولي مش ينفع نرجع الفلوس شركه غير محترمه وكابتن غير امين,Negative
17043eb9-54a7-4d14-9a85-9e07c2c37a33,Careem,Transport Services,5,2026-01-16,تطبيق ممتاز جدآ,Positive
feaf21a6-0994-4c20-9026-e79e87386edd,Careem,Transport Services,5,2026-01-16,اجمل تطبيق,Positive
d829df3e-cef7-4748-b078-1111cf3e813d,Careem,Transport Services,5,2026-01-16,ممتاز,Positive
04f502fa-18f8-4088-b46d-af2e065fbed5,Careem,Transport Services,5,2026-01-15,ممتاز,Positive
18c86c03-7d5d-4942-84e5-7c5c7a97ce14,Careem,Transport Services,2,2026-01-15,سيئ,Negative
8c34b578-33b7-4f25-9112-f9d7213eafa4,Careem,Transport Services,5,2026-01-15,برنامج حلو وخدمي عاشت الايادي أحسن من باقي التطبيقات,Positive
5816a759-fdf5-4f0d-9e21-2c43b86fab6a,Careem,Transport Services,1,2026-01-15,الاسعار غاليه لقيت تطبيقات ارخص منه بكثير,Negative
6d0050a4-b289-4f3d-8052-9449cb4698cd,Careem,Transport Services,1,2026-01-14,سيئ جدا التطبيق قام بتعطيل حسابي بسبب اني اضع عليه بطاقتين visa ويقول اني انتهك حقوق التطبيق واستفيد من الكودات بشكل غير شرعي,Negative
58845368-ce00-4485-8d97-d321a56b6b3a,Careem,Transport Services,1,2026-01-14,كباتن التطبيق غير محترمين وبيخذوا اموال زياده وسياراتهم كلها غير جيده,Negative
0afc568b-2c53-4c69-9c79-6388e18832c4,Careem,Transport Services,5,2026-01-14,جيدة,Positive
1f788080-742c-4343-abb2-b4a7d21a8dfd,Careem,Transport Services,1,2026-01-14,سيى لي اسبوع معلق معي ومشكلتي مانحلت,Negative
6bcda88e-a27c-42e0-b6de-0644c6faa76b,Careem,Transport Services,5,2026-01-14,تطبيق رائع,Positive
8a9e5632-d942-45e3-875b-5ef94c1cbcf5,Careem,Transport Services,1,2026-01-14,ملاحظة يجب أن يدعم التطبيق اللغة العربية بالكامل ثاني شي الكابتن يجب أن يتقيديون بشروط الغاء الرحلة لأن أغلبهم يقبل الطلب وإذا شاف الإسم رجل يكنسل الرحلة يبغون بنات بس نرجو النضر في ذالك,Negative
a1ac3d9a-9e11-409f-8380-5989e2b59f24,Careem,Transport Services,2,2026-01-14,تطبيق صراحه جميل وممتاز بس السائقين ليس فيهم جديه,Negative
dccdaaf6-e037-402e-ad54-85df8c504fe6,Careem,Transport Services,5,2026-01-13,👍,Positive
98d3ad9b-3109-4570-a317-cc9d4348876e,Careem,Transport Services,5,2026-01-13,جيد جدا,Positive
ec18eec1-0a75-4c8b-9d46-14600144bd80,Careem,Transport Services,4,2026-01-13,تطبيق مفيد جدا,Positive
886580bf-d922-4f86-ab04-d8fefaa03048,Careem,Transport Services,2,2026-01-13,اخذتو ضريبه بدون ما اكنسلها,Negative
b2c174ed-5f82-4f21-bbf0-354cc6017278,Careem,Transport Services,5,2026-01-13,احسن من بلي بهواي,Positive
05b44739-d896-400c-b481-f2e45dff5142,Careem,Transport Services,5,2026-01-12,رائعه,Positive
9cf65a12-cc10-44d6-92e0-f6be04f7cba2,Careem,Transport Services,1,2026-01-12,ياخذون زياده في الاجره,Negative
96e538a2-1be8-4e18-a99e-4f4b05f0aa1a,Careem,Transport Services,1,2026-01-12,اسوء تطبيق نصب واحتيال لقد مسحت التطبيق نهائا ولن استعمله مره اخرى لليوم الثاني على التوالي عند الوصول تكون الاجره مضاعفه,Negative
ba0c2ea5-a158-4823-b8ac-84d2d76ae290,Careem,Transport Services,1,2026-01-12,تطبيق سيء وما راح ارجع انزله او اطلب منه تكسي👎🏻,Negative
7742dd0f-6a00-4667-a9d2-e85d7d0f835d,Careem,Transport Services,5,2026-01-12,بصراحه احسن تطبيق حاليا احسن اوفر احسن كباتن التطبيق يا جماعه عدى 10 من 10 خدمه عملاء مميزه جدا لو لك حق بيرجع لو في 10 نجوم هديهم له تطبيق رائع جداً جداً جداً في متناول الجميع يراعي جميع الطبقات الاجتماعية والاقتصادية كباتن محترمه بلا تجاوزات تطبيق يعرف يرجعلك حقك في كل الظروف بجد شكرا جزيلا اوبر,Positive
b43a7241-644b-4a18-a75d-695b1a04191b,Careem,Transport Services,5,2026-01-11,حلو ورخيص ♥️♥️♥️💋💋💋💋,Positive
88f76a2b-3795-4ba6-a695-c319c0a35ba9,Careem,Transport Services,5,2026-01-11,جيد جدا,Positive
af4ca369-51a4-4231-babd-6ac456c17224,Careem,Transport Services,5,2026-01-11,اليوم اول يوم اجرب واستخدم تطبيق تكسي كريم وكانت رحلتي وياه جيدة والكابتن كان تعامله ممتاز ولهاذ اعطيته خمس نجمات,Positive
a0a340b3-739e-4eb3-abea-676ba650d5f7,Careem,Transport Services,4,2026-01-11,جيد جدا,Positive
f506dba8-67c0-4b23-9271-ca54142e4fa5,Careem,Transport Services,5,2026-01-11,thanks 4u.,Positive
2a71c252-c05b-4151-a161-d612d45a92f3,Careem,Transport Services,1,2026-01-11,سيئة جدا,Negative
d1332e22-726d-44eb-a2cc-843eb2ffaafc,Careem,Transport Services,5,2026-01-10,ممتاز,Positive
1cfc1c78-55c8-45c5-862c-2afacd737c03,Careem,Transport Services,1,2026-01-10,اصبح في منتهى السوء لا انصح به لايختار الكباتن بطريقة امينه كما ان الكباتن لايسيرون وفقا لاي خريطه ويحلولون زياده الطريق لزياده الاجره وخدمة العملاء في منتهى السوء وعدم الاهتمام,Negative
c97d5980-057c-4b28-9184-a52dd6ef1373,Careem,Transport Services,1,2026-01-10,طلبت من مطعم بيتزا اسمه وسيم .وصلتني البيتزا عجين وبيضاء من أسفل لم تخبز جيدا وصورت لكم .تواصلت مع كريم واخبروني أنه لا يمكن تعويضك .مش طبيعي الرد ..يعني أنا ادفع فلوس ثمن اشي ما بيتاكل وتحكولي هيك..؟ اسوأ تطبيق,Negative
bcdc75a6-e063-46b7-bbd0-d13a9bfc304b,Careem,Transport Services,5,2026-01-10,ممتاز جدا,Positive
fa29b62d-83df-4cd9-93c6-07f1f3a2f5dd,Careem,Transport Services,3,2026-01-10,السلام عليكم انا كابتن كريم عندى حظر فى أوبر ومش عارف افتح تطبيق كريم كابتن ايه الحل,Neutral
b3047029-b84c-47c6-893e-9bbc9d6824c6,Careem,Transport Services,1,2026-01-10,لم يصل الكابتن الا الموقع و تمت غرامتي ب ٥ ريالات في حين اني في الشارع والكابتن لم يصل,Negative
1d341bf9-04b2-4c18-a1c9-0681c0066adb,Careem,Transport Services,5,2026-01-09,افضل تطبيق,Positive
ce33c072-5b00-48ba-996d-f31f14efab34,Careem,Transport Services,1,2026-01-09,الرجاء من مسؤول الجودة من ملاحضة الشكاوى داخل البرنامج واجاد طريقة سهلة الاتصال عند وجود مشكلة وحلها بسرعة التحسين الخدمة بعد اخد اوبر لبرنامج كريم صارت الخدمة ولتواصل اسواء في حال لم تحل المشكلة سوف احذف البرنامج,Negative
7d845be4-38f6-46cd-90d5-feabdbea80e6,Careem,Transport Services,5,2026-01-09,جيد,Positive
1d2d066a-a921-44cb-98f6-3379a9b24781,Careem,Transport Services,1,2026-01-09,زفتتت يعلق وماقدر اسوي تسجيل خروج,Negative
cfdda354-05e9-4956-bb0a-99c84f408b16,Careem,Transport Services,5,2026-01-09,برنامج جيد ويخدم برافو,Positive
8c15baf7-34ad-40b3-b5b9-1ad4dd262e58,Careem,Transport Services,5,2026-01-09,اختصار للكثير من المشاكل والمعرقلات والتعاملات وسيارت جيدة وكباتن محترمين,Positive
3e432491-97e4-4da6-987a-9ee690115795,Careem,Transport Services,1,2026-01-09,اسوء برنامج طلبات في الأردن,Negative
3558aeaa-70e0-4aff-b36e-8f8cf58e2cd7,Careem,Transport Services,5,2026-01-08,ممتاز جدا,Positive
e12de1af-defd-409a-8d96-eb11667a8bb6,Careem,Transport Services,1,2026-01-08,شركة نصابه وكابتن نصابه حسبت الكابتن علي الرحله واخذ أكثر من حقه وبلغ الشركة بأنني لم ادفع له وكل ما اطلب رحله عايز يدفعني ثمن الرحله اللي انا دفعتها ١٥٥ جنيه علما بتعامل معهم من اول ما بدأوا في مصر وعميل مميز لكن للأسف موظفين أغبياء,Negative
013d1a65-50dd-4b06-a829-122577c91d38,Careem,Transport Services,1,2026-01-08,تجربة سيئة جدا,Negative
92c5d698-9bf7-4fe9-8507-a4dcb7a153b5,Careem,Transport Services,1,2026-01-07,جلست ساعه ادور ع الأغراض في النهاية يقول انت غي مؤهل للعرض حذف إلى مزبله التطبيقات المضلله!!!,Negative
08266040-6e22-43bb-9cbc-880621386ebb,Careem,Transport Services,5,2026-01-07,👍👍👍👍👍❤️,Positive
1c7d3aab-5774-41b2-a48a-6c5fc2f0cf14,Careem,Transport Services,5,2026-01-07,طبيق ممتاز جدا وسهل الاستخدام,Positive
23584991-1a3d-438c-a3df-face0d726795,Careem,Transport Services,5,2026-01-07,ممتازة,Positive
7cc6673c-ea79-4c80-b949-a47cbf83f3ad,Careem,Transport Services,1,2026-01-06,تطبيق سيئ جدا جدا جدا جدا رافض بطاقات الصراف وشحنت المحفظه وبرضو رافضين الدفع وبرضو رفضو يرجعون فلوسي تطبيق فاااااااشل,Negative
39cc60de-c9b5-4b24-a9e5-d47e87068484,Careem,Transport Services,1,2026-01-06,اسوا تطبيق مر عليا بحياتي حطيت موقع الوصول واتفاجى بموقع ثاني مما سبب لي الخساره الضعف,Negative
e64925e8-c922-4332-ae11-8e4788d9b421,Careem,Transport Services,4,2026-01-06,تجربة رائعة,Positive
4849f0c5-fd4b-4858-b726-b152e533ddbf,Careem,Transport Services,1,2026-01-06,سيء جدا,Negative
04715d91-bac4-4bdb-bbe4-51afd25e000b,Careem,Transport Services,5,2026-01-06,تطبيق مناسب,Positive
b9f41b8f-2c65-4a2a-84c2-f37b16465649,Careem,Transport Services,5,2026-01-06,جميل,Positive
48518e1d-8d54-422e-b90c-68e7389403ae,Careem,Transport Services,1,2026-01-06,بعض سواقين غير محترمين,Negative
b063c9ee-23f5-4363-801c-a7fa36684975,Careem,Transport Services,1,2026-01-05,الخدمه سيئه,Negative
6ce63088-1a97-4090-a159-971c7d344c79,Careem,Transport Services,5,2026-01-05,اجمل تطبيق,Positive
0ef592b1-319e-44c8-a0d6-bec5555d420f,Careem,Transport Services,1,2026-01-05,تجربة سيئة طلبت طلب ولغيته بعد ثواني وخصموا المبلغ وما رجعوه بحجة المطعم قام ببدء التجهيز وحاولت أكثر من مرة وما رضيوا يرجعوا المبلغ تطبيق كيتا الأفضل بصراحة,Negative
26e38a74-564d-4e58-8e3e-2458a484f494,Careem,Transport Services,5,2026-01-05,ممتاز بارك الله,Positive
ddc5a5cf-9359-4fcc-a33b-e9eb074b2407,Careem,Transport Services,1,2026-01-05,اغلب الكابتن بلغو وفي حال دفع فيزا ما برضو الا كاش,Negative
bc665771-d364-4e49-90ca-665bfe8da870,Careem,Transport Services,1,2026-01-05,سيئة شيئة سيئة غالي جدا جدا جدا,Negative
9d98af87-9dfd-44de-8bd5-b09b45f60de4,Careem,Transport Services,5,2026-01-05,شكرا على سوق بلي على هاذ التطبيق المساعد,Positive
c7e48393-0cb3-4d16-a3aa-94ba3b11e44d,Careem,Transport Services,1,2026-01-05,سيى,Negative
6bdbcce8-d0bf-44e5-b5f2-7ce87632b732,Careem,Transport Services,5,2026-01-04,التطبيق ممتاز الكباتن ممتازين وخلوقين وفقكهم الله جميعا,Positive
cb760c46-98da-428d-9340-2219a00ab36e,Careem,Transport Services,5,2026-01-04,جيد جدن,Positive
69ff4534-d385-4a15-9d1b-9b0750a8bd47,Careem,Transport Services,5,2026-01-04,تطبيق رائع وآمن,Positive
70d09156-f339-4fbe-aa28-b3d2b6368ae7,Careem,Transport Services,5,2026-01-04,دقه فى الموقع,Positive
7b2e8541-b2dc-45ba-816c-f775153ee056,Careem,Transport Services,5,2026-01-04,ممتازة,Positive
ae4ac92b-07c2-4794-96b5-8724e7452a73,Careem,Transport Services,1,2026-01-04,مخزية,Negative
d38c1ef6-57f6-40dd-b8f4-8b65eb5ec02d,Careem,Transport Services,2,2026-01-04,على طول يتأخر الكابتن والمشكلة تعطيه حقه يحط عليك مديونيه ماانصح بالتنزيل,Negative
5018cae2-194a-4471-b7da-ca3d3574cd33,Careem,Transport Services,3,2026-01-03,لا يوجد تغيير على منطقة الإقامة للوصول إلى مطاعم منطقتي,Neutral
7331aa8d-dfaf-4f89-801f-91331964af78,Careem,Transport Services,4,2026-01-03,بخصوص عنوان المكان الي نطلب منه الجي بي اس .. يكون بعيد عن المبايل وهذه مشكلة,Positive
cd94c96f-7f94-4df4-a366-2ed703a883f5,Careem,Transport Services,5,2026-01-03,احسن تطبيق شفتا بحياتي وكذالك الخدمه كلش حلوه شكرا لشركه كريم واتمنى ان يضيفون خصومات,Positive
8f9fa7e6-8044-40b0-ae63-749068d9d091,Careem,Transport Services,5,2026-01-03,good,Positive
6f1cda73-0ba7-478f-aa26-99276ba1ed10,Careem,Transport Services,2,2026-01-03,لمن السيارات تلغي الطلب يجي علي حسابي,Negative
ec31c931-683a-474d-97ba-19efb27c350e,Careem,Transport Services,5,2026-01-03,مشالله سريع,Positive
325fdea9-344c-407d-8da6-aa17e478e45c,Careem,Transport Services,2,2026-01-03,التطبيق صار صعب الأستخدام ومافي كود خصم,Negative
7315b8ab-ece4-4193-9d89-e69dbc837754,Careem,Transport Services,5,2026-01-03,جيد جداً,Positive
f0001e93-6036-4d24-bda3-0691b2680cc4,Careem,Transport Services,5,2026-01-02,تطبيق محترم جدا,Positive
6fd392a9-0b4b-44fa-8e84-e91689a41742,Careem,Transport Services,5,2026-01-02,ممتازه,Positive
0e77c7d1-5bb4-4863-82d6-64dc3f4341d1,Careem,Transport Services,1,2026-01-02,لم أكن راضي لعدم حصولي علي الفاتوره,Negative
5a62f5c7-512b-4d86-8cc7-e6a50c54d64c,Careem,Transport Services,1,2026-01-02,لا انصح به التطبيق رفع الاسعار فجأه رحلتي كانت أجرتها 3دنانير في الصباح ورجعت من الرحله المساء ب 7 دنانير واليوم الجمعه والشوارع فاضيه هل يعقل هذا من خلدا دوار السكر إلى المصدار 7 دنانير الاجره,Negative
2c2a73c5-1023-4cc8-a381-9670259769cf,Careem,Transport Services,1,2026-01-02,سيئ,Negative
bc145cfe-9e74-4dd0-a36c-336e28bb6d86,Careem,Transport Services,1,2026-01-02,لا يعمل هذا التطبيق بشكل افضل ولا يرسل كود خصم 50 في المئه,Negative
6fcb2c85-16eb-40cf-b50f-2bf4da04339b,Careem,Transport Services,1,2026-01-02,مافي سلاسه لو ابي ارجع المبلغ من المحفظه بكريم ل حسابي البنكى مو معقول,Negative
e41431e0-5a14-4d90-b419-ec9a4402be68,Careem,Transport Services,5,2026-01-01,جيد جدآ,Positive
f5353f6f-a772-4c3a-a4f3-5e80d88a76d1,Careem,Transport Services,5,2026-01-01,جيد,Positive
a3dc71e2-3335-4119-a9e9-88966a959ee6,Careem,Transport Services,1,2026-01-01,طلب طلب وكنسلت الطلب ورفضوا استرداد المبلغ,Negative
64b60bc3-db73-441b-b25f-0b2a8c93db74,Careem,Transport Services,1,2026-01-01,لماذا لم يتم تفعيل حسابي,Negative
9521066f-9549-4981-b3ab-480e26c60819,Careem,Transport Services,1,2026-01-01,نسيت التليفون بتاعة فى رحله وعملت شكوى وقالولى الشكوه اتحلت ومحدش تواصل معايا والكابتن قافل التليفون مش عارف اتواصل معاه,Negative
7387ee8f-1de1-48b6-99e6-804570b9256f,Careem,Transport Services,5,2026-01-01,اشكر اجراءاتكم من قبل قسم السلامة والطواىء بصدد الشكوى المقدمة من قبلي للأتصال المستمر اثناء الرحلة الى مول المنصور مع الكابتن طارق,Positive
05b4f75b-6d68-4771-b4ab-4b8a87880e42,Careem,Transport Services,5,2026-01-01,ممتاز والله التطبيقات هذي نعمه كانت مشاويري وتقد ساعه بالشارع تنتظر سياره وتكاسره بالسعر الي كنت أخذه ب٥٠ الحين ب١٨ ريال وسيارات نضيفه وفخمه وأمان,Positive
05f2efb3-8b9c-4b2a-89a0-cb449c9bdb22,Careem,Transport Services,5,2025-12-31,تطبيق رائع,Positive
6b2c5bf5-3911-460a-adc6-0ab00f5fa808,Careem,Transport Services,5,2025-12-31,بصراحة اروع واريح تطبيق بطلب منه حذفت تطبيق طلبات وتم اعتماد تطبيق كريم فقط,Positive
d43d2abe-7a20-4f20-9c65-0ab1ec2e6ad6,Careem,Transport Services,1,2025-12-31,سيئه اسوء مم كانت,Negative
fa473c84-e808-44d8-a654-9293828fe69f,Careem,Transport Services,5,2025-12-31,ساءق تاكسي ناجح,Positive
88017925-5cdf-45a8-a6b9-7048c6b64e68,Careem,Transport Services,5,2025-12-31,جيد,Positive
bab0b807-3c53-4623-ad2a-68774ef1631c,Careem,Transport Services,5,2025-12-31,راقي جدا,Positive
44412b8d-e23d-45e1-ab80-021521b1d4f3,Careem,Transport Services,5,2025-12-30,جيدة جدا,Positive
6b902b43-7659-447f-be55-3b8deed0afe6,Careem,Transport Services,1,2025-12-30,كيف اكون كابتن بكريم سويت كل شي وقعت فوق الشهر ومحد رد علي ولا قبلوني شنو السبب لوسمحتو فيدوني,Negative
1534c02f-6797-4736-8111-809be23f1c51,Careem,Transport Services,5,2025-12-30,شكرا,Positive
08336d9c-ce99-4d36-ad43-9bec0978f307,Careem,Transport Services,5,2025-12-30,تطبيق ناجح,Positive
743f964b-d98a-4f03-9d83-6d71874d5ab3,Careem,Transport Services,5,2025-12-30,تطبيق رائع استخدمه في اربيل,Positive
a3024e80-c879-40f1-9857-c365ee8ef49e,Careem,Transport Services,5,2025-12-30,ممتاز,Positive
448e5c21-136e-43a5-98bc-7c0fb4a2bb63,Careem,Transport Services,5,2025-12-30,على مستوى العالم تطبيق جيد👍,Positive
d813bf0e-292b-4cf3-9780-ec6d2629fe8f,Careem,Transport Services,1,2025-12-30,اسواء تطبيق خربان و محد يقبل بل رحلة اذا قليلا و الرحلا ما تسوا 10 ريال و اخر شي محد يقبل حتا لو حطيتو 15,Negative
3ae4e407-bc6a-4c2e-97f3-64a2d850896e,Careem,Transport Services,1,2025-12-29,طلابات أفضل يوجد زيادات غير مبررة في كل طلب,Negative
d0e1caf2-c366-4d7c-a2a9-56f0d088387e,Careem,Transport Services,1,2025-12-29,السائق لا يلتزم بالاسعار المحددة,Negative
1f9fe833-39f1-46d3-9869-524a2958f43f,Careem,Transport Services,5,2025-12-29,ممتازه ودقيقه ليس عليها اي ملاحظات,Positive
9e54bf4f-3608-452e-b85e-3cfff237ad03,Careem,Transport Services,5,2025-12-29,تكسي كريم دائما سباق في تحديثاته والتنوع المستمر في فئات التكسي هو ديدنكم ويبقى هو الافضل بفضل كباتنه الرائعين وهو تطببق متكامل,Positive
a94f7968-767d-4b70-94e4-d2db2909b84a,Careem,Transport Services,5,2025-12-29,رحلة ممتازة ومريحة,Positive
a3c56b15-9095-4254-9826-44898ef38bd3,Careem,Transport Services,5,2025-12-28,برنامج رائع,Positive
214c20e8-1368-4532-a00c-ad6c2cf8e21b,Careem,Transport Services,5,2025-12-28,شكرأ,Positive
7d79e91c-32ed-4898-9e60-10c033c19d1a,Careem,Transport Services,5,2025-12-28,كم تعطيه نجمه انا ☆☆☆☆☆☆ وأكثر من كذا بعد صدق وأمانه (جميع الحقوق محفوظه...الخ),Positive
4e6d2fbc-8513-4f65-8b6b-7baf71c60a12,Careem,Transport Services,5,2025-12-28,جميل,Positive
19929d48-b6e8-46a1-a95a-122c5e339a4d,Careem,Transport Services,5,2025-12-28,جيد,Positive
5d781182-fff8-4929-86bd-74c9357be391,Careem,Transport Services,1,2025-12-27,مع الأسف التطبيق في تراجع بسبب توظيف سائقين اقل مايقال عنهم محتالين ونصاببن,Negative
fb99907d-7354-47cd-9123-84e7c7682261,Careem,Transport Services,1,2025-12-27,دائما اسعار مبالغ فيها لاتوجد برامج جديدة او خطط اسعار مبتكرة,Negative
6798d460-03f8-449c-9c05-52a02a8db46d,Careem,Transport Services,5,2025-12-27,",👍",Positive
c51af52d-6122-4005-9d1d-647fed8774e0,Careem,Transport Services,1,2025-12-27,حظر حسابي فقط لاني دخلت من رقمين لان احد الارقام مفصول وكان يوجد لدي مال بالمحفظه عند التواصل معهم السبب اني الدخول من رقمين اساءه استخدام تطبيق غريب ولا انصح به,Negative
dc85ccde-75d7-45ec-a489-eb915e515fd6,Careem,Transport Services,5,2025-12-27,شركه رائعه وتحترم الزبون والكابتن مو مثل بلي,Positive
7106bc63-c2cc-4d68-a69f-9085f2c42684,Careem,Transport Services,5,2025-12-26,جيد جداً,Positive
3fd1fd68-14af-4c7a-bf78-8a24322df874,Careem,Transport Services,5,2025-12-26,جيد جدا,Positive
5bbea619-1c23-491e-ad1c-6e858852c21c,Careem,Transport Services,1,2025-12-26,سئ جدا,Negative
3cb7e6a1-768e-41ce-9d1b-8b3917e909e1,Careem,Transport Services,1,2025-12-26,على اخوتنا المصريين جت الحزينة تفرح، مالقتلهاش مطرح يعني اشرد من بلي كريم يخليك تتقبل خيسة بلي لان شي مرات رخيص فمتتوقع منه خير بس كريم وكريم الكابتنية يتقصدون التأخير لو يتخذ مسار ابعد حتى ادفع اجرة اكثر او يمشي بهداوة ... على گولة ابو وسام النتيجة ادفع مرات قرابة الضعف! لا وفوقها الكابتن قبل لا يوصل يجيني اشعار الكابتن بانتظارك! طيب شلون وهو الشارع كله مداخله؟! بعد... مرات الكابتن يختل بزوية حتى ما اشوفه واگعد ادور عليه اللي هو كله وقت؟ وعلي... وبالاخير... رقم شكاوى ما عندهم ضمن التطبيق!,Negative
dec61e65-3347-4a76-8697-5e7c4504c81a,Careem,Transport Services,1,2025-12-25,مش راضي يسجل دخول,Negative
0a084edd-2cc7-44c3-b758-8fbf766e075d,Careem,Transport Services,5,2025-12-25,جيد جدأ الول ستخدامي,Positive
7dc67838-54f5-4b3d-a6e6-d6581fe6b0a6,Careem,Transport Services,1,2025-12-25,كباتن جدا سيء وتعامل الدعم اسوء,Negative
a2eb3133-bbb7-4fd9-b8ef-8b95ad6102df,Careem,Transport Services,5,2025-12-25,افضل تطبيق,Positive
9bd2dd71-8cad-4523-bb19-55582eda87b0,Careem,Transport Services,5,2025-12-25,نوعا ما جيد,Positive
82a22fb1-5145-4f40-9dcc-0d9154021067,Careem,Transport Services,3,2025-12-25,انا كنت بحب هذا التطبيق كتييير ومااطلب سيارة غير منه فجأة حطولي لا يمكن الدخول للحساب وجربت من رقمي الثاني نفس المشكلة حاولت ابعت رسالة ومازبط ياريت تفيدوني,Neutral
8f45742c-3d12-4cc9-91a0-cb1fb610c040,Careem,Transport Services,5,2025-12-25,تطبيق ممتاز,Positive
43423ba1-4e25-414c-8aea-ebd8244e6046,Careem,Transport Services,5,2025-12-25,رائع,Positive
cd406b3b-b034-474c-aef6-70c790a1c5f7,Careem,Transport Services,1,2025-12-25,يظهر في التطبيق سعر وبعد التوصيل يظهر المبلغ مدبل. لو ظهر لي من أول المبلغ كنت غيرت الي تطبيق اخر غير كريم مثل بولت او جيني بدل السعر المبالغ فيه. لا انصح بتحميل كريم.,Negative
b9b835f6-1cee-4871-90fa-ee69432f4111,Careem,Transport Services,5,2025-12-25,ممتاز,Positive
97e86000-592a-4c6a-a490-8954805921f7,Careem,Transport Services,1,2025-12-25,ماكو خصومات والاجرة تزداد اذا السايق غير الطريق او ازدحام,Negative
8aef3794-3c2b-45bf-91ea-283566648636,Careem,Transport Services,5,2025-12-25,خدمة ممتازة,Positive
e11f74cb-7bfe-4e1e-acd5-dab1f2320366,Careem,Transport Services,1,2025-12-25,التطبيق حجب حسابي ويضع علي دفعة والسبب أنني الغيت رحلة لم تتطابق فيها معلومات كابتن كريم عند وقوله كان كابتن آخر .. وفرضوا علي رسوم 4.48 ريال.. والآن أنا لا أستطيع طلب الرحلات على الرغم أني من فئات الـ vip ومازلت أحاول طلب الرحلات ولاتكتمل وعلى الرغم أني أراسلهم بهذا الأمر واطلب منهم رفع الرسوم الموضوعه افتراءا وزورا ،، مع الأسف أضطررت استخدام برنامج آخر للتوصيل وحسبنا الله ونعم الوكيل ..,Negative
c1e543e9-2307-4120-8436-3714df40030e,Careem,Transport Services,5,2025-12-25,يجنن,Positive
1340d7c2-1b2d-4998-a252-84950778bd69,Careem,Transport Services,5,2025-12-24,ممتازة,Positive
aa00ce10-1197-4c5b-a7a7-343741397ae5,Careem,Transport Services,5,2025-12-24,كلش تطبيق حلو بس نتمنى يتوفر بشمال البصره,Positive
0f4fdbb1-a57b-478a-8b5a-7e63d2a32b4d,Careem,Transport Services,1,2025-12-24,تجربه فاشله مع الاسف مرتين اوصي كريم وميجي ويحسب عليه فلوس برنامج فاشل وتقفيص لا اكثر ولا اقل,Negative
6e3e911a-6ca6-4389-8787-da777bf016d6,Careem,Transport Services,2,2025-12-24,اسعار الرحلات بسياراتهم مرتفعه بالإضافه عند انتهاء الرحله ترتفع اكثر بشكل مبالغ,Negative
7955709e-38f7-4db7-9950-24f44d20147c,Careem,Transport Services,5,2025-12-24,تطبيق اعتمدت علية بكل مشواري,Positive
73876c36-4cc0-4f31-b2da-ea60c269b437,Careem,Transport Services,5,2025-12-24,ممتازه,Positive
60e1c118-ab59-4006-b599-44d050227527,Careem,Transport Services,5,2025-12-24,جيدة,Positive
596e7c83-087e-4cf2-900d-93d583b951d4,Careem,Transport Services,5,2025-12-24,جيد,Positive
ca4767ea-b0d2-47a5-a4a7-5f2147b97f77,Careem,Transport Services,5,2025-12-24,ممتازة,Positive
f4b94075-4944-41c5-b99b-a0113d2dac08,Careem,Transport Services,1,2025-12-23,برنامج تقفيص يطلب مني كروة سيارة 8000 لمسافة أخذ تكسي من الشارع ب 5000 وبلي يطلب مني 3750,Negative
e21465fa-a951-42d1-9738-7171545c1060,Careem,Transport Services,1,2025-12-23,شركة سيئة للغاية لقد طلبت طلب طعام من داخل التطبيق واحضر عنصر آخر تخيلو معي انك تقوم بطلب لك وياتيك طلب اخر والمشكلة الأكبر أن عند المراجعه يقولون لك نعتذر لا يمكن أن تسترد نقودك وانا ما ذنبي انهو خطئكم انتم ليس مني وبدل ما تقومون بإرجاع نقودي الي تقولون لا يمكن ما هاذا شيئ لا يصدق ابدا ، انا ابن هاذا التطبيق جميع رحلاتي معه وجميع اطعمتي منه ويمكنكم الاطلاع على جميع رحلاتي انا لست جديد انا ابن هاذا التطبيق وانا الذي كنت انصح الجميع فيه بكل شيئ اتمنى من الشركة المحترمة ان تتعاون معي واسترد نقودي.,Negative
97378aa1-19b0-4186-8336-31ac5e7e0477,Careem,Transport Services,1,2025-12-23,سيئ جدن,Negative
be45d52a-cd79-4f82-a165-84a954795fb6,Careem,Transport Services,1,2025-12-23,تجربه سيئة وفريق الدعم سيء وتم حظر حسابي وما بعرف السبب ومو عارفه ارجعو او شو اعمل ومحدا فادني ب اشي,Negative
abf6dae4-34bc-457f-b47e-95256f6c9a34,Careem,Transport Services,1,2025-12-23,اسوء تطبيق علي الاطلاق,Negative
545bb64c-fb3c-4d41-b45d-a2a23f8db861,Careem,Transport Services,5,2025-12-22,رائع,Positive
1641c576-5146-4aaa-b364-4b102ba74507,Careem,Transport Services,5,2025-12-22,جيد جدا,Positive
1872bb08-e7a7-4cc7-b9c6-095d17dd56d4,Careem,Transport Services,5,2025-12-22,اكثر من جيده,Positive
add8d359-d863-4479-bdb6-13f629c1124a,Careem,Transport Services,1,2025-12-22,الكابتن يمشي بطيء علشان يحسب عليك فلوس,Negative
2d839a95-e66f-4b72-9d11-75b98d692eff,Careem,Transport Services,1,2025-12-22,ما حده ينزلو اسعار عندو كتير غاليه ولعروض البعملها كلو كذب حتى الخصومات كذب والتوصيلالمجاني كذب نصيحه ماتنزل هاذا التطبيق نزل احسلك وارخص من هاد بكثير تكسي اف افضل تطبيق على الاطلاق,Negative
b9034e93-c66e-44b2-861b-353f058628e3,Careem,Transport Services,1,2025-12-22,الكروة غير حقيقه,Negative
0051a989-9a7f-4cb3-91df-26eb33246483,Careem,Transport Services,1,2025-12-21,اسوء تعامل بالوجود /كودات وهمية/ عروض وهمية على الاكل/ مشاكل بالتطبيق كل شوي بعلق/ اسعار خرافية متاجر/خدمة عملاء انيل من النيلة,Negative
491c3d1a-d884-4e67-9c32-2be2a4b6b144,Careem,Transport Services,5,2025-12-21,ممتاز للأزمات,Positive
34c27930-48b2-4b5d-94f4-17cd6e937d9d,Careem,Transport Services,1,2025-12-21,لماذا لا توجد محافظة بابل,Negative
7eb480f8-470d-4a11-9dcf-71b6606dc801,Careem,Transport Services,1,2025-12-21,والله تطبيق سيئ جدا ولا انصح احد ان يجربه,Negative
a47a7cd0-8ba3-4e09-88ad-4aabb320636c,Careem,Transport Services,1,2025-12-21,رائع,Negative
58c99c05-d5b2-4c48-b516-fc9a66495b3a,Careem,Transport Services,5,2025-12-21,ممتاز وسهل,Positive
332752ad-92b6-4ae9-b973-01d7194fe6df,Careem,Transport Services,1,2025-12-21,شركه مش كويسه بلسوقين ركبت مع واحد العربيه من عندوهم ونسيت محفظتي معاه في العربيه وسرقه ومرجعليش المحفظه وهو قلي المحفظه معايه وكن في الفلوس والاوراق الشخصيه,Negative
58fa3e3b-cdf1-4dbb-a7f7-af8497b666fc,Careem,Transport Services,1,2025-12-21,انا من اربد ولا يوجد سيارات متاحة او انا موقعي خارج الخدمة.... انا من وسط اربد... لما يكون فيه اكواد خصم لايكون هناك خدمه او لا يوجد سيارات... تطبيق زباله ولا اريد استخدامة.,Negative
50a6461c-eb1f-4273-97aa-18ef99ca385f,Careem,Transport Services,1,2025-12-21,اخدوا مبلغ أكثر من اللازم سيئ للغايه,Negative
c5a2a0bb-1253-44c8-a818-b3c01af4a574,Careem,Transport Services,1,2025-12-21,الكابتن قام ببدء الرحلة والوصول الي الوجهة بدون أن اركب معه وقمت بعمل عدة شكاوى ولا يوجد حل,Negative
bcc00f32-bbb9-4a10-bb1b-388dfbabe39c,Careem,Transport Services,1,2025-12-20,تطبيق لصوص في الفترة الاخيره تم سرقتي من قبل تطبيق كريم ورفعت مطالبة وتم الرد لا يمكن اعادة الاموال و طلبوا مني استعمل الفيزا للدفع و تم وتقاضى الكابتن الأجرة من اطفالي كاش من مصروفهم المدرسي اليومي علما أن الرحله فيزا ولو كان المبلغ الموجود فيها اقل بالعادة تقوم الشركة بتدوين رصيد سالب يتم تسديده بشكل مضمون من العملاء علما اني اعتبر Vip للاسف و مع ذلك تعنتوا بعدم رد حقي للمرة الثانية وهذا لا يشعرني بالامان على اطفالي حيث أنهم كما اتضح لي لا يملكون السيطرة على كباتنهم.. لذلك قمت بإلغاء اشتراكي.,Negative
c9c3a119-3184-4bbb-b7be-e0513c1385bf,Careem,Transport Services,1,2025-12-20,برنامج زباله وبعت لما كان شغال بعت كده مش عاوز يسجل دخول,Negative
c8d5e9c1-9901-47d9-a1a8-7fad7db6aa41,Careem,Transport Services,5,2025-12-20,افضل تطبيق,Positive
9ac4967b-b35a-40c7-b540-5b9caea7079a,Careem,Transport Services,1,2025-12-20,منذ شهر يرسل رمز تخفيض ولا يطبق بالبرنامج والاجور ضعف اصبحت رديء,Negative
02e5051a-c74d-4c34-99a9-bcb53152c491,Careem,Transport Services,5,2025-12-20,تم حل المشكلة,Positive
def41499-f271-47b8-a5f0-fbb1e95920ea,Careem,Transport Services,1,2025-12-20,من اول تجربه كانت سيئة وجاري حذف التطبيق.,Negative
7172c1b7-bc46-4302-bf7a-090201e53573,Careem,Transport Services,5,2025-12-19,رائع,Positive
19ed4346-0112-49d1-bcb6-de5aabbfdb32,Careem,Transport Services,1,2025-12-19,زباله,Negative
384924d4-b56b-40bb-8048-5a8750ba7570,Careem,Transport Services,1,2025-12-19,لدي رصيد في المحفظة من اسبوع ولا استطيع استخدامه الي الان وقدمت شكاوي كتير والي الان لا احد يرد عليا,Negative
b3719d63-eb7b-41e4-b851-f7d4e9be0e15,Careem,Transport Services,5,2025-12-19,جيد جدا,Positive
81c176c4-26fe-4d9a-a143-ac40f4290bfe,Careem,Transport Services,1,2025-12-19,فاشل... رسوم توصيل عاليه مقارنة بغيره وخدمه سيئه,Negative
e8859b73-05f0-4294-b001-1e520f448aa4,Careem,Transport Services,1,2025-12-18,تعرضت لتعامل سئ من هذا الكائن Ammar Alosaimi وتم إلغاء الرحلة وسحب قيمة المشوار وتم الاتصال بخدمة العملاء وتم رد المبلغ هذا لا يصلح للتعامل مع اى انسان يجب اتخاذ الإجراءات القانونية تجاه هذا الكائن رقم اللوحه ر ى و 3832,Negative
ed211a8b-6932-4475-9b80-21c5bcfa67a6,Careem,Transport Services,5,2025-12-18,good,Positive
cd1e0e9b-4aaf-46cb-aa4a-5f7ed90be27c,Careem,Transport Services,5,2025-12-18,ممتاز,Positive
530337de-88ef-4aed-a935-cba95316a309,Careem,Transport Services,5,2025-12-18,أجمل واحلى تطبيق ممكن تتعاملون معاه ويقدم خصومات تحفة والله اني ما بطلب الا من كريم كل مشاويري منه صراحة اعطيه أكثر من ١٠٠٠ نجمه حتى السواقين مره محترمين مره مؤدبين ما تعاملت مع أي حد منهم وضايقني عكس التطبيقات الثانيه صراحة......,Positive
f1adf0b9-d33a-4c85-9973-a0c38d463c1e,Careem,Transport Services,5,2025-12-17,تطبيق ممتاز ورائع جدآ,Positive
61774c94-96f6-4b86-a202-a48388c47520,Careem,Transport Services,1,2025-12-17,صار تطبيق زبالة وبطلع ظرايب و ابصر شو اليوم طلعت فيه حاسب حسابي 1.50 طلع 2.85 وقعدت ادور علمصاري عشان احاسبو نظام مقرف ولله,Negative
96b7479d-e583-4b7b-b48a-e5cccdf0a222,Careem,Transport Services,5,2025-12-17,رائع جدا,Positive
3316444a-f36c-436b-bd97-7e8cbc60032c,Careem,Transport Services,2,2025-12-17,هذا التطبيق من اسمه كريم النجمة الأولى : استخدمت تزامنا مع الزول قبلو. النجمة التانية : لقيت مشتري جادي ل اخر لحظة. وتاني لا سمع لا شاف؛ نفس المشكلة م عنديش حساب بنكي فكده البيعة م تمتش خالص. جدي.,Negative
30c6495d-1512-4615-a4f5-cc7aa7a87eb2,Careem,Transport Services,1,2025-12-17,أسوأ تطبيق,Negative
6c6fe952-1f95-4f1d-9e6e-6ab2f585d81a,Careem,Transport Services,1,2025-12-17,تجارب استخدام البرنامج في غاية السوء أحذر الجميع من استخدامه عند حدوث اي مشكلة لا وجود لخدمة العملاء,Negative
fc3eadb9-a5ba-4eb3-b55e-5dbcc5e78df0,Careem,Transport Services,1,2025-12-16,لا يعمل بعض المناطق,Negative
7b36418f-1730-4f4f-898c-d7eb77064e5b,Careem,Transport Services,5,2025-12-16,حلو,Positive
e33c7cdf-9df0-4832-bb44-adf38e727500,Careem,Transport Services,5,2025-12-16,تطبيق جيد ومفيد,Positive
380bf97f-83bf-4408-b6c7-1f3e51f47f3c,Careem,Transport Services,1,2025-12-16,غالي جدا,Negative
6ee686fc-6249-4c60-9b05-3565f0972c9b,Careem,Transport Services,5,2025-12-16,رائع جدا جدا والله,Positive
59cd2e81-4f52-4035-9399-8afbe151a914,Careem,Transport Services,5,2025-12-16,جيد جدان,Positive
fa438953-b0f2-4727-848d-245af604c009,Careem,Transport Services,5,2025-12-16,رائعه,Positive
5026cf86-70ad-43ef-ba45-564de566d04f,Careem,Transport Services,5,2025-12-16,ممتازه,Positive
321ee323-2d8e-43b5-8208-c4d26fb58430,Careem,Transport Services,4,2025-12-15,thank you,Positive
9540b36b-d40f-4ec1-8fe5-9033041f6178,Careem,Transport Services,2,2025-12-15,الكروة تطلع بيها بوينت يعني مو كروة محسومة. على سبيل المثال المفروض تطلع الكروة ٣٠٠٠ ولكن اللي يطلع ٣٤٢٤ وهلشي غلط لان مو كروة عدلة,Negative
fb3c015b-f883-49e6-837f-ae724c3c7ccd,Careem,Transport Services,5,2025-12-15,برنامج موثوق,Positive
d6db198e-13f2-40c1-851a-f5ab50a6f5a5,Careem,Transport Services,1,2025-12-15,تتطبيق سي جدا لا انصح به ابد لا انصح به ابد صدقوني طلبت منهم مشوار مدته١٥ دقيقه واخذ مني ٤٦ ريال ليش لانه اعذارهم توقفت في محطات تتطبيق سي جدا وربي مايستاهل حتي انك تخليه بجوالك,Negative
96cbc3bb-a56b-4acf-8df3-146fbec59643,Careem,Transport Services,1,2025-12-15,اسوء تطبيق بالاردن,Negative
fe5ecf7a-15d3-4d5d-a6e4-f5ee45afef90,Careem,Transport Services,5,2025-12-15,تمنياتنا لكم بالتوفيق ⚘️,Positive
b36bac1d-2142-42db-83c3-166785ca290b,Careem,Transport Services,5,2025-12-15,برنامج مفيد وجيد للتنقل خاصتا خدكة وفر,Positive
ae43f6a3-f9e4-4827-983b-40ceefc64afc,Careem,Transport Services,5,2025-12-15,افضل تطبيق مصداقية وأمان وسرعة,Positive
85282ea2-dbd7-4b34-a08a-9bc1eab611f6,Careem,Transport Services,5,2025-12-15,حلو,Positive
34e79216-4a41-43df-9679-202bdb660c52,Careem,Transport Services,1,2025-12-15,ماني حابه الاسعار غاليه برغم المسافه قريبه اتمنى يجي خصم 50%,Negative
75ec4f45-7550-4ffc-a78a-33f15ff595a3,Careem,Transport Services,5,2025-12-15,خورافي واسطوره,Positive
7cad33fd-346c-4a5a-a11e-507d28703fb4,Careem,Transport Services,5,2025-12-15,تطبيق جيد جدا سهل المواصلات بدون تعب,Positive
ff4f1acf-4502-4b6b-b345-a50ebdb21385,Careem,Transport Services,1,2025-12-14,الوضع مو امان,Negative
6b2f3976-0607-42ad-ad81-e3930a9f49d9,Careem,Transport Services,5,2025-12-14,رائع,Positive
fc250fdf-e9e7-46d8-90a8-6a0c077b2804,Careem,Transport Services,1,2025-12-14,لايوجد تخفيض,Negative
8c4ace51-71b8-4d45-a1ce-72b73756831f,Careem,Transport Services,1,2025-12-14,تجربتي للأسف سيئه جدا تم حجز رحله وتسديد مبلغ الرحله كاش للكابتن بسبب وجود مشكله في البطاقه الأتمانيه وبعد انهاء الرحله تفاجأت بوجود مبلغ مديونية بالسالب على حسابي في التطبيق وبعد رفع شكوى تم افادتي انه لا يمكن تعويضي وان المبلغ مطلوب سداده من دون الرجوع للكابتن او التحقق منه انا انصح بعدم التعامل معهم والله من تجربتي السيئه معهم لا يوجد احترام للعميل وخاصة ان تقييمي في التطبيق ٤.٩ ولا احترام للعقل ولا محاولة فهم المشكله فقط يتم الاتصال علي من مصر بنفس الاجابه وكأنهم يقرأونها من كتاب,Negative
7aa7ec7d-b703-4792-8562-d133abde8516,Careem,Transport Services,1,2025-12-14,",سيى جداا",Negative
8a15fd41-4408-4db9-9a08-048925de7359,Careem,Transport Services,5,2025-12-14,كيف احولها بالعربي,Positive
2c54682c-9ad6-4829-ae2b-58b01ea983c1,Careem,Transport Services,5,2025-12-14,ممتاز جدا من ناحية الخصومات والامان,Positive
f80b4ceb-9744-4665-a0c8-e7af0026acd1,Careem,Transport Services,5,2025-12-14,ممتاز,Positive
336dd9a0-6cd7-46b6-999d-19e3de98068f,Careem,Transport Services,1,2025-12-14,تجربة سيئة للغاية خدمة العملاء لا وجود لها عند وجود شكوى من سائق عديم الأمانة والنتيجة بعد الشكوى لا شئ لا انصح به على الاطلاق البرامج الاخرى بها خدمة عملاء أفضل,Negative
59937b0e-b7d0-41ab-b463-5a9fa50882f8,Careem,Transport Services,1,2025-12-13,تجربه سيئه,Negative
e53fa1f6-29a2-4f53-83f1-1a6d77b9fa38,Careem,Transport Services,5,2025-12-13,ممتاز,Positive
efdf488a-e64b-4878-9ff0-f97249055c03,Careem,Transport Services,5,2025-12-13,نشكر لكم جهودكم خدمة ممتازة,Positive
4ca7b772-b877-470c-868a-725357846ff8,Careem,Transport Services,1,2025-12-13,النظام صار يعلق كثير والخدمة صارت سيئة خساره كريم صار من اسوء التوصيل,Negative
fd99a7f1-098e-4fda-a48b-aeb2293434f7,Careem,Transport Services,5,2025-12-13,best app in the world 🌎,Positive
cceea553-7ef8-4b1b-bc32-5bb915954bda,Careem,Transport Services,5,2025-12-13,جيد جدا,Positive
fd53b315-0d9e-4be2-a72d-6a3eeb4d2ccf,Careem,Transport Services,5,2025-12-13,تطبيق حلو وناس والله محترمين انصح الكل بتنزيله,Positive
f7001fc3-2bad-42c8-8e6f-4448ec2e58bb,Careem,Transport Services,5,2025-12-13,سيارات ممتازه سايقين ممتازيين الوصول السريع الاجرة المناسبة و هذا ان دل فيدل علي حسن واتقان ادارة كريم..شكرا كريم,Positive
9bdde038-bdd9-4b73-b6e8-a9cfa1be3525,Careem,Transport Services,5,2025-12-13,ممتاز,Positive
af5b4684-0224-42fb-af00-55856bd5f2b1,Careem,Transport Services,1,2025-12-13,لا انصح بة,Negative
68227bfb-43a5-43de-ad64-8e6576657f6e,Careem,Transport Services,5,2025-12-12,بصراحة تطبيق حلوو واذا في اي مشكلة يتجاوبووو معاكم,Positive
5ed273bb-ae2c-4fed-9c2a-d1253b79d80b,Careem,Transport Services,1,2025-12-12,خداع في أجور التوصيل إضافة مبالغ بحجج وهمية فرض رسوم مفتعلة لا أنصح بالتعامل مع هذه الشركة,Negative
b6701603-fe8f-4750-9769-41b32a8c015b,Careem,Transport Services,1,2025-12-12,تطبيق فاشل جان عندي خصم 50بلمية الكروة من زيوني يم معهد الريحاني الى جميلة السعر 5500المفروض اتصير 2750السيايق يكلي ماكو هيج وماقبل يرجعلي اني انطيتا 10الف رجعلي 4500 كلتة بعد يكول الكروة 5500كلتة لا حبيبي 2750ماقبل ومن قدمت شكوة سحبو من 2000نوب سحبو 10000ماليش مااعرف,Negative
49459800-615d-483e-8b47-8fe66be9eadb,Careem,Transport Services,1,2025-12-12,التطبيق معلق توي حملته واحط المسجد الحرام يكتب حدث خطأ حسبت لان المكان بعيد حطيت المسجد النبوي اشتغل معرف ليه بس مو راضي يزبط على المشوار الاول ما حبيت,Negative
193deba9-4cc8-489f-b275-76c8f39ee370,Careem,Transport Services,5,2025-12-12,جيد,Positive
724ed019-3605-482f-ba1e-6b6f66a11554,Careem,Transport Services,1,2025-12-12,نجمه لي شهر انواصل مع الدعم الفني عشان يرجعون فلوسي و يماطلون,Negative
c6379fa4-cd5b-40e7-9036-a52780aedc12,Careem,Transport Services,1,2025-12-12,تعرضت ل بعض المشاكل المالية معهم وتواصلت مع موظفي كريم عدة مرات ولم يكن بإمكانهم حل مشكلة بسيطة اكثر من مرة تم خصم أجرة المشوار في الوقت الذي لم يلتزم فيه الكابتن بالحضور بلغت الشركة ولم يكن هناك أي إجراء أو إعادة المبلغ وتكرر ذلك مرارا آخرها قبل اسبوعين شركة كريم غير متعاونين في الأمور المالية انصح بعدم إضافة بطاقة للحساب لانه يتم الخصم ولا يتم تأمين المشوار التقييم ضعيف جدا نجمة واحدة فقط وأقل,Negative
b0163901-832f-436a-b7a5-7e5c711928ee,Careem,Transport Services,5,2025-12-11,رائع جدا,Positive
0aafdc43-095b-4fd4-be1c-65fab9d923b1,Careem,Transport Services,2,2025-12-11,مايطلع لي كابتن بسرعه ماحبيت,Negative
a7854a05-e34d-455a-bd41-c26b294706b1,Careem,Transport Services,1,2025-12-11,خدمة العملاء حرامية انا دفعت للكابتن ٥٠ ريال ومشواري كان ١٨ ريال وقال لي الباقي راح يحطه في المحفظه ومر يوم كامل وما لقيت الفلوس ولما كلمت خدمة العملاء قالو لي ما يقدرو يرجعو الفلوس وانو المفروض امون ادفع شبكة حسبي الله ونعم الوكيل الله لا يوفقهم ولا يبارك لهم في هذا التطبيق الله لا يوفقهم,Negative
cccde13c-59c8-4151-b09c-22b8d1e544ee,Careem,Transport Services,5,2025-12-11,اسعار مناسبة جدا بل منافسة بقوة,Positive
b13bcba4-9d60-4b41-a10d-4c3e8c9830e4,Careem,Transport Services,5,2025-12-11,تمام,Positive
984f32f9-833a-4e53-a510-7ce754d95a1e,Careem,Transport Services,5,2025-12-11,رائع,Positive
86a62547-ce42-4889-90a1-de2bddeb6846,Careem,Transport Services,5,2025-12-11,جدا ممتاز,Positive
4af26828-90f3-4e68-ad91-c0131daa5197,Careem,Transport Services,5,2025-12-11,روعه وجميل,Positive
cc52130d-8e50-49bf-a8a7-2de49545f5c5,Careem,Transport Services,1,2025-12-11,تتغير طريقة الدفع خلال الرحلة ويتسبب بمشلكه مع السائق,Negative
39d57179-03b9-4099-9433-8426e5763e79,Careem,Transport Services,1,2025-12-11,رهيب أكتر تطبيق توصيل استخدمه لأنه سهل وسىريع واسعاره بعيداً عن اوقات الذروة معقولة والسيارات عندهم نظيفة ومرتبة وسهل تعرفيها لأنهم حاطين معلومات كافية عنها عندك زي اللون والشركة ورقم اللزحة وصورة السائق. وامكانية مشاركة موقعك شي لطيف ✨ وسائقينهم محترمين والدعم عندهم متعاونين يعني تطبيق رهيب ولكن تجي فترات اعاني على ما يقبل طلبي سائق والاسعار تصير غير منطقية بتاتاً وقت الذروة أو لما يصير السائقين قليلين في المنطقة!! بس بشكل عام اشكركم حقيقي 🤍,Negative
a52601c0-b0ee-4ad2-84c5-78dacbb7f7c1,Careem,Transport Services,5,2025-12-11,ممتازه جدا,Positive
daa79d63-f7fc-4b4e-a255-c4924810c67f,Careem,Transport Services,1,2025-12-10,كذابين,Negative
6e74c802-df23-46d6-aa3c-ccc05076a5a3,Careem,Transport Services,1,2025-12-10,تطبيق زفت واسعار ناار وفوق كذا ماعندهم استرجاع ابدا,Negative
867f5c30-dc67-4300-8e83-e41c2289fdba,Careem,Transport Services,1,2025-12-10,سيء جدا تجلس نص ساعة عشان تنتظر يقبل كابتن واخرتها يكنسل الرحلة,Negative
5f5d55d7-edde-454f-939f-52370759091d,Careem,Transport Services,5,2025-12-10,ممتاز,Positive
014dbdfb-b072-40ee-9ade-a55bd4577536,Careem,Transport Services,1,2025-12-10,سيء الكباتن يقبلون ويلغون,Negative
921ae786-694d-4912-8724-ef4829e30965,Careem,Transport Services,5,2025-12-10,جيد جداً,Positive
f8d484a4-650f-4721-921b-87e9319bebfe,Careem,Transport Services,5,2025-12-10,حلو,Positive
75bb0a73-5154-4622-8e5c-be91430b67eb,Careem,Transport Services,5,2025-12-10,جيد,Positive
4a69db45-48f7-42a5-95f2-0bc8e90d128a,Careem,Transport Services,1,2025-12-10,تطبيق جيد ولاكن سواق حرامية التطبيق ينطيك سعر ومن توصل ينطيك غير سعر,Negative
0991bd8c-5580-41fb-9e39-6e27475f32f4,Careem,Transport Services,5,2025-12-09,تطبيق زبالة ونصابين علشان لاحد يطيح بالمقالب اللي طحت فيها ابعدو كل البعد عن الـ Rides تبع الدراجات والسكوتر,Positive
6bb996ab-237e-41a7-aad0-5f3aada6139c,Careem,Transport Services,4,2025-12-09,تطبيق ممتاز بس بي عيب واحد اسعاره جدا مرتفعه وعروض التخفيضات قليله بس خدمته امينه وتروح وترجع وياه وانته بأمان وهذا اهم شي والسواق من خيرة السواق ولا يتذمر ولا يحجي حجي بذيء ومايبدأ بالكلام الا انته تسأله يلتزم بالصمت خاصتا مع النساء والسيارات مرتبه ونظيفه,Positive
a27805ad-061f-43ed-a353-d3b2d5284daf,Careem,Transport Services,1,2025-12-09,اكثر واحد كنت استخدم هذا التطبيق على المستوى الشخصي وعلى مستوى العمل لكن آخر تحديث عملوه سيء خاصة شغلة انه لازم احدد المكان اللي بدي اذهب اله,Negative
82f63061-a850-4826-849e-ac721753d398,Careem,Transport Services,5,2025-12-09,رائع,Positive
4dc17a9e-6de1-4dc4-a33b-5d5bae505b91,Careem,Transport Services,1,2025-12-09,اللغه بالأنكليزي كلش منفتهم منه... لازم اللغه تكون عربي..,Negative
4fd1eaa0-3cf7-46f8-b1fb-b23a7ee084ef,Careem,Transport Services,5,2025-12-09,منتاز,Positive
c7c84da2-779b-4a54-896c-d15f0f0ab3e2,Careem,Transport Services,1,2025-12-09,أغلى شي بالكروة هي كريم والمشكلة من تطلب سعر بس شويه تتاخر يزودون الف دينار بلي احسن من كريم بهواي,Negative
cb4341fe-6209-487a-8179-026885a5597d,Careem,Transport Services,5,2025-12-09,ممتازة,Positive
f99e0e9b-4a33-43a3-8a5a-33720b6595fe,Careem,Transport Services,5,2025-12-08,جيده,Positive
0fdae536-d9c9-4847-8006-c4aaa1c5ccc5,Careem,Transport Services,1,2025-12-08,حرامية لحد يستخدم الدراجات والاسكوترات تبعهم في الحرمين. تحسب الدقيقة ريال و٢٥ هللة. ويسحبوا زيادة تأمين ٤٠ ريال ع كل دراجة ولا يرجعون. رفعت شكوى أكثر من مرة ولا في فائدة. وتطبيقهم مضلل مافي توضيح في التطبيق باللي ذكرت. تختار عربي يجيك كله انجليزي ماعدا كم من جملة. تطبيق سيء لابعد الحدود,Negative
8fcb3505-4287-4de6-ba90-efb524c6dd48,Careem,Transport Services,1,2025-12-08,سئ جدا واسعاره غالية واوفر,Negative
43a1b06c-c8d4-4cef-b624-b12dfcff4b99,Careem,Transport Services,1,2025-12-08,تكون تكلفت المشوار سعر ، ولما يوصلك الكابتن يطلب منك سعر اخر .,Negative
c6866713-76ad-492e-8956-d1d6936e78d7,Careem,Transport Services,1,2025-12-07,فاشل اسعار غاليه وقفاصه,Negative
bae9294b-0a99-4085-9573-61f301872f57,Careem,Transport Services,1,2025-12-07,فاشل اسعارهم غاليه وحراميه يعني كابتن لغه رحله لان ما قبل يجي للموقع مالتي حسبوا عليه 1700 دينار,Negative
7eb74d94-d292-45d4-960b-223170f5ec7b,Careem,Transport Services,5,2025-12-07,خدمه اكثر من روعه,Positive
5fb45ead-c788-4a86-bb88-49f535e1f1cc,Careem,Transport Services,5,2025-12-07,ممتاز,Positive
cdfb60c1-4c23-4efb-ab3f-fa65e2de3da9,Careem,Transport Services,5,2025-12-07,زين,Positive
408112b3-1470-4ba2-bac4-492d468d6b8f,Careem,Transport Services,5,2025-12-07,ممتازه,Positive
1bc6877a-61e0-44d6-a592-687658d5d5d9,Careem,Transport Services,5,2025-12-07,تطبيق ممتاز والشركة صادق في سماع شكاوى العميل في حالة خطاء الكابتن وارجاع المبالغ في حالة حصول لبس في تحديد الاجرة وزيادتها,Positive
16c66a52-9597-4a8d-9110-33ab9384f3e5,Careem,Transport Services,5,2025-12-07,جيد,Positive
7ae42713-337f-4d81-a40b-60d7bdfb1a28,Careem,Transport Services,5,2025-12-07,ممتاز,Positive
cd97242d-cb40-483c-81a9-d2c79bcd3c82,Careem,Transport Services,5,2025-12-06,اروع تطبيق ممتاز جدا,Positive
d8586dcb-d975-4563-a227-b005d005c9ae,Careem,Transport Services,5,2025-12-06,تطبيق رائع جدا,Positive
de62f421-ed25-477d-920d-4060b49ba7f2,Careem,Transport Services,1,2025-12-06,الكابتن أراد أن يلغي التطبيق لأن نقطةالوصول لم تعجبه وبعد أن استأجرت غيره اتضح أنه لم يلغه وسجلت الشركة مبلغا مستحقا علي، شركة غير منظمة والكابتن غير صادق,Negative
cc8e071d-6245-4ca9-9c28-40890b62e117,Careem,Transport Services,5,2025-12-06,ممتاز,Positive
45a47dfc-55ab-41d1-acd0-0444e15f727d,Careem,Transport Services,5,2025-12-06,برنامج ممتاز,Positive
47cce6db-1850-4236-a326-d9d6d085486c,Careem,Transport Services,1,2025-12-06,اكثر من سيء اكثر من مرة تصير معي مشكلة في التطبيق وما بتم حل المشكلة لا انصح التعامل معهم,Negative
ac18aa51-caf5-499f-9769-93bfe1668e89,Careem,Transport Services,1,2025-12-06,ياخذون كروه اهواي اكثر من حق الكروه والوقة,Negative
61b4a00a-5311-4cae-9897-d99a3af7b3d4,Careem,Transport Services,1,2025-12-06,جيدة جدا,Negative
53bd975d-be39-4c78-84c6-23e2227037e1,Careem,Transport Services,5,2025-12-06,رائع احسن من بلي الحراميه,Positive
3af97782-14d8-471e-9c2d-679faf981a62,Careem,Transport Services,5,2025-12-05,جيد,Positive
a412ed54-2368-49a4-93e9-5e02e1581714,Careem,Transport Services,3,2025-12-05,يطلب تحديث وهو لا يحتاج الخريطة تثبت يتصل السائق من غير نقطة,Neutral
45c28399-f737-48f5-b7d6-2b53f3401732,Careem,Transport Services,5,2025-12-04,امان وثقه,Positive
990ee9a8-b4bb-4ba8-a355-a39deb7fa891,Careem,Transport Services,1,2025-12-04,الدفع مشوار القادم لا يوجد. ملغي المشوار على العميل,Negative
dea2bef4-5439-41bd-9fe3-edf8e7d8c781,Careem,Transport Services,5,2025-12-04,جيد جدا,Positive
2986b936-461c-4e6a-b51a-f0f554a5760f,Careem,Transport Services,1,2025-12-04,تجربة زفت ابليكشن مهنج غير كدة بيعينوا ناس غير امينة الكابتن يقولك هحط الباقي محفظة ويضرب الفلوس في جيبه وميحطش حاجة اصلا وتكلم خدمة العملاء يقولولك دي غلطتك ابقى اتأكد ان معاك فكة قبل ما تركب حل جهنمي فعلا,Negative
c1a50fd6-fefd-47d9-bb7e-83f5dd806fd2,Careem,Transport Services,3,2025-12-04,جيده,Neutral
0e1c357a-72dc-4d01-8ec1-a6c4ba9065cd,Careem,Transport Services,5,2025-12-04,جيد جدا,Positive
176d6936-54dd-40f1-8ca4-278ae16c42a0,Careem,Transport Services,1,2025-12-04,تطبيق فاشل ما يحترم العملاء تطلب تنتظر اكثر من 20 دقيقه بعدين يلغي المشور وضيع وقتك وانت تنتظر السائق,Negative
061eb168-4a30-4df8-b6e9-a2253f548c31,Careem,Transport Services,5,2025-12-04,جديدة جدآ,Positive
4351d4c3-5ca8-4096-ada5-ea2c7abd501f,Careem,Transport Services,2,2025-12-03,صعوبة التعامل في دفع المبلغ,Negative
44c4beaf-d5f6-4d8d-b657-26e0441e298f,Careem,Transport Services,1,2025-12-03,كل شي تمام بس ما يضمن للعميل حقه يعني لو أخذ الكابتن مبلغ زياده ما يرجعونه للعميل و كان الكابتن مو تابع لشركه و هذا الشي يخليك تخاف على نفسك,Negative
74ec7777-cda6-4dff-ae95-b92f23c3172f,Careem,Transport Services,1,2025-12-03,بعد التحديث الاخير اصبح لا يدعم روابط الموقع المرسلة عبر الواتسب ارجو حل هذا الخطأ,Negative
9e26ccdb-bff1-4b2d-84f1-5d170737113a,Careem,Transport Services,1,2025-12-03,كان تجربة سي جيدة,Negative
1865d388-2d25-4718-af48-764a401a11dc,Careem,Transport Services,5,2025-12-03,جيد,Positive
4c812411-3640-4cbb-a385-9398e5746d0a,Careem,Transport Services,5,2025-12-02,ممتاز,Positive
725df60c-4e5c-4458-bf5a-9e9b93fa1557,Careem,Transport Services,1,2025-12-02,bad program not help I made order because i was so hungry then the order was cancelled because the late from application and no taking action to me,Negative
c98f6ecf-d18d-4534-815b-18a9292ff9b7,Careem,Transport Services,5,2025-12-02,جيد جدا بس غالي,Positive
a68ce321-51df-4993-a8ce-a6b9d842205e,Careem,Transport Services,5,2025-12-02,جميل,Positive
7763696d-0e0e-4445-9885-372d322531bf,Careem,Transport Services,5,2025-12-02,تطبيق جيد جدا ومريح وآمن وجميع سائقي التطبيق اخلاق والحمدلله والتطبيق يستحق التقدير وبالنسبه الي لايمكن الاستغناء عنه وبالتوفيق تطبيق جيد لايمكن الاستغناء عنه شكرا جزيلا وبالتوفيق,Positive
a683b843-1e53-483c-afb5-94e5b0b02aff,Careem,Transport Services,5,2025-12-02,رائع جدا,Positive
aa5bd92a-d1a1-409e-a895-59f61a365b05,Careem,Transport Services,5,2025-12-02,جيد جدا رائععععععع,Positive
fd1b0297-d1c4-43e7-ae3a-8c4ea705945a,Careem,Transport Services,1,2025-12-01,I asked for eggs and they sent it completely for validity and they did not compensate me with anything very bad service,Negative
b691107a-89d6-4a91-a43b-599063a3ce92,Careem,Transport Services,1,2025-12-01,سلوك الكابتن حقير,Negative
0ea0ea6d-42a7-41f1-96b8-2eba7209b193,Careem,Transport Services,1,2025-12-01,سيئه جدا عشان مش عارف اكلم خدمه العملاء,Negative
020ffaf3-dc21-4f61-8639-d70a258cd62c,Careem,Transport Services,5,2025-12-01,جيده جدا,Positive
a97b9b3d-368c-4298-b638-69b168e2f023,Careem,Transport Services,5,2025-12-01,ممتاز,Positive
c71cc19d-40ef-4644-99e3-01fa0278bedd,Careem,Transport Services,5,2025-12-01,تجربة رائعة جدا ... وخدمة مميزة عندي موعد بالمطار والرحلة اخر الليل وسوا لي نكبة واحد من التطبيقات ، واخيرا طلبنا من كريم ودقايق وهو موجود الكابتن . وزد على ذلك السعر مناسب شكرا (كريم),Positive
3f8e4370-794b-4daf-9603-ebdf1c965b42,Careem,Transport Services,3,2025-12-01,كود الخصم ما يشتغل,Neutral
1af6a8e2-54f8-4a8d-ad68-872ed6316563,Careem,Transport Services,1,2025-12-01,حرام فيهم حتى نجمه اقسم برب العزة والجلالة انه تطبيق سيء سيء سيء جدا وكل اللي فيه السائقين قليلين ادب واساسا مو سياراتهم ويجيك السائق بسيارة مو نفس السيارة اللي بالتطبيق ظاهرة ولا نفس اللوحة ولا نفس الشخص واوبر اخس منهم والعن اوبر اللي يجيو سكرانين من الاساس الا من رحم ربي كانوا اوبر وكريم افضل شركة مواصلات بالسعودية الان اصبحت اسوء شركة مواصلات ممكن الواحد يتخذها وفوقها سيارات وسخانه اقسم بالله العظيم وسيارات موديلات تبكي منها قديمة قديمة مااختلفنا يترزقوا لكن على الاقل نظف سيارتك عنوان رزقك,Negative
f9053670-7e6b-470f-b56c-444b672ed4e3,Careem,Transport Services,5,2025-12-01,الله بسعدكم,Positive
d74d784b-9314-4392-9c7d-e290e661880e,Careem,Transport Services,5,2025-11-30,ممتاز,Positive
aa0b16b7-f3a9-4304-a260-30c949d28493,Careem,Transport Services,5,2025-11-30,😍😍,Positive
012a83bd-2942-4ad2-ab18-893e2747a24c,Careem,Transport Services,2,2025-11-30,تجربتي في البحرين مزعجة,Negative
28d1ddce-8043-4b48-8710-cfe91932af11,Careem,Transport Services,5,2025-11-30,ممتاز,Positive
3f43fa79-ca79-41b8-bdd8-132efc7a9a6a,Careem,Transport Services,5,2025-11-30,جيد,Positive
46471972-30a6-4e56-a653-9c1c27b4137b,Careem,Transport Services,5,2025-11-30,سهل الاستخدام,Positive
0060ab86-45ef-4c26-b8ce-023d97a8c5f2,Careem,Transport Services,1,2025-11-30,سيء,Negative
b186c928-9cfb-49a3-a063-2d84318ced19,Careem,Transport Services,5,2025-11-29,برنامج جميل ومريح جدا,Positive
4a76733f-58fe-42c7-a101-b15fb901a920,Careem,Transport Services,1,2025-11-29,من جديد تطبيق سيء,Negative
806a764b-3c4f-4123-8f9b-384d41c83ccd,Careem,Transport Services,5,2025-11-29,روعه,Positive
2c1e84d9-379b-442a-8414-806f2d8a542c,Careem,Transport Services,1,2025-11-29,يوجد خلل في التثبيت,Negative
5c6ee77b-51f9-4c8b-a907-5962d998bae8,Careem,Transport Services,5,2025-11-29,تطبيق رائع وحضاري مفيد ويسهل عملية النقل العام بوقت قياسي وكلفه مُيسّرَ لي ولعائلتي،، شكرزً جزيلاً لكم,Positive
dc20bb4a-fe0a-4a44-ac5b-d3269bb2fc8a,Careem,Transport Services,1,2025-11-29,تم سحب مبلغ مالي مني بدون وجه حق,Negative
6b264d3c-d8f8-4677-8f51-fd507f7d3f00,Careem,Transport Services,5,2025-11-28,جيد جدآ,Positive
86b1afc4-c5e4-4b7d-bfe5-8142526228f2,Careem,Transport Services,5,2025-11-28,good,Positive
4044ad7f-de24-4da9-9c55-d392a4d1ea56,Careem,Transport Services,5,2025-11-28,كلش حلو يوفر وقت وامان,Positive
1605b760-f2ff-458b-85df-9781612f1749,Careem,Transport Services,1,2025-11-28,تطبيق سيئ جدا وخدمة العملاء اسوء بسبب حيث انني طلبت سيارة وطلبت تغيير موعد الوصول لي ولكن لم يتم تغيير الوقت من قبل خدمة العملاء وأيضا كان هاتف السائق مغلق. المفروض ما تحط ولا نجمة,Negative
c5ee640d-0f60-4f1b-81e1-b3394b7a9eb1,Careem,Transport Services,1,2025-11-27,تم خصم المبلغ وانا لغيت الرحله بسبب بعد الكابتن,Negative
2b787198-bb01-42e0-809f-fe13df840f8b,Careem,Transport Services,5,2025-11-27,انا عاطل وابي اشتغل سائق عندكم ماعندي سيارة هل تقبلوني,Positive
5b814b23-8ca1-4758-9c99-2fde5282f4fd,Careem,Transport Services,1,2025-11-27,مطاعمهم فاشلة,Negative
4920cf25-aeba-47b5-b163-ca18eb1f6b6a,Careem,Transport Services,5,2025-11-27,ممتاز 💐,Positive
9306346c-442c-4f16-9fda-8dd07d72ba97,Careem,Transport Services,1,2025-11-27,اصبح التطبيق سيء جدا,Negative
e28ff5c0-54e2-4dc5-877a-2008962f078f,Careem,Transport Services,5,2025-11-26,اشكركم جدا جدا افضل تطبيق لتوصيل باأسعار ممتازه اتمنى تظلون كما عهدناكم واسعاركم تبقى دايما في متناول الجميع 💞🫡😍.,Positive
e2de99e2-034a-499c-af16-08daca0c38fb,Careem,Transport Services,5,2025-11-26,ممتازه,Positive
23d2c082-48f7-4707-89ed-bd98d68a23dc,Careem,Transport Services,5,2025-11-26,رائع,Positive
c5990fde-16b6-4b75-812e-37e0e7742b5d,Careem,Transport Services,2,2025-11-26,الخدمة اصبحت سيئة جدا جدا جدا السواقين ما ينتظروا حتى ٥ دقايق على طول يمشو و الرحلة تروح و تتحسب عليك و المحفظه لا تعمل بشكل صحيح تضيف مبلغ و لا يخصم و يطلب السائق حسابة كاش حتى لو في. بالمحفظة يحسبو عليك تاخير الازدحام زيادة بالتكلفه و تاخير لخبطة الطريق الي هي سببها اصلا السائق و اذا ربط الحساب بالبنك يسحبو اكثر من قيمه المشوار بدون مبرر و ما ترجع صراحه اخر شهرين جدا جدا سائت الخدمة نجمتين كثير,Negative
2609fdb3-0346-4294-b4de-9e750cf89b44,Careem,Transport Services,5,2025-11-25,أحدث وأفضل وأسرع 📋 thank you M/careem👋,Positive
a79bb191-92c5-4282-8c65-40b6499abf0d,Careem,Transport Services,5,2025-11-25,جميلة جدا,Positive
5bbd49da-cc6a-4a08-9875-f962eebf9862,Careem,Transport Services,1,2025-11-25,يزم تطبيقات شغل نصب هي وطلبات والله بيضحكو عالعالم وعقولها,Negative
363a1cbb-d77c-4ed8-8194-6cc3389cab2a,Careem,Transport Services,1,2025-11-25,اصبح كريم واوبر شركه واحده مدموجه ادعم المقاطعة بقوه,Negative
cdf2e588-7919-486d-945d-1cdd706da45b,Careem,Transport Services,1,2025-11-25,لمن تعطي للسواق بغشيش يغلو الرحله في المرة الثانية ويثبتو السعر غالي طنت اروح مشاوري كل يوم بي ٧ ريال ولمن اعطيت بغشيش صارت ١١ واتثبتت على ١١ وبعدها بشهر اعطيت بغشيش مرة وصارت مثبته على ١٦ تطبيق زباله,Negative
6524086c-6d5d-427e-bbcb-d04da3108c02,Careem,Transport Services,1,2025-11-25,تطبيق سيء للغاية جميع الطلبات توصل خاطئة لا انصح بالتجربة,Negative
785bc830-cd87-4800-9516-0c6b4107421e,Careem,Transport Services,1,2025-11-24,شهرين وانا اتعامل معهم يوميا كل مرة الكابتن او السائق يغلط بالعنوان ويلغي الرحلة ويغرمونني لان السائق الغى الرحلة وهو لم يصل اصلا الى الوجهة ولا يوجد رد منهم سوف اقوم بحزفه ولن اتعامل معه مرة اخرى,Negative
c47d76f8-24d2-42bc-8f1a-10d2e694a78a,Careem,Transport Services,1,2025-11-24,يتم تعين الكابتن بعد 30 دقيقه وبوصل الطلب بارد جدا,Negative
5234831a-6e5f-4259-86d8-022f0596fd94,Careem,Transport Services,4,2025-11-24,جيد,Positive
04d2196e-201d-42db-86bc-48e487175fa5,Careem,Transport Services,5,2025-11-24,من افضل التطبيقات للرحلات داخل العراق .. تجربتي على مدار 7 سنوات فايف ستار,Positive
3f0994ab-7711-4a20-b61f-e9b6220171a2,Careem,Transport Services,5,2025-11-24,رائع,Positive
ed8e70d0-fe8d-4319-85cc-5c1072418478,Careem,Transport Services,1,2025-11-24,👎,Negative
0effe956-73c1-4377-9e6b-f2394fe05faa,Careem,Transport Services,5,2025-11-24,روعه وسهل الاستخدام,Positive
ea5fc5a2-f550-464f-af69-677a691c2457,Careem,Transport Services,5,2025-11-23,توصيل كويس جدا,Positive
19593847-fede-4d8d-a429-701c3650107e,Careem,Transport Services,5,2025-11-23,ممتاز,Positive
2de7d684-64a1-4dc7-97a1-b80965cd1dee,Careem,Transport Services,1,2025-11-23,طلبت مرتين من نفس المحل لكن المره الاولى كانت ممتازه المره الثانيه اجانا نص القطع من المره الأولى,Negative
506dbff0-f43f-4b58-a2b4-9886edaedc2b,Careem,Transport Services,5,2025-11-23,جيد جدآ,Positive
22598252-35a5-44ed-a998-0a6b19cd18a1,Careem,Transport Services,5,2025-11-23,ممتازة,Positive
619a58cc-fca3-4128-b527-4913248240cd,Careem,Transport Services,1,2025-11-23,البرنامج دا نصاب بمعني انا جاي من المشرق دبي مول وجابلي من 23:31 درهم جيت صلاح الدين جايبلي 71 درهم الفكره مش في الفلوس الفكره كلها ان دا نصاب افرض ان انا مش معايا المبلغ دا انا كنت هعمل ايه وكنت هبلغ الشرطه ولما السواق اتصل بيهم وعرفوا اني هبلغ الشرطه عملو إلغاء للرحله كده انتم نصحين انا اخد كل حاجه اسكرين شوت والله المستعان,Negative
2eca9095-e6d5-4b44-bb23-ac3147cacb8c,Careem,Transport Services,1,2025-11-22,سياسة السكوترات غير واضحه سحب سحب سحب لين يفضى حسابك شيء مب طبيعي والمحطات معطوبه اقعد عندها ٥ دقايق عشان ارجع السكوتر وايضا يخفون الطلب عنك في التطبيق تدوره تدوير عشان تحصله ما تدري انت رجعت السكوتر صح ولا لا اقسم بالله فشل,Negative
3e3dd4ba-f4e3-443c-b038-b75ffeaddd5b,Careem,Transport Services,5,2025-11-22,لو سمحت الكابتن لغى رحلتي ولم اطلب ذلك ومن وقتها لا استطيع ان اطلب اي مشوار ولا يكتمل طلبي ابدا ممكن تحلوا لي هذه المشكله فانا من مستخدمي التطبيق من زمان ودائما اعطي تقييمات عاليه ولا ادري ماذا يحدث لا يريد التطبيق ان يستجيب لطلبي ابدا..شكرا,Positive
2bd04687-feb2-4eec-aef1-80940514d4d5,Careem,Transport Services,1,2025-11-22,تطبيق سيء سيء جدا كباتن بيشتغلوا على كيفهم بوصلوا الطلب ولا ما بدهم وصلوا هم حرين بحطوا عليك رصيد وبتتصل مع الشركه بقول لك انه تواصل معك سيدي ومشم متواصل معك وبتقعد ساعتين تلاغي فيك وفش منه هالحكي نصب,Negative
657f681e-97c7-4d7d-b4e4-63198460ffda,Careem,Transport Services,5,2025-11-22,تعامل راقي من الدعم الفني,Positive
731a07f8-76c7-4699-ac87-d5e32034a189,Careem,Transport Services,5,2025-11-22,جيد,Positive
8f8296a6-c947-4b54-8741-e08eaf5621aa,Careem,Transport Services,5,2025-11-22,افضل برنامج على مستوى الوطن العربي,Positive
19f2bdc3-ff25-49b3-9888-754d918aa8f2,Careem,Transport Services,5,2025-11-22,تطبيق كريم ثقه وتعامل راقي وأفضل التطبيقات التزام بالواجهات والمواعيدواسعارهم وعروضهم أكثرمن رائعه شكرا جزيلا تطبيق كريم لتوفيرك خدمات وجوده,Positive
11200d75-9381-4ffb-b559-83c73f4a4c71,Careem,Transport Services,5,2025-11-22,خدمه ممتازة,Positive
4abee565-7f8c-432b-bd91-d16f0c2cdc81,Careem,Transport Services,1,2025-11-22,سيئ جدا جدا لا انصح به,Negative
fbe572a2-cfd2-41f8-938f-36388bb8062a,Careem,Transport Services,4,2025-11-22,كويس,Positive
dc75c6d2-8e7f-4394-ac5f-772b53939d29,Careem,Transport Services,5,2025-11-22,تجنن,Positive
5c36593f-9b04-491d-b861-c1640dbe4298,Careem,Transport Services,1,2025-11-22,ليش بعد التحديث ما عدت اقدر اشوف انشطتي السابقة؟ الرجاء حل المشكلة محتاجاه ضروري,Negative
6ad45888-0690-4667-b48c-5cc1a0b2e4b2,Careem,Transport Services,5,2025-11-22,ممتاز,Positive
cac8ddc2-fccf-4a25-9c7e-92bde4e3862e,Careem,Transport Services,1,2025-11-21,اصبح التطبيق سيئا بعد ان ارتبط باوبر,Negative
b98905ff-ea53-47c7-a259-4ded5d22ab78,Careem,Transport Services,1,2025-11-21,شركه غير محترمه .غير امنه .معلومات زائفه .لايوجد تواصل من خدمة العملاء,Negative
382c5d6e-75c1-414c-93c2-e796563a5216,Careem,Transport Services,1,2025-11-21,بعد التحديث لا يعمل عندي وتواصلت مع الدعم بجميع طرق التواصل لكن لا فائدة .,Negative
d9c05e04-41d2-4c65-ba5c-1e93c8472359,Careem,Transport Services,1,2025-11-21,بخزي,Negative
d85bf3e2-6d8a-4bc0-8039-1c337eabc823,Careem,Transport Services,2,2025-11-20,الكابتن لم يتحرك من مكان اكتر من 10 دقائق ولم يحضر أنا ادفع٢٥جنيه إيه,Negative
c90bc282-52db-490d-9834-c4ffdddfde4f,Careem,Transport Services,5,2025-11-20,يخبل ولا مره ركبت ويه سايق وكان غير محترم كلهم احترام وادب واخلاق وسيارة نضيفه وموسيقى حلوة 💚,Positive
86dc9c15-ae53-4876-aa04-c1d2dd3f20b7,Careem,Transport Services,1,2025-11-20,لا يتم تأمين السيارة ويتم إلغاء الرحلة بنفسه واوقات الزروة لايوجد سيارات وفي الأوقات العادية انتظر كثيرا انا ارى ان هناك تطبيقات اخر انسب,Negative
66346118-709c-4446-8068-243d1130e77e,Careem,Transport Services,5,2025-11-20,جميل,Positive
6d2d8981-673d-4d3d-97ca-b83bb26a99f8,Careem,Transport Services,1,2025-11-20,صايره خدمتهم سيئة جدا,Negative
6614ad20-655a-48a8-bf67-38724fa201da,Careem,Transport Services,1,2025-11-20,garbage,Negative
88e30a5f-bef3-43fd-9ac5-1b5111d49dae,Careem,Transport Services,1,2025-11-20,مافي اسبوع بالدراجه,Negative
cdcc2c75-2a83-4fe3-86a0-849721a6b269,Careem,Transport Services,5,2025-11-19,ممتاز جدا,Positive
35fbc819-75ad-4e8d-acb7-87fa817431c8,Careem,Transport Services,1,2025-11-19,يقول فشل في وجود كابتن متاح,Negative
76bbfd04-8031-43a5-a6a0-6550b5f14724,Careem,Transport Services,1,2025-11-19,المقاطعه مستمره,Negative
e69f5c6f-d488-4959-8d6e-9b56507de459,Careem,Transport Services,5,2025-11-19,ممتاز,Positive
40cc150d-11f0-45ec-9eab-21202dedc973,Careem,Transport Services,2,2025-11-19,مع الاسف التطبيق كان بالبداية ممتاز اما الان أصبح سئ احيانا السائق لا ياتي على الموقع المضبوط المحدد بالخريطة واحيانا ياخذ غير المبلغ المكتوب مثلا عندي مكتوب ٤٠٠٠ ياخذ ٥ او ٦ الاف وعندما اطلب يكتب السائق على بعد ٣ دقائق ويتأخر ١٥ دقيقة الرجاء حل هذه المعضلة,Negative
7f7ea4cf-877a-4e63-9456-49801be0e4f7,Careem,Transport Services,1,2025-11-19,تطبيق سيء 👎🏻 جدا,Negative
0b8ffde8-4e3a-4d84-9e87-c1f212a24bcf,Careem,Transport Services,1,2025-11-19,"تم تحديث التعليق: منذ اكثر من 8 شهور , ولم يتم استرجاع المبلغ ( معاملتين ) ٫ نصيحة تعاملو معهم بالكاش فقط او تعاملو مع تطبيق آخر .",Negative
208aac0a-9638-4e37-80a2-16fa1771f1e2,Careem,Transport Services,5,2025-11-19,روعه,Positive
b895d316-1143-4349-86ab-e4fc64fafe21,Careem,Transport Services,1,2025-11-19,سئ للغايه السائقين وحشين غير أمن للسيدات والأطفال. بقت من اوحش ابلكيشن بقالهم سنه في منتهي السوء,Negative
2ec34cb7-f14e-476c-a695-0439aa1535f5,Careem,Transport Services,4,2025-11-19,خدمة جيدة,Positive
255f0aa5-6b62-42f8-a66b-39711c0d02df,Careem,Transport Services,5,2025-11-19,very good,Positive
3885fc6f-e69b-4f8c-b266-15dbfb3bd182,Careem,Transport Services,5,2025-11-18,ممتاز,Positive
ff0499ab-cab0-4793-a7a8-08e229e3270e,Careem,Transport Services,1,2025-11-18,كان التطبيق flexible لكن هلا مقيد من جميع الحركات ما بقدر اختار الطريق ولا اوقف بمكان على الطريق بصراحة مزعج جدا.,Negative
3c046d47-bca3-4a83-992a-4dbe7486fb8a,Careem,Transport Services,5,2025-11-18,ممتاز,Positive
4c7f55a5-70ed-4f6e-b936-63f90148a715,Careem,Transport Services,1,2025-11-18,ثبته بس مااشتغل ضيع وقتي على الفاضي,Negative
ffc8613b-0605-4185-95b5-140059d95f2c,Careem,Transport Services,5,2025-11-18,جيده,Positive
2d0b8fd5-bad1-421f-8cec-291ddb39952e,Careem,Transport Services,1,2025-11-18,السلام عليكم انا احتاج الى رقم هاتم للتواصل مع احد الموظفين لقد تم سحب مني مبلغ ١٠٠ درهم اماراتي وكان سعر الرحلة ٣٠ درهم احتاج ان اعرف السبب ومتى سوف استعيد نقودي,Negative
1f6dd005-92d9-4274-9708-894a7ace7fec,Careem,Transport Services,1,2025-11-18,بخزي,Negative
bb934ea2-5f6c-4b41-9058-fdce15fd7386,Careem,Transport Services,1,2025-11-17,بعد التحديث التطبيق كثير سيء,Negative
8ec849ae-cb8d-4ef7-8922-f7aba61b5ad2,Careem,Transport Services,5,2025-11-17,مفيد,Positive
f3e729cb-5ba2-441d-9074-77739f9e8808,Careem,Transport Services,5,2025-11-17,دەستان خۆش,Positive
09b3de3c-23f4-4545-8a2b-4694d05d9225,Careem,Transport Services,5,2025-11-17,ممتاز,Positive
6332a25f-61e9-4b3f-b3ca-b33c54b250c6,Careem,Transport Services,5,2025-11-16,جيده جدا,Positive
7f11f9a9-8541-4124-b4be-b919602f6300,Careem,Transport Services,5,2025-11-16,ممتازه,Positive
4e6e2d37-9766-45a3-9875-423ea0a21e67,Careem,Transport Services,2,2025-11-16,كان ممتاز وصار سيء جدا,Negative
e273f2b7-0468-4ff2-9a66-d2c88f31812d,Careem,Transport Services,5,2025-11-16,سحب من الرصيد. مرتين والغى الرحله لاتضع البطاقه فاشل,Positive
3d9dd421-446b-4862-ab1f-16cb31196c0f,Careem,Transport Services,5,2025-11-16,يعطيكون العافيه شركة محترمه والكباتن حيل محترمين للنجاح الدائم,Positive
5a4b5fb0-9f41-4ecb-bb3a-2e9d79739de6,Careem,Transport Services,5,2025-11-15,دائما يقوم بذيادة أجرة الرحله عند الوصول وده استغلال للعملاء نريد فتح المكالمات للتواصل مع خدمة العملاء ... شكرا خدمة العملاء على اهتمامهم والاتصال بى وتم الحل,Positive
f2b9eb82-4420-40cd-9884-7f1ec822b019,Careem,Transport Services,1,2025-11-15,فاشل,Negative
3a4f576f-5a00-48b0-a624-2725504c51bc,Careem,Transport Services,5,2025-11-15,رائع متميز,Positive
c46c993c-fa1d-441f-ae80-d1c50c44babb,Careem,Transport Services,5,2025-11-15,جيد جداً,Positive
4b250469-3751-45b9-889f-f7fbcc105ed2,Careem,Transport Services,5,2025-11-15,افضل تطبيق وصول طبعا,Positive
14690faa-30d0-4d9f-a7b7-9c85730330b2,Careem,Transport Services,5,2025-11-15,ممتاز,Positive
5704871c-707b-41e2-a4c1-70336e94251e,Careem,Transport Services,5,2025-11-15,تجربة رائعة اتمنى لكم التوفيق ومزيد من التقدم,Positive
3ed5edbb-a745-4c86-9f30-53f055ada134,Careem,Transport Services,5,2025-11-15,جيد جداً,Positive
f1afc47f-817b-4eed-9d9f-1a5073f93d84,Careem,Transport Services,1,2025-11-15,تجربة على مدار 3 شهور سيئة جداً و ندمت كثير عليها لم يكن فيها أي تطور أو تحسين أو اي مزايا للعميل ، في الأونة الأخير تم تحرير طلب بطريقة خاطئة وتم الإلغاء بغضون بضع دقائق تم حجز على المال المستقطع سعر هذا الطلب و لم يتم ارسالة و لا انصح بإستخدام هذا التطبيق أبدا,Negative
417f7e4b-9fd1-40e8-808a-0522e754a2bd,Careem,Transport Services,1,2025-11-15,تعامل التطبيق سيء جدا مع الكباتن,Negative
a59a96fa-2a8b-40a8-bb3f-ee032fe51e02,Careem,Transport Services,1,2025-11-15,انتبهو من البرنامج جاي يسحب من البطاقه بدون طلب سيارة ولا شي,Negative
25f593d1-6b57-4298-95db-509af1e5117b,Careem,Transport Services,5,2025-11-14,كريم تاكسي من افضل انواع المشاوير اسعارها مناسبة لكن لا توجد اعداد سيارات كثيرة في منطقة الهرم اللبيني,Positive
39a860a4-8aba-4695-b248-65ff040ae5df,Careem,Transport Services,1,2025-11-14,لا يمكنني فتح الحساب للاسف,Negative
f0739273-daa3-42aa-9f4b-f617618b4202,Careem,Transport Services,5,2025-11-14,رائع,Positive
3a22e21a-5f4a-4ad1-90fe-7ca3db8733b5,Careem,Transport Services,3,2025-11-14,خطأ السائق يضعه التطبيق على العميل للأسف !! سيتم حذف التطبيق ولن استخدمه ابدا,Neutral
01e433a6-124b-4116-93b7-ffd9dbcf2e2e,Careem,Transport Services,5,2025-11-13,تطبيق رائع جدا,Positive
4d832539-895a-4c6d-abba-234446901f19,Careem,Transport Services,5,2025-11-13,جيد,Positive
3e404b1a-7d29-48cf-9bcd-adebc44ed564,Careem,Transport Services,1,2025-11-13,برنامج 👎,Negative
ceb9ebee-a567-4cb7-be98-d230df6d451b,Careem,Transport Services,5,2025-11-13,تطبيق رائع,Positive
c0380b76-15f9-4d80-b37e-2457ff48c52e,Careem,Transport Services,3,2025-11-13,ممتاز,Neutral
4ae53516-236b-41c3-97d3-f6bd664f2511,Careem,Transport Services,1,2025-11-12,لا يوجد خيار الغاء، لا يوجد تاكيد الدفع، خدمة العملاء غير متعاونة تم حذف التطبيق,Negative
5bbfbf81-92cd-4cb7-8b15-d0fbd523ac5f,Careem,Transport Services,1,2025-11-12,سيئه جدا مع التطبيق الجديد,Negative
61bbc8cd-6f9b-4783-82a3-5efe2221318b,Careem,Transport Services,1,2025-11-12,كنت اتعامل معه من سنين بس للأسف صار كتير سيء اخر مره اجربه ٣ مرات يتبدل الكابتن او الكابتن يروح لغير موقع هاد هاد شي ما مقبول ناس عندا اشغالا وتتأخر فرصه سيئة معكن 👎,Negative
bb803bc9-2a51-4aa8-af0d-a4b0e04c9fc6,Careem,Transport Services,1,2025-11-12,تجربه سيئة بكل ما تعني الكلمه ،، عطيت السايق ٥٠٠ درهم كاش والباقي لي ٤١٣ درهم وصار لي اسبوع اركض وراهم علشان استلم فلوسي والي الام لم يتم حل مشكلتي الي هذي اللحظه د،,Negative
df2e1beb-2152-45d8-be05-2d00fde1072d,Careem,Transport Services,5,2025-11-12,ممتاز,Positive
49b7654d-8dc9-48c0-a7dc-fcacb23754f0,Careem,Transport Services,1,2025-11-12,لا انصح به ٣ مرات يصير معيا نفس الشي وهوا انو اطلب سياره ويكون الكابتن عندو رحله سوف ينهيها بالقرب مني واقعد انتظر حوالي ٢٠ دقيقه ولما يقرب مني على بعد دقيقتين يلغي واروح أطلب من تطبيق اخر وطبعا اكون تأخرت على الدوام وانتم السبب.,Negative
69f3112c-2380-457d-8585-1328b80f345f,Careem,Transport Services,5,2025-11-11,جيد جدا,Positive
1d09018e-404a-478d-bbae-7f469b13cd61,Careem,Transport Services,5,2025-11-11,تطبيق ممتاز وسهل التعامل فيه وسرعة تلبية الطلبات للعملاء ووصول سريع للموقع المطلوب,Positive
a3dc6d17-4bf7-423c-9d00-e0542e5dfad1,Careem,Transport Services,5,2025-11-11,مفيد,Positive
df4c8688-4f57-4075-bac5-e4bc3f372ece,Careem,Transport Services,1,2025-11-11,التطبيق أصبح سيئ جدا وكل ما يديك سعر توصل تلاقى السعر أغلى بكتير يعنى كنت فى مشوار السعر كان ١٠٠ بعد ما وصلت على اللوكيشن لقيت الكابتن بيقولى ١٧٥ وكمان بقى لا ينتقى الكابتن ولا العربيات اللى بيجبها,Negative
e9e8fb4b-1719-4e2f-8660-37ae9c78cf46,Careem,Transport Services,1,2025-11-11,لانه يدعم الاختلال,Negative
f4256e7e-93a9-4dc6-8724-8e8c075db9b6,Careem,Transport Services,5,2025-11-11,بعض كباتن ياخذون اجره اكثر من تطبيق,Positive
91d9dbd4-b19e-4af2-b580-25079f91f9f6,Careem,Transport Services,1,2025-11-10,تطبيق فاشل خاصة في الاردن و الكول سنتر يفصل بوجهي المكالمة بسبب خطأ في نفس التطبيق,Negative
aa8503dd-44c8-4b00-a190-c0bd3ee8430b,Careem,Transport Services,5,2025-11-10,احسن تطبيق,Positive
381b932b-0ca9-4a28-86d5-79f1218bb704,Careem,Transport Services,1,2025-11-10,برنامج زبالة دائما بعلق وكباتين غير لائقين وخدمة عملاء لا يفقهو اي شيئ عن خدمة العملاء,Negative
874ab086-e879-43b7-9565-2af2a35c6f57,Careem,Transport Services,5,2025-11-10,ممتازة,Positive
c277fe4b-ad04-4f4a-8167-68800020a2a6,Careem,Transport Services,1,2025-11-10,لا توجد معايير لانتقاء السيارات والسائقين,Negative
dcaf7992-2ea3-4688-bf24-2d13cb8805fc,Careem,Transport Services,5,2025-11-10,تجربتي ممتازة ومتعاونين واسعارهم كويسة وسائقين محترمين أنا أتعامل معهم بشكل يومي,Positive
5782a5e2-04f4-4a80-a244-ba47df034dff,Careem,Transport Services,1,2025-11-10,صاير غالي ومافي اكواد,Negative
0d3fe95b-9b52-4a0d-ac6c-cf4f5cefb927,Careem,Transport Services,5,2025-11-10,ممتاز وسهل الأستخدام,Positive
8fb05fc2-21c3-4ab2-8c24-a8d48d5e7992,Careem,Transport Services,5,2025-11-10,جيد جدا,Positive
2f514716-4b40-4240-b8ec-01724edc9f44,Careem,Transport Services,1,2025-11-10,سي جددددا,Negative
775bc21b-9970-44a0-b322-fe0bf8c97336,Careem,Transport Services,2,2025-11-09,غالى ممكن يبقى مشوار قريب ويوصل سعرو ل200ج,Negative
f1a9f7fb-4a11-4321-99ff-a717c465abc6,Careem,Transport Services,1,2025-11-09,تطبيق سيء جدا يتم الغاء الطلبات بدون اعلامي وانا انتظر ساعه كامله اسوء تطبيق توصيل,Negative
fb02fe71-1997-4e63-8f96-074f343f8913,Careem,Transport Services,5,2025-11-09,رهيب,Positive
5b673027-8e47-482f-a362-b6d0c9552445,Careem,Transport Services,5,2025-11-09,nice 🙂👍🏻,Positive
23b18d9f-6fbe-4b2f-a7ea-4e144b0bda79,Careem,Transport Services,5,2025-11-09,تطبيق سريع وممتاز,Positive
67982b09-791e-43ec-88a2-7080ae137249,Careem,Transport Services,5,2025-11-09,ممتازة,Positive
18eff13a-a2cb-4b91-8e05-2f53b6f81d44,Careem,Transport Services,5,2025-11-09,ممتازه جدا,Positive
dd696a54-af9f-43d1-8d04-b7c736d2a244,Careem,Transport Services,1,2025-11-09,تضييق غير عادل للكابتن,Negative
eb6c0176-9e74-4000-9fc7-d45e4e662f4d,Careem,Transport Services,1,2025-11-09,اصبح غالي كثيرا,Negative
d508e8fa-8ff9-4bbb-bf00-6381e11ccd9f,Careem,Transport Services,1,2025-11-09,وقت حاجة التطبيق هو وقلته واحد ليش بوكس مافي بين المدن محافظات,Negative
728ad12d-c7aa-4ef2-af1c-44db9b20ce2c,Careem,Transport Services,5,2025-11-09,تجربه ممتازه,Positive
54b750d3-8698-4cf4-8179-16c61fbe4dd7,Careem,Transport Services,5,2025-11-09,ممتاز,Positive
0f583d2f-4243-4cf6-a9be-485e8b68096a,Careem,Transport Services,1,2025-11-09,اسعاركم بوقت الذروة جدا غالية,Negative
b5b4c999-bd8e-4f1d-8ca9-5ce946294d73,Careem,Transport Services,5,2025-11-09,ماشاءالله سهوله في التوجد والتوصيل وخدمة خمس 🌟,Positive
450c6500-645d-4817-9183-24abf50cb8c1,Careem,Transport Services,1,2025-11-08,انا في المدينة المنورة صراحة السنه دي أسوأ سنه خاصة الدراجات 🚲 كيف يكون مهلة اخذ الدراجه قبل ارجاعه ١٠ دقائق فقط ، والسكوتر ٥ دقائق فقط ما. تجربة سيئة جدا جعلتي اتجول على الاقدام بدل استخدام الدراجة ما انصح أحد يركبها اصلا الا لما تزودوا المدة,Negative
bf07801e-b5e1-473a-bf60-4b1a079e7089,Careem,Transport Services,1,2025-11-08,طلبت تاكسي يجيني ما انتظرني حتي دقيقه انا نزلت وهوه مشي ايش هذا المفروض يكون في اداره شكاوي ويظيفو لي فلوس وانا حتي ما طلعت معه تعاملهم سي جدا,Negative
32be53ee-0906-4c0c-b711-0625b5334979,Careem,Transport Services,1,2025-11-08,سيء للغايه يا زين اوبر عنده,Negative
e46d5598-c8af-4521-b971-13c9e44a3c8a,Careem,Transport Services,5,2025-11-08,جميل,Positive
4a75b058-d420-431e-816e-7d044cfe6dbd,Careem,Transport Services,1,2025-11-08,اصبحتم سيئين....نتصل بيكم وما تجون وتمركون علينا الحساب ..دفعنا اليوم ٥٠٠٠ زيادة على الطلب بسببكم تتاخروا نص ساعة ...ونلغي الطلب ونطلب مرة ثانية لاننا مستعجلين عموعد.,Negative
b1483ff8-c4c0-4162-9f23-f30779a28272,Careem,Transport Services,1,2025-11-08,سيء ونصابين,Negative
7f7cf647-405d-4b97-a8bc-e6514772e28e,Careem,Transport Services,5,2025-11-08,ممتاز,Positive
c82f92aa-cbc8-4794-b580-dbf1230b26fa,Careem,Transport Services,5,2025-11-08,ممتازة,Positive
74c07573-813a-46af-b12a-224e65b1a9b5,Careem,Transport Services,5,2025-11-08,رائعة آمنة مريخة,Positive
647c0154-0973-482a-b954-107272e68ec9,Careem,Transport Services,3,2025-11-08,جيد,Neutral
58803b86-e26a-41e0-a978-2b3828ab5e53,Careem,Transport Services,1,2025-11-08,تجربة رديئة، اكثر من عدة مرات انتظار ثم يلغون الطلبات ولا يعيدون المال ولا يقدمون سبب مقنع,Negative
886ac8b1-b47a-4b75-b424-cd387916668f,Careem,Transport Services,1,2025-11-08,ليش مافي رقم تواصل ل الشركة,Negative
1ae4ee01-e76a-4b63-8bb2-09f42fe81402,Careem,Transport Services,5,2025-11-08,ممتازه,Positive
2625bcc6-1cb9-47ed-961f-ffea0a943e99,Careem,Transport Services,1,2025-11-08,خدمه العملاء سيئه جدا في التواصل مع العملاء ويت خصم من رصيد المحفظه الخاصة بي دون الرجوع لي ولم يتم حل اي مشكله لدي للعميل مع كابتن الرحله,Negative
b15ac46b-af5e-4ae3-8816-f1d5278cae8a,Careem,Transport Services,1,2025-11-07,تسعيره غير عادله,Negative
dbaaba78-ccf0-4a8f-a39b-765e3c196dad,Careem,Transport Services,1,2025-11-07,اسعارهم غالي وكمان إذا رفض الكبتن الرحله تجيك نسبه من مبلغ المشوار عليك,Negative
74d5320a-7c98-485e-8145-85d3bdff50a5,Careem,Transport Services,3,2025-11-07,دايما بيبقي متحددلي سعر قبل ما اتحرك وبعد ما اوصل بدفع حاجه تانيه خالص غير المكتوبه,Neutral
de99967f-c980-446d-9752-32aa131a14ee,Careem,Transport Services,5,2025-11-07,رائعيين 🌟🌟🌟🌟,Positive
b5161571-73dd-48b6-9936-bca1e7e84884,Careem,Transport Services,4,2025-11-07,اتمنى يكون فيه سحب الاموال الى البطاقه البنكيه,Positive
7ac96c39-239d-4330-97cb-721c084d3bfb,Careem,Transport Services,1,2025-11-07,سعر غير عادل,Negative
5c867a97-b087-4ae3-b8ef-8c6543199a18,Careem,Transport Services,1,2025-11-06,الرد علي كريم انا هجربو بعد مقاطعه اكثر من 2 سنه يمكن تتحسنو بس اخر تجربتي أن الكابتن مش نفس الي في الاكونت غير عربيه مختلفه و صورهم في الاكونت غير واضحه يعني لو تم خطفي او الاعتداء علي مش هعرف اثبت واخد حقي صح ولما ابلغ عن ان الكابتن مختلف بعد ما وصل بتغرموني فلوس عشان فكرت في حميت نفسي المفروض لو لغا العمل بسبب اختلاف العربيه او الكابتن لا يتم التغريم حتا لو البلاغ بتع العميل كاذب أمن العملاء اهم من مكسبكم بكل وضوح محدش هايتهون معكو فيه و لازم سعر الرحله يبقي ثابت عشن الكابتن ميخدش طرق طويله,Negative
19801178-21c0-4a46-80ef-6682c806f52f,Careem,Transport Services,1,2025-11-06,بيكتبو سعر و تتفاجأ بسعر تانى,Negative
aa9ffbd9-1e57-4d9b-96a0-8d84c4b78f5f,Careem,Transport Services,5,2025-11-06,ممتاز,Positive
f74ac865-921d-4c1c-91ef-6be34b4160eb,Careem,Transport Services,1,2025-11-06,السائق يلف في الطريق الخطأ عن قصد حتى يزيد الأجرة أو يوقف في الموقع الخطأ ولا يرد على المكالمات حتى يتم بدا مدة الحساب,Negative
6a779b4a-5409-4b46-84f8-b47664c9151f,Careem,Transport Services,1,2025-11-06,سيئ,Negative
4e0babdb-9406-4f45-9b35-addf1da57faa,Careem,Transport Services,4,2025-11-06,جيد جداً وامن,Positive
236e3069-58db-4dc4-97a1-27f9eb9ff9cb,Careem,Transport Services,5,2025-11-06,مستر سلامة انسان قمة فى الذوق والاحترام والالتزام تجربة ممتازة بجد,Positive
1dec912f-8b38-4dd3-84c2-3686c4f76182,Careem,Transport Services,5,2025-11-06,ممتاز,Positive
0fa538ef-e8b5-4a16-807a-088748ca7eab,Careem,Transport Services,2,2025-11-06,لا يوجد تدقيق في المعلومات,Negative
795816fa-51ea-4373-aeeb-62e6fbf1a6ec,Careem,Transport Services,1,2025-11-06,كل ما بدي افتح فيديو يوتيوب اطلع لي اعلان وبكفي خلاص مشكله نفس نفس الصوت غير الاعلان او حلوا عنا مشان الله اتركونا نحضر عاليوتيوب,Negative
e8e51282-485c-451a-b7ec-7c5809ba2fda,Careem,Transport Services,1,2025-11-06,لقد قام سائق التاكسي بسرقة هاتفي المحمول والشركة قامت بلتغطية عليه دون عمل اللازم تم عمل شكوى في المخفر وجاري عمل اللازم,Negative
f2e4ae6c-9afe-4ba2-9062-15a715428af7,Careem,Transport Services,1,2025-11-06,البرنامج يعمل بالانگيزي فقط وانا اريده بالعربي,Negative
9decfb36-2de2-4265-b7ed-3fe57ba8696e,Careem,Transport Services,5,2025-11-06,ممتاز,Positive
b2bb5a56-1545-4674-9d2d-7daaed433af2,Careem,Transport Services,1,2025-11-06,في حركة مش طيبة خالص من سائقي تطبيق كريم يوصل بدون م تحس واحيانا يكون فقط في الموقع بينما انت منتظره يوصل ويعمل نفسه مش موجود لحد ما يمشي الوقت المتاح للانتظار ويهرب عشان يتحمل الزبون الغرامة حتى يتجاهل المكالمة شوية ويماطل عشان يمشي الوقت المتاح للزبون وتكررت كثير عشان كذا وقفت اتعامل كريم,Negative
2c276932-aab1-4ef6-9d09-c95137dd280a,Careem,Transport Services,1,2025-11-06,أصبح سيئ جدااااا,Negative
eab6f961-29f2-4b54-8225-09d526f2db0a,Careem,Transport Services,5,2025-11-06,ممنونة تطبيق راقي,Positive
8454446b-0693-4acd-8f27-054ea7b0264c,Careem,Transport Services,1,2025-11-06,اسوء خدمه من خدمه العملاء,Negative
cf39760d-0809-4c47-817d-17148a35b9ba,Careem,Transport Services,1,2025-11-06,بعد التحديث جدا سيء لازم احدد الوجهة والباقي ما بينحط بالمحفظة واسلوب بعض الكباتن سيء,Negative
e653b015-113e-4d6b-a5ec-5e78be13feae,Careem,Transport Services,1,2025-11-06,البرنامج بقى سئ جدا بعد التحديث طول الوقت بيتحطلى مبالغ اضافيه فى كل الرحلات ومفيش اى تواصل تليفونيا مع خدمة العملاء وحتى لمه ببعتلهم المبلغ الاصلى وبطلب منهم التواصل تليفونيا بيرجعولى جزء من المبلغ ومحدش بيتواصل معايا رغم انى بكون متواجده فى معادى وبيبقى نفس المشوار مكرر,Negative
6641765a-7e2d-4df6-b0c3-c4be3e76e375,Careem,Transport Services,5,2025-11-06,ممتاز,Positive
ed51f459-cccf-4917-8ce1-c963b696e115,Careem,Transport Services,5,2025-11-05,👍,Positive
3b9aec66-d5a7-41eb-bc64-f573c12e6b1f,Careem,Transport Services,5,2025-11-05,التطبيق جميل وسهل وسلس ، ولكن نريد منكم إضافة خاصية التحويلات إلي المحافظ الإلكترونية مثل فودافون كاش واتصالات كاش في مصر . نرجوا منكم أن تفعلوا هذه الخدمه في التحديث القادم وشكرا,Positive
de071278-e964-4a13-9b85-7f630ec52579,Careem,Transport Services,1,2025-11-05,اسوأ برنامج,Negative
1c3f157c-5a09-4ece-9190-92d9b27f2030,Careem,Transport Services,1,2025-11-05,سئ .اذا كنتم لا تستطيعون إدارة محفظة استخدموا الدفع الكاش انتم لستم افضل من من يستخدم الكاش. المال موجود داخل محفظتكم و يقول لم يكتمل الدفع ..,Negative
a5f8bf1d-22b0-4725-8b39-c3e9069329e1,Careem,Transport Services,1,2025-11-05,التطبيق السابق افضل,Negative
cb8775c3-4385-4f5e-9ed9-50797637ab8d,Careem,Transport Services,5,2025-11-05,تطبيق جميل جدا,Positive
faf420b4-5ca2-4085-ad65-9dee4d3110a0,Careem,Transport Services,1,2025-11-05,اصبح التعامل من الكباتن مقرف بعد الدمج,Negative
f23a226a-2927-4e4b-a8be-3510850c9f26,Careem,Transport Services,1,2025-11-05,برنامج ظالم لا يراعى الكابتن ولا يراعى أرتفاع الأسعار وكل همه إرضاء الراكب فقط على حساب الكابتن,Negative
6385f319-5d6e-4e18-a08d-e211df4077b7,Careem,Transport Services,5,2025-11-04,جيده,Positive
f5584ba1-2e19-4cfc-8608-192955e19cb0,Careem,Transport Services,1,2025-11-04,جدا خدمه سيئه وكل شوي الكابتن برن عشان الغي الطلب وازى ما بلغي بلغي من عندو وبنزل علي غرامه دفعت غرامه مع العلم أن الكابتن هو من ألغى الطلب المهم الخدمه سيئه عندكم,Negative
dbf5888d-0ef4-4c13-8fcc-fdc4d35f82c2,Careem,Transport Services,5,2025-11-04,والله تطبيق روعة وبي خصومات حلوة والسيارات كلهن حديثات,Positive
bd67eba4-393c-407d-817f-031e68c8e507,Careem,Transport Services,1,2025-11-04,السواق اخد منى الفلوس وادانى اقل من نص الباقى وجرى بالعربية ومش عارفه اتواصل مع اى حد وبعت اكتر من مرة شكوى ومحدش رد مفيش اى اهتمام يعنى لا قدر الله لو حاجة راحت او نسيتها مش هلاقيها والرقم بتاع السواق مبيردش من ساعه من نزلت من العربية بيقولى يتعذر علينا توصيلك,Negative
7be9efb4-071f-4988-8ad1-6c893fa8b037,Careem,Transport Services,5,2025-11-04,افضل تطبيق,Positive
987355e3-e1dc-4577-9e8c-c8d27b5a54bb,Careem,Transport Services,5,2025-11-04,(^ー^),Positive
d3f3dea3-4c5b-4d2f-9fef-9a65371e4433,Careem,Transport Services,1,2025-11-04,مو طبيعي الاسعار عندكم جميع التطبيقات اوفر منكم,Negative
6ad7d138-046e-494f-9e99-f94876e00473,Careem,Transport Services,5,2025-11-04,ممتاز,Positive
ad744a30-0b30-499e-b65b-ac07b1739d6e,Careem,Transport Services,5,2025-11-04,good,Positive
6672599a-b4c0-4c57-a404-0722ee4f2552,Careem,Transport Services,5,2025-11-04,تطبيق في غايه الروعة احييهم من كل قلبي تحيه وتقدير للكادر اجمع يستحقون الشكر 🌷🌷🌷,Positive
74f1912e-065d-45f9-9c77-3f4646b47447,Careem,Transport Services,3,2025-11-04,التحديث الجديد انا مستغرب من التحديث يلي غير التطبيق من الداخل وانتو بتعرفو انو في ناس كبار بالعمر حتى الأشخاص العاديين صاروا يخربطوا باستخداموا يعني شي متعودين عليه من سنين فجأة تتغير الواجهة الداخلية؟؟ هالشي أكبر خطأ خلي المبرمجين والمطورين يلي غيروا هالشي يراجعوا شغلهم,Neutral
d9675d0c-7ef0-4633-be7b-e3d75b31da54,Careem,Transport Services,5,2025-11-03,تطبيق رائع و جميل,Positive
f378fc9a-5082-42a9-bf27-d2c1fb70d861,Careem,Transport Services,5,2025-11-03,ممتاز ممتاز,Positive
e3371000-ef23-4c92-a6de-3be76205415d,Careem,Transport Services,1,2025-11-03,واكلين عرق الكباتن,Negative
05504340-e259-4471-903f-479b51c95d3c,Careem,Transport Services,5,2025-11-03,ممتاز جدا,Positive
f37c0f7a-2268-4550-a32e-7356444fa1e5,Careem,Transport Services,1,2025-11-03,كريم من بعد التحديث الأخير جدا سيء ،،،، من ميزات الشركة و ادائها و سلوكيات بعض الكباتن ماكانت موجودة من قبل لانه مافي تدقيق ع السيارات والكباتن والرحلات مثل أول.,Negative
7c788991-4fb0-4002-9438-f3ae2bb26ecd,Careem,Transport Services,5,2025-11-03,👍,Positive
8856af70-55e6-4578-a65d-60acec219ed7,Careem,Transport Services,5,2025-11-03,التحديث الأخير سيئ جدا,Positive
e92fec85-a75b-4601-9b73-3096cde3a0f3,Careem,Transport Services,5,2025-11-02,جدا رائع وجميل وسهلا الاستخدام,Positive
cde15e01-bc5a-489d-8437-651be0965a2c,Careem,Transport Services,1,2025-11-02,طبعا ذولي كريم كانت اسعارهم طبيعيه وكان كل شي طبيعي ويقدرو العميل فجاءة مدري وش صار لهم صارو يكرهون العميل ورفعو السعر عليه وصارو مهملين ف جوده السيارات لدرجه عادي تركب سيارات قذرة محد يركبها وعادي جدا يعطلون العميل عشان يقدر ياخذ مشوار كويس ونظيف واذا كلمتهم رفضو يعوضونك لانهم صايرين استغلاليين وعادي يشوفون العميل متمرط بسببهم,Negative
3ea2aed3-4323-4b58-af94-73d2c9ee6a34,Careem,Transport Services,1,2025-11-02,سيء,Negative
2b55896d-63e4-4e03-b58f-5966c27c25c2,Careem,Transport Services,1,2025-11-02,التحديث الجديد سيئ لا يمكني تخطي نقطة الوصول ولا استطيع التواصل مع الشركة,Negative
f7ef59a6-5944-4103-99b8-79d7cc8a60ee,Careem,Transport Services,5,2025-11-02,ممتاز بارك الله فيكم,Positive
9360088a-bad5-4bd6-a56e-742f0ab145c1,Careem,Transport Services,1,2025-11-02,مش لما هناك,Negative
89f73f62-e4b5-483f-be1e-b84ae7250fb7,Careem,Transport Services,1,2025-11-01,كالعاده برامج التكسي تقتصر بس عاى بغداد ليش مانعرف,Negative
99373699-d167-436c-938a-5e0b9866e80c,Careem,Transport Services,1,2025-11-01,شكرة سيئة,Negative
e08ec672-8b98-4b4d-b6a0-b50df1ca268c,Careem,Transport Services,1,2025-11-01,هناك حالات سلبيه منها عندما احفظ مبلغ في المحفظة لااجده في الرحلة المقبله,Negative
41e50372-3d3d-45be-8c8d-d2af05ea9983,Careem,Transport Services,5,2025-11-01,تطبيق رائع و خدمة ممتازة,Positive
814edaac-2c70-4600-bbfb-921a8cff6d3f,Careem,Transport Services,5,2025-11-01,فقط اختيار الكابتن يستغرق وقتا طويلا,Positive
15dabc34-535d-4c23-9c2e-3c65767e9471,Careem,Transport Services,1,2025-11-01,ممتاز,Negative
89cb19ba-80ce-4d77-b1a2-e910d7373c42,Careem,Transport Services,5,2025-11-01,ممتازه,Positive
47658219-1f9b-4852-8bae-2cae8e57e330,Careem,Transport Services,1,2025-11-01,تطبيق سيء ما حصلت كابتن اليوم أبدا ولا حتى في أبور اش هذا؟؟!!!!!,Negative
cabe0183-5c81-4272-9fc1-6c046f323490,Careem,Transport Services,1,2025-10-31,مجبور حط نجمه لكن لا يستحق حتى نجمه لقد طلبت رحله وأنا مستعجل كتب لي ان 7دقائق تصل لي انتظر اكثر من نص ساعة ولم تصل وطلبت رحله تانيه وتم إلغاء بعد انتظر عشر دقايق وطلبت رحله التالته وتم الإلغاء وتأخر لقد تم افشل شغل بيني وبين زبون بسبب هذا شئ ماني مسامحكم وبدون شكرآ,Negative
cdea082c-207b-4eae-a912-c30d8e4757f0,Careem,Transport Services,1,2025-10-31,تطبيق غير منصف وسيئ للكباتن,Negative
ea9602a6-6ec4-43c4-9029-21fe4793329a,Careem,Transport Services,5,2025-10-31,رائع جدا,Positive
25bcab45-1e09-47f8-82ef-1486de0eb0f5,Careem,Transport Services,1,2025-10-31,سيئ وتطبيق صعب استخدام غير مفهوم,Negative
d55e8d0c-2d69-449a-8030-aff7d1b187f0,Careem,Transport Services,5,2025-10-30,ايقونه توفر عليك الكثير وتحفظك,Positive
7fdc8057-9e62-4070-aafe-b3ad616a12bf,Careem,Transport Services,1,2025-10-30,سيىء للغايه,Negative
fdec81ab-823f-425d-96c1-e6046084bea0,Careem,Transport Services,5,2025-10-30,تجربة جميلة و أسعار مقبولة شكرا,Positive
8bff6b5c-8aa1-447e-9d79-19a643b65bba,Careem,Transport Services,1,2025-10-30,مو زين وسي ويشراب عراك,Negative
740f7a4e-79c3-45e9-8fd7-524f1deeec26,Careem,Transport Services,4,2025-10-30,أخطأت مع آخر سايق في التقييم يستاهل خمسة نجوم,Positive
8a7a6996-3857-48c9-8f68-e8e518099d9e,Careem,Transport Services,1,2025-10-30,كريم بقى سي للغاية و بعدين وفرها مبقاش يظهر,Negative
818d98c5-56d8-4c69-b8d0-69b0d63daa99,Careem,Transport Services,5,2025-10-30,جيد,Positive
f4bf8991-ba06-49a6-99cc-075df9cc7284,Careem,Transport Services,1,2025-10-29,بسبب سياستكم سيتم حذف التطبيق و البحث عن تطبيق أخر تم حجز مبلغ من بطاقتي المصرفية ولم سالت الكابتن قال لي لا اعلم بذلك وعندما وصلت وجهتي اعطيت الكابتن كاش لكن لم يكن لديه الباقي وقلت له ضع الباقي في محفظتي وبعد دقائق من نزولي تم سحب المبلغ من بطاقتي وقمت بمراسلتكم لكن بدون جدوى و الحل بنسبة لكم ان يكون لدي مبلغ محدد للرحلة ماهذه السياسة 👎🏻👎🏻👎🏻 تم حذف التطبيق بسبب اخد أموالي بغير حق,Negative
81293c08-ceb0-4336-b6f8-a1e8aad27ff8,Careem,Transport Services,5,2025-10-29,ممتازة,Positive
b5f619be-30f0-4aca-9b67-fb5459a8d101,Careem,Transport Services,5,2025-10-29,تجربه ممتازه,Positive
5922841d-d723-4d06-8679-39e3116fd6b7,Careem,Transport Services,1,2025-10-29,كانت تجربتي مع كريم اخر مره سيئه للغايه لم اتمكن من اعاده اموالي عند طلبي لطعام تالف وسيء الجوده لم يقم كريم على حل المشكله على اكمل وجه,Negative
a8a31955-09e0-43da-b05c-a36507fb2677,Careem,Transport Services,1,2025-10-29,محد يوافق عل خدمة اوفر لان حق الرحله قليله كلش,Negative
48d94dc1-4be6-4400-b302-d5c772cd7bb4,Careem,Transport Services,1,2025-10-29,مافي مطاعم مشهورة تقدر توصل منطقة سحاب,Negative
2f7ce106-2b24-42ad-8ecc-e8ad1972f120,Careem,Transport Services,1,2025-10-29,ما فهمت كيف اشوف مشاويري اللي احجزها او انجزتها عقيم جدا,Negative
147e2483-208d-45b2-82d6-03e04ddb17fc,Careem,Transport Services,5,2025-10-29,خوش تطبيق,Positive
6f423db7-c2cf-41f4-87cf-d0a2dc7ce843,Careem,Transport Services,1,2025-10-29,بفهم ليش النظام تغير شركه أوبر شرت شركه كريم الاكود الغوها أوبر شركه زفت ونظامك زفت كل شي خربتوه من كلنا مع كريم مرتاحين مع الاكواد والقسيمه الحين مافيه ولا اكواد ماعاد اتعامل معاكم بنشوف برنامج ثأني لا رجعتوا الاكواد والقسيمه ذيك الساعه نفكر نتعامل معاكم فيكم جشع غير طبيعي ودبل الاسعار تطلب السعر منخفض بس توصل يزيد السعر انا وش دخلني اذا الكابتن اخذ طريق اطول انا وش دخلني اذا وقف عند اشاره مرور تاخذون زياده عشان انتظار الاشاره راح احذف التطبيق لين تعدلون اسعاركم حتي التواصل معاهم صاير صعب ر,Negative
67b0be5c-aa1b-4119-8dfc-f8bd169cffb9,Careem,Transport Services,5,2025-10-29,ممتاز,Positive
e58e2015-e6df-4b68-80ce-c565dc08720d,Careem,Transport Services,5,2025-10-29,ممتاز,Positive
032408f7-293b-431a-93c3-c51b6c905093,Careem,Transport Services,5,2025-10-29,محترمين..... محترفين كتبت العنوان بالغلط... مشكورا قبل اعتذاري.... مع العلم تقاضى أجرة أقل... ليتني أفتكر اسم... يستاهل كل خير....,Positive
59112bff-894d-4bde-a401-8b1ddaa5ef1c,Careem,Transport Services,5,2025-10-29,شركه ممتازه خدمات ممتازه بالتوفيق ان شاء الله,Positive
d2e1f4eb-679d-4e93-acff-883c530198b2,Careem,Transport Services,3,2025-10-29,جيد أتعامل معهم من سنوات لا أستغني عنهم.. فقط أواجه مشكلة رائحة السيجارة والروائح السيئة في بعض السيارات للأسف تواصلت كثيرا معهم لإلزام الكباتن بتهوية السيارة قبل الوصول لموقع العميل لكن لم يتم حل الموضوع.. كذلك الخدمة كانت أفضل بكثير قبل استحواذ أوبر,Neutral
173ff27c-d518-4191-8749-694500741b54,Careem,Transport Services,5,2025-10-29,شركة محترمة,Positive
22a3bfd7-94bb-4497-9277-24ad30ee3de2,Careem,Transport Services,1,2025-10-28,اشخاص غير جيدين,Negative
3fa42c6d-9106-4e10-ba34-48cf8c2ebaca,Careem,Transport Services,1,2025-10-28,سئ جدا كل لما كابتن يقبل المشوار واستناه وقت يرجع ويلغى الطلب بعد وقت بصراحة من اسوء البرامج ومنصحش حد يستخدمه لعدم تقدير الكباتن لوقت الناس وظروفها,Negative
18809500-1e8c-4eb2-a33b-a989f35fafeb,Careem,Transport Services,1,2025-10-28,اسوأ برنامج كله نصب وجذب يتفق بالبدايه وياك على سعر ومن يوصل يرفع السعر برنامج زباااااااااله والي سواه ازبل منه لان سرقه وجذب,Negative
180ca7fc-1c83-4c90-ae49-884bd1e9cfc7,Careem,Transport Services,5,2025-10-28,من أفضل التطبيقات واجملها وارقى الخدمات,Positive
0453df0d-9e1c-4942-8c56-754755547e43,Careem,Transport Services,5,2025-10-28,امن وسريع وسيارات مكيفة خدمة ممتازة ومتابعة الشركة للتقيمات سريعة,Positive
1db52cb2-74ab-4141-b7de-7a2b4d6df9ec,Careem,Transport Services,1,2025-10-28,دائما تجربتي بي سيئه فمسحته لان الكابتن يوافق ومايجي ينتظر امل والغي الطلب,Negative
1c4810fd-e65d-4e07-8206-e152bdff58db,Careem,Transport Services,1,2025-10-28,الدعم ما بساعد العملاء,Negative
eb242cb9-d912-4907-981a-4b87caac2e88,Careem,Transport Services,1,2025-10-28,تجربة سيئة وزيادة مضاعفة بإجور الرحلات وساحذف التطبيق تواصلت مع الدعم ولم يجيبوا,Negative
0e08fbff-7d71-45fd-a9e0-d758c42434a6,Careem,Transport Services,5,2025-10-28,ممتازه,Positive
d15e45d4-2982-41f4-ba12-3b6abd73919c,Careem,Transport Services,5,2025-10-28,ممتاز بس زودولنا الخصومات عالتوصيل خصوماتكم كلها للمطاعم 😔,Positive
5d292bc5-5776-46bf-bc52-13821dbd2f45,Careem,Transport Services,1,2025-10-28,العداد شغال والكروه اغلا,Negative
292240ea-82f4-423d-88f6-099e5adcdee9,Careem,Transport Services,5,2025-10-27,تطبيق كريم أصبح الأفضل في الأسعار والاهتمام بالعميل وبشكواه,Positive
54bb6bf6-7565-49ef-a96f-397210af2cc3,Careem,Transport Services,5,2025-10-27,احلا تطبيق في العالم,Positive
975f445d-2e6a-4f73-9e70-9940249b7801,Careem,Transport Services,1,2025-10-27,تطبيق فاشل وسيء ظلم في ظلم طلبت مشوار وجاء السائق وكان واقف بعيد عن البيت قلت تعال واتساب عشان اوصف لها البيت ولا جاء كنسل السائق المشوار جيت ابي اطلب رفض قالو لازم تسدد 14 ريال حسبي الله ونعم الوكيل,Negative
3c074d36-3dd7-4b27-a641-317ac3b89f81,Careem,Transport Services,1,2025-10-27,تجربتي مو حلوه مع كريم طلبت سائق الى فندق نزلت حصلته اخد زبونه تانيه وكنسل رحلتي وحطو علي فلوس في حساب لا انصح فيه صراحه,Negative
3eb6cddd-0d32-4695-99ed-937655de9c71,Careem,Transport Services,1,2025-10-27,مبلغ الكروه غير حقيقي صار يزيد وفرق هواي,Negative
9c4782e0-02e4-453a-ab4f-82f9596ffc12,Careem,Transport Services,1,2025-10-27,راجعت شركة كريم وتعامل معي موظف بأسلوب غير لائق ملاحظه : انا كابتن كريم يرجى التواصل معي البلد : الاردن,Negative
69145426-0f91-4a51-b19d-3b9f75bd99ca,Careem,Transport Services,1,2025-10-27,فاشل,Negative
9b205178-3fe6-48c5-86ae-a3967278bfca,Careem,Transport Services,4,2025-10-27,جيد 👍,Positive
4073806d-ae1d-4ed5-8427-cdb5f175e2b6,Careem,Transport Services,1,2025-10-27,شركة كريم صارت حرامية هية والكباتن وشكد اتصل عليهم لان الكابتن ياخذ زايد كروة ومحد يرد علية الله ينتقم منكم ياشركة كريم الحرامية النصابة,Negative
cbf2c054-977d-40d5-9a84-914d4deb9f25,Careem,Transport Services,1,2025-10-27,كان ممتاز وماأستخدم غيره بس هلق صار سيء جداً وأكثر من مشكلة صارت وبدون حل.. للأسف لغيتو من عندي لوقت يرجع متل قبل وأحسن,Negative
e63dcd81-9c70-4173-b66f-ec8a26a82d74,Careem,Transport Services,1,2025-10-26,برنامج عديم المصداقية بالمبلغ,Negative
3d05bda1-8b73-49dc-98d9-265b8660c953,Careem,Transport Services,5,2025-10-26,ممتاز جدا,Positive
5f66e422-580a-448f-b3b0-6fb2e9484e00,Careem,Transport Services,1,2025-10-26,يطلب الموافقة على شروط جديدة بشكل اجباري قبل السماح بإعادة استخدام التطبيق ويضع زر الموافقة على الشروط في مكان غير مرئي و لا يمكن الوصول له بسبب سوء البرمجة فلا تستطيع الطلب من البرنامج!,Negative
b3ef6ab6-2a38-42eb-8c76-43061dd09ba1,Careem,Transport Services,1,2025-10-26,التطبيق أصبح سئ للغايه وخدمه العملاء سيئه جدا واى تحديث بتعملوه للاسف بيزيد سوء الخدمه,Negative
9302d0f2-b652-43e9-b769-f27f7cb18106,Careem,Transport Services,5,2025-10-26,روعه,Positive
c2c8829b-ff10-49a8-bc50-25bfce3105ef,Careem,Transport Services,1,2025-10-26,يخصم من الفيزا قبل بدأ الرحله وإذا تم الإلغاء يكون قد خصم والله اعلم هترجع ام لا,Negative
eda8b392-376c-4c35-9a40-5f43754c0ba5,Careem,Transport Services,5,2025-10-26,ممتازه,Positive
09a6966b-73d5-4a6f-ad9f-cec48877c48b,Careem,Transport Services,5,2025-10-25,جميل,Positive
af3d3eb2-319d-4dae-850f-630b33dfa274,Careem,Transport Services,1,2025-10-25,كافي اعلانات نعلعلا ثدي ابهاتكم,Negative
e95cd1a9-d893-4aba-afed-b459784842d9,Careem,Transport Services,5,2025-10-25,ممتاز,Positive
7d7e8e2f-1e14-4ba9-8e0b-be5d7eb2c189,Careem,Transport Services,5,2025-10-25,ممتاز عالي العال,Positive
226e8432-a80a-453e-b0f4-7288c12dc18f,Careem,Transport Services,3,2025-10-25,كريم رحلات طعام وأكثر,Neutral
cc335643-4f32-4033-a232-7f4865d3b5fc,Careem,Transport Services,1,2025-10-25,شركات نصابة وسخة بنت كلب نصبوا عليا 5600جنيه انا مش مسامح ونجتمع عند الله,Negative
d56c823e-29af-46fa-a95b-d584723dc57e,Careem,Transport Services,5,2025-10-25,خدمة فوق الرائعة والسائقين محترمين,Positive
72e9e436-1415-494a-b70c-18a7ad6649d8,Careem,Transport Services,1,2025-10-24,فئة العربيات بتبقي مختلفه لما اطلب comfort الكابتن بيوصل بي عربيه موديل قديم مختلف عن اللي موجوده في التطبيق!؟,Negative
9dcce892-7424-4bb6-ab7c-dc2fbb45d833,Careem,Transport Services,5,2025-10-24,تطبيق ممتاز ... ولكن مشكلته انه لا يعطيك حسم بشكل متكرر ولو كنت زبون دائم ... مرة بالسنة 😅,Positive
61d73592-3d66-407c-94e2-a006a8989557,Careem,Transport Services,5,2025-10-24,ثقه,Positive
414d0e31-9802-48b8-bbd4-87223d7f6141,Careem,Transport Services,1,2025-10-24,فاشل,Negative
a890f7cd-5d2e-48be-97e5-971e686659e7,Careem,Transport Services,4,2025-10-24,بقالى اكتر من 3سهور مش عارف اشغل التطبيق علشان عاليا غرامة رافض 5جنيه ومش عارف ادفع ازاى,Positive
abe510e4-2e65-4c3d-96a1-857c7bcada25,Careem,Transport Services,5,2025-10-24,تطبيق جيد جيدا,Positive
de3d200e-1aa7-40f0-9cd2-48af6ae8ad4f,Careem,Transport Services,5,2025-10-24,ممتازة,Positive
edbda45f-8ee6-4525-8963-356bbf022646,Careem,Transport Services,5,2025-10-24,شكرا لكم,Positive
14201591-76e8-4eb8-9926-6826be1cb60e,Careem,Transport Services,5,2025-10-24,احسن تطبيق,Positive
e51ceb56-7df2-49d9-903d-8dea7f5ed2de,Careem,Transport Services,1,2025-10-23,سيئ جداااا وخصومات كاذبه,Negative
be43737b-bfe4-4f91-a063-6ab00b896d15,Careem,Transport Services,5,2025-10-23,راااااائع,Positive
1dbe5b97-6667-45ad-a9b0-24459cce97fd,Careem,Transport Services,5,2025-10-23,تطبيق ممتاز,Positive
7b816200-6d05-442e-a27b-e3ed5c823cf3,Careem,Transport Services,1,2025-10-23,أسوأ تطبيق. وضعوني في ورطة. طلبت من مكان وخبزوا لي خصيصا معجنات ودفعت للتطبيق ليستلم المندوب ولم يذهب. ثم ببساطة قالوا لي عذرا ورجعنا فلوسك لمحفظتك عنا. معلش كيف يعني تلخبطوا الدنيا وتفتكروا انها بتنحل بالعذر!! وانا شو بدي بفلوسي عندكم. هذا تصرف نصب ولعب مش مواقع محترفة بشغلها.,Negative
78011807-e054-4ad1-95f8-b6e8a600e1c4,Careem,Transport Services,1,2025-10-23,سيئ جداً لا انصح احد بتجربتة تأخير وغرامة لا انصح به,Negative
f38550a9-8618-4094-a930-03766a484e16,Careem,Transport Services,5,2025-10-22,ممتاز,Positive
043fe661-3ca7-4d89-b7ba-023574383a26,Careem,Transport Services,1,2025-10-22,انا اسف سىء جدا,Negative
d781e9ce-2b68-4ee1-a7e6-eeaebf6048c0,Careem,Transport Services,1,2025-10-22,سيء جدا جدا 0/10 لا يقوم باحترام العملاء الكباتن يتأخرون بشكل فضيع وعند الإلغاء تضطر للاتصال عليهم بالإضافة إلى رسوم الإلغاء السيئة حتى وإن كان هناك سبب للإلغاء وغير عن خدمة كريم بوكس السيئة التي توجب ان يكون هناك فاتورة مختومة ومطبوعة للمحل وعرفت هذه المعلومة بعدما طلبت وتكلمت مع الكبتن الذي قال لي اذا اردت ان استلم سوف اتي اليك واستلم منك المبلغ ثم ارجع للمحل مع تأكيده بأنه يمكنه الدفع لكن بفاتورة مطبوعة مختومة ما اضطرني إلى التكلم مع خدمة العملاء السيئة اجبروني للالغاء الطلب وانزلوا علي رسوم.,Negative
bc816ca6-7428-4bb9-8040-730da7ea1f33,Careem,Transport Services,4,2025-10-22,جيدة جدا ...,Positive
69ec4551-55ec-480b-a40e-09704570460f,Careem,Transport Services,1,2025-10-22,تطبيق سيء,Negative
13769f29-286d-40c0-971f-72b30c8f14b0,Careem,Transport Services,5,2025-10-22,The goat,Positive
d877c4e1-eae4-4806-8cf0-dec566dfef3f,Careem,Transport Services,4,2025-10-22,تطبيق رائع جيد جدا اذا تم تعديل بيانات الموقع بشكل دقيق وعدم اعطاء معلومات خاطئه من قبل اللوكيشن ، وعدم الغاء الرحل من قبل الكابتن لاي ظرف ووصوله في المكان الصحيح هنا يكون التطبيق ممتاز,Positive
d9b85f4e-331b-4683-b21b-d247c06e12fa,Careem,Transport Services,2,2025-10-22,التحديث الأخير جدا سيء افتح الموقع ما يحدد لي المكان صح والموقع شغال يحط انه موقعي الرياض وانا في المدينه ولما افتح موقع البيت ما يحدد لي صح جدا سيء ياريت تعدلونه لانه مو منطقي اجلس اوصف السائق كل شي بسبب انه الموقع مو زابط عدلو الموضوع بسرعه اوفر كمية الاخطاء,Negative
1e0d3ff2-091a-4188-a138-7a8435b27cf3,Careem,Transport Services,1,2025-10-22,مشكله الكراوي ماعدكم مصداقية ابد يعني اطلب التطبيق بكروه ومن اوصل يطلع مبلغ يختلف مبالغ بي,Negative
45f67f09-bb17-4736-8a28-d2469e154b67,Careem,Transport Services,1,2025-10-22,اسوء تطبيق واسوء خدمة- الامان بي جدا سيء. وماكو تعامل جدي من قبل خدمة العملاء.,Negative
bd45c4d5-4311-4e51-b7f5-00185bf0c116,Careem,Transport Services,5,2025-10-22,جداً لطيف,Positive
1457d10e-891e-40ad-950a-dfb74d8314fa,Careem,Transport Services,1,2025-10-21,السعر غالي تطبيق فاشل وهاي تاني مره بطلع غلي جدا علماً بان التطبيقات الأخرى ارخص نصف القيمه لذلك هو تطبيق فاشل,Negative
7a89ff0a-c00d-457b-834c-e5ee8f47314c,Careem,Transport Services,5,2025-10-21,تجربتي ممتازه مع كريم,Positive
e08aa4f5-f7fb-46f2-9061-acc350d8f177,Careem,Transport Services,1,2025-10-21,فين الزياده العادلة للكابتن بعد زيادة سعر البنزين في مصر,Negative
b9e0ff33-e4f1-4e5b-b4c7-f0d5b8213e94,Careem,Transport Services,1,2025-10-21,من اسوء التطبيقات بس بنصبو ع الناس,Negative
0e2dff33-9410-4238-80a6-2a7faed4b937,Careem,Transport Services,1,2025-10-21,تطبيق ممتاز بس خدمة العملاء كل واحد في جهة واللي زعلني اكثر اخذوا مني ٣٠ ريال عشان نسيت غرض في السيارة ومشواري ماتعدا ال ١٠ ريال معقولة ياناس مافي نسبة وتناسب بين مشواري الاساسي وارجاعهم لغرضي اللي نسيته ..لاعتب عليكم ياكريم عسى تصرفوها على علاجكم .. لا والادهى من كده يسحبوا من حسابي البنكي صراحة مصخوها..ما افتكر اني وافقت على هذه السياسة التعبانة 🤢,Negative
1a49b71b-098d-4cfc-a6d0-2caaf67dd6a1,Careem,Transport Services,5,2025-10-21,سلام عليكم تطبيق راقي و سيارات نفس المواصفات وغير مختلفة عن الوصف كبعض التطبيقات الاخرى و مركز خدمة الزبائن استجابته سريعة,Positive
3e258989-6abc-476c-a682-3de9c3368503,Careem,Transport Services,5,2025-10-21,متاز,Positive
48b2796e-3a06-4a0b-9855-1efe2ad561f5,Careem,Transport Services,5,2025-10-20,رائع مريح متعاونين لكن قليل الخصومات على المشاوير,Positive
bd6b1dd4-2fe4-4137-b90c-d08623c8c215,Careem,Transport Services,5,2025-10-20,ممتاز,Positive
cf6df7ee-d7ae-44d0-be72-9e4022a9c7d2,Careem,Transport Services,1,2025-10-20,معليش,Negative
89bdf7a4-be06-4d7c-b2ac-29bcde3533fc,Careem,Transport Services,1,2025-10-20,معظم الكباتن فيه بيحبو يغيرو الطرق لزيادة تكلفه الرحله,Negative
25b8b108-5715-4e34-9394-5df90edf8f21,Careem,Transport Services,5,2025-10-20,كباتن مميزين وتعامل راقي ارجوا منكم الاستمرا,Positive
1897b3de-b59c-4b8f-b336-d4decd01a496,Careem,Transport Services,3,2025-10-20,الاحتساب ليس عادلآ بالنسبه للكابتن ولا يتم احتساب اوقات الانتظار الطويله وخلال المسير في الازمات وتأخير في التعويض خصوصآ الفيزا وتأخير في تحضير الطلبات من قبل المطاعم ومش الكل وشكرأ ولا ننسى الإيجابيات .,Neutral
afbc7c6d-066d-4bd4-bc28-567126313929,Careem,Transport Services,1,2025-10-20,الصراحة صارة الخدمات سييئه غير التأخير في الوصول وعدم وضع أرقام واضحة للتواصل. اتسبوو بتفويت موعد مهم,Negative
8d1834db-b928-429a-9bb6-48bd982844e2,Careem,Transport Services,5,2025-10-20,جيد,Positive
4f4a0619-3ca5-4c75-8f91-46f8b0c8d2e3,Careem,Transport Services,1,2025-10-20,اريد تسجيل بريد اكتروني تجيني عليه ملخص فواتيري,Negative
4c9c742b-4784-4926-b425-8891226881b4,Careem,Transport Services,1,2025-10-19,تجربه فاشلة بكل المقاييس,Negative
2a82f951-2eb6-4547-9eac-c8f6c86f71d0,Careem,Transport Services,5,2025-10-19,فدشي,Positive
7777cbcc-276b-4f70-9d4e-182835d48a0a,Careem,Transport Services,5,2025-10-19,رائع,Positive
201f2188-be9c-4264-9b19-1380c39ee254,Careem,Transport Services,3,2025-10-19,جيد نوعا ما,Neutral
495bbb8f-478a-4ceb-a1a1-dbe4b9723c15,Careem,Transport Services,5,2025-10-19,ممتاز جدا,Positive
057729e3-5ab4-4b35-9581-78364a629feb,Careem,Transport Services,5,2025-10-19,ممتاز و الكباتن اخلاقهم جدا عالية و الأسعار عادية و رخيصة,Positive
7c69c602-d7d9-4af4-b5d8-46621a9e1254,Careem,Transport Services,1,2025-10-18,حسبي الله ونعم الوكيل اسعار متنفعش تاكل عيش والله لزم يبقي في حد ادني للتفاوض البنزين بي 19.25 و الشركه بتحسب الكيلو بي 3 جنيه و ده حرام الصراحه,Negative
a3d39a3d-4313-450e-9a24-e54985cb518f,Careem,Transport Services,5,2025-10-18,جيدا,Positive
aca1d109-76cf-4a91-9a08-90c3855049bd,Careem,Transport Services,1,2025-10-18,ما في تقيد بسياسه التطبيق المطعم عندما يرسل طلب خاطئ او طلب فاسد او اي مشكله لا يتم تبديل الاكل او تعويض المبلغ المدفوع للاسف التواصل معهم سيء لا اريد الاشتراك مره اخرى في هذا التطبيق ولا انصح فيه,Negative
719eb957-623b-464b-bf2f-fb31ef78f2b7,Careem,Transport Services,1,2025-10-18,شغل مخزي كل ما اطلب رحلة بعاني بالطلب وبضطر احكي مع الدعم ل يخلصو طلبي وليوم نصبتو عليي وخصمتو 5 اضعاف الرحلة بدل ماتخصمو قيمة الرحلة فقط قمتو خصمتو ٥ اضعاف الرحلة وبحكي مع خدمة العملاء بقولو ها سياسة كريم والاسترجاع بياخ ٧ ايام رح قاضيكم اسوئ تعامل ومعاملة,Negative
a875cc33-349b-4d82-85b2-646f4daf9438,Careem,Transport Services,1,2025-10-18,سيئه للغايه,Negative
92ffe99f-8766-4517-92b0-9f64cfd7eefd,Careem,Transport Services,1,2025-10-18,تكسي حراميه يغيرون بالحساب ويغيرون بالموقع,Negative
6d0e4080-202b-4a2b-94b7-b1c90f641912,Careem,Transport Services,1,2025-10-18,تطبيق سيئ,Negative
52e7e612-a573-4d29-b206-d1dca3f6b29c,Careem,Transport Services,5,2025-10-18,لان التطبيق يسمح للمستخدمين طالاطلاع علا جميع المرجعات,Positive
e1fb9cc9-7fcf-463e-9e0e-836b5160bb71,Careem,Transport Services,1,2025-10-18,تطبيق كثير سئ صار خوذة منك مصاري رحتلك تكلف 5 بوخذو 10 المشكله هاي صارت مره و ثنتين و ثلاث و الخذمه مع موظفين الي المفروض يساعدو بس بحكيلك بعتذر منك و ما في اي فائده,Negative
e048dff1-6a80-4c4c-bde5-9a4dd5c35bae,Careem,Transport Services,1,2025-10-18,مغلق,Negative
ce634279-0bd8-4791-b698-a728bc80b058,Careem,Transport Services,5,2025-10-17,fare good,Positive
97057ced-1a33-4cf7-a436-20507021e781,Careem,Transport Services,1,2025-10-17,التطبيق انطاني سعر.. ومن وصلنا للمكان المطلوب الكابتن انطاني سعر أعلى..وللعلم مو اول مرة.. مع الأسف,Negative
64922ad2-7fb3-49c2-a23f-9a66e8bc7a58,Careem,Transport Services,5,2025-10-17,يجنن,Positive
b41d7b78-89b1-4eb4-8582-45e328c55290,Careem,Transport Services,5,2025-10-17,اكثر من رائع,Positive
356ae209-f449-4abd-92d4-36b7bc0d261b,Careem,Transport Services,1,2025-10-17,الكباتن اسلوبهم وحش جدا ومفيش دعم فني بعد الرحله,Negative
66207561-6bda-49fa-9c1a-365865994aad,Careem,Transport Services,5,2025-10-17,ممتاز,Positive
f3e2c47a-6026-42c8-ab44-646356cadccc,Careem,Transport Services,1,2025-10-17,سئ جدا جدا,Negative
385a87e5-d411-4432-a49a-f7604b8d88f8,Careem,Transport Services,1,2025-10-17,فاشل نصب,Negative
f39ca37c-f78e-47b2-b118-e6fd33cfaa60,Careem,Transport Services,4,2025-10-16,كـ خدمه وتعامل الكابتن كولش حلو بس عندي مشكله وحده بسببها راح أضطر استخدم غير برنامج وهيه انو اني اتفق ع سعر معين للرحله ومن اوصل يطلع غير مبلغ يزيد وذالك بسبب العداد اني فرضا بيومها مشايله فقط العمله الي وافقت عليها هيج ميصير غير برنامج مابي هاي السالفة السعر ثابت حرامات برنامجكم حلو وخدمتكم حلوه أما سعركم المتغير ابد محلو ياريت تصلحون هالشي وشكرا..,Positive
1b1599b6-e741-431f-bba4-770bd095da98,Careem,Transport Services,1,2025-10-16,عاوز اعرف الطبيق شغال في ينبع ام لا لانه مش عارف احجز عليه مشوار,Negative
1b42c8bd-a2eb-44d2-9bbf-0044d0379df3,Careem,Transport Services,5,2025-10-16,افضل طبيق,Positive
27704e81-fce3-4524-9195-8dff01b5aa3f,Careem,Transport Services,5,2025-10-16,ممتاز جدا,Positive
09d3d678-305e-4e6f-b1bc-4c41575101aa,Careem,Transport Services,1,2025-10-16,اصبح سئ جدا وخصوصا في مدينة المنصورة .. لازم تطوروا نفسكم,Negative
6c8c536c-066c-4a95-881b-985fbb3b395e,Careem,Transport Services,5,2025-10-16,نايس والله يعطيك العافيه اخوي,Positive
7a2ad827-199b-4fc0-80c1-4457b1ba81bf,Careem,Transport Services,5,2025-10-16,Rachid Rachid,Positive
5b5a2787-7ab4-4635-aece-ba2cf3222fc2,Careem,Transport Services,5,2025-10-16,صراحه احسن تطبيق وتعامل ممتاز,Positive
1fa0bb60-1177-45b9-81b0-4f0e2b3a3a67,Careem,Transport Services,1,2025-10-16,خدمه العملاء سيئة للغاية و مفيش تواصل أسواء برنامج بصراحه بعد ما كان أول أولوياتي في حجز الرحلات لما استخدمه منذ أكثر من سته اشهر,Negative
7cacf289-1c36-4164-90a9-ad73d4416c9c,Careem,Transport Services,5,2025-10-16,خدمة ممتازة وسريعة,Positive
38a16f92-f6b7-4cdc-9236-3be4bc3a8242,Careem,Transport Services,5,2025-10-16,امانه برنامج فول,Positive
9124c1c3-087e-487c-b5de-972d072c3484,Careem,Transport Services,5,2025-10-16,تجربة ممتازة,Positive
cdf12396-8f65-4fff-8452-2047f941537c,Careem,Transport Services,1,2025-10-15,افشل تطبيق على وجه الكرة الأرضية حظروا حسابي بدون سبب والموظف يخترع كلام يقول لازم تجيب ثلاث أرقام وثلاث ايميلات جداد عشان نفتح الحساب القديم على رقمك نجمة وكثير عليكم,Negative
a8a93f96-b51b-4cb0-98cf-274ab1ff27ca,Careem,Transport Services,5,2025-10-15,ممتازة جدا,Positive
eb485026-172b-4c16-911b-60935620c779,Careem,Transport Services,1,2025-10-15,الرحلة الأخيرة كان السعر مكتوب ١٠٢ جنيه من طريق النصر حتى التجمع فوجئت عند الوصول للتجمع الخامس السائق يطلب ١٣٦ جنيه فتحت له التطبيق وشاف المبلغ ١٠٢ وقالى أن التطبيق لازم بيزود مبلغ عند الوصول للموقع كيف أسترد هذا المبلغ الزيادة,Negative
e1908b96-2f44-4621-99cb-a8030eb569f3,Careem,Transport Services,1,2025-10-15,استغلال ناس بعض سواق,Negative
0ffb6627-6e7f-42c0-b334-223679428d6e,Careem,Transport Services,5,2025-10-15,ممتاز,Positive
4c9781d3-7ee4-480f-a2a2-81b726dc54c8,Careem,Transport Services,1,2025-10-15,اكبر تطبيق استغلالي نصيحة لكم ابعدوا عنه نصب واللي يروح منك ما يرجع بص حضرتك 😉,Negative
73348c21-04bc-493c-9216-cf8424df4878,Careem,Transport Services,2,2025-10-14,صراحه يجي منه يعني بالبدايه كان كويس وكل شي بس زي لما احط فلوسي في المحفظه ابغى ياخذ من المحفظه أو يعني من الجوال مايضبط و بعدين لقيت انه ياخذ من الجوال و كاش وهذا غش,Negative
32680fe8-7396-4544-89d0-b8989533fbf1,Careem,Transport Services,1,2025-10-14,سيء جدا نص نجمة كثير عليه,Negative
72fe84f6-37c2-4080-a154-2388d7ac491c,Careem,Transport Services,5,2025-10-14,لسه هجرب الشغل معاكم,Positive
f41beaf1-bc84-48cc-8ccb-3d3874fabb2e,Careem,Transport Services,5,2025-10-14,تطبيق ممتاز جدا,Positive
93d1d8f3-e749-4a44-b2d9-d20936985b98,Careem,Transport Services,1,2025-10-14,تطبيق سيئ جدا ولن استخدمه مرة أخرى,Negative
e075d636-9d52-4a8a-8871-3488d6f65992,Careem,Transport Services,5,2025-10-14,ممتاز اتمنى لكم الاستمرار وتعامل الكباتن ولا اروع . شكرا لكم🥰,Positive
83111e64-1ff1-4ee2-9676-cad93e5fc27d,Careem,Transport Services,5,2025-10-14,رائع,Positive
8ab817ec-8f89-4cbd-a66c-2a8e076b7018,Careem,Transport Services,5,2025-10-14,من أفضل تطبيقات في الأردن تطبيق كريم,Positive
bbef369c-456f-4ce2-a7cf-cb9483f7c616,Careem,Transport Services,1,2025-10-14,أسوأ تطبيق لتضييع وقت العميل وعدم احترامه (بحجة عدم توفر سائقين) اذا كتب لك ان السائق سيصل في كذا من الوقت ضاعف الوقت مباشرة وتأكد ان السائق سيتأخر وخدمات العملاء لا يستجيبون للاتصالات وعليه اذا حاولت الغاء مشوار تنزل عليك غرامة أقل شيء عشرة ريال نصف قيمة المشوار خير سلامات بحذفه نهائيا بإذن الله,Negative
4b8fe132-1305-4fa0-a57c-acf23f7ac893,Careem,Transport Services,5,2025-10-14,ممتاز جدا رائع 👍,Positive
256c0b50-08d1-4ae5-bd27-431b72212339,Careem,Transport Services,3,2025-10-13,الاسعار مبالغ فيها بعض,Neutral
25930d6c-26bc-434b-b92f-693e771f34c6,Careem,Transport Services,5,2025-10-13,ممتاز,Positive
98a5a57a-a463-4f82-a9bf-ca87b05d787b,Careem,Transport Services,1,2025-10-13,الأسعار غالية مواقع أخرى ارخص وعروضهم تأتي من الأسعار العالية بعد العرض أغلى من المواقع الأخرى ورسوم شهرية أغلى . جاري حذف التطبيق بعد شراء بالمبلغ الذي وضعته عن طريق الخطاء . توبه ارجع له .,Negative
8ac43892-00f9-4dc6-8ca0-fe77c94c3b78,Careem,Transport Services,1,2025-10-13,خدمة العملاء كتير سيئة وتحديث الخرائط عند كريم متأخر جدا مقارنة بالشركات المنافسة وبيعمد لإطالة الرحلة ولما بتكلم قسم الدعم الجواب بكون دائما نفسو وكأنهم روبوت عم يرد عليك مو بشر ومافي خيار اتصال ابدا اذا بدي اتواصل مع قسم دعم للشركة وهي اهم سلبية يوجد كتير تطبيقات منافسة افضل بمراحل وكريم بتفكر انو رح يوفر عليك وبالاخر بتدفع اضعاف اجرة الرحلة المتوقعة,Negative
86b71f60-de1a-4d36-9250-c4c43b8136da,Careem,Transport Services,1,2025-10-13,اغلب مناطق الرصافة ما يشتغل بيهة لهذا السبب بلي احسن منة,Negative
7f28913d-364b-4bf8-afe9-5a8f4865ee44,Careem,Transport Services,1,2025-10-13,انصح بعدم تنزيله لانه لا يستجيبوا لا يوجد رحلات تطلب الطلب و تستنا 1 ساعة و لا ياتي الطلب,Negative
bacee355-b8e5-43d2-b299-bff0f6c9b0ef,Careem,Transport Services,5,2025-10-13,السلام عليكم التطبيق كريم فعلا انقذني يوم احتجته ان يوصلني البيت والشي الحلو ان نقدر نختار السياره مو تكسي جواله,Positive
ad7a2536-4257-4109-8f4b-5299f8189dea,Careem,Transport Services,5,2025-10-13,مريحة,Positive
c82b7d29-eaa8-44c6-bf64-a05d02322532,Careem,Transport Services,5,2025-10-13,تطبيق امين,Positive
4bd6f98b-316b-4b73-909a-fdd1c9bc7f4c,Careem,Transport Services,1,2025-10-13,شركة Careem مملوكة بالكامل لشركة Uber الداعمة للإحتلال الصهيوني.,Negative
363a4dc1-1801-46f6-8aff-32e31b7e47e4,Careem,Transport Services,5,2025-10-13,التطبيق الآن صار ممتاز البحث عن كابتن متوفر وإرساله صار أسرع من قبل كذلك رجعت إمكانية إضافة مبلغ إلى المحفظة والكباتن ما شاء الله عليهم ساعدوني في فهم أشياء كثيرة في التحديث الجديد للتطبيق بالإجابة على جميع استفساراتي فعرفت أتعامل معاه بسهولة أكثر الله يعطيكم العافية ويوفقكم لكل خير,Positive
09ad3a15-124a-4e90-8cc6-0a8a7fd1d4d1,Careem,Transport Services,5,2025-10-13,السلام عليكم ضاع مني جوالي في سيارة كريم وتم الاتصال عليه لكن لم يتم الرد كيف اتواصل معكم لكي استرد الموبايل بيانات اخر مشوار في التطبيق,Positive
e3211f09-acd1-4a8d-8037-fea30dadc17d,Careem,Transport Services,5,2025-10-12,مفضل لدي,Positive
06f10170-709e-4478-9a18-94e13ec24ea9,Careem,Transport Services,1,2025-10-11,نزلت التطبيق بحكم انه صار عندنا في مدينة العين، مكتوب توصيل مجاني على أول طلب، طلبت ضاف رسوم ٩ درهم على الطلب، المبلغ مو مهم لكن قلت شكله من أوله بدأ النصب وإضافة مبالغ، لأن في الخارج مكتوب التوصيل مجاني ومشطوب على سعر التوصيل لكن في الداخل يضيفها قبل الدفع,Negative
ac7a4d00-491d-4ceb-bfaa-48d45ff485bf,Careem,Transport Services,1,2025-10-11,فاشل,Negative
1e7829f6-7d88-466a-a2a7-a1be4491d2b4,Careem,Transport Services,5,2025-10-11,ممتاز,Positive
23e6ef61-878b-480a-bc55-ca79c2154c67,Careem,Transport Services,5,2025-10-11,رائع,Positive
9e76ea75-30b8-4ba0-9a17-7988e70b5970,Careem,Transport Services,5,2025-10-11,سرعة في تلبية لطلبات خدمة مريحة اسعار مناسبة,Positive
c0957967-b107-4526-89a3-a497b24e3a3e,Careem,Transport Services,3,2025-10-11,السلام عليكم انا من العراق واستخدم التطبيق من فتره طويله التطبيق جيد لكن عندي ملاحظة أو استفسار بعض الكباتن ياخذ مني مبلغ مو نفسه الي موجود عندي بتطبيق يعني أجرة الرحله متطلع نفسه صح وهذا تكرر وياي أكثر من مره بعض الحالات ميكون اكو فرق كبير فرق بسيط اني صح هذا هاي الحاله عندي مو دائما تحدث ويايه اله من اصادف كابتن ايكون سيء بالتعامل أو يحاول استغلال بعدم معرفتي للمبلغ اتمنى يتم النظر بالموضوع وعندي استفسار عن كيفية التواصل مع الدعم الفني للتطبيق,Neutral
5960306f-1460-41a6-a6e5-abfd81e308eb,Careem,Transport Services,5,2025-10-11,افضل تطبيق و سيارت حديثه و تعامل السايق,Positive
6790a99c-7dc2-45ba-9eb9-be8c60328087,Careem,Transport Services,5,2025-10-11,ممتاز. و غني عن التعرف,Positive
545c85be-9032-4327-b1e7-5271bd605525,Careem,Transport Services,1,2025-10-11,سيئة للغاية,Negative
4b909dfc-801b-4066-b80b-3817456376b0,Careem,Transport Services,5,2025-10-11,ممتاز,Positive
2018de78-ce7f-4dee-bc44-195d59bb23da,Careem,Transport Services,1,2025-10-10,طلبنا اكل بصراحة اخد وقت كبير كتير ليوصل ولما وصل الاكل كان بارد جدا رغم أننا طلبنا سندويشات وكان المطعم قريب جدا من البيت .. يعني لو رحت مشي ورجعت ما اخد كل هالوقت حتى يوصل الاكل متأخر هيك..,Negative
4c7f80d2-16c7-4276-b155-2b2fa6d95c7f,Careem,Transport Services,5,2025-10-10,رائعة,Positive
acc9ae3c-e178-466a-b77a-959ce2351f4e,Careem,Transport Services,1,2025-10-09,الأسوء على الإطلاق، نزلته 3 مرات، و لما أفتحه يقول لك هدية، و الهدية ما تفتح، و المطاعم مش معروضة، شيء ولا أسوأ.,Negative
ceca4f47-09dd-4423-beac-fe6966adfe90,Careem,Transport Services,1,2025-10-09,سرقوني ٦ اشهر يسحبو مني فلوس وانا ماسح التطبيق,Negative
489d4401-993e-4bef-abcc-8d2d79b91767,Careem,Transport Services,5,2025-10-09,شكرا,Positive
bc22001d-9191-479e-b3cd-3ebd144dbe94,Careem,Transport Services,1,2025-10-09,اسوء تطبيق حتى نجمة هوايه عليه اوصي اوفر اوصل مو نفس السعر مزيدين عليه ضعف ابد ما انصح بيه وكذلك بس اول مرة رجعولي فلوسي صارت اكثر من مرة بس اعتذار دزو وحذفته بعد ميفيد ابد,Negative
dc6b192a-36dd-42be-b0fb-32ebe2684305,Careem,Transport Services,5,2025-10-09,جيد,Positive
83c16d1b-f302-4102-9f66-486e04fe4ebf,Careem,Transport Services,1,2025-10-09,تطبيق فاشل غالي جدا وتجد صعوبة في الوصول الي سياره وذا حصلت عليها تأتي من أماكن بعيده وذالك لقلة السائقين في هذه الشركة,Negative
6774e472-d677-4c2e-83f8-270f6268668e,Careem,Transport Services,2,2025-10-09,تحت التجربه,Negative
c7aac576-ea3e-4d4e-a30d-154b662cad79,Careem,Transport Services,1,2025-10-08,بجد أصبح التطبيق سئ اوى السعر كأنه ثابت هل يعقل أن مسافه صغيره يكتبلى 49 جنيه قفلت وفتحته تانى غلطت وانا بطلت دخل المكان اللى انا فيه نفس عنوان المتوجه ليه يعنى الرحله فى مكانك يطلع نفس الرقم 49 جنيه هو أى رحله بقى سعرها ثابت مع العلم احنا فى اسكندرية وباقى الأبلكيشن مش مطلعه السعر ده خالص شوفوا انتوا ايه مشكلتكم من ساعه ما اوبر اشترتها وهى بقت بايظه جدا وسعرها مبالغ فيه جدا جدا فى المشاوير القصيرة,Negative
b718358f-66fb-4edd-a275-9903f90ec28d,Careem,Transport Services,5,2025-10-08,جيد جدا,Positive
3483c8c3-2895-49fe-8968-447c1282e75f,Careem,Transport Services,5,2025-10-08,رائع,Positive
91eed042-09dc-487a-9141-3a6b8928e744,Careem,Transport Services,1,2025-10-08,اريد تنزيل التطبيق في كل مرة يطلب كود وادخل الكود ويتعذر الدخول الى حسابي حتى عاى اجهزة وارقام اخرى رجاء حل المشكله,Negative
832ce82c-c0c8-4126-8a69-835a9186242f,Careem,Transport Services,1,2025-10-08,أسوأ تجربه اسجل خروج يحذفون الحساب بالكامل للأسف ووصول لا يفعلونه لي والدعم لا يرد,Negative
a9e5e6f4-c66f-42f5-badf-e165fda5e37b,Careem,Transport Services,5,2025-10-07,ممتاز جدا,Positive
8d768c4e-7343-4757-bff1-2cefea5f1784,Careem,Transport Services,1,2025-10-07,سئ جدا....تم عمل طلب بالخطأ وفي نفس اللحظه تم الغاؤه وللاسف لم يتم استرداد المبلغ,Negative
3a0a44c2-509b-45f5-9a81-207acb8ff4d9,Careem,Transport Services,1,2025-10-07,تجربه سيئه جدا لا تعاد ابدا اداره ما بتحكم بعنصر خطئ.ما بطلع بأيديهم الا يدافعو عن المؤسسات اكل بارد بوصل فقط اعتذار,Negative
f7f70b69-324b-4cb5-be55-5c348507c802,Careem,Transport Services,1,2025-10-07,سيء جدا,Negative
3a552cdb-6fa7-450b-988a-fda86d70bd6d,Careem,Transport Services,1,2025-10-07,بالنسبة لي سيء جدا,Negative
695d040a-7fd8-49c8-b029-ed091ce5574f,Careem,Transport Services,1,2025-10-07,so bad 👎,Negative
b6510ac0-3ca0-490d-8bd2-dc03f8626804,Careem,Transport Services,5,2025-10-07,تطبيق رائع,Positive
542ff7d4-88bb-4fdf-ab49-51a4d59e318c,Careem,Transport Services,5,2025-10-07,ثقه تامه تذهب الى مكانك بكل راحه برنامج ممتاز ورائع جدا بعد التجربه,Positive
66f3b4f3-57ee-4a57-a98b-8c6d6dcf0560,Careem,Transport Services,5,2025-10-07,ممتاز وانيق وراقي,Positive
3e8541c2-1032-4146-b0f1-9de4b1528c28,Careem,Transport Services,1,2025-10-07,الاسعار مبالغ فيها ولا يوجد كود خصم وبعض الكباتن ليس لديهم مصداقية ولايضيف المبلغ المتبقي في المحفظة كان تطبيق ممتاز وافضل تطبيق لكن حاليا فاشل ولا أنصح بتحميل التطبيق ابدا,Negative
dce6200e-329f-45d8-b7ac-8c80c5d23b2d,Careem,Transport Services,5,2025-10-07,ممتاز,Positive
f4155f0f-022b-4ef7-8a62-a9feb15783c0,Careem,Transport Services,5,2025-10-06,رائع ومريح,Positive
a9b6b335-58ea-415c-895a-77e0c321fb00,Careem,Transport Services,1,2025-10-06,👎,Negative
853a0b72-cfdf-411b-bbaf-ea5636acf5ef,Careem,Transport Services,2,2025-10-06,لقد قمت بطلب رحلة وتم التواصل مع الكابتن واخبرته بانني امامي نصف دقيقة واكون قدامك انا خلف الجمع اللي جانبك اول ما وصلت فوجئت بتحرك السيارة والغاء الرحلة تم النداء على الكابتن ولكن دون جدوى وحاولت الاتصال به اكثر من مرة ولكن تم تحويلي على كول سنتر وانا شخص ذو اعاقة حركية تمنعني من الحركة الطبيعية,Negative
71df420f-e419-470c-ab89-8fe55eae8462,Careem,Transport Services,1,2025-10-06,تطبيق سيء وخدمة عملاء سيئة جداً في الأردن ويوجد موظف متل الرد الآلي يجيب بدون ما يفهم طريقته وكلامه غير منطقي ويفتقرون لأبسط مقومات خدمة العملاء والمشكلة هي بإسترجاع حسابي على رقم هاتفي والأخ يبلغني ان هاتفي مربو بحسابين فأخبرته أن يحذف حساب ويسترجع الأخر فأجابني بكل برود احضري رقم هاتف جديد ليس مربوط بكريم لأعيد لكي التطبيق فأجبته أنه لا يمكنني ذلك وبكل برود يحسسني أنه لا تريدون عملاء للإنضمام اليكم!!!! ما هذه الخدمة السيئة والطريقة الٱسوأ انها لتجربة حقا سيئة والأسوأ أنه لا يتم المتابعة,Negative
d235bae0-ae37-43a9-8f55-d301d234f7b8,Careem,Transport Services,3,2025-10-06,جيد,Neutral
f3ee1798-61dd-4017-8bf4-10dc22df7850,Careem,Transport Services,5,2025-10-06,تطبيق ممتاز وخدمة عالية الجودة وبأسعار مناسبة,Positive
ce79f906-a3fe-4b95-8514-e3f0f8946497,Careem,Transport Services,1,2025-10-06,سيئ ....,Negative
4ac0aaaf-2a1e-4235-b894-0cc5f1681c9d,Careem,Transport Services,5,2025-10-06,تطبيق جيدا جداً,Positive
3bddef1a-358e-4180-96bc-c77c0fc5ff43,Careem,Transport Services,1,2025-10-06,سيئ جدا جدا جدا,Negative
1d5d899d-6085-4f4d-8fdf-1a8bb7e4e503,Careem,Transport Services,1,2025-10-06,تجربه سيئه جدا جدا وابتزاز بوضع مبالغ لم اطلبها او استفيد بها لا انصح باستخدامه حتي الردود منهم مبرمجه اليا يعني اضرب دماغك في الحيط عموما انا حذفته وانصح الجميع باستخدام البديل وحذف ذلك التطبيق,Negative
1555f1d5-e620-4f3a-ba1e-eee32e0da52f,Careem,Transport Services,5,2025-10-06,جيد,Positive
7c71d254-9fc8-4d1a-b7b6-7a4bee77cea8,Careem,Transport Services,5,2025-10-06,تطبيق ولا روعه جدا ممتاز 👍👏😆,Positive
9ce98a85-4122-4a46-996c-d77284afc044,Careem,Transport Services,1,2025-10-05,شطب البرنامج ومقاطعه ...خليهم ينفعوكم,Negative
dd3813af-8615-410c-bb9c-3c8b61311066,Careem,Transport Services,1,2025-10-05,زبالة,Negative
6babbfad-797d-4bda-bfda-e607451382e6,Careem,Transport Services,1,2025-10-05,سمعت انكم مع الصيصاان يا ساقطين👍,Negative
a26ee797-ac4b-49eb-9ec3-804544fc83d9,Careem,Transport Services,5,2025-10-05,خدمه جيدة جدا,Positive
0d2e0e53-827c-4e15-ad3d-907d4de38ad6,Careem,Transport Services,5,2025-10-05,تطبيق روعة,Positive
759024c2-743c-4473-80cd-66a0179029f5,Careem,Transport Services,1,2025-10-05,سيء جدا وما في مصداقية أكثر من ٣مرات أطلب السيارة وبعد الانتظار وقت طويل أكثر من ٢٥ يقول الكاتبن وصل بالكذب ويحولني برحلة تانية انتظار أكثر من ٢٠ دقيقة ويضيع علي وقت العمل ويضيع مالي على الفاضي حسبنا الله ونعم الوكيل,Negative
670879a4-7590-4607-a3ea-dba9c35d1b31,Careem,Transport Services,5,2025-10-05,جيد,Positive
04e857d7-93cf-429e-9e1c-03e14227f2ea,Careem,Transport Services,1,2025-10-05,من اسوء التطبيقات تطلب بسعر ومن توصل ياخذون سعر مضاعف,Negative
8c6514c8-4c90-40aa-ba02-833ca112d185,Careem,Transport Services,5,2025-10-05,تمام,Positive
6636641a-6c0d-494b-9bd7-5202ae431798,Careem,Transport Services,5,2025-10-05,بصراحه تطبيق ممتاز لحد الآن بعد تجربته .. خدمه ممتازه والكابتن محترم وخدمه سريعه رائعه .. يعطيكم الف عافيه 💐 موفقين دائماً ان شاء الله 🤲 شكراً لكم,Positive
b3519cc7-029b-4b00-a777-d52e8def985b,Careem,Transport Services,1,2025-10-05,سئ جدا بياخد وقت طويل جدا على مايبحث عن كابتن أدى لعطلتى اكتر من مرة ولغيت الرحله وخدت تاكس اسرع ... اغراء الناس بالاسعار المنخفضه عند تحميل البرنامج وبدء التعامل وسرعان ما يقوموا برفع السعر لا انصح بالتعامل معه وسالغى هذا البرنامج,Negative
7f754e0f-0363-49ee-ad77-66cbb06fed86,Careem,Transport Services,1,2025-10-05,سيء جداً خاصة خدمة العملاء,Negative
57642313-cc38-476a-b011-e19d3ddfc506,Careem,Transport Services,1,2025-10-05,تجربة سيئة جدا جدا جدا لقد حجزت اليوم مركبة ظهرت انها ستصل في خلال ثمان دقائق ولكن بعد انتظار ٣٠ دقيقه لم يصل احد,Negative
2f3878fd-76bb-42d4-8652-e9b5457bc962,Careem,Transport Services,5,2025-10-05,❤️,Positive
011d63f5-98ef-4896-9609-25e7d076f548,Careem,Transport Services,1,2025-10-04,للاسف اول مسجلت عدهم جان كلشي بيرفكت بمرور الوقت كللللشي فاشل من كباتن من حل للمشاكل من اداره من تطبيق نفسه ثكيل وفاشل,Negative
9f5ee45d-bc1a-432f-a5bb-54f286deb492,Careem,Transport Services,5,2025-10-04,جيده جدا,Positive
4dcfabf6-ab6b-42a1-8c00-9251cf74660b,Careem,Transport Services,5,2025-10-04,ممتعة,Positive
c8e07422-07c3-4d9a-8c0c-7b404072a5a8,Careem,Transport Services,5,2025-10-04,حلو,Positive
a69ba8e2-e1be-4e48-b840-6491c62e9992,Careem,Transport Services,1,2025-10-04,تطبيق قفاصه ماكو مخافت الله,Negative
ab160e7f-a5fc-48fd-8aad-39980370ec40,Careem,Transport Services,5,2025-10-04,ممتاز,Positive
44f4a52e-14ff-4310-9cbf-e40575b5a640,Careem,Transport Services,1,2025-10-04,مقاطعة,Negative
1c33c056-5e4d-40e1-8c7c-34e18cfcff21,Careem,Transport Services,5,2025-10-04,بعد إدخال خدمة اوفر أصبح التطبيق أفضل بكثير شكرا جزيلا,Positive
18e39e81-48cf-4f3d-8301-de98792b35c0,Careem,Transport Services,5,2025-10-03,رحم الله امرا اهدى الى عيوني اصلاحه لساني,Positive
03db4e76-7acc-4cec-83e6-7253d41e1e57,Careem,Transport Services,1,2025-10-03,تابعة لأوبر، تدعم الاحتلال,Negative
95442053-4a8c-4786-b0a3-3f603113281a,Careem,Transport Services,1,2025-10-03,برنامج فاشل ومكلف!,Negative
bf6dbed6-c52c-4dff-87f5-4d42bea26135,Careem,Transport Services,1,2025-10-03,Very bad experience,Negative
818aa058-9d67-4450-abd8-b7f8bd25bbb5,Careem,Transport Services,1,2025-10-03,شعجب بالانكليزي ليش ماتحولونه عربي اعوذ بالله منك يالساني تم حذف التطبيق,Negative
95c6be3e-2449-44cc-8c74-5a52d88be021,Careem,Transport Services,1,2025-10-03,"مقاطعة، تدعم الاحتلال والإبادة الجماعية Boycott, support occupation and genocide",Negative
900dd14f-3dc6-47ce-98dc-ef614a50f5dc,Careem,Transport Services,5,2025-10-02,اوقات تمام واوقات مزاج السواقين,Positive
1a49f176-8c32-4c23-9868-c21f7858914c,Careem,Transport Services,1,2025-10-02,لا استطيع حجز رحلة كل مااطلب رحلة يظهرلي فشل في الحجز,Negative
1ffa84e1-0cf1-4e2a-929a-333da4724e25,Careem,Transport Services,1,2025-10-02,اسوء تطبيق مطبع خاين,Negative
470f889c-4289-4845-afaf-74568d3b6026,Careem,Transport Services,5,2025-10-02,ممتاذ/اسعار مناسبه/التزام من ناحيه الباتن,Positive
87e63111-6756-436d-8d80-565d41b163e6,Careem,Transport Services,1,2025-10-02,حذف مقاطعه,Negative
359d881b-4209-4d10-8467-c61c1ecbfc09,Careem,Transport Services,5,2025-10-02,مريح,Positive
276c8c4b-ac6b-4369-88eb-2bdf32373f41,Careem,Transport Services,5,2025-10-02,جيد جدا,Positive
fcaabba7-d910-4fb3-8c12-5b84fb47cac0,Careem,Transport Services,1,2025-10-02,بتكون مشترك بشي بنص الاشتراك بلغوه والمصاري بتروح عليك وبتتمرمر حتى ترجع ومرات ما بترجع وكمان صايرين يوصلو اكتر من طلب لما يوصل طلبك بكون بارد كتير الوضع صاير سيء بخصمو الرحلات أقصى قدر وما برجع شي وعمرهم ما ظبط معي بطاقه خصم سبيشل,Negative
9fff999a-dc7a-4169-94c8-93544563c3b3,Careem,Transport Services,1,2025-10-02,تطبيق مملوك من شركة اوبر شريك الاحتلال في صناعة وتطوير طائرات الدرون العسكرية,Negative
cbb60685-94c5-4c8b-847d-bc52d2ff667c,Careem,Transport Services,4,2025-10-02,يزيد السعر بعد الوصول,Positive
500efe5b-bf73-4e20-8fbe-e2f12efafd18,Careem,Transport Services,5,2025-10-02,انا من عملاء كريم ودائما امدح فيكم وودائما ما اشترك بباقة لكن للاسف رسوم الباثه كل مالها تزيد والكيلو مترات تنقص مما جعلني اعيد النظر في استمراري مع كريم والبحث عن وسيله اخرى للمواصلات,Positive
e2b0fbee-2309-460e-a578-40f240094039,Careem,Transport Services,1,2025-10-02,للاسف التطبيق مو مثل اول لازم تحجز شي ست او سبع مرات عشان تمشي امور الحجز وكل مرة يرفعو السعر عليك بحجة انه وقت الذروة والسائقين بعد ما يقبل الطلب يرجع يكنسل,Negative
47caefbc-8f7c-4d64-bab6-74b5c2c7bf29,Careem,Transport Services,1,2025-10-02,تطبيق زباله وبيفرض رسوم وهميه وكابتن حراميه وخدمة عملاء سيئه لايستحق ولا نجمه واحده مش هغير رائ لأن فعلا سئ وأسلوب زفت خدمة العملاء رحله 41 تتحسب رسوم 26 والكابتن اصلا ماجاش شركه عايزه فلوس وخلاص,Negative
7cca8576-864e-4aef-819a-22c555cd6a43,Careem,Transport Services,3,2025-10-02,كريم تطبيق جميل وأسعاره وعروقه حلوة لكن انا تقريبا مشاويري كلها بكريم وللأسف بتعرض لمضايقات من قبل الكابتن وقدمت شكوى لكريم ولم يتم الرد علي باتخاذ اي شئ بالموضوع، وهذا شئ غير مطمئن,Neutral
1c360856-3f65-4324-a049-9db44b27cede,Careem,Transport Services,5,2025-10-02,🌹,Positive
14237a69-a993-42c8-8e23-22e011c816b4,Careem,Transport Services,5,2025-10-02,بجنن,Positive
a42cda09-96e7-4c86-9fb2-af8d7894474d,Careem,Transport Services,5,2025-10-02,ممتاز,Positive
af0c73e3-91ec-4219-a5c2-8371eac68309,Careem,Transport Services,1,2025-10-01,تطبيق تابع ل اوبر ويدعم الاحتلال,Negative
7171e4c6-5153-4deb-acc0-e221afa7e617,Careem,Transport Services,5,2025-10-01,جيدة,Positive
50df4741-84d3-4779-92ae-61bb528beb02,Careem,Transport Services,5,2025-10-01,ممتاز,Positive
e9e77f83-710a-4485-9e6c-387d6a0fbfda,Careem,Transport Services,1,2025-10-01,الخدمة بقت سيئة جدا جدا جدا بيخصموا الفلوس من الفيزا قبل الرحلة لا بيرجعوها لما يقولوا مش متاح حد ولا بيوفروا كباتن وخصموا مني حوالي ٢٠٠٠ جنيه مصري ومن غير فايدة لا فلوسي رجعت ولا استفدت حاجة خدمة سيئة جدا والله,Negative
af864747-6d34-4666-8476-2dd4c37851ab,Careem,Transport Services,5,2025-10-01,أفضل تطبيق تكسي في العراق,Positive
4e9523a4-204e-42f4-b3e0-7b0d45024879,Careem,Transport Services,5,2025-10-01,تطبيق جيد وكباتن رائعون.,Positive
127ee787-2f41-49a7-b656-0821dd969c89,Careem,Transport Services,1,2025-10-01,إهمال للعميل,Negative
5a3bc1b6-6fa5-446c-b2ca-88b4070a2640,Careem,Transport Services,5,2025-10-01,ممتاز,Positive
a6e02e24-0e17-49a6-8ead-105cd0eaedb2,Careem,Transport Services,5,2025-10-01,ممناز,Positive
c651cd18-7582-4176-b1e4-706e56bb8396,Careem,Transport Services,1,2025-10-01,هذا التطبيق داعم للانحلال الاسرازفتي وكل شخص يتعامل معه أو منزل هذا التطبيق على تلفونه فهو خائن وعليه من الله ما يستحق وحسبي الله ونعم الوكيل فيه وان شاء الله تروح البركه من ماله وحلاله وعياله,Negative
c9f9eade-c611-4119-84cb-bf2fc933f9f5,Careem,Transport Services,1,2025-10-01,مقاطعة,Negative
9f86ccdd-a813-4ca4-9372-f29ddd15c363,Careem,Transport Services,5,2025-10-01,تجربه متميزه,Positive
797c2bb2-d10c-4640-b1d3-47567f069d26,Careem,Transport Services,1,2025-10-01,شركة اوبر و كريم مقاطعة ياريت ندخل نعملها تقيم نجمه واكتب مقاطعة ومحدش يستخدمها خالص هى تابعة لشركة فلايتركس الإسرائيلية,Negative
33b4c72c-8210-4944-a913-07cda162d83e,Careem,Transport Services,1,2025-10-01,سئ,Negative
5e74f6cf-d686-49e4-9552-c30977455021,Careem,Transport Services,1,2025-09-30,ثاني أفشل تطبيق بعد اوبر,Negative
5e6d4abd-5980-4a13-a8b6-2324dbaa35cc,Careem,Transport Services,5,2025-09-30,جيده,Positive
d830d404-7c46-4033-b66a-e7841de58ad9,Careem,Transport Services,5,2025-09-30,الرحلات أغلبها كانت ممتعة,Positive
60b20fb8-67e8-4a49-8934-0ebe4816c634,Careem,Transport Services,1,2025-09-30,تطبيق سيء جدا لا انصح لاحد به ، الاسعار سيئه جدا,Negative
02cf10e2-4180-476c-8432-5f1b0e817a4a,Careem,Transport Services,2,2025-09-30,احد الكباتنه لم يكن قد الامانه واسمه ورقم لوحته عندي دفعت مية ريال ليخصم مبلغ الرحله ووضع الباقي في المحفظه ولكن للأسف لم يفعل ذالك فاوقفت تعاملي معهم,Negative
7e27b43a-ce83-4e07-9742-c7bd572767d8,Careem,Transport Services,1,2025-09-30,طلبت مشوار قبل شويه ماوصل لعندي والغى المشوار من عنده وجاني المبلغ كيف كدا,Negative
ae728be3-7363-4ab8-baf3-27b2bf0dc924,Careem,Transport Services,5,2025-09-30,الى الان ممتازة 👍,Positive
b9fbbf5f-0f47-4f6b-a4dc-1d515d0531c0,Careem,Transport Services,1,2025-09-30,تطبيق سئ للغاية,Negative
579cee6d-26e8-40d9-80ac-48649157a283,Careem,Transport Services,1,2025-09-30,مقاطع وداعم,Negative
d0c169ff-cc95-4d23-9593-1e7147f0bbc5,Careem,Transport Services,5,2025-09-30,راءع,Positive
535ae9dd-d19a-4c5b-806f-5251c0aeccd5,Careem,Transport Services,5,2025-09-30,جيده,Positive
22aac4a4-2caa-41cd-8da9-0f2c9c5bdbf7,Careem,Transport Services,1,2025-09-30,مقاطعه,Negative
35b4495e-f6e3-4c5b-8843-28c4a5c1284e,Careem,Transport Services,1,2025-09-30,مقاطعة لدعمها الكهيان المحتل Boycott for supporting the occupying entity,Negative
6ddc5164-8222-4def-b260-d40446a3a429,Careem,Transport Services,5,2025-09-30,جيده,Positive
970eba64-3e72-4823-a8e6-1dbd1214384e,Careem,Transport Services,1,2025-09-30,أسواء برنامج. انصحكم لأحد يستخدمة,Negative
12beff14-f7a0-4c68-a198-bedfa62a729f,Careem,Transport Services,3,2025-09-30,اغلب السيارات تجي قذره من الداخل والخارج,Neutral
6f6937ae-879a-4bf6-bd4f-3c4d7ec163d1,Careem,Transport Services,1,2025-09-30,احذف تطبيق احذف التطبيق جوده التطبيق رديئه. ويسحبون من كرتك غصبن عنك ثمن الرحلات حتى لو انت ما طلعتها . ما فيش حل المشكلات ولا مساعده ولا تواصل فلا يوجد رد على الايميلات ولا رسائل لا يوجد دردشه حيه لا يوجد اتصال وخدمه عملاء لا يوجد اي سبل المساعده، اي نعم هو رخيص لكن ايضا رخيص في الجوده وفي الوقت.,Negative
79f3e949-2090-47fb-80e6-0eaadc1237d2,Careem,Transport Services,2,2025-09-30,لاباس فيه لكن يحتاج تدريب عميق للسائقين,Negative
c7592ae2-263d-4e2f-b999-0f0f26fe8463,Careem,Transport Services,5,2025-09-30,very good,Positive
ed47d297-e9d5-43ea-b72f-92e3dbbca543,Careem,Transport Services,1,2025-09-30,مقاطعة ثم حذف التطبيق,Negative
9d12d45c-a26c-4610-9141-3fb74e012c95,Careem,Transport Services,5,2025-09-29,أكثر من رائع,Positive
2938b820-a18e-4d9c-8138-eea60cdfaee2,Careem,Transport Services,1,2025-09-29,مقاطعة,Negative
b7240592-89c1-4040-bcab-a9bc3f07734b,Careem,Transport Services,5,2025-09-29,5/5 ❤️,Positive
3ad9b46c-3b88-4b5b-b6ea-ea4d0ccc14a6,Careem,Transport Services,5,2025-09-29,ممتاز,Positive
bd1a6a07-e80c-400d-98eb-57fcd12acc88,Careem,Transport Services,1,2025-09-29,جداً غالي,Negative
28df161b-f029-4b80-bfdc-638603119fb8,Careem,Transport Services,5,2025-09-29,إنه رائع جدا,Positive
01d0f0b3-e853-41d5-8738-c56445fd991c,Careem,Transport Services,5,2025-09-29,جميلة,Positive
26696444-9766-4690-a8da-7d15b28acda6,Careem,Transport Services,5,2025-09-29,جيده,Positive
e8b3f112-eef1-498b-bd82-c2015dd97ded,Careem,Transport Services,1,2025-09-29,داعم الاحتلال,Negative
2178d06f-3e7f-4ac4-80c0-0345592bf576,Careem,Transport Services,1,2025-09-29,سيء ولديه الكثير من الامور الوهمية,Negative
2533656c-ee92-4f15-8627-adf95e2033e8,Careem,Transport Services,1,2025-09-29,تجربه سيئه جدا ولا ترتقي ان تعمل في جو احترافي حيث قمت بحجز رحله وارسل لي السائق رساله بالغاء الرحله ولم اقم بالالغاء بل هو الذي لم ياتي وبعدها وجدت التطبيق يطلب مني بدفع مبالغ اضافيه بسبب الغاء الرحله وعند التواصل مع الشركه لم يتم الرد فلا انصح بتحميله,Negative
74747dca-c35c-41dd-b18a-4b4e02a7a3e2,Careem,Transport Services,5,2025-09-29,👍👍👍👍,Positive
6f4d22c7-f8bc-4a71-b6da-7b5d8485abae,Careem,Transport Services,5,2025-09-29,والله الواحد بطل يطلب من عندكم تحرير مش راضيين تحرروا لي كيف بدي اطلب منكم نفسي مدير شركه يرن عليه ٠٧٩٢٠٧٤٥٤٥,Positive
abd87b1d-8ce8-46d4-9fcd-3ab02919f039,Careem,Transport Services,5,2025-09-29,تطبيق ممتاز,Positive
263eb7ee-a71f-4240-ba24-7c77f3719458,Careem,Transport Services,5,2025-09-29,اا,Positive
c200d24c-300c-42c2-a180-200de6924b04,Careem,Transport Services,1,2025-09-29,بقالي كتير مسجل كسائق ولسه متقبلتش,Negative
e33454db-5475-4b96-9e92-6003f36bc7b1,Careem,Transport Services,5,2025-09-28,اكثر من رائع يستاهلون 7 start,Positive
f2ec528d-259e-40cb-99c7-408e4fe0e13a,Careem,Transport Services,1,2025-09-28,سئ جدا سرقه الأموال من بطاقتي بدون سبب,Negative
15730413-be01-4278-ab3e-5e25bd628e05,Careem,Transport Services,5,2025-09-28,جيده,Positive
41693d37-0970-4c5e-8ecb-aacaa8bd709a,Careem,Transport Services,5,2025-09-28,ممتاز جيد بس من اخلي كود الخصم مكاعد يخصم المبلغ ماعرف ليش,Positive
421161e7-654c-4048-a984-38f8359f80bd,Careem,Transport Services,1,2025-09-28,لو في أقل من نجمه بحط لانه الكابتن بس يوصل بتحجج مافي فراطع وياخد أكثر من المبلغ المطلوب,Negative
66c83beb-110b-4643-b527-169ac4b9a6e5,Careem,Transport Services,5,2025-09-28,تجربه رائعه مع تطبيق كريم,Positive
9c212632-f6e3-4fbe-b056-c6f44e74797a,Careem,Transport Services,5,2025-09-28,افضل تطبيق توصيل,Positive
19456333-94f8-4454-bc74-823e75d322dc,Careem,Transport Services,5,2025-09-27,تطبيق رائع سهل الاستخدام,Positive
fa58ad69-b1eb-4920-b302-b59394a93b31,Careem,Transport Services,1,2025-09-27,اسوء تطبيق نصابين تطبيق وخدمه عملاء ماشيه على مبدأ كيف نسرقك,Negative
d7c0389b-08da-4582-9451-447fc006c69c,Careem,Transport Services,1,2025-09-27,Bad application,Negative
f60c80f8-4faa-433e-9f3d-5078f7656532,Careem,Transport Services,1,2025-09-27,للاسف تم احتساب رسوم اضافيه عليا رغم انه يوجد في محفظتي مبلغ وتم اقتصاصه و تم دفع بقيه مبلغ المشوار عن طريق بطاقة الائتمان بمعنى انه تم دفع مبلغ الرحله كامل من ثم تم احتساب رسوم لا اعرف ما سببها و رفعت اكتر من 10 طلبات لخدمة المساعده للتوضيح ولم يتم الرد عليا بخصوصه و كل تذاكر الدعم متروكه مفتوحه بدون رد لا يوجد خدمة عملاء رغم انه واضح ان خدمة العملاء موجوده على مدى الأسبوع و على٢٤ ساعه هذا يعني انه لايوجد مصداقيه للاسف,Negative
6ff78211-9747-4f9f-9c96-236600e75003,Careem,Transport Services,1,2025-09-27,سيئة,Negative
8b0e748d-5d1b-4372-8360-2c20875ed59a,Careem,Transport Services,1,2025-09-27,جدا جدا نصب اغروني بعرض اليوم الوطني كمشترك جديد وانسحبت ٥ ريال واصحى الصبح القى سحب ١٤٧ ريال. قيمة درجه شراءوحيكون اخر تعامل واول تعامل الطفله لعبة فيه مو مشوار تقريبا ساعه وشوي من دون تنويه من الشركه,Negative
d7c884cb-7139-4a4b-af51-ff3e502db3fd,Careem,Transport Services,5,2025-09-27,روعه,Positive
cb87ffc6-8e55-4622-bda1-024e49dae3ed,Careem,Transport Services,1,2025-09-27,سيء جداً جداً,Negative
6fb2669e-a11b-44af-b673-27143ef99ffb,Careem,Transport Services,1,2025-09-27,سيئ جدا,Negative
609db9c6-41f3-4dc0-b3ce-4099fe7e3f74,Careem,Transport Services,1,2025-09-27,قاطع لأجل الله تعالى,Negative
a97ddcc9-2e22-4066-9b27-3cc264f63e5c,Careem,Transport Services,5,2025-09-27,تطبيق امان وتعامل راقي،,Positive
9ce9d8a6-a6d9-436d-961d-c2aa339c328c,Careem,Transport Services,1,2025-09-27,تبع أوبر .. أوبر داعم للكيان,Negative
aa9fa158-bdc0-451f-8a12-4db80ee1d152,Careem,Transport Services,5,2025-09-27,خدماتكم ممتاز الله يعطيكم العافية تستاهلون أكثر من خمس نجوم,Positive
966da25c-5915-4c62-9196-1453ae33cda8,Careem,Transport Services,5,2025-09-26,تطبيق جميل,Positive
43251f4e-633a-4d5a-903a-9d948a7fc8a4,Careem,Transport Services,1,2025-09-26,سيء جداً بذات بعد التحديث الأخير لأن لا يمكن تحديد نوع الخريطة,Negative
9cd1654e-b086-413e-8642-7b33122c937f,Careem,Transport Services,5,2025-09-26,تجربة رائعة وتعامل رائع . جهودكم مشكورة,Positive
8a8c473a-d8e8-4ddb-9094-951b338d5eff,Careem,Transport Services,5,2025-09-26,it was good,Positive
1a1e263c-46db-45fa-b90d-e78680b38bcc,Careem,Transport Services,1,2025-09-26,لقد اخذ مني السائق مبلغ المشوار ولم يسجله واصبحت عليا مديونيه واتواصلت مع الدعم ولكن بدون فائده مازالت المديونيه قائمه ولم يتواصلو مع السائق النصاب ولا عطوني حقي ...خلاص حذفت التطبيق ومع نفسهم,Negative
75fb753c-555f-4257-a544-04655519b167,Careem,Transport Services,3,2025-09-26,كسائقين تمام بس وقت الذروه ماكو سيارات كافية,Neutral
dafd1373-396d-4578-9829-d9101ce78d82,Careem,Transport Services,5,2025-09-26,رائع,Positive
7d56e51f-e816-402d-a604-339056c567bf,Careem,Transport Services,1,2025-09-26,مقاطع,Negative
47390954-d550-497c-883b-73db29c7990b,Careem,Transport Services,1,2025-09-26,ممتاز,Negative
4c8a2f45-4936-416d-9fcd-76dabe29393d,Careem,Transport Services,1,2025-09-26,تطبيق مقاطع,Negative
d2da8854-bade-4694-ac68-5fcd3ab881e8,Careem,Transport Services,1,2025-09-26,شركة تدعم الكيان الصهيوني المحتل ولا يشرفني وجوده على هاتفي,Negative
97edfce0-5536-4d5a-ac6d-29d7f98ffc11,Careem,Transport Services,1,2025-09-26,عالم صهاينة بيستسمرو مع الجيش الصهيوني,Negative
3b18519d-3430-45b1-a921-afeabe6c5e10,Careem,Transport Services,1,2025-09-26,تجارب سيئة,Negative
57653770-4b2c-4af5-90d2-6485db64c48f,Careem,Transport Services,5,2025-09-26,تطبيق ممتاز. ومفيد,Positive
e0a5b83e-4c76-43a9-8f38-a6b5203699c7,Careem,Transport Services,1,2025-09-25,ينطيني سعر و يطلب اغلى,Negative
c77ee9fb-3846-446a-b800-1371a487b428,Careem,Transport Services,1,2025-09-25,اسوأ تطبيق,Negative
7d88c45c-b3d7-4bf2-9605-df5c4b9478d5,Careem,Transport Services,1,2025-09-25,💩💩💩,Negative
08e458a5-4622-4498-99d2-78a092bcdd8e,Careem,Transport Services,1,2025-09-25,تجربه سيه جدآ جدآ جدآ تطبيق فاشل بكل ما تعني الكلمه طالب مشوار يجي يوقف في خلف المواقع المحدد و ما يجاوب ولا في رد من الشركه وفي الاخير يلغي المشوار وشركه تحملني حق المشوار ليش مش عارف تجي تحجز يقول عليك مديونيه سداد في الاول المبالغ,Negative
1ce07980-5d44-4ab7-aede-d879d0dd089e,Careem,Transport Services,5,2025-09-25,رائع من كل النواحي سائقين والسياره والاسعار,Positive
0a27f4ca-4f40-4b19-bb1a-6eeb7297a61c,Careem,Transport Services,5,2025-09-25,برنامج جيد جدا خاصه في محافظة النجف الاشرف من حيث السرعة حجز طلبات و سهولة دفع بتوفر طرق عديده ، شكرا كريم,Positive
073bb69a-b431-4307-a91c-234b32b1931d,Careem,Transport Services,1,2025-09-25,تطبيق سيء لانه لا يمت للانسانية بصلة,Negative
3084bfdc-1deb-45a9-a744-2afbc8d9d0d7,Careem,Transport Services,5,2025-09-25,تطبيق مريح جدا,Positive
74bad0a4-c16c-453d-b75b-2b07a18109b9,Careem,Transport Services,1,2025-09-25,داعم لجيش الاحتلال,Negative
387b118d-8753-4104-9611-8f4fa404ab27,Careem,Transport Services,1,2025-09-25,بعد ما كنت لا استغنى عنه ، الآن ادعو لمقاطعته لدعم الاحتلال,Negative
2383165e-c615-4d0c-8dbf-03c705e9fc2c,Careem,Transport Services,5,2025-09-25,تطبيق رائع جداً,Positive
36ac6061-6279-4244-a4f3-f6f3fc116010,Careem,Transport Services,1,2025-09-25,سئ جدا,Negative
e162f721-5d0e-485b-bb81-2fd8511f75e9,Careem,Transport Services,1,2025-09-25,الزباله,Negative
0c5837ae-874f-4306-afa9-fc493beedbda,Careem,Transport Services,1,2025-09-25,أسوأ شركة وأسوأ كباتن,Negative
4743ebde-0839-40da-a949-d7fefe63a270,Careem,Transport Services,1,2025-09-25,"The company supports genocide, supports child killers...shame on you!",Negative
589e7652-ec33-4ebc-acd8-fd387dbef9e0,Careem,Transport Services,1,2025-09-25,اسوء كباتن فى الابلكشن,Negative
ff5dc5a7-5e3b-4aa8-aec3-e638c5b6b21c,Careem,Transport Services,5,2025-09-25,ممتاز,Positive
cf3ba6f7-4116-4f11-b416-2c01b2c5f48a,Careem,Transport Services,1,2025-09-25,يستاهل صفر لو في سالب كنت حطيت,Negative
e41dbc09-9bfc-41f0-abe5-9912c28aba05,Careem,Transport Services,1,2025-09-25,bad,Negative
dedbf381-c3df-4df9-bf8e-b874aa9e83c8,Careem,Transport Services,1,2025-09-25,شركه تساعد الكيان المحتل 👎,Negative
b3f4ef6f-f7fa-4401-98ca-61f6c6f05f68,Careem,Transport Services,5,2025-09-25,افضل تطبيق بالامارات🔥,Positive
e9920b66-58ac-46ed-b69d-ecb4cefc2b81,Careem,Transport Services,1,2025-09-25,شركة سيئة,Negative
8d3b264a-722f-443d-8272-cba5e45a7865,Careem,Transport Services,5,2025-09-25,جميل,Positive
de47fab2-32b6-43f4-b456-94e8df2a0ff2,Careem,Transport Services,5,2025-09-24,ابلكيشن تحفة ولو فيه شكوى بيتصلوا يحققوا فيه على طول بجد جزاكم الله خيرا,Positive
e572fa51-d855-46e4-8bb6-525b9c013891,Careem,Transport Services,5,2025-09-24,جيد,Positive
ceb566a4-6b13-4eaa-a130-3ba110efb3ff,Careem,Transport Services,1,2025-09-24,مقاطعة,Negative
f0211c36-1890-4e37-92c4-f57a6923bca8,Careem,Transport Services,5,2025-09-24,ولا اروع,Positive
0184c5e8-b4b0-4091-8285-c658bc5dfe92,Careem,Transport Services,1,2025-09-24,سئ,Negative
58f2dd37-9edd-446e-a8c8-e1d8a1acfb90,Careem,Transport Services,1,2025-09-24,برنامج. زفت المفروض ليا تخفيض ومنزلهوس ومحتاج تعديل,Negative
fff8b624-167d-4e0c-9509-89e5c9435c95,Careem,Transport Services,1,2025-09-24,مقاطعة,Negative
e99e1003-6ac4-4613-a2f2-5ea9a8a3d6b3,Careem,Transport Services,1,2025-09-24,سيئة,Negative
b2f8bdc2-8479-4623-a91e-87662529828e,Careem,Transport Services,1,2025-09-24,ابليكشن سيئ للغاية وعشوائي ولا يتبع اقل مقاييس الامان والسلامة للراكب,Negative
4f33e076-83fe-46f7-b79a-f15fc9f37c68,Careem,Transport Services,5,2025-09-24,أنتم رائعون حقا,Positive
1af848ce-749d-4f02-b572-8fa3f702ed69,Careem,Transport Services,5,2025-09-24,جيد,Positive
ada2acea-ed28-4676-a9ca-fc947c3c7d21,Careem,Transport Services,1,2025-09-24,صهاينه,Negative
1a14151c-9aa4-453a-a67a-ccf5628a78d1,Careem,Transport Services,1,2025-09-24,very bad,Negative
b61db9ff-0f3f-4826-8caf-0068dcc6fa52,Careem,Transport Services,1,2025-09-24,تجربة سيئة,Negative
f3d62a94-6ba4-4add-aaf2-5f8865f61fd3,Careem,Transport Services,1,2025-09-24,تطبيق زبالة,Negative
80a5ddc9-0e6b-4aa2-a3de-291fe739ba9f,Careem,Transport Services,5,2025-09-24,التطبيق معلق مايرسل رسايل ولا يدق,Positive
cced0f9f-28a4-4d04-afc9-1b15c9c64c50,Careem,Transport Services,5,2025-09-24,good,Positive
681b81f9-9ca4-4843-9a85-c757a1512bd8,Careem,Transport Services,1,2025-09-24,تبع نفس شركة اوبر التي تدعم الاحتلال الصهيوني مقاطعة,Negative
c5cb60b3-b4d6-4b48-9110-20517e269885,Careem,Transport Services,1,2025-09-24,فاشل,Negative
a6ec8e4c-8e52-461b-b819-94e92240bf6f,Careem,Transport Services,1,2025-09-24,داعم للكيان الصهيوني,Negative
fad2af0a-1434-419e-b5e8-74fe84eba2a2,Careem,Transport Services,1,2025-09-24,خلوا دعمكم للص@اينه ينفعكم اسوء خدمه وتطبيق,Negative
13977dd3-7a42-4a52-ba1c-b0313ee4c4ff,Careem,Transport Services,5,2025-09-24,جيده جدا,Positive
61af6f14-df59-470b-a15c-ecdf56287169,Careem,Transport Services,5,2025-09-24,جيد جدا ممتاز,Positive
1b864a96-cc7a-4b30-b227-8df5e2342d4d,Careem,Transport Services,1,2025-09-24,ضد مساعداتكم للكيان,Negative
5504521c-bffb-4f80-b2b6-60755c782e26,Careem,Transport Services,1,2025-09-24,تدعم الsهيونيه,Negative
25deb651-f595-41e5-bb8a-5d61185eb2c9,Careem,Transport Services,1,2025-09-24,تجربة سيئة جدا من شركة داعمة لمجرمي إبادة جماعية,Negative
ab68d8c8-4633-4127-b596-cad0028da02d,Careem,Transport Services,1,2025-09-24,تم حظر حسابي بسبب عدم قدرة لبرنامج سحب فاتورة من البطاقة الائتمانية منذ عامين ..و رغم وجود رصيد ٩ دينار في محفظة كريم كان ممكن سحب الفاتورة منها تم حظر الرقم و لم استطيع التواصل مع خدمة العملاء رجاء من خدمة العملاء التواصل معي ٠٠٩٦٥٥٠٥٥٩١٨٨ الكويت,Negative
9297ee6e-0118-49b3-84d9-3edb53197133,Careem,Transport Services,1,2025-09-24,تطبيق نصاب الرحله كانت عامله 325 والكابتن قالي 565 والرساله جات من التطبيق شغل نصب كلمتهم قالو رسوم طريق,Negative
990ea8b6-f4de-43ba-8090-e9b0b06386f6,Careem,Transport Services,5,2025-09-24,جيد,Positive
f2ce8ab9-3019-4db3-bff0-a168dab3e049,Careem,Transport Services,5,2025-09-23,تطبيق اكثر من رائع من نظافة السيارة الى العناية بالزبون تقريبا سنتين وياهم تجربة رائعة,Positive
4f05326a-d418-4a6c-9998-8c28c5daed33,Careem,Transport Services,1,2025-09-23,سياء,Negative
167b0892-0601-4594-9b20-8c69b8664deb,Careem,Transport Services,1,2025-09-23,داعم للاختلال,Negative
f9b99905-381e-467b-abd3-2465b2864d67,Careem,Transport Services,5,2025-09-23,افضل تطبيق على الإطلاق,Positive
3c01e64a-5e65-439c-b5a9-319a00b1d4ea,Careem,Transport Services,1,2025-09-23,مقاطعة,Negative
4fea9816-fa27-4ab6-8e3a-10c3cc2ee25a,Careem,Transport Services,1,2025-09-22,تطبيق فاشل من بعض السائقين يقبل طلب من ثم لا يأتي يتهرب من المكان حتا يصبح بعيد من ثم تلغي الطلب حصلت كذا مره الأسعار تختلف عند الطلب وحين الوصول المكان لا بارك الله فيكم,Negative
c585dd6b-4f88-4f62-9ec4-a174915123dc,Careem,Transport Services,5,2025-09-22,ارجوا من جنابكم الكريم تزويدي بهاتف الشكاوي المباشر التابع لكم .. مع الشكر,Positive
a6370b7f-e500-43b7-833f-cbb02f53177b,Careem,Transport Services,5,2025-09-22,ممتاز جدا جدا جدا جدا جدا,Positive
056242d6-3032-4f4a-977d-b09a6d4b0301,Careem,Transport Services,5,2025-09-22,جيده جدا,Positive
ef0bb774-113d-4349-a6ff-675655678c67,Careem,Transport Services,5,2025-09-22,احسنتم تجربه راقيه,Positive
d438bead-4bf8-4110-baad-03f6076f93f6,Careem,Transport Services,1,2025-09-22,تطبيق صعب جدا ووجدت المبلغ المطلوب غير المبلغ المتفق عليه وجاء لمكان خطأ وأخذ مبلغ كبير في الانتظار على ماوجدني الكابتن من اسوء التطبيقات,Negative
aa5c7d93-6ea8-4d84-8153-337bc582e1f9,Careem,Transport Services,1,2025-09-22,عدم المصداقية و أخذ زيادة..... و فوق هذا لف و دوران,Negative
54d15b46-db39-493c-ad61-f7437dbad3b5,Careem,Transport Services,5,2025-09-22,سامر ابو محمد,Positive
38785055-8cea-4cca-89d0-d78759a2b48a,Careem,Transport Services,1,2025-09-22,٥٦,Negative
065683b5-5416-4535-ab5e-9eb496607817,Careem,Transport Services,5,2025-09-22,خدمة ممتازة الله يعطيهم العافية وسهلة التعامل وتختصر الكثير من الامور واولها توفر وقت وتجنبك العملة على الكروة والاستغلال و وممكن تدفع بالبطاقة يعني سالفة خردة ماكو انساها 😂,Positive
b4db581c-8e6f-45eb-a380-25dc84d774a1,Careem,Transport Services,5,2025-09-22,ممتازه,Positive
52c80187-547c-4648-82f8-747b55d67462,Careem,Transport Services,1,2025-09-22,فاشل وداعم للصيصان... عن طريق الشركة المالكة اوبر,Negative
f55bcdd5-010a-46f1-a8b8-0d3dddb46cb6,Careem,Transport Services,5,2025-09-22,جيده جدا,Positive
cdb97fea-a63d-4462-9b3a-d38daf71ea2b,Careem,Transport Services,1,2025-09-22,مقاااااااطعة,Negative
0aa7aba7-ca2a-4d5e-ba11-68e8c7a2bcfa,Careem,Transport Services,1,2025-09-21,التطبيق يضيف عليه ٩٠ ج انتظار والسائق مش عارف احنا فين وانا اقربتلو بالأطفال,Negative
a78e4c77-2195-40a2-8553-9d8efc1ce6a6,Careem,Transport Services,5,2025-09-21,تجربة جيدة جدا,Positive
09cbf6fe-7488-47c8-8393-1f84d3a72ac5,Careem,Transport Services,5,2025-09-21,جيد جدا,Positive
9232b381-8958-412f-abb0-0a53ce1820cf,Careem,Transport Services,1,2025-09-21,تجربه سيئة جدا للاسف وفرض زيادة على الطلب بدون اى مبرر لا انصح باستخدامه,Negative
eb641a9f-8fbd-44dc-be67-625563e16d6e,Careem,Transport Services,1,2025-09-21,لايوجد اي مساعده بسبب تأخر الطلب,Negative
edac3abf-2320-454a-b9c9-a4b4ce52c7c7,Careem,Transport Services,5,2025-09-21,👍👍👍❤️❤️❤️,Positive
602d46c9-65c1-42f0-a519-fad4ca95778c,Careem,Transport Services,5,2025-09-21,رائع,Positive
6d0b8b45-a250-4fba-bfbd-6bb33675b60e,Careem,Transport Services,1,2025-09-21,حذف التطبيق للمقاطعة,Negative
7e3c6847-7252-4743-bdb0-975d47e3330c,Careem,Transport Services,1,2025-09-21,مقاطعة,Negative
d939e797-f4f4-4ec6-ac01-b7ca33afd078,Careem,Transport Services,1,2025-09-21,تجارب سيئة جدا,Negative
07f3573e-f0a7-460a-b685-6e90ad0b6aa6,Careem,Transport Services,1,2025-09-21,ممتاز,Negative
ccd4c119-c5f4-4ffc-917b-ac276cd4da94,Careem,Transport Services,5,2025-09-21,سائق محترم,Positive
4fb21001-41c1-4650-bb6d-a280726bb133,Careem,Transport Services,1,2025-09-21,expensive,Negative
d38f1ec6-1f83-4fb7-9e89-6f71b7768457,Careem,Transport Services,5,2025-09-20,اشي بجنن •اللّه يبارك فيكو,Positive
cfbf3d19-4303-4fef-b27b-d2994d985368,Careem,Transport Services,5,2025-09-20,تطبيق رائع وأمين🙏❤️,Positive
2ef00538-e654-4569-a3b7-38e60c3be0eb,Careem,Transport Services,1,2025-09-20,من أسواء التطبيقات بالكره الارضيه,Negative
c3cffe4f-cc8a-48cd-9c35-f5572a4a42af,Careem,Transport Services,5,2025-09-20,اريدشيئ مجاني كي اجرب,Positive
84df2890-8246-4afd-88be-1d583778df96,Careem,Transport Services,5,2025-09-20,كان فوق الظن,Positive
d69079cf-6ec2-44b6-8273-4c856bc497b7,Careem,Transport Services,1,2025-09-19,جيد جدا,Negative
a32bb7fe-b5a0-4b1f-a0e5-ecb6b7dd0bd9,Careem,Transport Services,5,2025-09-19,شركه ممتازه,Positive
a85ee2a5-6c57-46b2-b3b5-8732b90af2bd,Careem,Transport Services,5,2025-09-19,تجربة ممتازة افضل من باقي البرامج وبهتمو برضاء العميل كل الشكر 💯🤍,Positive
937aefbb-ac78-40f5-ab5b-e4f753caa953,Careem,Transport Services,1,2025-09-19,نصابين وم افي آلية لضبط السائق من الغش,Negative
169ebcd6-e144-4309-bd84-e870265ca6fd,Careem,Transport Services,5,2025-09-19,اختيار موفق و مريح و موثوق و امن,Positive
0cb098dc-9f78-48f3-b5a8-0101667205d5,Careem,Transport Services,1,2025-09-19,متلبش شي وجي علي الدفع,Negative
7db54a22-14d7-452b-9d64-7ff5d75cd7ad,Careem,Transport Services,1,2025-09-19,استخدمت كود خصم ولكن تفاجأت بعد الرحلة انه انخصم كامل المبلغ وعند توتصلي معهم خبروني انهم سيودعو المبلغ المخصوف في محفظتي ولكن لم يتم إيداع اي مبلغ حتى الان,Negative
fc28ad9a-04c7-48cc-8b77-bbdb414575e1,Careem,Transport Services,1,2025-09-19,فاشل فاشل طلبت تكسي بدل ما يجي بروح مكان بعيد عملها في 3 أشخاص واحد بس وصل راح ضاف علي رصيد مستحق نصابين,Negative
b45cb84c-a07d-43a2-8c7d-a01116d6218f,Careem,Transport Services,5,2025-09-18,ممتاز,Positive
dee03d21-1272-420d-98bc-81429b4d16a3,Careem,Transport Services,5,2025-09-18,ممتاز,Positive
46dc8063-66ae-4202-9268-d143406690f0,Careem,Transport Services,1,2025-09-18,اوسخ شركه,Negative
298f700c-eec7-4e17-99c0-21662a534fa5,Careem,Transport Services,1,2025-09-18,صراحه التطبيق صاير سئ,Negative
a9e089ac-f494-44ab-ae08-710863887e51,Careem,Transport Services,1,2025-09-18,تطبيق سيء,Negative
21d76ad7-cfa3-4798-9832-640fb38383ed,Careem,Transport Services,5,2025-09-18,جيد جداً,Positive
51a3abd0-4068-4593-81ca-cb7d741b6606,Careem,Transport Services,5,2025-09-18,انه ممتاز,Positive
684f6a1f-50aa-4687-9738-45c5199ab9ff,Careem,Transport Services,5,2025-09-18,ممتاز,Positive
835505ac-668a-481b-bf63-b7e15e8ba1af,Careem,Transport Services,5,2025-09-18,حلو,Positive
a229efc3-38ed-4a7a-b151-15bedab740aa,Careem,Transport Services,1,2025-09-17,شركه سيئه,Negative
8dabd889-561e-4e29-8705-6b262a8708c1,Careem,Transport Services,5,2025-09-17,ممتاز,Positive
69a13281-019a-4505-84b6-f5e01be430f1,Careem,Transport Services,5,2025-09-17,ممتازة,Positive
66de6b53-563d-4602-8d8a-df27b8aa5126,Careem,Transport Services,5,2025-09-17,برنامج ممتاز,Positive
ffba9463-40e4-4c27-9b7b-7a40bea04c3d,Careem,Transport Services,5,2025-09-17,ممتاز,Positive
9dfb15ac-c03e-4864-804d-604e0a27cbb8,Careem,Transport Services,5,2025-09-17,تم,Positive
cbcc2066-a8af-4318-a81e-e47c2f9dc13d,Careem,Transport Services,1,2025-09-17,تجربه سيئه جدا متمناش حد يستخدمه,Negative
f819a6dd-ff72-43d5-b3f9-de87e1cd4503,Careem,Transport Services,5,2025-09-17,رائعة,Positive
e9928994-c60a-4fe1-b9e5-e9577a087911,Careem,Transport Services,5,2025-09-17,مصداقيه وبدون تأخير عاشت ايدكم على هاد المشروع,Positive
dfe83e7c-f992-4cec-80b4-1190fd03ed53,Careem,Transport Services,4,2025-09-17,جيد,Positive
db166b53-efdd-4c0d-a0b9-5e6495a2e928,Careem,Transport Services,1,2025-09-17,سيء جدا طلبت مشوار والكابتن الغى الرحله وخلاني بالشارع استناه والي يقهر كمان ببغوني ادفع قيمه الرحله ومافي خدمة عملاء اتصال الرسايل يقولك معاه حق الكابتن يبغو فلوس وبس مافي مصداقيه ابدا,Negative
12109fcb-5144-4578-9d51-fa79ccd3bb79,Careem,Transport Services,1,2025-09-17,تطبيق سيء جدا ، اذا بطلب سيارة يقول تعذر ، تكررت المشكلة,Negative
c2c982a0-cce8-4a81-880f-e328167cc3cc,Careem,Transport Services,5,2025-09-17,اامن برنامج و انصح الكل بالتسجيل و الاشتراك,Positive
0f31c256-2dcf-475a-9913-6f245a535d39,Careem,Transport Services,5,2025-09-17,افضل تطبيق مشاوير في السعودية 👍,Positive
2a58782c-978d-4606-a077-c23f350539a5,Careem,Transport Services,5,2025-09-17,♥️♥️,Positive
631c2c18-c2f3-4f36-87cb-80e3aeead233,Careem,Transport Services,5,2025-09-16,رائع ومميز,Positive
aa115e6d-0984-4e6b-b3c5-38177ce1c5ce,Careem,Transport Services,5,2025-09-16,فول خدمات,Positive
5c79e77f-8559-46a2-805b-7afbdcb4a6ef,Careem,Transport Services,3,2025-09-16,جيد ولكن يوجد بعض السائقين يأخذون أجرة فوق المبلغ الموضوع ، أرجو الصارمة على معاقبتهم,Neutral
332e7fe6-96e3-468d-a761-3096cc32f712,Careem,Transport Services,5,2025-09-16,عاشت ايديكم ناس محترمين وثقة,Positive
a64f11a6-9800-4350-aa9c-c1d74a621aab,Careem,Transport Services,1,2025-09-16,سئ جدا للاسف,Negative
ea844593-d0a8-4763-8e12-2514178b2488,Careem,Transport Services,5,2025-09-16,احلى عالم,Positive
0560fb84-dfb4-41a1-b1c0-61f871946e72,Careem,Transport Services,1,2025-09-16,الكابتن ميوصل لمكان الزبون المحدد على GBS!!!,Negative
4822ef2a-22ca-4dd3-963f-cc11ded503e7,Careem,Transport Services,5,2025-09-16,رائع جدا,Positive
43c677ee-8493-4fa3-93ec-1e4f7597fcaa,Careem,Transport Services,5,2025-09-16,جيد جدا,Positive
451f4452-6de1-4f61-b845-858bb4fb4f92,Careem,Transport Services,5,2025-09-16,تطبيق سريع وتعاملهم جدأ حلو,Positive
9ced93de-1a31-474c-8c8a-75baaec7452c,Careem,Transport Services,5,2025-09-16,👍👍,Positive
81c861ff-645d-4754-be30-133e8bf06ec8,Careem,Transport Services,5,2025-09-15,جميل جدا,Positive
6ff7be9e-98f2-4746-8c8e-e818e46710f6,Careem,Transport Services,1,2025-09-15,تطبيق نصاب .. حسبي الله ونعم الوكيل,Negative
caf97c63-f884-4227-bf77-2f7195d4baf8,Careem,Transport Services,1,2025-09-15,An application that does not care about transparency and the delivery prices are exaggerated. They're money thieves. And from bad to worse.,Negative
208c1721-9f88-4b2c-85f6-76ef558458e9,Careem,Transport Services,1,2025-09-15,تطبيق سيء جدا و لا يسمح بازاله الاشتراك ابدا و يقوم بسحب النقود غصبا عنك,Negative
c1681fa9-f5e7-4719-b5f2-5867cb18bb4f,Careem,Transport Services,5,2025-09-15,⭐️⭐️⭐️⭐️⭐️ ممتاز,Positive
056d2ac2-24f6-4577-8f9c-f09e87dbbfee,Careem,Transport Services,5,2025-09-15,تطبيق أمن ومريح .والخدمه ممتازه,Positive
b96b7322-a2e2-4dea-bbd9-43eb6a839e75,Careem,Transport Services,1,2025-09-15,البرنامج بقى سئ بفضل بالساعه على ماكابتن يبقبل مشوار,Negative
bc837ca1-2c65-4a0c-9f0f-4f56ebb6d826,Careem,Transport Services,1,2025-09-15,سي جدا,Negative
3047e938-8ee9-4d2e-b2d3-edfd628c6c55,Careem,Transport Services,5,2025-09-15,ممتاز,Positive
9182ea92-b2bd-4c6d-8e10-45b0e8bab7bb,Careem,Transport Services,3,2025-09-15,ممتازة,Neutral
5e57da4f-048c-4884-b7a3-13637c8e1a92,Careem,Transport Services,5,2025-09-15,ممتازه,Positive
24f62afd-f524-4e99-8f81-42ae4507c43d,Careem,Transport Services,1,2025-09-15,لا يوجد بالتطبيق امكانية التواصل مع خدمة العملاء من خلال ايميل او تلفون,Negative
2f7bda59-5366-484e-a084-47804fbf661b,Careem,Transport Services,5,2025-09-15,تطبيق ممتاز ولاسعار مناسبة ولخدمة ممتازة,Positive
54bf3b49-7c78-4827-bcd1-97e661b3b5a3,Careem,Transport Services,5,2025-09-15,ممتازة,Positive
eb0c9baf-7de4-4ec7-8aa0-4b7c7dce8ab3,Careem,Transport Services,5,2025-09-15,روعه اول مره اجرب بس يحتاج بعض خصومات عله كثرت الاستخدام,Positive
231280f3-64e3-4f31-a5c6-44eaf31fc4a0,Careem,Transport Services,1,2025-09-15,التعامل افضل يكون بالكاش لان تثبيت البطاقة بالتطبيق غير مأمون. يتم سحب المبالغ منك حتى في حال الغاء الرحلة ولا تستطيع استرجاعها.,Negative
7a8c1261-92a9-45bb-bf16-60d7d7547e68,Careem,Transport Services,5,2025-09-15,هل يوجد سيارات 7 راكب لأنه لدي عائلة كبيرة,Positive
e2ac5dc1-7cc3-489a-890c-479b2867d17c,Careem,Transport Services,1,2025-09-14,جيد,Negative
20dc1e17-1dba-4a3c-90a8-75ab73f33abe,Careem,Transport Services,1,2025-09-14,اودعت بالمحفظه ٥٠ ريال و بعد فترة صار ٠ تواصلت مع الشركه فقالوا لي انتهت صلاحيته حسيت اني مودع مواد غذائيه,Negative
7324128a-5a3c-44dd-b51e-6094612fd6c9,Careem,Transport Services,1,2025-09-14,افشل تطبيق فى الإسكندرية سواقين حراميه يا جماعه انا حص معايا الاتى دفعت لأسواق 100 وفوجئت بأنه دخل 15 جنيها ولقيت بأن الابليكيشن سحب من محفظتى 31 كمان وطلب منى بدفع الرحله تانى كلمت خدمه العملاء فابلغونى بأنه للاسف لا يتم استرداد المبلغ يعنى السواق حرامى خدمه العملاء فشله ياجماعه كل سواقين كريم حاليا حراميه لان الشركه مش لاقيه سواقين محترمين تحذير للجميع اقسم بالله انا تعرضت لأكثر من مره سرقه من سواقين كريم ولم يتم حل اى مشكله يا جماعه فى شركات أخرى محترمه جدا لا استخدموا كريم,Negative
cda1326b-13e1-45f1-848a-5140f77d4b69,Careem,Transport Services,2,2025-09-14,تم رفع التكلفه... ولا استطيع تقييم الكابتن.. ولا استطيع رؤية اخر الطلبات,Negative
8829ff0a-1fe1-48ff-9b03-dad137000842,Careem,Transport Services,5,2025-09-14,جدا ممتاز ..,Positive
94ece0e2-4fd3-4d3a-8fa2-3914201e8d22,Careem,Transport Services,1,2025-09-14,غالي جدا وأسعار خياليه لو اخذ تكسي من الشارع هم ارخص منكم اروح المنطقه حي بغداد ورى الملعب ١٤ الف ليش وين رايحه للبصره,Negative
75a4b020-d511-4fd2-a4a2-79ce2a6f621f,Careem,Transport Services,5,2025-09-14,تطبيق رائع واسعاره رخيصه جدا شكرا كريم انصح الجميع باستخدامه,Positive
2ca11798-5b4a-47df-a0d4-68b79e1ba0ea,Careem,Transport Services,5,2025-09-14,معي قبل ما اعرف معلومات عامه اخبار عن الفريق,Positive
dfc266cc-6f1a-4f7a-bbbd-052838eb7fd7,Careem,Transport Services,5,2025-09-14,ممتازة,Positive
d1d21299-0e1f-4686-929f-a0bd5e41a978,Careem,Transport Services,4,2025-09-14,لماذا لا توجد أسعار الرحلات الداخلية,Positive
fd41fdeb-8a2d-4fff-bb5b-b5a98c91250d,Careem,Transport Services,1,2025-09-14,سيئة,Negative
e654490a-c7f7-4243-9d11-11aaa99da977,Careem,Transport Services,5,2025-09-14,شركة تكسي كريم أمان وتعامل جيد,Positive
66017e1b-8f44-45c0-80ff-bca04d55abec,Careem,Transport Services,5,2025-09-14,جميل,Positive
8f58b123-0719-4e2e-a919-56a656787c47,Careem,Transport Services,1,2025-09-14,زفت زفت مش بيجوا ولو جم مش نفس اللوكيشن,Negative
386bdd97-e102-4047-86a4-3c956bbeb7c8,Careem,Transport Services,1,2025-09-13,في الرحلات السابقة كان جيدا ولكن الآن طلب مني تسديد قيمة خطأ سببه السائق ولست انا فالسوق هو من ألغى ال،حلة ولست انا ولم استطيع مراسلتهم,Negative
b26e489d-2a6c-40b8-a064-8f5909a181ce,Careem,Transport Services,1,2025-09-13,تطبيق غير مطابق لتسعيرة الواقعية,Negative
83bd5a8d-2f8a-43ac-91d1-31d264fc282e,Careem,Transport Services,5,2025-09-13,جيدة جدا مع الخصم,Positive
b83cf570-1dfe-4a1b-bace-c2330186dc83,Careem,Transport Services,5,2025-09-13,احسن تجربه وأمن الي,Positive
f6bd0f5d-ee9a-4795-8142-55d2ea737b05,Careem,Transport Services,5,2025-09-13,مممتاز,Positive
fa2fa2be-3285-489b-874b-0e592d1306e9,Careem,Transport Services,1,2025-09-12,حتى نجمة ماتستاهلونها,Negative
83052277-79d3-4b61-be02-3f716e22e5f0,Careem,Transport Services,1,2025-09-12,مايشتغل مغي ماقدر اطلب كابتن,Negative
0ed2b346-1101-4f23-8eea-d6bd26a1be17,Careem,Transport Services,1,2025-09-12,so bad service,Negative
9bcff462-dfd7-4450-ae0d-a252e19ae873,Careem,Transport Services,5,2025-09-12,جيد,Positive
d3571548-df30-498c-bf01-cb8192cdadd7,Careem,Transport Services,2,2025-09-12,مايدعم بعض الأماكن في المدينة,Negative
01d66aa0-e902-4fd2-8b76-6299c09dbd30,Careem,Transport Services,5,2025-09-12,Best app,Positive
579ffe36-c807-4d31-b749-0d604e240d7b,Careem,Transport Services,5,2025-09-12,good,Positive
ddf1624e-8eb8-4f8b-a0c3-77eaa13bc2db,Careem,Transport Services,5,2025-09-12,تجربه ممتازه,Positive
89768c3f-f19b-4dc4-b628-671e163a1933,Careem,Transport Services,4,2025-09-12,لي فتره اطلب منه والحين رافض يقول مايقدر يغطي منطقتي ليه,Positive
7ef2858e-40a6-4e95-9c62-28b33da20e9f,Careem,Transport Services,5,2025-09-12,ممتاز,Positive
b24d738b-ea30-4f79-a5ff-5886955bd95f,Careem,Transport Services,5,2025-09-11,ممتاز,Positive
b24b490a-0711-4fbf-855c-c112c0790f16,Careem,Transport Services,5,2025-09-11,ممتاز,Positive
88878698-a88d-4917-b306-f5761d38ebcd,Careem,Transport Services,1,2025-09-11,أسوء خدمة عملاء شفتها في حياتي,Negative
ed6c4515-69fb-4842-ad73-2a5ad720eaa3,Careem,Transport Services,3,2025-09-11,أصبح التطبيق سيئ لايتعرف على المواقع بالكتابة ولابد تحدد على الخريطة وهذا صعب و يستغرق وقت برغم تحديث التطبيق . كذلك يصعب الحصول على المحفظة وإذا أردت دفع مبلغ زائد عن سعر الرحلة يصعب ايجاد المبلغ الفائض بالمحفظة. وكذلك لوتريد تأجيل الحساب لرحلة قادمة وتدفع مؤخرا لايقبل. التطبيق أصبح صعب. وصعب الوصول لخدمة العملاء. صرت استخدم تطبيقات أخرى رغم أنها أكثر سعرا إلى أن يتم حل هذه المشكلة.,Neutral
d6de403f-9e53-4ebc-97b8-9efee87d7bf5,Careem,Transport Services,5,2025-09-11,nice,Positive
f26d568d-8802-4b15-ba6c-55f8da18a6f8,Careem,Transport Services,1,2025-09-11,تطبيق سرقه علني مشوار تكلفه 85 بعد ما اوصل ادفع 143 من سيء الي أسوأ,Negative
47e4f074-7ef0-41a1-869b-943309bfc033,Careem,Transport Services,5,2025-09-11,تطبيق ممتاز,Positive
3dcd4a1d-32cc-4d13-965f-e9a6b7935210,Careem,Transport Services,1,2025-09-11,يتم إبتزاز المستخدم بطريقة مفاجئة والضغط عليه إما دفع مبلغ مالي وإلا لن يستطيع طلب رحله، والدفع عن طريق الفيزا كارد وليس الكاش، فهذا إبتزاز صريح!! وهذا تغاضياً عن فكرة أن تفاجئ بمبلغ مالي مفروض عليك رغماً عن دفعك لكامل أموال الرحله وذلك فقط لأن الكابتن أراد ان يتحايل او شيء من هذا القبيل،، يجب تغيير سياسة الشركه. التطبيق من الأفضل إلى الأسوء,Negative
02932fcb-17b4-4095-b5ce-509320ad7737,Careem,Transport Services,5,2025-09-11,great,Positive
a738f4e2-02fe-42ac-a251-05ccf85408ce,Careem,Transport Services,5,2025-09-11,تطبيق رائع,Positive
0197bd7e-bef9-42e7-bd65-18da4baf3f38,Careem,Transport Services,5,2025-09-11,تطبيق رائع ومريح,Positive
c71ac067-ce08-4b79-a614-af613ac20805,Careem,Transport Services,5,2025-09-11,جيد,Positive
39f0b569-8bf2-47d7-a6d6-859f0c2c19ec,Careem,Transport Services,5,2025-09-10,جميل جدا وسريع,Positive
48abbbe9-67d7-4e47-ab35-f8e93c2db7bf,Careem,Transport Services,1,2025-09-10,تجربتي الأولى مع كريم سيئة جدا تأخير 5 ساعات لتوصيل الطلبية ...والدريفر يتصرف بطريقة غير لائقة ..وتاخروا بترجيع المبلغ بعد 3 اتصالات وتقديم شكوى لخدمة العملاء....,Negative
51bc07a4-aa38-4460-9a33-6021f4216c62,Careem,Transport Services,1,2025-09-10,تم طلب اليوم مشوار وظهر السعر ٢٠ ريال . وسلك الكابتن طريقا أخر غير المعتاد . فقام بتأخيري وتم دفع ٣٦ ريال في نهاية الرحلة .,Negative
42321c2c-dc18-48c5-8baf-d2c92da17ecf,Careem,Transport Services,5,2025-09-10,جيد,Positive
dfda4c57-bc8f-45d1-9bf0-c4646b4c644d,Careem,Transport Services,5,2025-09-10,جميل,Positive
e9654582-b97a-435e-bf4e-7173b781140a,Careem,Transport Services,3,2025-09-10,ح٠٩حد٩د د٩٩,Neutral
2e2df522-93d0-4811-9920-e2f209567914,Careem,Transport Services,5,2025-09-10,٠٠,Positive
7f82f4d4-2d23-4058-9f2f-0ed9f8487cb3,Careem,Transport Services,5,2025-09-10,ممتاز,Positive
4f32d81a-d7e1-4526-b14a-222fd69eda91,Careem,Transport Services,5,2025-09-10,تجربة ممتازة,Positive
49a236f8-8fe2-4b12-a048-eebd3d1e285e,Careem,Transport Services,1,2025-09-09,سيء جدا والكابتن سيء ايضا والمبلغ يتضاعف.. اسوأ تطبيق... لا يستحق نصف نجمه سرقوا مني فلوسي بالمحفظه وعملولي بلوك... لا انصح بهم,Negative
d3e2b85f-91d4-4a6f-baac-f18c5158ec4d,Careem,Transport Services,1,2025-09-09,سيء جدا واخذوا رصيد المحفظه وعملولنا بلوك.... اسوأ تطبيق عالاطلاق,Negative
e2e0c859-ac29-4693-9498-af69c8b5aebf,Careem,Transport Services,1,2025-09-09,لا يستحق حتى نجمه بسبب تعامل السائق السيء والتطاول بالصوت العالي على بناتي فقط لأن انسكب قليل من الماء على السيارة وقال (حتإطعوا رزقي ) وعند الاتصال به قام بسد الخط علما بأنه قام بتشغيل أغاني من دون استئذان .. أرجوا اختيار سائقين ذو كفاءه ولبقين بالتعامل مع الزبائن.,Negative
cd4008ec-bc87-4adf-8513-aafac5a10e57,Careem,Transport Services,5,2025-09-09,ممتاز و رخيص,Positive
df6e52a2-c2a1-411c-a639-7b9d7e2862e1,Careem,Transport Services,1,2025-09-09,التطبيق سيء جدا حتى الان لا استطيع طلب سيارة,Negative
f9a44b90-fea1-4ebb-b239-01038e22f39f,Careem,Transport Services,1,2025-09-09,تطبيق سيئ جدا حولت حواله الي مصر و بقالها 3 ايام و ما وصلت لحد دلوقتي و بكلم خدمه العملاء كل يوم بيقولولي استنا 24 ساعه,Negative
0cec3165-a2a8-43aa-a7d9-c36d74ab6d1d,Careem,Transport Services,1,2025-09-09,كوس,Negative
32b80bbb-2ac1-4076-a1f6-e32018123812,Careem,Transport Services,5,2025-09-09,. السلام,Positive
09e37293-7917-46f8-9704-e4c9d127a57e,Careem,Transport Services,4,2025-09-09,جيد,Positive
25b2dc9f-5da7-471f-b52e-9185ae21bfdf,Careem,Transport Services,5,2025-09-09,⭐️⭐️⭐️⭐️⭐️⭐️⭐️⭐️⭐️⭐️,Positive
68e9cbbd-e093-43a0-af63-5903ae85f3da,Careem,Transport Services,5,2025-09-09,خدمه ممتازه جدا جدا جدا,Positive
18e4c70f-8cf1-4d00-81eb-5ccf26f69b56,Careem,Transport Services,1,2025-09-09,الصراحه اسوء تتبيق اجه الصراحه من وكت بس عصبي و بس يصرخ و ساعه والله يلا وصلنه طلعنه من الساعه 9:3 وصلنه 10:13 و يمشي سرعه 20 ونكله بسرعه يصرخ و كل هاذا اخذ 17 الف كلش غالين بلي احسن,Negative
73497ca7-84f2-4ecb-a8e5-312cc717ff91,Careem,Transport Services,5,2025-09-09,good,Positive
ed4a0bf4-1242-483a-871d-4bf89433f067,Careem,Transport Services,2,2025-09-09,التطبيق جيد اتعامل معه من سنه تقريبا لكن الفترة الحالية سيئ الدفع كان عن طريق الرصيد وسحب المبلغ ثم انصدم انه باقي للقائد ٩ هلالات من وين اجيب ٩ هلالات ولماذا طلبت كاش ولم توخذ من الرصيد علما ان هناك رصيد متوفر اطررت ادفع مبلغ ضعف الهلالات بكثير عشان ما عندي صرف,Negative
8433f4de-478e-4788-84ef-51a84a9ec546,Careem,Transport Services,5,2025-09-09,جيد جدا,Positive
031c0847-3e06-4799-af0b-1e4169082120,Careem,Transport Services,5,2025-09-09,تطبيق رائع وفيه كامل انواع الراحة,Positive
dd526cd7-d2ec-40cb-8c2c-bbdf1a26b510,Careem,Transport Services,1,2025-09-09,تطبيق سيء اضيف وجهة ومن ادز يغير مكان الوجهة ومن لغيت اخذوا 4000 دينار,Negative
2dabe2f0-bf35-4d23-b009-569f7d1d9097,Careem,Transport Services,1,2025-09-09,سيئه للغايه التعامل مع التطبيق صعب جدا .عند كتابة العنوان لا يمكن إعطاء المكان المراد الذهاب إليه .وايضا المشكله اضهار اسماء المناطق باللغه الانجليزيه وانا اكتب باللغه العربيه .غير واضح .المشكله أيضا ضهور اعلانات وهذا شيئ سيئ للغايه,Negative
da2d498b-ed7e-4ad5-9cf4-059ef91879c4,Careem,Transport Services,5,2025-09-09,ممتاز,Positive
4f62ce44-cfc8-48ce-970f-7b434d0bdc59,Careem,Transport Services,5,2025-09-08,فاشل جدا لحد يستخدمه وليس لهم كلام ومصداقيه للامانه,Positive
d6061e01-a7fb-4acf-8781-7a653c6e1f54,Careem,Transport Services,5,2025-09-08,جيد جداً لاكن بعض المسارات غير دقيقه,Positive
9d367302-0473-4156-8ebd-2e268ba1865d,Careem,Transport Services,1,2025-09-08,للأمانه كنت مقيم ٥ نجوم تغير التقييم بسبب الظلم انا طلبت تكسي وبي وصل الموقع ما كان معي نت بس كان معي رصيد والسائق ما استنا ٥ دقايق وحط علي غرامه تواصلت مع الدعم الفني ولكن لا فائده,Negative
16106da6-481a-4d38-bf1d-c9bdbd27df2e,Careem,Transport Services,5,2025-09-08,جيدة باستثناء بعض الكباتن غير مهنيين,Positive
ced34fa0-23a6-48d5-bf9b-e37b24d9d978,Careem,Transport Services,1,2025-09-08,لا انصح ابدا به ، اخر ٤٨ ساعه ركبت عدت رحلات والتجربة سيئة للغاية ،، السائق بتواصل معي بسال لوين الوجهة وكيف الحساب كاش ولا فيزا والاخر بتواصل معي بسأل اذا انا ( العميل ) بزبط امشي على كيفه واخر شي صار معي السائق مشى على كيفه واخذ دينار و ٢٠ قرش و موظف خدمة العملاء بصرخ بوجهي وبعصب علي 🤬🤬🤬🤬 تطبيق بخزي,Negative
8ff5ae4f-48a9-4d45-b026-a1627feeada3,Careem,Transport Services,2,2025-09-08,اصبح التطبيق سيء جدا واسعاره مرتفعة بعد انظمامه مع اوبر,Negative
2ca6734f-ef74-41b6-8d6b-c41899e4146a,Careem,Transport Services,1,2025-09-08,حاولت التواصل اكتر من مرة محدش بيرد و روحت كذا مقر ليهم في القاهرة كلهم مغلقين مش عارفه المفروض اتواصل مع ادارة الشركة ازاي,Negative
ad1154be-e91a-4972-8b64-45c5c5486341,Careem,Transport Services,1,2025-09-08,كان يعجبني للاسف أسبوع واكثر مالوا مشكلتي,Negative
fccef12c-7675-4a41-8770-e9960ee12b8c,Careem,Transport Services,5,2025-09-08,سياره حديثه ومريحه واسعار مناسبه,Positive
fbb396da-3adf-4bf4-89e8-41e20de1a33e,Careem,Transport Services,5,2025-09-08,good,Positive
aa08cf8e-6e9a-4340-b54d-d29b3a7006d7,Careem,Transport Services,2,2025-09-08,بداية التطبيق كانت جدا مشجعة و كان السائقون يتمتعون بمهنية عالية لكن اليوم اصبح كثيرا منهم فاقدين لهذه المهنية و يتسببون بمشاكل كثيرة و متعددة يرجى التأكيد على مواضع المهنية و الاسلوب و كذلك الشرح المفصل لهم عن كيفية عمل التطبيق و الفرق بين الفئات في التطبيق حفاظا على سمعة هذا التطبيق,Negative
5d62035e-ebc8-48fc-9d7c-0d2a0500c7a7,Careem,Transport Services,1,2025-09-08,سيئه,Negative
f4133e04-a40b-44b5-b1c0-4462c979d4b4,Careem,Transport Services,1,2025-09-08,تطبيق فاشل,Negative
e9bc5b51-0209-4fc9-88cd-49256811b4e8,Careem,Transport Services,5,2025-09-07,خدمات ممتازة,Positive
b5d33ff7-0647-498d-8e29-8bd083b5ba5e,Careem,Transport Services,5,2025-09-07,رائع,Positive
fc8c9d6d-4e8e-42ad-abf4-28dc794dea52,Careem,Transport Services,1,2025-09-07,ما يوصلون لحي النيل حاولت اكثر من مره ما صار,Negative
8db9e1e7-10bd-4ed6-b532-08e36fdc7a00,Careem,Transport Services,5,2025-09-07,جيد جدا وداىما في خدمه الجميع,Positive
37d7e06c-3412-4dd6-893a-c7a28e01dcb7,Careem,Transport Services,4,2025-09-07,مميز,Positive
65e4c197-b53e-4539-8526-2702657a04ab,Careem,Transport Services,5,2025-09-07,تطبيق ممتاز,Positive
1995f7d4-dea0-4a19-8577-5b281e37ba89,Careem,Transport Services,5,2025-09-07,ممتاز,Positive
2e35be7b-4201-49de-a2ea-3ec8df1d935f,Careem,Transport Services,1,2025-09-07,تطبيق سيء جدا لا انصح باستخدامه تجربتي معهم جدا سيئة تم الغاء الرحلة من قبل السائق بعد انتظار طويل ولم يتم استرداد المبلغ المقتطع من حسابي وحتى خدمة العملاء مافادتني بشي,Negative
e1efbf15-2fb2-4ecd-b888-c37f2a6fe07e,Careem,Transport Services,1,2025-09-07,الكابتن اخطأ بالعنوان وعندما الغيت الرحلة استقطع مني مبلغ قدومه ماذنبي ان كان هولايعرف كيف يصل الى نقطة الطلب ارجع لتطبيق بلي احسن,Negative
725dfe0b-bc7e-450e-b9a9-88258f70b68d,Careem,Transport Services,5,2025-09-07,ممتاز,Positive
c919c9ae-0f42-47de-b3a6-f8395c112568,Careem,Transport Services,5,2025-09-07,من أفضل التطبيقات 👌🤍,Positive
f16e647f-171e-498c-bbac-53cb4f61ae1f,Careem,Transport Services,5,2025-09-07,جيده جدا,Positive
f40cd04a-9234-438d-bf20-e55344cdd1a6,Careem,Transport Services,5,2025-09-07,ممتاز,Positive
bcf16fcd-520e-4c9a-83a0-06d10cb78361,Careem,Transport Services,5,2025-09-07,ممتاز,Positive
a9b771fb-cc68-4e7e-8af2-268f3c6d75ae,Careem,Transport Services,1,2025-09-07,افشل ادارة للأسف الشديد,Negative
f53de817-ee12-434f-8781-56a1bbc6ebb8,Careem,Transport Services,2,2025-09-07,مرحبا اريد.من مركز المساعدة استرجاع نقود تم خصمها من بطاقتي البنكيه رغم الغاء طلبي فورا لتجربه خاطئه ولم استلم طلبي لكن تم خصم نقود من بطاقتي ارجو استرجاع نقودي ولقد ارسلت رساله من قبل,Negative
af84fedd-4094-4cad-93d2-cebd3f23e375,Careem,Transport Services,5,2025-09-07,رائع جدا ومريح في كل الأوقات,Positive
d2bd0191-03f3-4a33-aaad-3c331788472c,Careem,Transport Services,5,2025-09-06,ممتاز وروعه,Positive
7328ba24-1d83-4cd2-bc96-515c2b03f943,Careem,Transport Services,5,2025-09-06,امان,Positive
f431e85b-1f7c-4582-9a4a-d8ddf3d4a19f,Careem,Transport Services,5,2025-09-06,رائع,Positive
887efd25-f4ce-4e7f-94a7-c964ad0b7e2e,Careem,Transport Services,5,2025-09-06,رائعة,Positive
38181fcf-7613-42a2-8f58-eff565e91b84,Careem,Transport Services,5,2025-09-06,من أروع وأرقى وافخم معاملة شكرا جزيلا لكم,Positive
5861b43a-dfce-41e7-9dcc-d7bb3877ef04,Careem,Transport Services,1,2025-09-06,نصابين,Negative
a17f8d14-dda1-4fa3-9da1-9882ae2c5cfd,Careem,Transport Services,3,2025-09-05,اولا الاجره تم رفعها ومبالق فيها البدايه كانت 90جنيه عند الانتهاء 118.50 لما تكلمت مع الكابتن قال اشتكي,Neutral
919811c9-dd77-4a0b-9b7f-be7e905b9493,Careem,Transport Services,5,2025-09-05,ليه كل ما اطلب عربيه(رحله) يقول حدث البرنامج وهو محدث جديد,Positive
bfe76e35-807b-44cd-abc9-a78a493fc5aa,Careem,Transport Services,1,2025-09-05,جدا سيء يعني من نجف لبغداد حاجزين من وقت استغرقنه خمس ساعات متتاليه نحجز على توالي ويجون كباتن جدا سيئين لو يهددنه ماعدكم غيري ويريد ضعف المبلغ وميوصل لباب البيت لو يتيه العنوان وعباله داخل نجف لو واحد اثول ماعرف ششارب والحجز يستغرق ساعه ونص اقيمه 0/10 لحد ينزله,Negative
1c48e313-b3fd-4174-904b-74c9425becce,Careem,Transport Services,4,2025-09-05,جيد حاليا,Positive
34ee5354-66a9-4109-85ca-6b493d5d529f,Careem,Transport Services,1,2025-09-05,تطبيق مهزله من تطلب يطلعلك سعر و توصل للمطان يطلب ضعف السعر,Negative
fc1f3eef-3de3-4754-a7d7-a1641e7be09e,Careem,Transport Services,2,2025-09-05,ممتاز ولكن اللغة العربية غير مفعله بكامل التطبيق لهذا اعطيه نجمتين فقط,Negative
3df10ed5-3514-4fe4-849b-2927ec219033,Careem,Transport Services,5,2025-09-05,جيد جدا,Positive
a3fc8eee-4870-4ecb-8c7c-9bc9b4248123,Careem,Transport Services,5,2025-09-05,ممتاز جدا انصح الجميع بالتعامل مع هذا الموقع,Positive
8e7e00e1-9a05-470c-93a3-0b2d1e4b2d58,Careem,Transport Services,1,2025-09-05,تجربتي سيئة معه اعطوني خصم 50% على الطعام لمدة شهرين لكن بالواقع اعطوني خصم على بعض المطاعم لمرة واحدة لو كان هناك تقييم اقل عن نجمة لاعطيته,Negative
f269bede-9fe1-4706-a308-958469a0b033,Careem,Transport Services,5,2025-09-05,تطبيق جيد وآمن شكراً للقائمين ع التطبيق 🙏🏻,Positive
5e890025-20a2-419a-85ae-8772e12a04bd,Careem,Transport Services,5,2025-09-05,ممتازة,Positive
6f8dc46f-ba43-4cf0-b119-8182024e84e4,Careem,Transport Services,5,2025-09-05,ممتازين جدا والسواقين محترمين جدااا واسعارهم كويسه للامانة رائعين,Positive
c2fdac5d-bcdf-425b-90e5-9745025e89f1,Careem,Transport Services,5,2025-09-05,عالمي,Positive
46de5fc2-2a63-4f88-9a2e-95f153547c25,Careem,Transport Services,5,2025-09-05,تطبيق راااائع,Positive
7e435f0a-1765-4419-a4ab-a3f15c823b44,Careem,Transport Services,1,2025-09-04,قفاصه تطبيق بلي افظل بمليون مره,Negative
3b711e88-1ae4-490c-bf59-12590cb2549c,Careem,Transport Services,4,2025-09-04,شي واحد مو حلو الكروه تزيد من توصل للمكان كلش موحلو,Positive
4981bff5-e442-4b1c-a6df-9a0f3e1c9ff0,Careem,Transport Services,1,2025-09-04,محدش يستخدم الابلكيشن ده بينصبوا علي العملاء وياخدو فلوسهم,Negative
87bdad33-e7eb-4854-9967-a79d36b26280,Careem,Transport Services,1,2025-09-04,تجرة سيئة جدا. لا أنصح باستخدامه من عدة أيام أحاول إلغاء الاشتراك وهم لايستجيبوا مع أن الاشتراك تم بخداع من قبلهم وهم يماطلون حتى يتم خصم قسط آخر أعتقد أن الحل الوحيد هو التواصل مع حماية المستهلك لإيقاف عملية النصب التي أتعرض لها من تطبيق كريم,Negative
74768280-6e0b-4fd2-81c5-ba17476b1392,Careem,Transport Services,1,2025-09-04,فاشل,Negative
eb097b44-5b34-4077-89d0-42bf8e82549f,Careem,Transport Services,1,2025-09-04,تطبيق سيء جدا جدا من اسوء تطبيقات التوصيل بطيء في الحصول على السائق وكثيرا السائقين يلغون الرحلات مرة مو كويس سيء جدا جدا جدا جدا جدا جدا جدا جدا جدا,Negative
aa5cde83-120a-46af-b63c-b517ddab174a,Careem,Transport Services,1,2025-09-04,"I can't believe that you deducted an amount directly from my card without even asking me or taking any authorization. It was very bad and disappointing, and I will never use your app anymore.",Negative
7d6beb0d-bcd1-4b0b-bb42-c4c3aa6aeb01,Careem,Transport Services,1,2025-09-04,تطبيق نصاب خصم الفلوس لم يتم استلامها,Negative
15bc0ed1-0843-4750-b31a-eeeefa926e5d,Careem,Transport Services,1,2025-09-04,الكباتن يتأخرون ومرات كثيرة دفعت اكثر من قيمة المشوار اللي ظهرتلي بالتطبيق,Negative
9f71c111-93df-42f8-aacc-79e1e9e8ac8e,Careem,Transport Services,5,2025-09-04,من أمتع وارق واجمل التطبيقات,Positive
3634bac4-f576-406b-b22e-ccadbfb839dd,Careem,Transport Services,5,2025-09-04,تطبيق ممتاز.,Positive
a9030868-7483-404a-88f5-0cc2434807f7,Careem,Transport Services,1,2025-09-03,لا يستحق النجمه ولكن لاتمكن من اضافه تعليق سئ جدا علي مدار تجربتي لعدد سنتين ولا يوجد كباتن نهائي الطلب يستمر لنصف الساعه ودون جدوي.. فشل,Negative
5d59f7ea-e7d7-4575-aee1-02ad5d126e72,Careem,Transport Services,5,2025-09-03,جيد جداااااا تسهيلات وخصومات رائع,Positive
b1a07d75-be0f-41a0-a3d3-f105aef58811,Careem,Transport Services,1,2025-09-03,تجربة سيئة بعد تفعيل الفيزا على التطبيق تم خصم مبلغ 11.64 دينار بدون سبب وبدون اي طلب ومع الأسف تم إرسال رسالة للشركة ولا يوجد رد ولا يوجد أي طريقة للاتصال بالشركة,Negative
b3b75f3b-23cf-482f-bda8-c3bb3957df2b,Careem,Transport Services,5,2025-09-03,ممتازة,Positive
220b6659-3e54-43c4-893b-e799b5c051a8,Careem,Transport Services,5,2025-09-03,تطبيق ممتاز,Positive
dd4d27fd-1579-4493-b33e-fb0a2bde67ff,Careem,Transport Services,5,2025-09-03,جيده,Positive
c54c7d92-6d8e-453c-a824-2a0debffce97,Careem,Transport Services,1,2025-09-03,اسوء تطبيق للطلبات وخصوصا لطلبات الطعام جدا سئ لا انصح فيه ابدا,Negative
87132211-be0d-4782-849c-7a7a6734e0a9,Careem,Transport Services,5,2025-09-03,رائع,Positive
da0d45ef-3d6b-414d-81ac-35a282858cef,Careem,Transport Services,5,2025-09-03,جيدة جدا خصوصا اوفر,Positive
38d3eecd-52cb-4526-a594-c74c236d20fd,Careem,Transport Services,1,2025-09-03,bad experience,Negative
4387ea90-bc2f-40e1-bf47-36a113972869,Careem,Transport Services,5,2025-09-02,gooood,Positive
8d3234f5-4d10-4f38-b52d-4e5aae46cde9,Careem,Transport Services,5,2025-09-02,ممتاز,Positive
a430d257-22f3-43ec-9b23-3abffba6c7be,Careem,Transport Services,5,2025-09-02,ممتازة وأسعار مقبولة,Positive
404db53e-961d-4f9a-ba9e-4ac8c67601a0,Careem,Transport Services,5,2025-09-02,ممتازه جدا,Positive
4d573152-a22f-480b-b31a-fa907616311b,Careem,Transport Services,1,2025-09-02,مش عم يقبل يفوت التطبيق والشاشه عم بتضل اخضر,Negative
f5023927-c356-4c4b-9c79-50de5efe33d0,Careem,Transport Services,1,2025-09-02,فاشل,Negative
091715ee-455c-41ad-934c-2ed054a78e32,Careem,Transport Services,1,2025-09-02,للأسف تجربتي مع كريم سيئة اكثر من مرة اطلب تكسي اصفر اما يلغي او يعلق الطلب ويطلب مني الإلغاء حتى انا اتحمل رسوم الإلغاء ولما اتصل مع خدمة العملاء يكتفوا بالاسف وراح نرفع تقرير طيب في ناس ماتعرف ان الإلغاء في رسوم عليهم يعني هذا نصب واحتيال ولازم يكون الإلغاء من التكسي عليه تخفيض للعميل كرسوم اعتذار وتخصم من السائق .. انا استغنيت عن كريم بسبب عمليات الاستغلال وعدم اخذ الشكاوى بجدية,Negative
06ed0392-3f75-40a1-b508-9b28d35d1cd2,Careem,Transport Services,5,2025-09-02,ممتاز,Positive
349b81cb-ceea-4600-b230-c28450ab6989,Careem,Transport Services,1,2025-09-02,اسوأ تجارب حصلت تكرار نفس الخطأ كل مرة والدعم كل الحل عنده اسفين,Negative
3a6c5dff-c517-4df8-863b-4d26c1b37f50,Careem,Transport Services,5,2025-09-02,افضل تطبيق,Positive
bc65f6e9-9020-40a4-b738-38289a690551,Careem,Transport Services,1,2025-09-02,افشل برنامج وكلما اطلب كابتن يرفص الطلب,Negative
30687fb4-d43a-4bca-82ee-2721b5849450,Careem,Transport Services,1,2025-09-02,تطبيق فاشل مافي عربي انا مافي معلوم انحليزي,Negative
a94f0d68-9dc9-424e-9132-6478621adea8,Careem,Transport Services,1,2025-09-01,القائمين على الدراجات لا يتعاملون بمصداقيه للاسف الشديد,Negative
becc1aec-053b-4303-ac3b-e26b29e8f778,Careem,Transport Services,5,2025-09-01,تجربة ممتازة,Positive
c9f20b34-3893-416b-bbf1-2c183a382e37,Careem,Transport Services,5,2025-09-01,السلام عليكم ورحمة الله وبركاته لماذا لا يوجد نقاط بكريم مثل قبل ولا يوجد اختيار لتوصيل مدارس لمدة شهر او اكثر ؟,Positive
03865073-8123-41f0-a2b6-2ecd92ee5112,Careem,Transport Services,5,2025-09-01,جيد جدا,Positive
dcaf3e72-14ad-4189-880c-b3607cdbbe70,Careem,Transport Services,1,2025-09-01,سي جدا جدا دائم يقولي فشل نفس المشكلة و خدمة العملاء مايعرف يحلها,Negative
bb6899a4-c529-438e-83fb-2959a067a567,Careem,Transport Services,1,2025-09-01,كان الاول ابراهيم راجي عادى كريم بيروح دلوقتي كريم غير متاح في هذه المنكقة الي هي كفر عبده ازاى يعني بجد لايعمل في هذه المنطقة,Negative
b6b21409-69da-46b7-826e-f1cf095c6694,Careem,Transport Services,1,2025-09-01,تطبيق جيد ولاكن أحدهم سرق مني اموال في المحفظه ولدي رقمه ولاكن الشركه لم تأخذ لي حقي بل اخذت المال و طردتني من الحساب,Negative
2fa7c02c-51ae-4ec2-a386-83eb34291708,Careem,Transport Services,1,2025-09-01,للاسف تطبيق سييء و بيزود في الرسوم ...وخدمة العملاء حافظين الكلام,Negative
cf26ddc1-ffeb-4a8b-b861-8bd148087653,Careem,Transport Services,5,2025-09-01,رائعه ☺️☺️,Positive
fb8505f4-30fb-4590-98c1-3ec6537e0de2,Careem,Transport Services,3,2025-09-01,جيد,Neutral
3bac4e19-5d31-49f9-b867-1fbb4c472554,Careem,Transport Services,5,2025-09-01,اقسم بالله افظل من بلي بمراحل ♥️,Positive
ba87bd28-ad51-46ea-aa92-0fb343f2297f,Careem,Transport Services,1,2025-09-01,اسوء تطبيقات اعلانته كثيرة وحتا وانا فيه يعطيني اعلانات لا انصح باستعماله,Negative
bda67edf-0e59-4b11-96d1-1ac917fbfb18,Careem,Transport Services,1,2025-08-31,سيئ جدا واسعار مبالغ فيه جدا ومن اول ما بقت اوبر رسمى أصبحت فى الأسوء,Negative
32646cb3-d61d-476e-af11-6d84e2e0d29d,Careem,Transport Services,5,2025-08-31,تجربة جدا رائعة شكرا لكم,Positive
b758a650-414a-4506-b3f6-bd4a23ee18d8,Careem,Transport Services,5,2025-08-31,تطبيق ممتاز,Positive
b44193b1-94df-4211-993e-8c587c2d07b0,Careem,Transport Services,5,2025-08-31,جيدة,Positive
63baddfe-9b1e-4a4b-b60b-babc0c9810c4,Careem,Transport Services,5,2025-08-31,عاشت ايدكم,Positive
4181cd9d-95df-445a-8d72-4b05d6ac4f26,Careem,Transport Services,5,2025-08-31,احسن خدمه محترمين وثقه,Positive
b01a2cdf-2c75-4381-ab57-b18dac037033,Careem,Transport Services,5,2025-08-31,ممتاز,Positive
47ffc48e-df81-400c-9e6e-cf2e335116f1,Careem,Transport Services,1,2025-08-31,تطبيق كريم ممتاز في سعرة وكباتن متميزين واستخدمه لفترة طويله ولاكن الفترة الاخيرة فيه مشكله الكابتن مايجيك بسهوله وانتظر وقت طويل لااعلم هاذي مشكله عندي فقط او عند الجميع اصبحت استخدم برامج اخرى الا ان يتم حل مشكلتهم,Negative
b915a134-d0d5-4977-9d78-ff95f8087a67,Careem,Transport Services,5,2025-08-30,تطبيق ممتاز جدا,Positive
b7591a02-add8-4504-8bc9-5a82c2a24115,Careem,Transport Services,4,2025-08-30,جيد جدا,Positive
77248653-da98-428f-80a3-a12b466e3dac,Careem,Transport Services,1,2025-08-30,تجربة سيئه بامتياز علما محدد الموقع والساعه وتأخر السائق ربع ساعه بلا مبالاة تجربه لا تعاد ان شاءالله,Negative
12375a9a-f154-4306-82b8-f899673afac1,Careem,Transport Services,5,2025-08-30,الكابتن احسن من كباتن بلي بهواية والاسعار زينة اذا اوفر بس ماعرف ليش مرات يزيد ٥٠٠ على الاجرة يعني اجرة مو مقطوعة,Positive
356f55f5-bfd9-44be-87ec-6bf8c72e552d,Careem,Transport Services,1,2025-08-30,حجزت تاكسى لصديق وحاسبت من الفيزا والسائق اخذ الحساب مره اخرى من صديقى اخذ الاجره مرتين كاش وفيزاء راسلتهم ولا يهتم احد منهم,Negative
aa98f684-e5ea-43e5-8124-e2b912779148,Careem,Transport Services,5,2025-08-30,الكباتن كلهم مرتبين كل الي اطلبهم يكونون قدر المسؤوليه,Positive
f3b89d2b-7748-439f-bc67-053ad30106a4,Careem,Transport Services,1,2025-08-30,أصبح برنامج لا يستجيب بطلب سيارة بسهولة بسبب مثلما ما كان من قبل,Negative
3ee3613b-737b-4c35-b6f2-aafc735ef764,Careem,Transport Services,5,2025-08-30,ممتاز,Positive
5f9cf251-3835-44e8-bade-e0c368eeb81c,Careem,Transport Services,1,2025-08-30,شركه نصابه اول ما تصعد الرحله او الوجه سعر ومن توصل سعر ثاني شركه محتاله مع الاسف,Negative
a553cd61-2956-4fb8-9384-d9683d20b4cc,Careem,Transport Services,1,2025-08-29,تطبيق سيئ جدا لا انصح بتحميله انا لي ٣ ايام احاول اطلب مركبه ويطلع لي تنبيه الجحز ولا لقيت حل منهم مجرد اقتراحات مافي حل مشكله نصيحه لحد يحمله مايستاهل نجمه بعد,Negative
d4d7a5b5-b862-4a78-b2fa-7b1797b74b91,Careem,Transport Services,5,2025-08-29,اروع تطبيق,Positive
b6661d60-e2b7-4193-95dc-a1aafd91feb4,Careem,Transport Services,5,2025-08-29,لم نجرب بعد,Positive
53f0c1d9-4548-43a3-bd03-e885fe9f3fc7,Careem,Transport Services,5,2025-08-29,ممتازة,Positive
16b22936-cee5-46a7-b4be-b9e77112e927,Careem,Transport Services,1,2025-08-29,طلبت من مطعم بعد ساعة تم الغاء طلبي. نحرجت مع ضيفي تم الغاء طلبي بدون اسباب,Negative
70bcbf5b-7901-405b-9f49-614a72f8ebdd,Careem,Transport Services,5,2025-08-29,جيد جداً,Positive
0fa34b49-b5a8-403c-b487-53b0c5289758,Careem,Transport Services,5,2025-08-29,تطبيق رائع,Positive
692a60ba-b087-422b-9e55-43f5cb27e03d,Careem,Transport Services,5,2025-08-29,خدمة جيدة,Positive
8beae597-c01b-4261-ad5d-cb0c53369c7f,Careem,Transport Services,5,2025-08-29,ممتازين,Positive
0976159b-9b66-4b71-86e0-2fe0e98c2d50,Careem,Transport Services,5,2025-08-29,ممتاز جدا,Positive
0c3297bf-f806-4e44-8586-ec08ec40e04d,Careem,Transport Services,1,2025-08-29,مرحبا انا استخدم التطبيق بشكل كبير. ماكان اكو مشاكل كان جيد ولكن البارحة بالذات حصل معي موقفين الاول طلبت وماجاني الكابتن واتصل عليه ومايرد وابعث مسجات ومايجاوب وبالتالي انفرضت رسوم عليا اني وهاي بسبب الخصم والموقف الثاني اجا الكابتن بس بس وصلني للمكان الي اريده ب46 دقيقة ومكان الله شاهد اول مرة اشوفه كلها علمود يطول الطريق وطلعت الاجرة كلش غالية واتصلت بالدعم اعتذر مني ويكول مانكدر نسوي شي كلها علمود الخصم يطولون الطريق وعليه بعد مااطلب هذا التطبيق الفاشل,Negative
921ac2ab-3e00-4fa4-829f-674d7c58db76,Careem,Transport Services,5,2025-08-29,جميل,Positive
929ffb69-9c96-4e2b-bfb2-e8e6a8366c91,Careem,Transport Services,5,2025-08-29,ممتاز,Positive
6b5cf7cd-fd12-4e0e-975d-5a49979ed9d0,Careem,Transport Services,5,2025-08-28,جيد,Positive
14bd8d6d-3fb2-4c82-b8d5-c303641a241e,Careem,Transport Services,5,2025-08-28,كان تجربة ممتاز ستخدمت كود الخصم c50 جاني الكابتن من اربيل خمسة حصاروك الى مجمع الزيتون الفين و سبعمي خمسين دينار وكا ن بخمستا لا ف وص بل فين وسبعمي وخمسين,Positive
ea740db0-e5bb-4ba1-8dc9-45553de75fcb,Careem,Transport Services,1,2025-08-28,اليوم طابت سياره حضر الكابتن اختي عنايه مركزه بمستشفي المواساه. حينما حضر الكابتن طلبوني ارجع قولت له الغي وادفع الالغاء. طلع ٧٥. جنيه. طلبت الخدمه قالت ادفعي بعدين اعملي شكوي الطلب لم يتم الغاؤه تحدثت مع الكابتن قال ألغيت طلع المبلغ المذكور قالت لم تلغي. قفلت معها لم يعجبني ذلك ورفضت الدفع. هل يصح ذلك بعت مرتين للايضاح وادفع الالغاء لم يجاوبني احد ،,Negative
445f50d6-b7cb-4cfb-b522-c9b5daeb3451,Careem,Transport Services,5,2025-08-28,يجنن بس مرات تغلون سعر دايما سوا تخفيض😔😂,Positive
456f49a8-954d-4ecf-bbc7-7fd249e4542f,Careem,Transport Services,5,2025-08-28,تطبيق جيد,Positive
e0d09d23-32a2-4703-abf4-ee201dbef31f,Careem,Transport Services,5,2025-08-28,تطبيق رائع و جميل جدا جدا,Positive
b7274605-af90-4e74-9db3-20d2c37ef12c,Careem,Transport Services,2,2025-08-28,اني استخدم التطبيق للشغل لغرض ارسال اغراض وهاي الخاصية انلغت من التطبيق ممكن معرفة السبب او طريقة ارجع استخدم بيها تكسي توصيل اذا الخاصية موجودة من العراق,Negative
e62217be-ec42-4669-a193-a6ab3498bc4e,Careem,Transport Services,5,2025-08-28,تطبيق رائع والطلبيه تصل ب 20 دقيقه وتجي معها هديه وما يحتاج تروح البنده ولا تروح المكان لانش بوكس عندهم حاجات كثير للانش بوكس وانصحكم فيه 🤍,Positive
aeee97d7-a10c-4a94-9280-41daf9442af6,Careem,Transport Services,1,2025-08-28,اختار الطلب باللغه العربية,Negative
c22f5672-fe3c-4da8-96c7-e286d0db0f73,Careem,Transport Services,1,2025-08-27,السواق الاغلبية ديلغون الرحلات الي مربوطة ع البطاقة بتالي ينقطع من الرصيد واكثر ميندلون سابقا كان التطبيق افضل,Negative
34c0d1a9-7670-4d90-8671-8be92272ea41,Careem,Transport Services,1,2025-08-27,اكثر تطبيق سيء لا انصح باستخدامه ابدا للمرة الخامسة على التوالي الكابتن يقف في موقع بعيد عن موقع واقوم بمراسلته ثم يقوم بألغاء الرحلة وفرض رسوم عليي تطبيق سيء جدا,Negative
c7c8eaae-9ab4-467a-8993-aef3ae5f1baf,Careem,Transport Services,5,2025-08-27,ممتازة,Positive
c828e537-af13-4488-ae7f-eb2ac0f4524b,Careem,Transport Services,5,2025-08-27,ممتازه,Positive
61111cb3-cb2f-4f6b-af85-c3e645e30cf2,Careem,Transport Services,1,2025-08-27,تدالمشوار كل ماله يتكنسل وراي سفر راعو ظروف الناس مثلي.,Negative
05ff0ff5-df0a-4cd4-9fa7-77046bcf9e88,Careem,Transport Services,1,2025-08-27,تطبيق جدا سئ وبلا مصدقيه اول مره استخدمه المفترض اول رحله مجانيه مافي مجاني ثاني شئ بدايه الرحله حدد سعر للرحله وقت الوصول السعر زاد دينار عموما انا حذفت التطبيق,Negative
dd1ee0f6-253e-4182-8e1c-ef2997aa9015,Careem,Transport Services,1,2025-08-27,شركة ممولة زبالة,Negative
9e12cd62-e669-4160-87a5-e0d5f0d0aaac,Careem,Transport Services,2,2025-08-27,سيء,Negative
673ccfa2-2fc1-4ad1-9afe-ed90fa75943d,Careem,Transport Services,5,2025-08-27,شكرا,Positive
7514ce8b-7ad0-4797-bc07-3f2f42452fe3,Careem,Transport Services,1,2025-08-26,بجد مافيش اى خدمه عملاء وفى ناس اسلوبها وحش جدا واكتر من مره ابعت على مشكله محدش يرد حاجه مش لطيفه خالص بصراحه انا بعت اكتر من مره للابكليشن ولا حد تواصل ولا حد.كلمنى وبجد قلت زوق بطريقه مش طبيعيه دانا كمان حتى بعد المشكله وطلبت بردو اطلب الرحله بسعر يجيلى سعر تانى وتسحب فلوس من محفظتى من غير معرف ومن غير تفسير غير اسلوب الكابتن الى لغى على مزاجو وطرقتو فى المعمله بجد حاجه مستفزه مستحيل اجربكو تانى او استخدم الابلكيشن ده تانى اصلا,Negative
696a14c5-3dbe-4c02-bd38-21ca22857c70,Careem,Transport Services,5,2025-08-26,مرحبا بكم تطبيق جيد جداً يعطيكم العافية يارب 😍 ومريح جداً وخدمتكم رائعة والكباتن محترمين مع جزيل الشكر والتقدير 🌹🌹,Positive
01adfc4f-9193-42df-a97a-d784f2d10177,Careem,Transport Services,5,2025-08-26,جيد جدا,Positive
4aab45d6-6fe4-4438-b3b0-e04a8ad9e871,Careem,Transport Services,5,2025-08-26,ممتاز,Positive
f32a1c37-2a28-40de-b6d9-da79107a099d,Careem,Transport Services,1,2025-08-26,سيء جدا في احتيال مقنن وغالي جدا ودراجات ليست جديدة,Negative
af4cfbb8-2e9e-459d-bfc6-08cb5ba41bec,Careem,Transport Services,5,2025-08-26,جميل جدا ورائع أشكركم جميعا على كولشي والله وافقكم ويسعدكم جمعنا أن شاءالله,Positive
d6633a60-68df-4156-8c99-72d691a3853c,Careem,Transport Services,5,2025-08-26,ممتاز رائع,Positive
079bc372-6218-454a-9cd4-8488ca08b1ab,Careem,Transport Services,5,2025-08-26,التطبيق ممتاز وشكرا لجميع القائمين على إدارة هذا التطبيق,Positive
2fe45d45-e7d7-44d6-803f-411faca671fc,Careem,Transport Services,1,2025-08-26,اعطيت نجمة واحدة بسبب رحلتي الاخيرة رغم استخدامي لكريم لسنين عدة مضت ولكن من اليوم سأتوقف تمامآ عن استخدامه وذلك لان تم خصم ثمن الرحلة الاخيرة 7.62 رياب من التفويض عبر الانترنت وانا ايضآ قمت بالتحويل للكابت 8 ريال بحسابه تواصلت مع خدمة العملاء ووعدوني بارجاع المبلغ ولكن حتي هذه اللحظه لم يرجع المبلغ مع العلم واضح لهم تماما من سجلاتهم الخصم اتصلو علي كثيرآ يستفسرون ضيعو وقتي ووقتهم ولم احصل علي حقي لذلك اوقفت استخدام هذا التطبيق من اليوم,Negative
f27426ff-0790-44cd-b328-7960a70146a3,Careem,Transport Services,5,2025-08-25,كانت تجربة ممتازة طلبت سيارة توصيل وصلتني في دقيقة في مكاني ،والتطبيق استخدامه سهل جدا ،انصح بتحميله,Positive
b99ce926-8cdf-4823-94cc-3814b1fc4cdd,Careem,Transport Services,5,2025-08-25,ممتاز,Positive
1ade6379-2f51-4492-9dfc-acb1f0b831af,Careem,Transport Services,5,2025-08-25,ممتاز,Positive
c3677792-613f-4bb9-8f87-5996084e0e9a,Careem,Transport Services,3,2025-08-25,سلام عليكم اول ما استخدمة التطبيق كان يتم ارسال اكواد خصم علي التنقل ومن فترة لم يتم ارسال اكود خصم هو اكواد الخصم تم الغائها حابب اعرف انا من مصر ومقيم بالمحافظة الشرقيه وكثير السفر والتنقل,Neutral
35911bd6-ac78-469a-89e4-6266853d2746,Careem,Transport Services,1,2025-08-25,سيء,Negative
289e2de1-ebb0-4801-889c-9ca6c20d5d18,Careem,Transport Services,5,2025-08-25,تطبيق رائع,Positive
6707cdee-06eb-48f9-9b3a-9537d82d9b9f,Careem,Transport Services,1,2025-08-25,بتتخصم فلوس قبل ما الرحله متبدأ وخدمه زي الزفت,Negative
80df539b-f0e0-4220-bf3e-5e1c579ddb56,Careem,Transport Services,5,2025-08-25,ممتاز مع الخصومات,Positive
c2413956-73a4-41fe-abac-ddf2c8df1456,Careem,Transport Services,1,2025-08-25,فرض رسوم تعسفية على الركاب بدون اى مراجعة,Negative
7cd21dac-f2c7-43d2-bd66-4e5162ae78de,Careem,Transport Services,5,2025-08-25,❤️,Positive
3e37684c-7fa1-4140-b4f0-5236fab617dd,Careem,Transport Services,5,2025-08-25,جيده,Positive
a1311e52-e163-4662-8fbe-54498e7902ea,Careem,Transport Services,1,2025-08-24,ما بفتح عندي بتواصل معكم ما حدا برد ومشكلتي لها اسبوعين ما نحلت خدمتكم سيئ,Negative
4e68ad25-d6fb-4a9f-9d4d-cd6666e61ae3,Careem,Transport Services,1,2025-08-24,اختيار الكباتن سئ جدا جدا ، وفي تراجع في سيستم البرنامج,Negative
23bd37e7-1063-4717-9da1-393090d8d838,Careem,Transport Services,5,2025-08-24,الخدمه جيده ولاكن الاجره عاليه,Positive
3f880c95-d9ca-4fe9-b0ac-1b45b8ab83ff,Careem,Transport Services,5,2025-08-24,It's getting better,Positive
c3f9896a-3d51-497c-81b9-be91afc31d27,Careem,Transport Services,5,2025-08-24,احسن اختيار هو تكسي كريم,Positive
b49d322b-37a4-4537-ace9-7a71e78a69a1,Careem,Transport Services,1,2025-08-24,الكابتن جابلي هيوصل بعد دقيقة وبعد كدة غير ل 6 دقايق وخلاص فاضل دقيقة ويجي غير تاني ل9 دقايق ف كنسلت الرحلة حط عليا سالب 12 درهم ف أنا مش عارف ازاي دي شركة محترمة تعمل كدة والابليكيشن مفيهوش رقم اتصال بخدمة العملاء,Negative
09df23fa-b514-4dbe-8a27-96226d16bf55,Careem,Transport Services,1,2025-08-24,اولا الكابتن بتقبل المشوار وهو لم ينهى الرحلة السابقة ١٥ دقيقة ثانيا تلفونه مغلق ازاى اعرف اتواصل معه مرتين يفرض رسوم الالغاء والكابتن هو اللى طلب نظام عقيم ويوقف البرنامج لازم ادفع عشان اطلب ثانى حقيقى سيء جدا,Negative
12f220e2-8ef6-431e-b6bc-99659262bc7f,Careem,Transport Services,5,2025-08-24,ممتازة,Positive
77c888a0-dfc9-4f12-9d80-a2c63166953d,Careem,Transport Services,1,2025-08-24,سيئ جدا سرتقو فلوسي من غير اي رحله,Negative
5fbcb15c-7327-45b0-9ef9-5286a04e6256,Careem,Transport Services,1,2025-08-24,تطبيق فاشل قامو بسحب مبلغ ضخم من حسابي بسس ان المحطه معطله ومش راضيه يسوي اغلاق للرحله وكل شوي يقلولي راح نحقق في الموضوع ؟,Negative
7742b8a8-f577-41ff-853b-58f132928943,Careem,Transport Services,5,2025-08-23,ممتاز لا استغنى عنه,Positive
2e0168ed-d85d-4c57-8366-6df09a4659b2,Careem,Transport Services,1,2025-08-23,التطبيق لا يحجز من امس احاول اطلب رحله تجيني رساله فشل انشاء الحجز يرجى المحاوله مره أخرى,Negative
e8fee11b-8a65-4b32-a8c8-8fd1149d84b9,Careem,Transport Services,5,2025-08-23,اشي مريح وتعامل لطيف,Positive
aef82a24-93a5-4ab5-9524-c635bf809e2b,Careem,Transport Services,5,2025-08-23,ممتازة,Positive
904d8c9b-ea7a-4004-bb86-9212b90af67f,Careem,Transport Services,1,2025-08-23,تطبيق سيئ جدا من ناحية اختيار الوجهة حسب رغبتي والخرائط غير واضحة تطبيق بلي واضح أكثر ومرن,Negative
ab0711d3-3779-40f7-9f32-fa32aa38911b,Careem,Transport Services,5,2025-08-23,شكرن,Positive
6f4e866a-0b66-4ccb-b01b-76cb2445b110,Careem,Transport Services,1,2025-08-23,خدمه غير راقيه وأسلوب مستفز جدآ للأسف ولا اي موظف له صلاحيه انا ما بتعامل مع الموقع حتى يتصل لي مسؤل,Negative
a33b6273-3d64-4e60-8a44-f39de6b35108,Careem,Transport Services,1,2025-08-23,السائق اخذ 50جنيه اكثر من حق,Negative
b3b467be-6edb-447c-b3ca-0161f63f6d91,Careem,Transport Services,1,2025-08-23,ليس لديهم مصداقيه في المبالغ بعد إنتهاء المشوار يزيدو السعر ولايرجعو المبلغ الزائد للعميل اذا تمت الشكوى لديهم لايوجد اي تجاوب معهم,Negative
1dc2fe8c-5ce8-41c8-a196-159d525c0538,Careem,Transport Services,5,2025-08-23,Excellent,Positive
e29982a4-f1ea-42b0-b82e-ede4a8b49029,Careem,Transport Services,5,2025-08-23,Amazing,Positive
c6474f35-8350-42c4-92ac-94c54cc25e9c,Careem,Transport Services,5,2025-08-23,كويس لكن في احينا مشاكل ياريت تعالجونها,Positive
11101485-4d76-456c-a1dc-09e69b033f28,Careem,Transport Services,5,2025-08-23,عندي مشكله لما اشحن الرصيد واستخدم مشوار كريم مايستخدم الرصيد يطلب كاش,Positive
819b3501-df6d-44c4-acf1-e056a5efab71,Careem,Transport Services,3,2025-08-22,"يعطيكم العافية جميعا يا رب وأنا جدا من محبي هذا التطبيق اللهم بارك لكن خالص احترامي واعتذاري التحديث الجديد الأخير لم يعجبني.. فبرأيي لم تعد هناك لمسة ""كريم"" الخاصة.. أصبح شبيها بأوبر وكأن التطبيق أصبح باهتا أكثر.. ولم يعد هناك سرعة الوصول للأماكن المفضلة.. والمسألة ليست إني أعتاد على التحديث الجديد بقدر ماهي ""واجهة"" مخصصة لكم.. أرجو الاعتبار بالتصاميم السابقة.. بارك الله فيكم..",Neutral
7df881e2-398a-43a1-97b2-34933c74ede1,Careem,Transport Services,3,2025-08-22,كانت سيئة جدا,Neutral
1239849b-a0df-436b-9916-b7ae08b90a6f,Careem,Transport Services,5,2025-08-22,جميل,Positive
3465432b-a3e7-4b0d-ade2-ad92c871eda7,Careem,Transport Services,1,2025-08-22,جدا سيئ 💩,Negative
d81f1a1e-40a2-4f09-83ca-dd7ccd8bce6d,Careem,Transport Services,5,2025-08-22,nice app l like it,Positive
40f867e1-6457-4235-b8c6-161c1d56dccf,Careem,Transport Services,1,2025-08-22,بعد التحديث الجدبد اصبح معقد ايضا ترسل رسالة للمساعدة لا يتم النجاوب مع العميل برنامج لا يهتم بسلامة الركاب,Negative
9a676990-2c02-45b4-887c-66c25f00efb3,Careem,Transport Services,1,2025-08-22,التطبيق فيه نصب اخذت ٢ سكوتر ب٣٨ ريال لسلعة رجعته قذل نهاية الوقت بنصف ساعة لغى لي الحجز,Negative
9f1495a3-c945-44a9-9e3b-ae2c52ef8f05,Careem,Transport Services,1,2025-08-21,هاذي الايام سيء كل مره فشل في الحجز اغضبني جدا,Negative
c2f3d66d-6719-435f-a169-fd91192861e7,Careem,Transport Services,5,2025-08-21,انا عايز افهم حاجه... ازاي اطلب مشوار يقولي 125 جنيه قفلت فتحت اوبر نفس المشوار من نفس المكان في نفس اللحظة يقولي 75 جنيه الفرق ده بيجي منين,Positive
64d72dff-9466-4f9e-b490-ae8cc5b3f5cb,Careem,Transport Services,1,2025-08-21,صار سيء جداً ، اطلب على مبلغ اول م اوصل يزيد المبلغ شوفو حل,Negative
3dea9c07-f3c0-4a49-89ed-3e12d9d2c60d,Careem,Transport Services,5,2025-08-21,ممتازه الخدمات,Positive
4d1ccd0d-0dfb-40c1-9b80-bc0203836765,Careem,Transport Services,1,2025-08-21,بياخد فلوس اكتر من اللي بتظهر في تكلفة المشوار في الاول,Negative
9ecc415a-012e-4676-8533-62f4fbd29126,Careem,Transport Services,5,2025-08-21,١٠٠%,Positive
4768b447-64f7-48cc-ad28-dc4f9112e68b,Careem,Transport Services,5,2025-08-21,ممتازة,Positive
e8f53ae0-f21e-4beb-9ebf-4953e3dad951,Careem,Transport Services,5,2025-08-21,ممتاز,Positive
f9ee64a1-198a-41ac-847b-a8975619ac5f,Careem,Transport Services,5,2025-08-21,جيده,Positive
f5a2f06f-6172-4d83-aba2-7dee263b34b3,Careem,Transport Services,1,2025-08-21,مرتين تنلغي رحله و انا في الشارع استنى و كمان تنسحب من رصيدي,Negative
36c52e71-d88a-4c4c-b755-6a7dfce7805a,Careem,Transport Services,1,2025-08-20,فاشل و غالي جدا,Negative
a5067631-0660-4910-87de-2a72d8410df9,Careem,Transport Services,5,2025-08-20,ممتازين جدا,Positive
dc8656d5-2da6-44d2-8cd3-d87b0a8e8e1b,Careem,Transport Services,5,2025-08-20,جميل كريم افضل برنامج,Positive
8ff27284-9c9b-4266-b282-3a025ae50d68,Careem,Transport Services,2,2025-08-20,عدم الرد السريع من خدمه العملاء ارسلت ٣ رسال ولا مجيب ..... بسبب دفع مستحقات غير صحيحة وانا دفعت كاش وتم تقييم الكابتن واتفاجا ثاني يوم ان فيه مستحقات معلقه ؟؟؟؟؟؟؟؟؟,Negative
e7af2ec8-7d4b-4c60-b5d4-69a50dff8fe1,Careem,Transport Services,1,2025-08-20,للاسف تجربه سيئه جداا ... لا انصح احد با استخدام التطبيق لعدم المصداقيه وانا ندمان اني استخدمته وهحذفه من عندي بشكل نهائي,Negative
1f0f9b1a-f480-40be-8423-f8772dccd8f8,Careem,Transport Services,1,2025-08-20,بتوصل بتحصل التطبيق فرض عليك ضريبة,Negative
81fa801d-bec0-4a48-9fb0-c190273c3a01,Careem,Transport Services,1,2025-08-19,لم يعجبني سئ جدا,Negative
5ef4094f-6418-46a0-8b0a-2480a0b4e8a7,Careem,Transport Services,1,2025-08-19,سيء,Negative
e1d0ce70-1e2f-407f-92b4-f57c32332a1c,Careem,Transport Services,5,2025-08-19,اكثر من جيد انا اتعامل معهم منذ اكثر من 5 سنوات,Positive
dfbe8756-1cc9-4a77-bda4-c999b73ed29e,Careem,Transport Services,1,2025-08-19,صار غالي,Negative
82839d8d-bbc8-4129-a216-ed64df81b181,Careem,Transport Services,5,2025-08-19,جيد جدا وممتاز وبسرعة بيجي الطابت وكتير محترمين,Positive
0859337b-8f97-4074-91a1-11435e60ab1d,Careem,Transport Services,1,2025-08-19,تطبيق بقي سئ جدا وخدمة عملاء اسوء وسائقين اسلوبهم وحش جدا ومفيش حد بيرد علي الشكاوي وكأنهم موافقين علي اسلوب السائقين وخدمة العملاء,Negative
df989395-850e-4603-9b57-aef56f8ecc18,Careem,Transport Services,5,2025-08-19,رائع,Positive
a04289ce-9598-4260-a342-2940a5576ad0,Careem,Transport Services,5,2025-08-19,تجربة جيدة,Positive
86d905ae-468a-4c01-96d6-f5db11650722,Careem,Transport Services,5,2025-08-19,جيد جدا,Positive
11753f61-eda7-4432-88f1-09df6c468931,Careem,Transport Services,1,2025-08-19,بدفع اكثر من المطلوب,Negative
cb94b1f2-4083-4bf2-b7ee-0c6e606cc20b,Careem,Transport Services,2,2025-08-19,التطبيق أصبح سيئاً جداً منذ انضمام كريم مع اوبر..ومنها لا يوجد شفافية بعرض الثمن الحقيقى للرحلة وخصوصاً عند رفع سعر الرحلة عن ثمنها الفعلى يجب اظهار نسبة الزيادة على تكلفة الرحلة كما كانت من قبل..أيضا من ضمن السلبيات أصبح لا يمكن طلب رحلة بفتح لوكيشن من واتس اب مباشرة كما كان من قبل.,Negative
f425486a-72e9-4a18-8631-84aad234ff89,Careem,Transport Services,5,2025-08-19,جيد,Positive
fa54f165-9822-4aaa-93f8-936023c6f224,Careem,Transport Services,1,2025-08-19,وين رقم كريم كيف أرن عليكم لأنو ما بتردو عالرسائل,Negative
1018a703-c940-4457-9d98-f6ec74ec6276,Careem,Transport Services,1,2025-08-18,تطبيق صفر الكابتن يطلب الغاء الرحله لو يضل يفتر وميجي لنقطه الوصول ويفرضون رسوم,Negative
3fe5f39e-3281-40ab-88f7-a8b5af22afe5,Careem,Transport Services,5,2025-08-18,حلو ومريح والاسعار طيبة,Positive
55c1113c-f27a-4249-a9dd-8ee36ad21596,Careem,Transport Services,4,2025-08-18,تجربة رائعة,Positive
f9babc05-312f-4ac6-bea0-15c845ff5b19,Careem,Transport Services,5,2025-08-18,الافضل بلا منازع مع الخدمات التي يقدمها في كريم بلس اقتصادي بحت,Positive
e6b6b651-b725-482c-aaae-20610c9a00a6,Careem,Transport Services,3,2025-08-18,غالي جدا,Neutral
c6f2e857-18dd-4140-ac16-2ab9a79ad54f,Careem,Transport Services,5,2025-08-18,جيد,Positive
b40e2ffc-664b-4103-a7bf-03c3f7138ad4,Careem,Transport Services,5,2025-08-18,الكابتن وصل بسرعة .. ورفض أخذ مبلغ زائد . لكن برنامج الحجز ياخد وقت طويل فى تحديد نقطة الانطلاق !!!,Positive
ee7e2bad-1d37-44c7-9f2c-fd5d050d1b3a,Careem,Transport Services,5,2025-08-18,موفقة لله الحمد,Positive
72835a4b-3026-4e96-9dff-095016714845,Careem,Transport Services,5,2025-08-18,تطبيق مثالي,Positive
17445969-cda8-41b0-82f0-f7beb0b01007,Careem,Transport Services,1,2025-08-18,نظامهم الجديد لم يعجبني استغلال لصندوق الشهداء والمصابين ' يؤسفني ماوصل اليه التطبيق,Negative
f86bebbc-ea69-41cf-bc0f-27ff99531133,Careem,Transport Services,5,2025-08-18,لسا ما جربتو بس البرنتمج حلو والله,Positive
2036f821-3fa4-4a41-b7ec-c4bc8d755276,Careem,Transport Services,5,2025-08-18,ممتاز,Positive
6a977fcc-79b3-4c78-a21b-5961cbbace74,Careem,Transport Services,1,2025-08-17,خدماتهم حلوه وكثيره لاكن اسعارهم غاليه جدا َ,Negative
8ba14ec1-9e9b-41b3-9a1b-0cf23418f61f,Careem,Transport Services,5,2025-08-17,ممتاز,Positive
800fea47-d804-4bd8-b2ea-64c961263d40,Careem,Transport Services,4,2025-08-17,في تواصل عاجل من الشركه .ومتابعه. ولاكن في بغض السائقين.يسيئون لشركة كريم بسلوكهم السيئ.,Positive
26a7eb29-9973-44db-90f9-e5868e740b74,Careem,Transport Services,5,2025-08-17,تعاملنا دائما مع كريم,Positive
d1863609-8007-48bb-992f-166bae02c053,Careem,Transport Services,5,2025-08-17,رهيييب,Positive
0441ea39-fb91-4fc6-bc78-f159860c610d,Careem,Transport Services,5,2025-08-17,شركة ممتازة من ناحية الإدارة و تبسيط الأمور و حلها,Positive
3b5dae30-e330-4db4-b869-a9afa14efa21,Careem,Transport Services,5,2025-08-17,ممتاز,Positive
996f3b7a-8c1d-40e9-8d69-9cda3620fd8e,Careem,Transport Services,1,2025-08-17,ليش ما بيفتح بقيمه 0\10 .,Negative
e41c836f-1cfd-4f72-aaeb-190b59ac3bfc,Careem,Transport Services,5,2025-08-17,عملي ومفيد,Positive
3ea4471f-93ad-4089-8c75-8416bd0ac8f8,Careem,Transport Services,5,2025-08-17,ممتاز,Positive
8925d7cc-27ed-46bd-b0ff-374c7fbdc934,Careem,Transport Services,1,2025-08-17,ثقيل يحتاج تحسين,Negative
5c052fde-d2cf-47a3-b08a-2fd52fe81317,Careem,Transport Services,3,2025-08-17,حاليا أي كود خصم ما يشتغل فيه رغم انه الجهاز والرقم اللي استخدمهم جدد وعندما اريد استخدام كود الخصم يرد ( هذا الكود غير موجود هل انت متأكد من كتابته بشكل صحيح ) وكلما اريد التواصل معهم لا يأتي الرد والخدمة أصبحت تعيسه جدا,Neutral
5604badf-3388-4019-b4e8-5d7f6bdfa7b2,Careem,Transport Services,5,2025-08-17,رائعه ❤️🤍🩵🩷♥️💙💜💚,Positive
aa4fd9fc-7f4e-42db-afc6-82dc2362cbde,Careem,Transport Services,5,2025-08-16,ممتاز,Positive
79ce6162-8597-4bd9-84b2-b20cec80164f,Careem,Transport Services,1,2025-08-16,من جديد مشاكل كثيره ولا احترام للعميل حتى لو اشترك بلس,Negative
917c7075-3fe6-43a2-8784-3a45c4a36004,Careem,Transport Services,2,2025-08-16,اذا مو قد تعملو خصم ليش تنزلو وترجعو وحذفو,Negative
ace84375-a321-41af-a9e5-755bc9cd84c6,Careem,Transport Services,1,2025-08-16,كان لدي رصيد في المحفظه فجأه انسحب مني تطبيق كريم يسرق مني الأموال رفعت شكوى لا احد يستجيب لا انصح احد بتحميل تطبيق يسرقون أموالكم,Negative
75279215-1352-43b5-8b4d-882a3f3450ae,Careem,Transport Services,5,2025-08-16,جيد جدأ 👍,Positive
2f3b0fd7-d432-4836-aec1-f07a2229a1cd,Careem,Transport Services,5,2025-08-16,ناجحة,Positive
7f0257c6-4fdd-4a81-897f-fe79f579991b,Careem,Transport Services,1,2025-08-16,السلام عليكم ليش بعد التحديث الجديد كل مااحجز رحله مافيها وصول لماذا لايتم تطبيق قرارت الدوله ؟,Negative
662ed2f3-6f8b-4457-ab5c-76e8526fc71e,Careem,Transport Services,1,2025-08-16,كان جميل والان كرهت التطبيق سي جدا من بعدالتحديث,Negative
27dd234d-5c8e-404d-b673-0f799967f1fd,Careem,Transport Services,5,2025-08-16,ممتاز,Positive
1e218452-a669-4f64-8a87-bc06d6ce01e7,Careem,Transport Services,5,2025-08-16,روعه,Positive
dbdd98bd-0d24-452a-a17f-f6943641b8c0,Careem,Transport Services,1,2025-08-15,تأخر في الرد كريم بلس ما استفدت منه عروض مغايره للواقع خسرت أغراض بقيمة ٣٠ دينار,Negative
5c22b0da-8090-4db2-af0b-bb6e1bd8b35e,Careem,Transport Services,5,2025-08-15,ممتازه جدا الخدمه,Positive
af18fdd5-8ae5-485f-be06-96ac33aa3b86,Careem,Transport Services,4,2025-08-15,جميع من قام بتوصيلي في كذا رحلة على قدر من الأخلاق والاحترام واسعارهم جدا معقوله,Positive
dc730e5d-4434-4ba8-876e-a08faa735a2d,Careem,Transport Services,5,2025-08-15,خدمات سريعه وممتازه,Positive
b5dee24e-b5f4-47f3-a084-4658544ab937,Careem,Transport Services,5,2025-08-15,ممتاز,Positive
0df1a182-c229-4cec-a505-e4f4ec932345,Careem,Transport Services,5,2025-08-15,برنامج جيد ومريح واقتصادي وسريع الاستجابه,Positive
b7d6c8b7-5349-48aa-b0b0-8642e67e445b,Careem,Transport Services,5,2025-08-15,جيد جدا,Positive
f7d4a4bd-c8e7-4243-977c-2c2dc1bd71ab,Careem,Transport Services,5,2025-08-15,دقة بالمواعيد,Positive
fe7a66be-2855-41a6-ae54-09807b44eb86,Careem,Transport Services,5,2025-08-15,جيد,Positive
81f56608-43af-44cf-b80a-f57072580836,Careem,Transport Services,1,2025-08-14,فى البدايات كااااااانت شركة محترمة و يحترموا العميل ، حاليا مفيش اى تقدير و لا اى احترام للعملاء و اسؤ خدمة عملاء و اسؤ كباتن و اسؤ سيارات,Negative
da1fd5a1-81e5-4bf0-9780-b97c39222ceb,Careem,Transport Services,5,2025-08-14,ممتاز,Positive
8426c7a6-1f0a-460c-9e39-652eed1ccdfc,Careem,Transport Services,5,2025-08-14,حلو والله,Positive
0b1956f2-a4e8-4188-922f-8aab463582a0,Careem,Transport Services,5,2025-08-14,رحلات توفير سائقين على قدر عالي من الاحترام مصداقية أمانة شكرا كريم,Positive
e26d9fe5-ef35-43d4-b5dd-9735f9f4db2d,Careem,Transport Services,1,2025-08-14,تحديث كريم الجديد جدا سيئ.,Negative
920e36d9-4ed3-48b8-9556-2b390bf53221,Careem,Transport Services,1,2025-08-14,"Awful service with Careem Comfort. Rebooked multiple times from Downtown, and in all cases waited over an hour with no captain accepting. The app cancelled with ""no cars available"" — absurd in a central location. This occurred while my father was ill, making the delay inexcusable. Seems like a deliberate tactic: captains reject trips, then prices surge when rebooking. Careem must repair its allocation algorithm and end this customer exploitation.",Negative
9a40eaaa-6e5f-43c1-a8ff-ade6712f1c02,Careem,Transport Services,5,2025-08-14,رائع جدا,Positive
08a8a001-412e-46eb-8b10-ea610ed9bc87,Careem,Transport Services,5,2025-08-14,رائع,Positive
12247bca-338a-46ac-8992-77609a79d084,Careem,Transport Services,1,2025-08-14,اكمل الكابتن الرحلة بدون أن اركب وتحدثت مع خدمة العملاء ورفضوا المساعدة وبالفعل تم خصم 60 من حسابي لرحلة لم اقوم بها وتختلف في تفاصيلها عن رحلتي,Negative
ac8fe436-6ae8-483f-ac20-1e7cfcd7d671,Careem,Transport Services,5,2025-08-14,الكباتن ذوق ومحترمين جدا وشكرا للدعم اخلاق جدا وعندهم اسلوب مميز فى التعامل,Positive
7b1f16fc-84b5-43ee-8e96-525c315000f3,Careem,Transport Services,1,2025-08-14,تم خصم مبلغ 71 درهم مع اني لغيت الطلب بنفس وقت اللي عملت الطلب ولما قدمت شكوى ، قالولي المطعم قام بتحضير الطلب ، ولازم تلغي قبل ما يحضر المطعم ، بحب اقولكم من اول ما عملت طلب طلعلي تم تحضير ولم يظهر بانتظار الموافقة يعني المشكلة من المطعم او من عندكم .. استغلال عيني عينك و خدمة العملاء سيئة جدا و بحاجة الي تدريب .. حسبي الله ونعم الوكيل,Negative
cb3020a1-1220-4111-b757-46cefe12af30,Careem,Transport Services,5,2025-08-14,بجنننننننننننننن,Positive
71002d46-f3fe-483d-b5cc-517aa9bb9acb,Careem,Transport Services,5,2025-08-14,بصراحة افضل تطبيق توصيل في السعودية,Positive
2824eaf0-21c7-4c2b-b714-fbf447325108,Careem,Transport Services,5,2025-08-14,ممتاز,Positive
10212d05-037c-4461-ad0e-c177a58484ea,Careem,Transport Services,1,2025-08-14,نزلته وحذفته لان غالي بلي ارخص منة,Negative
30f09a06-a39c-4345-b0c5-f34757add793,Careem,Transport Services,1,2025-08-14,صار فاشل جداً وسبب مشاكل وتعليق وخصم زياده في الدفع للكابتن ولايوجد خدمة عملاء فوريه .. ما انصح بإستخدام التطبيق وراح يتم حذف حسابي نهائياً,Negative
f3cd5caf-5055-4ab6-be47-360edcfff452,Careem,Transport Services,1,2025-08-13,سيئا جدا يخصم لمال من لبطاقه بدون إذن ويشترك لوحده,Negative
bfe450ce-dadc-4c43-bf9c-4006374c701f,Careem,Transport Services,1,2025-08-13,تجربتي اليوم اسوأ تجربه مع كريم بمحافظه سوهاج تمن رحلتى 51 دفعت للكابتن 70 جنيه وقولت له ضيف الباقى للمحفظه ولم يتم إضافتها,Negative
b439c88d-af4a-41a8-9993-31f6e05bb261,Careem,Transport Services,1,2025-08-13,اصبح سئ للغاية واسعاره مضاعفة,Negative
d3aed5a1-1cd7-4b94-965c-55cf66eb5e00,Careem,Transport Services,5,2025-08-13,افضل تطبيق,Positive
2bf47cdc-fd01-4d76-b89c-989f0c2e5338,Careem,Transport Services,1,2025-08-13,أسوأ تجربة مع التطبيق من تاريخ 10\8\2025 بتواصل مع خدمة العملاء عشان مشكلة في التطبيق وطلبت أتواصل مع مدير وتواصلت ٤ مرات معهم وكل موظف يحكيلي خلال 24 ساعة بيتواصلوا معك ولا حياة لمن تنادي معقول عميل يضل 4 أيام يستنى عشان حد يتواصل معه وعشان مدير يحل مشكلة !!!!!!!!!!! تطبيق كريم من سيء لأسوأ وفرصة الواحد يعيد اختيار تطبيق يحترم العمل ويكون في مصداقية في التعامل,Negative
a9add108-6c47-4578-bede-0c8a78a0bd24,Careem,Transport Services,5,2025-08-13,ممتاز,Positive
345e8095-9e23-44db-89fb-e604281abaed,Careem,Transport Services,5,2025-08-13,ساءق ذو اخلاق عالية سيارة نظيفة ومريحة جدآ والتبربد جيد جدا,Positive
42c4cd14-06e8-4931-bcdf-c4679703273c,Careem,Transport Services,5,2025-08-13,شكرا,Positive
a8bdce2c-da95-4d7a-9f84-57371bd8f1e0,Careem,Transport Services,5,2025-08-13,جميله,Positive
23640288-7e1e-42c5-aa10-9573e25ba4c9,Careem,Transport Services,1,2025-08-13,تطبيق سيء جدا,Negative
45aaf504-71db-4ab8-b856-b98afeaf6346,Careem,Transport Services,5,2025-08-13,جيدة,Positive
f190c8e5-ba6f-4417-b148-eed6e63c4e25,Careem,Transport Services,5,2025-08-13,تمام,Positive
8f2836e2-75b7-43d4-bec6-b4ddff60104e,Careem,Transport Services,5,2025-08-13,جميل ورائع,Positive
01cb20d3-edb1-4232-9154-07bf54b6d971,Careem,Transport Services,4,2025-08-13,جيدة,Positive
c15fe6c8-3b65-4216-a711-741cf8f8e7b3,Careem,Transport Services,1,2025-08-13,المطاعم يلي فيه ما بشتري اكلهم بدرهم,Negative
791f7bcd-c045-400f-9739-a3760045ce05,Careem,Transport Services,5,2025-08-12,ياليت تحطوا في البرنامج اختيار سائق او سائقة أفضل موشرط أسم فقط سائق او سائقة,Positive
c93c8a60-64fc-4a31-9f64-9a4f12850b0f,Careem,Transport Services,2,2025-08-12,رائع,Negative
2742caa9-71e4-4259-a8d2-4a33ff3a26e6,Careem,Transport Services,5,2025-08-12,تكسي اجد مورحه,Positive
3aeb1286-693f-406c-a9ba-2dd3bac2576f,Careem,Transport Services,5,2025-08-12,ممتاز لو بس فيه اختيار نوع جنس السائق,Positive
1d580205-eefd-41da-a2f8-1b9958399098,Careem,Transport Services,5,2025-08-12,ممتاز,Positive
eb7755e4-a660-48c1-8536-9f39808998f0,Careem,Transport Services,5,2025-08-12,جيدة,Positive
79d0361d-18aa-4f0b-aa05-b8bddde4df30,Careem,Transport Services,5,2025-08-12,بصراحة 100/100 سعر مناسب,Positive
b9476372-bb05-44bd-8602-af027834e683,Careem,Transport Services,5,2025-08-12,جميل,Positive
7463cf65-ada4-4204-b225-7f49a6fe5dae,Careem,Transport Services,5,2025-08-12,ممتاز جدا,Positive
a32e4256-f00b-4f5f-b699-a1094486652c,Careem,Transport Services,5,2025-08-12,رائع جدا متميز,Positive
540699ed-4c2b-495b-b7cf-7c5346074745,Careem,Transport Services,5,2025-08-12,جميل,Positive
bcbbd443-98b8-41f1-b2df-74df331185d1,Careem,Transport Services,5,2025-08-12,ممتاذ,Positive
3fd59afa-f51d-478c-b356-d3c68142349f,Careem,Transport Services,1,2025-08-11,خدمة العملاء فيه أصبحت بطيئة الاستجابة و لايوجد خط ساخن للتواصل وتقديم الشكاوي. حصل معي مضاعفة في سعر الرحلة بسبب الغاء الكابتن الرحلة لأنه لايريد تشغيل التكييف و الكابتن الاخر الذي استلم الرحلة سلك طريق اطول فازداد سعر الرحلة احاول التواصل مع خدمة العملاء لا يوجد اية تجاوب من اسبوع تقريبا!,Negative
040d7a04-0c36-4783-9995-daefa43762f7,Careem,Transport Services,5,2025-08-11,تطبيق رائع,Positive
5343b084-92dc-4710-9245-1beecb6a8392,Careem,Transport Services,5,2025-08-11,روعه,Positive
dc70e1ba-450f-4a1d-b6da-8b1a44f37f6e,Careem,Transport Services,5,2025-08-11,ممتاز,Positive
6b28ecfc-2c45-4741-8078-dd0fb9193371,Careem,Transport Services,4,2025-08-11,جيده,Positive
e472882a-d674-44ef-add2-f6c2295708c1,Careem,Transport Services,5,2025-08-11,تجربة رائعه جدا,Positive
de43c7b1-32c0-4957-9567-1e6f517d3c91,Careem,Transport Services,5,2025-08-11,تطبيق ممتاز و الخدمة أكثر من رائعة بس لو في زيادة في كود الخصم,Positive
6dc57f98-b9d1-4711-a48a-eae1ea136249,Careem,Transport Services,2,2025-08-11,تجربتي جيدة لكن خصومات الرحلة ليس لها أساس في الواقع,Negative
cd950f02-d04a-4708-9ed7-17f27fb7153e,Careem,Transport Services,5,2025-08-11,تطبيق كلش راقي بس اكو مشكله انو من بعد التخفيض مال الكرواي السايق الي نصعد وياه ضل يحجي الكرواية رخيصة او نسبة الشركة اهواي,Positive
c2c69b6b-7643-4ec3-9064-8931580a1078,Careem,Transport Services,5,2025-08-11,ممتاز,Positive
ba9c733c-e4cc-4bda-85dd-7ef6fc9918cd,Careem,Transport Services,5,2025-08-11,قمه الروعه و التعامل الحسن يفوز يفوز تطبيق كريم,Positive
e0d7dc17-a5fa-45ff-b384-52005919d7f9,Careem,Transport Services,1,2025-08-11,ليس لديهم اي مصداقية يتم الغاء الرحله عن طريق سائقهم بدون اي سبب واضافه المبلغ على حساب العميل وعند التواصل لا يتم الرد من خدمات العملاء .,Negative
e1601e73-ce3d-4eac-b318-93c5602d2b09,Careem,Transport Services,5,2025-08-11,ممتاز,Positive
72c00ff4-206a-46f8-ac8c-7bfb28f12434,Careem,Transport Services,4,2025-08-11,تطبيق سهل وسلس فقط يحتاج لدقة الأسعار وأن تكون مقارنة ومنافسة,Positive
fd8fe82c-031b-437d-8b5c-6e6222fef613,Careem,Transport Services,1,2025-08-11,الكابتن نصاب وأنا أعطيته خمس نجوم ومش عارف أرجع فيهم لأنه أصلا لا يستحق حتى ولا نجمه واحدة,Negative
d8f218d2-96a2-491e-99d4-56dc4b2ee409,Careem,Transport Services,5,2025-08-11,سهل,Positive
36ba7ada-5c8a-4367-bbea-776c9a1855dd,Careem,Transport Services,5,2025-08-11,fantastic,Positive
6340ffb5-c932-41ac-bdc3-0fcecd51dfff,Careem,Transport Services,1,2025-08-10,"خدمة عملاء صفر , مشتركة فى كريم بلاس وبقالي اكتر من نصف ساعة بحاول التواصل معاهم ومو عارفة اوصلهم !!؟؟؟",Negative
d1c8db9b-6a21-43d4-b392-9d054fafd2a3,Careem,Transport Services,5,2025-08-10,جميل جدااا,Positive
4d66c307-a884-478f-ab12-3d691c71fb22,Careem,Transport Services,5,2025-08-10,تطبيق رائع ثقة امان مصداقية لكن طلبت كريم بعد صلاة الجمعة مباشرة طلب حوالي ١٠٠٠ ريال لرحلة بين مكة والمدينة علما انه لو حجزت الرحلة قبل بيوم كان السعر ٥٠٠ فاضطررت بان اخذ سيارة من الشارع مقابل ٤٧٥ لذلك نصيحة لو كنت ترغب في استخدم كريم عليك حجز رحلتك بوقت مسبق وبغير اوقات الذروة,Positive
3b4779b0-68e2-4634-bd83-2487e1a3625e,Careem,Transport Services,5,2025-08-10,ارجو زيادة اجرة الكابتن وتوفير ضمانات لهم كون خدمتهم فوق الرائعه,Positive
0ac79452-453f-4600-9469-7fd04b355374,Careem,Transport Services,5,2025-08-10,في حساب الاجرة، تقرب الى اقرب عملة مستعملة، وتجاوز الكسور.,Positive
41471d44-9b41-4030-a7d2-8854d8359af7,Careem,Transport Services,1,2025-08-10,أسوأ تطبيق وأسوأ كباتن,Negative
f771eb69-b2df-40d6-8742-bb725d03b9cb,Careem,Transport Services,5,2025-08-10,ممتازين وشكرا على الخصم,Positive
074c7bb8-90ff-4250-bb93-e9950aa1fddb,Careem,Transport Services,5,2025-08-10,برنامج ممتاز جدا واسعاره جدا جدا مناسبه واسعدني التعامل معه,Positive
19fb75f3-cf40-46d5-afba-b34064ea0ce2,Careem,Transport Services,1,2025-08-10,تجربة سيئة مع كريم بلس اجباري داخل الرياض وتم التجديد مع اني انتقلت لمدينة جدة لاتخدم كريم بلس وتم الغاء كل مميزات كريم بلس ولم استطيع الغاء الاشتراك وتم الرفع والاتصال عشرات المرات ولم يتم اتخاذ اي اجراء اليوم بدلت من جدة الى الرياض والغيت الاشتراك للاسف انا اجتهدت وفكرت كل موظفين كريم وموظفاته تم الرفع للجهة المختصة ولم يتم اتخاذ اي اجراء,Negative
c6127c1d-6ee4-4a88-b8b4-362f13125fc4,Careem,Transport Services,5,2025-08-10,ممتاذ,Positive
6d862aa3-db34-4646-a5c1-f07ab5e3267c,Careem,Transport Services,5,2025-08-10,تجربة ناجحة وأسعار رائعة والتعامل راقي,Positive
ead92539-ebcd-44d6-bb48-5c05cb2eaa08,Careem,Transport Services,1,2025-08-10,تطببقكم دينزل مستواه بشكل تدريجي للاسف جنت اعتمد عليه بكل مشاوريري,Negative
01bee6a2-dff8-4707-bdc8-718f28a08cef,Careem,Transport Services,5,2025-08-10,ممتاز,Positive
e6b9c494-e45a-4397-af9f-cfbddc2f1b1d,Careem,Transport Services,1,2025-08-10,سيء جدا وتم فرض عليه رسوم بغير وجه حق ورفضوا يشيلوها تم مسح البرنامج,Negative
fb98b025-7ccd-47ee-aa13-7427faf19121,Careem,Transport Services,5,2025-08-09,شكرا,Positive
c08e2263-e9c4-486d-a054-23bd5ef3de47,Careem,Transport Services,1,2025-08-09,للأسف تجربتي معاه فاشلة مرتين يحصل غلط ويخصمو مني مبلغ كبير لإلغاء الطلب رغم انو في نفس الدقيقة يتم الالغاء . للأسف تم التواصل معي ورجعو غلطو أكثر من قبل وكل شوي شخص يقولي رح نحقق بالموضوع,Negative
632bba1d-071a-4f93-9544-d511c70199c0,Careem,Transport Services,1,2025-08-09,ما انصح فيه تطبيق سيء وتعامل اسوأ وتم سرقة مبلغ دون وجه حق من محفظتي في التطبيق وتم التواصل معهم والحجه كانت انني تجاوزت الـ 7 ايام ولم يعيدو لي المبلغ الله لا يسامحكم,Negative
a17744fb-1029-42f7-b418-1487954ca073,Careem,Transport Services,1,2025-08-09,أسوأ تطبيق لا أنصح به,Negative
dfdc5214-00bd-449b-9351-0c02095508a9,Careem,Transport Services,5,2025-08-09,مكيف ومريح,Positive
1801c8d4-8be7-4571-903b-ea05b1c0169e,Careem,Transport Services,5,2025-08-09,ممتاز,Positive
922634a6-6037-4cc5-b1db-56efcfb362a8,Careem,Transport Services,5,2025-08-09,ممتاز,Positive
d3285cc4-9116-414d-9c0e-84f6383169ca,Careem,Transport Services,5,2025-08-09,ممتازه,Positive
f077478b-2a8d-4c2e-a75b-2f977c86252f,Careem,Transport Services,5,2025-08-09,جيد جداً,Positive
d8c4959e-33ba-4760-be90-0e18e8f1fafa,Careem,Transport Services,1,2025-08-09,Bad service,Negative
0b5c5174-fa94-4212-af45-a0a5ad58e07e,Careem,Transport Services,5,2025-08-09,ممتاز وكل الكباتن محترمين وكلهم بيجو بسرعة .....,Positive
306339c3-f924-44e2-bb2e-f99538b78150,Careem,Transport Services,5,2025-08-09,ملتزم ولكم الشكر علي مدي سنين,Positive
59462193-2b81-4ee7-8fb8-92b56ee578ce,Careem,Transport Services,1,2025-08-09,نجمة وكثير عليكم شركة فاشلة,Negative
3771ccbe-ecf4-4cf5-aab9-5700be3db26d,Careem,Transport Services,5,2025-08-09,ممتاز,Positive
9f0dc712-37b9-435f-a6c2-862577424a45,Careem,Transport Services,5,2025-08-09,ممتازة كتييير,Positive
77c6f4ac-7ea8-48ff-8263-6dc1cd1871db,Careem,Transport Services,5,2025-08-09,تطبيق رائع,Positive
f1cc80d2-8757-406d-9cb4-5cd44a539208,Careem,Transport Services,1,2025-08-09,سيئ جدا طالع من المطار وطالب كابتن الأول الغا الطلب والثاني قالي اصبر شوي بعدين الغا الرحله واتفاجائت انه مكلمهم انه وصل وانا ماجيت واخذوا ٨ ريال مني فوق ذا سحبوا ٥٨ وعبال مايرجعوها ١٠-١٥ يوم عمل! لا حول ولا قوة الا بالله,Negative
7716d36c-0120-4c82-a034-804f6a28adf2,Careem,Transport Services,5,2025-08-09,افضل شركه تكسي في بغداد,Positive
d6419615-4ded-47fe-88e2-d758afacb3c2,Careem,Transport Services,5,2025-08-09,ممتاز وخدمة سريعه,Positive
113bf4da-9111-4858-af0f-3ac5b0af8d88,Careem,Transport Services,5,2025-08-09,افضل تطبيق في جميع المشوار,Positive
699f5c65-51f5-4fab-a470-fd167aafc506,Careem,Transport Services,1,2025-08-09,لا انصح اي احد أن يستخدم هذا البرنامج خدمة عملاء لا ترد و خدمة عملاء عن طريق الهاتف غير محترم بيخدعوه العملاء,Negative
8dfea4f7-1b2f-4829-a0bf-7c49fb4c5781,Careem,Transport Services,5,2025-08-09,كريم 👍🏾 وعلى إسمه كريم .. وخدمة عملاء متميزين وسريعين في التجاوب والإنجاز من تجربة,Positive
871f7c87-fb92-4b92-9dd6-873288853858,Careem,Transport Services,5,2025-08-08,ممتازه,Positive
3e958ce9-b5ce-4ea4-a5ac-c96e33238e18,Careem,Transport Services,5,2025-08-08,ممتازة,Positive
466f374c-2739-44a6-aa1c-017e3322aab2,Careem,Transport Services,1,2025-08-08,زفتتتتت اتخيل طلبت التوصيل كان بسته ريال الكابتن طلب مني الغي الطلب انا الغيت طلبت مره ثانيه وطلع لي 17 ريال والا انتبهت الا وقد وصلت حاولت اتواصل معاهم ولا في اي تجاوب,Negative
946e92a3-90ac-44da-836c-5ef6731b88d1,Careem,Transport Services,5,2025-08-08,ممتاز كليا,Positive
5c255f6c-285d-4610-a89f-2b3573d26783,Careem,Transport Services,5,2025-08-08,ممتازين,Positive
76478225-3254-407d-a9b9-7c1f363a98b8,Careem,Transport Services,4,2025-08-08,جيدة,Positive
44eeecf8-eab3-492a-9da2-cd003de13748,Careem,Transport Services,5,2025-08-08,رايع,Positive
082eac99-13db-4beb-93ab-893635b1a90c,Careem,Transport Services,5,2025-08-08,ممتاز رائع مصداقيه,Positive
3f8d801b-8b11-4f5d-8d79-66b8f3a02419,Careem,Transport Services,5,2025-08-08,ممتازه جدا,Positive
8171b315-f5a9-44f5-a446-a461dd24007d,Careem,Transport Services,5,2025-08-08,ممتاز,Positive
3a60fcaf-383a-4773-9afd-e12d7309d2e2,Careem,Transport Services,5,2025-08-08,رائع,Positive
5b63bc4a-72a2-4bc9-b5a5-8ef5649d4324,Careem,Transport Services,5,2025-08-08,مفيد جدا و خصومات مناسبة,Positive
0312c01b-d39d-47a9-9e88-e5d1c7fd21ad,Careem,Transport Services,5,2025-08-08,رائع,Positive
9e4231b5-ce35-48eb-89c4-3f94735008bf,Careem,Transport Services,5,2025-08-08,شركة محترمه من احترامها لعملائها شكرا كريم,Positive
04a16b9a-a7a1-4f5d-bcee-4743882a7981,Careem,Transport Services,5,2025-08-08,تجربه ممتازه والأكواد تعطينا خصم حلو .. شكرا كريم,Positive
fc9de02f-9c5b-407d-b60c-34badca8970c,Careem,Transport Services,5,2025-08-07,مناسبه,Positive
96ff8a41-cc7d-41f3-be56-9cdf3f57fdd0,Careem,Transport Services,5,2025-08-07,تجربة ممتازة خاصة بعد تخفيض اسعار الرحلات,Positive
48adf09d-8ac2-40af-a644-edb589b9b3a6,Careem,Transport Services,1,2025-08-07,نصااااابين التطبيق كان معلق من عندهم وانا حاطط خيار الدفع على محفظة كريم وخصمو من الفيزا تبعتي ٣٠ دينار وبعدين بحكولي ما في ترجيع للمبلغ,Negative
65f02c5d-c9b2-45e9-83f9-857cccb398a3,Careem,Transport Services,1,2025-08-07,أسوأ تطبيق ممكن تتعاملو معه لما طلبت خصمو من رصيدي بالفيزا تلات مرات قيمة ٣٠ دينار واتا حاطط بالمحفظة عندي ١١ دينار غشان اطلب خصمو المصاري وما رجعوهم لأنهم نصابين,Negative
6d4a0bc6-8226-4f30-87ed-a742ec941cd6,Careem,Transport Services,5,2025-08-07,جدا ممتاز,Positive
61e932c7-2b62-4a10-a38f-2371d103771e,Careem,Transport Services,1,2025-08-07,برنامج. سئ جدا وخصمو مني مبلغ من الفيزا بتاعتي والسواق مجاليش ولا الفلوس رجعتلي شركة نصابة واتواصلت اكتر من مرة ف الدعم. مفيش اي رد,Negative
20fd3742-f42a-4262-8a42-8067d1bcf4de,Careem,Transport Services,5,2025-08-07,رائعة,Positive
620ce161-2caf-413a-a65a-215d05bb89f4,Careem,Transport Services,5,2025-08-07,تطبيق رائع ومصادقيه الشركة مع الزبون والدعم فعال وسريع,Positive
f4b3f2b2-99ac-42a8-85e9-d30c96dcb0e6,Careem,Transport Services,1,2025-08-07,اسوء تطبيق يتم أخذ مبلغ من atm بدون الرجوع اليك سي جدا,Negative
70402529-423d-492f-b0f3-4bc50fc4a5f1,Careem,Transport Services,1,2025-08-07,سي جد خدمه عمله سيىئه جدا. طلبت طلب غلط كاش كلم الكول سنتر بالغلط سحب المبلغ بدون الرجوع ليه من ATM اسوء شركه توصيل طعام,Negative
429ba5f9-8b94-4258-ad8e-d65152cabf38,Careem,Transport Services,5,2025-08-07,👌,Positive
97158cbc-21cc-4124-b880-a888ba363cf5,Careem,Transport Services,5,2025-08-07,ممتاز. انصح به,Positive
a792f758-cdd3-4b3e-aa22-77048a526e83,Careem,Transport Services,5,2025-08-07,ممتاز يعطيكم العافية,Positive
3adac1a3-0c75-4657-b0a9-d34c1be4993f,Careem,Transport Services,5,2025-08-07,ممتازه,Positive
005c7af6-038e-41c1-b716-0eb610081efd,Careem,Transport Services,5,2025-08-07,nice 👍,Positive
a5196acb-9dfa-4803-94e6-eb545992bd00,Careem,Transport Services,1,2025-08-06,تطبيق فاشل في الطلبات وعروض وهميه تم حذف تطبيقكم الافضل نون وهنقرستيشن مصداقيه للعروض,Negative
330be443-790f-4d17-b2a5-aad52a156669,Careem,Transport Services,1,2025-08-06,Not safe,Negative
eb5d9b88-571f-4106-9d11-8d743aeeb325,Careem,Transport Services,5,2025-08-06,ممتاز,Positive
db8eac47-0549-4d3b-9362-2b5efc7ca825,Careem,Transport Services,1,2025-08-06,عمي تطبيق تعبان اطب اريد اشوف السعر يخابرني السايق زين انا اريد اشوف الاسعار اول شي يجوز ماتعجبني يجوز اغير رئي وانوب سايق يلطش اله تحضره صدك جذب عمي منتهين انتم,Negative
428a97da-6d88-468e-bbb2-be720f7dd127,Careem,Transport Services,5,2025-08-06,جيد جدا,Positive
6c5b8c7b-37df-45d4-8981-945d3a591988,Careem,Transport Services,1,2025-08-06,الخدمة سيء جدا والكابتن بيلغي المشوار من عنده بعد تأخير نصف ساعة وبعدها يتخصم من عندي الفلوس ارجوا تحسين الخدمة واختيار السائق الملتزم بقواعد الشركة,Negative
99f7e9a7-992e-4e3b-aa76-fc9629266ce0,Careem,Transport Services,5,2025-08-06,تمام,Positive
ceeabaa4-cff0-45a9-8214-07fd6f275b2a,Careem,Transport Services,5,2025-08-06,كويس وسريع وسائين وسيارات كتير نظيفه,Positive
c4067305-5da8-4879-81fd-f9cca98803d3,Careem,Transport Services,5,2025-08-06,من أفضل التطبيقات وخصومات ممتازه وأسعار جدا جدا مناسبه,Positive
d47ca831-d29f-4c3d-88a5-938943daaf91,Careem,Transport Services,5,2025-08-05,ممتازة,Positive
8b04397c-f17d-453c-9a46-bc2c3eed6bbd,Careem,Transport Services,5,2025-08-05,ممتازة,Positive
cfd9c72e-aef8-4bf3-8c61-66dc863850f4,Careem,Transport Services,1,2025-08-05,زفت وسائل الدفع الالكترونى تحت الصفر، ويوجد رصيد ولا استطيع استخدامه,Negative
869cc241-4319-40c0-85a2-325d14ea4f04,Careem,Transport Services,5,2025-08-05,تطبيق جيد . إن الله تطوير احسن,Positive
4d80dba0-b4c1-4bb4-abb7-7454b553d550,Careem,Transport Services,5,2025-08-05,رائعين.. آمل أن تظلوا على ذات النهح,Positive
6a625c44-1544-45e2-b252-f659aab427c1,Careem,Transport Services,1,2025-08-05,سيئ لابعد الحدود كان معي 100 درهم ولدي طريق عودة بالمترو واخبرني ان رحلتي ستكلف 88 درهم بحد اقصى لاتفاجئ ان التكلفة وصلت 95 وانا لم اصل بعد نزلت من التكسي و انا الان في العدم لا اعلم اين ولا اعلم ماذا افعل احترموا مستخدمينكم,Negative
6f09f1a9-7b96-4e72-871b-7046a626a8a9,Careem,Transport Services,5,2025-08-05,excellent,Positive
be104e47-ed9b-4813-bf62-c0073f7466ea,Careem,Transport Services,5,2025-08-05,جيده,Positive
45c0081f-6b40-4171-8f6a-5ebd1c718db3,Careem,Transport Services,5,2025-08-05,راااائع,Positive
fa3ecd28-c001-45bc-9056-a4abf9421fc2,Careem,Transport Services,5,2025-08-05,perfect,Positive
19d1f696-269b-423d-a82e-67958031bc41,Careem,Transport Services,5,2025-08-05,جايد,Positive
4ef165de-8f84-4d85-860d-d64951485d11,Careem,Transport Services,5,2025-08-05,ممتاز واسعار حلوة,Positive
1bc72197-1b0b-430a-8d9d-228993923d4f,Careem,Transport Services,5,2025-08-05,رائعه,Positive
24a80aed-d30e-4c78-83aa-22b1f117de60,Careem,Transport Services,5,2025-08-04,برنامج جميل وبلاقي اللى عايزه,Positive
019809b0-a22f-49d9-8579-1d1ed583ec6c,Careem,Transport Services,5,2025-08-04,أكثر من رائع 🤩,Positive
cd8e6162-d6f4-4bd3-aaf9-cdc32dfb36d4,Careem,Transport Services,5,2025-08-04,تجربه اكثر من ممتازه,Positive
89e1bc78-c840-4e61-94a5-8b928dfbd7d8,Careem,Transport Services,5,2025-08-04,ممتازه وثقه,Positive
ad90f08a-99e4-4eec-94dd-74ac22cfd1c5,Careem,Transport Services,5,2025-08-04,كريم فعلا كريم اسعارهم حلوه وأهم شي ثابته ماينفع السعر,Positive
9c9e12df-65e0-4629-a668-e12b4bd411c6,Careem,Transport Services,5,2025-08-04,ممتازة,Positive
27335fa4-c1ed-4914-805d-9498dfd09665,Careem,Transport Services,5,2025-08-04,good,Positive
4fb86411-e01e-44c1-8ccf-e6ce9c3c1c45,Careem,Transport Services,5,2025-08-04,ممتازه,Positive
19c2a13e-f7f1-4a27-9e9a-7b206b63e179,Careem,Transport Services,1,2025-08-04,اخر مرة استخدم هذا التطبيق لان نفذ الصبر كل مرة اكون مستعجلة بيه يكنسلوني الف مرة. بعد ما انتظرهم الف ساعة تطبيق رديئ فقد كل مصداقيتو,Negative
39bbf0ca-33e9-4512-890f-e05ea48ef8b1,Careem,Transport Services,5,2025-08-04,ممتاز جدآ,Positive
a8746e7a-6dc0-4b6c-b7b0-5917fc858f6d,Careem,Transport Services,1,2025-08-04,كابتن نصاب أجرة المشوار 225 أخذ طرق غريبه ودخل بنزيمة وخرج عكس ويلف ويرجع رفع الأجرة 330 حسبي الله ونعم الوكيل فيه والشركة النصابة مش بترد سيارة BYD رمادى رقم 6325 أس و السائق اسمه إسماعيل على وسيتم حذف التطبيق,Negative
71a92dbe-84ff-47b4-b7a2-4fd787caf5a9,Careem,Transport Services,5,2025-08-04,جيد جدا,Positive
9d72ebaa-d53e-4e84-9c91-f8a8ad99a446,Careem,Transport Services,5,2025-08-04,ممتازه,Positive
d45aca75-f93c-45b5-8d8b-3b0b25cddff2,Careem,Transport Services,5,2025-08-04,مميز جدا,Positive
ca525197-23bd-4b9e-95d8-98aee0dd1508,Careem,Transport Services,5,2025-08-04,good,Positive
7dac0f50-f647-45dc-98ed-6d617882bdbb,Careem,Transport Services,4,2025-08-04,خدمة سريعة و خصم جيد,Positive
98e00028-39f1-4414-ad3e-1f042f24620f,Careem,Transport Services,1,2025-08-04,تطبيق يوجد فيه مشكلة كبيرة بحيث اذا طلبت شي وضغط دفع على يتم الطلب بدون اي إجراءات وهذا فيه استغلال كبير اتمنى حل هذا المشكلة الكبيرة,Negative
db0cb7d4-87b5-476b-9ca5-645cc671c486,Careem,Transport Services,5,2025-08-04,جيد,Positive
3ff8af6d-fed1-4161-81b4-2799f6d6f807,Careem,Transport Services,5,2025-08-03,افضل تطبيق فل عالم,Positive
6db49792-e187-41f3-adf6-b50441965cf8,Careem,Transport Services,5,2025-08-03,تجربة جيدة جدا,Positive
c53eadd1-ca1b-4a00-b611-5c6968f2e7bd,Careem,Transport Services,5,2025-08-03,تطبيق جدن رائع,Positive
1366db9b-f81c-4286-a288-1499b0bd35c4,Careem,Transport Services,5,2025-08-03,مشاء الله عليها في قمة الأدب والأخلاق العالية والسيارة جميلة ونظيفه شكرا لكم انصح الجميع في الركوب معها الرسالة موجهه للنساء حفظكم الله جميعا من كل سوء,Positive
fe5064e0-8a91-4128-bede-87792b76ca6a,Careem,Transport Services,5,2025-08-03,مشاء الله ممتاز انصح الجميع به,Positive
8030b79e-98b8-40ae-a63a-42e5a4c452b7,Careem,Transport Services,5,2025-08-03,Good,Positive
70595e05-030b-46e9-9259-40425a55182e,Careem,Transport Services,5,2025-08-03,تطبيق أكثر من رائع ومصداقيه في مواعيدهم,Positive
07a232af-72e6-4908-9373-be299f8e4fc5,Careem,Transport Services,5,2025-08-03,خوش تطبيق احسن من بلي واوبر,Positive
9fc14322-3aa6-46d4-bb51-4ded1c9960f1,Careem,Transport Services,1,2025-08-03,شركة متهاونه في حق العميل السواق اخذ الباقي وادعى انه يحطها بالمحفظه تواصلت بالشركه يقولوا ليش تنزل قبل ما يضيفها للمحفظه تجي تقدم بلاغ يقول انتظر بعد ساعه بتنزل ???وفي الاخير الشركه تقول مالهادخل والسواق من جنسية معينة شااايف نفسه واخذ الفلوس بكل اريحيه وثقه الله لا يسامحه وشركة فاشله,Negative
ace6eedc-f6de-49a7-93d0-337e44345ca8,Careem,Transport Services,5,2025-08-03,قياده ممتازه تبريد لطيف زوق في المعامله,Positive
c5e161b9-ef94-45bf-aeed-167bbe9cafea,Careem,Transport Services,5,2025-08-03,ابو حاتم خووش تطبيق.. مرتب ومعدل,Positive
486691b0-ae3f-488a-ab06-81a9133af072,Careem,Transport Services,5,2025-08-03,سلسه جدآ,Positive
b0007eb2-1ce5-4c44-bda0-e352c7bc05a1,Careem,Transport Services,5,2025-08-03,ممتاز جدا ممتاز,Positive
4b3c668b-37e3-4b2d-adb2-0b1cc327039e,Careem,Transport Services,2,2025-08-03,الأول كانت الرحلات رخيصه بعد كم مشوار صارت غاليه ويغلطون ومايعوضون بس الي يسونه حقك علينا,Negative
b2ff461e-fe4f-4968-8ed4-3468c5a1cb3a,Careem,Transport Services,5,2025-08-03,ممتاز,Positive
b6a8dbea-6919-45c3-8f9c-57eb1e648cf5,Careem,Transport Services,1,2025-08-03,بدأت التجربة ممتازة ولكن بعد ذلك اسعار خيالية الان انا استقل التاكسى أقل بكثير من عبث الاسعار لهذه التطبيقات وسأقوم بحذفها,Negative
973c30ac-4060-4df7-8032-f1a4d53695fe,Careem,Transport Services,2,2025-08-03,لا يوجد عروض على رحلات مع العلم اني بستخدم التطبيق بشكل رئيسي,Negative
3919fd75-68c9-4037-9d6d-cd8fbe03ba9b,Careem,Transport Services,1,2025-08-03,للأسف تكرر معي الموقف أكثر من مرة ألا هو إني كريم ثم يلغي الكابتن الرحلة ويحملوني المسؤولية بل وأول يمن علي خدمة العملاء بأنه ألغى رسوم الإلغاء الكابتن يدعي لهم بأنه انتظرني ٣١دقيقة وهذا كذب فهو قال لي إنني لا أنتظر أكثر من ثلاث دقائق وأخذ أكثر من حقه كاش وكل مرة أدخل التطبيق أكتشف فاتورة ليس لي علاقة بها,Negative
36d8c06f-b6e8-4990-abb6-e703d89ef8db,Careem,Transport Services,5,2025-08-03,حلو اووي,Positive
6340b5d0-7376-4296-9f51-3c794d03a817,Careem,Transport Services,5,2025-08-03,مارا يجنن اشكركم,Positive
88350312-b240-4616-bcaf-021378e6d88e,Careem,Transport Services,5,2025-08-03,الكباتن محترمين وأسعارها كويسة والعربية بتجيلنا في أي مكان بشكر شركه كريم أوي وبقولهم بالتوفيق ومن نجاح لنجاح,Positive
0c1e5185-b3e6-47da-8de2-0123567b00c5,Careem,Transport Services,5,2025-08-03,جميل,Positive
8ecf3668-4478-49cb-b808-50af095eceb5,Careem,Transport Services,5,2025-08-02,ب صراحه تعامل 🤙,Positive
f8b83ba8-289a-470b-99e3-540937c198f6,Careem,Transport Services,1,2025-08-02,التطبيق سيئ جدا ...يصل السائق الى موقع مغاير للموقع المطلوب...التكلفة مبالغ فيها.. لا يوجد طريقة لتقديم شكوى...الاسوء على الاطلاق,Negative
c17b0d34-468c-4d28-8223-65f06d14ed1e,Careem,Transport Services,5,2025-08-02,اكثر من جيد جدا,Positive
a7c915a6-4e03-417a-8b09-a059b724d198,Careem,Transport Services,5,2025-08-02,ممتاز,Positive
27bffe7f-b6bc-4bfe-9971-0f6af08c29de,Careem,Transport Services,5,2025-08-02,جيدة,Positive
d052f4d7-595e-4d4f-8ca0-33fdee5224fa,Careem,Transport Services,5,2025-08-02,ممتاز,Positive
0513e6be-1971-4aee-8c59-4304dbd2c06e,Careem,Transport Services,5,2025-08-02,ممتاز,Positive
5b69141e-eb46-4cc5-971f-9ea59ab5c21e,Careem,Transport Services,5,2025-08-02,رايع وجميل وسهل شكرا لكم,Positive
fd53ca75-6b4e-4ae1-af86-989307446f88,Careem,Transport Services,5,2025-08-02,جيده جدا خوش شركه,Positive
260d05d7-7141-4b9b-a9bf-dfd70729cfbb,Careem,Transport Services,5,2025-08-02,جيد جدا,Positive
8b9e0d9c-0ed3-4d19-90f4-ed2d7d48f248,Careem,Transport Services,2,2025-08-02,التحديث الجديد للتطبيق سئ جدا في الاستخدام عشان بيطلب تحديد مكان الوجهة على الخريطة وده بيكون صعب على ناس كتير وانا منهم وساعات بحدد الوجهة خطأ وافاجأ ان الكابتن بيقولي انو ماشي مسافة زيادة كمان احيانا كتير مش بنبقي عارفين اسم الشارع اللي احنا رايحينه على الخريطة ايه لان الاسم المتداول غير الاسم اللي على الخريطة كمان لو حد كبير في السن هيستخدم التطبيق كده ازاي يعني تحديث في متهى الغباء وخلي استخدام الابليكشن صعب وخلى الواحد بقي قليل لما بيستخدمه دلوقتي بعد ماكنت بستخدمه كتير,Negative
6d49e077-c981-4229-acaf-417cdd5be63d,Careem,Transport Services,5,2025-08-02,تجرية ممتازة,Positive
71273ed7-0281-44c4-bbcf-b04680c0b167,Careem,Transport Services,1,2025-08-02,للأسف التطبيق ظلمني واحتسب أجرة تم إلغائها من قبل الكابتن مرتين بغير وجه حق 😔,Negative
78e6511b-d508-4515-8b52-6d45baf8da42,Careem,Transport Services,5,2025-08-02,مواترهم زينه واسعار معقوله,Positive
f6698d93-3d0f-4dfb-962b-d2de5d10dce4,Careem,Transport Services,5,2025-08-01,جيده,Positive
f0fdd664-22ca-46d2-87c9-14a2ef299281,Careem,Transport Services,4,2025-08-01,تطبيق عملي,Positive
d2bf7ead-0eb1-4015-be54-5900a28d6433,Careem,Transport Services,5,2025-08-01,جيد جداً,Positive
f13d467d-5483-49b6-af4f-a92359a22a6a,Careem,Transport Services,5,2025-08-01,التطبيق الأفضل و الأول بلا شك.,Positive
a44bc761-a474-4c3b-9459-a6145501a654,Careem,Transport Services,5,2025-08-01,جيد,Positive
ab3a6047-0b81-4e13-9dc5-6e9c4a8f7e54,Careem,Transport Services,1,2025-08-01,سيئ للغايه,Negative
af5ff479-48f7-4670-9ef1-9fcaed8fe10a,Careem,Transport Services,5,2025-08-01,سيارات مريحه وسريع جدا 🤍,Positive
e136b112-cd06-4c5c-a128-9eea471dd71e,Careem,Transport Services,5,2025-08-01,💚💚💚💚,Positive
b4610b0d-ab57-46af-a0cd-ba9a3071944f,Careem,Transport Services,5,2025-08-01,جميل جداً,Positive
6edda200-6cd5-4e66-b7e0-808389dad57a,Careem,Transport Services,5,2025-08-01,حلو,Positive
ddbcd44f-1b10-45e2-961c-cc2c37902671,Careem,Transport Services,5,2025-08-01,تطبيق ممتاز,Positive
6f7bbf41-c6bb-4ff1-8c5d-77132a7500a1,Careem,Transport Services,5,2025-08-01,كريم وبسسس يفوز كأفضل تطبيق ومازال بالصدارة دائماُ,Positive
622cd5ef-71bb-4bc6-8505-521063b02026,Careem,Transport Services,5,2025-08-01,نموذجية,Positive
73b1265d-a8b0-47de-b1f5-40d2099599a4,Careem,Transport Services,1,2025-08-01,تطبيق نصب و احتيال اسعارهم ابد مو مناسبة و حتى لو طلع اك مبلغ مناسب بس تنتهي الرحلة يرتفع,Negative
17dc65d4-215d-43e7-bab5-a34bad1f1e0c,Careem,Transport Services,1,2025-08-01,صفر تقييم مايعلمونك تفاصيل الرسوم حقت الدراجات والسكوترات دفعت ١٩ واخذ من عندي ٢٩ وانا مدري الله لايوفق تطبيقكم ي شيخ ي سراقين انتبهوا,Negative
03ef781a-2ca2-43d1-abe7-8f401549edc4,Careem,Transport Services,5,2025-08-01,❤️❤️,Positive
c3ff4b9b-6034-4f7a-9572-32fb3a2ea998,Careem,Transport Services,5,2025-08-01,تطبيق ممتاز بس الموقع ما يطلع للسواق نفس المكان,Positive
5a511e17-0dbb-42a7-89de-c648e3765444,Careem,Transport Services,5,2025-08-01,حلو جدا تعاملهم راقي,Positive
377eadbf-eed2-40f6-8e4c-3db7a6931763,Careem,Transport Services,1,2025-07-31,تطبيق سيء رحلات عديده كود خصم واحد مايعطوك ويقظر لك اجر الرحله بعدين الكابتن ياخذ زياده,Negative
6c8ae29b-9453-4707-8640-bba628d9e67e,Careem,Transport Services,1,2025-07-31,ما انصح فيهههههه طلبت منهم و الغيت ارحله و الحين يطلبوني عشره وانا م راحت,Negative
7794a2c8-e225-4bca-8c93-51ca78ca7ce5,Careem,Transport Services,1,2025-07-31,سيئ بمعنى الكلمه لعدة اسباب من خلال تجربتي واكلم الموظف علشان يساعدني ف حل المشكله يقولي آسف ما اقدر اسويلك شي!!! انتظر 48 ساعه لين يردون علينا خبر من الدعم الفني!!!!,Negative
bd000d8c-f87a-4ca4-b815-e3d017a25835,Careem,Transport Services,5,2025-07-31,جيد,Positive
f42f2468-419c-4115-89ec-1c8a2b5fac1f,Careem,Transport Services,5,2025-07-31,تجنننننن تجنن كريم بمشاويرر م كم سنة ولا فكرت برنامج كريم وتوني اليوم ف عام١٤٤٧ه‍ محمله مو طبيعية كريم احسن من بولت وبس ❤️❤️❤️❤️❤️❤️❤️❤️❤️❤️❤️❤️❤️❤️❤️❤️❤️❤️❤️👏🏼👏🏼👏🏼👏🏼❤️❤️❤️❤️❤️❤️❤️❤️❤️,Positive
f1b37b50-c247-4c26-b93f-699201bcfab6,Careem,Transport Services,1,2025-07-31,سيء اغلب مناطق محافظة المفرق لا يعمل بها,Negative
c0627e99-0f73-4c1c-ba5c-c5b2c96acd60,Careem,Transport Services,1,2025-07-31,تطبيق عجيب غريب خدمة عملاء سيئة جدا الكابتن يلغي الطلب من عنده وانا يطالبوني بغرامة الغاء الرحله وارسل لهم مافيه اي تجاوب التطبيقات الثانيه تعوضك عن خطاء كابتنهم او مندوبهم مو تغرمك ليه هو يلغي الرحله بخصوص طلبكم التواصل تم التواصل معكم بثلاث رسائل عبر التطبيق,Negative
d675e1d2-39f0-4a10-8dc8-044b8de4234b,Careem,Transport Services,5,2025-07-31,ممتاز,Positive
020e7e64-4e1d-44d8-92ca-6786999b3ecd,Careem,Transport Services,1,2025-07-31,سيء سيء سيء سيء من اخروني على شغلي وهاذ اتكرر كثير معهم متعبين رح انجلط منهم,Negative
bfdff69c-43ee-4f30-b26c-80f9384461fc,Careem,Transport Services,1,2025-07-31,التطبيق لا يرسل رمز التفعيل بعد أن ثبته مرة أخري,Negative
ecddffdf-adac-4f73-8b8d-fa5343c8add1,Careem,Transport Services,5,2025-07-31,سريع وجيد للتنقل,Positive
6b00e9ae-0ea3-40c8-bddd-7347d56fdf4f,Careem,Transport Services,5,2025-07-31,جيد جدا,Positive
702346eb-3f61-4498-8c03-4675edb7b15a,Careem,Transport Services,1,2025-07-31,التطبيق موجهه للعرب وبدولة عربية وحاطين واجهته انجليزية ابو تخلفكم ياشيخ تجلس ساعة تدور في اعدادتهم السرية عشان تعرف تتعامل معه,Negative
da0f7921-22f9-49f4-b95d-d2904f311d14,Careem,Transport Services,1,2025-07-31,"""التطبيق يفتقر إلى السائقين.""",Negative
9fe2a7fa-bd13-4323-b200-5f6b0dfebf23,Careem,Transport Services,5,2025-07-31,راع,Positive
7d2bbbde-4a4d-462a-8184-9dd544e7af54,Careem,Transport Services,5,2025-07-31,ممتاز,Positive
eb6b81db-5b6a-4f50-a91b-b09779ccab24,Careem,Transport Services,5,2025-07-31,احسنتم احسن الله اليكم بالتوفيق للجميع,Positive
a80a8422-d3a6-40bd-bd46-790b52c736bf,Careem,Transport Services,5,2025-07-31,تطبيق جدا رائع يختار السائقين و السيارات بدقة,Positive
24e4832c-d5ce-45a5-8634-b05ed57723b7,Careem,Transport Services,1,2025-07-31,كريم بقت اوبر يبقي اقفلو البرنامج ونطلب من اوبر,Negative
fd2d95c3-9226-47aa-8d8c-d0ba7bc1f367,Careem,Transport Services,2,2025-07-31,هل بسمح للمقيمين العمل بالتطبيق,Negative
21e06c26-a9ab-4672-82ca-dbc978058623,Careem,Transport Services,1,2025-07-31,غالي جدا,Negative
c1c59e3e-6259-49de-87f3-1c5b16a38295,Careem,Transport Services,5,2025-07-31,رائعة,Positive
192f8f29-2c5e-4db2-906d-761f9468924e,Careem,Transport Services,5,2025-07-31,رائع,Positive
0e55f248-469d-47a9-8c66-19102ea4cc1b,Careem,Transport Services,1,2025-07-31,ابلكيشن مبيحترمش العملاء,Negative
e4866bee-c758-4bc6-b026-a0d5c793c63b,Careem,Transport Services,5,2025-07-31,excellent,Positive
ff6606fc-78fa-42a4-8c65-cea51f9df041,Careem,Transport Services,5,2025-07-30,مريح جدا,Positive
8008a091-d4e4-4a6b-b3f3-7eaa496df689,Careem,Transport Services,2,2025-07-30,الرجاء وجود اختصارات على واجه البرنامج مثل محفظة كريم او الغاء الرحلة او تغيير المكان او الخ ... اهتمامات المستخدم مع كريم للرحلة الحالية . . اثناء الرحلة و قبل الاقلاع. الرجاء وضع تحويل نقاط المكافئات الى رصيد نقدى يستخدم فى المشاوير ع المحفظة . مشكلة جديدة ظهرت المشوار تم الاربعاء وعلى الابلكيشن مكتوب يوم الجمعة اللى لسه هيجى بتاريخ الخميس تانى يوم . مش فاهم اللخبطة دى ازاى تمت من البرنامج زى كريم 🤔🤔,Negative
2baf1456-a337-416f-82cd-f572697b099d,Careem,Transport Services,5,2025-07-30,التطبيق الحمد لله مرر فادني,Positive
42270de7-79d0-4a39-85f1-c14259f60a3b,Careem,Transport Services,5,2025-07-30,ممتازة,Positive
bb783614-750b-41df-91f3-db1e5a3fec6c,Careem,Transport Services,3,2025-07-30,جيد لكن غالي ويتاخر في ايجاد كابتن,Neutral
b807e409-57f3-47d8-b067-ff80c6fedf80,Careem,Transport Services,5,2025-07-30,جيد,Positive
b5c492de-1ab6-44c9-9d5f-be7e872ec3e9,Careem,Transport Services,5,2025-07-30,ممتاز,Positive
86a38ea1-a716-45e3-ae14-e5e1995d7976,Careem,Transport Services,5,2025-07-30,جدا حلو,Positive
6b464825-3319-4e2f-bce0-e6b3e857e10b,Careem,Transport Services,5,2025-07-30,راىع,Positive
3b6d8d48-796d-446b-ba84-0211841cd351,Careem,Transport Services,5,2025-07-30,تجاربي كلها ممتازة وياهم اخلاق وادب والتزام بالمبلغ المحدد,Positive
998caeb2-97b7-46f3-b8fb-736ad2e85e1a,Careem,Transport Services,5,2025-07-30,Ok,Positive
a12acb80-0e43-444b-920b-e4e24074a91f,Careem,Transport Services,5,2025-07-30,الأفضل 🔥,Positive
5f173591-63bb-48a4-b3a5-6af1cdd8d3c7,Careem,Transport Services,4,2025-07-30,التطبيق ممتاز جدا لكن يعيبه ارتفاع اسعارهم بعض الشيء لكن الخدمه المقدمه ممتازه,Positive
2a9e6559-80c9-47d9-bb16-54e7159a1b78,Careem,Transport Services,1,2025-07-30,اسعارهم غالية مع الخصم بعد,Negative
59262529-fd21-483c-8066-0532b5c4e68e,Careem,Transport Services,5,2025-07-30,👍🏻,Positive
431e8d0b-ea9e-41f5-a389-8701b2460657,Careem,Transport Services,5,2025-07-30,جيدا جدا,Positive
8644b2db-4593-434d-9c1c-c5fffdb0d14a,Careem,Transport Services,5,2025-07-29,كويس,Positive
868cf622-3663-49b0-8a27-104450751ab7,Careem,Transport Services,5,2025-07-29,جزاكم الله خيراً,Positive
7ea2354a-a343-434c-811d-5552da1944bd,Careem,Transport Services,1,2025-07-29,تطبيق سيئ لا يوجد به مصداقيه لا ذمه ولا ضمير السياسه حقت الشركه سيئ جدًا كل شي ما انصح احد يحمل التطبيق,Negative
17f4f620-df50-48e5-a8e2-26abde4e31bb,Careem,Transport Services,5,2025-07-29,جميله,Positive
7572d455-1272-4b11-81e1-44dc1e5d185e,Careem,Transport Services,1,2025-07-29,معلق كل فترة,Negative
a8ee8ff4-c77a-407d-abf8-064506e05759,Careem,Transport Services,5,2025-07-29,رائع,Positive
172d273f-4f7b-4eb5-bd67-47a6e980f6a2,Careem,Transport Services,1,2025-07-29,لا يعمل,Negative
1e037198-21f9-44da-b518-eec7b25733e6,Careem,Transport Services,5,2025-07-29,ممتاز,Positive
3903277a-dfe3-4967-8d31-02a3dc12922f,Careem,Transport Services,1,2025-07-29,سيء جداً,Negative
377d9b42-8374-415d-9089-35c00b88dfe7,Careem,Transport Services,1,2025-07-29,تطبيق جدا فاشل سائقين نصابين الكابتن اليوم اخذ مني 3000 وكان سعر الرحلة 1500 والكابتن لما وصلنا فورا شال التليفون و ما خلاني اشوف السعر و حاولت التواصل مع كريم لكن ما يردو علي شركة نصابة,Negative
273c8c4d-d72b-4256-836d-cc9edc773f65,Careem,Transport Services,5,2025-07-29,ممتاز,Positive
56bc5afb-9859-4a8e-b633-3b92244f289a,Careem,Transport Services,3,2025-07-29,من الظروري ان يكون رقابة وقوانين على السائق ٣٥ % من السواق تعاملهم تحت الصفر لمرحلة المسبة والشتيمة على الكاستمر تحياتي لكم,Neutral
ee516cd9-756d-4362-b3e0-3f2194b7496f,Careem,Transport Services,5,2025-07-29,خدمة مريحه.,Positive
3537e17a-5678-407f-8657-78a75ebc910d,Careem,Transport Services,5,2025-07-29,السائق جدآ قمة في الذوق و التعامل و التوصيل ب أسرع وقت جزاه الله خيرا و وفقكم في كل أموركم في ما يرضي الله.,Positive
96184db8-e0ad-423a-84c1-99da9f9c664f,Careem,Transport Services,3,2025-07-29,جميل جدا,Neutral
8e6c4a6d-17f2-495a-b9e7-d6755c0d1929,Careem,Transport Services,5,2025-07-29,شركة رائعة شكرا للخدمات الي تقدموها للناس بالتوفيق,Positive
71c1bf73-3484-48de-a3fc-090df3c8c86d,Careem,Transport Services,5,2025-07-29,ممتازة جدا,Positive
8fb7c529-a051-48f2-9185-5ef68e742729,Careem,Transport Services,5,2025-07-28,جيد جدا,Positive
d6c7ab44-86d7-4f43-bf60-12fe96c9f028,Careem,Transport Services,5,2025-07-28,تطبيق ممتاز,Positive
01f50070-3d9d-4561-afbb-e44ca57706c7,Careem,Transport Services,1,2025-07-28,تجربة غير موفقه السعر غالي جدا من القاهرة إلى معهد الحساسية في العطيفية المبلغ13500 ؟؟؟,Negative
db58b2a5-7179-4f6e-86dc-7422a03aec7e,Careem,Transport Services,1,2025-07-28,التطبيق سيئ جدا .. وتجربتي معه جدا سيئة و خدمة عملاء غير صادقين,Negative
c72b5c7b-1725-416e-b7a5-80969d336d56,Careem,Transport Services,5,2025-07-28,جيد جداً,Positive
8e62082d-e109-4730-ae55-8f2c67ddfb1a,Careem,Transport Services,5,2025-07-28,good,Positive
293d0b0a-65cd-4492-94ca-62b85f9c6edb,Careem,Transport Services,5,2025-07-28,ممتاز,Positive
427deb5a-a2b0-493f-939b-0550cc54060b,Careem,Transport Services,1,2025-07-28,أثمنة مرتفعة مقارنة مع باقي تطبيقات,Negative
225781f2-a7f7-4bfe-bd02-97263eb4100e,Careem,Transport Services,5,2025-07-28,السائق محترم,Positive
a10bd3f5-f20b-4472-905f-fa15aaf02ae0,Careem,Transport Services,5,2025-07-28,ممتاز جدا,Positive
c70e1d7b-8613-482c-b803-8099eedaa28d,Careem,Transport Services,5,2025-07-28,مصداقية في التعامل,Positive
dc1e75a8-2f39-4ef6-999d-ad4332d4e146,Careem,Transport Services,5,2025-07-28,اني هسه راح اجربه,Positive
58acc579-c1ce-4898-af44-ccd44715c223,Careem,Transport Services,5,2025-07-28,كنت تجربه ممتاز,Positive
9d9aaa5d-be3e-4bfa-b45e-284589c065d9,Careem,Transport Services,1,2025-07-28,تطبيق سيء وصعب الاستخدام واكواد الخصومات ما تشتغل مع انها مو منتهيه,Negative
b7a4f6c3-290a-4c29-a81d-641d37bca2d2,Careem,Transport Services,5,2025-07-28,تطبيق ممتاز,Positive
85d15392-1f10-45ea-a0e6-b9e355b7213e,Careem,Transport Services,5,2025-07-28,مبدعة,Positive
701a8d75-91f9-46cb-ab07-044c0555f9f8,Careem,Transport Services,5,2025-07-28,جيد جدا,Positive
be6d8ce6-9486-4cdf-8578-c1004359db09,Careem,Transport Services,5,2025-07-28,ياريت يكثرونه كودات خصم تطبيق اكثر من رائع,Positive
c091e76b-0c74-4980-9c3f-d3005a423893,Careem,Transport Services,3,2025-07-27,ممتاز,Neutral
2afef1f3-3968-4a98-bbb2-5a1277173458,Careem,Transport Services,1,2025-07-27,لا يوجد كباتن بكفاءه وافشل ابلكيشن فى النقل الذكي,Negative
ea29da10-a919-49f3-a253-f6eff6d01dc8,Careem,Transport Services,5,2025-07-27,شركة جيدة,Positive
a5baa42b-dca6-4717-9aaa-d3ae6d59e5fe,Careem,Transport Services,1,2025-07-27,اقيمه نجمه لان سواقهم على المزاج ياخذون الرحله يوافقون وبعدين يلغون يعني فوك النص ساعه ادورلي سايق ماكو مع الاسف افشل تطبيق,Negative
57451ae8-c851-45c1-8975-011e7975be9b,Careem,Transport Services,5,2025-07-27,جميل,Positive
0c563058-26b1-4155-9ae1-7b4981e9babc,Careem,Transport Services,1,2025-07-27,برنامج لا يستجيب .. حطيت رقم الجوال في بداية التسجيل على ان يجيني رسالة نصية لاكمال الدخول .. فلا مجيب .. صااااامت .. دخلت الايميل رجع مرة ثانية ادخال رقم الجوال .. نفس الحالة .. برنامج ميت ..,Negative
bab04e20-28dc-497a-8db7-f64f5be3bd63,Careem,Transport Services,5,2025-07-27,افضل تطبيق مشاوير,Positive
2f269494-6f48-460c-9a77-06291166d8a5,Careem,Transport Services,5,2025-07-27,ممتاز,Positive
e68a83ee-f5aa-44e4-a41d-44c98c3ade2a,Careem,Transport Services,1,2025-07-27,أسوأ تطبيق للأسف غير واضحين ولا يوجد خط مباشر للشكاوى الا في وقت الرحلة وتسدد عن طرق مدى ويخصم المبلغ ويقولك عليك مديونية لم,Negative
53be5f77-da8d-43b5-9525-a124caf78a9b,Careem,Transport Services,5,2025-07-27,خدمة ممتازة روعة,Positive
c3a17426-6d97-456c-bfb4-71123bb3ae79,Careem,Transport Services,5,2025-07-27,ممتاز,Positive
d84aae1f-917d-474d-b74d-c8edff0cc367,Careem,Transport Services,5,2025-07-27,تطبيق جميل,Positive
86a61070-6120-4f1c-9161-d7fed7b04a5f,Careem,Transport Services,5,2025-07-26,جميل,Positive
6224525b-9f11-4cbb-ad52-928c2327d97d,Careem,Transport Services,5,2025-07-26,اريد توجيه شكر خاص لكابتن اسمه احمد عقيل لولاه كان بنتي راح عليها امتحان التوجيهي لولا سرعته بديهته وسواقته المحترفه ماشاء الله عنه ضل معي لحتى تاكدنا انه بنتي فاتت الامتحان حتى انه كان يحكي للشرطة يستنو البنت ويدخلوها شكرا الك والله يوجهلك الخير وين ماكنت,Positive
b950276e-2718-4704-9bc2-6d8757de2d74,Careem,Transport Services,5,2025-07-26,احسن برنامج,Positive
09fd81ce-242b-40d5-882f-9e2d58eb531b,Careem,Transport Services,1,2025-07-26,اسوأ واقذر تطبيق سواقين حرامية سواقين تكاتك مش ممكن غير كدة وإدارة اقسم بالله ولا افشل من كدة زى السائقين الذين يتعاملون معهم,Negative
67acd04d-95c9-40ac-b536-e9a9f53235ef,Careem,Transport Services,4,2025-07-26,جيد جدا,Positive
c80c91dd-f9d3-4ae4-99ea-f303fcb2e5ab,Careem,Transport Services,5,2025-07-26,احسن شركة والسيارات والكباتن احسن ما يكون,Positive
34d98361-c67e-4776-82b5-2f684d50e41d,Careem,Transport Services,5,2025-07-26,ممتازه,Positive
3b5466f7-370c-4696-9f08-e3170862aa94,Careem,Transport Services,5,2025-07-26,جميل,Positive
c5ec4bdc-e6dc-4cc6-a441-4b863ca122b3,Careem,Transport Services,5,2025-07-26,شكرا كريم ..وشكرا لكل العاملين في هذا التطبيق,Positive
66630b9d-7b3d-4a6f-9e02-21eaf245acb7,Careem,Transport Services,5,2025-07-26,التطبيق متاح للمقيمين ؟ والحساب ازاي مقيم بالسعودية الرياض,Positive
14523b4e-83de-4b22-86a8-3eaf9e9742fb,Careem,Transport Services,5,2025-07-26,سائق محترم جدا,Positive
4fb515ce-0fdb-4900-859e-21e9794c53ec,Careem,Transport Services,1,2025-07-26,للاسف خدمات العملاء سئية نسيت اغراضي في سيارة الكابتن وارسلت لخدمات العملاء عدة رسائل بلا فائدة أو اهتمام وحيث انني لا اعرف رقم الكابتن تواصلت بعدة رسائل على مدى يومين فلا مجبيب ... لا انصح بالتعامل مع تطبيق كريم,Negative
05a8ac0f-8d78-48c2-bbc0-28e33b4e6b25,Careem,Transport Services,5,2025-07-26,مميز,Positive
a8f95120-d52b-46d0-95ab-c1d379bd078f,Careem,Transport Services,5,2025-07-25,ممتاز,Positive
ada3376d-c0e7-4a46-9ab1-3c34bafc8434,Careem,Transport Services,5,2025-07-25,عالمي,Positive
b17b4518-afea-45fa-8f21-767b3956f0c8,Careem,Transport Services,5,2025-07-25,رائع,Positive
c4c6a161-c3ee-430b-b33a-0fa08286460f,Careem,Transport Services,2,2025-07-25,اعاني من وجود الى كابتن في منطقه شهداء السيديه في بغداد لا يأتي الطلب لا بعد ١٢ دقيقه اقل وقت هذا,Negative
9eeb7f1c-2b87-4c1a-88d3-6319d570d444,Careem,Transport Services,1,2025-07-25,السائقين مش محترمين كلمت خدمه الدعم اكتر من مره مفيش اي استجابه,Negative
39b8c467-fcdc-471c-9547-c44a904a6f12,Careem,Transport Services,5,2025-07-25,جيده جدا من افضل الخدمات,Positive
7d44bb3e-3809-4bb3-b4b3-895a9384d646,Careem,Transport Services,5,2025-07-25,thank you,Positive
06838739-2671-4f3f-9013-86e83de907b6,Careem,Transport Services,5,2025-07-25,افضل برنامج,Positive
6f37f675-c024-473c-bfc4-e761a49de586,Careem,Transport Services,5,2025-07-25,مفيد جدا وأفضل من اي شركه توصيل أخرى وده لان في امكانيه الاتصال بخدمه العملاء وانا الرحله وديه ميزه مهمه جدااااا,Positive
61eadd64-862c-442e-8884-4ae39a05fe1f,Careem,Transport Services,1,2025-07-25,يقوم البرنامج بسحب مبالغ اضافية بدون تنبيه وبدون وجه حق,Negative
c9ec8b78-6069-4a87-a613-233a07c7c8fa,Careem,Transport Services,5,2025-07-25,أكثر من رائع,Positive
2f730d54-6ed4-45bd-ba50-b2080c6aa7b6,Careem,Transport Services,5,2025-07-25,جيده جدا,Positive
e7aa53c6-bb19-48f2-a43c-4b345f483cb4,Careem,Transport Services,5,2025-07-24,شكرا,Positive
0ed4e809-b7df-45e3-ac8c-4cc2c94b8ea2,Careem,Transport Services,1,2025-07-24,تم الزامي بدفع 13 درهم لمشوار لم اقم به... فقط بسبب تأخر السائق بالوصول في الوقت المحدد لمكاني وقمت بعدها بحجز سيارة اخرى من نفس التطبيق الخطأ ليس خطئي بل خطأ السائق.,Negative
19232814-4c3e-4cb1-915d-e451f1212950,Careem,Transport Services,5,2025-07-24,رائع وشكرا,Positive
e486025b-e71b-4cff-9168-2a673a088a6a,Careem,Transport Services,1,2025-07-24,سيء جدا,Negative
f73f0423-e510-4a05-ad00-8402c8135502,Careem,Transport Services,5,2025-07-24,خوش تطبيق,Positive
d9dcfc90-ba76-4c1f-885b-4a0489804441,Careem,Transport Services,5,2025-07-24,ممتاز,Positive
5912c043-cae7-484d-8315-8a8b3f16c514,Careem,Transport Services,4,2025-07-24,جيد,Positive
08de2a9f-91ac-4f2c-9382-476d226cb8b3,Careem,Transport Services,5,2025-07-24,ممتاز,Positive
8800abb6-e9d1-4ba6-9aad-b2bf6f5c61fe,Careem,Transport Services,5,2025-07-24,ممتازه,Positive
449dff49-3363-4c12-a6ad-ccfc481658e5,Careem,Transport Services,1,2025-07-24,التطبيق بحاجة لتحديث خرائط جوجل بالنسبة للمشواير كباقي تطبيقات المشاوير وايضا خط سير الرحلة لا يظهر بعد الالتقاء بالسائق ولخبطة في المسارات,Negative
90661e3b-d95a-4fd9-9245-4f38ac3347d7,Careem,Transport Services,1,2025-07-24,يجب مراجعه السواقين وأنواع السيارات تبع التوفير والعاديه والأسعار المبالغ فيها التوفير عم بيوصل لل٢٣ ريال وتجي السياره مكسره من جوه وبرا وريحتها دخان بتقتل والمكيف شغال على المروحه بس من المقدمه حتى الهوا ما يوصل للخلف وغير انو السواقين متهورين بالسرعه للجنون اخر مره بنفس اليوم طلعلي رحلتين مع سواقين مجانين وكنت مطره اني اقول للسواق يخفف السرعه لاني مش مستغنايه عن عمري وغير انو مرات بيجي سواق غير الي بالطلب طالع وتحكي معو ما بيرد عشان ما ينكشف أمره ارجو مراجعه هذه الأمور عشان ما تخسرو زباينكم,Negative
b070fae7-397d-4f1c-8897-76c576b6139d,Careem,Transport Services,5,2025-07-24,رائع,Positive
fdd3dfe9-fddd-4fcd-995b-01b51bd5ce8b,Careem,Transport Services,1,2025-07-24,اسوء تطبيق شفته بحياتي وخدمة سيئة جداً ما انصح بيه ابداً اكو هواي شركات افضل من كريم,Negative
31b07f5b-ee5f-4386-b30e-3894ebd4b765,Careem,Transport Services,5,2025-07-24,تطبيق جميل جدا ويستاهل ٥ نجوم صراحة,Positive
67cab50a-e223-45ac-84cd-71ab9372e312,Careem,Transport Services,5,2025-07-24,تكسي كريم تجربة أنصح بها .. دقة في الموعد سلامة في الطريق .. شكرا لكم,Positive
fc8feee0-b9a1-4117-bc61-e49756e28b37,Careem,Transport Services,5,2025-07-24,ممتاز,Positive
f0605cb8-fbbe-48a3-9001-363a4acdfedd,Careem,Transport Services,5,2025-07-24,ممتازه,Positive
a171255b-eeb2-4c7a-ad2c-e11fe19a2261,Careem,Transport Services,1,2025-07-24,انتم اسوأ تطبيق . انا استخدم اوبر وجينى يوميا اكثر من خمس مرات ، واتجنب استخدام تطبيق كريم . لان فى كل مرة استخدمة تزيد عليا الاجرة كثيرا عن ما تم تحديده فى البداية . ولا يحدث ذلك معى اطلاقا فى التطبيقات الاخرى . مثلا هذه الرحلة الاخيرة زادت الاجرة 15 ريال . وعندما اخاطب خدمة العملاء يخبرونى كعادتهم ، اننى يجب ان اخبر الكابتن بسلوك الطريق الصحيح ، هل تسعون الى حوادث عراك داخل السيارات ،بالله هل هذه ادارة . يا اذكياء صاحب الخطأ هو من يتحملة . وعندما يخطئ السائق ويسلك طريقا مختلف فهو صاحب الخطأ .,Negative
9b15c7bc-62cf-4638-acec-5a9a4268dcfd,Careem,Transport Services,5,2025-07-24,رائع جداً والكباتن محترمين,Positive
a9aa1edb-1a3e-4dd1-af6a-94e55b24faf8,Careem,Transport Services,1,2025-07-24,لا انصح باستخدامه,Negative
1f6b0e1f-85a1-489a-9db4-bf622983477b,Careem,Transport Services,1,2025-07-23,خدمه سيئه و سرقت الاموال,Negative
9307f0cf-056d-471f-b3a1-75f54f38a7f0,Careem,Transport Services,5,2025-07-23,النصح التجربه غظ النضر عن الااخرين لكن كريم غير,Positive
0ef52cc6-3941-4094-b42b-d1b83f3e14a7,Careem,Transport Services,5,2025-07-23,بحب سرعتكم 🧘🏿,Positive
db8612ad-368e-46d7-88a1-f30f285bd44e,Careem,Transport Services,5,2025-07-23,تطبيق رائع,Positive
c20d1272-002e-4147-a331-82276a0e03cf,Careem,Transport Services,5,2025-07-23,ممتاز جداً,Positive
70dffce1-a403-418b-bff9-4978a0bd1129,Careem,Transport Services,5,2025-07-23,ممتاز,Positive
56a94873-acbe-4e05-9322-38500634b125,Careem,Transport Services,5,2025-07-23,ممتازه,Positive
23f83ebf-78bb-4938-8c57-b160b6bc031e,Careem,Transport Services,2,2025-07-23,تختلف تكلفة الرحلة بين تطبيق العميل والتطبيق عند الكابتن.. مما يخلق مشكلة عند السداد,Negative
f0ba4849-a068-4d2f-abad-6a76a282c1d5,Careem,Transport Services,5,2025-07-23,اهتمام ممتاز بالعملاء وسائقون محترمون,Positive
5995bbf9-7fdf-4330-901a-d58e3dc1b1ad,Careem,Transport Services,1,2025-07-23,اسوء تطبيق شفتة بحياتي استعمالة جدا صعب وما مفهوم والتكسيات كلة غالي ويلعب النفس تطلبة وانتة كلشي ما تعرف الي يستخدمون كريم شتحسون 😒,Negative
26ca27b0-1ef2-4568-9a8b-ce80ae3adaec,Careem,Transport Services,5,2025-07-23,ممتازة,Positive
a771b4f9-6aac-4d51-a59d-31f01b03d29e,Careem,Transport Services,4,2025-07-23,ممتاز,Positive
957af15a-ee83-4e5a-be2a-21eec4d04994,Careem,Transport Services,5,2025-07-23,Good,Positive
6ee97f37-a199-48e5-a0c5-3e66afade82c,Careem,Transport Services,5,2025-07-23,رااااائع,Positive
8a919752-bf10-45d8-b2ab-e8b5371551e2,Careem,Transport Services,5,2025-07-23,❤️❤️,Positive
f9cd5618-74d7-482a-a4a7-248a91fe4158,Careem,Transport Services,5,2025-07-22,تطبيق مفيد جدا,Positive
f9f82ac9-730d-4902-a3d6-302fe41b3442,Careem,Transport Services,4,2025-07-22,نبغا خدمة أختيار سائق أو سائقة أتمنى لكم رزقا جميلا قويا,Positive
ebdd28df-508e-48d8-aea0-aeddfa22663f,Careem,Transport Services,5,2025-07-22,تجربه حسنه وموفقه,Positive
d05fc0bf-69e8-4814-9812-43b53904747e,Careem,Transport Services,4,2025-07-22,انصح الجميع بالتعامل مع تطبيق تكسي كريم ممتاز و خدمي جدا . المهم يستمرون على نفس الأداء ويتطورون للأفضل دائما,Positive
5734500f-c377-4847-9218-82c553aaabbf,Careem,Transport Services,5,2025-07-22,ممتاز جدا خدمه منتازه,Positive
387c0025-c556-49e4-90a0-dfb990210441,Careem,Transport Services,1,2025-07-22,يجب حجب رقم جوال العميل، لأن بعض السواقين يرجع يتصل ثاني يوم. السواق مختلف عن المسجل في التطبيق، قلت مافيه مشكله، لكن لا السياره و لا السواق و لا رقم الجوال نفس المسجل في التطبيق! مصيبه، لا وفوق هذا يلغي المشوار و يختار سبب عدم تواجد العميل في الموقع، و التطبيق يخصم من رصيدي، تطبيق ضايع و بدون نظام، حذفت حسابي و التطبيق و البدائل كثيرة.,Negative
1708a24d-0123-42db-a4cb-6368f351e274,Careem,Transport Services,5,2025-07-22,بصراحه ممتاز جدا,Positive
1d3f35a2-98b5-41d5-ac14-bcff1694be18,Careem,Transport Services,5,2025-07-22,ممتاز,Positive
a9b77bef-dc8c-4f9c-b374-4f641e37828b,Careem,Transport Services,1,2025-07-22,غالي جدا والسيارات نفسها نفس سيارات باقي التطبيقات والتكسي وخصوصا في اوقات الذروة لايعطي نفس القيم,Negative
e0a605a6-def5-40b2-bd19-4edcd6a151d5,Careem,Transport Services,1,2025-07-22,نفس التجربه السيئه التي واجهتني في تطبيق أوبر وهي النصب. دي دي وإن درايڤر أفضل بكثير من هذه الشركات النصابه. وأنا لا أرمي بالباطل ومحتفظ بكل الأدله التي تثبت كلامي من تسجيلات للمكالمات ولقطات شاشه وفواتير. تم حذف الحساب كما فعلت مع أوبر ولا أنصح بهذه التطبيقات أوبر وكريم فهم شركات نصب عالمياً.,Negative
f2af8d68-cb3f-458f-821a-e81ad69a6ced,Careem,Transport Services,5,2025-07-22,سريعه وعملي,Positive
45abccb0-adae-41a3-99f3-436fc9d14f7d,Careem,Transport Services,5,2025-07-22,ممتاز,Positive
1acc7a5e-24fc-46f1-912f-07f23b1c7a48,Careem,Transport Services,5,2025-07-22,رائع,Positive
75e9a61f-f00a-45cf-902c-cf3633cc910a,Careem,Transport Services,5,2025-07-22,بس أحيان بيكون نفس المشوار وغالي عن اليوم إلي قابله!؟؟؟!!!؟؟,Positive
06cc7cea-3a20-4ac3-821c-c69df442d0f9,Careem,Transport Services,1,2025-07-22,للاسف الي يحسابون الكترونيا تراهم يسحبون ع كل رحله مبلغ مضاعف كان رحلتي ٩ريال وسحبو ٥٠ ريال ولما تناقشهم يقولون والله سياستنا عشان نحمي انفسنا من الاحتيال خلاص نودعها لك بمحفظه البرنامج,Negative
3cfe520e-aa6b-42aa-b4d0-22cca87ae574,Careem,Transport Services,5,2025-07-22,تجربة ممتازة 👍🏻,Positive
5dcee25f-5354-4fa7-b3ed-b0a55f706c45,Careem,Transport Services,5,2025-07-22,اها تمام,Positive
3870a8b1-822e-4af4-be47-f5ae49741916,Careem,Transport Services,3,2025-07-22,يا ريت ونتمنى لو تضيفوا سيدات سائقات ..القصد خانة مخصصة ..احنا البنات نرتاح لو كان السائق بنت نتمنى تضيفوا هالخانة قريبا,Neutral
f481b6d4-483a-4b0d-a09d-ebcacef058c0,Careem,Transport Services,1,2025-07-22,تطبيق سيئ عباره عن عصابه,Negative
f91ec56b-acf0-4244-acf8-720d770b9c53,Careem,Transport Services,1,2025-07-22,سيء للغاية برنامج يستقل بعض من المتضررين بالبرنامج والعلم الثاني والأهم ان إدارته في بلد لا يتوافق مع أساسيات وخصوصيات ومصداقية الجودة وتسيب في انتظام سير العمل وخلق اعتمادات وخصوصيات لا صحة لها في القوانين بداخل البلد المنشأ يتم حذف التطبيق بشكل كامل وبالله التوفيق والنجاح الدائم,Negative
31a1e926-0f74-4c0f-b8d3-cf9a22d93657,Careem,Transport Services,5,2025-07-21,☆☆☆☆☆☆☆,Positive
69851cc2-91c8-4cf4-8387-1856034e24f9,Careem,Transport Services,5,2025-07-21,رائع,Positive
fca555f5-7492-4676-82e3-0fb58b327d32,Careem,Transport Services,1,2025-07-21,سيئ جدا لان مسافات,Negative
83d9b6a2-c6c7-4c0d-85ba-a2c369c19680,Careem,Transport Services,5,2025-07-21,تمام,Positive
0552c7bc-9b64-44f4-80a1-e9a0f7a60666,Careem,Transport Services,5,2025-07-21,رائع,Positive
1bf99333-d1ac-4fea-8c01-65a8214c85b4,Careem,Transport Services,5,2025-07-21,جيدة,Positive
5bae1d34-2c26-4370-844c-a50765592d17,Careem,Transport Services,5,2025-07-21,ممتاز,Positive
97ee9c0c-8192-4446-9969-0db3c98c4bd8,Careem,Transport Services,5,2025-07-21,جميل جدا,Positive
13aa5ba2-5f78-4df6-b9b5-20418e1148fa,Careem,Transport Services,2,2025-07-21,ماكو خصومات المستخدم جديد حتى نغير رائي بتطبيق وجربه,Negative
b68f8652-fba9-4a96-b284-f39031060271,Careem,Transport Services,5,2025-07-21,رائع,Positive
133b1da7-8c7d-412b-8592-518e861408e7,Careem,Transport Services,5,2025-07-21,ممتاز,Positive
4ee35c5b-c50b-420a-bf55-5d7a235df649,Careem,Transport Services,5,2025-07-21,ممتازه,Positive
4d392b8e-3f06-4810-ac9f-57b9914918e6,Careem,Transport Services,5,2025-07-21,ممتازة وسريعة جدا,Positive
92f1d367-4af6-4bf6-b9f7-f2e9f1983bd3,Careem,Transport Services,5,2025-07-21,سريع ومريح جدا,Positive
6223df82-5624-4dd8-9459-d0efb62afecd,Careem,Transport Services,5,2025-07-21,خدمة سريعة واحترافية..شكرا لكم..👍👍,Positive
fe46e493-1303-47ef-a149-f6c44f25cf77,Careem,Transport Services,5,2025-07-21,جميل,Positive
f0f85c66-62ba-42bc-abe9-4aef9dd18755,Careem,Transport Services,5,2025-07-20,ممتاز,Positive
f0846424-3274-4838-bad6-906f6df1e407,Careem,Transport Services,5,2025-07-20,جيد جدا,Positive
feb7585f-9072-47ba-9c9c-46a87e29c3a2,Careem,Transport Services,5,2025-07-20,👍👍👍👍,Positive
61a75390-3f0a-428d-afc0-e0688a6feae7,Careem,Transport Services,5,2025-07-20,مريح وسريع,Positive
83db585d-ed79-4219-98b1-118fd64c7e66,Careem,Transport Services,5,2025-07-20,وفقكم الله ♥,Positive
8b25e44f-019e-44fd-bd44-86f5bd796baf,Careem,Transport Services,5,2025-07-20,ممتاز,Positive
94e9db1c-f837-48f8-95e5-baa85cde5ef8,Careem,Transport Services,5,2025-07-20,ممتاز جدا,Positive
5baa908e-6b51-4e0c-afd5-878070bcea54,Careem,Transport Services,1,2025-07-20,برنامج عقيم و غير امين,Negative
77191ae1-967b-499d-bd96-7a4fdb715ef6,Careem,Transport Services,5,2025-07-20,نرجو خفض الاسعار,Positive
1fcd1013-cf71-4e5c-b19d-704e5e8a9bf9,Careem,Transport Services,5,2025-07-20,مره حلو وسهل و سريع,Positive
2daf1c15-a243-4fa3-a920-7df692ec2343,Careem,Transport Services,5,2025-07-20,سرعة و امان,Positive
0e503332-4532-4503-a91b-5e50abec3a0d,Careem,Transport Services,1,2025-07-20,إعادة النظر في تصنيف السيارات بما يتناسب مع توقعات العملاء وما يتناسب مع الاختيار مثل اختيار الأعمال، خصوصًا أن الخدمة كانت لها مستوى مميز سابقًا.,Negative
38669323-1b56-4439-a086-475d43b7ceb9,Careem,Transport Services,5,2025-07-20,امان واخلاق❤️ ربي يحفظكم🤲🏼,Positive
f60865e2-47cb-4284-a32c-925695e8e41f,Careem,Transport Services,5,2025-07-20,طبيق حلو وسريع وخدماتهم ممتازة انصح فيه,Positive
3805f4c9-1885-44bf-9b2a-75b240e2f1a4,Careem,Transport Services,5,2025-07-20,ممتاز,Positive
0c57e218-cbab-4a9f-a5d1-7e6ea7732141,Careem,Transport Services,1,2025-07-20,تجربة سيئة جدا ومافي مصداقية بالاسعار الظاهره عند طلب الرحلة اخذت طلبين بأول مره زادوا علي ٥ ريال وثاني مره بنفس اليوم زادوا علي٧ ريال هذا يعتبر نصب وعدم مصداقية في التعامل مع العملاء عكس باقي التطبيقات بالاضافة انني ساقوم بإلغاء تثبيت التطبيق ولن اكرر هذه التجربة,Negative
8978b51b-fec0-4a52-ad08-2c551b486f59,Careem,Transport Services,1,2025-07-20,سيء,Negative
6402ec20-7971-4f7e-b9a9-04886607c3f5,Careem,Transport Services,1,2025-07-20,اسعارهم غاالية جدا جدا عن تجربة أتحدث ولن تتكرر بإذن الله,Negative
fd059efb-1d87-4087-9e24-d796f05fee0d,Careem,Transport Services,5,2025-07-19,كفووووو,Positive
a5043114-0ef5-44f4-9910-44969e148303,Careem,Transport Services,5,2025-07-19,تطبيق ممتاز ورائع وتعامل سلس شكراً لكم,Positive
225955bb-b631-4b82-a62e-99fdb8632cc8,Careem,Transport Services,5,2025-07-19,الصراحة اسعارهم ولا فالخيال قسم انها مجنونة واتمنى يستمرون كذا,Positive
a246630b-8bc5-43ea-ad80-17235f8a015a,Careem,Transport Services,5,2025-07-19,ارقه تطبيق جدا. راقي,Positive
a336f88b-f5c7-4f8e-9fea-576da0dc8def,Careem,Transport Services,1,2025-07-19,تطبيق سيء جدا السبب: مطاعم قليله جدا جدا الي بتوصل لمنطقتي(اربد المزار الشمالي) اتمنى انهم يحسنو التطبيق,Negative
c4eae8bb-cb8f-45de-840b-f9024c5d3424,Careem,Transport Services,5,2025-07-19,ممتاز جدا,Positive
b2c806c4-8fc3-4d43-a767-dc9aa3d441d5,Careem,Transport Services,1,2025-07-19,بعد آخر update بقا سئ جداا وبصعوبة عشان ألاقي كابتن للرحلة و feature إن كابتن يقبل وهو معاه رحلة دي سيئة جدا بيقبلو ولما يخلصو الرحلة يلغو الرحلة بتاعتي قبل ال update كان افضل,Negative
5a651567-75f2-4915-81b3-869c22054d4c,Careem,Transport Services,5,2025-07-19,تطبيق جيد ورائع,Positive
a3ca059a-9d3e-45cb-8518-865f3dba64e3,Careem,Transport Services,5,2025-07-19,السلام عليكم تطبيق جميل ورائع وجدير بالثقة أستطيع شحن رصيدي في تطبيق كريم في اي وقت وبأي مبلغ واطلب السيارة حسب رغبتي ويتم خصم مبلغ الرحلة تلقائي والكابتن يسير على حسب موقع الوصول ( اللوكيشن ) . يعطيكم العافية الكابتن ذو أخلاق عالية وهادي ورائع في القيادة اشكركم على هذا التمييز ولكم مني فائق التقدير والإحترام .,Positive
1491256b-b0df-4d4d-9e5e-6914dfff57bb,Careem,Transport Services,5,2025-07-19,افضل برنامج,Positive
80e3623e-044f-41e2-bf00-23bde6a886b9,Careem,Transport Services,5,2025-07-19,تطبيق ممتاز أنصح به,Positive
9a50cb89-4d88-4fe5-9efc-292d4d85edfe,Careem,Transport Services,5,2025-07-19,ممتاز جدا,Positive
3367df7e-80d9-4b5e-b980-591d7949ef9b,Careem,Transport Services,1,2025-07-19,لا انصح بعمل في كريم خصمات بدون وجه حق مشوار استلام علي مسافه 20 كليو خصم من الطلبات تكلم الدعم لا يوجد حل اكره سيئه ولا يوجد ادره شركه حسبي الله ونعم الوكيل,Negative
1ad2edf4-d8e6-4907-9ea7-3a913a99ff7b,Careem,Transport Services,2,2025-07-19,عمي نريد بفلوس ونص منريد غالس مثلن من النجف العير محافظة كون 7تلاف,Negative
5999769c-7325-4e0d-91a3-6411140177a8,Careem,Transport Services,1,2025-07-19,لو فيه حاجه اقل من النجمه مكنتش اتاخرت والله,Negative
c46e2be1-a280-415c-b170-ddf72d23ee31,Careem,Transport Services,5,2025-07-18,رائعه,Positive
bd6d7336-fa37-407d-9f3e-eb3199297fd8,Careem,Transport Services,5,2025-07-18,👍,Positive
51fff215-8531-4d88-8051-b88cd21d684f,Careem,Transport Services,5,2025-07-18,راع,Positive
b33fabdc-daa3-4562-88bc-2502fd102bf9,Careem,Transport Services,5,2025-07-18,👍🫡🫡🫡👍👍👍👍👍👍👍👍👍,Positive
3c9e1354-9bb3-470d-b779-2c03c25b2942,Careem,Transport Services,5,2025-07-18,خدمه جيده لكن أين نقاط,Positive
af0329aa-373a-4a65-8d7f-175928fc766b,Careem,Transport Services,5,2025-07-18,رائعة,Positive
57bdbfe6-c246-43f4-89b9-97991e92eb6e,Careem,Transport Services,5,2025-07-18,ممتازه,Positive
255ba19e-d1ec-4515-8e44-edf25c7ec86a,Careem,Transport Services,5,2025-07-18,تمام,Positive
a2c17979-e11b-47b8-aa58-a7879a7668fe,Careem,Transport Services,5,2025-07-18,رائع السواق,Positive
b49ca8ef-19cc-4ab9-9299-1fd0eeb82a69,Careem,Transport Services,5,2025-07-18,السايق رائع,Positive
b51f0bb5-4cae-4340-b0c2-8d86e9e44f76,Careem,Transport Services,5,2025-07-18,جيد جدا,Positive
98cc43bf-57c2-49a7-8378-481a6910762d,Careem,Transport Services,5,2025-07-18,ممتاز,Positive
124cb551-eae8-427e-8938-70fc70fea898,Careem,Transport Services,5,2025-07-18,ممتاز جدآ,Positive
33c1e322-43c2-4779-9fe7-4da868b30a14,Careem,Transport Services,5,2025-07-18,رائع ❤️🧡💛💚🩵💙💜🤎🖤👍👍,Positive
6561b0cd-d854-4719-b40c-f1443f49faff,Careem,Transport Services,5,2025-07-18,يعحز المديح عن التعبير,Positive
1483f974-a356-4a58-b9fb-073a00de274b,Careem,Transport Services,3,2025-07-17,سيء,Neutral
1a1ffea5-615c-46d7-8068-7a94bc4344f5,Careem,Transport Services,5,2025-07-17,جيد ونحو الاحسن,Positive
4063ed78-d636-47f1-a6fa-2d3e515d4592,Careem,Transport Services,5,2025-07-17,تمام,Positive
4f84b91c-c536-4d62-b8e0-d33931fc4147,Careem,Transport Services,5,2025-07-17,صدق في المواعيد وصدق في الأسعار,Positive
c752c472-3744-4f6e-a857-955ad556cb0b,Careem,Transport Services,5,2025-07-17,ممتازة,Positive
7c61ff67-ebcc-43d9-8434-dc0fedb974a3,Careem,Transport Services,5,2025-07-17,تجربيه ممتازة جدا,Positive
4cd42c10-a198-42f4-833e-f25c30d24ca2,Careem,Transport Services,5,2025-07-17,ممتازه,Positive
f7a19aa8-8bbb-4fc4-b21e-f2b452e28402,Careem,Transport Services,5,2025-07-17,افضل تطبيق,Positive
dcf7461f-2b8c-4a07-afb5-2f9fc8a50cf0,Careem,Transport Services,1,2025-07-17,اسعارهم في مكة مبالغة جدا جدا مقارنة بالتطبيقات الأخرى مثل اوبر وجيني لا انصح بإستخدامه في مكة ابدا,Negative
abb93331-fc92-40af-aa5a-78d43ccd75ce,Careem,Transport Services,1,2025-07-17,سيئ جدا واستغلالي,Negative
522ae176-1849-42cc-a3c1-797bec859342,Careem,Transport Services,5,2025-07-17,رائع,Positive
e5f97b92-5528-4cac-b805-18b769af870b,Careem,Transport Services,5,2025-07-17,روعه,Positive
ebd6fa5a-9345-40d6-b60e-c72a5a994c30,Careem,Transport Services,5,2025-07-17,ممتازة,Positive
af77dc02-3199-45f0-a9f2-1f30b3cde9ab,Careem,Transport Services,5,2025-07-16,ممتاز,Positive
cb390b0f-0aa1-4a8e-93ae-64866c8bb56f,Careem,Transport Services,5,2025-07-16,من اجمل التطبيقات بالتوصيل,Positive
c201c27f-8caf-4d93-9e62-3bc39b8c2d69,Careem,Transport Services,5,2025-07-16,ممتاز,Positive
5c8fd63f-f43e-4ba9-ae76-ae868a906054,Careem,Transport Services,5,2025-07-16,رايحة الدخان و الشيشة بالسيارات قوية جدا تكتمنا و تكتم أطفالنا اتقوا الله فينا,Positive
209dbe7f-d44c-46ad-9595-f43b6c7ac510,Careem,Transport Services,5,2025-07-16,ممتاز جدا جدا جدا جدا جدا جدا جدا جدا جدا شكرا لكم خدمة رائعة في موعدها,Positive
81472738-0756-4338-b449-d9e8a4c9af13,Careem,Transport Services,5,2025-07-16,تطبيق زين وشكرا لكم,Positive
f1ac5529-9ad8-4f72-a749-01f6b5bed7c8,Careem,Transport Services,1,2025-07-16,اسعاركم مرتفعة اوبر أرخص منكم بكثير,Negative
8b81c1c0-918d-4760-bef2-5905a83bcc9c,Careem,Transport Services,5,2025-07-16,ممتازه,Positive
3cc8bba3-4264-4629-8187-f2b89e2206bd,Careem,Transport Services,5,2025-07-15,تحفه,Positive
e2ac39ff-a02d-46c0-a80e-b6bcd9a49c30,Careem,Transport Services,5,2025-07-15,جيد,Positive
c1f44c4d-9118-4c62-9864-f30c3f6ff518,Careem,Transport Services,5,2025-07-15,ممتاز,Positive
917e6c16-7ef8-4f2d-a3c4-57414c077faf,Careem,Transport Services,5,2025-07-15,ماشاء الله تبارك الله السياره نظيفه وناس محترمه وسعر جيد مره,Positive
2b37f221-779a-4098-ae56-34dadde8aaf8,Careem,Transport Services,1,2025-07-15,تجربة الدراجات في التطبيق سيئة جدا جدا، لا أحد يستخدمها الا اذا سأل مجرب للباقة الي بيشترك فيها,Negative
364544a1-9926-405b-a277-e36742701db5,Careem,Transport Services,1,2025-07-15,جربته اكثر من مره في كل مره يكون أكثر سووووء اهم شي عنده الاجره حتي لو ما وصلك السائق,Negative
6bae69f5-5135-4803-9d1f-582d4f361b3b,Careem,Transport Services,5,2025-07-15,الحمد لله تجاربي الى الان ممتازة,Positive
b46ee390-ae66-46b7-9266-e5d4f54c171b,Careem,Transport Services,5,2025-07-15,تطبيق كريم افضل تطبيق وارخص تطبيق واسرع تطبيق واحسن تطبيق جدا جدا كويس انصحكم انه تستخدمون هذا التطبيق,Positive
13410630-f45a-4904-8ccc-10c6b25a6cbb,Careem,Transport Services,1,2025-07-15,والله جنت منطي خمسه نجوم لهذا التطبيق لاكن هسه ميستحق حتى ولا نجه واحده لان السواق الي يجون يلعب طوبه بل عميل وهذا بل الاظافه يقومون بقبول الطلب وبعد ذالك يرفظه,Negative
173f5849-4b71-4be1-a84b-6611136c21ec,Careem,Transport Services,4,2025-07-15,لازم توصل لكل المناطق وخصوصا ضواحي بغداد,Positive
c4444332-4354-47a7-9f25-c2576889d598,Careem,Transport Services,1,2025-07-15,لقد تعرضت للخداع من قبل سائق اريد حقي وتقدمت بشكوى لكن للان لا أحد يرد انتظرت في الحر لفتره طويله و يهو يدور حولي و في النهايه يمر من أمامي ولا يتوقف,Negative
6211081c-718d-4c9d-9824-e706bb409dcf,Careem,Transport Services,5,2025-07-15,جميل,Positive
92017d91-26e6-4f33-8b43-8c81043ec8ab,Careem,Transport Services,1,2025-07-15,لا انصح به,Negative
85120168-b113-4fb5-8cb0-2e8f223795da,Careem,Transport Services,5,2025-07-15,افضل تطبيق توصيل استخدمو على مدى ٧ سنين شكراً لكم❤️,Positive
613393a5-5c69-478a-b1f3-0e0ba1ef21ac,Careem,Transport Services,1,2025-07-15,اسوء تطبيق على الاطلاق لا انصح بأحد استخدامه اشترييت وجبه طعام عن طريقه طلع الطعام سيء انرمى بزباله اتواصلت معهم وقدمت شكوى بالاخر بعد يومين بتصلو معي وبعتذرولي ومافي عندهم سياسه لايرجعولك فلوسك ولا يبعتو طلب غيرو ...يعني الفلوس راحت هيك .....خدمه سيئه جدا جدا وحقك كمستهلك ضايع عندهم,Negative
906f7cee-c6b6-48fe-80e7-0cc9f2ddedfd,Careem,Transport Services,5,2025-07-15,هاييل,Positive
22eab462-ed19-4f2d-a702-c408a80c113d,Careem,Transport Services,1,2025-07-15,معاملتهم غير لائقه وصلني الطلب اكثر من مره ناقص نصيحه ما حدا يتاعمل فيه,Negative
631a640b-c36b-46dd-9ea6-8160ed16f47f,Careem,Transport Services,5,2025-07-15,ممتاز,Positive
6a6dfa02-7457-4e22-9dd5-dcea636c9de8,Careem,Transport Services,5,2025-07-14,إلى الأفضل أن شاء الله,Positive
54fec0f4-3f8d-4abe-8bf4-9d4000b62c7e,Careem,Transport Services,5,2025-07-14,good,Positive
abe09c78-b851-4e11-ad43-ea944de9df23,Careem,Transport Services,1,2025-07-14,سيء جدا. دفعت كاش للسائق وخدمة العملاء اتصل فيني يطلب ان ادفع ٤ مره ثانيه ببطاقة البنك وانا اساسا دافع كاش. لا تعليق. نصب واحتيال. تجنب.,Negative
729d7ced-b675-4884-ba1d-3d66217c3440,Careem,Transport Services,5,2025-07-14,رخيص,Positive
4d76b1f1-238d-4883-add4-8ca61d1023d6,Careem,Transport Services,5,2025-07-14,شكراً جزيلاً,Positive
ff529703-1962-4449-b76b-4da56b9eb98e,Careem,Transport Services,5,2025-07-14,جيدة,Positive
aa21c763-46fd-4056-b5f3-44668b56f2d8,Careem,Transport Services,1,2025-07-14,سئ سئ سئ جدااااااا السواقين بشوات مش بيرضوا ييجول لغاية عندك عشان نقطة الاقلاع مش على مزاجهم و كمان بيلغوا الرحلة من عندهم تقوم الشركة حاطة عليك غرامة اسوء برنامج قيادة ممكن تشوفه فى حياتااااااتك ميستاهلش حنة النجمة اللى هحطها دى ☝️,Negative
ad3a9e0c-fdc3-4e5a-8cbf-d1c20d13d3b7,Careem,Transport Services,5,2025-07-14,تطبيق أكثر من رائع وجميل,Positive
fbf6a7bf-0296-42df-9231-2e828f3b02f2,Careem,Transport Services,5,2025-07-14,افضل تطبيق على الاطلاق كريم يناسب الامهات والاطفال لطلاب المدارس جودة عالية باختيار المركبات وكباتن في غاية الاحترام انصح باستخدامه,Positive
c5663520-998f-4e86-82b3-183f5a9caa88,Careem,Transport Services,5,2025-07-14,تطبيق روعة وسياراته مريحة والكباتن أغلبيتهم من السيرة الحسنة,Positive
5cd19fae-fdc0-41d5-9f92-0ef71859de2c,Careem,Transport Services,5,2025-07-14,جيد جدا,Positive
5d7758cc-30fb-477e-ae1c-2226067a6781,Careem,Transport Services,5,2025-07-14,ارخص تطبيق وافضل تطبيق واروع تطبيق,Positive
fbd3886b-59f5-4dcd-b174-ef1349323eff,Careem,Transport Services,5,2025-07-14,مرررره شكراً,Positive
97f1d0e7-8dd3-4ac5-a228-5eb54deed148,Careem,Transport Services,5,2025-07-14,اكثر من رايع,Positive
edd4af08-5a7d-48ac-b3a4-b0c4a455bb06,Careem,Transport Services,5,2025-07-14,ممتاز,Positive
943a25ba-211b-475c-b612-c61857a9dfdf,Careem,Transport Services,5,2025-07-13,كولش مفيد وخدمات ممتازه عاشت ايديكم,Positive
7054662e-a20d-4fc3-9368-354634f07dc0,Careem,Transport Services,5,2025-07-13,تطبيق ممتاز اهو المنقذ بالظروف الطارئة انصح فيه,Positive
df70b474-c8e7-4cbb-bb31-8b89fa8749f7,Careem,Transport Services,5,2025-07-13,ممتازه,Positive
2ae0d06e-819f-4619-95d7-0dc95e6bbae1,Careem,Transport Services,5,2025-07-13,رائع,Positive
4bd7019e-fc48-45eb-9be8-782e207359b9,Careem,Transport Services,5,2025-07-13,ممتاز,Positive
13e7e722-66e1-4376-9306-7c5ed5e50e8d,Careem,Transport Services,5,2025-07-13,رائع,Positive
75f2290e-b3e3-4511-8efa-f4fb7c14e2e1,Careem,Transport Services,5,2025-07-13,ممتاز,Positive
6b7829ec-a871-4a2b-8a01-ebd48d1a48eb,Careem,Transport Services,5,2025-07-13,🥰,Positive
7bdc1e1b-340e-4090-b64b-21f6c40eb2e3,Careem,Transport Services,5,2025-07-13,ممتاز,Positive
d0c0f559-3270-48ba-9278-4fba2d14ffd1,Careem,Transport Services,5,2025-07-13,جميل,Positive
e705bdb1-d0d2-410e-98e7-7f294aa9bd17,Careem,Transport Services,1,2025-07-13,سيء جدا كله لخبطة,Negative
68505614-4a9b-445d-93fb-4e862f50cbeb,Careem,Transport Services,1,2025-07-13,جدا مزعجه تجربتي مع الساىقين او أكثرهم يقبل المشوار ثم اتعطل ووقتي يضيع وهو مازال متبقي مثال ١٢ دقيقه من نص ساعه انتظره وثم يلغي وبعده ياتي لآخر يفعل مثله تماما هكذا انتهى موعدي لعدم مصداقيه من الساىقين لذالك كريم أسوأ تجربه مشوار ممررت بها,Negative
ec8a13fe-a50f-4a4d-a1cf-05f9bc8e172a,Careem,Transport Services,5,2025-07-13,رائعة,Positive
73c10b55-9005-4254-8417-67f4746dc058,Careem,Transport Services,5,2025-07-13,شكرا لكريم,Positive
5cac24bb-6535-4649-8e75-13c5cb0db338,Careem,Transport Services,5,2025-07-13,افضل تطبيق سفر,Positive
28da279b-92dc-4589-b0e1-8ab311a99aec,Careem,Transport Services,1,2025-07-13,حرامية يسحبون أموالكم من البنك دون أي خدمة يسرقونك و أنت تناظر,Negative
0d868018-8357-4b7c-8fd4-9a7464164541,Careem,Transport Services,1,2025-07-12,فاشل جدا كان من افضل التطبيقات هلا فاشل جدا,Negative
fd10479e-c29a-485b-9943-58db909d9e84,Careem,Transport Services,5,2025-07-12,ماشاء الله,Positive
e5710a77-ceb3-4c47-a535-0fd8e1a58a95,Careem,Transport Services,5,2025-07-12,خدمه رائعة,Positive
38e42245-06e8-40a9-afc0-31aed3548492,Careem,Transport Services,4,2025-07-12,الرجاء من القائمين على التطبيق تفعيل الدفع عبر samsung pay,Positive
3ecdd9e7-13f3-48ae-81c7-4553432ad207,Careem,Transport Services,5,2025-07-12,شركة جيد جدا 🔥,Positive
2f0c6760-f330-4935-b794-a3bfff6cc148,Careem,Transport Services,1,2025-07-12,سابقا جيد حاليا حيل غير جيد,Negative
420c9ca8-003a-4973-b628-9d1824dd0ec5,Careem,Transport Services,5,2025-07-12,جيد بعض الشيء,Positive
18c7f21c-4817-4dff-86b0-fc97d59a37a3,Careem,Transport Services,5,2025-07-12,ممتاز,Positive
3a1ab03a-879b-4168-a4bd-5c205fe95d37,Careem,Transport Services,5,2025-07-12,خدمه رائعة,Positive
c5f148f0-085d-4094-809f-ea5a3efa5c41,Careem,Transport Services,5,2025-07-12,ممتاز جدا,Positive
b255366f-8a45-42f0-af8b-c72f46202ddd,Careem,Transport Services,5,2025-07-12,👍,Positive
9ad6829d-916a-4df8-9c82-c2d00042cfc4,Careem,Transport Services,5,2025-07-12,مممتاز جدا,Positive
15950365-5c43-46e6-af83-ef42aed47660,Careem,Transport Services,1,2025-07-12,كلش سيئ,Negative
06bc398c-0dd5-4d9f-aef1-02d4aeb7ccb4,Careem,Transport Services,5,2025-07-11,ممتاز يتميز ب سرعة الطلب وعدم التأخير والنظافه وحسن الخلق,Positive
d5a44c02-3b7c-428a-8da8-7aa350b3e7c7,Careem,Transport Services,5,2025-07-11,لماذا تم ايقاف التطبيق ؟,Positive
12e629d3-2f0e-4f37-8b3c-cfa5030c9620,Careem,Transport Services,5,2025-07-11,تطبيق جيد جدا أصبح استخدامي له بشكل يومي شكرا كريم,Positive
e691dc71-23d8-469a-aab5-5d6ab9ccb953,Careem,Transport Services,4,2025-07-11,التطبيق صعب لكن خدمة العملاء حلو المشكله بسرعه,Positive
3d1af421-bfc4-4f14-ba6c-dd0e9e8aabe8,Careem,Transport Services,5,2025-07-11,رائعين,Positive
72121575-697c-4db3-866d-adb9f5916940,Careem,Transport Services,5,2025-07-11,عملي جدا و جيد جدا الفضل في العالم 🌎 🌎,Positive
74b76521-e1ca-42c3-8cc7-0a99969171bb,Careem,Transport Services,5,2025-07-11,ممتاذة,Positive
d8f502d9-fce7-4d4f-b485-7612f1bc182b,Careem,Transport Services,5,2025-07-11,ممتازه,Positive
ddc4751c-faf4-461f-871b-4d0d9ff25861,Careem,Transport Services,5,2025-07-11,جيد وسهل,Positive
f9c788b8-e34b-4296-b8e4-cf067a34d44a,Careem,Transport Services,5,2025-07-11,جميل و مفيد,Positive
02eb7204-1e44-47b0-b152-c658451c35bc,Careem,Transport Services,5,2025-07-11,ممتاز,Positive
9893ec14-3956-444f-a391-6c9ae2df0a7f,Careem,Transport Services,5,2025-07-11,جدا جدا جميل💕😍,Positive
00730e39-49cf-469a-8ad0-a3ba6be88275,Careem,Transport Services,5,2025-07-11,جميل جدا,Positive
5f58d536-fd1a-4409-af70-4be089efe409,Careem,Transport Services,1,2025-07-11,تطبيق سيء يعطي في البداية سعر وبعد الوصول سعر ثاني,Negative
6406ddcf-7349-4b62-893c-99fa608868f3,Careem,Transport Services,5,2025-07-11,الخدمه مره ممتازه وسائقين محترمين في تعاملهم,Positive
9aaa42b8-a8fd-4d54-b45f-2df4bbc03666,Careem,Transport Services,5,2025-07-10,اتمنا إلى كل من يعمل في فريق كريم إدارة وكذلك أصحاب سائقين في كريم لهم توفيق الله يوفق جميع .,Positive
47748ed8-de38-4c2a-821d-81d44f5d86ee,Careem,Transport Services,5,2025-07-10,ممتازة,Positive
c02add4a-5a4a-4fa5-9e81-52ffffa34992,Careem,Transport Services,1,2025-07-10,تجربة سيئة جدا الكابتن خد الفلوس ومرجعش الباقي وجري بالعربية,Negative
593d985c-3c23-43dd-9c6f-2056cb66cd71,Careem,Transport Services,5,2025-07-10,ممتاز,Positive
159dac1d-ccde-4e0b-979e-ff92d9a80209,Careem,Transport Services,5,2025-07-10,ممتاز جدا,Positive
0da6b4c7-d66b-424c-9e16-be25066eefe5,Careem,Transport Services,5,2025-07-10,جيد جدا,Positive
3aff1bef-0715-4bb8-9776-c12d528cc884,Careem,Transport Services,5,2025-07-10,رهيب و مريح,Positive
9407f4a5-7ca5-4437-83ce-1d25d8156607,Careem,Transport Services,5,2025-07-10,جيدة,Positive
629410a2-725e-4cf4-af19-f2f4821529d5,Careem,Transport Services,5,2025-07-10,خوش تطبيق,Positive
ca5b82c4-10b6-4324-83df-d08ac5a49ad0,Careem,Transport Services,1,2025-07-10,خدمة العملاء لا تستجيب للشكاوى وتغلق الهاتف في وجه العميل... ولا يوجد ضبط لتجاوزات السائقين مستاء جدا من خدمات التطبيق في الكويت,Negative
8b673e62-6ccc-438b-855c-1ebd0dfe4e8d,Careem,Transport Services,5,2025-07-10,تطبيق ممتاز,Positive
fd7bd812-ce71-4387-b604-ea4e08608fa1,Careem,Transport Services,5,2025-07-10,ممتاز,Positive
a279c59f-7dac-4da8-8ebe-4c7b36150fd2,Careem,Transport Services,5,2025-07-10,ممتاز,Positive
bb03224b-6c19-47e6-b487-91604a749744,Careem,Transport Services,5,2025-07-10,تجربه رائعه مع أول مشوار مع الكابتن بدر ناصر 👍🏼,Positive
e0aa1adc-1043-49f1-a5ff-93e0de0c55d8,Careem,Transport Services,5,2025-07-10,Fantastic App 👍🏻,Positive
9861aaf1-0bd9-4405-b0e6-4f44c6bfc596,Careem,Transport Services,5,2025-07-10,من افضل تطبيقات التوصيل صراحه,Positive
2241fa14-d515-45c0-b726-1d084deba9b8,Careem,Transport Services,1,2025-07-10,عملت مشاوير كتير والابلكيشن بيهيس واسعاره فى المشوار مش طبيعيه ولما اشتكيت لخدمة العملاء ولا حياه من تنادى لا انصح به نهائيا,Negative
98196a03-864a-4e8c-8444-341589a4a422,Careem,Transport Services,5,2025-07-09,تطبيق جيد والسيارات جيدة مع المعاملة الطيبة والراقية من قبل السواق,Positive
93f801ab-5cbb-429b-931e-866b2aabfe2f,Careem,Transport Services,5,2025-07-09,افضل تطبيق يستهل اكثر 5نجوم,Positive
6492ab7e-591a-4b41-ae42-006c91d31301,Careem,Transport Services,1,2025-07-09,الرد متاخر جدااااا زودا الكباتن عشان تقدروا تنافسوا من جديد,Negative
a8ac2507-3800-4c77-b3d4-702e7e44cee7,Careem,Transport Services,5,2025-07-09,🤍🤍,Positive
fd7b9245-db99-4b99-87e4-a374f4ce1d0a,Careem,Transport Services,5,2025-07-09,شركة كريم رائعة جداً وخدمة توصيل سريعة انصح بهم واسعارهم تنافسية,Positive
45c719a6-688b-4e17-b90f-8b9affe7014d,Careem,Transport Services,5,2025-07-09,من أفضل تطبيقات التوصيل 🤙,Positive
c137b6b9-e711-45f9-b024-1124cef1cdd0,Careem,Transport Services,5,2025-07-09,تجربتي مع كريم جيده في أكثر الاحيان ولكن ارجو الإكثار من العروض والهدايا مثل السابق وخاصة للعملاء المميزين,Positive
ae7fa793-c040-4f41-8ee8-c16b637a6ddc,Careem,Transport Services,5,2025-07-09,اليوم استخدمت تكسي كريم مرتين وكل طلب يحولني التطبيق مباشرة الى صفحة المحادثه مع الكابتن وما گدرت ارجع على الصفحه الرئيسيه بحيث ما عرفت اسم الكابتن او مواصفات السياره ف ارجو حل هذا الخلل,Positive
0460f9e9-b716-418a-b51f-5ccd15a97cd3,Careem,Transport Services,1,2025-07-09,ليس جيد,Negative
45c4b371-8afc-43f9-a4ee-bcf5af0db456,Careem,Transport Services,5,2025-07-09,عملاء ممتاز,Positive
114d4092-d6f7-4e58-9b85-cfb01ed3d08b,Careem,Transport Services,5,2025-07-09,رائعين وسارعين,Positive
7cbb77d8-6b9e-4b8e-898f-cb2041b62793,Careem,Transport Services,5,2025-07-09,خدمه ممتازة يعطيكم العافيه,Positive
f23a9c52-4ead-4a0f-9650-4e0a954855b2,Careem,Transport Services,1,2025-07-09,من بعد ما سمحتوا للباكستانية والهنود والمصارية يشتغلوا في التطبيق وصارت كل سيارات التطبيق ريحتها خايسة ومقرفة الا من رحم ربي .. بعد ما كان دايما سيارات نظيفة وتفتح النفس صار نادر نلقى سيارة ريحتها كويسة,Negative
80526aad-696b-4a7e-a501-68c34d10f79b,Careem,Transport Services,5,2025-07-09,جيد,Positive
42f3a322-b0dc-40b0-873d-c3695157cf13,Careem,Transport Services,4,2025-07-08,ممتاز ويختصر لك كثير في السعر وفي الوقفه,Positive
91bb3b2e-13ef-4913-90df-78b7172a2c11,Careem,Transport Services,5,2025-07-08,تطبيق راقي وزبائن كريم جدا محترمين ٠٠,Positive
b4328b5c-843c-4c36-86d8-09c440bb46a9,Careem,Transport Services,5,2025-07-08,جيد,Positive
36364039-21b6-405a-becf-f616bdd2c32d,Careem,Transport Services,5,2025-07-08,👍,Positive
dc7ea279-50ed-4ed3-bbb2-ad26cf105772,Careem,Transport Services,1,2025-07-08,عدم التعاون من الشركه وتجاهل الرسالة وعندهم مجموعه من السائقين غير مواهلين,Negative
09d30953-f7d3-4c79-bdd8-892096d2e3a2,Careem,Transport Services,1,2025-07-08,خلو في توصيل للمفرق,Negative
b0100d37-2fd7-47e9-b2f8-8fbc19be825e,Careem,Transport Services,5,2025-07-08,ممتاز جدا,Positive
e3afee7e-c29c-4bd5-89d1-20b99c549593,Careem,Transport Services,5,2025-07-08,ممتاز جدا,Positive
2cd9ed35-4cbb-4348-bac4-b5ccabeb9382,Careem,Transport Services,5,2025-07-08,ممتازه,Positive
2b78f301-c01f-4d66-a9a7-b1ec920843a8,Careem,Transport Services,1,2025-07-08,رجاء عدم إظهار صور النساء المتبرجات في واجهة التطبيق فلنتق الله عز وجل ونخشى حسابه في الآخرة، إن عذاب الله نارا ، فكل من نظر إليهن وأطال النظر ولم يصرف بصره كتب عليه وزر ذلك، وأيضا كتب الوزر على من وضعها وعلى من أمر بنشرها وعلى كل من تعاون في هذا، عداد سيئات لهم لا يعلم مداه إلا الله. فإن بدلت بشئ طيب فيه ذكر لله، فكل من ذكر الله أخذ أجرا وكذلك كل من ساهم في هذا، عداد حسنات لا يعلم مداه إلا الله. فتذكروا يوم توزن الأعمال ثم يكون الجزاء إما إلى الجنة أو النار، هدانا الله وإياكم لما يحبه ويرضاه.,Negative
d8fe97c4-4aa2-4deb-8ad5-ec3547e037d3,Careem,Transport Services,5,2025-07-08,ممتازين والكباتنه كلهم محترمين ونحس بالامان مع كريم شكراااا لكم🥰,Positive
29592633-9173-4422-afdd-3b02f4dafc83,Careem,Transport Services,5,2025-07-08,ممتاز,Positive
10d7562d-77ca-431c-9104-eade8118fd24,Careem,Transport Services,5,2025-07-08,تطبيق خدمة ممتاز المثالية في الأداء نادرة في كل شيئ نشجعكم على الإرتقاء درجة ، ولا نثبطكم، فإلى الأمام .,Positive
08e1dffd-fb63-484b-b375-6c5086aea5f3,Careem,Transport Services,5,2025-07-08,very good,Positive
d7687bd9-fb0e-4ad4-a4c7-259a1bef8450,Careem,Transport Services,1,2025-07-08,سىء,Negative
bb281d99-c8ef-406a-b0dc-f1401b5972f9,Careem,Transport Services,5,2025-07-08,تطبيق اكثر من رائع وخدمة راقيه بالتوفيق لجميع القائمين عليه,Positive
42f1e52b-2fbb-4041-bb23-9d0b5ba31091,Careem,Transport Services,1,2025-07-08,خيارات الاغاء لاتوجد بالتطبيق واذا كنسلت واخذت تكسي ياخذ منك اجار الكنسلة,Negative
daadf3f3-171c-4d70-a00d-fbd1695625ae,Careem,Transport Services,1,2025-07-08,ارجو ممن لديه الخبرة اعلامي بكيفية التخلص من اعلان هذا التطبيق على هاتفي / شيء لا يطاق,Negative
3e7600ec-65c7-4640-b476-74e71810ef5c,Careem,Transport Services,5,2025-07-07,ممتاز,Positive
7ae5ea5c-9fd3-4bcc-bf64-76102d2f3802,Careem,Transport Services,1,2025-07-07,بخزي ليه ما بزبط افتح اكتر من حساب عنفس الرقم!,Negative
eb0b2fdc-9594-4219-81c7-e4c3e98247b2,Careem,Transport Services,5,2025-07-07,عادي,Positive
24239ec1-552e-4d9d-837e-5e99de0624a4,Careem,Transport Services,5,2025-07-07,رووووعه,Positive
953f4171-b797-40de-89d1-af0a6e31e55c,Careem,Transport Services,5,2025-07-07,ممتاز,Positive
d91eb4f7-d858-42a2-b753-93d59b5e12ef,Careem,Transport Services,5,2025-07-07,الكابتن عبد العزيز ماشاء الله تبارك الله فاهم في اختصارات الطريق ووسيع صدر الله يحفظة,Positive
972fdd41-3193-42e1-ad47-9900a82271c8,Careem,Transport Services,5,2025-07-07,برنامج ممتاز,Positive
ea98d4fc-7511-4a93-9cc7-8077e17fcb2a,Careem,Transport Services,5,2025-07-07,ممتاز,Positive
0bce4ee8-e09b-4a86-a044-e01cf123db3a,Careem,Transport Services,5,2025-07-07,جيد,Positive
793f3133-b09f-4034-a65a-e9bd83dc4cc0,Careem,Transport Services,5,2025-07-07,ممتاز جددا,Positive
7a9833f7-a310-4470-8e2b-b57e99e828f6,Careem,Transport Services,5,2025-07-07,كل شي رائع تحظى برحلة ممتعه,Positive
af3d9e22-1199-4ea6-826d-c50b543e6d2a,Careem,Transport Services,5,2025-07-07,جيد جدا,Positive
7560d0d4-38d5-48dd-8b21-76622eb6fd39,Careem,Transport Services,5,2025-07-07,تطبيق جيد .. يتابع موظفيه بشكل جيد .. اتمنى لهم التوفيق,Positive
11733a9f-7ce1-4375-8a92-9d66b75d9c58,Careem,Transport Services,5,2025-07-07,جيد جدا,Positive
7a417068-fd61-4727-9f2d-0fba06115534,Careem,Transport Services,5,2025-07-07,خدمه جميله,Positive
1974160d-87b6-4ab4-9d7c-e27a522a1b51,Careem,Transport Services,1,2025-07-07,الاسعار غالية,Negative
42c3fee4-0c7d-4d8a-bd5e-3f940ad48fb7,Careem,Transport Services,5,2025-07-07,ممتازه,Positive
f2fe7f3b-4eb2-406a-b266-78947577aed2,Careem,Transport Services,5,2025-07-06,جيدة,Positive
6ce96231-c013-4005-84d7-0cbccada7141,Careem,Transport Services,5,2025-07-06,خدمات ممتازة,Positive
4bdc9acf-b14f-48a1-a9fb-cb075e3a2686,Careem,Transport Services,5,2025-07-06,أنا كابتن في كريم وليا الشرف ركاب محترمين جدا,Positive
5499b829-d1e2-424c-bb21-b7e92e3630da,Careem,Transport Services,5,2025-07-06,تطبيق اعتمد عليه لمشاوير دوامي وارخص تطبيق مشاوير,Positive
3d812838-2019-41c4-8a58-9cfac336711c,Careem,Transport Services,5,2025-07-06,اجمل تطبيق,Positive
57dfeff5-3638-4cf8-93ed-de8e88a03564,Careem,Transport Services,5,2025-07-06,ممتاز,Positive
5f5f13b8-dca6-4e10-96a6-e2b353404079,Careem,Transport Services,1,2025-07-06,يعلق علي كل شري ولما ابغا افتح يقلي حسابك حصل في مشلكة,Negative
2c537dab-35be-49ba-8f22-1c38c4f028bc,Careem,Transport Services,1,2025-07-06,سيئ جداً جداً جداً جداً يظل يحمل كثيراً ولا أحد يقبل أنتظر طويلاً جداً جداً جداً جداً جداً ولا شيئ,Negative
aebf9877-7c87-4669-aad6-92f91fefc9b1,Careem,Transport Services,5,2025-07-06,لا يوجد منافس له ابد,Positive
285754cf-ed49-405e-a965-fd8724f7dd27,Careem,Transport Services,3,2025-07-06,يرجى اضافة خانه داخل التطبيق للخصومات مثل تطبيق بلي حته الزبون يعرف شنو عده خصومات من يجي الاشعار,Neutral
382d6679-2de3-48b3-a605-fce2cb9cc326,Careem,Transport Services,1,2025-07-06,أسوء تطبيق سيء جدا وكذب بالخصومات وكل شوي Error,Negative
85faedec-ed03-451d-bad2-06666a1c1d98,Careem,Transport Services,5,2025-07-06,ممتازه من جميع النواحي,Positive
e0ee5a62-7902-412f-85de-e08a12c2fa1e,Careem,Transport Services,5,2025-07-06,بكل امانه وصراحه التطبيق 💪 قوي في العمل جدي في الوعد سهل في التقديم,Positive
3a52f7ab-d197-4719-b789-99e2ad57f409,Careem,Transport Services,1,2025-07-06,للاسف من اسواء برامج الان طلبت كابتن تاخر 10 دقائق وصل لم اجده اتصلت عليه مغلق ولم يتصل عليه وللاسف تم خصم المبلغ من البطاقه 94 جنيه ولم يتم ارجاعه,Negative
7043d4d2-aa00-490d-8d83-2fe58b7793c4,Careem,Transport Services,5,2025-07-06,هذه أول مرة اتمنى ان تنجح,Positive
bcffdc5c-b52b-4bb0-84df-7387ae344f0b,Careem,Transport Services,1,2025-07-06,خريطه كريم لا تغطي موقعي,Negative
01d570f5-8db4-475a-8dc5-ee1b83585790,Careem,Transport Services,5,2025-07-06,great,Positive
49ae2e0e-3997-4391-8874-34506f3a46e0,Careem,Transport Services,5,2025-07-06,ممتازه وكباتن ممتازين والله,Positive
ef97ce3f-816e-4154-bdba-8cbc657a077f,Careem,Transport Services,5,2025-07-06,شكرا,Positive
c02ef68a-d632-406a-a004-4075c9784115,Careem,Transport Services,1,2025-07-05,السعر في الابلكيشن مختلف تماما عن الواقع,Negative
cccb5954-6128-4a9b-9544-61a3588c893d,Careem,Transport Services,5,2025-07-05,ممتاز,Positive
a5331412-2125-43c7-b367-11a6f2a7364f,Careem,Transport Services,5,2025-07-05,ممتازه,Positive
64a3d654-dbe8-49ec-a3a9-012fbabd2a63,Careem,Transport Services,1,2025-07-05,the food delivery system need much improving!,Negative
181eb08e-035d-4dfd-9c97-6230e9e4083d,Careem,Transport Services,5,2025-07-05,اشي فوق الفخامه,Positive
ebf62879-cd6f-4a4d-8911-8c92edffa44b,Careem,Transport Services,1,2025-07-05,تجربة اسوء من السيئ وخدمة عملاء فاشلة وما ترد الا بعد كم يوم وفوقها كباتن ماش اخر تجربة باذن الله,Negative
b562a213-5ccb-40b1-ae0f-dd9bdb7fb9ba,Careem,Transport Services,5,2025-07-05,تطبيق ممتاز وآمن,Positive
0887893b-ecf8-41f5-86cf-5236b091c787,Careem,Transport Services,5,2025-07-05,تصدقون لقيت استاذي,Positive
a99739c8-f38f-4bc3-af37-b75127094514,Careem,Transport Services,5,2025-07-05,التطبيق ممتاز وخدمة الرسائل والإجابة عن أي استفسار جدا ممتازة انا ممتنة لكم جدا وان شاء الله المزيد من الإبداع لفريق خدمة الزبائن,Positive
878ca486-0e74-427b-96de-b13e2e75b9be,Careem,Transport Services,5,2025-07-05,كباتن كريم مميزين ، وادارتهم مميزة,Positive
a356e043-159e-43b1-af5d-a782e242425d,Careem,Transport Services,1,2025-07-05,تطبيق وقف الخدمة علشان 27 جنيه ومش عارف ادفعها ولا اعرف سببها ومفيش اي رد والعقل يقول تضاف للرحلة لكن الغباء وقف التطبيق,Negative
8fe2132f-b610-46d5-8848-f7f4ba1987ff,Careem,Transport Services,1,2025-07-05,عندما وصل الكابتن من تطبيق فقط لاكنه لم يكون متواجد في نفس الموقع انتظر حوالي 6 دقيقه ولم يتصل عليه أنه تواجد في الموقع وجاءت رساله نصية لقد إلغاء الطلب. ولم أكن انا لماذا هذا تصرف غير لائق 👎👎👎👎👎 كنت اثق في برنامج لديكم ولكن لديكم موظفين يتصرفون على مزاجهم سوف يتم حذف تطبيق ولم اتعامل معاكم مره اخر,Negative
602c63a5-507c-4eb5-8df6-9b2767693c74,Careem,Transport Services,5,2025-07-04,هلا,Positive
5f9994c0-14bc-4c65-81e9-928dc040bf4c,Careem,Transport Services,1,2025-07-04,التطبيق بعد التحديث ما بفتح,Negative
abbb449a-032d-4f63-9618-830771d0dcf8,Careem,Transport Services,5,2025-07-04,ممتاز جدا,Positive
f8a60999-ce42-4452-b8f7-7b33a8511834,Careem,Transport Services,1,2025-07-04,التطبيق لا يعمل فاشل ........!!!!!!!!!!!!!!!!!!!!;!,Negative
9241522e-76a4-4e8e-bfba-168b8b4d1987,Careem,Transport Services,5,2025-07-04,روعة,Positive
2a3ca4b1-aa72-4d2e-ac73-c2c2b64aeef0,Careem,Transport Services,1,2025-07-04,الخدمه بطيئه جدا.والانتظار طويل جدا,Negative
4ed3b50a-bb9e-443c-9b0d-0d7a70e976ba,Careem,Transport Services,5,2025-07-04,ممتازة,Positive
e88aa8a0-af52-4afc-8c63-4b1b22ad88da,Careem,Transport Services,5,2025-07-04,❤️,Positive
ff22d930-9071-4349-9866-8e825433195c,Careem,Transport Services,5,2025-07-04,تطبيق ممتاز استخدمه بشكل شبه يومي لدي فقط طلب لو تم إضافة اتصال من داخل التطبيق مع السائق ولا نتطر للاتصال عبر الخط أو الواتس إب للخصوصية و السهولة ايضا,Positive
4c864a83-9d92-498b-85b1-eb745116c193,Careem,Transport Services,5,2025-07-04,رائع,Positive
dccd7ccf-96a0-403a-bdbd-15066b7fdbfd,Careem,Transport Services,1,2025-07-04,تطبيق غالي جداً,Negative
7a7bf48e-9483-4b04-a528-68d1f33d4adb,Careem,Transport Services,1,2025-07-04,سيء جدا جدا جدا جدا جدا جدا يتاخر كثير في توصيل الطلبات يرجى حل هذه المشكله.. اخر اول مره استخدم هذا الابلكيشن,Negative
2c1c3bae-f478-48ac-a5ad-bd91f9cb58e8,Careem,Transport Services,5,2025-07-04,حلو,Positive
577e0c44-1e3c-47bd-b990-6744a49126b2,Careem,Transport Services,5,2025-07-03,من أفضل التطبيقات,Positive
b9e691ba-dc4d-4e89-a3db-f166a702e6ac,Careem,Transport Services,5,2025-07-03,خدمه جيده ومريحه وتعامل جيد شكرا لكم,Positive
10f6572c-5d48-40f7-a12f-18a30143af79,Careem,Transport Services,5,2025-07-03,ممتاز جدا,Positive
f5d4413a-689e-45d0-a1fd-4d00db78c29b,Careem,Transport Services,1,2025-07-03,الابلكيشن بقى سيء جدا بعد اخر تحديث بيجبرني احدد موقع الالتقاء غلط ولوكتبت الصح بيرجعني تاني للموقع اللي هو عاوزة😡 وكمان الاسعار زادت بطريقة جنونية تعديل الرابط مش بيفتح,Negative
679bc17a-0348-4639-8626-7ca744d9ca6c,Careem,Transport Services,4,2025-07-03,زين والاسعار معقولة بس ياليتها ارخص اشوي بعد ليش ما في عربي؟!!,Positive
febf18b9-a888-48d7-a12f-d17677d558dc,Careem,Transport Services,5,2025-07-03,تطبيق جيد وامن وخدمة ممتازة,Positive
cc604994-f4cb-4a02-8522-8cf478086d56,Careem,Transport Services,5,2025-07-03,سيارة ممتازة تعامل راقى السعر مناسب جدا,Positive
c47e8560-2864-404d-a711-52202a1d0fa6,Careem,Transport Services,5,2025-07-03,صراحه الناس الي في محترمين والله يايبارك فيك في حلالهم,Positive
65bf6aaa-0b77-4d90-a7d7-18c9b5feaca2,Careem,Transport Services,5,2025-07-03,انا مسوي خمسة نجوم عشان يطلع تعليقي ..التطبيق سيئ جدا في الأسعار مثلن التطبيق يحدد لك 20ريال و يجي السواق يقول السعر 30ريال في نصب و احتيال في الموضوع و تأخير وقت حسبي الله ونعم الوكيل بس,Positive
ebc941c2-0e2a-4218-a391-476193160987,Careem,Transport Services,5,2025-07-03,تجربة مميزة مع كابتن مميز,Positive
d63248fc-4c12-494c-81eb-42daa98035c0,Careem,Transport Services,5,2025-07-03,خدمة ممتازه وسريعه جدا,Positive
9b67c24a-3265-4b1e-ac0b-76ea91d27332,Careem,Transport Services,5,2025-07-03,جيد,Positive
538121ec-f895-4d71-9185-53fd25912f66,Careem,Transport Services,1,2025-07-03,الكباتن بقو اعوذ بالله بيتحكمو في الراكب زي مايكون ملهمش أداره تحاسبهم علي المهازل دي انا واقف بقالي نص ساعه وكل ما اطلب يوافقو علي الطلب ومحدش يتحرك من مكانه والاسخف اني اتصل بالدعم الاقيهم عايزين اللي يدعمهم اصلا ولا فاهمين اي شيء منصحش بجد حد يطلب كريم بقي سخيف,Negative
dca53c31-a054-4bc8-a6d8-82de75262305,Careem,Transport Services,1,2025-07-03,سيئه جدااا,Negative
056de567-1896-4467-b574-72a5bf72243b,Careem,Transport Services,5,2025-07-03,عاشت ايدكم,Positive
0f7ea625-f010-4d30-84f3-4355c418264e,Careem,Transport Services,4,2025-07-03,كانت تجربة رائعه ولكن العيب الوحيد هو تأخر وصول السيارات إليك بعد طلبها أى,Positive
204f184f-31e2-41b8-a922-cd548f031a4d,Careem,Transport Services,5,2025-07-03,روعة,Positive
507c668f-26bc-4613-bf51-6a4f09c1cd2f,Careem,Transport Services,1,2025-07-03,رائعه,Negative
07e832bd-722d-498c-99c1-1401318d9cf3,Careem,Transport Services,1,2025-07-03,بحاول اتواصل مع الدعم ما في حدا برد علي شحنت المحفظه عن طريق الفيزا بدي استرجعهم عشان بدي احذف الحساب مو راضيين,Negative
3d66c4f2-85b7-4163-9f70-d8d0bac3fa63,Careem,Transport Services,4,2025-07-02,جيد,Positive
9395ca5a-f872-4b3f-98e9-732c3a49a233,Careem,Transport Services,4,2025-07-02,جيدة,Positive
b93a7098-efe3-4bc0-bd02-c6d3eaaea81d,Careem,Transport Services,5,2025-07-02,اشكر العاملين في خدمه العملاء وقفو معايا لما وقعت بمشكله مع السائق واكرموني كمان,Positive
64677b21-f29f-48ae-a0bb-9d3fad9f939c,Careem,Transport Services,4,2025-07-02,فيه مشكله بسيطه أنه ماتختارو أقرب كبتن لزبون وطول وقت الانتظار,Positive
e03c6ac0-fb22-49aa-975a-57669b034751,Careem,Transport Services,5,2025-07-02,تطبيق جميل جداً و ممتاز و امن انصح به,Positive
02a832f8-df6d-41ed-ac48-f51ebe36f079,Careem,Transport Services,1,2025-07-02,من سئ إلى اسوء اليوم الأربعاء ٢٠٢٥/٧/٢ و تقييمي مازال نجمه وحده الرحلات مع كلللل الكباتن بتاخذ أطول مسار و كأنهم متفقين الكباتن ٩٩% ليسوا سعوديين و هذا يجعلني أتساءل كيف ؟ اصلا صورة العرض للسائق مختلفه عن السائق الحقيقي و رفعت ذلك في التقييم اكثر من مره و لا حياة لمن تنادي,Negative
5f775ad3-b0d6-4f64-bc05-8d81839d5555,Careem,Transport Services,5,2025-07-02,تطبيق راقي,Positive
b0347cd0-2790-4972-93b1-d9d544d138f1,Careem,Transport Services,5,2025-07-02,تطبيق ممتاز وكباتن رائعين وتوصيل الطعام ومن محلات السوبر ماركت أكثر من رائع من حيث تعامل الكباتن وجودة المواد والطعام,Positive
d912ed57-f70c-4a70-851a-a565715fb95a,Careem,Transport Services,1,2025-07-02,شركه نصابه ببعثو التكسي بكون واقف بعيد عن اللوكيشن 10 م وبحكي للزبون اني انا وصلت تنزيل بتدور عليه ما بتلاقيه بعد شوي اجيك اشعار انه تم الغاء الطلب وخصوم منك دينار ونص وبعدين بيجي نفس التكسي اللي الغى وبحكيلك بدك تكسي واطلعك. نصب عيني عينك,Negative
47303f81-40d3-44a6-a545-dc7703d1e25b,Careem,Transport Services,5,2025-07-02,جميل,Positive
85e926d1-0c38-447d-bd46-7ff2658e6157,Careem,Transport Services,4,2025-07-02,السواق كلش محترمين و مؤدبين وما يتأخرون المشكله الوحيده بالتطبيق احيانا تكون اسعاره اغلى من التكاسي العاديه خاصه اذا كان مشوار كلش قريب لكن الصراحه المشاوير البعيده على الاغلب الاسعار تكون ارخص من التكاسي العاديه او على الاقل مثلها انصح بتنزيله و وتقدر تعتمد عليه خاصه اذا كان عندك اللوكيشن فقط وما رايح قبل العنوان المطلوب,Positive
0687895c-07e8-4130-8abb-6d9a4e7dde84,Careem,Transport Services,5,2025-07-02,افضل طبيق,Positive
ae56d439-58fe-4147-b704-3577081817df,Careem,Transport Services,5,2025-07-02,تجربة ممتازة,Positive
1c74e335-4fba-4e06-bcaa-8896203fee6f,Careem,Transport Services,5,2025-07-02,ممتاز,Positive
428fd8e8-fae4-49fe-9f25-153197999fdb,Careem,Transport Services,5,2025-07-02,خدمة ممتازة,Positive
e913ca3d-95bb-4004-9e78-ef47accd7653,Careem,Transport Services,1,2025-07-02,لا يصل لأي مكان مواعيد الحجز المسبق غير مظبوطة,Negative
40038cdf-e3c5-4bf9-af20-aaa5978e1bff,Careem,Transport Services,5,2025-07-02,تطبيق رائع جدا,Positive
2ea2a183-eb5c-437b-8bfe-39480f30003e,Careem,Transport Services,1,2025-07-02,ممتازه,Negative
92e41362-93dc-44be-b83a-8eccb13bbbfe,Careem,Transport Services,1,2025-07-01,اسوق تطبيق,Negative
bbb4527e-efe1-480f-9474-7e2c015c79c0,Careem,Transport Services,5,2025-07-01,ممتاز,Positive
e59759f5-288e-4085-80be-0961105347c2,Careem,Transport Services,5,2025-07-01,خدمه جيده,Positive
743712b8-1779-428e-9db6-057848d2f8d1,Careem,Transport Services,5,2025-07-01,ممتاز,Positive
99245677-daf9-42ef-bc89-ae3c638d36db,Careem,Transport Services,5,2025-07-01,رائع التطبيق,Positive
0bb614a2-1b18-45c1-b814-33e6edac975a,Careem,Transport Services,5,2025-07-01,جميل,Positive
d5080be0-2d1c-4b67-b98a-91eeab0f16ce,Careem,Transport Services,1,2025-07-01,للاسف بطلب سياره عادي بجي تكسي اصفر وانا ما بحب اتعامل معهم نهائي لانهم بنهو الرحله بمعظم الرحلا وبياخد زياده خصوصاه ازا متسوق اشياء كتير بحكي اغراضك كتبر مشوار الدينار بوخد خمسه وبيكون انهى الرحله اول ما بوصلني بحجه اغراضي نصابين وكمان في منهم بعرض علي ينهي الرحله قال بدي ةوفر عليكي ضرائب ما في مصداقيه ابدا,Negative
9ea5694b-4d22-4be6-a358-3077a205fbd9,Careem,Transport Services,5,2025-07-01,رائع,Positive
9b9c138c-6bd4-4bb9-bab9-696ccd0d1d8f,Careem,Transport Services,5,2025-07-01,رائعة,Positive
c800fe99-52dd-4b3a-a50a-352a6e1af0b0,Careem,Transport Services,5,2025-07-01,رائع,Positive
e982dc36-4264-4d3c-998a-6fdf2f7b12ee,Careem,Transport Services,5,2025-07-01,very good,Positive
ed2bc576-cda9-4952-8246-7b796e462278,Careem,Transport Services,5,2025-07-01,تطبيق ممتاز,Positive
78d67c8c-dbd0-4703-ba7a-f04584546225,Careem,Transport Services,5,2025-07-01,تطبيق جيد,Positive
e49bab6a-0dc2-4c87-ac28-a660f6d156c8,Careem,Transport Services,5,2025-07-01,حلو وفي توفير,Positive
9826dacc-724b-4d25-a3d6-17aa910bc1ef,Careem,Transport Services,4,2025-07-01,التطبيق جدا حلو وسهل بالاستخدام، والسائقين في قمة الاحترام والأدب، بس لاحظت إني ما أقدر أقيّم السائقين بعد الرحلات، وأرغب بالإبلاغ عن هذه المشكلة التقنية.,Positive
8d7b26e7-959b-41b6-9ace-b09266479628,Careem,Transport Services,5,2025-06-30,سائق ممتاز واخلاقه عاليه الله يوفقه ومن يعزون عليه 😍😍😍,Positive
739cdbfd-50f7-407e-afca-40cbcd7750fd,Careem,Transport Services,5,2025-06-30,جيد جدا,Positive
3d474923-9cc4-44e6-a422-4c95d1f71f65,Careem,Transport Services,5,2025-06-30,جيده جدا,Positive
439bf41f-b479-47b0-9007-90422c3598a5,Careem,Transport Services,5,2025-06-30,تحربة رائعة مع واسعارهم جدا مناسبة بس ملاحظتي لو تسوو ايصالات برسوم الاجرة تحياتي لكم,Positive
1920f2ac-2923-4699-a29f-4b4dcd0aa2b1,Careem,Transport Services,4,2025-06-30,طيب,Positive
5161c943-f2d0-420a-89a0-0f702d0fddd3,Careem,Transport Services,5,2025-06-30,ممتازه,Positive
5b506ad0-b3a1-4ad1-80ba-c53231f43952,Careem,Transport Services,5,2025-06-30,بحاجه الى تطوير يتلائم مع ذوي الاعاقات,Positive
175c9992-e085-4b9b-b614-a9249322d2c5,Careem,Transport Services,5,2025-06-30,اسعار ممتازه,Positive
7f0205ae-f5f4-4004-a8a0-3966f318275a,Careem,Transport Services,1,2025-06-30,بصراحه خدمه العملاء بقت حاجه ممله وغير ظريفه بالمره,Negative
15afc564-918a-45f5-9192-39adf306b010,Careem,Transport Services,2,2025-06-30,هو حلو بس مرات السواقين يجونك ملاعين خاصه اذا دفعتي المشوار مسبقا،وحسبي الله عليهم،الكابتن استهبل معاي انتظرته مدة ويقول انا واقف بالبيت اللي نصه بيج ونصه ابيض وانا مااشوف حولي بيت بهالمواصفات،وش ذنبي اذا التطبيق ماحدد الموقع بدقه!! واقول له عطيني رقمك ارسل الموقع يقول ماعندي واتس! حسبي الله عليه وبعدها الغى الرحلة!! والتطبيق اذا شافو جالسه تشتكين على الكباتن ماياخذون شكوتك على محمل الجد!!! بحذف التطبيق هذا رغم اني كنت اعتمد عليه اعتماد كلي،بس حرقو دمي،وانا وراي شغل مو فاضيه لهرمونات الذكور,Negative
ec365895-8e41-4ab2-9e4b-282839c57f7c,Careem,Transport Services,5,2025-06-30,بأمانة تجربة ممتازة والكابتن كان أخلاق ومحترم,Positive
d189e997-73dd-459f-ac56-445f81eb4f50,Careem,Transport Services,5,2025-06-30,احلى كبتن واحلى تجربه,Positive
399f9b8f-8b49-451d-a021-74d09c4f3390,Careem,Transport Services,1,2025-06-30,اسوأ خدمة ، تأخير في الطلب وفوقها يقومون بالغاء الطلب واضافة المبلغ على رصيدي وانا ما استلمت الطلب اصلا ، وتتصل فيهم مافي اي تصرف يخدم العميل كله لمصلحتهم,Negative
590ce95c-ab3a-492a-b5aa-bb29f3f0245c,Careem,Transport Services,5,2025-06-29,رائعة,Positive
a4605cad-cd48-4bcb-816d-485d79b9b015,Careem,Transport Services,1,2025-06-29,سئ جدا,Negative
3a3124ac-3aa9-4639-9c9a-d9fce032cb55,Careem,Transport Services,5,2025-06-29,والله ممتاز بنفسي اكون كابتن,Positive
70f19b5e-fa1b-4d15-b35d-511fa9b5b85d,Careem,Transport Services,2,2025-06-29,لييييييش ساحبين من بطاقتي مبلغ وانا جالسة في البيت وبدون علمي ولاإذن مني 😤 تم الاتفاق مع الموظفة هاتفيا على اعادة المبلغ لحساب الفيزا التي سحب منها المبلغ ولكن تم اعادته لحساب محفظة كريم الرجاء اعادة المبلغ المسحوب للفيزابدون اي حسم لأني ساحذف الحساب من التطبيق ولن اعود له ابدا . وأتواصل معكم هنا لأنكم لاتردون علي ولا يوجد رقم مجاني او مباشر للتواصل ولا يوجد اهتمام حقيقي بالموضوع .اليوم الاحد مضى اسبوع ولم يعاد المبلغ لحساب الفيزا .,Negative
2f0d26d9-8829-4e75-b326-0a153511441b,Careem,Transport Services,2,2025-06-29,ليس حاسم في مسألة رفع الأسعار من قبل الكباتن.. حجز الكابتن تستغرق وقت.. الرحلات دائما بدون تكييف.. اغلب السائقين لا يشغلون المكيف...,Negative
44c5c48d-2e9a-42af-bbd9-628445166676,Careem,Transport Services,1,2025-06-29,تجربه سيئه جدا لا انصح باستخدام التطبيق.. التطبيق بيساعد السواقين الحراميه على سرقة العملاء. دفعت المبلغ كامل للسائق وفوقيه اكراميه كبيره وسجل اني لم ادفع المبلغ كامل واتخصم من رصيدي وطالبوني بمبلغ اخر.. بعت لهم المشكله ..وللاسف قالولي لازم تدفعي وبعد كده ماتبقي تدفعي كاش .. قولت لهم ليه سايبين اوبشن الكاس مدام السواقين يتوعكوا حراميه . اللي يدفع كاش يصور السواق واخد الفلوس كامله عشان يبقى معانا اثبات عشان كريم بينصف سواقين الحراميه علينا وبيكذبوا العملاء..,Negative
52f08f45-537e-4379-ad49-c20120abe5de,Careem,Transport Services,5,2025-06-29,تطبيق ممتاز ولكن في ملاحظه يا ريت نقدر نحدد جنس صاحب المركبه النساء توصيل للنساء وتوصيل الرجال للرجال وشكرا,Positive
f43e63ac-ebe0-4172-ad95-c1b1175459e6,Careem,Transport Services,1,2025-06-29,غير السعوديين سائقين مخالفين نظام وزارة الموصلات.,Negative
5972343a-eb04-455e-9e08-70a2e34419d9,Careem,Transport Services,1,2025-06-29,اسوا تتطبيق و اسواء خدمة في عالم 🤝,Negative
313bbfc0-a6c1-4622-92d2-39b3b3f4b3f9,Careem,Transport Services,1,2025-06-29,يسحبون مبالغ غير مستحقة لا احد يترك رصيد في محفظته اقصد تجربتي في الدراجات ما اقصد سيارة الأجرة مع الكاباتن لهم كل التقدير وشكرا,Negative
0a170244-e5a0-46d2-967f-35192ccb94d1,Careem,Transport Services,5,2025-06-29,ممتاز جدا,Positive
95358386-fa2e-4b10-bf0e-82c5d579d75a,Careem,Transport Services,5,2025-06-29,بآرك الله فيكم,Positive
81936cec-c275-41dc-9400-9ae935ebf070,Careem,Transport Services,1,2025-06-29,انا عميل قديم جدا و استخدمه بشكل شبه يومي لكن جاء الوقت اللي احذفه فيه بعد ماصارع لي مشكلة متعمدة ولا ساعدني الدعم رغم انه اعترف بغلطتهم لكنهم مايساعدون ابد لذا تم حذف التطبيق بلا عودة,Negative
1ba0e376-c089-4a72-b64e-f430f0ff7da8,Careem,Transport Services,5,2025-06-28,👌,Positive
0fa9c4b8-cab4-4b80-b23e-a45257cf59cb,Careem,Transport Services,5,2025-06-28,ممتاز,Positive
a378c44a-9532-4394-9413-98b208e3d41d,Careem,Transport Services,5,2025-06-28,افضل تجربة,Positive
093c4278-d2d0-4278-b02f-d7fe80d8797c,Careem,Transport Services,1,2025-06-28,سيئه للغايه ولا انصح به للاسف لايهتون بالعملاء للاسف من معامله خدمه العملاء السيئه توقفت عن استخدام التطبيق,Negative
18d74d2b-df36-4629-9497-a1acdc4cafea,Careem,Transport Services,5,2025-06-28,جيد جداا,Positive
1f18b2bf-58c2-4780-896f-807c7428ee3c,Careem,Transport Services,5,2025-06-28,excellent,Positive
c30f7613-201f-41ba-9c41-40197b001f24,Careem,Transport Services,5,2025-06-28,ممتاز,Positive
60509e34-647f-447d-b124-6ac2682e2696,Careem,Transport Services,5,2025-06-28,كلش زين وخدمات حلوه,Positive
b853687b-7a3a-4810-af7c-95b5d69f6fdb,Careem,Transport Services,5,2025-06-28,😘,Positive
22fa819c-47ab-4f16-a283-cc95ef7404b0,Careem,Transport Services,1,2025-06-28,لا يقبل ان يضيف بطاقة البنك,Negative
5c4d04f9-9568-4da1-a11a-4ea25059a823,Careem,Transport Services,5,2025-06-28,افضل تطبيق وافضل خدمة تجربة ممتازة. رغم. اول مرة اجربه,Positive
e08c6e40-057c-4c1c-8c8c-f690634c90e5,Careem,Transport Services,5,2025-06-27,Nice,Positive
9ff07eab-15b8-42fa-be10-8dfd9423fe3a,Careem,Transport Services,5,2025-06-27,خدمة ممتازة,Positive
46413e26-a2e8-484d-ac87-b79f0c7642ff,Careem,Transport Services,1,2025-06-27,نصابين من ساعة نظام جديد وقافلين تعليقات على صفحة الفيس سحبو مني حق رحلة مرتين من قبل حتى ميتعين كابتن,Negative
09f8fa0a-2bf4-45ec-9957-b6eafb3207cc,Careem,Transport Services,5,2025-06-27,رائع,Positive
ac2088ff-8a69-4fe5-964b-0584340f284b,Careem,Transport Services,3,2025-06-27,مو موجودة خاصية طلب الطعام,Neutral
345f6101-355b-4aa5-8750-4441c0e00c0e,Careem,Transport Services,5,2025-06-27,تطبيق رائع,Positive
551008dd-6b25-4e95-a4c2-3d13e6fac81a,Careem,Transport Services,5,2025-06-27,رائعيين,Positive
3cfde033-3483-487f-afa9-cd9b85567505,Careem,Transport Services,4,2025-06-27,البرنامج جميل ولكن يحتاج الى تبسيط واحهة المستخدم اكثر وايضا بعض المناطق في الامارات المجاوره غير مضافه,Positive
60e113be-b6ed-4625-958d-05acace21ca4,Careem,Transport Services,1,2025-06-27,غالي نار,Negative
e07297d0-d373-4bdd-9437-11b04062b862,Careem,Transport Services,5,2025-06-27,تمام,Positive
5eff6412-f13a-4851-9c6b-60de2f9c5bb8,Careem,Transport Services,1,2025-06-27,تجربة بتخزي تبعون توصيل نصابين وببعت ل كريم بردوش علي,Negative
f68bcb8d-d64c-48eb-a2eb-e59e755705b7,Careem,Transport Services,5,2025-06-26,ممتازة,Positive
6f12715b-754f-42ae-9729-62278627b115,Careem,Transport Services,5,2025-06-26,برنامج ممتاز جدا جدا وسريع,Positive
d9b425a6-ce3e-4549-a832-bce3299a8391,Careem,Transport Services,5,2025-06-26,جيد,Positive
3e6b2d9c-b46b-4638-8192-bda78842c751,Careem,Transport Services,5,2025-06-26,100٪,Positive
f1855f77-4651-4a31-965d-34d901846990,Careem,Transport Services,5,2025-06-26,ممتاز,Positive
41bc058f-aa5a-4188-ba7a-f763f41e0fd0,Careem,Transport Services,5,2025-06-26,ممتلز,Positive
ba496f23-32eb-417e-be67-b01ac5bf7b52,Careem,Transport Services,5,2025-06-26,افضل تطبيق وراقي بصراحه,Positive
531ebc54-8d05-44f3-9e31-925f2061bed9,Careem,Transport Services,4,2025-06-26,سيارات حديثة وكباتن محترفين و تخفيضات رائعة,Positive
7a3268f1-a197-44c5-9f63-4517f40eec8d,Careem,Transport Services,5,2025-06-26,ممتاز,Positive
88e98724-ac3a-4553-8c8c-c1e6479fb8ee,Careem,Transport Services,1,2025-06-26,اسوء خدمات يتم تقديمها منذ تولى اوبر الإدارة,Negative
9f6341fd-2aa0-43a5-9488-102b35c40986,Careem,Transport Services,5,2025-06-26,الخدمة ممتازة وأكثر ربي يبارك لكم,Positive
5cd56225-b19f-41b3-817d-0fe6d443237d,Careem,Transport Services,1,2025-06-26,الأجرة مبالغ فيها السعر مرة كتير ع مسافة الرخلة,Negative
2233222a-f52a-4040-b015-c7bbe6b31905,Careem,Transport Services,5,2025-06-26,ممتاز,Positive
38f12c07-4d6e-48fa-9c05-6052bd3d232a,Careem,Transport Services,5,2025-06-26,رائعه,Positive
0a8b8277-f84b-4c75-94c8-383b81b66d5e,Careem,Transport Services,5,2025-06-26,تجربه قياده ممتعه وأمنه شكرا كريم,Positive
945bfefd-f4b4-461d-8ec2-a8ef0a58fd6d,Careem,Transport Services,5,2025-06-26,تجربه ممتازه,Positive
9fd6d23e-8fd8-4e8d-99c6-885c656b6ed9,Careem,Transport Services,1,2025-06-26,خدمة عملا فاشلين مايعرف واحد يتواصل معكم ولايوجود رقم الخدمة العملا. التطبيق مفعله له فتره وغيرات الجوال وفجه اريد ادخل حسابي وطلب اغراض. يطلع لي ناسف لعدم تمكننا من تسجيل دخولك لحساب. عندي فلوس في المحفظة,Negative
4e9d83ac-cb8a-4548-9f54-ac0fb8e3ff3f,Careem,Transport Services,1,2025-06-25,شكوى!!! بالرغم انني استخدمت خدمة تكسي كريم منذ أكثر من سنة ونص لكنني الآن سوف الغي كل الخدمة ولا انصح باستخدامها ابدًا.... على مدى استخدامي السابق تظهر لي قيمة الرحلة وادفعها في النهاية بنفس القيمة رغم الازدحامات او الوقوف لكن قيمة الرحلة يجب ان تكون ثابتة كما تعودت... اليوم ٢٥ حزيران قمت برحلة كان السعر مع التخفيض ٢٠ بالمئة ٥٠٠٠ الاف دينار علما ان سعر الرحلة في الشارع من ٤ إلى ٥ الاف لكن في كريم حوالي ٧ آلاف طلب مني لكن مع الخصم ٥ الاف المهم طلبت الرحلة وعند الوصول تفاجأت ان المبلغ ٩ الاف,Negative
c2920a05-949a-4f3f-a1d8-69c32ee951cc,Careem,Transport Services,5,2025-06-25,تطبيق كريم هو كريم حقيقه خصوصا وقت ما يكون عندهم عرض,Positive
e73c965a-5634-44ca-8acf-7f8becba770b,Careem,Transport Services,5,2025-06-25,رائع و لكن فقط يحتاج إلى دراسة أسعار المطاعم المبالغ فيها و تخفيض الأسعار الغير مناسبة جدا من قبل المطاعم او حسب الإتفاق المبرم من بين الجهتين التطبيق و أصحاب الأعمال و الأنشطه,Positive
094cf0eb-51d0-4de6-8d6e-fadeb34293f3,Careem,Transport Services,1,2025-06-25,أرجأ حل مشكلتي. اريد الدخول على التطبيق يطلع لي ناسف لعدم تمكننا من تسجيل دخولك الحسابك. أرجأ حل المشكله خدمة العملاء ماترد,Negative
82d22452-297b-4679-9d82-29112298f6ca,Careem,Transport Services,1,2025-06-25,اسعار فلكية,Negative
a95159dd-59cb-4d0f-aa21-fdbf31fca11d,Careem,Transport Services,5,2025-06-25,👍,Positive
da2c4c66-5ba0-482a-a53a-27af625bacdc,Careem,Transport Services,5,2025-06-25,رائعون,Positive
e5aff332-358b-4933-826e-cdb0b372294b,Careem,Transport Services,5,2025-06-25,جيدة,Positive
3559f9c8-16b6-4f77-bec1-a2c2dc0977cf,Careem,Transport Services,5,2025-06-25,ممتاز,Positive
ae2e1a82-c028-4529-9f7a-09934333ca74,Careem,Transport Services,2,2025-06-25,تطبيق مو دقيق في مواقع مو اول مره يضيع سواق للي يجي ويعطيه موقع غير بسبب خللهم راحت علي رحلتي في قطار صراحه مفروض تعوضوني مبلغ الرحلة,Negative
eaeecd0d-6150-44cb-a07c-0769d09a7b1c,Careem,Transport Services,5,2025-06-25,جيد,Positive
bced4565-e079-4ab9-b218-b669cc0a5fd5,Careem,Transport Services,5,2025-06-25,ممتاز,Positive
581f89f3-7959-4934-bf0a-c6d7503c4e5f,Careem,Transport Services,3,2025-06-25,كريم في العراق كان زمان ... لم يعد كما كان سابقاً بسبب نوعية الكباتن الجدد مع كل الود والإحترام لكل كابتن محترم ولكن خلال أسبوع واحد صادفت حالتين بينما لم تصادفني مثل هذه الحالات في السنوات الماضية,Neutral
9d4e2e81-0a6c-4ced-b9eb-32d42b2a268f,Careem,Transport Services,5,2025-06-24,اذا كانت هناك عروض فجيد جدا,Positive
48a3ba61-e9dd-4b1d-820d-60461b2cfa6f,Careem,Transport Services,5,2025-06-24,جيد جدا,Positive
8ced633f-0f81-4de5-a00f-a5ecfb0d8ff3,Careem,Transport Services,5,2025-06-24,جميل جدا,Positive
aa46f032-31c3-45ae-bcd6-aa5d9c48b03d,Careem,Transport Services,5,2025-06-24,Much more perfect 😍♥️,Positive
a7ef1a6d-2e7e-4437-beae-55c91c82197f,Careem,Transport Services,5,2025-06-24,جيد جداً,Positive
967163ab-e7fe-4b93-8d09-bb26137ecbf8,Careem,Transport Services,5,2025-06-24,رائع جدا,Positive
9d9723b9-2724-4936-9d74-48b5647df137,Careem,Transport Services,5,2025-06-24,ممتاز جدا,Positive
c7985eff-f070-425b-84ac-5f57b042015c,Careem,Transport Services,5,2025-06-24,جيد جدا,Positive
75c2599c-4915-4b52-8111-ee42b092b156,Careem,Transport Services,5,2025-06-24,سيء جدا,Positive
2c288512-95b1-458d-9d96-b661af19a2d7,Careem,Transport Services,1,2025-06-24,تعامل سى جدا,Negative
61b94980-8d7b-4448-b0f5-78a2136120b9,Careem,Transport Services,5,2025-06-23,رائع,Positive
d3fdc542-121a-465e-becb-01da1be67043,Careem,Transport Services,5,2025-06-23,كيف يمكنني الذهاب لقائمة طعام في تطبيق كريم,Positive
e18abf1e-8aab-49d1-9ede-6d2c1de1b9e7,Careem,Transport Services,1,2025-06-23,احد اسوء التطبيقات في توصيل الطعام والعروض وهميه,Negative
96ec0e81-232e-445f-b0cf-18f95a821269,Careem,Transport Services,5,2025-06-23,Incredible,Positive
792e353e-2880-4248-bd44-034fe31d7cf1,Careem,Transport Services,5,2025-06-23,تقدرون تشغلو البرنامج في السفر ده تجربة حقيقة لنجاح البرنامج وايضا ترجعوا الابلكيش كما كان في الأول والله الموفق شكرا جزيلا لكم,Positive
fa0ccef7-e7bb-4dcb-8694-a87afed00465,Careem,Transport Services,1,2025-06-23,برنامج زي الزفت الغيت الطلب بسبب ان السواق ما يتحرك وقاموا غرموني خمسه ريال,Negative
b00ab4cb-b0ed-4638-aae2-dccdfe4f4b2c,Careem,Transport Services,5,2025-06-23,لا يوجد طلبات اكل,Positive
4852519d-88eb-45f4-8848-bf89fa75b767,Careem,Transport Services,5,2025-06-23,جدا رائع,Positive
0ca007f9-e5fa-4c2b-b543-f95bb5222fa9,Careem,Transport Services,2,2025-06-23,انا لما افوت على التطبيق بتطلعلي الطعام,Negative
50515927-ba48-447c-b84a-aeb8c8d98c5f,Careem,Transport Services,1,2025-06-23,المطاعم ما تبين تطبيق فاشل,Negative
60bfdd15-e526-469a-ab2f-d62c268d61b0,Careem,Transport Services,5,2025-06-23,جيده جدا,Positive
5540a30a-d507-47b4-be8f-65b0d6195902,Careem,Transport Services,5,2025-06-23,سهل وسريع,Positive
905b5812-66e1-4223-a27a-61a0e1da78b0,Careem,Transport Services,5,2025-06-23,Very important and wonderful. Thank you from the bottom of my heart for this program. Stay safe.,Positive
7e22760e-f095-42c3-b88d-59c63147fd7c,Careem,Transport Services,2,2025-06-23,بصراحه لما كان في جو على كيفك كان احسن انا من بعد ماشطبو خدمة جو على كيفك غيرت التطبيق لانه السعر مش ثابت اتمنى ان ترجعو خدمة جو على كيفك,Negative
66e4f3bc-1093-4b55-b906-fb281ba6cc5d,Careem,Transport Services,1,2025-06-23,سئ التطبيق لايدعم اللغة العربية بالكامل. إحنا في الإمارات ويجب أن تكون اللغة العربية موجوده في التطبيق وخصوصا طلبات الطعام. سوف احذف تطبيق,Negative
6c8d99ae-1856-4d0b-9482-60ac778cdadc,Careem,Transport Services,5,2025-06-23,راقي,Positive
0802abf1-1dc2-4d73-8840-1f424b839a04,Careem,Transport Services,5,2025-06-23,جميل,Positive
2a39a883-9ab2-4cae-a9f0-de84bdc6c282,Careem,Transport Services,4,2025-06-23,رائع جدا,Positive
9b0cc5fc-23c9-4c3d-865e-b8b9efedc051,Careem,Transport Services,1,2025-06-23,سيء حرفيا بما تحمله الكلمه من معنى 1 السواق تعاملهم سيء 2 قفاصه اذا لغيت رحله يضيفون كروتها على الرحله الجايه 3 الكروة ماتضهر للزبون عند. اتمام الرحله 4 المستفاد من التطبيق هم السواق فقط 5 المتضرر هو الزبون التطبيق عكس بلي لايضهر رقم سياره السايق,Negative
213a2ecd-7876-48d2-880c-e7ed405682a0,Careem,Transport Services,5,2025-06-23,ممتاز,Positive
88a191e6-aa70-4dc5-adcb-6b2b829ba3de,Careem,Transport Services,1,2025-06-23,اسوء تطبيق بل عالممم ميستاهل تقيم واحد اصلا,Negative
46358bb9-d61c-4196-953f-c564d449a7d8,Careem,Transport Services,1,2025-06-23,خدمه سيئه واوردر ناقص وبحاولوا يجبرونا ندفع حق الاوردر كامل وهو ناقص,Negative
386e078a-8e47-4234-a6f1-37c938439f42,Careem,Transport Services,5,2025-06-22,مشكورين ع جهودكم الطيبه,Positive
62bfd895-534d-488f-b124-0f379a285047,Careem,Transport Services,5,2025-06-22,ممتاز,Positive
bd0e310d-7bb9-4646-b798-eb1353e17357,Careem,Transport Services,5,2025-06-22,رااائع,Positive
912cbca0-70bb-4654-88c9-e0e69a030dfd,Careem,Transport Services,5,2025-06-22,ممتاز,Positive
7531f1fd-b5e0-4fd2-9e6c-fbbb5911c5f7,Careem,Transport Services,5,2025-06-22,تطبيق رائع,Positive
9631dad5-b271-417a-97f9-d3e6c2e07cf5,Careem,Transport Services,1,2025-06-22,so bad experience they didn't refund me,Negative
7e555e7b-565e-4fd9-a021-39658cbad982,Careem,Transport Services,5,2025-06-22,رحله ممتعه والتعامل فوق الممتاز والوصول في التوقيتات المحدده,Positive
21d215ad-c472-4967-8661-bc48d2589be7,Careem,Transport Services,1,2025-06-22,لا يفتح قائمة المطاعم,Negative
7f7cc8de-0198-4103-9168-f219448d00c8,Careem,Transport Services,5,2025-06-22,برنامج جيد,Positive
e73bd150-50bf-4cbe-b9a6-e72525bf969b,Careem,Transport Services,5,2025-06-22,حلو,Positive
7be3a736-ec21-4878-bcf8-a3bd9b79c129,Careem,Transport Services,5,2025-06-22,الله يبارك له في رزقه,Positive
cd9dc2c4-7b0a-4ac8-b47f-a7cfefa529f8,Careem,Transport Services,5,2025-06-22,افضل طبيق لمشاوير,Positive
b061107e-9231-4eed-acad-5379bad5130a,Careem,Transport Services,1,2025-06-22,إلغاء (جو على كيفك) للأسف أصبح التطبيق نسخة مماثلة تماماً من اوبر ... كان كريم مميزاً أنه منفصل بإدارته وسياسته عن أوبر ولكن للأسف أسعاره اصبحت عالية ومبالغ فيها جداً جداً جداً,Negative
7b881506-8d93-4252-8cdc-f4a8e1656128,Careem,Transport Services,5,2025-06-22,رائع,Positive
147c9a57-72e2-4a58-a80c-16be6df75e89,Careem,Transport Services,1,2025-06-22,بخزي,Negative
99fbd8b4-953b-43e4-ae4d-28a09b13d5b1,Careem,Transport Services,5,2025-06-22,ممتازة,Positive
18f9c952-bc28-4fdb-b838-3b5a52f434e1,Careem,Transport Services,3,2025-06-22,للاسف مؤخرا أصبحت الخدمه سيئه جدا وكذلك الاسعار مبالغ فيها,Neutral
f18aa780-11e4-4bd4-af11-b237cc56583c,Careem,Transport Services,5,2025-06-21,ممتاز,Positive
21ada47d-18c2-4197-8eed-81d0bc05f398,Careem,Transport Services,5,2025-06-21,good,Positive
855ce78e-3908-43a6-824b-7bf29a316d95,Careem,Transport Services,5,2025-06-21,جيد جدا,Positive
f4908631-c349-4c4f-9e4f-c1acf8b86034,Careem,Transport Services,1,2025-06-21,تجربة سيئه تطلب بسعر وعند الدفع اكتروني يسحب ثلاث أضعاف المبلغ ويحجز عليها وعند انتهاء الرحله يخصم لك مبلغ أكثر من إللي ظهر لك بالبداية وبقية المبلغ يرجعه للمحفظه تقول ابغى ترجعونها لحسابي يقول مالنا دخل حسب سياسة البنك ياخي انت اللي سحبت مني حسبي الله عليكم حسبي الله عليكم ونعم الوكيل اضف المخالفه الثانيه ان السائق اللي بالسياره غير اللي مسجل بالتطبيق,Negative
bf800c88-a160-40c6-8f50-5661d70b6fd7,Careem,Transport Services,1,2025-06-21,سيء جدا,Negative
a3494820-cc3d-4da2-b595-69ace54ca970,Careem,Transport Services,1,2025-06-21,كيف بدي استخدموا عشان المطاعم اول مره بنزلو يا ريت شرح للطريقه,Negative
1e55e6fd-7942-40f8-b0b5-183f7b1cc515,Careem,Transport Services,5,2025-06-21,خدمه سريعه ورائعه,Positive
c95f771b-b4d3-4815-87a6-f0951cdbca18,Careem,Transport Services,1,2025-06-21,👎,Negative
0302002e-598c-4711-b88d-a4bd5a86812f,Careem,Transport Services,5,2025-06-21,تطبيق ممتاز,Positive
cb4dc685-3807-4c6d-8e61-3519e730b8d1,Careem,Transport Services,4,2025-06-21,جيدة,Positive
8289de1f-cd9c-4be6-bef6-1addc545b7a6,Careem,Transport Services,5,2025-06-21,جيدة جدا,Positive
970986c4-eaea-4e27-a0fa-1b8e2d1d800e,Careem,Transport Services,5,2025-06-21,ممتاز,Positive
0a703474-c4fc-47e0-8f32-63635f00c7de,Careem,Transport Services,1,2025-06-21,تجربتى باختصار ازاله التطبيق نهائيا من موبايلى واستبداله باخر تعبت من كتر الشكوى من سيئ لاسوأ,Negative
7110c0ca-f8f5-4bd1-84b9-6e6e3db9584c,Careem,Transport Services,5,2025-06-21,ممتاز,Positive
ce8102b9-6ad8-41d6-b429-4f3491fa1380,Careem,Transport Services,5,2025-06-20,منتازة,Positive
7fee0a2d-0b5a-47ff-81ef-4f0e0b70112a,Careem,Transport Services,1,2025-06-20,معاملة سيئة,Negative
f400d3e4-ba86-488b-8540-de5d8ac495e1,Careem,Transport Services,1,2025-06-20,نجمه كثيره علي التطبيق انا انتظر نص ساعه عشان عندي موعد ف المستشفي وعند وصول الكابتن ارسل لي صوره في مكان تاني اتصلت عليه جواله مقفل قلت له اتصل علي ما اتصل عشان اوريه المكان ف الاخر لغي الرحله وفوت علي الموعد وتاني ملاحظه تحصيل مبالغ زايده في حين انه بوصل في نفس الزمن المحدد وبدون زحمه اخر رحله بعد ما دفعت جاني مبلغ مبالغ فيه تواصلت معهم قالوا لي هذا حق اخر رحلتين مع انه المبلغ يتخصم من البطاقه وانا كنت دافع حق الرحل السابقه بس شغل نصب,Negative
0d693ccf-733e-4bdb-b49c-e7d9d6b00ae2,Careem,Transport Services,5,2025-06-20,ممتاز,Positive
0c97438b-763e-4e06-a4bb-ba89ea01eef3,Careem,Transport Services,4,2025-06-20,جيدة,Positive
dcd56eba-094b-44d9-9c43-166873893afe,Careem,Transport Services,1,2025-06-20,تم منعي من طلب رحله الا بعد دفع مبلغ ذهيد ١٣ جنيه عن طريق بطاقه ولم يوافقوا علي دفعي له مع رحله قادمه مع انه مضاف لي خطأ من احد كابتنهم وتم ازاله التطبيق بعد سنين من المعامله المحترمه وان شاء الله نتعامل مع شركه اخري,Negative
02747cb9-4b81-4545-8891-f9acb15d073f,Careem,Transport Services,5,2025-06-20,❤️,Positive
abb1551d-2167-4524-a5b0-2e9fe19ee628,Careem,Transport Services,5,2025-06-20,تجربة ممتازة,Positive
9e127bbb-189f-4559-b5d1-75f41dfefee9,Careem,Transport Services,5,2025-06-20,ماشاء الله مصداقيه في كل وقت واتمنى يكون في جميع أرجاء المملكة من ضمنها النعيرية والخفجي,Positive
f825d0b0-b37b-48b6-bdb5-2b726f37edc6,Careem,Transport Services,5,2025-06-20,👍👍,Positive
fe2cf250-c103-4654-8410-83a58e24c399,Careem,Transport Services,5,2025-06-20,من افضل التطبيقات بصراحه ودائمآ استخدم هذا التطبيق,Positive
3f4bb5c6-8143-4515-ba47-dbdf2d692e26,Careem,Transport Services,5,2025-06-20,كريم وهو فعلًا كريم و يستحق المدح و الثناء و أحسن برنامج 💛,Positive
8504d3ef-abe4-494e-a4ed-1ab412d3001e,Careem,Transport Services,5,2025-06-20,رائع,Positive
bd60328b-396f-43d0-b489-afdc420ac3bf,Careem,Transport Services,1,2025-06-20,لااستطيع أن اوصي طعام,Negative
631c0db6-260f-433e-9173-561a3924eac6,Careem,Transport Services,5,2025-06-19,مرا حلو,Positive
5a845739-8a17-40cf-a89f-b7b55aab8507,Careem,Transport Services,1,2025-06-19,تطبيق تافه وبياخدو فلوس زياده عن الاجرة,Negative
b972583b-7e96-4517-b7e7-535db9af0204,Careem,Transport Services,4,2025-06-19,تطبيق ممتاز.,Positive
93ade942-3cdb-4371-8cef-77cbe62d186d,Careem,Transport Services,5,2025-06-19,جميل,Positive
0d40652f-ffca-4d2f-9ab8-bb53ac82a158,Careem,Transport Services,5,2025-06-19,رائعه,Positive
f66a88bd-63ea-4a4a-9bc6-4e550a947b07,Careem,Transport Services,5,2025-06-19,رائع تطبيق يجنن,Positive
39c32f9d-b95a-4526-9066-5724db0453f3,Careem,Transport Services,5,2025-06-19,جميل,Positive
2d733f9c-3180-4d73-9ed9-7ab1d5923793,Careem,Transport Services,5,2025-06-19,حلووو,Positive
8ee2780b-0be0-4c84-a898-c61c9e20ff35,Careem,Transport Services,5,2025-06-19,ممتازه دايما,Positive
006aa697-4529-4ed9-ac0a-8febaa5044ad,Careem,Transport Services,5,2025-06-18,ممتاااز,Positive
7415e9c4-2f10-4ce3-a5e5-a359186fc614,Careem,Transport Services,5,2025-06-18,تطبيق 10 على 10,Positive
cd42b194-a87a-42b6-85d1-4f649264b0d6,Careem,Transport Services,5,2025-06-18,خدمة مميزة ووفرتم وقت وجهد ، شكراً لكم ..,Positive
ded0bee2-8f2c-44af-b235-c5e1a2d2d712,Careem,Transport Services,1,2025-06-18,فئه الاوفر دمرت التطبيق وحيفشل بل عراق وتطبيق بلي افضل لان ينطي حق للسائق وتطلعله الكروه قبل لايوافق عليهه اما كريم توريطه من توصل الزبون ومكان جدا بعيد وكروته 10 بتكسي لعادي . وكريم تطلعلك 3500 😕 تطبيق فاشلل بمعنى الكلمه,Negative
7ffa2afc-3aca-4295-ad81-3d8a240d988b,Careem,Transport Services,5,2025-06-18,خدمه ممتازة مره مره انصح عن تجربة استخدامه,Positive
a3828341-e629-4cfa-aa26-4ec11d302251,Careem,Transport Services,3,2025-06-18,في أغلب الأحيان يتم المماطلة من قبال بعض الشركاء السائقين الاحتساب الغرامات والمغادرة بغض النظر عن من هو الراكب مريض او يدفع حق المشوار فقط بدون اكراميه وكم من الوقت تم انتظار الشريك السائق,Neutral
02bbae45-02b6-424c-af36-351b7b1ed49c,Careem,Transport Services,5,2025-06-17,سهل وامن ويحفظ حق الراكب شكرا كريم,Positive
490280f4-7483-4c94-9e4b-0f1ae23a9b2a,Careem,Transport Services,5,2025-06-17,جيدة جدا,Positive
5e9ce958-3831-4455-96cd-cc5dd492f24b,Careem,Transport Services,5,2025-06-17,جدأ ممتاز,Positive
36268ff9-2444-421f-b604-f1089b77e070,Careem,Transport Services,4,2025-06-17,جيد,Positive
71375e27-cf0b-410e-a5ef-d85299d2bf40,Careem,Transport Services,5,2025-06-17,جيد,Positive
aca2e364-d972-4939-a856-ddf1e6260a29,Careem,Transport Services,5,2025-06-17,ممتازة,Positive
a566d9e8-b6bc-4d12-8254-45d75ee38366,Careem,Transport Services,4,2025-06-17,رحلات كريم غير توفير وراحة بال,Positive
82ba5032-ff1f-4e72-a1f8-2c168ae8bd16,Careem,Transport Services,4,2025-06-17,والله الصراحه التطبيق ممتاز بس البارحه طلبت تكسي وابو التكسي هوه الي لغاه يكلي اتاخرتو عليه وفوكاها طلعت اني مطلوبه للتطبيق هاي,Positive
93a906e1-3300-4562-8736-339779228ab2,Careem,Transport Services,5,2025-06-17,تطبيق رائع,Positive
5fea8b37-754f-4e6e-8b86-c3d90b66c6c8,Careem,Transport Services,5,2025-06-17,ممتاز,Positive
132c8526-5505-4d74-b941-4911b6e7873e,Careem,Transport Services,1,2025-06-17,اغلب السائقين لا يقومون بتوصيل الاغراض وسيقوم التطبيق بتحميل المبلغ عليك اسوء تطبيق على الإطلاق اغلب السائقين لصوص مع الأسف لا أحد يقوم بتوصل الطلب,Negative
470cdb51-a34b-4c9b-9ff8-25b82ecba4e5,Careem,Transport Services,2,2025-06-17,توصيل مو سريع بطيء,Negative
242ec90a-a6ad-4420-a329-721204da6cc0,Careem,Transport Services,5,2025-06-16,جدا ممتازة . مع بعض ملاحظة السعر المبالغ احيانا بأوقات الذروة .,Positive
062fb9af-83d0-4484-8dea-228ded29bcae,Careem,Transport Services,5,2025-06-16,رائعة,Positive
652cccae-6150-4bcc-abb8-d225d50b1e1a,Careem,Transport Services,5,2025-06-16,كريم تطبيق توصيل رائع ومريح 👏👏,Positive
bd7d6c78-dae8-4ec8-9855-7a29fe82bb45,Careem,Transport Services,3,2025-06-16,أصبحت أسعارها عالية جدا في اوقات الذروة وحتى في غير اوقات الذروة ومدةانتظار السيارة أصبحت طويلة وقي الاخر يقول لم نعثر على احد حلول مرة اخرى,Neutral
e1021b81-182e-4b9d-9b78-7a5936d9b339,Careem,Transport Services,5,2025-06-16,حسن الخاتمة,Positive
abbd5573-fed5-439b-811c-c7eac75cc4b6,Careem,Transport Services,5,2025-06-16,جميل جدا سريع واسعاره مقبولة,Positive
e73d2160-6f4f-4368-becc-052560133c53,Careem,Transport Services,5,2025-06-16,كويس,Positive
9cdeefb4-706b-45ea-a447-11dca80a9668,Careem,Transport Services,5,2025-06-16,جميل جدا ومريح,Positive
e2ebaa77-c78d-4202-b455-66826fa858fe,Careem,Transport Services,1,2025-06-16,كواويد شكد مسوين اعلانات على اليوتيوب لعبتو نفسنة مناويج ادري شكد عدكم فلوس الخاطر محمد,Negative
1eff523a-f010-4103-a0e3-9b3193c90a2f,Careem,Transport Services,1,2025-06-16,سيء للغايه 😤😤😤,Negative
dbb408a9-6fbe-4eac-8dbb-ac8cbbbb4e46,Careem,Transport Services,1,2025-06-16,لا يوجد مطاعم,Negative
dba34686-acb9-43b8-8ca1-ba841e156e5d,Careem,Transport Services,5,2025-06-16,جيد,Positive
5fae95f8-3f35-427e-b5ba-b43ec702644a,Careem,Transport Services,5,2025-06-16,تجربه ممتازه,Positive
0f6f138b-065b-4c6a-8bdb-38e00e24e206,Careem,Transport Services,5,2025-06-16,ممتازة,Positive
6c3ec007-90ff-4488-8d62-bcbfaf2abbdb,Careem,Transport Services,1,2025-06-16,سيئه لم يحضر الكاتبن وسجل علي مبلغ 8ريال,Negative
5f85d4ec-b5e2-4624-aff6-5dc64669a7a2,Careem,Transport Services,1,2025-06-16,جدا جدا سيء,Negative
caad84c4-4c11-4ecf-b7cc-7deec4be5fe2,Careem,Transport Services,1,2025-06-15,أغلى تاكسي وإذا أخطأت وخرجت من التطبيق بعد طلب التاكسي يفرضون عقوبات مالية عليك.,Negative
dbdeb429-3e1d-48f1-ab5f-341c3d0aca46,Careem,Transport Services,5,2025-06-15,جداً رائع,Positive
6f4c4f23-284a-4476-a352-694285512010,Careem,Transport Services,5,2025-06-15,روعة,Positive
a3e2e06e-fd17-4fe4-8120-1f5953ab3188,Careem,Transport Services,5,2025-06-15,جيد جدا,Positive
31bd98f0-6a42-4517-ab48-67f948f31374,Careem,Transport Services,1,2025-06-15,نصاب انا سمعت أنه بنت ركبت مع كريم وخطفها ازي دا يحصل والبنت كانت لوحدها معهاش حد ومن سعتها لم نتعامل مع تطبيق دا مطلقاً والخطف دا كان صاحبه واحده اي نصب واحتيال دا,Negative
f16c5a23-c9c8-43f7-8ce1-54fd83bc31ea,Careem,Transport Services,5,2025-06-15,🌟🌟🌟👍,Positive
5374b03f-72a7-43dc-9ff1-58f5a1c4e99a,Careem,Transport Services,1,2025-06-15,خلوا بالكم بيسرقوا فلوس بدون إذنكم وعلمكم قسما برب الكعبه هذا اللي حصل معي اليوم حسبي الله عليكم كيف تسحبون أموال من الفيزا بدون علمي وإذني,Negative
ef8c84d5-41cb-4799-8261-190632e0e570,Careem,Transport Services,5,2025-06-15,جيد,Positive
70eb5c03-f0e1-4bfe-b738-9b3556824822,Careem,Transport Services,1,2025-06-15,غالي جدا وسواقين حراميه,Negative
967749eb-58b7-46fc-83be-8cccfa28059f,Careem,Transport Services,5,2025-06-15,ممتاز,Positive
bebf4a49-bbab-4d03-a8d7-e55940e19e67,Careem,Transport Services,1,2025-06-15,اسوأ تجربة في حياتي,Negative
70be0a67-cd5b-4078-bb4e-43028b2010db,Careem,Transport Services,5,2025-06-15,ممتازه,Positive
d6d26c34-b514-4ccc-9035-0df1ab52119b,Careem,Transport Services,5,2025-06-14,ممناز جدا,Positive
8c8c9588-ccce-40e8-8380-8678d02892f7,Careem,Transport Services,5,2025-06-14,شكرا ممتاذ,Positive
8108bae3-503c-4d81-8809-9bc8d041a0f6,Careem,Transport Services,5,2025-06-14,برنامج أكثر من رائع بستخدمه من سنوات وأي ملاحظات يتم التعامل معها بشكل فوري وناجح,Positive
ebd49922-e467-4c29-a023-9f6c7c0b326c,Careem,Transport Services,5,2025-06-14,تطبيق رائع بالنسبه لي,Positive
75c5b4af-a14d-4d2d-92b4-676fe881af73,Careem,Transport Services,1,2025-06-14,افتحوا مطعم وهمي ليش مسكرينه,Negative
b951a8f7-f5c6-4414-bb5b-ddb52111a1c3,Careem,Transport Services,5,2025-06-14,👏🏻👏🏻👏🏻,Positive
b312240e-14a6-4b54-a2de-0f945f550823,Careem,Transport Services,1,2025-06-14,خدمت الطعام لا تظهر,Negative
3b7ac9ef-2b7c-4278-aea6-fd4ea4d5979b,Careem,Transport Services,1,2025-06-14,ما بفتح عندي,Negative
95d726de-9e63-408d-9904-d604614a3c6a,Careem,Transport Services,2,2025-06-14,تقييم الكباتن في التطبيق غير واضح من اليمين إلى اليسار او العكس ! ولا يوجد ما يوضح أيها النجمة او الخمسة نجوم و يتم التقييم بالتخمين بلمسة واحدة و لا يمكن تعديله بعد ذلك مثل تقييم التطبيق في المتجر مثلآ ! لا أدري اهاذا مقصود !!!,Negative
77a2f406-ab4a-4ad4-a10d-8264aaadae26,Careem,Transport Services,1,2025-06-14,لا توجد خدمة عملاء ولا رقم للتواصل,Negative
5f333dd9-2edd-49ce-ba31-90fc00d18699,Careem,Transport Services,5,2025-06-14,الافضل,Positive
9e3b0fb2-340a-4ba1-8e7c-40cc5e048a6a,Careem,Transport Services,5,2025-06-14,رائع,Positive
0818b262-5173-4cc7-b795-46e5ad31e4c9,Careem,Transport Services,5,2025-06-14,ممتاز و مفيد,Positive
0f7925c3-de63-4e6e-81a6-901c152b32d5,Careem,Transport Services,5,2025-06-14,تطبيق ممتاز وكباتن اخلاق روعه ربي يحفظكم,Positive
c18edbf8-6317-4c23-b806-0cc758ce8df3,Careem,Transport Services,5,2025-06-14,جيد ولاكن اتمنى فتح الخدمات لقرية علعال بأسرع وقت ممكن,Positive
3e9ac459-6df3-4f3f-84db-15c7f4e1d4ee,Careem,Transport Services,5,2025-06-14,جيد,Positive
b7ddfb43-bf8f-4f61-99c4-21e966e64faf,Careem,Transport Services,1,2025-06-13,ما بردو في الدعم وما عوضوني على طلب تالف,Negative
83e12905-e50a-4bd3-93c0-c8e0398abe2e,Careem,Transport Services,1,2025-06-13,اسوء تطبيق,Negative
d4389e99-a98c-44c6-a22e-8fa3f58000bb,Careem,Transport Services,1,2025-06-13,التطبيق بعد تحديثه اصبح غير دقيق وغير واضح فهو ليس عملى الان,Negative
6424942e-1ac8-489d-85fe-270c8a7e15c2,Careem,Transport Services,1,2025-06-13,مش كثير,Negative
026c57b6-9ce2-47a2-a2a2-10402d5170dd,Careem,Transport Services,5,2025-06-13,برنامج خدمي ممتاز,Positive
884ca08b-69b4-423f-b70c-140b39094e62,Careem,Transport Services,5,2025-06-13,والله جيدة,Positive
c72f6086-f996-4ce1-b06d-68943ee2bf9e,Careem,Transport Services,1,2025-06-13,دعم فني سيئ,Negative
ec53d162-9975-4432-b335-f911b2a2ec65,Careem,Transport Services,1,2025-06-13,تطبيق كثير سيء لانو بدي أوصي من عند بل لبن مش راضي يطلعلي بل لبن,Negative
ec7a43a7-18b1-4152-9bc8-0cba0ca4255d,Careem,Transport Services,5,2025-06-13,خدمة ممتازة وسعره قليل,Positive
7ace9fde-2941-456c-b953-fbfd6733df29,Careem,Transport Services,5,2025-06-13,حلوه,Positive
495f3188-c00c-4578-b178-0901e1040f43,Careem,Transport Services,5,2025-06-13,ممتاز,Positive
2829d757-b66d-4ca6-84b1-5c5b799e4b07,Careem,Transport Services,5,2025-06-12,موقع دقيق وجميل,Positive
148e24fe-aa23-4428-914d-f857d0522823,Careem,Transport Services,5,2025-06-12,ممتاز,Positive
595b6c0a-bc2d-4982-9c5f-fadf0b72cbc3,Careem,Transport Services,1,2025-06-12,لا توجد لدي قائمه المطاعم في منطقتي التي المفروض عليها توصيل طعام,Negative
4d393355-2a22-4247-b6b2-8f8c3a652553,Careem,Transport Services,5,2025-06-12,جيدة,Positive
37053c93-49be-418c-bc73-1cfa9a3b7a80,Careem,Transport Services,5,2025-06-12,ممتاز,Positive
00034494-e0e9-426a-9e47-c09be820e46b,Careem,Transport Services,5,2025-06-12,محترمة,Positive
295f28b8-4f4a-4f22-8f1a-19ea3c619918,Careem,Transport Services,1,2025-06-12,التطبيق جيد لكن هناك دائما اختلاف بالسعر .... وهلا للاسف صايرة عروضكم كلها وهمية وبتبعتو كودات خصم للرحلات كلها وهمية ومنحكي مع خدمة العملاء مافي جدوى ابدا بعدهم وقت طويل ليردو وبتحس كأنك عم تحكي مع حالك بتحكي معهم من الشرق بجاوبو من الغرب وبالاخر مابيعترفو بخطأهم وبحطو انهم حلو المشكلة,Negative
edd1bb2e-a945-4327-b320-c7a08fa84fca,Careem,Transport Services,3,2025-06-12,جيدة,Neutral
30bd7523-d820-4baa-b169-2ba19dc973a4,Careem,Transport Services,5,2025-06-12,تجربة ممتازة و سرعة في وصول السيارة,Positive
51a519ed-f83f-41b3-b317-4433f644e374,Careem,Transport Services,1,2025-06-12,اريد ان اطلب طعام لكن غير موجود عتطبيق لماذا لا تظهر لي فئة الطعام,Negative
1556bb85-c295-4827-a9a0-5ac3a4e355c6,Careem,Transport Services,5,2025-06-12,ممتاز ومفيد,Positive
754475f8-0543-4e1a-a65c-c92cba7f54cc,Careem,Transport Services,5,2025-06-12,جيد,Positive
38e4b0a2-1248-4e27-9305-1ba6047b8c63,Careem,Transport Services,5,2025-06-12,ممتاز,Positive
07c7f954-64ba-42db-a08b-80cf4232ed01,Careem,Transport Services,5,2025-06-12,مريح وجميل,Positive
1395738a-7a0c-4b33-bfa4-0b175659a700,Careem,Transport Services,5,2025-06-12,حلو,Positive
438e5fa7-cbd1-4532-ae57-fb98af8a5aa7,Careem,Transport Services,5,2025-06-12,جميل,Positive
5fa44137-f10c-4725-930e-b2a25fcbbf9e,Careem,Transport Services,5,2025-06-12,ممتاز,Positive
c7b23adf-3425-4a82-a121-d979a6e01e8f,Careem,Transport Services,5,2025-06-12,اسعار غاليه,Positive
31c5bab6-258e-448b-9818-33dce926ac7f,Careem,Transport Services,5,2025-06-12,العيب الوحيد أنه بالانجليزيه ياريت يترجم بالعربي,Positive
be95dd26-a37b-486b-b1bf-6d50a032b58d,Careem,Transport Services,5,2025-06-12,👍😍,Positive
2ec0119a-1c87-4f47-a874-b434fffbc492,Careem,Transport Services,5,2025-06-11,ممتازة,Positive
8c467efd-41e3-4451-8a80-c8ff3ffad28d,Careem,Transport Services,1,2025-06-11,برنامج فاشل,Negative
55c229dc-838f-4ecc-8633-d68dcffc1861,Careem,Transport Services,5,2025-06-11,روعه,Positive
1700b481-0236-4e2c-99a6-7ce4c9782e5f,Careem,Transport Services,3,2025-06-11,غالي,Neutral
84fb8361-b969-4a82-9733-05489c254789,Careem,Transport Services,1,2025-06-11,واجهتني مشكله ولم يتم حلها منذ 3 اسابيع,Negative
b01af5fa-4157-492f-b06a-05028b0877c0,Careem,Transport Services,2,2025-06-11,يوجد مغالطة بالموقع في بعض الاحيان وكفاءة بعض الساقين ليست بالمستوى المطلوب.,Negative
63f7bcbb-244b-4a8d-97e6-600b36cf3f08,Careem,Transport Services,5,2025-06-11,شكرا,Positive
7c9a22ca-c988-42f2-936b-54e8df7a28f6,Careem,Transport Services,5,2025-06-11,رائع,Positive
fa607c48-7e5f-48a1-8ee8-2d5bf5b8e332,Careem,Transport Services,1,2025-06-11,غالي جدا ومبالغ فيها,Negative
b4f19e26-24a6-474c-bc3a-7efefc078a71,Careem,Transport Services,5,2025-06-11,افضل شركه بلعراق,Positive
500e1324-24fa-4355-a604-8483d3a7ee95,Careem,Transport Services,1,2025-06-11,حسب تجربتي الشخصيه اسوء برنامج بالعراق,Negative
3cd3eee4-dfcd-4006-9fb4-765d620436b4,Careem,Transport Services,5,2025-06-11,مره حلو,Positive
0b68994f-eb81-45f0-aa2a-3e9df7068a2b,Careem,Transport Services,1,2025-06-10,Some scammers are charging a lot of money from your account and providing poor service. انا انسحب من حسابى فلوس زيادة مرتين نصابين,Negative
73257a7f-a58b-478a-a851-0af3e7aa5463,Careem,Transport Services,5,2025-06-10,جيدة جدا,Positive
e4ff322d-ca96-4db0-8ab7-463d8256a293,Careem,Transport Services,1,2025-06-10,انا طلبت رحلة والرحلة تكلفتها ٢٢٢ واعطيت لأسواق ٢٤٠ يجيني اشعار اني مطالبة ١٠ ج الانسان يدفع ملايين وهي تستحق الدفع لكن جنيه غير مستحق مافي بني ادم بيرضى يدفع,Negative
fde611be-7319-4217-ab5d-394251197d46,Careem,Transport Services,5,2025-06-10,رائعة,Positive
c4a3753e-3f28-4038-aacb-4eddb8632dff,Careem,Transport Services,5,2025-06-10,👍👍👍تطبيق جميل,Positive
d6de1d62-f7ce-43e3-a86c-9a90a5913e99,Careem,Transport Services,1,2025-06-10,تطبيق تعبان كل ما اطلب مشوار فيها ساعه عشان يرد ولما يرد يقولي رايح فين اقوله يقولي انا بعيد,Negative
69e2b08c-64f0-4dbc-9dc7-c8227f838cf9,Careem,Transport Services,1,2025-06-10,كريم تطبيق غير موفق أسعاره مو طبيعيه في الاغلاء ومافي اختيارات ان درايف متميز عن الكل,Negative
ccce3230-37a8-4336-8fb2-b474819ec60f,Careem,Transport Services,5,2025-06-10,البرنامج ممتاز,Positive
dc823c37-0ae1-4525-93df-260e11ead819,Careem,Transport Services,5,2025-06-10,شكرا,Positive
5f1be638-dc17-40df-bc01-2e1411408186,Careem,Transport Services,5,2025-06-10,تطبيق رائع وسهل الاستخدام,Positive
31eab3a0-a207-4a3c-ad32-0295a51f92be,Careem,Transport Services,1,2025-06-10,الاسعار أغلي بالنسبة ل didi مشوار 8كيلو ب 150 اما ديدي فكانت 81 يعني فيما يعادل ضعف السعر,Negative
683cfc95-4f91-4e4a-b4d2-ea1975d7c190,Careem,Transport Services,5,2025-06-10,احسن تطبيق استخدمته,Positive
a3987463-bb9a-4bb0-b537-ad07bbc39724,Careem,Transport Services,5,2025-06-10,رحلة جيدة جدا وكابتن إنسان طيب,Positive
7eeafda1-78f7-435d-8c6e-1d0590032f14,Careem,Transport Services,5,2025-06-10,ممتاز,Positive
18ef14c3-cb61-47f9-a4a5-a4cde1373934,Careem,Transport Services,5,2025-06-09,سيء,Positive
2a93aab8-200f-4f9b-88e7-7a659919dea6,Careem,Transport Services,5,2025-06-09,جيدة,Positive
3ca60480-418f-4355-bcc8-bbe21a5baba5,Careem,Transport Services,5,2025-06-09,رائع,Positive
ba2721cb-9762-4269-b528-dd115e72c449,Careem,Transport Services,1,2025-06-09,اسو تطبيق في الأردن لم أجد اقل من نجمه شر كه فاشله مثل إدارتها تصدق عميل حتي لو العميل كذب,Negative
c8726f8a-01f0-440d-a4e2-489ac3fe3ae1,Careem,Transport Services,1,2025-06-09,فترات انتظار طويلة. ويتم دفع اكثر من المتفق عليه في البرنامج قبل التوصيل. لذا جاري حذفه,Negative
deb9de66-8745-46e4-9cca-5a690d78abaf,Careem,Transport Services,1,2025-06-09,ابلكيشن سيئ جدا انصح بعدم التعامل معه مجددا,Negative
2e960970-d876-4628-8eaa-76e766b5d3f0,Careem,Transport Services,1,2025-06-09,سيء جدا وفاشل,Negative
7c832896-1de9-4fbb-80f0-0f5ade713cea,Careem,Transport Services,1,2025-06-09,سئ للغايه وأسعار خرافيه ما قدر يصل الموقع قال تعال مشينا يمكن خمسة كيلومترات وفي الاخير الحساب ١٨٦ ريال في ٢٠ كيلومتر,Negative
487f2c94-aaf9-435f-b90b-dfd9964ab87e,Careem,Transport Services,5,2025-06-09,فنانه,Positive
c98b2f3e-8c5a-497b-ae1c-46415060dc50,Careem,Transport Services,5,2025-06-09,التطبيق ممتاز جدن,Positive
34deb356-4743-4642-a22f-46e093478a8d,Careem,Transport Services,5,2025-06-09,تطبيق حيد,Positive
312422e9-98a5-4284-9ac3-28ab99f857c5,Careem,Transport Services,1,2025-06-09,شركة فاشله,Negative
4d1d7271-28ed-433f-b825-74dd43ea37b2,Careem,Transport Services,4,2025-06-09,كويس,Positive
f3264ec5-eb7c-4911-9797-109d85a3ea52,Careem,Transport Services,1,2025-06-09,سيء للغاية,Negative
83f731a8-1e7d-49e7-ae7d-a4c8b091ebc4,Careem,Transport Services,5,2025-06-09,ممتاز جدا,Positive
45e49d69-c570-46ac-a574-f626cb3f530f,Careem,Transport Services,1,2025-06-09,سئ الكابتن تاخد طريق اطول وتزود في سعر الرحلات بولت افضل منه,Negative
b3b79308-2bf8-4b92-8747-205966a7dbee,Careem,Transport Services,5,2025-06-09,ممتاز جدا جدا,Positive
e07bdc97-3844-42cc-8643-cf2ba1ef7e93,Careem,Transport Services,1,2025-06-09,التحديث الجديد سئ جدا وعدد كباتن اصبح نادرا مايكون متوفر ويجبرني ان اضع نقطه وصول واحده فقط ولا يمكنني وضع أكثر من نقطه وصول للمشوار وده إجبار من تطبيق على تفعيل اكتر من مشوار الكباتن مختلفه برسوم فتح جديده لكل نقطه وصول مختلفه برحله جديده للأسف لا اشجع الاستمراريه في هذا التطبيق,Negative
64d21af8-5c2b-4c8c-9e88-876492256a47,Careem,Transport Services,5,2025-06-09,حلو مرة,Positive
9fae1e78-e66c-4101-983f-bd510c4cc29e,Careem,Transport Services,5,2025-06-09,👍👍⭐️⭐️⭐️⭐️⭐️,Positive
96b4188f-51f5-40f3-b6a2-6874baa2baed,Careem,Transport Services,5,2025-06-09,طيبة,Positive
62349e7c-2c65-4091-9414-a1f9f0218841,Careem,Transport Services,1,2025-06-09,السائقين جاهلين,Negative
dddffb1c-f24a-49e9-8280-0a0cad993863,Careem,Transport Services,2,2025-06-09,السياره تختلف عن السياره المطلوبه في اخر مشوار,Negative
4eabf752-3ce5-4fb8-aa6e-9bde84d8c976,Careem,Transport Services,1,2025-06-08,الكابتن لغى الرحله من نفسه ، ل تانى مره احاول استخدم البرنامج ده و للاسف زباله,Negative
dd2419a6-c030-4384-91c4-7b7f4361b591,Careem,Transport Services,5,2025-06-08,تجربة ممتازة,Positive
506632ba-8e48-4ef6-a80e-d512025fe33a,Careem,Transport Services,1,2025-06-08,لا انصح باستخدامه الان اصبح الكابتن سواق توكتوك اخر مره طلبت ووصل عرف المشوار فين وحطيت شنطتي قالي حركن علي جنب اخد الشنطه بالفلوس ومشي عملت بلاغ في الاب محدش سال وحطو عليا ١٠ جنيه كمان عملت محضر سرقه,Negative
8ba310b6-1af4-4826-8176-0780ab5579e4,Careem,Transport Services,5,2025-06-08,والله بالنسبه الي أصبحت لا استغني عن تكسي كريم بكل رحلاتي الداخليه.الحمدلله سياراتهم حديثه جدل وتبريد فول والاجره جدا مناسبه والكباتن جدا محترمين مع الزبائن.. نتمنى لكم كل التوفيق والنجاح يارب,Positive
7047aed1-9248-4e63-b220-e4e596d6a7b1,Careem,Transport Services,5,2025-06-08,ممتاز,Positive
287d6c9c-723a-4fc6-8dc6-4e6fa82198cd,Careem,Transport Services,5,2025-06-08,من صدك روعة,Positive
05e4c29a-3f76-4ec0-8e06-afcf576c201c,Careem,Transport Services,5,2025-06-08,ممتاز,Positive
d28080b7-8f4b-4785-8e68-00236df5efc9,Careem,Transport Services,5,2025-06-08,ممتازة,Positive
34a86527-ca59-4005-af72-d46422f44b5e,Careem,Transport Services,1,2025-06-08,تجربه مزعجه وغير مريحه لان لامدير ولامراقب ع السائقين يمشون ببط يتعب الاعصاب ويتقصدون يذهبون الى اخر الدنيا حتى تصل الى وجهتك واهم نقطه واتعس نقطه السائق مايحب يرح للمكان الي انت تريده ويجبرك تلغي الرحله والخساره علينا وليست ع. السائق او ع التطبيق كذلك حين نتحتاجكم كادارة ونريد نشتكي لانجدكم ولانعرف اي وسيلة اتصال مباشر ....لاتوجد مهنيه باختيار السائقين مع الاسف,Negative
cbab7209-d102-4396-97c4-51e9a901a153,Careem,Transport Services,4,2025-06-08,جيده,Positive
26c3aac7-57ac-4910-b048-fdb070283d35,Careem,Transport Services,5,2025-06-08,ممتاز,Positive
c4551571-4ba5-49dc-9943-7d79488c7e5c,Careem,Transport Services,5,2025-06-08,جميلة التجربة,Positive
5e894b16-5a05-4a2f-aa05-5c50760a8bdc,Careem,Transport Services,5,2025-06-08,اسطوري,Positive
db28ca9e-65d8-4de7-884f-dc97430610cf,Careem,Transport Services,5,2025-06-08,ممتاز جدا جدا,Positive
4aeec631-be03-4afd-b24a-1cd4761d5f55,Careem,Transport Services,5,2025-06-08,ممتاز جداً,Positive
8c4c2e5c-9daa-4fe5-bf2f-65bfea39694b,Careem,Transport Services,1,2025-06-08,سيئة جدا استغراق وقت طويل لتحديد كابتن وبعد تحديد الكابتن يتم الاتصال لإلغاء الرحلة لان السعر مش عاجبه وده اكثر من مرة,Negative
9cbc985c-943d-4e8f-88d5-cd5d7a827a6d,Careem,Transport Services,5,2025-06-07,خوش تطبيق,Positive
6a238894-e12e-4ee5-b868-45362031b36c,Careem,Transport Services,1,2025-06-07,شركة غير ملقووم بيهااا,Negative
4619ce56-b803-4bcd-b91e-83707dedb290,Careem,Transport Services,5,2025-06-07,ممتاز,Positive
c3375c59-4c37-469f-9aeb-ceba5ab61b78,Careem,Transport Services,5,2025-06-07,ممتاز,Positive
bf0c41ca-e034-4041-aeff-9521d1148250,Careem,Transport Services,1,2025-06-07,خدمة عملاء سيئة لم يتم حل مشكلتي مع سائق نصاب,Negative
0ed9fa49-9626-4331-9098-92dcf78dd4b1,Careem,Transport Services,5,2025-06-07,افضل تطبيق تكسي,Positive
9b03c89f-cab4-4c4c-9c7b-5494a4161f42,Careem,Transport Services,1,2025-06-07,التطبيق سيء جدا لانة لا يقبل الطلبات بسهولة وانة يااخر في تحديد الكابتن والكابتن يقوم بالغاء الرحلات متعمدا,Negative
fe33c7b5-f39c-488f-9901-a41bf5308817,Careem,Transport Services,5,2025-06-07,جيد جداً,Positive
a4e4ba1c-7112-4469-aa8f-8c0555bae36d,Careem,Transport Services,5,2025-06-07,أينما كنت كريم بجانبك.,Positive
fc7c817c-ab99-4f5c-a310-2f6854ae6bf2,Careem,Transport Services,5,2025-06-07,ممتازه,Positive
e910aaad-22bf-43c7-b22c-811b2dd41a83,Careem,Transport Services,5,2025-06-07,جدا جدا,Positive
e2b22792-9f2f-466e-a0e5-159e0605fba7,Careem,Transport Services,1,2025-06-07,👎👎,Negative
4d4dc23a-3984-41db-9631-2b8a887f8830,Careem,Transport Services,1,2025-06-06,يقوم بالغاء الطلب وانا اريده,Negative
1ca5e350-218b-43a7-9219-1e34c61832e6,Careem,Transport Services,3,2025-06-06,جيد,Neutral
e48007b8-3624-4e5d-afa5-d6505a6aa5cf,Careem,Transport Services,5,2025-06-06,جيد,Positive
1f86d99b-c177-43d4-b6ed-2d92593d3595,Careem,Transport Services,5,2025-06-06,ياليت والله وعرفت هذا التطبيق من زمان تطبيق جميل واسعار ممتازه,Positive
1eb9a36e-afb0-4b1f-93c0-079af87f80a5,Careem,Transport Services,5,2025-06-06,حلو,Positive
da0651c1-7180-4e4b-a793-37a4525ce635,Careem,Transport Services,5,2025-06-06,رائع,Positive
8628242a-b262-4a88-bf09-74dd8d42a9ff,Careem,Transport Services,5,2025-06-06,رائع ممتاز جدآ,Positive
c25a102e-e038-4628-b6ca-bf4f4a90319b,Careem,Transport Services,2,2025-06-06,التطبيق أصبح سئ بعد التحديث,Negative
71ccbaa9-c09d-4183-afea-2f142964c690,Careem,Transport Services,5,2025-06-06,خدمة مميزة وراحه وأمان بالتوفيق والنجاح الدائم بأذن الله,Positive
a346a5cb-9497-4ec4-ad32-b65e9348166f,Careem,Transport Services,5,2025-06-06,ررووعه,Positive
7c939abc-549c-46a3-855a-ffba850c04b2,Careem,Transport Services,1,2025-06-06,سي جداا وانا صار معي ع التطبيق اكثر من مشكله والف مشكله وما نحلت مشاكلي,Negative
877d0d9b-02e1-429f-9b88-608992bf519b,Careem,Transport Services,1,2025-06-06,زبالة تطبيق رخم جدا,Negative
57b6f3bd-9f98-414c-9777-32c395bdfcf0,Careem,Transport Services,5,2025-06-06,كربم اختيار جيد السائقين.. سرعة وراحة بالرحلة وأمان.. قمة بالأخلاق والادب.,Positive
ff689818-334e-4d16-aa80-96303b5bdb3d,Careem,Transport Services,5,2025-06-06,مميز وراقي,Positive
7cc4fa35-cfcc-447e-8970-abe637859832,Careem,Transport Services,5,2025-06-06,سائق محترم جدا,Positive
8de182e8-e16f-43a6-9b8f-f8a37f27ad09,Careem,Transport Services,1,2025-06-06,سيء جدا جدا,Negative
88838810-f255-4c82-a7a4-14d8bc6c1e23,Careem,Transport Services,5,2025-06-06,تمام,Positive
90047d76-5360-411a-882a-3a7966cbdae6,Careem,Transport Services,5,2025-06-05,منتاز,Positive
1bc9ba0f-a44c-48df-b27b-0ee05e339abd,Careem,Transport Services,5,2025-06-05,رائع جدا 👍,Positive
773d6dee-13bc-4512-9dcb-924ab27c2e77,Careem,Transport Services,1,2025-06-05,سيئ,Negative
36f17e05-751d-4c94-ad62-d79a2a741c95,Careem,Transport Services,5,2025-06-05,كانت التجربة رائعة جداً جداً,Positive
b0a4f7fd-2825-40bf-8c45-e084949531c5,Careem,Transport Services,1,2025-06-05,هل يعقل مشوار لا تتجاوز رسومه ٤ـ٥ دنانير ادفع عليه الضعف ؟ وبحاول اتواصل مع الشركة فش رد.,Negative
e5491add-7d26-4b66-9a4b-81040b8e3712,Careem,Transport Services,5,2025-06-05,جيدة جدا,Positive
75d4f2b1-333f-4b64-84bd-baf267d95648,Careem,Transport Services,5,2025-06-05,ممتاز,Positive
5bcc7d20-5b12-4c91-b0d2-c5a0c985d65a,Careem,Transport Services,1,2025-06-05,موقع يخصم مبلغ الرحلة دون وصول الكابتن ، رغم تحديد موعد الرحلة قام باخذ الرحلة ثم إلغائها دون التأكد من الوقت وما زال التطبيق يطالبني بمبلغ الرحلة !!!!,Negative
23292776-a2ed-47bc-89ba-780ec5c0fe83,Careem,Transport Services,1,2025-06-05,سيء,Negative
a7ba4acb-03d0-4e42-a6f3-cc33caa71b91,Careem,Transport Services,5,2025-06-05,ممتاز جدا,Positive
