review_id,app_name,domain,rating,date,review_text,review_type
b6a6aea3-702d-408b-a2a3-d28974c9ef2a,CIB,Banking,1,2026-09-29,طالب منى اسم المستخدم وانا مش عارفه,Negative
1e1d7de8-b870-4149-a3e3-a611a88a3793,CIB,Banking,1,2026-09-28,تجربه زي الزفت وخدمه العملاء زفتين ومنتهي قله الزوق والادب,Negative
7785a8af-f0b7-4db6-a306-4db96ec4f8ed,CIB,Banking,5,2026-09-28,ممتاز جدا,Positive
d360c73a-b079-48f5-a334-b3b566f159a7,CIB,Banking,1,2026-09-28,الابلكشين بيطلع من نفسه,Negative
1ffc4cc3-0d18-4648-a41f-47dfae28b4dd,CIB,Banking,1,2026-09-28,كل لما افتح الابلكيشن ميرضاش لازم امسحه واحمله تاني,Negative
8077e045-5634-4faf-abe9-c82c076ec759,CIB,Banking,5,2026-09-28,وحشة,Positive
4288b1d6-0922-43db-9aa8-248c4840d012,CIB,Banking,5,2026-09-27,التطبيق بيقفل وحدة وانا شغال خلال عملية التحويل ايه اللي حصل ده كان فوق الممتاز جدا وبيقول حدث التطبيق وهو محدث فعلا,Positive
43932e1d-a3ad-4961-baf1-38533aa23091,CIB,Banking,2,2026-09-27,التطبيق كل شوية يرفض التوثيق بسبب التوقيت ثابت على أوروبا ايه الحل الفون ريلمى 85,Negative
039ea489-8247-4ed3-90dd-f059fa2cbd23,CIB,Banking,1,2026-09-27,حاولت افعل البطاقة من رقم 19666 منفعش كلمت خدمة العملاء قالت لى نزلى التطبيق نزلته و بحاول افعل بردوا بردوا متفعلش بدخل كل البيانات بردوا مفيش فايدة و بعدين ايه هى كلمة المرور,Negative
fd2cf3e9-910e-4fd7-839a-4a1f50cfec20,CIB,Banking,5,2026-09-27,البرنامج يعمل الان شكرا خدمه عملاء cib,Positive
a0dd6f57-167f-4240-abe2-06b743fe2cb2,CIB,Banking,1,2026-09-26,التطبيق بيفتح على تصفح جوجل مش عايز يفتح صفحت البنك,Negative
8f151701-8a54-4164-be68-fe0fffc41765,CIB,Banking,4,2026-09-26,ممتاز,Positive
6dc58811-7669-4224-8e0e-81110613ef9f,CIB,Banking,2,2026-09-26,البرنامج فيه مشكله بيفتح ومش راضي يدي اي حاجه جوه ولا يكتب ولا يتنقل ولا حتي يعمل اسكرول لتحت تم مسح البيانات ووالدخول مره اخري ومازالت المشكله قائمه وتم مسح البرنامج وتنزيله مره اخري ولا تزال المشكله موجوده,Negative
e7598c6a-4572-47b4-87fe-712c709efec4,CIB,Banking,5,2026-09-26,سهل واتمنا لكم التوفيق,Positive
a69cf9c5-2c28-4696-9b4d-a4d2d13ac8c4,CIB,Banking,1,2026-09-26,السلام عليكم التطبيق بيفتح وبيخرج تاني لوحده قبل ما يسجل دخول ياريت حل,Negative
b70f1ce4-9478-40b4-8789-c80f96766bf6,CIB,Banking,1,2026-09-26,التطبيق للاسف بيفتح وما بيشتغلش ادوس على اسم المستخدم وكلمة السر مفيش التطبيق كأنه صورة مسحته ونزلته وقفلت الجهاز وفتحته برضه نفس الكلام للعلم اندرويد الرجاء سرعة الرد,Negative
c4cfe231-916e-423a-b278-5ac498a104e6,CIB,Banking,1,2026-09-26,بعد آخر تحديث التطبيق بقا زفت خالص كل ما اعمل تحويل يعمل خروج لوحده كلمت خدمة العملاء ومتغيرش حاجه ومسحت التطبيق ونزلته تاني ونفس المشكله ياريت حد يفيدني,Negative
98dded8c-3895-4901-8b2e-50f1da17c26d,CIB,Banking,1,2026-09-25,فى مشكلة فى الابلكيشن,Negative
c23d9831-d3a3-46a4-8d39-edfe4d953a6b,CIB,Banking,1,2026-09-25,تجربه وسخه اذا كان تطبيق او بنك,Negative
70eff184-5e36-4073-bb38-bf10b618353d,CIB,Banking,5,2026-09-24,تطبيق ممتاز وسهل جدا يعني,Positive
084d38cc-d453-4986-a1be-c411b942b3f6,CIB,Banking,5,2026-09-24,جيد جدا,Positive
dc44ae91-45b2-4e10-ac3b-d57b56a70593,CIB,Banking,1,2026-09-24,التطبيق مش بيفتح كان بيجبلي سياسية الخصوصية ومسحته ونزلته تاني الرسايل بتاعت توثيق الجهاز كل ما ابعتها بيقولي عذرآ الرسالة لم ترسل مع اني شاحنة رصيد والتليفون مفيهوش غير خط واحد وفاتحة الداتا مش الواي فاي واتواصلت مع خدمة العملاء أكثر من مرة ومعملوش اي حاجة ومسحت ال تروكولر عشان خدمة العملاء بتقولي بتأثر ومش راضي يفتح خالص ايه الحل؟؟,Negative
b6afbec4-ea35-484f-9f5a-215565f157d9,CIB,Banking,1,2026-09-24,تطبيق سيء مش بيفتح,Negative
4fe35af9-a0fe-443d-85cf-dc2da3716cd5,CIB,Banking,1,2026-09-24,تطبيق سيء ولا يفتح الحساب علي التطبيق ، يفتح فقط علي المتصفح دون اظهار اي تفاصيل للحساب ، وبطاقة prime cib اختيار سيئة تقوم بخصم المبالغ علي البطاقة دون توضيح أو اعلامي ولم اقم بها قاموا بأخذ مبلغ 300 دون استعمال مني وتكرر الأمر مع مبلغ 400 وخدمة عملاء معطلة بمجرد الاتصال لايوجد استقبال المكالمة كما من قبل ، لا انصح احد بالتعامل مع هذا البنك والتطبيق ولا خدمة العملاء ...,Negative
fab048de-e039-41c3-8a93-5a40e7c36e14,CIB,Banking,5,2026-09-23,ممتاز ومكفى,Positive
b9206fb5-7c80-42cb-9e07-d53a251981de,CIB,Banking,1,2026-09-23,يعني ايه مش بيدعم موبايلي اللي لسة شاريه من سنة!!!! Honor x9c ويشتغل علي موبايل سامسونج أثري عادي,Negative
93275a80-663b-45ca-9aa5-9621a6e1b899,CIB,Banking,1,2026-09-23,انا مش عارفه افتح حسابي على التطبيق باى شكل,Negative
318bead8-d141-4f22-b080-6be501507f07,CIB,Banking,5,2026-09-23,التطبيق اول ما بيفتح بيقل تاني ويدخلني علي صحفه تانيه,Positive
f89f0b7c-643e-4f7a-a798-e30507447a72,CIB,Banking,5,2026-09-22,برنامج مش عايزين ينزل على التليفون احدث,Positive
31e84bb3-3185-4f25-9fe6-08fbe8fc0ff3,CIB,Banking,5,2026-09-21,😍🫡,Positive
bbe019c9-3966-4f93-ade4-6003b7642d39,CIB,Banking,1,2026-09-21,تطبيق فاشل ومقرف لايقبل التسجيل رغم ان البيانات كلها صحيحه ف كل مرة لايقبل,Negative
c9b81ea5-d661-49c4-9f18-023ff257837f,CIB,Banking,5,2026-09-21,ممتازة,Positive
74367ec1-3861-444b-a9a7-4b8240026e0b,CIB,Banking,1,2026-09-21,التطبيق لا يعمل... يفتح صفحة زرقاء اولا ثم بيضاء ولكن لا يعمل بعد ذالك,Negative
aa6fbef4-089e-406f-ba6b-273bdf4cdb55,CIB,Banking,1,2026-09-21,أنا البرنامج كان بيفتح مره واحده مش راضي يفتح بقالو اكتر من شهر مسحته اكتر من مره ونزلته بردو مش عاوز يشتغل عملت شكوي كول سنتر بردو مش راضي يفتح عندي ولا يوجد حل برنامج بيفتح من خلال المتصفح مش من خلال البرنامج نفسه الحل,Negative
c65fc854-1eed-4d71-ac80-1256bfb76512,CIB,Banking,5,2026-09-20,البرنماج مش بيفح,Positive
828df3ff-e165-4df8-aa1a-ece5f84d3713,CIB,Banking,5,2026-09-20,ممتاز,Positive
e50045b5-e42c-45b3-85e1-dacf363a1d46,CIB,Banking,5,2026-09-19,ممتاز,Positive
01d3ed8e-c8e4-40ba-b0b6-5e8808324274,CIB,Banking,4,2026-09-19,التطبيق مش بيفتح كل مرة يقولى اقفل وضع المطور و انا مش مشغله و لا منزل اى حاجة غريبة على موبايلى تعديل : أشتغل بعد عمل الخطوات شكرا على المساعدة,Positive
7c6b2929-7191-43c4-899d-d51decbca1e9,CIB,Banking,2,2026-09-17,مش عارف اسجل في الحساب كل ما اسجل بيقولي اني مدخل بيانات خطأ,Negative
61559ba9-d60b-4e59-900d-14d188d8b608,CIB,Banking,5,2026-09-17,ممتازة,Positive
1d213b53-4089-42bd-b707-725c7aa46c9a,CIB,Banking,5,2026-09-17,اريد المساعده فى فتح التتبيق,Positive
26214eca-e83e-4599-bafd-1ded3993da4a,CIB,Banking,1,2026-09-17,أنا مستخدم جديد وكل ما أسجل البيانات يقول البيانات خطأ,Negative
c948ce63-1da9-4f2f-86f2-c76d753c762f,CIB,Banking,1,2026-09-17,تحديث سئ,Negative
4494dc22-319c-42fa-8c3e-657331d99d32,CIB,Banking,5,2026-09-17,ممتاز,Positive
977defb5-847d-4b93-9b0d-ef1455b75b6d,CIB,Banking,5,2026-09-17,رائع جدا اشكرك اخي العزيز,Positive
9ba89c61-053d-4286-a483-2ff1124c1af1,CIB,Banking,5,2026-09-17,Top bank in the world,Positive
737b786b-402e-4d9f-8561-aa91fbb2f66c,CIB,Banking,5,2026-09-17,جيد جدا جدا,Positive
ddaf2a39-4da6-4260-bff2-643e5a398b3e,CIB,Banking,5,2026-09-17,بنك منظم و بيه موظفيين ممتازين,Positive
e2bc1e35-b932-4040-a302-7f1229055cf2,CIB,Banking,1,2026-09-16,زبالة,Negative
aa2db2e6-6fa1-4a93-8e05-6e5b35212239,CIB,Banking,1,2026-09-16,كل م ادخل اسجل حساب جديد يكتب بيناتات خاطئه مع ان كل البيانات صح,Negative
925e4ff7-7a2e-435d-93bc-ea0b1e1c8196,CIB,Banking,5,2026-09-16,افضل بنك,Positive
7927c5fd-5e0c-4aac-b07b-94a1100aeddb,CIB,Banking,5,2026-09-16,تعديل تم التواصل فورا معايا وتم حل المشكله من تيم السوشيال ميديا ،عندي مشكله في تسجيل حساب جديد بييجي عند رمز التحقق المكون من حروف و ارقام ويقول الرمز حطأ وجربت اكتر من ١٠٠ مره ونفس المشكله موجوده مش عارف اعمل حساب,Positive
9633389a-e3de-48eb-b838-c17323edd745,CIB,Banking,4,2026-09-15,يعنى ايه البنك يطلب منى رقم الكارت والرقم السرى,Positive
2aa66fa7-b102-402e-9574-e7bc1121c462,CIB,Banking,5,2026-09-15,تمام,Positive
e57c293b-bac2-48c7-b33b-bd0e88dd6ca1,CIB,Banking,5,2026-09-15,شكرا,Positive
0c1ac4f1-5b15-4cd6-96c3-b9ed54d5639b,CIB,Banking,5,2026-09-15,ممتاز جدا وعملي وأكثر أمانا من اي تطبيق اخر,Positive
f3f69d55-996a-48b8-92d6-80fda820fa16,CIB,Banking,1,2026-09-15,bad,Negative
fd7fa77b-d7eb-47ad-a7a9-5fbac305564c,CIB,Banking,5,2026-09-15,ممتاز,Positive
2faebddd-9639-4134-bded-7cf0f00fd38c,CIB,Banking,1,2026-09-14,تطبيق زبالة,Negative
3b7b0c6b-ac4d-4c91-ad67-faf9cb7fdf11,CIB,Banking,5,2026-09-14,جيد جدا,Positive
417b3f80-0b68-471b-90e6-0293cf776e1d,CIB,Banking,5,2026-09-14,ممتازه,Positive
68af7e3e-1db0-441d-b662-5c7ee881f8f5,CIB,Banking,1,2026-09-14,التطبيق قبل التحديث الاخير كان بيشتغل ويفتح عادى وفجأة بفتحه لقيته بيدخلنى على صفحة سياسة الخصوصية بمجرد الضغط على ای مكان في صفحة الحساب وبيطلب منى إلغاء المطور وهو مش شغال عندى اصلا وحذفت التطبيق اكتر من مرة واثبته تانی نفس المشكلة ايه العمل ؟,Negative
225e2ddb-3db7-4e0c-87e3-765dccdd6d0e,CIB,Banking,1,2026-09-14,في validation ان الباسورد تبقى حد اقصى ١٢ رقم ماشي. طيب انا مستخدم قديم وكلمة السر عندي اكبر من ١٢ رقم ليه مش عارف ادخل اغيرها واكتب القديمه عشان اغيرها ماهو مش منطق برده الصراحه,Negative
d0da8628-f553-42ac-af02-603aacae282d,CIB,Banking,1,2026-09-14,لا يعمل,Negative
6e26b9f8-ede9-4311-8568-a91db12cf447,CIB,Banking,1,2026-09-14,طبيق زبله,Negative
92273b6f-1bc7-4b65-ae7c-d234c1031bb3,CIB,Banking,2,2026-09-14,التطبيق لا يعمل بعد التحديث الاخير,Negative
57fc1df5-7103-4ce8-94ff-51e93a75456a,CIB,Banking,1,2026-09-14,اسوء تطبيق يحتاج لتحديثات بدون داعى,Negative
42f1988b-acfc-4992-85a0-d7785f065236,CIB,Banking,5,2026-09-14,ممتاز,Positive
e17086b7-75cf-44dd-82ed-bce7221c6050,CIB,Banking,1,2026-09-13,التطبيق لا يعمل و لا يقبل التسجيل,Negative
6494eff0-c6ee-41e5-979d-20377d27a317,CIB,Banking,1,2026-09-13,بعد التحديثات الجديدة سي جدا,Negative
f2492caf-9513-49ae-8a17-c6f4ba335aca,CIB,Banking,5,2026-09-13,♥️,Positive
54288f78-04e0-4afe-be86-60c4f789f481,CIB,Banking,5,2026-09-11,جميله,Positive
23b0d3aa-3c85-4811-b1ba-7a2cdc2d579a,CIB,Banking,1,2026-09-11,كل مسجل دخول يجيب شاشه زرقه ويقف,Negative
fd88fbf5-1c3a-4a52-a4f8-fd885567cfc6,CIB,Banking,5,2026-09-11,تمام,Positive
9f7dd4ce-add2-4fdf-ab46-562cf17223e1,CIB,Banking,1,2026-09-10,دلوقتي بعد ما ادخل البيانات عشان اسجل. يقولي البيانات غلط ومش عايز يسجل,Negative
cd8621b0-4557-45d5-81c9-b9b054d89772,CIB,Banking,1,2026-09-10,التطبيق لايفتح,Negative
20255a83-d18a-410c-990a-94c9b1c48ad1,CIB,Banking,5,2026-09-10,بنك محترم,Positive
54e5fa11-3537-46e7-ab4f-e1f91994adb5,CIB,Banking,1,2026-09-09,تطبيق سيء جدا للأسف وصعب التسجيل بيخرج من التطبيق لوحده,Negative
2cc183a2-48ba-4ea3-9edb-53ba594e2dd2,CIB,Banking,1,2026-09-09,مش عايز يسجل بيخرجني علطول قبل مااكمل,Negative
83ff3f6b-43e8-4c6b-ab40-96267a858cd6,CIB,Banking,1,2026-09-08,لو سمحت انا مستخدم جديد وكل ما اجى احاول اسجل فى البرنامج بيقولى ادخلت معلومات خاطئة مش عارف اسجل خالص فى الابليكيشن,Negative
6c4f3846-d486-4bb2-b46b-9bfd9eb38d1d,CIB,Banking,1,2026-09-08,انا مش فاهم التطبيق بقى سئ جدا من 15 يوم للان كل مره يدخلني على المتصفح وعملت كل حاجه ونفس الوضع ما زال ، مسحت البيانات ومسحت التطبيق ونزلته تاني ومازال نفس المشكله,Negative
644770b2-877e-45ec-8de4-0f47daca655d,CIB,Banking,5,2026-09-08,تطبيق سهل الاستخدام ومتعدد القوائم ويتيح فتح حسابات او ربط شهادات او ودائع او الاسترداد بدون الذهاب للفرع good app good experience,Positive
63dbbdfa-3e88-4a7d-9ee9-7613b4b72659,CIB,Banking,5,2026-09-08,ممتاز جدا,Positive
9786f306-b2d7-4e8b-9b49-5b91678b3125,CIB,Banking,1,2026-09-08,التطبيق كان بيشتغل ويفتح عادى وفجأة بفتحه لقيته بيدخلنى على صفحة سياسة الخصوصية بمجرد الضغط على اى مكان فى صفحة الحساب وبيطلب منى إلغاء المطور وهو مش شغال عندى اصلا مش عارفة اوصل لأى تفاصيل فى حسابى وحذفت التطبيق اكتر من مرة واثبته تانى نفس المشكلة ملهاش حل,Negative
054bc491-028a-4dfc-9288-2f5d741dbd48,CIB,Banking,5,2026-09-08,جميل,Positive
45e13ae6-86e5-4fbf-b51b-102a1cba6465,CIB,Banking,1,2026-09-07,مش بيرضي يفتح و بمجرد م ادوس ف اي مكان يوصلني ل صفحه ويب,Negative
a360d336-7b80-446a-8c81-278cdc0642a2,CIB,Banking,1,2026-09-07,عملت كل الخطوات وبرضو مفيش حل في التطبيق ومسحت البيانات والتخزين ونزلت التطبيق أكثر من مره ومفيش فايده,Negative
3eed4793-ffa5-45c8-a3b2-155451cc2421,CIB,Banking,5,2026-09-07,♥️,Positive
3d0ae4ff-d9eb-49f4-8bb6-c813ed069766,CIB,Banking,1,2026-09-06,اابرنامج سئ جدا دائما لما افتحه لايدخل على التطبيق وشاشه بيضاء ديما فيه مشاكل ولا يعمل,Negative
6477bc20-1f03-486f-a96c-0f128072d686,CIB,Banking,1,2026-09-05,زفت وخرا ابليكشن زبالة ملهوش لازمة ف الدنيا كلها,Negative
1d33f262-c58f-4893-b0ca-2f80c96ffb31,CIB,Banking,1,2026-09-05,التطبيق سي جدا كل ما ادخل بخرجني ويدخلني علي متصفح,Negative
02e99d38-35d9-4c8b-8610-5a85130edd32,CIB,Banking,1,2026-09-05,تطبيق سئ واداره application زيرو خبره ومشكورين ولا ليهم اي لازم بجد انتوا أسواء مطورين في الحياه يعني ايه عاوز اعمل تحويلات من بين حساباتي وحسابات تانيه وكريد كارد ولا عمليه تتعمل من علي الموقع وبقولك ارجع للتطبيق ولاهي لو في تقيم اقل من صفر تستحقوه,Negative
cfcd200a-2a52-4f69-b0b8-a2893c02917d,CIB,Banking,1,2026-09-04,تم تغير الموبيل و نسيت الرقم السري ومش عارف ادخل على التطبيق ومش عارف اغير الرقم السري,Negative
db49e436-42e5-41bd-8f3f-3487f8594ddc,CIB,Banking,5,2026-09-04,😎 رائع,Positive
ce86a395-36f1-4746-a4fe-34db93127760,CIB,Banking,1,2026-09-04,مستخدم جديد بحاول افتح حساب برقم القومي عشان افعل البطاقه مش بيفتح خالص,Negative
be0da06d-c5c8-477e-8c68-4616af5a8b25,CIB,Banking,5,2026-09-04,جميل,Positive
5a2d19ac-aa48-4994-a018-62cc0c2da611,CIB,Banking,1,2026-09-03,سيئ جدا جدا جدا مش بيفتح وبدي شاشة زرقاء أو بيفتح صفحة ويب,Negative
ea090f6d-3a64-4337-a583-ad3e40383dad,CIB,Banking,1,2026-09-03,سئ جدا,Negative
89845666-7e26-482d-b3be-4ea7ae143042,CIB,Banking,1,2026-09-03,طل ماادخل علي البرنامج يعمل كلمه مرور خطا ودي مش اول مره,Negative
05ec0065-1898-4ec2-abd6-6fcbf424e413,CIB,Banking,1,2026-09-03,سيئ جدا جدا جدا جدا جدا,Negative
453ad128-c3e4-4a57-972b-f75014dc86b6,CIB,Banking,1,2026-09-02,التطبيق لسه بسجل فيه وبكتب كل البيانات وبكتب رمز التحقق بيقولي البيانات خاطئه وكل اما اكلم الكول سنتر مفيش حد بيرد 😡😡,Negative
855f0251-ebea-44e2-b146-b989b0c18ba4,CIB,Banking,1,2026-09-02,تطبيق سيئ جدا لا يتوافق الا مع الإصدارات الحديثة يعني البنك عامل ديل مع شركات الموبيلات عشان يجبر العملاء على شراء تليفونات أحدث وده إهدار لحق العميل البنكي بالاستفادة من التسهيلات المقدمة من البنك,Negative
bc20001d-8f04-4954-8d6b-149015822fed,CIB,Banking,1,2026-09-02,التطبيق مش شغل تتعذر علي ارسال الرساله ومش بيقتخ برغم في رصيد علي الخط جابت اخري توثق للجهاز في آخر نعتذر علي ارسال الرساله,Negative
bfed3c0b-873d-47ca-9426-6ad36fc7480b,CIB,Banking,1,2026-09-02,مشاكلو كتير,Negative
415a951b-ff4b-4b10-81c0-aaf874c384a8,CIB,Banking,5,2026-09-02,من فضلك كل افتح البرنامج بديني صفحه زرقاء ولا يدخل على التسجيل ارجو المساعده مع العلم مسحت البرنامج مرتين,Positive
116b8344-ab0e-4160-8418-ff052ce7ef09,CIB,Banking,3,2026-09-02,الفترة الأخيرة حوالي شهر من تاريخ المراجعه بيتم الخروج من البرنامج تلقائي بعد معامله واحدة فقط تحويل واحد وبيتم الخروج تلقائي من البرنامج,Neutral
dce1b20e-c6e1-49fe-884b-97e8883ff816,CIB,Banking,1,2026-09-02,برنامج سي بفتح بدل ميفتح معايا الابلكيشن بيدخلني ع المتصفح وحذفته ورجعت ثبته وبرضو نفس المشكله,Negative
29084995-d308-428c-bab8-26c401206d02,CIB,Banking,1,2026-09-01,لا يعمل,Negative
c5ce663b-a1f5-4785-b714-b8bc1fae492d,CIB,Banking,1,2026-09-01,التطبيق سيئ لا يعمل نهائيا وتم التواصل مع خدمة العملاء لكن دون جدوى خدمة عملاء سيئه واغلقو الشكوى دون حل لذلك لا انصح احد بالتعامل معكم نهائيا للاسف خدمة عملاء فاشله,Negative
2f55e4c1-878e-4257-a5c4-9e543f12283b,CIB,Banking,5,2026-08-31,ممتاز جدا,Positive
75364431-e867-4abe-9473-654380383fc2,CIB,Banking,1,2026-08-31,سئ جدا كل لما ادخل عليه يدخلني المتصفح رجاء حل المشكله,Negative
3fdbaaf0-4543-4a41-87ef-f439010b44d1,CIB,Banking,1,2026-08-31,سئ جدا جدا الابلكيشن بيفتح علي الصفحه الرئيسيه ومفيش حل,Negative
27277f53-7429-44b9-abc6-43a39b235ab3,CIB,Banking,1,2026-08-31,فشل ارسال الرساله لفتح التطبيق,Negative
4df79e5d-7d0a-4af9-80ec-d05684b1d6d7,CIB,Banking,1,2026-08-31,تطبيق بقى ما بيفتحش سيئ جدا بيحولني على المتصفح ارجو حل المشكله,Negative
4edccc40-c379-4df3-a4a3-f0ecd8c725fe,CIB,Banking,3,2026-08-31,السلام عليكم لو سمحت كان عندي طلب لتقديم لفيزا في بنك Cib بطاقه نون والمفروض ان البنك يتواصل معايا... البنك بيرن عليا في اوقات العمل عندي وببقس غير متوفر في الاوقات دي رجاءا التواصل عبر الايميل عشان اعرف اقولهم معاد الاتصال وشكرا,Neutral
6c2b08a2-79c6-447e-bb26-2c31bf811c9c,CIB,Banking,1,2026-08-30,التطبيق كل ما اجى افتحه بيقفل لوحده سواء لحقت اسجل دخول او لاء بيقفل و ويختفى من ع الشاشه حضرتك بعد ما بعمل الخطوات اللى حضرتك قلت عليها و امسح البيانات و اسجل دخول من جديد التطبيق يشتغل كويس ساعه واحده و بعدين يرجع مايشتغلش تانى ولذلك التطبيق محتاج انى اعمل الخطوات دى كل ساعه هل هذا يعقل ؟,Negative
0c791b61-0703-43e8-8bdf-4cfb21b6e583,CIB,Banking,5,2026-08-30,ممتاز,Positive
894bc33d-92b7-4b84-8347-c31c04e9a724,CIB,Banking,5,2026-08-30,جيد,Positive
b89887cd-9a7d-4c1c-b5fd-ff0d7ea57bbf,CIB,Banking,5,2026-08-29,رائعه,Positive
f3ccfee5-45dd-481f-88ac-161ab807e5a9,CIB,Banking,1,2026-08-29,لازم حد يحل مشكله التطبيق بقي سي جدا بقيت امسحو وانزل كل شويه ومافيش حل,Negative
76693643-2bc9-434a-a4f6-9ce2939394cc,CIB,Banking,5,2026-08-28,جيد,Positive
5c1ed91f-b0f4-4e97-9bdf-ca05cc7cf655,CIB,Banking,5,2026-08-27,تمام,Positive
bc7aea94-01f4-497e-8bf5-827929ad5c41,CIB,Banking,5,2026-08-26,تطبيق عند تسجيل الحساب تأتى رساله لقد أدخلت بيانات غير صحيحة,Positive
2020c9ce-6ded-405a-8697-9a1df70e8c16,CIB,Banking,5,2026-08-25,التطبيق مش بيفتح نهائي ومتاح رصيد وارسلت رسايل كتير أرجو حل المشكلة الغوا ارسال رسالة حاجه مملة جدا الواحد اتوتر تعديل تم حل المشكلة من خلال متابعة خدمة العملاء Cib اشكركم علي اهتمامكم والتطبيق يعمل بكفاءة شكرا فريق عمل Cib,Positive
6cbaf17a-523f-40eb-960f-5dd301b7f2a5,CIB,Banking,1,2026-08-24,التطبيق سئ جدا كل ما افتح بيدخلني علي متصفح وليس الابليكشن كالمعتاد وعلشان يخش علي الابليكشن علطول لازم امسح التطبيق وانزله تاني، برجاء العمل علي حل هذه المشكلة,Negative
fafbd6cb-e1fa-41ab-9576-4682a37906e5,CIB,Banking,5,2026-08-24,ممتاز,Positive
00700b47-615d-4249-89cd-70e07c859329,CIB,Banking,3,2026-08-23,للاسف التطبيق محتاج تحديثات لان كل ما بيفتح بيحولنى تلقائيا على جوجل,Neutral
d47de394-72c7-481d-987a-ce16d56485d7,CIB,Banking,5,2026-08-22,جيد جدا,Positive
031c5507-f5a5-49e7-b749-5558174d8d4f,CIB,Banking,1,2026-08-21,التطبيق سي بيقفل باستمرار,Negative
41e93bfe-e242-4dcd-a7bc-417d4c0e7f2f,CIB,Banking,5,2026-08-20,ممكتاز,Positive
413bebaf-e072-48fd-a567-84322d0b4a5f,CIB,Banking,5,2026-08-20,good,Positive
e9b4d61b-7f90-492f-a1f4-620617b378cc,CIB,Banking,5,2026-08-20,برنامج رائع وبيسهل عمليات كثيرة بكل سهولة ويسر,Positive
aa07cfe2-619b-427d-9754-02732e1dc78b,CIB,Banking,5,2026-08-19,good,Positive
b2d00b8c-abd6-4e5a-9f2e-3ac7ea96ae11,CIB,Banking,5,2026-08-19,ممتاز,Positive
c7fc05e7-6bf0-4f97-a537-771d69dc670c,CIB,Banking,5,2026-08-19,❤,Positive
090935a1-4cd9-4d1e-90c9-3701d4b32cc7,CIB,Banking,1,2026-08-19,التطبيق بيحولني للمتصفح ليه معرفش حاجه زفت ما يستحق نجوم ب الاساس والله,Negative
db9fbac6-c083-47d2-991b-f4115b2a54d4,CIB,Banking,1,2026-08-17,التطبيق بقي زى الزفت مش بيفتح ونمسحة ونحملة تاني، نسجل الخطوات المملة وبعد كده لاما يفتح مرة ويرجع مايفتحش تاني لاما يقول حدث خطأ حاول مرة أخرى وميفتحش خالص,Negative
9749a0c4-4c78-4c6a-aed5-d014a58c0a43,CIB,Banking,5,2026-08-16,منتاز,Positive
a81e0b9a-8588-47e1-b73b-e39f246130eb,CIB,Banking,1,2026-08-16,الأسف التطبيق مش شغال,Negative
dd0a1a65-325e-431a-81c1-c133e5270735,CIB,Banking,5,2026-08-16,انا رابط الانستا باي بالبنك و رافض يحول,Positive
6e49ce67-5eb1-411e-8b11-a2dbd378ebf5,CIB,Banking,5,2026-08-16,good,Positive
d4d3f4e5-4034-44a2-baf6-0457366973a5,CIB,Banking,5,2026-08-15,ممتاز,Positive
45968550-d749-4308-920c-94dbedc9f3ee,CIB,Banking,1,2026-08-15,سيء جدا,Negative
2401ec6f-e4b4-4e4b-ad9c-d52959c77202,CIB,Banking,1,2026-08-15,التطبيق كان شغال كويس جداً ومن فترة صغيره بقى كا ما ابدا افتحه بفتح صفحة البنك الرئيسيه من الابلكيشن,Negative
7de7c81b-80d7-44f8-99a3-fd473a060564,CIB,Banking,5,2026-08-14,fine,Positive
5821383a-1253-4874-8f47-44f14d753bff,CIB,Banking,1,2026-08-14,التطبيق كان شغال كويس بعد التحديث الاخير مبقاش يفتح خالص,Negative
91cc32fe-9dda-43fc-b869-2163e976b39e,CIB,Banking,5,2026-08-13,ok,Positive
4b163110-f04c-406b-acf7-1d4f14287204,CIB,Banking,5,2026-08-13,ممتاز في مشكله بسيطة الرصيد مش بيسمع في الحساب علي طول,Positive
f5dd4122-61f0-47ff-ba6f-2347420bcfa9,CIB,Banking,5,2026-08-13,جميل,Positive
bbeac803-5e13-468b-b634-5b7796a0632e,CIB,Banking,1,2026-08-12,الابلكشين بقي غريب مش بيفتح وبيطلع بصفحة عاي جوجل ايه الي بيجري,Negative
9094adcd-e2c8-425f-b561-a05c77f7a49e,CIB,Banking,1,2026-08-12,التطبيق اصبح لا يعمل ويتم التحويل الى متصفح الانترنت كل مرة ادخل للتطبيق,Negative
1f5d2e64-a362-4fa5-8d2a-0f81a85de68d,CIB,Banking,3,2026-08-12,كلما سجلت الدخول يحولني الي ارسال رساله نصيه لتوثيق الجهاز ثم اعود الي البرنامج يسجل الخروج ويطلب تحدث الوقت عن رغم ان الوقت محدث تلقائيا,Neutral
2847b5c1-a88c-4ed7-be92-2a4007040841,CIB,Banking,1,2026-08-11,التطبيق من فشل الي فشل اكبر حتي بعد التحديث نفس المشكله التطبيق يفتح المتصفح والجديد بإعادة التوثيق يتم خصم تكلفه اضافيه لتفعيل التطبيق مع هذا التهريج والاستهانة بالعملاء كل مره يتم طلب توثيق التطبيق يكون برساله نصيه بتكلفه اضافيه,Negative
6decfda7-8c1d-49e4-ae40-63c897acf707,CIB,Banking,1,2026-08-11,تطبيق زى الزفت حاولت فيه اكتر من 20 مره منفعش و روحت لحد الفرع فى المنيا خدمة العملاء محدش ساعدنى فى حاجه خالص لا انصح بتحميله,Negative
70dd2924-26b8-4082-91e2-530add1b8f5f,CIB,Banking,3,2026-08-10,محتاج ادخل على حسابى مش عارف ولما حاولت اغير الباسورد يكتبلى حدث خطأ ارجو المساعده والاهتمام,Neutral
4ad44748-382e-4b77-9f7d-f5625547cd1f,CIB,Banking,5,2026-08-10,التطبيق كان بيفتح معي وانا بالسعوديه الان لايفتح يقول البسبورد خطاء وللاسف مافي رقم تواصل الا الرقم المصري وبمجرد خروجي من مصر يقفل مالعمل الان,Positive
af575a5e-aed2-46fd-9b15-554f0f447258,CIB,Banking,1,2026-08-09,فيه مشكلة في التطبيق,Negative
b64aadf9-35a2-467a-85ed-9d7433768cc3,CIB,Banking,1,2026-08-09,في مشكلة في التطبيق كل ما افتحه يدخلني ع المتصفح وصفحة البنك,Negative
a479a6fa-7933-40a7-b929-ced44ca114f4,CIB,Banking,1,2026-08-08,في مشكلة في التطبيق مش بيفتح خالص مسحته وثبته اكتر من مره مش بيفتح ارجو الحل,Negative
4b7c4fbe-1017-4951-95bc-de679a95ddca,CIB,Banking,1,2026-08-07,تطبيق بقي سئ جدا كل ما افتح الابليكيشن يقولي تم الحظر ويحولني علي متصفح ويدخلني موقع cib للاسف لازم تمسح الابليكيشن وتنزله تاني تقريبا كل اسبوع بعمل كده,Negative
c02b2eea-32ed-4792-ac5d-d74214342735,CIB,Banking,1,2026-08-06,البرنامج مش عايز يفتح,Negative
953e4d93-9d3f-4ada-8cee-3a9971afba63,CIB,Banking,5,2026-08-06,التطبيق أصبح سيء جدا لا يفتح رغم مسحه وانزاله مره اخري,Positive
a3e8da90-c8c2-4b00-88aa-551bf032c737,CIB,Banking,1,2026-08-06,تطبيق زباله سيء بطريقه فظيعه . علشان تسجل عليه محتاج مهندس برمجيات ايه القرف ده ليه الصعوبه دي كلها علشان افتح او اسجل الغوه احسن,Negative
b4b83b3b-ecb6-4a08-85e5-dde18ed9fa88,CIB,Banking,1,2026-08-06,برنامج زباله,Negative
f07b598c-03e3-4670-8ae3-dbc792d76c88,CIB,Banking,1,2026-08-05,يوجد مشكلة في التطبيق عند الفتح يدخل علي جوجل,Negative
065f61d4-c80f-4f55-bd6e-c58b08ef2899,CIB,Banking,5,2026-08-04,تجربه ممتازه ومحترمه,Positive
28accf68-1dbf-480d-82a0-aa1ca13f247c,CIB,Banking,5,2026-08-03,التطبيق لا يستجيب نهائيا حتى لمجرد الكتابة وتسجيل الدخول,Positive
a11a5002-7d7b-489e-b8d4-542a96783da7,CIB,Banking,1,2026-08-03,التطبيق كأن شغال بعد كدة كل ما أدخل علي التطبيق يفتح متصفح جوجل و مش عارفه أدفع الأقساط الشهرية,Negative
253b9ad6-ce4e-4349-bfbe-12e068714498,CIB,Banking,5,2026-08-03,تطبيق ممتاز جدا وكان شغال معايا كويس بس حاليا كل ما فتح التطبيق يجيلى صفحه المتصفح وغيرت الباسورد أكتر من مرة ومش بيفتح أرجو حل هذه المشكله,Positive
1b4b3a03-57b2-4ac6-bec3-fff31235b322,CIB,Banking,5,2026-08-02,افضل مما كان,Positive
91569194-b58f-46a5-aac6-95232cfff607,CIB,Banking,1,2026-08-01,التطبيق لا يعمل اطلاقا وقمت بجميع الخطوات وعمل شكوي,Negative
167974e8-2941-49fe-8a66-1110a9427805,CIB,Banking,1,2026-07-31,التطبيق كان بيفتح علي اندرويد عادي وبعد التحديث مبقاش بيفتح خالص وحول علي صفحه موبايل,Negative
44b0e77e-94ae-4561-a41b-eaf9d6ac8f11,CIB,Banking,2,2026-07-31,كل ما بفتح التطبيق يفتح صفحه ويب,Negative
ed79d252-ee85-4f68-ada7-fd95375939c9,CIB,Banking,1,2026-07-31,البرنامج بقاله شهر كل شويه افتح البرنامج يفتح علي المتصفح بتاع جوجل,Negative
fa93009b-955b-43fc-aebd-d04e65150c01,CIB,Banking,1,2026-07-31,البرنامج ادخل عليه الاقي نفسي فى متصفح وليس الابليكشن الدخول من جهاز سامسونج s25ultra وتم مسح الابليكشن ونزلته تانى نفس الحاجه,Negative
eb285919-08a4-4336-bfec-f395e8568463,CIB,Banking,3,2026-07-30,جميل حين تكتبون الرسايل للمصريين بالعربى,Neutral
5abf1d8c-46ca-418e-a889-91ecb63a43aa,CIB,Banking,1,2026-07-29,مشاكل طول الوقت انه مش بيفتح,Negative
377168a4-327d-4894-a0b0-f2e568fd8873,CIB,Banking,1,2026-07-29,سئ جدا جدا كل مره بحاول افتح التطبيق مش بيفتح ويجيب صفحه البنك,Negative
5f7b77e5-286e-4445-bb6f-a8585530926c,CIB,Banking,5,2026-07-29,جيد جدا,Positive
12347320-f16c-417f-89eb-13135339671b,CIB,Banking,1,2026-07-29,التطبيق لا يعمل اقوم بحذفه ثم تحميله بعد أيام معدوده لتطبيق لا يعمل به مشكله عايز حل التطبيق سيئ للغايه,Negative
45ed29e2-69c3-4324-9547-e10d8376bdcc,CIB,Banking,5,2026-07-28,ممتاز,Positive
72e62652-c551-4ddf-9810-0a4decc1c73e,CIB,Banking,1,2026-07-27,يفتح صفحه المتصفح ويتم الخروج من البرنامج وخطا في ادخال البيانات ازاي بنك له اسمه ومش قادر يظبط مجرد ابلكيشن,Negative
bd2f50d0-807e-46fe-bc0e-9557a81ea09f,CIB,Banking,1,2026-07-27,عند فتح التطبيق تظهر رسالة خطاء مع التحويل على صفحة البنك في المتصفح وتم حذف بيانات الذاكرة المؤقتة للتطبيق مازالت المشكلة موجودة وتم حذف التطبيق وإعادة تثبيته والمشكلة مازالت موجودة الرجاء الدعم السريع لحل المشكلة لانها متكررة عند عملاء كثيرة وكثرة الشكوي من نفس المشكلة,Negative
bb97d209-2ef2-4ef3-a67e-c2c254f19274,CIB,Banking,1,2026-07-27,كان يعمل والان لايقتح,Negative
f4617687-f745-47ef-8ac6-1ab2a86db006,CIB,Banking,1,2026-07-27,مش عارفه افتح البرنامج كل شوية يجيلي خطئ في البيانات,Negative
4fa47718-f47e-4674-95ea-a35b055a3baf,CIB,Banking,1,2026-07-27,يوجد مشكله في الابلكيشن من بعد آخر تحديث بيتم التحويل على المتصفح أثناء فتح التطبيق,Negative
106ddaf0-f77e-487d-b8c8-16fe26325efd,CIB,Banking,5,2026-07-27,ممتاز👍👍👍👍,Positive
43439081-a2ca-4724-8049-f90f9c92f9e6,CIB,Banking,1,2026-07-27,يوجد لديه مشكله في التطبيق كان يعمل ولم يتم الفتح بيتم فتح صفحه المتصفح وبعد ذلك يتم توضيح أن يوجد مشكله بالباسود وتم تغيير الباسورد اكثر من مرة ولم يتم الفتح برجاء حل الأمر تطبيق لما بيتمسح من على التليفون وتثبت علي التليفون عشان يتحل المشكله,Negative
ba1821e5-1379-407a-8420-aba0ffafa89e,CIB,Banking,1,2026-07-27,نزلت التطبيق وعند التسجيل بعد كتابه الاميل وكلمه المرور وفي الاخر عند الدخول يقول الدخول خاطيء,Negative
1e4b9a62-e4b3-4813-831d-89bf3faf5b81,CIB,Banking,1,2026-07-27,فعلا في مشكلة في التطبيق بيفتح المتصفح و يطلب يوزر و باس وورد في كل مرة و حتى لو فتح مش بيشتغل كويس,Negative
23f7d893-4110-4a6f-89f3-7dc529f22880,CIB,Banking,1,2026-07-26,كل لما احاول اعمل تحويل ويدخلني على تطبيق otp يقول رقم تحقق غير صحيح,Negative
2a2918ef-4374-41e9-a608-d7236758b323,CIB,Banking,1,2026-07-26,التطبيق كان شغال كويس وبعد كدة عند التسجيل بقا يكتب خطأ في تسجيل الدخول,Negative
774bf3fc-8b33-49a1-b561-332b97569ac3,CIB,Banking,5,2026-07-25,ممتاز جدا,Positive
e3057254-f0d9-43c0-9125-79060e91eb68,CIB,Banking,1,2026-07-25,عملت اكونت وسجلت دخول برقم التليفون والباسورد وبالبصمه وفعلا اشتغل وبعد كده كل لما ادخل يجي رساله اغلاق التطبيق مسحته وحملته تاني ونفس المشكله مسحت البيانات اكتر من مرة وادخل الرقم والباسورد يجي رساله خطأ في تسجيل البيانات,Negative
200527af-284c-4405-9751-10ba1e0441b2,CIB,Banking,1,2026-07-25,تطبيق زباله,Negative
8e00c7c4-473b-4770-a468-cb5d5ae7fc73,CIB,Banking,5,2026-07-24,أحسن بنك في المعامله ولكن عندي مشكلة في برنامج وشكرا,Positive
3f4661bf-be0f-4047-b1ee-e0bc2fc6abc0,CIB,Banking,1,2026-07-24,سىء,Negative
70385e85-05b0-46ae-8cdf-56a75974b51e,CIB,Banking,5,2026-07-23,بنك يعتمد عليه شكرا لكم,Positive
f9d74186-a88d-445a-8f09-73282397b165,CIB,Banking,5,2026-07-23,ممتاز,Positive
19f7f325-b156-46b5-b508-618255f85513,CIB,Banking,5,2026-07-23,ممتاذه,Positive
82e15a62-bd94-4ea7-a0da-f5c26905dbd9,CIB,Banking,5,2026-07-23,عاوزه اعرف لسه كام قسط لما القرض يخلص,Positive
6adecad2-07c5-4c5e-891a-bbfd47acb9f2,CIB,Banking,5,2026-07-22,جيد جدا,Positive
9fa26623-5c25-4337-a167-ce6d7f2b19cd,CIB,Banking,5,2026-07-22,تمام,Positive
ca8c8ec6-56b5-45eb-af9d-33dbbcdd3480,CIB,Banking,5,2026-07-21,good app,Positive
a2472434-d29d-4973-87e3-58c60f365e50,CIB,Banking,1,2026-07-21,لا يعمل بعد محاولات كثيرة,Negative
ebb42a8b-4ddb-46af-ad7c-8e9fb92e0758,CIB,Banking,1,2026-07-21,التطيبق سيئ جدا كل شوية بيفتح متصفح وكل مااكلم حد من خدمة العملاء ميعرفش الحل ومسحته ونزلته بيقعد فترة ويرجع وكمان بمسح الداتا من الاعدادات بيرجع تاني,Negative
3bffec19-4c0a-4899-b84c-f4c7aeac3229,CIB,Banking,2,2026-07-20,المشاكل الفنية زادت جدا لدرجة التطبيق مبقاش بيفتح على الرغم اني مسحته ونزلته كذا مرة,Negative
1aba3524-0c91-4683-ad9b-8fc295b3732d,CIB,Banking,1,2026-07-20,نزلت الابلكيش وبسجل يجي عند capchn وبكتب الحروف يقولي خطا اكتر من 50 محاوله مش بيرضي يسجل,Negative
4166e95d-b546-4fcb-b1f8-fcb3aa366e39,CIB,Banking,1,2026-07-20,يوجد لديه مشكله في التطبيق كان يعمل ولم يتم الفتح بيتم فتح صفحه المتصفح وبعد ذلك يتم توضيح أن يوجد مشكله بالباسود وتم تغيير الباسورد اكثر من مرة ولم يتم الفتح برجاء حل الأمر,Negative
b832ea32-2df6-41cd-a58a-a9df9b85e9d2,CIB,Banking,1,2026-07-20,التطبيق فيه مشكله بقاله كام يوم مش بيفتح و كل لما افتحه يقولي فشل التحقق,Negative
95b6ce4d-b8ce-46da-9aa5-e88c5be183f5,CIB,Banking,5,2026-07-19,جميل بس بطئ,Positive
aa414ba4-62d6-4573-8061-a8bca7a1447b,CIB,Banking,5,2026-07-19,ممتاز معاملة راقية,Positive
94079f70-b713-42dc-bf15-87e18302f87e,CIB,Banking,1,2026-07-18,في مشكلة في الابلكيشن اول لما افتح يفتحلي صفحة cib الرئسية,Negative
708f2e0f-af05-494e-894f-b110a3aca541,CIB,Banking,3,2026-07-18,التطبيق مش شغال بيقولي ف عطل وبيفتح المتصفح ونش راضي يشتغل,Neutral
e8bc4825-0878-4d3d-9068-3c696ed54c94,CIB,Banking,5,2026-07-18,بعد التحديث الاخير التطبيق لا يستجيب ممكن تساعدونى. عملت المطلوب ونفس المشكلة,Positive
e7329339-c0d3-4366-b5a3-e316dfaf69db,CIB,Banking,1,2026-07-18,الابليكشن في مشكلة في التسجيل,Negative
c3063d4e-2cc0-41cd-be11-a0704b750028,CIB,Banking,1,2026-07-15,التطبيق بقاله مده كل محاول افتحه بس ابصم بيحولنى على الويب بتاع البنك وميرداش يفتح بقاله اكتر من اسبوعين مش عارف استخدمه,Negative
212a5eef-c000-42b9-829e-26b7ef984c7a,CIB,Banking,5,2026-07-15,good,Positive
95ef1302-b668-44c6-a695-60b91cc54946,CIB,Banking,1,2026-07-15,والله حرام بقا زفت كل شويه يخرج واكلم خ العملاء هوه انا فاضي للعذاب ده,Negative
0aaabf4a-65ae-4051-8c4f-c5492905fc0d,CIB,Banking,3,2026-07-14,جيد,Neutral
826fa61a-d42e-4b26-aab3-ffaac2898cea,CIB,Banking,5,2026-07-14,ممتاز جدا,Positive
c0d60a1e-f0b1-4b40-91a5-e25606305885,CIB,Banking,1,2026-07-14,دا تطبيق متخلف ازاي ادخل انشئ حساب و بكتب كل حاجه صح و في الاخر يقولي البيانات غلط و بتكون كل الحقول منوره اخضر تطبيق غير مفيد نهائي منصحش حد ينزله عشان هيتعب بجد و الله ميستحق نجمه حتي,Negative
042857e2-a1d2-443b-8733-b512b363e30d,CIB,Banking,1,2026-07-14,التطبيق مش بيفتح غير في متصفح,Negative
496a7467-6089-458f-a9f0-2a367b047d62,CIB,Banking,1,2026-07-14,تم التأكد من جميع الخطوات حيث ان البرنامج الخاص بالهاتف اندرويد ١٦ محدث ١ يوليو الماضى ورغم هذا التطبيق يوميا على هذا الحال رغم ان جميع التطبيقات الاخرى لاكثر من ٥ بنوك لاتعطى هذه الاخطاء,Negative
94ebd46c-3b71-45f8-8a0f-2adad020ba21,CIB,Banking,1,2026-07-14,تطبيق مش شغال بكفاءه,Negative
6649a4b7-28a3-49a1-be8a-1443cffc7884,CIB,Banking,1,2026-07-13,يا جماعه حد يفهمنى بقالى سهرين مش عارفه افتح الاكونت من الابلكيشن وزهقت بفتحه من انستاباى اشوف الرصيد لكن كتير بيقابلنى حاجات محتاجه اعملها من الابلكيشن مش بيفتح وقى حاجه سيئه جداااا ... انا موبايلى اندرويد ودهلت الاعدادات ومسحت البينات وعملت مل خاجه وبردو مش بيفتح,Negative
8a4d90de-0e90-4050-aff6-8599f4ceecde,CIB,Banking,1,2026-07-13,البرنامج لا يعمل علي اوبو A7,Negative
25a49167-6fb8-405d-95b1-cd931eda4263,CIB,Banking,5,2026-07-13,رائعة جدا,Positive
99d641ae-efa2-489a-8f45-fae37e11ce3f,CIB,Banking,5,2026-07-13,جيد,Positive
38b321e8-2847-4792-af2a-3b666d3eedd1,CIB,Banking,1,2026-07-13,يوجد لديه مشكله في التطبيق كان يعمل ولم يتم الفتح بيتم فتح صفحه المتصفح وبعد ذلك يتم توضيح أن يوجد مشكله بالباسود وتم تغيير الباسورد اكتر من مرة ولم يتم الفتح برجاء حل الأمر,Negative
864bc085-d8da-4466-9cbb-bbd468082f4b,CIB,Banking,5,2026-07-13,ممتاز ولكن يوجد به عطل,Positive
eb1790b4-f3c7-4acd-b302-f6650e5ef463,CIB,Banking,4,2026-07-12,المعاملات االي بتم علي الحساب سواء كانت سحب او معاملات لحظية بتظهر متأخر جدا علي التطبيق للتوضيح اكثر اليوم مثلا 18 في الشهر اخر معاملة ظاهرة علي التطبيق منذ اسبوع رغم ان توقيت الهاتف مظبوط بدقة,Positive
d9cd0e26-311a-4c56-945a-bd80e5564cc7,CIB,Banking,1,2026-07-12,كل ما افتح البرنامج بيحولني على صفحة الويب 😡😡😡😡😡😡 ومش راضي يشتغل مع اني مسحته ونزلته من الأول، ومحدث الموبايل كمان,Negative
2c7c18f7-da41-4c9f-8055-56f0d0f5dd67,CIB,Banking,5,2026-07-12,exlant,Positive
47579cbd-4689-4251-b9da-2f0832b172ab,CIB,Banking,1,2026-07-11,كل ما افتح التطبيق يطلع و يفتح المتصفح و امسحه و انزله تاني نفس الكلام عملت مسح بيانات برضوا نفس الكلام,Negative
547ad394-00e3-4d75-a4be-3dabd528ecb9,CIB,Banking,1,2026-07-11,التطبيق كان كويس جدا وفجاه مش بيفتح خالص مسحته ونزلته عملت كل حاجه مش راضي يفتح,Negative
8e3a63bf-84c1-4d27-81c8-eb78dfb72778,CIB,Banking,2,2026-07-11,تطبيق جيد ولكن احيانا لا يستطيع الفتح بسهوله,Negative
9cf21d40-7dca-4f06-ac4b-c9313dfada08,CIB,Banking,5,2026-07-11,ممتازة,Positive
70bc9fcd-16ea-4bcb-8642-12b500e65bac,CIB,Banking,4,2026-07-10,شكراً جزيلا للقائمين ع المراجعه وبالفعل التطبيق رجع اشتغل زي الأول شكراً جزيلا,Positive
56a3179b-d48e-4859-9823-c845648132d1,CIB,Banking,5,2026-07-10,ممتاز,Positive
e666414f-7362-4943-a35e-fde19de1fdbc,CIB,Banking,5,2026-07-09,جيده,Positive
0c74a7e7-2b47-4db6-b98b-a43209982827,CIB,Banking,1,2026-07-09,هو البرنامج مبقاش شغال خالص وبيقول خطا داخلي وبيقفل دا من ايه مسحته ونزلته تاني نفس المشكلة,Negative
91217583-9711-43d0-af11-6b222fbf5507,CIB,Banking,1,2026-07-09,التطبيق دان شغال طبيعي قبل كده ودلوقتي كل ما احاول افتحه بيكراش ويفتح صفحة ويب لشروط الاستخدام. برجاء حل المشكلة.,Negative
6b223c1d-30e2-468a-9839-1003e0857e2d,CIB,Banking,5,2026-07-07,جيد جدا,Positive
78d06fc8-2de5-409d-abf7-db453151c7ec,CIB,Banking,5,2026-07-07,ممتازة,Positive
0ccac622-c669-4574-9e1c-a93b3bb1b93d,CIB,Banking,1,2026-07-06,التطبيق لايعمل رغم حذف البيانات وتحديث الجهاز والبرامج وايضا لايعمل محتاج حل ضروري انا عملت كل حاجه حضراتكم قولتو عليها مش عارف اعمل ايه تاني,Negative
ba16379e-cf72-4695-bd2f-f3a68330b16d,CIB,Banking,5,2026-07-06,التطبيق في مشكله ان لما بفتح عند البصمه بيحصل ع الموقع ومسحت ونزلته نفس المشكله,Positive
10aee775-ddc2-4e8e-b0c1-a8795e9431cb,CIB,Banking,1,2026-07-05,كل ما افتح البرنامج يدخل علي جوجل كروم ومش يفتح البرنامج ، وامسحه وانزله تاني ، برده نفس الكلام,Negative
344ba841-a558-44e7-9ffb-36a669171fa0,CIB,Banking,1,2026-07-05,تطبيق فاشل علطول مقفول,Negative
0f87c13e-334f-4f28-be34-a0261308507d,CIB,Banking,5,2026-07-04,ممتاز,Positive
fc7f7add-0262-4ec3-89ad-e3348f8ade43,CIB,Banking,1,2026-07-03,تطبيق سئ عند كتابه تسجيل الدخول بيطلع من البرنامج كان شغال الاول كويس مسحت بيانات البرنامج برضه نفس المشكله ومسحته وحملته تاني نفس المشكله,Negative
6d783725-6c60-4b41-90ed-792bc3d6ef42,CIB,Banking,1,2026-07-03,مش راضي يفتح بيجبلي شاشه زرقه وخلاص,Negative
b3409b94-1df3-4fa5-9771-f4115107d5fd,CIB,Banking,1,2026-07-02,في مشاكل كتير,Negative
e9b1dec7-f115-44bd-b6fa-43b085fccc55,CIB,Banking,1,2026-07-02,سئ جدا,Negative
0c2071a8-f4b3-48c7-a327-4eb4f84c4c3c,CIB,Banking,1,2026-07-01,مش راضي يسجل الدخول وكل شويه يقولي حدث خطأ,Negative
bf723570-c02c-4454-9b52-cc617ac71e2a,CIB,Banking,1,2026-07-01,ابلكيشن وحش جدا سددت فيزا مشتريات مش عاوزني اخش علي ابلكيشن كل شوي يفتح شاشه سوداء مسحت الذاكرة مسحت ابلكيشن حملتو تاني نفس الكلام رجاء تحديث البرنامج,Negative
d3d61096-58ee-4971-816c-7c97bf24076b,CIB,Banking,5,2026-06-30,رائع,Positive
766d0b97-0658-4029-9a49-c01bbad1196d,CIB,Banking,1,2026-06-30,تطبيق كان شغال معايا كويس تلوقتي كل ما ادخل علي برنامج cib يطلع كلمت خدمه عمله و لم يتم حل مشكله حد مسحت جميع بيانات و برده نفس مشكله حد مسحت تطبيق نفسه و نزلته من تاني و عوده تسجيل بيانات اشتغل مره و بعد كده رجع زي ما كان ارجوا الافاده و حل مشكله لم يتم حل مشكله وكتير ناس نفس مشكله عنهم حد بعد ما بلفني يقول سبب نوع تلفون معا انه احدث تلفون معايا و معا غير,Negative
b1f869f2-3cfc-4b32-bab3-aa7b2aed3fa8,CIB,Banking,1,2026-06-29,التطبيق سئ كان بيفتح وبعدين الان لا يفتح ومسحت البيانات لا يفتح يا ريت حد يتواصل معي من خدمة العملاء,Negative
9337e1df-c124-48f1-90c5-dc2fc29ace33,CIB,Banking,1,2026-06-29,التطبيق كان شغال قبل التحديث الجديد دلوقتي مبقاش يفتح خالص من سيء لأسوأ,Negative
e03338e9-32ea-4607-ae16-1ebe41338835,CIB,Banking,1,2026-06-29,بقه زباله علطول شاشه سمراء ومابيدخلش وحاجه اخر قرف,Negative
0deb12fe-4133-4afd-bc2f-424bb1fe1bb6,CIB,Banking,1,2026-06-29,التطبيق كان كويس بس مؤخرا كل مفتحه يوجد به مشكله يوضح لى أن هناك خطأ فى الوقت الحالى وبيفضل كدا فترات كبيره تصل لايام,Negative
bdd11ed8-282b-4daa-b63a-e46e9fe0c4d0,CIB,Banking,1,2026-06-29,برنامج سيء مبيفتحش و بيعلق و بعاني علشان بس اعرف استخدمه,Negative
8fafc61d-2934-41f4-af38-b16664f67c6b,CIB,Banking,1,2026-06-29,التطبيق لا يعمل,Negative
125a1146-830b-4a4c-9d1b-1592d991faeb,CIB,Banking,1,2026-06-28,التطبيق فجأه مش شغال 👎🏼,Negative
caa4bcf0-420b-423f-9483-2e46f0f51c07,CIB,Banking,5,2026-06-28,ممتازه جدا,Positive
b5a55e6a-db00-4c37-84ab-7a96df6ef5a6,CIB,Banking,1,2026-06-28,كل ما افتح التطبيق حدث خطا ويطلع مسحت البرنامج ونزلتة بردو نفس المشكلة لحد ما فصلت التلفون خالص بردو نفس المشكلة وبيدخلني ع صفحة Privacy Policy,Negative
12487a9b-a70b-4806-b310-56c5fde2eb7b,CIB,Banking,5,2026-06-28,عندى مشكله فى التطبيق عندما اقوم بفتحه لا يفتح ويقوم بتحويل الى الصفحه الخاصه بسياسة الخصوصية تلقائى دون اختيارى لها ارجو الافاده,Positive
7ce4a638-862a-4727-8dad-a1029612ec2d,CIB,Banking,5,2026-06-27,برنامج جميل وبنك اجمل ❤️❤️,Positive
bd309e20-7365-4018-b34f-b6f2495c64b7,CIB,Banking,3,2026-06-27,التطبيق بقى سئ جدا منذ فترة ومش بيفتح خالص,Neutral
676cb05b-7edb-4bf3-8362-6c486d81277a,CIB,Banking,1,2026-06-27,التطبيق لا يستجيب وتم مسح سجل التسجيل,Negative
6a65b916-b9a4-4a11-966c-2e6c7bd699a6,CIB,Banking,1,2026-06-26,ضعيف,Negative
f22f043f-3ae6-46da-9b27-adc0405a29a2,CIB,Banking,1,2026-06-26,وحش جداا,Negative
047f65de-fcde-47c7-8ae8-3f9d66bc320d,CIB,Banking,5,2026-06-25,نفس المشكله من اخر تحديث في مشكله مبيفتحش,Positive
f1e0a5ce-9220-48cf-845c-dfab7d4657d9,CIB,Banking,1,2026-06-25,مبقاش بيفتح,Negative
3f64f45a-dcc8-484a-a54a-45badf3b735c,CIB,Banking,1,2026-06-25,تطبيق فاشل,Negative
581d5835-7017-4252-81dc-ceacabf67875,CIB,Banking,5,2026-06-25,جميل ورائع ومفيد جدا بس التطبيق بيعلق الرجاء اصلاح الخلل شكرا,Positive
25067d7a-8c53-4cb3-ac64-012a59d35ff8,CIB,Banking,1,2026-06-24,التطبيق في اوقات كتير مش بيشتغل,Negative
0640bc85-164c-4d33-9314-d82918d36b69,CIB,Banking,3,2026-06-24,مش بيرضي يفتح معايا ،دايما بيعلق,Neutral
c0159c19-48e4-4988-82ac-dd817ef3e810,CIB,Banking,1,2026-06-24,مش شغال من اسبوع خالص بيعطي شاشة سودة بصراحة حاجة سيئة جدا,Negative
eb23d77f-14ff-46f9-b17e-2bfc1de3a4d9,CIB,Banking,1,2026-06-24,"a lot of errors, not that easy.",Negative
52f090b7-5d48-4b0a-89bc-adc845040ed0,CIB,Banking,1,2026-06-23,التطبيق سىء جدا ومش بيرضى يفتح وكل فترة بيحصل الموضوع ده ياريت يبقى فى حل للمشكلة دى,Negative
1eb1f2b8-ad2d-4329-9019-8bf0105b0bfd,CIB,Banking,5,2026-06-23,ا البرنامج مش شغال عندي,Positive
3f1a2582-4afe-4028-abc4-6fa26ea11c3b,CIB,Banking,1,2026-06-23,التطبيق لا يعمل منذ شهر,Negative
57299b3b-aca7-4eef-92d8-a3eee257ce81,CIB,Banking,1,2026-06-22,بطئ جدا,Negative
23079d09-f363-4e9a-889e-98fd57aa1bf9,CIB,Banking,5,2026-06-22,كل ما افتح التطبيق بيدخلني علي موقع البنك والخدمات من كروم حتي مش بيستني احط بصمة الاصابع . ؟؟؟؟؟؟؟؟؟؟؟؟؟؟!!!!!!!!!!,Positive
a6d768f3-5ee4-4fb8-89c2-f77133896b57,CIB,Banking,5,2026-06-22,ممتاز,Positive
12ec3753-ca01-45d1-ae86-4e4dd7f74464,CIB,Banking,5,2026-06-21,اللي عنده مشكلة في الشاشة انه بيجيبله شاشة سوداء يدخل علي اعدادت التطبيقات ويجيب ابلكيشن cib ويمسح الداتا هيرجع يشتغل تاني,Positive
3f82b5e6-c5d2-482d-9676-6697a4010695,CIB,Banking,5,2026-06-21,تمام,Positive
46c96726-27ff-4ba1-92b8-4eb0f1fb962c,CIB,Banking,1,2026-06-21,التطبيق بيجيب شاشة بيضة ومش بيفتح نهائى.,Negative
0958b5c1-0a40-4a18-b0d4-706cf7709ab1,CIB,Banking,1,2026-06-21,سئ,Negative
3cfcf034-4b7d-42e7-ac26-9a178e4b9bf3,CIB,Banking,1,2026-06-21,سيئه,Negative
295c9c48-5bf7-4468-89f5-78d060da4d18,CIB,Banking,1,2026-06-21,اوقات كتير مش بيفتح خالص,Negative
87614872-a54c-4d4d-976f-aae7a2398cae,CIB,Banking,2,2026-06-21,التطبيق مش بيفتح من فتره كل لم اكتب اسم المستخدم بيفتح ليه صفحه الويب بتاعه البنك وجربت امسح الدتا من خلال الضبط والتطبيقات بس زى ما هو,Negative
990ce791-fb08-4740-8d8a-b9854d14f84a,CIB,Banking,1,2026-06-21,التطبيق كل مابسجل الدخول بيقولي حدث خطا او يجيب شاشه بيضه كان شغل الاول كويس قبل التحديث الجديد من سعتها وهوا عامل كده,Negative
8d253d09-da97-4aab-b8af-ade7ff6d68ff,CIB,Banking,1,2026-06-20,على طول ف اعطال و مش عارف اشوف رصيدي ولا عارف اسدد المديونيات اللى عليا,Negative
9ab4852a-9f91-4d54-acf0-fbac67244f04,CIB,Banking,1,2026-06-20,كان شغال معايا كويس ومن امبارح عندي مشكله ان الابلكيشن مش بيفتح وبيحولني ع متصفح موقع ال CIB,Negative
a5495cd7-912d-4b08-9015-d5c43520e503,CIB,Banking,1,2026-06-20,الابليكشن مش بيفتح خالص,Negative
3e1244a1-87b0-4014-983e-93aa128d90bc,CIB,Banking,5,2026-06-20,راضى جدآ راضى,Positive
fa31a714-6612-485e-a04b-924bb6dff2e0,CIB,Banking,1,2026-06-19,برجاء التكرم من ادارة البنك تفهمنا ايه اللى بيحصل فى الأبلاكيشن كل مانيجى نفتح يجبلنا شاشة سوده و ده مش معايا انا بس دا مع صحابى كلهم وللعلم احنا محتاجين البرنامج يفتح عشان عايزين نغير فلوس واحنا مسافرين مش موجودين فى مصر برجاء الأهتمام,Negative
3cb81e02-b741-4f0a-b5ae-e5c36d8ed67d,CIB,Banking,3,2026-06-19,مساء الخير كل مااضغط علي اي شئ داخل الابليكشن يحولني علي موقع البنك علي سياسات الاستخدام وتأمين العملاء لا استطيع التعامل مع الابليكشن لانه بيحولني مع أي ضغط علي موقع البنك,Neutral
7b298c10-f483-4c00-8cc0-495d1e23e550,CIB,Banking,1,2026-06-19,التطبيق بقالو كام يوم مبيشتغلش كويس وبيحول علي جوجل علي طول أرجو منكم حل المشكله وشكرآ,Negative
3b7a76bb-571c-4f1f-a94a-ab47fe05cb8c,CIB,Banking,1,2026-06-18,يوزر اكسبرينس زي القرف بعمل ريجستر برقم البطاقه أو رقم الكارت وأما اجي املي باقي الداتا ميرضاش ويقولي في بيانات غلط مفيش اي فالديشن أو ورنينج الغلط ده فين وانا متأكده أن كل حاجه مكتوبه صح حاجه قرف,Negative
6ea3dd5b-eeb1-4d46-bdcf-a2a6d0b1bfd2,CIB,Banking,2,2026-06-18,التطبيق كان شغال كويس و بقالو شهر كل ما افتحو يقولي مشكلة في الاشعارات و ميجبش اي بينات الابلكيشن مش شغال و بيفتح عادي بس مش بيجيب اي بيانات خالص و مش عارف اعمل منو اي تحويل ولا اي حاجة,Negative
1512ad1c-8680-4eaf-a13c-41b139e1d3a1,CIB,Banking,1,2026-06-18,في خطأ في البرنامج شوفو ايه المشكله,Negative
98a16e29-69e1-4b4d-9494-570d1f597964,CIB,Banking,1,2026-06-18,بعد تحديث الاخير التطبيق لا يستجيب كلمه المرور الجديده,Negative
a7c9f4cc-fa20-46cd-8e13-bfd859326289,CIB,Banking,5,2026-06-17,تطبيق رائع جدآ وبنك محترم بس لية الابليكشن مش عايز يفتح عندى بقالة 20يوم كل يوم احاول افتحه بياخد وقت فى التحميل وميفتحش,Positive
4d207715-2cab-469d-8c2c-c5119cc59482,CIB,Banking,3,2026-06-17,التطبيق كان شغال جيد بعد آخر تحديث لا يعمل بشكل جيد وآخيراً تأتي رساله علي الشاشه بتقول حدث خطأ ما لا يمكن عرض اشعاراتك في الوقت الحالى يمكنك المحاوله لاحقاً,Neutral
e9fb6eb5-6a3a-4eed-b59e-b24c5a26fb5b,CIB,Banking,1,2026-06-17,بعد التحديث الأخير التطبيق لم يعمل بشكل جيد.. و لا يستجيب اصلا منذ اكثل من اسبوعين,Negative
91eec108-61b7-4db0-8121-fd9d0c75aeb6,CIB,Banking,5,2026-06-17,ممتاز,Positive
e73ba54f-8b11-44bf-a09f-a0940149aefc,CIB,Banking,1,2026-06-17,ممتازة,Negative
0d0a3a4a-2d2a-4ce7-bf29-4d35c88d2d5c,CIB,Banking,1,2026-06-16,بطئ إمكانيات ضعيفة,Negative
07d3941c-6804-4f2e-a001-db1f9b2d6d83,CIB,Banking,5,2026-06-16,ممتاز,Positive
5fb3c538-d23f-424a-b0f4-bea51d52ef9d,CIB,Banking,5,2026-06-16,التطبيق بقاله اكتر من اسبوع مش بيفتح وده سبب مشاكل كبيرة ممكن حل من فضلكم,Positive
7545f21e-e037-4868-9fef-048c298b5ed2,CIB,Banking,5,2026-06-16,ممتاز,Positive
2e878579-7e35-4738-8fd9-487e3635c11a,CIB,Banking,5,2026-06-16,البنك ده أحسن بنك خاص في قارة أفريقيا كلها مش بس في مصر. وكمان البنك ده فيه سحر كده. مش عارف هو إيه. بس ليه تأثير نفسي رهيب مش عارف ليه برضو.,Positive
1442290f-e277-4db8-9424-b97d6dd8ed10,CIB,Banking,1,2026-06-16,بنك سيء مستوى الخدمه في صفر,Negative
1d4ff171-70f0-4de0-a4e1-8d4f6853bf68,CIB,Banking,1,2026-06-15,مابيفتحش من ساعة التعديل حاجة زفت,Negative
a141f484-b9b2-4001-b503-8d0e0ada0ef9,CIB,Banking,3,2026-06-15,سيا جدن,Neutral
37e078fa-3436-46f4-8836-3fbe26bb9363,CIB,Banking,1,2026-06-15,مع الأسف الشديد أصبح التطبيق سئ جدا جدا جدا بعد التحديث و لا يفتح و حاليا لا يستحق حتي نجمه واحده,Negative
06a09b10-ec17-4f59-aaf9-65d772138e87,CIB,Banking,5,2026-06-15,okay,Positive
7d78ca00-560f-49d9-ba7f-9755e4ce94d3,CIB,Banking,1,2026-06-15,البرنامج تجربتو سئ جدا جدا جدا ماينفعش يبقا برنامج تعامل بنكي خصوصا أن بنك زاي بنك CIB بنك كبير لهو اسم وا سمعا وكيان وا يكون عندو ابلكيشن بالجوده السيئه دي مينفعش خالص عموما مشكلتي مع الابلكيشن انو لمه ثبت البرنامج لمه بدخل عليه بيخرج تلقائيا وا يحولني على صفحه الكروم جوجل وامابيعطي اي فرص ارجو حل هذه المشاكل بدون مناقشات فارغا وا شكرا لحضرتيكم,Negative
d26f0e96-6b3a-4b9c-8771-c48d18d19aac,CIB,Banking,1,2026-06-15,غير راضي,Negative
819be639-353c-4bd3-83a6-72dc01693e06,CIB,Banking,1,2026-06-14,سيئ للغاية أسوأ تطبيق حاليا,Negative
72ba694c-56e8-472f-9528-08f9de8e0507,CIB,Banking,4,2026-06-14,التطبيق لا يعمل,Positive
4d57db5b-6967-4305-8fc4-58010a1528f1,CIB,Banking,4,2026-06-14,شكرا جزيلا علي سرعة الاستجابة وتم عمل التطبيق بشكل جيد جدا شكرا cib,Positive
f961b716-39d4-4bee-9ec1-02acd3f04821,CIB,Banking,1,2026-06-14,التطبيق كان شغال معايا كويس.. وفجأه بدا ميفتحش. بعد فتح التطبيق بستخدام البصمه بيظهر لي صفحة الولاء حدث خطأ لا يمكن . عرض اشعاراتك في الوقت الحالي... اعمل ايه ممكن مساعده,Negative
528cc784-0d5c-4e15-8122-8c91daf0383c,CIB,Banking,1,2026-06-13,يرجى حل مشكلة التطبيق,Negative
0f8cd7a0-f357-4912-9638-e8dc5bad461a,CIB,Banking,1,2026-06-13,برنامج سىئ للغاية يا ريت حد يتصل وخدمه العملاء تتصل مفيش رد تسمع موسيقى,Negative
42ed1771-76c7-4521-9cc6-b633451bbe19,CIB,Banking,1,2026-06-13,بعد اخر تحديث التطبيق مش بيفتح وبيجيب شاشه بيضا,Negative
01885c0a-d3b3-4360-a989-40412a6a9f48,CIB,Banking,5,2026-06-13,التطبيق لا يعمل,Positive
051dedb1-eefc-4346-b56a-f6b01b84083f,CIB,Banking,1,2026-06-13,التطبيق بقا سئ جدااااا وفي الغالب ما بيفتحش,Negative
171bae5f-1b97-411f-878b-95397b7a7526,CIB,Banking,1,2026-06-12,زى الزفت وخدمة عملاء زى الزفت علشان تفعل برامج الرقم السري المتغير منه كل شويه بحال يحطوك انتظار ويشغل موزيكا عاوزين وحدة ترقص عليها,Negative
eeaf6d0a-9503-4a7d-b5d4-c11165b37593,CIB,Banking,5,2026-06-12,ممتاز,Positive
ee09dc04-b11c-4dc9-a345-41f8bc803613,CIB,Banking,5,2026-06-11,ممتاز وسهل الاستخدام,Positive
0703d92e-f282-415f-9bf4-5d74d12cb971,CIB,Banking,1,2026-06-11,الابلكيشن لا يعملي بهايم اول م يفتح بيجيب شاشه زرقاء فقط,Negative
80e3d272-f621-4462-ac91-322ae590b0d2,CIB,Banking,1,2026-06-11,التطبيق كل ما احاول افتحه يدخلني على صفحة سياسة الخصوصية وعملت اكسبت وبرضه مش عايز يفتح,Negative
741b59b1-5c80-44e4-86ca-758c1842cea4,CIB,Banking,5,2026-06-11,good,Positive
130bb511-2d1b-47fc-bee2-9a3215aac5da,CIB,Banking,1,2026-06-11,ياجماعه الابلكيشن معلق وجايب 404,Negative
6b5a42ac-9a82-4938-96ae-12ba5a3272f3,CIB,Banking,1,2026-06-10,تطبيق سئ جدا بعد التحديث الاخير مبقاش بيفتح نهائي ودايما بيغير الصفحة الرئيسية ومصدر دائماً برنامج الولاء كل تحديث جديد بقا اسوء من الاول,Negative
e8bcb9ab-798f-4ade-bbe9-9d856d1df904,CIB,Banking,1,2026-06-10,التطبيق سئ جدا حولت التسجيل عليه كذا مرة ولم يتم التشغل 😔,Negative
5ea3406e-9d01-4072-a225-a56e5388e1d2,CIB,Banking,1,2026-06-10,التطبيق مش شغال بقاله شهر فاااااشل,Negative
25d4354f-2de0-4a40-9533-cfe843cff715,CIB,Banking,1,2026-06-10,تطبيق سيء جدا المعمله معه صعبه جدا مش قادر افهمو ودلوقتي مبيفتحش,Negative
b3cc7168-723b-4c8b-a219-fcd8555fe29a,CIB,Banking,5,2026-06-10,ممتاز,Positive
59451fe7-ba9f-403f-a680-13109713811a,CIB,Banking,3,2026-06-10,يا جماعة الابلكيشن محتاج تحديث بسبب الاعطال الي بيحصل دة مش طبيعي,Neutral
ef073c92-b95a-4799-b4f4-fae7106aebb9,CIB,Banking,1,2026-06-10,التطبيق كان شغال معايا كويس وفجأة بداء كل ما افتح يجيبلي شاشه سوداء ومابيحملش اي حاجه وساعات يفتح معايا ويكتبلي حدث خطأ ما الا يمكن عرض اشعاراتك في الوقت الحالي يمكنك المحاولة لاحقاً ممكن المساعده لو سمحتوا,Negative
4ebf28d1-c58d-403d-af6e-e97d3ae7afa7,CIB,Banking,5,2026-06-10,"Hello everyone, this CIB application is very, very excellent, and I highly recommend downloading it and benefiting from its services. Thank you for your time and respect. 🌹🌹",Positive
f3687b78-5c0b-4d5a-a5e4-9dc2095351ba,CIB,Banking,5,2026-06-09,ممتاز,Positive
2dcab33e-c2c0-45c3-aad7-d74efaff0016,CIB,Banking,2,2026-06-09,التطبيق بعد التحديث الاخير لايفتح,Negative
8041c734-240c-41e8-9903-75468504dc83,CIB,Banking,5,2026-06-09,التطبيق سيء جدا مش بيفتح ولو فتح بيظهر رساله حدث مشكله بقاله مدة علي كدة,Positive
8353a3d0-46e0-4b3f-bcfe-a4b5a6b52504,CIB,Banking,1,2026-06-09,موش ينفع كده موش بيفتح,Negative
419872e3-28dc-4046-bc93-5b50d0851a7b,CIB,Banking,5,2026-06-08,تمام,Positive
4e0a159c-e15b-4208-b24f-81963802e2eb,CIB,Banking,1,2026-06-08,لم يستجيب على الجهاز,Negative
2134bff5-6b03-4dcb-8438-1b9f7cab5085,CIB,Banking,1,2026-06-08,صعوبه في التحميل,Negative
6dcfc21a-0459-4b57-bbde-11e1fa4ffa04,CIB,Banking,5,2026-06-08,تمام,Positive
07f25b9a-e9fe-4878-8b8d-308f10c6ff66,CIB,Banking,5,2026-06-07,👍,Positive
b0e2dc30-d202-49fb-8c43-fa3066750aa8,CIB,Banking,5,2026-06-07,جيد,Positive
f361f3ae-9b26-4eba-ad89-056f9331ba31,CIB,Banking,1,2026-06-07,البرنامج بطئ جدآ,Negative
8bf95b64-1674-4b50-99c6-d5a02b4e0182,CIB,Banking,3,2026-06-07,التطبيق كان شغال معايا كويس وبقاله فتره مش بيفتح كان بيفتح الاول بعد اكتر من محاوله وبعدين كش بيفتح نهائيا الان ابه السبب ودخلت اشوف تحديث ملقتش فيه تحديثات متاحه,Neutral
c6cd600e-c6cf-4f6b-b26d-d6f95d9395be,CIB,Banking,1,2026-06-07,التطبيق كان شغال كويس بس بعد التحديث الأخير اصبح لايعمل شاشه بيضة يعمل بنظام الأندرويد,Negative
e4bc4542-5f07-4e31-a2ab-71be13becb52,CIB,Banking,1,2026-06-07,تطبيق سئ جدا مش بيفتح خالص,Negative
58b3eaad-e1bd-4d94-abc2-de9d2d94dcb4,CIB,Banking,5,2026-06-07,ممتاز جدا شغال معايا,Positive
21566f00-4bdd-48a6-99c0-3439062de19f,CIB,Banking,1,2026-06-06,التطبيق لا يعمل نهائي,Negative
2d2e015d-bc45-424f-aaa5-57fe92af6a80,CIB,Banking,5,2026-06-06,تم التعديل شكرآ جزيلآ,Positive
badda7c3-7184-46b2-af60-c4c25f8983b6,CIB,Banking,1,2026-06-06,البرنامج مبقاش يشتغل ولا يفتح بيجيب صفحه بيضاء وليفضل على كدا حذفته وثبته من الاول وحدثته وبردو مش شغال اى الحل ؟,Negative
7b903f22-90fb-4007-9dce-bfb43a246281,CIB,Banking,5,2026-06-06,بنك سى اى بي ممتاز جدا وتطبيق جميل جدا,Positive
c80e9ce1-5e3c-4fcf-bcee-c22195908948,CIB,Banking,1,2026-06-06,دلوقتي انا عميل جديد، فعلت الكارت وعملت باسورد من الATM وفعلت instapay وكل حاجه تمام. لكن التطبيق ده مش نافع اسجل فيه نهائي، بعد ما اكمل كل الخطوات بتاعة المستخدم الجديد بيجيلي رسالة خطأ في البيانات.. رغم اني اتبعت كل التعليمات سواء في اسم المستخدم او كلمة المرور .. وجربت حذف التطبيق ومسح البيانات اكتر من مره وبردو لسه نفس المشكلة.. ارجو الرد بحل,Negative
24bfb1b9-1092-4f70-8b8f-5972b7875ce0,CIB,Banking,1,2026-06-06,التطبيق بعد اخر تحديث مش بيفتح نهائي برجاء حل المشكله بااسوء بنك شوفته في حياتي,Negative
4341901c-30bb-4711-a26b-339bcdec7685,CIB,Banking,5,2026-06-06,ياريت الاستجابة السريعة,Positive
55d8a681-89f1-46a5-a9ff-aac5f7ca14e7,CIB,Banking,1,2026-06-05,البرنامج بيفتح بس بعد كده اي ضغطه على اي حاجه او حتى على الشاشه يخرج بره البرنامج و يفتح متصفح تاني خالص,Negative
3a363d1a-4e1f-4f37-8088-58ab8e4edf24,CIB,Banking,1,2026-06-05,التطبيق مابيفتحش بقول برنامج الولاء ومش بجيب اي بيانات ياريت تحلوا المشكلة دي مش عارفين نشتغل,Negative
7325f19a-9ffc-4674-aa37-0adb92227948,CIB,Banking,5,2026-06-05,very good,Positive
9b4d3755-3ac9-4656-8c99-5f2467612a97,CIB,Banking,1,2026-06-05,البرنامج لا يفتح من أول النهار لا عندي ولا عند ابني . الشاشة بيضاء ولا توجد استجابة,Negative
e5cc2d64-785a-4421-9814-0c8eef90629e,CIB,Banking,1,2026-06-05,التطبيق بعد التحديث الاخير بقى تقيل قوي وما بيفتحش الا بعد فتره طويله قوي اقفله وافتحه من ثاني عشان يفتح بيفتح على صفحه الولاء اقفله وافتحه ثاني ممكن يفتح وممكن لا,Negative
c80c326b-04a9-472e-85d5-42475f2fa0fd,CIB,Banking,1,2026-06-05,التطبيق سئ جدا ومش بيفتح خالص بعد آخر تحديث,Negative
ed28ab32-cb43-407b-b49f-e98b8b6a2135,CIB,Banking,5,2026-06-05,أفضل بنك في مصر بنك ممتاز جدا جدا جدا جدا جدا,Positive
fccae8a8-dddc-4c14-a129-f82c684cf5f5,CIB,Banking,1,2026-06-05,تم عمل مسح للبيانات ومازالت رساله حدث خطأ مستمره مش عارف ادخل علي البرنامج ما الحل ارجوا الافتده,Negative
c4c6c996-a9ab-4060-b005-a5b726f6cdea,CIB,Banking,1,2026-06-04,التطبيق كان شغال معايا وبعد كده عند الضغط عليه للبدء يظهر شاشه بيضاء لفتره طويله ولا يفتح ابدا,Negative
a88304be-79c8-43c4-afbf-d9206f353105,CIB,Banking,1,2026-06-04,التطبيق مش شغال خالص، كل ما افتحه يديني صفحة سوداء وبعد محاولات كتيرة يفتح بالبصمة ومافيش خدمات او رسالة خطأ ارجو حل المشكلة سريعاً..,Negative
b219ff06-49ca-457c-8d05-53dd1d5abf56,CIB,Banking,5,2026-06-04,بنك مميز المحترم في تعاملات,Positive
a5939918-9527-4051-b9e5-e37198432106,CIB,Banking,1,2026-06-04,فاشل كلمة قليله جدا علي اللي بيحصل وخدمة العملاء مفيش احترام ويقفلو في وشك اكتر من مره واخر استخفاف بالناس وعدم حل المشاكل انصح بقفل حسابي من بنك CIB,Negative
463c314b-e451-468d-a43d-649be86ae5f2,CIB,Banking,5,2026-06-04,😘😘😘👍احلى بنك,Positive
c80c7b9a-d0e2-4e17-8902-08bc07fe9372,CIB,Banking,1,2026-06-04,البرنامج مش عايز يفتح و كلمت البنك و بعت الرقم و برضو مش عايز يفتح,Negative
84fa9391-6802-486c-8423-1a040701a45e,CIB,Banking,1,2026-06-04,التطبيق بقي سئ جدا مش عارف افتحه ومسحت البيانات ولا يوجد جديد تم مسح البيانات من التخزين ومازلت المشكلة قائمة بتحويلي علي جوجل كروم,Negative
6edea2f1-6739-4e07-b475-8e2c5b72c90b,CIB,Banking,5,2026-06-03,جميل جدا,Positive
69f8adc0-662a-4cf0-bb32-c7a0ae0563c2,CIB,Banking,4,2026-06-03,البرنامج الان لا يعمل,Positive
4359daa2-0fc2-4e01-a59b-b8346b77c385,CIB,Banking,1,2026-06-03,البرنامج بعد التحديث الاخير ما بقاش يفتح تحديث الاخير بوظ الدنيا في البرنامج,Negative
000c29bb-5ca2-4139-b261-2e697e553f3c,CIB,Banking,2,2026-06-03,تطبيق بطئ جدا وسيئ وكله اخطاء وبيخرج لوحدو ويعلق كل شويه,Negative
b04cc763-4ece-4def-accd-b8240e74c18d,CIB,Banking,1,2026-06-03,تطبيق زي الزفت بيفتح مره واحده في السنه,Negative
5f0fabb9-f84f-4d39-9854-ee70e9249292,CIB,Banking,1,2026-06-03,التطبيق لا يعمل نهائيا لا دخول بصمة ولا باسورد مجرد الفتح يعطي شاشة بيضاء فقط,Negative
8af7a15e-ac04-45fd-80bb-c39e6eda664c,CIB,Banking,5,2026-06-03,Good...,Positive
ea47eda4-eb4e-4fb3-b079-52aeb2afc8b1,CIB,Banking,1,2026-06-03,Very bad,Negative
5b9cf2a4-6608-4e75-b3d2-eb37c0278d92,CIB,Banking,1,2026-06-03,مش عاوز يفتح خالص حتي بعد تفريغ مساحة التخزين زي ما الدعم بيقول والبرنامج أصبح سئ جدا ومافيش اي استجابة من البنك لابد من وجود حل,Negative
66c8bed9-4cbe-4443-b210-635884e09f29,CIB,Banking,5,2026-06-03,تطبيق رائع,Positive
004db043-5d4d-4b17-8938-cc29b3f80867,CIB,Banking,5,2026-06-03,تجربه جميله برغم اني بقالي سنين مع البنك و محولتش ازاي انا مش عارف,Positive
9617cb2e-9cfc-4050-8439-fe2ce405e120,CIB,Banking,5,2026-06-03,جميل جدأ,Positive
9c5b7b2a-36c2-4a52-b642-43081e4509f6,CIB,Banking,1,2026-06-03,مش بيفتح وجايب شاشه بيضاء,Negative
d1db2e6d-898d-44e3-8f40-19f792914f2d,CIB,Banking,1,2026-06-03,للاسف الطبيق من قبل عيد الاضحى مش بيفتح,Negative
0fa4c823-c169-45c0-80e5-99721590a9c7,CIB,Banking,1,2026-06-02,البنك كله سرقة من الرصيد وخصم مبالغ,Negative
4bf08b02-d57a-477b-8d89-69cdb56dabde,CIB,Banking,1,2026-06-02,التطبيق بقى سيئ جدا ومن العيد لم يفتح نهائى فما السبب,Negative
50c27b9e-fef5-4af8-b06e-0a177d52ca7b,CIB,Banking,5,2026-06-02,أختيار صح,Positive
ee755588-af9e-402e-b576-90a0a0705513,CIB,Banking,5,2026-06-02,التطبيق بقى مقرف ومش بيفتح بقاله فتره على كده مش عارف كان شغال كويس وبعدين مبقاش يفتح ..........؟؟...........؟.............,Positive
4f726319-b79d-4bdf-aa52-18015f35f147,CIB,Banking,1,2026-06-02,"After the last update, the app won't open. I cleared cache and data, it would open, but while logging in it forwards to the privacy policy statement on the browser then crashes. Now can not login and assuming I could, the app keeps crashing. Android 11 mido device.",Negative
3c8641b5-cabc-4f59-b18b-72b15a10be72,CIB,Banking,1,2026-06-02,التطبيق ذي الهباب مش عاوز يفتح,Negative
28dc3248-1cbd-44cc-9e79-b13cdfd9be18,CIB,Banking,1,2026-06-02,التطبيق مش شغال,Negative
49a82200-d0a8-402b-82d5-52e938bff1ad,CIB,Banking,1,2026-06-02,التطبيق مش بيفتح أساساً عملت مسح البيانات والتطبيق حاليا بيفتح مجرد اللمس بيحولني لصفحة ويب,Negative
fcdb2b5b-c0ee-4c1f-ab76-32b504da8b6c,CIB,Banking,1,2026-06-02,لا يعمل,Negative
d6250b36-849c-4c22-9ae9-b88bb199445a,CIB,Banking,1,2026-06-02,نسيت الباسورد وبفتح بالبصمة بيقولي لازم احدث البصمة ومينفعش احدثها غير بالباسوورد انتوا مجانين ؟,Negative
335ae987-3e97-48f0-8d7f-6e4a1f6bbdbd,CIB,Banking,1,2026-06-02,سئ ومش بيفتح نهائي,Negative
d5fe6ae8-b7f8-4a6f-baed-09df9dbc2c27,CIB,Banking,5,2026-06-01,ممتاز,Positive
a7ff14a5-4c83-4da6-b846-92c43a76d310,CIB,Banking,1,2026-06-01,بجد المستوي نزل يومين مش عارف افتح التطبيق,Negative
36e2f5d1-8b20-4f63-a666-794e0931ca6d,CIB,Banking,5,2026-06-01,ابلكيشن ممتاز جدا جدا جدا,Positive
ebaf66c6-b136-423d-9df8-51b61f02666a,CIB,Banking,1,2026-06-01,مش شغال وفيه مشكله,Negative
e9767e73-00c0-438a-a941-1a141d6b5599,CIB,Banking,1,2026-06-01,رديء ولا يفتح,Negative
fef7ae37-b604-4d31-b729-1fe69a60b9f8,CIB,Banking,4,2026-06-01,جيد,Positive
60960053-a0c8-4121-85d5-8ceab9ec542d,CIB,Banking,5,2026-06-01,للاسف البرنامج سئ مسحت البيانات وبردو بيكتب البرنامج لا يستجيب,Positive
a0288cbb-336d-4e36-9c1e-629e3d3ef845,CIB,Banking,5,2026-06-01,ممتاز جدا,Positive
c2919075-f603-46ed-ade9-3a65837133d6,CIB,Banking,1,2026-06-01,التطبيق كتطبيق كويس...بس مبيفتحش الا بعد عذاب...دائما كده متعب جدا فى فتحه,Negative
1f9b2324-2e9a-4b92-9bf7-be87551b9d22,CIB,Banking,1,2026-06-01,البرنامج مش بيفتح معايا ولو فتح بيديني خطأ والصفحة مش بتفتح للأسف ايه الحل ؟!,Negative
582a7828-c4bc-4e54-9817-af1817cdd157,CIB,Banking,5,2026-06-01,التطبيق مش بيفتح معايا رغم التحديث ومش عارف ليه؟,Positive
27bd75e0-9e55-4c44-ac43-d6eaf00a4fa4,CIB,Banking,5,2026-05-31,معا 5 سنوات بنك تثق به,Positive
a519db59-f5fd-4698-8412-e5d2640260c5,CIB,Banking,5,2026-05-31,جيده,Positive
52acc40a-5ba0-45eb-8489-ebde9089bc0a,CIB,Banking,1,2026-05-31,التطبيق مش بيفتح اصلا,Negative
b6a1a7bf-f2a6-4d05-a169-3aa6dceec604,CIB,Banking,1,2026-05-31,التطبيق مش شغال من فترة معايا من غير سبب ومش محتاج تحديث,Negative
84dadb33-0410-4fd7-9b0b-e2e93859eb39,CIB,Banking,1,2026-05-31,تطبيق سئ سئ سئ لأبعد درجة .... مش بيفتح نهائي....وبيجيب المعاملات متأخرة..... ووقت ما يفتح يتعذر الحصول على البيانات,Negative
e9d1e23e-fe22-4f78-86ae-419774927336,CIB,Banking,5,2026-05-31,البنك سي اي بي كويس جدا يا ريت تنزل,Positive
fbb23a53-55e5-4b7c-a5d7-924fe4730433,CIB,Banking,1,2026-05-30,التطبيق مش عايز يشتغل ومبيفتحش خالص ياأمابيغيب جدا بقاله مده على كده من ساعة اخر تحديث,Negative
00e45d50-6ca6-4c7c-bb6f-6a61b763d727,CIB,Banking,1,2026-05-30,البرنامج عندي مش ا عايز يفتح ممكن رقم حسابي بس محتاج رقم حسابي,Negative
dc10054b-3272-4044-a249-616e84d71ce8,CIB,Banking,1,2026-05-30,التطبيق سئ جدا ومش عايز يفتح حاليا القديم كان أفضل بكتيييييير,Negative
5f517386-3bab-42c4-a634-7c08056484fb,CIB,Banking,1,2026-05-30,تطبيق زفت,Negative
cd6f709a-5be8-4070-b163-846157cdf07c,CIB,Banking,2,2026-05-30,البرنامج كان شغال معايا تمام و من قبل العيد مش بيفتح و بيدينى صفحه بيضا ايه الحل,Negative
43d22f16-cffd-4b06-b28e-04d4e5eaed65,CIB,Banking,5,2026-05-30,تجربة جيده . اشعر أن إدارة البنك اختلفت إيجابيا. وفي تحسن,Positive
4cbb71a8-c720-44cf-94c8-0f3cf4d6b7e6,CIB,Banking,1,2026-05-30,تطبيق سيء جدا ممكن يفتح بع ١٠٠ محاولة ويرجع يقفل,Negative
360c4cc5-9fa3-4730-9083-2b817b5353bb,CIB,Banking,1,2026-05-29,تحديث سئ و معطل دائما,Negative
01860e91-a3f4-41ab-b79a-ba14b41d617c,CIB,Banking,5,2026-05-29,جيد جدا,Positive
94e70554-4289-47f9-b2a0-1e1e724094d7,CIB,Banking,5,2026-05-29,ممتاز,Positive
d5c39475-0f59-42eb-b7c8-00f5a97cc1f9,CIB,Banking,1,2026-05-29,التطبيق بيقبل نسخة اندرويد عالية ياريت ينزلوا النسخة القديمة,Negative
80c56507-5005-4207-8982-8ad368a519cf,CIB,Banking,1,2026-05-29,التطبيق اصبح سي جدا واصبح اطبيعي بتاعه انه مش شغال بس للحق احيانا مش كتير بيشتغل,Negative
05291a54-766b-4524-aaf6-a85525e57f3e,CIB,Banking,5,2026-05-29,good,Positive
b8080f43-f787-477f-8a58-c0e815198ddb,CIB,Banking,1,2026-05-29,اخر تحديث لا يعمل ويقوم بتعطيل البرنامج لا يعمل,Negative
4f84b519-f1ed-4c69-af08-8738029a6b8e,CIB,Banking,1,2026-05-29,التطبيق معظم الوقت مش شغال,Negative
1560b3bf-a5c6-4c2c-bba7-11d03859404c,CIB,Banking,1,2026-05-29,برنامج زباله بيفتح مره والف لاء قمه في الفشل,Negative
07773cef-8c4b-410d-9afe-42f36787fea4,CIB,Banking,1,2026-05-29,تطبيق سيئ للغاية لم يعد يعمل,Negative
2314c7f5-0d5c-478f-8381-292219485829,CIB,Banking,1,2026-05-29,التطبيق بقي سئ جدا بقي بيطول ومبيفتحش ولو فتح مبيظهرش بياناتي ولا الأرصدة,Negative
eff99199-d6a4-4fd2-ba5d-090dccaad397,CIB,Banking,1,2026-05-28,التطبيق بقالو شهر مش عايز يفتح,Negative
96d6f0c7-dfa7-4344-a34e-06599b22228a,CIB,Banking,1,2026-05-28,soo bad,Negative
67031cf8-7326-4e06-897e-2d9b70e11706,CIB,Banking,5,2026-05-28,رائعه,Positive
40b0c11c-b767-40d9-8827-e1d9155416d8,CIB,Banking,1,2026-05-28,سيئ جدا مش بيفتح ودائما يقفل لوحده,Negative
bb92b6b8-066e-4d45-8769-d1065e4be609,CIB,Banking,5,2026-05-27,حبيبي,Positive
26987e0d-ca3d-474e-8d7c-60eb23b4e23d,CIB,Banking,1,2026-05-27,التطبيق بقي سئ جدا,Negative
a86fc224-e6bb-48e6-a647-cf2552e714c6,CIB,Banking,1,2026-05-27,عندي مشكلة التطبيق مش بيفتح خالص,Negative
edb09522-baf7-45ae-a89d-57d212f8fad4,CIB,Banking,1,2026-05-27,تطبيق سيء جدا جدا بياخد وقت عشان يفتح,Negative
1e0de831-400a-4ddb-afe3-2c511ec211a6,CIB,Banking,1,2026-05-27,التطبيق مش عايز يفتح نهائى ولما بيفتح مبيظهرش اى حاجه,Negative
f400b656-a661-4a54-bfd2-f9c32ee87f9c,CIB,Banking,1,2026-05-27,سيئ جدا,Negative
77da875d-4306-45ee-9470-fa54d9293e54,CIB,Banking,1,2026-05-27,بجد الابلكيشن سيئ جدا جدا ومفيش مره اعرف اعمل معامله او استعلم والابلكيشن ما بيفتحش,Negative
f89c56d4-4dd1-4b92-9360-49b70b151b34,CIB,Banking,1,2026-05-27,التطبيق سئ جداً ولا أستطيع تسجيل الدخول لحسابى برجاء حل المشكله,Negative
bc74d1b4-0659-49f5-9cec-841c345b86b3,CIB,Banking,1,2026-05-27,تطبيق سيئ لا يعمل,Negative
2afd93b8-ac88-4e4c-8f4e-09752e9954c0,CIB,Banking,1,2026-05-27,التطبيق بقي سئ جداااااااااااا مبيفتحش,Negative
8c389488-f00f-46f3-95d0-91895595034e,CIB,Banking,5,2026-05-27,اشتغل تمام,Positive
e58cd396-9f30-4279-a215-33550c698135,CIB,Banking,1,2026-05-26,بعد التحديث سئ جدا,Negative
ec955d61-2f20-48cc-a901-9264b2dee4d3,CIB,Banking,5,2026-05-26,ممتازه,Positive
0dd49c00-cacd-4088-a594-1b1e5d79a0f4,CIB,Banking,5,2026-05-26,من أفضل البنوك في مصر,Positive
8cbd3acc-618e-4ad9-a3a4-b02c7b3b6cb6,CIB,Banking,1,2026-05-26,تطبيق سئ جدا,Negative
5ef9aa6e-7fa0-4c15-b9f9-e473a2ed6c27,CIB,Banking,1,2026-05-26,هل التطبيق فيه مشكلة ؟... ما بيرضاش يفتح ولو فتح العمليات التي فيه ما بتشتغلش ... مش قادر أحول ولا استعلم ولا اطلع على رصيدي ولا يمكن ان اقوم ولا بأي عملية,Negative
54b870ad-5ab2-4231-bd89-b8de30602b08,CIB,Banking,1,2026-05-26,البرنامج ما بيفتحش عايز اعرف ايه المشكله,Negative
7e5b9469-0242-460e-a0c4-dd85d60ca0f8,CIB,Banking,1,2026-05-26,بقا تقيل ومش بيفتح خالص بعد آخر تحديث,Negative
55e906cc-df2b-4b66-929c-5dd5111815d5,CIB,Banking,1,2026-05-26,تطبيق سئ يغلق لوحده مسحته ونزلته من جديد ونفس المشكله مسحت التخزين والبيانات ونفس المشكله ومسحت الابلكيشن وحملته وبرده نفس المشكله,Negative
78383037-dbec-49a7-b02c-0f4188ed1880,CIB,Banking,1,2026-05-26,التطبيق سئ جدا لانه لايعمل معي من البدايه بمجرد فتح التطبيق تفتح شاشه بيضاء والتطبيق لا يعمل,Negative
bc498481-3244-4185-bd4b-7ed2df2a1ed6,CIB,Banking,1,2026-05-26,ليه عند انشاء حساب جديد بعد م اعمل كل الخطوات يكتبلي حدث خطأ برجلء اعادة المحاولة,Negative
823606a7-aaf3-4d75-8e60-848139c5f136,CIB,Banking,1,2026-05-26,التحديث الجديد اصبح سئ جدا يظل يفتح لي شاشه بيضاء ولا استطيع الدخول ارجو حل المشكله,Negative
a0f777bf-8e3f-45ac-98c2-2e1c0d4c53fc,CIB,Banking,1,2026-05-26,التطبيق بعد التحديث لايفتح,Negative
3264a9ed-fb06-4e30-a9f5-5c9f8198ae74,CIB,Banking,1,2026-05-26,اخر تحديث سئ للغايه,Negative
a84c375b-587e-456e-bfb6-b38b3664ee2c,CIB,Banking,5,2026-05-26,التطبيق أفضل كثيرا للغاية ، شكرا جزيلا لبنك CIB المحترم أنتم دائما في الرياده 👍👍🌹,Positive
69fe1026-a198-475e-b104-1ef436c165d6,CIB,Banking,1,2026-05-26,الإصدار الجديد لايعمل ...قسم التطوير والمشاكل الفنية مصمم ان التطبيق يعمل ....مع ان مراجعات كتير من ٢٠ /٥ /٢٠٢٦ تؤكد انه لايعمل ....ولكن البنك بسد اذانه عن الشكوى,Negative
903ab278-5f9d-4665-b678-ec222ce5efd9,CIB,Banking,5,2026-05-26,تطبيق مميز,Positive
c9691c4c-6788-45d7-9236-925a3564c6d4,CIB,Banking,1,2026-05-26,لايعمل,Negative
84a641fd-af60-4624-a43a-cece3c74601b,CIB,Banking,1,2026-05-26,التطبيق بطيء جدا ومش بيفتح بسهولة,Negative
bf2b6a17-8b0f-45b9-9983-343c63732cc4,CIB,Banking,5,2026-05-25,مبقاش يفتح تاني مش عارف استعلم عن اي حاجة,Positive
8b6b2262-d9bf-4e53-8289-4e876abdfa21,CIB,Banking,5,2026-05-25,البنك التجاري الدولي ممتاز في تعامله و أسلوبه الرائع و لكن مطلوب زىادة ماكينات الصراف الالي أكثر من ذلك ذلك,Positive
5b440132-1d2c-40d3-bda9-e010b1d9d224,CIB,Banking,1,2026-05-25,مبقاش التطبيق يفتح ولا يجيب علامه اللوجو لcib ومتحدث اخر اصدار ؟,Negative
c1852255-3f95-49a4-b7ef-6338c4c57489,CIB,Banking,1,2026-05-25,التطبيق كان كويس ايه اللي حصله مش بيفتح خالص بيدى شاشة بيضاء و مش بيفتح,Negative
65f52635-4abd-482c-9c1a-3e89b1819a32,CIB,Banking,2,2026-05-25,الابلكيشن مش شغال من ساعت التحديث الأخير مايفتحش خالص مسحته ونزلته أكثر من مره,Negative
28e8281b-59d4-4077-9457-3c7e0785cc50,CIB,Banking,1,2026-05-25,دلوقتى كل إما أعمل تحويل اكتب رقم OTP يقولى غلط جربت كتير نفس الشئ,Negative
13e26a44-ca71-42eb-a1e7-5785477b4612,CIB,Banking,1,2026-05-25,تطبيق سئ جدا ومش عايز يفتح معايا خالص,Negative
9ecba459-9218-4cc0-9c6c-a3af6db92991,CIB,Banking,5,2026-05-25,ممتاذ,Positive
57665753-025f-44e4-a586-d8b3c5f79b20,CIB,Banking,5,2026-05-25,ممتازة,Positive
92fe1e59-36ef-42b8-afc8-7e23fe17b389,CIB,Banking,1,2026-05-25,البرنامج بقي صعب جدا اكتر من اسبوع عمال يهنج معايا ومايفتحش وكلمت خدمه العملاء قالولي امسح التطبيق وحمله ومافيش فايده كل ما افتحه واجي اكتب كلمه المرور يدخلني على جوجل كروم مش فاهم إزاي,Negative
95b0d73d-9160-49fe-bb59-c7e066334cbd,CIB,Banking,1,2026-05-25,التطبيق محتاج تحديث بيفتح بصعوبة,Negative
f58ab297-3a4c-4282-b2e1-677d0e8ce20d,CIB,Banking,1,2026-05-25,البرنامج من امبارح معلق مش عارف ليه بصراحه برنامج سئ جدا,Negative
acda0998-75de-45c0-b263-23fb5d22256c,CIB,Banking,1,2026-05-25,لايعمل برجاء سرعة حل المشكله,Negative
88094ec3-7bc0-4de6-93cc-87946dfefd9e,CIB,Banking,3,2026-05-25,هو الابلكيشن فيه مشكلة !؟ بقاله فترة مش بيفتح,Neutral
ebf260f4-e9ad-4838-841a-6ff5d940568f,CIB,Banking,1,2026-05-25,بيعلق كتير ومش بيفتح عندى فى الموبايل,Negative
2dc2b278-7295-4b53-9742-6f0c2f63727f,CIB,Banking,1,2026-05-25,سيئ جدا ومره يفتح و٥٠ لا حاجه تقرف,Negative
5246fbb6-3614-414d-ba76-dd76a2197b1c,CIB,Banking,1,2026-05-25,تطبيق سئ للغاية وبطئ جداااا,Negative
15ced3ce-0ac2-4572-a6bd-30b75f8e01d5,CIB,Banking,4,2026-05-25,good,Positive
578b0476-623a-4706-b767-754915dd9c69,CIB,Banking,1,2026-05-25,البرنامج بعد التحديث مش عايز يفتح,Negative
e8915ba6-e78a-4a12-af56-ab816464b2be,CIB,Banking,5,2026-05-25,انا عميل البنك من ١٥ سنه تقريبا ومن أكثر داعمين له لكن في الفترة الاخيره بقي في مشاكل كثير زي ماكينات الصرف اللي ديما مش متغذيه وزي المشكلة القائمة الان معي وهي أن الابلكيشن مش بيفتح وغيرها كتير فياريت إدارة الدعم تشتغل علي الشكاوي دي لأن cib بنك له اسمه اللي عملاءه بيثقوا فيه وشكرا,Positive
97997783-4515-4d79-aad6-f721799c94bd,CIB,Banking,5,2026-05-25,بنك ممتاز,Positive
c9d1411e-4235-4d29-896e-8ebcbdb60f7a,CIB,Banking,5,2026-05-25,😍,Positive
cb4814aa-a839-4a16-b7e2-796d546f6c61,CIB,Banking,3,2026-05-25,بيعلق كتير جدا,Neutral
f8b8627c-bc3f-4dcd-b6e4-dabaa5be5c97,CIB,Banking,1,2026-05-25,التحديث الجديد زفت البرنامج مش بيفتح خالص,Negative
61e9ed23-fe84-4582-8f96-35323e9911ef,CIB,Banking,1,2026-05-25,تطبيق سئ سئ سئ,Negative
121d98d3-28c4-4759-a61c-2f55d0465806,CIB,Banking,1,2026-05-25,من الواضح إن التطبيق في مشكله ومش بيفتح عندي منذ كام يوم وأرجو إصلاح المشكلة,Negative
bde0d034-3586-41e5-b57e-b610a9c4877e,CIB,Banking,1,2026-05-25,تطبيق سئ جدا وكل ردودكم على التعليقات بتوضح تدني المستوى تطبيق تقيل جداااااا ودايما في أعطال أثناء إستخدامه وكالعادة حتردوا ابعت رقم الموبايل بدلاً من حل مشاكلكم .. فشلللللل,Negative
ff2749ec-af3e-44a9-b186-a9e88823eb3d,CIB,Banking,5,2026-05-25,إن شاء الله ممتازه,Positive
4409f6b6-33fb-43fe-b117-f41cd853d6e4,CIB,Banking,1,2026-05-24,اسوء تطبيق ف الدنيا,Negative
50b57b09-bae3-4387-b942-9c8d68fc0e11,CIB,Banking,1,2026-05-24,هل هناك مشكلة بالتطبيق التطبيق لا يعمل,Negative
48efe3da-a250-44db-a14f-2dcb15f58ddb,CIB,Banking,1,2026-05-24,اسوأ تطبيق مفيش كدة بجد تضيع وقت علي الفاضي كل ما اجي اسجل يقولي خطا بحاول بقالي كتير مفيش فايدة بجد تجربة من اسوأ التجارب,Negative
3373c119-c6a2-4827-8585-a3bddb0b3ccd,CIB,Banking,1,2026-05-24,التطبيق سئ جدا جدا و بيعطل فترات طويلة,Negative
7b93abd5-eec1-431c-b699-1ef5f3c172dd,CIB,Banking,1,2026-05-24,التحديث الاخير زي الزفت التطبيق مش عايز يفتح خالص كل لم افتح التطبيق يجيب شاشة رمادي وميفتحش,Negative
b51476e9-efca-4f32-afec-2b38fc167b03,CIB,Banking,1,2026-05-24,تطبيق سئ جدا بقله اكتر من اسبوع مش راضى يفتح,Negative
0b0eae4e-4025-4150-8ea5-10f254b6e98d,CIB,Banking,1,2026-05-24,التطبيق مش شغال خالص بيدى شاشة بيضاء سئ جداً,Negative
786af4ff-75ff-4069-bd29-56ce95500417,CIB,Banking,5,2026-05-24,لا يعمل من اسبوع,Positive
533f435c-cdbd-446d-8015-6ba455f624b0,CIB,Banking,1,2026-05-24,بعد التحديث مش بيفتح وبيعلق ولو فتحت يقولك خطا تحديث زاى الزافت,Negative
3bbe06cb-fcf7-4f00-a1b7-c5797ded5c62,CIB,Banking,5,2026-05-24,لايفتح,Positive
0e0b7c89-b1a4-455c-a70b-fb3cf76f19ec,CIB,Banking,5,2026-05-24,جميل,Positive
5b820a7b-3d61-4123-a645-b5fcf640d0a8,CIB,Banking,5,2026-05-24,أقوى وأفضل بنك وخدمه عملاء وأفضل برنامج,Positive
ba575f0a-8bdb-49c1-9229-17e222ab1c86,CIB,Banking,1,2026-05-24,حقيقي بقي سي جدا وبطي وأوقات ميفتحشويقفل من نفسه,Negative
40391146-5d78-4a65-8d32-5e538ec7b31b,CIB,Banking,1,2026-05-24,"الابليكشن لايفتح نهائيا"" انهارده؟؟؟",Negative
6a98457a-418b-4053-be17-dcd3bf568179,CIB,Banking,1,2026-05-24,تطبيق زفت بصراحه مش راضى يفتح ليه شهر,Negative
f090f8e8-1bbd-4962-9415-021e26aa508b,CIB,Banking,1,2026-05-24,بعد ما كان احسن تطبيق بنك ف مصر بيعاقبنا و مش بيفتح اصلا,Negative
4fb2952a-28d4-488b-b7f3-9f6ea1cb3486,CIB,Banking,1,2026-05-24,يرجي حل المشكله التطبيق مش راضي يفتح نهائي او عمل تحديث غير الجديد السء جدا دا,Negative
7953c1b2-1d21-4ce7-abe7-f9ba07df37c7,CIB,Banking,1,2026-05-24,التطبيق الان سئ تيجى تفتحه يديك الشاشه بيضه باستمرار,Negative
2014bce2-f377-49b9-a8fb-6f815addae00,CIB,Banking,1,2026-05-24,لم يعد يعمل,Negative
d1535396-bb00-4e5f-a37b-2bccff0fc95d,CIB,Banking,2,2026-05-24,ليه ما يفتح 🔓,Negative
2b99c82d-74b5-46c2-b5e0-f9841f20b7fa,CIB,Banking,1,2026-05-24,لا يعمل صفحة بيضاء دون تحميل,Negative
51ba2e9c-eea8-41d2-a61c-70a54e6cf7c6,CIB,Banking,4,2026-05-24,التطبيق واقف مش شغال,Positive
41c9a33e-a8e3-45f2-8082-5c75c150b2da,CIB,Banking,1,2026-05-24,التطبيق بقالو مدة مش بيفتح,Negative
32c58425-68f2-41fe-b50d-8f881782d9e4,CIB,Banking,1,2026-05-23,التطبيق بمجرد فتحه شاشه سوداء فقط برجاء الافادة,Negative
eb16a634-534c-47e8-aabd-2ed82dbe27ec,CIB,Banking,1,2026-05-23,بعد التحديث الاخير البرنامج لا يعمل,Negative
245aa6af-bf63-4572-82c4-07b6df850943,CIB,Banking,1,2026-05-23,التطبيق لا يفتح ويعطي شاشه بيضاء,Negative
150a417e-0e31-4894-89be-eeb6fe01dc17,CIB,Banking,4,2026-05-23,رائع,Positive
60a1bde6-d67a-4dce-9438-5062174f9bfd,CIB,Banking,1,2026-05-23,انا كل ما اجي اسجل دخول يظهر لي خطا ف البيانات ومش عارف اسجل مع العلم البيانات صحيحة,Negative
aa8db7f2-a8e6-457b-b9b8-0e8c3b327c7f,CIB,Banking,1,2026-05-23,مش راضى يفتح خالص سيئ جدا,Negative
1a464d97-e98f-445a-b488-65ff6d157472,CIB,Banking,5,2026-05-23,جيد جدا ف المعلومات,Positive
1a431aba-0257-4798-8e93-b4744473ad6e,CIB,Banking,1,2026-05-23,التطبيق سىء جدا بعد التحديث الاخير,Negative
7b92d13b-2623-4136-ad0f-ee028b8c3a3e,CIB,Banking,1,2026-05-23,التطبيق كان شغال معايا كويس.. وفجأه بدا ميفتحش. بعد فتح التطبيق بستخدام البصمه بيظهر لي صفحة الولاء ... حدث خطأ لا يمكن عرض اشعاراتك في الوقت الحالي... اعمل ايه ممكن مساعده,Negative
07b992bc-fc62-4ff7-8af7-de9451b7590a,CIB,Banking,1,2026-05-23,لايفتح,Negative
e89cceae-aac8-4683-ad17-55559f8ae3d9,CIB,Banking,1,2026-05-23,من يوم ٢٠/ ٥ مش راضي يفتح مش فاهمه ليه وحدثته لما طلبو تحديث,Negative
ab2b20f7-09db-4b50-b3e2-41bde60ccd80,CIB,Banking,1,2026-05-23,تطبيق زي الزفت ساعه عشان يفتح وتحديث محدش فاهم منه حاجه,Negative
2664519a-427e-440f-b681-83c9072d857f,CIB,Banking,1,2026-05-23,الابليكيشن مش شغال بقاله فتره مش عارف السبب ايه واوقات بيفتح ومش بيجيب كل الداتا كان شغال كويس قبل كده,Negative
2ad6ef6e-1a7b-4d16-89f4-c3e957739cef,CIB,Banking,1,2026-05-23,التطبيق مش بيفتح بسهوله بقاله فتره,Negative
9e5366db-9424-46ef-a540-fcdfa12484c9,CIB,Banking,1,2026-05-23,التطبيق بعد التحديث الاخير أصبح به أخطاء كتيره اولا ظهور صفحه بيضاء عند فتح التطبيق ولا يتم فتحه ومره يفتح و10مرات لا ولما بيفتح لتظهر رساله وجود خطأ وأصبح التعامل مع التطبيق تجربه سيئه جدا برجاء حل هذه المشكله لان كل التعاملات بيتم من خلا التطبيق,Negative
de3e9d11-6904-4626-9a09-e4b09e35c3c0,CIB,Banking,1,2026-05-23,مش بيفتح,Negative
0282206d-c44b-46ef-a794-3f8a1414bd78,CIB,Banking,1,2026-05-23,التطبيق بقي سئ جدا مبيفتحش ولو فتح مفيش بيانات,Negative
c8c0a3c6-bb0e-4789-a19f-bb09c0695a1b,CIB,Banking,1,2026-05-22,تجربة سيئة علشان ال app مش بيفتح بعد ما تم تحديثه,Negative
27943170-67b6-405e-9f0f-94421f64bbdf,CIB,Banking,4,2026-05-22,الابلكيشن بيظهر دلوقتي شاشه سوداء فقط ومش بيفتح,Positive
03cdfa73-4339-4e9f-a0d0-aee129f657ed,CIB,Banking,1,2026-05-22,انا كل ما افتح التطبيق بيدخلني على موقع وبيخرج من التطبيق ومش عارف اعمل ايه اكثر من مره مسحته وثبته من اول وجديد برده بيعمل كده,Negative
b51fb197-64ef-4816-9c1f-d6bbdc619e4f,CIB,Banking,1,2026-05-22,البرنامج سئ جدا بقاله فتره مش بيفتح بيدي شاشه سودا ومبيفتحش ولو فتح بيقول خطأ في البينات,Negative
f0003535-fc16-4cf5-8d7d-57a43438d2fe,CIB,Banking,1,2026-05-22,لا يعمل الان منذ اسبوع وكان بطيئ للغاية,Negative
7b2e3b00-d869-4dba-9645-a0e56f6c095f,CIB,Banking,5,2026-05-22,انا مع الاسف خارج مصر والتطبيق كان بيفتح عادي ولكن منذ الامس يعطيني صفحه بيضاء ومابيفتح ومعنديش وسيلة تواصل مع خدمة العملاء ايه الحل شكرا جذيلا تم حل المشكله بعد تواصل حضراتكم عندي بالايميل ولكم جذيل الشكر والتقدير,Positive
bd0aa9e7-2a57-42c1-bc83-99ce7840882c,CIB,Banking,1,2026-05-22,بقي في مشكله في الفتح مبقاش يفتح وبيعلق,Negative
00f5d122-a80c-4518-a59d-5f7d7cd1ce3c,CIB,Banking,2,2026-05-22,في مشكله في التطبيق .مش بيفتح من يومين .ولو فتح مفيش بيانات,Negative
ad389384-757a-40f4-a0ed-9039da880c73,CIB,Banking,1,2026-05-22,تطبيق مهم جدا ولكن الفترة الاخيرة مش بيفتح رغم عمل اكثر من تحديث ولكن فيه مشكله فالتطبيق الفترة الاخيرة,Negative
dc0f26f8-cfb2-4719-b73e-4bbb841a7a62,CIB,Banking,1,2026-05-22,بطى فى الفتح وبعد مابيفتح بيقول بعض الخدمات مش متاحه الان وفى صعوبه فى ربط تطبيق cib وotb ببعض مع العلم بأن الرقم المتغير صحيح ارجو تحديث الأخطاء وتعديل صعوبه الفتح واظهار المعلومات,Negative
99649fad-826b-437e-b9c0-21cc18bf2eed,CIB,Banking,1,2026-05-22,التطبيق زى الزفت مش بيفتح خالص من شهر ومسحته ونزلته كذه مره وبرضو زى ما هو وكلمت خدمة العملاء ومحدش بيحل حاجه,Negative
f9026b9a-9ed8-43d9-bcc8-9f6d964a3898,CIB,Banking,1,2026-05-22,"app has a lot of technical issues, the balance didn't appear on the app.",Negative
d03e9a05-8ac8-4bbd-846e-75953ce305e5,CIB,Banking,1,2026-05-22,مشكله مستمره التطبيق مش عايز يفتح,Negative
62cccd8b-776d-4a3a-b392-c5e39155182e,CIB,Banking,3,2026-05-22,التطبيق لا يعمل بعد اخر تحديث,Neutral
b03119e2-502f-4e30-914c-df89a23c9569,CIB,Banking,5,2026-05-22,ممتاز,Positive
5c7d91a0-308a-460f-823a-994979c927f3,CIB,Banking,5,2026-05-22,جميل,Positive
42da399c-b690-4500-aeeb-a81cac4146d1,CIB,Banking,5,2026-05-21,البرنامج معلق عندي من فتره,Positive
22027e05-a3c2-411a-9fa3-49f920f101bb,CIB,Banking,5,2026-05-21,شكرا cib,Positive
4c2cb36f-013e-45ed-a37f-a0f0e11cbbba,CIB,Banking,3,2026-05-21,التطبيق كان شغال كويس وليه يومين رافض يفتح ولما يشتغل يكتب ان يوجد خطأ ويحجب الرصيد,Neutral
428796f9-fe67-4736-a982-3740c6829486,CIB,Banking,1,2026-05-21,تطبيق سيئ جدااا ومش عايز يفتح بقاله فتره كبيره وبيخرج لوحده ارجو اصلاح التطبيق حرام عليكم,Negative
1fde0789-546d-4c09-899f-d614c2223015,CIB,Banking,3,2026-05-21,التطبيق منذ فتره لا يفتح يعطى شاشه بيضاء ويتوقف اريد حل لعمل التطبيق فى اسرع وقت,Neutral
d434e33f-dce9-4198-a046-b32264cba9db,CIB,Banking,1,2026-05-21,تطبيق سيء جدا بياخد وقت علي ما بيفتح وبعد ما بيفتح بيقولك حجب بعض البيانات وبيخرج وانا بعمل المعاملة وبعد المعاملة اللحظية بيقولى المعامله بعدها بيومين مع انى عامل تحويل لحظى عشان المبلغ يسمع في نفس اللحظة,Negative
78684cdf-1363-463f-a36f-8ff4862c5944,CIB,Banking,5,2026-05-21,good,Positive
cd55fef2-d132-4742-a351-7c000bb03310,CIB,Banking,1,2026-05-21,تطبيق أكثر من سىء منذ آخر تحديث له وهو شبه مغلق يفتح نادرا بصعوبه بالغه,Negative
836fa00e-ba55-43e5-b658-bd642bfcd417,CIB,Banking,1,2026-05-20,التطبيق لا يعمل بكفاءة مرة يشتغل 100 ميشتغلش اصدار مش احسن حاجة,Negative
e2ba6069-3510-4461-a963-19d690876b81,CIB,Banking,5,2026-05-20,تطبيق بطيء جدا وما بيفتحش,Positive
308ead77-5456-4e74-aa26-fec3f4592263,CIB,Banking,1,2026-05-20,بعد اخر تحديث اصبح البرنامج سيئ 👎جداً,Negative
1558fba0-ab33-481b-8fff-0a26a5cbe932,CIB,Banking,5,2026-05-20,تم حل المشكلة مع الدعم الفني شكرا لحضرتك,Positive
afbf08b3-c87a-4b67-9e0d-7b31f2e94ced,CIB,Banking,1,2026-05-20,فى مشكلة ف التطبيق ليه فترة مش بيفتح خالص,Negative
b91d3a00-102e-441a-a9d5-fb21cc79da5f,CIB,Banking,1,2026-05-20,تطبيق سئ جدا تفعيل البطاقات يوجد به مشاكل في العموم سئ,Negative
6bacadca-83af-44d4-91c5-768713424fad,CIB,Banking,2,2026-05-20,سئ جدا,Negative
839ea92c-8cc7-4088-bdfa-8ab6d4461d99,CIB,Banking,1,2026-05-20,الابلكيشن مقرف جدااااااا,Negative
0fc28035-f970-470b-a5ef-4cd4f59c578c,CIB,Banking,1,2026-05-20,التطبيق لا يعمل,Negative
96b3ed43-c5cd-4e06-bbe9-a1a60d8108ab,CIB,Banking,1,2026-05-20,سئ للغاية,Negative
3326526e-e9c7-4a0f-a5f6-69b35de6eda4,CIB,Banking,2,2026-05-20,التطبيق لا يفتح نهائي وبعد اخر تحديث أصبح سئ جدا,Negative
f184e7d0-7806-42aa-8062-68528b199c15,CIB,Banking,1,2026-05-20,هل التطبيق به مشاكل هذه الايام من حوالى ٥ايام لا يفتح التطبيق الا ٧لى شاشه بيضاء او سوداء فقط,Negative
564cdd37-5326-4126-b3a2-6efeb379171e,CIB,Banking,5,2026-05-20,تمام,Positive
173fe45f-e34c-4ec1-8b92-f81bdd41b097,CIB,Banking,1,2026-05-20,الابلكيشن مش بيفتح نهائي وبيجيب شاشة سوداء ولو فتح مش بيجيب اي بيانات داخل الابلكيشن,Negative
4af21895-320a-4763-b2bf-d3b3dea2ce7a,CIB,Banking,5,2026-05-20,جيد جدا,Positive
093b700e-f0d3-4ad9-b199-5ffb2487821b,CIB,Banking,1,2026-05-20,سئ جدا مش عايز يفتح كده فجأه,Negative
c7f83be1-e226-4712-8720-295d9c0d18b3,CIB,Banking,5,2026-05-20,ممتاز,Positive
922335af-5501-40dd-9d1f-aa0f54c7d9d9,CIB,Banking,5,2026-05-20,التطبيق بعد التحديث اصبح سئ جدا مش عايز يفتح شكرا تم حل المشكلة,Positive
e818dcf3-fcef-42ad-bfc6-9f3be53d53e2,CIB,Banking,5,2026-05-20,رائع,Positive
742cfaf3-c5f1-4a4d-81b8-e5f21408c138,CIB,Banking,1,2026-05-20,من بعد اخر تحديث فى ١١ مايو التطبيق سئ للغاية,Negative
c64572fe-cfb1-4321-bedb-0dd35cb5123e,CIB,Banking,5,2026-05-20,تم تواصل موظفة من خدمة العملاء معي هاتفياً، واتباع الخطوات خطوة بخطوة حتى اتمام تفعيل (الرقم السري المتغير OTP)، وتم التفعيل عن طريق فتح الحساب على الموقع الرسمي للبنك على الكمبيوتر ، ثم اتباع خطوات التفعيل على الهاتف الذكي، شكراً لكم جميعاً بنك CIB على اهتمامكم وحل المشاكل ❤️,Positive
724c1669-6443-4a52-8116-a700a02bd402,CIB,Banking,1,2026-05-19,البرنامج فيه مشكله عند الفتح بعد التحديث الجديد برجاء الدعم,Negative
93ce9ff7-9772-413c-9b56-9a7bc2ad4be0,CIB,Banking,1,2026-05-19,البرنامج مش بيفتح مش عارف السبب,Negative
da7943ce-ef46-44e0-b212-89c4946fc0b1,CIB,Banking,1,2026-05-19,شوفوا حل للتطبيق بقى سئ جدا,Negative
365883cf-25db-4972-bf9a-203958d931af,CIB,Banking,1,2026-05-19,سيئة جدا التطبيق مش بيفتح أصلا،مهما حاولت في اوقات متفاوتة... للاسف,Negative
ec187663-9767-4dad-8f3b-2a924efec8e2,CIB,Banking,2,2026-05-19,التطبيق جايب شاشه سوداء وانا خارج مصر وعايز أحول ضروري جدا,Negative
5e4436bd-04d6-4a2b-8702-61002587c5fd,CIB,Banking,4,2026-05-19,ممتازة,Positive
1f99cbf8-79aa-4451-b27a-5178582a0c42,CIB,Banking,5,2026-05-19,تجربه ممتازه,Positive
22e01698-250b-4014-a788-5a93b24ea5dc,CIB,Banking,1,2026-05-19,التطبيق لايعمل,Negative
ba34a45c-e63f-41b6-a8e2-01a7dc40da18,CIB,Banking,1,2026-05-19,التطبيق سئ في بعض الأوقات ولايتم فتح التطبيق وهو الآن لم يتم التحميل ويسجل خروج,Negative
59abe399-553a-4ba8-96f0-f40c211b0ac4,CIB,Banking,1,2026-05-19,التطبيق لا يعمل يعطى شاشة بيضاء ببليفcibالى تردى كبير بقاله فترة,Negative
f4c75827-f776-48d8-afde-ac642b8d508d,CIB,Banking,2,2026-05-19,تطبيق شوية شغال وشويه مش شغال ايه الحل,Negative
8244abfa-b871-40a8-8cee-0ee2fccf6cbc,CIB,Banking,1,2026-05-19,لا يعمل سئ جدا بعد التحديث الجديد أرجو حل المشكلة ضرووووري؟؟؟؟؟؟؟؟؟؟؟؟؟؟،،,Negative
bed32247-2d0f-474e-9190-a8701ac4a764,CIB,Banking,1,2026-05-19,مش عارف أدخل عليه من الأساس,Negative
701efe9b-8033-4d73-a0ad-c46b8d92c0cc,CIB,Banking,1,2026-05-19,زى الزفت زى الزفت,Negative
b85166a9-7e06-4680-9f02-390f42e4c4fa,CIB,Banking,5,2026-05-19,التطبيق غير فعال وولا يوجد تحديث من يوم ١٠/٥/٢٠٢٦,Positive
8cca7abc-ba49-451c-a5f6-978e8b556097,CIB,Banking,1,2026-05-19,تجربه سيئة جدا جدا الابلكيشن بعد التعديل بطي ومش راضي يفتح وغير سهل في التعامل,Negative
40d73c03-51f6-4cc7-925a-6862758f198d,CIB,Banking,1,2026-05-19,التطبيق بيفتح بالعافيه واحيانا كتير ما بيفتحشي,Negative
2db4ff1b-8581-46d0-ab5f-cb3b3bfa9a4b,CIB,Banking,5,2026-05-19,التطبيق من امبارح مش فاتح وجايب شاشه بيضاء وعلي طول تقيل,Positive
0ba02ff5-e100-4c2c-b44d-92e2b51e1633,CIB,Banking,5,2026-05-19,ممتاز,Positive
34853ac1-ad96-4b92-b8e5-d0a671e89ece,CIB,Banking,4,2026-05-19,التطبيق لا يفتح بعد التحديث الجديد بيظهر شاشة رصاصي ولا يسجل دخول,Positive
b4a9d531-d414-429e-93a8-317d30cf732c,CIB,Banking,5,2026-05-19,ممتاز -- ليه البرنامج مش عايز يفتح,Positive
ec835bea-6f50-4142-82e2-0585526e580d,CIB,Banking,1,2026-05-19,لا يعمل التطبيق وبيعمل شاشة بيضاء أكثر من 3اسبيع بقي سي جدا جدا جدا ارجو اعرف ايه سبب المشكلة,Negative
185e7150-40f6-4b81-ab68-ed8f4f8f62f7,CIB,Banking,1,2026-05-19,مرة بيشتغل وكتير لاة بيعلق,Negative
104e63e8-c184-4f04-aaf4-2db1eabf42ea,CIB,Banking,1,2026-05-19,التطبيق مابيفتحش نهائي بعد التحديث,Negative
c2e6a4da-40b6-492d-9f4b-34df52f76243,CIB,Banking,1,2026-05-19,بعد اخر تحديث البرنامج مايعمل,Negative
79315f06-29e5-46dc-9881-9a6049c86849,CIB,Banking,5,2026-05-18,ممتاز,Positive
80a9d0d9-b72f-4284-9924-470e56d7adc2,CIB,Banking,1,2026-05-18,تطبيق بطيء جدا يأخذ وقت كبيييييير جدا للفتح دا ان فتح اصلا الرجاء العمل عل حل المشكلة,Negative
7b456dec-7962-4167-add4-bc835ed34877,CIB,Banking,1,2026-05-18,التطبيق بقي مش بيفتح سئ للغايه,Negative
dd87c3e1-0700-49c6-9663-ac708c67e5f3,CIB,Banking,2,2026-05-18,يوجد مشكلة بلتطبيق منذ اخر تحديث يستغرق وقت طويل اثناء الفتح وعند الفتح لا يعمل ولا يمكن تعامل بيه ف اي شئ,Negative
6868784c-d651-4e46-a235-9fc5a6041faa,CIB,Banking,1,2026-05-18,اسوء تطبيق شفته في حياتي,Negative
72afa6f1-2d05-49d6-bdaf-7ca437c06f5d,CIB,Banking,1,2026-05-18,طبيق سئ جدا 1000 مره عشان افتح كل شويه يدخل علي شاشه سوداء ومعطل كل شغلى..مسحت كاش مؤقت وبرده لسا مش بيفتح,Negative
cf4166db-ed15-4a3c-8474-5c68fbcd245c,CIB,Banking,1,2026-05-18,ما بيفتح خالص ارجو الاهتمام,Negative
03556800-a64b-4760-94fc-031ab9cbede9,CIB,Banking,5,2026-05-18,جميل,Positive
782980e9-06a8-403f-aaab-b9c398b83eda,CIB,Banking,1,2026-05-18,البرنامج مش عايز يشتغل من 5 أيام,Negative
4cd0e33a-d6c7-4940-833e-f9f9c46737fa,CIB,Banking,1,2026-05-18,تطبيق سيئ للغايه بعد التحديث الاخير,Negative
8b327fc7-97c8-42c3-bbc2-70c1ae7ae788,CIB,Banking,1,2026-05-18,التطبيق سئ جدا وبطي جدا ولم يتم الفتح بشكل سئ بيشتغل مره وعشره لا,Negative
6ea0dccd-d087-4b14-a34c-19b89a10cc99,CIB,Banking,1,2026-05-18,البرنامج مش بيعمل تسجيل دخول بيفضل معلق,Negative
5412c2d3-5bcf-479a-83ad-c9ff47e4a2cf,CIB,Banking,1,2026-05-18,التطبيق بيهنج حتي ف انك تعمل حساب جديد مش فاهم اي المشكله بيقولي البيانات خطأ واراجعها كل حاجه تمم سئ اوي بجد,Negative
0244fbc7-0b28-4f17-ac31-c24e28833519,CIB,Banking,1,2026-05-18,برنامج بطئ,Negative
99f8605e-aed9-42bb-86b5-42f490350615,CIB,Banking,1,2026-05-18,الابلكيشن مش شغال وبيدي دايما شاشه بيضاء ومش بيدخلني على حاجه ومش راضي يفتح,Negative
a6f507fc-91ea-422a-a6d0-3db344a9d561,CIB,Banking,1,2026-05-18,برنامج سيء جدا حاولت اكثر من مره اسجل ويقول البيانات غير صحيحه برجاء الرد من البنك والمساعده,Negative
acc137d0-fbc5-4336-a287-85b17f1a5d08,CIB,Banking,1,2026-05-17,التطبيق اصبح سيئ .. وبيفضل معلق .. فترة طويلة ومبقاش بيفتح,Negative
258453c8-c8a6-4aba-8599-b1a409578300,CIB,Banking,1,2026-05-17,التطبيق سي جدا بطئ مش بيحمل,Negative
3be4645d-fba1-4fd4-a853-cc1c08a5d682,CIB,Banking,3,2026-05-17,بيعلق و يهنج كتير بالرغم من التحديث المستمر و خاصه في التحويلات الدوليه,Neutral
994e0d45-7d0b-4195-9f6b-51b1ef8d09bd,CIB,Banking,1,2026-05-17,يوجد مشكله في تسجيل الدخول بعد التحديث,Negative
58fe5ca9-b74b-4a75-a875-0a427d7322fd,CIB,Banking,1,2026-05-17,الابلكيشن بقاله كذا اسبوع مش بيشتغل معايا غير مره اه و 10 لا ومش عارف استفيد من خدماته خالص,Negative
d8b22dcd-67a8-4c51-a86a-5daa7f208259,CIB,Banking,1,2026-05-17,التطبيق مش شغال و مسحته وحملته تاني من غير فايده وكلمت خدمة العملاء اكتر من مره من غير حل او نتيجه طلبوا ابعت ايميل بصوره من المشكله ف التطبيق و بردو محدش رد او تواصل معايا,Negative
c034b14d-8806-4b39-af29-208163fd90eb,CIB,Banking,5,2026-05-16,جيده جدا,Positive
cb66b0ca-d6f5-4a24-a4ba-9e7d94bf9d3e,CIB,Banking,1,2026-05-16,مش شغال,Negative
9b3462ff-ee9a-495a-b0d8-be5459375ded,CIB,Banking,1,2026-05-16,التطبيق منذ شهر أو أكثر سئ جدا لدرجة أنه ما بيفتح أصلا,Negative
2433ffe7-40c8-4c4a-9bea-cf642aba1000,CIB,Banking,1,2026-05-16,تطبيق سيئ بياخد وقت كتير على مايفتح وخصوصاً لما اكون برة مصر وخلفية سوداء والتطبيق لايعمل والله حرام بنك زي دة مش عارف يعمل تطبيق كويس,Negative
6df2fd24-cd71-4ab6-bc40-801d337f0968,CIB,Banking,1,2026-05-16,اقسم بالله العظيم اكبر غلطة في حياتي ان لياحساب في البنك ده .الابلكيشن مش عايز يفتح ليا 5شهور والله واكتر بحاول فيه حاجة مقرفة .كأنهم عاملينه عشان يكرهونا في البنك ده .اناهقفل الحساب والله .كده كده الفيزا باقيله كام شهر وتخلص والسلامة .هي ناقصة ملل وقرف.ولاخدمة عملا نافعة ولازفت.وخسارة النجمة والله فيه,Negative
c018fb6c-f369-4454-aaf2-1e54101c5603,CIB,Banking,1,2026-05-15,كان كويس لحد من قريب دلوقتي بقي سيئ جدا ومش بيفتح اغلبيه الوقت,Negative
a167f060-d82f-4ba5-bcda-60c3ef8e1a67,CIB,Banking,1,2026-05-15,اسوء تطبيق لبنك خاص ... كنا نعتقد انه من الممكن اعاده التعامل مع البنك مره اخري بعد انقطاع سنوات ولكن حتى مجرد التسجيل فى التطبيق امر مستحيل ولا انصح احد به ابدا,Negative
9585cc17-9311-40ba-9895-ed2ea40f950b,CIB,Banking,1,2026-05-14,مش عايز يسجل,Negative
b9deff3b-c1b9-4a1a-aa01-a24a56fe10f5,CIB,Banking,1,2026-05-14,التطبيق بعد التحديث أصبح سئ جدا جدا جدا وتقيل ومش بيفتح,Negative
afdae05d-1070-4c1c-a2eb-5eab7c7b63d8,CIB,Banking,5,2026-05-14,تطبيق سيء للغايه ومعقد في تسجيل الحساب,Positive
d0f3f745-da24-4a7b-b643-becfcbaf35e0,CIB,Banking,1,2026-05-14,أسو تجربة بنكية في حياتي كلها من خدمة العملاء وعمولات مستخبيه وعدم مصداقية في التعامل خاصة في القروض الكريدت,Negative
f1d759fb-d662-43e3-beaf-9541ed682b4e,CIB,Banking,5,2026-05-14,تم حل المشكلة بعد مسح جميع البينات على البرنامج,Positive
13d21b1c-7bfd-4d1c-8051-e3f60eecf8c5,CIB,Banking,1,2026-05-14,التطبيق بقي سئ جدا جدا جدا مش بيفتح خالص بعد التحديث,Negative
ffe5374d-d1a1-48a1-824b-aaa9b2cc5a00,CIB,Banking,1,2026-05-14,التطبيق مش شغال خالص مش بيفتح اصلا,Negative
b2f86d72-ac46-433b-99ab-13a45452493a,CIB,Banking,1,2026-05-14,سي مش عايز يفتح نهائي,Negative
8c51acea-bd17-49ad-bb9b-3c3d39d41380,CIB,Banking,1,2026-05-13,أسوء تطبيق واسوء بنك خدمة عملاء في غايه السوء وفي الاخر ولو ليك حاجه اقعد تلف في دايره ما بين الفرع وخدمة العملاء ولو مفيش حلول يباصوك للبنك المركزي علشان ما توجعش دماغهم,Negative
6eccb42d-c160-4a67-aedd-5bd05401b8c6,CIB,Banking,1,2026-05-13,التطبيق أصبح سئ جدا ومش بيفتح بقالوا 3 أسابيع,Negative
c9b099b9-307c-426d-a1b9-eb0a6843984a,CIB,Banking,1,2026-05-13,تقريبا ده 3 اسبوع التطبيق سي جدا جدا جدا جدا,Negative
8102e6b2-b35f-4580-9d62-ef95e9892409,CIB,Banking,1,2026-05-13,مشكلة التطبيق مع تطبيق cib otp token أحياناً يحصل خطأ و يقول رمز متغير خطأ مع انه صحيح و صعوبة ربط التطبيقين ببعض مع ان هذه العملية في البنوك الاخري اسهل,Negative
99b31f9a-4731-4bef-b767-701b7f3a8d96,CIB,Banking,1,2026-05-13,التطبيق مش بيفتح الا بصعوبة ولما يفتح مش بيعرض حاجة مفيدة ويكتب رسالة ان فيه خطأ حاول مرة أخرى.. وهكذا,Negative
cbcc7256-5137-492c-a643-2314fd4b47c9,CIB,Banking,1,2026-05-13,بقالى يومين مش عارف افتح البرنامج,Negative
8be880fa-fccb-4378-bfed-d4443d9bb7d6,CIB,Banking,1,2026-05-13,سئ جدا ومش بيجيب المعاملات من تاريخ شهر مارس وخدمه العملاء مش بتحل المشكله,Negative
b8ef5cd8-7727-446b-b8d9-ffc271e93ee6,CIB,Banking,1,2026-05-13,التطبيق كان جيد جدا. بعد آخر تحديث بقي سي وبيفتخ بعد عده محاولات. رجاء اصلاحه نظرا لسمعت البنك بما يتمتع من سمعه طيبه. شكرأ,Negative
aac260a7-409c-4197-8972-1789b77a1be3,CIB,Banking,1,2026-05-13,التطبيق بقالوا شهر تقريبا مش بيفتح ولو فتح بياخد وقت ويفتح برنامج النقاط فقط لابد من التحديث,Negative
13cba832-1da8-4b45-ade2-6a115be33732,CIB,Banking,1,2026-05-13,الابلكيشن مش شغال من حوالى ثلاثة أسابيع بنحتاجه مش كده يا جماعة ده انتم بنك كبير يعنى تمام الابلكيشن اشتغل اشكركم على المساعدة,Negative
3bfb1573-2b4d-43b6-9533-3ab6fbf689d4,CIB,Banking,1,2026-05-13,مشكورين تم واشتغل كويس جدا شكرا جزيلا للمتابعه,Negative
d3f3395e-5f41-4bf3-aaf7-406d722ca11d,CIB,Banking,1,2026-05-13,تطبيق فاشل ما بيفتح منذ فترة طويلة يعطي شاشه بيضاء,Negative
a1635318-1c7b-4189-a19c-5bfeb067abc6,CIB,Banking,5,2026-05-13,بنك محترم ثقه,Positive
3bd939bf-02d9-4802-a111-928abd9d9096,CIB,Banking,1,2026-05-12,التطيبق مبيفتحش نهائي محتاج لو في تحديث يبلغونا بيه,Negative
b3b6e8ad-83f9-4b12-9d63-2345f591f3bd,CIB,Banking,2,2026-05-12,اخر تحديث التطبيق مش بيفتح خالص بيجيب شاشه سوده ارجو حل المشكله انا خارج مصر ومحتاج الابلكيشن ضروري,Negative
52cf56c8-61f1-4236-b896-1a854d8aa8b7,CIB,Banking,1,2026-05-12,التحديث الجديد لايعمل.ويظهر شاشة بيضاء عند فتح البرنامج!,Negative
7525a03f-b036-4e5a-9521-4d5b49915567,CIB,Banking,1,2026-05-12,التطبيق صفحه بيضه مش شغال !,Negative
d0bdd0af-fc02-44bc-a9ae-3d0c8cad7e5d,CIB,Banking,1,2026-05-12,بطئ ومهنج ومش بيفتح بسرعه,Negative
2eb85ee2-fd51-491d-9279-dbfafb1124cb,CIB,Banking,1,2026-05-12,مش بيفتح,Negative
98cc50f2-18b1-45f5-b918-6fbd317fcadd,CIB,Banking,1,2026-05-12,التطبيق مبيفتحش من اكتر من اسبوعين ياريت نشوف حل,Negative
dcfc74b5-b4ee-44a8-9f65-4ca31e335453,CIB,Banking,5,2026-05-12,جيد جدا,Positive
6e96ef2d-5701-45df-9338-1f8c8d2b98ce,CIB,Banking,5,2026-05-12,التطبيق شغال كويس وسريع فى الفتح ومافيهوش اى مشاكل وكل المشاكل اللى موجوده فى التعليقات مشاكل بسبب ان المستخدم فهمه بسيط فى الامور دى او بيستعملو موبايلات رديئه,Positive
512d063e-f740-49ca-b241-6385a2ee9f8a,CIB,Banking,1,2026-05-12,التأخير فى الفتح,Negative
d9fd9e0d-bb05-4fb5-937a-2189f0db3ba5,CIB,Banking,1,2026-05-11,البرنامج بعد التحديث الاخير لا يعمل,Negative
48b8ad31-fbcd-4de5-b77b-c10bb700bdfe,CIB,Banking,1,2026-05-11,الرجاء اظهار شهادة استثمار,Negative
63b30e80-84eb-42da-acbc-a46541f7ebdb,CIB,Banking,1,2026-05-11,التطبيق بقاله فتره سي جدا بفتحه بيعطي شاشه سودة ومش بيدخلني لشاشه الدخول ولو دخل مش بيظهر اي حاجه ويقول خطا اشعارات ارجوا الاهتمام بتصليح التطبيق,Negative
564c410d-aa1a-4921-ac84-158896dca46a,CIB,Banking,4,2026-05-11,جيد جدا,Positive
23b81e99-5c37-4686-83c3-178af20f2da5,CIB,Banking,1,2026-05-11,تطبيق فاشل، لا يسجل ولو بعد 20 محاولة,Negative
bd0b0854-55b0-4f18-936b-6255170814da,CIB,Banking,5,2026-05-11,تطبيق ممتاز ويمكن اجراء معظم الخدمات البنكية عن طريق التطبيق دون الحاجة للذهاب الى البنك,Positive
042ace48-aa28-4876-aca2-aa4a65c9d898,CIB,Banking,2,2026-05-11,التحديث الاخير البرنامج لا يفتح نهائيا نرجو التعديل,Negative
2d53dc2c-14f2-45db-b42c-7e12bbb7d324,CIB,Banking,1,2026-05-11,التطبيق بيجيب شاشة بيضاء ويقف ومش عايز يفتح، ومسحت التخزين المؤقت ولم تحل المشكلة، واخر تحديث اليوم 11/6/2026,Negative
b932f7ef-53be-477e-befb-65330e9d4944,CIB,Banking,5,2026-05-10,5نجوم,Positive
84aced5e-2426-41d0-8a81-59ae49d0d9fa,CIB,Banking,1,2026-05-10,التطبيق سيء جدا و مش بيفتح و مش عارف اعمل ايه,Negative
cc00a10e-4ebd-4736-8d57-d504cbaf0686,CIB,Banking,1,2026-05-10,لا يعمل,Negative
ca000caf-98b7-4d74-b502-5af8d7cff404,CIB,Banking,1,2026-05-10,سئ جدا جدا جدا بيفتح بعد عشرين مره ومبيجيبش الصفحه الرئيسيه ولا الرصيد حاجه زفت الزفت,Negative
9f6befa2-4427-48a9-b007-832ff42b1148,CIB,Banking,1,2026-05-10,تحديث سيء جداً صعوبة فى الفتح,Negative
c31d2719-546d-40c9-bfd5-8bc785ef4929,CIB,Banking,5,2026-05-10,جيد جدا,Positive
88d314d6-8285-4687-91e0-cc11cd469e36,CIB,Banking,1,2026-05-10,سئ,Negative
29e66f2f-051d-4907-b47d-0e30686fa423,CIB,Banking,3,2026-05-10,مبيفتحش وشاشه بيضه بس,Neutral
6ad23635-376b-4647-8f0e-c3f492d45f7b,CIB,Banking,1,2026-05-10,ابلكيشن سئ جدا جدآ جدآ جدآ ويفتح مره واحده في الاسبوع,Negative
6dff7cfb-ded8-4f78-b7b7-6d30d63f67fb,CIB,Banking,1,2026-05-10,سئ جدا بطيء في الفتح,Negative
6e1ebefc-22ca-4165-a9c9-7f51ef2dc21f,CIB,Banking,1,2026-05-10,بقي سي وبيتح بعد عدة محاولات ولو فتح بيجي خطاء ومفيش بينات ظاهرة,Negative
b2c9c2a0-cee5-4189-a96d-0137d885ae6c,CIB,Banking,1,2026-05-10,سئ جدا و تقريبا مش بيفتح خالص الموضوع صعب بصراحه,Negative
c2b1e1c2-99ae-4041-bfa0-8e3fcd04cedd,CIB,Banking,1,2026-05-09,الابلكيشن مش بيفتح بعد التحديث لية,Negative
71c3830d-3058-4f7e-9636-92606d15471e,CIB,Banking,5,2026-05-09,ضعيف,Positive
dd58be9d-eea8-4d11-85a5-d029ba0a4dec,CIB,Banking,1,2026-05-09,سئ جدا التطبيق رغم أنه متحدث بس مش بيفتح غير بصعوبه كبيره جدآ وبعد أكثر من محاولات كتير,Negative
813b86e7-11e7-4d79-81ff-d411b1403c40,CIB,Banking,1,2026-05-09,بعدالتحديث الأخير ما يفتح,Negative
2697bea8-5621-455c-baef-be6699b27b7b,CIB,Banking,1,2026-05-09,بعد التحديث الجديد البرنامج مش عايز يشتغل حاجة مش مقبوله بنك كبير,Negative
d30bfafe-a0f8-4090-9d07-329dbd980e0a,CIB,Banking,1,2026-05-09,تطبيق سىء جدا بياخد وقت علي ما بيفتح وبعد ما بيفتح بيقولك حجب بعض البيانات وبيخرج وانا بعمل المعاملة وبعد المعاملة اللحظية بيقولى المعامله بعدها بيومين مع انى عامل تحويل لحظى عشان المبلغ يسمع في نفس اللحظة,Negative
c90d870a-2877-4698-ae0f-9d94212ae16b,CIB,Banking,1,2026-05-09,سيئ جدا جدا جدا البرنامج مش بيفتح خالص على طول شاشة بيضاء حالنا واقف نعمل ايه نحول على الاهلى احسن ولا ايه,Negative
09b26212-f03a-4ad9-bee1-4fd7c1d7ded6,CIB,Banking,1,2026-05-09,سئ جدآ لا يفتح اغلب الوقت,Negative
ce14ebc8-cf83-407a-93bc-9d2409f27a5e,CIB,Banking,1,2026-05-09,التطبيق مبيفتحش ليه اسبوعين دلوقتي في حاجة غلط يا ريت تحلوها,Negative
11fe76bb-c149-459b-9d0a-4e748599e834,CIB,Banking,5,2026-05-08,تطبيق سهل التعامل معه بس هناك استفسار الرسائل اللي بترسل علي الموبيل بيكون فيها عروض غير موجوده علي التطبيق اقترح يكون التطبيق شامل حتي محتوي الرسائل لو امكن,Positive
beaa96df-2015-4744-b76a-f8e1738518dd,CIB,Banking,4,2026-05-08,جيدا في الاستخدام,Positive
ae9e9790-749c-41ee-8e6f-6412e93c2285,CIB,Banking,1,2026-05-08,زفت بقالي اسبوعين امسحه وانزله أكتر من مره مش بيفتح غير بظروفها,Negative
65044ca7-e90d-4a8b-bdfa-842179d95802,CIB,Banking,2,2026-05-08,التطبيق لم يتم اكتمال الدخول بيظهر رساله برجاء المحاولة في وقت لاحق,Negative
1981b908-4b98-4db8-b7ae-28062a5661ba,CIB,Banking,1,2026-05-08,تطبيق بقي زي الزفت وكل شوية مش بيفتح وبقي كله مشاكل ولا ليه اي لازمه,Negative
344f31ad-b39b-4acf-9694-cc6af4b9a014,CIB,Banking,1,2026-05-08,التطبيق مش بيفتح غير بعد وقت طويييييل.. وعند الفتح لايظهر بيانات,Negative
e16bb305-a88f-4289-86dd-919d3c5898ea,CIB,Banking,1,2026-05-08,التطبيق بقاله فتره كبيره مش بيفتح وكل ما يفتح يجيب شاشه بيضاء أو يدخل علي شاشه البونص ويقولي في خطأ ف البرنامج,Negative
aab33559-1bd6-4541-87b3-2518873da590,CIB,Banking,1,2026-05-08,سئ جدا بيفتح بعد 10 محاولات ده إذا فتح,Negative
0025f58d-c9f7-438c-b316-46707c016bac,CIB,Banking,5,2026-05-07,شكرا لكم ودائما الي الأفضل,Positive
0d40463f-b67c-4260-8fe2-8fc33c56235f,CIB,Banking,5,2026-05-07,تطبيق رائع,Positive
4e7d129d-8b56-4b7b-8ccb-532bfb0f0909,CIB,Banking,5,2026-05-07,التطبيق مش بيفتح من امس شكرا تم تنفيذ تعليماتكم وتم فتح التطبيق,Positive
b915f6e5-dee1-4d4c-a0fa-401b655976e6,CIB,Banking,5,2026-05-07,ممتاز,Positive
aacb7111-52c4-40f0-b518-34d88012832e,CIB,Banking,1,2026-05-07,كان شغال زي الفل ولكن بقاله اكتر من اسبوعين زي الزفت ومبيفتحش وعملنا التحديث واتشال ونزلناه تاني ومسحت الداتا اكتر من 100 مره وكلمت خدمه العملاء كتير ولا اي حاجه ابديت سيء القائمين عليه المفروض يتحاسبو ولحد الان المشكله متحلتش,Negative
5b21dde8-5d29-4034-b62f-c75bd670fbb0,CIB,Banking,1,2026-05-07,لا يعمل,Negative
99a74661-7a04-4770-81fe-c2e5881645b3,CIB,Banking,1,2026-05-07,سيئ جدا كل تحديث ما يرضاش يشتغل تطبيق سيء جدا جدا جدا جدا جدا جدا,Negative
20f29c0b-ce57-4947-ba7b-352c350a5820,CIB,Banking,1,2026-05-07,التطبيق بقاله اكثر من 15 يوم مبيفتحش,Negative
149e1465-97a0-409d-85be-874e4ff9be48,CIB,Banking,1,2026-05-07,مش راضي يفتح لقاله اسبوعين بتطلع ساسه بيضاء,Negative
a7b84dac-93fa-4cfd-b359-cc97ba4a62f3,CIB,Banking,1,2026-05-07,زفت خالص,Negative
84c77c26-836f-4b36-82d8-8de6d23c37a6,CIB,Banking,1,2026-05-07,التطبيق مش بيفتح,Negative
551e5b1d-b52e-48da-9c5a-b808112e8a66,CIB,Banking,5,2026-05-07,من احسن البنوك,Positive
aba72fda-b911-460c-89cb-bc6d7755931b,CIB,Banking,1,2026-05-07,التطبيق لا يفتح وبيهنج كتير,Negative
6ff3dd30-4b56-4955-ba2b-b0a7adbe8cde,CIB,Banking,5,2026-05-07,تطبيق ممتاز,Positive
8fb0245b-283a-4425-8ae1-ac0c3c361aec,CIB,Banking,5,2026-05-06,ممتةز,Positive
80cbe99c-a83d-4062-abcf-6e0dbd215efb,CIB,Banking,5,2026-05-06,رائع,Positive
b56e7009-eb5f-465b-9460-0159b2b3e6e7,CIB,Banking,1,2026-05-06,التطبيق بقاله اسبوع مش عايز يفتح ومش ظاهر اي حاجه,Negative
3b9631bd-484c-4952-b019-d1230fcbe812,CIB,Banking,1,2026-05-06,تم التحديث والتطبيق لا يعمل,Negative
f02c9434-bb69-404d-b13c-60563ab5b96a,CIB,Banking,5,2026-05-06,لكن يوجد مشكله بالتحديث الاخير,Positive
5a1743bc-6c97-4928-bf49-6f44f5669e5d,CIB,Banking,5,2026-05-06,مساء الخير التطبيق من بعد اخر تحديث لم يعمل,Positive
ad2f8228-7a2c-4176-a19c-af5cfd551739,CIB,Banking,1,2026-05-06,البرنامج مبيفتحش على الموبايل بقاله فتره ومسحته ونزلته تانى برضه مبيفتحش بيدي خلفيه زرقا ويقف على كده,Negative
9fc35f57-806c-4bbd-8391-4d38a8df17b6,CIB,Banking,1,2026-05-06,تم فتح حساب من خلالكم بدون علمي واتقال ليا انه حساب مرتبات تابع للشركه التي اعمل بها واكشتفت من خلال خدمه العملاء ان هذا الحساب ليس حساب مرتبات ويوجد عليا مبلغ 1085 ج هذا نصب واحتيال وللعلم الحساب اتفتح من خلال الشركه وموظف تابع لكم وانا لم احضر الي بنك لديكم لفتح هذا الحساب ولم يتم اختاري بي استلام الفيزا الخاصه بكم ولم يتم تفعيل هذه البطاقه كل هذا نصب واحتيال,Negative
abf32341-0df2-4798-abcd-f69e6a1f5ae3,CIB,Banking,1,2026-05-06,الابلكيشن مش بيفتح,Negative
834f9aef-904f-48cc-82bf-4d77d7f13c5c,CIB,Banking,1,2026-05-06,مش شغال بطيء جدا,Negative
cba7a691-db18-4778-b3be-bd57cb53245e,CIB,Banking,1,2026-05-06,التحديث الاخير مش بيفتح وبيخلي الشاشه سوداء باستمرار ... ومازالت المشكله قائمه,Negative
86a46a51-9823-40d3-920f-d961288df0d7,CIB,Banking,1,2026-05-06,اخر تحديث البرامج مش بيفتح,Negative
f5b558f4-d527-4afd-b7e5-09fd68556985,CIB,Banking,5,2026-05-06,تمام,Positive
f14c3386-c61f-48fc-9566-672f6acc1a5e,CIB,Banking,5,2026-05-06,تطبيق ممتاااااااااز ورائع جداااااااا,Positive
ff111730-e037-478d-9a7a-33e0a5cb3a58,CIB,Banking,1,2026-05-06,كان كويس كدة بس بقاله فترة مش بيفتح وممكن احاول يومين عشان يفتح ولو فتح مش بيجبلى الصفحة الرئيسية اللى اقدر اعرف بيها رصيدى فيه ويكتب لى حدث مشكلة ياريت يتحل الموضوع ده لان ببقى عايزة احول لناس مش بعرف وبيحصل مشكلة,Negative
61e64d3c-6fb4-419f-9100-f5cf43127761,CIB,Banking,5,2026-05-06,يعمل بشكل جيد 👍,Positive
8617b6ae-e40a-4f8f-9d7b-3afcc156d126,CIB,Banking,5,2026-05-06,افضل بنك وافضل برنامج بنكي سهل مرن فيه كل شيئ حقيقي,Positive
d8322241-4590-428c-b50a-8d84c1d7ae4f,CIB,Banking,1,2026-05-06,برنامج سيئ جدا مبيفتحش ولا يقبل بطاقات ولا يقبل اي شيئ,Negative
470b1e34-cdeb-4574-afc9-31927b413660,CIB,Banking,1,2026-05-06,بنك سىء جدا,Negative
696347b9-c2ff-4c9e-8fe6-e9d021849c20,CIB,Banking,5,2026-05-06,ممتاز,Positive
1a39f940-34f6-4b74-a27c-186b9947efb0,CIB,Banking,3,2026-05-06,التطبيق به عطل اكتر من يومين,Neutral
7c46ef03-78da-4d59-88e5-7015694a98fe,CIB,Banking,1,2026-05-06,التطبيق بقالو فترة مش شغال ممكن نعرف السبب,Negative
613198b4-3389-41b7-bc6f-c7b4e01fd18e,CIB,Banking,4,2026-05-06,البرنامج كويس جدا بس لو ينفع نفتح من خلاله حساب أخر سواء جاري او توفير ونربطة بالحساب الأساسي بدل ما نروح الفرع هيبقا حاطه كويسه و خصوصا لو حد عايز يفتح حساب توفير يحوش فيه عملات أجنبيه ويربطه بحسابه الأساسي,Positive
8b486eff-69e3-4f86-8b25-d46def83a033,CIB,Banking,5,2026-05-05,ممتاز,Positive
adcde280-ac04-4ae2-9e40-a9dc7a903ca9,CIB,Banking,1,2026-05-05,في مشكله في التطبيق تقيل جدا ومش راضي يفتح,Negative
3abea6d8-5edd-4b17-a96d-f69742e8d8ab,CIB,Banking,1,2026-05-05,البرنامج سي للغاية وبقالة اكتر من اسبوع مش عايز يفتح,Negative
7e05f071-86d9-4e1a-bbba-a6af61e777e3,CIB,Banking,1,2026-05-05,برنامج سئ جدا ولا يعمل ارجو حل المشكله,Negative
390e0c19-81e5-4444-bdfb-37ef7042f077,CIB,Banking,1,2026-05-05,للأسف التطبيق لا يفتح شاشه بيضاء بدون تحميل ياريت نصلح المشكلة,Negative
d14dadf5-6283-46c2-8704-7d2c588b4fff,CIB,Banking,1,2026-05-05,التطبيق يفتح كشاشة سوداء فقط ، برجاء الحل,Negative
2f33ce37-2aa7-4f02-8395-f331bfa6e384,CIB,Banking,5,2026-05-05,التحديث الاخير سيئ جدا البرنامج مش بيفتح اصلا تحديث تم حل المشكلة شكراً,Positive
832b9c51-eea4-4d2b-85b5-43015dc8ab03,CIB,Banking,5,2026-05-05,التطبيق لا يعمل ماذا حدث يرجي التواصل للأهمية ضروررررررررررى,Positive
6cca9142-dc0e-4eb8-9cdd-dea233154035,CIB,Banking,5,2026-05-05,جميل,Positive
57cc5e47-37d9-48e6-9544-0e60d62c9ce0,CIB,Banking,1,2026-05-05,التطبيق أصبح سئ جدا جدا ولا يعمل معظم الوقت ياريت تدارك الامر,Negative
e848621c-9784-4a7d-b4bc-fbb963308c1a,CIB,Banking,1,2026-05-05,ابليكيشن زباله مش بيفتح,Negative
5c297dfd-e574-4dfe-a9ad-8b30f68f0950,CIB,Banking,3,2026-05-05,سيئ جدا جدا بقاله شهر مش بيفتح الا بعد محاولات عديده واحيانا مش بيفتح اطلاقا مش عارف انتوا بتحدثوا وتتطوروا ولا بترجعونا لورا حاجة سيئة تم التواصل معي ولكن عند اعادة تعيين كلمة مرور سجل خطا وطلب من التواصل مع خدمة العملاء وانا خارج البلاد ولكن شكرا لسرعة الرد والاستجابه نرجو التواصل لاستكمال امكانية فتح التطبيق,Neutral
cf2fb2e5-bb59-4c24-bd60-888aae1134ff,CIB,Banking,3,2026-05-05,جيده,Neutral
b2ac8877-5286-45f3-836e-9d271756079e,CIB,Banking,1,2026-05-05,البرنامج بيفتح شاشه بيضه فقط البرنامج فيه مشكله ياريت تحلوها,Negative
804d6844-5ed5-4be2-9c8a-1ec1a7ea8c98,CIB,Banking,5,2026-05-04,انشاء الله تمام,Positive
215e7adc-5d7d-466d-adf9-4cae1b053ea2,CIB,Banking,1,2026-05-04,مش بيفتح بسهوله,Negative
1b35dbf6-0715-466c-9a0d-76d6b252b3e8,CIB,Banking,5,2026-05-04,عملت إلغاء التثبيت ونزلته تاني رجع اشتغل زي الأول، مكانش بيفتح بعد تسجيل الدخول,Positive
12ba41e0-3a22-4dfb-a1b1-7f96ab5f85e2,CIB,Banking,1,2026-05-04,التطبيق مش شغال كل ما اجي افتحه يهنج,Negative
129128c4-8f9d-4109-861d-0fc184f7ccdc,CIB,Banking,4,2026-05-04,للأسف التطبيق مش بيفتح بعد التحديث ال حصل من الشهر أبريل نرجوا حل المشكلة .,Positive
0d05914d-db13-4e5b-a5cf-bd94ec148bd0,CIB,Banking,1,2026-05-04,البرنامج مش شغال من حوالى اسبوع ليه المشاكل المتكررة ده,Negative
5d0dce04-26c9-4051-b0f4-14a8b60bb49a,CIB,Banking,1,2026-05-04,سئ ومش بيفتح,Negative
ad85b9b8-64ca-43e9-9aae-3d6e0511bfca,CIB,Banking,1,2026-05-04,يعني كل التعليقات بتقول ان فيه مشكلة في التطبيق هتحلوا المشكلة ولا نشوف بنك تاني الواحد اتخنق,Negative
473ab0fb-c16a-4d4a-92fc-5965fe2ceb74,CIB,Banking,1,2026-05-04,الابلكشن من فتره الايعمل بيفتح صفحه بيضه,Negative
6bffb0ba-3e45-4b67-848f-f8c7509758ce,CIB,Banking,1,2026-05-04,التحديث الاخير سيء جدا لا يفتح معي نهائيا,Negative
2f855841-6941-4319-b3df-b5a77c0af696,CIB,Banking,1,2026-05-04,التحديث الاخير البرنامج مش بيفتح تحديث سئ جدا,Negative
e1220bca-17e7-4605-b817-daabef1643e9,CIB,Banking,1,2026-05-04,بعد التحديث الاخير البرنامج مبيفتحش خالص,Negative
edc064a5-0282-4184-9632-75e0c6c4282d,CIB,Banking,5,2026-05-04,التطبيق بقاله فتره مش شغال وبيظهر دائما ايرور بفشل التحقق,Positive
30118b7c-5d2e-4689-9afe-00c3211b2979,CIB,Banking,1,2026-05-04,لو سمحتوم سئ جدا مش شغال معاي,Negative
b4f5f003-686b-4935-8b22-bf0dd6be510c,CIB,Banking,1,2026-05-04,البرنامج مش بيفتح معايا خالص بعد آخر تحديث,Negative
43572528-3fb1-47fd-90dd-fd197ced1c9d,CIB,Banking,1,2026-05-04,التطبيق بقاله أسابيع مبيفتحش ولو فتح بيجيب البونص فقط,Negative
60b98407-d524-441f-ace4-e04dfdcaea4d,CIB,Banking,1,2026-05-04,التحديث ده سئ جدا برجاء استرجاع التحديثات السابقة انا تعبت مش عاوز يدخل علي الابلكشين,Negative
33f50351-a409-46d9-b5ee-0e80b2e622fc,CIB,Banking,5,2026-05-04,ممتاز جدا جدا,Positive
c5f880a9-ab86-4ea0-892f-86827362e55e,CIB,Banking,1,2026-05-04,الابلكيشن مش بيفتح بيجيب شاشه بيضاء وبس,Negative
8ce1f652-b8f8-4e6c-9768-0ebf9f9710eb,CIB,Banking,2,2026-05-04,التطبيق مش بيفتح خالص ارجو المساعدة وإصلاح العطل,Negative
5c125441-ca73-460c-91ff-351cecd93f9a,CIB,Banking,1,2026-05-04,انا اول مره استعمل البطاقة ومش عارف اضيف ليه رقم سري ااي المطلوب,Negative
e7fcd822-e439-4b84-99b6-9b6337cca0bc,CIB,Banking,1,2026-05-03,تحديث سيء جدا مش عارف أفتح البرنامج بقالى أسبوع وكل شوية يطلب تحديث ومش بيفتح ...؟!!,Negative
d0e50e9e-c936-4e8f-aaad-8e6181a12157,CIB,Banking,2,2026-05-03,سئ جدا ومش عاوز يفتح خالص بيجيب شاشه سوده بس,Negative
ad9d9856-5ad4-4369-96ef-8260c45472cf,CIB,Banking,1,2026-05-03,التطبيق بقي اسوء لابعد حدود بعد اخر تحديث,Negative
ba33d86b-05f5-4bc9-b9f2-256f73b09136,CIB,Banking,5,2026-05-03,روعه,Positive
679a3523-1c02-4736-a511-b374034f9eaf,CIB,Banking,1,2026-05-03,التطبيق مش بيفتح ليه,Negative
23c2f860-7dca-4943-aff5-2c7d1b43138a,CIB,Banking,1,2026-05-03,التطبيق سيىء للغاية خلال الفتره الحاليه وصعب جدا فى فتحه,Negative
d3cce2b2-a5c1-43d1-a510-0de66b89428c,CIB,Banking,1,2026-05-02,في مشكله في التطبيق مش بيفتح خالص,Negative
50cc5804-308f-4a68-b768-9cfbc5f05d10,CIB,Banking,5,2026-05-02,ممتاز very good Very good Very good,Positive
bbb0eb4e-e686-492d-949a-0016dcecd159,CIB,Banking,1,2026-05-02,التطبيق مش شغال و اغلب الاحيان بيعلق على برنامج النقاط فقط,Negative
5c15099e-c340-426b-87d3-958ebfb2da7c,CIB,Banking,1,2026-05-02,التطبيق عطيني الرصيد غلط مش الي موجود في الحساب,Negative
2ffd823e-0f21-4546-83aa-b1315e91e84f,CIB,Banking,5,2026-05-02,ممتاء,Positive
ac74ffb7-768c-4530-b184-b01563a9392b,CIB,Banking,2,2026-05-02,التطبيق غير فعال منذ ما يقرب من ثلاثة أسابيع - مرة يشتغل و١٠ لأ .... لو هناك تحديثات من جانب البنك مفترض الإعلام بذك بحيث إن الواحد يعرف هل السبب - تحديث أو من الموبايل أو من التطبيق ... إلخ,Negative
6e26a7d0-5bbb-4e11-bab9-449623026774,CIB,Banking,1,2026-05-02,الابليكيشين مش بيفتح و مش بيشتغل,Negative
fa776800-8212-42a0-b8df-ab7ecbc36843,CIB,Banking,1,2026-05-02,اخر تحديث مش شفال خالص دلوقتي ولا راضى يفتح حتى ولا مستفيدين منه بحاجة,Negative
11503386-2b35-4fd6-9e87-1163bddea449,CIB,Banking,5,2026-05-02,ممتاز جدا,Positive
d6578c6c-2c99-4871-9695-e34da33dda6d,CIB,Banking,1,2026-05-02,بقاله فتره مش عاوز يفتح ومش شغال ياريت حل قريب جدا,Negative
42001224-df18-43b1-9c93-788cadd28919,CIB,Banking,1,2026-05-02,طبيق زفت حولت كذه مره اخوش مش عايز يسجل وكلمت الخدمه الصوتيه بعتولي رساله بالرقم اسجل بيه مش عايز يسجل,Negative
b6b89a38-1692-4c62-a2be-14d4aab7d947,CIB,Banking,1,2026-05-02,سيئة جدا جدا بعد اخر تحديث,Negative
b111566f-98bd-45c5-989f-cbd621768b73,CIB,Banking,3,2026-05-02,البرنامج فيه مشكله مش عايز يفتح,Neutral
60fdd33c-d721-43d5-a849-8c5a85749ea0,CIB,Banking,3,2026-05-02,فى مشكلة كل ام اجاى افتح يجبلك شاشة بيضاء ومش عايز يفتح خالص,Neutral
ae1e3a0b-9f5a-436e-8d0b-936286cde113,CIB,Banking,5,2026-05-02,للاسف منذ آخر تحديث لا يعمل ولا يظهر أي شئ,Positive
775709ac-e557-41ec-bb47-260e2a93ed50,CIB,Banking,2,2026-05-01,التطبيق بقاله كام يوم مش شغال ومش بيفتح وبيجيب شاشه سوده ولو فتح مبيجبش بيانات,Negative
a0abcf8c-9da1-434e-862e-bd6a32a0335b,CIB,Banking,1,2026-05-01,لل اسف التطبيق في مشكله مش راضي يخش سئ للغايه,Negative
07fa3fbf-9580-4f77-8456-e3f310254839,CIB,Banking,5,2026-05-01,التطبيق مش عاوز يفتح مش عارف ليه,Positive
059c651b-eab3-4428-b427-cff80faaea48,CIB,Banking,5,2026-05-01,مشكور تم التواصل وتم حل المشكله شكرا على الاهتمام وسرعه التوجيه لحل المشكله,Positive
78ef751e-ae0f-4406-8a93-b91ae1a068ed,CIB,Banking,1,2026-05-01,الابليكشن عندى مش راضي يفتح وعامل صورة سودة ومرة يفتح صفحة البونص ويعملى ايرور 404 ومش راضي يفتح ممكن حل بعد اذنكم,Negative
d333aa51-68aa-4560-b399-9c9162ea70b5,CIB,Banking,1,2026-05-01,كتيرمايفتح حتي بعد مسح البيانات من الهاتف,Negative
81b7a860-c7ce-4250-9f98-93037cf331c9,CIB,Banking,1,2026-05-01,التطبيق كان شغال وبمجرد خروجي من مصر مش بيفتح,Negative
be9ca1b0-701e-4088-a055-74598f3426e8,CIB,Banking,5,2026-05-01,الابليكشن بعد التحديث الجديد. لم يستكمل الدخول. دة تقريبا بسبب اصدار الاندرويد الخاص بهاتفي وهذا غير منطقي. انى اغير الهاتف علشان اشغل ابليكشن لكن ممكن يكون فيه اصدار اخر يدعم الأنظمة المختلفة الأقل اصدار كما يجب. توضيح كافة متطلبات المطلوبة للأجهزة لتشغيل الابليكشن ***** تعديل ***** شكرا جدآ للمجهود العظيم تم بالفعل اصدار وتطوير ابليكشن يعمل بدون مشاكل شكرا جدآ لافضل بنك وافضل خدمات اتمني لكم المزيد من التوفيق والتقدم .,Positive
082d147d-db75-47f3-8f65-38a74d6c355d,CIB,Banking,1,2026-05-01,التطبيق مش عايز يفتح خالص مش بيوصل حتي لصفحة الدخول ايه الحل ضروري مسحت التخزين المؤقت ومسحت الابلكيشن ونزلته من جديد ومفيش اي فائده ممكن الحل,Negative
f9a50489-80e5-4c12-9881-3cdcf768e822,CIB,Banking,1,2026-05-01,بقى فى مشكله فى فتح التطبيق,Negative
c886b7fc-b988-4c44-8747-b76c6aa32e3a,CIB,Banking,5,2026-05-01,البرنامج مبيفتحش,Positive
f7ac818b-8267-455f-96da-342b37241628,CIB,Banking,5,2026-05-01,فى منتهى السلاسه,Positive
0dc98883-b30f-4139-b08f-0b44148ec78a,CIB,Banking,5,2026-05-01,جيد,Positive
578e0ad3-8d93-4a2e-85c3-900a6b711718,CIB,Banking,5,2026-05-01,ferry good,Positive
50d0a4ae-f68f-446d-bb19-1c9293829631,CIB,Banking,1,2026-05-01,غي مشكلة في البرنامج مش بيفتح معايا وبيجيب شاشه سوده مسحت التطبيق ونزلت من تاني نفس المشكله,Negative
b649906a-278b-43cb-bfeb-63cc68d10839,CIB,Banking,5,2026-05-01,اشتغل,Positive
e5a56be8-6496-489c-ab22-b358f672130e,CIB,Banking,5,2026-05-01,جيد,Positive
6f3d393c-848e-4a85-89f8-b3d0bb83378d,CIB,Banking,5,2026-05-01,ممتاز,Positive
896d8425-a0fb-4f82-9d00-f75671a65d52,CIB,Banking,5,2026-05-01,التطبيق جيد وفعال كما أن إضافة خدمة إنستاباي مع التطبيق البنكي جيدة جدا ولكن يحتاج إلى سرعة الاستجابة في فتح التطبيق وكذلك توثيق العمليات من خلاله مع رسائل قصيرة. بارك الله سعيكم وجزاكم الله تعالى خيرا.,Positive
adcf0262-7a2e-42f3-9638-69af637ca198,CIB,Banking,1,2026-04-30,للاسف سئ جدا,Negative
29b14c62-535a-48a4-b18b-6addc2a71cc5,CIB,Banking,1,2026-04-30,البرنامج بقي صعب ومش بيفتح نتهي شاشه بيضاء ياريت عملاء البنك يفتح البرنامج ويشوف الناس بيتكلم صح ياريت عملاء البنك,Negative
d4de9be1-a150-4fb9-85da-4726481a7cdc,CIB,Banking,1,2026-04-30,تطبيق سيئ بطيئ,Negative
c548d997-ed1b-40c5-b9f8-d831aee42d90,CIB,Banking,1,2026-04-30,مش عاوز يعمل تسجيل دخول بنك خربان اقسم بالله,Negative
c73143b2-0883-4e4c-9d85-ca29b715ceaa,CIB,Banking,1,2026-04-30,الابلكيشن اول ما عملته كان بيفتح عادي لكن دلوقتي مش بيرضى يفتح وبيقعد مطول جايب لي واجهه زرقاء وبس جربت امسح البيانات برده نفس الكلام لغيت تثبيته وبرده نفس الكلام بعد ما ثبته من جديد,Negative
01dc2941-8a83-4aea-8ec3-9ea93240f269,CIB,Banking,5,2026-04-30,فى مشكلة فى التطبيق ..مش بيفتح اى حاجة..بيجيب صفحة فاضية أو يفضل شوية كتير وفى الاخر يقول اعد المحاولة,Positive
d87eed52-9ca2-4ccd-905c-15459b9caa24,CIB,Banking,1,2026-04-30,سئ جدا بيفتح بعد وقت كتير وأكثر من محاوله ولو فتح يبقى كل حاجه مخفيه ويقولك فى خطأ حاجه صعبة اتمنى معالجه الاصدار والوضع ده تقريبا من شهرين,Negative
2e9d1e32-1fa7-446e-a37f-0d63a346c3b2,CIB,Banking,5,2026-04-30,مش عارف افتح البرنامج,Positive
691f4f44-5356-4896-92e1-8e058064c2b8,CIB,Banking,1,2026-04-30,البرنامج متعطل تماما,Negative
356687b6-9811-4847-8c03-89624a510ba0,CIB,Banking,5,2026-04-30,تمام,Positive
76cab00c-b90b-4f1c-9d00-6221520bcca3,CIB,Banking,1,2026-04-30,الصراحه طبيق سي جدااااا بحاول بقلي يومين اسجل عليه علشان افعل الكارت مش بيبعت رسايل خلاص سجلت ودلواتي أصلا الطبيق مش بيفح أصلا البنوك الثانيه في ثواني كل حاجه تتم بجد ندام اني فتحت حساب ع البنك ده,Negative
dde32978-be8d-4260-aff3-7a38b19bb159,CIB,Banking,1,2026-04-30,سيئ جدا جدا مش بيفتح خالص الاول كان احلى بكتير جدا,Negative
23901af6-9bfd-4650-82a4-eb5aaaebb069,CIB,Banking,1,2026-04-30,تعديل تالت مرة التطبيق مالوا شاشه سوداء فقط طمنونا,Negative
cc3dcc18-c0eb-4c7b-ba97-df84e99e6ef9,CIB,Banking,1,2026-04-30,مش شغال زاى الاول سيئ جدا جدا جدا الواحد مش عارف يعمل تحول واحد 😡😡,Negative
4ea0fd68-0bd0-470d-ae99-7188789549d1,CIB,Banking,1,2026-04-30,ياجماعه مش عارفين نشتغل التحديث الجديد موقع البرنامج,Negative
f36b9159-e93b-4257-a95d-84cda14a82cc,CIB,Banking,1,2026-04-30,ابلكيشن شئ للغايه لم يفتح نهائي,Negative
90f7e40e-a4e7-42f4-9741-3a64c41ef9cd,CIB,Banking,1,2026-04-30,التطبيق علي طول مهنج و مش بيفتح خالص,Negative
49ef8392-21d6-4170-a9d8-f36626c5d670,CIB,Banking,1,2026-04-30,التطبيق مش عايز يفتح معايا بقاله اسابيع ومسببلى استياء شديد,Negative
c8773137-1485-4135-9afe-2f0d07cd6b10,CIB,Banking,1,2026-04-30,التطبيق في مشكله مش راضي يخش علي الحساب بقاله يومين وبيخش يجيبلي حدث خطاء حاول مره اخره هل التطبيق يوجد في مشكله ؟,Negative
eaf4014f-f18c-4ccc-a99a-2b6e3469b798,CIB,Banking,5,2026-04-30,Good,Positive
648a1121-9b13-4013-bedc-8d21438a258e,CIB,Banking,1,2026-04-29,كل ما اسجل يقول غلط في البيانات مع العلم اني الفيزا جديده وشغال,Negative
208de554-c368-4ce3-adaa-f99312c7b34a,CIB,Banking,5,2026-04-29,ممتاز,Positive
103a8713-eff4-4f93-b39a-a87137bf2469,CIB,Banking,1,2026-04-29,في مشكله في التطبيق مش شغال زي الأول ومش بيفتح صفحه بيضا ولو فتح بيجيب صفحه البونص وبس بقاله فتره طويله على كده ولو فتح مره مش بتقدر تكمل العملية ويعمل ایرور كود 404,Negative
01901d58-f5f5-4324-b9c7-0a7e3e5eda7d,CIB,Banking,1,2026-04-29,كل ما اعمل تسجيل دخول التطبيق يخرج واعيد من الاول,Negative
4e98b236-2124-4a2e-94e4-e01e958ef446,CIB,Banking,1,2026-04-29,البرنامج مش شغال ومسحت كل البيانات وبردو مش شغال,Negative
ee6af3ab-8890-4fb4-903b-132254099203,CIB,Banking,1,2026-04-29,يؤءس,Negative
378c49ab-16f7-4b11-87b0-62b41dca0854,CIB,Banking,5,2026-04-29,برنامج رائع جداً,Positive
efd01324-e7d0-48b1-a0f7-15935adec7df,CIB,Banking,1,2026-04-29,مش بيفتح وكتير مش بيجيب الصفحة الرئيسية,Negative
a39afaac-05da-4ebc-9f0b-ae22c90a7fa5,CIB,Banking,1,2026-04-28,مش عارف افتح الابلكيشن ارجو المساعده وشكرا,Negative
7e43a741-24a3-44bb-94c3-f0487236833b,CIB,Banking,1,2026-04-28,من أسوء البنوك اللي اتعملت معاهم ده ان مكنش اسوهم بجد,Negative
e162d709-813c-4dc8-8128-fe8767c29355,CIB,Banking,5,2026-04-28,جيد جدا,Positive
3179a42a-5d28-4fa6-bd10-71412a6ee630,CIB,Banking,1,2026-04-28,للاسف التطبيق مش بيفتح ليه اكتر من شهر,Negative
82c9fef7-710c-4e86-af4d-4f977f40813a,CIB,Banking,5,2026-04-28,ممتاز جيدا جدا جدا ومفيده,Positive
e26d69c9-e3b8-4161-8e18-bc0cd081e7f7,CIB,Banking,5,2026-04-28,جيد جدا,Positive
64a92925-b9a4-4a16-8fd0-b1d8401e81e8,CIB,Banking,5,2026-04-28,ممتاز جداً,Positive
314e43a3-a46f-4052-b312-62819104ac4b,CIB,Banking,1,2026-04-27,التطبيق مش عايز يفتح ولو فتح بيديني صفحة البونص فقط ولا بعمل وفين وفين لما يفتح,Negative
049e3b4f-8d90-4563-9743-0d06d28cc09b,CIB,Banking,5,2026-04-27,ممتاز,Positive
d0ebb4bd-0a6c-4dcd-a0ea-f3d20b2edc08,CIB,Banking,1,2026-04-27,البرنامج مش عايز يفتح بعد التحديث الاخير,Negative
b1ddf943-6272-4c9c-99ca-7f0be8c908e6,CIB,Banking,5,2026-04-27,ممتاز,Positive
760fabb2-d857-4e41-94cd-9a5179b0229f,CIB,Banking,1,2026-04-27,سئ جدا البرنامج فى مشكله بقالها اكتر من شهر وبعت الرقم على الميل ولا يوجد تواصل,Negative
d4e5a69d-793a-4644-bdb1-daf26fb7f77c,CIB,Banking,5,2026-04-27,شكر خاص للأستاذة ندى من خدمة العملاء و شكرا لاهتمام إدارة خدمة العملاء في بنك cib لسرعة الاستجابة لحل المشكلة و اتحلت في مكالمة واحدة في اقل من دقائق,Positive
3cc160bb-6427-4731-9ef8-b3aa64857f17,CIB,Banking,1,2026-04-27,التطبيق موش شغال ولما بيفتح موش بيجيب الصفة الرئيسية والحساب كده بقالوا اكثر من عشرة ايام,Negative
aab0ca8b-a0d3-40f7-ac9c-0fca8343cd4d,CIB,Banking,5,2026-04-27,عند تحديث الابلكشن تظهري رساله لم يعد هذا التطبيق متوافق مع جهازى.... ممكن حل لهذه المشكله,Positive
f94fc9b3-ed87-43ec-806b-2ee24547b374,CIB,Banking,3,2026-04-27,برجاء المساعده فى فتح حساب لانه مش بيفتح معايا,Neutral
99012f95-fe23-4bc4-abf0-0d7f2ccad05a,CIB,Banking,1,2026-04-27,بعد التحديث الجديد للتطبيق مش عاوز يفتح,Negative
ee2cc950-ebbc-4cc2-b473-02777830eb3d,CIB,Banking,5,2026-04-27,الموضوع سئ جدا الأبلكيشن مش شغال لازم حل سريع ده أبلكيشن بنك وبزنس وفلوس ومصالح ناس مش جيمز ده استهتار لازم حل سريع تعديل تم حذف التطبيق واعادة تحميله والآن يعمل بشكل جيد شكرآ علي سرعة الرد والاستجابة 🥰,Positive
b1afe920-6cd5-4477-bef6-947616eb863c,CIB,Banking,4,2026-04-27,شكرا لحضرتك,Positive
e575e585-5727-44c3-b529-8fc30bd65772,CIB,Banking,1,2026-04-26,الابلكيش مش بيفتح على الموبايل وبيعطى شاشة سوداء دائما وهذة ليست اول مرة المشكله موجوده من شهر,Negative
d8571e7c-03be-4dae-93e2-fa799fb254a8,CIB,Banking,1,2026-04-26,التطبيق بقاله اسبوع مش راضى يفتح,Negative
268fc52c-5160-4e89-9cf1-c9a374713930,CIB,Banking,1,2026-04-26,التطبيق حالياً يعمل بصورة متقطعة جدا. أحياناً يعمل، وأحياناً كثيرة لا يفتح نهائياً. بعد الشاشة الزرقاء تسود الشاشة ولا ينتقل للدخول. يتكرر الأمر حتى مع غلق التطبيق وإيقافه إجباريا ومسح الذاكرة المؤقتة. هذه المشكلة لم تكن موجودة من قبل نهائيا، ولكنها ظهرت بعد الانقطاع الأخير ومستمرة حتى الآن.,Negative
29cd8ea4-20cc-4680-9b8d-efa6bf1db391,CIB,Banking,1,2026-04-26,التطبيق مش بيفتح اصلا و اكيد كارت المشتريات نزل لنا غراكات,Negative
76dfa0f3-9eb8-4151-8537-b141fb823951,CIB,Banking,4,2026-04-26,في مشكله في التطبيق مبيفتحش خالص تمام اشتعل بعد مسح البيانات واعادة التشغيل مره اخري شكرا ❤️,Positive
95bd9f45-50d3-422c-8d6c-d1d8374b6007,CIB,Banking,1,2026-04-25,ليه تم الغاء الدخول عن طريق البصمة ولازم يكون فيه اكتر من وسيلة لسهولة الدخول على البرنامج,Negative
efe06ef9-5847-41f6-b7c0-6dd5242910bd,CIB,Banking,1,2026-04-25,زباله,Negative
7ad35bf4-a00b-4613-ace4-d0c4e1d935f0,CIB,Banking,1,2026-04-25,الابلكيشن مش بيفتح والوضع سي جدا من ١٥ /٤ ومره يفتح و١٠ لا,Negative
e54c5d92-4d96-4ee4-8f77-3878951ba72e,CIB,Banking,1,2026-04-25,التطبيق مش بيفتح من أكثر من اسبوع,Negative
8738bb15-e43c-4409-bdf8-7bf58149af0f,CIB,Banking,1,2026-04-25,كل شويه مشاكل في التطبيق ويهنج ويفصل ومش راضي يفتح خدمه سيئه جدا,Negative
b939c142-3e15-4dd0-b498-c64a769a463c,CIB,Banking,5,2026-04-24,تم التواصل وحل مشكلة عدم فتح التطبيق,Positive
24ca131b-3e41-47e0-8060-cff64f7340a7,CIB,Banking,1,2026-04-24,سيء,Negative
af091688-5920-4b0c-b571-e527fecdd9c5,CIB,Banking,1,2026-04-24,سيئ جدا وللأسف حصل احتيال ب ٣٧٠٠ ج بدون ما اعمل اي طلب لشراء اي حاجه واتنفذ التحويل لصالح امازون من خلال البنك بدون مايقول الي طلب رقم تأكيد opt مثلا,Negative
43a44111-f863-4666-ae3c-cf2835316549,CIB,Banking,1,2026-04-23,بعد التحديث الابلكيشن بيفتح مرة كل يومين ٣ غير كدة مبيفتحش بقى سيء للغاية,Negative
d830dcaf-3a1c-49df-8ab7-1578e8f0b1fc,CIB,Banking,1,2026-04-23,الابلكيشن مش عاوز يشتغل,Negative
4baf618c-2885-41ec-b66a-f7ec21d62b1e,CIB,Banking,5,2026-04-23,عظيمة عظيمة عظيمة,Positive
dbd71acc-05f2-4682-88e1-9412f57d3e11,CIB,Banking,5,2026-04-23,تحفه,Positive
878ba55a-76d3-4ad0-96c1-80fe4d9c59ee,CIB,Banking,1,2026-04-22,في مشكله في الapp مبيفتحش خالص,Negative
5a3aa4e5-a5b3-4ad3-b278-01ced4ec8bf8,CIB,Banking,1,2026-04-22,نسيت كلمت السر بتاعت المرور ومش عارفه اعمل ايه,Negative
01d037dc-77f5-4a99-929b-e6524c1e5559,CIB,Banking,2,2026-04-22,التطبيق من أول أبريل مش بيعمل بشكله المعتاد وساعات كتير مش بيفتح,Negative
bf555156-5e90-4e55-ad8f-e35ca82b3543,CIB,Banking,5,2026-04-22,في مشكله في التطبيق مش شغال زي الأول ومش بيفتح ولو فتح بيجيب صفحه البونص وبس بقاله فتره طويله على كده ولو فتح مره مش بتقدر تكمل العملية ويعمل ايرور كود 404 تعديل تم التواصل من إدارة social media وتم حل المشكله,Positive
4e1c565a-3737-4d28-9483-5377cd866e4c,CIB,Banking,5,2026-04-22,جميلة جداً,Positive
5659f3fa-8278-452e-be16-c41284160de7,CIB,Banking,1,2026-04-22,التحديث الاخير سئ جدا البرنامج مش بيفتح من أول أبريل,Negative
83aae586-e5e7-471f-a9e4-8a3b64627877,CIB,Banking,1,2026-04-22,التطبيق مش بيفتح .. بيقف على شاشة سودا,Negative
ab74b1a1-74fd-4a9d-a2f8-ed0f00aa2dae,CIB,Banking,5,2026-04-21,ممتاز,Positive
e1efa028-5259-4ce3-88b4-64483969e1e7,CIB,Banking,1,2026-04-21,كل مااسجل يقولى بيانات غير صحيحه مش عارفه اعمل حساب,Negative
8a861c80-2972-48b8-83aa-80ee0afaccd4,CIB,Banking,1,2026-04-20,مش ٠ جم مره لاصقة ض,Negative
79bdff60-5b49-419d-af2d-0de481c18fb0,CIB,Banking,1,2026-04-20,مش عارف اغير الباسورد بتاع الابلكيشن وبعمل ريسيت وبكتب البيانات وبتقولي خطء كلم خدمة العملاء كلمتهم محدش حل المشكلة,Negative
e88a682b-fc8d-490a-8947-7fa5843dc15a,CIB,Banking,1,2026-04-20,البرنامج مش بيفتح في صعوبة جدا ليه كدة,Negative
068423d3-a649-4788-abef-5dbd5328b957,CIB,Banking,5,2026-04-20,رائع,Positive
7447d778-b3a2-420a-bb96-ae262c0448eb,CIB,Banking,1,2026-04-20,أواجه مشكله في إدارة حساباتي عن طريق الابلكيشن مش بيفتح نهائي,Negative
c74cb4f9-6a73-451a-ac61-0cd70ca2b85e,CIB,Banking,5,2026-04-20,بنك رائع فى جميع الخدمات,Positive
a251cccd-1fef-4151-9c72-a2bc42676d4c,CIB,Banking,1,2026-04-19,التطبيق بعد التحديث لا يعمل معى ..وبعد الفتح لا يظهرلى اى معلومات غير رصيد النقاط,Negative
495f1aaf-ad98-4f19-afec-9a316c0d641d,CIB,Banking,1,2026-04-19,غلس جدا بقالي ساعه بحاول اسجل دخول مستخدم جديد بيقول خطا ف البيانات ومفيش حاجه غلط ندمت اني حملته,Negative
f2b7cd6e-2b6b-463a-baf6-39c528962d67,CIB,Banking,5,2026-04-19,افضل,Positive
e529bf17-ecff-4bac-863a-99ca0a46dbaf,CIB,Banking,1,2026-04-19,سئ جدا مش بيفتح,Negative
fdccc537-79cc-4ad0-9ea8-d7e0f709e1b0,CIB,Banking,3,2026-04-19,انا برا مصر افتح البرنامج مش راضي يفتح خلص علي التليفون وعاوز اتواصل معي حد من خدمة العملاء ضروري جدا وانا فتح حساب في البنك ومش عارف اتواصل مع حسابي خلص,Neutral
d5dd3490-f166-496e-afab-b1077e5a7603,CIB,Banking,5,2026-04-19,very good,Positive
a65a1527-5869-46be-b5e7-5f0664a966c0,CIB,Banking,5,2026-04-19,احلي تطبيق وبنك cib,Positive
69ae4d70-c96c-4d8d-b734-acac1a3737a5,CIB,Banking,1,2026-04-18,تطبيق سئ جدا اخر فتره التطبيق بقاله اسبوع موش عايز يفتح,Negative
2b869fda-9eb7-41cf-8fc9-5cfc80543aac,CIB,Banking,3,2026-04-18,التطبيق من وقت ايقافه وتحديثه وهو لا يعمل بصورة طبيعية.. عند محاولة فتحه يفتح شاشة سوداء وعند تكرار المحاولة يفتح على صفحة النقاط ولا يظهر أى أرصدة وأحيانا لا يفتح أصلا,Neutral
a126fcf8-b105-4822-a59a-442ea8b2b044,CIB,Banking,1,2026-04-18,فيه مشكلة ف التطبيق كل اما احب اعمل تحويل يخرج من التطبيق وتظهر رساله ان التطبيق فيه مشكلة ياريت يبقى فيه حل,Negative
76b253a1-ca6e-44fb-a9f3-5404c04eda3a,CIB,Banking,1,2026-04-18,ابلكيشن سي بحاول اغير باسبورد مش عايز يتغير ولا عارف ادخل علي حساب,Negative
44f1778f-b7a4-4377-bebc-02549125c8cb,CIB,Banking,1,2026-04-18,التطبيق بقي سيء جداااااااااااا,Negative
f740042e-540e-4818-9404-41e9b14328ae,CIB,Banking,1,2026-04-18,الله ينتقم من اللى فرجين للابلكيشن لا عاوز يفتح وبيعلق الناس لتتطور ولا بتتخلف انت متخلف وعلى بجد عشان تخسر الناس مصالحها وفلوسهاووقتها,Negative
28aecc63-6e1d-44f4-96a6-85fd3bff1c6d,CIB,Banking,5,2026-04-18,ممتاز,Positive
f30e2444-c727-47d7-805e-50da9b43bfeb,CIB,Banking,1,2026-04-18,لسه منزله التطبيق وسجلت وجيت افتحه قلى كلمه السر غلط وجالى انى اغيرها وكل شويه يقولى غلط حاول مره اخرى او اتصل بخدمه العملاء,Negative
89bb2937-32b5-419e-90ca-7f65ffb93876,CIB,Banking,5,2026-04-18,تم تعديل الابلكيشن وبقي جميل جدا جدا وسلس جدا,Positive
5b2f1dc8-ca25-4126-afad-0c8029c7cc97,CIB,Banking,1,2026-04-18,التطبيق بعد التحديث الجديد بيفتح شاشة بيضاء ويتوقف تماما يا ريت تحلوا المشكلة دى,Negative
9b45470f-1725-4c66-9057-83615d5c4a24,CIB,Banking,2,2026-04-17,التطبيق بقاله حوالي 3 اسابيع مش بيفتح خالص وأما يفتح بعد محاولات كتير يجيب برنامج النقاط فقط.. فى حاجة غلط,Negative
ce8ceceb-32bd-4145-a869-c726675e4452,CIB,Banking,5,2026-04-17,ممتاز,Positive
3d33ebad-6ae7-4581-8419-187aa4b2dd42,CIB,Banking,2,2026-04-17,بعد التحديث الجديد التطبيق لا يعمل,Negative
efc5b581-920b-42ab-b125-7cb15fc326cd,CIB,Banking,1,2026-04-17,التطبيق مبقاش يفتح.,Negative
502a41f2-2f59-41cb-b998-a04e56a338d9,CIB,Banking,5,2026-04-17,انا بتعامل بالبنك بصرحه افضل بنك اتعاملت معاه من حيث الأفراد في البنك والاوبشن والاداره شكرا سي اي بي,Positive
4cb224f4-b8a7-4711-a310-5cd53853d3e2,CIB,Banking,5,2026-04-17,الابلكيشن القديم كان أفضل بعد التحديث مابقاش بيفتح ولوفتح مفهوش اى بيانات,Positive
7ec23a47-55c6-498c-bca6-8bf8d9d8e6be,CIB,Banking,1,2026-04-16,مش راضي يفتح هو في ايه بظبط مش عارف والله بجد في برنامج سۍ بصراحة,Negative
8102b782-020f-4000-b47e-53c268abbb19,CIB,Banking,1,2026-04-16,التطبيق بقاله فترة مبيفتحش تقريبا من اخر تحديث الشاشة الاول زرقاء وبعدين تقلب بيضاء ومبيفحتش,Negative
0ebee1d0-4bc8-4900-8386-ae7f8ec286ee,CIB,Banking,1,2026-04-16,الأبلكيشن بقى سئ للغاية ومش بيفتح ودايما بيدي شاشة سوداء,Negative
d79a75c9-1e05-4c4a-9c4d-0ae3767020f4,CIB,Banking,1,2026-04-16,هو التطبيق بطئ جدا ليه ومش بيفتح بسهولة عايز حل ضرورى,Negative
f546ab10-be71-4217-85a8-17f51c1149e5,CIB,Banking,5,2026-04-16,ممتازة,Positive
64ebc45e-701c-4a2f-959a-41429a37e457,CIB,Banking,1,2026-04-16,البرنامج مش بيفتح نهائي,Negative
57a96c99-c7f2-4948-a380-6ae0d8dc8f7a,CIB,Banking,1,2026-04-16,هناك مشاكل في فتح التطبيق، والمراجعات كلها بتتكلم عن هذه المشكلة، فبدل من تعليقكم للتواصل حل المشكلة أفضل,Negative
51d11679-a567-40b3-9751-2fdb9405f804,CIB,Banking,5,2026-04-15,احسن بنك فى مصر,Positive
fd14e14f-9bf2-4702-8634-c8dfb75a2748,CIB,Banking,1,2026-04-15,تحديثات غير جيدة لا يفتح,Negative
2cad88ac-6d91-493b-829b-45ead7f9cfd7,CIB,Banking,1,2026-04-15,أنا من ساعة ما عملت التحديث الاخير والابلكيشن مش بيفتح عندى خالص,Negative
edfc231d-2afc-423b-949e-ab1f23502d04,CIB,Banking,5,2026-04-15,محتاج انزل محفظة Cib,Positive
885cc62d-62ca-4e60-aadd-a9983f748d3a,CIB,Banking,1,2026-04-15,فى مشكلة متكررة فى الابلكيشن مايفتح على فترات ويعطى شاشة سوداء أو يفتح وصفحة البيانات والمعاملات المالية لاتفتح ويعطى خطا,Negative
11fc500b-74bc-4297-944b-eca2fb39c96c,CIB,Banking,5,2026-04-15,شكراً على الأهتمام وسرعة الرد بنك رائع والقائمين علي الخدمة رائعين,Positive
b76f1cbc-2d90-4244-8c45-5ce456ccfb17,CIB,Banking,1,2026-04-15,بحاول اشوف حسابي كام في فيزا المشتريات مش موجوده اصلا عليه بعد اما اتحدث بقي وحش جدا و بدائي الاول قبل التحديث كان افضل بكتير,Negative
947449ca-55ef-40cf-a4ac-489bbdbb6b13,CIB,Banking,1,2026-04-15,اكتر من اسبوعين مش بيفتح غير صفحه بيضاء من غير اي شي,Negative
52834d5a-8fcf-4722-86f0-a5833fef4bc2,CIB,Banking,1,2026-04-15,للاسف مش بيفتح وبقي رخم بعد التحديث الاخير,Negative
20207d01-b220-4038-a068-29bd5bdaf2c3,CIB,Banking,1,2026-04-15,الابلكيشن مش بيفتح بقاله اكتر م شهر ولما بيفتح وده بصعوبه مش بجيب اي بيانات ع الرصيد برجاء حل المشكله ف اقرب وقت,Negative
61cd15e3-9916-4e67-835f-ea9b50827bbf,CIB,Banking,1,2026-04-15,البرنامج اغلب الوقت لا يعمل.,Negative
428e5d23-b2b0-4d56-b0ae-b2cfda52a019,CIB,Banking,1,2026-04-15,بعد التحديث مش بيفتح وبكتب حاول في وقت لاحق بقاله 4 ايام علي كدا,Negative
9b7bb2c1-8993-4bd3-a036-4fbf485981fc,CIB,Banking,1,2026-04-14,التطبيق لا يفتح بعد اخر تحديث,Negative
c76e7349-5c91-4fa0-b5b5-5ce966b5f0e5,CIB,Banking,1,2026-04-14,الابلكيشن مبيفتحش نهائى بقاله كام يوم,Negative
f8bd1119-cdd5-45ba-a3bc-c8035f992bec,CIB,Banking,4,2026-04-14,التطبيق مش بيفتح من اسبوع غير مره كل يومين بعد كذه محاوله,Positive
619f8b07-4def-4e57-ab0f-16c1d3e8b77c,CIB,Banking,1,2026-04-14,مش عاوز يفتح خالص على الفون عندي عاوز حل ضروري جدا محتاج ادخل على الابلكيشن صروووووري😡 للمرة الثانية ببلغ أن التطبيق مش عاوز يفتح وبعت رقمي ومافيش حد تواصل معايا وكده خدمة العملاء سيئة جدااا بتطنش الناس وخسارة النجمة كمان في التطبيق,Negative
3082fb05-3d39-4db3-af3e-ba55f2c89dc3,CIB,Banking,5,2026-04-14,👍,Positive
b14b7e32-483d-467d-bfe7-1c311ff40352,CIB,Banking,1,2026-04-13,عند فتح البرنامج بلاقى صعوبه فى فتح البرنامج ممكن حل,Negative
3b0d5c1a-332e-4e1c-baaa-3f2a6cc809ed,CIB,Banking,1,2026-04-13,في صعوبه دائما في فتح التطبيق الموضوع بقى صعب جدا ارجو حل,Negative
c51684a6-d045-4ddf-a2c6-0beb096732a1,CIB,Banking,3,2026-04-13,التطبيق له فترة لا يعمل من البداية. بمجرد محاولة الفتح يتوقف عند شاشة سوداء ولا يصل لمرحلة شاشة الدخول، أو حتى شاشة سعر الصرف. كل مرة يتم تنظيف الذاكرة المؤقتة، وكرة تظبط وعشرة لأ. مشكلة رفض رموز السر المولدة من برنامج التحقق تنرغض مرة أو مرتين حتى يتم قبولها.,Neutral
180b857f-95bd-4583-84de-d10a667c4e41,CIB,Banking,1,2026-04-13,البرنامج أصبح نادرا ما يفتح بيجيب شاشه بيضه او برنامج الولاء فقط ولا يفتح الحساب,Negative
38810c12-ceea-4449-826c-18b1ed600e99,CIB,Banking,1,2026-04-13,سيئ جدا جدا لا يليق ببنك cib مش عايز يفتح مجرد ما يفتح يعمل تسجيل خروج من نفسه مع رسالة انتهت صلاحية الدخول .,Negative
062c47d9-7c93-4d5b-9ad9-1067714d9bb6,CIB,Banking,1,2026-04-12,بعد آخر تحديث بقا سيئ جدااا ولا يعمل ايه السبب !!؟,Negative
92b9c0c3-5977-4c89-aeed-78b508898031,CIB,Banking,1,2026-04-12,الابلكيشن من فتره مبيفتحش وبيدي شاشه بيضاء وحاجه متعبه جدا,Negative
d7cde2c7-3d21-4b8f-8c38-97f0bee8cbcd,CIB,Banking,1,2026-04-12,بقالوا اكتر من اسبوعين مش بيفتح و لما بيفتح المعلومات مش بتكون ظاهره اساس,Negative
c49665a7-3735-45ab-a983-1985ed89c6da,CIB,Banking,1,2026-04-12,بقي بيعلق و بيهنج و مش بيفتح و بقي زفت,Negative
76f1f948-539f-4c5a-83e2-3b071e4f1d4d,CIB,Banking,1,2026-04-11,شركه زباله اووي ووسخه ومتخلفه يعني ايه لازم عشان اغير كلمه المرور اللي انا ناسيها لازم اخش التطبيق وانا ناسي كلمة المرور حخش ازاي؟؟؟؟!,Negative
6d3ba107-1801-4469-a906-5b4e5195cf4d,CIB,Banking,5,2026-04-11,جيد,Positive
3fde2000-3f5d-44c8-9cb9-75dbc1de318d,CIB,Banking,1,2026-04-11,التطبيق متوقف تماما على الاندرويد والايفون من بعد التحديث لا يعمل وغالبيه المراجعات كاتبين كده ياريت تهتمو بالموضوع لان فيه ناس خارج مصر تحتاج الخدمات بشكل عاجل شكرا,Negative
068c19e7-f4c8-4a06-87e7-befb5c406aa8,CIB,Banking,1,2026-04-11,مش بيفتح ولو فتح الصفحه الرئيسيه غير موجوده,Negative
44787526-d0c9-40dd-8d61-8f98d9dc7a72,CIB,Banking,5,2026-04-11,لو سمحت عند فتح ابلاكيشسن يظهر شاشه بيضاء ومش بيفتح مشكله دي بقالها كتير,Positive
9cfb19a2-af7f-4207-a035-a6e1d369bba1,CIB,Banking,5,2026-04-11,ممتاز,Positive
c76dbda1-0e85-4853-8e40-f8c7f32f1a42,CIB,Banking,2,2026-04-11,سيء سيء جدا رافض انه يفتح,Negative
5d4a4355-b27b-43a5-ae67-b81aa49c5b85,CIB,Banking,1,2026-04-11,برنامج بقى له فتره مش عاوز يشتغل,Negative
b2df1a3b-10db-4c11-9d80-7b09cd744db0,CIB,Banking,1,2026-04-11,الابليكيشن بقا سئ سئ سئ جدااااا و بيفتح مره و 20 لاء,Negative
0d40ea7e-fe5d-4b3a-be0b-ce411c604dce,CIB,Banking,1,2026-04-10,سئ جدا بسجل جديد مش راضي ويقولي البيانات خاطئة,Negative
494342fc-3db2-4764-8344-23684c44bedb,CIB,Banking,1,2026-04-10,بعد التحديث الأخير التطبيق بيفتح بعد عدة محاولات التحديث الأخير فاشل تغيير لوجو وكل شويه تحديث ولو هغير كلمة السر بتبقي صح والتطبيق بيرفض تغيير كلمة السر ويظهرلي كلمة سر قديمه غير صحيحه والانترنت مش بطيئ التطبيق اللي فاششششل....,Negative
d8dabcda-1c24-4121-986e-1cb11d661708,CIB,Banking,1,2026-04-10,كل ما افتح التطبيق يجي لي الشاشه بيضاء مش راضي يجي اسم المستخدم والباسورد انا منزله ليه يعني عشان يجيبوا لي شاشه بيضاء,Negative
535e81b7-2624-496a-809c-3a93387eed10,CIB,Banking,5,2026-04-10,بنك محترف ومحترم,Positive
f7af6aac-6cb7-45fa-b92c-93434ed03311,CIB,Banking,5,2026-04-10,ok,Positive
e3cca53f-3325-45c8-ba0d-48ca9a712f0a,CIB,Banking,1,2026-04-09,دلوقتي مش عارف اسجل بياناتي الشخصية علي الابليكشن,Negative
785f407c-719f-4453-ab81-2c39d1e99623,CIB,Banking,5,2026-04-09,الابلكيشن من اسبوع فى مشكلة معرفش هيفضل كدا لحد امتى,Positive
258d7d84-2872-4f6f-bf62-c370a824c832,CIB,Banking,5,2026-04-09,جميل جدا ورائع,Positive
fb22789c-a440-4391-afb5-771a3b300d7e,CIB,Banking,1,2026-04-09,سيئ جدا ما بيفتحش,Negative
932f370a-8897-4656-a307-f7dd49afddb8,CIB,Banking,4,2026-04-09,كان شغال كويس دلوقت مش راضي يفتح خالص ومتعطل بسببه ارجو يكون في حل,Positive
47868c68-0b59-4053-9199-a8d943ee618c,CIB,Banking,4,2026-04-09,جيد,Positive
17f2be85-1910-4f34-97f8-af8c229577d7,CIB,Banking,5,2026-04-09,بعد التحديث الاخير في صعوبة فتح التطبيق مش بيفتح اصلا,Positive
615194c1-baab-4dc4-be08-ac93709f18f7,CIB,Banking,5,2026-04-08,جيده,Positive
08a5db81-19fc-49a5-9a3f-f7a7e2994eaa,CIB,Banking,1,2026-04-08,اكتر من عشر مرات احاول ادخل واسجل كل مرة يقولي البياانات خطأ اتصل بخدمة العملاء واعمل بكلامهم وبردوا مش عايز يدخل,Negative
d9cd8cad-b412-4103-9dff-05d923f673da,CIB,Banking,3,2026-04-08,التطبيق فيه مشكلة ... لا يعمل معي من بعد التحديث الأخير ! ادخل التطبيق يعطني شاشة بيضاء ويتوقف علي ذلك .,Neutral
1c7c0660-295e-41a9-8a45-dace90525816,CIB,Banking,5,2026-04-08,ممتاز,Positive
0ef88d39-a339-4f05-abc8-275b105f7b1a,CIB,Banking,5,2026-04-08,جيد جدا,Positive
77f2075c-0f7f-4ccb-adda-a7c62e7f6744,CIB,Banking,3,2026-04-08,الابليكشين مش عايز يشتغل اصلا بضغط عليه علشان اكله الصفحة تفضل بيضاء ومش بيشتغل,Neutral
ebc2e68f-ae93-4984-9ed2-b7830f74384c,CIB,Banking,3,2026-04-08,جيد,Neutral
9fcaffda-89b3-407e-884f-cf52cf560b82,CIB,Banking,4,2026-04-08,التطبيق بعد التحديث الاخير يستغرق وقت طويل حتى يعمل وأيضا بعض الاوقات يستغرق وقت طويل ولا يفتح مع العلم انه يتم تحديث التطبيق باستمرار نتمنى وجود حل لمعالجة هذا العطل المتكرر منذ بداية شهر أبريل 4/2026,Positive
5c02b295-a174-4aef-90e1-cd3badc51e97,CIB,Banking,5,2026-04-07,ممتاز,Positive
3d7738e5-b8d2-4940-b052-459505ef3ebd,CIB,Banking,1,2026-04-07,لايعمل من يومين,Negative
8bfed0e8-a167-4ff8-8d32-6e52772814e6,CIB,Banking,5,2026-04-07,ممتاز,Positive
f6ca1dbf-4921-492a-bdd7-b1897a6ae291,CIB,Banking,5,2026-04-07,أكثر من رائع كتير,Positive
2715b92f-6240-4b6b-b423-f791745b1843,CIB,Banking,1,2026-04-07,التطبيق لا يعمل منذ اسبوع وعند فتحه لا تظهر اي خدمات او حسابات وانما صفحة بيضاء فقط,Negative
42403bf8-d127-4a75-aaf7-c49771cd60c1,CIB,Banking,5,2026-04-07,ليه الإشعارات ل التطبيق محظوره و مش بتشتغل,Positive
b9b994e2-c9ec-41d3-ab0b-74d1d3af8f94,CIB,Banking,5,2026-04-07,ممتاز,Positive
a639c894-2592-40aa-a8ab-5d9cab32c397,CIB,Banking,1,2026-04-07,البرنامج ليه ثلاثة أيام لا يفتح,Negative
70e5a349-48de-41cd-bbc8-a47e3b35f03b,CIB,Banking,2,2026-04-06,التطبيق عطلان خن اسبوعين و مش راضي يفتح,Negative
60e523db-acc4-4eb7-8265-98b4de13f73e,CIB,Banking,1,2026-04-06,البرنامج لايفتح معي بسهولة,Negative
b6954930-199b-45e8-976e-7708d741e5e1,CIB,Banking,5,2026-04-06,تجريبي,Positive
67062df0-7f56-434d-8337-7c49a7f5405f,CIB,Banking,1,2026-04-06,هل فى مشكلة فى التطبيق التطبيق لا يعمل منذ 1-4-2026,Negative
415ba086-801b-4a80-b709-7039fdaceedb,CIB,Banking,1,2026-04-06,تطبيق سي جداً. بيفتح بصعوبه جدا جدا,Negative
c9ec9aeb-dab2-4ba6-8d90-3ccc1f8e47bd,CIB,Banking,1,2026-04-06,بقالكم أكتر من أسبوعين مش بيفتح ولما بيفتح بلاقى الصفحة الرئيسية مش موجود عليها غير خدمة النقاط فقط ولا يظهر الحساب أو الأرصدة وأيضاً من خلال انستا باي يكتب البنك غير متاح ف أيام كتير,Negative
3db33f97-4bf9-468e-8c7b-47ea7c30fbd1,CIB,Banking,5,2026-04-06,ممتازه,Positive
8c2aefde-5ecd-4b38-9d67-c709b77c7751,CIB,Banking,5,2026-04-06,تطبيق ممتاز,Positive
04c6dce3-912f-408c-a0d6-f48215c9bd7a,CIB,Banking,1,2026-04-05,علطول فيه مشاكل,Negative
2e8d5280-de07-46d5-9e4a-3a179e7c1ba4,CIB,Banking,1,2026-04-05,للأسف التطبيق مش بيفتح نهائيا,Negative
7f369369-da59-4147-95e4-d6fbfbc26e15,CIB,Banking,5,2026-04-05,السلام عليكم البرنامج مش شغال معايا بقالو يومين هل فى مشكله فى البرنامج الرجاء التوضيح وشكرا جزيلا,Positive
3a88ed29-b700-46ff-8b3a-693e64e1a36f,CIB,Banking,1,2026-04-04,بقاله 4 ايام مش شغال شغل كتير واقف عليه برجاء حل المشكله في أسرع وقت او تنزيل تحديث,Negative
cf5b4263-583f-40bc-a101-96ac0767f832,CIB,Banking,1,2026-04-04,التطبيق عطلان بقاله كام يوم هل نفسه المشكله عند حد غيري,Negative
3b7e3fb6-d34f-4554-9827-d5d49f524917,CIB,Banking,5,2026-04-04,جميل,Positive
402890a7-b4f5-4836-825b-07e18b76e6a5,CIB,Banking,1,2026-04-04,الابليكشن وقف مشغال بيجيب شاشه بيضاء ما الحل,Negative
5392e95f-d660-4de3-8b94-6752bdccb8ee,CIB,Banking,3,2026-04-04,متميز,Neutral
89203134-eefc-4921-a119-d3f51eff39ed,CIB,Banking,1,2026-04-04,التطبيق مش عاوز يفتح من 7 أيام!!,Negative
cc11fc96-bf08-439f-a0a1-dc319dcc3e84,CIB,Banking,1,2026-04-04,التطبيق بقاله يومين مش شغال بيفتح علي صفحه سوداء,Negative
c0c084dc-ec46-483e-99a6-98d65e18693c,CIB,Banking,1,2026-04-03,بيهنج كتير و كل شويه تحديث بمناسبة و غير مناسبة وكل شويه طلب تغيير باسورد و غير مسموح الرجوع لباسورد قديم لازم تعيدو النظر في سياسة البنك,Negative
61249109-9d5b-4a9a-8f95-b3710bdb3994,CIB,Banking,1,2026-04-03,الابلكيشن بقالو يومين فية مشكلة ودلوقتى مش راضي يفتح نهائى,Negative
e8a0d787-e7bd-4506-b065-9681ba877d8e,CIB,Banking,1,2026-04-02,مغلق معظم الوقت,Negative
2f2a6a52-e05a-4d46-b3ed-f657a6842c22,CIB,Banking,5,2026-04-02,توجد مشكلة في الابلكيشن مش عاوز يشتغل كويس ارجو حل هذه المشكلة,Positive
c96865b6-7928-4cb0-8bac-43127ddb7dce,CIB,Banking,5,2026-04-02,ممتاز,Positive
e1c18e3a-8664-412d-8e0a-09b99d253e2b,CIB,Banking,1,2026-04-02,خدمة زفت,Negative
22f9db36-4589-40ef-b394-2b5957ed09f9,CIB,Banking,5,2026-04-02,👍,Positive
711cd7ea-b47b-44d3-9e63-10c09dd5c252,CIB,Banking,3,2026-04-02,البرنامج مهنج ومش بيفتح وسعات يقولي الباسورد غلط وكل شويه اغيره وابشن التحويل مش شامل حجات كتير,Neutral
67f849d4-bff6-408e-b2d6-6a2ec1e5935e,CIB,Banking,1,2026-04-02,تطبيق سيء جدا لايمكن فتح بسهولة أو تغيير كلمة السر حاجة ترفع الضغط والسكر,Negative
4ec85485-7dab-4c41-a653-df1a14f4000c,CIB,Banking,5,2026-04-02,١٠٠,Positive
1978e920-ccf0-45ea-a476-bb5b1d24da1c,CIB,Banking,1,2026-04-02,الابلكيش مش شغال بقاله يومين فى ايه ممكن توضيح؟ ؟؟؟,Negative
5ebd8145-ef6d-4260-9b0d-d5323e8ae89a,CIB,Banking,2,2026-04-02,كل مفتح يديني خطأ في النظام,Negative
156a4374-e701-45fa-a545-af3320a6b857,CIB,Banking,4,2026-04-01,في مشكله في اخر تحديث التطبيق غير مستقر,Positive
490253c5-fda5-4d90-850d-7b9a677f219b,CIB,Banking,1,2026-04-01,من بعد التحديث مش راضي يفتح ارجو الحل في اقرب وقت,Negative
b2c73a00-58fc-4bfd-8b5f-2cc8b02ec9da,CIB,Banking,5,2026-04-01,راع,Positive
9790b307-fa85-4c37-9457-c01a26280866,CIB,Banking,5,2026-04-01,ممتازه جدا اسهل تطبيق,Positive
a8b6b859-444c-41b0-814c-d27c156ce2d0,CIB,Banking,2,2026-04-01,شكرا,Negative
d58ed517-45c0-4fc7-b87a-b203d7692727,CIB,Banking,5,2026-03-31,انا مش عارف اسجل ف الابليكشن عشان الفيزا مستلمتهاش سافرت قبل استلامها وبحاول اسجل بعد ما جالي رساله من البنك ان الحساب اتفعل بسجل برقم البطاقه الشخصيه او رقم الجواز بردو مافيش فايده,Positive
8de86717-6770-4d9a-8b63-e782cf4d75b0,CIB,Banking,1,2026-03-31,فى مشكله فى تسجيل الدخول كل مره يظهرلى فى خطأ,Negative
ba032e71-5b26-4a1e-9f3d-31f42f55da65,CIB,Banking,5,2026-03-31,تطبيق اكتر من ممتاز ويستاهل ٥ النجوم,Positive
daa8263f-1d2b-4d26-a1a8-e37dbdf0e27a,CIB,Banking,1,2026-03-31,ماهو مش هينفع كدا مش عارف افتح البرنامج وانا محتاج البرنامج جدا,Negative
d57f9ae2-b7fb-4622-9390-1577c5855dfa,CIB,Banking,5,2026-03-30,ممتاز,Positive
8a2ce9d6-bd19-41f3-85cb-bde838a65735,CIB,Banking,5,2026-03-30,ممتازه جدا جدا جدا,Positive
05b73f23-0aaa-42c4-b1db-4b827bacaac5,CIB,Banking,3,2026-03-29,تطبيق ممتاز,Neutral
7cf8a617-4775-4166-86f0-dd6e409756a2,CIB,Banking,1,2026-03-29,تطبيق سئ جدا,Negative
cee5d89b-b3a7-4f46-8b3d-687f6a5da5e7,CIB,Banking,5,2026-03-29,البرنامج مش راضي يسجل بيجي عند اخر خطوة وبيقول حدث خطا بيعيد رمز التحقق,Positive
8d8fc2a4-b1e0-4742-8ff0-a8a716e2d3f8,CIB,Banking,5,2026-03-29,ممتازه,Positive
0a04f903-e600-41ac-890f-50f469e1700d,CIB,Banking,5,2026-03-28,ممتاز,Positive
25a6520d-50c8-4562-a96b-4c3579b59bb8,CIB,Banking,4,2026-03-28,لم اوفق فالتسج يل,Positive
56ce41f3-31e3-4033-83e7-28d8d43a0980,CIB,Banking,5,2026-03-28,جيده,Positive
9fc1c762-6157-4ef7-8245-ea64370366e9,CIB,Banking,1,2026-03-27,اسوء من ما تتخيل عشان تغير باسوورد الابلكيشن يقولك توجه بالاتصال لموظف خدمة العملا والموظف يقولك ماينفعش حضرتك ممكن تجرب تاني من الابلكيشن ايه العبث ده😡😡😡😡😡,Negative
3a7ca47d-144e-4383-a6cf-73678951420a,CIB,Banking,5,2026-03-26,ممتاز,Positive
3dd282f5-7ef8-4a0c-b74b-2b88d3c79a51,CIB,Banking,5,2026-03-25,برنامج رائع,Positive
e952d17c-d3d5-4116-951d-3247d6b0e145,CIB,Banking,5,2026-03-24,ممتاز جدا,Positive
6f1e037d-5586-4071-962d-af6d77188325,CIB,Banking,5,2026-03-24,تطبيق رائع,Positive
b170be05-15ca-4a87-b5db-be73ba57ceec,CIB,Banking,5,2026-03-24,ممتاز,Positive
adbef645-c96a-4f34-8886-891028a4bf5f,CIB,Banking,5,2026-03-23,جيد,Positive
b231ee77-d7a8-45d5-baed-7b6648f186b9,CIB,Banking,1,2026-03-22,لا استطيع الدخول الى حسابى من خلال التطبيق أو صفحة الويب ويطلب منى الاتصال بخدمة العملاء وانا خارج البلاد وعندما اتصلت وضعنى انتظار أكثر من نصف ساعة لمراجعة البيانات وبعدها اغلق الخط خدمة سيئة جدا,Negative
bd35bbdf-9106-4c6a-9852-1ad02bd74f0e,CIB,Banking,1,2026-03-22,مش عارف التطبيق كان شغال كويس قبل التحديث لكن دلوقتى مش راضى يفتح معى خالص,Negative
120062b7-0b10-485a-90a9-612251efbd1c,CIB,Banking,1,2026-03-22,الابلكيشن مش بيفتح شلته وسطبته تانى نفس المشكلة.مفيش حل؟,Negative
a6a94966-d85b-4e53-aeef-e859c3cda527,CIB,Banking,1,2026-03-21,الابلكيشن الاول قبل التحديث كان افضل بكتير,Negative
bd3dfce8-ee5d-48bc-a7c9-b4d831aa3d5b,CIB,Banking,5,2026-03-21,ممتاز,Positive
f670537e-da4f-49c0-9400-37b6d25ab4b5,CIB,Banking,5,2026-03-21,مش عرف اشترك في المسابقة,Positive
34ac46d7-52dc-4717-8ef7-03d896b75b28,CIB,Banking,2,2026-03-21,بيعلق مش بيفتح بسهوله,Negative
e170e2b9-4c24-431c-8f25-227d59cce8b8,CIB,Banking,5,2026-03-20,بسجل البيانات صح ويجيب لي خط,Positive
b9c91d85-3c18-4d75-a282-a29ceeba6a6f,CIB,Banking,5,2026-03-19,من أحسن البنوك في مصر وخدمة العملاء فوق الممتازة,Positive
422e4ee6-2bfa-4040-bdf6-c58ec4cb08df,CIB,Banking,1,2026-03-18,تطبيق سيء جدا جدا جدا بسبب اني نسيت الباسورد تم قفل البطاقه ولما حاولت اكلم خدمه العملاء لحل هذه المشكله لم اجد رد مناسب اوحل للمشكله,Negative
1a2a9381-1385-4a4f-b16b-585b05fa710a,CIB,Banking,5,2026-03-18,بنك جميل,Positive
fcd32e9a-b94f-4758-9859-b64fbc680cf9,CIB,Banking,1,2026-03-17,التطبيق لا يعمل,Negative
d815d24c-251b-4fb2-b85f-ed9e288a82db,CIB,Banking,5,2026-03-17,ممتاز جدا,Positive
5e9e5411-35ca-45f1-84ee-3c6dcf7730ca,CIB,Banking,5,2026-03-16,ممتاز,Positive
77bb27f0-af81-4694-bde5-f359a3d9a822,CIB,Banking,5,2026-03-16,good,Positive
b744a310-4fd7-4da9-ab18-85f34d5e372b,CIB,Banking,5,2026-03-16,من افضل البنوك,Positive
04e81c30-208a-42be-b9d0-bd7959a83362,CIB,Banking,1,2026-03-16,تطبيق سيء جدا تغيير الباسورد وتم التحدث مرتين مع ممثلي خدمه العملاء ولم يتم تغيير الباسورد,Negative
f25bece5-d1df-4e7b-95b8-9876e8cc7c40,CIB,Banking,1,2026-03-16,للاسف نفس العقلية في الإجراءات بيروقراطية تعسف موظفين خدمة العملاء مش فاهمين سياسة البنك وكل واحد مايصدق يرميك علي التاني متاهه من غير نهاية عشان نقل التوقيع البنكي بتاعي من حساب قديم لحساب جديد تم وقف حسابي وفيزا وحتي تحويل من انستاباي ليه كل ده بقالهم ٨ ايام محدش عنده معلومة ولا إجابة ولا تفسير بنك للاسف مش منظم ولا فاهم شغله,Negative
fa71b6f5-20e8-4f71-aa3b-208d1e5edf1b,CIB,Banking,1,2026-03-16,برنامج زفت ومش راضي يسجل وكلمت خدمه العملاء 8 مرات ومتحلتش كله زفت,Negative
1dab0aeb-5ad2-4632-b533-bde6d72d4fac,CIB,Banking,1,2026-03-15,مش عارف اغير الباسورد برنامج سئ جدا جدا اكتر من ٢٠ مرة اكلم خدمة العملاء,Negative
fcb697ca-8017-4966-8320-3383d293994c,CIB,Banking,2,2026-03-15,الأبلكيشن القديم كان افضل لا اعرف انابع مشترياتى منه كما كان فى السابق والان مغلق ولا يقبل كلمة السر او تغيريها ولا يقبل كلمة السر لكارت الأئتمان ولا كارت الحساب,Negative
69522a5b-a538-40a6-9716-0d7de19f4572,CIB,Banking,5,2026-03-15,ممتاز,Positive
1eb4a2f1-8aa3-4037-9c46-236eaac06e05,CIB,Banking,1,2026-03-14,والله منكم لله بقالى ساعه بحاول اعمل تسجيل دخول ومش عارف ولا عارف اعمل اى,Negative
b1dde6e9-6263-48b4-99f8-4251e337d6eb,CIB,Banking,1,2026-03-13,عندي مشكله في الباص ورد من بعد التحديث وخدمه العنملاء سيئه للغايه ارجو حل المشكله ؟؟,Negative
3207d568-18a6-45df-bfeb-8eb75de5fe79,CIB,Banking,5,2026-03-13,ممتازه جدا,Positive
2718dc6d-ecb0-46f2-b18d-a94d2315dc3e,CIB,Banking,1,2026-03-12,لايعمل خارج مصر الرجاء المحاوله مره اخرى بصراحه قمه المهزلة,Negative
4ebed8a4-5938-400d-871e-5aef660cefee,CIB,Banking,5,2026-03-12,ابلكيشن تحفة ومميز,Positive
a8432e15-9ce5-4bd1-9144-ee1e82a82185,CIB,Banking,5,2026-03-12,جيد جداً جداً جداً nuevo,Positive
de6b4644-938e-4f28-8604-8ed633d07704,CIB,Banking,5,2026-03-11,ممتازه,Positive
8f34ca73-f264-4ec4-99b5-8957280e33a8,CIB,Banking,5,2026-03-11,ممتاز,Positive
0efa9f34-486f-43ce-a0b4-b53febca2e40,CIB,Banking,5,2026-03-10,جميل,Positive
a73462ca-6b9c-49df-96eb-bee839479a0e,CIB,Banking,1,2026-03-10,فاشل,Negative
d982b84f-73fa-48b5-aceb-a45c6180c3c7,CIB,Banking,1,2026-03-10,ابلكيشن سيئ جدا كتير اكتب كلمة السر صح يمنعني من الدخول للابلكيشن ورجعت وضعت كلمة سر آخره وكتب تمت كلمة السر بنجاح ويرجع تانى يمنعنى تانى من دخول الزفت الابلكيشن شوفتكم حل,Negative
d99269a5-0fc0-4885-9a6e-01247b312627,CIB,Banking,5,2026-03-09,ممتاز,Positive
9453fe14-9383-4ebc-b133-a344c9ef717d,CIB,Banking,4,2026-03-09,تطبيق سئ جداااا بحاول اكتب الباسورد يقولي محتاج باسورد جديد ولما اجي اعمل باسورد جديد يقولي فشل المحاولة 😡,Positive
fc100498-6ebf-4f0a-90b4-b15e0d95a90a,CIB,Banking,5,2026-03-09,رائع,Positive
252b04a0-847c-4f26-9ce2-cb43d4890e33,CIB,Banking,2,2026-03-09,برنامج ممل البرنامج كان يعمل وفجاة لا يريد انا يقبل كلمة السر احاول كثير تغير كلمة السر دون جدوى ولم اتصلت بخدمة العملاء ردت عليا ب انتظر مع الدعم الفني لا استطيع مساعدتك,Negative
2ac10ea6-2b41-4d45-966a-4ff64680cc25,CIB,Banking,5,2026-03-09,good 👍,Positive
84af4429-a5bc-4814-b857-d026cd20a22f,CIB,Banking,5,2026-03-08,أفضل بنك في مصر كلها,Positive
cb4707e5-5b7a-4cdd-8875-8a2d3e9695e6,CIB,Banking,1,2026-03-07,سيء لا يعمل,Negative
79a972e1-ac0d-40bf-a3ca-10cba4f6647e,CIB,Banking,5,2026-03-06,ممتاز,Positive
27b112d0-1418-47e6-a27d-2cf8bb095255,CIB,Banking,1,2026-03-06,كان لدي حساب علي التطبيق لكن قمت بتبديل الهاتف الذى قمت بالتسجيل به وحاليا عند كتابه كلمه المرور تظهر لى ناقصه حرف قمت بالاتصال بخدمه العملاء وزياره الفرع دون حل,Negative
554a9334-6690-4520-bea7-f05ab46368ce,CIB,Banking,5,2026-03-06,جيد جدا,Positive
e8206161-d22e-4172-86f9-92901aa80f8c,CIB,Banking,1,2026-03-06,لم يتم تسجيل الحساب دايما بيقول رمز التحقق غلط,Negative
0106e6c9-7420-44b3-ac78-35753ac2818c,CIB,Banking,1,2026-03-05,انا خارج مصر والتطبيق لا يعمل احتاج الي تغيير الباسورد ولكن عند التغيير تظهر رساله خطأ في البينات ولا اعرف كيف احل الأمر,Negative
dbc8dc7b-455c-4c09-93a8-2ec6bb799f2e,CIB,Banking,1,2026-03-05,لماذا لا يمكنني فتح حساب من الابلكيشن,Negative
38e45f1c-eccc-460a-a67c-741b9303b8bd,CIB,Banking,1,2026-03-05,التطبيق طلب التحديث وبيقول لم يتوافق مع الموبيل اغير التليفون عشان التطبيق مثلا,Negative
6495c1b4-d7ce-4bff-bba4-51a8aee10afa,CIB,Banking,5,2026-03-05,بنكي المفضل,Positive
e2f53cd3-a531-433d-95da-dca6dcc8da43,CIB,Banking,1,2026-03-05,ابلكيشن سئ بجد كل شوية كل ماكتب الباسورد يقولي خطا وانا خارج مصر ومش عارف اتمم المعاملات المالية بتاعتي علية خالص وخدمة العملاء مش بتفدني باي شئ,Negative
196dd73e-8a7a-4ae2-bcc7-40febbec474d,CIB,Banking,4,2026-03-04,ياريت يتعمل تنبيه حتى من خلال التطبيق مش شرط رسالة نصية عند التحويل بين الحسابات في نفس البنك لان الموضوع صعب شوية في ارسال الايصال انا اقصد طبعا الحساب المستلم,Positive
27b72483-d4ef-443b-9b1b-694a09bb4910,CIB,Banking,5,2026-03-04,جيد,Positive
25efc2e0-3c34-405d-b931-6eea6230c669,CIB,Banking,1,2026-03-04,التحديث فاشل جدا والابلكيشن مابيفتحش يرجى إعادة تحديث يتناسب مع جميع الهواتف,Negative
a0ee0896-9b33-478e-abb4-09bbed7ec247,CIB,Banking,4,2026-03-03,التطبيق مش راضى يشتغل,Positive
d5d7eebc-a507-4dcb-93ad-ad1a8c36424f,CIB,Banking,5,2026-03-03,ممتاز,Positive
1073d7c8-6a0f-47c1-9e7f-56d1671af587,CIB,Banking,1,2026-03-03,مش عاوز يفتح معي الخدمة غير متاحة حاليا,Negative
5530893f-bc7d-4f8c-8783-a62e67e8ffa8,CIB,Banking,5,2026-03-03,جيد جدا,Positive
e0b54c09-bc4e-4c92-9fd2-35cbebc16603,CIB,Banking,1,2026-03-03,في مشكله مش عايز يفتح خالص بعد التحديث ويقولي الباسورد غلط ازاي,Negative
44038e9f-e2e5-4ba2-8585-7229f98f27a2,CIB,Banking,2,2026-03-02,البرنامج يعطيني صفحة بيضاء ولا يفتح,Negative
fe9ad378-fbb5-4bae-adb9-c913ab51ffed,CIB,Banking,5,2026-03-02,Excellent,Positive
06a19ee1-af57-4101-a65d-55a64def665e,CIB,Banking,5,2026-03-02,جيد جدا,Positive
e5265c4f-7e7e-44c9-ae71-69df903f1f93,CIB,Banking,5,2026-03-02,good,Positive
b9772d51-f690-4876-9141-cb8f2850aa8b,CIB,Banking,5,2026-03-02,ممتازة,Positive
86c8756f-b786-44d2-a731-0aeda733652d,CIB,Banking,1,2026-03-01,بعد التحديث الاخير لم اتمكن من تسجيل الدخول,Negative
bd8201be-e5b9-42d5-8f0d-25b073dbe46f,CIB,Banking,1,2026-03-01,يوجد عطل ولم يتم التسجيل,Negative
4b28fe27-7ea6-43b0-995c-f4ca95cfbdeb,CIB,Banking,1,2026-03-01,تطبيق سى جدا غير كلمه السر وكل ماحاولت الدخول يقولى تسجيل خطأ واتصلت بخدمه العملاء ولا اى حل منهم,Negative
25cddfc4-17d9-4e0a-85a8-34649e8284af,CIB,Banking,5,2026-03-01,أفضل بنك فى مصر الخدمه مميزى,Positive
08338a16-4402-454d-a038-0178ef36e524,CIB,Banking,4,2026-03-01,ممتاز,Positive
e4d071f2-c941-41a1-a520-3f2425ea1935,CIB,Banking,5,2026-03-01,جيد جدآ,Positive
d717cbc4-66f5-437c-b91b-e6b3d4108555,CIB,Banking,1,2026-02-28,خدمه سيئه بعد التحديث الجديد رفض الباسورد واكلم خدمه العملااء ويفضلو معلقين المكالمه وف الاخر من غير فايده,Negative
e27010c1-4488-49af-9a97-06355605247b,CIB,Banking,1,2026-02-28,كل ما اجي اعمل انشاء حساب رمز التحقق الامني بدخله صح بيقول لي خطا كل مره,Negative
d532901f-4bd6-4a50-9110-46c2e2a8339d,CIB,Banking,1,2026-02-27,سي جدا,Negative
dd3eef05-0a51-4e4c-af36-672ab252bb62,CIB,Banking,1,2026-02-27,تطبيق سئ جدا جدااااا,Negative
44c2efc0-31aa-4f04-a86d-3b319260f0f7,CIB,Banking,1,2026-02-27,للاسف بحاول افتح التطبيق بعد التحديث بيطلب تسجيل الدخول وبعد ما اسجل ويبعتلى رمز التحقق بيقول ناسف وارجع اسجل من تانى,Negative
024be33c-0578-4411-913a-20da06785e5b,CIB,Banking,1,2026-02-27,بنك مش محترم موظفين غير محترمين انا هاقفل حسابي عندهم,Negative
e0dc5afd-ec6f-4bcb-b554-23c3e91896c5,CIB,Banking,5,2026-02-27,ممتاز,Positive
16f3002c-f520-49df-b5b2-74a267a212e3,CIB,Banking,5,2026-02-27,ممتازة,Positive
a8ad84e3-d3a4-4fef-ac95-b99997581eb8,CIB,Banking,5,2026-02-27,جيدا,Positive
735bb2cf-6a84-499c-9581-b517be652dce,CIB,Banking,5,2026-02-26,جيد جدااااااا,Positive
fd8be1f1-a737-49a9-a7de-670274d333a9,CIB,Banking,5,2026-02-26,نعم جيدا جدا,Positive
3c42bdeb-ef8a-4efb-be38-764244c65d22,CIB,Banking,5,2026-02-26,ممتاز,Positive
86482109-25eb-48d6-bbd7-01f2b1ad732e,CIB,Banking,1,2026-02-25,ابلكيشن سئ جدا مش عارفه اغير الباسورد,Negative
b7165332-ca0a-47ae-a6e6-c75b116ddf8c,CIB,Banking,5,2026-02-25,جيده,Positive
0268cebd-b2f4-401f-84e3-cc428ba22411,CIB,Banking,1,2026-02-25,تطبيق سئ جدا مش عارف إغير باس ورد من بعد التحديث النجمه خساره فيه,Negative
f4ba7ae4-1cb7-44c7-8400-e48f2be10bc3,CIB,Banking,5,2026-02-25,ممتاز,Positive
91240d69-f9cd-4e58-9bed-c69d2a858d7c,CIB,Banking,5,2026-02-25,كويس جداا,Positive
b21938cf-e827-46d2-8c6e-41ef5ab0a911,CIB,Banking,5,2026-02-25,متاز,Positive
caa80ae2-9c3b-4c46-bad9-0aa6b9dd87c7,CIB,Banking,4,2026-02-24,جيد,Positive
12505de9-e428-4d31-a330-8ca043f8c07e,CIB,Banking,1,2026-02-24,الابلكيشن بيتوقف كل 3 شهور تقريبا فجأه ويطلب نتصل بخدمه العملاء بنتذل عشان يرجع يشتغل 😥,Negative
b34d9633-045d-435f-a66e-4111ea18a4dc,CIB,Banking,1,2026-02-24,الابلكيشن مش عايز يفتح معايا بقالى يومين مش عايز يفتح و مسحته و نزلته من تانى مش عايز يفتح خااص,Negative
d901027f-5887-46d5-9028-0534678fa258,CIB,Banking,3,2026-02-24,التطبيق مش بيفتح َعلق هو والانستا فجأه ومسحته ونزلته تاني نفس الموضوع,Neutral
7caa31d6-c911-4de7-9465-f2cc5edadea2,CIB,Banking,5,2026-02-23,ممتاز جدا,Positive
7aafc168-4ef5-4fa7-88a4-d6e490c1a2cf,CIB,Banking,5,2026-02-23,CIB هو اختيارى,Positive
584b6536-ef86-4443-b5f9-be9e475d537e,CIB,Banking,1,2026-02-23,سيئة..,Negative
34555ba3-09df-4b5b-970b-22c5260d56d3,CIB,Banking,1,2026-02-22,سيئ جدا بعد التحديث بيقولي لم يعد جهازك يتوافق مع التطبيق يعني لازم اغير التليفون عشان افتح الابلكيشن يعني ولا ايه مش عارف .,Negative
675c8d06-0d90-4892-ab71-406bf40448ae,CIB,Banking,5,2026-02-22,v.good,Positive
517943be-835d-4a4c-818d-b640ad7cd721,CIB,Banking,5,2026-02-22,ممتاز,Positive
ed0547c1-2aa1-4334-9536-41e73b01a4ec,CIB,Banking,5,2026-02-22,ممتازة جدا,Positive
1c25054a-b77b-4572-a497-ba26e8f4f027,CIB,Banking,5,2026-02-22,ممتاز سرعه ودقه وامان,Positive
a80401fd-70cc-4bfb-9d22-06fdc52579ad,CIB,Banking,5,2026-02-22,مميزة,Positive
92c8276c-3ff1-4d3d-96c4-16c8523d4a25,CIB,Banking,4,2026-02-22,جيدا,Positive
f12ee5a0-aab5-4dd9-95ef-4a64df102aab,CIB,Banking,5,2026-02-22,ممتاز,Positive
8c19fbed-1c64-4cc5-a4fe-09b3ba862b4b,CIB,Banking,5,2026-02-22,لي شهرين لم اتمكن من فتح وتجديد كلمة المرور. مع العلم ان علامة صح ✅بتكتمل,Positive
651acb19-a635-40ec-b19e-4145aab8d46f,CIB,Banking,1,2026-02-21,مش عارف اغير الباسورد بقالى اسبوع,Negative
ab43fc71-f69c-45e1-942a-0d124ab00b36,CIB,Banking,1,2026-02-20,تطبيق سي للغايه كل ما اكتب المعلومات صحيحه يقولي التسجيل الدخول خطئ,Negative
312e980e-b084-4b9a-a686-a2ddc8eb8b62,CIB,Banking,5,2026-02-20,ممتاز جدا,Positive
53743a73-2f9b-465f-a90d-105c7b366fe3,CIB,Banking,1,2026-02-20,تجربه ممتازه,Negative
b67e8662-4a6a-4c09-bbc4-3c911f421492,CIB,Banking,5,2026-02-20,ممتازجدا,Positive
855b2db2-b47c-48b9-ad58-5cafd6505913,CIB,Banking,1,2026-02-19,الابليكشن عندي في مشكلة من ساعة ماغيرت الموبايل مش بيسجل ولما كلمت خدمة العملاء ماعرفوش يحلو,Negative
f4060b16-72d8-40df-aca3-0ae459b23686,CIB,Banking,5,2026-02-19,ممتاز فعلا,Positive
b2d4a5dd-24fb-46ca-bf11-fec0890c2efb,CIB,Banking,1,2026-02-19,بجد موضوع مستفز كل فترة لازم منعرفش نفتح الابلكيشن ونتفاجئ اننا لازم نغير الباسورد وحوارات مع خدمة العملا لحد م ده يحصل,Negative
ae21a54b-94be-440d-aeab-d0fa842a9927,CIB,Banking,1,2026-02-18,برنامج صعب الدخول علي وبيطلب الرمز الي بيجي كل شويا وبيجيب خطأ في البيانات,Negative
2d3a4c7e-93ac-4be6-818f-4236d34f017e,CIB,Banking,1,2026-02-18,ابلكيشن سيء جدا باقي اغير الباسورد رقم الكارت يطلع غلط في الابلكيشن,Negative
d6187c9e-6256-46e1-ace1-0b20b006bbda,CIB,Banking,1,2026-02-17,ابلكيشن سيئ جدا علشان اغير الباسورد لازم اكلم خدمة العملاء,Negative
409d24ae-efb7-461d-a875-9fcc82b4a9a8,CIB,Banking,1,2026-02-17,ممتاز,Negative
30a41596-4b03-4b77-9231-7b6d0c6c51d9,CIB,Banking,1,2026-02-16,سئ جدا للغاية لسبب أن لازم اتواصل مع خدمه العملاء في حاله اللاج,Negative
f981c856-0dcd-4ea4-ba20-8da090adb29d,CIB,Banking,1,2026-02-15,سئ جدا جدا,Negative
0d3ccbd9-7202-42c0-b84b-f380098837b5,CIB,Banking,3,2026-02-15,راي سهل الاستخدام,Neutral
deff3863-3790-4f07-9e09-5029c0974afd,CIB,Banking,5,2026-02-15,برنامج ممتاز جدا,Positive
206b3e7d-a6cd-4659-a273-bfa4ecb1509d,CIB,Banking,5,2026-02-15,منننن,Positive
4be561a2-984d-4db1-9064-dd813ae2cf11,CIB,Banking,1,2026-02-15,مش بيشتغل ومش راضي يسجل حسابي ويجيبلي خطاء,Negative
4fc785c3-cbc1-44ed-8739-24c6fc8b441d,CIB,Banking,5,2026-02-14,good,Positive
34bcd631-d2d6-41be-b908-c0bef51313f5,CIB,Banking,1,2026-02-14,خدمة سئية جدا الابلكيشن من اخر تحديث خرج من كل حاجة وانا نسيت الباسورد ومش عارف افتحه تاني ارجو الحل في اسرع وقت,Negative
74c1ae4a-2f2d-4ee2-9061-2f4ce2250c25,CIB,Banking,5,2026-02-14,انا خارج مصر والتطبيق طلب تحديث الباسورد وكل ما احاول ادخل الباسورد يقولي دخول خاطئ برجاء الحل ؟؟؟؟؟؟؟ تم التواصل وحل المشكله,Positive
4f60eed4-9176-4f5a-be4f-c3292a7f2968,CIB,Banking,1,2026-02-14,سيئ جدا تطبيق فاشل في التحديث,Negative
ca2ffc11-912d-4d01-bfe5-cb523000b103,CIB,Banking,5,2026-02-13,هو تطبيق ممتاز بس ياريت يفضل دليل تحويل يكون صوره بدل pdf العقيم ده,Positive
1d8e0ffe-3459-459c-ab4c-cab7184c29e8,CIB,Banking,5,2026-02-12,ممتاز,Positive
a388fee9-5d46-4f56-9860-10aeda76488f,CIB,Banking,5,2026-02-12,good very I love him im use this every day will exllant,Positive
26b28378-6e52-466b-a87d-924b2d853ba0,CIB,Banking,5,2026-02-12,اشكر خدمة العملاء على الاستجابه السريعه وحل المشكله شكرا جزيلا,Positive
40dac402-2d60-481d-8127-053c69971c95,CIB,Banking,1,2026-02-12,التطبيق بعد التحديث الجديد مش بيفتح نهائى,Negative
a619cd92-e3f4-4d9d-9616-543e67ec01eb,CIB,Banking,1,2026-02-12,الابلكيشن الانترنت البنكي للأشخاص ابلكيشن سهل جدا وسريع في الخدمة لاكن خدمة الانترنت البنكي للشركات خدمة سيئة وموقع بطئي للغاية وماتعرف تستخدمه اتمني تطوير خدمة الانترنت البنكي للشركات وتسوية الابلكيشن,Negative
85168f56-1c5a-4c2f-8ea7-ae3b1ebda5fc,CIB,Banking,2,2026-02-11,انا مش فاهم في ايه هو طلب مني تغيير الباسورد وبعد كده اتصل بخدمه العملاء ليه كده انا مش فاهم,Negative
4a4b83ec-8ff6-46de-882c-9e73b0595276,CIB,Banking,5,2026-02-11,جيد,Positive
6264f586-4f63-4af2-a166-ccc398bfa295,CIB,Banking,1,2026-02-10,سيئ جدا,Negative
9a643039-1e57-4f8e-89f5-a6891727cf9d,CIB,Banking,1,2026-02-10,تطبيق فاشل جدا لمدة ساعة كاملة مش عارف أعمل رقم سري جديد [ ودى حاجه بسيطة وسهلة جدا ] لكن التطبيق سئ جدا جدا جدا لا يستجيب بسرعة ولا يتم العملية أصلا أنا رايح الماكينة ATM 🏧 أسهل .....................,Negative
e905bec6-8f1c-4444-bd1e-86513c45e6e8,CIB,Banking,5,2026-02-10,تمام,Positive
0b48031f-f78e-4d7e-889c-9fc3feb91b87,CIB,Banking,5,2026-02-09,ممتازة,Positive
9aedcb6c-a752-4103-b743-849484558d90,CIB,Banking,5,2026-02-09,ممتازه,Positive
76eeda13-30b4-4453-a2fe-c679e6f72ff6,CIB,Banking,5,2026-02-09,جميل جدا,Positive
446888c5-5536-4058-9870-03e39f66ca06,CIB,Banking,5,2026-02-09,ممتاز,Positive
b53a2630-1bb9-41b8-9d7c-ef412c535d8e,CIB,Banking,5,2026-02-09,سهوله التعامل وخدمات متميزه,Positive
ad6adabc-7339-4337-b3ff-3844e5e17070,CIB,Banking,5,2026-02-09,للتعديل والشفافيه . تم حل المشكله في اسرع وقت شكرا جزيلا .. دخلت ع الابلكيشن خرجني وجيت ادخل تاني قالي باسورد خاطيء طيب ازاي ؟ غيرت الباسورد بردو رافض بيقولي خطأ .. بتواصل مع خدمه العملاء يقولي اكتب كود عشان تروح للقائمة الرئيسيه ايه كل ده في ايه ؟ .. حد يتواصل معايا بعد اذنكم,Positive
b425eb1d-1d16-43e2-a81d-d0d07236d819,CIB,Banking,1,2026-02-08,برنامج سيئ جدا ومش بيفتح,Negative
534c3613-64cb-4623-be53-6b8926d68e13,CIB,Banking,1,2026-02-08,اسوء بنك واسوء تطبيق بنكي للأسف حتي خساره النجمه الواااحده,Negative
1da9dd03-f2d6-4618-994d-d7005d9847ca,CIB,Banking,5,2026-02-08,ممتازة,Positive
3c251528-2825-4b12-bfc2-aa5fddc7db28,CIB,Banking,5,2026-02-08,تطبيق رائع,Positive
8931fad8-be32-4e6e-b96d-18f7b8d3bfe3,CIB,Banking,5,2026-02-08,ممتازه,Positive
38cb3a52-d368-43a6-80a1-8cdf7ffed6cc,CIB,Banking,5,2026-02-08,لا يعمل رغم ان كل البيانات صحيحه,Positive
0f3ea0e7-de5f-4542-9409-a2dbae64ad31,CIB,Banking,5,2026-02-08,excellent,Positive
cd78ea4c-88fd-4752-8870-788b333f8185,CIB,Banking,5,2026-02-07,البرنامج جامد جداااااااا,Positive
036107ca-9076-4465-910a-5fd9e50be368,CIB,Banking,5,2026-02-07,جيده,Positive
19eeb1ec-4452-4d7d-8d8f-a9ff11ef760a,CIB,Banking,5,2026-02-06,ممتاز,Positive
d29fb137-2490-4821-a471-754605be200c,CIB,Banking,1,2026-02-06,البرنامج لا يعمل ولا استطيع التسجيل دخول بكل الطريقه,Negative
1c28fc47-f6c2-42ef-94c3-fa264971337f,CIB,Banking,5,2026-02-06,ممتاز,Positive
39dd0582-dbd1-4d1a-a456-ed8b3532f987,CIB,Banking,2,2026-02-06,عند التسجيل يظهر رسالة ان البيانات غير صحيحة جربت برقم الحساب ورقم البطاقة الشخصية ونفس النتيجة للعلم الحساب شركات جاري,Negative
4e008d85-1362-42eb-8341-9f8f9760b9b0,CIB,Banking,1,2026-02-05,بعد آخر تحديث البرنامج لا يتوافق مع جهازى,Negative
2d16ad72-f2cc-44bf-a059-91d6aa05b8e7,CIB,Banking,5,2026-02-05,شكرا Cip,Positive
60879796-8024-4294-a966-a19c8bcbeae6,CIB,Banking,5,2026-02-05,الله الله جميل جدا وسهل كل شي,Positive
a60b9245-c06a-49a8-bd6c-a1d062cbd306,CIB,Banking,5,2026-02-05,ممتاز وسهلا الاستخدام,Positive
6d7c0afe-6e79-4c27-a571-88dbb72a13cf,CIB,Banking,1,2026-02-05,برنامج سئ كل ما اعمل تسجيل دخول يقول حدث خطأ اعمل ايه,Negative
ddec0edd-ac04-4f31-8ebf-ec4e8cfd510d,CIB,Banking,5,2026-02-05,هو برنامج ممتاز جدا جدا جدا جدا ولكن يرفض التحديث,Positive
c8a88f5e-d78c-4488-9534-12c3fbb7a43e,CIB,Banking,1,2026-02-05,معاناه معاناه طلب كتابة اسم المستخدم وكلمه المرور كل مرة ، حاجة فى غاية الإستفزاز,Negative
b8d2761f-cc57-4220-96e9-9264bf07f49b,CIB,Banking,5,2026-02-05,يعمل بشكل جيد ممتاز ♥️♥️,Positive
ed0b6b91-2d1f-48b6-986f-9c457fb3bc26,CIB,Banking,1,2026-02-05,النسخ الجديده مش شغل عندي,Negative
01b4f01e-ef7b-43e3-bd00-0be1b219bfd6,CIB,Banking,5,2026-02-05,I can't register for mobile application,Positive
7d823cf5-260c-47d2-9bb9-e95001899fa1,CIB,Banking,5,2026-02-05,ياريت المساعدة كل ما ادخل البيانات يقولى غير صحيح ..... تم التواصل من خدمة العملاء احب اشكركم على اهتمامكم بالعميل خدمة عملاء محترمة جدااااا,Positive
9ef43c85-cdfb-40f3-8d7e-3e4e15999a83,CIB,Banking,5,2026-02-04,اخر تحديث كل لما اجي أحدثه يقولي الجهاز لا يدعم هذا البرنامج يرجى الاتصال بمطوري البرامج,Positive
bca3d28e-38fb-4c94-addc-4aa191569e9b,CIB,Banking,5,2026-02-04,ابلكيشن سيئ بحاول اغير الباسورد لكن رافض ولازم اتصل بخدمة العملاء اللي حرفيا ممكن افضل مستني نص ساعه عشان حد منهم يرد تعديل تم حل المشكلة شكرا جدا,Positive
33b8d9c1-ac27-4616-9d91-68366e14d1ad,CIB,Banking,1,2026-02-03,تعبان,Negative
5febe9ef-aa95-4ab3-9ae5-49179cffbf12,CIB,Banking,1,2026-02-03,قول ماجي اسجل يعطيني خطاء في التسجيل رخم قول شي صح وحولت اكثر من مره لما زهقت من المحولات,Negative
aeb302ab-7e35-4cfa-b22c-1918e63523d9,CIB,Banking,1,2026-02-03,كل معمل دسجيل دخول ميكملش لالخر ويخرجني تجربه فاشله,Negative
1c3cb2e7-ba34-40dc-9b51-4fefdfaf90f0,CIB,Banking,5,2026-02-02,منتاز,Positive
98ba9b6b-76b3-4a09-a1ab-2a96238905ae,CIB,Banking,5,2026-02-02,ممتازه,Positive
9b071a70-8a95-4c96-b8d9-b4268b340438,CIB,Banking,5,2026-02-01,good,Positive
da28e9dc-f67d-4685-979d-fca29919a9e1,CIB,Banking,5,2026-02-01,ممتاز,Positive
8f070518-b3f7-4c25-8f8d-7a0b4cc6d73f,CIB,Banking,5,2026-02-01,ممتاز,Positive
91b15153-b7c0-4d66-af2b-fdb6711fb84c,CIB,Banking,1,2026-02-01,بسجل حساب جديد على التطبيق يكتب معلومات خطأ جربت اكتر مرة عايز حل,Negative
c405499a-92ca-4a7d-9b24-746c112f82bc,CIB,Banking,1,2026-01-31,شراء شهادة الذهب الجديده غير متاح على التطبيق,Negative
0f289ae6-6408-4dc5-80da-f9901ea4c209,CIB,Banking,1,2026-01-31,بقل على الموبيل على طوال يطلب الرقم السر,Negative
16f43a8c-12e0-4c79-8ec4-5b7cb86e2479,CIB,Banking,1,2026-01-30,التطبيق مش شغال .اصبح بعد التحديث لا بتوافق مع الجهاز..المفروض اغير الموبايل يعني ...دا كلام,Negative
fee432da-86fa-4308-a828-3f631d293ee4,CIB,Banking,1,2026-01-30,التطبيق ده ليه أكثر من شهرين مش شغال معايا وكل شوية يقول محاولة خاطئة وكمان كلمت خدمة العملاء ومفيش فايده وحتي مع تغيير كلمة السر أكثر من مرة طيب أعمل إيه,Negative
767949fc-2b79-4460-906f-6bf01b64c766,CIB,Banking,5,2026-01-30,تطبيق اكثر من راااااااااائع والله,Positive
e96718fe-78c0-4421-afc7-6c6fba67c7ac,CIB,Banking,1,2026-01-30,هو مش راضي يفتح معايا في كل محاوله مش عارفه ايه السبب وكنت عايزه اعرف تفاصيل عن شهادة الدهب واستفسارات خاصه بحسابي,Negative
5989fc34-62b7-415c-91f9-8613cb69b959,CIB,Banking,4,2026-01-29,هو بنك السي اي بي كويس بس التطبيق الجديد دوت مش حلو خالص الاول كان احسن,Positive
8595d407-9b92-4c78-8ec9-21a3e65e1d61,CIB,Banking,5,2026-01-29,رائع,Positive
cb82be56-811e-4552-a0ef-5b9fc2b5f7fa,CIB,Banking,5,2026-01-29,البنك رفم وان في مصر,Positive
27cbdc8c-dafa-436d-84bd-d2e2b42ba257,CIB,Banking,5,2026-01-29,التطبيق لأ يعمل غير متوافق مع الموبايل برغم أنه كان يعمل مع النسخة الماضية,Positive
5307f888-7e6b-419b-a5e2-7423e8b4e405,CIB,Banking,5,2026-01-28,مش عارف افتحه ازاي,Positive
bd38622a-3e5c-4c54-8c36-25d85642a4c6,CIB,Banking,5,2026-01-28,good,Positive
88d70e04-ced0-4687-8f1e-b649d2dbcec4,CIB,Banking,1,2026-01-28,مش عارف اعمل حساب بيقولى خطا فى البيانات عايز اعمل حساب عشان احل المشكلة,Negative
ccb8ceec-d14a-432b-8a1f-f98f9d29b8cc,CIB,Banking,5,2026-01-28,صابر محمدعبدالرحمن,Positive
255270d0-ee21-4a5d-a3de-8afb20b315d5,CIB,Banking,5,2026-01-28,البرنامج لا يريد الدخول نهائي الي الحساب,Positive
a113e45f-d90f-42cc-8fcc-ee47557eb74e,CIB,Banking,1,2026-01-28,برنامج غبي جدا جدا جدا علشان نسيت الباسورد حواار وتعقيدات ومش عارف ادخل خالص وكل م اكتب باسورد جديد يقولي اتصل بخدمه العملاء وخدمه العملاء يحولوك للخدمه الصوتيه والخدمه الصوتيه ف قمه الغباء وكل الناس الي اعرفها حصل معاهم نفس الكلام ومش عارفين يدخلو الابلكيشن بعد م نسيو الباسورد,Negative
4b922ff3-7923-4dc8-bbe9-5d500c3ef31f,CIB,Banking,1,2026-01-28,كان جيد ف الأول ولكن مع التحديث الاخير يقول لي غير متوافق مع الهاتف,Negative
54ad59cd-e98f-442b-bd89-64ba053d4821,CIB,Banking,5,2026-01-28,تطبيق رائع جداً جداً جداً,Positive
659e759d-8552-4899-afe9-33a0b1662bf5,CIB,Banking,5,2026-01-28,التحديث الجديد جامد بصراحه,Positive
662e1d05-85b5-4dfd-b61b-d121827bec74,CIB,Banking,5,2026-01-27,البرنامج جميل وسلس في التعامل وكمان عنده شفافية في التعاملات على الفيزا وده مش موجود في بنوك تانية اقدم منه زى الاهلى وبنك مصر وده عن تجربه,Positive
6c0b221c-0aef-4aab-a32c-88c263b6c54e,CIB,Banking,5,2026-01-27,ممتاز وآمن,Positive
f71b2ba6-7e3a-49a6-b2ad-60f9ba301b86,CIB,Banking,1,2026-01-27,مش راضي يسجل دخول مع أندرويد 16,Negative
a82f4ba1-0653-47bc-b70c-7e8940daa4ea,CIB,Banking,1,2026-01-27,انا عمال اسجل عليه بيقول لي خطا خطا بيانات في حد عدى بالتجربه ده قبل كده اهوت يقول لي اعمل اي.,Negative
bc9ac9ca-a19d-436c-92be-2b6dd5272a1a,CIB,Banking,5,2026-01-27,ممتاز,Positive
493d09c0-6e82-4173-84b2-7cccfc11247d,CIB,Banking,1,2026-01-27,new version not applicable with mny phones,Negative
2eef00c2-0fcd-48e9-a95e-8c028bd09aea,CIB,Banking,5,2026-01-27,الخدمة كانت ممتازة والان غير موجود عندي علي الموبايل,Positive
78f99dc9-90d7-4e8d-8af0-617d6dc1e595,CIB,Banking,5,2026-01-27,ممتاز,Positive
bd8d584f-7181-45e8-9d24-8da2bdb14c97,CIB,Banking,5,2026-01-27,ممتاز,Positive
07a08adf-2062-4a90-ad62-4c7270679f85,CIB,Banking,4,2026-01-27,ممتاز,Positive
dfcadde1-4f99-4562-a5da-f56480937f99,CIB,Banking,1,2026-01-27,البرنامج لايسمح بفتح التطبيق نهائيا وتم التحديث من قبل البنك وذلك تسبب في مشكله عدم معرفتي بالحسابات الماليه داخل حسابي الرجاء تحديث البرنامج والسماح بمعرفة حساباتي,Negative
a30c0506-ec5b-4d9b-93f6-eb7c6a6ba9ce,CIB,Banking,5,2026-01-27,عند كتابه البيانات الخاصه بالحساب بطريقه سليمه يمكن التنقل داخل الابليكشن للحصول على اى معلومه عن الحساب كانت بتحتاح فالماضى الذهاب للبنك أو التوجه لأقرب ماكينه صرف آلى حقا سهل وامن وبسيط,Positive
d271485f-e9da-4486-a91d-8337d55532a0,CIB,Banking,5,2026-01-27,ممتاز,Positive
096467fb-c388-400d-b695-19de08c3c9be,CIB,Banking,5,2026-01-26,ممتاز,Positive
337ccaaa-41ce-47eb-bcfd-24c3060bbc07,CIB,Banking,5,2026-01-26,خدمات ممتازة جدا,Positive
9c2d27aa-d8c5-49d3-952c-6b83d62ca173,CIB,Banking,5,2026-01-26,great 👍👍 nice 🙂🙂🙂🙂🙂🙂🙂🙂🙂🙂🙂🙂🙂🙂🙂🙂🙂🙂🙂🙂🙂🙂🙂🙂🙂🙂🙂🙂🙂🙂🙂🙂🙂,Positive
bfb375a2-a23d-48b8-858b-adbea9369b08,CIB,Banking,1,2026-01-26,برنامج سئ لاانصح بالتحميل,Negative
d592c917-f1aa-4c80-8f2a-434fec595516,CIB,Banking,1,2026-01-26,كانت خدمة جيدة.. بعد اخر تحديث اصبحت سيئةوالخدمة غير متوفرة لم يتم مراعاة انواع الاندرويد .. يعنى لازم اجيب اندرويد اعلى من 13فما فوق.. شى سخيف وتحديث غير مبرر لانة ما بيفيدنى ولا بيهدف لخدمة العميل..,Negative
9a0af272-ebf6-4ca3-be7a-6ab86bbb5e90,CIB,Banking,5,2026-01-26,جميل جدآ,Positive
b1602b02-8bf5-4dcb-a56d-31e1d323f970,CIB,Banking,5,2026-01-26,احسن وافضل الخدمات في بنك سي اي بي فعلا وابلكيشن جميل جدا وخدمه العملاء محترمه جدا جدا شكرا سي اي بي,Positive
6c918284-8e0e-4820-bc65-66bf80f3ff38,CIB,Banking,4,2026-01-26,يافندم التطبيق ممتاز بس للاسف بعد التحديث الأخير بيقولي لم يعد هذا التطبيق مناسب للموبايل ايه الحل,Positive
cbfadf3a-34f6-4b1c-bf54-812dd80ede66,CIB,Banking,1,2026-01-26,تجربه سيئه جدا,Negative
907d2ea4-f72f-4062-8614-e59005435104,CIB,Banking,5,2026-01-26,جيده جدا,Positive
59dbbef1-e092-48f4-a779-635f9edffd49,CIB,Banking,5,2026-01-26,أجمل بنك,Positive
83b37fa3-8303-436e-8d82-40e0d7904de9,CIB,Banking,1,2026-01-25,فعلا حاجه تزهق تحديث يوقف البرنامج عننا ونبعت الشكوي ومفيش ردود ياريت تشوفوا حل لللي جهازه غير متوافق محدش بيرد علي الشكاوي,Negative
1143dfb1-d83d-44d8-8364-df20a797b055,CIB,Banking,5,2026-01-25,ممتاز لكن ظهرلي لا يتوافق جهازك مع هذا الاصدار,Positive
932ab774-2f0e-4779-b20d-9a1a0e71e41a,CIB,Banking,5,2026-01-25,خدماتكم دائما ممتازه وتعاملكم مع الجميع بالخلق الجيده دمتم دائما وابدا,Positive
47a025f0-d7ed-4ef9-895e-5c0ab2f07d4f,CIB,Banking,5,2026-01-25,ممتااااز,Positive
6a68f962-5aaa-4c3b-b68f-f74607bb2aac,CIB,Banking,5,2026-01-25,كل مفتح التطبيق واكتب كلمه السر يقولي كلمه السر غلط مع انها صح ارجو الحل,Positive
00f03101-c321-4cde-aae7-8599d9cea2e3,CIB,Banking,5,2026-01-25,ممتاز,Positive
3bd80952-c5cc-417c-a57a-c76dc1ef993e,CIB,Banking,1,2026-01-25,اي المشكله اللي معاه الجهاز لماذ يقول لي اتصل بي مطور البرنامج,Negative
7fa6e1a3-13e0-4f6e-9b5e-1c749acf635b,CIB,Banking,5,2026-01-25,تمام,Positive
eb6b0ffe-dac7-4f67-8da0-42d30f6caf73,CIB,Banking,2,2026-01-25,للاسف التحديث غير متوافق مع الجهاز وتم ايقاف البرنامج قبل التحديث فعلا حاجه سيءه جدا جدا جدا وتم ارسال شكوي علي الايميل الخاص بكم والخاص بخدمه العملاء برجاء ايجاد حل او تشغيل البرنامج قبل التحديث لاهميته,Negative
14b1f99c-64fb-4ec5-a189-59250cee0bea,CIB,Banking,5,2026-01-25,ممتازه,Positive
007a7b65-4146-4ad4-a31e-00bc711b8610,CIB,Banking,5,2026-01-25,good,Positive
02ce9304-407e-49d9-928d-3bb853c7d4f2,CIB,Banking,5,2026-01-25,تطبيق ممتاز جدا ولكن عند التحديث يكتب لم يعد هذا التطبيق متوافق مع الجهاز,Positive
4949c464-467b-4c3f-8129-a9e00002d586,CIB,Banking,5,2026-01-25,ممتاز ولكن لا أعرف لماذا لم تغيير اللوجو القديم كان أفضل,Positive
5e2f7370-fff7-425d-b4d5-d175105f198a,CIB,Banking,5,2026-01-25,جميل جداا وسهل جداا,Positive
08732117-1230-48db-8c56-5fd30875fd19,CIB,Banking,5,2026-01-25,ممتاز,Positive
041623f7-d99b-4b26-9af7-d02d0347401c,CIB,Banking,5,2026-01-25,ممتاز ممتاز,Positive
a669e39d-f486-4b71-906f-1b6107f4d00b,CIB,Banking,5,2026-01-25,جيد جداً,Positive
f57da6c9-e293-4b2f-b4ea-5e9586ba11a3,CIB,Banking,5,2026-01-25,بنك ممتاز وخدمه عملاء ممتازه,Positive
dd10d50e-2483-4349-ba9d-dcba1e66512c,CIB,Banking,5,2026-01-25,تطبيق رائع,Positive
0dad5849-bd07-48e6-8902-68ed9ba84c6d,CIB,Banking,5,2026-01-25,الابلكيشن مش عاوز يفتح بعد التحديث,Positive
d8c077c3-3d41-452b-b5d5-3509144757ce,CIB,Banking,5,2026-01-25,تمام,Positive
cdb950df-032b-46e6-be4e-e93b4974f0ef,CIB,Banking,5,2026-01-25,تجربه نجاح,Positive
f4d51b76-fae9-4c51-b791-9bf283def7e2,CIB,Banking,3,2026-01-25,ياريت لما تبعتو رسايل تبعتوها بالعربي هيا اللغة العربية بقت وحشه ولا كلكم دكاتره,Neutral
29d9d3ef-ad54-41d6-aa0a-d4a846d1ebe1,CIB,Banking,5,2026-01-25,ممتاز,Positive
417b9532-3d9a-4f84-947f-0cf153c65da0,CIB,Banking,5,2026-01-25,ممتاز,Positive
56e48479-94e1-42c6-8186-f8be23c170f0,CIB,Banking,5,2026-01-25,ممتازه,Positive
360998a2-25cc-43b2-9aa6-f62dc57a7a67,CIB,Banking,3,2026-01-25,خدمة جيدة . لكن التحديث الجديد بيقول أن البرنامج لم يعد متوافق مع جهازك . المفروض نشتري فون جديد كل تحديث ولا اية !!!,Neutral
6dce7728-ff37-49ad-839f-5f870a58fb23,CIB,Banking,5,2026-01-24,تمام,Positive
baf84ffa-fa05-4d2e-a1a4-75d9a27a2477,CIB,Banking,5,2026-01-24,ممتاز جدا,Positive
80dff5cb-76d3-4f2c-9782-84416eafdf9c,CIB,Banking,3,2026-01-23,البرنامج مش عاوز يفتح وجايب الشاشه الزرقاء,Neutral
de72de5d-e901-4898-9688-14f007152410,CIB,Banking,1,2026-01-23,التطبيق به غيب يجب اصلاحه ، بعد التحديث الاخير طلب تغيير كلمة السر وكلما أغير كلمة السر ويقبلها التطبيق أحاول أدخل عليه يرفض ويقول دخول خاطئ ، ارجو إصلاح هذا العيب حيث أنني حالياً لا يمكنني الإطلاع على الحساب ولا التعامل عليه .,Negative
0a818510-6f06-4318-92ee-1e1fe166db81,CIB,Banking,5,2026-01-23,CIB الافضل,Positive
de1be77b-f038-4cf4-b8aa-0a40d193cb39,CIB,Banking,5,2026-01-23,ممتازة جدا,Positive
a9dd8028-60b9-494d-9275-eeeb759e927d,CIB,Banking,1,2026-01-23,لدي حساب علي البرنامج و عند الدخول طلب تغير الرقم السري و بعد ذلك لم استطيع الدخول و يطلب الاتصال بالخط الساخن بالبنك ارجو حل هذه المشكلة لم يتم الدخول نهائي,Negative
602e1f95-11c1-4266-a612-2191899043c2,CIB,Banking,5,2026-01-22,ممتاز,Positive
95a76652-3818-4ece-95e1-5be17bee5798,CIB,Banking,1,2026-01-22,بصراحة انا زهقت من البنك ده كل شوية حساب التطبيق يتقفل ومعقدين الدنيا وتشوف الذل عشان تعدل كلمة المرور ولازم تبقي في مصر عشان تعرف تفعل الحساب تانى!!!! طيب المغترب مفكرتوش فيه اعمل ايه انا دلوقت,Negative
518261e6-23dc-4140-9d87-83dcf00d0415,CIB,Banking,5,2026-01-22,ممتاز,Positive
169ee65f-bade-4c66-be86-bc5477ee0b6a,CIB,Banking,5,2026-01-22,ممتازه جدآ جدآ,Positive
e859914f-74c2-4217-812d-afa96c36523f,CIB,Banking,1,2026-01-22,التطبيق مش عايز يفتح ليه ممكن السبب,Negative
70a5dc35-8b2d-4a0b-85cd-48355c525055,CIB,Banking,1,2026-01-21,الخدمه كانت جيده جدا... ومع الأسف دلوقتي التحديث الجديد بيقولي غير متوافق مع تليفوني... المفروض انزل اشتري موبايل جديد واخد حد من خدمة العملاء معايا علشان يختار التليفون الي علي مزاج البنك... ولا اعمل ايه....,Negative
5ec58059-04d8-41e9-a34a-b8324c94c5cf,CIB,Banking,5,2026-01-21,ممتاز,Positive
d63b3662-15d8-424f-9955-a4934ed94ed1,CIB,Banking,5,2026-01-21,ممتاذ جدا,Positive
619763b8-18f8-417b-bebc-c9ab6d0f0cdf,CIB,Banking,5,2026-01-21,رائع جدا,Positive
510a9ead-4626-41d8-9758-bc6cb829172d,CIB,Banking,1,2026-01-21,التطبيق كان عندى شغال على تليفون تانى ووقف فجأه مسحته جيت احمله تانى مش ظاهر على المتجر,Negative
ae718e96-1e26-48e3-b68f-f576900fff8c,CIB,Banking,5,2026-01-21,ممتاز جدا,Positive
1cc13055-7cfc-4b02-a2d2-90cf8606784f,CIB,Banking,5,2026-01-21,جيد جدا,Positive
dad45fc4-1be8-4450-9f98-8ca591a3b86f,CIB,Banking,5,2026-01-20,excellent,Positive
86780f9f-d8ca-4478-b568-23a8bae94d67,CIB,Banking,5,2026-01-20,ممتازه جدا,Positive
51382dc7-568b-48c5-a8d7-81533c407825,CIB,Banking,1,2026-01-20,التحديث الجديد مش عاوز ينزل علا هاتفي,Negative
cad756d7-dad0-4099-9dd8-e20d00bbcdb8,CIB,Banking,1,2026-01-20,غير متوافق مع جهازي,Negative
9212fc28-5d40-46d8-a78b-aee0cfa19015,CIB,Banking,1,2026-01-19,مش بيفتح جايب شاشه زرقاء فقط 😞,Negative
7d1d6d84-1468-41f2-a141-a3413c2dce34,CIB,Banking,1,2026-01-19,فاشل جدا بعد التحديث لازم اغير الموبايل علشان يدخل علي الابليكشن دلوقتي غير متوافق التحديث مع موبايلي,Negative
4d6dbcba-5c83-46e6-ba26-971c3ccf2496,CIB,Banking,5,2026-01-19,ممتاز,Positive
2fd68832-f73f-4443-af13-999d3c0c3347,CIB,Banking,5,2026-01-19,ممتاز,Positive
99a93f14-1644-47ed-92c1-232c1aba593e,CIB,Banking,5,2026-01-19,جميل جداً جداً,Positive
24f3c8be-aa48-414a-9d0e-63d3f364d730,CIB,Banking,1,2026-01-19,عندى مشكلة فى الباسورد,Negative
b52732b4-7d1b-4bc7-99f0-f8d5ca986e2c,CIB,Banking,5,2026-01-19,ممتاز,Positive
1052ff83-2efc-48b1-bba7-9c257fe4f507,CIB,Banking,5,2026-01-18,ممتاز جدا وسهل الاستخدام,Positive
b878df22-883f-4f37-824b-b0ab5cb3edc1,CIB,Banking,4,2026-01-18,ممتاز,Positive
4d22b48b-0291-4706-80af-5e4f0e2fbc7d,CIB,Banking,5,2026-01-18,ممتاز,Positive
dadb2f21-48f4-4cb4-a64e-6f455ba398c5,CIB,Banking,5,2026-01-18,good,Positive
20ca7490-fa7f-4216-bc52-f57a6e2103ba,CIB,Banking,5,2026-01-18,ممتاز,Positive
9f07e731-6afd-4a74-ba05-3369c9b194d4,CIB,Banking,5,2026-01-18,كل ام اجي اغير كلمه المرور يقولي فشل,Positive
36bf4540-13e4-4195-8735-300fb16c7d12,CIB,Banking,5,2026-01-18,ممتازه,Positive
6e7748aa-f468-4bc5-bf90-40386902afdf,CIB,Banking,5,2026-01-18,ممتاز,Positive
9f323f4d-8f94-4572-99e4-5d7f9bd30fdc,CIB,Banking,5,2026-01-18,ممتاز,Positive
df4d5253-571a-4df9-a154-3840842a5f2c,CIB,Banking,5,2026-01-18,جميل جدا,Positive
228c23cc-b4bf-40d7-a994-4d3c33456474,CIB,Banking,1,2026-01-18,سوء خدمة وعدم احترافية .. تطبيق غير جيد وخدمة عملاء كذلك .. بنك يحتاج لمزيد من الحرفية,Negative
277b5e2f-38f7-46f3-8068-5f303970e202,CIB,Banking,5,2026-01-18,ممتاز جدااااااااا,Positive
b2deab12-0b73-4950-8a6e-1b3e702bf150,CIB,Banking,5,2026-01-18,تطبيق رائع جدا,Positive
5a783004-7294-4f71-88b5-6a306a48966f,CIB,Banking,5,2026-01-18,جيد جدااا,Positive
e61732d3-a2d9-4bd5-aa9f-68c1ff75890b,CIB,Banking,5,2026-01-18,تحديث سئ جدا,Positive
b9b277d3-76ee-4423-9748-7c66f7c34403,CIB,Banking,5,2026-01-18,جميل بس انا محتاج قرض منه,Positive
e176c8f8-6453-419f-9afe-9941b5185a44,CIB,Banking,4,2026-01-18,ممتازه,Positive
2f6528e8-71a4-4ab8-b493-e2c9582a39a2,CIB,Banking,5,2026-01-18,التطبيق لايعمل التطبيق أصبح غير متوافق مع الهاتف,Positive
6f1462d2-1b9d-42c3-b70a-7194134acbce,CIB,Banking,5,2026-01-18,خدمه ممتازه,Positive
a42dc6f7-81bd-47cb-9a13-4451c238af20,CIB,Banking,5,2026-01-17,ممتاز جداً,Positive
912de1fa-28e8-4927-9433-da317354f392,CIB,Banking,1,2026-01-17,البرنامج بعد التحديث لا يعمل والويب سايت كمان باجى اسجل دخول يقولى تم رفض عنوان ال URL,Negative
8a0cc217-f82d-44e2-958e-e6493f992e69,CIB,Banking,5,2026-01-17,برنامج محترم,Positive
a4e3e56a-99da-46d0-b2cf-6dc812b9319d,CIB,Banking,5,2026-01-17,ممتاز,Positive
b13953c4-00f5-40d1-b743-b24b8b60e3dd,CIB,Banking,5,2026-01-17,التطبيق لا يفتح ومحدث اخر تحديث,Positive
e3fefda3-3ef0-4c04-8f31-e92accb803af,CIB,Banking,5,2026-01-17,احسن واشيك بنك ف المعاملات ياريت كل البنوك تحذي طريقه,Positive
747f2550-03b3-44ab-b010-968522a0e7cb,CIB,Banking,1,2026-01-16,لم يعد هذا البرنامج متوافق مع موبايلي لماذا فعلتم هذا ؟ ما الحل ؟ اعطوني موبايل جديد,Negative
44559b78-a7b8-4334-8f3b-2af49f11b0ca,CIB,Banking,5,2026-01-16,👍,Positive
da65d006-14c2-4c32-b5f8-1c4190946ffd,CIB,Banking,5,2026-01-16,جميل جدا,Positive
7e610fb3-b924-42ab-bd11-f71c6be0e25e,CIB,Banking,1,2026-01-16,عندى مشكله في التحديث الجديد لا يعمل على جهاز,Negative
82bc552f-ec81-4c24-893c-163b19e065a8,CIB,Banking,5,2026-01-16,good 👍تجربه كويسه,Positive
9ced0756-3fe0-45f1-a4fe-39be0f686da7,CIB,Banking,5,2026-01-16,ممتاز,Positive
3c086dad-06c9-4256-bc17-ab9e4b93de11,CIB,Banking,1,2026-01-16,التطبيق وقف علي اندرويد 8.0.1 والتحديث الاخير غير متوافق مع الجهاز و نظام الاندرويد,Negative
ea4d82b0-a964-4a11-b0f9-b68573766b56,CIB,Banking,5,2026-01-16,ممتاز,Positive
df8b4bea-3db5-4ef0-8ebc-df0c5ef818dc,CIB,Banking,5,2026-01-15,ممتاز,Positive
56e23359-42a7-49c3-9adb-05c439a87810,CIB,Banking,5,2026-01-15,من يوم ما عرفة البنك cib..وانا بشهد له.ان من افضل بنوك لى موجود في جمهورية مصر...دا كمان لو مش اولاهم,Positive
024bf270-3fc5-4ed5-8c04-e3d41b8da552,CIB,Banking,5,2026-01-15,ممتاز,Positive
c75ebae3-4d1d-4622-ad23-f333659e88f9,CIB,Banking,1,2026-01-15,تطبيق سيئ جدا,Negative
67634144-7f27-4135-bd64-cb4e2e2bae1b,CIB,Banking,5,2026-01-15,التطبيق طلب التحديث وعند التحديث تم ابلاغي بان الإصدار لم يعد متوافق مع جهازي في حين أن الجهاز موديل حديث,Positive
e5ea9641-4313-4972-a349-ac67f7949eae,CIB,Banking,5,2026-01-15,خدمات البنك كلها ممتازه,Positive
e2a22fa5-99ca-45d6-9e0f-717d1684f19e,CIB,Banking,5,2026-01-15,تجربه جيده جدا وسلسه فى كل التعاملات,Positive
f0b52df3-fc90-4c13-a14a-2f622a014733,CIB,Banking,5,2026-01-15,Good,Positive
54718489-c4ee-4a9d-b99e-24a36fb16bbc,CIB,Banking,5,2026-01-15,شكرا CIB,Positive
25bc4314-88bf-48d6-be01-a26b059bd120,CIB,Banking,5,2026-01-15,الايقونه بتاعت الابلكيشن اختفت من على الديسك توب بتاع الموبايل اعتقدت انه اتمسح ولما دخلت عشان احمل البرنامج تانى لقيته عندى وبيفتح عادى بس مش موجود على الديسك توب اعمل إيه عشان ارجعه تاني ؟,Positive
80694610-8e35-4b34-9d73-c8b0931d0b95,CIB,Banking,3,2026-01-14,هو المفروض برنامج كويس وبسيط ومريح نسبياً لكن المشكله ال فهمتها مؤخراً إن التطبيق زيادة في الامان بيطلب منك كل فترة تغيير الباس ورد ولما تيجي تغيره يزهقك ومتعرفش تعمله في حلين الأول انك يتكلم خدمة العملاء ومن المكالمه الصوتيه هتلاقي اختيار بتحديث الايميل ويبعتلك رسالة ب اسم الحساب بتاعك بعدها بترجع تسجل الحساب من جديد لكن بنفس اسم المستخدم وبتكتب رقم سري جديد الحل التاني لابد انك تكون معاك اسم المستخدم والباس ورد شغال وفعال انت من نفسك كل حوالي شهرين ونص تغيير الباس وورد وتريح نفسك,Neutral
eb2df519-1004-4350-a98c-66e19e013f18,CIB,Banking,5,2026-01-14,ممتاز,Positive
5d7b02a5-36eb-442b-9ec3-9794caeebd72,CIB,Banking,5,2026-01-14,ممتاز,Positive
049bf22b-df57-46da-9c73-481b7fa30ebb,CIB,Banking,5,2026-01-14,جيت أحدث التطبيق بيقولي لم يعد التطبيق متوافقا مع جهازك؟ احدثه ازاي؟,Positive
c9c1dd2a-81b7-425b-9302-d700d4586520,CIB,Banking,5,2026-01-14,good,Positive
fbf1f17b-6593-4c33-a9d8-08e00e37ac9d,CIB,Banking,5,2026-01-14,Good,Positive
32434e73-b432-4908-9f15-5505594c17b9,CIB,Banking,5,2026-01-14,البرنامج لا يعمل مطلقا مع جهازى,Positive
c197e04c-a10d-4250-a2dc-82914c5cab65,CIB,Banking,5,2026-01-14,ممتاز,Positive
a44823a2-0f8d-40d5-8a43-d73d350011db,CIB,Banking,5,2026-01-14,ممتاز,Positive
cd7e3a32-65d2-4e55-888d-ada197da74a5,CIB,Banking,1,2026-01-14,التحديث الأخير غير متوافق مع الهواتف متوسطة الفئه الاقتصادية,Negative
8e433f78-beea-4aa7-9788-f28a270fac09,CIB,Banking,2,2026-01-14,التطبيق للاسف كأن الاول بفتح بسرعه لاكن دلوقتى لا يفتح,Negative
96956664-3ba9-427b-ba49-f8a25e3c05ee,CIB,Banking,5,2026-01-14,جيد,Positive
e3a02bda-1a73-4d15-b929-de5ea6207531,CIB,Banking,3,2026-01-14,برجاء من مطوري التطبيق اضافة ميزة الاشعارات من التطبيق فور اضافة اي مبلغ مالي وشكرا,Neutral
f4a39e66-6614-4a15-ab76-fda425c6c2a8,CIB,Banking,5,2026-01-14,جيد,Positive
929b0914-d8c1-47ac-b68e-306589a90993,CIB,Banking,1,2026-01-14,التطبيق لايعمل بعد التحديث الجديد,Negative
47fab2af-5844-4742-9cf6-f74f6bb09f8d,CIB,Banking,5,2026-01-14,ممتاز جداً ويستاهل مليون ⭐ نجمة ⭐⭐⭐⭐⭐⭐⭐⭐⭐⭐⭐,Positive
703c2f18-3d18-42bd-9733-0f34472103a6,CIB,Banking,1,2026-01-14,التطبيق لا يعمل معي,Negative
3290ff0c-7305-4699-8b31-1e76820873be,CIB,Banking,5,2026-01-13,good,Positive
ed127843-b440-4827-a452-18561b87d6fe,CIB,Banking,5,2026-01-13,ممتاز,Positive
d4ff7395-1c69-4ca1-b598-830f98330ee7,CIB,Banking,5,2026-01-13,جيد,Positive
d26728a1-f78f-416c-a44a-4ce3a990f623,CIB,Banking,5,2026-01-13,ممتع,Positive
2b0bceb1-cf68-44c7-94f7-2cecbe1ba9c7,CIB,Banking,5,2026-01-13,ممتاز,Positive
dcb968bc-1d1e-4e36-9777-314417d3cd5e,CIB,Banking,5,2026-01-13,رائع جدا جدا جدا,Positive
226956da-ce58-42e9-857a-b51683ef7751,CIB,Banking,5,2026-01-13,جيد جدا,Positive
c01a8ed1-7123-4d86-895f-74d7f6ac635a,CIB,Banking,5,2026-01-13,جميل جدا جدا,Positive
3ff83970-336c-4126-a2c8-b0c81b8aa8b3,CIB,Banking,5,2026-01-13,نشكركم للاستجابه والتطوير,Positive
092c9eb0-20e1-45a7-85f0-eee86b46ace7,CIB,Banking,5,2026-01-13,هو تطبيق ممتاز لاكنه بعد فتحه بيومين رفض أنه يفتح تانى وانا محتاجه ضرورى,Positive
4b7699f7-af53-4a19-b2b3-e7a1218c15b2,CIB,Banking,2,2026-01-12,طلب تغير الباسورد وتم التغير ولكن لا يتم الدخول يرجى المساعدة وحل المشكلة تم ارسال البيانات المطلوبة ولم يتم التواصل معي حتى الآن,Negative
0fcf8258-6156-4216-b159-aa0dd0271c3a,CIB,Banking,1,2026-01-12,تجربة سيئة مع موظف من اسوأ الناس اللى ممكن تتعامل معاهم,Negative
556fc394-f20e-4e48-959e-6d8dba715ed3,CIB,Banking,1,2026-01-12,سي جدا,Negative
47bcba09-9314-4edb-a556-8c07f8e1874a,CIB,Banking,4,2026-01-12,التطبيق مش عايز يفتح,Positive
35846d02-0bb3-40e7-9abc-121b6c7b0635,CIB,Banking,5,2026-01-12,جيد جدا,Positive
c23055c1-b7f9-4ff7-a4fc-b8ae93f12fa9,CIB,Banking,5,2026-01-12,جيدة,Positive
f331ca48-176e-4ac2-9edf-db8d86f4fa92,CIB,Banking,5,2026-01-12,ممتاز جدا,Positive
bf0449df-74a0-4341-86ae-5cdc0d18d610,CIB,Banking,5,2026-01-11,فوق الممتاز,Positive
96d08b2d-02f8-4645-9a6f-3b7ff7450b46,CIB,Banking,1,2026-01-11,البنك CIB بياخد كل ثلاث شهور 300 جنيه على حساب مرتبات نفسي ا عارف دول بتوع ايه,Negative
a6db4815-ff2d-457c-9293-899f682c8645,CIB,Banking,5,2026-01-11,ممتاز,Positive
c225b3dc-94a8-46a3-b563-2f308ccc334a,CIB,Banking,5,2026-01-11,كويس,Positive
8e8f1853-ed07-470e-a8d3-fe8c2ea750db,CIB,Banking,5,2026-01-11,جيد جدا,Positive
7fb0dcee-2cf6-4099-9814-7c87be21806d,CIB,Banking,5,2026-01-11,جيد جيدا,Positive
058c22fd-c90a-4fa9-aec3-807fb76bd46a,CIB,Banking,5,2026-01-11,بنك محترم,Positive
c609679f-7706-4f4b-a5fd-bd20aef3b451,CIB,Banking,1,2026-01-11,لا يمكنني تسجيل الدخول يقول حدث خطأ,Negative
2679c2d6-9338-4570-963a-4f9648d0d3e8,CIB,Banking,5,2026-01-11,شكرا,Positive
052fc513-7134-472e-9d38-4513623160e0,CIB,Banking,1,2026-01-11,لو سمحت التطبيق اختفي من الهاتف وعشان أدخل عليه لازم أبحث عنه في play store,Negative
1f65cc63-99e0-4f4b-9152-aea7fb26eb59,CIB,Banking,5,2026-01-11,مميز,Positive
d0826fd0-93a2-41dd-8328-749cdbb6601a,CIB,Banking,1,2026-01-10,انا مش عارف اسجل كل مااسجل يقولى خطأ فى تسجيل ياريت حل,Negative
c5f467b6-932b-4e75-abe5-14fac4117235,CIB,Banking,5,2026-01-10,تمام,Positive
07703bc5-ac02-49d5-bd5d-e186bdb688b6,CIB,Banking,1,2026-01-09,بكتب كل حاجه صح بكذا طريقه تسجيل مختلفه وخطاء في التسجيل إيه الحل,Negative
09031015-4acf-4d34-af99-8ab726d90e9c,CIB,Banking,1,2026-01-08,عندى مشكله في التطبيق اديلي شهرين وزيادة طالب مني تغيير الباس وكلمت خدمة العملاء وعملت كل حاجة اتطلبت مني علشان التغيير كل مرة نفس الرسالة ف التطبيق توجد مشكله وبرجاء الاتصال ب 19666 تطبيق بقي ممل وسيئ جدا جدا شوفولي جل ل موضوع فتح التطبيق ده,Negative
a115e8ed-9a6d-49f9-b29e-bc62e5a871dc,CIB,Banking,5,2026-01-07,ok,Positive
796bc31a-f2c3-4cd5-a0b9-7cbcfdf40b20,CIB,Banking,5,2026-01-07,ممتازه,Positive
6a0c0b81-fd97-43c0-a686-0a612b02e154,CIB,Banking,5,2026-01-07,تجاربه ناجحه جدا,Positive
8c07bf7a-ddc9-4b44-88b0-7ae51e888c9b,CIB,Banking,5,2026-01-07,تم,Positive
4986a426-3da8-4ee1-af53-dce1b4ca08c9,CIB,Banking,5,2026-01-07,برنامج ممتاذ شكرا,Positive
e78a0670-7c7b-4616-8690-c10da64c4b39,CIB,Banking,5,2026-01-06,good,Positive
3b07838c-7a84-4b2f-82f8-29275cf1d667,CIB,Banking,5,2026-01-06,ممتازة,Positive
cbc36eb7-f109-49f8-916e-6683f140c6c1,CIB,Banking,5,2026-01-06,جيدة,Positive
93a9e9eb-fb22-413b-b05d-4799ac052313,CIB,Banking,5,2026-01-06,ممتازه,Positive
cb6e5680-353b-41b9-bdde-95cf98b9a4c4,CIB,Banking,1,2026-01-06,السلام عليكم حضرتك انا بحاول اسجل في التطبيق البنك clb ومش عارف المشكله فى البارسود ولا ايه مش عارف يرجى بعد حل المشكله ممكن ارسال اسم المستخدم وكلمه المرور الخاصة بتسجيل بتطبيق,Negative
f27bd584-9bd6-44ff-9dbc-dbd841436a83,CIB,Banking,1,2026-01-05,كل لما أسجل مستخدم جديد واتبع الخطوات تظهر رساله أدخلت بيانات خطاء بالرغم من أني بالتزم بالخطوات,Negative
123b37b0-e1c6-4d24-92df-90b0f115fac2,CIB,Banking,5,2026-01-05,جميل جدا,Positive
cd0eac38-a1f2-46f8-8835-b600cf740294,CIB,Banking,5,2026-01-05,انا في خارج مصر واريد التواصل مع خدمه العملاء لتغيير بيانات الشخصيه مثل الايميل ورقم هاتف المحمول,Positive
1c65e220-631c-4c77-97a7-d7ea661dc8ee,CIB,Banking,5,2026-01-05,تطبيق ممتاز ممتاز ممتاز,Positive
215bbb2e-83be-44bd-9f6e-5071e597e552,CIB,Banking,5,2026-01-05,ممتازة جدا,Positive
d2c435b5-79e6-467b-9c5d-8f5f4ddc0558,CIB,Banking,5,2026-01-05,روووووووعه,Positive
7f86fba1-25a1-434b-8c5d-de8f29930257,CIB,Banking,5,2026-01-04,تطبيق ممتاز وبسيط في التعامل عليه وبصراحه ريحني كتير في تنفيذ معاملاتي الماليه دون الرجوع للفرع,Positive
a553dd54-2405-4a59-8cda-447d774f30e9,CIB,Banking,5,2026-01-04,مميز,Positive
447aa49c-27b2-4ad4-95b1-fc87b48afbdb,CIB,Banking,5,2026-01-04,ممتاز,Positive
f6ca9d08-4f98-42ee-bf93-048cde37f872,CIB,Banking,1,2026-01-04,انا بستخدمه لاول مره ورغم اني بكتب كل حاجه صح بالظبط وحاولت التسجيل بكذا طريقه كمان بس نفس الرد كل مره لقد حدث خطأ ما لحد ما زهقت ومش عارفه اسجل لحد دلوقتي لو امكن حد يفيدني ويقولي مثال على طريقه التسجيل,Negative
f952cf72-8cbf-4c79-a7f7-802d764477a9,CIB,Banking,5,2026-01-02,تمام,Positive
ed74aa84-4857-440e-bac5-04f282b7f751,CIB,Banking,5,2026-01-02,تطبيق أكثر من رائع,Positive
7df63600-01d3-4bc9-aa23-3fd8926cb864,CIB,Banking,5,2026-01-02,من فضلك التطبيق لا يعمل ماهي المشكله كان ممتاز ماذا حدث,Positive
8602796f-d47b-465b-a7f0-79ea56471b82,CIB,Banking,1,2026-01-01,البنك يرسل لي يحتاج تحديث البيانات وادخل الي التطبيق يقول الرقم السري خطأ في كل مره وأنا متاكد من جميع البيانات صحيحه,Negative
3064ca32-e96f-4e98-ba9a-15b55f0d355a,CIB,Banking,5,2026-01-01,ممتاز,Positive
3eb7d764-9123-44b4-9a7c-b315bc1e9161,CIB,Banking,5,2025-12-31,ممتاز,Positive
2bf38d8b-e528-49e1-9cc1-f6899d822c5c,CIB,Banking,5,2025-12-31,fantastic,Positive
8acb4811-5a09-47e0-9a6e-c32988c09f8b,CIB,Banking,5,2025-12-31,جيدا,Positive
d3e96771-18aa-4fc1-bc8a-644ed225bdef,CIB,Banking,1,2025-12-30,بيهنج كتير جدا,Negative
a14aa1f3-4a2f-46e9-8ce1-e794ec3c8113,CIB,Banking,1,2025-12-29,اتبعت الخطوات المطلوبة لعمل حساب وعند الإنتهاء يقول لي البيانات التي أدخلتها غير صحيحة يرجي المحاوله مره اخرى بالرغم إني اتعبت الخطوات صح,Negative
f0fca68b-428d-447e-a4fd-297effebb593,CIB,Banking,1,2025-12-28,التطبيق لا يعمل عندما اقوم بتشغيله يظهرلي شاشه زرقاء فقت,Negative
2fe76c7d-3fa1-404c-85d7-0358783a7e49,CIB,Banking,5,2025-12-27,تجربه ممتازه,Positive
bd1b9b3e-87fd-41da-9615-f2d01a46a876,CIB,Banking,1,2025-12-27,تغيير الرقم السري معقد جدًا جدًا,Negative
5226ef5d-4e93-4e2a-8a4b-06da03d0e461,CIB,Banking,5,2025-12-27,تطبيق جيد جدا وخدمه عملاء ممتازه,Positive
7754176f-61ff-473b-9034-23fae228d8e6,CIB,Banking,1,2025-12-26,التطبيق لما احاول اسجل حساب جديد لاول مرة الكابتشا كل مرة بيقولي خطأ برجاء حل المشكلة او التواصل,Negative
144c0bea-fac9-4009-ade9-e563afb167f2,CIB,Banking,5,2025-12-26,بنك محترم,Positive
aac519d9-16c7-4d6a-b66d-f8576a26a00d,CIB,Banking,5,2025-12-26,ممتاز جداً,Positive
a31cd11e-054d-4f4a-be6f-081df2c6db5b,CIB,Banking,5,2025-12-26,👍,Positive
124092b5-e072-4287-83be-fbf08a53363f,CIB,Banking,1,2025-12-25,دائما تواجهني مشكله في الباسورد وحاليا لا يعمل وتم التواصل بخدمه العملاء ثلاث مرات دون فائدة.,Negative
01bf316f-f0e7-4c1b-a94d-e6b66777d0f1,CIB,Banking,5,2025-12-25,ممتاز جداً,Positive
6edb0748-4617-4905-a200-6241ba2c096b,CIB,Banking,1,2025-12-24,لو سمحت أنا مش عارف اسجل دخول,Negative
15e9f80f-d393-4e61-bcdf-ad8d46ea41c4,CIB,Banking,5,2025-12-23,برنامج سهل وجميل,Positive
fc05f636-17c1-46eb-9ade-3c92f2e00c84,CIB,Banking,1,2025-12-23,بنك غير متفهم للعميل,Negative
28c71a4c-327c-4701-a1ed-eaa713f74026,CIB,Banking,5,2025-12-22,ممتاز ❤️,Positive
b4b63209-31fd-48d0-b666-e32d274d95f1,CIB,Banking,5,2025-12-22,بعد اخر تحديث طلي متى تغير الرقم السرى وبعد كده مش راضى يشتغل ارجوا الحل,Positive
95707310-abea-4f68-8c8f-1f2770b0d9e3,CIB,Banking,5,2025-12-22,حدثت نفس المشكلة بعد آخر تحديث ولا أستطيع تغيير كلمه المرور,Positive
09ec3262-5c8a-4aa9-9d2d-8ce9560ad77b,CIB,Banking,1,2025-12-22,عندي مشكلة في التحديث الاخير عايز اغير الباسورد ولما غيرته مش عايز يفتح خالص,Negative
75b7f81e-bef1-4718-96e6-0b81b0fe8768,CIB,Banking,1,2025-12-21,طبيق جيد لاكن كما ذكر النا نفس الي حصل معيا المشكله ف تسجيل الدخول يقول الباسورد خطأ,Negative
6e2c78e7-26ef-49b4-8994-ea5854ca5bff,CIB,Banking,5,2025-12-21,👍,Positive
74cd8e2c-fd54-4d91-850e-cb44198bd6c1,CIB,Banking,5,2025-12-21,برنامج مميز جدا ومفيد لو عندك مشكله الباسورد مش عارف تفتحوا كلم خدمه العمله وهي هتفيدا حصلت معايا وحلوها الحمدلله,Positive
8d8c8433-bb76-48b8-992d-20bd764ea6bf,CIB,Banking,4,2025-12-20,عندى مشكلة بقالى ٣ ايام ، وعملت كل المحاولات دون فايدة الباسورد فى الابليكيشن,Positive
79ebb72c-5bca-4a9f-ae6f-72110227e464,CIB,Banking,1,2025-12-20,التطبيق جيد لكن بعد اخر تحديث فى مشكله فى كلمه المرور,Negative
fe39acf3-20f1-412e-a358-6b4c513b73ac,CIB,Banking,5,2025-12-20,nice,Positive
9e43ab82-68e9-49c3-8034-2e42dc2d1497,CIB,Banking,1,2025-12-20,تقيمه ممتاز بس فجأة مش عايز يفتح مش عارف ليه,Negative
49acd633-079f-43bd-a0d5-52eaa5fd4089,CIB,Banking,5,2025-12-19,Thank you very much,Positive
7720e436-290f-4e14-8a43-6c463d6c54dd,CIB,Banking,1,2025-12-19,مش عارف اسجل حساب جديد وكل مرة يقولي خطأ,Negative
2c98e56c-ceb5-4d9c-a04c-b5ed531aa6f8,CIB,Banking,5,2025-12-17,أفضل تطبيق بنكي بين جميع البنوك في مصر. أداء مستقر، سرعة تنفيذ، واجهة استخدام ذكية، وخدمات متكاملة بتغطي كل احتياجات العميل بدون تعقيد. تجربة رقمية حقيقية بتعكس احترافية البنك واستثماره في التكنولوجيا.,Positive
90a5f3dd-05b9-4bcb-9431-7b839762ca8f,CIB,Banking,4,2025-12-17,خرجني من ال app و قالي انتهت كلمه المرور و كل ما اغير كلمه المرور يقولي حدث خطا دي اسوء حاجه فيه ارجو الرد,Positive
a92ac948-3668-435a-8864-70f1055ed321,CIB,Banking,5,2025-12-17,التحديث البريدي الاكتروني كلمتالمرور لايسجب,Positive
7c3fb412-6406-41b6-b4e9-6e2a4686bd91,CIB,Banking,5,2025-12-17,عندي مشكله ف كلمه السر,Positive
d7c456a1-ca20-481c-9021-a3e95e877f38,CIB,Banking,5,2025-12-16,ممتازه,Positive
4fb60ac5-ff5c-4e2c-b815-b244cdfdc94b,CIB,Banking,5,2025-12-15,ممتاز ه جدا,Positive
edb91a8c-5c5d-4dcf-b019-04854c3359b8,CIB,Banking,5,2025-12-15,ممتاز,Positive
0f5fc1da-1206-4f69-ae3a-755adb5fa604,CIB,Banking,1,2025-12-14,التطبيق ينهي الجلسه ويغلق وىطلب مني اليوزر والباس مره اخرى اىن الدعم الفني,Negative
303408a2-c859-42ba-83d3-7c15b0e281be,CIB,Banking,5,2025-12-13,ممتازة,Positive
ff5866bc-db9f-46d2-97b1-ee42819274b4,CIB,Banking,5,2025-12-13,التطبيق لم يفتح معي برجاء التواصل لحل المشكله لم يقبل الرقم السري,Positive
c6c2b1bc-c67c-47a3-b21e-435454976b78,CIB,Banking,1,2025-12-13,اسواء تطبيق تعاملت معاه بجد مش شغال وديما بيجبلي Error وحاجه في منتهي السوء,Negative
774e2721-cd18-4bd2-9d3d-95b3fb276cf6,CIB,Banking,5,2025-12-12,من احسن التطبيقات,Positive
a9865ca9-b1a7-479d-9db5-2f22945186b7,CIB,Banking,5,2025-12-12,رائع,Positive
f2b2664f-e2c8-48cd-93cf-4b2a56866514,CIB,Banking,1,2025-12-12,ليه مش بيسجل معايا كل مخلص كل الخطوات تقولي خطأ,Negative
f2419f96-7b47-4e31-a278-513bc4314a2e,CIB,Banking,5,2025-12-11,جميل,Positive
6dc0e98a-020b-4b45-a808-d66a8ba39c01,CIB,Banking,5,2025-12-11,جيدجدا,Positive
ea11c1be-1404-4ccd-9aa3-7b746e995e50,CIB,Banking,1,2025-12-11,في مشكله في اخر تحديث . التطبيق طلب تحديث كلمه السر كتب الكلمه القديمه والجديده بنفس المواصفات ال انتوا طلبتها ومع ذلك بيقولك ناسف لعدم تنفيذ مشروعك برجاء اعاده المحاوله في وقت لاحق . اتمني حل المشكله,Negative
b49cde8b-91b9-4de9-9956-ec613a8d1f04,CIB,Banking,5,2025-12-11,دقه عاليه ومميز وثقه ف البنك والاداره والعاملين,Positive
4a704814-03c4-442c-bf2e-8b8619157f4c,CIB,Banking,3,2025-12-11,نرجو اضافه خدمه التحكم في البطاقات مثل قفل شراء عبر الانترنت او من نقط الشراء او ايقاف مؤاقت او عبر NFC,Neutral
147fca31-c6ef-48fb-87ef-81ebd4b2e8dc,CIB,Banking,5,2025-12-10,تطبيق جيد جدا بس للاسف طالب مني اغير الباس ورد والبرنامج قفل منى ومش عارف افتحو تانى برجاء الإفادة,Positive
61f1c16f-66c2-4863-9244-e9adb0409a1d,CIB,Banking,1,2025-12-10,زي الزفت ازاي احدثه يتنيل زياده ويغيب على ما يفتح يقول لا يستجيب واذا فتح التطبيق يقول لي كلمه المرور خاطئه وانا متاكد منها 100%,Negative
e1f3634f-e058-419a-9681-1d1e7779173f,CIB,Banking,5,2025-12-08,good,Positive
75a8f0e9-cdc0-4199-b6a5-fdc27255cc24,CIB,Banking,5,2025-12-08,ممتازه,Positive
d1b04aff-bd74-4421-9211-a7e7863b7067,CIB,Banking,5,2025-12-08,really very good 👍,Positive
b9f22bcf-e39b-40e9-a40c-7ebe5a102923,CIB,Banking,4,2025-12-08,تطبيق ممتاز عندى مشكلة فى كلمة السر,Positive
50775619-f992-4ffa-9f49-74d829f39b43,CIB,Banking,5,2025-12-08,Good,Positive
e7c90cf1-6c03-49a2-8af6-ff46c6ca5fb1,CIB,Banking,5,2025-12-08,ممتاز,Positive
3a8c88c8-86a0-4b42-bd17-f6b48da3e29c,CIB,Banking,1,2025-12-08,القديم كان اجمل واسرع واسهل انما ده زبااااااااالة وليه الحيوان اللي عامل له تحديث بيخليه يطلب تغيير كلمه السر كل فتره ونيجي نغير كلمه السر يقول لك في خطأ تعملوا حاجه في بدايتها صح وكويسه وفي الاخر يجي لكم اكلان و تغيروها وتبوظوها,Negative
3411fd67-0d1d-4f8a-abe3-dd98d4894eb9,CIB,Banking,1,2025-12-07,البرنامج اتمسح وعندما تم التحميل مره اخرى نسيت كلمه السر للبرنامج وعند عمل تعيين كلمة سر أخرى لم يتم تسجيل الدخول ارجو المساعده,Negative
2b5d8acb-497a-4b9f-8d1a-c7a257c1f5cd,CIB,Banking,5,2025-12-07,جميله وسلسه,Positive
a5c7b25d-03b6-4a6d-b510-1ba3e2ad68d8,CIB,Banking,5,2025-12-07,خدمه عملاء ممتازه قمه الاحترام والأدب 👍,Positive
7824e5b5-4585-4edd-9efb-af965609b99d,CIB,Banking,5,2025-12-07,ممتاز جدا جدا,Positive
a7c22d53-2769-4a2e-8511-034dc0066226,CIB,Banking,1,2025-12-06,عندى مشكله فى الدخول والباسورد من بعد تحديث التطبيق وبجد تجربة سيئة جدا لتطبيق بنك المفروض انه كبير ارجوا التواصل وحل المشكله,Negative
4fbeeb7c-d944-4da8-9d82-678633c29163,CIB,Banking,1,2025-12-05,معايا مشكله في الابليكشن بخصوص كلمه السر و مش عايزه تتحل و مش عارف اتواصل مع خدمه العملاء عشان انا براا مصر و الابلكيشن مش راضي يفتح ممكن حد يتواصل معايا لان الموضوع بقي يدايق,Negative
4de8b1b5-3af0-4318-8f89-fbc9be851974,CIB,Banking,5,2025-12-04,اي هو اسم المستخدم يعني اي اللي بيتكتب مكانه مش فهما,Positive
75e62c71-fe0b-48d5-ab76-4a8eb639f33b,CIB,Banking,1,2025-12-03,لدي مشكله مع كلمه السر بعد اخر تحديث لا استطيع فتح التطبيق,Negative
ecef74c4-6760-46f4-a7db-ad646161505e,CIB,Banking,5,2025-12-02,جيد جدا,Positive
00a7e927-b603-4d0f-926c-c3d38870e7cb,CIB,Banking,1,2025-12-02,تطبيق جيد صراحتنآ ...ولاكن اوجه مشكله في تسجيل الدخول في كل مره ادخل كلمه المرور يقول الي كلمه المرور خاطئه معا اني اتاكد انها صحيحه .. ارجو الرد... شكرا,Negative
638f9d75-f983-4bdf-b8fb-f5f2b440f418,CIB,Banking,1,2025-12-01,عندى مشكله فى كلمة السر لا يقبل اى تغيير رجاء التواصل وحل المشكلة فى اسرع وقت,Negative
2550d2d4-6373-49fb-852a-662c1a1e2cbe,CIB,Banking,5,2025-12-01,جيدة,Positive
d29e5582-9c5a-4cc0-8798-36c82a457c62,CIB,Banking,1,2025-12-01,عدم تفعيل خدمة samsung wallet فى مصر هو عار كبير يلحق بكم فالخدمة مقتصرة فقط على apple pay,Negative
cdb17785-c2e3-44d6-b9b1-32965e4d0e5e,CIB,Banking,5,2025-12-01,عندى مشكلة ف التسجيل لاول مرة بكتب كل البيانات وبيقولى فشل التسجيل لعدم صحة البيانات,Positive
6f1b51cc-3da9-4fe8-a6cd-cb42807d68ab,CIB,Banking,1,2025-12-01,ابلكيش تقيل رغم انه ان مساحته ضعيفة وبيناته اللي بتتحمل ضعيفة ومعاملاته ضعيفة,Negative
a7626419-a3d9-4bf2-a77f-2216e00ea894,CIB,Banking,5,2025-12-01,عندي مشكله في كلمة السر,Positive
75c77ff7-25e0-40c7-b035-46df54e4509e,CIB,Banking,1,2025-11-30,حاجه صعبه جدا والله العظيم تطبيق خرج ومش راضي يسجل دخول خالص حته لو دخلت كل البيانت تطبيق سيئ جدا 👎,Negative
7e064932-cb33-4df2-8776-4fb58d4485cd,CIB,Banking,1,2025-11-30,بعد التحديث الاخير مش شغال خالص وعملت إعادة كلمة السر نفس المشكلة,Negative
9cbdb942-6a76-49b4-abde-bfc9c2b1b4c8,CIB,Banking,5,2025-11-29,يوجد مشكلة بسبب تغير الرقم السرى من وقتها لايقبل اى تغير,Positive
305f4ff1-1502-4cd8-a26a-795f036938b5,CIB,Banking,1,2025-11-28,برنامج سي جدا مش عوز يفتح حساب جديد معايه كل ما اكمل التسجيل يقولي خط في البينات,Negative
530a9a78-a5f0-40d6-97d3-5c9afe63df13,CIB,Banking,5,2025-11-27,ممتاز,Positive
b91da647-150a-48ca-86d8-61e258bbee35,CIB,Banking,1,2025-11-25,كل شويه تحديثات باسورد وللأسف مش بيتم,Negative
fadd171f-2b35-42ae-b1ae-4cf8b8184fe5,CIB,Banking,5,2025-11-25,بنكي المفضل ❤,Positive
5d933eec-9c5a-4ad1-8fb3-1db34868c776,CIB,Banking,5,2025-11-24,عندي مشكله في كلمة السر من بعد اخر تحديث ارجوا التواصل وحل المشكله,Positive
dc5dbc7e-d426-4c79-9ecd-9d7f6fb66a3d,CIB,Banking,5,2025-11-24,ممتاز وجميل جدا جدا,Positive
11bdabb4-abc8-4829-957b-c9e554b85dbb,CIB,Banking,5,2025-11-24,تطبيق رائع وجميل,Positive
c48a769b-856e-46ea-af9d-d43de3de8234,CIB,Banking,5,2025-11-24,ناجحة جدا,Positive
0a476bed-b502-44b5-aba7-74330b21fb33,CIB,Banking,5,2025-11-23,ممتاز,Positive
8a5a3540-dbef-45de-93bd-c473a90392da,CIB,Banking,5,2025-11-23,تمام 👌تعمال ممتاز جدا والله,Positive
c5afb755-3601-4245-8777-2239e9861136,CIB,Banking,1,2025-11-23,التطبيق يفتح ويعطينى شاشه بيضاء وجربت كل الطرق ولا يوجد دعم فنى ولا متابعه لحل المشكله برجاء الحل,Negative
2468bffd-2788-4910-a935-cd0fe06a549b,CIB,Banking,1,2025-11-22,البرنامج لا يعمل رغم كل المحاولات بعد التعديل أصبح سئ جدا جدا جدا جدا,Negative
5f9fbfc8-1089-47e6-b135-ef5880d6f4af,CIB,Banking,1,2025-11-22,عايز اسجل حساب يقولولي البيانات خطأ,Negative
d6195582-581f-40d1-b901-2df79118174e,CIB,Banking,5,2025-11-22,رائع,Positive
c55dec77-e1a8-4466-86e1-a5c352a746de,CIB,Banking,5,2025-11-21,رائع جدا,Positive
3a572b35-dd0e-4657-9dc8-19843c9d4e79,CIB,Banking,1,2025-11-21,برنامج في صعب جدا بقالي تالت ايام بحاول اسجل علشان افتح الحساب بتاعي,Negative
f6f722ea-3c45-4000-bd1d-6dcb331c60c8,CIB,Banking,1,2025-11-20,كل شويه يطلب تغير الرقم السري,Negative
b4ebcca2-f2af-4bbf-bb32-be92b4db1c1f,CIB,Banking,5,2025-11-20,ممتاز جدا,Positive
406b535b-e926-4f78-a5b3-2c90ed72adbd,CIB,Banking,5,2025-11-19,برنامج مفيد جدا و سهل التعاملات,Positive
ba8a5538-44f7-43d3-bcfc-b8f743b7fd6e,CIB,Banking,5,2025-11-19,ممتاز,Positive
27545d2f-aa7c-4eae-aa65-25a5b5e21f6c,CIB,Banking,5,2025-11-19,شكرا جزيلا,Positive
6dd3fd60-d071-4281-b5b5-634e48acb786,CIB,Banking,5,2025-11-19,ممتاز,Positive
56ded99b-8eb4-403a-97b5-69b7ac1d7a71,CIB,Banking,1,2025-11-19,التطبيق مش بيفتح خالص,Negative
35782f5c-c721-4675-97da-83c5490f38f9,CIB,Banking,1,2025-11-19,التطبيق عطول يسجل خروج انا محتاج حل سريع للمشكله دى مينفعش كل شويه ادخل اسم المستخدم وكلمة السر الرجاء الرد,Negative
918ca501-0e7e-4943-bbd9-14f39618b168,CIB,Banking,5,2025-11-19,ممتاز,Positive
bb9fbd69-069e-43e0-8bd6-5d5727c03893,CIB,Banking,1,2025-11-18,خدمه سئ جدا,Negative
a78a0c04-a384-4f62-8f08-f1ca41cd2d2d,CIB,Banking,1,2025-11-18,سجل خروج ومش عارف ادخل تانى كل مدخل البينات يقولى البينات غير صحيحه مسحته ونزلته تانى برضو نفس المشكله,Negative
eda3ba4a-2f13-4f51-82e8-eb4f5ee26168,CIB,Banking,5,2025-11-18,كل لما اجي عشان اعمل تسجيل دخول اول مره ديما يجيلي خطأ في البيانات وانا متأكد من كل حاجه,Positive
687f09af-33e5-402f-8194-243a357fb352,CIB,Banking,1,2025-11-17,ال التطبيق حملته ومش عايز يفتح حاجه صعبه جدا في التسجيل مش عارف اعمل ايه وما فيش فايده عايز اسجل وبدخل الخطوات كلها مظبوط ويجيلي علامه صح علي كل الخطوات وتمام التمام اعمل تسجيل يجيلي رساله ناسف لعدم تسجيلكم برجاء التأكد من ادخال بيانات صحيحه,Negative
6faa511a-f257-4894-af30-c50b5aca14e7,CIB,Banking,5,2025-11-17,thanks very good,Positive
d7bc52df-eb51-4983-b321-d2edd9f8e126,CIB,Banking,5,2025-11-17,منتاز CiB,Positive
c8e88406-5f66-4de9-9e1d-2d347ed4e7a4,CIB,Banking,5,2025-11-17,جميل جدا شكرٱ,Positive
343f10a6-ca64-4af2-a05c-8e79b8d7b070,CIB,Banking,5,2025-11-17,تمام,Positive
9a8ae0be-5bf1-470f-ae60-6d1c10aadcb3,CIB,Banking,5,2025-11-17,رائع ومريح لكن ساعات البصمة بتكون غبيه ومش فاهمة أن انا صاحب الحساب😀 لكن تمام جدا انا مبسوط,Positive
da66ffc4-fb03-45ca-b87e-56d6f628db38,CIB,Banking,1,2025-11-16,تطبيق سئ كل ما احاول أعمل تسجيل حساب يقولى خطأ,Negative
4baba3b7-c063-43f5-9257-6cc78c9c1f06,CIB,Banking,5,2025-11-16,جيد,Positive
9e4eba1c-2372-4dbf-afb3-e8061012ce0d,CIB,Banking,1,2025-11-15,تطبيق مش عاوز يسجل معايا ولا عاوز يفتح معايا كل ما اسجل دخول يقول البيانات غير صحيح,Negative
b672d8da-c69e-497d-a691-3d0f9ea238eb,CIB,Banking,1,2025-11-15,الابلكيشن رافض اني اغير الباسورد مهما حاولت,Negative
6415f6f1-0ac8-4c0f-b5e6-b82dc594add7,CIB,Banking,1,2025-11-14,تطبيق لايعمل هو مشكله في تطبيق ولا فى بنك,Negative
e00b539a-5cf8-4d11-a27e-98ae60d70047,CIB,Banking,1,2025-11-14,لم يستجيب لى البرنامج للفتح بعد عده محاولات عديده لفتح البرنامج لاجراء معامله بنكيه والمحاولات كلها بائت بالفشل,Negative
4183581c-7bf2-49d5-bdf9-c69f97a16fe9,CIB,Banking,2,2025-11-14,البرنامج مش عايز يفتح عندى على الموبايل,Negative
25bfc69d-ee1a-4d3a-bbba-09c509047562,CIB,Banking,5,2025-11-14,good,Positive
9863369f-28f7-4538-9f11-9088d217425b,CIB,Banking,1,2025-11-13,وحشششش جدا بجد مش بيفتح اصلا ويطلب تغيير كلمه السر ومبيرضاش يغيرها وبقا اسوأمن الاول بكتير,Negative
617d163e-79c2-4cdc-b264-e439ace47023,CIB,Banking,5,2025-11-13,هذا التطبيق جاميل جدا ويمكنك من خلاله التعامل مع جميع التفصيل في البنك في سريه تامه,Positive
25553d7a-c785-45ab-b4bc-28871da8bc0b,CIB,Banking,5,2025-11-12,تطبيق اكتر من رااااااااااائع والله,Positive
aa531584-93a7-4204-8df3-f24bf89f5f30,CIB,Banking,1,2025-11-11,البرنامج لا يعمل برجاء حل المشكلة,Negative
3cd9341b-b10b-4c41-b123-7843aabf1850,CIB,Banking,1,2025-11-11,مشكلتي ليست مع التطبيق ولكن مع ماكينات الصراف الآلي القديمة التي تخص البنك التجاري الدولي الموقر التي تسجل بعض عمليات السحب ولا تخرج المبلغ أنا في منتهي الاستياء من هذه الماكينات التي عفي عليها الزمن كيف تطبقون منظومة الشمول المالي وليس لديكم ماكينات صراف آلي حديثة بالكامل ؟,Negative
fe1fe9f7-7426-4e89-aeb3-2e8e4433d8b9,CIB,Banking,1,2025-11-10,سئ جدا التطبيق تقيل جدا في الفتح وبعد الاحيان لا يفتح( لم يتم حل المشكله حتى الان),Negative
e09dfc35-5eee-4502-b1ab-2b70c6d7dd61,CIB,Banking,5,2025-11-10,جيد,Positive
0c000eef-f5b7-41bf-850f-ad118c31fe17,CIB,Banking,5,2025-11-09,عايز قرض,Positive
bffe57af-352e-45d4-b9a2-89e49d7ad75c,CIB,Banking,3,2025-11-07,انا احب التطبيق ككل.. تنظيم وسهل وآمن.. ولكن مؤخرا أصبح الابلكيشن يفتح بصعوبه شديدة واحيانا لا يفتح..... شككت في سرعة الانترنت ولكن وجدت السرعة مقبوله والبيانات تعمل بكفاءة.. والمشكلة في الابلكيشن نفسه.. برجاء إصلاح تلك المشكلة.... وكلي ثقه في مستوى احترافية CIB.. ارجوا ان تحافظوا عليها,Neutral
4a0cdc9f-6765-4060-9545-c2166e908261,CIB,Banking,5,2025-11-07,جيدا جدا,Positive
a33183e7-8bc7-41fc-ad1b-cfdbed40cbbf,CIB,Banking,5,2025-11-06,ممتاز,Positive
f310f058-6be9-4009-96ee-f64b1a717d9e,CIB,Banking,5,2025-11-06,ممتاز,Positive
d0008430-afed-4683-a619-e5f6c7dee182,CIB,Banking,1,2025-11-06,البرنامج نزلتو ومش عايز يفتح أصلاً 😂😂😂,Negative
052e0984-d3df-4a1e-bd6c-a4022af469f0,CIB,Banking,1,2025-11-05,سئ للغاية,Negative
432bbbae-c2d2-408a-982e-3aa5d584a89a,CIB,Banking,5,2025-11-05,ممتاز,Positive
c6857a8a-b141-4636-9d23-148e99919830,CIB,Banking,1,2025-11-05,مش عارف ادخل علية وماببقبل اى حاجة,Negative
e60b64d2-4eea-474b-b946-46abc10b50c2,CIB,Banking,1,2025-11-05,تطبيق سيء جدا جدا جدا تحديثات متكررة تفتح التطبيق ميكملش أى معامله محتاج برجامر عشان يتعامل معاه سئ سئ سئ,Negative
cd0f0308-35b7-4f8f-a317-cf27adcfab5a,CIB,Banking,1,2025-11-05,تطبيق سئ جدا المفروض موبيلك معاك بنكك معاك بس ده كلام و بس,Negative
a7abed3a-7eea-41cb-bc8b-fe95d067e78c,CIB,Banking,1,2025-11-04,التطبيق لا يعمل لاكثر من ٢٤ ساعه,Negative
9147744f-ae8c-4ba8-af2f-2fa6673f33eb,CIB,Banking,1,2025-11-04,سيئ جدا,Negative
55a76079-41dc-4e4e-8d36-7e9b1800cf91,CIB,Banking,1,2025-11-04,تجربه غير جيدة حرفياً بتسرقوا الناس في صمت مش بتشتغلوا في صمت,Negative
0b1e43b8-77d5-4f46-93b0-4bf540b32519,CIB,Banking,1,2025-11-04,بطى جدا بصراحه حاجه صعبه,Negative
ed077ae7-0f7d-40af-a649-17283179a8aa,CIB,Banking,5,2025-11-04,very good,Positive
2c514ca1-fd6d-469c-a642-1c827f082779,CIB,Banking,1,2025-11-04,الابلكيشن مش بيفتح,Negative
d87d1751-c6d2-4ca8-a398-c1647a9987b5,CIB,Banking,5,2025-11-03,جيد جدا,Positive
2fd9443a-f184-4845-8565-94915f874a5a,CIB,Banking,5,2025-11-03,جيد جداً ❤❤❤❤,Positive
87271c2e-70f3-40a8-b2e8-68f27a710ec6,CIB,Banking,1,2025-11-03,تطبيق سيء للغاية لا تستطيع تسجيل دخول وكل شوية يطلب تغيير كلمه السر ،تطبيق سيء جدا جدا,Negative
bdd8dea6-5e39-4a31-aedb-427a341fef42,CIB,Banking,5,2025-11-03,👍,Positive
d142017a-4a86-46ea-8471-5b73b6490491,CIB,Banking,5,2025-11-02,😍😍👍👍,Positive
90c9bd86-134e-4e30-bd9d-445e017ab968,CIB,Banking,1,2025-11-02,البرنامج مش بيفتح عندي كان شغال وبقا مش بيفتح,Negative
527d9b60-5c68-42cf-ac09-afe74e2402ee,CIB,Banking,5,2025-11-01,جميله,Positive
593672c5-cdba-4b49-90ea-f56cac6e7a22,CIB,Banking,1,2025-11-01,للاسف الشديد التطبيق أسوأ مما تتخيلوا مبقتش عارف افتح التطبيق طلب مني تغيير الباسورد ومشيت مع الخطوات وتغيير الباسورد يقولي عذرا حاول مره اخري,Negative
e8f78e31-2541-4f62-b1fc-b9a756e88ff4,CIB,Banking,1,2025-11-01,التطبيق سئ جدآ جدآ جدآ جدآ جدآ جدآ بعد التحديث لا يفتح كلمة المرور,Negative
90cca6a9-f672-4b1a-9612-417807e2741d,CIB,Banking,1,2025-10-30,التطبيق بقى سئ لدرجة انه علشان يفتح ممكن يفضل اكتر من ساعة ونص عشان ادخل على صفحة تسجيل الدخول,Negative
09601d64-ebfe-49c8-a633-376eb8ed4d8f,CIB,Banking,1,2025-10-29,يعني لسه في أول معاملة وكل ماجي أسجل واكتب كل حاجة تطلعلي رسالة خطأ في تسجيل البيانات بصراحة تطبيق زبالة وبيغيب قوي على مايفتح دالواحد يروح البنك وييجي على مايفتح,Negative
54048ece-de29-448b-807e-de36189382d7,CIB,Banking,1,2025-10-29,التطبيق فيه مشاكل طالب مني اغير كلمة السر ولمة اجي اغيرها يقولي حدث خطا تعال في وقت اخر له يومين على هذي الحال,Negative
fc2c0b79-095e-4ef2-bd9d-f95e53246a7b,CIB,Banking,1,2025-10-28,سئ جدا دائما يطلب توثيق الجهاز مع العلم إنه تم فتح البرنامج أكثر من مره وبعد ذلك يطلب توثيق الجهاز ولا يقوم بالفتح,Negative
090a5ad8-7e78-4303-8369-a36711de6564,CIB,Banking,5,2025-10-27,ممتاز,Positive
4790e89b-57f8-4072-9642-81218af5ba6a,CIB,Banking,1,2025-10-27,تحديث البيانات والمعاملات اللي علي البرنامج غير دقيقة وخاطئة علي سبيل المثال انا لو اقساط سددتها بتيجي احيانا ان انا لسة وفي عمليات شراء تم الغاءها وتم استرداد المبلغ ولكن البرنامج بيظهرها علي انا مطلوب سدادها ارجو حل المشاكل دي مش كل شوية هوصل علي خدمة العملاء,Negative
de3069f8-25af-40e4-a33a-94340a706e94,CIB,Banking,5,2025-10-27,🫰👍🫰,Positive
8ebb7ed5-3537-4d5b-ac88-c9a329147181,CIB,Banking,5,2025-10-26,ممتاز,Positive
cb357173-b476-4d0a-b743-e161be4a13eb,CIB,Banking,1,2025-10-26,تطبيق لا يستحق نجمة,Negative
6f54f7f1-acf2-475b-9e23-e2369029421a,CIB,Banking,1,2025-10-26,سئ سئ سئ جدا,Negative
df65034c-6944-4ccc-b5f0-b6ae0c7cc83d,CIB,Banking,1,2025-10-25,التطبيق به مشكله في انشاء الحساب بعد ادخل الرقم القومي و كتابه الاسم و الباسورد و تأكيده و كتابه الكود الموجود يقول لي هناك خطء في البيانات التي ادخلتها,Negative
939518ff-13f0-40a0-b233-ca51671eff7c,CIB,Banking,1,2025-10-25,تطبيق بقي سيئ مش عايز يفتح بيطلب تحديث ومش عايز يفتح,Negative
9004b685-ba1c-48da-bbe8-b752520b77c7,CIB,Banking,5,2025-10-25,جميل,Positive
264566e7-8610-4888-a7f3-e0e22e5060ac,CIB,Banking,5,2025-10-25,بنك جميل,Positive
54d47a23-d64d-4397-8b63-f71d9aad18e5,CIB,Banking,1,2025-10-24,التحديث الاخير سئ البرنامج مش بيرضى يفتح ولما نكلم خدمة العملاء يقولوا مفيش مشكله في البرنامج ياريت تشوفوا حل,Negative
386d30bc-4e8b-4db0-8ab4-466981c0f327,CIB,Banking,5,2025-10-24,جيد جدا,Positive
bdcc1e00-bd02-4fca-81e4-b2c16ff6e9ef,CIB,Banking,3,2025-10-22,التطبيق مش بطال ولاكن ينقصه تاريخ المعاملات والمعاملات السحب والايداع والخصم باللغه العربيه,Neutral
d596e92a-0bf5-46c5-9cf5-c433d44dc55f,CIB,Banking,5,2025-10-22,عاوز فيزاه,Positive
8ef83beb-2a82-4f69-91c7-4ea53421ec53,CIB,Banking,1,2025-10-22,معقد جدا,Negative
b8e6bbdd-2829-4436-a216-1354ee91862a,CIB,Banking,2,2025-10-22,بعد التحديث بيكتب error 404 في صفحة البطاقة الائتمانية في التطبيق,Negative
08aa6c61-7e0f-4b0b-9d22-53e86b5a99f4,CIB,Banking,1,2025-10-21,انا مش عارف احدث البرنامج وكل ما اجي احدث يقولي حدث مشكله اثتاء التحديث انا مش عارف اعمل اي,Negative
4c291655-8f30-492f-9044-bd432eab988c,CIB,Banking,5,2025-10-19,سرعه في اداء المطلوب,Positive
4997a994-79d0-41ea-9006-64536372e683,CIB,Banking,5,2025-10-19,Good 👍,Positive
5e998e1c-f248-485c-8f57-a08fd836b8be,CIB,Banking,5,2025-10-18,أحسن بنك فى مصر,Positive
251aab79-e124-4775-88ea-75b904c25ed5,CIB,Banking,1,2025-10-18,تطبيق سئ,Negative
60a6a051-63e7-4fe4-be46-cae1335b718e,CIB,Banking,1,2025-10-15,اسوء تطبيق على الاطلاق يتم رفض الدخول بصفة مستمرة ولا استطيع الدخول عليه,Negative
a47881c1-49be-4143-a321-766c03cf53d4,CIB,Banking,1,2025-10-15,بعد التحديث الجديد البرنامج مابيفتحش تحديث سيئ جدا جدا للغاية,Negative
310470ba-3cb4-436b-a8e0-bb5a920a87ea,CIB,Banking,5,2025-10-14,good,Positive
3ebf1650-e8db-44f1-a648-0a0a32f3317d,CIB,Banking,5,2025-10-13,ممتاز,Positive
ae5574b1-f6ab-4c4c-b0dd-b0e5e53f0227,CIB,Banking,5,2025-10-13,التحديث الجديد دا سيئ جدا,Positive
4ef8d6b1-980d-4baf-86ab-b4b55fbe8607,CIB,Banking,5,2025-10-12,تطبيق اسوء مايكون كل مره بعمل رقم السرى خطا وبحاول اغيرو مبيتغيرش وحاجه زفت,Positive
258b8710-2090-4f1e-9745-f3460b4b3790,CIB,Banking,1,2025-10-12,Very stupid bank,Negative
546413e3-f148-4e97-8115-2df5e9b91fc1,CIB,Banking,5,2025-10-12,ميه ميه,Positive
442fa464-f426-404d-bf38-d0fd285642e1,CIB,Banking,1,2025-10-11,سيء,Negative
88852f3d-b605-4468-946c-caf3c8a7fa77,CIB,Banking,5,2025-10-11,سحب الاموال,Positive
a73011f0-e26d-45b4-81ac-a7aba8534006,CIB,Banking,5,2025-10-10,good 👍,Positive
4a343389-4150-4e40-aae6-529c9e57fe8f,CIB,Banking,5,2025-10-09,جامد,Positive
578f0a44-4736-4353-aae7-722bd5c0376d,CIB,Banking,5,2025-10-07,ممتازة,Positive
8e822c28-a1e1-4e5d-aa6a-5a15ba8b064c,CIB,Banking,5,2025-10-07,ممتازه,Positive
1552779f-097d-4368-bc32-c6cea96a8f1a,CIB,Banking,5,2025-10-07,ممتاز,Positive
b761b724-0d05-49f4-980e-8bd4be5bbba5,CIB,Banking,5,2025-10-07,احسن بنك فى سهولة برامج,Positive
3ba75524-affc-40e8-bb5d-c2a672b009ba,CIB,Banking,1,2025-10-07,والله المفروض ولا نجمة اصلا بس مضطرة احطها عشان اكتب الكومنت .. الابليكيشن داخل ف سنة سيئ جدا وتقريبا مش شغال اصلا ومش عارفه استخدمه وكل شويه يقفل .. ممكن اعرف ايه الحل دلوقتي؟!!! ولا الحل اننا نسيب البنك ده خالص ونلغي تعاملاتنا معاه ولا ايه!!,Negative
f5b470f4-c695-4373-9d1d-0482dc42d400,CIB,Banking,1,2025-10-06,التطبيق سيئ جدا للغايه لا يعمل بشكل جيد ولل يقبل تغيير كلمة السر,Negative
c803907a-dc79-4e4a-9679-bc1b723659d1,CIB,Banking,5,2025-10-06,جميله,Positive
e2ca5915-021e-466d-879c-b1b4abec9a13,CIB,Banking,1,2025-10-05,بصراحه زي الزفت وكل مره اسجل يقولي كلمه السر غلط حتي لما اعمل نسيت كلمه السر واكتبها تاني يقولي غلط برنامج زفت من كل المقايس,Negative
e2032adc-a14a-4954-be25-a9f83ac40184,CIB,Banking,1,2025-10-05,Cib لا أنصح ب لديه اسوء ATM من بين كل البنوك تنفردوا بذلك صياناته سيئه جدا جدا جدا جدا جدا جدا جدا جدا جدا جدا جدا يعطل اكثر مما يعمل وتستمر اعطاله بالايام خاصه عمليات الإيداع خاصه فروع المنوفيه ومركز شبين الكوم,Negative
8343cfc7-74e1-44cd-bfd4-b960efa6529a,CIB,Banking,1,2025-10-04,التطبيق مش بيفتح وبيعلق كتير,Negative
6fc71d3f-1969-4009-b801-57d5863506d7,CIB,Banking,1,2025-10-03,البرنمج مش بيفتح نهاي ايه المشكله,Negative
f50dd80f-5bcc-45e1-85e7-e40b5b53af3d,CIB,Banking,1,2025-10-03,التطبيق لا يعمل معي الآن وتظهر شاشه بيضاء,Negative
432f9877-a52e-43ba-b440-6e27a6892209,CIB,Banking,1,2025-10-03,البرنامج مش شغال ومش عارف أدفع الأقساط,Negative
a26b3cee-f02a-46a5-abbf-a35ac2cdd2e5,CIB,Banking,1,2025-10-03,برنامج زبالح ومبيفتحش,Negative
91329a0c-9536-406d-a2c2-6297b88d8985,CIB,Banking,2,2025-10-03,في مشكله في التطبيق,Negative
5e7eae45-8231-4abb-a71a-9d28789f325d,CIB,Banking,1,2025-10-03,التطبيق مبيفتحش وسيء جدآ,Negative
5734f1b5-794a-4600-85c2-014560666a63,CIB,Banking,1,2025-10-03,ضعيف,Negative
939f2c88-c262-401a-9af4-7c16c0f6d46f,CIB,Banking,1,2025-10-03,الابلكيشن مش بيفتح معايا,Negative
60455237-d055-4e36-8055-992d5efa19e3,CIB,Banking,1,2025-10-03,التطبيق لم يعمل منذ اسبوع مسحته و نزلته اكتر من مره مافي فايده,Negative
a88f51f6-08e8-4a96-b27a-81def7840dff,CIB,Banking,2,2025-10-03,التحديث الاخير زى الزفت مفيش اى استجابه والتطبيق بيعلق وبيكتب مدة الجلسه انتهت وبيقفل تلقائى برجاء حل المشكله ف اقرب وقت,Negative
5b312637-c7fd-4454-996a-b3077bb1adcd,CIB,Banking,1,2025-10-02,كل مدخل بيناتي علي شان افعل رقم سري جديد علي سي اي بي يقلي عذا حدث خطاء يرجي اعاده المحوله لحقا,Negative
f82cae49-2b6a-4b1c-a940-03221068662b,CIB,Banking,1,2025-10-02,التطبيق أصبح سئ جداً,Negative
93f66905-0e8c-4c13-9cb4-78b0d50ec16a,CIB,Banking,1,2025-10-01,لا استطيع تغيير كلمة المرور,Negative
47f6ad9a-2ee5-4eeb-b825-27faa9ac2664,CIB,Banking,1,2025-10-01,تطبيق زباله وبطئ اوي ولا يعمل ولا يوجد أي مميزات به,Negative
2c27f069-a270-4720-99dc-041b7d06a971,CIB,Banking,1,2025-10-01,تحديث سئ,Negative
8f1ff84b-eade-451a-a018-3cf5c81d6a89,CIB,Banking,1,2025-09-30,من سئ الي اسواء,Negative
a185e70c-756c-4cb2-ad99-c1883a1091c7,CIB,Banking,5,2025-09-29,ممتاز,Positive
e6f90830-20fd-4ce2-9fcf-f55983867acc,CIB,Banking,5,2025-09-29,هذا تمام,Positive
d5b5b006-2352-44e7-840c-49da8b875f6e,CIB,Banking,5,2025-09-29,عندي مشكله.في تسجيل الدخول لأول مره لاني حابب افتح حساب,Positive
d12e0c84-9cbe-4359-9ac4-0353da756e6d,CIB,Banking,1,2025-09-29,البرنامج بقا زى الزفت,Negative
3b60ca8f-61bc-49ed-9e61-56c530810f28,CIB,Banking,1,2025-09-29,التطبيق أصبح لا يعمل,Negative
a9f649fe-41ba-4699-b238-b8848594b10e,CIB,Banking,5,2025-09-29,جيد جدا,Positive
cd50a3d3-7aea-4e20-a060-8bd250c3d18f,CIB,Banking,1,2025-09-28,الابلكيشن بقى سئ للغاية وتحديث زبالة بمعنى الكلمة وكلة مشاكل ولا بعمل بشكل طبيعى والفيرجن القديم كان افضل ويعمل بشكل جيد ومتقلش ايه المشكلة وابعت رقم حضرتك على الميل والمشكلة لان الافاضل معلقين قبل منى بكل المشاكل اللى بتحصل وياريت تكونوا حريصيا على حل المشكلة مش الرد على التعليقات وبس,Negative
20cdf6f3-2948-44d1-950d-2df99771e138,CIB,Banking,5,2025-09-27,جميل جدا,Positive
6d709d61-a4d9-4d97-8d56-4b54ff504133,CIB,Banking,1,2025-09-26,لا يسمح بالدخول لاسف,Negative
441c817d-9417-44c9-97e8-3dcdda3bca05,CIB,Banking,5,2025-09-26,ممتاز,Positive
883c6824-8bc2-49d6-a860-0b892a4733e8,CIB,Banking,1,2025-09-26,مش شغاااال معايا خالص لا يستجيب حتي ف تسجيل الدخول وعملت شكاوى كتير وبردو مفيش فايده,Negative
b26c2165-633f-4d72-b55d-1d3f4db81e78,CIB,Banking,5,2025-09-26,ممتاز,Positive
cf783422-ba09-4e8c-b299-865b21e91f09,CIB,Banking,1,2025-09-26,التحديث الحديد سيء,Negative
fd39f169-5aa0-4dbc-8671-82b5f1ea8625,CIB,Banking,2,2025-09-26,للاسف كان يعمل جيداً ولكن الان لم يعمل وعند محادثه خدمة العملاء تم الاخطار بان التحديث الجديد لا يعمل على اندرويد أقل من 13 هل يعقل هذا هل يعقل أن لتشغيل الابلكيشن اغير الموبايل 😤😤,Negative
b73dc08e-3e6e-44c5-92f3-f3db16aee472,CIB,Banking,1,2025-09-25,سيئة للغاية كل لما اسجل الحساب بيقولي البيانات غلط,Negative
3c0a39a5-c74b-4f8f-9d62-9150ecdf34d0,CIB,Banking,1,2025-09-25,تحديث سيئ جدا,Negative
6659906a-5cbe-475d-87f5-c149639f16ab,CIB,Banking,1,2025-09-23,بعد التحديث متستهلش نجمه,Negative
a8f04dca-9544-4be1-ad27-20b7653bd078,CIB,Banking,2,2025-09-22,توجد مشكلة في تسجيل الدخول بالرقم القومي، رمز التحقق مهما كتبتة يقولي حدث خطأ، ارجو حل المشكلة بأسرع وقت,Negative
f78045c9-3f76-4f63-a2f6-d8956cec77af,CIB,Banking,5,2025-09-20,ممتاز,Positive
9186f502-7aa3-4d6a-aeba-73b234aa912f,CIB,Banking,1,2025-09-20,سئ جدا جدا ومش بيفتح,Negative
ed2eaf6d-8cc6-4fc9-9ba4-42aea202a15c,CIB,Banking,1,2025-09-19,سي جدا ومبيشتغلش اصلا .. نجمه واحده كتيره عليه .. وخدمه العملاء زباله ولا بتحل مشكله ولا بتربط بيهندلوك بس .. بنك سئ,Negative
dde439a2-e0df-4e5f-983e-3dd210234c6e,CIB,Banking,5,2025-09-19,جميلة,Positive
5c434c7d-9264-4dc5-aaf5-1edd07291e6a,CIB,Banking,1,2025-09-17,سئ جدا ومش بيفتح وبطئ جدا,Negative
8656773f-a08f-46f2-8e41-3d1f114fff77,CIB,Banking,4,2025-09-17,تطبيق جيد خاصة قبل التحديث الاخير,Positive
b240c4f6-351b-4a0a-9105-116d258ee2cc,CIB,Banking,1,2025-09-17,التطبيق لا يستجيب من الأساس عند الفتح تظهر رساله يستمر التطبيق في التوقف ،،,Negative
53571443-5e02-47ed-937c-0ec62ebd3b01,CIB,Banking,1,2025-09-16,ابلكيشن عقيم,Negative
f9b02d9f-296e-4b3d-a787-d12ecd0464cc,CIB,Banking,1,2025-09-15,سيء جدا خصم بصفه مستمره,Negative
a800856b-684c-4b77-9593-babafae61bf7,CIB,Banking,1,2025-09-15,التطبيق لا يفتح,Negative
d17334a0-11ca-4775-84fa-2a389bb1e9c8,CIB,Banking,1,2025-09-15,التطبيق لايعمل رغم كتابة الاسم وكلمة السر بطريقه صحيحة وتم مسحه وتحميله مره اخرى ونفس المشكلة,Negative
c5702688-bca8-4f12-8d34-78958f92534d,CIB,Banking,5,2025-09-14,ok,Positive
5cd423eb-bf55-4380-a428-4fe2a90c801f,CIB,Banking,1,2025-09-13,ممتاز,Negative
8c95bc2a-1f68-4717-a4ad-c6dba8bd0f8c,CIB,Banking,1,2025-09-13,التطبيق اصبح سئ جدا ولا يقبل تغيير كلمة المرور,Negative
d195d154-88c2-45bf-8c88-bb7038c92c6b,CIB,Banking,1,2025-09-13,التطبيق لا يعمل ارجو حل المشكلة للأهمية,Negative
5d90ffaf-d0b8-47c4-baae-60fc268ce29b,CIB,Banking,1,2025-09-13,التطبيق لايوثق الجهاز مع المحاولات الكثيره المتعددة لحل تلك المشكله أصبح سئ جدا,Negative
43c080e5-9685-4ee7-a96a-0e5ed074af95,CIB,Banking,1,2025-09-13,سئ,Negative
5e40275f-aa4f-4b22-8887-d6cf35f0c2e4,CIB,Banking,1,2025-09-12,اسوء برنامج تشوفه في حياتك,Negative
3edf8833-4dba-49ae-a6ac-54e77be1cf5c,CIB,Banking,1,2025-09-12,تطبيق سئ لا يعمل,Negative
a7fa4a5a-4c3f-42f0-b9e6-0711c552bd57,CIB,Banking,1,2025-09-12,التطبيق سئ. سئ جدااا,Negative
c07629ce-4e37-4363-951f-f651ba1c3054,CIB,Banking,1,2025-09-11,البرنامج سئ للغايه يسجل خروج ولا يعمل,Negative
9facecb9-466b-4486-8afb-395d8d1e33bb,CIB,Banking,1,2025-09-10,اسواء بنك فى العالم,Negative
e2693d01-5aac-4c70-9a8f-0d2b9fe93758,CIB,Banking,1,2025-09-09,التطبيق لايستجيب معى هذا المشكلة تكررت اكثر من مرة حيث قمت بازلة التطبيق وتنزيلة مرة آخرى نفس المشكلة بالإضافة ان قبل ظهور مشكلة عدم الاستجابة كان يفتح التطبيق ويغلق فى نفس الوقت وتظهر رسالة لقد انتهت مهلة الجلسة.,Negative
a3de8b8c-4dbc-4491-9c29-c3b8edb83474,CIB,Banking,5,2025-09-09,برنامج جيد جدا,Positive
2691a431-e092-48b0-8e19-b14c2e1ecc62,CIB,Banking,1,2025-09-09,اصبح سي جدا جدا جدا جدا لانه فور تسجيل دخولك يخرجك فورا,Negative
b26a4d44-b7a0-47bb-a77e-a17b1eac965c,CIB,Banking,1,2025-09-09,التطبيق عاطل منذ يومين بدون أي إشعار أو تنبيه,Negative
8f84ec26-7627-46a0-a08c-ddf8763737dd,CIB,Banking,5,2025-09-08,ممتاز,Positive
21dd999f-b65c-4377-aef8-63c4ce1c9930,CIB,Banking,1,2025-09-07,التحديث الجديد سئ جدا وكل ما اطلب دخول لا يقبل,Negative
e7775086-b224-4bcc-9742-ba7214b0383c,CIB,Banking,5,2025-09-07,♥️,Positive
56e9781d-53d3-4017-bd76-40ff2e7f7fde,CIB,Banking,1,2025-09-07,التطبيق سئ بيكون فيه وقت ضيق ويتم انتهاء الجلسة وقت دخول التطبيق في ثوانى ايه الحل حاولت كذا حاجة ومفيش نتيجة,Negative
d10b98f6-bf7b-4e39-9bc6-d2b01a5e9d85,CIB,Banking,1,2025-09-07,وحش جدا جدا جدا جدا جدا جدا نفسي حد يصلح الابلكيشن معلق على طول القديم كان احسن,Negative
0befd723-bd80-4c35-821d-d00dd0d32a2f,CIB,Banking,1,2025-09-06,تجربة فاشله لم اتمكن من فتح البرنامج من على الهاتف المحمول مع العلم بأن البرنامج يعمل على جهاز الكمبيوتر بشكل طبيعي بسبب رسالة عدم توثيق الهاتف المحمول,Negative
e00107f2-c997-4a57-81fc-d8ea34c0d9e6,CIB,Banking,1,2025-09-06,أسوأ تطبيق بنكي علي مستوي البنوك كلها,Negative
f8dee983-73f7-421a-83a0-c1ff6f6a1a87,CIB,Banking,1,2025-09-04,اسوء تجربه,Negative
69c9f5c3-c89b-4a54-ae7b-20cbc8cdaba0,CIB,Banking,2,2025-09-04,البرنامج بقي سئ جدا ويخرج علي طول ويديني الفوت غلط مع أن الوقت سليم عامله تلقائي ونفس المشكلة,Negative
6e270318-a1e5-4554-b1c8-b3d028e8ca75,CIB,Banking,1,2025-09-03,تطبيق زفت,Negative
1d286044-0236-4f67-b733-9ec8cd2a6691,CIB,Banking,5,2025-09-03,. زتت,Positive
211ecf84-405c-48db-bbce-029cac421b79,CIB,Banking,1,2025-09-03,التطبيق الجديد سئ جدا جدا و كل لما أحاول أفتحة مايشتغلش و ألأقي رساله بتقول حاول مرة أخرى أو إتصل بالبنك بعمل كدا و مافيش أي حاجة بتحصل,Negative
67e577fa-5b6f-4dfb-8b59-77cb166d81d8,CIB,Banking,1,2025-09-02,تطبيق سيئ للغايه,Negative
08fdc074-2381-402b-9a18-c7e2a31ac0b2,CIB,Banking,1,2025-09-02,أنا أحاول فتح حساب ويتم الرفض من التطبيق بوجود خطاء فى اسم المستخدم,Negative
334fc99b-3744-48bc-93ba-6acff276f71f,CIB,Banking,1,2025-09-02,التطبيق كان ممتاز الي ان اضافه خاصيه غلق التطبيق للأمان بيقول علي طول ومبنلحقش نعمل اي معامله بقي ليس له لازمه لازم ندخل من اللاب ولو في الشارع مش بتعرف تعمل خاجه خالص,Negative
dfa8f13e-8f03-4219-a6a7-db9600ac451f,CIB,Banking,1,2025-09-02,حاجة مقرفة بجد كل اما اجى ادخل على برنامج يخرج تانى وكلمت خدمة العملاء ومفيش حاجة بتتحل,Negative
7fe86dd7-5f27-4bde-bb2a-8a35ae558cb5,CIB,Banking,5,2025-09-02,fantastic 😍,Positive
6fc0bc93-e399-429f-aa07-5d94386fd828,CIB,Banking,1,2025-09-02,برنامج سيئ جدا جدا جدا,Negative
c86251b2-64f9-4d66-a7f3-a6a6cd972c7f,CIB,Banking,1,2025-09-02,تطبيق سئ جدا جدا عند فتح التطبيق يظهر لى انتهت جلسه التطبيق مشاء الله من تحديث سئ لاسوء,Negative
ce1faf35-fb66-4e38-9b1a-d2f498d0f8e6,CIB,Banking,1,2025-09-02,مصاريف كثيره جدآ من الشهر إلى فات إلى اليوم 1433جنيه ليه عايز افهم رغم أنا بتعامل مع cipمن 2015,Negative
92149bd0-d6a1-41cb-9c64-f2e0ca271bfd,CIB,Banking,4,2025-09-01,بنك محترم,Positive
0a65ae5a-f5c7-4841-8acb-23fae7846558,CIB,Banking,1,2025-08-30,"CIB application has a crucial problem. It logs out when trying to log in after authentication step it shows a pop up with a timer having a couple of seconds and ticks very fast after that it shows ""your session ended""",Negative
f364f5b7-c8b1-49ee-a77f-0fd16797d0a4,CIB,Banking,1,2025-08-30,البرنامج بيعمل تسجيل خروج باستمرار اول ما بفتحه ياريت حل للمشكلة دي أصبحت مزعجة بالنسبة لي. مازالت المشكلة موجودة يا جماعة دي مش مشكلة فردية خاصة بيا لوحدي دي مشكلة في التطبيق عند ناس كتير راجعو التعليقات كلها بتقول ان التطبيق فيه مشكلة,Negative
3c465d5a-0ec4-4bda-b18a-cf2789dac11e,CIB,Banking,1,2025-08-30,اصبح اسواء من الاول كل شويه يطلع رساله الجلسه انتهت,Negative
1070eaa7-a8f9-4872-aac2-bad90fd15be1,CIB,Banking,5,2025-08-30,لماذا لا يتم تحميل ابلكيشن CIB معايا,Positive
d71feed4-b954-4bb5-bc4a-57abbd92443b,CIB,Banking,1,2025-08-30,ابلكيشين سئ للغايه و مش شغال,Negative
d25841a7-b122-4e73-ac1a-5267a7a72d0a,CIB,Banking,3,2025-08-29,التطبيق بيقفل بسرعه قبل اتمام عمليات التحويل,Neutral
fdbb0098-db72-4e64-a666-92210e693e63,CIB,Banking,1,2025-08-29,انا عايز اغير كلمة المرور مش راضي يخليني اغيرها بقالي كتير ع الحال ده ارجو حل المشكله,Negative
bc2614e9-79fe-43e2-9e2d-4133b8b02534,CIB,Banking,4,2025-08-28,تم التعامل معي وانا ممتن للخدمه,Positive
5d8b772e-7f86-4308-aa54-7a53f2635d93,CIB,Banking,5,2025-08-28,لا يفتح علي تلفون ردمي,Positive
755ad90c-548d-4ff4-bd34-0ee7be8a62ae,CIB,Banking,5,2025-08-28,جيد جدا وممتاز,Positive
278c13df-7253-4ef9-afa1-fdb223c16540,CIB,Banking,1,2025-08-28,برنامج متخلف مش راضي يسجل الاكونت مع اني مدخل البيانات مظبوطة,Negative
dd4b106e-3637-4900-8950-f79ad9d2d50b,CIB,Banking,1,2025-08-28,للاسف التحديث الجديد سى جدا كل ما يفتح ياما يعمل تسجيل خروج وياما يطلب توثيق الجهاز وتدخل البيانات ويكتب حدث خطأ ما ....بقالى شهرين مش عارف افعل البصمه عليه,Negative
220c7ad3-121c-4c9c-899e-df52a18ef8aa,CIB,Banking,2,2025-08-28,التطبيق الجديد سئ جدا وكل ما ادخل تظهر رساله انتهت مده الجلسه مبلحقش اشوف واعمل الحاجه اللى عايز اعملها وده مش المتوقع من بنك زى CIB ياريت تهتموا وتحلوا مشاكل التطبيق,Negative
8455226d-e0c9-4800-8a2d-2e66e8f5e85a,CIB,Banking,5,2025-08-27,جيد جدا,Positive
a3cf2105-3ace-4cb3-bffd-3aaeb82f5860,CIB,Banking,4,2025-08-27,هناك مشكلة جديدة في الأبلكيشن وهي أنو بيفتح ويعطيك رسالة متابعة أو غلق التطبيق! وفي خلال ثوان يكون قافل؛ طبعا احنا مع الحرص والتأمين لكن دا كدا مش تأمين؛ دا خلل غريب وحصري على ال cib,Positive
953b0f74-2afe-40e0-bf43-f0e40bc0716c,CIB,Banking,1,2025-08-27,من اسوء التطبيقات حرفيا حاجة تشل لما ادخل الابلكيشن اكتر من مرة و يجيني تسجيل خروج تلقائي ياريت المسؤول عن الابلكيشن دة يتحاسب عيب لما يكون بنك كبير زي دة و دة يكون الابلكيشن بتاعه ما هو الا شلل,Negative
9fa5a835-17a0-49c0-8056-03609857f6f6,CIB,Banking,3,2025-08-26,برنامج رائع,Neutral
63a7bff0-8d02-4896-80c5-dad60d35a6d0,CIB,Banking,1,2025-08-26,سيئة جدا تطبيق ما بيفتحش من اسوء البنوك التانيه كل التطبيقات فيها كويسه كل بيان بيقولك بيانات خطأ,Negative
7a60d036-084b-4323-856a-2c24f018ccd7,CIB,Banking,1,2025-08-26,تطبيق سئ جدا جدا جدا ننزل تحديث مجرد الدخول يتم تسجيل الخروج حاجة سيئة للغاية,Negative
e11858eb-c537-459e-afac-5c771533b0c3,CIB,Banking,2,2025-08-25,نفس المشكله بردو ف الجهاز وحولت الوصول مع البنك اكتر من مره ومفيش اي جديد كل ثانيه يقولي انتهت مدة الجلسه الرجاء الحل,Negative
0cd19199-8c71-450e-8295-1008a27061dd,CIB,Banking,1,2025-08-25,أصبح سى جداااا و مش بيفتح خالص و كل اكتر من 10 محولات برده مفيش فايدة و تم تحديثه برده نفس المشكلة قايمة و مفيش اى جديد فى مشكلة فى السيستم و بلاش كلمة ممكن رقم التليفون عايزين حل لان معظم العملاء نفس المشكلة,Negative
eebe16f7-e520-4cc3-8cf3-47dd3ff6b132,CIB,Banking,5,2025-08-25,Good,Positive
a6ba689d-4c80-45e8-ad16-f932de434d3f,CIB,Banking,1,2025-08-25,تجربة سيئة,Negative
51751f56-1937-41e3-bdeb-628644cd9e4f,CIB,Banking,1,2025-08-25,التحديث الاخير اصبح التطبيق سيء جدا بمجرد فتح التطبيق تظهر رسالة تم انتهاء الجلسة ويغلق تماما,Negative
102d7c1c-2c3d-427c-9e89-0db960a0c525,CIB,Banking,5,2025-08-25,اعجبنى,Positive
80598c24-8d25-405c-a6f7-aed26d07e710,CIB,Banking,1,2025-08-25,يوجد مشكله انتهاء مده الجلسه ومبيفتحش البرنامج اصلا الموضوع بقاله شهر 👎🏻 التحديث الجديد 👎🏻,Negative
0c604a98-d7ab-4916-86c5-01d1811a9f3f,CIB,Banking,1,2025-08-25,نفس المشكله ومفيش حل عملت التقويم يدوى وعملتو تلقائى وعملتو توقيت السعوديه ومسحت التطبيق ونزلتو تانى زى ما قلتو ومفيش حل التطبيق القديم كان احسن,Negative
b87c6ea9-26e8-436a-a25e-d75be284845d,CIB,Banking,1,2025-08-25,لو أقل من نجمة ممكن,Negative
adc79a82-e033-47fd-b2fd-7d0f89582381,CIB,Banking,1,2025-08-24,"البرنامج سئ سئ سئ بمعنى الكلمه وحتى خدمة العملاء تحسهم مش فاهمين حاجه وبيرددوا نفس الكلام اقفل التليفون وافتحه ، اعمل ريستارت كأننا فى خدمة نت موبايل هى ، وبنبعت شكاوى ميتردش عليها غير بعد شهر ، واما نعمل اللى بيقولوا عليها يقولك اصل المشكله ف نوع موبايلك ، كل الناس مشكلتها ف نوع الموبايل ، دا إسمه تهريج , فعلا البنك لو فضل كدا هيخسر عملاء كتير",Negative
9ea47e0b-99b4-44da-89a4-63e88dbd3c3f,CIB,Banking,1,2025-08-24,تطبيق اسوء مايكون عدم القدرة على تسجيل الدخول منذ فترة طويلة وتظهر رسالة انتهت مدة الجلسة وعدم حل المشكلة,Negative
cdcb7e15-e68c-4c54-913a-367d67561bf0,CIB,Banking,1,2025-08-24,التحديث الاخير سئ جدا التطبيق اول ما يفتح يعمل انهاء الجلسه ويعمل تسجيل خروج بسرعه انا تعبت مش عارف اتعامل هو انا لازم ابعت اسم المستخدم ورقم التليفون ما ياريت حضرتكم تشوفو حل للمشكله في حين ان البرنامج قبل التحديث كان شغال كويس اليوم ٨/٢٤ نزلت البرنامج بعد التواصل من قبلكم ومازالت نفس المشكلة كما هي,Negative
cc6df510-e2ae-4a82-9012-c8efb5e34200,CIB,Banking,1,2025-08-24,تطبيق سي جداً كل مره يتم الخروج من التطبيق فى رساله انتهاء الجلسة,Negative
e2f10bda-30d8-4cb8-b110-1b66966629aa,CIB,Banking,5,2025-08-24,ابلكيشن جميل جدا شكرا جزيلا,Positive
5816382e-abf7-4b9c-8109-750d37ee35f0,CIB,Banking,5,2025-08-24,Very good,Positive
94455e2e-7bb9-48e3-89ac-aa299fd4ea6c,CIB,Banking,1,2025-08-23,حاجة في منتهى السخافة يعني بعد اختراع تغيير كلمة المرور كل 3 شهور اختراع تسجيل الخروج بقالي 3 ساعات بحاول اعمل تحويل مش عارف مفيش اغبى من كدة بصراحة,Negative
d9362dde-c2c5-4d8d-baaa-ad07c72bd1c2,CIB,Banking,1,2025-08-23,تطبيق زى الزفت لحد دلوقتى مش عارف اعمل تسجيل دخول مع العلم ادخال البيانات كما يريد,Negative
f6b83608-0c16-4895-8565-b9a997a518c5,CIB,Banking,5,2025-08-23,ممتاز,Positive
b0cd166e-a6e2-4303-bd40-70271069c694,CIB,Banking,1,2025-08-23,حدثت الابلكيشين لآخر إصدار ومازالت مشكله انتهت مده الجلسه موجوده ومش عارف ادخل الابلكيشين من يوم ما نزلت الابلكيشين والمشكلة موجوده مش عارفين تحلوها,Negative
f58b001e-a6d2-4bd5-8e63-d634d9c6ad71,CIB,Banking,5,2025-08-23,Very very excellent,Positive
662bb68d-f473-42db-b004-60f90a27511c,CIB,Banking,1,2025-08-23,معاناه في فتخ التطبيق وتسجيل الدخول يستمر ثانه ويخرج من نفسه بحجة ان وقت الموبايل غير مظبوط خدمة العملاء والدعم لا يقدم حل وزهقت من عدد المكالمات ومحدش عارف يحل كله بيفتي الي يقولي امسحه وحمله ماشي نمسح ونحمل والي يقولي اغلق وضع المطور واخر مكالمه...ممكن استخدم الويب سايت ..... ايه مفيش حل خلاص,Negative
39dcf109-0330-4637-be39-77f7867ea4e4,CIB,Banking,1,2025-08-22,من أسوأ مايكون التطبيق مش بيفتح من يوم مااتحدث وروحت البنك خدمة العملا مش فاهمين حاجه ياريت تبطلوا واسطه وتعينوا كفائات تكون بتفهم عشان اتخنقنا,Negative
62c6257a-f813-4159-a698-f9c1d595c258,CIB,Banking,4,2025-08-22,ممتاز,Positive
cdeb23fd-920a-4539-b953-a54689c2b00c,CIB,Banking,5,2025-08-22,بنك CIB حبيبي,Positive
23d4ce00-52bf-4adc-abf0-16aba9f4cb1b,CIB,Banking,1,2025-08-22,يجبرك علي التحديث بشكل مستمر وان لم تحدث لن يعمل,Negative
c481f39f-ef88-45cc-8b86-3146d5cab83e,CIB,Banking,1,2025-08-21,لا يعمل,Negative
7a402bbf-18cf-4c65-96f2-71ef6c0a3a6e,CIB,Banking,1,2025-08-21,التطبيق سيىء بيعمل تسجيل خروج ويظهر رساله انتهت الجلس,Negative
4f2093cf-12df-4502-86f3-a4acce7a01d5,CIB,Banking,1,2025-08-21,التطبيق فيه مشكله والاداره مش عايزه تحلو,Negative
76fbe745-73e6-4288-ad79-771fa63855c3,CIB,Banking,1,2025-08-21,اخر تحديث سىء دايما رساله انتهت الجلسة بمجرد دخول التطبيق برغم من ضبط التاريخ والساعه بتحديث الشبكه ... سىء جدا جدا جدا يرجى حل المشكله وخاصه انها شكوى متكررة للاسف,Negative
6f47d102-87cd-44bf-a8cc-20526640e675,CIB,Banking,1,2025-08-20,تطبيق سيئ جدا مشكله الخروج التلقائي وتحديث المنطقه الزمنيه,Negative
f1790b65-1ecd-4cb5-891b-70075fe28e08,CIB,Banking,1,2025-08-20,اخر تحديث للتطبيق سئ جداً خصوصاً أنه بيقفل من نفسه لازم افتح اكتر من مرة عشان يشتغل وبرضه أقل من دقيقة ويقفل,Negative
f119e5a4-a577-43e4-ad2c-4641d9dcd520,CIB,Banking,1,2025-08-20,البرنامج لا يعمل لا يريد فتح البرنامج ويظهر الذهاب إلى جوجل لا يريد أن يعمل لا استطيع معرفته رصيدي,Negative
981337c5-86f3-48a0-bef3-c236a8be8918,CIB,Banking,1,2025-08-20,لايعمل,Negative
6ce58843-3dd5-45ce-9f40-0a830b4458d7,CIB,Banking,1,2025-08-19,تطبيق سيئ جدا يغلق بعد ثانيه ومن النادر ان يبقى دون ان يغلق,Negative
69e50ea1-6dd5-43c6-9bf4-60fded8762ca,CIB,Banking,1,2025-08-19,so bad to more bad even when i call to solve the problem..you never solve.. customer service never help..you became more bad and bad,Negative
c5248bba-6495-4379-8095-a0a83ea6ee30,CIB,Banking,1,2025-08-19,بعد اخر تحديث أصبح بطئ جداعند الدخول علي التطبيق يحولني علي جوجل,Negative
b799e5de-5a38-460f-a128-2abc9dfd3992,CIB,Banking,5,2025-08-19,👍,Positive
b1fa30e2-38b0-4e24-97e5-fbae106b6867,CIB,Banking,1,2025-08-19,سيئه,Negative
b60510fc-237e-42fd-b0e5-9d8c02d00556,CIB,Banking,1,2025-08-19,كل ما ادخل يعد ثواني ويقفل شوفت تعليقكم بظبط التاريخ والوقت عملت كل الاوبشنز وبرضك فيه مشكله وده بعد التحديث الأخير بجد سيئ جداااااا بعد تواصل اسبوعين وتحديث البرنامج بين خدمه العملاء والدعم الفني إلى الآن لم يتم حل المشكله الموضوع بجد صعب جداااااا تعديل شهر متابعه مع كل أقسام البنك بدون اي فايده ابلكيشن زي قلته حقيقي,Negative
8d4dc5d9-be4b-4fa4-9a2a-0979db9ba601,CIB,Banking,1,2025-08-18,سى جدا جدا,Negative
d09555ae-5b96-4d30-abdd-d1789adf3dbb,CIB,Banking,1,2025-08-18,سيئ جداااااا,Negative
075314a8-c0b4-43d2-9c5c-88a362ac88fa,CIB,Banking,5,2025-08-18,very good 👍,Positive
ab949462-689a-4f77-a234-f1511a4107f7,CIB,Banking,1,2025-08-18,لا يوجد عمل بصمه وسي في الفتح,Negative
721628bb-9ac8-4ab8-9139-c2f7dcd6a1b2,CIB,Banking,1,2025-08-17,البرنامج سي جدآ ولا نتمكن من الدخول ومشكلة كثيره جدآ رقم التليفون عندكم ورقم المستخدم عندكم ياريت حل المشكله من غير انكم تبعو ارسال رقم بالتليفون او المستخدم عايزين فعلا لحل المشكله وقد تم الاتصال كثير 19666 وتم تقديم شكوه ولا حتي تم الاتصال من البنك لحل المشكله,Negative
cc1e7753-bac2-457e-a2ba-461d1392b537,CIB,Banking,5,2025-08-17,ممتازه,Positive
5d81668d-f381-494e-af17-97d434459ca1,CIB,Banking,1,2025-08-17,الابلكيشن مش شغال كل ما افتح يقولي انتهت صلاحية الجلسه تسجيل خروج ايه الحل يا جماعه,Negative
3509f5e4-74c9-4501-a246-2b21b8cc9b3c,CIB,Banking,1,2025-08-17,اسوء بنك اتعاملت معاه وابليكشن فاشل خدمة عملاء سيئة متاخدش منهم معلومة مفيدة اول ما ميعرفوش يرده توجه لاقرب فرع طب حلى ف الفرع معرفش يا فندم توجه وشوف بنفسك اسوء بنك ف مصر,Negative
deb62148-34d6-484c-aa1d-2351e404dc8e,CIB,Banking,1,2025-08-16,سي جدا,Negative
babb31a0-c31c-416d-a7e3-9605394cb65b,CIB,Banking,5,2025-08-16,very good,Positive
1a02ba0a-5574-41ab-b8f2-a9293e9ed6e8,CIB,Banking,1,2025-08-16,التطبيق اصبح سيئ جدا اول لما تفتحه يعمل تسجيل خروج تم حذف البرنامج اكثر من مره وتحميله من جديد ولازالت المشكله قائمة,Negative
95a4b161-c852-4c07-a890-b07e01f23722,CIB,Banking,5,2025-08-16,ممتازه,Positive
1bbd8f9f-2b24-43bd-9119-540e6f61c4fe,CIB,Banking,1,2025-08-15,لا يعمل,Negative
240af67a-d8f5-492b-a558-a98c017b6c3e,CIB,Banking,1,2025-08-15,في مشكلة مقرفة في التطبيق، بيجيب انتهاء مدة التسجيل ويعمل تسجيل خروج مش عارف ادخل اشوف حسابي,Negative
b7cb848f-181f-489c-a059-91d3d5afc755,CIB,Banking,1,2025-08-15,التطبيق أصبح سيء جدا جدا مش بيفتح ومليت من كثرة التكرار وواضح من التعليقات انها مشكلة قائمة مع معظم العملاء ولم يتم الإهتمام بحلها ؟!!! ...,Negative
a5dead1d-ae23-4487-bf44-4424a7d1128c,CIB,Banking,1,2025-08-15,التطبيق يظهر رساله خروج عند الدخول عبي التطبيق تلقائي ملاحظ ان كتير بيشكي ولا حد بيتحرك خدمة سيئه,Negative
cc55748e-bfde-41a7-866b-95198ace2bbb,CIB,Banking,1,2025-08-15,التطبيق سيئ جدا كل ما ندخل يقول انتهت الجلسه انا نزلته وشيلته اكترمن مره,Negative
14dd39b6-05be-4779-880a-8cd85437b2c6,CIB,Banking,1,2025-08-14,تطبيق سئ للغايه,Negative
41e50ed0-a0e0-4bba-b64d-49fa7ea364ca,CIB,Banking,1,2025-08-14,تطبيق سيء جدا وما بيفتح معي من امبارح,Negative
b898a80b-fb45-4e65-a26d-c71871d45d7a,CIB,Banking,1,2025-08-13,ممكن اعرف ليه الابلكشن مش عايز يفتح,Negative
da343cb3-bf1b-4887-8721-34fb393704ba,CIB,Banking,1,2025-08-13,التطبيق تقيل وميفتحش عندي,Negative
9306017b-38a8-4de1-9897-3f9727467ddb,CIB,Banking,1,2025-08-13,سي جدا جدا كل ما اسجل يقولي نفاذ وقت الجلسه حتي بعد التعديل الاخير,Negative
969e249a-22dc-4b40-9e44-2a1999ef8d53,CIB,Banking,1,2025-08-13,التطبيق بعد التحديث أصبح سئ جدا بعد الفتح يغلق ذاتيا لضبط الوقت ارجو حل هذه المشكله,Negative
a90b542a-8aa1-482b-a81c-d48429f5df83,CIB,Banking,2,2025-08-13,تطبيق ممل التطبيق القديم كان كويس كل مافتح بونص لا يستجيب ووقت الجلسه قليل,Negative
57abdea0-0fdc-4ebd-a3bb-a7097e762c1e,CIB,Banking,1,2025-08-13,التطبيق مش شغال ومش بيفتح اصلا مسحته وحملته تاني ونفس الكلام ... عيب علي بنك بحجم الCIB ويبقي التطبيق بتاعه بيعمل كده,Negative
94194d02-5f57-4d7d-aab2-4d375dd76182,CIB,Banking,1,2025-08-13,التطبيق مش بيتثبت اصلا وكل مااثبتو يقولي يعتذر تثبيت انا مش عارفه اي الحل,Negative
ec06b79f-faa7-4f2c-b2ba-77ba7c021195,CIB,Banking,1,2025-08-13,التحديث الجديد سئ بل البرنامج لا يعمل لما افتح البرنامج يحولني تلقائي علي صفحة جوجل كروم وقدمت 9 شكاوي وكل مرة الردود واحدة ولا تحل المشكلة !!! وكلمت خدمة العملاء كذا مرة ونفس الكلام المشكلة موجودة ....,Negative
addfa912-8f56-4663-8f13-fc6b995ea59e,CIB,Banking,2,2025-08-13,التطبيق فيه مشكلة كبيرة في الوقت الحالي أول ما بيفتح بيخرج فورًا من الحساب ومطلوب ضبط الساعة!!,Negative
db28decd-936d-4773-8fd0-a185d32ebe5e,CIB,Banking,2,2025-08-13,مزعج جدا وكل شوية يقفل لوحده وعنااء علشان بس أشوف الرصيد بتاعي اسوأ تطبيق شوفته ياريت تهتموا بيه شوية,Negative
ed1fc560-ce22-466d-be40-fa70940b125a,CIB,Banking,1,2025-08-13,ذباله,Negative
5a909103-f2d5-4433-917c-7e9f728d7305,CIB,Banking,1,2025-08-13,البرنامج سئ جدا لايعمل شاشه بيضاء مش بيفتح وعملت تحديث وللأسف مش بيفتح,Negative
4f50439a-658f-44b4-b62c-ec03b3d51f89,CIB,Banking,1,2025-08-12,برنامج سئ جدا وبطئ فى الفتح ملل ملل ملل ملل ملل,Negative
3ed57ef3-78e7-425d-9e76-45c31e15bcbd,CIB,Banking,1,2025-08-12,التطبيق سئ جدا ومش راضي يفتح,Negative
4b0d7730-4c9e-45f4-adc2-8c260fc3815c,CIB,Banking,1,2025-08-12,التطبيق فيه مشكله كل ما افتح يقول انتهت مده الجلسة,Negative
52c643fa-8756-4e0d-97bc-ae2482beed2f,CIB,Banking,1,2025-08-12,فاشل بيظهر مؤقت انتهاء الجلسه ويعمل تسجيل خروج بعد شهرين من الشكاوي و المتابعه مازال البرنامج فاشل ولا يعمل,Negative
45dd1cd8-7590-494f-9e7a-de97c365ac4a,CIB,Banking,1,2025-08-12,تطبيق اسوء مايكون عدم القدرة على تسجيل الدخول منذ فترة طويلة وتظهر رسالة انتهت مدة الجلسة وعدم حل المشكلة بالرغم من التواصل مع خدمة العملاء كتير جدا ومازلت نفس المشكله,Negative
6a9bee73-a130-4157-8bf2-5dd7045e33e1,CIB,Banking,1,2025-08-12,بسجل على الابليكيشن وعند اكتمال البيانات للتسجيل لكلمة السر يظهر رسالة ادخلت بيانات خطأ يرجى المساعدة فى حل المشكلة لو سمحت ممكن رد لحل مشكلتى مش عارف ادخل على الابليكيشن,Negative
55bf656e-cf93-41f6-a896-a58ae9acf93e,CIB,Banking,1,2025-08-12,انه سئ جدا جدا جدا جدا عندما يتم الفتح يتم الخروج ويقول انتهت الجلسه لايجوز لخدمة اى شئ ده حاجه صعب ومقرفه هل انا بس ام الكل,Negative
084050a7-f9fc-4d2d-bd66-55d92c588f16,CIB,Banking,5,2025-08-10,ممتاز,Positive
7e4ceece-158e-428e-9010-0b52c495aba5,CIB,Banking,5,2025-08-10,ممتاز بعد التحديث,Positive
f5337848-4c33-4a49-b6ee-0c166f6dd818,CIB,Banking,5,2025-08-10,بيحتاج تحديث كتير بس فعال,Positive
c7df86e4-f141-45a8-a1de-651ace590545,CIB,Banking,1,2025-08-09,اسؤا تطبيق بنكى,Negative
f6cc9dcc-5887-4217-a806-5e229cf61a23,CIB,Banking,2,2025-08-09,التطبيق اول ماافتحه يقفل على ثوانى ويقول انتهى وقت الجلسة.. وانا مبداتهاش لسة !!!!!!!!!!!,Negative
e17c9162-03a2-4f53-948f-e540fd2cde66,CIB,Banking,1,2025-08-09,برنامج الbouns في مشكلة في الرسالة مرة تيجي و10 لا,Negative
82cd0e49-dc57-4662-b174-07bb92117220,CIB,Banking,1,2025-08-09,تطبيق اسجل الدخول يعمل خروج لوحده بعد ١٠ ثواني ظبط الوقت وغيرت الجوال وعملت كل شئ ومسحت التطبيق ونزلته وغيرت الاعدادات وبردو تطبيق زباااااااااله,Negative
95da2b79-3de9-4001-b682-e417dd624fe9,CIB,Banking,5,2025-08-09,ممتاز,Positive
1ef70dbb-2209-46a8-844a-1c06cd3a9160,CIB,Banking,1,2025-08-09,مش عارف اعمل حساب برقم بطاقة الهوية الاسم صح والباسورد ورقم الكباتشي وعلامة اوفق علي المسولية ويديني خطاء,Negative
e1ffff48-bcfc-461f-bcb9-faa5151ae36b,CIB,Banking,1,2025-08-08,سيئ جدا جداجدا,Negative
30bb9b77-a1be-4f96-bc6a-faa803330b7e,CIB,Banking,1,2025-08-08,التطبيق سئ جدا بيخرج من غير سبب كل مكتب شكوي علي البرنامج يقلي فشل كل مكتب اقتراح علي البرنامج يقلي فشل,Negative
c5b42c98-95da-4657-a4a1-186206993911,CIB,Banking,1,2025-08-07,تطبيق سي لا يفتح معي دايما يقول حدث خطا,Negative
9a3260e3-eda8-4309-8772-226072f71432,CIB,Banking,1,2025-08-07,التحديث الاخير سيء جدا لايعمل بشكل طبيعي يطلب التحديث ولا يوجد تحديث,Negative
4abcef17-f6ea-4a17-be7f-9918172c44f3,CIB,Banking,5,2025-08-07,جيد جدا,Positive
a22d77ae-19a5-4aac-8280-ff39ab5fe122,CIB,Banking,1,2025-08-07,التطبيق بعد التحديث الجديد اصبح سء للغايه كل ما ادخل علي التطبيق بيقولي انتهاء الجلسه ويعيد الدخول من جديد ومش عارف ادخل علي حسابي او بيانتي والامر اصبح مزعج للغايه،،، التطبيق القديم كل اسهل بكتير.,Negative
265a2b72-964a-44b5-9fc1-b47fd1f2d77d,CIB,Banking,1,2025-08-07,اسوء برنامج بنكي,Negative
317553ec-a315-42f8-b85d-22d07cc71419,CIB,Banking,1,2025-08-06,أصبح التطبيق سئ جدا بعد الفتح يقوم بغلق مره اخره,Negative
5c74795c-9e37-43d4-864e-7e5dcdecaeff,CIB,Banking,1,2025-08-06,بعد ما حملت كل شويه يقول كلمت المرور غلط برغم انها صح مسحت مرتين ونزلته وهي هي المشكلة للاسف,Negative
45d13b4d-9f84-4219-97ff-49f9c9de592f,CIB,Banking,5,2025-08-06,جداً جداً,Positive
1d3c7892-4d2c-4327-983d-7fe7d2ffbecb,CIB,Banking,5,2025-08-06,ممتاز جدا,Positive
3e2517f6-aa4f-46f9-ae67-20a171170c3e,CIB,Banking,1,2025-08-06,الاسوأ على الاطلاق ... يتم انهاء الجلسة قبل بدايتها,Negative
9f030517-e382-4cad-b21c-8fe66926b8a7,CIB,Banking,5,2025-08-06,good,Positive
e9578dd7-e9c7-42b5-80c8-fc294df891ed,CIB,Banking,1,2025-08-05,هذا التطبيق سي جدا جدا جدا جدا مش عارفين نفتح صفحة الخاص بينا كل منخش يقول انتهاء وقت الجالسه,Negative
172f1ca3-6fd8-491a-aeb3-2c0da2bb1cb3,CIB,Banking,5,2025-08-05,بيس و فيفا احسن بكتير,Positive
7b14aa72-c170-4c1b-a807-0be73f84ca22,CIB,Banking,5,2025-08-05,ممتاز جدا,Positive
45f5ac97-b259-49f8-a321-3a1d36e0ead5,CIB,Banking,5,2025-08-05,جيد,Positive
df000617-6a21-446a-af6c-33405604f949,CIB,Banking,1,2025-08-05,البرنامج سئ للغايه,Negative
2b666536-4fca-4557-9a8c-62b2631d2f66,CIB,Banking,1,2025-08-04,أصبح سيئ جدا جدا,Negative
71cd720b-442d-4119-91be-68e4833d154f,CIB,Banking,1,2025-08-04,البرنامج يقول انتهت مدة الجلسه ومع العلم اني ظبط التاريخ والوقت بكل دقه ومع ذلك موجوده المشكله ومش عارف ادخل لحسابي اكتر من شهر,Negative
34c34f49-33dc-41df-89c7-1f476cae2473,CIB,Banking,5,2025-08-04,ممتاز,Positive
5089e4c6-11ab-405d-8c44-c22c76a92abd,CIB,Banking,1,2025-08-04,التطبيق فيه مشكلة جامدة مع اخر تحديث ، اول ما يفتح بيقفل فورا ، و تيجى رسالة ان لازم اظبط ساعة التليفون ، و هى مظبوطة عندى على الاتوماتيك .. الانترنت البنكى شغال على الموقع فقط .. قدمت شكوى و فى الفاضى .. تقييم بنك مصر بقى افضل منكم بكتير .. انهاردة ٤ اغسطس و المشكلة اتصلحت و رجعت تانى,Negative
8f4710c9-b215-48b4-bd9a-21efbfb53054,CIB,Banking,1,2025-08-04,التطبيق مش عايز يفتح,Negative
f4063df5-5d66-43b9-a1ed-f7f36ce41109,CIB,Banking,5,2025-08-04,كيف اظبط مد التسجيل,Positive
d3cde437-ceb0-47a3-8d04-8cd940bc8741,CIB,Banking,1,2025-08-04,تطبيق سئ جدا كل مايفتح تظهر رسالة الجملة انتهت,Negative
2c5c57b6-769d-4606-9fc0-4b167447cce8,CIB,Banking,5,2025-08-04,جيد جدا,Positive
9cfcd004-b388-4616-b2d8-e3a372da5507,CIB,Banking,2,2025-08-03,عندى مشكلة كل ما اسجل تسجيل جديد تظهر سالة انى دخلت بيانات خطاء وعملت ظبط الوقت تلقائي ورافض يسجل مستخدم جديد ايه العمل,Negative
d6037c30-3faa-437c-9988-027dd62e55ce,CIB,Banking,1,2025-08-03,تطبيق سيء و متابعة سيئة و الرسالة مكررة على التطبيق ولم يتخذ اجراء غريبة على بنك cib لانه كان افضل البنوك تعاملا و متابعة و تم ارسال اكثر من مرة بان التطبيق يقفل بمجرد فتحة لازم ادارة البنك تاخد موقف برجاء او هيفقد البنك العملاء,Negative
0a0ea1e1-ac8c-4eb6-8127-d0b5d8947e4d,CIB,Banking,1,2025-08-03,تطبيق سئ جداً ولا يعمل,Negative
77db1142-83dc-499a-b828-10b5892ac1ec,CIB,Banking,1,2025-08-03,التطبيق اصبح سيء جدا بعد تسجيل الدخول يقول تم انهاء الجلسه الصراحه مش فاهم ايه الموضوع المفروض ان انتم عاملين تطبيقات عشان تريحنا انتم بتتعبوا ازيد وتعملوا زحمه في الفروع لمجرد ان انتم مش قادرين تاخدوا بالكم من حل مشاكل التطبيق ده اهمال واستخفاف بالعملاء ده تقصير ارجو حل المشكله,Negative
232964c1-8202-405a-820b-2c0957db717b,CIB,Banking,5,2025-08-03,افضل تجربة,Positive
768f4fa5-a044-4651-bdff-d0d875799b14,CIB,Banking,2,2025-08-03,التطبيق أصبح سئ جدا من حيث الاستخدام وكل شويه يهنج,Negative
3fc14884-7e01-4363-aaa8-5ebbe8e2d239,CIB,Banking,5,2025-08-03,ممتاز,Positive
2e10b8a1-d706-4b5a-a8c9-d51e49c2d35f,CIB,Banking,1,2025-08-02,أصبح التطبيق سيئ جدا كل ما يتم تسجيل الدخول بتظهر رساله إنتهت وقت الجلسه وبيتم الخروج تلقائي من البرنامج,Negative
e06110f5-1eea-4185-92d2-9df4741c393e,CIB,Banking,1,2025-08-02,سيئ جدا النسخه القديمه كانت افضل,Negative
d110b935-f6e1-4af6-a011-f1d242aea786,CIB,Banking,1,2025-08-02,سيئ,Negative
0ca18188-d7a9-4071-8b9f-841e892ebc5e,CIB,Banking,4,2025-08-02,لقد كان لدي مشكله وتم التواصل معي من اداره البنك وحل المشكله في أقل من نصف ساعه مع العلم اني خارج البلاد,Positive
1a41ff4b-1701-47fd-8196-1982c29f3524,CIB,Banking,5,2025-08-02,ممتاز,Positive
3446e022-3a04-436e-8826-edf5855c1422,CIB,Banking,5,2025-08-02,nice,Positive
770476e1-0786-426c-b8bf-68682fb6b136,CIB,Banking,1,2025-08-02,البرنامج كان شغال كويس لفترا وبعد كدا مبقتش قادره افتحه لا بالبصمه ولا الرقم السرى وحاولت اغير الرقم السرى بردو مش راضى يفتح ممكن اعرف اى المشكله,Negative
a42896aa-30b6-4209-b019-af0f39be01f2,CIB,Banking,1,2025-08-01,التطبيق لا يفتح بسهولة بعد طلب التحديث ما العمل ؟,Negative
e5b6a268-f24c-4a5a-a52c-8e60663f3199,CIB,Banking,1,2025-08-01,سىء جدا بعد تشغيل الابلكشين بيعمل تسجيل خروج لضبط الوقت وبعد ما بنظبطه يعمل تسجيل خروج تانى لتظبيط الوقت,Negative
c1d6b946-1175-4f3b-9a14-9647a1a1d07f,CIB,Banking,1,2025-08-01,التطبيق أصبح سيئ جدا عندى مشكلة فيه,Negative
e29cc2b4-1d65-490a-9741-c36427e6936b,CIB,Banking,1,2025-08-01,التطبيق أصبح سئ جدا ولا يعمل بشكل طبيعي وتظهر رساله مده الجلسه انتهت ويسجل خروج تلقائيا وتم ضبط الوقت والمنطقة الزمنية تلقائيا وتحديث البرنامج ولكن نفس المشكلة ما تتحل,Negative
7309d548-5b68-4ed7-b20b-bb214336a0f2,CIB,Banking,1,2025-08-01,تطبيق عقيم يستاهل صفر,Negative
7422a212-170a-4fb1-add0-0b445fa9aaec,CIB,Banking,3,2025-08-01,آخر تحديث سي لان كل شويه يخرج بسب المهلة انتهت ياريت المعالجة التحديث اللي فات الي قبله افضل,Neutral
d14ffde1-c10c-439e-9ded-b5a8eb4faa0d,CIB,Banking,1,2025-08-01,سئ ينهى الجلسه بمجرد الدخول,Negative
f6d1253d-6ba9-4663-bf78-ff04eda027f4,CIB,Banking,5,2025-08-01,ممتاز جداً,Positive
6d2c0ea4-9247-45ac-9f38-2c3452c353b5,CIB,Banking,5,2025-08-01,جميل جدا,Positive
fd4122ba-f637-4082-8782-69433a8375f5,CIB,Banking,5,2025-08-01,يستاهل مليون نجمه تطبيق ممتاز بيخليك متواصل 24 ساعه داخل البنك ووبيسهل معلومات عن حسابك سحب وايداع وكل اللي انت محتاجه في اي وقت تطبيق بيخدم عملاء البنك اطلب انت بس واتمنى وهو يحقق لك كل اللي انت عايزه بصراحه ابلكيشن ممتاز ممتاز فوق الوصف,Positive
c8b52d77-506a-4c97-9f62-dc5d0755ddee,CIB,Banking,1,2025-07-31,اوس*خ نسخة وتصميم زبالة ،، ازاي يعني كل ما اسجل دخول يجيب ليا وقت الجلسة انتهي ويسجل خروج للمرة التانية يا عالم بجحة تجبرنا ع التحديث وبعد كدا يحيل خروج باستمرار ومتقلش اعمل طبط منطقة زمنية لانه مش نافع زيكم,Negative
4863142c-6e79-40e4-8cfc-8be6a064389c,CIB,Banking,1,2025-07-31,التطبيق بعد تحديثه أصبح فى منتهى السوء وحذفت التطبيق ونزلته تاني مفيش فايدة كلما دخلت يخرجني بجملة إنتهت الجلسة وعدلت إعدادات الوقت والتاريخ في الموبايل ولا توجد فائدة,Negative
305f5a0e-ad17-49ba-b33b-8cfde3aa0828,CIB,Banking,1,2025-07-31,التطبيق بقى سئ جداً أنا مش عارف أستعملوا كل ما فتح يظهرلى كومنت يقولى الجلسه أنتهت المفروض تطوروه مش يبقى كده,Negative
f646ca14-88e2-4989-b9af-e6541dc4c4eb,CIB,Banking,5,2025-07-31,ممتاز جدا,Positive
90bd2f80-6c1e-495e-9d3c-52b376165e19,CIB,Banking,5,2025-07-31,تطبيق ممتاز جدا ومفيد جدا,Positive
c58910b1-d041-4a3c-baa0-6069515033d4,CIB,Banking,1,2025-07-31,لا يعمل او متدخل يخرجني اجباري في نفس الثانيه,Negative
15e51fb1-9c41-4715-9c6d-7a7de8af5e9c,CIB,Banking,5,2025-07-31,ممتاز,Positive
2ea28352-77f4-4d34-972e-1d858978e0c6,CIB,Banking,5,2025-07-31,تطبيق ممتاز,Positive
96006f1a-4b68-4dd1-a7ba-ee30438b2fed,CIB,Banking,1,2025-07-30,المشكله نفس مشكله معظم المستخدمين وهي رساله انتهت مده الجلسه ومفيش اي مجال لاستخدام البرنامج اي الحل ؟,Negative
9f180438-1801-4908-bb10-ee99a2fc5d77,CIB,Banking,5,2025-07-30,ممتاز ل,Positive
ffaf5b9b-5eed-4182-8a4e-f4422f1be57e,CIB,Banking,1,2025-07-30,ليه البرنامج مش عايز يفتح,Negative
a05a9210-d4df-4837-8feb-07fed80b1698,CIB,Banking,1,2025-07-30,التطبيق سيئ جدا وبمجرد الدخول ينتهي وقت الجلسه وهذة المشكله متكررة لدرجة لا نعرف نتعامل مع البرنامج ولابد من حل هذه المشكله لأن أغلب الشكاوي بسبب توقيت الجلسه الذي ليس له أي فايدة,Negative
c86ea6fd-a77d-4947-a3a4-66279529f533,CIB,Banking,5,2025-07-30,ممتازة,Positive
96301b0d-48b8-4f5f-b694-701b85232846,CIB,Banking,1,2025-07-30,بطئ جدا وغير سلس في الاستخدام,Negative
f63bb915-39c5-4354-95f5-f5f4b9d2ea0c,CIB,Banking,1,2025-07-30,التطبيق بقى سئ جدا اول ما افتح يجيب أن الوقت انتهى ويقفل خلال ثوانى وعملت ضبط الوقت تلقائى والمشكلة زى ما هيا تجربة سيئه جدا.,Negative
c5938752-fd57-4c8b-83d6-7861596b7a93,CIB,Banking,3,2025-07-30,ممكن الابلكيشن يعمل على الواى فاى من غير خط بعد التسجيل. ووجود الخط وبعد مااشتغل ممكن يفتح ويشتغل من غير الخط علي الواى فاى.....لية التطبيق شغال كويس و بدخل على التطبيق ببصمة الصلاه دلوقتى ادخل ببصمة الصباع يقولى أكد كلمة المرور هو انا فاكر كلمة المرور انا راجل كبير هفتكر أية ولا أية كان مريحنى بالبصمة على طوول اعمل اية عشان يرجع يشتغل...,Neutral
6c3a3717-d297-4149-b706-73ddb99499fc,CIB,Banking,1,2025-07-30,لما فتحته طلب مني التحديث وبردو مش راضي يفتح,Negative
8310ab4f-f329-4009-b6b5-365ca64e0a97,CIB,Banking,5,2025-07-30,جيد جدا,Positive
5e265af4-f426-4079-8ad6-5bb27b65bab7,CIB,Banking,5,2025-07-30,ممتاز,Positive
06895d49-3407-4cd5-9bf3-dfc5aac5c90a,CIB,Banking,4,2025-07-30,التطبيق الجديد سئ جدا لا يظهر بطاقات المشتريات المثبوتة على الحساب,Positive
5cb74ef2-f54e-4d0b-a977-d4f6b0b45093,CIB,Banking,1,2025-07-30,التطبيق سى جدا جدا,Negative
97bef92a-4052-4e96-9845-7231e34f6f10,CIB,Banking,1,2025-07-29,التطبيق وحش اوي,Negative
863ca429-6a99-496d-b61b-229501d86fe3,CIB,Banking,5,2025-07-29,جيد,Positive
646e37f8-8f61-465a-9f24-b34f94876d0b,CIB,Banking,1,2025-07-29,لو ماتفتحش اكتر من اسبوعين لازم تدخل من جديد وليه مفيش دخول بالبصمة حاليا؟,Negative
02c49723-225e-477a-82a3-e3f92da78774,CIB,Banking,1,2025-07-29,ابلكيشن زباله وتحت الزباله بشوية كل ما يتعمله تحديث يقفل الحساب وميرضاش يفتحه ولازم نكلم خدمة العملاء وانا اصلا بره مصر ومش عارف الصراحة الواحد يعمل ايه,Negative
47e766ae-bad7-4f32-b61e-1624af2e25f3,CIB,Banking,5,2025-07-29,ممتاز,Positive
f34f4585-e5d5-4492-8bc3-bd342ac2b579,CIB,Banking,5,2025-07-29,ممتاز,Positive
3d339556-2092-4687-80ef-d8179d66da7c,CIB,Banking,1,2025-07-29,التحديث الاخير سيء جدا كل ما اجي اخش على البرنامج بيجيب لي رساله لقد انتهت مده الجلسه ويخرج من البرنامج مش عارف اشتغل عليه خالص,Negative
08f00865-c5be-411e-916d-68aa11492b8b,CIB,Banking,5,2025-07-28,شكرا لسرعة الإستجابة وحل المشكلة,Positive
3358042d-19cc-42da-8342-793b8bede22a,CIB,Banking,5,2025-07-28,عندي مشكلة يطلب مني تغيير كلمة المرور وعندما اقوم بتغييرها تظهر رسالة حاول مرة اخري أو تواصل مع خدمة العملاء تعديل في مشكلة في شبكة فودافون اللي رابط بيه الحساب البنكي ومش بيتصل ب خدمة العملاء,Positive
d06e67c9-cb4b-4b61-9308-e33274ecf74f,CIB,Banking,4,2025-07-28,افضل من النسخة القديمة ب كتييير,Positive
29da2f0f-52b3-4d69-9980-7425086c85c1,CIB,Banking,5,2025-07-28,ممتاز جدا,Positive
daba0fe2-0ca1-4a8f-be3d-07eeb3209caf,CIB,Banking,5,2025-07-28,محتاجين تضيفو سيستم البونص بوينت على الابلكيشن ويفتح بالرقم السري بتاع الابلكيشن اكثر أمانا للعملاء وهيكون اسرع,Positive
fb3c88bc-ca89-4e21-9c1d-3994859f1a1b,CIB,Banking,5,2025-07-28,ممتاز,Positive
c8150b87-b05c-4420-809c-f7d88808fadd,CIB,Banking,1,2025-07-28,سئ جدا,Negative
112b5c0b-40fc-4abb-b40e-8d07fcc054fb,CIB,Banking,5,2025-07-28,ممتازه,Positive
9a6e6eb3-bfbb-479c-a307-695657208fc9,CIB,Banking,1,2025-07-27,التطبيق اصبح سىء جدا لا يفتح وتظهر رساله تم انهاء الجلسة مع ان توقيت التليفون مظبوط تلقائي ارجو ايجاد حل,Negative
00741be9-2fb1-4ff9-84cf-79ebb04e52ff,CIB,Banking,2,2025-07-27,التطبيق أصبح سى جدا بمجرد الدخول يظهره رساله انهو تم الانتهاء من الجلسه والخروج من الحساب,Negative
cb1448e5-2f60-474a-a034-16d3378b9a1a,CIB,Banking,5,2025-07-27,جميل جدا,Positive
04dfafd9-b8de-4341-8b79-3ad36fc66121,CIB,Banking,1,2025-07-27,التحديث زبالة بعد مانزلته بيقولي يغير الرقم السري غيرته يقولي حدث خطأ واحاول وقت لاحق أو اتصل بخدمه العملاء,Negative
1a437f6c-6571-4a8f-bb54-b92e6d64b63c,CIB,Banking,5,2025-07-27,جيد,Positive
ce8919af-9e0d-47fa-b73d-cbb55e97f75b,CIB,Banking,1,2025-07-27,كل شويه يجب التحديث وكل شويه اصلا التطبيق بيخرج,Negative
38b235cf-981a-4541-b3dc-54101c61de71,CIB,Banking,5,2025-07-27,تطبيق سهل,Positive
fd7966b9-fb27-47bd-b942-1ccf0ff39f36,CIB,Banking,5,2025-07-27,ممتاذه,Positive
f2955ad9-d43e-40c8-823c-f548b791274d,CIB,Banking,1,2025-07-27,التطبيق اصبح سئ جدا ولا يفتح منذ يومين ماهي اناالمشكلة انا خارج مصر هاتفي يعمل واتس اب فقط,Negative
b8f3dd76-ec67-442b-a9d3-c8775e5d6d3f,CIB,Banking,1,2025-07-27,التطبيق من فترة مش بيفتح وبتظر انتهت مدة الجلسة من غير ما يفتح,Negative
c13d8c98-0d10-498d-99bd-b0c8edf1b137,CIB,Banking,1,2025-07-27,تطبيق فاشل,Negative
189a78d8-9ab4-48ce-8899-9eb78ceec36e,CIB,Banking,5,2025-07-27,احسن بنك للتعامل معه,Positive
7c3b84df-610d-450f-aa92-5041c3a0dfe1,CIB,Banking,5,2025-07-27,ممتاز,Positive
5a8fb343-7020-43e5-b114-7786dbf4d152,CIB,Banking,5,2025-07-27,تطبيق لايعمل من وقت التحديث وانا على رقمى القديم هل اروح الفرع احدث الرقم ولا ايه يافندم,Positive
1c07d84a-560a-4e09-8516-69bfd75dcbdf,CIB,Banking,1,2025-07-27,موظفي البنك غير مدربين التدريب الكافي يقومون بتقديم العروض وبعد موافقه العميل يتم رفضها من قبل الاداره ... لا توجد احترافيه,Negative
fe5cd640-0bc2-4766-8145-883d7294636e,CIB,Banking,5,2025-07-27,Very good bank,Positive
fc6741f8-299b-48dc-a12c-b4f898d04980,CIB,Banking,1,2025-07-26,تطبيق الرقم السرى ملوش لازمه,Negative
f147c274-c7bd-4a57-88bd-5c2d40eb5cda,CIB,Banking,1,2025-07-26,اسوء تطبيق انترنت بنكي فى مصر عند فتحه تأتى رسالة بانتهاء الجلسة و لا يعمل بصراحة خدمة رديئة جدا جدا لا تناسب بنك كبير مثل cib للاسف وبفكر جديا بتصفية حساباتي و غلق حساب بالبنك .,Negative
18fde632-c13c-4508-b6b1-3523c0910db2,CIB,Banking,1,2025-07-26,تحديث سيئ جدا جدا والواحد قرف منه مش عارف افتح الابلكيشن كل ما افتحه يجيلي انتهت الجلسة وكلمت خدمه العملاء اكتر من ٢٠مرة ومافيش فايده حاجه تقرف,Negative
233759db-1fb7-47b8-98bd-87c8b6abe4fe,CIB,Banking,1,2025-07-26,لما بسجل دخول فترة قصيرة جدا و يقولي انتهت الجلسة و بلاش الردود الروتينية ان الوقت و التاريخ مش مظبوطين لاني ظابطهم و دا عطل في برنامجكم و ليس بالجهاز لدينا بلاس تطلعوا ان العميل دايما غلطان و جاهل راجعوا البرنامج قبل ما تطلعوا العيوب في الناس البرنامج عقيم جدا جدا,Negative
1305c743-0d96-4816-9773-5b85685bb8ba,CIB,Banking,5,2025-07-25,التطبيق أصبح سئ جدا ولا يعمل بشكل طبيعي وتظهر رساله مده الجلسه انتهت ويسجل خروج تلقائيا وبعد عدد من المحاولات مع خدمه العملاء تم ضبط الوقت والمنطقة الزمنية تلقائيا وتحديث البرنامج ولكن نفس المشكلة قائمة منذ فتره كبيره اصابني الملل 😑,Positive
13cf08ba-01a6-44a9-a516-92c27ff8febd,CIB,Banking,5,2025-07-25,رائع 😎,Positive
373b8d90-ee80-4518-8234-aa5a0365f0a4,CIB,Banking,1,2025-07-25,بياخد وقت كبير في الفتح ومدة الجلسة صغيرة جدا عقبال مايفتح بيقول تاني عشان مدة الجلسة انتهت,Negative
e0a7d518-9145-4223-afba-5ff9e4560ad6,CIB,Banking,5,2025-07-25,مممتاز جدا جدا,Positive
9f4f022c-3f9d-4190-bc9e-bc7e60e31b66,CIB,Banking,1,2025-07-24,عند تسجيل الدخول يظهر لي انتهت الجلسة برجاء حل المشكلة,Negative
becfc6b1-41c2-49fe-a1fd-868696c2ba50,CIB,Banking,1,2025-07-24,اقسم بالله العظيم ازبل تحديث حصل انا مابلحقش اشوف حتي الرصيد ويقولي المدة خلصت عيب يكون أكبر بنك والبرنامج مايسعدتش العميل انو يعمل اي عملية,Negative
c453f23b-972c-49cb-81c1-63b6407b335f,CIB,Banking,1,2025-07-23,البرنامج مش راضي يشترك زهقت,Negative
1ad87ecd-c2a7-4c3f-a3e3-9f3d43e6db31,CIB,Banking,5,2025-07-23,عندى مشكله مش عارف اعمل باسورد متعدل ولما اجى اعدل بيقولى يوجد مشكله مع انى انا حافظ الباسور القديم وكنت شغال عليه وفجاه اتغير اعمل ايه,Positive
d1acac4e-487c-4e4b-9fa2-27d4c9c7019c,CIB,Banking,1,2025-07-23,التطبيق اصبح سيئ جدا بمجرد تسجيل الدخول تظهر رسالة انتهت مدة الجلسة ويتم اغلاق التطبيق فلا يمكنني إجراء اي معاملة الابعد محاولات قد تتجاوز 20 مرة اعدادات الوقت في الهاتف مضبوطة المفروض شركة البرمجة تشوف فين المشكلة الابلكيشن في منتهي السوء مش عارفة اعمل اي شيئ عليه,Negative
fbe337b9-1afc-4488-882f-8f1fd6fc86f6,CIB,Banking,1,2025-07-22,مشكلة مشكلة بيخرج على طول بيقول ضبط وقت مع أن الوقت مضبط اتوماتيك صلحه البرنامج احنا معندناش مشكلة,Negative
7f7c5b76-6d7f-49bf-a73b-9127e09631c3,CIB,Banking,1,2025-07-22,برنامج سئ جدا لا يريد ان يعمل,Negative
ed614aff-2919-46c5-ba40-2c079d4dc30d,CIB,Banking,1,2025-07-21,عندي مشكله تسجيل الدخول كل مره اسجل فيها يقول خطاء في التسجيل,Negative
df49ba17-9cad-4222-8378-95b2c87bfc20,CIB,Banking,1,2025-07-21,تطبيق فاشل ومستفز جداً كل مره اسجل فيها الدخول يديني عد تنازلي حاجة زي مقرفة منصحش حد يستخدم التطبيق الزبالة ده ولا يستحق نجمة واحدة,Negative
c1ca577e-3902-42f5-bf36-2b02feda9972,CIB,Banking,5,2025-07-21,ممتاز,Positive
9aa8b9b4-2682-43b9-ae34-296ff70fb03d,CIB,Banking,1,2025-07-20,البرنامج بيعلق بمجرد مابتدخل يقفل ويقولك في مشكله في التاريخ والوقت بشكل مستمر ورخم,Negative
1d5ef1a9-151c-431d-b38a-3b53a026410e,CIB,Banking,1,2025-07-20,بعد اذن الساده المحترمين القائمين على البرنامج من ساعه ما عملت تحديث والبرنامج مش بيفتح ولا يقبل الدخول,Negative
d7fba78c-ec71-4008-a8c1-2b424bd27269,CIB,Banking,1,2025-07-20,عندي مشكله في تسجيل الدخول رافض اسم المستخدم و الرقم السري و تم تعيين رقم سري جديد و نفس المشكله مش عارفه اعمل تسجيل دخول علي الابلكيشن,Negative
3bfc94cf-1025-4370-8663-cdc1e35c19a7,CIB,Banking,1,2025-07-20,تطبيق تقيل قوى فى فتحه وبتظهر شاشه بيضه,Negative
a12a1c63-42a5-47ab-9224-42df3bebe67a,CIB,Banking,1,2025-07-19,go,Negative
09617486-484e-4dab-aca4-104e40857763,CIB,Banking,5,2025-07-19,ممتاز,Positive
1158b1ad-86fa-41b9-af75-d6c1a0cc4c76,CIB,Banking,2,2025-07-19,لي كل ما ادخل يقولي تم تسجيل خروج,Negative
038a9373-5a8c-4f03-a1e4-bda482d5b628,CIB,Banking,5,2025-07-19,تم حل المشكلة بسرعة,Positive
87961075-5787-4903-b7bb-5feae23d9dd9,CIB,Banking,1,2025-07-19,برنامج سئ جدا لا يستجيب لاى وسيلة تسجيل الدخول . الرجاء العمل على هذه المشاكل الموجودة في التقييمات الخاصة بهذا التطبيق..,Negative
424bfbc3-764c-48c4-a637-6cc7aab30607,CIB,Banking,5,2025-07-18,ممتاز,Positive
b1b0d133-842f-44e4-8af4-80c8409761b0,CIB,Banking,5,2025-07-18,ممتاز,Positive
7c018e55-9176-424e-b3fb-7bbe89cc876e,CIB,Banking,1,2025-07-17,لما بكتب كلمة السر صحيحه يقولي غلط مع اني متاكد اني هي صحيحه بعمل تعين أعدت كلمة السر بكتب البينات صح يقولي ادخلت بينات خاطئه,Negative
dd5c2e3a-e837-4853-a1bb-320316cf4c8e,CIB,Banking,1,2025-07-16,زفت بيفصل كل شوية,Negative
b80c306f-479a-44c4-8a6f-35528c533eac,CIB,Banking,5,2025-07-16,حلو,Positive
2b415994-489c-49a0-8e5c-1f17f4cee984,CIB,Banking,1,2025-07-16,عندي مشكلة مش عارف استخدم التطبيق كلم ما افتح يقولي انتهت الجلسة ويعد تنازلي ٤٠ثانية ويقفل وللعلم التوقيت مظبوط,Negative
c8e416a3-fd73-4541-babb-abf558eb5a71,CIB,Banking,1,2025-07-16,بعد التحديث كل ما أدخل التطبيق يقول تم إنهاء الجلسه التطبيق بقى حاجه لا تطاق,Negative
a557db5e-b86c-4385-9a74-c7d912f13272,CIB,Banking,1,2025-07-15,برنامج وحش جدا بمجرد مايفتح يخرج تاني علي طول,Negative
4d05f26b-c706-44ef-abfe-1e1f20bfe21e,CIB,Banking,1,2025-07-15,التطبيق لا يقبل تسجيل الدخول بأي طريقه,Negative
83aaf11f-8dc0-4a82-9452-27524e0dd97d,CIB,Banking,1,2025-07-15,بعد تسجيل الدخول يتم الخروج تلقائي ويكتب تم انتهاء الجلسة برجاء تغير الوقت لأن مطور البرنامج لما يراعى تغير الوقت الصيفي,Negative
b0aa54b0-c1b9-47a8-8b55-a19f1e0dd5a5,CIB,Banking,1,2025-07-15,لا يستجيب هذا التطبيق بكل سبل التسجيل تم المحاولة بكل الطرق ولا يستجيب التسجيل نهائيا,Negative
bd16fb9c-b4d6-4e3b-89f8-9bddfe1db4f4,CIB,Banking,1,2025-07-14,لدى من مشكلة للأسف لايفتح معى التطبيق للأسف من فترة طويلة وقلت يمكن انى خارج البلد من فترة طويلة ولما رجعت مصر ايضا لا يفتح مش فاهم المشكله موجود والدليل التعليقات السلبيه,Negative
d52eb3d1-fc3f-47fc-8efc-c818123d265e,CIB,Banking,1,2025-07-14,تطبيق سئ جدا كل مفتحة يتم غلقة لاختلاف توقيت,Negative
e41a1627-c93a-4714-8ddd-d248581239b7,CIB,Banking,1,2025-07-14,تطبيق 👎سيئ للغاية بمجرد الدخول بمجرد غلق التطبيق ولا خدمة العملاء عارفة حاجة وتقولك على خطوات وتعملها لدرجة إنك تعمل إلغاء تثبيت للبرنامج وإعادة تثبيته ولا بيحصل حاجة المشكله قائمة ولا حد عارف يستخدم البرنامج كل تحديث للبرنامج أسوأ من اللى قبله لحد ماوصلنا مش عارفين ندخل على البرنامج. وعملاء كتير نفس الشكوى ولاحياة لمن تنادى,Negative
6fa0e1cf-a2f0-468e-a0a9-87d01ffe28fc,CIB,Banking,5,2025-07-14,ممتاز جدا,Positive
a5f5cfe8-3186-4f26-9a96-94f29da00d33,CIB,Banking,1,2025-07-13,سئ جدا,Negative
f00aefec-e1a3-4da0-997f-ffa37530c98d,CIB,Banking,2,2025-07-13,كل ما افعل الرقم السري المتغير مش راضي مش عارف ليه,Negative
2b71db13-1288-49b2-8fad-3d098d399ef8,CIB,Banking,1,2025-07-12,بيقفل بسرعة بيدى رسالة الجلسة ١٠ ثوانى ويقفل,Negative
aa8b94ce-0610-4f91-8d02-fe5e56a1c252,CIB,Banking,3,2025-07-11,عندى مشكله كل ما اجي اعمل حساب يقولى بيانات غير صحيحة,Neutral
4b44c149-0c0c-416c-802a-3e721b5e9c89,CIB,Banking,1,2025-07-11,دلوقتي فيه مشكله في البرنامج كل اما افتح البرنامج يكتب انتهت الجلسه وفيه ساعه بتعد ويكتبلى يرجي ضبط الوقت بالهاتف والبرنامج بيقفل في ثوانى ارجو حل المشكله,Negative
37fcdcc0-1ace-4ecc-832d-34cea6a598cd,CIB,Banking,5,2025-07-11,جميل,Positive
4e806808-0dab-4052-9f1c-e8b96ace991f,CIB,Banking,1,2025-07-10,المشكله كل ما اخش على التطبيق يديني انتهاء الجلسه وما اعرفش استعمل التطبيق وما فيش حل للمشكله ومسحت التطبيق ونزلته ثاني وعملت له تحديث ونفس المشكله,Negative
13369317-bfed-469e-ac82-97a3696b15f6,CIB,Banking,1,2025-07-10,عندي مشكلة عند تسجيل الدخول يقول انتهت صلاحية الجلسة دون الدخول للتطبيق,Negative
3640fb40-c14e-4d2c-bb42-d907e84ecd51,CIB,Banking,3,2025-07-09,عندي مشكله التطبيق بيتأخر أثناء الفتح وبعد مايفتح مباشرة يقولي انتهت الجلسه ويعمل خروج للعلم مسحت التطبيق وحملته مره تانيه ومازالت نفس المشكله,Neutral
3106e85e-a768-48d9-92d4-5bfa5f78236a,CIB,Banking,1,2025-07-09,كل معمل كلمه مرور جديده يقلي خط مش عارف ليه,Negative
f8e34099-a402-492e-9972-4e9222acdcc7,CIB,Banking,5,2025-07-09,عندي مشكله بمجرد فتح التطبيق تظهر رسالة انتهت الجلسه ويتم غلق التطبيق تم التحديث وتم إزالة التطبيق وتنزيله مره اخري ومازالت المشكله موجوده,Positive
3bfcdf10-6637-499f-a506-93c60f819d99,CIB,Banking,5,2025-07-09,جديد جدا,Positive
344d2a03-6c08-45aa-92b7-ac62b01054ff,CIB,Banking,5,2025-07-08,very good,Positive
c276c572-7289-4e97-bab2-3cc8ee85f569,CIB,Banking,1,2025-07-08,سئ جدا,Negative
1eba6f48-1428-4a57-b22f-0715fe9d9889,CIB,Banking,1,2025-07-08,افشل تطبيق سيئ جدا بيهنج وما يفتح,Negative
23af3d14-48b2-48af-bc7e-75ff59eed9a1,CIB,Banking,1,2025-07-07,يوجد مشكله في تسجل الدخول الرجاء حل هذا المشكله,Negative
37ad4c66-58e8-44a6-9a3f-d3b91bd1a913,CIB,Banking,5,2025-07-07,جزاك الله خير,Positive
455e6d72-2ea6-476a-92d2-5ec54208b9f5,CIB,Banking,5,2025-07-07,ممتاز,Positive
9b43da41-3c78-4e8d-a271-dbfb74ad7030,CIB,Banking,5,2025-07-07,رائع,Positive
01a40aec-4ab3-4aa4-89fc-a8ba55e74247,CIB,Banking,1,2025-07-07,سئ جدا جدا جدا خطأ في الدخول حاجه ملل أرجو التحديث وحل المشكله في أقرب وقت وشكرا,Negative
07e0ed51-94e2-4fe5-b043-33a48a8bd54d,CIB,Banking,1,2025-07-06,التطبيق مش بيفتح ويحولني علي المتصفح مع العلم غير مفعل خيارات المطور,Negative
e42263d6-a5f4-4e8c-bf5f-dda6fbb58e4f,CIB,Banking,1,2025-07-06,هذا التطبيق بطيئ وكثيرا لا يفتح بدون اي سبب,Negative
10319bdb-bed5-4b01-9fd5-16e4f62a939b,CIB,Banking,1,2025-07-06,التطبيق اصبح سئ جدا من بعد اخر تحديث,Negative
7224ff7d-34c9-4d20-89f4-8b4268b7e2ef,CIB,Banking,1,2025-07-06,برنامج فاشل,Negative
f1d812da-b88c-4262-850b-deedbc227fed,CIB,Banking,1,2025-07-06,سى جدا بفتح ثوانى معدودة ويتفقل تانى,Negative
421aaba2-aefa-4d58-96a0-33894d178c1a,CIB,Banking,1,2025-07-06,عندى مشكله بمجرد فتح التطبيق تظهر رسالة إنتهت الجلسه ويعطينى ٤٠ ثانيه لا أستطيع استعمال التطبيق خلالها ويغلق التطبيق أزلت التطبيق وأعدت تثبيته نفس الشيء قمت بتحديثه نفس الشيء.أرجوا حل للمشكله .شكرا,Negative
1c96e408-fd44-4f78-8093-414cc9cda0b9,CIB,Banking,3,2025-07-06,التطبيق ممتاز,Neutral
a97328a9-090b-4e13-afbc-252fa66bce66,CIB,Banking,5,2025-07-06,ممتاز,Positive
0a2a5079-d6bd-4616-b6c7-e61c630707cd,CIB,Banking,1,2025-07-06,وقت الجلسة ٥ ثواني ويغلق البرنامج,Negative
68a57373-4b93-4369-a239-c1f076524160,CIB,Banking,1,2025-07-06,علي فكره تطبيق بقا سئيه جد مش راضي يغير كلمت السر وكلم خدمة العملاء اربعة مرات بصراحه انا ذهقت,Negative
40d6972a-968a-41f3-a239-4dddeb13b3e9,CIB,Banking,1,2025-07-05,برنامج سيئ جدا جدا جدا جدا,Negative
bedf53a6-9f7d-4a6b-9895-0c9ec4d38563,CIB,Banking,1,2025-07-05,كل ما أعمل تسجيل دخول تجيلى على الشاشه تم انتهاء الجلسه أعمل دخول تانى برضه مش راضى يفتح,Negative
32b0f37b-5ea5-4f50-9cb2-4a9a0c866fe3,CIB,Banking,1,2025-07-05,سئ جدا جدا كل شويه رساله عدم اكتمال الدخول ومش عايز يفتح بقالو اكتر من اسبوع,Negative
05bdde9d-1dc8-470a-b82a-61d19b3abf28,CIB,Banking,5,2025-07-04,👍,Positive
e4d8708a-5931-4a8b-8a42-b3d83df14522,CIB,Banking,1,2025-07-04,التطبيق مبيفتحش معايا نهائي مع اني عملت التحديث,Negative
dd437dcc-ac9d-436b-875b-3d03b5339bca,CIB,Banking,2,2025-07-04,عندي مشكله بتبان في التحويل بعد اختار اللي احوله وادخل رقم OTB يظهر علي الشاشه أن رقم خطأ اعمل ايه,Negative
d28fac69-5b45-4f53-bfd9-d9dc79abf96d,CIB,Banking,5,2025-07-04,لسه تحت الجرابه,Positive
59d88784-e982-48e1-a791-8349121cb840,CIB,Banking,1,2025-07-03,أسوء تعامل مع هذا البرنامج ما بتعرفش تدخل عليه ويخرجك مجرد ما تدخل وحاجه وحشه جدآ,Negative
a71ddd19-7139-4bdb-9c7a-0cb9137ba54f,CIB,Banking,1,2025-07-03,مشكله التطبيق فى الوقت المحدد للجلسه وهذا عيب رئيسى يفصل البرنامج عن الاستخدام,Negative
6bf32639-7bc1-49e3-abe2-4cd9d9a28a28,CIB,Banking,1,2025-07-03,مشكله تحديد زمن الجلسه وأغلق التطبيق اثناء الاستخدام,Negative
8f9c91a9-b82c-4e65-8e7d-55fa1e92ad2f,CIB,Banking,1,2025-07-03,التطبيق سئ ل ابعد درجة منذ أن تم تعديله وهو يقوم ب الخروج كل خمس ثواني ويقول لي انتهت مدة الجسله غير هذا فهو جيد,Negative
e9709c23-b849-46fc-af30-f6d1a1c4c567,CIB,Banking,1,2025-07-03,أواجه صعوبة في التسجيل....وعدم مطابقة التطبيق للوقت الصحيح داخل البلد ...مما يجعلني اضطر لتعديل الوقت كل مرة مع استخدام التطبيق.,Negative
35688d10-a130-476b-b3c2-ff9a5758901f,CIB,Banking,1,2025-07-03,خدمة سيئة جدا جدا مقدم على فيزا مرتبات مفروض استلمها خلال 10ايام مستلمتهاش داخل ف 15يوم خدمة سيئة,Negative
48965a5f-6eb9-4965-b928-781d14f34e6c,CIB,Banking,1,2025-07-03,النسخه الحالية سيئة جدااا يظهر تايمر لإنهاء الجلسه وكل مرة افتح التطبيق يعمل نفس الشيء ويغلق البرنامج تطبيق سيء جداً,Negative
d2b74fa0-3e26-45d1-9357-992e729b25fc,CIB,Banking,5,2025-07-03,تعديل : (شكراً جزيلاً على سرعة الاستجابه) تم حل المشكله . تطبيق من فتره مش عايز يفتح معايا ولا يسجل دخول وحاجه بقت صعبه الصراحه,Positive
d6355cac-4c02-4bdf-8a38-a5dce376b215,CIB,Banking,1,2025-07-03,مش معقول بنك بحجم cib يبقى عنده ابلكيشن فاشل و سيئ كده .. ده احنا في زمن الابلكيشن والسرعه وتسهيل المعاملات تقوموا عاملين ابلكيشن وحش بالمنظر ده ؟ تسجيل الخروج و التايمر بجد ازاي مش واخدين بالكم من المشكله دي يعني وسايبينها كده بدون حل بقالنا كذا شهر بنعاني والله,Negative
e73be8a4-0244-45d5-ada8-151baaa15e93,CIB,Banking,1,2025-07-02,برنامج سيء وبنك سيء وخدمة عملاء سيئة ولولا اني مضطر إلى هذا البنك لتركته حالا دي مش أول شكوى في كذا شكوى قبل كدة ومفيش حل,Negative
8478b357-6709-4068-a1d9-baecc0d6c08d,CIB,Banking,1,2025-07-02,كل ما أحاول افتح البرنامج أعمل عليه عملية يقفل مباشرة بمجرد الدخول,Negative
86c5d6ca-4f1b-4cce-8527-0a66b4b3b176,CIB,Banking,1,2025-07-02,تحديث غير مقبول يتم تسجيل الخروج بعد ثوانى,Negative
bc412494-dfc7-4de6-b599-bae49a9eb6a1,CIB,Banking,1,2025-07-02,سيئ للغاية حيث لم يتم تفعيل التطبيق على الموبايل رغم كتابة جميع البيانات أكثر من مره بطريقة صحيحة,Negative
8f6220a8-ee93-4b8f-b3c5-01308c0b9f86,CIB,Banking,1,2025-07-02,عندى مشكله بتظهر تايم للابلكيشن وبيقفل بسرعه,Negative
dfbad4b4-7a5f-4cb4-8e70-02b721c5c934,CIB,Banking,1,2025-07-01,تطبيق فى منتهى السوء نفسى اعمل تحويل واحد بسهوله ولو لمرة واحدة . التطبيق يغلق من نفسه كل شويه بقالى شهر كامل البرنامج مش عارف اتعامل مع التطبيق شكرا cib,Negative
d36eaa32-6aff-4d40-94d7-88ab576156dc,CIB,Banking,4,2025-07-01,البرنامج لا يعمل,Positive
0be7e967-a0b5-4dc6-9c91-9535c4a2baf8,CIB,Banking,1,2025-07-01,التطبيق سيء جدا,Negative
7489dd37-38cc-4a2d-92ab-8250a98dd48d,CIB,Banking,1,2025-07-01,التطبيق اصبح سيء زفت زفت زفت زفت جدا بعد ما كنتم افضل تطبيق للشغل,Negative
50f2c9d5-b624-45c1-a165-2175ec845ea4,CIB,Banking,1,2025-07-01,لا يعمل,Negative
1e6e8aa2-4196-4200-bc44-0e9a58bebb6c,CIB,Banking,1,2025-06-30,لا استطيع الدخول الي حسابي والتطبيق يقول لابد من تغير كلمه المرور وبعد اتباع خطوات التغير يقول لي خطا ولا استطيع الدخول الي حسابي انا مستاء من هذا التطبيق,Negative
c70c7213-6da2-40b7-b13c-1ba6f377cdc5,CIB,Banking,5,2025-06-30,تجربه سيئه جدا مش عارفه ادخل علي حسابي بسبب الوقت في التحديث الجديد ياريت يكون في حل,Positive
bdac6365-308a-4c3a-8e69-104851369833,CIB,Banking,1,2025-06-30,اسوء تطبيق بقالى سنين مش بيفتح عندى رغم انى ذهبت للبنك وحدثت البيانات والتزمت بشروط كلمه المرور وديما الرد ثابت أنها غير صحيحه,Negative
0efa973a-0f6d-4a05-9b1d-2fcf4e8841f5,CIB,Banking,1,2025-06-30,لا يمكن تسجيل الدخول بسبب اعدادات الوقت مع ذلك الوقت مظبوط اندرويد ١٢ ويعمل مع اندرويد ١٤ بدون مشاكل برجاء مراجعه مكتبات اندرويد ١٢ للتطبيق والتحديث,Negative
7188926e-2105-4132-bf44-4b5b72d8e592,CIB,Banking,5,2025-06-30,good,Positive
689afdd7-a58f-47d9-970a-444e5244477c,CIB,Banking,1,2025-06-30,خروج التطبيق بحجة ظبط الوقت و التاريخ ع الرغم من أنهم مظبوطين,Negative
ddef3447-6989-447c-9dd6-50e7b08506b2,CIB,Banking,1,2025-06-29,الوقت مظبوط بشكل تلقائي وبرضه بيجيب انتهاء مدة الجلسة,Negative
73a65441-9e6a-467b-a543-ca422548688b,CIB,Banking,1,2025-06-29,تجربة وحشه جدا البرنامج مش بيفتح اصلا,Negative
6733e817-fae4-4872-8de3-d4d13889fe20,CIB,Banking,1,2025-06-29,التطبيق كان تمام الاول بعد التحديث بقي سئ جدا جدا ارجو الرجوع للتحديث السابق لأن التحديث الان زفت،،👎👎👎👎👎👎👎👎👎👎👎👎👎👎,Negative
07fc18a2-e9d3-4be5-b430-7cd38b2583f4,CIB,Banking,1,2025-06-29,كل مااسجل يقولى البيانات خطا,Negative
ad9c7da1-0552-4398-8a63-6acce00a9b11,CIB,Banking,1,2025-06-28,افشل برنامج وممل جدا فى التعامل هعاه,Negative
99d40a10-fa28-4860-aab2-aab04d986ad6,CIB,Banking,1,2025-06-28,تحديث سئ جدا يظهر تيمر ويتنتهى بسرعه وينهى الجلسه,Negative
843c0f04-54bf-473a-b3d4-3a04eef586ec,CIB,Banking,1,2025-06-28,البرنامج مش عايز يفتح وبكتب رسالة تم انتهاء الجلسة وبيظهر تايمر وانتهاء وقت الجلسة,Negative
a12272a9-0b8f-42bd-919c-0c6027a9f396,CIB,Banking,1,2025-06-28,فعلآ التطبيق سئ جدا كل شويه يكتب كلمه المرور غير صحيحة وكلام خطأ,Negative
fbfe7918-38f1-433d-a878-f800b449961e,CIB,Banking,1,2025-06-27,اصبح لايدعم صيغة التوقيت ولايعمل بشكل جيد يتم تسجيل الخروج وانتهاء الجلسه فى التو,Negative
53830f95-fcd5-4ae4-aacd-a8766f8f08ef,CIB,Banking,5,2025-06-27,V.Good,Positive
7e051c87-bd4a-4327-8488-a5a926f60715,CIB,Banking,1,2025-06-27,زي الزفت بيفتح بعد 50 مره كل مره يقول انتهت الجلسه ويخرج جلسه ايه اللي انتهت وانا لسه بدخل زفت زفت زفت,Negative
7938e67c-5949-4a73-887c-80e861ea7642,CIB,Banking,1,2025-06-26,تطبيق فاشل يرفض التسجيل ويطلب كلمة السر,Negative
02655842-a0c4-45b5-ac8b-c8570e1efd6c,CIB,Banking,1,2025-06-26,نفس المشكله البرنامج مش عاوز يفتح,Negative
fe5275d4-5650-4430-83d0-8fe0eea7b609,CIB,Banking,1,2025-06-25,تطبيق سئ لا استطيع التسجيل,Negative
a3f5c82e-4b7e-4f36-a03e-e6734d7576d5,CIB,Banking,1,2025-06-25,اقسم بالله برنامج شىء للغايه مشكله أنه كل شويه يخرج بدون اى مقدمات وانت بتحول او بعد ما تفتحه ويعطلك ويعطل وقتك علشان تحويله حاجه فى قمة الزهق والاستفزاز برنامج فاشل فاشل فاشل,Negative
949c0329-7ed9-4fc6-9ca8-a95e7e3c4c87,CIB,Banking,5,2025-06-25,جيد 👍,Positive
931fedb4-ae41-4a91-81f7-e523f2d08110,CIB,Banking,1,2025-06-25,الاكونت مش بيتسجل,Negative
2e8084dd-bc63-4990-96ac-8412320965cc,CIB,Banking,5,2025-06-24,بعد التحديث فى مشكله ولا يقبل الدخول وتم حل المشكله شكرا 🌹,Positive
7c17d909-c9b1-49c4-a9bc-6532705a93bd,CIB,Banking,1,2025-06-23,بجد بقت حاجه مستفذه شغال تيمر وكل ما يدخل يقول تم انهاء الجلسة وكلمت خدمه العملاء مفيش فايده,Negative
c1488b56-e5b1-4384-a110-9c77a4ddd92e,CIB,Banking,1,2025-06-23,بنك ممتاز بس للأسف بقالي سنين مش عارف افعل خدمه التحويل من حساب لحساب . وبذهب للبنك ولا حياة لمن تنادي 👇,Negative
1646917d-669a-439d-bafc-9af96dccb6a7,CIB,Banking,1,2025-06-23,البرنامج القديم كان فضل بكتير الجديد دي متعب فيه التعامل وقفل بسرعه,Negative
018313c9-1678-4a00-a2e7-dceacb9f2017,CIB,Banking,5,2025-06-23,good,Positive
bf244c9a-dfec-4f71-9ee0-411284ce187d,CIB,Banking,1,2025-06-22,سيء,Negative
089a78d4-b710-4904-b785-397d61b15609,CIB,Banking,2,2025-06-22,الابلكيشن كل مفتح مبيفتحش ايه السبب مع العلم انى مسحته ونزلته تانى ونفس الفكره,Negative
52183365-ed4a-4579-bcea-10870d25a12b,CIB,Banking,1,2025-06-22,لا يعمل,Negative
00fd601a-939d-4c92-b65c-8dde86adc19e,CIB,Banking,1,2025-06-21,التطبيق مش بيشتغل معايا وبيبعتلي رساله يرجي التأكد من ضبط وقت جهازك بشكل صحيح ياريت لو في تحديث وشكراً,Negative
97766f9d-9c19-45fb-9f6f-f44d4d1b814e,CIB,Banking,1,2025-06-21,تطبيق زبالة,Negative
d1aca0c6-ed1a-4d6b-b6bc-6ea887b1da42,CIB,Banking,2,2025-06-21,التطبيق بعد التحديث الأخير بيقفل بسرعه و بيهنج,Negative
47dd4447-17f7-4b8f-bc8c-caad9ec665f0,CIB,Banking,1,2025-06-21,مش بيدخلني وحاولت اغير كلمة المرور ونفس المشكلة كلمت خدمة العملاء مفيش فايدة برضه,Negative
c4c3148b-1991-499b-aab4-35dcf7dc42d2,CIB,Banking,1,2025-06-21,لسه فاتح حساب جديد كل لم اسجل عشان افتح الحساب علي الابليكيشن يقولي خطأ فالبيانات,Negative
21213842-1b57-4358-9459-62c680d4331b,CIB,Banking,1,2025-06-21,التطبيق من بعد التحديث الاخير واصبح سئ جدا جدا لا استطيع الدخل الي التطبيق الي ثواني قليل جدا ولا استطيع اجراء اي عمليه منها,Negative
36fdeeb7-a839-43ed-83c4-dfd28e7dbf4f,CIB,Banking,5,2025-06-21,ممتاز,Positive
72c51ba8-868a-431b-ad8e-4c2122b06988,CIB,Banking,1,2025-06-20,بقالى اكتر من اسبوع مش عارف استخدم الابلكيشن,Negative
b19d480d-e3a6-4122-a713-3f5babdfc454,CIB,Banking,4,2025-06-20,الابلكشين لي مده وبيفصل مش بنكمل ٣ ثواني,Positive
5b00d110-39ff-489f-a8ba-3ceedc51fe58,CIB,Banking,1,2025-06-20,سيء جدا جدا رساله عدم اكتمال الدخول او خطأ في الدخول دائما ارجو عمل تحديث وضبط البرنامج حيث أنه خاص ببنك محترم ولا نقبل منه بخدمه بهذا السؤ,Negative
4554f4c5-e30e-4da9-ac00-aed4a3c79bdc,CIB,Banking,5,2025-06-19,،،ok,Positive
bde156a2-fc53-405b-b2a4-39dd35475366,CIB,Banking,5,2025-06-19,ممتاز,Positive
50f5abc6-6ccf-44bd-8958-d851f983cdad,CIB,Banking,5,2025-06-19,ممتاز,Positive
af6dfd58-18f8-4296-869a-4193f8266338,CIB,Banking,1,2025-06-18,التطبيق في مشكلة ومش بيشتغل,Negative
2fb574c7-3a9f-4d00-b177-fedb121abee0,CIB,Banking,1,2025-06-18,تطبيق وحش جدا اتقفل من ثلاث ايام حطيت الباسورد واسم المستخدم وبرده مش راضي يشتغل كلمت خدمه العملاء وبرده مش راضي يشتغل,Negative
964b196b-bd11-4df2-9262-9b6b44671cf5,CIB,Banking,3,2025-06-18,التقييم عمده مشكلة ف التوقيت الصيفي لازم اظبط التوقيت علي النظام القديم عشان يشتغل,Neutral
d528c462-9665-4309-9271-fdea341ab890,CIB,Banking,5,2025-06-18,نفس المشكلة عندي قبل التحديث كان تمام بعد الاصدار الجديد لايعمل بشكل صحيح ممكن حل المشاكل دي,Positive
7660bf67-c7e7-403a-a5b3-a4dff717d59f,CIB,Banking,5,2025-06-18,ممتاز,Positive
ae118f4b-e59c-4891-97d3-64f0571e7701,CIB,Banking,5,2025-06-18,برنامج رائع,Positive
0b6331ca-da80-4c13-a290-6b8ae9952673,CIB,Banking,1,2025-06-18,التطبيق مش بيفتح,Negative
0c2d3d4b-aa99-44f2-8a8e-28d003345538,CIB,Banking,5,2025-06-18,جيدة,Positive
ad71c99e-2929-4cec-8bca-456d6b57d97c,CIB,Banking,1,2025-06-18,ابلكيشن سئ جدا جدا جدا,Negative
cada9e2c-c7d6-4b82-aa05-6eabd46fa7e8,CIB,Banking,1,2025-06-17,تطبيق فى منتهى السوء,Negative
e8c85204-b1c8-4cc2-89f1-656cd690377c,CIB,Banking,5,2025-06-17,لما افتح الابليكش يقولي انتهت مدة الجلسة وميفتحش,Positive
e5748116-b769-48ab-9909-65f04e2fc8af,CIB,Banking,1,2025-06-17,سئ جدا,Negative
8c90afab-ae42-4a3c-8131-1f66c8d110c6,CIB,Banking,5,2025-06-17,جميله,Positive
d6740749-fd9d-496f-8000-46bf29113df0,CIB,Banking,5,2025-06-16,ممتاز,Positive
8686050a-fa5a-4285-8730-0833e61ada3a,CIB,Banking,1,2025-06-16,سيئ جدا بعد التحديث واثناء الدخول 5 ثواني فقط ويقوم بتسجيل الخروج من تلقاء نفسة ويطلب التسجيل مرة اخري وكذلك الامر وتكرارة كثيرا,Negative
abbd0789-9eaf-4bb7-a28d-e58121762987,CIB,Banking,1,2025-06-16,اسوء بنك تتعامل معه,Negative
38e9d716-de2c-481b-8cf6-b45cd1d1ff1a,CIB,Banking,1,2025-06-16,بعد التحديث الجديد كل ما اجي ادخل الابليكشن بتيجي رساله وقت الجلسه انتهى واتصلت بخدمه العملاء ومحلوش المشكله ولو اخرت الساعه في الموبيل ساعتين مثلا الابليكشن بيدخل عادي هل منطقي امشي بالموبيل متآخر في الوقت عشان تحديث برنامح,Negative
1065b916-f791-4456-ad1c-ec9a523b1969,CIB,Banking,1,2025-06-15,سى جدا,Negative
ae022357-f900-4497-9bc3-0ffbc0461819,CIB,Banking,1,2025-06-15,بصراحه تحديث أسواء مما يكون عند تسجيل الدخول تظهر رساله بانتهاء الجلسه ويتم الخروج من البرنامج وتم التواصل مع خدمه العملاء ولا يوجد تغيير,Negative
f65c27cd-97e1-413d-bd42-4597e18033dc,CIB,Banking,1,2025-06-14,كنت استخدم البرنامج وفجاة توقف البرنامج بسبب اخر تحديث للبرنامج وطبعا انا مش معقول اغير التليفون عشان خاطر برنامج,Negative
f1fda32d-a98a-477c-bfff-3ad2a05a51d2,CIB,Banking,5,2025-06-14,ممتاز,Positive
df7c13a9-d10b-43df-adf6-0466f55b4026,CIB,Banking,1,2025-06-14,تحديث خرة مش عايز يفتح تاني علي تليفون,Negative
ee93122c-b470-452a-aece-9e9f6eb43e6a,CIB,Banking,5,2025-06-13,شكرا,Positive
7cf0af8a-b555-41c1-9b9c-71f6466bd8f4,CIB,Banking,2,2025-06-13,بفعل تسجيل الدخول بالبصمه و اكتب الرقم السري و ادخل OTP و بعدها يقولي تم التفعيل بنجاح و لما اقفل الابليكيشن وافتحه تاني بيقولي تم إلغاء التسجيل بالبصمه,Negative
d83b762a-ec45-41bb-999e-864a9df260c6,CIB,Banking,1,2025-06-13,كل تحديث اسوء من اللى قبله من فشل لفشل بصراحه اسوء فتره عدت على البنك وكرهتونا فيه بدل ما تسهلو الدنيا والحياه بتصعبوها علينا وكمان تزودو الرسوم,Negative
36c95951-e7d1-49de-b605-30e91651f69b,CIB,Banking,1,2025-06-12,غيرجيد جداجدا التعليقات كلها بتحضر التطبيق الرجاء الحل لان دا بنك دولي مش اي بنك الرجاء حل المشكله,Negative
fbeb5cad-e0d8-4364-a99b-d7695749f0c0,CIB,Banking,1,2025-06-12,الابلكيشن طلب تحديث النهاردة حدثته وبفتحه مش بيعرضلي رصيدي ولا بياناتي وتقيل جداً,Negative
98da9ba6-810f-4cf1-9229-cdaf1691b77c,CIB,Banking,1,2025-06-12,التطبيق بعد التحديث يرفض تسجيل الدخول ورسالة لقد اوشكت الجلسة علي الانتهاء ويخرج,Negative
b2a89d98-8786-48ce-85d3-4e5b4c4e03c4,CIB,Banking,1,2025-06-12,يحدث خلل عند تسجيل الدخول,Negative
3d48b35c-e0d3-432d-afa1-0c20129d6209,CIB,Banking,1,2025-06-12,بقالى شهرين مش عارف ادخل على الابلكيشن بعد التحديث بيجى رساله لما اسجل دخول انتهت الجلسه وموضح علشان الوقت اقدم الساعه ساعه وميشتغلش بعد كده اخرت الساعه ساعه وبرده مشتغلش حذفت البرنامج مرتين وبرده مشتغلش انا عندى حساب فى بنك تانى وكذالك اسرتى ومعندناش المشاكل الى فى تسجيل الدخول زى عندكم حاجه فى قمة السوء وخدمات البنك بقت كلها اسوء,Negative
a9939116-39fd-4481-a9e7-35c00e6addb1,CIB,Banking,1,2025-06-11,التطبيق سئ اخر تحديث كل ما افتح تجي رساله انتهت الجلسه ومش عايز يفتح مع العلم أن الوقت والتاريخ تلقائيا,Negative
f7c29e87-d7f1-4a0b-ab0a-19a6fe44e98c,CIB,Banking,5,2025-06-11,أخر تحديث جعل التطبيق صعب في التعامل بسبب إنهاء الوقت بشكل سريع جدا يرجى حل المشكلة في أقرب وقت ممكن وشكرا,Positive
2012c4b4-4e68-45d9-8e20-88dc9bbe4f34,CIB,Banking,1,2025-06-11,ياريت نرجع التطبيق القديم علشان كل شوية يقول انتهت الجلسة اول ما افتح,Negative
2f414bd0-6b81-4d4a-a8eb-b93471a0f1cc,CIB,Banking,1,2025-06-11,التطبيق فيه مشكله مش بيشتغل غير في التوقيت الشتوي لابد من حل هذه المشكله,Negative
6356ade7-edfe-4e68-b383-5b82d78e5dfa,CIB,Banking,3,2025-06-10,للاسف تم تعطل البرنامج بدون اي سبب وكان يعمل جيدا بعد التحديث ارجو حل المشكلة بسرعه,Neutral
bd13ffec-8df1-46bd-9544-3d2be6c13b77,CIB,Banking,1,2025-06-10,التطبيق يعمل للحظات ثم بيفصل,Negative
c2a056b2-6a14-4500-85d0-955234fb4443,CIB,Banking,5,2025-06-10,جيده,Positive
3599ec3c-2bf2-4d52-bdc5-82a5a7e9f068,CIB,Banking,3,2025-06-10,بمجرد فتح البرنامج يقول انتهت مدة الجلسة ويعمل تسجيل خروج تلقائي فى اقل من ثانية حاجة غريبة جدا جدا المشكلة دى ظهرت من ٣ ايام بس .. قبل كده كان شغال كويس,Neutral
0459e255-9aea-491c-9b87-60754f4949cb,CIB,Banking,5,2025-06-10,خدمه مميزه,Positive
457d05ff-d8e8-4e12-92d6-a73ce61921dc,CIB,Banking,5,2025-06-10,جيد جداً,Positive
d62fee5a-0afc-4400-9b85-3b46c794276a,CIB,Banking,1,2025-06-09,الابليكيشن مش راضي يشتغل وكل شوية يكتبلي خطأ تواصلت مع البنك قالولي لازم اتصل على الرقم من الموبايل واتصلت بالفعل وخلصو رصيد الموبايل وبرضه الابليكيشن مش راضي يشتغل ولا يغير الباسورد سئ جدا وقريب هقفل الحساب,Negative
9a0cbdc7-e0de-4275-b89f-4b25b2aa9af9,CIB,Banking,1,2025-06-09,تطبيق فاشل,Negative
957bb2f2-0f77-4f65-a067-3aaea085eb53,CIB,Banking,1,2025-06-09,برنامج زباله لدرجه عملت فوق ٢٠ محاوله عشان اسجل جديد,Negative
bc5e8ffa-2cb3-4bdb-82f4-9c0653558f74,CIB,Banking,5,2025-06-08,السلام عليكم ورحمة الله وبركاته لو سمحت كل ما ادخل على الابلكيشن بيخرج ويبان مدة الجلسة ومعاينة كلمة السر وبيخرج لوحدة والابلكيشن مش بيفتح وبيطلب تعديل الساعة والساعة مظبوطة,Positive
c3ccf9e4-f95b-4c91-84f2-adcf0b8c746e,CIB,Banking,5,2025-06-08,برنامج اكثر من رائع,Positive
67f8bf20-7f72-4c49-8ed2-b2e0d89cbd94,CIB,Banking,3,2025-06-08,عند الدخول علي التطبيق يظهر تم انهاء الجلسه احاول مره ثانيه نفس المشكله كل مره اغير الساعه للدخول علي التطبيق ايه السبب,Neutral
480ec9b0-edcf-4466-afdd-683051e8f7b6,CIB,Banking,5,2025-06-07,كويس,Positive
d43596fc-73fc-4d02-be8d-8412b3613c44,CIB,Banking,1,2025-06-07,تطبيق سيء للغاية كل شويه تحديث والتحديث صعب ولا يستجيب حتى مع المعلومات الصحيحة,Negative
27c24cd7-0fa5-40b1-9a5c-a99e50032439,CIB,Banking,1,2025-06-07,بعد التحديث التطبيق لا يفتح ارجو حل المشكلة,Negative
ca7ff1f8-ac5f-4943-bb89-cb2487198e00,CIB,Banking,2,2025-06-07,بيطلب من اغير الرقم السرى واجى اغير الرقم السرى يقولك عاود المحوله تطبيق مقرف لقد انتهت صلاحية كلمة المرور هو فى حاجه اسمها انتهت صلاحية كلمة المرور دا هبل,Negative
c400665d-eae1-403b-9912-454ca4b62a6d,CIB,Banking,1,2025-06-07,برنامج عقيم كل نسيت الباسورد ومش راضي يتغير,Negative
0cb37ceb-1fd9-4dcb-b892-d01f362b1b35,CIB,Banking,5,2025-06-07,ممتاز جدا,Positive
76d248b9-55c6-40fc-9b4f-2a7eb111a732,CIB,Banking,1,2025-06-04,حسبى الله ونعم الوكيل,Negative
0a7dd079-d6c6-4f58-b52e-5ee6bfc90274,CIB,Banking,5,2025-06-04,لماذا لا يمكنني تغيير كلمة السر انا جربت طرق عديدة حسب المطلوب بالضبط لا يأتيني خطأ دائما ممكن حل سريع ارجوكم 🙏,Positive
24544b72-13a0-40e6-8a0b-f6aef898ee8f,CIB,Banking,1,2025-06-04,البرنامج بعد التحديث سيئ جدا جدا. الحقيقة اطلعت على التعليقات هنا ولاقيت تعليق كاتب ان التحديث الجديد سقط انهم يحطو التوقيت الصيفى ضمن التحديثات الخاصة بالبرنامج وبالفعل اخرت التوقيت عندى ساعه وتم دخول البرنامج ولكن للاسف حصل عطل تانى بعد دخولى البرنامج وتم خروحى منه وكاتب رساله ليا حاليا unknown erro البرنامج بقا مزعج جدا للاسف التقيم الخاص بالتحديث نجمة واحده ولا يستحقها كمان 😡,Negative
dfc8267d-6e1c-43c9-b7a8-f4006fdd5217,CIB,Banking,2,2025-06-04,الابلكيشن بعد التحديث مبيفتحش معايا يقول انتى وقت الجلسه ومبيفتحش غيرت الباسورد مفيش اى حل انا يوم كامل على هذا الحوار انتهى مدة الجلسه وميفتحش كلمة خدمة العملاء ومفيش حل,Negative
32620829-d646-4ec1-8a11-8bb3822ecf0a,CIB,Banking,4,2025-06-04,لا يمكن البرنامج يعمل بعد التحديث,Positive
0d68fcc1-f4dc-47af-8339-084f7bf400a3,CIB,Banking,5,2025-06-04,بطئ نوعا ما,Positive
b0d7d9cf-acee-4b74-9ef6-0ee3cc1313ef,CIB,Banking,1,2025-06-04,عندما اقوم بفتح التطبيق يقوم مده الجلسة قد انتهىت فما الحل لانى مش عارف افتح الابلكيشن خالص الراء المساعده,Negative
7f6b62f5-8be2-4189-9554-0de7157d2fe7,CIB,Banking,5,2025-06-03,جميل,Positive
7264a3cd-d4d5-4ad8-8feb-5dd56b352a17,CIB,Banking,1,2025-06-02,الرساله دي بتظهر ومش بيفتح ايه الحل؟ لحمايتك انتهت صلاحيه الجلسه وتم تسجيل خروجك يرجى التأكد من ضبط وقت جهازك بشكل صحيح لتتمكن من تسجيل الدخول,Negative
f33c25ed-bc1a-4bf3-8ca5-bf098073acdc,CIB,Banking,5,2025-06-02,ممتاز,Positive
e7beec21-44e3-492f-a4ec-bd69ecbcb4fd,CIB,Banking,1,2025-06-02,التطبيق زباله بيقفل لوحده في أقل من ٢ ثانيه ايه القرف دا,Negative
825004cf-caeb-4eda-b783-18be6e4b1d7b,CIB,Banking,5,2025-06-01,ممتاز,Positive
d6013031-ee8a-461a-86d8-6fb8d18adc19,CIB,Banking,5,2025-06-01,تمام,Positive
3e8e85f0-1f5c-430e-98d2-ef08d2660e31,CIB,Banking,1,2025-06-01,بعد التحديث أصبح البرنامج سئ جدآ,Negative
d46c3dd3-6e5f-425f-8d03-10a695d79fe3,CIB,Banking,5,2025-05-31,افضل تجربة بنكية و اسهل استخدام من بنوك أخرى و خدماته كتير اوي عكس بنك مصر و الأهلي خالص فعلا بنك نثق فيه,Positive
95b8e72c-4716-4599-ae58-d53fc65db91b,CIB,Banking,1,2025-05-31,بعد اذنك هذه التطبيق لم لم يفتح ما اخر تحديث حصل علي التطبيق ممكن التفاصيل في هذا الموضوع ده ممكن حضرتك,Negative
26f5418c-328e-4fb6-8d81-1d0a88046651,CIB,Banking,1,2025-05-31,التطبيق سيى جدا للأسف فيه مشكلة في تسجيل الدخول الأول خطأ في كلمة المرور وبعدان مش بيغيرها الرجاء حل هذه المشكلة,Negative
2ada5035-cd4d-4852-88d3-f11688d207bf,CIB,Banking,5,2025-05-30,ممتازه,Positive
42a3a560-ff4a-4465-bd2e-57a9a85c5150,CIB,Banking,5,2025-05-29,ممتاز جدا,Positive
dc9a7bde-e4fc-4a93-aaf4-8334095dac08,CIB,Banking,2,2025-05-29,هل ينفع اسجل بطاقه بنك ميزه على البرنامج,Negative
e7099021-c788-4312-92ef-ca0694eb775d,CIB,Banking,5,2025-05-28,ممتاز,Positive
2fc3d783-2672-468a-b7c8-ea9f3092b70c,CIB,Banking,1,2025-05-28,سئ جدا يحتاج لبعض التحديثات مش عارف اشوف التحويلات القادمه او المرسلة حاجه صعبه جداااا,Negative
7a618ef4-b91b-48e7-a141-c61dbe495e5d,CIB,Banking,5,2025-05-28,مشكلة جارى حلها,Positive
f4bf424d-8964-4671-9d01-4a62ab3a7b62,CIB,Banking,5,2025-05-27,جيد,Positive
a993318a-8485-4828-8858-7c390c4646bd,CIB,Banking,1,2025-05-27,التطبيق لا يكمل كلمة السر,Negative
99cafe77-61b0-4ef1-8ad8-ce462262010b,CIB,Banking,1,2025-05-27,هو علشان اسجل في التطبيق ده لازم يكون عندي حساب في البنك و لا ممكن افتح من التطبيق عادي لاني حاولت اسج اكثر من مره يقولي خطا في البيانات,Negative
3e88599f-9c20-419f-b7b9-43d6af58a3b2,CIB,Banking,1,2025-05-26,يوجد مشكله بالدخول ويتم الخروج في خلال ٣٠ ثانيه,Negative
d29dee20-1f47-4437-b328-367a3d7b6726,CIB,Banking,1,2025-05-26,مش فاهمة ازاي بنك كبير يبقي له تطبيق فاشل جدا كده وحتي الموقع علي جوجل بقالي سنة مش عارفة ادخل علي حسابي والدعم ولا بيحل اي مشكلة,Negative
66aa612d-832e-4867-af5a-fbdf6d749a13,CIB,Banking,1,2025-05-25,عندما اقوم بالضغط على الدخول بيقول انتهت وقت الجلسة ولايتم الدخول,Negative
fc687cf4-3206-4a0e-9abc-c01ba9f9c72a,CIB,Banking,5,2025-05-25,ممتاز جدا جدا,Positive
209b75d3-d037-4531-88e4-3aff381e19da,CIB,Banking,5,2025-05-25,جيد جدا,Positive
393d0696-438b-4e23-818e-7a2c9cad236b,CIB,Banking,1,2025-05-25,سئ جدااا مع الاسف التطبيق القديم كان افضل من هذا بعد الدخول بالاسم وكلمه السر بيتم خروجى فورا من الابلكيشن وبعد عده محاولات يتم الدخول بصعوبه ارجوووو حل مشكلة الابليكيشن الجديد وبسرعة,Negative
10c25354-ff90-4aae-b942-3ca1f91113df,CIB,Banking,1,2025-05-24,بصمة الاصبع لاتعمل,Negative
c6918ec5-c77e-49b3-a788-975dbdecc553,CIB,Banking,1,2025-05-24,تجربه سئيه لعدم التمكن من الدخول برغم أنه كان بيدهل عادى اول ما تم تثبيته . التطبيق القديم كان اسهل واسرع,Negative
e836791e-bc2a-4c5f-88db-9f5944b3bfd7,CIB,Banking,1,2025-05-23,البرنامج سيئ للغاية لا يعمل اطلاقاً تواصلت كثير مع البنك بدون جدوى الحل؟,Negative
4daceb5f-3cf1-46b5-b29c-f71a0cbac163,CIB,Banking,1,2025-05-22,البرنامج لا يعمل,Negative
f59df258-abb7-4edc-a210-e64e8e0af03f,CIB,Banking,5,2025-05-21,عند الدخول يطلب مني ظبط الساعه في الهاتف مع العلم انها مظبوطه ارجو حل هذه المشكله ونفس المشكله مع cib otp وهذا يعيق تعاملي مع الابليكيشن هذه المشكله حدثت مع التحديث الأخير فقط,Positive
5a683899-807c-4067-8f72-cfacc06047bd,CIB,Banking,3,2025-05-21,التطبيق لا يعمل,Neutral
ec3172d2-3fa7-4992-a65a-91346d2d494f,CIB,Banking,1,2025-05-20,البرنامج بعد التحديث مش بيفتح خالص احنا بنحدث ولا بنخرب,Negative
346f506e-5772-4cc3-90f0-ada8741cfbcf,CIB,Banking,1,2025-05-20,ازعاج بجد كل ما افتح يطلب تسجيل بيانات حسابي وكمان الرقم السري يقولي غلط ممكن حل للمشاكل دي بصراحه الموضوع مزعج جداً,Negative
52510204-3bdc-4943-aa48-2d1724aae214,CIB,Banking,5,2025-05-18,ممتاز جدا,Positive
6dd59bd8-a145-4203-b2f9-6562e2f2ac27,CIB,Banking,5,2025-05-17,ممتازه,Positive
72b73461-c8bf-4f67-9db9-003995c44612,CIB,Banking,5,2025-05-17,ممتاز,Positive
4fb642ff-a680-4866-9194-9ede3add1592,CIB,Banking,5,2025-05-17,ممتاز,Positive
f1cfa71a-45ab-4c7c-bb8e-e9eb46929d83,CIB,Banking,1,2025-05-17,تطبيق فى غايه السوء ولا قيمه له,Negative
2b2c48e2-c539-48ab-a0ac-9ceee42a1458,CIB,Banking,1,2025-05-16,التحديث الجديد سئ جدا جدا جدا لأبعد حد مش بيظهر الرصيد او البطاقات على الشاشة الرئيسية و مش بيظهر غير طلب كنت مقدمه و اترفض و مش فاهم انتوا ليه بتصعبوا الأمور علينا كده,Negative
743c294a-cca3-4542-9970-48444073b0d0,CIB,Banking,4,2025-05-16,عندى مشكلة بعد تغيير الساعة للتوقيت الصيفى البرنامج لايعمل ارجعها للتوقيت الشوى يشتغل عادى,Positive
9a51d7e0-4c5f-4f86-91c1-e9c9b365df9c,CIB,Banking,5,2025-05-16,وأخيرا صار لي حساب بنكي مصري في البنك اللي أحبه شكرا CIB🤩,Positive
c2210b41-abf1-4dd4-a41c-1933239509c0,CIB,Banking,5,2025-05-15,رقم واحد,Positive
4e76eed2-49b2-4404-989b-70980d83ff5f,CIB,Banking,5,2025-05-15,برنامج ممتاز,Positive
122b8b7a-2e75-4469-aec3-0b30a28c11ea,CIB,Banking,5,2025-05-15,حلو اوي,Positive
ea5b850e-0584-473f-b58f-426818673399,CIB,Banking,1,2025-05-14,التطبيق بيرفض تسجيل الدخول كثيرا ويععطي رسالة خطأ بشكل مبالغ فيه.,Negative
e48ea364-12e5-48a5-b61c-f93d34f207dc,CIB,Banking,1,2025-05-14,بصراحه تجربة سيئة جدا جدا التعامل مع بنك CIBتم رفع طلب إلى جهة العمل لالغاء التعاقد مع بنك CIB لعدم احترام العملاء في خدمة التقسيط,Negative
9548754c-ae6e-4608-8335-47532211de27,CIB,Banking,1,2025-05-14,البرنامج صعب في استكمال البيانات وبعد زهق تم وبعد حبيت احول من البنك لبنك اخر مش بيقبل خالص,Negative
6ecc0a49-5796-475e-8d92-ad15fda245bc,CIB,Banking,2,2025-05-14,كل ما ادخل البيانات تيجى رسالة تقولة لقد ادخلت البيانات خطأ رغم انى مدخل بياناتى صحيح,Negative
a7979446-aef5-4d31-a2f5-d0217992f349,CIB,Banking,5,2025-05-14,تمام,Positive
a8286a06-8406-400a-be08-90dddeacae18,CIB,Banking,5,2025-05-14,رائع,Positive
df745160-863b-4e56-b0d9-d3f629c76393,CIB,Banking,1,2025-05-13,السلام عليكم البرنامج مش شغال سيئ للغاية قبل التحديث كان شغال كويس وسريع بعد التحديث مش شغال خالص وكلمت خدمة العملاء ولا جديد بجد كده حرام شغلنا متعطل ايه الحل,Negative
3cc37faf-1365-4581-8ebc-ef73c782f9fd,CIB,Banking,1,2025-05-13,البرنامج اصبح سيئ جدا جدا جدا,Negative
ea8e1f41-8c6b-430f-992e-df4837ae965a,CIB,Banking,1,2025-05-12,التطبيق كل اما اعمل تسجيل دخول يبعت لي رساله تم انتهاء مده الصلاحيه الدخول ارجو حل المشكله,Negative
27396f21-0da8-444e-8eac-0d69dadc27e2,CIB,Banking,3,2025-05-12,بتظهر لى ماسدج اثناء تسجيل الدخول حاول مره اخرى كل مره...ايه الحل,Neutral
002afcfd-6933-4755-b495-138d3f094ce0,CIB,Banking,1,2025-05-12,الابلكيشن اصبح سيء وبالنسبه للسي اي بي بونص مش مش بيفتح نهائى زي ما يكون متعمدين صعوبه فتح البونص لعدم استخدامه وتم التواصل مع البنك اكثر بدون اي فائده,Negative
59421bbd-574d-4a61-979c-4b15e147af09,CIB,Banking,1,2025-05-11,التطبيق القديم افضل دا كل مره يقول انتهت الجلسه,Negative
123f1be3-1883-451c-8b96-a09e54a88eda,CIB,Banking,1,2025-05-09,سى جدا كل ﻤا اسجل دخول تجى رساله انتهت صلاحيه الجلسه ياريت حل للمشكله دى,Negative
25f92985-936b-439b-8dcf-6779969c5118,CIB,Banking,1,2025-05-09,تقيل وبيغيب في الفتح,Negative
fa472bfe-c031-4f7f-a5b1-b2ae95463a2a,CIB,Banking,1,2025-05-09,انا بنزل البرنامج مفيش تفعيل خاصية التفعيل بالطريقة البيومترية والاندوريد عندى النسخة رقم 13هل بنك كبير زيكم اغير التليفون عشان الانترنت بنك,Negative
0c0f49ad-0479-464f-889a-be23228aee0d,CIB,Banking,1,2025-05-09,للأسف الابلكيشن بعد التجديد سئ ومش عارفين ندخل ولا نفعله وزهقنا وتركنا رقم تليفونا أكتر من مرة ولا أى حاد بيساعدنا,Negative
960ec077-a811-4ea2-939d-5267b3e886d2,CIB,Banking,1,2025-05-09,برنامج سيء للغاية وخصوصا بعد التوقيت الصيفي مش بيفتح خالص بيقول انتهت الحلسة يرجي ضبط وقت الهاتف واعادة تسجيل الدخول ارجع التوقيت الشتوي تاني يعمل نفس المشكلة اتمني نزول التطبيق الاول افضل منه,Negative
6f4835a6-c62b-4998-ad04-02ae8f851d65,CIB,Banking,5,2025-05-08,تحت التجربه,Positive
fc18b201-2d1a-4aa5-8112-a77829cabba7,CIB,Banking,2,2025-05-08,من اسبوع البرنامج خرجني و مش عارف ادخل تاني وحاولت اغير الباسوورد مش عايز يتغير !,Negative
dc1be90b-2fbd-4023-8cae-e12a5d32ac6e,CIB,Banking,1,2025-05-08,دة طلب اعتراض على شكوى تم تقديمها لكم وتم الرد من خلالكم وانا مش مقتنع بالرد مش معنى ان رسالة تم ارسالها من خلالكم يبقى وصلت للعميل لازم يبقى فية استثناءات . فبلاش الاسلوب دة مع العملاء وانا مش ملزم ان افتح الموقع بتاعكم كل يوم لمراجعة التعديلات,Negative
800f44e4-3b95-496c-9c72-07e532610acd,CIB,Banking,1,2025-05-06,البرنامج لايسمح بالدخول وتطلع رسالة وقت الجلسة قد انتهاء رجاء اصلح العطل,Negative
fdc92fc5-c9a9-49a9-97d6-6d273922c8b7,CIB,Banking,3,2025-05-06,عندي مشكله في التطبيق عندما أسجل دخول تأتي رسالة تقول أنتهت مدة الجلسه,Neutral
4314b4c0-fc9e-47b8-81be-250b53564d54,CIB,Banking,1,2025-05-06,التطبيق كان يعمل بشكل جيد لاكن بعد التحديث اجد صعوبه في تسجيل الدخول كل مره نرجو الحل,Negative
87040d1a-e60e-4294-a333-5acaf84a2015,CIB,Banking,3,2025-05-06,التطبيق لا يعمل على التوقيت الصيفى,Neutral
3034dd5c-8aff-4054-815b-cc005f46b1fa,CIB,Banking,1,2025-05-06,عندي مشكله في تسجيل الدخول,Negative
d1920c31-d068-4fa1-99e1-2229d7452b67,CIB,Banking,5,2025-05-06,رائع,Positive
069c1703-84f2-4416-9845-63a499ae500a,CIB,Banking,5,2025-05-06,ممتاز,Positive
adfcc1db-aebe-4346-9b78-81f265f787dd,CIB,Banking,1,2025-05-05,بعد تغير الساعة وتحديث التطبيق مش عاوز يدخل ع الحساب بيقولى انتهاء الحلسة برجاء تعديل الساعة واعد المحاولة دة لية بقا ممكن افهم ؟,Negative
dc9bda00-cf24-4d2d-a038-774d87cff384,CIB,Banking,1,2025-05-04,الابلكيشن بعد التحديث الجديد لايكمل تسجيل الدخول,Negative
1f9e6efa-7c67-43a6-a4eb-da5a88bcb8cb,CIB,Banking,2,2025-05-03,عندما أقوم بتسجيل الدخول تظهر دائما رسالة تقول وقت الجلسة أوشك على الإنتهاء وأقوم باختيار متابعة تظهر الرسالة مرة أخرى بطريقة متتالية ولا أستطيع إستخدام البرنامج.حذفت البرنامج وقمت بعمل تنصيب له ولكن نفس المشكلة. ما سبب ذلك ؟ وشكرا,Negative
15d61611-bed5-4db2-846c-68ffa8e349a9,CIB,Banking,2,2025-05-03,يرجي المساعدة عند الدخول علي البرنامج يطلب ضبط الوقت. والساعة مظبوطة. يجب تاخير الساعة حتي يتم الدخول في كل مره,Negative
894299f3-b958-4b9d-b3d8-beae195bd46e,CIB,Banking,1,2025-05-02,مستوى البنك أصبح سى جدا فى كل التعاملات,Negative
21be6342-dc7c-41a9-b008-6482d4ef1f29,CIB,Banking,1,2025-05-02,التطبيق بعد التحديث الاخير لم يعمل حاملت أن أدخل بكلمة سر جديدة ولم يعمل مش ايه المشكلة أدخلت رقم الكارت ورقم سري جديد نفس المشكلة ارجو المساعده أو الطريقة الصحيحة ولكم جزيل الشكر,Negative
45d57db8-96f2-4179-ba46-37bf15de478b,CIB,Banking,5,2025-05-02,ممتاز جدا من افضل البنوك هو بنك CIB,Positive
1ed1e0a2-0d6f-4b3f-b814-c606ada281a5,CIB,Banking,1,2025-05-02,البرنامج بقي زفت بعد التحديث الجديد,Negative
4806b588-fe36-46b1-9aa3-5eeccfbc03db,CIB,Banking,5,2025-05-02,تطبيق ممتاز لعملاء بنك cib,Positive
d0f3f640-2b50-4425-94b0-7e7606f2fedf,CIB,Banking,1,2025-05-02,كنت بنك عربي افريقي وغيرت للبنك ده والراتب لسه منزلش علي البنك القديم. وبكلم، خدمة، العملاة محدش بيرد، والبطاقة كمان، لسه مجاتش ايه الحل.؟؟ دلوقتي عايز اعرف هل الراتب نزل علي البنك ده، ولا، لا.؟؟,Negative
c221587d-5bea-4546-9c33-4fe458dbbbfb,CIB,Banking,1,2025-05-01,التطبيق لا يعمل اصلا,Negative
306844f4-37df-4566-9f74-55e797ba3a9c,CIB,Banking,1,2025-04-30,التطبيق لا يعمل باكمل الدخول بعد تسجيل كلمه المرور الجديدة لأ يسجل,Negative
582c6874-c9eb-4f08-8949-c9c0d8c089f0,CIB,Banking,5,2025-04-29,ممتاز,Positive
d2b5c653-dbb9-4b55-9cb7-77bb45d84e9f,CIB,Banking,3,2025-04-29,التطبيق لا يعمل .. عند تسجيل الدخول تظهر رسالة تم خروجك اظبط وقت للجهاز !! ما هو سبب العطل ارجوا التوضيح,Neutral
68f94324-c3c3-41fd-8aae-ccd36d20bddb,CIB,Banking,5,2025-04-28,تجربه ممتازه,Positive
b0fb9bfa-6733-4c01-a1aa-e60169e74876,CIB,Banking,1,2025-04-28,عندى مشكله فى تسجيل الدخول البرنامج بيكتب انتهت مده الجلسه بصفه مستمره ارجو الافاده,Negative
46efe44d-28de-4ba3-b078-997eba272877,CIB,Banking,1,2025-04-27,سئ جدا جدا,Negative
203e9ee7-68d0-4830-ac2d-6ae289fefbbd,CIB,Banking,5,2025-04-27,ممتاز,Positive
a077c2f3-6121-4049-9d82-b1b729946dba,CIB,Banking,1,2025-04-27,التطبيق لا يعمل عند الدخول يعمل خروج ع طول . تطبيق سئ,Negative
a046f8ed-5c7b-420f-b077-b70781509e67,CIB,Banking,1,2025-04-27,انتهت مدة الجلسة بتكرر كذا مره.. ايه الحل,Negative
b1996de5-521d-44f0-80a6-42219b8c5f3e,CIB,Banking,5,2025-04-26,ممتاز جدا جدا,Positive
fafc016a-503a-4607-b683-a9c15b71d149,CIB,Banking,1,2025-04-26,تطبيق سى جدا فى التحويل,Negative
dc01d48f-aec0-4ec5-8b99-a80a6abfc56a,CIB,Banking,1,2025-04-24,كل ما اعمل كلمة سر ويقولي تم تغيير كلمة السر لما ادخلها تاني يقولي خطأ ممكن اعرف السبب,Negative
d07a5aed-0ce7-4167-8462-4ff9ace9b7cb,CIB,Banking,1,2025-04-23,في كل مرة أحاول تسجيل الدخول بالقياسات البيومترية (البصمة) يطلب مني اسم المستخدم وكلمة المرور أيضا والـ OTP وعلى الرغم من استكمالها إلا أنه لا يتم تفعيلها. الاصدار السابق أفضل بمراحل.,Negative
a5f39a13-d93c-45a5-abab-7d3916eba0fc,CIB,Banking,1,2025-04-23,اسوء تطبيق شوفته فى حياتى مش بيقبل غير عدد حروف معين لكلمة السر وانا حاطط كلمة سر اطول شوية من زمان ومش عارف ادخل لحسابى وكل حاجة عطلانة جربت اعمل ريسيت باسورد ومفيش حاجة بتحصل تجربة سيئة جدا انا خارج البلاد ومش عارف اكلم خدمة العملاء ما هو الحل؟,Negative
d4e0778d-4008-43c5-a5b8-11a8ad498547,CIB,Banking,5,2025-04-22,تطبيق بنكي جيد جدا لعملائه.,Positive
d4d26951-88de-4688-b285-45f6598654bf,CIB,Banking,2,2025-04-22,ممكن التواصل نفس المشكلة لم تحل,Negative
bb0db65e-8648-490d-a840-bbe18ffa2537,CIB,Banking,5,2025-04-22,good,Positive
e5d37dd1-d855-4c8c-bb7f-1a3941ba065b,CIB,Banking,1,2025-04-21,البرنامج فاشل جدا كان شغال كويس قبل التحديث وبعد التحديث وكل مااسجل الدخول يقولي كلمة السر غلط اغير كلمة السر واتبع الخطوات وفي آخر يقولي حدث خطا,Negative
ffe7cf6a-5012-408f-8415-d7917f632705,CIB,Banking,1,2025-04-21,التحديث الجديد وحش جدااا مش عارف اتعامل عليه وكان في فلوس واتخصمت ومش عارف اجيبها خالص,Negative
33a8c127-60a3-41cc-aaf2-bc4566485ddc,CIB,Banking,5,2025-04-21,التطبيق مش عاوز ينشئ حساب وبيقولى خطأ فى البيانات الحل اية,Positive
32b6c6eb-a6a3-4a0c-9c8a-b0c7d44690da,CIB,Banking,4,2025-04-20,متاز,Positive
1ebc46ee-88ea-439d-ac69-83b6d567acf8,CIB,Banking,1,2025-04-19,للاسف الشديد وصلت المملكة العربية السعودية يرفض التطبيق ظهور خانات اسم المستخدم وكلمة السر والبصمة، حذفت التطبيق وقمت بتحميله مرة أخرى وللاسف الشديد نفس المشكلة.. هل يعمل تطبيق البنك في المملكة،،،,Negative
45cf1285-882d-4185-b7cd-758acad3c629,CIB,Banking,3,2025-04-19,صعب للغاية,Neutral
e71c406c-501d-4a4b-acb5-8f6ee44b330d,CIB,Banking,1,2025-04-16,برنامج معقد والدخول عليه أعقد من الدخول على مفاعل ديمونة للمفاعلات النووية.... بعد تلقينا الرد التلقائي منكم على Google play store نفيدكم أن محاولة التواصل عن طريق الإيميل لم تجدي نفعا وما زادتنا غير ضياع الأوقات ونفاد الطاقة...,Negative
e433e574-2d29-4782-aa7f-e6c29702751a,CIB,Banking,5,2025-04-16,excilant,Positive
b573596e-59da-45dc-837a-848348f23596,CIB,Banking,2,2025-04-15,بعد التحديث غير مريح وييعلق كتير,Negative
806ea238-2222-4746-a9a4-dc4d42534a63,CIB,Banking,1,2025-04-15,سيء ولا يعمل بعد التحديث,Negative
6a9dee4a-e430-46c2-b405-84fc407c85ff,CIB,Banking,5,2025-04-15,ممتازه,Positive
277dd370-da8a-4037-b9a8-e94291d9a61c,CIB,Banking,1,2025-04-14,التطبيق بعد التحديث مش بيفتح حتى بعد تغيير الباسورد الخاص بي,Negative
4769aad8-3fe8-4ebb-88fc-f71515d0ec60,CIB,Banking,5,2025-04-14,شكرٱ,Positive
b11e6409-c21c-43f1-877e-0eed9e00ab2a,CIB,Banking,1,2025-04-13,تسميع المعاملات في التطبيق متأخر جدا ممكن توصل لـ ٣ و ٤ أيام دا إذا وصل أصلا. وده خلى متابعة نزول المرتب وغيره من المعاملات من خلال التطبيق عديمة الفائدة مقارنة بالنسخة السابقة، كما أن الحصول على واجهة جميع المعاملات يتطلب عددا أكبر من النقرات والتحميلات البطيئة بالتالي مقارنة بالإصدار السابق.,Negative
5b4d6641-a36e-465a-b567-7267ddf344a8,CIB,Banking,1,2025-04-13,كل م بعمل تسجيل دخول يقولك حدث خطأ ومش عارف اعمل كلمه سر جديده تطبيق معقد جدا,Negative
38576c87-6c2a-434f-a304-d7293ddfc412,CIB,Banking,5,2025-04-12,برنامج متكامل,Positive
2a14086a-fc10-44d2-9959-59d53c4014ac,CIB,Banking,5,2025-04-11,good,Positive
5cc1c087-2d7d-4c7d-b61c-e0a87f89d51e,CIB,Banking,5,2025-04-11,سهل عليا حجات كتير جدا شكرا للبنك,Positive
b6b76506-c2e0-494b-9163-e004106b3614,CIB,Banking,5,2025-04-10,شكرا تم تلافي الملاحظات والتطبيق يعمل بعد التحديث,Positive
b70bd910-3e71-4519-a9e9-fdb008ce4a9b,CIB,Banking,1,2025-04-10,البرنامج لا يستجيب وحتى عند تغيير كلمة المرور,Negative
699b6278-ab43-4493-8e29-496694e6a145,CIB,Banking,1,2025-04-09,البرنامج بعد التحديث اتقفل ومش عايز يفتح حتي مع تغير كلمة السر بتاعته مش راضي يفتح 😔😔,Negative
4e9896d6-b46c-4239-a77e-1b6127b3e616,CIB,Banking,1,2025-04-09,عندي مشكله في اعاده تعيين كلمه المرور,Negative
030d6e47-1af5-44fa-8923-750164febd53,CIB,Banking,1,2025-04-09,عايز حل كل ما اعمل عمليه تسجيل في البلكيش يظهر غلط في البينات مع أن مرجعت كل البينات صحيح ياريت حل المشكله,Negative
bb64f944-865a-45f5-8779-29cbd047dae4,CIB,Banking,1,2025-04-08,مش شغال وتم التجربه أكثر من مره,Negative
a91d6f09-1bb7-4da4-bf74-d835a86bc000,CIB,Banking,4,2025-04-08,التطبيق السابق كان بيشمل حساب فيزا المرتبات و حساب فيزا المشتريات لكن التطبيق ده مش شامل غير المرتبات فقط,Positive
bda9a78c-207f-41e9-99a9-664ad68126fc,CIB,Banking,1,2025-04-07,انتو بتجبرونا نغير تلفونات ليه زاي الابلكيشن مايشتغلش غير ع اصدار 13 إلغاء التعامل معاك قريبا,Negative
8062555f-ac8f-4016-a088-75e634c30b46,CIB,Banking,5,2025-04-07,👍👍👍👍,Positive
d72b95d3-e75e-4739-906e-d95725cc266f,CIB,Banking,1,2025-04-07,برنامج سئ جدا,Negative
caa25d35-a1c1-48c5-afd6-b7a47ea3bc16,CIB,Banking,1,2025-04-07,الابلكيشن سئ جدا مش بيشتغل خالص,Negative
7cd56d35-8319-4725-a988-4f56c112d7b8,CIB,Banking,1,2025-04-06,سئ جدااااااآ,Negative
34522140-455c-428a-8929-2976a9c70b5b,CIB,Banking,3,2025-04-06,التطبيق لايعمل لدي بعد تحديثه مؤخراً ولكن تم حل المشكله بعد عدة ايام,Neutral
4e0e4add-fae7-4421-8e12-a78bee177286,CIB,Banking,5,2025-04-06,نفس مشكلة انتهت مدة الجلسة عند تسجيل الدخول و تسجيل الدخول و تسجيل الدخول و انتهت مدة الجلسة إلى ما لا نهاية رجاء التواصل لحل هذه المشكلة المزعجة تم حل المشكلة، شكراً جزيلاً,Positive
614b45b0-6497-4a81-b685-6d127a1ac8c2,CIB,Banking,1,2025-04-06,التطبيق دائما معلق معايا ومش راضي يخليني حتي اعمل تسجيل دخول وحاولت اشيله وانزله تاني مشكله لسه مستمره,Negative
9d177f0b-b901-4513-aae8-088f83fd9d4e,CIB,Banking,4,2025-04-05,عندي مشكله عندما قمت بسحب الراتب لم يخرج جزء من الراتب وجاءت لي رساله بسحب المبلغ وقمت بعمل شكوي والنقود لم يتم استرجاعها لحد الان لماذا كل هذا التأخير لا أعلم. ثانيا التطبيق لايعمل وقمت بكل شئ صحيح لتشغيله ولكن للاسف. هل ساعدتموني من فضلكم لارجاع نقودي وتشغيل التطبيق,Positive
3dd5a0cb-7f15-4e80-8057-6259058df529,CIB,Banking,5,2025-04-05,ممناز,Positive
8f95aa53-ce04-4e9d-aaac-b64c26abea51,CIB,Banking,3,2025-04-05,التطبيق بعد آخر تحديث بيعمل خروج ومش شغال,Neutral
0ceeb557-6b8e-4439-ad6e-ecaf89464a35,CIB,Banking,5,2025-04-05,ممتاز,Positive
2882ccbc-7a22-4771-92cf-5e635b57e815,CIB,Banking,1,2025-04-04,تطبيق سيئ جدا لا أنصح بتحميله مساحته كبيرة جدا ولا يعطى رصيد حساب حقيقي,Negative
669713af-1360-4ac6-95bc-aab4c63e9b01,CIB,Banking,1,2025-04-04,الابلكنيش كل ماااشغله مش بيرجع تاني ينسي الاسم والباسوورد وعاوزني اسجل من جديد وكل مايجي اسجل يقولي بياناتك غير صحيحه وانا مش عارفه ادخل ازاي,Negative
08434b5d-02a9-4292-9d2b-720b3e784316,CIB,Banking,1,2025-04-04,التحديث الجديد مش كويس ولا يدعم كل الاصدارات مش منطقى أن أغير تليفونى عشان اعرف افتح الابلكيشن!!!,Negative
1c474770-c177-4b11-9fab-3fa2d4ed4800,CIB,Banking,1,2025-04-04,"ليه الرسائل بتيجي بالإنجليزي مش كل الناس بتعرف لغه أخرى غير العربي رجاء نبعث الرسائل باللغه البلد إحنا بلد عربية أغلبية الناس إللي تأخذ المعاشات والمرتبات ناس كبيره وفي ناس ما بتعرف لغه أخرى غير العربي مش هتعرف تقرأ وترجم رسائل البنك Dear Customer, please be informed that the bank will undergo a system upgrade on Friday, 4 April 2025, from 2 am to 9 am (Cairo local time). During this period, some services will be temporarily unavailable. For the list of impacted services,",Negative
23eeb5c1-a937-4e67-929b-2009e3c6c14e,CIB,Banking,1,2025-04-04,طيب دلوقتي لسه محمل التطبيق وبعمل الاكونت وكتبت اسم المستخدم وكلمة السر وبعدين بيجيب خانه اسمها رمز التحقق وفاضيه وكل اما احدثها فاضيه برضه ومش عارف اكمل حاجه ايه الحل,Negative
ff0a409b-dcbd-405e-8b5f-87d73eb9b56c,CIB,Banking,1,2025-04-03,التطبيق لايعمل,Negative
ceea5c08-3bf4-4ba7-b49f-325c05a02203,CIB,Banking,1,2025-04-03,التطبيق الان لا يعمل الا علي اندرويد 13 فيما فوق وغير منطقي اغير جهازي علشان الابليكشن,Negative
ab07af62-0ecc-4d93-ae6d-e9ccf588724f,CIB,Banking,1,2025-04-02,السلام عليكم الابلكيشن مش بيفتح بعد التحديث واصبح سئ جدا,Negative
41825731-92b6-4475-8416-e58b72f80f3a,CIB,Banking,5,2025-03-31,جيده جداً,Positive
8c7b6d7b-f667-4392-bd3d-5cef4498fa91,CIB,Banking,1,2025-03-31,التطبيق منذ عدة أيام لا يفتح كل ما أكتب الباسورد يظهر رصيد الحساب وتظهر فجأة رسالة وقت الجلسة أوشك على الانتهاء واضغط متابعة و لا يفتح التطبيق أيضا,Negative
96e2e3e1-38f8-4d8c-8869-c7feeb0d37cf,CIB,Banking,1,2025-03-31,الجديد الان هو أن التطبيق بعد التحديث يقوم بتسجيل الخروج من تلقاء نفسه كل دقيقتين تقريبا قبل اكتمال ما أفعله... عموما التطبيق الجديد اصلا زفت الزفت وبطئ لدرجة الملل وبعد التحديث الجديد صار اسوأ بعشرات المرات الخلاصه يغضل إطلاق التطبيق القديم مره اخري وإغلاق هذه النسخه المشوهه اللي كرهتنا في البنك وتعاملاته وعلي فكره ممكن اسحب فلوسي واروح بنك تاني بيحترم عملائه بتطبيقات افضل وتنفيذ مريح عن كده بدل القرف ده,Negative
488fe2f2-2b66-4c66-8d16-d3d2f22b249d,CIB,Banking,1,2025-03-30,التطبيق مش بفتح محتاج حد يحل المشكله بأسرع وقت,Negative
041afcd6-114a-4de3-b1f3-9b9cdf012a15,CIB,Banking,4,2025-03-30,التطبيق يعمل جيدا بعد التحديث . وشكراً لكل القائمين على التطبيق,Positive
df3a136f-df06-4ab5-87d6-23cdc12fc172,CIB,Banking,4,2025-03-30,ممتاز وسهل,Positive
d5cf0732-65b2-4d1c-9227-595bbde686b2,CIB,Banking,5,2025-03-30,بعد التحديث الاخير اشتغل 👍🏻,Positive
cd38d107-f23b-4e45-a9f2-efbda1651ecc,CIB,Banking,5,2025-03-29,لقد تم حل المشكله وأصبح التطبيق يعمل عندي بشكل جيد جداً,Positive
acf140c9-1c9c-4783-a285-9cb8a2d39833,CIB,Banking,5,2025-03-29,تطبيق ممتاز ، وإدارة لكل المعاملات بكل سهولة ويسر,Positive
bf812be0-2f8e-4493-849c-59c574ed4f60,CIB,Banking,1,2025-03-29,البرنامج بعد التحديث لايعمل بيفتح ثانيه ويقفل,Negative
df42db00-8cf5-41d5-af9f-d1318203e281,CIB,Banking,1,2025-03-29,التطبيق ببفتح ثانية واحده و يقفل تانى بالرغم من ضبط التاريخ على الموبايل تلقائى,Negative
a9f2f585-37ce-43d1-a059-9a7e055b0028,CIB,Banking,3,2025-03-29,نظام تشغيل الموبايل أندرويد 12 ولكن كل ما افتح الابلكشن بيكراش,Neutral
684cb802-19a8-4b05-9cc5-f60911c85881,CIB,Banking,1,2025-03-29,أصبح الطببق سى جداجدا,Negative
1d12210c-9a58-4a72-a25c-5b5e21b85cbc,CIB,Banking,5,2025-03-29,تم حل المشكلة والتطبيق يعمل,Positive
9bc03252-2d69-4f14-b186-3a8605d1f42c,CIB,Banking,1,2025-03-29,في مشكله في التطبيق مش شغال علشان ادخل علي البرنامج لازم ادخل من علي جوجل بلاي,Negative
55b95420-b635-4f26-a2ec-59e2ab358f87,CIB,Banking,3,2025-03-29,سلام عليكم ورحمه الله وبركاته باجي اكتب كلمه المرور كل ما اكتب يقول لي غير صحيح يا ريت تحل المشكله دي مش عارف اعمل حساب جديد,Neutral
fb4dc67d-2281-4c66-9892-57038852f192,CIB,Banking,5,2025-03-29,عند فتح التطبيق ينهار ويخرج من الشاشه سريعا,Positive
c68486b1-a1d2-41cd-a103-c5b8f1685f54,CIB,Banking,1,2025-03-29,التطبيق توقف تمام وهناك رساله تقول إذا اردت استعادته يجب محو سجله ولا يبدأ حتى بالفتح تعديل تم حل المشكله بنجاح وإعادة التطبيق للعمل بشكل طبيعى بعد التحديث شكرا,Negative
608c1336-3d75-45d8-8262-7cf9fc81c126,CIB,Banking,1,2025-03-29,التطبيق لا يعمل,Negative
98ea0cae-ac68-4728-b736-9f51addce026,CIB,Banking,1,2025-03-29,تم التحديث ولم اتمكن من فتح البرنامج برجاء التواصل,Negative
4741043b-3a2b-4219-9eb0-778061cbcaba,CIB,Banking,5,2025-03-29,ممتاز جدا,Positive
33027c11-73fe-464c-a772-0fb550f16dfc,CIB,Banking,1,2025-03-29,مش بيفتح خالص,Negative
75cbadd4-d484-4ab3-8e04-51dec00f519f,CIB,Banking,1,2025-03-29,التطبيق لايعمل,Negative
381421ec-18e3-46b8-aab9-0ecee7ee4d28,CIB,Banking,1,2025-03-29,لا يعمل بعد التحديث وتم التواصل مع الايميل ولم يتم حل المشكلة وافادنى بانى احتاج لتغيير الهاتف لاندرويد فوق ١٣؟؟ هل هذا هو التحديث الخاص بتطوير البرنامج,Negative
1cb96227-2856-477b-b228-dac5f3e53692,CIB,Banking,1,2025-03-29,عندما اقوم بفتح البرنامج لايفتح برجاء المساعده,Negative
c6b43bb3-8b0a-4807-87e8-80c7ce4f8f77,CIB,Banking,2,2025-03-29,التطبيق لا يفتح بيعمل خروج لوحده فى مشكله في التطبيق,Negative
82aa0b78-55b9-44cf-89e7-542cdb3f6bb0,CIB,Banking,1,2025-03-29,التطبيق لا يعمل,Negative
5ad9eec2-31e0-4c12-8704-18159b1365c3,CIB,Banking,1,2025-03-28,صعب جدا,Negative
80d1c1fe-298d-4477-b458-f73f1fefc471,CIB,Banking,1,2025-03-28,البرنامج مش شغال مش عايز يفتح,Negative
4ddcc24a-df65-4b33-9180-d6d5e1a1eea8,CIB,Banking,1,2025-03-28,البرنامج بيعمل خروخ من قبل مايفتح بعد التحديث الجديد وياريتنى محدثته,Negative
d1548433-ffda-407f-bdcc-b69852ab4703,CIB,Banking,1,2025-03-28,التطبيق مش بيفتح على الموبايل بعد التحديث الجديد لا التطبيق مش بيفتح من الاساس وتم حزف التطبيق وتنزيل التطبيق من جديد ونفس المشكلة,Negative
4a06350e-2f0d-4363-bc36-c169c263f849,CIB,Banking,1,2025-03-28,البرنامج لا يعمل,Negative
b4108f51-935e-42d9-bea7-711832d7a573,CIB,Banking,1,2025-03-28,التطبيق لا يريد أن يفتح منذ ٣ ايام,Negative
c7aec7de-ed02-47da-b489-a19fe077af65,CIB,Banking,5,2025-03-28,good,Positive
b54b791c-1452-4bb9-9879-2640b17661db,CIB,Banking,1,2025-03-28,عندما اقوم بفتح التطبيق لا يفتح وتظهر رساله توقف التطبيق عن العمل,Negative
5773b748-4f14-42ad-be4c-4510f2335084,CIB,Banking,1,2025-03-28,اليوم بعد التحديث الأخير .... التطبيق يفتح ثم يغلق سريعاً,Negative
68745b7c-c77f-4415-9a86-e254be16bbba,CIB,Banking,1,2025-03-28,التطبيق لا يعمل عند الفتح يخرج تلقائيا تطبيق فاشل,Negative
38e03d9f-b99b-43ed-af85-04c6ec10519a,CIB,Banking,1,2025-03-28,التطبيق مش عاوز يفتح علما بأنه كان شغال معايا تمام,Negative
82a199fb-1fdc-45e9-bace-121967b50c0c,CIB,Banking,1,2025-03-28,كل م افتح الابلكيشن يخرج بسرعه,Negative
9f3dbb03-b1cd-4cb6-8940-55281bd5d30a,CIB,Banking,1,2025-03-28,التطبيق لايعمل نهائي كلما افتح التطبيق بيعمل خروج في نفس اللحظه التي بفتح فيها,Negative
7999a8df-b152-4499-a6c2-1dbbf27aacc8,CIB,Banking,1,2025-03-28,بعد ما تم تحديث البرنامج كل ما افتحه يجيب شاشة زرقاء ويفصل تاني,Negative
73bd7e66-df01-4f82-8412-9dfad7d8099e,CIB,Banking,1,2025-03-28,التطبيق كان شغال زى الفل ومن امبارح يعنى من تاريخ 27/3/2025 مش عايز يفتح وحزفته ونزلت تانى برده مش عايز يفتح خالص برجاء المساعده,Negative
a4845250-bff7-4d43-a51c-2baed0fbfa7f,CIB,Banking,1,2025-03-28,البرنامج كان يعمل بشكل طبيعي لكن من بعد التحديث الأخير لايعمل وعند الضغط عليه لايقبل الاستجابه او الفتح وللأسف هذه المشكله متكرره خاصة مع التحديثات.,Negative
f47e513f-08d4-40ce-a2d6-2b22a3fa81e3,CIB,Banking,2,2025-03-28,لسه محدث البرنامج وكل لما اجي ادخل البرنامج يطلع ومش بيفتح,Negative
6e90004c-3549-4adb-aa5a-de724fcb4122,CIB,Banking,1,2025-03-28,فجأة توقف عن العمل ومش عارف استخدمه تاني,Negative
aa53dffb-a875-4d93-870c-783efc22cbaf,CIB,Banking,1,2025-03-28,التطبيق لا يفتح تم مسحه واعادة تحميل اخر تحديث للبرنامج ولكن لا يفتح نهائيا الموضوع بقى ممل كل شويه مشكلة,Negative
bb83b02e-2ee6-43da-b39c-cba532941f70,CIB,Banking,1,2025-03-28,بعد اخر تحديث لحد دلوقتي التطبيق اضغط عليه مش بدخل وبيخرج بدون اي سبب ارجو حل المشكله,Negative
0958384f-65c0-4fc2-9489-955e7e8249d6,CIB,Banking,1,2025-03-28,تطبيق تعبان مش شغال اصلا بيفتح ثانيتين ويقفل تاني,Negative
b940a3e1-6786-423e-86ee-98b6bd53a9be,CIB,Banking,1,2025-03-28,البرنامج مش شغال كل ما ادخل عليه يرجعني لي خلفيه الشاشه,Negative
3b72fb05-5461-4956-bfc7-9259d2f245d2,CIB,Banking,1,2025-03-28,التطبيق لا يعمل بشكل جيد,Negative
0cac9cc3-4448-475d-8597-d550c9120043,CIB,Banking,1,2025-03-28,انا الابلكيشن مش بيفتح عندي,Negative
780a82f1-f135-4a74-9286-a41f43d97105,CIB,Banking,5,2025-03-28,CIB,Positive
f03da501-de01-4749-a6f7-f52dc236a9fc,CIB,Banking,5,2025-03-28,رائع,Positive
f1ca3aa2-94e1-48ef-9888-9318b309f216,CIB,Banking,1,2025-03-28,كل لما ادخل التطبيق بيخرج من غير ميدخل على التطبيق ومش راضي يفتح,Negative
01c02a4a-2908-45dd-89ac-ee600986e3cc,CIB,Banking,1,2025-03-28,التطبيق فى مشكلة كبيرة للأسف مش شغال وبيخرج علئ طول أرجو حل المشكلة في اسرع وقت ممكن,Negative
37488611-91af-4cc6-b2d4-3984c585db8d,CIB,Banking,1,2025-03-28,لا يعمل,Negative
40202c6d-5fc1-42a0-976a-dd3759a5848d,CIB,Banking,1,2025-03-28,يوجد مشكله الان بالتطبيق عندما ادخل يغلق التطبيق,Negative
abaed6c0-2b36-41e9-8282-fd8dce031dde,CIB,Banking,5,2025-03-28,في مشكلة في التطبيق مش عايز يفتح,Positive
125cbc31-ae4f-486a-aa61-272b09964ed0,CIB,Banking,5,2025-03-28,رائع ومحترم,Positive
57829894-efc0-4a2e-983c-e9dbe6d8edb1,CIB,Banking,1,2025-03-28,برحاء حل مشكلة عدم عمل التطبيق مع اجهزة الاندرويد التي تعمل علي اندرويد أقل من 13,Negative
0457a9a9-7457-43fa-9daa-45be5db88e69,CIB,Banking,1,2025-03-28,"The latest update has stopped the app working. It only works on Android 13 and above, does not work with other users. The worst banking app in the world.",Negative
2c582e2b-f157-4f56-9d83-77df32d68dbc,CIB,Banking,3,2025-03-28,التطبيق لا يفتح تم مسح البرنامج وتحميله مره اخري ومازالت نفس المشكله,Neutral
20869341-e215-4a38-b771-e577f9d67bed,CIB,Banking,1,2025-03-28,هوه في مشكله في التطبيق,Negative
4036a702-8fae-4674-b7ae-3b09333974f2,CIB,Banking,1,2025-03-28,التحديث زباله زباله,Negative
d13decd3-b892-4b83-ba03-2f7c2b82d15d,CIB,Banking,3,2025-03-28,السلام عليكم .. التطبيق كان شغال معايا تمام واليوم كلما ادخل على التطبيق يخرج ولا يفتح ولا يعطيني اسم المستخدم وكلمة المرور .. هل هناك مشكلة حدثت فى التطبيق,Neutral
0498bc3a-b73d-4604-a12e-46dd4b710295,CIB,Banking,1,2025-03-28,التطبيق لا يعمل وحذفت التطبيق وحملته تاني ولا يعمل وارسلت رقم الموبايل والرقم القومي ولقطة شاشه وحتى الآن لم يتم حل المشكله,Negative
3f60facd-528a-4f3e-8c53-51ba81120e25,CIB,Banking,3,2025-03-28,السلام عليكم أنا منزل التطبيق وكان شغال بعد التحديث الجديد لكن بقاله يومين مش شغال كل لما بدخل لتسجيل الدخول بيخرجني علي طول ياريت تحلو المشكلة الاسم محمد طه,Neutral
90a1165c-f1a2-46de-ab25-c16d306f6313,CIB,Banking,2,2025-03-28,التطبيق بعد آخر تحديث مش عاوز يفتح ومسحت التطبيق ونزلته اكتر من مرة ومافيش فايدة والتاريخ والوقت أوتوماتيك إيه الحل,Negative
dab22c75-94da-494c-9ac2-9c9ca7df6f26,CIB,Banking,1,2025-03-28,ازاي تطبيق كان شغال كويس و بعد كده وقف و خدمه العملاء تقولي لا اصل التحديث الجديد علي اصدار اندرويد 13 بس ما هو كان شغال طب مدام كده مكنتش يجبرني احدث غير لما يكون اصدار الاندرويد يكون متوافق مع جهازي,Negative
cfb409d3-9222-40c5-a89a-2add47b54b27,CIB,Banking,1,2025-03-28,بقاله فترة مش راضي يفتح خالص ومعمول تحديث ليه يرجى التواصل,Negative
3a53575c-ef2a-4a3a-80a4-7b3a14ff44da,CIB,Banking,1,2025-03-28,برنامج بعد تم تنزيل يفتح ثم يقفل فى ثانية,Negative
f7083bea-d937-44a1-b72c-c40d989ed2dc,CIB,Banking,5,2025-03-28,تمام,Positive
e3ca0bac-74a5-47fa-a4b9-af5481ff459b,CIB,Banking,1,2025-03-28,مش عايز يفتح بيدي التطبيق عايز تحديث مسحته خالص ونزلته بردوا بيقولي نزل احدث اصدار وانا اصلا لسه منزله كده في مشكله الحاجه التانيه عايز افعل التكن ومش عارف لازم مساعدة البنك برجاء التواصل والمساعده,Negative
d82c245c-a3a4-47f9-b48e-fb592df40655,CIB,Banking,1,2025-03-28,لم يعد يفتح,Negative
d8b22a1a-2cb5-41f7-a2e7-604a99263ecc,CIB,Banking,1,2025-03-28,الابلاكيشن مش بيفتح نهائى,Negative
2e1c9c12-2b76-4e42-91c3-73ec2ad7c49d,CIB,Banking,1,2025-03-28,التطبيق مش بيفتح بعد التحديث مسحته و حملته تاني و برضو مش بيفتح بيدي العلامه الزرقاء و يقفل قبل حتي صفحه الدخول,Negative
13951de1-39ab-4b27-9210-0b809efe2aa4,CIB,Banking,1,2025-03-28,التطبيق لا يفتح من يومان,Negative
5def034b-826a-4217-bafe-1876e5568312,CIB,Banking,1,2025-03-28,التطبيق كل اما ادخل عليه يخرج تاني لوحده,Negative
7c95297f-146e-417a-a9a7-d2eb7644ba8d,CIB,Banking,1,2025-03-28,التطبيق لايعمل مع طهور شاشه اغلاق التطبيق,Negative
73056523-c168-4ad8-9258-41154b286897,CIB,Banking,5,2025-03-28,مش بيفتح عندي ليه 5 أيام,Positive
12dfd90e-bec0-465f-9b53-82b61eb5a215,CIB,Banking,1,2025-03-28,التطبيق مش فاتح خالص مع العلم انى منزل اخر تحديث,Negative
5b8064ea-5afe-4ffd-96ef-f3ee29510d2b,CIB,Banking,1,2025-03-28,التطبيق كان يعمل بعد التحديث توقف تمامآ عن العمل برجاء حل المشكلة,Negative
7d00023c-7b21-4e02-abc4-612a563119c1,CIB,Banking,1,2025-03-27,البرنامج بيقفل لوحده,Negative
e1c13c99-df00-4e38-9e89-232fc96782e9,CIB,Banking,5,2025-03-27,ممتاز,Positive
c33e3ebb-bf34-4602-82f0-bb93e3f3ed15,CIB,Banking,5,2025-03-27,مش عايز يشتغل ممكن اعرف ايه السبب,Positive
4b74a671-981b-4269-ac35-f341026450aa,CIB,Banking,1,2025-03-27,التطبيق كان جيد ولكن منذ يومين والتطبيق لا يمكنني استخدامه فكلما فتحت التطبيق سرعان ما ينغلق حتى انه لا يأتي بواجهة التطبيق يستمر بظهور رساله مضمونها ان هناك مشكله وان التطبيق لا يعمل ارجو حل المشكله سريعا.,Negative
8e41b925-3613-4f5c-b0ac-b186ecc20172,CIB,Banking,1,2025-03-27,التطبيق أصبح لا يعمل . مع الاسف خدماتكم كل يوم بتكون اسوء,Negative
e2da75e1-1cc8-46f9-b0c7-925cf9075036,CIB,Banking,5,2025-03-27,Good,Positive
bf4d0aec-f7b5-47a0-9f5d-bf9d841d3189,CIB,Banking,1,2025-03-27,كل ما اجي أدخل على التطبيق يجيلي شاشه زرقاء ويخرج من التطبيق,Negative
746869ea-d498-416f-83ae-e14850c96a37,CIB,Banking,1,2025-03-27,البرنامج مش رادي يفتح وبيقول لازم ارجع اخر اصدار من المتجر,Negative
0835882c-73d8-4511-b527-81ae1349567b,CIB,Banking,1,2025-03-27,التطبيق مش بيفتح ومع العلم آخر تحديث والمشكلة في التطبيق,Negative
d810f9d7-91b6-4bc9-a9f4-b44da5dd69d4,CIB,Banking,5,2025-03-27,التطبيق بعد التحديث لا يعمل,Positive
5d65b3c2-f3ce-4481-b00a-22d54661bf03,CIB,Banking,1,2025-03-27,التطبيق سئ للغاية في التحديث الأخير لايعمل الابليكيش على الاطلاق,Negative
1e40abd9-48d8-4a9b-bfc2-a4085b4b54b2,CIB,Banking,5,2025-03-27,ممتاز,Positive
ccb3b879-4a9b-44c4-9cb8-579c98cc079b,CIB,Banking,1,2025-03-27,وحش جدا اعطاله كتير تم مسحه واعاده التنزيل والعطل مستمر,Negative
e8962006-6bf9-40b2-bc84-4b68d5f17dfb,CIB,Banking,1,2025-03-27,التحديث الاخير لا يعمل علي الجهاز,Negative
31b764e8-3d92-41a4-8753-67e2e5522a8e,CIB,Banking,1,2025-03-27,البرنامج بعد ما حملتة لا استاطيع فتحة,Negative
c12a651d-253c-4644-8bf8-b7aee60aeac1,CIB,Banking,5,2025-03-27,ممتاز,Positive
778a9866-401d-4593-8180-6a30377294d3,CIB,Banking,1,2025-03-27,التطبيق مش بيفتح اصلا,Negative
de8c6841-3333-46db-882d-bd91d98a1c06,CIB,Banking,1,2025-03-27,ابلكيشن ضعيف وسئ جداااا,Negative
14ef7910-1460-4ffb-8657-4c52dcf1d6eb,CIB,Banking,5,2025-03-27,التطبيق بعد التحديث مش شغال مش بيفتح اصلا,Positive
e5d9bfe5-84e4-422e-8049-d7b289d7a731,CIB,Banking,5,2025-03-27,التطبيق مش بيفتح خلاص,Positive
672cb910-0121-47a8-b026-c977cb4a1e15,CIB,Banking,2,2025-03-27,مقرف في تحميله,Negative
3d10b625-5467-436b-8a32-3400295bb65e,CIB,Banking,1,2025-03-27,انهيار التطبيق عند فتحه بعد التحديث الاخير برجاء المساعده في تشغيل التطبيق,Negative
a4c916e8-3a72-49eb-af49-eafdf435842f,CIB,Banking,4,2025-03-27,جيد جدا,Positive
2bcdd0e0-f615-422a-b0c5-86ead242f40a,CIB,Banking,1,2025-03-27,التطبيق كان شغال معايا وبعد التحديث تظهر شاشه زرقاء ولا يعمل,Negative
cd76ce5e-2e6b-4e6d-b760-39559544de23,CIB,Banking,1,2025-03-27,كل ما ادخل على التطبيق يخرج قبل ما يفتح,Negative
73926a73-5922-4a65-aa39-fe13bbbbecf4,CIB,Banking,5,2025-03-27,جديد,Positive
b3984d10-c4b2-40fd-8d3d-06434d3c6807,CIB,Banking,5,2025-03-27,لم يفتح البرنامج,Positive
592db9ad-45d1-4f1c-9bb1-1ef727480341,CIB,Banking,1,2025-03-27,تحديث سئ جدا و كلما ارغب فى الدخول يخرج دون اى رسالة و لا يفتح,Negative
2d04a058-24a2-4311-9252-b6147f8733db,CIB,Banking,1,2025-03-27,من اخر تحديث كل مرة افتح التطبيق بيخرج من غير ما يفتح,Negative
8299748e-545f-4cbf-b3f3-fcb8434418fc,CIB,Banking,5,2025-03-27,في حاجه غلاط خالص,Positive
c37018e5-97f8-4506-9959-8baa33c874ef,CIB,Banking,1,2025-03-27,الابلكيشن مش عايز يفتح معايه خالص ياريت حد يتواصل معايا ??,Negative
bd0b9216-1bc1-415f-84ac-c067e2945649,CIB,Banking,5,2025-03-27,البرنامج لا يعمل اليوم,Positive
0bb01cb2-214d-4d09-b323-29d427f1f1a4,CIB,Banking,2,2025-03-27,البرنامج كل اما اظغط عليه بيخرج بره تاني لوحده ممكن اعرف سبب المكشله دي اي ومش عوز يشتغل,Negative
1d10327b-7d04-4011-b651-2b4ed9235e92,CIB,Banking,5,2025-03-27,النسخه الحاليه افضل من القديمه في السهوله والخدمات المقدمه بعد فتره عند فتح التطبيق يتم الخروج تلقائيا وعند تكرار المحاوله يطلب محو البيانات قمت بمسح البرنامج وتحميله مره اخري ومازالت نفس المشكله ارجو الحل,Positive
c7ed8eb0-2547-478c-9ae4-95d0dd9c1386,CIB,Banking,2,2025-03-27,البرنامج مش عايز يفتح معايا نهائي ومسحته ونزلته تاني وبردوه مافيش فايده,Negative
1bc2a63d-20b6-4229-8b5a-1e502c58e9ef,CIB,Banking,1,2025-03-27,التطبيق بعد التحديث الاخير مبيفتحش عندى,Negative
f4a2629e-55b4-4d1c-986b-76cf711bd9cc,CIB,Banking,5,2025-03-27,البرنامج كان شغال جي تحديث مش عوز يفتح مسحتو ونزل تآني مش عوز يشتغل الحل اي,Positive
326f42ff-4463-4c28-b7de-fd0980029f0b,CIB,Banking,1,2025-03-27,التطبيق مش بيفتح,Negative
a02a105f-7918-4eaa-ba0e-547babc47c2b,CIB,Banking,5,2025-03-27,ممتاز جداً,Positive
859394ed-973c-497f-be55-6ba6cf5a0c62,CIB,Banking,2,2025-03-27,التطبيق معدش بيفتح على موبايلات realm 5 pro,Negative
0033f217-e42e-4089-a102-3b0c21691cfc,CIB,Banking,5,2025-03-27,البرنامج مش عاوز يفتح مسحته ونزلته تاني مش عاوز يفتح ارجو الافاده,Positive
c95e4ccf-ec1f-430c-9d1f-262214dbafb5,CIB,Banking,5,2025-03-27,ممتاز,Positive
5e9514b4-b88e-42b7-82df-d3356e188a6d,CIB,Banking,1,2025-03-27,البرنامج لا يعمل نهائي ويقوم بالخروج المستمر,Negative
f867fc46-b35a-47c0-b513-5dfc5c4299d6,CIB,Banking,1,2025-03-27,سئ جدا,Negative
d1cbe0e6-d731-4cba-9fa3-93eb00008945,CIB,Banking,4,2025-03-27,ابيكشن البنك مش عاوز يفتح نزلته من اول وجديد مش بيفتح برده ايه المشكله,Positive
cf26f265-4158-4240-a274-e540977a765f,CIB,Banking,2,2025-03-27,بعد تنزيل التطبيق وعند فتحه لايعمل,Negative
53b1c649-4fef-4f86-abfb-cda1469beb1d,CIB,Banking,1,2025-03-27,التطبيق مش عيز يشتغل,Negative
f6b280b3-27e0-467b-b46d-5268fb7e7061,CIB,Banking,4,2025-03-27,تمام,Positive
45a0f9ef-aa2d-4d44-86b9-0bddf73ed86d,CIB,Banking,1,2025-03-27,في مشكله في البرنامج من اخر تحديث البرنامج مش بيفتح,Negative
9da2e771-d699-46fb-9b3c-eecdc4d43462,CIB,Banking,1,2025-03-27,برنامج فاشل جدا وبطئ فى الاستجابة,Negative
f0a596b1-5a78-496c-a12d-1b1603fe3339,CIB,Banking,2,2025-03-27,من بعد التحديث الأخير و التطبيق مش راضي يفتح بيجبلي رسالة خطأ و يقفل,Negative
fac0c1f0-5f66-4fa1-8f91-1a322f8d4e98,CIB,Banking,1,2025-03-27,لما بخش في البرنامج بيطلع لوحده اعمل ايه هلشان يشتغل,Negative
3e6bbb7d-5560-4a5a-b198-007d24c6b17e,CIB,Banking,4,2025-03-27,خدمات متنوعه من بنك,Positive
4344c4cf-f168-4fc1-a383-62dd552586c6,CIB,Banking,1,2025-03-27,في مشكلة في البرنامج كل اما افتحه يقفل في ساعتها وفي كذا تليفون الكلام ده بقاله يومين وشيلت البرنامج ونزلته تاني برده نفس المشكلة,Negative
7d50e607-95e8-49c2-b88c-afeeda1be3aa,CIB,Banking,1,2025-03-27,بعد تحديث البرنامج. لا يعمل عند الضغط للتشغيل تظهر شاشه زرقاء ثم يختفي البرنامج قمت بحذفه و تنزيله مره اخري نفس المشكله ما حل حل هذه المشكله,Negative
9862abf7-5e9f-4196-b830-f6a602e114c6,CIB,Banking,1,2025-03-27,تعبان,Negative
8709a666-6e05-4cf3-95ba-f1b00c4d51d0,CIB,Banking,1,2025-03-27,كل اما افتح التطبيق يقفل لوحده,Negative
50873ca2-292f-4ce5-a6ea-780b5192dbb0,CIB,Banking,2,2025-03-27,بعد التحديث الاخير التطبيق لا يفتح نهائيا,Negative
91597b84-4266-4b03-a59c-326768f5423e,CIB,Banking,1,2025-03-27,التطبيق مش عاوز يفتح لاغيت التثبيت و حمل التطبيق تانى مش بيفتح,Negative
a3924809-73f2-4792-84b8-adab14ed48d5,CIB,Banking,2,2025-03-27,التطبيق مش راضي يفتح معايا كل ما ادوس عليه بيجيب الشاشه الزرقه ويخرج لوحده ايه الحل,Negative
7cb30cd5-a794-486f-81a4-d45865803ff3,CIB,Banking,4,2025-03-27,منذ تحديث أمس التطبيق لايعمل على الجهاز عندى,Positive
c9d9fb19-c527-409b-8cd5-b26e49fe98d5,CIB,Banking,5,2025-03-27,كل لما اخش على تطبيق البنك لايعمل,Positive
671399d1-8539-4017-9dd6-a8bf418481a3,CIB,Banking,1,2025-03-27,البرنامج لا يعمل بعد التحديث الاخير,Negative
a9a93ca6-5f92-4812-a732-77936e878dc1,CIB,Banking,1,2025-03-27,التطبيق لا يمكنني فتحه بعد تنزيله ولا الدخول على حسابي,Negative
fd2728ce-5853-4991-ad09-51e4c60a5551,CIB,Banking,1,2025-03-27,نزل تحديث ليه وبعد ما نزلته مش عاوز يفتح خالص مسحتة ونزلته تاني برضه مش عاوز يفتح التطبيق خالص,Negative
e8e312be-86d7-4847-be07-8e3e1e72d86f,CIB,Banking,1,2025-03-27,التطبيق تم توقفة مش بيفتح,Negative
cc087b03-b71b-4fb2-a898-f285eb29cb9f,CIB,Banking,3,2025-03-27,بعد التحديث البرنامج مش عايز يفتح,Neutral
094fa412-eab7-49e9-968f-ec26419c7bd3,CIB,Banking,1,2025-03-27,هو تطبيق مش راضي يفتح ليه بعد التحديث الاخير,Negative
c3b83c25-d942-4d55-b115-2b243336a07b,CIB,Banking,4,2025-03-27,التطبيق كان جيد بس اليوم كل ما احاول افتح التطبيق التطبيق يفتح ثم يغلق تلقائي في نفس اللحظه المشكله في البرنامج نفسه مش في باسورد ولا يوزر البرنامج هو نفسه الي مش بيفتح وده حصل بعد آخر تحديث اليوم,Positive
d8aaa9fe-3549-4755-bec8-3ab8d535937e,CIB,Banking,1,2025-03-27,كل ما اسجل يكون في كود عبارة عن احرف وارقام ادخلها البيانات صح يقولي خطأ حاجه غريبه بصراحه,Negative
63dd290c-7b87-4da7-9b29-5789f80a0837,CIB,Banking,5,2025-03-27,السلام عليكم التطبيق كان يعمل معى بشكل جيد ولكن الآن لا يعمل وتظهر لى رسالة يستمر التطبيق فى التوقف برجاء حل المشكله,Positive
54244f9c-4d1b-4ccc-82b3-06546b76068a,CIB,Banking,2,2025-03-27,بعد التحديث الجديد التطبيق لا يفتح وبيخروج,Negative
f13eb76e-fed2-4798-9f85-ac8a1fd6b5a6,CIB,Banking,1,2025-03-27,تم تحديث التطبيق ولاكن لا يستجيب على هاتفي ولا يفتح التطبيق,Negative
8727d506-4ca5-433c-91ec-dc0ddf46d0cb,CIB,Banking,1,2025-03-27,التطبيق مش بيفتح,Negative
e5de752c-7f43-4a0a-80d6-8c77082330dd,CIB,Banking,2,2025-03-27,من بعد اخر تحديث البرنامج مش عايز يشتغل خالص,Negative
7d63b95a-7c52-4b69-91a4-8658a2bb6f4b,CIB,Banking,1,2025-03-27,للاسف لايعمل,Negative
f7e97482-33c1-4bea-8a86-124d43c1577b,CIB,Banking,3,2025-03-27,التحديث الاخير 2.1.0 اصبح لايعمل علي الهاتف,Neutral
f53c9a22-e044-44c4-af48-7a0d495735f1,CIB,Banking,5,2025-03-27,ممتازه,Positive
b92850b4-6464-48bb-a7d3-242f7cec3268,CIB,Banking,5,2025-03-27,جيد,Positive
91128a09-7d38-41ef-b79e-bde2400ae5b2,CIB,Banking,1,2025-03-27,بعد التحديث البرنامج لايفتح,Negative
9375de3a-c2ad-46db-9c3f-bee21d5ed10e,CIB,Banking,1,2025-03-27,البرنامج لا يعمل تماما كل لما افتحة يقفل لوحدة مسحتة ونزلتة تانى برضو نفس المشكلة,Negative
b8e596a1-787e-499a-9b26-52b799491675,CIB,Banking,5,2025-03-27,رائع,Positive
442211f4-c64d-41d8-8364-3a8bedfd6258,CIB,Banking,5,2025-03-27,very good,Positive
0849f56b-bb39-460a-98c0-bcffdae97d21,CIB,Banking,1,2025-03-27,بعد تنزيل تحديث التطبيق أصبح لا يعمل ولا يسمح بالدخول,Negative
7cf59b21-2435-48d9-87c5-0a19424d9b35,CIB,Banking,1,2025-03-26,هناك مشكله في التطبيق انهو لا يعمل كل لما اريد فتح التطبيق لا يعمل هل هناك طريقه للحل ملاحظه لقد قمت بالغاء تثبيت التطبيق وأعاده تحميله ولكن بلا فائدة,Negative
5106d16d-03d0-4df3-8dac-090b55005b2b,CIB,Banking,1,2025-03-26,مش عايز يفتح عند خالص بالرغم مسحتها ونزلت تانى,Negative
754868be-7c3f-47d8-a583-9148de7d0c7e,CIB,Banking,1,2025-03-26,التطبيق بعد التحديث لا يعمل.,Negative
9cb6a420-8426-4285-9e8d-e34598f425ff,CIB,Banking,5,2025-03-26,👍👍👍,Positive
c1d25b96-d270-41ce-8902-53d29a47a465,CIB,Banking,1,2025-03-26,التطبيق بيغلق تلقائى بدون مايفتح,Negative
c489a1e8-5b6e-499a-a25d-fe2b4f4aa6bd,CIB,Banking,1,2025-03-26,مش عايز يفتح البرنامج ايه السبب لو فتح اكمل التقييم الي خمس نجوم,Negative
a8ce5f60-b8d1-4741-b477-8bfb2d8d768e,CIB,Banking,1,2025-03-26,مش عارف اسجل فيه اول ما حملته وفتحته عشان اسجل بيقلى اسم المستخدم والرقم السرى ياعم انا لسه هعمل مفيش انشاء مستخدم جديد مش فاهم ازاى,Negative
9abf7b1f-d788-4227-83ef-fd16538c1528,CIB,Banking,1,2025-03-26,نزلت التطبيق و كل ما بفتحه بيقفل تاني ، و حذفته و نزلته مرتين,Negative
25113fea-7dfd-41be-a867-c7bf69d6f879,CIB,Banking,3,2025-03-26,كل ما ادخل على البرنامج لم يمكنه الفتح,Neutral
ddaf8513-2f43-41a7-acdf-85960f6a7177,CIB,Banking,3,2025-03-26,ليه التطبيق بيقف اوقات كدا مايفتحشي,Neutral
e912796d-c3e6-4331-8d53-30c962bdd903,CIB,Banking,1,2025-03-26,البرنامج مش عاوز يفتح كل مره وقت الجلسه انتهت مش راضي يفتح خالص بعد التحديث ايه الحل وايه الاجراء لو,Negative
fe29659a-57b6-4724-8346-d5e76eb7974a,CIB,Banking,1,2025-03-26,التطبيق مش راضي يفتح معايا كل اما ادخل عليه يخرج علي طول مع اني لسه بعمل تسجيل لاول مره,Negative
472eb9c9-fab0-40d2-9e15-18cc76b2e993,CIB,Banking,1,2025-03-26,التطبيق لا يعمل يستمر فى التوقف فجأة,Negative
51887d7b-d0da-4662-9a62-3135122725f3,CIB,Banking,1,2025-03-26,مش راضي يفتح ليه,Negative
3926d252-af33-47ba-9121-d71d304014ab,CIB,Banking,5,2025-03-26,التطبيق لا يعمل بعد التحديث الاخير,Positive
080a8864-494f-4897-8948-8656645a0065,CIB,Banking,5,2025-03-26,جميل جدا,Positive
b76c1bed-516e-4fcb-b902-c50e2907f8e4,CIB,Banking,1,2025-03-26,عندما اقوم بانشاء حساب جديد لا يمكن اتمام الانشاء ارسل رساله بيقول لي بيانات خاطئه,Negative
29795c76-37ef-4782-aa43-f756a05e620f,CIB,Banking,1,2025-03-26,لسه محدث التطبيق ومش عايز يفتح خالص,Negative
9196015e-7d72-48ad-a30b-ecbab72bc437,CIB,Banking,3,2025-03-26,عند اخر تحديث ما بيرضاش يفتح البرنامج خالص,Neutral
c68d7bc4-4c7b-4109-a51e-2477265f0c5f,CIB,Banking,2,2025-03-26,اخر تحديث التطبيق مش قادر على الإقلاع اساساً,Negative
1e5c6079-c0c6-4f8c-a42d-f612be904819,CIB,Banking,1,2025-03-26,البرنامج مش شغال ومش عايز يفتح اصلا كل ما اجي اخش يخرج,Negative
1819d972-d873-4688-8e9e-a795e1542b12,CIB,Banking,1,2025-03-26,سي جدن عند فتح يقوم بي القفل لوحده بدون اي سبب مع العلم علي اخر تحديث,Negative
3a50ac01-a89a-4536-82cd-8d419790f3d8,CIB,Banking,1,2025-03-26,مش عايز يخليني اعمل حساب لا برقم الكارت ولا البطاقة الشخصية و بقالى سنة على الحال دا ومش عارف اعمل حساب جبت تليفون جديد ونفس الموضوع وخدمة العملاء كالعادة زى قلتها,Negative
dca9cf63-70c5-4fff-a9d6-f7029a34ec64,CIB,Banking,2,2025-03-26,السلام عليكم ورحمه الله وبركاته لو سمحت الابليكيشن عندي مش بيفتح وبيطلعلي رساله لمحو سجل البيانات مسحته ونزلته تاني بردوا نفس الرسالة بتطلع,Negative
b7dc3902-1293-4401-bb83-95c3c36dc429,CIB,Banking,2,2025-03-26,بعد التحديث التطبيق مش بيفتح,Negative
3b13f141-874f-449c-b1bc-30cb1c14246f,CIB,Banking,1,2025-03-26,حدثت الابليكيشن ومش عايز يشتغل خالص,Negative
b8377528-bbb3-4d23-805e-cf1a152b5498,CIB,Banking,3,2025-03-26,البرنامج وقف مره واحدة ومش عايز يفتح,Neutral
8bec9887-0bb1-45e0-89af-45ab8a1369e2,CIB,Banking,5,2025-03-26,التطبيق مش راضي يفتح بعد التحديث الاخير يعطى رساله فشل في بدء cib عده مرات هل تريد استعادته عن طريق مسح سجله ولا يفتح قمت بمسح التطبيق وانزاله من جديد نفس المشكله,Positive
8300eb22-5e96-4f29-a47e-fc68759295af,CIB,Banking,5,2025-03-26,جميل,Positive
f58d8ff3-2994-49da-9085-48acde603130,CIB,Banking,1,2025-03-26,البرنامج حملته ما بيفتحش معي خالص,Negative
6b8f01ba-c08b-44bd-9862-b6ec645e43a8,CIB,Banking,1,2025-03-26,اخر تحديث البرنامج مش عاوز يفتح بيفتح ويقفل لوحدته اي مشكلة مش فاهم ؟؟,Negative
c18d6fc6-cdc8-4376-a757-6d27223ccc37,CIB,Banking,1,2025-03-26,برنامج زباله بصراحه مسحته من عندي وحملته ومش عاوز يشتغل اكلم البنك يقولي حدث احدث مش عاوز يشتغل,Negative
058a75f0-ca68-4849-9edd-cc17a28b121d,CIB,Banking,5,2025-03-26,افضل,Positive
55d987fb-b0fb-4b16-8740-cf1ac2a002fd,CIB,Banking,1,2025-03-26,كل ما ادخل على التطبيق بيخرج تاني من غير ما يجيب اي حاجه اني افتح التطبيق من عدمه,Negative
c035c879-915c-4b7b-9eff-5b4fe0a215c6,CIB,Banking,1,2025-03-26,التطبيق لا يعمل ومش عاوز يفتح خالص,Negative
3caa8c97-dca5-4bfa-a6f2-c8da69b3ee77,CIB,Banking,2,2025-03-26,السلام عليكم ورحمه الله وبركاته دلوقتي البرنامج يتثبت باجي علشان افتحه مش بيفتح اي السبب حضرتك وقالي حدث البرنامج حدثته وبرده مش عاوز يفتح ارجو الحل,Negative
e92bdad9-0588-47d0-8794-ae0dbc39c360,CIB,Banking,1,2025-03-26,بعد التحديث لا يعمل,Negative
a81a9521-3ae3-46d0-8ddb-06aa3a0ba6d3,CIB,Banking,5,2025-03-26,ممتاز,Positive
7a48855e-ebec-474f-96b2-754ff99008cc,CIB,Banking,1,2025-03-26,الابليكيشن موش راضي يفتح,Negative
28b431cc-a262-4e11-9d71-a9209c6da141,CIB,Banking,1,2025-03-26,سيئة,Negative
e88f9cdd-ca99-4642-9b67-5121258d4153,CIB,Banking,4,2025-03-26,الابلكيشن مع تحديثه اليوم احدث حاجه مش بيفتح و بيخرج تلقائي منه كل مره من غير فتحه,Positive
738d38b5-3258-4122-9e84-c7e8f3fce92b,CIB,Banking,1,2025-03-26,التطبيق لايفتح معي إطلاقا,Negative
c5b3223e-d9cb-42bd-a746-b8feba9abe56,CIB,Banking,1,2025-03-26,برنامج فاشل كل البيانات صحيحة ويقولى خطاء فى ادخال البيانات,Negative
6ef11717-85e8-4fdf-b2a4-a0e220f7e0fa,CIB,Banking,5,2025-03-25,ممتاز,Positive
397a9f75-2008-4986-8163-7de0cd7f7c6d,CIB,Banking,1,2025-03-24,الاباكيش مش عاوز ينزل,Negative
a07112df-0309-450f-b2cd-9d6aa1cc9baf,CIB,Banking,3,2025-03-23,الابلييكيشن مش عايز يفتح أو غير مفعل منذ تغيرالابليكشن,Neutral
01c57044-10ee-45ae-934e-c1fb2b093f4f,CIB,Banking,5,2025-03-23,ممتاز,Positive
f0b180b1-edac-4342-b7ce-d97438a464cd,CIB,Banking,1,2025-03-22,نزلت التطبيق موجود يوجد خطاء ومبيغتحش,Negative
4ce84a07-02ab-424e-9404-f03040acf51e,CIB,Banking,1,2025-03-21,البرنامج بطئ جدا... ويفتقر الى ادني مستويات الامان,Negative
ee3a1138-3743-4db5-810f-f175daa8f6df,CIB,Banking,4,2025-03-20,شكراً جزيلا الأستاذ محمود خدمة العملاء Cib تم حل المشكلة,Positive
5f53fd39-a625-4cae-b78e-60f86af18ab8,CIB,Banking,1,2025-03-20,سئ جدا,Negative
a83cfd7f-c276-4e3d-bac6-2e6c59ff19fc,CIB,Banking,5,2025-03-19,Ok,Positive
a22572c1-6820-4d23-83c1-e5afb1d26359,CIB,Banking,5,2025-03-18,جيد جدا,Positive
c2be9bac-7190-4801-bfef-1f7261a5a7cf,CIB,Banking,5,2025-03-18,ممتاز جدا جدا,Positive
a184241f-c3c9-4c9a-93e3-464c9dfb5b83,CIB,Banking,5,2025-03-18,جميل ومفيد ،شكرا cib,Positive
7d48ade6-0639-46cf-8c10-0ade473728c4,CIB,Banking,5,2025-03-18,ممتاز,Positive
1488cda0-af8c-43ff-aab6-237f4d8bf7df,CIB,Banking,1,2025-03-17,الابلكيشن بعد اخر تحديث فيه مشكلة في تفعيل otp الرجاء المساعده وحل المشكلة في اسرع وقت,Negative
a20003d8-a28a-45c0-bd0c-e21abc260ead,CIB,Banking,5,2025-03-16,للاسف وحشه جدا,Positive
663ae09e-15f5-4903-90ae-6f30b365cdf1,CIB,Banking,5,2025-03-16,احسن برنامج,Positive
67cd3198-02c5-46a5-afa3-35c4b59208ff,CIB,Banking,5,2025-03-14,ممتاز وسهل ويوجد به جميع الخدمات بجد افضل من الاول بكتير شكراً CIB,Positive
cd7668de-b042-4186-b527-3aee38646fa6,CIB,Banking,1,2025-03-14,برنامج زبالة الزباله اي أقل حاجه وله ي ستهل نص نجم ولو ينفع اشيل النجم هشيلها,Negative
d60cb622-65bc-4311-94a9-8177cb65ee43,CIB,Banking,5,2025-03-13,رائع,Positive
5defcec4-4afe-41b6-aef7-6d20bd0bf96b,CIB,Banking,1,2025-03-12,تطبيق سئ جداااا,Negative
7d0fcf30-5b21-49e7-aed7-b0b094b15913,CIB,Banking,4,2025-03-12,very good,Positive
b8670277-9ede-4d33-b57c-e390952387d2,CIB,Banking,1,2025-03-12,البرنامج سئ جدا بيقول انتهت مده كلمه المرور وبرجاء التحديث وكتبت كذا باسورد بديل ومفيش اي استجابه نهائي,Negative
bb670c7d-5763-415d-8528-5f15e47b8014,CIB,Banking,5,2025-03-12,ممتاز جدا,Positive
12f8c71b-4d72-47df-9c72-8d6f8ffd2988,CIB,Banking,5,2025-03-12,منتز جدا,Positive
df616d27-15c3-42cb-ba3d-c077de38027e,CIB,Banking,1,2025-03-12,تطبيق سئ جدا,Negative
45efb95d-5071-4b13-95f1-d1d63872bef1,CIB,Banking,1,2025-03-12,السلام عليكم ورحمه الله وبركاته عندما اقوم بتسجيل الدخول يظهر لي رساله انتهاء الوقت والخروج من التطبيق,Negative
96e82bbe-78a4-45c6-afeb-320f400983e0,CIB,Banking,1,2025-03-11,البرنامج ثابت ع واجهة تسجيل الدخول ورافض اي أوامر,Negative
b6b90492-902e-4db4-a32b-203f1e1f1dad,CIB,Banking,5,2025-03-11,ممتاز,Positive
69f29966-f4b6-4826-93a1-061336760ad8,CIB,Banking,5,2025-03-10,جيدا,Positive
9de45053-e172-436b-85d7-cb9bdad5c12f,CIB,Banking,5,2025-03-10,ممتاز,Positive
f5e2c7d8-a27d-4a90-b590-40bd35f03d58,CIB,Banking,1,2025-03-10,تطبيق سيئ للغايه,Negative
d95e0d73-07a0-45ff-a3fa-a5ed7685875a,CIB,Banking,5,2025-03-07,بسم الله ماشاء الله مصر بخير بجد سي اي بي افضل وأسهل من إنك تقوم تجيب من الدرج أو من على الكمدينو بجد والله مش بهزر معملتكم محترمه جدا والله دايما للأحسن ان شاءالله كل سنه وانتم بخير بمناسبة الشهر الكريم وحشتنا معملتكم بجد والله الفلوس معاكم أقرب من اللي في جيبى بجد والله افضل حد تلاقي في اصغب المواقف مستناش خد يجيلك ولا يقولك الوقت متأخر ولا مفيش موصلات ولا معليش انا في الطريق مش سمعك كلام جد والله عن تجربه معمله وخدمه ممتازه سي اي بي في اى وقت تلاقي لا يقفل التلفون ولا يقولك غير متاح شكرا,Positive
b14fd637-7345-4d86-8df0-61ddae8e1b8d,CIB,Banking,5,2025-03-07,ممتاذه جدا,Positive
a69fecd4-9d82-4e41-b361-7b12b22d1d8e,CIB,Banking,1,2025-03-05,من ساعت تحديث البرنامج ونا مش عارف استخدم الجديد ده مش عارف ادخل علي بياناتي اكلم خدمه العملاء اكتر من مره ويقولي تقدر تعمل باسورد جديد وادخل بياناتي وفي الاخر يديني خطاء اتصل بخدمه العملاء وخدمه العملاء بيسوحوني كأن العمله اطفال معاهم هل طبيعي اعرف بياناتي من انستابي والتحديث الجديد صعب ومعقد جدا,Negative
00e3e7f5-3028-437c-b7d2-a0f0cbcc5263,CIB,Banking,4,2025-03-04,باهي,Positive
a1a8f8a2-c589-4038-8f75-58d785ae9489,CIB,Banking,5,2025-03-04,♥️جميل جدا,Positive
4f8454c1-a200-41af-b1c2-d59fd86028c4,CIB,Banking,1,2025-03-04,انا نزلت ابلكيشن بس كل ماجي اسجل دخول يرفض مع العلم البيانات كلها سليمة,Negative
09b3f1dc-06cb-4ae7-a1b7-c28ae2eb9c3f,CIB,Banking,5,2025-03-03,ممتازة جدا,Positive
056004c4-b3e1-42fb-a8fb-18c5f3e95218,CIB,Banking,2,2025-03-02,التطبيق يفتح لمده ٢٧ ثانيه فقط ويكتب خروج او متابعه ولايتم المتابعه بعد الضغط على الزر يخرج ويدخل مره اخرى ماهو الحل وقمت بحذف التطبيق وانزاله مره اخرى ولم يتغير الوضع بل كما هو لاجديد ياريت تتحل هذه المشكله وقد ارسلت ميل بالمشكله ولم يرد احد الى الان او يحل المشكله (تعديل) تم ارسال الشكوى للايميل الخاص بكم,Negative
adcbdaa8-ccda-41df-980a-dc8b1743bbc9,CIB,Banking,5,2025-03-02,ممتاز,Positive
14d0ac80-db49-42c3-8361-af8ed0683703,CIB,Banking,1,2025-03-01,التطبيق مش بيفتح خالصشاشة تسجيل الدخول فقط,Negative
065e6751-dde8-4515-8cbd-03dd80c8eebd,CIB,Banking,5,2025-03-01,من أفضل البنوك عالمياً في التميز والابداع لخدمة كل المراجعين.شكر وتقدير لكل المنظمين لهذا الصرخ العظيم..,Positive
c5d2c2ed-c607-4a77-bc6b-638983ac3b55,CIB,Banking,1,2025-02-28,التحديث الجديد سئ جدا كل فتره قليله يقولي تجديد الباسورد ومش عايز يكمل التحديث ويقولي كلم خدمه العملاء,Negative
610b78df-0654-4b82-a239-c8bcdc518c77,CIB,Banking,1,2025-02-28,بطي جددددددا,Negative
0e1fcd0d-460a-42fe-9e5c-b90b84970f85,CIB,Banking,1,2025-02-28,عند التسجيل يظهر رساله مهلة الجلسه ولا يفتح,Negative
71bf3743-399f-48fe-8364-c5acc944b464,CIB,Banking,1,2025-02-27,التطبيق تقيل جدا في كل خطوة محتاج يكون في تحسين كتير,Negative
f3d362e5-0cbe-4460-a2bc-32694e942ab2,CIB,Banking,1,2025-02-27,مشاكل تقنيه يجب حلها,Negative
19a89d81-09c4-413f-9ad3-859b9edfd7ba,CIB,Banking,1,2025-02-27,تطبيق سئ جدا جدا، وبيفتح بالعافية وكل شويه يهنج، ولقيت نفسي خسران فلوس من غير ما اعرف انو تطبيق برايم,Negative
70a48149-3a62-4841-b14a-34d47afee8f4,CIB,Banking,1,2025-02-27,التطبيق لا يعمل,Negative
4b8f5e74-2545-43d4-9b5a-f6798e6f9b65,CIB,Banking,1,2025-02-27,بصراحة البرنامج زبالة علي طول بيعلق ويقول انتهاء الجلسة القديم احسن لكن النسخة دي زبالة جدا 😒,Negative
ac7ef298-4189-4bf4-9e58-a6a05f5c69a8,CIB,Banking,1,2025-02-27,برنامج فاشل لاقصي الحدود ولي عارف ادخل ع الحساب,Negative
680ae899-103c-40c9-95c6-1375d4c3d3de,CIB,Banking,1,2025-02-26,بنك نصابين ينزلولك رصيد على حسابك الشخصي بالغلط و لما تسحبه يحملوك نتيجه خطأ السيستم عندهم و يطالبوك برد المبلغ بعدها و يجبروك تعمل قرد بالمبلغ عشان ياخدوا الفوايد منك ... شغل نصب من الدرجة الاولى .. انصح بعدم التعامل مع هذا البنك و شكرا,Negative
2780686b-de36-471b-9d0f-e2070cab8e87,CIB,Banking,5,2025-02-26,جميل جدا,Positive
ace24be1-30b9-42e3-a83f-6c01bd61dfd4,CIB,Banking,1,2025-02-26,التطبيق لا يعمل ولا اعرف سبب المشكلة,Negative
9750f9bb-7753-4f34-9568-9e11c4d7e2fc,CIB,Banking,5,2025-02-25,تمام,Positive
f1b0b63e-0ad9-43d6-94a2-3cd443832b97,CIB,Banking,5,2025-02-25,محترم,Positive
b637a9aa-3e76-4de1-9516-e5f9abb50a31,CIB,Banking,5,2025-02-25,اقوي بنك في مصر من نجاح لنجاح,Positive
ca02ba34-5249-46e8-b79f-fc11d7c9f26e,CIB,Banking,5,2025-02-25,١٠٠٪,Positive
840eab9a-6a4f-41e2-9e81-bee28f4e418f,CIB,Banking,1,2025-02-25,مبيشتغلش خالص التطبيق متجمد,Negative
4f6cf5d9-a916-4750-9152-a24353f93ae3,CIB,Banking,1,2025-02-24,البرنامج لايقبل ملئ البيانات,Negative
f883aba7-42c2-4503-bdbf-8d3199feb19b,CIB,Banking,1,2025-02-23,التطبيق سئ جدا بعد التحديث لا يعمل علي بعض الهواتف,Negative
de22c862-be89-4d82-afce-250c577f2e50,CIB,Banking,1,2025-02-23,تمام,Negative
72b03661-9c1c-4437-8621-8b05b54355c9,CIB,Banking,1,2025-02-22,مش راضي يشتغل اصلا,Negative
972affeb-55ca-488e-a74e-6c76bb5f94b6,CIB,Banking,1,2025-02-22,لقد نسيت كلمة السر.و عند ادخال كلمة سر جديدة ومتابعة الخطوات للنهاية تظهر رسالة لقد أدخلت بيانات غير صحيحة .مع انها نفس شروط اختيار كلمة السر . وعملت حذف للتطبيق وحملته مرة أخرى نفس المشكلة موجودة,Negative
ff1bb4eb-bf60-45ef-98f6-06679d282e9c,CIB,Banking,5,2025-02-22,ممتاز,Positive
355ab67a-79fa-4f6c-bdad-6647c26bd323,CIB,Banking,1,2025-02-21,تطبيق يسرق المعلومات,Negative
095b6d4d-dfb4-4f27-a4b3-3fd12b57e193,CIB,Banking,1,2025-02-20,برنامج فاشل جدا جدا جدا بسبب التسجيل والدخول,Negative
56a09261-4acf-4a32-8c21-3d237a6870b0,CIB,Banking,1,2025-02-19,ولا له لازمه اصلا وبنك زباله,Negative
7dfd4b40-5c08-4901-b8f0-44375c9c3bd9,CIB,Banking,1,2025-02-19,تجربه فاشله التطبيق الثانى التطبيق الاول افضل هذا التطبيق لم يستجيب,Negative
67ff5c7d-769a-4547-930a-762cb99fd5f1,CIB,Banking,5,2025-02-18,ممتاز وسهل الاستخدام,Positive
60b542bd-d4c9-45c5-926e-26debbced95f,CIB,Banking,1,2025-02-18,زي الزفت اخر تحديث,Negative
9f52cc4b-b718-4fe4-8f48-22300032a47e,CIB,Banking,5,2025-02-18,البرنامج لا يعمل علي هاتفي,Positive
fbda5a27-e608-4b34-be03-5a4c76d44150,CIB,Banking,5,2025-02-18,ممتاز,Positive
c0255290-27c9-4489-ad95-d90a449d144c,CIB,Banking,5,2025-02-18,👍,Positive
c13956cd-dd73-47e5-8db7-daa4724306f7,CIB,Banking,5,2025-02-17,انا في السعودية الآن ومش عارف اشغل التطبيق كل ما ادخل كلمة السر يقول غيرها اغيرها يقول الخدمة مش متاحة العمل ايه واتواصل امع البنك ازاي شكرا,Positive
aedaebb7-8a1d-4a11-8a64-5996ec317d38,CIB,Banking,5,2025-02-17,شكرا لحضراتكم على هذا التطبيق المميز,Positive
e5071da2-4690-469a-acdc-fc63ec20368f,CIB,Banking,5,2025-02-17,ممتاز,Positive
cf311c80-3fb9-471d-b2fa-73cb56bc8962,CIB,Banking,1,2025-02-16,برنامج سئ وغير شغال وكلمتكم كذا مرة ومفيش نتيجه,Negative
ae1f3530-ceb2-4000-93b6-e8e114c9f2f0,CIB,Banking,1,2025-02-15,التطبيق مش راضي يفتح بعد آخر تحديث ...,Negative
c67f1797-00f3-4bfe-921b-b32eb4e6b0f6,CIB,Banking,1,2025-02-15,الان التطبيق لايفتح وانا علي اخر اصدار هل هناك مشكلة,Negative
aa14f350-b742-448d-b30a-e54b93476b3a,CIB,Banking,1,2025-02-14,البرنامج لا يعمل منذ ثلاث ايام حتى الان,Negative
1ea5b426-ef5c-424b-ae2b-234de9a63fd5,CIB,Banking,1,2025-02-14,التحديث الجديد مش قابل الباسوورد القديم لانه عدد محدود من الارقام ولا عايز يغير الباسوورد,Negative
6dc138d5-4c03-4261-8dd5-360765280da5,CIB,Banking,1,2025-02-14,الابلكيشن مش عايز يشتغل معايا ابدا,Negative
722b7320-8afe-4077-b007-3c718d8de482,CIB,Banking,1,2025-02-14,نزلت التطبيق و مش بيفتح ابدا من اخر تحديث و هو مش بيفتح,Negative
44df55ae-161b-4eee-9c91-aea29925e30b,CIB,Banking,1,2025-02-14,التطبيق كان جيدا ولكنه توقف عن العمل تماما الآن وعند فتحه تظهر الشاشة الزرقاء بشعار البنك وبعد وقت طويل يكتب حدث خطأ ما,Negative
557eefaf-145a-4dc3-8450-bbf81ee23af1,CIB,Banking,1,2025-02-14,أوجه مشاكل في تسيجل الدخول,Negative
9a384f58-7bdc-4642-9f31-8a1c9aeb84f5,CIB,Banking,1,2025-02-13,الرقم السري نسيتو وبحاول اكتب رقم جديد لكنه مش نافع وبيقولي خطا ممكن حد يساعدني,Negative
03dd7c69-faa4-4812-ae2e-d6cf2a7b89aa,CIB,Banking,5,2025-02-13,للاسف مش راضي يعمل,Positive
68f5a548-e76b-4d27-ad4f-0fe7fbafab9f,CIB,Banking,5,2025-02-13,التطبيق معطل ولا يتم تشغيله ولا اعطاء اي امر بداخله مجرد شاشه زرقاء ولوجو cib فقط لا غير,Positive
2f1d7b86-79a4-4cff-a0d1-66bdf110efac,CIB,Banking,5,2025-02-13,ليه كل مادخل على على البرنامج يكتب خطاء مسحت البرنامج ونزلت تانى نفس المشكلة,Positive
50f1c904-4a65-4b8a-8c69-9da50adcbca2,CIB,Banking,1,2025-02-13,اسوء برنامج فى التعامل مع العملاء,Negative
30683217-1f75-4891-972c-ef1799a1e30b,CIB,Banking,1,2025-02-13,التطبيق الحديث بطئ ولا يفتح بسهوله,Negative
9f49df23-e882-4fc6-8bfd-65699b8821c8,CIB,Banking,5,2025-02-13,👍👍👍,Positive
03b8d197-d73f-4a4e-af9f-2605ec5ee444,CIB,Banking,5,2025-02-13,بحبك في الله,Positive
7e3eee84-c2a7-41ca-9a9c-25d09d6c7dd0,CIB,Banking,5,2025-02-12,ممتاز,Positive
27259dea-9818-4786-83f5-e408c9b8963c,CIB,Banking,1,2025-02-12,الحروف والكلمات مش واضحة في التطبيق مش عارف اشوف يريد تكون الحروف والكلمات ظاهرة او اضافة الوضع الداكن التطبيق غير صالح لضعاف البصر,Negative
5279fc7a-fb97-4665-a7d3-787aa7c30485,CIB,Banking,1,2025-02-12,التطبيق مش عارفه استخدمه بسبب رسالة انتهاء الجلسة ياريت حل سريع,Negative
32a2b25c-349b-42c9-a3fc-013534d75d7a,CIB,Banking,1,2025-02-11,لا استطيع الدخول الي حسبيا أريد المساعده,Negative
0fe68e01-0f72-4421-abf3-4cea2fd1481b,CIB,Banking,1,2025-02-10,بنك غريب و خدمة عملاء زي الزفت بصراحه حاجا قرف خدمة العملاء زي الزفت تاني,Negative
e0e8664e-ab55-46b9-b933-bcf3d143d899,CIB,Banking,1,2025-02-10,التطبيق سيئ جدا جدا وبطيق وبيفتح مره وعشره لاء ياريت تحديث يحل مشاكل التطبيق اصبح أسوء من الاصدار القديم بكثير,Negative
07435a56-bafd-4d31-849f-08cccd935122,CIB,Banking,1,2025-02-08,هو افضل من القديم كتير لكن كل لما اسجل وافعل البصمه بدل ما كل مره اكتب اليوزر والباس تظهر جملة هناك خطاء في الاصدار القديم كانت افضل وشغاله بدون مشاكل,Negative
78e2fa63-fab1-4b50-864e-680fe2c93b8e,CIB,Banking,5,2025-02-07,💙,Positive
b737a48f-b91e-4ba7-85a6-d2f3a3390b26,CIB,Banking,5,2025-02-06,رائعة جدا شكرا جزيلا,Positive
b3520d18-8cde-4a0a-bdfa-433d4f85e995,CIB,Banking,1,2025-02-06,مطلوب مني اغير كلمة سر وكل ما اكتبها يقولي فشل وده اخر اصدار لبرنامج اللي محمله,Negative
7e24881b-6e5c-4840-8e69-c37441c037fa,CIB,Banking,3,2025-02-06,كل ما اكتب رمز التحقق الظاهر قدامى يقولى البيانات غير صحيحة مع انى بنقله صح..حد يقدر يساعدني اعمل ايه ف المشكلة دي,Neutral
723413d2-9f3c-4ab9-a7f7-a4f0a4a4e3f7,CIB,Banking,5,2025-02-06,جيد,Positive
71532f84-fb2c-4da4-a1c2-4e7ae19b5f11,CIB,Banking,5,2025-02-05,رائعه,Positive
915ec410-e812-46d4-b8ac-c8c76a6bee65,CIB,Banking,1,2025-02-04,المفرض انه للاحسن وهدا التطبيق للاسوء بل الاسوء علي الاطلاق كل مره مشكله ووجع قلب حسبي الله ونعم الوكيل انتم بتسهلو ولا بتعقدوا,Negative
4201c7af-0eb0-4560-bada-637f25f41159,CIB,Banking,5,2025-02-04,كل ما افتحة ي يقول تحديث البرنامج ومسحته ونزلته من الاول نفس المشكله تعديل تم حل المشكله,Positive
de53b24e-fd0e-4cdc-a420-81fd7a61409a,CIB,Banking,5,2025-02-04,برنامج ممتاز,Positive
3ef11ef9-a4ff-4d00-af10-83419ce0511f,CIB,Banking,3,2025-02-03,كل ما اسجل في الاباكيش يحول الجلسه انتهت ارجو حل المشكله,Neutral
14d69391-373d-4612-a72e-0e8101303922,CIB,Banking,1,2025-02-02,Bad call center and bad customer service representative they are roughly routine والمعاملات المالية تستغرق وقتا أطول من المعتاد,Negative
3bdb04cc-76d3-4209-bd85-c579c056bcb9,CIB,Banking,5,2025-02-02,تمام,Positive
548acca2-dce8-4eaf-8d3e-502e75c58d0d,CIB,Banking,5,2025-02-02,ممتاز جدا,Positive
9bd24819-0a96-4205-9443-83ffb1ad74be,CIB,Banking,1,2025-02-01,بصراحه برنامج عقيم وبنك كذلك الواحد في أشد الندم يتعمل معكم مش بتأخر ولا يوم وبحط القسط قبل ميعادي بتنزلو زياده عن القسط المحدد والبرنامج الجديد فاشل بصراحه القديم افضل بكتير بدخل رقم السري والبيانات يقولي خطأ,Negative
0862601d-190a-4713-ad14-15f58181dd68,CIB,Banking,4,2025-02-01,ممتاز,Positive
3499be25-3b99-465d-a9c5-37236f05db9c,CIB,Banking,1,2025-02-01,سىئ جدا كلما دخلت يطلب تحديث والبرنامج لسه متحمل أحدث اصدار الشاشه الرئيسيه مزعجه جدا التطبيق قبل التحديث كان أفضل بكثير جدا,Negative
f28a5073-4852-416b-a13b-652e04da42f3,CIB,Banking,1,2025-02-01,تطبيق سي للغايه,Negative
17950bed-694f-4ba0-8218-ca388cdfdd1e,CIB,Banking,1,2025-02-01,الدخول في صعب,Negative
9a2a76c0-f0e7-4375-a162-9c65cc31118c,CIB,Banking,1,2025-01-31,بنك سيئ جدا انصح بعدم التعامل,Negative
a52b2e4c-57e6-4bff-82d5-5c78c2fbeb81,CIB,Banking,1,2025-01-31,نفس التجربه ونفس المشكله في تسجل الدخول,Negative
d9302daa-b7e7-4309-acf7-76e252f348b8,CIB,Banking,1,2025-01-31,تطبيق زبالة ولا يستجيب لدخول اى بيانات,Negative
edde9cf7-fe42-4ca7-bd48-966282a34be4,CIB,Banking,1,2025-01-30,لماذا يوجد اكثر من تطبيق على جوجل بلاي هذا الموضوع اخشى منه كثيرا,Negative
48e55bc2-cbca-4d02-8a17-bbcc29330038,CIB,Banking,1,2025-01-30,كل لما ادخل على التطبيق تظهر رساله برجاء تنزيل اخر تحديث وبالفعل نزلت أحدث اصدار ومازال عندى نفس المشكله,Negative
567e5f75-c069-492f-b27c-a1258f1bbc5b,CIB,Banking,1,2025-01-30,زبالة,Negative
aa59b444-dede-481e-95b1-4f507c17cc32,CIB,Banking,1,2025-01-30,البرنامج كلما سجلت عليه يقولي بياناتك غير صحيحة,Negative
964aff97-0633-45d1-a8a7-7fa2364278e7,CIB,Banking,5,2025-01-30,من فضلك لما ادخل الابلكيشن تطلع رسالة ..تسجيل الدخول مبيفتحش ...مع كل مرة اكرر فيها تسجيل الدخول الحل اية لو سمحت عشان اسجل ويفتح معايا,Positive
8c567f2f-dfec-4cd7-a7c4-0e28268c441e,CIB,Banking,1,2025-01-30,سئ جدا,Negative
839a17d8-9f54-407e-9727-00a1b9d7f74e,CIB,Banking,5,2025-01-30,تمام,Positive
2af0e7a0-eca3-4223-9f6a-5625b20d0f13,CIB,Banking,5,2025-01-30,ممتاز,Positive
c95760c1-2eff-4c70-8813-aef4290afb62,CIB,Banking,1,2025-01-29,تطبيق حقيقي غير معدل كل ما ادخل يظهر لي رسالة بمدة انتهاء الجلسة 30 ثانية و يتم العد التنازلي ويخرجني من التطبيق 🤬🤬🤬 بجد سخيف التطبيق السابق أفضل بكثير,Negative
3be5dcaf-879d-43ca-b5bc-f2e31142d58e,CIB,Banking,3,2025-01-29,احنا حسدنا التطبيق ولا ايه التعليقات فيها نفس المشكله عندنا كلنا ليه مافيش حل للمشكله فتح التطبيق بقي فيه مشكله,Neutral
748e2783-8771-48bb-a823-e996ae93360b,CIB,Banking,3,2025-01-29,ليه كل ما اجي اسجل يقوال خطأ في البيانات,Neutral
8b3ba930-6e7c-49cf-b8eb-bd1deb1ec4de,CIB,Banking,1,2025-01-29,مش شغال,Negative
5bbc4f42-fade-4fb6-82de-2f309e6e56b7,CIB,Banking,1,2025-01-28,القديم افضل سئ اوي دا,Negative
fec6a645-a5c5-450b-961a-2c31e42386c9,CIB,Banking,5,2025-01-28,بصراحه التحديث الجديد ممتاز جدا وسريع وسداد بطاقة الائتمان بقى أسهل من الاول شكرا لCIB,Positive
e2fd976e-3ff2-4780-bf77-7cebbb67f1d3,CIB,Banking,5,2025-01-28,رائع,Positive
cb95197f-ffd8-4a46-b55d-64714b352ca4,CIB,Banking,5,2025-01-27,رااااائع,Positive
7e1de115-6a22-4286-a2a5-b96b9dde75f1,CIB,Banking,5,2025-01-27,جميل,Positive
bd77ee33-9e8b-4f67-9d84-7c2f8f6865fa,CIB,Banking,1,2025-01-27,التقييم القديم كان افضل ومنظم بشكل أفضل ويقوم بفصل كل حساب عن الآخر لكن الحديث يقوم بجمع كل الارصده مره واحده,Negative
86bf8def-3b0b-4ed1-b610-bb14fdd61eeb,CIB,Banking,4,2025-01-27,ممتاز جدا,Positive
c6a6ddf8-5ecf-4f7f-8de5-4496afe30e0a,CIB,Banking,1,2025-01-27,تطبيق سيء جدا بصراحه لان مش واضح في اي حاجه التطبيق السابق احلى بكتير,Negative
67f9ba03-b12d-4042-ac38-192ef7ae6f69,CIB,Banking,5,2025-01-27,جيده جدا,Positive
7b080b43-cc9c-4f6d-a5d9-e906bdf509ee,CIB,Banking,1,2025-01-27,تطبيق زباله بجد مش راضي يعمل تسجيل حساب تم مسح التطبيق,Negative
794d62ce-37f1-4028-b5d6-b2208639158f,CIB,Banking,5,2025-01-27,جيدة,Positive
61b6e759-06ee-4a60-90f1-7695125891dd,CIB,Banking,1,2025-01-27,عندما احاول تسجيل الدخول كمستخدم جديد باي طريقة كانت يخبرني انه قمت بإدخال المعلومات الخاطئة,Negative
6d1f0df0-a08f-4def-9971-7c6f858a96f1,CIB,Banking,1,2025-01-27,التحديث الجديد وحش جدا جدا القديم احسن مليون مرة,Negative
7f26882b-cfc7-409b-8a79-57f4492e5980,CIB,Banking,2,2025-01-26,التطبيق مش بيفتح غير من app store,Negative
7df4dfc3-99b3-4385-97de-9ff1e227373b,CIB,Banking,1,2025-01-26,اعمل تسجيل دخول بيقولك الوقت انتهى . ارجو الحل,Negative
a12516d2-42e4-4287-be78-7e95fb45e832,CIB,Banking,1,2025-01-26,تطبيق سئ جدا جدا القديم كان أفضل,Negative
b8d56572-55ae-4336-8e8c-5df88e396f36,CIB,Banking,5,2025-01-26,برنامج ممتاز لانغم عن,Positive
47177256-a1d3-4f5b-acf8-2c5f9314426b,CIB,Banking,5,2025-01-26,ممتاز جدا,Positive
7a3dda35-770a-4215-9dfa-2a451743628a,CIB,Banking,5,2025-01-26,جيد,Positive
6f5b67e7-31f1-4ff7-992b-26d6c5253300,CIB,Banking,5,2025-01-26,ممتاز,Positive
e07f89f9-9a55-4f3c-a068-09257be36806,CIB,Banking,4,2025-01-26,البرنامج بعد اخر تحديث بيفتح ويظهر عداد ثوانى ويخرج من التطبيق لوحدة ارجو حل المشكلة بأسرع وقت تعديل تم ضبط الوقت و التاريخ اتوماتيك وتم حل المشكلة ..شكرا لكم 😍🙏,Positive
33fe3ed2-95da-43fb-b816-64f225dc3c64,CIB,Banking,5,2025-01-26,Good,Positive
29b4c6fd-110d-4657-bb22-75a7938073b8,CIB,Banking,5,2025-01-25,جميل جدا,Positive
79b6e48e-0390-450c-8a5c-61385c619aa2,CIB,Banking,5,2025-01-25,ممتاز,Positive
c1854096-0bcc-4ed9-9bed-7934f4b692db,CIB,Banking,5,2025-01-25,ممتاز,Positive
37f27ffe-bd46-450c-ad73-fb04ff31e1dc,CIB,Banking,5,2025-01-25,جيد جدا,Positive
fef54835-4cb4-4e9d-8c1b-e19523b8bb7c,CIB,Banking,1,2025-01-25,بما يرضي الله برنامج زباله.. كلما تكتب كلمة مرور جديده بكل ما يتطلبوه يقول غلط...🥺.. اكتر برنامج مقرف في معاملاته👎🏻,Negative
0e56ccb1-550a-4595-8875-dca18f16e5ab,CIB,Banking,1,2025-01-25,مقرف,Negative
16fb5732-23ca-4765-a7bd-556658951b0b,CIB,Banking,5,2025-01-25,تثبيته بطئ,Positive
1d1ddf8a-6c51-4225-8f57-91a51d06cacb,CIB,Banking,5,2025-01-25,تطبيق ممتاز جدا جدا حقيقي شكرا للبنك التجاري الدولي CIB,Positive
9c8ad6cc-631a-41da-ac36-f8896d355dfe,CIB,Banking,5,2025-01-25,تجربه مختلفه,Positive
1e297709-ad75-46cb-8079-2914db96075b,CIB,Banking,1,2025-01-25,لايعمل,Negative
59a6d55e-27c5-4ebc-9fee-1bb6738d5c01,CIB,Banking,5,2025-01-25,حلو,Positive
63c1e21d-fe42-4ba7-8341-3407ca78718f,CIB,Banking,5,2025-01-25,ممتاز,Positive
9ac4508e-6b38-47c5-ab4f-000222a70232,CIB,Banking,5,2025-01-24,التطبيق مش شغال,Positive
04cb1202-161c-4ee8-bbdf-db0bd75504a6,CIB,Banking,1,2025-01-24,يوجد مشكلة فى تسجيل الدخول إلى برنامج,Negative
012f991b-3d52-4807-8e6e-ae9e02d00a5c,CIB,Banking,1,2025-01-24,التحديث غير متوفر على تطبيق Cib يوجد مشكله,Negative
fb90b388-fb5c-4749-b4a1-d5c888e1dcc6,CIB,Banking,1,2025-01-24,صفر بعد التحديث يطلب التحديث مرة أخرى ولا يقبل تسجيل الدخول إلا بعد تغيير الباسورد ولا يقبل الباسورد المطلوب............!؟,Negative
bf3c72cc-71d0-4755-a00e-e61623bb1efe,CIB,Banking,1,2025-01-24,بعد تسجيل الدخول تظهر شاشة بيضاء مع العلم انه اخر تحديث ولا استطيع الدخول الى حسابي,Negative
d4c4cb64-f324-4d75-bd08-4096dc77d0b5,CIB,Banking,1,2025-01-24,الاصدار الجديد مش شغال عندي بعد تحديث الاصدار القديم ،الجديد مش عايز يشتغل ولا يعمل ارجو الافاده,Negative
e164e6bb-e432-48a1-9749-75719c8c3881,CIB,Banking,3,2025-01-24,good,Neutral
2fcd9990-d9d2-4711-9da2-927f99e752f5,CIB,Banking,5,2025-01-24,Super,Positive
a643f298-3922-4502-91d6-a614505f1959,CIB,Banking,5,2025-01-24,سهل وبسيط وجميل,Positive
1c85d39e-bb59-4afe-8f96-0c4c40b05d20,CIB,Banking,1,2025-01-24,كلما أدخل على التطبيق .تظهر على الشاشه. كلمة يرجى تحديث التطبيق ..مع إنه تم تحديثه.ويفتقر إلى أدنى مستويات الأمان ..يظل التطبيق مفتوح حتى بعد الخروج من التطبيق ..سيئ جدا جدا جدا,Negative
ad7f6a6b-91ed-44e7-8ab5-aaf591a4f2a8,CIB,Banking,5,2025-01-24,جيد,Positive
b8f127e3-2056-4a33-b895-8cba6fe21c79,CIB,Banking,4,2025-01-24,ممتاز,Positive
e2dcbd22-130e-46ea-bfd8-992290ad61d6,CIB,Banking,5,2025-01-24,ممتاز جدا لكن حدث فيه بعض التغيرات,Positive
b01f2ab5-a540-4151-aac7-c819a6b76cd3,CIB,Banking,5,2025-01-24,Nice,Positive
6df68869-79d8-4c72-a64c-cbb239720aae,CIB,Banking,5,2025-01-24,ممتازه,Positive
850854fb-df4d-4a1f-bd7d-efdc448a0a88,CIB,Banking,5,2025-01-23,جيد جدا,Positive
b5f86ee3-c748-4c35-a884-b5097194edc5,CIB,Banking,5,2025-01-23,good 👍,Positive
13d5a268-cb58-49ca-881b-9a82ec8ccc30,CIB,Banking,5,2025-01-23,ممتاز,Positive
d246cced-8100-457b-8cce-aea7319483a7,CIB,Banking,5,2025-01-23,برنامج ممتاز,Positive
5846522a-1ee2-46dd-aba2-0c80e63ab3ad,CIB,Banking,5,2025-01-23,Exellant,Positive
543cb544-ebd1-40d1-a4ba-a1c792b67184,CIB,Banking,5,2025-01-23,جيد جدا,Positive
e79608d7-f5f5-4712-ae32-70e359de41de,CIB,Banking,1,2025-01-23,انا نزلت التطبيق الجديد وموش عايز يشتغل,Negative
e0a760a7-f807-49b2-baf1-7387102db439,CIB,Banking,5,2025-01-23,التطبيق مش عاوز يتثبت علي التلفون كل مره احاول,Positive
c59467a7-7667-4727-a9cb-62956c56617c,CIB,Banking,4,2025-01-23,انا حدثت التطبيق وكل ماجى ادخل بيقولى برجاء التحديث عشان ادخل لازم يدخلنى من على جوجل بلاى,Positive
12b956c8-1e62-482f-9b91-726a5adb8038,CIB,Banking,5,2025-01-23,شكرا,Positive
3b90d768-7654-48aa-86a3-35fb5bec936e,CIB,Banking,4,2025-01-23,جيد,Positive
4c395d80-1c5a-4420-ae7c-b06656b1f418,CIB,Banking,5,2025-01-23,ممتاز جدا,Positive
aa708ae0-2835-42ba-ab92-9c0fcaab30a0,CIB,Banking,4,2025-01-23,تمام,Positive
39c0c292-d2bc-4006-8b3a-475c2965486d,CIB,Banking,5,2025-01-23,تحديث روعه,Positive
ca7559ce-f178-4391-867f-0819a1ea058b,CIB,Banking,2,2025-01-23,كل مرة يطلب منى التحديث,Negative
3e0d79b4-255e-462a-8110-e6a0e40007c2,CIB,Banking,5,2025-01-22,جيد,Positive
7880c091-508e-49f5-b435-a233e26320d5,CIB,Banking,5,2025-01-22,Good,Positive
629b8a2a-0bf7-4e25-9ec5-3f112735e43b,CIB,Banking,5,2025-01-22,سئ للغايه التطبيق القديم كان بيوضح المعاملات سحب او إيداع لكن دا بيتيح ارصده فقط,Positive
49aab6d8-8526-4cb8-8e8b-71320dc3edaa,CIB,Banking,1,2025-01-22,شكراااا,Negative
8164c2ae-fac6-4a2b-a0ec-97b4f3c62bad,CIB,Banking,5,2025-01-22,جيد جدا جدا جدا,Positive
8c761d86-e1a4-4067-a8cb-b2db14dbbf23,CIB,Banking,5,2025-01-22,رائع,Positive
3210955e-47ae-49d5-9d1d-d615c53a54e3,CIB,Banking,5,2025-01-22,Excellent application,Positive
b83c9b94-78cc-4804-bce3-ddb022f72194,CIB,Banking,3,2025-01-22,كل تحديث للبرنامج بيحصل مشاكل في البرنامج,Neutral
e6eca542-dbfd-431d-9067-c238f2cf2df5,CIB,Banking,5,2025-01-22,ممتاز,Positive
327426fc-4021-4bd9-bbe7-9d79789d2e58,CIB,Banking,5,2025-01-22,برنامج ممتاز فى تحكم بين حساباتك وآمن جدأ,Positive
dd1753be-7bd5-45c7-8c13-39c5d3206ba7,CIB,Banking,5,2025-01-22,ممتازة.,Positive
3255bd28-079b-4894-8451-b84e28978560,CIB,Banking,1,2025-01-22,التحديث دي وحش قوي,Negative
ea739681-9895-4c9a-93ce-dd1caed49dcf,CIB,Banking,5,2025-01-22,ممتاز جداً جداً جداً اصلا التعامل مع بنك ال CIB متعه لا حدود لها,Positive
75eea6f2-a9a8-48d6-8328-676719b6068e,CIB,Banking,5,2025-01-21,جيد جدا,Positive
195c062f-c1a2-490f-b068-02c5f1615468,CIB,Banking,5,2025-01-21,"تحديث 2025 مختلف ومتميز , شكرا CIB",Positive
7c0ee279-6718-4fa8-883c-bbd5463f2dbb,CIB,Banking,1,2025-01-21,من بعد آخر تحديث كل مرة ادخل يطلب تحديث ... شئ مش منطقي تماما و شيلت الابلكيشن ونزلته تأتي و نفس المشكلة,Negative
1ae106e9-9d38-49a4-bda8-fa816d359eb9,CIB,Banking,5,2025-01-21,ممتاز 🥇👌👌💖👍👏👏👏👏✌️,Positive
dbee8ae5-9132-4be7-bad7-6e146ad40a2c,CIB,Banking,1,2025-01-21,البرنامج لا يعمل تظهر رساله انتهاء وقت الجلسه ولا يتم فتح اي شئ,Negative
a0e13318-e217-4961-8287-d6be913eb97a,CIB,Banking,4,2025-01-21,جيد,Positive
036c9f66-477d-4e73-8d2a-a1650985a7cc,CIB,Banking,5,2025-01-21,رائعة,Positive
193091f1-2da7-438d-acb1-38ccd4adf42c,CIB,Banking,1,2025-01-21,لا يتم فتح البرنامج في بعض الاوقات,Negative
addb1084-1e51-422c-a52d-c1c10a4740d1,CIB,Banking,1,2025-01-21,تطبيق سئ ومتخلف ومضيعة لوقت العميل,Negative
2b2605f1-3f8e-4460-afab-d10fb34e78ab,CIB,Banking,1,2025-01-21,برنامج مقرف جدا فى تغيير كلمة السر. أرحمونا . طلب تغير كلمه السر ذهقنا فى عيشتنا فما المقصود!َ!,Negative
9fd32885-294a-4c88-ba23-151c8a8398f2,CIB,Banking,3,2025-01-21,البرنامج يستحق 5نجوم لكن خدمة العملاء تستحق صفر... وتحديدا فرع سموحة,Neutral
f2a4d30c-895e-44ba-a04a-0dc2fae504d8,CIB,Banking,5,2025-01-21,Gamed gedan,Positive
8311067b-f07d-4681-b55b-36916f7bdcbb,CIB,Banking,2,2025-01-21,جيدة,Negative
caddc896-820d-48d5-9654-76429f65dc25,CIB,Banking,5,2025-01-21,بنك الصديق,Positive
876326dc-fba8-4ed8-aafd-fb638c756970,CIB,Banking,5,2025-01-21,جيد جدا,Positive
65736007-0c32-4f02-b4a2-e6528c6222bb,CIB,Banking,4,2025-01-20,جيد,Positive
406e9f0f-231a-4be2-aebe-32623f51ee44,CIB,Banking,5,2025-01-20,جميل جداً,Positive
d8f4e7be-3ade-4e45-9939-8cc827401131,CIB,Banking,1,2025-01-20,لماذا لايعمل التطبيق,Negative
402f973f-bb79-4c6a-b448-c402d18d9b23,CIB,Banking,1,2025-01-20,البرنامج سيئ جدآ وبطيئ جدآ ياريت ترجعوا البرنامج السابق,Negative
2fb95562-ac00-4763-bfcf-72d6d918253e,CIB,Banking,5,2025-01-20,جيد جدا,Positive
3cb4a917-f0a6-4fc9-8028-954160a5f06b,CIB,Banking,5,2025-01-20,ممتاز,Positive
52321524-8397-4d70-992f-f164eff8b096,CIB,Banking,1,2025-01-20,ابلكيشن سيء فوق الوصف,Negative
eea32424-7c4f-411f-b896-d189595e1763,CIB,Banking,5,2025-01-20,Good,Positive
22cb5558-f8df-4ff8-878a-7fdbcb8465d3,CIB,Banking,4,2025-01-20,حملت التطبيق ولكن كل مفتحه يدخلني علي المتصفح تاني من جديد,Positive
45900fed-1873-4c94-ac9a-58db1fce0679,CIB,Banking,5,2025-01-20,تطبيق ممتاذ احسنتم,Positive
58681415-4a5a-41ad-89cb-8ec91fca6d41,CIB,Banking,5,2025-01-20,تمام,Positive
9e66a446-13f7-4624-961c-e8febbc7c897,CIB,Banking,5,2025-01-20,رائع,Positive
ef645e78-e81b-44ae-912d-2dc2332452eb,CIB,Banking,5,2025-01-20,تطبيق جيد ولكن بعد التحديث عند الدخول على التطبيق يطلب تحديث أخر ويدخلني على التطبيق داخل المتجر,Positive
8ecde3ee-9382-4348-9ef4-647dadc676fa,CIB,Banking,5,2025-01-20,تجربه ناجحه,Positive
2f226d49-a358-4d30-85cc-f4ec0f7b0227,CIB,Banking,5,2025-01-19,جيد جدا,Positive
cddbb7e1-6c3c-476a-80a9-286693b22841,CIB,Banking,1,2025-01-19,بصراحه تطبيق دون المستوى,Negative
013592f0-fe64-4ee1-a568-0424d22cc1bf,CIB,Banking,5,2025-01-19,❤️,Positive
fc8fbb12-b7e9-4cf4-88f5-183ddbd3f15c,CIB,Banking,5,2025-01-19,تطبيق اكثر من رائع نشكركم عليه,Positive
46649e0d-2fd3-4af1-8d19-065d2286a362,CIB,Banking,1,2025-01-19,عندي مشكله اني كل ما بدخل بيكتب وقت الجلسه انتهي ويعمل تسجيل خروج بصراحه الخدمه بقت وحشه جدا جدا جدا كل يوم بتزودوا صعوبات في التعامل عن اللي قبله للاسف بقيتو في مستوي متدني في تقديم الخدمه مع انكم كنتم مميزين,Negative
007d6633-d735-4c4a-afa7-af43c926d774,CIB,Banking,5,2025-01-19,good,Positive
ac7afbeb-d0ba-4309-aa18-5d7fde528143,CIB,Banking,5,2025-01-19,جميل جداً,Positive
99741eef-25eb-4ac5-bc57-b8cedb5e166b,CIB,Banking,5,2025-01-19,تجربه ممتازه,Positive
64b6d4da-6636-4db9-b99c-5b323383120b,CIB,Banking,5,2025-01-19,ممتازه,Positive
776ea0b4-b924-46e2-9f04-ce46974b8c41,CIB,Banking,1,2025-01-19,Last update need alot of to fix it as it logged out less than 30 seconds,Negative
e3eb5ebf-fb0a-4de9-abee-3a19d3860f21,CIB,Banking,5,2025-01-18,القديم كام احسن,Positive
222deafd-c804-4f8e-8b60-5626dac9538d,CIB,Banking,5,2025-01-18,ممتاز,Positive
ae06f782-307d-4c9e-9e9d-ab631d812a5c,CIB,Banking,1,2025-01-18,التطبيق لا يعمل بعد التحديث الاخير هذا,Negative
dfa46057-255e-4e6f-a669-3ea9432e6a57,CIB,Banking,5,2025-01-18,ممتاز جدا جدا,Positive
14af606f-af40-4f54-ac24-320ac00dfc0f,CIB,Banking,4,2025-01-18,تحديث عقيم جدا ومش عاوز يفتح,Positive
287e9f06-1fd7-45f3-843e-e2ba1d1cc3d7,CIB,Banking,2,2025-01-18,كل مره يقول. برجاء التحديث مع انى حدثته اكتر من مره,Negative
70003a5a-b21f-4792-9fa7-9d64db68e6aa,CIB,Banking,5,2025-01-18,جيد جدا,Positive
2e952355-5711-4f14-9b4e-9bd089b3989e,CIB,Banking,5,2025-01-18,Very good,Positive
fb9e87d7-a75f-4710-968c-3c3de61186d8,CIB,Banking,1,2025-01-18,البرنامج مش شغال كاني منزل صوره تطبيق,Negative
213e69dd-4b86-46cd-be9b-14f25c7bac51,CIB,Banking,5,2025-01-18,Good,Positive
eac78d2b-6161-4b30-9de1-e9b534c02f6b,CIB,Banking,5,2025-01-18,ممتاذ,Positive
191bf74b-1381-4b41-a615-475abd6ca493,CIB,Banking,5,2025-01-18,Good,Positive
0dfde90e-cec0-42c6-beef-74712a2814ed,CIB,Banking,1,2025-01-18,خدمه سيئه جدا جدا انا عندي تحويل مهم ملتزم بي ادخل القي البرنامج القديم موقوف والجديد مش شغال وطبعا كل الحسابات المسجله علي البرنامج القديم ضاعت اكيد حسبي الله ونعم الوكيل,Negative
b48e7c54-4599-4042-bec0-cb7e18a6ff25,CIB,Banking,2,2025-01-17,مش عارف اشوف اخر تحويل علي رصيدي وتسديد الأقساط وتاريخ السحب زي الاول .. اخر اصدار معايا,Negative
b630fb00-cf82-4e48-b959-faee16f4c1f6,CIB,Banking,5,2025-01-17,ممتاز,Positive
3880eda7-d61f-4f3b-8776-78d288acc373,CIB,Banking,1,2025-01-17,مش عاوز يشتغل,Negative
8393a21e-d016-470c-881c-d7342229b572,CIB,Banking,5,2025-01-17,ممتازة,Positive
bc45e20b-a700-4a0a-aaee-c04de0a09081,CIB,Banking,5,2025-01-17,تمام,Positive
bee99d09-4775-4a2d-833c-ce14d11f56d6,CIB,Banking,5,2025-01-17,جميل,Positive
d86b15a5-fa7e-4b0a-bc01-59e8284ce20e,CIB,Banking,5,2025-01-17,ممتاز,Positive
28b2a4e5-65b8-49d6-99bf-e6691d410578,CIB,Banking,1,2025-01-17,التطبيق القديم كان افضل,Negative
993cf4a2-99ae-42dc-8421-e31955557713,CIB,Banking,3,2025-01-17,دائما هناك صعوب كان التطبيق بيفتح ببصمة اليد الأن مع بدء العام الجديد 2025 اصبح لايعمل ايه السبب,Neutral
49ba9a70-44d8-43bf-b734-5f0c4eba553a,CIB,Banking,5,2025-01-17,جميل,Positive
52d89d03-91e1-4f9b-8308-c275202973f6,CIB,Banking,1,2025-01-17,التطبيق السابق كان أفضل من هذا,Negative
687119f0-72f5-4179-92c9-c3caa5e2278b,CIB,Banking,5,2025-01-17,Perfect 👌,Positive
5300acc9-b96a-4670-9409-c17e58c3a202,CIB,Banking,5,2025-01-17,ممتاز,Positive
e2a50612-7f34-429f-848c-607013895a45,CIB,Banking,5,2025-01-17,البرنامج جميل جدا,Positive
56817a9a-75cf-47ab-b1b8-07d7d7c16e2f,CIB,Banking,5,2025-01-17,تطبيق بنكي ممتاز جدا,Positive
64d74889-7ae2-45b3-b2fa-a656d5f3b864,CIB,Banking,5,2025-01-17,خدمه مميزه,Positive
ff474232-44ad-41a2-a4cf-056d073e83c1,CIB,Banking,5,2025-01-17,Very nice,Positive
dae13369-441e-4a2b-9149-39b28fce56db,CIB,Banking,5,2025-01-17,excellent 👌,Positive
237e0c94-ab93-464f-b260-29256524d14d,CIB,Banking,1,2025-01-17,برنامج بقى زبالة مع التحديث الجديد ودة أن ديل يدل عن تدنى الخدمات,Negative
18fb4f1d-ffc4-4724-a11c-dd4f6274a350,CIB,Banking,5,2025-01-17,ممتاز,Positive
f312ed71-2de8-4daf-8b5a-791bb5c35074,CIB,Banking,5,2025-01-17,👍🏻👍🏻👍🏻,Positive
1483d66d-6707-4dfa-b4f6-cb056ae2849f,CIB,Banking,5,2025-01-17,كويس,Positive
8f88b4b1-fafb-412f-b6f2-675a4337b448,CIB,Banking,5,2025-01-16,شكرا فريق العمل cibتم حل المشكلة وتم الدخول للحساب بنجاح,Positive
ced3ecff-6e63-41bb-b814-b88cbd99e444,CIB,Banking,5,2025-01-16,جيده,Positive
1dda6f90-6e69-4a1c-bef1-12e33092550d,CIB,Banking,1,2025-01-16,القديم افضل,Negative
88357dd8-2b97-4f78-9961-34ba27abfb66,CIB,Banking,5,2025-01-16,ممتاززززز,Positive
a9a6589a-cd88-4c7b-87dd-0155ba14a853,CIB,Banking,5,2025-01-16,ممتاز جدا,Positive
b531233c-047a-4363-941a-49f13a031042,CIB,Banking,3,2025-01-16,أولا معذرة أغلب التطبيقات تحدث تلقائيا ولا حاجة للتحديث اليدوى. ثانيا عند تنزيل الجديد يحل محل القديم تلقائيا وهذا لم يحدث ثالثا نعم فتح بعد التحديث و اعجبنى لكن إدخال اسم المستخدم من لوحة الكتابة تضيف مسافة تلقائيا و القديم يحذفها رغم اعتراضه لكن الحديث يعترض ولا يحذفها. رابعا بعد التنصيب لم اجد له أيقونة لإعادة التشغيل و عدت للمتجر و زر تشغيل فشل فى تشغيله أيضا و الأيقونة تشغل القديم كما هى خامساً أرجو أن يحتوى على تحصيل النقاط المكتسبة بدلاً من الطريقة القديمة المملة وشكراً جزيلاً اين الايقون,Neutral
71192d36-9c16-47d2-8892-e7d5bf0fee47,CIB,Banking,5,2025-01-16,good,Positive
4c48de21-509d-4cb6-bf91-fe233effacda,CIB,Banking,5,2025-01-16,ممتاز,Positive
33c65f44-e263-45f9-838a-3b333a85d460,CIB,Banking,5,2025-01-16,ممتاز,Positive
555180b8-a269-43ff-846e-2c307c5eeb3c,CIB,Banking,5,2025-01-16,ممتاز وموفر كل البيانات التى اريد معرفتها,Positive
93d3e9fe-954b-4fdf-ba7a-b8d6abb183a9,CIB,Banking,1,2025-01-16,جميل,Negative
d2dc4d45-ee04-4f96-8cc1-7a7323497cd3,CIB,Banking,1,2025-01-16,عند فتح التطبيق بيظهر وجهة تسجيل الدخول و لا يمكننى الضغط على اى خيار,Negative
161c6e82-0b6f-4b53-8428-da1ad2e8f73a,CIB,Banking,5,2025-01-16,ممتاز,Positive
d1cd117d-4463-448a-bf7c-bba37799fb2c,CIB,Banking,1,2025-01-16,لاتستطيع التسجيل عليه البرنامج القديم افضل,Negative
6af8684c-8f12-411f-be66-84c134d281f6,CIB,Banking,5,2025-01-16,Nice,Positive
c0c6b5c2-9091-466d-8617-1df214252438,CIB,Banking,4,2025-01-16,Good,Positive
2e6e96b5-2c43-47e3-ad65-0be50614725d,CIB,Banking,5,2025-01-16,جميل للغايه,Positive
b47fa302-ee0a-46a8-88f4-1fbb5adfc272,CIB,Banking,3,2025-01-16,لا تعليق,Neutral
b7690203-c48d-41e1-b664-460cf0387074,CIB,Banking,3,2025-01-15,التطبيق لا يعمل كل ما اسجل لا يدخل حاولت تغير الرقم السري ولكن يفشل التعامل مع البنوك الاخري اصبح اسهل للغايه وكل شئ اصبح عن طريق الانترنت,Neutral
c7687766-8e57-4ed7-8a89-b92b26be6dfd,CIB,Banking,1,2025-01-15,كل مره افتح فيها البرنامج يطلب تحديث,Negative
9f443e76-f931-48a0-a0c2-572686a8d6f9,CIB,Banking,1,2025-01-15,زفت,Negative
a685916b-8747-49f8-b91e-a30fdbf63983,CIB,Banking,5,2025-01-15,ممتاز,Positive
fdb56575-10da-4a16-b1e0-00ff8981e594,CIB,Banking,5,2025-01-15,فيه مشكلة عاوز ادخل بالنظام القديم بيحولنى على prime أخرج وادخل تانى يقول حدث البرنامج الاصدار قديم ادخل أحدثه القيه مدخلنى على البرنامج اجبارى اللى بيفتح شكل متصفح واضغط فتح أو الغاء التثبيت طيب ضغط على افتح هيفتح اللى انا مش عايزه نظام ويب لو لغيته ارجع اثبت تانى من جديد والقيه هو هو اللى انا مسحته ولغيت تحديثه وتلقيه نظام شكل الويب انا عايز البرنامج نفسه القديم بس بعد التحديث مفيش مشكله بس البرنامج مش الويب يا ريت القائمين على البرنامج يقولو ايه الحل أو يبعتو لينك الاصدار الجديد,Positive
da59c8e2-5649-4669-83a4-2106c73d7751,CIB,Banking,1,2025-01-15,تطبيق فاشل ايه انتهاء الجلسة دى التطبيق الاخير احسن بكتير البنك لازم يغير شوية من العقد الجديدة بتاعته لانها مخنقة اخر حاجة,Negative
e5365ada-60e2-44af-aafe-3b7a722ae811,CIB,Banking,1,2025-01-15,Good,Negative
191fc76c-e687-4cc0-b756-e317eaf51de6,CIB,Banking,5,2025-01-15,جميل,Positive
1bfd6292-6e14-4347-a28d-8284a4792a5f,CIB,Banking,5,2025-01-15,👍👍👍👍,Positive
30a38706-c181-4e38-bbbb-ca487e5c9e5f,CIB,Banking,5,2025-01-15,ممتاز,Positive
983c58ca-e9cb-40cc-9201-10947dfa5ccf,CIB,Banking,4,2025-01-15,التطبيق سئ جدا مش عارف حتي اسجل عليه بعمل اسم جديد مطابق وكلمة سر مطابقه وكل مره يقولي فشل في البيانات وحتي مش عارف ادخل علي القديم لانه طالب تحديث وبيفتح ده بعت علي الميل يافندم رقمي ولا فيه حاجه اتحلت ولايستهل نجمه واحده حتي,Positive
7bf965e4-70b1-4fbe-b74b-73fd0d113671,CIB,Banking,3,2025-01-15,تحت التجربه,Neutral
574223a3-e77c-4c46-9022-74b744f79ee3,CIB,Banking,1,2025-01-15,البرنامج بعدالتحديث الاخير لم يفتح بعد مع العلم ادخلت كل المطلوب,Negative
fae7c748-179b-4c6f-8474-898233d87e21,CIB,Banking,5,2025-01-15,التطبيق لا يعمل,Positive
16a12f1e-b45b-49bc-863b-7f50769544a4,CIB,Banking,5,2025-01-15,جميل,Positive
e4cf84e9-69b7-40e9-91ed-75c4da512122,CIB,Banking,5,2025-01-15,ممتاز,Positive
689c3924-a314-4a7a-be6d-07942f82c50d,CIB,Banking,5,2025-01-15,تطبيق جيد جداً ويقوم بتسهيلات الخدمات البنكية ولكن يلزم التطوير المستمر لتفادي المشاكل التقنية. تحياتي CIB 🌹🌹🌹,Positive
b122a718-4c55-4a65-9309-90e526a2a152,CIB,Banking,5,2025-01-15,Good,Positive
4d15604f-37c4-4b84-9634-e378a7461146,CIB,Banking,1,2025-01-15,عند تحديث التطبيق عند إدخال كلمه المرور لا يستجيب برغم ان كلمه المرور صحيحه,Negative
222c48f8-8f45-4c97-9044-d271e2a4fcdb,CIB,Banking,5,2025-01-15,جديد,Positive
9a11795a-2730-420b-a2e2-1918b66ad973,CIB,Banking,5,2025-01-15,اشكرك,Positive
bc2bc812-f441-4ef4-9535-d672ab8727b3,CIB,Banking,5,2025-01-15,كل الشكر للبنك التجاري الدولي,Positive
d9797c63-3bfc-4ddf-ab45-b86d715ae135,CIB,Banking,1,2025-01-14,فى كل مره يطلب التحديث ل اخر اصدار.. وبالفعل تم التحديث,Negative
88c2cfb6-1fad-4010-819b-95ed0ec732ba,CIB,Banking,5,2025-01-14,تطبيق ممتاز,Positive
8179caa8-365c-42b4-bc38-e39a057e2ff9,CIB,Banking,5,2025-01-14,محترم,Positive
0dd72a91-2d02-40a3-b0c6-9d99de948522,CIB,Banking,1,2025-01-14,مش عايز يفتح و بيقول وقت الجلسة انتهى,Negative
300c8cb9-c2e9-4563-ac04-81bfc15d5314,CIB,Banking,5,2025-01-14,ممتاز,Positive
bdff2b80-7965-478d-845b-32bece11c8eb,CIB,Banking,5,2025-01-14,تمام وكويس,Positive
ced63759-ada5-47e0-b4de-d7c62b6d4ac6,CIB,Banking,5,2025-01-14,جميل جدا,Positive
1a3673ac-26f8-4b7f-a56b-d4862f3c82d8,CIB,Banking,5,2025-01-14,تجربه ممتازه,Positive
b31a87a0-b232-47d6-b645-00907fe6907b,CIB,Banking,1,2025-01-14,كل شوية يطلب تحديث زفت كل شوية كلمة المرور خطأ,Negative
9267cae7-b9c3-495d-b125-2036e09f51df,CIB,Banking,1,2025-01-14,تطبيق ردى جدا لايريد التثبيت وكل مره يطلب كلمه المرور وادخل التطبيق من جوجل بلاي,Negative
ec080459-5054-4597-a2d7-919435ad3945,CIB,Banking,4,2025-01-14,بدخل ع التطبيق بيطلب مني احدث التطبيق حدثتو حمل تطبيق تاني غير اللي عندي ومش فاهم حاجه,Positive
d0b73c2a-efcb-45b5-966c-9455f66b8409,CIB,Banking,2,2025-01-14,بحدث التطبيق وبكمل كل حاجه وكل مره اجي ادخل يقولي برجاء التحديث احدث البرنامج يكون متحدث اصلا ..٠١٢٨٨٩٦٥٦١٠رقم تليفزني,Negative
7d031993-e577-485f-ad61-9af6b570c3f0,CIB,Banking,5,2025-01-14,ممتاز جدا,Positive
c5891bb2-a92b-4aa7-adc2-8b9519c9a375,CIB,Banking,5,2025-01-14,ممتاز جداً,Positive
433e3c44-2ebb-4fa2-b332-e0ceaa460658,CIB,Banking,5,2025-01-14,ممتاز,Positive
aea04c41-aed2-4f9a-824a-d26cbb483000,CIB,Banking,1,2025-01-14,تحديث سيئ المعامله تأخذ وقت أطول وخروج ودخول على اكثر من شاشة القديم افضل وأسرع,Negative
6b995744-a600-40e7-a617-165a2445dd6a,CIB,Banking,1,2025-01-14,حسبى الله ونعمه الوكيل,Negative
70e4868c-f52b-43a3-8b28-076f5471cb2c,CIB,Banking,4,2025-01-14,عملت تحديث للتطبيق وفتح كويس بس كل ما اعمل تسجيل خروج وافتح التطبيق مره ثانيه يحولني لجوجل بلاى وتظهر رساله لا يمكن استخدام هذا التطبيق برجاء التحديث,Positive
ed905486-6020-45c0-a6b9-8ef401314986,CIB,Banking,5,2025-01-14,ممتاز,Positive
07ca7ee2-4ee4-4ffb-be37-d1fa5d4fa215,CIB,Banking,1,2025-01-14,التحديث الاخير سيء جدا جدا جدا جدا,Negative
7cc8cf04-08d0-4da0-9ab6-5c0db340e06c,CIB,Banking,5,2025-01-14,ممتازة,Positive
05cdab32-c981-435a-ad7d-f79c9f761db8,CIB,Banking,5,2025-01-14,ممتاز,Positive
9d39e679-5e13-4d0c-812e-9c599b60d051,CIB,Banking,5,2025-01-14,Very good,Positive
f1db3d01-e8ea-407c-ac36-1aafdcc79a4c,CIB,Banking,1,2025-01-14,الإصدار القديم سهل وبسيط عن تحديث جديد,Negative
f31f7b38-5b0e-4449-8dc6-e92654401993,CIB,Banking,4,2025-01-14,عملت تحديث للبرنامج ومبيفتحش ولا بيكتب اصلا تسجيل الدخول او الرقم السرى معتش فاهم حاجه في البرنامج ده خالص,Positive
8995dd01-d573-4151-af6c-2be7c972082e,CIB,Banking,5,2025-01-14,👍👍👍,Positive
0f921ab2-c4dc-437a-85c7-dbc4247b77b4,CIB,Banking,1,2025-01-14,برنامج سئ انا احطيت باسورد بتاعى قال لى محتاج باسورد جديد وتم عمل باسورد جديد قال لى اعمل باسورد تانى برجاء مراجعة برنامج جديد حتى يتم معرفة مرتباتنا,Negative
695f1107-83f0-43f2-b53c-1191fc07b993,CIB,Banking,1,2025-01-14,التحديث القديم احسن من الجديد,Negative
af0d088a-d221-4b9d-a2b1-cb8de64038a6,CIB,Banking,5,2025-01-14,Good 👍,Positive
99df4d96-3095-4a38-8b63-8eba657412c5,CIB,Banking,5,2025-01-14,جيد,Positive
4b441fa8-7f9f-43af-bf94-e9602e24faae,CIB,Banking,5,2025-01-14,تجربة ممتازة جدا,Positive
eabf7618-a2cf-48ac-b28d-c8409b2a467d,CIB,Banking,1,2025-01-14,التطبيق القديم افضل,Negative
fb544f7b-fd65-404d-b53e-7e43bfacc316,CIB,Banking,4,2025-01-14,التطبيق افضل من القديم لكن أفضل اللون الأزرق في التطبيق القديم عن اللون الأبيض الصاطع و شكرا لكم,Positive
bf14ffaa-8a55-49ca-aef5-37049a49d7bd,CIB,Banking,5,2025-01-14,جيد,Positive
d7bddee0-32a3-4078-ab88-abd25004c8d1,CIB,Banking,2,2025-01-14,التحديث الجديد سئ للغاية برجاء المراجعه والتدقيق يوجد مشكله بالبرنامج,Negative
9f5a68e1-faed-458a-a60f-a45185f05bdc,CIB,Banking,1,2025-01-14,التطبيق لا يعمل وكاتب لازم أحدثه ولما جيت أحدثه بيقولى هذا الاصدار لا يتوافق مع جهازك مع العلم موبايلى حديث مش قديم,Negative
c3297604-5d8c-4e24-80d6-7a4db28af3f7,CIB,Banking,5,2025-01-14,رائعة,Positive
4016d8a1-7aab-455d-b498-5ae4b54e070e,CIB,Banking,5,2025-01-14,جميل جدآ وجيد أفضل من الأول,Positive
54f5eafb-374e-41b1-9471-86280999fdc7,CIB,Banking,3,2025-01-13,البرنامج القديم افضل بكتير برجاء تشغيل التطبيق القديم هذا سئ جدا,Neutral
8088eb01-811d-452f-9f03-9a8b19bca1dd,CIB,Banking,5,2025-01-13,تمام,Positive
224d54e2-3c14-4573-ba64-3760e334bac8,CIB,Banking,2,2025-01-13,بعد فتح التطبيق وتسجيل الدخول بيظهر رسالة لم يتم الفتح رسالة مكتوب بها انتهت مدة الجلسة وتم تسجيل خروجك يرجى التأكد من ضبط الوقت رغم ان التطبيق السابق شغال كويس مش عارف المشكلة فى اية لكن بالنسبالى تطبيق سىء مش عارف ادخل اعمل اى معاملات فى حسابى بجد مستاء جدا جدا,Negative
b5aef38c-3b39-4bd7-b38c-cc272f5ce1f2,CIB,Banking,5,2025-01-13,افضل,Positive
f51f21aa-d75a-47b0-ae37-2e771ece9fef,CIB,Banking,5,2025-01-13,ممتازه جدا وموفره للوقت وميسره,Positive
927a1931-b791-48e9-981f-e12bb0a4eafd,CIB,Banking,1,2025-01-13,ما سبب التحديث السيئ هذا,Negative
d2bc7721-d4f5-43c4-a2ac-9a1a3d667f67,CIB,Banking,5,2025-01-13,ممتاز,Positive
2502affb-684e-40d8-8710-c54177b6e904,CIB,Banking,1,2025-01-13,التطبيق سئ جدا قمت بالتحديث التطبيق وقف عند أسم المستخدم وكلمه المرور متوقف تماما,Negative
e7a9d718-98db-47cd-8374-4794a2e0e681,CIB,Banking,1,2025-01-13,تحديث سي جدا جدا ولايقبل اسم المستخدم ولا كلمه السر,Negative
5b56bb6f-a565-471a-903e-9f22832bcff2,CIB,Banking,5,2025-01-13,التطبيق القديم افضل لان قمت بخطوات التسجيل ولا يتم التسجيل ارجو المساعدة,Positive
d5fda269-5520-4501-b2f4-452d2bb25cb5,CIB,Banking,1,2025-01-13,خدمه عملاء مش فاهمين ا حاجه,Negative
5b0495a1-01ae-4156-ada8-a50904d95dd8,CIB,Banking,1,2025-01-13,طبيق فاشل جداً بصراحة والبنك من سئ لاسواء,Negative
5ac5d21f-ef83-4ae3-b132-10f3cf359976,CIB,Banking,1,2025-01-13,سئ جدا بصراحة بعد النحديث بدخل عليه تنتهى الجلسة سريعا,Negative
58ae4eb7-bf59-45b6-b421-12d614988e5b,CIB,Banking,5,2025-01-13,الاول كان احلي,Positive
f2d79a96-a1f4-4cbb-ad08-d8c42bccb021,CIB,Banking,1,2025-01-13,التطبيق سيئ كل مدخل الباسورد ميرداش يفتح,Negative
44f49403-f9e6-4322-a239-77cac63d5510,CIB,Banking,5,2025-01-13,البرنامج جميل بس ممكن اعرف هل هيتم الخصم تلقائي زي البرنامج القديم للبطاقه المشتريات وبعدين مفيش نت فودافون,Positive
d91911c9-92ae-4dda-a4af-a3659c9ca6ac,CIB,Banking,1,2025-01-13,التطبيق سئ وكل ما اسجل للدخول تطلعلي رسالة الجلسة انتهت تحديث سئ القديم كان افضل,Negative
f696a0d7-bc3f-417a-a5c6-bcda06e3c86b,CIB,Banking,1,2025-01-13,لا استطيع استخدام التطبيق عندما اقوم بتسجيل الدخول تظهر رساله انت على وشك إنهاء الجلسه ويتم الخروج فى ثوانى ولا استطيع الضغط على متابعه وحذفته ونزلته اكتر من مره وعمل فورمات للموبايل بسببه ولا يزال على نفس الوضع تطبيق سيئ جدا,Negative
cc5eae1b-4edf-433b-abe9-74f04cedaee2,CIB,Banking,1,2025-01-13,مهنج جدا وما بيرضاش يكتب يا ريتني ما مسحت القديم,Negative
9657748e-4603-493a-874f-933cccd6835c,CIB,Banking,5,2025-01-13,جميل,Positive
4175e357-b680-4f23-99c5-3a8941d7c5d1,CIB,Banking,5,2025-01-13,رائعة,Positive
a8d74e30-9c4a-4c01-91fc-dffa81e03050,CIB,Banking,5,2025-01-13,ممتاز,Positive
99d237bb-d5d6-4aff-84ce-66136b394ebf,CIB,Banking,1,2025-01-13,تطبيق سيء جدا جدا جدا لأنه مبيفتحش الحساب بتاعي فيه مشكله فيه,Negative
6ddaab3a-2ac2-4ccc-9bd6-bc57915c9952,CIB,Banking,5,2025-01-13,Good,Positive
d467292a-3ea0-48b0-b945-5292fa021dfc,CIB,Banking,5,2025-01-13,جديد,Positive
67ac3e46-8607-432a-b8ad-a95084bc82d2,CIB,Banking,5,2025-01-13,ممتاز,Positive
a26f2902-e223-4e98-8421-d29f86824986,CIB,Banking,2,2025-01-13,كيف احصل علي التطبيق الجديد 🤔,Negative
7159356c-391e-4670-81a6-d5f3736e3573,CIB,Banking,1,2025-01-13,صعب الاستخدام ولازم الغاء خيرات المطور لتشغيلة,Negative
97c9ace6-cf1c-4556-b840-dca29e672d41,CIB,Banking,1,2025-01-13,تطبيق سيئ الرجاء حل مشكله عدم الدخول,Negative
20ed978b-67b1-4dab-8cce-1a6720262091,CIB,Banking,2,2025-01-13,برنامج سيء لا يستجيب ولا بالباسورد ولا باسم المستخدم,Negative
d05ad640-cd69-4b2c-8519-e9670f9527c3,CIB,Banking,1,2025-01-13,التحديث اللى فات مكانش حلو خالص كل مره ادخل على البرنامج لازم البيانات كامله الدخول بالبصمه مكانش موجود,Negative
2c504b97-0faf-4886-a3d1-c4113c0cf4ad,CIB,Banking,5,2025-01-13,ممتاز,Positive
0d580b4e-ad9a-497f-a0f2-fd54ac1bc03c,CIB,Banking,5,2025-01-13,متتاز,Positive
583d5e0a-2534-40a5-a4ea-f33a0ebdf8db,CIB,Banking,1,2025-01-13,هذا التحديث الأخير وحش كل ما دخلت علي الحساب طلب مني التحديث ادخل أحدث يقل لي افتح طيب لية اللف دة,Negative
5955fd1e-3a78-4883-9de4-030361b78743,CIB,Banking,5,2025-01-13,ممتاز,Positive
6fc9f036-b9e6-4993-82bf-22bb4be037b2,CIB,Banking,1,2025-01-13,التطبيق السابق مريح اكثر فى التعامل,Negative
b338274a-f505-49ce-ac0f-d92d6e9c11fd,CIB,Banking,1,2025-01-13,للأسف الشديد معقد وخطوات كثيره النظام الاول احسن بكثير ياريت يتم العوده الى النظام السابق,Negative
edf40419-8087-4edc-b61e-f79267da7abd,CIB,Banking,1,2025-01-13,عندما اقوم بتسجيل الدخول تظهر دائما رساله تقول وقت الجلسه اوشك على الانتهاء وأقوم بأختيار متابعه تظهر الرساله مره اخرى بطريقه متتالية ولا استطيع استخدام البرنامج ما سبب ذلك واى إجراء اتخذه اريد احد إن يساعدنى,Negative
3db6a975-b872-436c-806c-90e736aa431b,CIB,Banking,1,2025-01-13,سيء جدا,Negative
09520e20-0147-4022-9c3b-5fa3cfa61796,CIB,Banking,3,2025-01-13,جيد جدا,Neutral
6538e518-17ac-4740-9468-b3c8c3ca6feb,CIB,Banking,5,2025-01-12,ممتاز,Positive
6063fd76-2e68-403f-81b5-af1705029754,CIB,Banking,1,2025-01-12,البرنامج لا يعمل بيظهر مثل الصوره الاصدار القديم جيد جداً ولاكن الجديد سيئ جدا,Negative
03a4e14a-9ad0-43e8-85e6-7686f26aadb1,CIB,Banking,1,2025-01-12,تطبيق سئ هو الإصدار القديم اشتكي من حاجة التطبيق مش عايز يفتح رجاء تشوفو المشكلة فين,Negative
ba46f1ae-6df3-4941-95ae-b61b39f0be88,CIB,Banking,5,2025-01-12,جميل جدا جدا,Positive
39cc988e-bd4f-415b-9442-eb96ba01f89a,CIB,Banking,5,2025-01-12,رائع,Positive
a83b9c05-13b5-4c6d-9015-090a4dbbc0c1,CIB,Banking,5,2025-01-12,جيد جدا,Positive
ee546214-8ee4-402d-b90b-70154f6d166f,CIB,Banking,1,2025-01-12,التحديث الأخير سي جدا,Negative
d41527ea-9201-449b-a2aa-cc7591ab2f6c,CIB,Banking,5,2025-01-12,ممتازجدا,Positive
dab931c9-5817-489a-8273-1b01589abcbb,CIB,Banking,1,2025-01-12,الابلكيشن بيفتح علي اسم المستخدم و الباسورد و مش بيعمل حاجه تاني حتي مش بيعلم انو يكتب حاجه محتاج المساعدة ضروري,Negative
e1a52047-2e62-4cce-9215-76027e4009cd,CIB,Banking,1,2025-01-12,تطبيق سئ نزلته ومش بيفتح حاولت عدة مرات وأدخلت اسم المستخدم والباسورد ما فيش فايده أرجوا حل المشكله لاني اتصلت بخدمة العملاء ولم يتم حل المشكله,Negative
699b67f8-6f92-4aae-9d95-fabd8da35948,CIB,Banking,5,2025-01-12,Good day,Positive
dc06e889-4887-4978-a83a-baa2558ecf52,CIB,Banking,5,2025-01-12,Супер,Positive
0b61059c-8277-4a4f-a6c2-097e51349e59,CIB,Banking,1,2025-01-12,سىء جدا,Negative
75b04293-19c9-49d2-8cdb-4e0f1ef3c104,CIB,Banking,5,2025-01-12,ممتاز ومفيد وفى جميع التعاملات الماليه التى أحتاج إليها,Positive
0ae326d1-c911-4896-b387-a89fb923e185,CIB,Banking,4,2025-01-12,جديد,Positive
68340e27-f6ee-402d-8c3f-1b3f2ba18246,CIB,Banking,1,2025-01-12,التطبيق السابق افضل بكتير,Negative
2b56c5ae-f290-44b7-aae3-25e1604103f1,CIB,Banking,5,2025-01-12,Good,Positive
d0537351-43ae-4fa7-9af8-f5133cf1e293,CIB,Banking,5,2025-01-12,"سهل التنزيل والدخول علي الحساب مباشره ولكن ليه فيه تهاون في الأمان العميل يدخل علي جوجل بلاي علشان يحمل التطبيق من الأفضل أن يكون رابط من التطبيق القديم بعد الدخول يحول علي التطبيق الجديد سهوله للعميل امان اكتر ضمان الوقت والتأكد من انه في التطبيق الصح ""It’s easy to download and log into the account directly, but why is there leniency in security? The client accesses Google Play to download the app. It would be better to provide a link from the old app that redirects to the new app.",Positive
cbff065d-df73-4c26-96f6-f0054a39160e,CIB,Banking,1,2025-01-12,هوه في اي بتطبيق كل شويه انتهاء فترة جلسه,Negative
c3015e54-be80-40f0-ab1f-7e34a9a06f5a,CIB,Banking,2,2025-01-10,زرار (تحديث) لتغيير مبلغ التحويل لحساب آخر مش شغال ، بغير المبلغ وادوس تحويل مش شغال خالص,Negative
64e774c7-9211-440a-8c0b-e5e4afe7346f,CIB,Banking,1,2025-01-09,التطبيق لا يعمل علي الاطلاق برجاء التواصل لحل المشكله,Negative
b62f2403-da8c-4d0f-aae5-83e810b5acf9,CIB,Banking,1,2025-01-09,اسوء ابلكيشن,Negative
9f8dc29b-79b9-4652-a6fc-49fb629fcb48,CIB,Banking,2,2025-01-08,التحديث وحش,Negative
40bb475c-1cbe-4d0b-971b-003fe55e74dd,CIB,Banking,5,2025-01-08,Excellent,Positive
d8c55365-1aa8-4941-b110-0ae1125f8487,CIB,Banking,5,2025-01-08,Excellent,Positive
e350704d-0fe9-405f-926b-5b9b2ac4dd5e,CIB,Banking,1,2025-01-08,سيئ جدا,Negative
2c039c13-f526-4b40-87f1-863f9dd0a1b1,CIB,Banking,1,2025-01-07,تطبيق سئ نزلته مرتين وعملت باسورد اكتر من مرة ومش بيفتح وتواصلت مع خدمة العملاء اكتر من مرة ارجو حل المشكلة دى الابلكيشن القديم كان افضل مش زى دا مش عارف ادخل حتى علية,Negative
a8a2c9b9-d959-4206-a31b-f6ac5b247f68,CIB,Banking,1,2025-01-06,تطبيق سيء جدا يرجي تغير هذا النظام بدل من نروح اي بنوك تانيه عيب كده يا cib,Negative
7e526d01-41c3-4f05-b54e-58e8f866e79a,CIB,Banking,1,2025-01-05,تطبيق اكثر من سيئ فى استخدمه,Negative
88385460-0847-4dc0-a64c-e7dbe8204b82,CIB,Banking,5,2025-01-05,عندما أقوم بتسجيل الدخول تظهر دائما رسالة تقول وقت الجلسة أوشك على الإنتهاء وأقوم باختيار متابعة تظهر الرسالة مرة أخرى بطريقة متتالية ولا أستطيع إستخدام البرنامج.حذفت البرنامج وقمت بعمل تنصيب له ولكن نفس المشكلة. ما سبب ذلك ؟ -------------------- شكرا جزيلا على التواصل تم حل المشكلة بنجاح شكرا لكم,Positive
7883f600-9f5e-457d-b65b-0d2ac9ceaa1d,CIB,Banking,5,2025-01-05,تمام,Positive
a73bda10-7d3e-49b3-b477-2868d7aa3a97,CIB,Banking,5,2025-01-05,رائع ومن أفضل البنوك اللي اتعامل معاها,Positive
7f6fac17-fc87-461e-b867-6fb48acfd1a8,CIB,Banking,5,2025-01-05,جميل جدا افضل من القديم,Positive
65c7bab4-018e-4436-9d87-0c67fad1862c,CIB,Banking,5,2025-01-04,جميل فى تقدم,Positive
06be4b9f-f03c-4e54-94b1-672bc0a88ee0,CIB,Banking,1,2025-01-04,👎,Negative
7b01523b-c8de-4212-9983-d9fbdb53806f,CIB,Banking,1,2025-01-04,حدثتو الابلكيشن ومش فاهمين المشاكل اللي عليه 20 اتصال لخدمه العملاء علي مدار 5 ايام وكل واحد كلمه مختلفه وياريت المشكله اتحلت اصلا كنتو ومازلتو اسوء خدمه عملاء,Negative
2ef904c3-dcb3-4c2e-b941-e077373081a3,CIB,Banking,3,2025-01-04,يتم طلب تحديث باستمرار,Neutral
1b8131db-a0d1-4541-ad48-86fc0b146c16,CIB,Banking,1,2025-01-04,تطبيق سئ للغايه دايما مشكله في كلمه المرور مع العلم انها سليمه غيرت كلمه المرور.ويديني تم تغيير كلمه المرور بنجاح ادخل تاني .يديني حدث خطأ أو اظبط ساعتك..الصراحه التطبيق القديم افضل بكتير انا لغايه دلوقتي مش عارف افتحو ولا اعرف حسابي او قسط عليا .ولا اي حاجه,Negative
115bdc83-c19b-4645-a992-a505e7d92f13,CIB,Banking,1,2025-01-03,سئ جداااا جداااا جداااا بيخرج ومش بيخش ومل شويه يحولني لجوجال او يقول عند الدخول اصلا ان الجالسه انتهت تحديث سئ وانا بستخدم البرنامج القديم لانه مستقر اكتر,Negative
bc6eabf4-f23b-480e-9af8-e97c95885665,CIB,Banking,1,2025-01-03,برنامج سي للغاية يطلب مني كلمه مرور جديده ويذهب به الى الانترنت بلا فائده برجاء التعديل,Negative
1c772f9a-fc39-48df-bd9d-5f629a7818c6,CIB,Banking,5,2025-01-02,انا كل مااسجل كل البيانات صحيحه يرجع يقلي حدث خطأ مش عارف اعمل ايه,Positive
eda05c9d-4748-4c91-b0c2-d3aaf73660b8,CIB,Banking,5,2025-01-02,احسن من القديم بكتير,Positive
61733655-cd52-4cc2-9461-14f2ac49f983,CIB,Banking,1,2025-01-02,بيفتح لكام مفيش تحكم,Negative
1ec3093e-4312-47d2-95ca-8f2e059a00a4,CIB,Banking,5,2025-01-02,رائع,Positive
20457ca3-beaf-4a86-91a4-7e25bcbb6d9c,CIB,Banking,5,2025-01-01,ممتاز,Positive
15533620-29a5-4ef3-a966-87515414fd3a,CIB,Banking,5,2025-01-01,👍,Positive
97721f07-f0d1-47b4-9648-39b507aab9a9,CIB,Banking,1,2025-01-01,القديم احسن,Negative
2dead278-4535-477a-91be-6bb328f0ef32,CIB,Banking,5,2025-01-01,ممتاز,Positive
491d4692-9b52-45c4-8f46-8babeab72da4,CIB,Banking,1,2025-01-01,يتعزر النثبيت بعد التحديث ايه الحل,Negative
e93adce7-eb5a-491a-a97e-098b6865cd1a,CIB,Banking,5,2024-12-31,👍👍👍,Positive
7fcbf8b5-5bb3-4220-bc82-22e022d5ceab,CIB,Banking,5,2024-12-31,جميل,Positive
b8177e7a-be06-412b-96fd-0e6b5a26bb9f,CIB,Banking,5,2024-12-31,جيد جداً,Positive
01515cb8-474b-4df8-85e7-1fbf309591d2,CIB,Banking,5,2024-12-31,جميل,Positive
a9c23a7e-0145-4dce-995a-36567a9a6840,CIB,Banking,5,2024-12-31,ممتاز,Positive
a9bb9482-b810-4b9d-ac6a-079c8bcfcd90,CIB,Banking,3,2024-12-31,جميل جدا,Neutral
1c352ff3-471f-411f-ad29-c98e7a356643,CIB,Banking,5,2024-12-31,جميل جدا جدا شكرا CIB,Positive
4d27b5bd-55ae-4b6d-9f09-6da03d9ceaf0,CIB,Banking,5,2024-12-30,تحديث رائع,Positive
b0565e49-a8dc-4222-b443-5dbe645d53cc,CIB,Banking,1,2024-12-30,تطبيق بطيء جدا وصعب التعامل معاه و التطبيق القديم احسن واسرع ارجو الرجوع اليه لان هذا التطبيق فاشل,Negative
953d6b8a-836d-45d3-b618-4866a6e4ba2c,CIB,Banking,5,2024-12-30,جيد,Positive
8b3d1c97-0176-4903-982e-21fdf8ee0ed7,CIB,Banking,1,2024-12-30,الاصدار الاخير فاشل بعد ما ندخل البيانات البرنامج بيخرج لازم احذفه وانزل البرنامج من تاني,Negative
c7bfd8df-5c9b-4b97-83a0-9a18d054b9ad,CIB,Banking,1,2024-12-29,البرنامج سيئ ولا يعمل ...القديم أفضل منه,Negative
d350a9d1-99e1-423b-806d-ea45488420b2,CIB,Banking,5,2024-12-29,ممتاز جدا,Positive
82b00ab5-530e-48ba-a8da-03ea8ed1d1d8,CIB,Banking,1,2024-12-29,سيء جدا جدا جدا جدا ولا يعمل,Negative
0d64f315-d9ad-4a37-9c46-2d128a8a42ed,CIB,Banking,5,2024-12-29,تطبيق جديد رائع كل معاملاتك وحسابكوالبنكي والبطاقات هنا,Positive
d3332240-6b75-4964-95db-7130d6dbcbd0,CIB,Banking,2,2024-12-28,كل ما اجي انشئ حساب جديد يقول لى البيانات خاطئة وانا متاكد أن البيانات صحيحه,Negative
0fb455c0-9e4f-4028-a5e2-5299d9d9d71d,CIB,Banking,1,2024-12-28,التطبيق القديم أفضل وأسهل,Negative
93dfa9a9-7bad-4afa-9dac-8c56ccc0a76c,CIB,Banking,5,2024-12-28,ابليكشن ممتاز و بنك محترم,Positive
17551975-1f2c-475b-b5eb-75cc79950e04,CIB,Banking,1,2024-12-27,خدمة عملاء سيئة و استهتار بوقت العملاء و مفيش مصداقية تجربة سيئة,Negative
3cce1974-131e-42e5-b47d-fa422cedb717,CIB,Banking,1,2024-12-27,صعب جداً,Negative
c481d840-3408-41e8-8e39-1844a8eb3128,CIB,Banking,1,2024-12-26,كل اما افتح يجيلى انتهاء وقت الجلسه مش عارف فيه ايه اقفلها تيجى برده,Negative
8821cf6e-d0cb-41ed-a124-3bbc5bb264f0,CIB,Banking,5,2024-12-25,بنك نثق فيه كل سنه وانتم طيبين وعقبال 100 سنه من تقدم وازدهار,Positive
c4cebccf-d2c1-40b5-82c6-d5652d7cae38,CIB,Banking,1,2024-12-25,تسجيل الدخول سيء جدا كود تحقق,Negative
ba9bc0e3-70be-46d5-b291-0eb8d48b933b,CIB,Banking,1,2024-12-25,التطبيق لا يعمل هاتف نوكيا ١٠,Negative
3beabe6f-2d4f-4183-8ed9-013f98a041c0,CIB,Banking,1,2024-12-25,عندى مشكله فى تنزيل التطبيق لتليفون oppo 11f,Negative
272a989d-e533-4178-a0e7-e13847d5a10f,CIB,Banking,5,2024-12-24,البرنامج جميل لاكن القديم كان موضح كل المعاملات السابقة ده مش موضح,Positive
4196ad49-fe2c-4a3b-87c8-7da28f52ef43,CIB,Banking,1,2024-12-24,يوجد مشكله بالتطبيق كل اما بسجل دخول بيقولي استمرار ومش بيبقبل أني ادخل ع التطبيق بيعمل تسجيل خروج,Negative
3654329e-d8e7-440d-b2ef-cc272f957739,CIB,Banking,2,2024-12-24,لا استطيع إنشاء حساب جديد بسبب تحدى الكابتشا وكل ما أدخل حروف الكابتشا يقول لي خطأ في البيانات,Negative
ab6803a4-746f-4128-bd86-e4755d405659,CIB,Banking,1,2024-12-24,بحاول اسجل باكتر من طريقه وكل مره فشل إدخال بيانات غير صحيحه,Negative
73e9cb44-c85e-4e23-aeaa-f57574cfa9a1,CIB,Banking,3,2024-12-24,حروف وأرقام الكتابه صغيره جدا,Neutral
313d90d5-4002-4dbf-8650-5bf31599639f,CIB,Banking,2,2024-12-24,الابلكيشن الثاني كان اسهل في التعامل ياريت يكون في تحديث احسن من كده,Negative
5db24ff4-0c08-4d65-8fcd-b89469839389,CIB,Banking,1,2024-12-23,سئ التطبيق لا يستجيب عندما افتحه لا يستجيب,Negative
c8411749-fdfb-484d-9d8d-b8e023ee190a,CIB,Banking,1,2024-12-23,التطبيق القديم افضل بمراحل التطبيق الجديد استخدامه صعب,Negative
98a6c926-d4ad-405e-8c54-d768058653a2,CIB,Banking,1,2024-12-23,للاسف برنامج فاشل واللي صممه ناوي يكره الناس في البنك,Negative
36a53673-7162-4273-b07a-3b321077672b,CIB,Banking,5,2024-12-21,جيد جدا,Positive
7661ba1d-a2b5-4f45-af61-22be0f9cdcb7,CIB,Banking,1,2024-12-21,التطبيق لا يعمل,Negative
e4fb7620-f23b-4698-84bd-4fd4bceac8e0,CIB,Banking,1,2024-12-21,تطبيق سى للغاية وفيه مشاكل كتير وكل تحديث مش بيحل المشكلة التطبيق بقاله شهرين ولحد الان مش عارفه اسجل دخول,Negative
315e25e4-a472-4da1-91ad-b37757be6f7f,CIB,Banking,1,2024-12-20,لا يمكن تغيير الباسورد على الرغم من صحه المطلوب للباسورد,Negative
bdb3054d-351a-46dd-82bc-f19204aeace3,CIB,Banking,5,2024-12-20,جيد جدا,Positive
ecadcb04-81cb-4ea5-ad12-2e5a33398fe1,CIB,Banking,1,2024-12-20,البرنامج مش راضي يشتغل خالص بيعمل تسجيل الخروج بحط اسم المستخدم والرقم السري صح برجاء حد يفيدنى,Negative
35e4b5d9-b744-4a99-9732-9f76aad33d6f,CIB,Banking,5,2024-12-19,ممتاز,Positive
47cf21b3-47b2-471d-ab8f-6d14711f6b04,CIB,Banking,5,2024-12-19,شكرا لحل المشكله,Positive
fd1f6f5e-0b8a-4f27-a224-6a55d8fd2807,CIB,Banking,5,2024-12-18,ممتاز,Positive
aadaa135-002e-42e9-bd8d-88c8035d3afa,CIB,Banking,5,2024-12-18,بنك ممتاز جداً ولكن نحتاج مدة تقسيط بدون فوائد طول مثل باقى البنوك,Positive
603b5670-5191-40a5-9282-a02a9ec0a725,CIB,Banking,5,2024-12-17,ممتاز,Positive
e972324d-bf76-439f-b41c-000132d850fc,CIB,Banking,1,2024-12-17,التطبيق لا يعمل بعد تنزيل النسخه الجديده,Negative
2175fba6-d614-4e05-b74f-82b8eaa633bb,CIB,Banking,5,2024-12-17,ممتاز و سهل و بسيط,Positive
0a02d745-b19f-4544-8adc-b5c6425a99bb,CIB,Banking,1,2024-12-16,سئ جدا جدا,Negative
bca2070c-bd31-41f7-8e3f-d5904112a3a7,CIB,Banking,5,2024-12-16,تجربة ممتازة انا افضل بنك cib,Positive
55cad7b3-2573-48b6-b9a6-e1cf797d69bd,CIB,Banking,1,2024-12-16,حاولت كتير تسجيل الدخول مع العلم بدخل كل البيانات صحيحة يعطيني تسجيل بيانات خاطئة,Negative
bd0b1b93-2c9a-44cd-952b-5272fde649c2,CIB,Banking,5,2024-12-16,ممتاز جدا,Positive
d82c4947-d922-4e0b-b260-ccdb9344118b,CIB,Banking,5,2024-12-16,ممتعه,Positive
2f0d1ce8-78e8-4b63-ab41-2f3a03d5c91b,CIB,Banking,2,2024-12-16,تطبيق سئ جدا بيهنج الجهاز وكل لما افتحه مش عايز يفتح ويطلع من التطبيق علي طول,Negative
8c444315-d213-421e-9f43-97898e826975,CIB,Banking,5,2024-12-15,اتمني اضافه الدارك مود ف البرنامج,Positive
e9abba90-039b-4e48-a1e6-f3d2649f0d23,CIB,Banking,1,2024-12-15,لا يوجد أي مستوى أقيم بيه البرنامج سئ جدااااااا ف استعماله ولا يستاهل اي نجمه ده برنامج تبع البنك المفروض يكون أفضل برنامج في استعماله مش طريقه تواصل مع للعملا دى اطلاقا,Negative
98bf9384-1bb8-4f46-930d-58b47f9d528a,CIB,Banking,1,2024-12-15,التطبيق لا يعمل معي علي الاطلاق,Negative
1d8a37b2-2488-4fbf-8045-98a7fd709bed,CIB,Banking,5,2024-12-14,جيدة جدا,Positive
9b795f7c-f371-4878-bf87-916c86dee4e5,CIB,Banking,5,2024-12-14,ممتاذ جدا,Positive
a40c180c-182b-4bd5-b412-5dbcccd2c1b2,CIB,Banking,2,2024-12-14,التطبيق بعد التحديث الاخير اصبح سئ جدا ياريت يتم تحديث لرجوع شاشه الارصده مختصره مثلما كانت من قبل,Negative
a0929e71-4efd-4d27-86d0-81d342cb7cc9,CIB,Banking,5,2024-12-12,التطبيق سهل امكانيه التحويل بين الحسابات بكل سهوله,Positive
8a720617-66aa-4f19-b184-91292a324014,CIB,Banking,3,2024-12-12,التحديث لم يغير من بُطء فتح التطبيق ككل أو فتح المحتويات . كذلك ، لا يوجد تطابق فى أسعار العملات بين التطبيق القديم والحديث . التطبيق يحتاج معالجة الشوائب .,Neutral
b07efb67-de29-412c-872f-e427972a0b63,CIB,Banking,5,2024-12-12,ممتاز ⭐⭐⭐⭐⭐,Positive
6f3e353d-3451-4708-bd3b-5a6644bbed9c,CIB,Banking,1,2024-12-12,للاسف واضح انا فى مشكله فى التطبيق لا يعمل بشكل صحيح,Negative
564cbd36-48a8-44cc-9acd-e84dccb1b4ba,CIB,Banking,1,2024-12-12,التطبيق يعيبه انه في وضع المطور يتحول للموقع,Negative
20144388-6d23-4164-9330-3fbc544397a4,CIB,Banking,1,2024-12-12,البرنامج توقف عندى مش عارف اتعامل خالص وعاوز احول فلوس من حسابى على كريديت كارد واسدد المديونيه مش عارف,Negative
f93a2604-4757-4fb2-948a-db0c4c1c885b,CIB,Banking,5,2024-12-11,والله العظيم مع احترامي لأغلب البنوك بس مش هتشوف معامله وعمل واحترام وتسهيل لجميع خدماتك غير بنك او اتنين اولهم cib,Positive
29b2887a-81c2-458c-8637-6a7a2240f759,CIB,Banking,1,2024-12-11,تطبيق مش افضل حاجة نظرا لأنه بيفتح على المتصفح وصعب فى التسجيل فيه,Negative
f702cf43-2db2-4a01-8357-4deb07a9b43b,CIB,Banking,1,2024-12-11,حملت التطبيق وكل لما اجي افتح يفتح علي المتصفح,Negative
ed4f68c5-1962-4480-a4d3-b0d7449fb8b7,CIB,Banking,1,2024-12-11,انا عندي مشكله في البرنامج ده في عدم فتح حساب بيتعه علطول لمذا هذا المشكله,Negative
c80cf955-d988-4137-a8c5-eaf4c8a8caa0,CIB,Banking,1,2024-12-11,التطبيق مش بيفتح ويتنقل للمتصفح,Negative
2227f598-6ccd-48b6-b752-53e068e3ec6f,CIB,Banking,5,2024-12-11,جيد,Positive
3a126cd3-a0a0-4428-a285-49b321112a75,CIB,Banking,1,2024-12-10,بطئ في الاستخدام و سيئ جدا,Negative
192f3a66-8d27-490a-9d9f-f1f4a51a1228,CIB,Banking,1,2024-12-10,البرنامج بقى زفت,Negative
228ecf30-c2d7-437f-8fdc-ae0794bf33b0,CIB,Banking,1,2024-12-10,التطبيق لايفتح فتح كذا مرة وبعد كده كل اما ادخل من خلاله يخرج و يدخلني على الموقع ايه الحل,Negative
281f70df-8a76-4194-aaf1-d416e19cd7f2,CIB,Banking,1,2024-12-10,سئ جدا جدا لماذا يتم فتح المتصفح برغم اني محمل الابلكيشن,Negative
6ebce289-335b-4205-ac46-815bace9990d,CIB,Banking,1,2024-12-10,البرنامج القديم كان شغال معايا التحديث الجديد مش غالي نهائي ارجو الدعم والمساعدة,Negative
e7734b08-01be-4194-8f80-5c02a7f66fb0,CIB,Banking,1,2024-12-10,برنامج سي سئ,Negative
2916b4b6-c84e-41ee-94e6-1ef1eab6ef47,CIB,Banking,1,2024-12-10,برنامج سئ ولا يتم تفعيل otp حتى من خلال خدمه العملاء خدمه فاشلة ولا يوجد حل او افدة للمشكلة او حتى طرق سهله اتباعها,Negative
0f8f1d1b-55c1-4d54-89d3-6b7b8c45cca0,CIB,Banking,1,2024-12-10,تحديث سيء جدا جدا ولا يدعم البصمة ويعود للخلف بدلا من أن يقدم خدمات ووصول اسهل لحسابك,Negative
f9028b65-78d3-47d0-a975-bc2fc088dff4,CIB,Banking,5,2024-12-09,جيده,Positive
5ec5f668-6a7d-4f57-9710-9736714ea685,CIB,Banking,5,2024-12-09,ممتاز,Positive
9493b015-0e14-4ccc-99d4-70149bc3b76e,CIB,Banking,1,2024-12-09,سيئ للغاية ميزة الفتح بالبصمة غير موجودة,Negative
50fcec1b-834b-4241-afce-ee071c1de5b5,CIB,Banking,5,2024-12-09,تم قفل المطور والبرنامج فتح الحمد لله,Positive
4b6a766c-88a1-446a-9bbc-f4976377ea50,CIB,Banking,1,2024-12-09,التطبيق سئ جدا وبيفتح على صفحة نت وليس ابليكشن وكل شوية يطلب تسجيل بالرغم من حفظها ومفيش بصمة شغالة ارجو حل المشكلة والتواصل معايا,Negative
3b606cee-89e8-4ed4-a348-6e5049c51ddf,CIB,Banking,1,2024-12-09,برنامج سئ جدا التطبيق القديم افضل,Negative
69140e2c-bfed-4774-b7ac-2b49b284e1a6,CIB,Banking,1,2024-12-08,بدخل علي التطبيق بيحولني الي جوجول كروم مش عارف ليه انا بحتاج المطور بيفضل شغال مينفعش الغيه اعمل ايه طيب عشان التطبيق يشتغل,Negative
1d4ee263-9623-4c9c-a589-b3f9a8ed6031,CIB,Banking,3,2024-12-08,البرنامج كان يعمل بشكل طبيعي حتي التحديث مش بيفتح من البرنامج بيحولني علي المتصفح,Neutral
f7d747cf-1707-4071-95a5-cc0d2db5883e,CIB,Banking,1,2024-12-08,سي جدااااااااااا,Negative
01e20520-8b26-4960-96c0-b70a7a9de4e7,CIB,Banking,1,2024-12-08,تطبيق زى الزفت كل ما يتم الدخول يتم الخروج تلقائى والدخول للمتصفح ولا يتم الدخول برجاء التعديل للتطبيق القديم افضل من هذا بكثير,Negative
1ff7af66-9243-435f-b0ac-318f156ce81e,CIB,Banking,1,2024-12-08,التطبيق مش شغال خالص ولا راضي يعمل تسجيل دخول ولا راضي يغير الباسورد,Negative
11fc6f8e-fc6f-48fd-a9f9-1b29e9bde2b7,CIB,Banking,1,2024-12-08,التطبيق الجديد لا يعمل عند فتح التطبيق يتم التحويل الى موقع البنك لكن التطبيق القديم يعمل بكل سهولة,Negative
35f7e70d-4907-4205-a04d-1f10909c75dc,CIB,Banking,3,2024-12-08,التطبيق كان شغال معايا جميل جداً بس فجأة توقف عن العمل وعند الدخول عليه مرة تانية بيدخلني علي الموقع ايه الحل,Neutral
5edb273e-90aa-4566-8268-eae654798e35,CIB,Banking,1,2024-12-08,فاشل جدا جدا جدا جدا من اسوأ إلى اسوأ,Negative
12baa1b7-8949-48de-a745-abeb18b45d85,CIB,Banking,5,2024-12-08,تحديث جيد وسريع,Positive
4a34c98d-1458-4fb7-8084-300147689f5b,CIB,Banking,1,2024-12-08,فيه مشكلة في الدخل بيكتبلي الرقم السري خاطئ ولمه بغيره بيكتبلي اتصل مركز خدمة البنك 19666,Negative
6291f216-d62d-4a77-8555-67164e4d21eb,CIB,Banking,5,2024-12-07,التطبيق لا يستجيب عند الفتح ويغلق تاره وتاره يحولني علي المتصفح ومنه علي جوجل بلاي ثم يغلق بعد مده اكثر من شهر من العمل الممتاز,Positive
cc6a777a-fcc7-4e88-8356-1af950e44919,CIB,Banking,1,2024-12-07,التحديث الجديد سيئ جدا ولا يفتح ودايما يخرج من الابلكيشن,Negative
b171d848-a68a-4388-8a6f-c0b4d315500e,CIB,Banking,1,2024-12-07,اية القرف دة مش راضي يدخلني وعملت تغير للرقم السري قالي دخل رقم البطاقة والباسورد ولما عملت كدا قالي فشل اتوجة لأقرب فرع هو انتوا بنك كبير ومش عارفين تعملوا تطبيق محترم !!!!,Negative
5e7b71c1-66f5-40b6-8442-b61739dc3a10,CIB,Banking,1,2024-12-07,اول مابشغل التطبيق بيقفل تاني حذفته ونزلته اكتر من مرة ولسا المشكلة موجودة,Negative
d75e6d99-9ff4-4c3a-b863-36820aeacb3e,CIB,Banking,5,2024-12-07,بعد التحديث الممتاز وتحول روعه للتطبيق,Positive
de7c46d1-2cd0-435a-acfd-d52e645c3792,CIB,Banking,4,2024-12-07,المشكله كانت في تفعيل المطور ولما لغيت التفعيل أشتغل كويس,Positive
954d2cbe-063f-4155-9df5-7da5270a0e65,CIB,Banking,1,2024-12-06,البرنامج التحديث مش كويس,Negative
afffd036-3a53-4997-9448-980664009cb9,CIB,Banking,1,2024-12-06,التطبيق لا يعمل حزفت حزفته أكثر من خمس مرات ورجعت ثبتو لا يعمل,Negative
b5e12f21-7345-4508-9255-55979d524e01,CIB,Banking,1,2024-12-06,مش شغال,Negative
a9fff335-3c01-4855-9a2e-d613af80e2a8,CIB,Banking,1,2024-12-06,البرنامج بتحدد ليا جلسه ٣٠ ثانيه ويقفل,Negative
b23e02fd-bd07-41f2-a311-f8752c148807,CIB,Banking,1,2024-12-06,سئ للغاية مش عاوز يفتح ولا يغير كلمة السر فين التطوير,Negative
40d72de6-54a5-4605-b392-90b11470fa88,CIB,Banking,1,2024-12-06,تحديث زى الزفت ومش بيفتح انتو متعبين وكل اسبوع ليكم ابلكيشن شكل,Negative
4d78b4ad-dae6-4288-a5c7-b8fd7a17e112,CIB,Banking,1,2024-12-06,بصراحه تطبيق لا يليق باسم البنك ويجب الاهتمام بالشكل الجمالي والخدمات المقدمة وتحسين المظهر العام لكل صفحات التطبيق الاحساس عند استخدام التطبيق كأنك في الماضي قبل اختراع الالوان,Negative
b9235364-15fe-45a6-a531-37817ea96551,CIB,Banking,1,2024-12-06,ازبل بنك وازبل خدمة فمصر وازبل تحديث وانشاء الله قريب هقفل حسابى بسبب سوء الخدمات,Negative
9ebd9186-9f08-4882-a3b0-4e1d426b11c0,CIB,Banking,5,2024-12-06,جميل,Positive
7443a1a0-1bef-4f7d-9e00-e4efc028cf10,CIB,Banking,5,2024-12-06,Okay 👍,Positive
0dc23bf8-3320-45f8-8ea9-d49b97da3c60,CIB,Banking,1,2024-12-05,كل مادخل على التطبيق يحولنى للمتصفح,Negative
e9116b1d-7623-4eef-b08b-f862a6958b7b,CIB,Banking,1,2024-12-05,البرنامج مش عايز يفتح ومش عايز حتى يعلم على مكان الكتابه وبكلم خدمه العملاء بيقول لي بقى ابعت على الايميل مش عارف ايه ما تحل المشكله دي يا جماعه,Negative
a387451e-44c6-44ff-8ce7-ad4a5768d594,CIB,Banking,5,2024-12-05,بس مش شغال عندي,Positive
e54d1048-9dfa-4566-836c-ab355116aa20,CIB,Banking,5,2024-12-05,ممتاز جدأ,Positive
04002790-d461-4f1f-b33d-88577a23b23c,CIB,Banking,1,2024-12-05,التحديث الاخير زفففت,Negative
b662bf42-cc8c-4206-88bd-d75f4d8e6c7f,CIB,Banking,1,2024-12-05,التحديث في مشكله كبيره من ساعه ما حملته ومبفتح يقولي حدث خطأ في تغيير كلمه السر,Negative
292d35de-2248-4247-b0b9-02b44f452a4c,CIB,Banking,1,2024-12-04,سئ جدا جدا جدا ولا يعمل,Negative
291c9675-f7cc-42f9-bee2-9bf9041cfb45,CIB,Banking,2,2024-12-04,مش عايز يفتح ولا عايز يغير كلمة السر كل مرة يعطيني خطاء اعد المحاولة,Negative
46eb340d-3035-46e6-9977-79e3f60d1278,CIB,Banking,4,2024-12-04,تمام الحمدلله ❤,Positive
d206a666-f1e1-43ca-aede-1d191941d0e3,CIB,Banking,3,2024-12-04,التطبيق لا يعمل يدخل علي المتصفح اثناء فتحه,Neutral
8468b00f-8b81-4065-b992-1c840b090390,CIB,Banking,5,2024-12-04,good,Positive
0ade57e3-3c2f-47ec-b62f-03a2cb911577,CIB,Banking,5,2024-12-04,كل الشكر و التقدير لخدمه عملاء cib تم التواصل و حل المشكله عن طريق فريق السوشيال مديا,Positive
60ab24f4-ef75-43e1-a11c-e9d749190714,CIB,Banking,1,2024-12-04,التطبيق لا يعمل بعد التحديث الاخير لما بفتح بيحولني علي المتصفح جوجل,Negative
0f3690a1-a4b4-46bc-84aa-50b834296b94,CIB,Banking,1,2024-12-04,التطبيق لا يعمل,Negative
9f06ca55-5cc7-4a3c-ba50-edb9a10d7166,CIB,Banking,5,2024-12-04,ممتاز,Positive
380b9121-5aee-47b0-8bed-202b54c71412,CIB,Banking,1,2024-12-04,تحديث فاشل لا يعمل برجاء الرجوع إلى النسخة القديمة او تحديث جيد,Negative
c92ed77e-ff6c-41fd-bab8-370ff8979f54,CIB,Banking,5,2024-12-04,ممتاز جدا جدا,Positive
4398847f-15ec-4bfb-a945-232bc6aae04f,CIB,Banking,5,2024-12-04,جميل جدا احسن من الاقديم بكتير بتوفيق,Positive
57896e39-6ae9-48ed-9aec-dc8cbb5b847c,CIB,Banking,1,2024-12-03,التطبيق لايعمل,Negative
e89fd467-3e5e-46d0-9810-3d6717fff909,CIB,Banking,1,2024-12-03,التطبيق الجديد بطئ جدا ويغلق بعد ثواني ولا تستطيع إجراء أي معاملة من خلال التطبيق بسبب الإغلاق الذاتي,Negative
fa2bcaf5-d203-4957-af24-ee3f90fb969d,CIB,Banking,5,2024-12-03,V.G,Positive
b017744e-214a-4c4c-a36f-3cfad61ef0b3,CIB,Banking,5,2024-12-03,برنامج رائع وسهل وآمن,Positive
a980aae3-d3c8-4b94-b819-a177eebf7da7,CIB,Banking,1,2024-12-03,التطبيق كان يعمل بمثاليه اول كام يوم من التحميل، لكن من يومين وانا كل ما ادخل يفتح لي صفحة cib على المتصفح,Negative
dd4f9f7a-61b6-4c90-95cf-06d019b994b2,CIB,Banking,5,2024-12-03,ممتاز,Positive
e452072b-dd18-470d-9a3c-835009e1dc8f,CIB,Banking,5,2024-12-03,سهل الاستخدام وتطور ملحوظ حقيقي,Positive
9120c1ba-70ce-4ada-87ce-d7e5992f1ada,CIB,Banking,1,2024-12-03,فى مشكلة ف التطبيق كل ما افتح التطبيق بيفتح صفحة ويب موقع cib ما هذه المشكله,Negative
3ebe026a-623c-43b8-88dd-52503cbcd6e3,CIB,Banking,1,2024-12-03,تطبيق بطئ جدا,Negative
5ffe34ba-6792-429d-8632-62b2787c5df5,CIB,Banking,1,2024-12-03,التطبيق سئ والتطبيق القديم افضل منه بكثير,Negative
557bf333-5814-49c6-93f9-39b920d3069e,CIB,Banking,1,2024-12-03,تجربة سيئة جدا والبرنامج مش بيفتح,Negative
e41ed7d1-9b6a-4ebb-bb2f-ac69d1ed6fc3,CIB,Banking,1,2024-12-03,البرنامج لا يستجيب للعمل علي الموبايل من افشل البرامج ولم يسطتعوا حتي الآن حل المشكله,Negative
eed8aff9-86e7-4c04-bb78-71c2c0823779,CIB,Banking,5,2024-12-02,البرنامج لايعمل من يوم الخميس الجمعه ٢٩ /١١ من بعد التحديث الاخير نرجو الرد او الاصلاح تم التوصل مع خدمه العملاء وتم تشغيل البرنامج,Positive
268344c0-22d4-4017-b42b-7d474bf19988,CIB,Banking,1,2024-12-02,البرنامج كان شغال كويس ودلوقتي لمه افتح البرنامج يحولني الي جوجل,Negative
8ce66b62-93f7-443f-97c3-7e9cb11261c7,CIB,Banking,3,2024-12-02,التطبيق لا يعمل بعد التحديث الاخير عند فتح البرنامج يقوم بتحولك علي متصفح جوجل,Neutral
18b6df32-225e-4ad2-94e8-46bce250bf2a,CIB,Banking,5,2024-12-02,البرنامج الجديد افضل من القديم بنسبه كبيره ويتيح الكثير من التفاصيل أعتقد أنه أفضل برنامج بنكي في مصر حاليا,Positive
ccb5ee00-3937-4be9-9acf-624bedabf246,CIB,Banking,1,2024-12-02,مش عايز يفتح التطبيق,Negative
6a1977e7-3d4c-4b92-94be-b1c6004cb8c9,CIB,Banking,5,2024-12-02,ممتاز جيدا,Positive
639f302b-1a6c-459b-a355-f92beb34e882,CIB,Banking,5,2024-12-02,خدمه ممتازة جدا,Positive
393f3459-79bf-4fe7-bff1-4047d9f6651a,CIB,Banking,1,2024-12-02,التطبيق بعد التحديث يستمر التطبيق في التوقف ولا يعمل,Negative
f20b5ba7-760b-4b0d-83d6-743e81be0c56,CIB,Banking,1,2024-12-02,زى الزفت مبيفتحش خالص ويحولك على الويب ومتقليش خش على الاعدادات ووضع المطور للتبديل علشان قعدت ادور ملقتش الكلام ده,Negative
499bdd19-9136-4ad9-88bd-f1565542cf50,CIB,Banking,1,2024-12-02,لية مش بيفتح صفحة التحويلات وكل حاجة يقولى نعتذر وحاول مرة اخرى فى وقت اخر,Negative
5c799208-3e48-4c01-af97-50a471077c2b,CIB,Banking,1,2024-12-02,الأبلكيشن سئ جدا جدا بعد التحديث معتش فيه دخول بالبصمة لازم كل مرة أكتب الأكونت,Negative
75a798a1-0c8a-418e-8fe4-b98205fba9c2,CIB,Banking,1,2024-12-01,صعب جدااااا فى الاستخدام و مغلق على طووول مش بيقبل الباسورد و مهما احاول مفيش برنامج سيئ جدااااا,Negative
e316646d-aa59-4a26-a2bb-82a5cd3516c5,CIB,Banking,1,2024-12-01,البرنامج توقف عن العمل بشكل مفاجئ ويتم تحويلنا الي الصفحه الرسميه بالبنك,Negative
4fd31a6a-b6fc-432a-8cdb-feaca638c7ec,CIB,Banking,1,2024-12-01,سئ جدا ولا يعمل,Negative
4ea55ebe-69aa-440f-9e98-ce4ab5de7adf,CIB,Banking,1,2024-12-01,كل ما اخش يجبلي تسجيل وجنبها يوجد خطاء ما ومفيش تسجيل دخول,Negative
6764b980-4832-43fa-aa6b-cf7447bd2150,CIB,Banking,1,2024-12-01,البرنامج القديم كان بيظهر في خاصيه حماية الدفع الموجوده علي التليفون انه امان انما البرنامج ده مش بيظهر اصلا في خاصيه الدفع الموجوده في اعدادات الامان الخاصه بالتليفون,Negative
ec60704a-03c7-4f26-b9c1-b357af2eef2d,CIB,Banking,1,2024-12-01,بيفتح ويخرج وغير سلس,Negative
3cca6ad2-ae1b-4eb4-bb92-ea0a950d0386,CIB,Banking,1,2024-12-01,خدمه عملاء دون المستوي اربع شهور مش عارف ادخل الابلكشن وبكلم خدمه العملاء محدش بيرد.. انا خارج مصر,Negative
9bee18f3-57ff-48a6-876c-570740ba93e2,CIB,Banking,5,2024-12-01,كيف يعمل,Positive
c5f1e385-517c-40e2-b3fd-99c582cb138d,CIB,Banking,1,2024-12-01,التطبيق لا يعمل، عند تسجيل الدخول يتم عرض رسالة إن سيتم تسجيل الخروج من الأجهزة الأخري وعند اختيار المتابعة لا يفتح وتظهر رسالة unknown error,Negative
0f321f90-6adf-4a29-89f1-4a4c89981f74,CIB,Banking,5,2024-12-01,ممتاز,Positive
113a7487-e776-4154-9c1b-ec692b8681eb,CIB,Banking,1,2024-12-01,لا يعمل,Negative
aa449f7b-22a8-47d4-90ee-5f4b25df2fd4,CIB,Banking,1,2024-12-01,السلام عليكم التطبيق الجديد لا يعمل بفتحه بيدخل على لينك موقع البنك انا محمل التطبيق الجديد,Negative
3de9ba0f-3972-449f-aef1-820244843548,CIB,Banking,1,2024-12-01,مشكله في البرنامج مش بيفتح اصلا علما أن البرنامج القديم كان شغال زي الفل,Negative
d70a7d74-70f0-43bb-972f-ba89c1293094,CIB,Banking,1,2024-12-01,بيفتح المتصفح مش بيفتح وجه التطبيق,Negative
baf98ec5-6ff0-49ff-ae69-1cccf9bf90a7,CIB,Banking,1,2024-12-01,البرنامج لا يعمل ويفتح متصفح علي موقع البنك,Negative
00b42441-6162-4ca4-8bc0-f15a3b380dfa,CIB,Banking,1,2024-12-01,برنامج اسوء من اللي قبله ما شاء الله,Negative
da56693a-52be-46cc-af88-21c80b5a39d6,CIB,Banking,5,2024-12-01,تمام,Positive
ed2cdfb1-b5f7-46ad-a101-84e05b829c85,CIB,Banking,4,2024-11-30,البرنامج طلب تحديث والبصمة اختفت بعد التحديث اية السبب وكيفية استرجاع البصمة,Positive
15511a71-7eae-4d60-b4a3-f16e94d695a2,CIB,Banking,3,2024-11-30,مش بيشتغل وبفصل اول لما بضغط علي الابلكيشن لدرجة اني خذفته اكتر من مرة ولكن المشكله ما زالت موجوده شكرا cib تم التواصل وحل المشكله,Neutral
42628288-a0e1-4279-984d-86cf0723d53c,CIB,Banking,1,2024-11-30,نزلت التطبيق وبدخل عشان اسجل بيجيلي صفحه البنك من جوجل ومش عارف ادخل لحسابي من اول ماامسحت القديم,Negative
099e8f91-680c-4cc2-abd5-10228133cdee,CIB,Banking,1,2024-11-30,الابلكيشن مش عايز يفتح معايا لما بفتح بروح ع الموقع ع الانترنت مش بدخل الابلكيشن,Negative
e0c08cab-5555-4baa-8122-65e780043efa,CIB,Banking,5,2024-11-30,سلام عليكم عندي مشكله ف التطبيق النهارده التطبيق بيفتح علي متصفح وبيهنج هل ده مشكله عامه ولا انا بس,Positive
22c8f713-8ec3-40b3-af14-ed7a41c33ddc,CIB,Banking,5,2024-11-30,البرناج افضل من القديم في بعض التحويلات المعاملات .. ولكن من بعد تحديث اليوم والبرنامج كل ما مره اسجل دخول عليه يحولني تلقائيا علي المتصفح الخاص بالإنترنت.. يرجي حل المشكلة!!,Positive
9a646192-8114-43e7-8cc1-9b1ac8a75241,CIB,Banking,3,2024-11-30,التطبيق كان يعمل حتى يوم الخميس الماضى ثم طلب تحديث يوم الجمعه صباحا وبعدها لا يعمل اطلاقا وعند فتحه يتم التحويل الى صفحه انترنت عادى على جوجل ولا يتم فتح التطبيق مع العلم انى اندرويد ١٣,Neutral
da105d32-44e1-4c1b-9b31-c9e1f8bf09d4,CIB,Banking,5,2024-11-30,جديد,Positive
6d655664-1c95-4cc1-86e9-c4e89195a507,CIB,Banking,1,2024-11-30,بعد التحديث الاخير التطبيق مش بفتح على الموبايل وبيحولنى على الموقع الطبيق يبقفل لواحده,Negative
46aa30ad-3980-43c5-941e-35ebb1497651,CIB,Banking,2,2024-11-30,التطبيق مميز بس مش رادي يفتح دلوقتي عندي ومسحته كذا مره ممكن حد يتواصل معايا,Negative
2f27d24c-eb6c-4c06-985d-8ea1ba41645b,CIB,Banking,5,2024-11-30,Ok,Positive
a06b110f-6808-4fed-9c09-a71d3f1f7593,CIB,Banking,3,2024-11-30,الابلكيشن طلب تحديث وبعد ما حدثته كل لما افتحه يحولني علي website بتاع البنك,Neutral
e6517fff-87fe-443f-ba75-f641ce6e7e02,CIB,Banking,1,2024-11-30,بعد التحديث الاخير البرنامج لا يفتح ولكن يفتح صفحة البنك من خلال جوجل كروم فقط والتطبيق لا يعمل,Negative
d6c78678-e0a3-49fc-98d9-39f02726062e,CIB,Banking,1,2024-11-29,البرنامج بطيق بيفتح بعد فتره مش زى القديم كان اسرع,Negative
93f1fd3d-9526-40d2-a4f8-3e0a991e06d5,CIB,Banking,2,2024-11-29,التطبيق لا يعمل بعد آخر تحديث,Negative
4837a72f-8618-4152-92e9-623d29cb06c5,CIB,Banking,5,2024-11-29,جميل جدا,Positive
1462e4f7-164d-4ded-9435-1ce5990c395e,CIB,Banking,1,2024-11-29,لماذا بعد التحديث الأخير لم يفتح الحساب ويظهر لي قام CIB بفتح هذه الصفحه يمكنك حظر التطبيقات من فتح صفحات الويب في الضبط ليه كده مكنش بيحصل كده خالص اول مره,Negative
1bfda609-72b5-43e8-9d5c-0d9a05fffcac,CIB,Banking,5,2024-11-29,ممتاز,Positive
cb1388ca-2b49-453a-9686-21c410d2fd8a,CIB,Banking,1,2024-11-29,بعد آخر تحديث التطبيق لا يعمل وبيفتح معايا على متصفح جوجل كروم فقط,Negative
dc3557bd-37f3-4a02-9b12-e9fe41594deb,CIB,Banking,1,2024-11-29,التطبيق طلب تحديث وبعدها مش عايز يفتح زي الاول,Negative
3e27b12e-b42a-4d9d-a2b6-0a38bf74b501,CIB,Banking,2,2024-11-29,بعد التحديث الجديد الابلكيشن مش بيفتح,Negative
92fb7080-a5c4-47a9-8b69-30a01318049b,CIB,Banking,5,2024-11-29,رائع,Positive
12da7bdc-eb42-4009-87fb-5ddbc41e040f,CIB,Banking,5,2024-11-29,التطبيق افضل من التطبيق القديم وخدمات اكثر,Positive
853430bb-a198-4252-9c12-a06652513953,CIB,Banking,5,2024-11-28,بطي واثناء الدخول لازم تخش البصمه ثلاث مرات اربع مرات عشان يفتح وعندي ادخال الرقم ال otp يقول غلط ارجو المحاوله,Positive
8f4e5c64-24fb-4d70-b623-061b50a1914a,CIB,Banking,1,2024-11-28,للأسف مش عارف اسجل نهائي,Negative
f5b6a07c-61a9-4517-a77e-8632329d9564,CIB,Banking,1,2024-11-27,التطبيق مع عايز يخش كل شوية يقولي الوقت انتهي ويطلع تاني,Negative
9a903147-d60c-4e57-afb5-ee41783394dc,CIB,Banking,1,2024-11-27,هو واجهه جميلة ولكن بطئ في التحميل والدخول التطبيق القديم اسرع وأفضل,Negative
1981c718-83f6-45e8-96b3-4ae1ca5f7f4f,CIB,Banking,5,2024-11-27,تم التواصل من قبل تيم السوشيال ميديا وتم التعامل مع المشكلة باحترافيه شكرا جدا على الدعم وحل المشكلة في أقصر وقت,Positive
3612eaf0-bed8-49a5-a8ed-38a3cc490108,CIB,Banking,1,2024-11-26,ابلكيشن سي جداااا لا انصح بتحميله .. الابلكيشن لا يتخطى اختبار الرموز ودايما يعطي عاود المحاوله ف وقت لاحق لا انصح بتحميله لقد حذفته نهائي,Negative
7e81ce6a-b417-450a-b4b0-111bef1407c6,CIB,Banking,1,2024-11-26,تطبيق بصراحه 💩💩💩,Negative
db483916-e636-41c7-b642-d5f495c6a5d6,CIB,Banking,5,2024-11-26,ممتازة,Positive
8d84112a-a186-442f-bb7b-3288e90d2441,CIB,Banking,2,2024-11-26,بقا بطئ وتقيل جدا,Negative
6817cb75-fc01-4ab1-9adb-7dbc48a68c26,CIB,Banking,5,2024-11-26,تطبيق رائع ومميز وشامل تجربة بنكية مميزه شكراً cib,Positive
c3a97533-5512-4c91-a290-17f96aa812de,CIB,Banking,5,2024-11-26,ممتاز جدا تطبيق في غاية الروعه,Positive
3f04818e-d3fe-46e8-a556-df7d35ac2aa4,CIB,Banking,5,2024-11-26,برنامج جميل جدا ومتاح فيه خدمات كتير بيسهل اي معامله,Positive
6face86e-ea38-43d4-abd0-f8794a9d4b46,CIB,Banking,1,2024-11-25,كل شيء قولي لقد ادخلت بياناتك خاطئه مش عارف اسجل الدخول,Negative
69aab4a9-041a-40c8-9050-6cf5b5f700da,CIB,Banking,1,2024-11-25,برنامج وحش منصحش حد يستخدمه,Negative
84cc6170-d417-4cd2-a889-c74ce050968d,CIB,Banking,3,2024-11-23,يعنى ده تطبيق بديل عن الاخر و لا ممكن نستخدم التطبيقين معا ؟؟؟,Neutral
1358dae4-43a1-4ca9-a79a-b33aeb4ab86b,CIB,Banking,5,2024-11-22,انس عمر. باسن,Positive
83a89ff8-cccb-4c30-bde3-35c881fc6cda,CIB,Banking,1,2024-11-22,لا يستجيب غيرت كلمه السر كذا مره وفي كل مره يقول محاولة خاطئة الرجاء الافاده,Negative
a6ac6917-3e90-4ffd-b6da-49e2a26ae36f,CIB,Banking,1,2024-11-22,اصدار سئ لأن اسم المستخدم عندى به فاصل وعند تسجيل الدخول لا يقبل بالتسجيل,Negative
ecec6738-e836-4f2d-910c-a9650a33b37d,CIB,Banking,1,2024-11-21,كل ما اكتب اسم الحساب والباسورد مش بيفتح اول ما يكون ع وشك الدخول بيدينى شاشة سودة,Negative
5576f045-0bbd-4642-8894-d16715b416a2,CIB,Banking,4,2024-11-20,ممتاز لكن فاتورة التحويل يلزم كتابة اسم المستفيد كالسابق وليست ارقام حساب فقط,Positive
a98665be-2529-4d6a-a452-2f4e791f85ed,CIB,Banking,5,2024-11-20,ممتاز,Positive
c5989dd6-3e1c-4431-8239-490543647ee7,CIB,Banking,4,2024-11-19,تم التواصل مع المسؤلين وتم حل المشكلة التى واجهتني شكرآ لكم,Positive
b0771ee4-37e6-4af9-bbbe-287e69a20a5d,CIB,Banking,1,2024-11-18,عند الانتهاء يرسل ان البيانات خطا,Negative
05ba625c-fa61-4b61-b134-96a75588674f,CIB,Banking,5,2024-11-18,التطبيق رائع ولاكن اختفت البصمه,Positive
819c4aff-32fc-4f15-9987-1b251d9b63e5,CIB,Banking,5,2024-11-18,ممتاز,Positive
e3365422-0ce9-40ef-8037-95a2b632943f,CIB,Banking,1,2024-11-17,عدم استجابه البرنامج لتغير الباسورد وعدم استجابه خدمه العملاء لطلب وسواء الخدمه,Negative
71a5277f-4100-4b95-80a8-6a9b74d6d70f,CIB,Banking,4,2024-11-17,ممتازه,Positive
142fc2c1-c5bf-4ba1-8d29-f6f7afe375b3,CIB,Banking,5,2024-11-16,Good,Positive
f5241f82-2761-40ff-8b6b-b03c0b805730,CIB,Banking,3,2024-11-15,جميل جدا التطبيق والتحديث وعجبني جدا إيصال الدفع pdf لكن يحتاج شوية تعديلات بالاخص باللغة العربية,Neutral
3c814e1e-ff1d-4ba6-86fa-ec8a4fcc2f13,CIB,Banking,5,2024-11-14,ممتاز جدا,Positive
c0ec50f9-740d-44d1-b46c-8cb02b6cd1ef,CIB,Banking,5,2024-11-14,جميل جدا شكرن لكم,Positive
fd43dfb1-b03a-478d-b6d5-4bb4e15ba981,CIB,Banking,5,2024-11-14,ممتاز وياريت يضيفو سحب من غير فيزا زى المحفظة كدا,Positive
76c1416e-1879-4ff5-a3df-4496a551589d,CIB,Banking,5,2024-11-14,ممتاز,Positive
c3fdfb6e-3a02-4960-8aba-5729263f232c,CIB,Banking,1,2024-11-14,تطبيق سئ حاولت اكتر من مره ولكنه لايسجل الدخول,Negative
3fd2a5a3-3492-4a25-b72f-28674bc5cd13,CIB,Banking,5,2024-11-13,ممتاز احسن من الاصدار القديم,Positive
b7164b92-373f-4f60-9fe8-665c13d83717,CIB,Banking,1,2024-11-13,التطبيق مبيظهرش رصيد التمويل العقاري ولا الاقساط ولا مواعيدها,Negative
78bd43b3-e20e-41a9-bc9d-5ed57cee38a3,CIB,Banking,5,2024-11-13,ممتاز,Positive
1cefbd37-7163-4e3d-b97c-8fe0ff9f338f,CIB,Banking,1,2024-11-12,كل لما اعمل حساب لمستخدم جديد بيحصل مشكله فى captcha مش بعرف اكمل الإجراءات بتاع الحساب والموضوع مش لطيف لو فى حل يا ريت حضراتكوا تكتبوا علشان الموضوع دا سخيف,Negative
1c8af9f6-06c6-4aa5-9d75-54a5b20e4a7d,CIB,Banking,1,2024-11-12,التطبيق لايعمل,Negative
4c743229-ea59-490c-ad12-32574e14240a,CIB,Banking,1,2024-11-12,صعوبة التسجيل,Negative
faaf0183-f336-4ce3-99c1-42481c435e01,CIB,Banking,5,2024-11-12,مميز وجميل مشاء الله,Positive
f474cc14-bce8-4518-b861-7273c071d77b,CIB,Banking,5,2024-11-12,تطبيق ممتاز بصراحة افضل من البرنامج السابق,Positive
b713e158-4300-40ca-ace0-b8c5d9b34e94,CIB,Banking,5,2024-11-12,جيد وافضل من السابق متوافق مع كل التليفونات و الاندرويد في انتظار الافضل منكم دائما,Positive
007c8c54-d040-4847-ae41-d7fbc9640bf6,CIB,Banking,5,2024-11-12,تطبيق جميل جداً وسهل الاستخدام اتمني ان تصنع كل البنوك المصريه مثل هذا التطبيق الرائع شكراً جزيلا لكم,Positive
8a6e6469-c547-4ed8-a7df-4cc12c7cbee7,CIB,Banking,5,2024-11-12,Amazing,Positive
b0fa50b2-ccd1-422b-95b2-98ce01f75b99,CIB,Banking,5,2024-11-12,ممتاز جدا اسهل من البرنامج القديم شكرا 🌹,Positive
442b9fc0-a421-4eb1-a4c3-1c2adb1db447,CIB,Banking,1,2024-11-12,القديم احله,Negative
9a87b6e2-2c22-4ed4-a59e-dfc97f868bf6,CIB,Banking,5,2024-11-11,تحديث عظيم,Positive
05ecfd01-54d6-477c-950b-850e77a00451,CIB,Banking,5,2024-11-11,تحديث سيء الأول كان أفضل 😡,Positive
a1e14ade-225f-4efd-b404-bef990b112a3,CIB,Banking,4,2024-11-11,تطبيق ممتاز ومميزاته كتير بس التطبيق تقيل شويا,Positive
096de45c-eea3-4cc1-bf01-8449607b0e80,CIB,Banking,1,2024-11-11,لا يسجل الدخول ولا يعمل,Negative
b54ef7d1-1b10-4bc9-b0d3-be32aa080a26,CIB,Banking,5,2024-11-11,تطبيق جيد جدا افضل من التطبيق القديم بكتيييير,Positive
f8de1fcc-b1f7-4e7c-a02c-934e2178974a,CIB,Banking,5,2024-11-10,تطبيق رائع جدا واحسن من الإصدار السابق بكتييييير,Positive
ed6a6e2b-7d33-40c1-806e-7e8ae3fbbd58,CIB,Banking,5,2024-11-10,جميل ورائع,Positive
e6d7ba70-3a16-488f-af92-91a564cd3a6d,CIB,Banking,5,2024-11-10,تطبيق ممتاز,Positive
73738290-0150-4eed-8090-b90f6bf0adb2,CIB,Banking,5,2024-11-10,ممتاز,Positive
d8823bbf-e0f0-4fa0-9040-ab474fd7b9c1,CIB,Banking,4,2024-11-10,عند فتح التطبيق يتم فتح صفحه مهلة الغلق ويتم غلق البرنامج سريعا دون عمل اى شى,Positive
5b77e60c-6d0a-49db-9e69-33d74221643d,CIB,Banking,4,2024-11-10,التطبيق جيد ولكن خاصبه البيومتريك لا تعمل بنجاح بعد اعدادها وتطلب الاعداد فى كل مرة يتم تسجيل الدخول الى التطبيق ولا تتم اعدادها بنجاح وتظهر رسالة something went wrong اتمنى التحديث الى الافضل فى اسرع وقت وشكرا جزيلا,Positive
7082d613-5ebb-4fee-a21b-6d0c2d442fe7,CIB,Banking,1,2024-11-09,مبدئياً مقبول يرجي التكرم بأضافة امكانية معرفة المبلغ المطلوب سداده بجانب الحدالادني لبطاقة المشتريات,Negative
9af88112-0055-4e0d-abca-1540cd9d8042,CIB,Banking,5,2024-11-09,شكرا جزيل علي المطور الجديد دائما هذا البنك في المقدمة ولكن نرجوا اظهار كلمة تسجيل الخروج من الابلكيشن شكرا لجميع العاملين ببنك CIB,Positive
840c4cdd-c4eb-4a7e-b85b-bbde4229f66f,CIB,Banking,5,2024-11-09,رائع التطبيق هكون عميل عندكم,Positive
a57fffb8-f2aa-4496-9383-a98b8df0f097,CIB,Banking,5,2024-11-09,Wonderful,Positive
cc43222d-4bf1-4a86-b0af-ca912ee288a8,CIB,Banking,5,2024-11-09,تطبيق جيد جدا واستعماله في الشؤون الماليه هو من احسن التطبيقات من احسن التطبيقات,Positive
022c9656-cfc1-49fa-8c85-7bd2341581d0,CIB,Banking,1,2024-11-09,سيئ مش بيفتح,Negative
f2719a44-4c19-436a-8d2d-ddf96e758ac8,CIB,Banking,1,2024-11-09,مش ناوين تعملوا تطبيق للشركات كده كتير 😡,Negative
6643379a-81f8-44a5-beae-e3e9b776383d,CIB,Banking,5,2024-11-09,هذا الشغل الصحيح . تطبيق موفق وأفضل من السابق بكثير . يشكر القائمين على هذا التطوير . المشكلة الوحيدة هو أنه لايمكن لصق الرقم المتغير بالتطبيق,Positive
5371ee59-9749-451b-ad99-138f5a321d0b,CIB,Banking,5,2024-11-08,ممكن اعرف ايه الفرق بينوا وبين التطبيق القديم وليه خليتوا البرنامجين شغالين كنتوا حدثتوا القديم وبقا هوا دا بس مش فاهم اللغبطه دى,Positive
e0a6824c-cc8a-4886-ad6e-08eee0c730d3,CIB,Banking,5,2024-11-08,الحمد لله,Positive
0433ef6d-5e8e-4a0f-ad48-b376f9e120fc,CIB,Banking,5,2024-11-08,ممتاز ★★★★★,Positive
778bbab1-dacb-4dca-92d5-943163587f3d,CIB,Banking,4,2024-11-08,التطبيق ممتاز لكن القديم كان معدل الامان فيه اعلى لانى كل مرة كنت انهى تصفح التطبيق كان يطلب منى تسجيل الخروج لكن التطبيق الجديد ممكن اخرج ولايطلب منى تسجيل الخروج فممكن انسى واخرج ويظل التطبيق مفتوح وهو ما قد يعرض بياناتى للخطر حال استخدم احد غيرى تليفونى او حال سرقة التليفون,Positive
caa15fb7-cc64-4e82-baef-9a0a3c2f6166,CIB,Banking,4,2024-11-08,ممتاز,Positive
03131352-18d2-483c-aed2-2faec5b88f84,CIB,Banking,5,2024-11-08,الخدمات الجديده جميله وسهلة الاستخدام,Positive
d9b5f866-d51b-4c41-b3bc-1c635960d926,CIB,Banking,1,2024-11-08,البرنامج مش شغل ومش بيجب تسجل الدخول,Negative
1deca6a0-aef2-4988-8266-139a2affdc1c,CIB,Banking,5,2024-11-08,Good banking,Positive
1a8126e7-90a4-40ec-b8b3-e8cb0042ffea,CIB,Banking,5,2024-11-08,التطبيق اصبح افضل بكثير، أتمنى اضافة خاصية لتغيير مظهر التطبيق للوضع الداكن,Positive
2679682f-fc70-4685-9938-8246b44dfb97,CIB,Banking,5,2024-11-07,معني كدة ينفع امسح الابلكيشن القديم برجاء الرد والافادة,Positive
461e8e97-033f-405e-85a2-4d4269a48615,CIB,Banking,5,2024-11-07,تطبيق رائع وبه مميزات عديدة أكثر من التطبيق السابق وعمليات التسجيل سهلة الإستخدام مناسب للجميع ويدعم اللغة العربية والإنجليزية شكراً CIB,Positive
ada32c76-2ac7-4c0e-9e77-42d6353df793,CIB,Banking,5,2024-11-07,ممتاز,Positive
2d7af961-555d-40f4-a146-39278dc10a7c,CIB,Banking,5,2024-11-06,ممتاز,Positive
