review_id,app_name,domain,rating,date,review_text,review_type
7f78b633-16f1-4bb6-8e70-89a652e64437,Jumia,E-commerce,5,2026-09-28,sweet 👍🏻👍🏻,Positive
9fc0b3a6-1d99-421c-83d7-4997694bb089,Jumia,E-commerce,5,2026-09-28,ممتاز,Positive
eed29142-d465-4b14-8d31-1af529d3ca48,Jumia,E-commerce,5,2026-09-28,ممتاز,Positive
fcb65744-979d-4293-8cd0-e231d429f688,Jumia,E-commerce,1,2026-09-27,اش داكشي لا حوايج زوينين تا حاجة مزوينة ملقيت ما نشري حرفيا تا قلوة ممقادا وزوينة وزيدها اتمنة تاع الحوا,Negative
d51e407b-0e84-4ee9-9708-01fdc3e8e39c,Jumia,E-commerce,1,2026-09-27,لم استلم الطلبيه بعد سأعدل تقييمي بعد الاستلام,Negative
84b104b3-6b56-4b2b-96cb-27466f82de07,Jumia,E-commerce,5,2026-09-27,المهم التوصيل السريع وجودة المنتج وذلك معروف عن جوميا,Positive
14a231bd-ae02-4069-a08b-40ccba8c42c9,Jumia,E-commerce,5,2026-09-27,تطبيق رائع جداً,Positive
07dfe192-2798-4989-bacb-5196033a8bd4,Jumia,E-commerce,1,2026-09-27,منتجات رخيصة بثمن غالي، و منتجات دون جودة، منتجات مختلفة عن ما طلبته ، لا أنصح به,Negative
b00a092d-2ae7-4c4e-a7da-42436d77b0da,Jumia,E-commerce,5,2026-09-26,Very good 😊👍🏻,Positive
2abf44f5-ac78-4d49-a14d-8a51cc2f93fb,Jumia,E-commerce,5,2026-09-25,ممتاز,Positive
90a1962c-1e79-4377-8933-58861b4b2a58,Jumia,E-commerce,1,2026-09-25,التوصيل بطئ جدا,Negative
e405d9e0-1216-46c1-86c7-0261ed523ed4,Jumia,E-commerce,5,2026-09-25,عسل,Positive
9e44f66c-d613-43d3-8774-d93f16e2ef95,Jumia,E-commerce,5,2026-09-24,good,Positive
83295915-cef9-4178-a552-5156e71d8c6d,Jumia,E-commerce,5,2026-09-24,والله من انظف التطبيقات اللي طلبت منهم 😍🩵,Positive
53c7ebb2-5c69-42e0-9c1f-1169f1c541db,Jumia,E-commerce,5,2026-09-24,ممتاز,Positive
1e344e36-90e7-4b8d-812c-ab1167565dc8,Jumia,E-commerce,5,2026-09-24,سرعة التوصيل وتوفير اغلب المنتجات وتنوعها يناسب جميع الاذواق و الامكانيات,Positive
623ba2d7-6caa-42ff-b025-a897f041b4e1,Jumia,E-commerce,5,2026-09-23,الافضل,Positive
607ca731-13f3-4a9e-8fba-fd4b2863a3b2,Jumia,E-commerce,3,2026-09-23,تطبيق سيء غير متوافر به اختيارات كثيرة والشحن اكسبريس لديه سيء .,Neutral
e5d8e9a2-e5f1-49de-a8d0-d10c7741b9c8,Jumia,E-commerce,3,2026-09-23,اسعار مبالغ فيها و بعض المنتجات مقلدة,Neutral
3e7b1a9f-a70b-44b6-ad9f-57f98b273f08,Jumia,E-commerce,5,2026-09-22,جيد,Positive
1588a05e-be82-41a8-9f5e-af013324097e,Jumia,E-commerce,4,2026-09-22,ممتاز,Positive
55e32888-093a-4458-9639-c83b4cbad964,Jumia,E-commerce,1,2026-09-22,للأسف جوميا بعد ما كانت ممتازة أصبحت فاشلة لما أعمل اوردر وانتظر كام يوم للتوصيل ويوم التوصيل ألاقي الأوردر اتكنسل فشل في التوصيل إزاي فشل توصيل ومحدش تواصل معايا أو كلمني,Negative
7da5580b-5d3c-44ff-8731-b76394dc60f3,Jumia,E-commerce,5,2026-09-21,رائع,Positive
b4dede80-f4c9-4ccc-bd25-79cb093b1578,Jumia,E-commerce,5,2026-09-21,ممتاز,Positive
2242bbdf-83bf-4858-88ad-261c61c2dc84,Jumia,E-commerce,5,2026-09-21,مريح,Positive
eca2344e-e6ea-4bee-8d9e-2c5079ba4b34,Jumia,E-commerce,5,2026-09-21,ممتاز,Positive
59200578-76e9-48d9-9f4d-2c0b58579fd8,Jumia,E-commerce,4,2026-09-20,كابي,Positive
b44aaf67-cd44-40fc-8dd9-a2a2b6a78d01,Jumia,E-commerce,5,2026-09-19,لم اجربه بعد لكن اعتقد انه اهلا للثقه,Positive
2e1b2936-4ca7-4e93-bf25-e78f013b1114,Jumia,E-commerce,5,2026-09-18,طبعا رائع وسهل,Positive
10d5adfe-6f9b-4562-a671-03340919b645,Jumia,E-commerce,5,2026-09-17,تطبيق جديد,Positive
d7b854e1-9ec1-499e-a28f-9bbe7376e7a6,Jumia,E-commerce,1,2026-09-17,تطبيق سىء اشتريت باور بنك ب٤٠٠ج للموبيل بوظلى بطاريه الفون والله اعلم ايه تانى,Negative
cb2d11c1-46ed-4f14-ae55-089ed710b55f,Jumia,E-commerce,5,2026-09-16,أحلى وأقيم هدايا من أفضل ابلكيشن ✓ ، أتمنى توفر سلع أكتر في الفتره القادمه ، بالتوفيق ان شاء الله,Positive
8bfb3b11-007c-4c78-872f-0af4ddd5a0a4,Jumia,E-commerce,5,2026-09-16,ممتاز,Positive
4e2ec22e-d498-498b-b61d-cbad02a69f51,Jumia,E-commerce,5,2026-09-16,تطبيق ممتاز.. كل حاجه موجودة فيه، بدون ماتتعب. خمسة نجوم لجوميـا.. 🙏🏻,Positive
0059596e-a2ab-42bc-94d6-fd42b4478463,Jumia,E-commerce,5,2026-09-15,الثقة و المصداقية والمعاملة الحسنة,Positive
73356159-ea42-4352-a03c-35f3a0fc9470,Jumia,E-commerce,3,2026-09-15,في شويه صعوبة في فهم كيفية اجاد دفع عن طريق فودافون كاش,Neutral
532432c8-e1bd-442c-8b3a-517c1fd102bd,Jumia,E-commerce,1,2026-09-15,كدابين وطلبت أوردر واستنيت من يوم ٤ احد دلوقت النهارده ١٥ وف الآخر بعتلي قالي تم الغاء طلبك,Negative
7e744654-d718-44b8-b162-fdf8357593af,Jumia,E-commerce,1,2026-09-15,طلبت اوردر منهم بعديها باسبوع لغوا الاوردر فبسال عن السبب قالولى اصل المنتج مبقيش متوفر طب انتوا ى شركة محترمة بتعرضوا منتجات وهميه للعملاء للاسف لا يليق بها إلا أنها شركة تحت بير سلم,Negative
84b91d11-d132-43a3-a7ad-2d49f2d41b94,Jumia,E-commerce,3,2026-09-15,كان عندي مرتجع قبل كدا ولم يتم أضافه المبلغ ف حسابي إلي الآن,Neutral
eabd0aba-9ced-42b1-a055-bb300253dcd1,Jumia,E-commerce,1,2026-09-15,التطبيق قلب انجليزي فجاه ارجو اعادته باللغه العربيه,Negative
32777483-ca56-4c77-9c68-4d349a0c1ce9,Jumia,E-commerce,1,2026-09-14,كان حلو لاكن في الفترة الأخيرة مافيش مصداقية وخاصة في تطبيق أكواد الخصم وخدمة العملاء ولا ليها اي لازمه بتكلمهم كلام في الفاضي محدش هيفيدك وهتطلع غلطان في الآخر,Negative
6118c129-a140-49a1-b45e-bbf1e559ecb1,Jumia,E-commerce,4,2026-09-14,",kغ عظ",Positive
3868593e-7980-4fb1-af22-7fd8d1ece9c3,Jumia,E-commerce,5,2026-09-13,شركة محترمة جدا,Positive
1571dc1d-628c-439c-a775-14ecf2eec147,Jumia,E-commerce,1,2026-09-13,جماعه اقسم بالله خدمه توصيل العبور مفيش اوحش من كده وقله احترافيه ف توصيل الاودر والتعامل ، اتمني يحلوها علشان تعبنا,Negative
f9ff895e-49c5-422f-948f-4c875d0f3016,Jumia,E-commerce,5,2026-09-12,من افضل التجار,Positive
51956b88-a37f-48df-aa6f-c6c3c8ea553d,Jumia,E-commerce,5,2026-09-12,ممتاز,Positive
8b261a3d-df31-4ab6-b359-f72a3da3e285,Jumia,E-commerce,5,2026-09-12,ممتاذ,Positive
2499accd-d913-4fef-b3a7-1fca52670e21,Jumia,E-commerce,5,2026-09-11,المرجو اضافة مركز الاستلام سلا العيايدة او ترك ادخال عنوان المركز اختتياري وليس افتراضي,Positive
0ee40405-9a39-4091-8694-a17a6009965d,Jumia,E-commerce,5,2026-09-11,ممتاز,Positive
0382b719-c86f-4b1d-bc74-5e85284a9e91,Jumia,E-commerce,1,2026-09-10,بر نامج زفت ازبل برنامج فى التسوق وفى حاجات جات غير المنتج المطلوب وغير اللون انصح بعدم تحمله,Negative
8b690d54-44f9-4cfa-b46d-2415081e2e77,Jumia,E-commerce,1,2026-09-09,تجربتي دايما سيئة مع جوميا. المقاسات غلط و الخامات قذرة ، و مناديب الشحن تنكين و حاجة زفت الصراحة.. دي اخر مرة هتعامل معاكم,Negative
4405daa4-ea2c-4e04-a656-e6f486ee8636,Jumia,E-commerce,1,2026-09-09,تطبيق زباله وصعب اول تطبيق اتعاملت معاه كان جوميا كان كويس في الأول لكن الان بقوا نصابين جدا جدااا جدااا أنا اشتريت منهم مكواة إسمها أجا عموديه ومبتكويش ورفضوا إرجاعها برغم إن الشركة اعترفت بالعيوب وارسلوا فني وغير الخرطوم ومازالت المكواة عديمة الفائدة واشتكيت لمايسمى بحماية المستهلك وضح أنهم يحمون الشركات والمؤسسات النصابه فقط ولا أنصح أحد بالتعامل مع جوميا أو أي تطبيق تابع والله العظيم نون ممتازين وبيعمل خصم اضافي وكمان الشحن مجانا بتدفع فقط خمسة جنيهات لمندوب التوصيل مهما كانت الشحنه,Negative
29a18598-d84f-4a6c-ae70-89f45144717b,Jumia,E-commerce,1,2026-09-09,ازاى موقع زى جوميا مش بى وصل لمركز كبير زى ابو المطامير او الحوش عيسى انا مش فاهم موقع طلبات على ايه ده كده كتر خير امازون بتوصل إلى باب البيت فى القره,Negative
3c776a3c-e0c2-468e-be15-3ebe1de1e46e,Jumia,E-commerce,5,2026-09-08,جيد,Positive
5313e516-ed75-4ce9-8e81-b89fa8b79125,Jumia,E-commerce,5,2026-09-08,برنامج ممتاز جدا 👌👌👌,Positive
f868cc06-0d04-477f-a19f-60d299c28dc0,Jumia,E-commerce,5,2026-09-08,اجمد برنامج بس ياريت يحطو حجات اكتر,Positive
7b04b6c6-5337-439a-af05-cdaba587c31f,Jumia,E-commerce,5,2026-09-08,برنامج رائع,Positive
c32c6b77-f5e2-46ac-90e1-6e7c6e5079ef,Jumia,E-commerce,5,2026-09-07,ممتاز,Positive
df9fc654-3979-456b-b54f-76ca36948a5b,Jumia,E-commerce,4,2026-09-07,تطبيق جيد,Positive
9545db9b-1ff9-4e1d-b1ec-b2a4b067bed7,Jumia,E-commerce,4,2026-09-06,جيد جدا,Positive
b79f632d-79c1-4434-a4b6-b4d33b6d7bff,Jumia,E-commerce,5,2026-09-06,جيد جدا والله,Positive
9d648d5d-69bf-4c38-9c94-424f960d6198,Jumia,E-commerce,1,2026-09-06,مع اول طلبيه جالي منفاخ بلالين مشروخ و علي الرغم من كده خصموا جزء من مبلغ اللي هيتردلي,Negative
ddea3419-7e4f-44b0-8d4e-58ec13773bf7,Jumia,E-commerce,5,2026-09-06,جيد,Positive
f8a21c82-49b7-4ad4-ac17-2d1c0f5013af,Jumia,E-commerce,1,2026-09-06,جوميا أصبحت سيئة جدا لدرجه ليا أوردر لحد دلوقتي مجاش وقفلوا انك تكلم خدمة العملاء من خلال الواتس وقفلوا الرد من خلال التطبيق وماحدش جاب حاجه لحد دلوقتي أوردر بحوالي 20 الف وماحدش جابه بجد موقع سئ جدا ولا انصح بالتعامل معاه شركة سيئة للغاية النهاردة 6/9/2026 لما نشوف المنتج هيوصل امتي,Negative
41b3dc68-2b0b-4978-96fe-b05f15e04c00,Jumia,E-commerce,5,2026-09-06,احلي من امازون و نون,Positive
36def53b-44b0-4339-825d-d7cab208b068,Jumia,E-commerce,5,2026-09-06,جيد,Positive
1a32e5de-a2a7-41f0-802c-d9a78f0450f0,Jumia,E-commerce,5,2026-09-05,تطبيق ممتاز، و عليه كل ما تحتاجه الناس,Positive
cc2e3dd4-0dff-4908-a929-7c9f873ed347,Jumia,E-commerce,5,2026-09-05,جيد جدا,Positive
f5bff64d-a075-47a1-88c4-a2cbf0e6f8db,Jumia,E-commerce,5,2026-09-04,رجال التوصيل 10\10,Positive
08eb9ace-dc23-4ed0-b9c5-cc87f27b58e2,Jumia,E-commerce,5,2026-09-04,"Bien, très bien",Positive
1a32b3e1-f607-49bd-b94d-2dcf4c4c5aad,Jumia,E-commerce,5,2026-09-04,very beautiful 😍,Positive
421a45af-0e61-43ad-830f-d350dd4b5c94,Jumia,E-commerce,5,2026-09-04,برفكت افضل من امازون فحجات كتير اهما طرق الدفع,Positive
2ce5a037-9dc8-4181-9ad6-9437ab941070,Jumia,E-commerce,5,2026-09-03,جيد جدا,Positive
2930ed63-5b84-4b36-9964-5c05e8315ba3,Jumia,E-commerce,3,2026-09-03,خطوط كتيرة التسجيل ووضع العنوان,Neutral
b5402212-60c2-466e-8ef4-9b202ddb5133,Jumia,E-commerce,5,2026-09-03,رائع,Positive
3a2e0b9a-f861-46ba-8db0-7db186a80a58,Jumia,E-commerce,5,2026-09-03,جامد,Positive
9ff141aa-d442-4467-97bd-0f9e71cf7e0a,Jumia,E-commerce,5,2026-09-02,👍 👍,Positive
689c2272-108f-4c53-896e-205497570a54,Jumia,E-commerce,5,2026-09-02,رائع انصح اي حد بالتسوق من خلاله,Positive
205837b3-0e75-4c67-be92-bc12fa62d4a7,Jumia,E-commerce,5,2026-09-02,ممتاز و مضمون 100/100,Positive
bffb1164-d498-4170-9acd-d459679a423a,Jumia,E-commerce,5,2026-09-02,بب,Positive
fd75609a-6fda-4074-aa6c-8653c27ce9cf,Jumia,E-commerce,5,2026-09-02,جيد,Positive
e3d7aefb-c12a-4428-a11b-5f621e5b54d5,Jumia,E-commerce,5,2026-09-01,اللهم صلي وسلم على سيدنا محمد صلى الله عليه وسلم,Positive
9ed2ad58-c08f-405c-9a7b-94dcdf69f615,Jumia,E-commerce,5,2026-08-31,رائع جدا,Positive
d16a25de-614e-4ddd-a323-3f67196cd3e6,Jumia,E-commerce,5,2026-08-31,جميل,Positive
c7281d5f-9b8f-40fc-b474-b4c064be6166,Jumia,E-commerce,1,2026-08-31,لم انتهي من عملية التسوق,Negative
2158d181-87ea-4c94-9df2-e4853d148b94,Jumia,E-commerce,5,2026-08-31,ممتاز,Positive
b1d24ad0-bf4c-4e38-913c-3db32effe342,Jumia,E-commerce,5,2026-08-30,افضل منصة تسوق في مصر,Positive
60ab4b62-5f73-449d-8440-d50e5bd64628,Jumia,E-commerce,5,2026-08-30,رائع,Positive
e1ec0072-7b6a-471c-870d-13de6a0c1a22,Jumia,E-commerce,5,2026-08-30,Thank you,Positive
b7f1ca16-8d0c-4682-b596-24bcae491b44,Jumia,E-commerce,1,2026-08-30,سيئ جدا في عمليات الدفع وغير شامل لجميع مناطق مصر والقاهرة الكبرى,Negative
eda4db86-5cbc-4804-9989-83e207ee7340,Jumia,E-commerce,5,2026-08-30,حبيت تطبيق تطبيق مورة كويس,Positive
d7f38d37-7c64-4a6f-9a50-f90ef77ace3d,Jumia,E-commerce,1,2026-08-29,انهو برنامج معقد و انصحكو ما تنزلوه 😑😑😑😑😑😑😑😑😑😑😑😑,Negative
9554d065-1387-47ff-8e6e-80a1d695a984,Jumia,E-commerce,5,2026-08-29,شكران,Positive
3a68936c-6dc4-4d80-8972-cec9b191427b,Jumia,E-commerce,5,2026-08-29,ممتاز,Positive
282d60b1-7bf3-4764-b355-8a70b1b19842,Jumia,E-commerce,5,2026-08-29,جيدة جدا,Positive
e756341d-5a77-4e3b-b579-f0fffce55c87,Jumia,E-commerce,1,2026-08-29,افشل برنامج شفته في حياتي تقول له على حاجه يجيب لك حاجه ثانيه انا بطلب اجهزه جايه من بره جيب لي المحل وتجيب لي اعفن حاجه فاشل فاشل فاشل,Negative
8fc1536b-2312-462c-9b33-ce1223c1c790,Jumia,E-commerce,5,2026-08-28,يا ريت يا ريت انا اول مره اتعامل معاهم يا ريت الحاجه تجيلي كويسه,Positive
bc233a15-321e-4da5-b86a-dc129009ef55,Jumia,E-commerce,1,2026-08-28,التوصيل سئ جدا فى مواعيده والتأخير عادى وسلوك مناديب التوصيل اسوأ تجربتى مع چوميا لن تتكرر,Negative
99337140-2212-4ad4-8ebc-77a178b2b5f6,Jumia,E-commerce,5,2026-08-28,مش مقاطعة,Positive
0b384f07-f92c-4d62-9292-b842c96f1ee0,Jumia,E-commerce,5,2026-08-28,جميل جداً,Positive
1806c9a9-501a-47f3-9ac4-9a848f4a0441,Jumia,E-commerce,5,2026-08-28,Woow,Positive
cd7be508-a8fe-495f-b263-dd87024c0a6d,Jumia,E-commerce,5,2026-08-27,على حسب تجربتي معه جوميا ممتاز جدا و يتيح لك تخفيضات كثيرة و شبه دائمة و مع جودة حيدة مع توصيل سريع,Positive
f3c3bf3a-d597-4a85-b27f-69ef05883948,Jumia,E-commerce,2,2026-08-27,بة اخطاء كثيرة اعاني من الطلبات الخاطئة,Negative
37d3e638-f4d4-4d83-832e-bc0cb3d3f53b,Jumia,E-commerce,1,2026-08-27,ممتاز,Negative
0ef748d4-16de-4722-90aa-37d5b9365cef,Jumia,E-commerce,4,2026-08-26,بجد جوميا من احسن المواقع الإلكترونية كنت اشتريت ثلاجه بقلها أكثر من 7سنين,Positive
6397f513-cf8d-4d03-b9f5-bae05a7810d8,Jumia,E-commerce,5,2026-08-26,جميل,Positive
3b83b819-788e-4433-b831-9c48ad2b8280,Jumia,E-commerce,5,2026-08-25,جميله جدا جدا,Positive
d2913589-0d93-4b7a-81e5-7febbbadc355,Jumia,E-commerce,5,2026-08-24,good,Positive
40b108fa-522e-4bce-84aa-4a913ec9064e,Jumia,E-commerce,1,2026-08-24,الابلكيشن ده الحاجه إلى في بتيجي مستخدمه والمعامله وحشه جدا منصحش اي حد يتعامل معاهم تقييمي صفر من صفر,Negative
dcc6ae55-0da5-4d0b-b3b8-1136cb7430d1,Jumia,E-commerce,1,2026-08-24,للاسف تجربه سيئه اكثر من مره الطلبات تتاخر وتيجي تالفه ومنتظر اكثر من اسبوع ولم يتم توصيل الطلب ومضطر انتظر كمان يومين منصحش حد يستخدمه,Negative
642d5d5c-b2d2-4643-9973-7fc13db3298f,Jumia,E-commerce,1,2026-08-24,جوميا كنت اتمني تكوني بنفس الكفاءه كان الأفضل لكن دلوقتي للأسف مفيش توصيل و الطلب بيفضل ايام كتير و بعدين يتم الالغاء ياريت حد يشوف حل للمشاكل دي,Negative
cc5450e5-a9b0-46ff-8a55-8278814b2a82,Jumia,E-commerce,1,2026-08-23,تجربه سيئه,Negative
d3e50bd3-3361-4f36-b635-25d251d88a6b,Jumia,E-commerce,5,2026-08-22,جميل جدا,Positive
a4afea09-059d-4716-a3cc-8e2c8a2789f7,Jumia,E-commerce,5,2026-08-22,جميل جدا,Positive
8d4d0da2-6f31-41c1-8b84-d884563a8485,Jumia,E-commerce,1,2026-08-22,خدمة سيئة طلبت اوردر ٤ منتجات وصلني بعد اسبوع وكمان ٣ منتجات بس,Negative
c7869dd4-4600-4a52-9178-2f62884bba30,Jumia,E-commerce,5,2026-08-22,ممتاز,Positive
bab2fcd3-95fd-482d-8417-c416f7122414,Jumia,E-commerce,5,2026-08-22,رائع,Positive
8e179b39-f939-40f1-9a9f-3aa87619ba7c,Jumia,E-commerce,5,2026-08-21,bon application,Positive
194dbc84-3f78-4ea4-bf06-0d5d1b299536,Jumia,E-commerce,5,2026-08-21,احسم تطبيق شوبنج,Positive
388908c4-8e95-45f3-8ee8-554e46b41e38,Jumia,E-commerce,5,2026-08-21,كله تمام,Positive
016139ba-1051-4b33-81f7-7f099d2802e3,Jumia,E-commerce,1,2026-08-19,تجربتي في التسوق مع جوميا اسوء تجربة تسوق حصلتلي وده خلاه اسوء تطبيق من حيث التوصيل حيث انه محدود المساحه وطبعا في المرتبة الاخيرة,Negative
72628c18-37a2-4e09-bfb6-69029f3060e6,Jumia,E-commerce,5,2026-08-19,جيد جدا,Positive
4ab4ee83-d057-4a83-a253-62d82a93d83b,Jumia,E-commerce,1,2026-08-19,المندوب ضيع جزء من شحنة الارجاع واتهموني بسرقتها,Negative
9a8c8366-8b5a-45a9-ac72-1930271fcd06,Jumia,E-commerce,4,2026-08-19,موقع جميل ولكن توجد بعض صعوبات اذا اخترت منتج اقل من 500 جنيه بيخليك تنتظر لحد كا تطلب بالمبلغ المحدد للخصم,Positive
684d169d-33b0-4ae2-849c-6458fc21563b,Jumia,E-commerce,5,2026-08-18,جيد,Positive
cce7a7f8-03fb-4bdf-be43-3020c40ab2b7,Jumia,E-commerce,5,2026-08-18,جيد جدا,Positive
57fe0bdc-3b47-4ea8-98f7-df39f2d488ef,Jumia,E-commerce,5,2026-08-18,ابلكيشن متنوع وسريع ف التوصيل خدماته متعددة وعروضة رووووعه عن تجربة,Positive
86321042-71ac-4e05-888d-29438a1adc26,Jumia,E-commerce,1,2026-08-18,تم إلغاء منتجات من الطلب بعد تسليمها للمخازن بدون أسباب,Negative
019bbe15-8d7f-4234-bd22-deb914c482bc,Jumia,E-commerce,5,2026-08-18,شركة محترمه,Positive
149ec885-ed0d-420f-ab5c-6013c653014d,Jumia,E-commerce,5,2026-08-17,بصراحه برنامج كويس الاستلام الحاجه بتيجي منه على طول معامله كويسه,Positive
c301199c-88aa-4e34-844a-d74a7e825ffe,Jumia,E-commerce,5,2026-08-17,تطبيق رائع جدا أنصح باستخدام هذا تطبيق و التسوق عبر جوميا,Positive
203145c1-89c6-4b3d-b184-9c7712c7ee6f,Jumia,E-commerce,1,2026-08-16,عندما تبحث عن شيء لا يعطيك المنتوج يتركك محتار,Negative
56e3f5f5-3a48-4640-a66d-2344de6e0829,Jumia,E-commerce,1,2026-08-16,وحش جدا منتجاته زباله,Negative
22afd13a-e299-4cbe-9c0f-a227c20b9289,Jumia,E-commerce,5,2026-08-16,ممتاز,Positive
6df1003b-1346-4622-89ec-1cfc0b37e087,Jumia,E-commerce,1,2026-08-15,لدي مشكله في تسجيل الدخول لم يتم ارسال رمز التاكيد,Negative
827962ba-3d16-4b07-85e0-e71ecdcd8a54,Jumia,E-commerce,5,2026-08-15,اسعار جيده,Positive
32741d29-b83b-4ee4-b117-aa0b45a17d56,Jumia,E-commerce,5,2026-08-15,ممتاز,Positive
9b98a88f-89b6-4496-b7c4-9f077804eec5,Jumia,E-commerce,5,2026-08-14,روعه جميل جدا,Positive
bce66b48-0964-4d0f-a360-9bee555cf80a,Jumia,E-commerce,5,2026-08-13,جميل,Positive
1f1a2ada-4609-479e-bcad-a27d5288a8cf,Jumia,E-commerce,5,2026-08-13,ok,Positive
48443933-701d-4b2b-b445-1f88d3f69205,Jumia,E-commerce,5,2026-08-13,شكرا,Positive
88aff8e9-4d2d-4f55-bb8f-e7451ec82a10,Jumia,E-commerce,1,2026-08-12,-0 من عشرة تطبيق سي السمعه وبجد جوميا مصر لا ترتقي للتعامل معها في اي شئ وأنصح الناس تختار تطبيق اخر مثل نون افضل خدمة ومعامله,Negative
33b56ef4-0aae-47f2-b9f3-4e413c2176cd,Jumia,E-commerce,5,2026-08-11,جيد جدا,Positive
5d4a1acc-60b8-41e0-9de4-0552d271ba5d,Jumia,E-commerce,5,2026-08-10,بحبكم,Positive
9972878b-1da5-455f-9a21-baedeb1393d4,Jumia,E-commerce,5,2026-08-10,شكرا جومياه,Positive
98f31412-4186-459f-94cf-daf09e1333d4,Jumia,E-commerce,5,2026-08-10,"Nice app , Good job for all crew are making me happy..... best shop app in Egypt , Good quality and good price , Support 24/7",Positive
80d55b61-7923-4bad-afed-abf8fc571fb2,Jumia,E-commerce,5,2026-08-10,جميل,Positive
6b7c818c-a7bc-4a4d-9828-b1990989b9b2,Jumia,E-commerce,1,2026-08-09,من اسوء الابلكيشن إلى اتعلمت معاهم تأخير جدا فى الاوردر وطالبه خمس منتجات يتقسمو على مرتين والمره التانيه تتأخر جدا وعملت شكوى وبردو ومجاش وكلمت خدمه العملاء والى بيعملوا بيثبتوني بلكلام بس مفيش فعل بيحصل بجد تجربه سيئه جدا جدا,Negative
cd6bd335-04bc-4d69-b6ac-06fb54123c87,Jumia,E-commerce,1,2026-08-09,شركة سيئة لا أنصح بها ومواعيد غير دقيقة واستهتار وعدم وجود متابعة ولا رقابة,Negative
4281c4d8-5bc1-4a06-ab9b-25b735bc6bbd,Jumia,E-commerce,5,2026-08-08,في انتظار المنتج,Positive
f3069d23-40cd-4f60-b11f-e642b61370f9,Jumia,E-commerce,1,2026-08-08,جوميا بتلغي الطلبات وخدمه العملاء صفر والتوصيل عندهوم صفر والطلبات بتلغي من غير الرجوع ل العميل,Negative
1354a9f2-d913-44f8-b70c-b91d59337376,Jumia,E-commerce,1,2026-08-08,بدون تقيم. مفيش مصدقيه,Negative
5784935a-eb20-44b4-b212-8d0d2a40936b,Jumia,E-commerce,1,2026-08-08,لا يوجد تقييم للبائع أو لخدمة التوصيل. وبعد تقييم المنتج لا يمكنك رؤيته لكي تعدل عليه أو تحذفه.,Negative
3414dbab-d13e-4153-9a6d-0319aecb2159,Jumia,E-commerce,5,2026-08-08,احلي تطبيق,Positive
44795586-816c-41ff-8b64-cc921f983345,Jumia,E-commerce,5,2026-08-07,سي جدا جدا,Positive
be4e37b2-f1a9-46c1-8722-883533336daa,Jumia,E-commerce,5,2026-08-07,ممتاز فى التوصيل,Positive
9ba6436d-d042-4a47-8902-1355d38cd1a1,Jumia,E-commerce,5,2026-08-07,تطبيق رائع جدا وسلس في الاستخدام انصح به جدا,Positive
5335ff62-83ff-4c2d-a194-9b0ee6d4c993,Jumia,E-commerce,5,2026-08-07,ممتاز,Positive
289a652c-42b5-45a1-80ad-a05f66b899f6,Jumia,E-commerce,5,2026-08-06,موقع عالمي راقي جدا بحترم العميل,Positive
21d61657-cec3-4296-a0b2-8c082457a6f1,Jumia,E-commerce,5,2026-08-06,ممتاز,Positive
13b70d8d-170a-4931-9afb-299bcda44ac2,Jumia,E-commerce,2,2026-08-05,المرجو زيادة وقت التوصيل على حساب ضروف الزبون,Negative
ba8f4f4b-7976-469c-89f5-36320a018c4f,Jumia,E-commerce,1,2026-08-04,أسواء تجربه مرت عليا فى حياتى لما اشتريت منهم تكيف صحراوى اول يوم استلمته والله متفتح لقيته صغير عملت استرجاع والله العظيم دوخونى عقبال ما جم خدوه وبعد مقاله ممكن ارجع المنتج فى خلال 14يوم لو المواصفات مش هى قاله مش هينفع وهيرجعلى تانى اترفض والله العظيم ما جيت جمب المنتج لحد معملت شكوه فى حماية المستهلك ولسه هنشوف حسب الله ونعم الوكيل فيهم,Negative
21db9b4c-ce07-4dc3-beca-b4321c5f9dd3,Jumia,E-commerce,1,2026-08-04,أنا من المغرب و هدا التطبيق لجوميا كان جيدا جدا ولكن في الأعوام الأخيرة أصبح سيئ وجدا . العبت وتلاعب بالزبون كيف يعقل تم تأكيد الطلب وبإنتظار الشحن من يوم الأربعاء المقبل خمسة أيام وفي الأخير تم الإلغاء إدا كان المنتج غير متوفر فلماذا يتم وضعه في الموقع للبيع وتضييع الوقت زائد بيع منتوجات مثلا من ديفاكطو أغلبها بلا تيكي وفي حالة كأنها مستعملة وكدالك اشتريت صندال من هافيناس كلها عيب أين هي المصداقية,Negative
ff9cd93f-2e58-427b-b297-0fef9f6b85a9,Jumia,E-commerce,5,2026-08-04,موقع رائع,Positive
f1ce84fe-076f-42b8-8bbc-8f1e230311b4,Jumia,E-commerce,4,2026-08-03,bon application de la Livraison,Positive
20a642a8-a934-4369-824d-e2c0bf94c69d,Jumia,E-commerce,1,2026-08-03,أنا كنت طلبت طلبين من جوميا واحد منهم إتصل المندوب يوم الخميس30/7 وقالى إنه هيجيب الطلب ووصفتله العنوان وقالى إنه عارفه وبعد ما إستنيته إتصل وعمل إن المكان مش تبعه وهيخلى حد تانى يجيبه غيره وإتفاجئت إنه لاغالى الاوردر وكان عندى أوردر تانى والمفروض يوصل 2أو 3 أغسطس ومحدش إتصل عليا ولما إشتكيت قالولى مفيش توصيل لمنطقة امبابة وبشتيل بصراحة معاملتكم سيئة جدا والواحد غلطان يتعامل مع جوميا تانى,Negative
3519a198-94c8-4e62-9e65-a51a7285dab6,Jumia,E-commerce,1,2026-08-02,أتعامل معه من فتره.. لاكن لابد الإنتباه ⛔ بعض الأجهزة الكهربائية لايتم ارجاعها في فترة ال إرجاع حتي لو لم تعمل او عيب مصنعي .. مصيرك مثل مصيري ✋,Negative
8fc92143-fe2d-4522-b492-c21edc8b893f,Jumia,E-commerce,5,2026-08-02,هلا,Positive
e5835949-0ad8-4dc1-9fbb-f6b08683422a,Jumia,E-commerce,5,2026-08-02,مانعرفش غير جوميا ومفيش حد هيكون زى جوميا لا في العروض ولا الاسعار ولا خدمة التوصيل فيه احترام متبادل بين العميل والشركة,Positive
41c9bf89-c4fa-40a0-abfc-2d4992041584,Jumia,E-commerce,1,2026-08-01,ابلكيشن فاشل بطلب الحاجه تجيلى بعد شهر,Negative
a16ec2d4-1fa1-45ef-9f12-36ae3369cbc7,Jumia,E-commerce,5,2026-08-01,رائع جدا,Positive
681ebc7b-9c76-424c-a516-9d4e4da77977,Jumia,E-commerce,5,2026-08-01,وااااااااااااعر,Positive
543a8540-79c1-4ea4-84d9-5dfb98aabaff,Jumia,E-commerce,1,2026-08-01,سئ وخدمة توصيل بطيئه وخدمة عملاء ضعيفه .. لو جربتهم زى هتفهم ليه امازون ونون متفوقين عليهم الفرق بينهم كبييير جدا,Negative
e7116fd9-737a-4a9f-806b-ec9e39b96844,Jumia,E-commerce,5,2026-07-31,ممتاز,Positive
041f2e94-1f77-4181-ab2d-d0469324d470,Jumia,E-commerce,5,2026-07-31,ممتاز,Positive
4319fa21-9b1e-4c55-bb7c-97c6e7b79d1a,Jumia,E-commerce,5,2026-07-30,ممتاز,Positive
9edee7eb-6ca5-4964-b3ee-20c7455fc96d,Jumia,E-commerce,5,2026-07-30,بصراحه ده اول تعامل انشاء الله يكون حاجه ممتازه,Positive
42ebeeef-0590-4603-8b1a-39067441b207,Jumia,E-commerce,1,2026-07-29,اسوء اسوء تعامل اسوء خدمه توصيل شركه زباله مفيش اهتمام ٩ ايام طالب حاجات ولحد اللحظه موصلتش مفيش اهتمام وكلها بترميها علي بعض ولا حد فيهم فاهم حاجه,Negative
5185361b-ea28-4593-b82d-058e25cabd20,Jumia,E-commerce,1,2026-07-29,خدمه عملاء زي الزفت مشوفتش زيها في حياتي وناس حتا مبتعرفش تحل اي مشكله لعميل بس اشتري تلقي الطلب اتنفز في ثانيه اعمل بقا طلب استرجاع علشان المنتج فيه عيب يطلع عينك علشان تفهم اي حاجه من خدمه العملاء أو يبقا في سرعه في تنفيذ طلب الارجاع ويبقا المنتج فيه عيب ومحديش يسأل فيك,Negative
25010eb3-c157-424d-a537-c64c7251d799,Jumia,E-commerce,5,2026-07-29,"أنصح بتنزيله فإنه برنامج حقا جميل ..."" أبسط ما يمكن لك الاستفاده منه عدا اشياء كثيره مفيده يقدمها البرنامج وهي أن تصبح مطلع علي الأسواق و الاسعار و اخر المستجدات بصفه عامه .",Positive
faeb831e-e9e0-4c67-a8dc-6f9858278022,Jumia,E-commerce,5,2026-07-27,جامد جدا,Positive
5e8fdc5a-9d4f-4d76-8aae-b18d08d37803,Jumia,E-commerce,5,2026-07-27,التجربه الاولي,Positive
86c9bff2-8b1f-4869-9a99-15da3a61b69c,Jumia,E-commerce,2,2026-07-27,تمن باهض,Negative
c2443527-520f-41a8-aba3-0c845ac62dad,Jumia,E-commerce,5,2026-07-27,جيد,Positive
6700bf43-e8cd-4fe2-b10c-68d142ef96ac,Jumia,E-commerce,5,2026-07-27,تطبيق رائع جدا يساعدنى فى شراء مااحتاجه بكل سهوله والتعامل مريح جدا,Positive
ae223a1e-74e8-47a6-a124-c4610eab9601,Jumia,E-commerce,1,2026-07-27,كان موقع ممتاز ولكن اخر تجربه كانت سيئه جدا وخدمة العملاء تواصلت معها ولم تحل المشكله,Negative
c365a452-1da1-491c-8280-80d35f323042,Jumia,E-commerce,5,2026-07-26,ممتاز,Positive
d84e0723-79ef-4dea-b545-2016d27f943d,Jumia,E-commerce,5,2026-07-26,تطبيق رائع وحقيقة أنتم أفضل موقع تسوق في العالم العربي والأفريقي.. تجارب الشراء معكم حقا مميزة ومختلفة والعروض اللهم بارك ممتازة وأفضل حقاً من أي مواقع أخري والأجمل أنكم لستم من داعمي الكيان ولسنا مضطرين لمقاطعتكم وكما عهدناكم منذ سنوات كنتم ولازلتم تجربة الشراء الأفضل والأقيم والأكثر راحة والتوصيل دائما سريع جدااا اللهم بارك وحتى قيمة الشحن أقل من أي موقع آخر .. أدامكم الله لنا چوميا وشكراً جزيلاً لكل العاملين ولكل القائمين على الموقع الرائع وكذلك لمندوبي التوصيل ولمعاملتهم المحترمة الراقية ..,Positive
e219317d-3fd4-4189-b48e-7500b53cfe8d,Jumia,E-commerce,5,2026-07-26,good,Positive
832e5649-ec64-42ac-9afe-d780910a8202,Jumia,E-commerce,3,2026-07-26,الارجاع صعب وبطيء والتوصيل بطيئ ومفيش خيار للتسريع ووصلني منتج غير المذكور,Neutral
00e54021-8f88-44f1-b885-c71fc76365f1,Jumia,E-commerce,5,2026-07-26,جميل جدا تسلم الايادي على البرنامج,Positive
9263ec56-5f12-4ca3-9d44-45bd8f3a5560,Jumia,E-commerce,5,2026-07-26,ممتاز,Positive
bc76da62-3661-4515-ad34-b44e9e1cc0e9,Jumia,E-commerce,5,2026-07-25,حلو جدااا بصراحه,Positive
b1ba28ae-4f0f-4c4b-ac72-22a9b6c6bd09,Jumia,E-commerce,1,2026-07-25,من اسواء الشركات الاونلاين سوء توصيل منتجات زبالة عدم ثقة في جودة المنتج خدمة عملاء مش كويسة خالص مفيش حد بيقدم حل نهائيا امازون انضف واحسن بكتير المندوب بيجلك لحد السرير مش البيت,Negative
cd478390-2009-4936-ac4a-3390128868bb,Jumia,E-commerce,3,2026-07-24,مقبول إلى حد ما,Neutral
5fd8c0d5-bb65-4641-8161-e8a9c2c636ad,Jumia,E-commerce,5,2026-07-24,تطبيق سريع ومريح,Positive
f896e87b-75f2-4501-a992-3fb03d276cbf,Jumia,E-commerce,5,2026-07-23,تنوع هائل وفرص حقيقية أحيانا معاملة محترمة خاصة عند وجود مشكلة في منتج أو رغبة في إرجاعه,Positive
5cbe004b-82f6-4efa-bb76-b9a2182aee22,Jumia,E-commerce,2,2026-07-22,تطبيق سئ اغلب المنتجات باللغه الانجليزيه وليست بالعربيه/ بلد الاقامه جمهوريه مصر العربية,Negative
504398f4-c8c2-4471-b603-52358e5c7911,Jumia,E-commerce,5,2026-07-22,جيد,Positive
e30d25ba-a1c5-416f-b55b-19297300bf89,Jumia,E-commerce,1,2026-07-21,تاخير في توصيل الطلب,Negative
36eeeea8-4274-4841-85e0-eca63afa7be7,Jumia,E-commerce,1,2026-07-21,سئ جدااا مدة وصول الاوردر طويلة بالاضافة لانهم غير ملتزمين بمواعيد التسليم اللي هيه طويلة اصلا,Negative
6356b106-2583-4a88-849b-815300c3bf5e,Jumia,E-commerce,5,2026-07-20,اسعار ممتازه توفير الوقت والجهد,Positive
34bd4b9a-47c0-4f2d-9ee8-b528958cb182,Jumia,E-commerce,5,2026-07-20,ممتاز,Positive
0d42dd21-0150-4d75-a2c1-fb0399be36f9,Jumia,E-commerce,5,2026-07-19,تمام,Positive
5b57b372-eef7-4504-85dd-146bfc21a701,Jumia,E-commerce,5,2026-07-18,التزام احترام امانه,Positive
f0a9316d-0d2a-430b-a23f-d33b64d0d938,Jumia,E-commerce,5,2026-07-18,كل مايديني خصم يرجع ويطلب نحديث,Positive
5a02689c-fe40-40b2-a976-09238f08cdb3,Jumia,E-commerce,5,2026-07-18,لسه بجرب,Positive
bc894c96-5acf-4994-85ec-310d6341f967,Jumia,E-commerce,1,2026-07-18,اسوء معامله لشركه كبيره او المفروض انها شركه كبيره حتى إلى شغالين فيها انا حاسس أنهم بيوقعوها بجد لما اقول ابعتيلى رقم الشكوى تقولى غير متاح طيب ادينى رقم اتواصل معاه لمسؤل تقولى غير متاح طيب انتى شغاله ليه وفين دا لو شغاله ف الشارع مش هتقولى الكلام ده.لا انصح احد التعامل مع هذا التطبيق أو الشركه .إلغاء الاوردارت بعد وقت من الزمان وانت ف انتظاره ولو ف مدير للشركه كان شاف التعليقات السلبيه دى وكان حلها ولاكن أنا شايف أن ليس لها مدير ولا مسؤل نكلمه . حرفيا انت تتعامل مع شارع وليس شركه حذف التطبيق,Negative
f810d3b6-a7c6-47f3-8fe6-dcadcaf60603,Jumia,E-commerce,5,2026-07-18,احلى شركة,Positive
ce7d0936-fb7f-4094-834a-273eb1cdaa58,Jumia,E-commerce,1,2026-07-18,رائع,Negative
00d9e1f9-98ff-4d6c-8b76-eebeee0e680c,Jumia,E-commerce,5,2026-07-18,جيد,Positive
5d1226e3-1c40-4103-971e-b71fe91080f9,Jumia,E-commerce,5,2026-07-17,مميز,Positive
9ca158d5-a81b-41ea-a817-1db555c98670,Jumia,E-commerce,5,2026-07-17,جيد جدا,Positive
6c8f49a7-e425-49a1-a944-b317a617e422,Jumia,E-commerce,5,2026-07-17,برنامج رائع,Positive
64d072f6-0127-4837-b412-08338242f3b3,Jumia,E-commerce,1,2026-07-17,تجربه سيئه واسعار مرتفعه للغايه وخدمه دعم سيئه ومنتجات غير مطابقه لمعاير الجوده ومنتجات مفقوده في الشحنه,Negative
16036b00-e310-430d-bdb2-75120383b253,Jumia,E-commerce,5,2026-07-16,ممتازة,Positive
48907c8c-1ef9-41ee-afb8-845c6c148ae5,Jumia,E-commerce,5,2026-07-16,شكرا جوميا علي كشاف ال uv كنت قلقان يكون تقليد لكن بالامانة uv حقيقي وقوي وسعره ببلاش والدليڤري محترم وطيب اسمه محمد واستلمت بعد الطلب بيومين ❤,Positive
fab78298-7988-4437-947e-8593238c0dab,Jumia,E-commerce,1,2026-07-15,افشل شركة لا انصح بهم فشله ونصابين لا انصح بها,Negative
4f18deda-49e8-43bf-b5d8-08bc22e1c224,Jumia,E-commerce,1,2026-07-15,والله اوسخ برنامج يتطلب منه حاجه و الكوالتي بتاع المنتجات زباله ومحدش بيحل حاجه و خدمة العملاء حافظين مش فاهمين و مفيش حاجه تشجع ان الواحد يشتري منهم تاني اوسخ مكان والله بجد عن تجربة,Negative
f5ac7ba9-fe29-4b85-96e6-9fd598090cef,Jumia,E-commerce,5,2026-07-15,ممتاز والشحن فى المواعيد المحدده,Positive
37227cdf-5b19-40b2-8a39-e3c77769cb96,Jumia,E-commerce,5,2026-07-15,ممتاز,Positive
b749d249-bf15-4548-b989-538f115bb341,Jumia,E-commerce,5,2026-07-14,ممتاز,Positive
2c482892-1fef-4ba1-8236-24e3025fd9ae,Jumia,E-commerce,5,2026-07-14,ممتاز,Positive
dcbaff70-4e0d-4b54-874b-386afc58ce25,Jumia,E-commerce,5,2026-07-13,شكرا بريميوم شكرا جوميا,Positive
8ceffb33-fa80-4818-a7b3-530acb6b6022,Jumia,E-commerce,1,2026-07-13,غير وافي في الملابس,Negative
9989a5a5-81f3-49c9-a500-acb7efcffeda,Jumia,E-commerce,5,2026-07-13,رائع,Positive
fc32619d-f4a9-49eb-9f05-b7bad74478b5,Jumia,E-commerce,5,2026-07-13,احلاه برنامج,Positive
aae02b51-b25b-4e88-8a98-9c9f1d327f0c,Jumia,E-commerce,5,2026-07-13,good,Positive
d6c77c2a-ba7e-4f88-94ff-ebe243576653,Jumia,E-commerce,3,2026-07-12,لم أجد بعض المنتجات وبعض المنتجات الأخرى يمكن شرائها من اي مكان بسعر أقل,Neutral
858f66a5-57c2-44d8-bbd8-78ae96e7de83,Jumia,E-commerce,4,2026-07-12,تجربتي مع جوميا جميله جدا بس في شويه ملاحظات بالنسبه للشحن مثال يعني اعمل أوردر فيه 16 منتج يتشحن 2 وبعدها 5 وبعدها 1 الخ ليه مايتم ارسال الأوردر مره واحد إذا كان المنتج معروض فهو متوفي ليه كدا,Positive
0ca46cbe-7477-4fff-939b-f3195bfffdae,Jumia,E-commerce,5,2026-07-12,جميل جدا,Positive
34ead879-1ab5-4d48-baa0-3f318472c7a6,Jumia,E-commerce,5,2026-07-11,تحت التجربه. اشكركم,Positive
9917f201-b721-425f-b923-6158c9efa646,Jumia,E-commerce,5,2026-07-11,جميل,Positive
7bd5802d-43a3-425e-9fb6-091690354a78,Jumia,E-commerce,5,2026-07-11,ممتاز ومتوفر عليه المزيد من المنتجات,Positive
42cef91e-be43-4101-9710-bd33565081c7,Jumia,E-commerce,4,2026-07-11,ممتاز,Positive
f8f97f3d-e9dd-495c-86f5-f6c073c15346,Jumia,E-commerce,5,2026-07-11,جيد جدا,Positive
91223018-7ba6-468b-a802-9402d11e2dc7,Jumia,E-commerce,1,2026-07-10,اسوء تجربة لما فكرت اشتري عن طريقهم انا اسف جدا جدا أن طلب أورد من يوم ٥/٧/٢٠٢٦ و تم التواصل معايا يوم ٧/٧/٢٠٢٦ عن طريق المندوب ويفيد ان الاوردر هيوصل يوم ٨/٧/٢٠٢٦ و طيعا الاورد ماوصلش ولما قدمت شكوي في خدمة العملاء تم معاقبتي بان الاوردر اتأجل بسبب تقديم شكوي وانا انهارده يوم ١٠/٧/٢٠٢٦ ولسة ماوصلش المشكله اني مسدد ثمن الاورد من خلال الابلكشين لمتي هفضل متعاقب علشان قدمت شكوي و بش عارف استلم الاورد او اطلبه من شركات اخري,Negative
b45b4561-8c8b-4809-9081-85f118f45e28,Jumia,E-commerce,1,2026-07-10,Je ne le recommande pas ; il existe une meilleure alternative.👎🏻,Negative
40a7bbf7-a55f-49bb-8f78-c285891906d3,Jumia,E-commerce,5,2026-07-10,goood,Positive
27b33830-a2b3-47f6-8315-bee99027e44e,Jumia,E-commerce,2,2026-07-09,👍👍👍,Negative
c0cf5165-c974-43e1-b5c1-5e2777bfa849,Jumia,E-commerce,2,2026-07-09,١. من ضمن الشركات المحليه ٢. ليس مقاطعه,Negative
656fdb84-95ee-4713-8d50-9d692b7ec12f,Jumia,E-commerce,5,2026-07-09,كده,Positive
6ff2f479-46b1-4c15-b9bb-68414c2060d0,Jumia,E-commerce,5,2026-07-09,روووعة وأسعاره حللوووة,Positive
993bdbe1-ae8e-4dc2-8224-0d112851c5ae,Jumia,E-commerce,5,2026-07-08,افضل تطبيق في العالم,Positive
1e96ebfb-c94b-4643-9bdd-dbeb0a58d17f,Jumia,E-commerce,5,2026-07-08,برنامج رائع جداً,Positive
2ab6627f-2a65-4341-8fae-3fa57ecb5bc7,Jumia,E-commerce,1,2026-07-07,اولا تطبيق جوميا فيه الكثير من المنتجات المقلدة و الكاذبة و الصورة توحي لك بأنه منتج من الشركة لذالك يا جوميا اريد منكم تعويض مثلا تلفاز كبير و شكرا المرجوا ان يصل الى صاحب الشركة و يتفهم وضعي يا شباب عليه ان يراه,Negative
4698221c-f106-443b-938b-107f3d8f0172,Jumia,E-commerce,5,2026-07-07,تكبيق جميل,Positive
68c0ca8a-d0eb-4f01-9f0b-f120375fd9c1,Jumia,E-commerce,5,2026-07-07,ممتاز,Positive
b57a5691-085c-4ab0-9c34-6974d0263aa4,Jumia,E-commerce,1,2026-07-07,كينة زيادة في الأسعار مقارنة مع المنتوج خارج التطبيق,Negative
5bed6372-4f35-475f-b1a1-ae28e6cd46a0,Jumia,E-commerce,1,2026-07-06,أسعار جد مبالغ فيها,Negative
a6972b75-e14c-4dd6-a771-97ad9c665f67,Jumia,E-commerce,5,2026-07-06,تطبيق جميل جداً جداً جداً جداً و انصح الجميع بتنزيله الان,Positive
d61ddfa1-ff2f-40bc-b9b3-20f297a1df8a,Jumia,E-commerce,1,2026-07-06,تجربه زى الزفت مفيش احترام للعميل اعمل طلب مرتين وكل مره بعد اسبوع تم الإلغاء اصل العنوان مش داخل نطاق الشركه اعمل طلب تانى بعنوان تانى ليه العنوان ده تمام اه تمام ده داخل النطاق وبعد اسبوع معلش اصل العنوان مش داخل النطاق,Negative
6e8121d3-12bf-42a5-aa76-15bc309db61a,Jumia,E-commerce,5,2026-07-06,جميل جدا ورائع,Positive
74bb48b5-879e-4abb-b794-47b5ee6b9dfe,Jumia,E-commerce,5,2026-07-05,احلى تطبيق شفته في حياتي جوميا وامازون😁🤗😊😆👑😘😍🤩,Positive
84e8ef17-3c07-401e-be93-0e8fa205f2e6,Jumia,E-commerce,1,2026-07-05,مواعيد كم مش مظبوطة تماما الحاجة اللى عايزنها توصل بدرى توصلوها متأخر و اللى عايزينها توصل فى معاد معين عشان هدية توصلوها بدرى وحاجة تقرف غير إن مفيش أى بنى آدم نقدر نتواصل معاه بيرد علينا AI مش هنتعامل معاكو تانى وهنمسح التطبيق أصلا متستاهلوش غير نجمة واحدة,Negative
b40bd005-4a7b-4966-81e9-dbf0886e9022,Jumia,E-commerce,1,2026-07-05,ابطأ شركة لتوصيل المنتج بيوصلوا المنتج بعد سبع ايام انا اشتريت كاب من يوم 28 يونيه و اليوم 5 يوليو و لم يصل حتي الآن و البنت بتاعة خدمة العملاء منتهي قلة الزوق و خرجت من المحادثة بدون ما اعرف المندوب هيوصل امتي و لا اعرف رقم للتواصل مع المندوب الصراحة تجربة سيئة للي عايز يشتري حاجة و مستعجل عليها كل المشاكل دي عشان بس استلم اوردر الله اعلم بقي لما يوصل هكتشف عيوب في ايه كمان,Negative
dd2408b1-9fa2-48da-9996-f9e5187cc68d,Jumia,E-commerce,1,2026-07-05,حلو الا شيء واحد كثرة النساء وصور وحشة جدا تخلي الواحد ميعرفش يتصفح براحته,Negative
7282f0d9-6aef-43bb-abb0-dfe26a52a230,Jumia,E-commerce,2,2026-07-04,احلى الناس التعملت معاها,Negative
80f367ae-58b2-46c6-92a1-24d22d0cf538,Jumia,E-commerce,5,2026-07-04,رائع,Positive
e3128818-0770-40e4-996a-553c2573198a,Jumia,E-commerce,5,2026-07-03,تحت التجربه,Positive
57884b63-fca7-4496-a980-366771fab59f,Jumia,E-commerce,4,2026-07-02,ممتاز جدا,Positive
b8c11c39-fa41-462f-969f-e5816060ec69,Jumia,E-commerce,5,2026-07-02,ممتاز,Positive
d831eeea-fc1a-44fc-8792-6e780e72cb51,Jumia,E-commerce,4,2026-07-02,تطبيق جميل وسلس وموتوق الدفع عند الاستلام أو عبرة بطاقة الإتمان,Positive
aa5a32d9-5e6a-4f86-9187-bd14fa606bab,Jumia,E-commerce,5,2026-06-30,جوميا أحلى تسوق وأحلى عروض,Positive
7138c619-5409-4644-a46c-973c1faacd16,Jumia,E-commerce,3,2026-06-30,انا لسه مشترتش حاجة بس الأسعار اغلى ب 20 ل30 جنيه ده غير مصاريف الشحن,Neutral
e3081f3b-50d3-44f9-9974-8a156dc6e052,Jumia,E-commerce,5,2026-06-30,ممتاز,Positive
64a26244-5b57-4267-9442-a2b0784516d5,Jumia,E-commerce,1,2026-06-29,"​""تطبيق يفتقد للمصداقية، خدمة العملاء ترفض إرجاع منتجات غير مطابقة للمواصفات (غش تجاري) وترفض فتح شكاوى للعملاء ويتجاهلون المحادثات",Negative
341f90dd-1108-45b9-898f-048aca34521b,Jumia,E-commerce,1,2026-06-29,عندى مشكله كل ما اطلب اوردر بيتلغي,Negative
e3c460f0-a9fd-4602-b97e-4f9a81e5b987,Jumia,E-commerce,5,2026-06-29,ممتاااااااز,Positive
650e3463-a78b-4a6d-a8e6-563fe715519d,Jumia,E-commerce,5,2026-06-28,excellent,Positive
747eaac7-b50f-4bba-a8b9-a48c2807cf3b,Jumia,E-commerce,5,2026-06-28,رائع,Positive
e6aff858-7096-4c2b-b6b2-d42521be9285,Jumia,E-commerce,5,2026-06-26,جميل جداً,Positive
c63a9a7f-90e8-4659-b681-f9b4cc2f0f76,Jumia,E-commerce,5,2026-06-24,👍👍👍👍👍,Positive
e2a1973f-62ea-4c9a-9071-153d98cddd84,Jumia,E-commerce,5,2026-06-24,ممتازه,Positive
063bf846-420a-4161-b79b-fa11d907d12b,Jumia,E-commerce,1,2026-06-23,تطبيق سئ جدا احترافي في بيع المنتجات المزيفة لا انصح به في أي منتج يمكن أن يسبب ضرر للبشرة أو الشعر تطبيق غير موثوق,Negative
e5264dca-575d-4bc4-9325-6dd7cfabc3ec,Jumia,E-commerce,5,2026-06-23,جيد,Positive
2fab1acf-7875-433c-8507-12362a6c2a33,Jumia,E-commerce,4,2026-06-22,التطبيق ممتاز لكن اخر اوردر ليا اتفاجاءت بأنه التغى وبعذر أن عامل التوصيل مالاقاني بالرغم اني كنت منتظرة الاوردر ومافيش حد منهم اتواصل معي لو يكونوا يتأكدوا من تقارير موظفين التوصيل قبل الإلغاء حيكونوا هم الافضل في مصر,Positive
dd7f2606-25f7-4e61-8a51-dd35ff279072,Jumia,E-commerce,5,2026-06-22,تطبيق ممتاز,Positive
3c457085-7d76-4d3a-bbc0-fb8f25b86427,Jumia,E-commerce,1,2026-06-21,الشحن عندهم وحش جدا التواصل معهم باي طريقه غير الشات صعبه وما بتقدرش توصل لحد ومواعيد التسليم مش مظبوطه ولو قدمت شكوى برده ما بتستفاد حاجه برنامج وحش جدا جدا جدا جدا منصحش حد يستخدمه,Negative
ddda682c-5b76-475d-b9f7-2a6cf1f40902,Jumia,E-commerce,5,2026-06-21,جود,Positive
8575dbfc-845b-4524-a3bd-5a23c7e0e0fa,Jumia,E-commerce,1,2026-06-21,ده ابلكيشن حرامي لم رجعت منتج بقالي شهر لحد الان الفلوس مرجعتش وكل لم اكلمهم يقولي يومين ولا حياة لمن تنادي,Negative
eb17f80c-63a1-47ec-9e8a-53e212b30035,Jumia,E-commerce,5,2026-06-21,خدمه ممتازه,Positive
559bb956-afa5-4c0d-a77d-f44350416867,Jumia,E-commerce,1,2026-06-20,مومتاز,Negative
9f1ae3d2-a9b5-48c1-9224-969c6918be57,Jumia,E-commerce,5,2026-06-20,مش كان في خصم,Positive
3d0e39dd-c417-4bea-8e94-982c42f3d2f0,Jumia,E-commerce,1,2026-06-20,التطبيق بيقلب انجلش لواحدة و مش مستقر علي الاندرويد و كل شوية يطلب الباس ورد للدخول ، التطبيق مش مريح ابداا في الاستخدام,Negative
845095c1-617b-461b-98f2-f4dc9d63241e,Jumia,E-commerce,5,2026-06-20,رائع,Positive
e50d351e-cbd2-46af-9c15-18d19705416e,Jumia,E-commerce,5,2026-06-19,جيد,Positive
7fb28991-bd5c-4519-907b-710c9cde47e6,Jumia,E-commerce,1,2026-06-18,مفيش مصداقية خالص والله,Negative
f5e8ae8c-f140-49be-a3de-6d729482307f,Jumia,E-commerce,4,2026-06-18,ممتازة,Positive
a015c6eb-3304-47c5-aca0-76bc1423b8cc,Jumia,E-commerce,1,2026-06-17,أسواء ابلكيشن و أسواء خدمه,Negative
c9c4cc3f-f448-40c2-919e-fa9ceeadccd8,Jumia,E-commerce,5,2026-06-17,ممتازه,Positive
98241634-ac2d-4974-826f-765ad4f15381,Jumia,E-commerce,1,2026-06-17,نزلت ابلكيشن جوميا مصر على اساس ان في خصم 100 لأول أوردر وبعد ما نزلت ال ابلكيشن عملت طلب وطلبت الخصم قالوا لازم يكون قيمة الطلب فوق ال 500 جنيه علشان تاخد الخصم وعملولي خصم مش عارف 30 جنيه تقريبا ودفعت شحن كمان وطلع القيص مقاس ال XL صغير واحتجت ابدله ل XXL دفعوني شحن تاني و20 جنيه خدمة عملاء لذلك دي هتكون اول واخر معاملة معاهم ان شاء الله,Negative
8b32e3e9-6b03-41e6-96b0-b268e08d125c,Jumia,E-commerce,5,2026-06-17,ماشاء الله خدمة فوق الممتازة,Positive
0c21c2c1-8ffa-4a55-b4e4-7aa8f812e994,Jumia,E-commerce,5,2026-06-17,شركه ممتازه ومش اول تعامل معاها دي مرات كتير,Positive
bc461eb1-6ef9-4a3d-8fd2-b7340a07f3f0,Jumia,E-commerce,1,2026-06-16,ما فيش فتح علي الجهاز خالص مع أن كله شغالين عندي الا برنامج جوميا يكتب اعد المحاوله وان فتح مره تستمر 20 ثانيه ويفصل ويكتب اعد المحاوله,Negative
d707ec92-46fe-492d-a737-d24baf467d43,Jumia,E-commerce,5,2026-06-16,رائع جدا,Positive
5fb84214-41fd-41d1-a375-24a8ad1ba45d,Jumia,E-commerce,3,2026-06-15,هناك مشكله كبيره في تفاوت ف الاسعار و كمان بيسيبك منك للتاجر,Neutral
ebb3509e-ee06-49ec-917e-e69e2ba44036,Jumia,E-commerce,5,2026-06-15,المعاملة جيدة وواضحة وسهلة,Positive
7eadc942-7d4c-4787-b81b-b793e287f4a5,Jumia,E-commerce,5,2026-06-15,ممتاز,Positive
b545d6ff-d6e7-40d6-b4cf-02cfd0e616f6,Jumia,E-commerce,1,2026-06-14,تطبيق يبيع الأشياء الغير اصلي,Negative
c495a100-b008-4448-85a4-a50c92d3b8b2,Jumia,E-commerce,1,2026-06-14,خدمة سيئة جدا - تاخير في الوقت - خدمة عملاء زباله - لا انصح بها علي الاطلاق,Negative
c613a0be-85e8-4458-b44a-867bcb28e261,Jumia,E-commerce,4,2026-06-14,تحت التجربة,Positive
33ec615e-ce10-49f8-a69b-21236ef9124b,Jumia,E-commerce,5,2026-06-13,جيدا,Positive
ca886a9c-55a2-4ffd-91cf-c66fc2414086,Jumia,E-commerce,5,2026-06-12,شكرا جدا,Positive
5ce9c7c1-c970-48b1-b97a-4fa3daca6b8d,Jumia,E-commerce,1,2026-06-12,اسواء تطبيق ونصابين حسبى الله ونعم الوكيل فيكم جابو لى ثلاجة بايظة وكلمت خدمة العملاء قفلو فى وشى منكم لله,Negative
20a3aad2-51f6-4b22-b95d-9b4f3f677e94,Jumia,E-commerce,5,2026-06-12,wonderful,Positive
602f97b3-ca9c-47da-8baa-61cb427d26dc,Jumia,E-commerce,5,2026-06-12,احبه,Positive
0572d3ed-db21-436f-a42d-3c169eb9110e,Jumia,E-commerce,1,2026-06-12,شركة نصابين وخدمة عملاء زى الزفت ومفيش مسؤول تقدر تتواصل معاه ومندوبين شحن اسلوبهم زى الزفت فى التعامل ومفيش حد بيحاسبهم بجد من اسوأ الابليكيشن لطلبات الاونلاين,Negative
1d5ff8eb-28f4-40ae-8234-4886fc96d891,Jumia,E-commerce,5,2026-06-11,برنامج جميل جداً واسعار ممتازه,Positive
96f58230-d318-4848-ad9f-1750c636f3d4,Jumia,E-commerce,5,2026-06-11,رائع جدا 👍👌,Positive
e21ddb96-e605-4473-8752-9724843d5b7e,Jumia,E-commerce,1,2026-06-10,"تجربة مؤلمة - 12 يوم ضايعة"" طلبت غسالة بـ 23,000 جنيه، وبعد 12 يوم من الانتظار ومن التواصل اليومي مع خدمة العملاء اللي كانت كل يوم تقول ""الطلب هيوصل""، فوجئت إن الطلب اتلغى. السبب؟ المندوب لغى الطلب ""لم يتم التواصل"" وهو بالليل يبعت رسالة لم يتم التواصل معكم ، وموبايلي شغال 24 ساعة. إزاي مندوب يلغي طلب بـ 23,000 جنيه من غير ما يتأكد؟ ومين أعطاه الصلاحية دي؟ للأسف عدم الاحترافية وعدم الالتزام وعدم احترام العميل أكبر من أي كلام. مش هنصح أي حد بالتعامل مع جوميا.",Negative
bce43fe3-146c-4e5c-8832-13d8053bcdcf,Jumia,E-commerce,4,2026-06-10,اوافق على ان جوميا هي مكاني المفضل للتسوق عبر الإنترنت,Positive
86066f8e-cff3-428d-bb2a-84bbeebdaf9f,Jumia,E-commerce,5,2026-06-10,جميل,Positive
a4a94645-a013-478a-88aa-7b7e2efa779c,Jumia,E-commerce,5,2026-06-10,رائع ومناسب للجميع,Positive
0574154e-d7f0-42ef-9130-21e53ae8cecf,Jumia,E-commerce,1,2026-06-10,سئ للغايه مش بيرجعه الحاجه لو جتلك في كسر او غلط,Negative
3ae3f14f-1986-45f5-a58a-1725d5704758,Jumia,E-commerce,5,2026-06-09,جدا👍,Positive
95eb56ea-f54b-47a0-b3c3-e4979489c2f7,Jumia,E-commerce,1,2026-06-09,تأخير فى التوصيل كبير جدا ولا يحدث حتى تحديث للمواعيد الجديدة,Negative
f121a417-2398-488f-ac77-6ec2eeb0d6d7,Jumia,E-commerce,5,2026-06-08,ممتازه,Positive
d96a9574-818f-4c1e-a5ce-b4e96b28811c,Jumia,E-commerce,1,2026-06-08,لسه متعملتش اول عمله معرفش,Negative
5c26b269-e9cb-49b7-970f-108a6a31ad3c,Jumia,E-commerce,5,2026-06-08,خدمة رائعة,Positive
56e00a90-c253-465a-b76b-0b50a4d3e2ea,Jumia,E-commerce,5,2026-06-07,جيد,Positive
7ec94d83-564f-4a73-b4c5-b16aa461d823,Jumia,E-commerce,1,2026-06-07,تطبيق سئ والاوردرات بتتاخر وبيتنكوا,Negative
04be9d60-54ef-497c-8ccf-b5611299f55e,Jumia,E-commerce,5,2026-06-07,حلو,Positive
b26f3a61-9210-4f72-89cf-eee08950dff8,Jumia,E-commerce,5,2026-06-06,احسن تطبيق في الدنيا تشتري من منتجات رخيصه وحنينه وعلى قد الايد ومنتجات جميله وتعيش معاك,Positive
3e195266-539a-47ef-94d0-9f492e25ee09,Jumia,E-commerce,5,2026-06-06,حرام بجد الحجات الي الناس بتقولها دي الحاجه جميله وي المعامله كويسه وتوصيل الورد لو اتاخر بيقعد ٣ ايام مش اكتر لاكن في العادي بيقعد يوم ونص او ٢ يوم وي الحاجه كويسه والاسعار كويسه ممكن يكون في حجات مش حلوه اوي بس في مرتجع وي بيجي تاني يوم الصبح بجد شكرا 💓,Positive
d4580074-00dd-44e5-addb-cc349d8808ce,Jumia,E-commerce,5,2026-06-06,ممتاز,Positive
7e6dd00b-72b3-4870-92f9-100e3fc72bbb,Jumia,E-commerce,1,2026-06-06,بقي فيه غش فى المنتجات كتير اوى ودلوقتى كمان مفيش مرتجع ،يعنى اتدبست فى منتج مش طالبه وبايظ حماية المستهلك هتجيب حقى,Negative
e9dd9939-3b8f-45c6-9833-db6da0a627fa,Jumia,E-commerce,5,2026-06-06,Excellent application,Positive
eda22cc4-3c15-4401-add2-35ce08661779,Jumia,E-commerce,5,2026-06-05,جوميا ممتازه جدا جدا,Positive
1e9190c2-e140-4713-9b5d-7cd9d9d85d3a,Jumia,E-commerce,1,2026-06-05,اسؤ تجربة مررت بها منتج مخالف للمواصفات وبه تلف خدمة عملاء ضعيفة مناديب يتعاملون باسلوب سيء ومماطلات,Negative
e7098fd9-57b5-4f45-92e0-f6c04c9b1c37,Jumia,E-commerce,1,2026-06-04,سيئ جدا وعندهم مشكله في طلب الارجاع ولجنة الفحص,Negative
8902f0d2-befd-4212-b1ce-72f34d4a3a8f,Jumia,E-commerce,1,2026-06-04,ملي كيتقادا شي منتوج مكيعاودش يتباع مفهمش علاش ملي كتنقص الكمية ديال شي حاجة مكيعاودوش يشارجيوها 👎👎👎👎,Negative
e5a96da6-6337-4ebb-b03c-46e6a614b767,Jumia,E-commerce,1,2026-06-04,وحش جدا جدا جدا وتأخير غريب في الطلبات وكمان شحن غالي جدا والطلبات بتيجي في الاخر غلط وتقعد بقى شهر تاني شكاوي عقبال ما يرجعوا فلوسك وسواد,Negative
52f440b8-f76a-4b1f-9714-2fbcf57469c5,Jumia,E-commerce,5,2026-06-03,هو السعر اللي مكتوب هو إللي بدفعه ساعه الاستلام ولا بتتحسب إزاي,Positive
d1d7cda8-46be-47a2-837b-1479791d5525,Jumia,E-commerce,5,2026-06-03,جيدة جدا,Positive
b852000b-6b8d-47ab-81a7-2156f9feaef9,Jumia,E-commerce,5,2026-06-03,برنامج جميل جدا وعن تعامل,Positive
eb72b073-f638-4e5f-9ff3-16c3ce5165fe,Jumia,E-commerce,1,2026-06-03,اشتريت منه في الجزائر لكن الآن ادخل لااجد الجزائر فيه ماسبب,Negative
2eccf51a-5395-4665-8606-b23ab6095ddb,Jumia,E-commerce,1,2026-06-02,خدمة ما بعد الشراء أسوا ما يكون وخدمة العملاء في منتهى الاستهتار ومنتجات تالفة ومفيش تواصل للحصول على فاتورة شراء لاي منتج من منتجات كبيرة زي بوتجاز وغسالة أطباق. لا أنصح ابدا بالتعامل معهم امازون ونون أفضل,Negative
f576edd6-c3ab-433f-b33e-bd9ac9bb324a,Jumia,E-commerce,5,2026-06-02,ممتاز جدا,Positive
72a18475-2f5e-4ca7-967f-5ee3795b0f47,Jumia,E-commerce,5,2026-06-02,جميل ورائع وعظيم جدا جدا جدا جدا,Positive
33639f02-04c1-450c-819f-7e1ecd15a3f2,Jumia,E-commerce,5,2026-06-02,معامله جيده,Positive
c7927084-4ccb-4311-8b50-9eafab96f619,Jumia,E-commerce,1,2026-06-01,اسوء خدمه عملاء واسوء متابعه ما بعد البيع واسوا سياسه ارجاع بامانه القائمين على حل المشاكل زي الزفت,Negative
4b390ffe-4ed5-4976-9889-61d9a764659c,Jumia,E-commerce,5,2026-05-31,معامله ممتازه و التزام فى التوصيل فى المعاد الحمد و المنتج زى الصوره و الجوده ممتازه,Positive
9c4c1d06-b29f-475e-aa2c-654be70b7102,Jumia,E-commerce,5,2026-05-31,ممتاز,Positive
e2a0d5c9-6aeb-43c7-9d89-fb1e01cdba84,Jumia,E-commerce,5,2026-05-31,إنه رائع جدا و يوجد به كل شيء,Positive
0ae086c9-b198-40df-aa7b-faa7f843f618,Jumia,E-commerce,1,2026-05-30,التطبيق لا يدعم اللغه العربيه,Negative
4318eeeb-c614-4d09-ad26-558ab4de47d1,Jumia,E-commerce,5,2026-05-30,تحفهههههههه,Positive
7a2c6bbe-84dd-4478-afac-574a13d4c4a5,Jumia,E-commerce,1,2026-05-29,وضعت نجمة واحدة لأنه لم يعد وجود دولة الجزائر كخيار بماأني من الجزائر إن بقي على هذا الحال سأقوم بحذفه,Negative
81f122f8-7d0a-45b1-b378-7480a893a44f,Jumia,E-commerce,5,2026-05-29,ممتازة شكرا جوميا,Positive
55a4f280-d7e5-4baa-9ee8-23861121bfb5,Jumia,E-commerce,5,2026-05-28,جميل جدا وآمنة,Positive
972fad5f-6eef-41cc-be9c-323c5897ffad,Jumia,E-commerce,5,2026-05-28,ممتاز,Positive
26afcc76-5f04-41dd-8a2c-598bfa254286,Jumia,E-commerce,1,2026-05-27,خصومات وهميه تطبيق سيئ,Negative
30765cd4-c87a-4da9-a4f2-0f8e87bc812d,Jumia,E-commerce,5,2026-05-26,ممتاز,Positive
1009d283-3497-4d7c-9cbb-f9ce6263f3b2,Jumia,E-commerce,5,2026-05-26,ممتاز,Positive
2f4ea436-d275-4135-9759-c11b6ff08477,Jumia,E-commerce,2,2026-05-26,ممكن توصيل للقرى او حتى المراكز,Negative
c41827d4-9cb1-4bd2-b3e0-55667a4b08e2,Jumia,E-commerce,5,2026-05-25,شكرا على هذا المجهود,Positive
7ee86fa5-5ec2-4899-ab93-3f02c528043a,Jumia,E-commerce,1,2026-05-25,اغلي من السوق بكتيررررررررررر ويقولوا تخفيض,Negative
b5d80c22-c773-4865-b667-cc77c473bb2a,Jumia,E-commerce,1,2026-05-25,بجد انا ندمت اني جربتكم وكانت اول تجربه تجربه سيئه بجد لاكن اطلب اوردر من يوم ٩/٢٦. ٠ يجيلي ٧اكتوبر واكلم خدمه الاعملاء اكتر من مره ومحدش بيحل في اي حاجه ده اسمو فشل متستهلوش حتي نجمه وكمان طلبت اوردر وجالي وجالي غير ما موجود في الوصف وطلبت ارجاعه من يوم الاحد 10/11وكل يوم يجلي رساله المندوب هيجي ياخد المرتجع والمندوب يكلمني واسيب شغلي واستني المندوب ميجيش اكثر من مره علي كدا انا ندمت اني طلبت اوردر منكم والله وافشل ابلكيشن ممكن تشتري منو علي الاطلاق ولا يوجد اي مصدقيه للمره التانيه,Negative
1f6d46e8-6a42-4490-b537-b6c23cf20423,Jumia,E-commerce,1,2026-05-25,مفيش خصم 100جنية زي ما بتقولوا,Negative
dab9182f-c502-41c8-b406-928f6590a110,Jumia,E-commerce,5,2026-05-25,ممتاز,Positive
c370a464-d937-49c8-8587-faece8e95008,Jumia,E-commerce,5,2026-05-25,جميل جدا,Positive
e9c132d3-4f66-4d96-aa84-d5abebb12af4,Jumia,E-commerce,5,2026-05-25,ممتاز,Positive
a82e892d-8bf1-4ace-9df5-1d220d1c2dbc,Jumia,E-commerce,5,2026-05-25,good 💯,Positive
d4316c17-27e5-43b7-9c56-03f3a403c904,Jumia,E-commerce,5,2026-05-24,تجربه حلوه,Positive
bdaf7781-3bad-4211-b886-44584613cba0,Jumia,E-commerce,5,2026-05-24,🥰,Positive
91de7d8f-0411-4c9c-9eeb-a58a6c73043a,Jumia,E-commerce,5,2026-05-23,جبدجد,Positive
cf500c0d-006a-4956-be07-ec6862b90c05,Jumia,E-commerce,5,2026-05-22,تحت التجربة,Positive
f0f304c3-76f1-46e3-87e2-be388bc6f1ac,Jumia,E-commerce,5,2026-05-21,ممتاز,Positive
551cde6e-16c6-4921-a94b-c81ae8b31a4f,Jumia,E-commerce,5,2026-05-21,شكرا جوميا مصر,Positive
2ebdcc40-d78e-44ea-8d06-8f2714cf123a,Jumia,E-commerce,1,2026-05-20,بجد هو فى كدة البيه المندوب اتصل بيه قبل ميعاد الطلبيه ولما قولتلو انا فى الشغل وهاكون متاح على الساعه ٦ مساء مارديش يجى تانى وكل شويه اشعار اللب فى الطريق اليوم .ومن اسبوع الاوارد متعلق. انتم مين ياد انت وهو شكلكم نصابين,Negative
f01859c3-dc20-4c0d-ab8b-fd14398fc1f8,Jumia,E-commerce,1,2026-05-20,تطبيق سيئ جدا ونجمة واحدة كتير عليه شركة سيئة جدا اول مرة واخر مرة اطلب حاجة من جوميا اوردر يقعد اسبوع علشان يوصل ولسة مجاش لية؟ كنت بطلب نفس الاوردر من نون او امازون بيوصل تانى يوم. لا انصح احد باستخدام التطبيق ده,Negative
09652474-df64-41d4-81e6-ccf9e639bbe8,Jumia,E-commerce,5,2026-05-20,موقع ممتاز,Positive
d8df92c2-28ab-472b-bc32-f3d42fcf661b,Jumia,E-commerce,1,2026-05-20,اسواء موقع,Negative
1724c2c1-1122-4c55-93fc-7c8427a35a6b,Jumia,E-commerce,5,2026-05-20,محمد مصطفى جوميا ثقه 100%,Positive
ac747bb4-5ebe-4ea8-9246-66afb579d8a9,Jumia,E-commerce,5,2026-05-20,ممتاز تبارك الله,Positive
4e52f62f-a6d3-42a8-b4ca-919f8328664c,Jumia,E-commerce,1,2026-05-19,من أسوأ المواقع اللى اتعاملت معاها تأخير باليمين و التلاته ف الاوردرات زياده عن الميعاد المتفق عليه مش كفايه أن الاوردر بيقعد ٨ ايام عقبال ما يوصل لا ده بيأخره زياده وصول المنتجات مع المندوب بعد نص الليل اللى هو المفروض عشان اوردر طالبه تصحينى من الجنوب بعد ١٢ بالليل عشان استلمه. و ده مخالف لسياسة الشركه اصلا بالاضافه لاسوأ خدمة عملاء. دعم فنى بلا منازع,Negative
e6313d9e-4ebc-48ec-95a4-5d47fa7a6af5,Jumia,E-commerce,1,2026-05-19,التطبيق فى السنغال لا يدعم اى لغة غير اللغة الفرنسية فقط لا اصدق ان هذا مازال موجود فى 2026,Negative
9a83b2b1-0082-414b-a134-adbdd2a03e9b,Jumia,E-commerce,1,2026-05-19,مع ان يوجد عندي نت وكل التطبيقات تعمل لا يعمل ويقول لا يوجد اتصال بالانترنت وبالنهاية قمت بحذفة,Negative
d796abc3-cc81-4b1e-a255-8ca2f83dd751,Jumia,E-commerce,5,2026-05-19,Nice,Positive
89fc0977-fab1-4e67-ac00-d9cce3a48598,Jumia,E-commerce,1,2026-05-18,خدمه سئ ولا يوجد اهتمام,Negative
77457a2a-cb5f-4f95-ba29-273c2a848f8f,Jumia,E-commerce,1,2026-05-18,اسواء تعامل فى الشراء حذف المنتجات بعد الشراء والدفع عبر الفيزا اسواء مناديب تسليم واسهل حاجه لم يتم التواصل مع العميل ويكنسل على الساعة ٧ او ٨ م علشان مافيش خدمة عملاء لا تعبر عميل ولا تسمع شكوى ولا تحل مشكلة اخرهم الساعة ٧ او ٨ م والعميل يولع اجازة جمعة وسبت هو عقاب لينا تقريبا اسواء خدمه وحاجات الموقع اغلى بكتير من مواقع تانية ضميرى مرتاح من كتابه الشكوى وبلوك على الابلكيشن,Negative
97105ea3-71b5-4ff8-8c10-629966c59b76,Jumia,E-commerce,1,2026-05-18,نصابين وبتجيبوا مندوبين يسرقوا الاوردات. ويقولوا ان الشحنة وصلت وهية موصلتش. نصيحة لو مضطر تشتري من جوميا خليها دفع عند الاستلام. عشان فلوسك مترحش عليك. وتقعد تكلم فيهم بالاسبوعين ومفيش حل. حسبي الله ونعم الوكيل فيكم.,Negative
91a6c593-9f96-4f57-98f4-0a24374783bd,Jumia,E-commerce,5,2026-05-17,ممتاز,Positive
79624c70-1528-4951-8219-e6c84487d97c,Jumia,E-commerce,1,2026-05-17,المنتج غير مطابق تمام لما أطلبة منكم دائمآ غير أصلي أنتوا كده بتخسروا ثقة العملاء فيكم,Negative
7cbe2954-be8f-4a03-8e4e-9185162482d9,Jumia,E-commerce,3,2026-05-17,جميل,Neutral
b747996b-8e69-4baf-ac7b-8102a91bafe2,Jumia,E-commerce,5,2026-05-17,ممتاز,Positive
ea8ac20f-b9bc-45dd-8efb-07f8254fc649,Jumia,E-commerce,5,2026-05-16,ممتاز,Positive
a2da8122-2294-40c2-aa48-55e4fd87c335,Jumia,E-commerce,1,2026-05-16,سى,Negative
0189ea66-00af-4d59-8919-0380d9ac1206,Jumia,E-commerce,5,2026-05-16,خدمة ممتازة وتوصيل سريع,Positive
b4df35f2-1c34-4aa5-a6b5-e339d7ccd60f,Jumia,E-commerce,5,2026-05-16,ممتاز,Positive
2c04917c-e443-4570-b787-299e32d1b9a9,Jumia,E-commerce,5,2026-05-16,ممتاز,Positive
c52be393-8a60-4f20-a9ba-ff8a6da34f1c,Jumia,E-commerce,5,2026-05-16,ممتاز,Positive
d5473219-d3b4-432b-ae1d-d4aed64618f8,Jumia,E-commerce,5,2026-05-15,جميل,Positive
06d91c9c-8457-49be-b32c-07311a63fcb7,Jumia,E-commerce,5,2026-05-15,ممتاز,Positive
b117c183-69f2-4823-8b55-a876ac3d5b8a,Jumia,E-commerce,1,2026-05-15,تعامل سئ ومنتجات معيوبه,Negative
9befea64-5bc2-47f3-a3da-bb38485eb8a2,Jumia,E-commerce,5,2026-05-15,شركه محترمه واسعار ممتازة,Positive
fa594fe3-bc9a-4dd3-b790-0d1344fe4952,Jumia,E-commerce,1,2026-05-15,عدم المصداقية والشفافية وعدم الالتزام بالمواعيد وعدم احترام العميل,Negative
9514fdb0-6ca2-43f4-a1ea-c610de66b99a,Jumia,E-commerce,5,2026-05-14,ممتاز جداً وفى منتهى الروعه,Positive
b1024825-06e9-470c-9f64-22bcd6400a59,Jumia,E-commerce,4,2026-05-14,جيده جدا إلا أن أغلب السماعات البلوتوث بها تلف,Positive
2b07ad9b-77c0-4f43-ae71-fd838618555f,Jumia,E-commerce,5,2026-05-14,ممكن تنزلون شوي زي عروض اكتر لزياده. المشتريات,Positive
894b3d19-f041-4d77-9bdd-7575351519d3,Jumia,E-commerce,5,2026-05-14,اكتر من رائع وسهل الاستخدام,Positive
44c9ef0d-9a80-46b5-ae05-38be1176a265,Jumia,E-commerce,3,2026-05-13,معقد ف التسجيل ع جوميه,Neutral
66f10c9a-197d-43b8-b735-4e5ff767331f,Jumia,E-commerce,5,2026-05-13,موقع جيد,Positive
415db0f5-502e-4356-abf7-b8763312658e,Jumia,E-commerce,5,2026-05-13,excellent,Positive
503e01fd-e97f-45d4-a3c6-2f90bd77470b,Jumia,E-commerce,2,2026-05-13,لا يسمح بتغير اللغه الي العربيه,Negative
bd9da1ad-8738-4709-a1c2-1dfe8add96fb,Jumia,E-commerce,5,2026-05-12,ممتازه,Positive
5bd8e14c-478f-45a9-978b-b608cbcec555,Jumia,E-commerce,5,2026-05-12,very good,Positive
b2eb19a1-15ce-4137-aeaa-18b804f7949a,Jumia,E-commerce,1,2026-05-12,تعامل غير محترم والغاء التوصيل لأماكن تم التوصيل لها قبل أيام فقط الكلام بلغه مهذبه لكن التعامل حقير,Negative
826603b4-f127-4aa2-bf64-ff1aeac07d8c,Jumia,E-commerce,1,2026-05-12,تجربه سيئة للغاية اشتريت مكواة بايظة ومش عاوزين يرجعوها حسبي الله ونعم الوكيل,Negative
68db080e-5ed8-49a4-a0fb-eb46de2fc72c,Jumia,E-commerce,5,2026-05-12,sure nice application ☺️,Positive
8057f633-2ce2-45b2-a93e-6e4b4bd873fc,Jumia,E-commerce,1,2026-05-12,اسوء موقع تعاملت معاه جابو ليا ثلاجه وفيها خبطه قعدت 25يوم عشان يرجعوها واتهموني ان انا الي خبطتها بعدين رحت القسم و صورت كل شي و رجعو اعتذر ان ده حصل من المخازن بعد مراجعه الكيمرات سيئين في التعامل و التجاوب ول خدمه حرفيا أسوأ ابلكيشن تعاملت معه و انصح بشده بعدم التعامل معاهم,Negative
4cca34be-daed-4d51-9897-85c8c39f80f6,Jumia,E-commerce,5,2026-05-12,جيد,Positive
46cdd5cb-52c8-4433-8229-30588160d2ea,Jumia,E-commerce,5,2026-05-11,البرنامج جميل وحلو وشكرا جوميا.,Positive
c5fee5d5-82d4-4ae0-a075-2d1f81dfd018,Jumia,E-commerce,5,2026-05-11,اكيد,Positive
893697e2-a786-476c-ae44-f786fcc41c33,Jumia,E-commerce,2,2026-05-11,جيد,Negative
42693509-17a7-4367-a0c7-2faa73d1d0e8,Jumia,E-commerce,5,2026-05-11,معاملة جيدة جداً ونتمنى الاستمرار على ذلك,Positive
4d790d59-68b6-442d-ac9b-a7f0cff545fe,Jumia,E-commerce,1,2026-05-11,طلبت طلب وقالي هيجي من يوم 6 ليوم 10 والنهارده 11 ومجاش وقالي هيتم تحديد يوم تاني للتوصيل,Negative
031d5381-012e-4df7-82ac-1977c74ded7f,Jumia,E-commerce,5,2026-05-10,ممتاز,Positive
1c6c441f-9ef5-4b56-8a0d-9e06e0c4520b,Jumia,E-commerce,5,2026-05-10,Perfect,Positive
2057b028-f399-461f-91f2-35c3b231492a,Jumia,E-commerce,1,2026-05-10,لا أنصح به في الآونة الأخيرة ظهرت مشكلة التأخير في الأوردرات ومندوبي التوصيل يلغوا الأوردر ويتم إعادته الشركة دون الرجوع للعميل انا مستاءة بشدة ولن أتعامل معكم مرة آخري,Negative
a0615a3a-ed87-4b68-899f-51e5f4e8c2ec,Jumia,E-commerce,5,2026-05-10,ممتاز,Positive
fdaa3f03-801a-4857-afc3-2183b6087e8f,Jumia,E-commerce,1,2026-05-09,اسوء تعامل المنتج سئ للغايه غير مطابق علي الموجود في الصوره غير التأخير في توصيل الطلب تقيمى ليكم صفر,Negative
72e02f1b-f42d-4730-ae94-77c086cc3919,Jumia,E-commerce,1,2026-05-09,اسعار غاليه بس التوصيل كويس,Negative
0158ce65-b77e-4f73-875b-a8a2526cf08c,Jumia,E-commerce,5,2026-05-09,جيد جدا,Positive
33bb4603-caf4-4843-8ab3-ff4c364f9e5a,Jumia,E-commerce,5,2026-05-09,ممتاز,Positive
3e5d43ee-982c-493e-9d2c-47b05498f31b,Jumia,E-commerce,5,2026-05-08,ممتاز جدا جدا جدا,Positive
5b343f7c-e55e-4476-ba4a-23ce4f339cf1,Jumia,E-commerce,4,2026-05-08,افضل تطبيق جيد وسريع في التوصيل,Positive
74c7d818-4d01-4668-bafe-1fe16e0cb864,Jumia,E-commerce,5,2026-05-08,ممتاز,Positive
fea78168-195e-4821-8a6e-fd0d552a74a9,Jumia,E-commerce,4,2026-05-08,موقع محترم,Positive
eeb5ec6a-882e-4405-8dcd-c2fcc122ec3c,Jumia,E-commerce,1,2026-05-07,مايستهلش حتى نجمه اغلب المنتجات وحشه جدا جدا جدا جدا جدا جدا جدا والإ سترجاع زفت وفلوس بتروح حسبى الله ونعم الوكيل,Negative
59d4d104-c2a6-4530-8317-71457dad60e8,Jumia,E-commerce,5,2026-05-07,ماشاء الله تبارك الله,Positive
b91b718f-b642-4d0e-b5f7-f05613a84bda,Jumia,E-commerce,1,2026-05-06,خدمة سيئة جدا وليس لديهم التزام بالموعيد وخدمة عملاء من اسوا ما يمكن لا انصح بالتعامل معهم,Negative
4b08b1f3-2883-4c35-a61b-8e5f378054ed,Jumia,E-commerce,5,2026-05-06,موقع محترم جداً و المعاملة منظمة جداً و سهلة و محترمين حتى فى الإرتجاع,Positive
f5f8defb-ebbb-49fa-a1b9-182c497f1332,Jumia,E-commerce,5,2026-05-06,ممتاز,Positive
4d81c0f1-1fa6-427e-82f3-ace1dffd0ef9,Jumia,E-commerce,2,2026-05-05,موقعي في التطبيق غير متوفر ارجو حل المشكلة,Negative
c315ef44-660c-4d0f-a2b1-aa6834191617,Jumia,E-commerce,1,2026-05-04,لما بيحصل مشكله مش بتتحل ولما تقدم شكوة واتنين مفيش تغير والحاجه لو جاتلك ناقصه خلاص كدة تنسي باقي حاجتك ومفيش مصداقيه في التعامل للاسف اول مرة تحصل مشكله وكويس انها في حاجه بسيطه,Negative
8115d856-769c-4515-99a4-fe0edaf16b28,Jumia,E-commerce,3,2026-05-04,جميل تحت التجربة,Neutral
722fb149-6f59-4622-982a-efb6a309ede5,Jumia,E-commerce,1,2026-05-04,لا استطيع تسجيل الايميل الخاص بي احتاج المساعده,Negative
e4ff8c12-c3f0-4b7b-9236-7ea94230b6e8,Jumia,E-commerce,5,2026-05-04,كويس والطلب منه سهل وبسيط,Positive
1ba50e4b-433e-470a-b8ee-8b149b594c5b,Jumia,E-commerce,2,2026-05-03,٨ طوبى الله وبركاته,Negative
5c4f5b86-d3d1-498e-9544-14e13f4f9b46,Jumia,E-commerce,1,2026-04-30,تجربه سيئه جدا واداره غير محترفه ولا تحترم العميل تم الغاء الطلبات بعد طلبها وقبل وصولها بيوم واحد بحجه عدم توافر المنتج وكان من الاولى عدم امكانيه الطلب لعدم توفر المنتج,Negative
37177c35-821b-4256-a7bf-237ce3d86ddc,Jumia,E-commerce,1,2026-04-29,سئ جدا جدا جدا جدا جدا,Negative
8e3a1289-b8ad-4ac6-9522-a8997d2f44e6,Jumia,E-commerce,1,2026-04-29,الاوردرات بتتاخر جدا خدمة العملاء مش متاحين دايما ولما بيردوا مفيش مساعدة,Negative
904c862a-c7e6-4c04-aec8-f67b49958f75,Jumia,E-commerce,1,2026-04-28,أصبح سئ جدا بعد توقف خدمة التوصيل للمنزل وإجبار الزبائن الذهاب إلى محطات الإستلام,Negative
5584b9f4-f6d9-4c2f-844b-1242f5f46130,Jumia,E-commerce,1,2026-04-28,الاسعار غلي,Negative
f8f12ee4-1773-4387-8b25-4d9f0c9ea40b,Jumia,E-commerce,1,2026-04-27,شركه لا تعرف شيء عن احترام المواعيد,Negative
ed3d0066-8ca4-47ca-8b5b-0401308464be,Jumia,E-commerce,1,2026-04-27,أسوأ تجربة شراء أونلاين واطلب الحاجه واكون دافع الحاجه تتلغى والفلوس متوصلش انصح بعدم التعامل معهم نهائي سيئين فى التوصيل والاسعار وخدمة العملاء,Negative
647aac97-3969-43b3-ab93-f6ba5f992f02,Jumia,E-commerce,1,2026-04-27,أسوأ شركة تسوق اونلاين,Negative
2a7efd07-b9b7-4c5f-95ea-edfe08b4929b,Jumia,E-commerce,5,2026-04-26,تطبيق رائع وتخفيضات جميلة. انصح به,Positive
0356de77-b619-4fae-9a64-dcd5be24df7d,Jumia,E-commerce,4,2026-04-26,تطبيق جميل لكن أين هي دوله الجزائر ؟,Positive
4839ff4e-a699-4672-abd2-1e254e34be33,Jumia,E-commerce,5,2026-04-25,كانت رائعه تطبيق يتيح معلومات كثيره لكن الاسعار مرتفعه,Positive
caa98add-9460-43e3-bf42-262f6ed41784,Jumia,E-commerce,5,2026-04-25,اشتريت قلاية تايجر اخدت ساعة إلا ربع لتسوية بطاطس وطلبت استرجاعها ووافقوا وردوا لي المبلغ,Positive
8e66bc7e-cb60-4741-9201-3341b2585944,Jumia,E-commerce,1,2026-04-24,خدمة توصيل زبالة و مناديب معندهمش زوق,Negative
2e0bd22a-98a2-42d7-adac-3ee8119fbf23,Jumia,E-commerce,4,2026-04-23,كثير من الاسئله,Positive
889e6ea0-079c-48b3-94d7-d52d0d43c791,Jumia,E-commerce,1,2026-04-22,فين الشفافية بتاعتكو بنت تكلمنى تاخد تفاصيل الاوردر تقولولى فى مصاريف مكالمتها طب وانا مالى كدة كدة مسحته شوية كدابين,Negative
d9a21afa-7d72-48ea-b687-214825230ea5,Jumia,E-commerce,1,2026-04-22,شركة معاملاتها وحشة,Negative
cb233454-a175-4e2d-bc4a-52feb50c25a0,Jumia,E-commerce,5,2026-04-22,موقع جميل و انصح به الكل,Positive
0c262711-de9b-431e-ae33-38ee0762df63,Jumia,E-commerce,1,2026-04-21,التطبيق لا يعمل,Negative
36ab61c0-295a-4109-8d9f-de61ad578f5e,Jumia,E-commerce,1,2026-04-21,مفيش مصداقية فى عرض المنتج واسعارهم مبالغ فيها منصحش بالتعامل معاهم,Negative
fe708739-0dd8-4be3-8638-09e83baee0f5,Jumia,E-commerce,5,2026-04-21,جيد,Positive
9deced33-a82c-4ef5-8a94-74fc79301abb,Jumia,E-commerce,5,2026-04-21,تمام,Positive
38c7d040-14bb-4e88-a178-81bf9cec0a6f,Jumia,E-commerce,5,2026-04-20,جميل جداً,Positive
b1647288-ee1b-4e45-bb7b-94d16180ed54,Jumia,E-commerce,5,2026-04-20,راءع,Positive
3edc9f6c-2cd3-46a2-a346-99cbc1eca6ea,Jumia,E-commerce,5,2026-04-20,ممتازة,Positive
0809ad67-c663-48fa-adc4-6ce1e7b030ac,Jumia,E-commerce,5,2026-04-20,فاخر و رخيص,Positive
d1a657f4-3f7e-4163-adf5-6420ac3256e9,Jumia,E-commerce,1,2026-04-19,مندوبين زى الزفت وشركه فى منتهى الاستهتار,Negative
064e27c2-2a22-4913-9db7-0c978afabf73,Jumia,E-commerce,3,2026-04-19,اعطيه ٣ من ٥,Neutral
59a3fa61-2f58-49b9-958e-5167a7f1ce34,Jumia,E-commerce,5,2026-04-18,جيد,Positive
a3dda5e3-e6a6-485c-9eca-91b85cc299b2,Jumia,E-commerce,4,2026-04-17,منتاز,Positive
c2b47877-007b-4037-82a1-c77fb8b5da6d,Jumia,E-commerce,5,2026-04-17,رائع,Positive
0ade2362-2009-4b7d-b1b1-e9fc0c1abb39,Jumia,E-commerce,5,2026-04-17,افضل تطبيق بالعالم,Positive
df7d6925-25eb-4884-a66f-64f459b653aa,Jumia,E-commerce,1,2026-04-16,ولا يستاهل نص نجمه بيأخر ف الشحن و التوصيل ولما تكلمهم بعد الموعد المحدد للاستلام مايعدى يقولك اصل كان فيه مشكله ولسه هنبدأ نشحنه,Negative
0bf88f2f-d0e6-45a4-805e-c79a04068f37,Jumia,E-commerce,1,2026-04-16,شحن عربجيه ومواعيد زباله,Negative
caf9535e-391a-4883-b11a-67c6269ea4d4,Jumia,E-commerce,1,2026-04-16,زفت يفضل المنتج بالاسابيع ويتلغي من عندهم وعشان يرجعو الفلوس يفضلو اسابيع تاني شركه زباله بجد,Negative
653a2ee0-12a7-4bf6-abdc-5b93f31eb9cf,Jumia,E-commerce,5,2026-04-15,جميل,Positive
0d557d45-d600-488f-95e6-dde07e534fb0,Jumia,E-commerce,1,2026-04-15,تجربه خدمه العملاء من اسوأ التجارب انا طلبت منتج معين و معايا اسكرين شوت ب الطلب و التصميم اقولها ده تقول لا محدش داخل الا انتي,Negative
96211233-fa42-42ac-8706-32d9bee980c7,Jumia,E-commerce,1,2026-04-15,برنامج فاشل,Negative
e9b08c30-546b-4919-9e3a-dd6a284b3c26,Jumia,E-commerce,1,2026-04-14,تجربة سيئة يجب تفعيل الدفع عند الاستلام .,Negative
2be64633-a4b7-4ee0-ad4c-0ec0c66a9d0d,Jumia,E-commerce,1,2026-04-14,أسواء شركة موجودة,Negative
420df0d9-43ba-41c4-a395-8239bc413bcc,Jumia,E-commerce,1,2026-04-14,اسوء شركه اتعملت معاه,Negative
00b3ea65-f257-4e39-8577-297e7627f862,Jumia,E-commerce,1,2026-04-14,خدمه توصيل زى الزفت,Negative
6ff020c0-742c-43c0-9c26-b4f091ef9a66,Jumia,E-commerce,1,2026-04-13,سيء للغاية,Negative
6e6e968b-02ca-483d-a264-47960ee743f1,Jumia,E-commerce,5,2026-04-13,ممتاز,Positive
c78069ee-2017-4582-8fe7-5356da96031a,Jumia,E-commerce,4,2026-04-12,جيد,Positive
d71ac9ad-26ca-4d41-a44f-1b0b981c774c,Jumia,E-commerce,5,2026-04-12,تطبيق رااااائع جداً و مريح و إستخدامه سهل أنصح الجميع بتحميله😍,Positive
50300ee9-3a48-4c47-9b1a-f521ed7430d4,Jumia,E-commerce,1,2026-04-12,شركه غير صادقة وتقوم بإلغاء الطلب لا انصح احد بالتعامل معها,Negative
0951c199-4211-4705-8744-7f9c928f20b1,Jumia,E-commerce,5,2026-04-12,ممتاز,Positive
40f94ec3-7925-4846-a0a9-b349a4310a6d,Jumia,E-commerce,5,2026-04-12,جيد,Positive
19af3397-40ef-4164-bd28-eebb8b09b834,Jumia,E-commerce,5,2026-04-11,راىع جذااااا,Positive
eeafacd8-1d79-4b99-aeee-be84ce452e30,Jumia,E-commerce,4,2026-04-11,ممتازة,Positive
24b4dde5-0b7e-4a90-9359-509088552cbf,Jumia,E-commerce,5,2026-04-11,رائع 🤩,Positive
7676b342-ff3a-4eea-a155-3e5768e575cf,Jumia,E-commerce,5,2026-04-10,جامد فشخ,Positive
4e00718e-ab85-4887-b6ec-a56bf14c1fda,Jumia,E-commerce,5,2026-04-10,Good 👍 👍 👍,Positive
c73340c2-2c81-4111-9c71-18d0d62d38e9,Jumia,E-commerce,5,2026-04-09,شكرن,Positive
eebea798-1d18-4958-a9a4-c5ebb917b072,Jumia,E-commerce,5,2026-04-09,شكرا,Positive
77037696-416e-4cd7-a9c4-604aaa44a4b6,Jumia,E-commerce,1,2026-04-09,اسوء تطبيق اتعملت معاه عامل مرتجع بقالى 15 يوم ولا فيه رد ولا اى حاجه وى كل اما اكمل خدمه العملاء يبقولوا هعمل شكوه كل مره على كده وى يقولى يومين وى هيتوصلوا معاك وى مفيش حاجه بتحصل بجد حاجه سيئه جدا,Negative
ae00f525-b7c8-43f3-b360-9cfeecf66c42,Jumia,E-commerce,1,2026-04-09,فاشل جوميا ف مصر بنسبه لى لاةانصح به تاخير فى التوصيل اوردر مدفوع ولسه مش استلمت ومفيش خاصيه الغاء من خلالى او من شات خدمة العملاء,Negative
dc2c0c0b-11d4-4548-98f5-04e484a24471,Jumia,E-commerce,4,2026-04-08,ممتازة ولكن تجربت التوصيل سيئة جدا,Positive
ecbcf87c-1bd9-4100-ab85-57c16008cc03,Jumia,E-commerce,5,2026-04-08,جيد,Positive
3dff1cc8-07a6-4617-b088-dd3a2408695b,Jumia,E-commerce,5,2026-04-08,متجر ممتاز يوجد فيه كل الاحتياجات,Positive
f6982384-8b6c-43be-b658-7470a7834037,Jumia,E-commerce,5,2026-04-07,جيد جدا,Positive
81d7cad0-0b9c-45df-ba4e-3c812c603d68,Jumia,E-commerce,1,2026-04-07,مفيش خدمه عملاء بتحل مشكله ..كان ليا عموله من برنامج التسويق jforce ومستفدش بيها بسبب إلغاء الاوردر في جوميا ..وقدمت اكتر من شكوي مفيش حل وخدمه jforce فاشله وغير مهنيه لان مفيش اي وسيله تواصل بشكل مباشر معاهم ومش همسح التقيم لحد ما تحلوا مشاكلكم وتحترمو اي شريك تسويق معاكم,Negative
00536cd2-3444-4f35-adca-f013554b6ad3,Jumia,E-commerce,5,2026-04-06,تطبيق جميل للشراء,Positive
436fc549-fd1c-4d5a-9519-e5c10e48dffb,Jumia,E-commerce,5,2026-04-06,👍,Positive
66592e49-4c33-4684-a5e7-3498922fb0fd,Jumia,E-commerce,5,2026-04-06,جميل,Positive
af677bd4-7cd4-45e6-82bd-97091c99ac34,Jumia,E-commerce,5,2026-04-05,يسهل الكثير من الأمور,Positive
d317f9d6-bb48-43dd-bb80-a16f43081410,Jumia,E-commerce,1,2026-04-05,زفت وأسعار غالية جدا,Negative
ec122e57-3fc1-4ce0-8f5b-3cca0772d77e,Jumia,E-commerce,5,2026-04-05,tohfa,Positive
ffdfee82-5bcd-425c-8bfc-7079cb911b23,Jumia,E-commerce,5,2026-04-04,رائع جدا,Positive
9a89c7e0-ef15-411b-9f7c-7c814a856457,Jumia,E-commerce,5,2026-04-04,تطبيق كويس اوي,Positive
671697e9-e047-4e84-8694-7285a01560b2,Jumia,E-commerce,5,2026-04-03,من أجمل واسهل المواقع التى تم التعامل معاة فالشراء والأسعار كويسه جدا ودائما فى عروض مستمرة دائما فى تقدم وفى انتظار كل جديد,Positive
395e7f75-c7da-4639-900a-da1e28bd511c,Jumia,E-commerce,5,2026-04-03,جيد جدا,Positive
fb8b38cb-5fee-4ebb-955a-e92f36437a7d,Jumia,E-commerce,5,2026-04-02,برنامج تسوق اسطوري بجد وفيه اشياء ومنتجات قخمة ويستحق اكثر من خمس نجوم★★★★★★★★★★,Positive
e831edf4-09b6-4546-9992-a6087d1963ef,Jumia,E-commerce,5,2026-04-01,جيد,Positive
6307e1ac-8815-4ac6-a3d7-ada8b0c02d42,Jumia,E-commerce,1,2026-04-01,تجربه سيئه مع اول تعامل وخدمه عملاء غير مهنين بصراحه موقع منصحش التعامل معاة,Negative
43d6e86d-af29-4a31-a2e8-95860c1ed50b,Jumia,E-commerce,5,2026-04-01,🤍,Positive
e8bcc0e5-431f-491c-8930-19c0ab54a455,Jumia,E-commerce,5,2026-04-01,تطبيق سهل,Positive
2c4a3fb1-e0ab-448c-8c2f-081d0e94a9b9,Jumia,E-commerce,5,2026-04-01,Absolutely fantastic,Positive
1d70565e-c010-4d2a-883e-c13eac356b38,Jumia,E-commerce,3,2026-04-01,التطبيق بستخدمه من فتره كبيره جدا ولكن لفتره لم اعد استخدمه واتمنى ان يكون بنفس الجوده والمصداقية التى كنت بتعامل بيها منذ فتره ليست بقصيره,Neutral
ad4df4bb-ae91-4402-9f44-bcfaaede7080,Jumia,E-commerce,5,2026-03-31,خطير,Positive
becf3716-35d7-49d6-8302-da544498183c,Jumia,E-commerce,4,2026-03-31,جيد,Positive
31ce5194-3036-4c2e-8be1-5786da14a548,Jumia,E-commerce,5,2026-03-30,جيد جدا ورائع,Positive
e3507c0e-7b25-46ca-b254-5c9f079f6ae4,Jumia,E-commerce,5,2026-03-30,thank you,Positive
f3e92fff-b751-4a5b-af16-e78d33aae189,Jumia,E-commerce,5,2026-03-30,مصداقيه في التعامل,Positive
eaf713a2-1067-49fb-beb8-cfacb37ce1a4,Jumia,E-commerce,5,2026-03-30,ممتازه جدا المعامله,Positive
cc133e60-3cc3-4302-ae45-c675ea54c163,Jumia,E-commerce,1,2026-03-30,تطبيق بجد زفت والاوردر بيوصل متاخر بيقعد كتير ان شاء الله دا اخر تعامل,Negative
2c5b5807-72c1-4f72-b2c6-81c4159086ef,Jumia,E-commerce,4,2026-03-30,خدمه جيده,Positive
135df688-acf6-4b3a-9844-608ea47505d3,Jumia,E-commerce,5,2026-03-30,تطبيق ممتاز,Positive
1a7ada7b-21d6-4b5f-ba95-d91c95bf49a3,Jumia,E-commerce,2,2026-03-29,التطبيق صار ردئ جدا ويجبر على التحديث كل اسبوع ما هذا؟؟؟؟؟؟ ؟؟,Negative
5ee5150c-2107-429f-8588-aae4067ff855,Jumia,E-commerce,1,2026-03-29,تطبيق سيء انتظر ساعات لكي ادخل و يقول لي التطبيق مزدحم وانتظر دقائق و ساعات ولا يفتح تجرب سيء اتمنى من الفريق المختص اصلاح هذه المشكلة,Negative
cdcebc7c-0211-42b1-ba4c-f947847825d5,Jumia,E-commerce,1,2026-03-29,اوعوا ياجماعه تفكروا تطلبوا قطعتين من اي منتج بيتضحك عليكم وتوصل قطعه واحده وفلوسكم بتروح عليكم,Negative
04ed42d4-e141-49b9-9d62-6cc8f01dc54c,Jumia,E-commerce,1,2026-03-29,scam and fraud,Negative
35fbcc7b-2118-4e1a-80ce-da064e4af909,Jumia,E-commerce,1,2026-03-29,تجربة زى الزفت بجد حضراتكم بتتعاملوا باستخفاف فوق الوصف مع العملاء منتجات ملغية و منتجات متاخرة تغليف سئ جدا حتى الاعتذار لازم بعد الشكوى الغلط علينا اننا نتعامل مع موقع متندى زى جوميا مافي احترام لولا المقاطعه مع مواقع اخرى ما كنا حملتا التطبيق صفر نجوم خسارة فيكم مقاطعه لسؤ و تانى الخدمة,Negative
135e089c-c4e5-4eb3-849c-017277c75102,Jumia,E-commerce,5,2026-03-28,ممتازه جدا بارك الله فيكم جميعا,Positive
4d912065-ad10-4b12-a09a-82b1e6df1904,Jumia,E-commerce,1,2026-03-28,شركه زباله و تعامل زباله موقع امازن برقبتها والله نصيحه متفكرش تحمل البرنامج اصلا,Negative
2ea72265-d49b-4ecf-9e14-3933ace4bc19,Jumia,E-commerce,1,2026-03-27,اسوء تطبيق تعاملت معه انا واسرتي وترك انطباع حقير جدا,Negative
f6052421-991b-4f5b-b5fb-894937ccbd8b,Jumia,E-commerce,5,2026-03-26,رائع,Positive
0b8f1568-2710-4cfd-8ace-d6ed5f958abc,Jumia,E-commerce,5,2026-03-25,تطبيق رائع,Positive
cc588d00-6395-44e1-8407-955b9faee701,Jumia,E-commerce,1,2026-03-25,"هذا التطبيق سيئ جدا جدا كلما أحاول الدخول يقول لي""التطبيق زحمة شوي عد بعد دقائق"" و يخرجني",Negative
eb0520be-6b7a-484c-af26-de8acc674bac,Jumia,E-commerce,1,2026-03-25,تطبيق فاشل جدا لا أستطيع حتى وجود السلع مكتوب لي دائما موجودة زحمة قليلا يعني يوميا توجد زحمة,Negative
10341ad8-5f21-437d-948b-5cd1e4702ce1,Jumia,E-commerce,1,2026-03-25,نجمة واحدة لانه لا يوصل لكل المحافظات,Negative
a5a528f2-6ba0-48e6-98f7-8bfd8c8dd4b1,Jumia,E-commerce,5,2026-03-24,ممتاز,Positive
24255d58-04b0-4d0f-8937-31c5ffb15f9e,Jumia,E-commerce,2,2026-03-24,جيد,Negative
6044531d-7360-4e3e-9c5a-574679c5a9ea,Jumia,E-commerce,5,2026-03-23,موقع ممتاز أنصح بإقتناء كل منتوج ..منه لكن للأسف عام 2026تم توقيفه,Positive
b00ffca1-493a-42e4-a9bf-a486d85ff809,Jumia,E-commerce,4,2026-03-23,جيد جدا,Positive
3d36582d-57b3-4cc1-af15-8d47a1c775f4,Jumia,E-commerce,3,2026-03-22,حلو جدا والمندوبين محترمين وبيسهلوا التعامل مشكلته الاحجام بتاعت المنتجات مش واقعيه في الصور اغلبها بتيجي حجم صغير جدا عن الصور والمقاسات,Neutral
25c5b9b9-a698-42a2-96a2-a92be02d0559,Jumia,E-commerce,5,2026-03-22,جيد جدا,Positive
c1c0618c-56ca-473e-9f6b-141825e9da4a,Jumia,E-commerce,5,2026-03-22,تحت التجربة,Positive
4e843b35-fd75-4a1e-bc61-1aa6f4fbe6c0,Jumia,E-commerce,3,2026-03-22,الشحن بطئ جدا عن أي موقع تاني غير أن سعر الشحن اغله والتعليقات مش حقيقة لومنتج في مشكلة في التعليق مش بيتحط,Neutral
198ea2dd-91f2-4698-b75d-3a909b149086,Jumia,E-commerce,5,2026-03-22,ممتاز,Positive
dd9cb7e7-8924-436c-94be-335a15167aa7,Jumia,E-commerce,5,2026-03-21,ممتاز,Positive
74a61187-2526-483a-b6ea-8a99e592f9ad,Jumia,E-commerce,5,2026-03-21,شكراً جوميا,Positive
419d8b72-e824-4d42-ab97-b8ef61064039,Jumia,E-commerce,5,2026-03-21,very good,Positive
22f41ad1-7015-4901-a837-089e00a9348f,Jumia,E-commerce,5,2026-03-21,❤,Positive
b20b3c55-2247-4a2e-9e75-46fa8ef4b473,Jumia,E-commerce,4,2026-03-20,ثاني تجربة سأكمل النجم الخامسة عند استلام البضاعة🙏,Positive
a499728f-3abd-4064-b689-0179f08a2945,Jumia,E-commerce,2,2026-03-20,حسن,Negative
e16228e2-f567-4b46-843a-fadcb9bbe0f8,Jumia,E-commerce,4,2026-03-20,جيدة لاكن ينقصها الالتزام بالوقت في اليوم,Positive
ce7985db-baac-4b12-a55b-59c1cd35069d,Jumia,E-commerce,2,2026-03-19,التوصيل عندكم بقي صعب جدا والحاجة اما تتأخر جدا او ما توصلش,Negative
fe5fdb9d-fe24-45fb-b05a-559272f3adcb,Jumia,E-commerce,1,2026-03-19,اسوء شركة ليس لها مصداقيه ارجو عدم التعامل معها,Negative
cc2edd62-f20f-4b23-aacd-605ac96f3d49,Jumia,E-commerce,5,2026-03-19,بيسمح للبائع أنه ميكتبش من بره تفاصيل المنتج فلازم وانا بشتري ادخل ع كذا Item وده عكس اللي المفروض ال app بيقدمه لانه المفروض بيسهل علينا عملية الشراء وليس الاحتيال بحجة أنه لازم ادخل علي تفاصيل المنتج,Positive
8f7d3565-6707-47f9-8282-af253c635495,Jumia,E-commerce,5,2026-03-17,ممتاز,Positive
6ec82355-886c-452e-9d89-ff8236ca230c,Jumia,E-commerce,5,2026-03-17,ممتاز ننتظر الاستلام,Positive
cd6827f8-d044-4cab-9032-2b404c2c02bb,Jumia,E-commerce,5,2026-03-17,واوو,Positive
45921a9b-328d-4d84-8816-2597f8c0aa74,Jumia,E-commerce,1,2026-03-17,سئ جدا,Negative
44526925-0aa0-4ad3-a50f-a44e95b12961,Jumia,E-commerce,5,2026-03-17,انه جيد جدا لان اسعاره معقوله,Positive
58464058-024e-4d4f-bdb2-8948ee9ace49,Jumia,E-commerce,1,2026-03-16,طالب سخان كريازى..جالي يونيڤرسال .. وبترفضو تحلو المشكله . وحاولت اتواصل معاكم بتكدبونى .. قسمآ بالله مهسب حقي .. الله ينتقم منك ..,Negative
3ff9fa55-49f8-4c6d-8049-4aa005e7790a,Jumia,E-commerce,5,2026-03-16,حلو,Positive
d79fbeef-fa9a-467f-beed-6764a7cc5a9a,Jumia,E-commerce,5,2026-03-16,♥️,Positive
4ce1b308-de4b-4911-8cec-560461da92ff,Jumia,E-commerce,5,2026-03-16,ممتاز,Positive
aae3617a-6583-46ea-a2e4-635e7378dde0,Jumia,E-commerce,5,2026-03-16,تحفة,Positive
6fe40161-3741-4481-b8aa-f5b0192fdd49,Jumia,E-commerce,5,2026-03-16,جميل جدا,Positive
88ef6cf7-9c6f-4be6-b3fe-63f12b00a9ca,Jumia,E-commerce,1,2026-03-16,عروض وهميه سيئ جدا جدا,Negative
a33e09df-7f0f-4f9a-8c14-2b6166912350,Jumia,E-commerce,1,2026-03-15,سئ جدا كل منتجاتهم سيئه اسوء برنامج اشتريت من عليه,Negative
b5da6cfe-29be-4378-99d0-ecd114c06161,Jumia,E-commerce,1,2026-03-15,ع فكره انا طالبه الاوردر مرتين وميوصلش حاجه مش كويسه وبرضو للمره التانيه طالبه الاوردر من يوم 10 ومجاش,Negative
4b003241-ab9f-495c-9693-116a8f178cda,Jumia,E-commerce,5,2026-03-15,سهولة الوصول وأعلى جودة,Positive
efadb777-629b-427c-8758-9fa5657a5c46,Jumia,E-commerce,1,2026-03-15,للأسف أول مرة اطلب شراء من جوميا و الطلب اترفض بحجة عدم قدرة شركة الشحن على أنها توصل لي و لا في إتصال أو رسالة بمكالمة مقدرتش توصل او حتى رسالة واتساب و كمان طلب لعنوان واحد اتعمل بيه اوردرين في ميعادين مختلفين بدون مبرر و خدمة العملاء صحيح راجل مهذب لكن للأسف محصلش أي فايدة من الكلام معاه لان السيستم نفسه فاشل و عقيم كمان تم رفض إلغاء بقية الاوردر بحجة أنه تم الشحن اليوم و التوصيل منتظر يوم 19 مارس بصراحة السيستم بتاعهم فاشل و عقيم جدآ و لن أكرر التعامل مع جوميا نهائيا مرة أخرى,Negative
104ef139-4f58-4870-bc77-84d9439f3b61,Jumia,E-commerce,5,2026-03-15,أكثر من ممتاز,Positive
31d1bc2a-8a4c-429f-9b67-1be00164e72c,Jumia,E-commerce,5,2026-03-15,good job you have been on your way,Positive
b1afcb2e-d2e5-4381-835f-54b2ef85e7dd,Jumia,E-commerce,5,2026-03-14,برنامج رائع,Positive
1e6fbed3-c18c-4f00-a8bc-6aa77d15625d,Jumia,E-commerce,1,2026-03-14,👎,Negative
3ea20791-99df-413c-b3a8-a50cc9c13a67,Jumia,E-commerce,5,2026-03-14,ممتاز ورائع وسهل,Positive
2d38db84-2280-45a1-8e8b-1df514471d2c,Jumia,E-commerce,5,2026-03-14,البرنامج حلو وسهل واسعاره حلوه,Positive
a4b3bdc9-53ae-42cb-b436-508b62819514,Jumia,E-commerce,1,2026-03-14,نصابين,Negative
020e161d-88d6-4ffa-b1b2-615690337fbb,Jumia,E-commerce,5,2026-03-14,برنامج تسويق جميل بيجوى فى الموعد المحدد,Positive
fd4704a8-ec7f-48fd-95db-30be95413cce,Jumia,E-commerce,5,2026-03-13,حبيبي و الله,Positive
25323289-cf77-4ecc-b660-08b2e0d8f585,Jumia,E-commerce,3,2026-03-13,احببتهم و أحببت عروضهم و طريقتهم لكنني لن استطيع اعطائهم الخمس نجوم الا عند استلام المنتج و رؤية الجوده و التغليف و هل المنتج اصلي ام تقليد,Neutral
efa26064-263e-47c0-bc05-30de980e5058,Jumia,E-commerce,1,2026-03-12,لازم زي ما بطلب بسهوله الغي بسهولة,Negative
213d7bc0-8321-4b8c-9762-f079a2f99af8,Jumia,E-commerce,5,2026-03-12,ممتازة,Positive
4e149d33-4a6c-4405-a766-fb4c9ed2ad27,Jumia,E-commerce,1,2026-03-11,اسوأ تجربه بجد مواعيد توصيل متأخره ومناديب بتختار اماكن التوصيل ع مزاجها ميعرفوش اى حاجه عن سياسه الاونلاين حقيقي تطبيق لا يستحق اصلا التجربه اخر مره اتعامل مع التطبيق ده بالفعل قفلت حسابي تجربه سيئه ومضيعه للوقت عالفاضي,Negative
6daafba6-1000-4e76-b82a-ef5b00e2aa62,Jumia,E-commerce,4,2026-03-11,التطبيق والخطوات وخدمة العملاء جيد جدا,Positive
cbdd2d12-4182-4676-a340-7c56e0eb43cc,Jumia,E-commerce,1,2026-03-11,ها رد بعد شهر رمضان عشان حرام,Negative
3e40ea4a-1dfb-46d5-9b52-a7faa73be126,Jumia,E-commerce,5,2026-03-11,جيد جدا,Positive
c126ccfc-61db-43d6-9661-e1713a7db213,Jumia,E-commerce,5,2026-03-11,خدمه ممتازه,Positive
35846d09-125d-4bc5-be52-974988c6478b,Jumia,E-commerce,1,2026-03-10,اشتريت شنطه طلعت مقشرة ومطوصه اللون الذهبي رايح منها,Negative
b407aac8-5a10-4f07-970c-805e34fe18db,Jumia,E-commerce,1,2026-03-10,bad service,Negative
9c7e66d4-bb9e-45d6-9161-03110664d334,Jumia,E-commerce,5,2026-03-10,ممتاز,Positive
07b6857a-1526-4e57-82f8-d4ffadaf9cee,Jumia,E-commerce,5,2026-03-10,ياريت الاوردرات تتجمع ع بعض وتوصل وقت واحد يكون افضل بكتير من أن كل يوم استلم حاجه ويكون هوا اوردر واحد,Positive
02dfd0c9-f6d7-4544-b9c2-9be9e24a0db2,Jumia,E-commerce,5,2026-03-10,حلو,Positive
4a58c415-e1ea-47cc-b3af-a0563223a053,Jumia,E-commerce,5,2026-03-09,اسعار تحفه,Positive
ce844913-7674-46b4-9950-f3c893fb1cac,Jumia,E-commerce,5,2026-03-09,ممتاز,Positive
da602d18-23d4-47c3-a6f0-cc139e0133f8,Jumia,E-commerce,5,2026-03-09,جيد جدا,Positive
2ca2323a-3805-4b15-8533-466ef0a9025d,Jumia,E-commerce,5,2026-03-09,ممتاز,Positive
2c8930ce-5d3f-4272-878e-6e364bea8e7b,Jumia,E-commerce,5,2026-03-09,جيد جدا,Positive
f0a0ce63-306f-4a8a-97ed-eb3695ced5d8,Jumia,E-commerce,5,2026-03-08,جميل,Positive
91c3978b-217d-49f6-9d23-184d69b0bcf3,Jumia,E-commerce,1,2026-03-08,نصابين يبيعو حاجات بايظة ولما بكلمهم خدمة العملاء مش بتعمل حاجة يا جماعه تحذير ⚠️⚠️⚠️ جوميا نصابين,Negative
d6d76109-13a4-4358-89f7-707d8fb2fb01,Jumia,E-commerce,5,2026-03-07,تحت التجربة,Positive
3f52707e-9118-4b8e-a479-f3934fb5f310,Jumia,E-commerce,5,2026-03-07,ممتاز لحين الانتهاء,Positive
2afc02b1-76f5-4046-a816-40c0938cc252,Jumia,E-commerce,1,2026-03-07,شركه فاشله,Negative
256381dc-edbd-46ef-bb6d-d89c9c68825e,Jumia,E-commerce,3,2026-03-06,التطبيق جميل وبتعامل معاكم بقالى سنتين لكن لسه فيه مشكلة تفاوت الأسعار على نفس المنتج واللى ممكن يوصل لأكثر من الضعف غير التجار للأسف معظمهم بيغالوا فى الأسعار أوى إلا من رحم ربى وانتوا محتاجين تعملوا عروض وخصومات على تقسيط الدفع بحيث يشمل جمع البنوك والتطبيقات خدمة العملاء ممتازة,Neutral
0db55574-4758-44fc-8542-350c9fdb4fd9,Jumia,E-commerce,1,2026-03-06,أتمنه جد غاليه وتطبيق غير واضح تبقا 10 ساعات تدور وعندما تجد تجد سعر جد جد غالي,Negative
1b8fad23-328f-4d14-ac76-b27ba9c4e8a9,Jumia,E-commerce,5,2026-03-06,ممتاز,Positive
284114dc-a1cd-4c47-bb0d-5b740c8705ad,Jumia,E-commerce,5,2026-03-05,شركه ممتازه,Positive
1b2b1ac6-93df-40d6-bcfe-8b334f87b7b8,Jumia,E-commerce,5,2026-03-05,tooop,Positive
ee54e864-26b1-4b68-9332-12494e256a4c,Jumia,E-commerce,5,2026-03-05,💯 100,Positive
4ccef5f5-6598-425c-a545-12639c406dd9,Jumia,E-commerce,5,2026-03-05,الأمان,Positive
d35b0476-b6c9-4c7a-8044-7f52ec96e50a,Jumia,E-commerce,5,2026-03-05,V V V NICE GOOD 👍 👌 👏 😎 ♥️ ✨️,Positive
5555275b-f54a-4fcd-9cbf-839804b49fa8,Jumia,E-commerce,5,2026-03-05,ممتاز,Positive
5f8a0251-21f8-40b0-925f-735093ab470b,Jumia,E-commerce,5,2026-03-04,تطبيق ممتاز في البحث عن المشتريات وجيد كمان في شركات الشحن,Positive
e08897c1-4cae-46a4-bd79-3a7a243e67c0,Jumia,E-commerce,5,2026-03-04,حلوة أوي,Positive
16dc0f7d-2471-4e96-8e79-1350f2494b14,Jumia,E-commerce,1,2026-03-03,تطبيق سئ جداااااااا ومعندهمش نظام ولا فاهمين اي حاجه ف اي حاجه,Negative
6c6943a0-2905-4199-9400-91c14009682b,Jumia,E-commerce,5,2026-03-03,جيد,Positive
f360b35b-4c45-49ec-a06c-010304b49f10,Jumia,E-commerce,5,2026-03-03,ممتاز,Positive
2edb3abd-70d1-4532-aed3-d3900e2b2a31,Jumia,E-commerce,5,2026-03-03,OK,Positive
c67ebea9-fc07-4fcc-94aa-8842eaa05388,Jumia,E-commerce,5,2026-03-03,رائع,Positive
2c3b1c9f-5e0a-4aff-a3a2-a8119aba7cf3,Jumia,E-commerce,5,2026-03-02,",خدمة عملاء ممتازه",Positive
9ee17e8e-6296-4e24-abe9-1ccc45bdb8b6,Jumia,E-commerce,5,2026-03-02,تجربة حلوة حاجاتهم جميلة,Positive
0ee9773b-4053-4808-95f2-c9fc11bdd7dd,Jumia,E-commerce,1,2026-03-02,ان في أقل من نجمه كنت بعت,Negative
9227e9bd-a366-463d-ada3-fcedb10465ac,Jumia,E-commerce,4,2026-03-02,جميل,Positive
60fe2720-b160-47be-9c84-cb90069fe53d,Jumia,E-commerce,5,2026-03-01,❤️❤️,Positive
1c9b2bbf-8ae4-4a5c-97ab-b072f538d038,Jumia,E-commerce,5,2026-02-28,ممتاز,Positive
e5f0f9fa-0559-4097-973a-71086449212d,Jumia,E-commerce,5,2026-02-28,برنامج جميل جدا جدا وعندهم مصدقه,Positive
fe682fdc-9c9f-4781-a551-5cfefcd40921,Jumia,E-commerce,2,2026-02-28,انا عايز اشحن طلب لازم احط طلب كمان عشان يبق دفع عند الاستلام يعني لو اقل من ١٠٠ بتجبرني اني احط طلب كمان ودي حاجة مش حلوة وسياسة مش حلوة,Negative
9c30f7ae-6dce-4cf2-81fd-fb0cbe6f98a5,Jumia,E-commerce,1,2026-02-28,good,Negative
a5b7b91a-fb37-4a4b-923c-329486aec351,Jumia,E-commerce,5,2026-02-27,جميل ومريح,Positive
97ca8176-0766-46ad-9307-824000533a34,Jumia,E-commerce,5,2026-02-27,good,Positive
8b1f503f-6230-4dbf-851a-2dc39b081348,Jumia,E-commerce,5,2026-02-27,ممتاز,Positive
4b9d517e-a681-4427-8da6-d4bfc868b53c,Jumia,E-commerce,5,2026-02-27,ممتاز,Positive
499b1921-e30b-4299-b7f9-b402b031b884,Jumia,E-commerce,1,2026-02-26,تطبيق سيئ جدا لايوجد شيئ داخل التطييق كل المنتجات غبر متوفرة ماهذا الغباء يا جوميا لم اتوقعكم هكذا,Negative
9b385b13-4460-4e77-8ac3-ed801e5b0202,Jumia,E-commerce,5,2026-02-26,موقع ممتاز,Positive
26179998-6df5-4809-a34e-5a60f5a5668b,Jumia,E-commerce,5,2026-02-25,جيد جدا,Positive
3bb9aba9-2729-44f7-8cd1-3ac1333f1d08,Jumia,E-commerce,1,2026-02-25,طالب اوردرين في نفس اليوم اسكرينة وجراب واسكرينة وجراب تقوم جوميا بعتالك الاسكرينات الاتنين معا بعض و المندوب محصل اكتر من تمنهم لان التوتل كان مكتوب علي الاوردر المطلوب الي هوا اسكرينة وجراب انما لما تبعتلي طلب من كل اوردر منفصل يبقا انتا كدة متخلف ولما سالت عن فاتوره من المندوب قالي لا هيا الحاجة بتيجي كدة والاوسخ من كدة بقا انهم بعتين الجرابات كل جراب موبايل لواحدو يعني طلبين جايين معا ٣ مندوبين في اوقات مختلفة في الشهر كل دا علشان جراب واسكرينة دا غير رسوم التوصيل نصيحة نصيحة نصيحة بلاش جومي,Negative
e4c01eaf-6737-4393-8d8f-225f9a678bcb,Jumia,E-commerce,5,2026-02-25,مميزين ومحترمين,Positive
99e3cc3e-db6c-4cd1-93dc-633ec662d2d0,Jumia,E-commerce,5,2026-02-25,تطبيق رائع جدا أنصح الجميع به فيه كل المتطلبات والسلع الاستهلاكية,Positive
0336e020-b481-4639-9b61-d606220e6bd4,Jumia,E-commerce,1,2026-02-25,تطبيق سيء جدا في معامله الدفع وغير امن,Negative
4b9aa6e7-aeef-4208-a0ce-f73912c568f1,Jumia,E-commerce,1,2026-02-25,برنامج سيئ جدا اشتريت شريط ليد مكتوب عليه في البرنامج ٥ متر جالي حوالي ٤ متر بس واتقطع وهو بيتلزق وجبت ميزان مطبخ مكتوب عليه انو بيشيل لحد ١٠كيلو مش بيوزن غير ٤ كيلو اخرو وكمان غالي عشان المفروض انو بيشيل ١٠ كيلو وكمان اصلا التطبيق مقاطعه رأي اشترو من تيمو او اي تطبيق تاني غير مقاطعه وجبت شريط نور رمضان ١٠متر في الصوره بينور جامد اوي اول م جه اضائه ضعيفه جدا وقصير واشتريت اباجوره مكتب ب ٢٥٠جنيه اضائه غير الصوره تماما وفيها حاجات مش متركبه كويس ومتغلفه وحش م انصحش حد بتجربه خالص وشكرا,Negative
9b95328d-7038-4d24-93f5-28c74c404a35,Jumia,E-commerce,4,2026-02-24,جيد,Positive
3793df68-af60-49c7-a7b5-dc1f415426be,Jumia,E-commerce,5,2026-02-23,ممتاز,Positive
b3de1205-f56c-4ebb-b3a6-adf06a7d0fc6,Jumia,E-commerce,1,2026-02-23,ازاي يعني مفيش توصيل لمعظم المحافظات,Negative
f8bd7eb6-7163-4af2-9044-21c6a7ab9e38,Jumia,E-commerce,5,2026-02-23,تحفههه,Positive
0d6533dd-e7d9-4870-9eb0-1a9628338c56,Jumia,E-commerce,5,2026-02-23,سعر ممتاز 🤍,Positive
052cca7b-3827-4f45-8952-a7b3e4602123,Jumia,E-commerce,1,2026-02-23,موقع نصاب بيبعت قسايم هدايا وهميه وخدمة العملاء بتكذب,Negative
2cd04774-e049-4d1a-ae6b-2ac0eb884c84,Jumia,E-commerce,5,2026-02-22,شكرا,Positive
686115d8-bf8a-4673-a9c6-025f21ee04ff,Jumia,E-commerce,5,2026-02-22,Swift and reliable,Positive
5da0df86-032b-4525-84e1-566766f28699,Jumia,E-commerce,1,2026-02-21,افشل تسوق لم تصلني فواتير ضريبيه للأجهزة بعد طلبها عن طريق from الخاص بكم كل مرة سوف تصل بعد ثلاثه ايام ولم تصل منذة شهر الجهاز ظهر به عيوب صناعه خدمه ما بعد البيع ؟ بجد افشل شركة واضح بضاعه درجه٣٣٣ انتم شويه نصابين فين الفواتير الضريبيه يا افشل شركة ٣ شهور التحايل نصابين بجد اسوء تجربة,Negative
23ee2e86-f185-42eb-8d32-25b31a46d0ed,Jumia,E-commerce,1,2026-02-21,بصراحه برنامج سئ جدا والله,Negative
beef4729-b0b6-4215-82b8-e105bf73e562,Jumia,E-commerce,1,2026-02-20,مندوب التوصيل اصبح سئ جدا والتواصل ضعيف جدا,Negative
5dce696a-0ee1-496f-8894-e5d6dba9f64d,Jumia,E-commerce,5,2026-02-20,الدقة والسرعة فى التعامل,Positive
03d61694-5460-4984-b0c2-b9d12b8c4364,Jumia,E-commerce,1,2026-02-19,ابلكيشن حرفيا ملوش لازمه غير حرقه دم وتجار نصابين بيحطوا صور حاجه غير الحاجه واسترداد الفلوس بقولهم علي حساب البنك وفتحت الفيزه فين ز يقولك بريد قسما بالله اسوا شركه تتعاملو معاها رغم اني كنت بتعامل معاهم زمان بس حرفيا دلوقتي اهبط شركه واسوء شركه اول واخر مره ويعوض عليا في الفلوس,Negative
429fd0ae-a725-435b-a853-002e4cdf4c28,Jumia,E-commerce,1,2026-02-19,ليس رائع,Negative
1cb4481b-a94b-43e5-be12-945294a12021,Jumia,E-commerce,5,2026-02-19,ممتاز,Positive
6437a986-a3ac-4234-a7c5-68d8a170943a,Jumia,E-commerce,5,2026-02-18,ممتاز,Positive
041da949-1feb-406d-8862-f750d53c0b94,Jumia,E-commerce,5,2026-02-18,تحفة,Positive
d67d7ee9-db10-47d3-a735-22a436d48558,Jumia,E-commerce,5,2026-02-17,جميل جداً,Positive
5deece9e-61e7-4918-83a6-bd4ced8f248c,Jumia,E-commerce,5,2026-02-17,جميل وسلسل ف استخدامه وخصومات كويسه,Positive
824c6bc7-c869-41c4-942d-9cdd0efe608a,Jumia,E-commerce,1,2026-02-17,سيئ,Negative
a706150f-13f8-4b4d-9ed3-43b27e1c2390,Jumia,E-commerce,5,2026-02-17,"To be honest, your services are outstanding and excellent.",Positive
1614b76b-55aa-44dc-bfa3-e04b239bb2d0,Jumia,E-commerce,1,2026-02-17,سياسة الاسترجاع فاشله وخدمة عملاء سي جدا,Negative
a2bc2f9c-562b-4f4d-8643-2693a5a0109d,Jumia,E-commerce,5,2026-02-16,تمام,Positive
9b1df9fd-827e-4b5b-b883-da16fa980796,Jumia,E-commerce,5,2026-02-16,ممتاز جدا جدا جدا جدا,Positive
60120d91-b641-4a72-a534-3a8aaacde438,Jumia,E-commerce,1,2026-02-16,تجربة سيئة ولن تكرر,Negative
0c9b1c47-9283-4e17-80c7-91df5bce8c5c,Jumia,E-commerce,5,2026-02-15,تطبيق جميل جدا جدا وانصح كل مصري للاستخدام,Positive
11587467-eb55-4b03-adc9-b8d4a5386283,Jumia,E-commerce,1,2026-02-15,غير جيد و خدمه عملاء سيئه و عدم توصيل الي الساحل,Negative
b8de8fae-d276-4aa1-8b67-45728116c3d9,Jumia,E-commerce,1,2026-02-15,اسوء تجربه ممكن تجربه في الشراء عروض واهميه وخدمة عملاء كدبه و كوبونات خصم واهميه كل مره تضيف فيها الكوبون يتعملك الغاء بدون سبب,Negative
b3e6ce45-6293-4a08-9784-f0943fbb17b3,Jumia,E-commerce,4,2026-02-15,👌🇪🇬🇪🇬,Positive
a24198df-b19c-46c6-af54-cab911b5b9d0,Jumia,E-commerce,5,2026-02-14,ممتاز,Positive
c553df79-a2b9-4607-b437-fce6fbbb6c24,Jumia,E-commerce,5,2026-02-14,شكرا علي حسن المعامله بس في حاجه واحد ايه الأورد ييجي بعد 3ايام أو أكثر المفروض 2 يوم من الطلب,Positive
6a3dc2cb-3589-48f8-80ce-7ba907321420,Jumia,E-commerce,2,2026-02-14,جوميا الجزائر : منتوجاته قليلة جدا وغير متنوعة مقارنة مع واجهة التطبيق المثالية او الفخمة التي عندم تدخل الى الفئات تجدها تضم يا دوب 10 منتوجات مرتفعة السعر وجودتها رديئة جدا مقارنة بسعرها . هل اصاب التطبيق التصحر . لكن الحق يقال . التوصيل سريع,Negative
2c21c1c8-a40b-4122-8d4f-efc278271060,Jumia,E-commerce,5,2026-02-14,تطبيق ممتاز جدا,Positive
b7952dc7-1fad-45f2-8869-ab81de4645a9,Jumia,E-commerce,4,2026-02-13,احيانا المنتجات بتحضر كأنها مستعمله,Positive
f6c0864d-a7ef-495a-a811-07006bdd8b27,Jumia,E-commerce,5,2026-02-13,رائع جدا وخصوصا في المعروض للبيع,Positive
927d3110-9c9a-4834-afc6-36ad2e18750a,Jumia,E-commerce,5,2026-02-13,ممتاز,Positive
9f9cd799-b032-4843-889e-a6b3f3b9abcb,Jumia,E-commerce,5,2026-02-13,تطبيق ممتاز وأسعار مناسبه لجميع الفئات 💫,Positive
56cb2a12-b850-4a65-9812-5df7057982b1,Jumia,E-commerce,1,2026-02-13,تجربة سيئة مع جوميا ، ده أقل تطبيق عنده مهنية او حرفية اتعاملت معاه ، أقرب لبير السلم لا لك خصم على أول أوردر ولا لك توصيل مجاني والكارثة اني استنضفتهم ونزلته على موبايلي ومش منزل لا نون ولا امازون اللي بشتري منهم من الموقع . حاولت اشتري أوردر وفشل الدفع فسجلوه عليا أوردر وجيت أستخدم خصم JUMIA اول طلب وتوصيل مجاني قالولي غير متاح لحسابك عشان الاوردر الفاشل اتسجل عليك طيب ايه الحل؟ مفيش حلول نهائي عشان كده تقييم صفر وهحذف تطبيقهم واخليني مع الناس المحترمة التانية افضل.,Negative
60c3e45a-d864-43bf-9d98-5f9cce044dcf,Jumia,E-commerce,5,2026-02-13,ممتاز,Positive
d40a8ef6-bc60-4f47-a311-f760c2cb9f2f,Jumia,E-commerce,5,2026-02-13,غير متوفر فى الغردقة,Positive
12e5036f-49f5-403d-970b-bccf48543034,Jumia,E-commerce,5,2026-02-13,جيد جدا,Positive
60385283-a73f-46e8-9913-0fc21daad698,Jumia,E-commerce,5,2026-02-13,ممتاز,Positive
9f028cdb-1344-4640-8080-65e1e492a4bf,Jumia,E-commerce,4,2026-02-11,جوميا من افضل تسويق علي النت مصداقية وشفافية وأشياء أصلي,Positive
2112999c-ca32-4cb1-9f97-1b5a677dcee9,Jumia,E-commerce,1,2026-02-10,اقبح حاجة عندهم مافيش توصيل لل قُري . مافيش توصيل غير للمدن . اتقفلت منه و حذفته,Negative
53148081-108a-44cf-9a95-6d17985a2d08,Jumia,E-commerce,1,2026-02-09,مع الاسف اول مره اتعامل مع جوميا واعتقد انها اخر مره طلبت منتج وجالى منتج غيره بسعر اقل من اللى انا دفعاه ونع الاسف راحت عليه بقيه المبلغ واتصلت بخدمه العملاء ولم يفعلو شى بصراحه خدمه وحشه جدا وحسبنا الله ونعم الوكيل,Negative
3df62879-7ca6-4465-90b3-ce2c3d3d039e,Jumia,E-commerce,1,2026-02-09,اسواء ابلكيشن واسواء خدمه عملاء لا انصح بالتعامل معاهم,Negative
c9af536d-9ce5-47dc-9f3a-130ff68643fc,Jumia,E-commerce,4,2026-02-09,ممتاز,Positive
cdad0186-bdc0-46e6-ad11-5a820f0a0b2f,Jumia,E-commerce,5,2026-02-09,جوميا احسن من امازون ف التعامل,Positive
6ee569e2-088b-4aac-a894-ecac0d2b700a,Jumia,E-commerce,5,2026-02-08,Nice,Positive
ddc68169-c9f9-493e-9bd2-588fbed5c5d8,Jumia,E-commerce,5,2026-02-08,جميل,Positive
1884348c-301d-4d94-a552-aec984d565f0,Jumia,E-commerce,5,2026-02-07,خدمه ممتازه,Positive
665c85bb-b65e-4bda-a940-7f0618595f25,Jumia,E-commerce,5,2026-02-06,ممتاز,Positive
c3c56718-4241-4bae-950b-ae96e0aced46,Jumia,E-commerce,5,2026-02-06,excellent reviews and signs,Positive
d1c3cbd7-b327-4e6f-bfd8-fe4eaa6375ac,Jumia,E-commerce,5,2026-02-06,ثقة و مصداقية,Positive
2e14a892-b4d0-49f8-b072-27bc880fd45e,Jumia,E-commerce,5,2026-02-06,ممتاز,Positive
e045dba8-71df-4c96-9511-c87f509c089f,Jumia,E-commerce,2,2026-02-06,بالنسبة لعملية الشراء كانت مطابقة وجودة مثل ماهي معروضة بالفعل. ومتابعة الطرد والاستلام جد مستحسنة ولكن! فكرة منع فحص محتوى طردك والتأكد منو قبل لا تخلص... فجد جد سيئة وما قالها لا ربي لا شرعو. تشري بدراهمك المفروض تفحض الطرد... بلاك مش مطابق..بلاك ما يعجبنيش. كيفاه تخلص حاجة ماكش عارف واش فيها.. وبعدا تقولي اديه للدار وتقدر ترجعو بعدين!!! زعما وش المعنى؟؟؟؟ خايف تخسر من سعر الايصال... ياخويا دير قاعدة انو تخلص ديمل مثلا ولا نصف ثمن التوصيل..باه تفيريفي باكاج تاعك وخلاص... مي تشري وتخلص بلا ما,Negative
5b4883cc-b87c-44b1-8df2-e1754d629b01,Jumia,E-commerce,5,2026-02-06,خدمه ممتازه,Positive
d184943f-fa77-47af-941e-3f4b073d359e,Jumia,E-commerce,5,2026-02-06,جميل,Positive
dd07cbe4-c905-41cb-8cc7-f7faabc4661c,Jumia,E-commerce,5,2026-02-06,جيد,Positive
c91f1295-8c74-4570-a022-89c7b47854e6,Jumia,E-commerce,3,2026-02-06,معقد جدا في تسجيل الدخول,Neutral
ffe0be8e-9334-4272-866b-dc2654ffac95,Jumia,E-commerce,1,2026-02-05,خصومات وهميه وأسعار مبالغ فيها مقارنة بالمواقع الأخرى,Negative
e963defc-4801-4870-90f0-1e201e4aa246,Jumia,E-commerce,1,2026-02-05,أسوأ شركة مبيعات أونلاين ، خدمة عملاء بلطجيه ب معني الكلمه ، تأخر في توصيل ، أداء مديرين ليس لديهم مهارة الإداره أو التدريب أو فنيات العمل و شركة جوميا أصبحت في السوق بالشركه الرائده في نهب العميل، تم رفع أسعار منتجات بشكل مبالغ فيه ، أمازون و نون و كارفور و جميع الشركات أفضل منهم ، ده غير نظام المرتجعات السيء,Negative
e538c599-ffad-408f-8aa4-bf491967d254,Jumia,E-commerce,1,2026-02-05,تطبيق أقل من اقول عليه متواضع أقل تطبيق علي الانترنت في مصر بعد ما عملت الطلب وكونفرم علي المبلغ واستني ميعاد الاستلام واخد اليوم اجازه يجي يقول اسف جدا يا افندم انت اصلا مطلبتش ادخل اعمل الاوردر تاني مع أن طالب اللودر من خدمه العملاء اجي بكل هدوء امسك نفسي ومتعصبش عليها واجي اعمل الاوردر يكون زياده ٣٠٠٠ جنيه شركه زباله ومفيش اي مصداقيه الافضل بعدو عنه في بدائل كتير في نون أو امازون و كنز وغيره من التطبيقات المحترمه وشكرا.,Negative
9db21403-1685-4e83-9a96-dae098b55784,Jumia,E-commerce,1,2026-02-05,معلومات بعض المنتجات خاطئة+اجرة التوصيل اصبحت غالية جدا فجأة قفزت من 200د ج الى500 دج!!و المشكلة ان هذه الاجرة تضطر لدفعها اكثر من مرة اذا طلبت عدة طلبيات حتى لو طلبتها دفعة واحدة! المفروض ان تدفع اجرة توصيل واحدة اذا طلبت عدة طلبيات في وقت واحد و ليس اجرة توصيل لكل طلبية على حِدى ،المضحك احيانا ان سعر اجرة التوصيل تكون اغلى حتى من سعر المنتج!ارجعوا سعر التوصيل القديم او على الاقل ان تشترك عدة طلبيات في اجرة توصيل واحدة،بحيث يكون عليك دفع اجرة توصيل واحدة لكل الطلبيات التي طلبتها في نفس اليوم .,Negative
0ec052a6-8a8c-4f04-abd5-be6de00acc79,Jumia,E-commerce,1,2026-02-04,برنامج سيء جدا من حيث المنتجات والأسعار مبالغ فيها عن الطبيعي والعروض كلها فيك,Negative
1c9c59e9-fbe6-49f3-af14-e53aeab2f913,Jumia,E-commerce,5,2026-02-04,ممتاز,Positive
5098bc5d-57b3-4ade-945a-20f0201d4530,Jumia,E-commerce,5,2026-02-04,ممتاز,Positive
67038f37-a75d-464f-8530-b75eb0e42a62,Jumia,E-commerce,1,2026-02-03,تحت التجربه,Negative
659379b6-6d90-4391-acd9-ffbd938c78f0,Jumia,E-commerce,5,2026-02-03,ممتاز جدا جدا أين اللغه العربيه شكرا لحضرتك يافندم,Positive
c6496963-f37d-4a47-948e-2dbc580ea456,Jumia,E-commerce,5,2026-02-03,ممتاز,Positive
47e154bd-3dd2-4954-983d-d2f7ed085e2b,Jumia,E-commerce,5,2026-02-02,تطبيق رائع,Positive
c901a4a2-7bdc-45ab-a0e4-049bc7ad135e,Jumia,E-commerce,5,2026-02-02,excellent,Positive
9cf36bb3-e230-489d-9e89-fda112d7cb74,Jumia,E-commerce,1,2026-02-02,اسوء موقع الكترونى ..ولايوجد مصدقية..لا انصح بتحميلة ولا الشراء منة لضياع حقوق المستهلك,Negative
7345e86c-3dde-4674-8696-655673653a13,Jumia,E-commerce,5,2026-02-01,وصول في المعاد والمنتجات كما في الوصف,Positive
e32fed9f-20b4-4123-9894-e102c47c5bae,Jumia,E-commerce,4,2026-02-01,جيدآ,Positive
67ebd332-c038-40f1-8c39-0132871528dd,Jumia,E-commerce,5,2026-02-01,ممتاز,Positive
2444bebe-c832-4041-b716-3babd5579489,Jumia,E-commerce,1,2026-01-31,التطبيق مش بيكمل خطوات الطلب للتنفيذ بشكل سلس,Negative
87541fcd-023e-4a78-b658-110798c0c318,Jumia,E-commerce,5,2026-01-31,ممتاز,Positive
c807d0d2-ef4a-48a3-aa5a-ee6e6c0d5e1a,Jumia,E-commerce,5,2026-01-31,كويس بس مش عارفه اشتري من عليه حاجه,Positive
f0c903f1-1e5d-4702-82fb-32021788f1af,Jumia,E-commerce,5,2026-01-30,ممتااااااااز اسعار خياليه وخدمة رائعه,Positive
cf6b5329-db45-4748-ab84-e0e03826ab65,Jumia,E-commerce,5,2026-01-28,حلوه جداً,Positive
515809e4-284b-4ab0-994b-6dad6768ff73,Jumia,E-commerce,1,2026-01-28,اسوء تجربة شراء في حياتي مع تطبيق جوميا وخدمة العملاء. قمت بعمل أوردر ودفع ثمن المنتج + الشحن على أساس التوصيل لحد باب البيت، وبعدها اتفاجئت إن شركة الشحن رفضت التوصيل بحجة إن العنوان في قرية. وعند التواصل مع خدمة العملاء، تم إبلاغي إن ده “سياسة الشركة” وإن التوصيل لأي قرية أو عزبة ممنوع. المشكلة إن السياسة دي غير مكتوبة أو معلنة لا على الموقع ولا على الأبلكيشن، ومفيش أي تنبيه للعميل قبل الدفع. اللي بيحصل فعليًا إن العميل: يدفع ثمن الشحن ينتظر الأوردر ثم يُفاجأ إن شركة الشحن مش هتوصل,Negative
f4bc8f6a-e73b-4617-aa08-8718a71801fc,Jumia,E-commerce,5,2026-01-27,رائع,Positive
73c9aadc-305d-4574-a247-6c3d528d1d72,Jumia,E-commerce,5,2026-01-27,Very good,Positive
7e451a9f-8aea-4c8e-9b8e-4ff1fe946cf6,Jumia,E-commerce,5,2026-01-27,هو بصراحه تطبيق روعه وجميل جدا ومش مقاطعه بس بصراحه وتطبيق سريعه جميل احسن من امازون بكتير هو احسن واحد وروعه ويستاهل اكثر من ٥ نجوم وسريع التشغيل وبصراحه انا بنصح اي حد يحمله وما يحملش تطبيقات تانيه غيره عشان هو الوحيد اللي هو احسن واحد في الفئه كلها ويستاهل اكثر من كده بكثير هو اروع تطبيق,Positive
d8ceb6f0-a2d5-4f2a-98eb-794bb6e93ef6,Jumia,E-commerce,5,2026-01-26,أحلا جوميا,Positive
f531a8cc-bf21-4c0e-9d26-fe602dd01b0d,Jumia,E-commerce,5,2026-01-26,ممتاز,Positive
f9d08240-9bcb-4565-a817-c21669bfacc8,Jumia,E-commerce,5,2026-01-26,تطبيق ممتاز جدا,Positive
937d08e6-4765-407d-b9ba-b3a84e8b3802,Jumia,E-commerce,5,2026-01-26,يوجد دفع عند الاستلام و جيدا جدا❤,Positive
65386060-b6f5-4978-b65d-b74cb900a09f,Jumia,E-commerce,4,2026-01-25,جيدة,Positive
45ddf5e2-dfcb-4adf-acda-befb06ea1ffa,Jumia,E-commerce,5,2026-01-25,ممتاز,Positive
97a5c1e7-0936-4f5a-b92d-4b27867a3911,Jumia,E-commerce,5,2026-01-25,جيده,Positive
60624df4-02b1-4e58-89d3-7ce0a0f19718,Jumia,E-commerce,1,2026-01-25,اسوء متجر سلع غير اصليه وصعوبه التواصل مع خدمه العملاء وشروط استرجاع صعبه,Negative
978ce5df-48d3-460b-95c2-a3cd1f7ee47c,Jumia,E-commerce,5,2026-01-24,تطبيق جد رائع,Positive
89313dc8-da2a-4bcf-ae91-6a96d6496267,Jumia,E-commerce,5,2026-01-24,momtaz,Positive
e9af7369-d49d-49f7-9dd3-5b8586839673,Jumia,E-commerce,5,2026-01-24,احسن وافضل منصة للتوصيل شكرا جوميا ♥️🩵💐,Positive
746bea62-43a4-426f-8d75-f78a6e27713e,Jumia,E-commerce,2,2026-01-24,الاسعار خيالية و مبالغ فيها مقارنة مع المواقع الأخرى,Negative
a78db46b-ba65-4a58-b1f0-d97403e2334c,Jumia,E-commerce,5,2026-01-23,جيد و رأع جريبوه,Positive
2f893a27-314f-43fc-b7e7-a3f7224fdfed,Jumia,E-commerce,5,2026-01-23,احلى موقع,Positive
81ea680b-c6ed-4219-a5e6-97fb27c83c73,Jumia,E-commerce,5,2026-01-23,جااامد,Positive
73bc25aa-5521-4c5f-85d9-2a8dd30851e6,Jumia,E-commerce,1,2026-01-22,فاشل وبيهنج ده غير انهم حرامية ومنتجاتهم بايظة,Negative
d4bb10e8-837a-4c48-957a-6e804998778a,Jumia,E-commerce,5,2026-01-22,كان تسجيل الدخول صعب بس عندهم خدمة عمله حلو اوي,Positive
bd952451-0d0a-4f3a-b36e-6d1fadb786d5,Jumia,E-commerce,1,2026-01-22,مش بيرجعو منتجات خالص ولا بيدو ضمان صدد العيوب خالص ولا بيبدلهوا بيقو نصبين خالي بالكم من الموضوع ده امازون افضل منهم في المرتجعات والضمان,Negative
99967638-0913-44b7-bc82-29c94d98052c,Jumia,E-commerce,1,2026-01-21,Why is there no delivery to Sharm El Sheikh? What's the problem? Please reply,Negative
8148aa30-afcd-4fb0-8847-5ba8a0d5fddd,Jumia,E-commerce,5,2026-01-21,جوميا عالم رائع في مجال التسوق,Positive
d2748226-bd79-4966-acaa-7b0c4b9d45c7,Jumia,E-commerce,1,2026-01-21,للأسف المنتج ع البرنامج حاجه وف الحقيقه حاجه تانيه؛ خامته زباله بصراحه ومايستاهلش نص سعره ؛ ودا كان رأيي ف آخر مره بعد ماكنت بتعامل ع التطبيق علطول وأقول يمكن الاقي مره حاجه نضيفه فعلاً زي ماشوفتها ولكن المنتج بيكون شعبي مش زي اللي ف الصور ولا الخامه إللي بتعجبنا ومافيش حاجه إسمها عروض ولا خصومات زي مامكتوب؛ نفس الأسعار اللي برا أو أعلى كمان شويه حتى لو فيه خصومات أو عروض..,Negative
a438789d-500c-46bd-8fa0-0aea94d91f64,Jumia,E-commerce,2,2026-01-21,تحت التجربة,Negative
6ab79453-a79d-436a-918d-668f2ebab365,Jumia,E-commerce,5,2026-01-20,التطبيق رائع,Positive
4ebc03a7-5886-412f-bd5a-e01e48145558,Jumia,E-commerce,4,2026-01-20,جيد,Positive
542cf764-fcad-4d34-ab5b-db658050f429,Jumia,E-commerce,5,2026-01-20,يحتاج تطوير في توصل وطريقة بحت على منتجات داخل تطبيق,Positive
7f3280bd-0c89-447f-981b-5c329f7c6677,Jumia,E-commerce,5,2026-01-20,ممتاذ,Positive
a5f76bd9-6323-47ea-b481-6001f00cb17b,Jumia,E-commerce,5,2026-01-20,ممتاز,Positive
eec1a49e-8408-4bed-ac31-1ab479ad7573,Jumia,E-commerce,5,2026-01-20,رائع جدا أجمل متجر علي الأطلاق⭐⭐⭐⭐⭐⭐⭐,Positive
db785bed-c374-492a-9dd1-1c9e8ad46dd4,Jumia,E-commerce,5,2026-01-19,ممتاز,Positive
c2bf8caa-99ec-4988-9846-e1234588092c,Jumia,E-commerce,1,2026-01-19,سيء,Negative
db7da601-b1cf-42b2-979f-2aa403b7081f,Jumia,E-commerce,5,2026-01-18,ممتاز,Positive
147ba942-ed79-4b4a-95a0-465c1aea32ba,Jumia,E-commerce,5,2026-01-18,رائعه جدآ وملتزمين,Positive
11b8f77e-5bef-4f02-b8db-bfef9b43e89e,Jumia,E-commerce,5,2026-01-18,حلوه,Positive
56729840-3de1-4fd5-83fd-faa5f1e9b133,Jumia,E-commerce,5,2026-01-17,حلو,Positive
cc74f4b1-14ae-4b79-bc24-094a21817a3c,Jumia,E-commerce,5,2026-01-17,رائعة,Positive
0a36b654-690b-43af-8132-8d51cdc2d98b,Jumia,E-commerce,5,2026-01-16,احسن تطبيق مشتريات في مصر,Positive
a7d4531b-59c3-4103-be9f-9b694abbb80e,Jumia,E-commerce,5,2026-01-16,موقع جوميا ممتازة وبالأخص خدمة الدفع عند الاستلام,Positive
c1ce1899-0574-4da9-b3c8-a8896a6e14c0,Jumia,E-commerce,5,2026-01-15,معامله سهله ومريحه,Positive
d84e5d37-3acb-47f6-ad0f-6e74d4df6029,Jumia,E-commerce,5,2026-01-15,ممتاز,Positive
3460cfe7-da8f-41c8-9f4a-9d16b337b4b2,Jumia,E-commerce,1,2026-01-14,انا كنت بتعامل معاهم شركة مهملة في التعامل طلبت منهم جهاز ارسلوا طلب جهاز غير شغال وعملت معاهم استبدال الطلب ارسلوا طلب جهاز برضو غير شغال وجهاز غير شكل الطلب.. مش مهتمين في التعامل,Negative
aaa50034-afb7-4af4-b384-c784014ee6cc,Jumia,E-commerce,5,2026-01-13,رائع بمعنى الكلمة ، محل ثقة عن تجربة,Positive
84b3d564-6e66-47dd-8df4-302919e114bf,Jumia,E-commerce,5,2026-01-13,ممتاز,Positive
6cac2656-bc1a-4677-9f31-cdbc3f8a19fc,Jumia,E-commerce,5,2026-01-12,جميل جداً,Positive
26c53fc0-c448-4289-8179-e678ab731121,Jumia,E-commerce,5,2026-01-12,جميل جداً,Positive
5cb454f3-4b2a-474a-80a9-7695dd4c3d97,Jumia,E-commerce,4,2026-01-10,جيد جدا,Positive
f4472763-5673-4611-9755-ea025941eaf7,Jumia,E-commerce,5,2026-01-10,ممتاز جدا,Positive
1383ff90-a108-4f5d-babd-532dfc4d2a15,Jumia,E-commerce,5,2026-01-09,جيد جدآ,Positive
6d61d947-0a5c-47c6-b6cd-bcd29ebbdd34,Jumia,E-commerce,1,2026-01-09,ابضن ماركت ممكن تشتري منه ف حياتك حرفيا الاوردر ممكن يفضل اسبوع عشان يجيلك بعكس امازون ونون الاوردر بيجي خلال يوم او يومين المفروض ان انا طالب اوردر من اسبوع كان هيوصل من يومين لحد دلواقتي موصلش اخر مرة تعامل ان شاء الله,Negative
9f4f7bea-2af7-41e5-b43d-7751a8d5cfcb,Jumia,E-commerce,5,2026-01-09,كويس 😀,Positive
7c3cea79-d18c-4848-93b7-ce3760b67949,Jumia,E-commerce,1,2026-01-08,خدمة عملاء بهايم وعدم مصداقية ف وقت التوصيل ليه الأوردر ياخد حوالي ١٥ يوم,Negative
02386a49-8eff-4b25-a9c4-2918c2cf0466,Jumia,E-commerce,1,2026-01-08,تجربه سيئه,Negative
11b12844-5212-493d-be9c-acb27863e892,Jumia,E-commerce,1,2026-01-07,مع الاسف بقيتوا من سئ لاسوء الباكدجينج تبع المنتجات بقي سئ جدا جدا التوصيل بقي بيتأخر لخمس ايام واكتر مندوبين شحن سيئين لا اخلاق ولا احترام للعملاء إلا من رحم ربي طبعا ودول بقوا قليلين جدا لو في اقل من النجمه كنت اعطيتكم والله,Negative
565e2a5e-f5a5-4ba6-ae86-405d4a0d9ef2,Jumia,E-commerce,5,2026-01-07,برنامج جيد جدا واسعار ممتازه,Positive
6786e79c-30a3-4c28-a144-b08b200fb6af,Jumia,E-commerce,5,2026-01-07,رائع 👍,Positive
b8128e77-c820-4e2e-b180-85a30490810c,Jumia,E-commerce,1,2026-01-07,طلبت سماعة جاتلي وحشة جدا جدا العيب أن فيها خدوش و في فردة صوتها واطي كدا محدش يشتري من جوميا في امازون حلو ومضمون,Negative
722c686e-3601-4053-8f38-3490bc784b4f,Jumia,E-commerce,5,2026-01-06,🤩🤩🤩🤩,Positive
9429f695-d915-4d89-8f7f-9047c4665c33,Jumia,E-commerce,5,2026-01-05,تطبيق ممتاز أنصح به كل الاصدقاء,Positive
0b43fae6-6e6a-4a05-8e7d-1547d4f3f623,Jumia,E-commerce,5,2026-01-04,ممتاز,Positive
40911066-7bb2-410f-b343-810d53cfac8e,Jumia,E-commerce,5,2026-01-03,تحت التجربه,Positive
c09170c8-c894-4c84-af69-9c2d8638ed75,Jumia,E-commerce,5,2026-01-03,ممتاز,Positive
f47f6955-247b-4f79-84e5-0a6665f061ff,Jumia,E-commerce,1,2026-01-02,جوميا أصبحت سيئة جدا ولديها سيستم غريب في توصيل الطلبات تجعل مندوب الشحن يتلاعب بالطلبات . في جوميا ممكن مندوب الشحن يلغي الاوردر من عندة ويذكر السبب انك طلبت إلغاء الاوردر من غير ما حتي حد يكلمك وبعد فترة تفاجئ ان الاودر ملغي ومضطر تنتظر ١٤ يوم عشان الفلوس ترجعلك تاني لو كنت دافعت فيزا .. وبكدا بتكون تحت رحمت مندوب الشحن ممكن يلغي الاوردر لو مكانك بعيد او يتعامل معاك بوقاحة ومضطر تستحمله عشان ميلغيش الاوردر,Negative
e939c348-9be9-45e9-ad0c-b09c203711b1,Jumia,E-commerce,4,2026-01-02,تجربة رائعة,Positive
28669300-46e4-4903-8f67-af848368405f,Jumia,E-commerce,1,2026-01-02,مشكلته في المندوبين مش كويسين ومبيوصلوش الحاجه كويس,Negative
01405c5a-1834-4f40-a2fe-183b42e4b401,Jumia,E-commerce,3,2026-01-02,good,Neutral
edd77741-0a86-4632-95fd-d6ebc2681d3d,Jumia,E-commerce,5,2026-01-01,تمام,Positive
61498999-6998-416f-a948-c0d149d66402,Jumia,E-commerce,5,2026-01-01,ممتاز,Positive
eacd8667-92aa-4aad-b80b-46e4db4c084c,Jumia,E-commerce,5,2025-12-31,ممتاز,Positive
e5d69b42-3c0e-4f5e-a7d4-0df3343b0e54,Jumia,E-commerce,3,2025-12-31,تطبيق جميل ولكن الأسعار مرتفعة نوعا ما في الجزائر خاصة مع التوصيل,Neutral
cc5f9f9a-674c-46ae-b9de-7f7cc9580c54,Jumia,E-commerce,5,2025-12-30,ممتاز,Positive
3063432c-8e4d-4892-b53a-98ecc05ce9cb,Jumia,E-commerce,4,2025-12-29,المعامله سلسه وبلا تعقيد ولا اكاذيب,Positive
36f5cc7a-f344-4441-a556-5108c598d05e,Jumia,E-commerce,1,2025-12-28,سئ جدا,Negative
042952b9-23e9-449d-951c-6353c1fa626a,Jumia,E-commerce,3,2025-12-28,التطبيق حلوه اوي لكن مفهوش كل حاجه,Neutral
0e8381b1-73a1-4941-bd86-c02044405822,Jumia,E-commerce,5,2025-12-28,Very good,Positive
ac769c7b-7e9c-4bf3-8a12-5d1b69bf637f,Jumia,E-commerce,4,2025-12-28,في تعسف في الاشتراك بس تمام تمت الشراء بنجاح وجاري الاستلام,Positive
78fa2808-eee1-43c4-bf2f-7b4ab15a37b2,Jumia,E-commerce,5,2025-12-28,جيدا جداً جداً جداً والحاجه وصلت في 3 ايام فقط وبجد الحجات كتير كتير بتجنن,Positive
d10f24b3-e099-450f-8d31-0cbc4047d777,Jumia,E-commerce,1,2025-12-28,اصبح اسوء من الاول عملت اور وبعد ما خصموا الفلوس تم الغاء الطلب بداعي عدم توصيل الى البحيره,Negative
af99bb40-f46a-43c7-a832-d40c53b06229,Jumia,E-commerce,5,2025-12-28,جيد جدا,Positive
f99522b5-a165-4c86-b3cf-29faae57a53c,Jumia,E-commerce,3,2025-12-27,حلو.....,Neutral
25def048-785b-42a4-a3b6-0b48f909a5ba,Jumia,E-commerce,5,2025-12-27,والله رغم انه لم يصل لكني متحمسة ثمنه مناسب ويعامل زباناء باحترام اقدر كل تعبهم احب هذا تطبيق جدا,Positive
cc6c6195-fde9-4dd8-9778-4935d645a304,Jumia,E-commerce,1,2025-12-27,اسوء تطبيق واسوء تجربة,Negative
92056f30-4d35-475c-a98e-b9d453c0be19,Jumia,E-commerce,5,2025-12-27,تحت التجربه,Positive
d7a6cbb5-2584-491b-a170-00b0325f7051,Jumia,E-commerce,1,2025-12-25,في اسعار افضل من كدة بس المشكلة مش هنا انا عملت اوردر ولما اتاخر دخلت اسال خدمة العملاء قالولي الطلب اتلغى بدون مايعرفوني,Negative
d91c0a29-21eb-491f-ac43-878db2dc02d0,Jumia,E-commerce,1,2025-12-25,سيء,Negative
b6e095d9-89c9-4bcb-9995-eab41741addf,Jumia,E-commerce,5,2025-12-25,ممتاز,Positive
f77e46f4-4781-4561-8f93-ad11bd1a67ae,Jumia,E-commerce,5,2025-12-25,الا توجد اللغة العربية,Positive
81529985-010f-4602-a310-8fe0eea4d44b,Jumia,E-commerce,1,2025-12-24,شركه نصابه,Negative
f462e35b-01f7-4c1e-bf1e-1aa24dafb277,Jumia,E-commerce,1,2025-12-23,من اسواء التطبقات اتعملت معاه طلب اردر ليه اكتر من 5ايام ولم يصل ويتم الضحك عليه والاستخفاف بعقول العملاء تم التواصل مع خدمة العملاء اكثر من مره علشن التاخر وكان الرد اليوم لايتي بكره لايتي سئ سواء في مندوب التواصيل او خدمة العملاء,Negative
c93c36e3-c681-4d90-a6ad-3f41c6eec873,Jumia,E-commerce,5,2025-12-23,شركة مضمونه ولكن لازم تركز مع مناديب التسليم لإنهم بيقبلوا لو في غلط في فلوس الدفع ده بالنسبه للمندوب عن تجربه أكثر من مره,Positive
8b92980b-5f03-41a0-a105-7f2b2e8db4ff,Jumia,E-commerce,1,2025-12-23,اسؤ تجربه شراء في الحياه ونون وامازون برقبته,Negative
d39ac0fb-1394-4186-a609-7a9885de5f9a,Jumia,E-commerce,5,2025-12-22,very nice,Positive
61edde2c-6a24-4f64-8ee8-d32b749c70ac,Jumia,E-commerce,5,2025-12-22,جميل جدا,Positive
c00109c5-9d06-47fe-8d54-e66c0919e852,Jumia,E-commerce,3,2025-12-22,مش عارفه ارجعه عربي زي ما كان وبقي سخيف جدا بالانجليزي,Neutral
d66e6a5f-47e0-47db-9553-fb1b52925c05,Jumia,E-commerce,1,2025-12-21,كنت قولت إنه ممتاز كان دلوقتي حتي النجمة كتير عليه مافيش توصيل في الميعاد و خدمة العملاء غير مفيدة و المندوب بيوصل الاوردر متبهدل و حاجة في قمة البشاعة دا 😤😤😤😤😤,Negative
e79c1021-a46e-413d-8c89-752d03fc6dfd,Jumia,E-commerce,5,2025-12-21,ممتاز,Positive
1480b028-1965-457d-84b3-677e10756c13,Jumia,E-commerce,1,2025-12-21,اسواء تطبيق واسواء تجربه شراء مفيش التزام عملت طلب وسحبو المبلغ وبعد اسبوع تم الغاء الطلب من خللهم عشان مفيش توصيل لمنطقتي وسالت ليه قبلتو الطلب كان الرد خطاء في السيستم طيب رجعو الفلوس.... من اكتر من عشرين يوم اتصلت اكتر من عشر مرات مفيش حد بيحل حسبي الله ونعم الوكيل,Negative
b2f80f4d-6719-4e25-a0cc-b98507bf623c,Jumia,E-commerce,4,2025-12-20,مافي ضمان بعد البيع مثل امازن,Positive
1a21c847-11fe-47b7-b3ba-b1b7b63dbf8a,Jumia,E-commerce,5,2025-12-20,تمام,Positive
659b6d26-911b-42d3-9893-ebfc2ab45cff,Jumia,E-commerce,5,2025-12-19,good,Positive
e6424bb2-6379-4dd4-993b-63584d05cc58,Jumia,E-commerce,5,2025-12-18,Goood,Positive
60b140dd-8a3f-4d0f-811d-b65deb80d421,Jumia,E-commerce,1,2025-12-18,كان زمان كويس حاليآ منتجات فرز تاني و عيوب كتير و التوصيل بعد أسبوع أو أكتر و مناديب التوصيل منتهى قلة الذوق و خدمة عملاء سيئة جدآ نون و أمازون أفضل ميت مره,Negative
e5ad1b9b-0fa4-41d6-ad07-c2c289e26ac8,Jumia,E-commerce,5,2025-12-17,لم يناسبني,Positive
0364c2f8-c093-4dbf-b1d1-a89389070777,Jumia,E-commerce,1,2025-12-17,لقد احتالو عليا وعي الدليل بهذا التطبيق ارجو الرد,Negative
1c81982c-44df-46ad-8d80-1dda8c0e08a8,Jumia,E-commerce,4,2025-12-16,كان لغيت الطلب ويوم ثاني جاء,Positive
e0611f40-0deb-471d-bcc4-aee2e8021f68,Jumia,E-commerce,1,2025-12-15,جوميا الأسوأ في السوق وغير مهيات للسوق المصري متأخرين جدن ولا انصح بجوميا اي احد تجربتي كانة سيا جدن إهضار الوقة ومجهود ولا يجد دعم حقيقي,Negative
db60741c-5a50-4696-9008-1578bd080b8b,Jumia,E-commerce,5,2025-12-15,ممتاز جدااا,Positive
ad444fcc-e9c3-4560-aa1a-0d2a4fba5f74,Jumia,E-commerce,5,2025-12-15,برنامج روعه,Positive
e005f539-f9ef-43c9-a540-2577b79bd50f,Jumia,E-commerce,1,2025-12-14,تم اضافة مصاريف شحن على طلب إكسبريس,Negative
f2a56442-b38a-41d0-a130-83608b86f36d,Jumia,E-commerce,5,2025-12-14,ممتاز,Positive
b2c47bae-99de-44c0-8606-fec7908ea5e4,Jumia,E-commerce,5,2025-12-14,رائع جدا وخصومات كبيرة,Positive
aacd0355-4034-4bf3-9adb-c1823553e2cc,Jumia,E-commerce,1,2025-12-13,ايش مشكله برنامج ادخل من الحساب مصر يرفض ولما ادخل دوله تانيه زى المغرب بيدخلنى على الحساب,Negative
841dd35b-c58a-42c7-ad98-dfdcdffaa163,Jumia,E-commerce,3,2025-12-11,cool,Neutral
a8727736-c2b8-4779-b0a3-847ebbbe432b,Jumia,E-commerce,1,2025-12-11,فريق جوميا الأعزاء، نرجو إضافة دعم كامل لقارئي الشاشة TalkBack و VoiceOver في تطبيقكم. هذا يضمن تجربة تسوق سلسة وشاملة لجميع المستخدمين المكفوفين وضعاف البصر. شكرًا لاهتمامكم بتطوير التطبيق.,Negative
509cd7e8-c0c4-4881-8e1c-254082631a16,Jumia,E-commerce,1,2025-12-10,منتجاتهم بايظة ومش كويسة منصحش حد بالتعامل معاهم,Negative
053cfe53-3821-4c6b-8133-dfcfa4c8c2fb,Jumia,E-commerce,1,2025-12-10,معفن وانصح الجميع انهم مينزلهوش دا برنامج سخيف 🤬,Negative
5c3818bb-9b85-4554-b37d-bae2c6dbba21,Jumia,E-commerce,1,2025-12-10,سيء جدا,Negative
25387cf9-bdc0-4565-a364-e0bc32d8387f,Jumia,E-commerce,5,2025-12-10,جميل,Positive
e02af06c-96db-4c1a-9682-26866c87d5f4,Jumia,E-commerce,5,2025-12-09,ممتاز,Positive
ce8adc29-256e-4f6d-9a6b-13526ef10c94,Jumia,E-commerce,5,2025-12-08,تمام,Positive
9a63f217-7402-4107-a497-b72d7fc418a1,Jumia,E-commerce,5,2025-12-08,ممثازة,Positive
73834dfb-0757-40b3-bfc7-8b714a8ceba2,Jumia,E-commerce,5,2025-12-08,ممتاذ,Positive
a61ca3f0-8fef-4f9c-bb69-6533f1e4c9e5,Jumia,E-commerce,5,2025-12-08,ممتاز,Positive
e608a536-785f-4b4c-8f10-ec8415f0015d,Jumia,E-commerce,1,2025-12-08,أسوأ شبكة توصيل فى مصر بالنسبه لمحافظات الصعيد مافيش تحديد للمحافظه تحديدا يعنى بتكتب أسيوط حتى لو فى أى محافظه تانى فى الجنوب والطلب طالبه توصيل لأسوان المندوب بيكلمنى بيقولى فى رمسيس وماليش دعوه وعاوز ياخد منى فلوس عشان يوصلهولى لشركة شحن بالرغم ان كل التطبيقات التانيه بيوصل لأى حته فى مصر ومجانى أحيانا,Negative
785e9d7d-c895-42d8-bbd4-321676a4212e,Jumia,E-commerce,1,2025-12-07,تجربه سيئة جدا تطبيق كله نصب واحتيال,Negative
6eb8c1bb-e7c3-409f-bb70-be0661825cbd,Jumia,E-commerce,1,2025-12-07,نصيحة يا شباب من موقف حصل معايا محدش يتعامل مع شركة جوميا إلا لو كان عنده استعداد يتخلى عن فلوسه طلبت اوردر وبفتحه لقيته مكسور وبعد أسبوعين من تعليق الفلوس وعدم الرد على الشكوى اللي المفروض يترد عليها في خلال 2-5 أيام جالي الرد بكل برود مش هنرجع المنتج واللي انت عايزه اعمله اه هو مكسور استلمه كده مع قمه البرود والسذاجة واهمال مصالح الناس. فرجاء من الجميع الحرص لانه لما بحثت لقيت ان الشركة ليها تاريخ سيئ في مواقف مشابهة.,Negative
66cbd0ed-b3de-4fb7-9473-08b6dc406b4c,Jumia,E-commerce,1,2025-12-06,نصابين و بينصبوا علي اليليجرام محدش يديهم بينات,Negative
f12aba9d-76de-401b-a3d5-7354fc74093f,Jumia,E-commerce,1,2025-12-06,شركة نصابه و معندهمش مصداقيه,Negative
c2045d6f-bacb-4014-9d37-55966a03149c,Jumia,E-commerce,1,2025-12-06,شركة نصابه و مفيش مصداقيه ويتطلب بسعر و بتستلم بسعر مختلف و مفيش معاينه عند الاستلام,Negative
ca7afff8-a543-4b56-839d-a9140f4f2947,Jumia,E-commerce,5,2025-12-06,ممتاز,Positive
83f2b47c-1583-489b-b9cf-3794d05fb9d0,Jumia,E-commerce,5,2025-12-05,برنامج جميل,Positive
41094e65-afab-48c4-abfd-08f28bca0de0,Jumia,E-commerce,1,2025-12-05,اسواء برنامج,Negative
c60397cb-ce39-4d5d-bb8e-b8ddfbd8ca5d,Jumia,E-commerce,5,2025-12-05,برنامج جميل جدا,Positive
73cbd346-114d-47de-b2d1-b06c06186af8,Jumia,E-commerce,5,2025-12-05,ممتاز,Positive
77cb6235-32b2-463c-91d2-4c530ecda101,Jumia,E-commerce,1,2025-12-04,مندوب توصيل سئ عملت فيه اربع شكاوى ومصممين يبعتوه كل مرة بلطجة وقلة ذوق,Negative
569b87e2-a2da-4676-bd9c-31b467ce1cb4,Jumia,E-commerce,5,2025-12-03,افضل مليون مرة من نصابين امازون,Positive
fa907ca2-d3f3-435d-b454-0635361fc20b,Jumia,E-commerce,5,2025-12-03,جميلة,Positive
d7628a8f-0655-4634-83bf-043697cff35a,Jumia,E-commerce,5,2025-12-02,ممتاز,Positive
edc1676d-0f71-430e-bbe6-7a2adb907082,Jumia,E-commerce,5,2025-12-02,جميل,Positive
4dd6aa03-2e80-4450-9519-29bd1ed9fa9d,Jumia,E-commerce,5,2025-12-02,جميل جدا ❤️,Positive
2b35861a-b6c4-4647-a020-7b5d6b436a12,Jumia,E-commerce,1,2025-12-01,تطبيق باخص,Negative
0317326e-1cc9-4f2e-9f05-fced22b3f582,Jumia,E-commerce,4,2025-12-01,ممتاز جدا وسلس,Positive
1d163a3c-b453-4dda-aa38-7917239a80d8,Jumia,E-commerce,1,2025-12-01,طلعوا نصابين ومعندهمش مصداقية نهائي . ابلكيشن نون برقابته,Negative
20d2a7ca-3e2c-4417-b251-aa4e3b2e4ecf,Jumia,E-commerce,5,2025-11-30,👍,Positive
8ebc17d1-ccd8-4b44-bf3a-4c69d9dfcc4f,Jumia,E-commerce,1,2025-11-30,لماذا لا يتوفر شحن لعدد كبير من المحافظات من ضمنهم جنوب سيناء,Negative
69821df1-260e-4567-9ad0-073c2bf3eee0,Jumia,E-commerce,5,2025-11-29,كل المنتجات حقيقية وممتازة,Positive
0ca454cd-7f12-4187-8c43-32f5244413da,Jumia,E-commerce,5,2025-11-29,جميل تطبيق جميل جدااا,Positive
5969a05f-116d-4d8e-b656-ee65e85e4d1d,Jumia,E-commerce,5,2025-11-29,Good apo,Positive
c906b80c-3d5c-4d28-b843-749d04ad3d57,Jumia,E-commerce,1,2025-11-29,اسوء تطبيق تسوق الكتروني عروض وهميه لا يوجد عروض حقيقيه بتبقي لعبه وميبعتوش المنتج ويقولولك اي حجة,Negative
942036c2-89db-4627-8dea-34c82ca252de,Jumia,E-commerce,5,2025-11-29,ممتاز ❤️,Positive
d3e72304-c2c8-4b9f-97bd-8da27080a42a,Jumia,E-commerce,4,2025-11-29,ممتاز,Positive
65e6dbb4-7539-4443-ba63-2926ffc50ad5,Jumia,E-commerce,5,2025-11-28,ممتاز,Positive
9189396e-7150-4016-90fa-bcad0e768fec,Jumia,E-commerce,2,2025-11-28,توصيل سيئ,Negative
f7e9566b-fcb5-4cd3-b439-ab66b366294b,Jumia,E-commerce,5,2025-11-28,ممتازة,Positive
1260bea4-ccd9-4833-a406-6c02e0060400,Jumia,E-commerce,5,2025-11-28,خصومات كويسه جدا والمنتجات نظيفه,Positive
d60de3e2-ecbb-4df5-a557-a5ffb1255738,Jumia,E-commerce,5,2025-11-27,جميل,Positive
4dcf7e38-75f5-4939-aa2e-94a90c666f2e,Jumia,E-commerce,5,2025-11-27,ممتازه جدا جدا جدا جدا جدا والله انا مبسوط من التعامل مع التطبيق,Positive
d4018009-49a0-4090-8dab-89589f8753e5,Jumia,E-commerce,5,2025-11-27,العروض حلوه بس محتاجين عروض اقوى,Positive
e8f60070-9340-4895-92e7-cb77b2dfbc88,Jumia,E-commerce,5,2025-11-26,ممتازه,Positive
7b09edc2-0287-48eb-afc6-b06e01c3dae3,Jumia,E-commerce,1,2025-11-26,نصيحة لو اضطريت تشترى منه لا تشترى بالدفع المسبق لان منتجات كتير فيه بتيجى مستعملة وبايظة,Negative
c34297bc-5264-4c92-bcf4-b3e2a4684c87,Jumia,E-commerce,5,2025-11-26,جيد,Positive
dca166bb-2046-40a2-a68f-5111bd9728c1,Jumia,E-commerce,1,2025-11-26,كدابين مافيش خصم ولا حاجة,Negative
6dcc50a5-14bb-4442-92ef-33be82e08297,Jumia,E-commerce,5,2025-11-26,جيد جدا,Positive
a21a8bdd-2901-4e2b-97ab-6d7b66bccf06,Jumia,E-commerce,4,2025-11-25,رخيص ورائع,Positive
72ba6ff0-bd0a-44a3-a8d7-1bbabb1b7f2b,Jumia,E-commerce,5,2025-11-25,ممتاز,Positive
3e34ba5f-01f3-4542-ae1a-780192ce9c7e,Jumia,E-commerce,1,2025-11-25,عروض وهمية تطلب العرض و تدفع تمنة وبعد ما العرض يخلص يقولك تم الغاء المنتج ورد الفلوس عروض وهمية,Negative
1d436c75-eb00-46ea-a735-8d71ea837889,Jumia,E-commerce,5,2025-11-25,👍,Positive
d169a7b6-8ccd-4192-a53b-8b67e0612c31,Jumia,E-commerce,5,2025-11-25,ممتاز,Positive
90ce4086-5108-461e-b298-e1146a6a51ea,Jumia,E-commerce,1,2025-11-25,اسوء ابليكشن اتعاملت عليه خدمة عملاء مبيحلوش حاجه واوردرات بتتأخر بشكل مستفز وحاجه اخر قرف والله,Negative
6e610ee0-cc4a-4c9b-aa3c-eb661c26cfcf,Jumia,E-commerce,1,2025-11-25,اسعار غالية ومبالغ فيها ووقت العروض بيلغوا الاوردات لا يوجد مصداقية ابدا,Negative
a01b89c1-4fe1-467f-93a7-aa725d37427c,Jumia,E-commerce,5,2025-11-25,اسعار وخدمة ممتازة,Positive
bd9c09dd-042a-4d94-9f4b-0bdc80f4eddf,Jumia,E-commerce,1,2025-11-24,اقذر ابلكيشن ممكن تتعامل معاه في مصر بيكنسلو الاورات اللي بيعملوله في عروض وفلوسك تتعقل عندهم وحاجه اخر قذاره + ان لو لقيت منتج عندهم وعند نون او امازون سعرهم بيكون اغلي منهم + بمصاريف شحن لو منتج سعره لقيته كويس او ارخص من امازون ونون هيتبعتلك ماركه مختلفه اقل سعر وجوده منصحش ابداااا اي حد يتعامل معاهم في اي منتج لانهم قذاره باداره اقذر مايكون لو كشك عنده مصداقيه عنهم,Negative
0912350b-231a-4294-981c-1478afc7579f,Jumia,E-commerce,1,2025-11-24,كلما ادرت عجلة الحظ واقوم بلصق كود الخصم والذي يتناسب مع قيمة المشتريات يتم رفض احتساب الخصم رغم عدم تحديد وسيلة الدفع بعد حتى لا تقولوا انه لا يستعمل الا مع وسائل دفع معينة,Negative
35d74fd1-aed9-4f27-bb88-d656cffcc754,Jumia,E-commerce,5,2025-11-24,رائع جدا جدا 🤯,Positive
78cdddcf-708f-4045-b10b-00f492f83155,Jumia,E-commerce,1,2025-11-24,اوسخ ابلكيشن ممكن تتعامل معاه بيلغو الاوردات من غير سبب,Negative
a3f87933-52a3-41e6-a193-796d3e35d1e5,Jumia,E-commerce,1,2025-11-24,أسوء تجربه تسويق وخدمه العملاء وخدمه التوصيل زي زفت,Negative
cfde41ad-629f-44f3-a7f9-a8a1865b7e5e,Jumia,E-commerce,5,2025-11-24,ممتازه,Positive
353af7a8-11e1-4662-902e-8ac9fce4e830,Jumia,E-commerce,1,2025-11-24,برنامج فاشل,Negative
bd03d7e7-5a53-4d2e-a26d-1bc0e479fea7,Jumia,E-commerce,1,2025-11-24,للاسف خدمة العملاء سيئة وخدمة التوصيل اسوء لا انصح بالشراء منهم,Negative
3d1b7c77-093b-4db4-b330-59b1e7ed67bf,Jumia,E-commerce,1,2025-11-23,التوصيل سيئ وبطيئ جدا,Negative
2cc3bb2d-cf79-4c41-aacd-7caa35118117,Jumia,E-commerce,5,2025-11-23,ممتاز لاقيت الدفع عند الاستلام فيه متوفر عن امزون,Positive
e1563f9d-6d63-4c1a-b43d-34294e8bae60,Jumia,E-commerce,5,2025-11-23,ممتاز و امانه,Positive
1dc3c098-a382-43ad-9d53-4cc22b8a51ab,Jumia,E-commerce,5,2025-11-23,من نتأكد سوف أخبر الجميع,Positive
0d6faf97-5eef-4be6-bfa4-04b0b9abecdd,Jumia,E-commerce,5,2025-11-23,جيد جدا,Positive
48c7da4c-3259-4872-80da-875481cbf7bc,Jumia,E-commerce,5,2025-11-22,جميل وسهل,Positive
84668572-ecd8-45bf-934d-22758f89a9a3,Jumia,E-commerce,5,2025-11-22,ممتاز,Positive
55fc265e-3804-45b5-92d5-db46c2014d09,Jumia,E-commerce,5,2025-11-22,جيد جدا,Positive
a7732e5c-ff4c-4e6d-9c3b-625bb3473812,Jumia,E-commerce,5,2025-11-22,رائع,Positive
beb695c3-6c38-4d83-96f5-814d0370e454,Jumia,E-commerce,1,2025-11-22,اسوء موقع اسوء خدمة عملاء اسوء ناس ممكن تقدم خدمة عموما,Negative
1a69fe96-79c8-4bea-9777-7e300a8498d4,Jumia,E-commerce,1,2025-11-22,عروض وهميه مفيش مصدقيه وبيلغي الطلبات,Negative
b8db9b8e-6fd8-4bf9-8a7f-4c619cf67c92,Jumia,E-commerce,5,2025-11-22,خدمه رائعه,Positive
da815514-87dc-429f-9a94-e085c42283a1,Jumia,E-commerce,4,2025-11-21,جيد,Positive
3b787878-f26d-4e92-866e-08d2e22665f3,Jumia,E-commerce,5,2025-11-21,ok,Positive
1a4ac7a3-7b71-4af5-a363-f669441d2011,Jumia,E-commerce,3,2025-11-21,جيد,Neutral
539d6668-b38e-4386-aa13-c6d9ae1936c1,Jumia,E-commerce,5,2025-11-20,ممتاز,Positive
921db6c0-6e24-48ec-9a59-26f7eec04dc3,Jumia,E-commerce,1,2025-11-20,اسوء برنامج واسوء خدمه معايا كرسي بقاله اسبوعين معموله طلب مرتجع لعيب فيه مش بيجوا ياخدوه ومعذبني,Negative
fb09dbc0-f51e-4fb2-854b-cdc478954b58,Jumia,E-commerce,1,2025-11-20,شركة زباله ونصابين ولله نصابين بعد ما طلبت الأورد دفعت حقو مقدم رفضوا و مش عيزين يبعتو الفلوس لا انصح بالتعامل معا النصابين دول كل واحد يخلي بالو و بلاش جوميا لا انصح بها,Negative
a490428b-cc7b-4d18-a97f-e473f704546a,Jumia,E-commerce,5,2025-11-20,جيد,Positive
62fe41d4-47f7-404e-bdad-5accbffcd6ca,Jumia,E-commerce,1,2025-11-20,نصب لم يتم الاستفادة بالخصم 50 جنيه لأول اوردر ولا شحن مجاني,Negative
93544352-6874-4cb4-be9a-52362d41ebb2,Jumia,E-commerce,1,2025-11-20,عروض وهميه وبيلغو الاوردرات,Negative
67a0a6e0-6a63-453b-9c9b-986458a35c18,Jumia,E-commerce,5,2025-11-20,ممتاز,Positive
24a2ca36-bf51-48f2-82d4-49f2327966b3,Jumia,E-commerce,1,2025-11-20,تطبيق وعروض اي كلام من خمس سنين وعروضهم دايما ف الهوا وكل فتره امسحه وانزله تاني وأقول يمكن اتغيروا لكن للأسف لا انصح بالتعامل مع تطبيق جوميا ابدا,Negative
c4d24906-6bc5-49b1-81ac-975830ccec33,Jumia,E-commerce,5,2025-11-19,ممتاز جدا جدا جدا,Positive
59190bf6-f55e-41e9-9523-4c133b182b00,Jumia,E-commerce,5,2025-11-19,جيد,Positive
f244b2cb-1262-492b-ab84-121dd789cfc2,Jumia,E-commerce,5,2025-11-19,good,Positive
6dca9b68-a15f-42a1-a33a-5217b6b64bde,Jumia,E-commerce,1,2025-11-19,بأمانة انا كنت مبسوطة من الآب جدا الأول و لكن انا مستاءة جدا لاني اكتشفت عدم مصدقية العروض يعني كان فيه هاتف اشتريته مكتوب عليه خصم من عشرة الاف ل خمسه وبعد كده اكتشفت انو ده اصلا سعره الحقيقي وكذلك مع لاب كنت لسه هشتريه كان معمول عليه خصم حوالي 60 ف الميه ولكن برضو بعد ما دورت لقيت ان ده سعره اصلا ف السوق ف عامة عروضهم مش حقيقية,Negative
17cbe808-2461-4e51-9d95-9833b8b515fe,Jumia,E-commerce,1,2025-11-19,سئ جدا والمنتجات رديئة وصعب الارجاع,Negative
909ce526-7ad0-479a-ac67-a3bac234897c,Jumia,E-commerce,5,2025-11-18,حلو,Positive
cf6a2232-be63-4cdc-872f-ceb7eff8c689,Jumia,E-commerce,5,2025-11-18,شكرا على قبول طلب,Positive
236ce26a-292c-4cd9-98a2-c9d333526a40,Jumia,E-commerce,5,2025-11-18,ممتاز جدا جزاكم الله خيرا,Positive
fbc4e789-8914-48eb-89b6-5ece7c080535,Jumia,E-commerce,4,2025-11-18,اسعار غالي يرجى التخفيض,Positive
21ccf259-882e-4a83-8071-ee406c4d80f8,Jumia,E-commerce,5,2025-11-18,ممتازوسهل الأستخدام,Positive
983ceaba-41b6-4c32-9243-b41a90e72a51,Jumia,E-commerce,1,2025-11-18,ازبل خدمه عملاء اتعاملت معاها ف حياتي والاوردر اتلغي بعد 3 ايام من غير م حد يبلغني ولما بعتت استفسر بيقعدو بالساعتين مش بيردو,Negative
31542aa1-9404-4663-b8fe-e82b6c2e9cc6,Jumia,E-commerce,5,2025-11-18,ممتاز,Positive
d5f56d9a-b933-4bde-8752-88deeb8975a8,Jumia,E-commerce,5,2025-11-17,ناس محترمه جدا سلموني الاوردر مفهوش اي مشاكل وانا جربت معاهم انصحكم بالتجربه ❤🌹,Positive
0d694504-ce72-41b6-996a-cdb8c2a86086,Jumia,E-commerce,5,2025-11-16,جوميا ولا غيرها .... رضاء لجميع الاذواق توصيل سريع خدمة عالية ...,Positive
a8a94a45-ad79-4812-9ab6-5fda34cfd392,Jumia,E-commerce,3,2025-11-16,خدمة العملاء ليست جيده,Neutral
bf242a6d-e33a-4f64-8e5c-400b9d4bfa92,Jumia,E-commerce,5,2025-11-16,good app,Positive
1ac9f997-4760-4955-8cc1-377f813c4c15,Jumia,E-commerce,5,2025-11-16,اول تجربه وساحكم عند الاستلام,Positive
e23c1ac4-0155-4176-beb1-a77ba58ca971,Jumia,E-commerce,5,2025-11-16,Good,Positive
f115bf0a-46bd-49fb-923d-503c753460bc,Jumia,E-commerce,5,2025-11-15,اسعار الذهب في متناول الجميع,Positive
b375fc33-11d0-4419-8f21-4167d2e5d5a1,Jumia,E-commerce,5,2025-11-15,أثمنة جد مناسبة,Positive
35cea398-8edb-4d21-a5b4-df638f41c928,Jumia,E-commerce,5,2025-11-15,ممتاز جدا جدا,Positive
f7c8c9c0-a84d-4a56-9ad8-c2976455ae0d,Jumia,E-commerce,5,2025-11-15,ممتاز,Positive
e9c16a57-fb79-43c4-b093-ede7172474d4,Jumia,E-commerce,5,2025-11-14,very very good,Positive
49808d57-0bf8-4652-940d-30e7900d8915,Jumia,E-commerce,1,2025-11-14,برنامج اسعاره حلوة لكن المصداقية لا اعلمها لكن يستحق نجمة بسبب ان المنتجات لا يسمح لى انى اعاينها استلم الاول وبعدين اكتشف الحاجة سليمة ولا لاء والمندوب قعد يقولى انت متعرفش ليه ان مفيش معاينة هو انت لازم توقفنى قدامك واتعامل بقلة ذوق وكنت طالب اوردر ١٣٠٠ جنيه نقو المندوبين زى ما بتنقو المنتجات انا والله فعلا همسح البرنامج دلوقتى وهطلب من مكان تانى ناسه محترمة وبتسمح بالمعاينة,Negative
71f3e92a-ab6a-442b-8c5a-67039250a831,Jumia,E-commerce,1,2025-11-14,ازى اعمل اوردار فى عرض التقسيط على ١١ شهر و بعد ما يتشحن يتلغى و بحجة ان احنا مبنوصلش لحلوان و اما اتصل اعرف السباب يقولى غير العنوان بس العرض خلص موقع غشاش و لازم يتحسبو على العروض الوهمية اللى بتنزل,Negative
85bfe43a-4870-4b50-9d84-4b4cad265ce9,Jumia,E-commerce,5,2025-11-14,جامد جدا خصومات حلوه,Positive
dfc7f81c-bf11-4187-bd27-61436810932a,Jumia,E-commerce,5,2025-11-14,ممتاز,Positive
cf7f8a90-3a21-4f47-b45d-4d540ababaf2,Jumia,E-commerce,5,2025-11-13,سعر ممتاز,Positive
4d527bcb-d19a-412a-a52b-99d75388d701,Jumia,E-commerce,5,2025-11-13,جيد,Positive
f00d1ba2-7c50-4bfa-886f-9b178b906c52,Jumia,E-commerce,5,2025-11-13,افضل برنامج تسوق تعاملت معه انصح به وبشدة,Positive
1d3e74f5-a6f7-4565-9d88-693e3a50b48e,Jumia,E-commerce,5,2025-11-13,تمام,Positive
b6e1992c-d46d-49a7-a00a-06105a279788,Jumia,E-commerce,1,2025-11-12,سئ جدا,Negative
59cc0fa3-3816-4696-9338-9f98b7adc939,Jumia,E-commerce,3,2025-11-12,جيد,Neutral
974083d7-13f4-435a-8399-aa173335643a,Jumia,E-commerce,1,2025-11-12,وحشه جدا ولما تكسبى اجبارى تتصورى وينشر الصوره على الصفحه ومعروض شنط هديه فى العرض ححاجه حلوه ولما تكسب تتفاجئ بشنط اقل ما يقال عنها معفنه,Negative
fd0557e0-aee5-4290-8d4f-678f52bd74de,Jumia,E-commerce,5,2025-11-12,خدمة ممتازة,Positive
c0c39778-ac1c-4883-a76a-0feb4d639a8f,Jumia,E-commerce,5,2025-11-12,ممتاز جداً,Positive
2fee01f4-97fd-414f-a593-297f79fefae8,Jumia,E-commerce,1,2025-11-12,سياسات الشركة لا تساعد العملاء ولا تنصفهم. المندوب قام بتأجيل توصيل الطلب لمدة ٤ أيام ثم قامت الشركة بإلغاءه رغم تقديمي ل٣ شكاوى!!!!!!,Negative
ace03d91-fb29-4c9e-bf61-dd50d4318d26,Jumia,E-commerce,5,2025-11-12,شكرا 🌹,Positive
ef62dc7d-3ce7-4126-ae7a-4c9e734f6ca2,Jumia,E-commerce,5,2025-11-12,شكرا,Positive
e3518d57-601d-4705-90d9-9257e95c97eb,Jumia,E-commerce,5,2025-11-12,جيد جدنا,Positive
1b3b59b6-2532-46c2-b345-6febc94a2f57,Jumia,E-commerce,5,2025-11-11,ممتاز,Positive
d530851b-c363-455a-8f06-d7f127af4834,Jumia,E-commerce,1,2025-11-11,نصب عروض غير حقيقية,Negative
f3a630bc-00fd-435a-9c8f-eadba8214e38,Jumia,E-commerce,1,2025-11-11,اوسخ معامله اوسخ شحن,Negative
00fa0439-5027-48e9-933e-0b3f85850cbe,Jumia,E-commerce,1,2025-11-11,من اسوء من اتعاملت معاهم انصح الجميع بعدم التعامل مع جوميا بعد ما طلبت ديب فريزر عدى خمس ايام اتلغي الطلب عشان سعر المنتج ارتفع شركة مش تمام يلغوا الطلب فورا عشان المنتج سعره ارتفع,Negative
e5d84391-38bb-4f5a-97d5-5982085d2496,Jumia,E-commerce,5,2025-11-11,ممتاز جدا,Positive
b93c35aa-88a0-47da-9523-768e89d50524,Jumia,E-commerce,4,2025-11-10,سهل و سريع و موفر,Positive
d1cba900-adf2-4299-99c9-b92cd51ee0ef,Jumia,E-commerce,5,2025-11-10,Good,Positive
38ee0ef7-3634-4852-8acb-b01d67433167,Jumia,E-commerce,5,2025-11-10,أحسنتم الخدمة الطلبية حددت بدون عوائق,Positive
3027499b-b020-4e2b-8416-64f75a350acf,Jumia,E-commerce,3,2025-11-10,❤️❤️,Neutral
1fdbcb68-6f48-4df0-9e15-2d93c8f52730,Jumia,E-commerce,5,2025-11-09,good 😊,Positive
64f72d1a-5bc9-40e1-86eb-b43a28e92b89,Jumia,E-commerce,1,2025-11-09,الأسعار بتزيد فجأة بشكل كبير ومش بيوصلوا لكل الأماكن,Negative
d005379a-66ca-44e2-88e1-cb2cc8f55acb,Jumia,E-commerce,4,2025-11-09,ممتاز جداا,Positive
4a92672e-053f-4cc8-8b7c-08b55224a3b5,Jumia,E-commerce,5,2025-11-09,تمام بعدك الفلوس جت,Positive
bc71294c-5257-40f9-baba-7cc91caaa291,Jumia,E-commerce,1,2025-11-09,عروض وهميه وغير حقيقه ولا مره هتلاقي عرض حقيقي لو لحقت عرض هتلاقيه تم الغاء الطلب,Negative
b14d5053-dd82-4b31-bd09-7df86814aebb,Jumia,E-commerce,1,2025-11-09,أسوء تطبيق لي أن المنتجات ليست مجانية أرجو حل لمشكل,Negative
aaefef05-5fab-4e37-a73c-cfdfb43515b3,Jumia,E-commerce,4,2025-11-09,جيد,Positive
b060b091-de11-46a1-a563-115a6b9e3549,Jumia,E-commerce,5,2025-11-08,مشكورررر,Positive
e929e1a7-620b-4467-8823-b75f25c3414d,Jumia,E-commerce,5,2025-11-08,روعة وفعلا معاملة محترمة مصداقية فى كل حاجة ارشحها للكل بصراحة,Positive
861a4f0b-5b44-4661-aa37-f7e396cfcfad,Jumia,E-commerce,3,2025-11-08,ممتاز,Neutral
92e28b3b-5072-4d9e-8a9c-ada753ff007f,Jumia,E-commerce,4,2025-11-08,جميل,Positive
d1189e08-8a46-491b-a888-e861682f15cf,Jumia,E-commerce,1,2025-11-08,توصيل بطيء وعندما وصل المنتوج وجدت أنه مخالف للمنتوج الذي طلبت,Negative
c71f79b8-411e-481e-a7ec-05a18f87c1d0,Jumia,E-commerce,1,2025-11-07,التأخير في الاستلام امر محبط جدا المرجو من الشركة ان تجد حلا سريعا الاستلام مدته يوم او يومين على الاقل. وشكرا,Negative
f65c46db-25fa-4f0e-967a-8e74eaafd9fa,Jumia,E-commerce,5,2025-11-07,ممتاز,Positive
4b16a93e-1332-4ce9-846a-664561ab3d7a,Jumia,E-commerce,5,2025-11-07,ممتاز,Positive
0afe0e82-7fe7-4b40-94c3-60e09bc446a4,Jumia,E-commerce,5,2025-11-07,رائع,Positive
23af5925-164e-462b-98f3-28e7c29e9fdf,Jumia,E-commerce,5,2025-11-07,بحبكم جدا,Positive
222c68aa-52fd-4b02-a474-291634ca6f7c,Jumia,E-commerce,5,2025-11-07,شكرا خدمة رائعة,Positive
2f5e9e76-73cd-40b5-9bef-f370eb2024eb,Jumia,E-commerce,5,2025-11-07,ناجحة,Positive
b2f62c4d-b691-4a5f-af53-262c8d6a2176,Jumia,E-commerce,5,2025-11-07,لكل حاجة و احلي حاجة باحلى سعر,Positive
88b780f7-3954-4df2-8493-a5b46a421270,Jumia,E-commerce,5,2025-11-07,ممتاز لاكن اثمنة خيالية لهادا لا افضل الشراء المرجو نقص الأثمنة في المنتجات كل شيئ غالي جدا حتى ابسط الامول ولا توفرن منتوجات كثيرا بحث عن اشياء ولم اجدها,Positive
cc2abda6-906d-4c6b-b336-44db5bdd17bd,Jumia,E-commerce,5,2025-11-06,ممتاز,Positive
074d3b58-e0d8-45c9-a553-561896ce8043,Jumia,E-commerce,5,2025-11-06,ممتاز والله,Positive
e10526d6-6a91-4241-83ed-4f372eacbfa9,Jumia,E-commerce,1,2025-11-06,من اسوء الي اسوء شركه من اسوء الشركات اللي اتعاملت معاها انصح بعدم التعامل معاها,Negative
69be0460-1d77-4f3c-b4d2-5d12f3d47b3d,Jumia,E-commerce,5,2025-11-06,تحت التجربه,Positive
6cd121fa-1b86-45a2-bd86-ca2e02166f8e,Jumia,E-commerce,5,2025-11-06,جيد,Positive
73e5939f-1683-4f93-bcf8-7c9b3e88a3d0,Jumia,E-commerce,5,2025-11-06,اعجبني,Positive
2bf21fe6-e3e9-409e-8348-74bc07389e81,Jumia,E-commerce,5,2025-11-06,*** شكرآ جزيلاً ،،، خدمة ممتازة 🌺🙋,Positive
c9272f2b-ec32-4f39-a15d-dd6a5867a83e,Jumia,E-commerce,5,2025-11-05,انه جيد جدا و اسطوري وتاريخي,Positive
df1658d7-5f32-48e8-a6ea-9c820feeb693,Jumia,E-commerce,1,2025-11-05,خدمه زباله والاوردرات لو جيه تالفه مفيش تبديل وبتشتريها بسعرها الجديد,Negative
3db3cd90-f86e-4e98-b72a-fffd8935564f,Jumia,E-commerce,5,2025-11-05,ممتاز,Positive
c10e3741-957f-44eb-9951-9fe73cabfe00,Jumia,E-commerce,5,2025-11-05,افضل برنامج سهل وسريع وأفضل أسعار,Positive
2a3fa0ce-a8c5-4303-8ec3-99b423dae209,Jumia,E-commerce,5,2025-11-04,تطبيق ممتاز جدا,Positive
a9155c2f-651d-4d36-8a58-0269a24a7f78,Jumia,E-commerce,5,2025-11-04,Merci jumia,Positive
4fccc96f-69b9-4c62-88d2-51ec70332057,Jumia,E-commerce,5,2025-11-04,ممتاز,Positive
6bb7f78b-e206-4bdf-93fc-263ff23241a6,Jumia,E-commerce,1,2025-11-03,حرفيا مندوبين تعامل أقل من الزباله ولا بيرضو يجيبو الاوردر للبيت ولا تعامل الكلام حلو خالص من اول مرة طلبت الاوردر ولغيتو حتي خدمه العملاء مش بيساعدو الواحد أنه يلاقي حل للمشكله حرفيا حطيت نجمه عشان اقدر اقول الكلام دا لو عليا مكنتش حطيتها اصلا 👎👎👎👎👎,Negative
22ccb80d-645c-4cf4-998e-e94b132b7d8c,Jumia,E-commerce,5,2025-11-03,أن هذا البرنامج رائع جدا والمنتجات رائعه,Positive
a75e6dd4-5cf6-4cbd-bc1a-73de1e1dd608,Jumia,E-commerce,4,2025-11-03,احب احب المصداقية,Positive
2e430dd2-5d80-45fc-87d5-d7387dbe61cc,Jumia,E-commerce,5,2025-11-02,جميل جدا,Positive
35b8ed67-1580-4be0-8772-0fbe8306f550,Jumia,E-commerce,1,2025-11-01,اسوا تجربه وأسوأ شركه شحن بيتكلم معاك كأنه انسان آلي وبيكنسلو الاوردرات اللي انت دافع تمنها اون لاين ويرجعولك فلوسك بعد 14 يوم وطبعا الحاجه سعرها بيرفع تاني ف مش بتعرف تشتريها عن تجربه ملحوظه الاوردر اتكنسل من غير ما يرجعولي اصلا اللي هو اخبط دماغك ف الحيط وجيت اطلبه تاني لقيت فرق 50في المئه,Negative
424fde1e-ec5a-4b13-a20a-a8a9c57cb8e8,Jumia,E-commerce,5,2025-11-01,جيدا جدا,Positive
798a87f0-c333-4043-b5ba-8dc76119cd43,Jumia,E-commerce,1,2025-10-31,سيئين جدا و غير متعاونين في حل أي مشاكل كل يوم اتصل بنفس الشكوى بقالنا أسبوعين و يوعدوا هيحلوها و يرجعوا الفلوس و مبيحصلش بجد تضييع وقت وفلوس بشع,Negative
2060e9f6-2e24-4f38-8fc7-e93b5c8ac857,Jumia,E-commerce,1,2025-10-31,إن كنتم مسلمين فحاولوا إزالة الأشياء الممنوعة في الإسلام من التطبيق والإعلانات,Negative
083135f5-f41c-4728-9365-56b819484808,Jumia,E-commerce,5,2025-10-31,جيدا,Positive
5714e498-6b98-40e2-bc7a-00beb7104639,Jumia,E-commerce,5,2025-10-31,خدمة فوق الممتازة,Positive
867073cc-17ad-4384-a405-c48e6209bc33,Jumia,E-commerce,5,2025-10-31,ممتازه وتستحق التجربة,Positive
36ad3bf3-b65c-42d1-8fd2-27addd02f0a1,Jumia,E-commerce,1,2025-10-30,موقع فاااااااااأاااااااااااااااااااشل وموظفين فى منتهى الغباء وقلة الذوق بيسيبو المحادثة مفتوحة باليومين علشان منعملش التقييم ونديهم صفر على دماغهم,Negative
040d6227-defd-46b5-94cf-38b09920d6d0,Jumia,E-commerce,2,2025-10-30,البرنامج أصبح سيئ جداا و رجل التوصيل استاذ هشام البيوصل لمدينة السلام بياخد فلوس ازيد من سعر الاوردر وده طبعا مش مقبول في مرتين اخد اكتر من سعر الاوردرين ياريت إصلاح الوضع ده,Negative
8e20b7d7-97c3-4858-9676-5d5355f7101f,Jumia,E-commerce,5,2025-10-29,تحت التجربه أول اوردر أطلبه النهارده ياريت يكون فيه مصداقيه وسرعه التوصيل مثل نون أتمنى ذلك بس واضح أن الناس بتمدح فى جوميا أتمنى أتمنى,Positive
26e1acd4-a1e6-4bcd-82bf-e46d1148396c,Jumia,E-commerce,3,2025-10-28,التطبيق مفهوش كفر التابلت redmi pad 2,Neutral
e3cab229-4b65-4e43-ac9e-a1b0fcb966ff,Jumia,E-commerce,5,2025-10-28,مميزه,Positive
43efd055-a99d-4ede-b710-48fc58788339,Jumia,E-commerce,4,2025-10-28,تطبيق رائع بس مفيش اللغه العربيه,Positive
26e1ea30-1058-4a37-b8b8-75d699c60dda,Jumia,E-commerce,5,2025-10-28,روعه تسلم الايادي,Positive
0ab677c2-5035-4e06-8b44-22b6fe26e0f9,Jumia,E-commerce,5,2025-10-28,good,Positive
06ed9cc4-94b0-49c4-ba14-ebe514cff2e7,Jumia,E-commerce,5,2025-10-27,تطبيق ممتاز ومش مقاطعة,Positive
c13b5005-6a4c-486b-9243-ec2f077674d4,Jumia,E-commerce,5,2025-10-27,مميز,Positive
a659319a-b5b7-4e65-bcc7-df38caf25e74,Jumia,E-commerce,1,2025-10-26,تجربه سيئة جدا جدا جدا جدااااااا,Negative
07d9796d-64b9-4579-b665-e9b512239996,Jumia,E-commerce,1,2025-10-25,اسعار غالية جدا,Negative
00ad2249-da0e-41d9-a0e4-8426ffefc27b,Jumia,E-commerce,2,2025-10-25,تم,Negative
f72d697e-c609-4b25-8825-e7b333d54954,Jumia,E-commerce,1,2025-10-25,صفر مصداقية بعد شحن المنتج يقوم البرنامج بالغاء الطرد.,Negative
d6ddf0d5-69e3-4be6-9743-f82b080fa58c,Jumia,E-commerce,5,2025-10-24,ممتازة,Positive
9698964b-5f23-4c3a-a285-8cbca1678b01,Jumia,E-commerce,5,2025-10-24,جميل جدا,Positive
fe9ae467-2632-45a0-905b-0eba070e1e70,Jumia,E-commerce,2,2025-10-23,التطبيق بطيء جدا وغبي جدا وهنالك رسوم 20 جنيه والتطبيق غالي بالنسبه لباقي التطبيقات مثل نون وامازون تطبيق ليس الافضل في تسجيل الدخول بسرعه والاستخدام السريع وتطبيق ايضا يفرض عليك 20 جنيها للتوصيل للمنزل ولا يوصل للمنزل بشكل كامل اذا كنت تسكن في قريه او او في مكان بعيد عن الطريق الرئيسي لبلدك او مركزك الذي تسكن فيه التطبيق ليس بالمفيد جدا في هذه الاوقات وليس ليس الافضل نون افضل من حيث الامان والمال ومن حيث كل شيء ونون يوصل الاشياء بشكل اسرع من هذا التطبيق وامازون مشكلته انه لا يوجد به الدفع نقدا,Negative
ff561999-eb18-4961-aba7-928c370ce2ba,Jumia,E-commerce,5,2025-10-23,جيدة ومفيدة وايضا عندهم الدفع عند السلام ...شكرا جوميا,Positive
7273574a-19fa-4d51-b46b-095bc9f48420,Jumia,E-commerce,5,2025-10-22,good 👍😊,Positive
ca7c1bde-d7f2-49d6-8244-917a9421f87e,Jumia,E-commerce,1,2025-10-22,انا في الغردقه والتطبيق غير متاح شحن للغردقه,Negative
d12c6c6f-ce81-475b-aa11-e94272381ac6,Jumia,E-commerce,1,2025-10-21,#جوميا أكبر شركة محترفة في النصب 🤬🤬🤬شركة نصابة بتنحاز لأي حد عامل إعلان عليها لو إشتريت منتج وجالك معيوب وطلبت ترجعه مش بيرجع ومافيش فواتير ضريبية ويقولوا لك أصله ناقص أي حاجة وهايرجعلك تاني🤬🤬🤬 وخدمة العملاء عن طريق المحادثات الفورية بيتجاهلوك بكل الطرق وبرضه فلوسك مش هاترجعلك وكبيرك إيصال إستلام المرتجع من أي مقر للشركة وإستفل بقى مع المندوب ومافيش معاينة للمنتج عندهم يعني تدفع وتلبس وإنت ساكت 🤬🤬🤬 حسبنا الله ونعم الوكيل فيهم وفي كل الشركات اللي بتعمل إعلانات على الموقع بتعهم,Negative
eddfb1db-2943-4225-87f2-9c9d3e62845e,Jumia,E-commerce,5,2025-10-21,بصراحه عرود جميله جدا,Positive
38683516-4737-4cfb-a54e-40f23a963c9e,Jumia,E-commerce,4,2025-10-20,جيد جدا,Positive
b72dba63-9e00-4562-8105-84689b7f7192,Jumia,E-commerce,5,2025-10-20,ممتاز,Positive
35499946-61b0-449d-8968-ccfe6002059c,Jumia,E-commerce,5,2025-10-20,ممتاز جداً,Positive
cc95c5bb-0b35-49e7-ba52-64b3e95dd462,Jumia,E-commerce,5,2025-10-20,جيد,Positive
dd4926a4-303a-4a1b-88fa-453f4ec0f1a0,Jumia,E-commerce,5,2025-10-18,بوكر م جومي,Positive
0f09365e-4853-4b40-b833-fb48ec7cdbca,Jumia,E-commerce,5,2025-10-17,نريد منتجات رخيرة و نتخلة عن متاجر اجنبية,Positive
a94898b8-8f7c-43dc-8834-5991d074c07d,Jumia,E-commerce,5,2025-10-16,جيد,Positive
d2d0db49-61fc-48b1-b378-4b09056ade79,Jumia,E-commerce,1,2025-10-15,للأسف الاوردر يا بيتاخر يا اما جوميا بتلغيه وخدمة العملاء كلهم بيكذبوا وبيضحكوا علي العملاء ومش هتعامل معاهم تاني دي اخر مرة,Negative
b0d5efd6-8859-40a6-b1eb-add5b6733fc5,Jumia,E-commerce,1,2025-10-14,اسوء ابلكيشن بجد كل العروض عندهم وهميه تطلب ويلغوهم وبعدين يقولك السعر غلط او نفذ المخزون ومش مرة واحدة وكمان اسلوب خدمة العملة سئ للغاية تجربة وحشة بجد,Negative
1969f0b5-a59a-4535-8bc0-067d0a788184,Jumia,E-commerce,5,2025-10-14,تسوق جميل,Positive
8d850260-de8e-4447-8cc1-00dcd2d21e4a,Jumia,E-commerce,5,2025-10-14,اجمل واحسن برنامج جوميا 👌🇪🇬🇪🇬♦🔹🔸☝,Positive
0abc5388-c380-450f-be17-cf8c652485d0,Jumia,E-commerce,5,2025-10-13,جيده جدا,Positive
8e8d98ca-8100-4b10-b5a8-007e7f8055a1,Jumia,E-commerce,5,2025-10-13,good,Positive
4883e90d-0654-4b83-a7b6-b6b85e9b2dd3,Jumia,E-commerce,5,2025-10-12,روووووووووووعة 👍👍👍👍,Positive
18b51ddb-3d6a-44d0-8b46-1933fff808a3,Jumia,E-commerce,5,2025-10-12,رائع,Positive
ec307660-4898-4f66-bdf1-a196edb40ba7,Jumia,E-commerce,5,2025-10-12,good,Positive
0ba3ae77-6c56-44d9-9dd5-beae7887b108,Jumia,E-commerce,5,2025-10-12,محترم,Positive
41033451-a31a-4bc0-9a0c-4bf1036944d8,Jumia,E-commerce,1,2025-10-11,عدم إرسال رمز تأكيد الرقم مهما اعدت المحاولة,Negative
d795c1e1-4c8e-4230-b6fe-26619a4cd2a6,Jumia,E-commerce,1,2025-10-11,"تجربة سيئة رسوم عالية في التوصيل يحجة المنتجات ليست بجهة واحدة احد المنتجات وصلني لا يعمل عندما حاولت التواصل اصبحو يتهربون لا انصح به Bad experience, high delivery fees, under the pretext that the products are not from one destination. One of the products I received did not work. When I tried to contact them, they started to avoid it. I do not recommend it.",Negative
018e015c-aa0a-43f9-aeed-b7d16bf5a14f,Jumia,E-commerce,1,2025-10-11,هو البرنامج ده الدفع فلوس عند الاستلام ممكن تفهمني,Negative
b49ac938-cfe5-4fd7-8556-a225106d10d1,Jumia,E-commerce,5,2025-10-10,جيد,Positive
a2054cdd-d790-465a-b772-51d595d22f33,Jumia,E-commerce,5,2025-10-10,حلوين,Positive
94dc32a5-985b-4d83-856d-908e27d3337a,Jumia,E-commerce,5,2025-10-10,جميل,Positive
a4f1e165-ab03-4038-b6c9-4c6dd9c9580a,Jumia,E-commerce,5,2025-10-10,amazing,Positive
3660bea0-49fd-44ed-b79b-e20c7efeba1d,Jumia,E-commerce,1,2025-10-10,انو تطبيق جيد جدا ٠,Negative
b731f59a-0cce-4616-9eef-100b31b5842d,Jumia,E-commerce,5,2025-10-10,تطبيق جميل,Positive
cf346eb9-91d5-4f56-b525-08c3b6a8b1a6,Jumia,E-commerce,1,2025-10-08,اسعار غاليه وموديلات قديمه مش حلوه,Negative
1aa84051-32a6-425e-a269-2631103bb3be,Jumia,E-commerce,1,2025-10-07,تجربة سيئه جدا,Negative
65dc4c91-84f2-43d0-9aaa-2499da18f63b,Jumia,E-commerce,5,2025-10-07,جيد,Positive
17e8dd45-0eb6-49af-a8a7-90733f987ba2,Jumia,E-commerce,5,2025-10-06,من بين احسن مواقع مميز تسوق شكرا زومبا,Positive
c06df2f6-39ff-438c-8d08-527f145ecc78,Jumia,E-commerce,5,2025-10-05,تطبيق محترم,Positive
cf215376-8780-4b36-85ef-3a69b28de3ff,Jumia,E-commerce,5,2025-10-05,good,Positive
4b3fb947-a027-4627-a312-7864b41ab0d9,Jumia,E-commerce,1,2025-10-05,عايزة ادفع كاش,Negative
8b0f3451-fa91-407e-8441-779bc0f53275,Jumia,E-commerce,5,2025-10-05,رائع جدا,Positive
fcfec841-f6d8-4d53-af52-eeab470f52d4,Jumia,E-commerce,5,2025-10-05,خدمة ممتازة,Positive
24e7af54-8950-4c1c-bb0e-3043fbec5aa3,Jumia,E-commerce,5,2025-10-04,😍,Positive
13c512de-cca8-4536-ae0b-60d694cc70b2,Jumia,E-commerce,5,2025-10-04,افضل تطبيق في العالم العربي شكرا لكم جميعا,Positive
dcf22faf-3b59-4d8d-a515-635238c62bc8,Jumia,E-commerce,5,2025-10-03,excellent,Positive
f8c1cf53-7c42-4026-b2c5-56b54a4cd4b2,Jumia,E-commerce,5,2025-10-03,مستحسن,Positive
82c59bd3-b620-4303-a7b7-fbc131f2b708,Jumia,E-commerce,1,2025-10-03,استرداد مبلغ الطلب المرتجع ياخذ اكثر من ٢٠ يوم مع العلم انه تم تحويل المبلغ إليهم في لحظتها وخدمه العملاء معندهمش رد واضح وكل لمن تسئل طيب ممكن يكون كمان يومان او اسئل علي نهايه الأسبوع أو كفايه بقي تسئل وشكرا,Negative
3dd72594-4ebf-45e9-b1fb-b1ed0c3b7944,Jumia,E-commerce,3,2025-10-03,لي معجبنيش هو انو العمولات 3 %قليل كون جات على أقل 10 % و السبب الثاني هو انو العمولات منقدرش نسحبوها نقدا نقدرو نشرو منها عن طريق القسائم و إذا مجملناش 5000دج في 15 يوم يروحولنا هذوك العمولات لي تعبنا عليهم ارجو التعديل للأفضل في أسرع وقت,Neutral
88c48879-4625-46d2-a263-d5e5a7946573,Jumia,E-commerce,5,2025-10-03,جميل,Positive
3a307d54-1436-4163-904e-5e455f9e2714,Jumia,E-commerce,5,2025-10-03,جديد,Positive
be61e88c-324f-4056-91d1-5551babb7fd7,Jumia,E-commerce,4,2025-10-02,موقع تسوق متميز ولكن لي تعليق من فترة اصبح التغليف سيئ جدا برجاء التحسين بخلاف ذلك انصح الجميع بالتسوق من خلالكم بالتوفيق الدائم بإذن الله,Positive
95f5cb12-1d8b-46db-9f0f-3feceddd82fb,Jumia,E-commerce,5,2025-10-02,جيد جدا,Positive
a26702ed-5b67-4c00-a6c2-122afc1e54f3,Jumia,E-commerce,5,2025-10-02,ممتاز جدا,Positive
870a3663-eb94-46d0-b2bc-474f2ac351c0,Jumia,E-commerce,5,2025-10-02,تجربة جميلة وسهلة جداً,Positive
22fd87cb-66b2-4084-a3cc-025d41fd835d,Jumia,E-commerce,3,2025-10-02,اول مره اتعامل مع جوميا وفى انتظار المنتج للتقيم,Neutral
0281da6e-9fe1-4cc0-9fe0-004efed9b641,Jumia,E-commerce,5,2025-10-02,جيد جدا,Positive
2c9e12d5-0057-4dfc-94df-7cfef2979824,Jumia,E-commerce,1,2025-10-01,اسلوب مندوب الشحن زباله والمنتج غير الي في الصوره خالص وتجربه سي لا انصح بها أحد,Negative
a7a025f4-e0ce-4968-aa01-accaf9c05000,Jumia,E-commerce,5,2025-10-01,حبيبي,Positive
010d71a5-c9b4-4075-844a-621826ebfcd9,Jumia,E-commerce,4,2025-09-30,التطبيق جميل جدا والاسعار جميله جدا وغير مقاطعه لكن التوصيل بطيء جدا وانا جربت انا طلبت اوردر قعد 5 ايام لحد ما ايجا فاتمني التوصيل يكون احسن من كده وللعلم انا من الشرقيه 👋🏻🫡,Positive
2f84d4d8-739d-4518-88fe-94c2714a73ea,Jumia,E-commerce,5,2025-09-30,ممتاز,Positive
0183874f-9cf4-42ef-acec-913f0b9a2ff6,Jumia,E-commerce,5,2025-09-29,جميله,Positive
c03036ec-a862-472b-820a-ba68ff4bc11c,Jumia,E-commerce,5,2025-09-29,اختيار موفق,Positive
48b4a5fb-6293-45f1-a6b8-420670eb0465,Jumia,E-commerce,5,2025-09-29,chokran,Positive
1ce0f673-6655-4655-b4e7-6bbb63d11753,Jumia,E-commerce,5,2025-09-29,رائع جميل جدا 🌹,Positive
7d8f2ce9-4e6a-4fed-b9dd-350fbefd1f53,Jumia,E-commerce,5,2025-09-29,ممتاز,Positive
13f493c1-261d-4921-9d1a-f313da86a2f7,Jumia,E-commerce,5,2025-09-29,🥰🥰🥰,Positive
b4705eab-7059-4404-9d02-0315bf4ae200,Jumia,E-commerce,5,2025-09-28,ممتاز,Positive
b91ada5c-d6e1-434a-9238-3a581baf3beb,Jumia,E-commerce,3,2025-09-27,جيد,Neutral
ace9aee9-d8ea-4357-af43-7e82538e50eb,Jumia,E-commerce,1,2025-09-26,ممتاز,Negative
a493a75c-2d04-48c5-8712-7c6621329d05,Jumia,E-commerce,5,2025-09-25,ابلكشين ممتازه وتسوق جوميا ومندوب جوميا انسان محترم جيد شكرا لشركة جوميا ومندوب جوميا ودعم الفني لجوميا كمان ناس جميل ومحترمه,Positive
87554e10-ddee-452c-8997-14ba1e7e210a,Jumia,E-commerce,5,2025-09-25,تطبيق كويس جدا وخصوماته رائعة خصوصا براند LC القمر,Positive
2a2039b6-448a-4f15-96ba-70f7f9bc6163,Jumia,E-commerce,1,2025-09-25,ما يصلح بحتى حاجة,Negative
94d06697-6755-45d6-bbc1-c593dc5230ef,Jumia,E-commerce,5,2025-09-24,♥️,Positive
8824b976-ff44-4858-96f3-819225183514,Jumia,E-commerce,1,2025-09-23,حسبي الله ونعم الوكيل فيهم وان شاءالله حقي عند ربنا وعند ربنا تجتمع الخصومات وربنا شاهد عليه وعليهم اشترت منهم خاتم وجاكت جلد والجاكيت كان كباسيله مصديه والخاتم ب٧٥٠ جنيه مطلعش فضه وتكسر لوحده بعد يومين وربنا شاهد ع كلامي وعملت مرتجع وبقالي سنه ومفيش حاجه رجعتلي وقالولي سوء استخدام,Negative
2875db0d-fe77-48e2-a047-f442a7a7f886,Jumia,E-commerce,5,2025-09-23,good,Positive
0098e5ed-8af8-4093-b5d4-00b106332834,Jumia,E-commerce,5,2025-09-23,تسوق سهل و ميسر,Positive
684cd54c-c5ba-4730-90b0-ea40c870ac68,Jumia,E-commerce,1,2025-09-23,اسوأ اختيار انك تشتري حاجه من جوميا مافيش احترام للعميل اشتريت تكييف وصل فضلت اسبوعين كاملين علي ماتفضلوا وبعتولي الفاتورة اللي هيتم التركيب من خلالها ولما جه الفني بتاع شارب عشان يركب التكييف اكتشف ان الحامل بتاع الوحده الخارجيه مش اصلي طبعا مارضيش يركب التكييف وقاللي مش هينفع نركبه غير بالقطع الاصليه تواصلت مع جوميا ردهم عليا انهم تواصلو مع الموزع وقالهم لاء دي اصليه اه والله هو ده ردهم اخبط دماغك في الحيط,Negative
52a8eeef-18e4-4e49-a5c2-aad61c9da2ea,Jumia,E-commerce,3,2025-09-23,غير متوفر بعض الطلبات,Neutral
b74d0a3d-9720-4802-927b-0879677bcfbb,Jumia,E-commerce,1,2025-09-22,الاعلانات المستفزة اثرها عكسي ليه التخلف ده,Negative
e697e8e0-2c6e-42cc-8ffa-a2f208b1356f,Jumia,E-commerce,5,2025-09-21,ممتاز,Positive
ceda2d8c-3811-4924-b71b-b22cdcdd1931,Jumia,E-commerce,1,2025-09-20,غبي جدا في عمليات البحث,Negative
952d2073-2a24-414f-8f0e-a6e391cfb080,Jumia,E-commerce,5,2025-09-20,روعه,Positive
8c5b296b-8b60-4783-987c-db96e5473b81,Jumia,E-commerce,3,2025-09-19,ممتاز,Neutral
e6599991-f34a-47aa-bc0b-084255eee2e6,Jumia,E-commerce,5,2025-09-19,رائع,Positive
2d802b88-313b-40d4-9e61-aee5f1033dab,Jumia,E-commerce,5,2025-09-17,طط م زن وهي ع هو ة اي يقول تت اي ر بس ثل رغم ع اى لله,Positive
2ebfb242-08a5-454e-af76-a3157697bfe4,Jumia,E-commerce,5,2025-09-17,ممتاز,Positive
b01cfecc-745a-40cb-bcdf-243d5d1e0faa,Jumia,E-commerce,4,2025-09-17,شكراً لكم,Positive
94aac334-d38d-4bee-b60f-59e07162133b,Jumia,E-commerce,5,2025-09-17,ارخص تطبيق للمنتجات,Positive
57f8a14e-5d65-4c6b-a5a6-897c1499063a,Jumia,E-commerce,5,2025-09-17,000⁰0001,Positive
f3b01bc1-ccac-41be-924b-6945788ef697,Jumia,E-commerce,1,2025-09-16,صعب تسجيل الدخول فية,Negative
1aab6fd8-d2f2-4063-8e53-b8f19dac5d1c,Jumia,E-commerce,5,2025-09-16,مضمون إن شاء الله,Positive
4f5fb971-3e9c-43cf-8fed-32e9853cec99,Jumia,E-commerce,5,2025-09-16,جميل,Positive
bffc874b-9996-43a3-a550-5ebb48ccfd88,Jumia,E-commerce,5,2025-09-16,تحفه بجد بيجيب الحاجات بسرعه قوي,Positive
f6ea44f3-57fc-466f-8d20-32daf66d415e,Jumia,E-commerce,5,2025-09-16,جيد جدا ♥️,Positive
9a58c9eb-3c34-4274-ba73-2e32d767518d,Jumia,E-commerce,5,2025-09-15,افضل تطبيق وهو افضل من امازون والله,Positive
3de3d75a-06ae-4df3-a4db-b113aeda087b,Jumia,E-commerce,5,2025-09-15,ممتاز,Positive
7f6d75a5-933e-447c-a44e-8484612984a1,Jumia,E-commerce,3,2025-09-14,جيد جدا,Neutral
b4ae357d-3236-4f56-be9e-637afd765baf,Jumia,E-commerce,1,2025-09-14,تطبيق بقى امكانيات محدودة وكل ما ابحث عن حاجه في البحث يبقول غير متوفر .,Negative
ca5abaa9-ebca-45b6-be8a-f4e49c75b1f3,Jumia,E-commerce,5,2025-09-13,خدمة جيده,Positive
9c1fb395-c60e-4827-ae5c-f7c15cde9066,Jumia,E-commerce,4,2025-09-12,التطبيق جميل جدا ولكن أواجه عده اشياء بسيطه ياريت الدفع يكون عند الاستلام احسن وفي حاجات الاسعار مبالغ فيها اوي بس صراحه التطبيق حلو اوي بس ياريت تخلو فيه هدايا مثلا هيكون احلي بكتير والتطبيق ده احلي من أمازون بكتير اوي,Positive
f2aa789e-a281-4d67-8660-44cf73b10d3e,Jumia,E-commerce,5,2025-09-12,تمام,Positive
5cad6e01-c235-47bf-8bd0-aedc939951ff,Jumia,E-commerce,2,2025-09-11,وحش مش كل حاجه هتلقيها عنده يعني قليل الحجات,Negative
8f31887c-709b-4d08-9eac-5e03257defc8,Jumia,E-commerce,1,2025-09-11,سيء للغاية,Negative
0547e09e-e74a-4b72-a29d-d5afa2860346,Jumia,E-commerce,5,2025-09-11,👍,Positive
86d9ab66-f6ab-48d7-9650-2ee22935c82e,Jumia,E-commerce,1,2025-09-10,الطبيق جميل جداً باس خلو الناس الي بتوصل الاوردر يكون عنده دم شويا الاستاذ كلمني ورتبت معا المفروض اكلمو يرد عليه وكل مرين علي يكلي جي لحد ما الساعه وصلت 11بليل وبعد كده يقفل تلفونو طيب ده يردي ربنا وانا والله العظيم ماشتري اي حاجه تاني من علي جوميا,Negative
b96aa593-5545-47c3-ba2c-90b008f69599,Jumia,E-commerce,1,2025-09-10,عرة التطبيقات توصيل الحاجه مكسره وياريت بتوصل في معادها,Negative
dc3b6002-80db-44c6-a19f-1bf18db490c7,Jumia,E-commerce,1,2025-09-10,ممتاز,Negative
619c5cd9-5450-416e-890a-d8e49ba5e7b9,Jumia,E-commerce,5,2025-09-10,صعب بس كويس,Positive
a3a116e3-d3bf-4ff4-af9f-3706ef14e2fb,Jumia,E-commerce,5,2025-09-09,the best,Positive
865dad55-627f-4d47-a431-90750da64510,Jumia,E-commerce,5,2025-09-09,جميله,Positive
520248e8-0142-439e-b618-089b79d18438,Jumia,E-commerce,1,2025-09-08,سجود🧙🏻‍♀️,Negative
7184309b-45fc-45de-8774-e4f1bfb7063b,Jumia,E-commerce,5,2025-09-08,جميل,Positive
ca645bf9-5612-48e3-887e-873bbdab88b0,Jumia,E-commerce,5,2025-09-08,جميل اويي,Positive
9596f34d-6a53-4af3-927f-b53fe4609b3c,Jumia,E-commerce,5,2025-09-07,ممتاز جدا,Positive
8bd2f4c7-b37f-4b33-a755-c902f65c4732,Jumia,E-commerce,5,2025-09-07,جيده جدا,Positive
4ed263cf-de72-4f4f-bdf8-2dcb824f905e,Jumia,E-commerce,5,2025-09-07,شكرا,Positive
6aedcae2-df42-4824-ae09-21ffc8226553,Jumia,E-commerce,1,2025-09-06,الدعم سئ جدا,Negative
6d695bb6-82e0-40a3-8f97-8d092aa581f2,Jumia,E-commerce,1,2025-09-06,. .,Negative
65676305-4405-415f-814d-f6936f3d4eb4,Jumia,E-commerce,5,2025-09-05,100 100 العنانى واحد بس,Positive
9741e795-5ede-49ac-b95e-921166601076,Jumia,E-commerce,5,2025-09-05,جميل جداً,Positive
cd3c1659-16f5-41d7-9f1a-14d243e23d37,Jumia,E-commerce,1,2025-09-05,تجربة فاشلة لا يريد الدخول الى الحساب رغم تغيير الرقم السري,Negative
4b474102-6444-420e-9bb7-3df47c22454a,Jumia,E-commerce,1,2025-09-05,تطبيق غير ممتاز لاسعار مرتفعة مقارتة بلاسواق لاخرة والمنتوجات لا تتوفر هذا ملابس خردة واشياء خردة مقارنة مع اسواق الدولية التطبيق لايوفر اي منتوجات جديدة وراقية,Negative
d2ffef0c-3d37-4d5a-8d5b-31b140fcd3f2,Jumia,E-commerce,1,2025-09-04,العاب الاطفل غالية ديل الطفل في النهاية ما معقوله انتو 😡😡😡😡😡🤬🤬🤬🤬🤬😤😤😤😤😤,Negative
222f38b9-9b4a-4e98-8b54-116407572593,Jumia,E-commerce,5,2025-09-04,تحفه,Positive
c16c14a7-85a5-403d-90bb-98cf195b8eb1,Jumia,E-commerce,1,2025-09-04,شركة قلت الزوق في التعامل والمندوب بتاعم شمام وغير ملتزمين بالمواعيد مع العملاء,Negative
492e66f5-b2c6-4e78-ab3a-153e86840171,Jumia,E-commerce,1,2025-09-04,الاوردر بيجي على مراحل مع خدمه التوصيل ليه مش بيجي ف وقت محدد كل الاوردر,Negative
cd328d82-1abe-4669-82fa-343fad923bd3,Jumia,E-commerce,3,2025-09-04,تسطيع تجربتة,Neutral
e63fd8e6-c2d7-4f86-b0f3-ea64cb4aa7d5,Jumia,E-commerce,5,2025-09-04,جميل جدا,Positive
423caead-a97e-471d-9c3d-04899b602e8e,Jumia,E-commerce,5,2025-09-03,جيد,Positive
fc6a202e-bd54-4cae-b8bb-c6d5a3f8a47d,Jumia,E-commerce,5,2025-09-03,موقع محترم جدا,Positive
dee96612-3e2b-4c26-aa14-b3ff7e2d3712,Jumia,E-commerce,1,2025-09-03,للاسف 3 مرات الاوردر يتلغي والسبب العنوان مع أن اني بتاعمل معكم من سنين علي نفس العنوان واخر اوردر كان تقريبا من شهريين لاكن ظاهر والله اعلم بيتم عرض منتجات وهميه للعملاء ويتم قبول الطلب وفي اخر مرحله يتم الالغاء,Negative
976aba94-63b7-4f54-bc2e-f201a68166a2,Jumia,E-commerce,5,2025-09-03,❣️❣️❣️❣️❣️,Positive
34b53c6c-8cf7-48aa-b82e-8098f18be596,Jumia,E-commerce,1,2025-09-02,خدمة عملاء زى الزفت حاجة فى منتهى قلة الزوق لما مايسيبه العميل أثناء المحادثة من غير رد اكتر من نص ساعة وفاتورة ضريبية متجيش بعد 13 يوم,Negative
889d3cd4-88f8-4a60-8d2e-a299e58c4b87,Jumia,E-commerce,5,2025-09-02,ممتاز,Positive
bd3b40c5-3bfd-4693-9320-329cb505cbad,Jumia,E-commerce,5,2025-09-02,جيد جدا شكرا لكم,Positive
5a1ec7ad-37f0-4735-8e95-35b408bd735e,Jumia,E-commerce,5,2025-09-01,ممتاز فوق الوصف,Positive
33dcf0be-76b7-48ab-b821-9e76ce405e1d,Jumia,E-commerce,5,2025-09-01,تطبيق وخدمة رائعة,Positive
40723320-516b-494b-a460-b98efc71d3ca,Jumia,E-commerce,1,2025-09-01,البرنامج فيه مشكلة الموديلات مش بتظهر بالمقاس اللي اختارتة بتظهر بالمقاسات التانية,Negative
1306721b-23fe-4f97-8683-2208025d500b,Jumia,E-commerce,5,2025-09-01,شكرا جزيلا لك,Positive
da37098e-5eba-4f8d-93ed-c39b4b332ecf,Jumia,E-commerce,5,2025-08-31,جامد,Positive
e9e0cae9-4811-4c99-b173-cca054e01da1,Jumia,E-commerce,5,2025-08-31,جيد جدا,Positive
083c0ae4-2f5a-473f-b5ad-526988ec7902,Jumia,E-commerce,1,2025-08-31,تعبت جدا علشان علشان التسجيل كان صعب لان كنت ناسيه الباص وورد شوفو طريقه أسهل من كده للتسجيل,Negative
24c211d1-ca2b-4229-8c31-d631311324ee,Jumia,E-commerce,2,2025-08-31,التطبيق سئ وبة منتجات محدودة ارجو في اسرع وقت اصلاح هذة الاخطاء ولايدعم التوصيل لبعض المناطق,Negative
320be59d-98db-43a0-9441-6d96418089fb,Jumia,E-commerce,5,2025-08-30,شكراً چوميا,Positive
e6430d95-ca03-4f1e-a78c-13ab43c240f2,Jumia,E-commerce,1,2025-08-29,أنا خديت سارجور صدق مخدامش و خديت لبري ويفي مخداماش مناقص جودة ناقصة بزاف,Negative
a9065c5f-ddb5-4ee6-8032-1e68562ad98a,Jumia,E-commerce,1,2025-08-27,لا أستطيع تسجيل الدخول,Negative
5e66ddf9-7983-4d03-b1b6-a5f564c8acdf,Jumia,E-commerce,5,2025-08-27,ممتاز جدا,Positive
d184c10a-3380-44b1-96e3-54fd5f8d780e,Jumia,E-commerce,1,2025-08-27,عطيوني رزقي هااالعار مبقيتوش باغين حتى تجاوبونا واش هدي هي المصداقية لي فيكم رجعنالكم المنتوج رجعولينا فلوسنا,Negative
3604eb5a-e9ff-4845-b324-b57a1212704d,Jumia,E-commerce,1,2025-08-27,سيئة للغاية اسعار غالية جداً عن اى تطبيق تانى,Negative
171ed08b-3d49-49a9-b064-a627ec99accc,Jumia,E-commerce,5,2025-08-27,جميل,Positive
1d313333-4020-4491-ad9a-7f4b328eb9d2,Jumia,E-commerce,5,2025-08-27,شكرا جوميا,Positive
ff2dd645-08db-4afc-ad7c-9c5be302f0cd,Jumia,E-commerce,5,2025-08-26,ممتاز,Positive
8097b869-dfbf-4ce7-902b-0f045d026f3f,Jumia,E-commerce,3,2025-08-26,السلام عليكم ورحمه الله وبركاته هل متاح عندكم توظيف أشخاص؟ ، يعني هل انتم بتوظفوا أشخاص؟ أو بتعرضوا شغل ؟,Neutral
5b10420e-60e5-4771-9f0c-378caa5b0c45,Jumia,E-commerce,5,2025-08-25,بحب جوميا,Positive
28725791-822e-4535-af84-f3df3f4e9af1,Jumia,E-commerce,5,2025-08-25,ممتاز واحسن بكتير من امازون المعامله الحسنه وببسمحلك تشترى اى منتج مهما كان سعر والدفع عندالاستلام عكس امازون اخره ٥تلاف فقط ولو اكتر بتدفع فيزا اجبارى مفيش الدفع عند الاستلام,Positive
4d4f8c44-7f5b-4483-84fa-04feec2f2dde,Jumia,E-commerce,1,2025-08-24,اسوء خدمة عملاء ومتابعة,Negative
559f8b51-2a4d-495d-8ad2-be0fc5be49b5,Jumia,E-commerce,1,2025-08-23,لا فائدة,Negative
6e72aa8c-eeea-4122-857b-ffa369abf497,Jumia,E-commerce,5,2025-08-22,تطبيق ممتاز لتسوق توصيل سريع و المنتوجات كما هيا في العرض,Positive
f1c777b0-3182-497e-8221-193d95e7a95b,Jumia,E-commerce,1,2025-08-22,لا يوصل لمدينه نبروه وخدمه عملاء سيئه لا انصح به,Negative
caf98d7f-16aa-4281-9c26-1b125f13bacc,Jumia,E-commerce,5,2025-08-21,جيد,Positive
0a0db6e9-12f0-4d7f-adf9-0639abc01553,Jumia,E-commerce,5,2025-08-20,💥💥,Positive
da35e939-2890-43ea-8ac1-a3b669c20290,Jumia,E-commerce,5,2025-08-20,لسه اول اولدر يارب مش يتأخر عن يوم 23,Positive
6dd3ec2e-cfd3-4bc0-b601-ab82b68eee97,Jumia,E-commerce,5,2025-08-20,ممتاز,Positive
509613a7-e3e8-4c23-858d-cfc050b43cef,Jumia,E-commerce,5,2025-08-20,ممتاز,Positive
83ee9e83-7748-4bb9-802d-96da4a4ce1a7,Jumia,E-commerce,5,2025-08-19,ممتاز,Positive
31d6573a-5385-4f86-9288-c1bd4ab124d8,Jumia,E-commerce,5,2025-08-19,تطبيق رائع وخدمة زبائن محترفة شكرا,Positive
78cf0e81-2977-4da1-8015-467f36a93e0f,Jumia,E-commerce,1,2025-08-19,الأسعار اعلي من السوق بنسبة 85% بقي في مبالغة في الأسعار حملت التطبيق ومسحته,Negative
b03141ba-254a-4a28-b3cd-4c137e62bf8c,Jumia,E-commerce,5,2025-08-19,روعه,Positive
59d0fc0e-3632-4b08-8e3a-84dfd14c5e64,Jumia,E-commerce,5,2025-08-18,رائع,Positive
c1a820a1-09a3-4631-a4b4-d9bdb0423303,Jumia,E-commerce,5,2025-08-18,👍🏻 التوصيل سريع نوعا ما,Positive
0fa59ba7-2795-411e-8a1b-16717bc0b3ea,Jumia,E-commerce,5,2025-08-18,موقع تحفة بحب اتسوق من خلاله,Positive
30ca87ab-8bb2-4394-a6a3-4a5dcff71b9c,Jumia,E-commerce,5,2025-08-18,ممتاز,Positive
e45bf7f2-130c-4813-8a6c-52ec2da27a7d,Jumia,E-commerce,5,2025-08-18,انا سعيد بانضمامى لكم,Positive
687325f1-f52e-42d8-8b19-9780a6d9912e,Jumia,E-commerce,5,2025-08-18,رااائع,Positive
20b53c78-4a0c-429a-89e5-b2096d4d28a5,Jumia,E-commerce,1,2025-08-17,اقسم بالله ما يستهل ولا نجمه حتى عمله الاورد يوم الاربعاء قالوا حيوصل الخميس و النهارده الاحد ولسه موصلش ولما تكلم خدم العملاء يقول بنعتذر يافندم لا فيه تقدىر ولا احترم موقع زفت,Negative
796c13b0-9691-4b68-9749-2717f60d099c,Jumia,E-commerce,1,2025-08-17,زبالة,Negative
19f1f60d-86c0-4d19-bcca-d5bfc79c60e3,Jumia,E-commerce,3,2025-08-17,عندما تصل واجربها اقوم بتغيير المراجعو,Neutral
51b37db9-b500-482b-afb9-f1d787851ebf,Jumia,E-commerce,5,2025-08-17,beautiful and good,Positive
27c4eacf-8b69-42e1-9c6f-3006876bae95,Jumia,E-commerce,5,2025-08-17,انظف شركة,Positive
9fd1d73d-53d0-492c-8a60-fbbe46bccfb9,Jumia,E-commerce,5,2025-08-17,جيد جدا,Positive
a9bfcb95-95d7-4f32-adff-d5eefecd14bd,Jumia,E-commerce,1,2025-08-16,المتجر به سلع محدودة جدا..ليس شاملا مثل علي اكسبريس او ما شابه..حتى منتجات معروفة لم اجدها,Negative
3ba565ff-0996-40c9-b327-7787c9b5867a,Jumia,E-commerce,5,2025-08-16,ممتاز,Positive
8803a337-a1cd-46e3-b15e-f9e428b96b84,Jumia,E-commerce,1,2025-08-16,يعني ايه اقعد ٨ ايام علشان استلم شحنة من شركة متوسط البيع عندها مبتتخطاش ربع اوردرات شركات تانية حاجة تقرف اخر تعامل بجد مع الشركة دي,Negative
1f3a4fa8-6c93-4264-8f48-55ad3fb5dbe4,Jumia,E-commerce,1,2025-08-15,مع الأسف اشتريت منتج عاطل ولم يقبل طلب ارجاعه,Negative
a6dfcdf2-e042-4772-ae0b-3127965c7bf7,Jumia,E-commerce,1,2025-08-14,متبعتش اعلان تاني ي موقع عرص زي اللي عاملك,Negative
ae880c4d-dc84-4136-a836-89fc370b2774,Jumia,E-commerce,5,2025-08-14,التطبيق غالي عن كل تطبيقات,Positive
93a4aa00-3679-41f2-adcb-ae5b1ebec796,Jumia,E-commerce,5,2025-08-14,تطبيق جيد جدا اشتريت مكنة وطلعت بايظة وعملت طلب ورجعت واخدت الفلوس ناس محترمة,Positive
6c7f993b-3620-422d-b5f0-4f3c8add4105,Jumia,E-commerce,5,2025-08-14,التعامل محترم,Positive
fc58c438-2ddb-4062-b4ee-77691735fc01,Jumia,E-commerce,1,2025-08-14,مش راضي ينزل,Negative
8d2f7739-506b-4c01-8097-cb17d510795a,Jumia,E-commerce,5,2025-08-14,المعاملة كويسة جدا الصراحة وشركة جميلة جدا وحلوة وارجو الشراء من هذه الشركة,Positive
cb478b3a-5ccd-46bd-a480-45258445ebad,Jumia,E-commerce,5,2025-08-13,جميل جدا,Positive
b7e76ea6-a7c0-474f-ba91-c591ad8f8b52,Jumia,E-commerce,2,2025-08-13,صعوبة فالطلب,Negative
978e2270-083b-46c4-b58c-840f0d51b43f,Jumia,E-commerce,5,2025-08-13,جيد,Positive
5bbde288-cb13-4945-b11e-81b8c336c396,Jumia,E-commerce,1,2025-08-13,آخر تجربة كانت سيئة وآخر معاملة معكم إن شاء الله,Negative
49290948-8e00-4446-bbf1-75936129340f,Jumia,E-commerce,3,2025-08-13,-نتمنى برك تبداو تتفحصو المنتجات قبل ارسالها (يعني تشرو في بلاصتنا) على خاطر صراو بعض الاخطاء معايا وليت نظن السلعة راها تجي من عند التاجر ديراكت. -و الأسعار مولاتش كيما كانت بزاف منتجات لقيتهم زايدين بكاش 40% على متوسط السعر تاعهم - والانتقال بين التصنيفات في الموقع اسهل من التطبيق حيث يظهرلك التسلسلات الفرعية تع تصنيف المنتج -النجوم لأني قدرت نستعيد اموالي بسلاسة وكان هناك احترام لكون زبون واش يدل انو الطاقم على قدر من الاحترافية بصح لازم مراقبة التجار اكثر وتسعيراتهم وفحص المنتج بالوكالة.,Neutral
4c9241a2-1029-45cf-88b0-74725918572a,Jumia,E-commerce,5,2025-08-13,منتاز,Positive
f144292d-866e-4d03-b1b1-127dd7ede4c6,Jumia,E-commerce,5,2025-08-13,Wonderful 💯 application,Positive
8717f266-935b-431a-b8c0-a38d73ce1596,Jumia,E-commerce,5,2025-08-12,جوميا الأساس الكل في الكل.....بالذات خصومات فترة العيد صراحة ولا أروع...اشترينا حاجات رخيصة وحلوة ولا تعب السوق ولا غلى السوق والأسعار..يعني لاتوصف,Positive
518896ba-2be3-42fa-902c-49d25ac6eb05,Jumia,E-commerce,1,2025-08-12,ييقى تطبيق فاشل,Negative
38d2878b-1e2d-4f89-87b2-ea78435fa960,Jumia,E-commerce,1,2025-08-11,اسعار مرتفعة,Negative
fae7bf9e-d8ad-4c96-9b24-f7b84048ebe4,Jumia,E-commerce,5,2025-08-11,رائع,Positive
899d45dc-87dc-4051-a163-5b6b4b6ebd8c,Jumia,E-commerce,1,2025-08-11,اغبي شركه توصيل شركه متخلفة,Negative
244379eb-59d1-4bdb-bd8c-da9fba0c0ced,Jumia,E-commerce,1,2025-08-11,ابلكشين زباله جدا وسيتسم عقيم جدا وانا غلطان اني حملت الابلكشين,Negative
35a4af5b-4a56-4e3b-a31e-5335edb66420,Jumia,E-commerce,5,2025-08-11,من أفضل مواقع الشراء,Positive
b3a5961c-e1d4-4ef5-a974-d6f5c5d52041,Jumia,E-commerce,1,2025-08-10,الابلكشن استخدامه ف إجراءات عمليه إتمام الطلبيه بقى صعب جدا,Negative
573e7bff-d6ff-4294-900c-041067671125,Jumia,E-commerce,1,2025-08-10,اشتريت حاجه وطلعت اكسباير بقالها سنه ونص من قبل ما اشتريها ولما اتصل بيهم يقولي اصل فتره الاسترجاع خلصت وحتي معتذرش عن الارف اللي حصل,Negative
fc07bbfd-c745-4f07-a2be-e7868d7fe042,Jumia,E-commerce,5,2025-08-10,جيد,Positive
3f9d2274-93ca-4de7-a99c-52a16606f3f3,Jumia,E-commerce,5,2025-08-09,تحفه,Positive
c343200e-db41-480f-acb5-d3cad2cf94d6,Jumia,E-commerce,3,2025-08-09,ممتاز,Neutral
69f09b37-fa80-4496-b42b-598b706f1e6d,Jumia,E-commerce,1,2025-08-09,مش بيرضي يعمل الطلب اقل من ١٠٠ جنيه,Negative
87624ce3-5627-4ea0-a36a-df4b5c722993,Jumia,E-commerce,1,2025-08-08,إضافة استرجاع الامول عن طريق انستا بي او المحفظه الاكترونيه من الابلكيشن,Negative
6796a285-13d1-4386-8ada-d1bf24396898,Jumia,E-commerce,5,2025-08-08,so good,Positive
221263e4-eaf6-4fa0-a452-0ef3b7be965d,Jumia,E-commerce,5,2025-08-08,👍,Positive
addd0018-054b-4db3-97f1-b44ce0247a16,Jumia,E-commerce,1,2025-08-08,للاسف غير توقعي كنت اتوقع ان الابلكيشن (جوميا) بتواصل لكل مكان وده المفروض الطبيعي لاكن للاسف الشديد كام من مر طلبت اوردر ومواصليش بسبب انه ممنوع التوصيل لمنطقتي. رغم اني طلبت اوردرات كتير من ابلكيشن تسويق غير ده وابلكيشن تاني كمان وجاتلي عادي في كل مرة اطلب.. انا معرفش ايه المشكله انه يواصلو لكل مكان,Negative
dbe88c0e-e865-45af-91fc-efff6c8ade94,Jumia,E-commerce,3,2025-08-07,رائع,Neutral
13e654a3-6eaa-4028-befe-e850f69ba6b7,Jumia,E-commerce,5,2025-08-06,جميله جداا تعامل بكل احترام,Positive
7e5c3c75-218e-4ae0-a8ee-77696b10c1b8,Jumia,E-commerce,5,2025-08-06,ممتاز,Positive
7f0d255a-6d06-41d3-ab87-8a8c346818a9,Jumia,E-commerce,4,2025-08-06,انا طلبت منتج وجالى انه جارى الشحن وميعاد التسليم يوم الخميس 27/9 واتبعت ليا مسج ان مندوبكم هيتواصل معايا.. ومفيش حاجة جت ولا المندب تواصل معايا.. ايه بقى عدم الاهتمام والتقدير ده.,Positive
3c2f6dbb-aa4b-41ea-949f-cd518008807f,Jumia,E-commerce,5,2025-08-06,انا بحب اتعامل مع جوميا لانه سهل وبسيط,Positive
ecd925cf-5e33-41cd-9d1b-1aa5f7caab39,Jumia,E-commerce,4,2025-08-06,التطبيق اتحسن والعروض كمان بس في بائعين بيبالغو في الأسعار يا ريت يبقى في رقابه من إدارة التطبيق علشان المبالغه في السعر اللي عند بعض البائعين ويا ريت وصف المنتجات يكون مفصل وواضح ودقيق,Positive
cbb42ae3-844c-4604-86ee-8410d1119699,Jumia,E-commerce,5,2025-08-06,شكرا جوميا,Positive
dd9948fa-a707-4100-a4c1-b2aa9b9a3bf6,Jumia,E-commerce,5,2025-08-06,عروض ممتازة جدا,Positive
03d5b743-8ecb-4200-a100-2f1027c80b71,Jumia,E-commerce,1,2025-08-05,من اسوأ الشركات التي يمكن التعامل معها شركة بلا مصداقية,Negative
3978a4ea-1680-4210-accf-bb13a77336d4,Jumia,E-commerce,1,2025-08-05,للمره الثالثه بيتم الغاء طلبيه لي مع العلم انني طلبت عن طريق الكول سنتر بحجه ان المنتج عليه اقبال كثيف وهذا لايصح مع جوميا منتج موجود يبقي خلاص موش موجود يتشال من ابليكيش جوميا بصراحه تجربه سيئه مع جوميا لم اتعامل معكم مجدداً,Negative
f9dae147-4a9a-4b35-a892-006cfe93c1f7,Jumia,E-commerce,5,2025-08-04,جوميا عنيه عن التعريف عنها.,Positive
5305e4e4-cbbf-484a-bbb1-c6acebceb035,Jumia,E-commerce,5,2025-08-04,Good app and fast,Positive
08f19d2b-2539-4cb3-a9f4-5b1900cba093,Jumia,E-commerce,3,2025-08-04,شكرا,Neutral
64afe728-dad3-4535-8a19-44affef6f935,Jumia,E-commerce,5,2025-08-04,بارك الله فيكم,Positive
d8a5a7b1-1068-4661-ab81-2e85b009927e,Jumia,E-commerce,1,2025-08-03,اسوء خدمة وسوء توصيل وعدم تنسيق ما انصحش حد يتعامل معاهم,Negative
b6cb3046-420b-4708-86a3-ce151baec0f4,Jumia,E-commerce,3,2025-08-02,لا باس ولكن الاثمان باهظه,Neutral
52355f42-cb6a-4635-b0e4-5c2a3b9fbd20,Jumia,E-commerce,4,2025-08-02,التطبيق حلو بس ليش ما تخلو الشحن مجاني؟,Positive
f5ca1fd7-9840-483c-b023-ac56e52c8f2e,Jumia,E-commerce,5,2025-08-02,ممتاز.,Positive
2e032feb-4376-46bf-90f9-21abd4422d6a,Jumia,E-commerce,5,2025-08-02,شركة محترمة ومصرية وخارج قايمة المقاطعة وداعا نون وأمازون للأبد ومرحبا چوميا إحنا أولى ببعض,Positive
709c3561-01c3-4db2-a6b0-39e41d7e1796,Jumia,E-commerce,5,2025-08-02,جميل جدا وممتاز,Positive
071847b7-6219-45db-ac9d-07e9784c3ed2,Jumia,E-commerce,5,2025-08-01,جيده,Positive
cef6623c-38df-4c3f-a1a8-943064d0e504,Jumia,E-commerce,5,2025-08-01,ممتاذ,Positive
811e16aa-cffe-497e-a06a-f7388b2fca48,Jumia,E-commerce,5,2025-07-31,ممتاز,Positive
e7b6582f-4770-489d-bc99-0f4863a4021d,Jumia,E-commerce,5,2025-07-31,جيد جداً,Positive
de7a4305-3d2a-47b7-bc56-fb9ae6f839e8,Jumia,E-commerce,1,2025-07-30,توصيل عالي جدا تشتري منتوج ب 50 درهم وادفع عليه 45 درهم توصيل هذا منكر هناك منتوجات جيدة واريد شرائها لكن ثمن توصيل عالي تم الغاء تثبيت بنجاح الى ان تخفضو تكلفة توصيل واقيم ب5 نجوم,Negative
c0ec5871-5d12-4fc2-9955-aca1176b3a6a,Jumia,E-commerce,2,2025-07-30,المندوب تعامله وحش وبيتأخر كذا يوم علشان يجي وكل ما يرن يقولى هجي مبيجيش ومش بيوافق يجبلي الطلب للبيت تعديل عندي اورودر المفروض يوصلني من اربع ايام بس مفيش حاجه جتت ومحدش بيتواصل معايا وكلمت كذا وكيل من البرنامج يقولي هنحل الموضوع وميحلوش حاجه ومفيش حاجه جتني لدلوقتي بصراحه خدمه سيئه جدا جدا,Negative
81a87cfe-ff7e-462f-b50f-1ae1390d2595,Jumia,E-commerce,5,2025-07-30,👍,Positive
9e6e1dc0-126d-42a8-80fa-fb2ed46237f9,Jumia,E-commerce,5,2025-07-29,منذ زمن بعيد اتعامل مع جوميا,Positive
8edcf786-84ff-45b6-aa12-d91a97768b5b,Jumia,E-commerce,1,2025-07-28,الطتبيق مو حلو مل ما اكتب حجه يقولي هذا الطلب غير موتوفر و يكتبchack out و يحسسك بي الطوطور ما انسحش حد بي😒😒هو ما يستهلش النجم ب المقع هو العيز,Negative
4088b601-ce7a-4d25-a342-ae09ab1db37a,Jumia,E-commerce,5,2025-07-28,التطبيق جيد جدًا وبديل للتطبيقات المقاطعة,Positive
65fb1e5c-3b1e-4493-94f2-6b876b749217,Jumia,E-commerce,5,2025-07-27,هل لو حد طلب منتج منكم بيكون متغلف كويس ومقفلو بأكياس مش شفافه عشان لو هبعتها هديه لحد معين,Positive
64aadbce-0222-41a6-9a9b-0d2d0e816f97,Jumia,E-commerce,5,2025-07-27,vous êtes les meilleurs,Positive
b168a31d-fd19-44d1-98c0-645419fe8af2,Jumia,E-commerce,5,2025-07-26,تحفه,Positive
d6c342d0-b51f-441b-bcff-de7876519c4d,Jumia,E-commerce,5,2025-07-25,ممتاز,Positive
534e3b89-9b8e-4d85-8074-f44612b7e34c,Jumia,E-commerce,5,2025-07-25,ممتاز,Positive
2ebc2911-3163-437a-8cb0-74a9b280fb4f,Jumia,E-commerce,1,2025-07-25,ببحث عن حاجات مش لاقيها 🥺,Negative
e86cea61-f68a-4431-8eac-08a677a5c2f2,Jumia,E-commerce,1,2025-07-24,خدمات ليس جيد انا زبون جديد لم يحضر طلبي شهر كامل هاد اسوء طبيق,Negative
425ebd6b-7069-41cf-8457-9c8b8501e0a4,Jumia,E-commerce,1,2025-07-24,وحش جداااااا صدقوني,Negative
6f3bbad7-634f-4f1c-93c6-c9d68fd86fb9,Jumia,E-commerce,5,2025-07-23,أفضل تطبيق الشراء أو التسوق عبر الإنترنت,Positive
76212077-ace0-4376-a99e-b8e284b61dfb,Jumia,E-commerce,1,2025-07-23,زبالة مفيش توصيل للاقصر,Negative
3eec06a1-1e51-4352-a46f-4b2c3f5b5217,Jumia,E-commerce,2,2025-07-23,شريت بالدفع عند الاستلام وكان الاتفاق هو المنتوج مين يوصل غادي تاصل بيا الوكالة لي فمدينتي تاوريرت الشرق باش نجي ناخدو وبقيت كنستناه لأن المنتوج كنخدم بيه فالعمل ومن بعد ايام ديال الانتضار جاني مايل كيقول الطلبية ترفضات وماشرحوليش السبب وهاذا عبث ومضيعة لوقت الزيائن. كان جاني اتصال بإسم عبدو فتروكالر مع 19:00 ماجاوبتش عليه لأنني كنت مشغول وماعرفتش واش هو رقم وكالة جوميا لي فمدينتي ام لا وحتى الى كان هو كان عليه يتاصل بيا فأوقات العمل ثم يعاود يتاصل مرة ثانية على الاقل لهاذا مغاديش نزيد نشري منها,Negative
4d220536-a2d1-4f22-baa8-f0b7931dda1d,Jumia,E-commerce,5,2025-07-23,تطبيق رائع,Positive
10965712-db54-4c82-8842-df2784541758,Jumia,E-commerce,1,2025-07-23,تجربه زى الزفت في الاجهزة الإلكترونية يرسلوها لك تالفه وتعمل طلب استرجاع يقولوا لما نجيب من الشركة فاتورة إلكترونية والشركة تفحص المنتج هنردلك أموال تجربة سيئه جدا جدا في الأجهزة والاليكترونيات الكهربائية,Negative
76e8a0a3-29f2-4068-8ce9-4f5d7ce88bf8,Jumia,E-commerce,5,2025-07-22,شكرا,Positive
52cac26a-b8f9-4699-bc70-7599c7d57fe2,Jumia,E-commerce,5,2025-07-22,تطبيق جميل جدا وخدمه عملاء ممتازه,Positive
f776374a-2a68-463c-8a0f-6ff7019840c0,Jumia,E-commerce,2,2025-07-22,وجدت صعوبه في الدخول على الحساب,Negative
d32a87a2-96c4-4087-957d-a5a3f1778964,Jumia,E-commerce,5,2025-07-22,رائع,Positive
0e27a77e-5c41-4c98-825b-5e966ba87260,Jumia,E-commerce,4,2025-07-22,nice,Positive
58d2abc8-e4b8-4cbb-ae5d-9e5c42b5129a,Jumia,E-commerce,1,2025-07-22,اسوء موقع للتسوق تجار غشاشين وخدمه عملا اقل من السيئه,Negative
1992e35b-17a7-4834-9621-c3ed079c0bba,Jumia,E-commerce,5,2025-07-21,شكرا جوميا,Positive
fbb55ca8-56f1-48a1-afcf-70df4470d21b,Jumia,E-commerce,5,2025-07-21,سهل و جميل و اسعار تنافسية,Positive
20efdef3-5e55-4f67-9721-b5945279a1fa,Jumia,E-commerce,1,2025-07-21,اكتر من مرة اطلب نفس الطلب و اكتر من مندوب يقلي ما بدخلش طرق ريفية او فرعية. يعني اروح اعيش لك في مدينتي؟؟. تعالى و هحاسبك. المشكله انه بيرفض برضو,Negative
000d4b4d-e571-4b10-86d8-31fdb84fad50,Jumia,E-commerce,1,2025-07-21,سيء جدا,Negative
682ae2ce-c883-4a09-9ec3-e8efcb544e0a,Jumia,E-commerce,5,2025-07-21,ممتاز,Positive
fd2087a7-9aba-408c-920d-09b2be990043,Jumia,E-commerce,1,2025-07-20,امازون اسهل بكتير فى الطلب,Negative
1558ef36-c203-4afb-8bb4-333d43d9c1b1,Jumia,E-commerce,1,2025-07-20,عندهم مشكلة ف التوصيل بمعني لو طالب اكتر من منتج مبيوصلوش مع بعض بيوصل كل منتج ف يوم ومفيش اي تسهيلات من خدمة العملاء وف بعض منتجات مبتختارش اللون بتختار المنتخ بس لكن اللون بيبعتوه ع مزاجهم وكتقيم اجمالي ل شركة جوميا سئه جدا جدا اما بالنسبه للتطبيق كويس,Negative
e5dacc2e-8cb1-48f5-be3b-af42cdbc2852,Jumia,E-commerce,1,2025-07-19,تطبيق سيئ واسعار مرتفع ولا انصح بتنزيله,Negative
7bd0081b-fc62-4010-a773-3a7f72f2ef07,Jumia,E-commerce,1,2025-07-19,تجربة سيئة عدم امكانية التواصل مع البائع والارجاع في حالة الخطأ في السلعة معقد,Negative
1d54e456-dd74-4b69-9752-22d6f09963dd,Jumia,E-commerce,1,2025-07-19,اسوء عملية توصيل وا الفاز خارج غير أخلاقية تأخير في التوصيل عدم العناية بي منتج العميل,Negative
88e89598-1c99-4f71-a186-0e635d3d735a,Jumia,E-commerce,5,2025-07-19,عروض حلوه اجدا,Positive
98069e75-f272-4009-be03-60191074d9e5,Jumia,E-commerce,5,2025-07-18,رائع جداً جداً جداً,Positive
d4ef6c00-2ea0-470d-a74e-c7b6699528d3,Jumia,E-commerce,1,2025-07-18,من أسوء تجارب الشراء. المنتج بعد ماتم إرجاعه يتم إلغاء العملية وعدم إمكانية الوصول لخدمة العملاء هاتفيا أو على التطبيق. تم تصعيد الأمر لجهاز حماية المستهلك,Negative
02dd6e2c-c3b2-4d1e-bc1b-9cb1ebc06c2d,Jumia,E-commerce,5,2025-07-17,سرعة التوصيل ،موقع غير مقاطعه،اسعار متفاوتة،العيب الوحيد هو توصيل المنتجات على مراحل وليس معا..,Positive
cf6e4a40-c158-4cb8-bf48-58cd60561059,Jumia,E-commerce,1,2025-07-17,يتم الغاء الطلب من جانب جوميا دون سابق إنذار في آخر لحظة، ودون تقديم أي مبرر إضافة إلى إغلاق خدمة العملاء في وجه العميل .,Negative
a1b7406c-9a82-4e9e-a6de-1f77ae83f849,Jumia,E-commerce,1,2025-07-17,كل الأجهزة الكهربائية اللى اشتريتها منهم باظت ومكملتش سنة زى الكاتيل والدفاية الكهربائية ، والمندوب مش عايز يوصلى الاوردر لحد البيت ، بقيت بتعامل مع تطبيق تانى زى نون,Negative
26613ad2-8d95-4940-aa56-b2abb9576035,Jumia,E-commerce,5,2025-07-17,♡,Positive
f17b8021-2925-45cd-9dee-37175e4caf4c,Jumia,E-commerce,5,2025-07-17,جيد,Positive
121376ab-2a8e-467f-abe6-4b922f024f1d,Jumia,E-commerce,5,2025-07-17,Tooop,Positive
57bf79fe-95bd-49fb-bcf0-2bdfabf6a8e2,Jumia,E-commerce,5,2025-07-16,شكرا جوميا,Positive
1072da90-543c-4af0-bf96-f8e79fa05c0e,Jumia,E-commerce,2,2025-07-16,كان من أفضل مواقع التسوق لكن حاليا بقي مقرف في التأخير في استرداد مبلغ المرتجع غير كل شوية حجه مختلفة علشان رفض المرتجع غير اسلوب الإدارة الغير مهني في حل المشكلة بقي موقع سخيف,Negative
36a4a7bb-8691-47ee-ac1c-6f023d45e56c,Jumia,E-commerce,5,2025-07-15,شكرا جوميا,Positive
1f43578a-161d-4e49-b0d3-a828634d0620,Jumia,E-commerce,1,2025-07-15,ياريت محدش يتعامل معا جوميا ليسوا منتجاتهم,Negative
46744669-e97d-4d0b-a628-1b727ad9df97,Jumia,E-commerce,1,2025-07-15,سياسة المرتجعات حاجه زفت بصراحه يكون السبب الاوردر غلط من الشركه لازم استنا 2الي5 ايام ليه,Negative
0bf8b016-f566-4c96-b058-907554a6150d,Jumia,E-commerce,1,2025-07-14,شىء فى قمة السوء عدم المصداقية,Negative
2785cef2-880d-4200-89b9-3510f81b75cc,Jumia,E-commerce,5,2025-07-14,ممتاز جداااا,Positive
0aac8eb6-0418-4e27-bc8d-50a0b37e930b,Jumia,E-commerce,2,2025-07-14,صراحة تطبيق جيد نسبيا لاكن الاسعار غالية جدا فوق المطلوب سواء مقارنة بتطبيقات أخرى أو من متجر عادي,Negative
62660876-fc3e-47b6-b73a-65e3a4fa7679,Jumia,E-commerce,5,2025-07-14,ممتاز بارك الله فيكم,Positive
b974b7b0-0ffb-4f95-a676-743095b73ec5,Jumia,E-commerce,1,2025-07-13,m5damt liya knbri nsri mki9blot liya,Negative
57f7317e-86fb-4e04-920c-f1cbe32769a6,Jumia,E-commerce,5,2025-07-12,اختيار مميز,Positive
b1575e15-6f90-4926-a1dc-8bdaf3d99a86,Jumia,E-commerce,5,2025-07-12,هاذا افضل تطبيق اشتريته من نت,Positive
bdf860e8-4b6b-48a6-9b79-434a9f3ee12a,Jumia,E-commerce,5,2025-07-12,جيد,Positive
7e076577-f964-465a-becf-e4295aff72fc,Jumia,E-commerce,5,2025-07-12,خدمه ممتازه,Positive
85d02958-7c62-4bb4-87c8-2958d4456395,Jumia,E-commerce,5,2025-07-12,fantastic,Positive
fbfd4854-5977-41da-8b62-65790b4e2cfa,Jumia,E-commerce,5,2025-07-11,جميل,Positive
b8c4146d-dbdf-4049-89ef-bd504f93c415,Jumia,E-commerce,5,2025-07-11,عسل وكويس,Positive
7796b143-f89d-4515-9632-714ded70faea,Jumia,E-commerce,1,2025-07-11,فيه أسعار جد غالية من ناحية الهواتف لا يوجد تحديث في أسعارها وما مطروح في السوق أتمنى لكم التوفيق,Negative
ae4f65cd-f590-4db9-a7fa-4711cb5ae771,Jumia,E-commerce,1,2025-07-11,تطبيق سيئ جدا . قمت بإختيار سلعة وانتظرتها أسبوع كامل . ويوم التسليم لغوها . راسلت الإدارة . قالولى عنوانك خاطئ,Negative
640747ec-bf35-435f-b7e6-f3680dbe7b6b,Jumia,E-commerce,1,2025-07-11,بجد وحش مش بلاقي طلبي عليه,Negative
6937cf1d-9946-46a9-9dfe-02def9240306,Jumia,E-commerce,1,2025-07-10,اسوء خدمة عملاء ف الوجود مش عارف اوصل لاي حد ف الاخر الوقت بتاعهم خلص,Negative
14de9ccf-5652-423f-bf56-ab4db696b041,Jumia,E-commerce,5,2025-07-10,أجمل و أحسن و أروع تطبيق أو برنامج و المميز فيه أن فيه رقم للتواصل,Positive
5eb10ac4-2a46-4eb4-9094-d1a2f83ff4a7,Jumia,E-commerce,3,2025-07-09,تطبيق حلو لاكن بقي باللغة الإنجليزية,Neutral
24b0e1aa-e6bd-4d69-b922-11b46f01cbd2,Jumia,E-commerce,5,2025-07-09,حلو,Positive
4e8eef09-faef-4018-ac31-c1ec4162c4c8,Jumia,E-commerce,5,2025-07-09,افضل متجر تسوق الالكتروني,Positive
2444c119-0848-4001-8f95-c64e6a52bab0,Jumia,E-commerce,3,2025-07-09,جيد جداً,Neutral
aa8ca6db-ed0d-4c74-a933-160650c5626c,Jumia,E-commerce,4,2025-07-09,جيد,Positive
45fdda39-1f9b-4fd7-acbe-02a044f7ba28,Jumia,E-commerce,1,2025-07-09,سيئة جداً لا انصح بالشراء,Negative
572104da-10da-4851-8a77-29cd4c9ea1d6,Jumia,E-commerce,5,2025-07-08,amazing,Positive
bf0b280c-b0d8-417f-872f-280fb600fe9c,Jumia,E-commerce,1,2025-07-07,نصب المنتجات ناقصه,Negative
96b49e5b-b6b3-4bbf-9310-2ed14f29bd03,Jumia,E-commerce,1,2025-07-07,تطبيق فاشل يتفق مع الباعة دوي السلعة المغشوشة يتم توصيلها بسرعة اما السلعة الأصلية من شركات ومتاجر رسمية يتم التماطل....,Negative
b2d17dfe-32b9-4768-aa1e-72f8abb0131b,Jumia,E-commerce,1,2025-07-06,لا انصح بسبب خدمه التوصيل سئ للغاية,Negative
357ff480-fc28-4088-896d-624a9f9949e9,Jumia,E-commerce,5,2025-07-06,بتعامل مع من تمن سنين ثقه جوده امان,Positive
bd2f245d-8bea-46a3-a8f5-a6f33292d399,Jumia,E-commerce,1,2025-07-06,لا ترقى للمستوى المطلوب🤮🤮🤮,Negative
058e68e9-8d61-49bd-a7ff-66f7c4102b19,Jumia,E-commerce,1,2025-07-05,سيئه سيئه سيئه للغاية لا انصح احد باستخدامها بتجي المنتجات المطلوبه بتجي مختلفه تماما سوا في اللون او الكمية المعروضه يعني انا طلبة بلاشر في 6 علب الوان مختلفه في الصوره جايلي علبه واحده لي يحط صورة منتج بدل منتح زاد بيحسبوا بسعر والاوردر بستلمه بسعر تاني بزياده زاد الحاجه بتجي متبهدله واسترجعها صعب جدا ، وطلبت اكتر من عشر منتجات جت متفرقه وبياخد كل مره حساب الشحن مفروض انهم كاتبين الشحن مجانا فوق 400 ج وانا طالبه ب2785 ج لي في الاخر الحساب يقفل3000 ج يا جماعة بجد قطعه الشركة دي,Negative
c283ca13-6208-4b3a-a8ef-618080961b55,Jumia,E-commerce,4,2025-07-05,احاول ان اطلب مجددا من موقعكم حبذا لو توصلو لي الطلبيات لقريتي فضلا ،وحبذا لو تضيفو مواد غذائية في الموقع فأنا اكره السفر لأنه يسبب المرض لي,Positive
05bfcd11-3ed6-4618-b02a-c4d3fc700b04,Jumia,E-commerce,5,2025-07-05,متعة التسوق النادره,Positive
ec25b303-12d2-4f5a-8501-edfddb39dd14,Jumia,E-commerce,5,2025-07-05,ممتازه,Positive
088287d4-56c8-4280-90b7-d7332d57cc79,Jumia,E-commerce,5,2025-07-04,شكرا جوميا المغرب,Positive
0e043502-7e07-4ca6-9444-03100abdc8e4,Jumia,E-commerce,3,2025-07-04,أفضل تطبيق,Neutral
adb577f0-7dba-4d6b-9c0c-85ad169189ef,Jumia,E-commerce,5,2025-07-04,😍😍😍😍,Positive
57fe6361-4b91-4c67-b8bf-0093d683c85e,Jumia,E-commerce,5,2025-07-04,جميل,Positive
1c8e55fb-1c43-43af-a7d3-216b04f1dcb8,Jumia,E-commerce,5,2025-07-04,جميل جميل,Positive
1807b2f1-9e81-4414-9136-13479c716639,Jumia,E-commerce,3,2025-07-04,تمام,Neutral
120941c1-546a-42c1-8393-db91f8221056,Jumia,E-commerce,5,2025-07-04,شكرا,Positive
3363fcaa-c9fb-4245-83fe-3940aa357715,Jumia,E-commerce,5,2025-07-03,جميل جدا,Positive
b08a9b6b-2302-4d53-a5c5-7691f630653a,Jumia,E-commerce,5,2025-07-03,تطبيق رائع جداً وسهل الاستخدام ويوفر طرق دفع متعددة,Positive
c942b540-f23d-4515-bb2f-164c3b398781,Jumia,E-commerce,4,2025-07-02,برنامج جيد ولكن ننتظر الأحسن,Positive
ac002849-c5df-49cf-847e-325b37461405,Jumia,E-commerce,1,2025-07-02,أسوأ تطبيق يمكن الشراء منه تم أخذ المنتج المرتجع و لم يتم استرداد المبلغ أو حتى إرجاع المنتج و فريق خدمة العملاء يقوم بالتضليل و لم ياخذوا اي رد فعل او مساعدة و تم سرقة اموالي حسبي الله ونعم الوكيل,Negative
c441eb15-9597-406d-b786-2ca30d292244,Jumia,E-commerce,5,2025-07-02,hlmi hwa joumia tjib mlbis li Fi shien🥰😍🥰🥰,Positive
36c29d38-cb60-4324-833d-22495d6dcddf,Jumia,E-commerce,1,2025-07-02,اسواء خدمة عملاء في مصر منتهي سوء التعامل مكنسل أوردر فلوسي ترجعلي بعدها بشهر,Negative
a041e54e-02bc-46a3-893e-6a29a0037670,Jumia,E-commerce,5,2025-07-02,برنامج جميل جدا والله العظيم,Positive
0b5ddcba-0193-4bd1-922b-a6b04f60cc9f,Jumia,E-commerce,5,2025-07-01,زوين,Positive
de715440-bae3-4968-b03f-1a9dfd895ed8,Jumia,E-commerce,5,2025-07-01,تطبيق جيد جداً يعطيك موعد وصول شاحنه نقل طلبك يعطيك منتوج قبل تسليم نقود ثقه%100,Positive
23da690c-6a9a-4b2d-81a6-51d48ac78d48,Jumia,E-commerce,3,2025-07-01,جيد,Neutral
04b536fe-43cc-4ca7-ada5-e95ce4142ee4,Jumia,E-commerce,1,2025-06-30,وحش جدا جدا ومناديب التوصيل اسوء مايكون,Negative
9b186277-2c9b-4cac-a128-f664d9613224,Jumia,E-commerce,5,2025-06-30,ممتاز,Positive
9689a378-3809-45e2-ba39-a0ab28e35cd6,Jumia,E-commerce,5,2025-06-29,جامد,Positive
22ebb899-bf20-4de7-826b-a44636d0075d,Jumia,E-commerce,5,2025-06-29,رائع و رخيص و سهل,Positive
bde442d5-c045-48a1-93a9-5cf6878bf815,Jumia,E-commerce,5,2025-06-29,😍😍,Positive
1b34ef7d-0ddc-4e94-839f-f495a3ccc345,Jumia,E-commerce,1,2025-06-28,زبالة أحقر خدمة طلبات اونلاين,Negative
965da3b4-83e5-46fb-a34c-842992ae40d2,Jumia,E-commerce,5,2025-06-28,فيه الدفع عند الاستلام ليس مثل امازون الدفع تقسيط فقط,Positive
72dff02b-9675-4c85-9dd5-b4f1d44d6857,Jumia,E-commerce,5,2025-06-27,تمام,Positive
af4edbbf-9bdf-4df1-9f36-0c1261138c62,Jumia,E-commerce,5,2025-06-26,👍,Positive
43025100-1597-4a0a-a905-3c95420a973b,Jumia,E-commerce,5,2025-06-26,جيد جدا,Positive
039a4f4d-3307-43e8-b527-49794efbf384,Jumia,E-commerce,1,2025-06-25,اوحش برنامج للتسويق ميستحقش النجمه اصلا,Negative
19ddb683-40f8-47c8-a2e0-d3883db2b37d,Jumia,E-commerce,1,2025-06-24,كدابين ونصابين وبيبعتو منتج غير ال طالبه ومفيش حاجه بترجع اوعى تتعامل معاهم,Negative
46c9e2f9-d657-4db7-8012-ab5f6c31c982,Jumia,E-commerce,1,2025-06-24,اشتريت منتجا ولم يصلني مثل الذي بالصور 😒🙁,Negative
295d2221-9bfc-487b-bd1f-10d9166a02e3,Jumia,E-commerce,5,2025-06-23,Very good,Positive
f4518d66-9cc1-45f8-83ac-072ea834dade,Jumia,E-commerce,5,2025-06-23,ممتازة 🥰🥰,Positive
6cd123a1-0e4c-4e4b-b900-aa18a863fb1b,Jumia,E-commerce,1,2025-06-23,لا يوجد شحن اللى محافظتى والتطبيق لا يدعمها مثل نون وامازون لا يوجد به تطوير,Negative
8fc25ab6-9e74-48ed-84f3-f94b41da2b26,Jumia,E-commerce,5,2025-06-23,تطبيق رائع يمكنك,Positive
054c9d4e-e068-4f28-88a2-e3f7d355a1dc,Jumia,E-commerce,5,2025-06-22,good,Positive
a0802226-869b-4f5a-9a04-191e6bf578bf,Jumia,E-commerce,5,2025-06-22,افضل برنامج للتسوق علي الانترنت انصح بتجربتها,Positive
e99d155d-f516-414d-a9d9-49646f536126,Jumia,E-commerce,5,2025-06-22,ليس مقاطعة ما شاء الله,Positive
ce0ee2e9-07b4-4fa6-9058-960346ccfeb1,Jumia,E-commerce,5,2025-06-22,ممتاز,Positive
be70312b-f0d1-41c8-a9f2-207a40ce5d53,Jumia,E-commerce,5,2025-06-22,good 👍,Positive
b0cbc4b4-072b-460c-aba6-d15ecbc2ad1b,Jumia,E-commerce,1,2025-06-21,تجربه سيه ولا يوجد مثداقيه ف المنتج وغير مسموح التاكد من المنتج كما باقي شركات الشحن,Negative
87304fa2-894a-456c-9fdb-b4ef82f06b10,Jumia,E-commerce,5,2025-06-21,شكرا,Positive
365b8428-33b7-447d-a9b8-1e63b4c47008,Jumia,E-commerce,5,2025-06-21,تطبيق ممتاز وسهل الاستخدام,Positive
742dbfc8-aab4-4072-bc86-586fcfc0120c,Jumia,E-commerce,5,2025-06-20,طرش الطرش,Positive
91acd0ad-672a-4891-8673-3f8af2f08c9c,Jumia,E-commerce,5,2025-06-20,ممتاز جدآ,Positive
abc72cb4-55be-4384-b21d-b9ce790b14a3,Jumia,E-commerce,5,2025-06-20,جيد ممتاز و رائع,Positive
53e93f4b-fd23-4c4f-a55c-0b553641b9c3,Jumia,E-commerce,5,2025-06-19,رائع اتمني الاستمرار,Positive
f7f14db5-d396-4194-92c7-ae1eddc5726b,Jumia,E-commerce,1,2025-06-19,بجد بقى فى سوء فهم والطلب بقى بتأخر وممكن يجيلك طلب تانى بالغلط غير المطلوب وغير كده عندك ضياع فى الوقت لما تعمل استرجاع للمنتج وفى نفس الوقت تعمل طلب جديد وتاخد معاد تانى كل ده إهدار فى الوقت,Negative
8c7c4a40-9e01-4ab1-92fd-1a903d71795b,Jumia,E-commerce,3,2025-06-19,هناك مشكله في تسليم المنتج بدون فاتوره أو شهاده ضمان,Neutral
17e675b7-3d9e-4a86-835c-0287e2982c86,Jumia,E-commerce,5,2025-06-18,ممتاز جدا جدا جدا,Positive
076693c0-6e93-40cb-8d6b-9a5fd88371d7,Jumia,E-commerce,5,2025-06-17,جميل جدا,Positive
faf8d63e-77a2-4810-9fb1-b9a56e086c88,Jumia,E-commerce,5,2025-06-17,أتمن رخيصة,Positive
a150fe2c-7942-4475-9636-aa119f2f00a0,Jumia,E-commerce,1,2025-06-17,سئ جدا جدا ولا انصح به ابدا ، بعد ثلاثة أيام من طلب الاوردر تم الغاء جميع المنتجات من قبل جوميا بدون إبداء الأسباب ، وارسال رسالة بأن الأموال سترد بعد 14 يوم عمل علي حساب الفيزا ، وكانت تجربة تسوق سيئة جدا ولم استفد شيء ، فقط تم تعطيلي ثلاثة أيام وحجز أموالي 14 يوم عمل بنكي أي مايقارب ثلاثة أسابيع ، هذا يسمي احتيال ، ساراجع المحامي الخاص بي وربما اقاضيكم .,Negative
7016cedd-9835-4e3f-98b8-912d624206c2,Jumia,E-commerce,5,2025-06-17,امانه ثقه نجاح شكرآ جوميا,Positive
64911cf8-19e6-4e01-80df-f82f9f9e6257,Jumia,E-commerce,5,2025-06-17,محترم,Positive
1d2eafc3-7702-47f8-a4be-92962c8b6bcc,Jumia,E-commerce,1,2025-06-16,اسوء شركة جوميا في سوق انا اشتريت شاشة سامسونج 65بوصة 24400 قولت اللي مندوب عايز اجرب شاشة لا روحت جربت شاشة بعد ما اتحرك المندوب لقيت كسر في شاشة وبعت الي جوميا في كسر في شاشة بيقولي اصل الشاشة مش من جوميا حسبي الله ونعم الوكيل وانا هبعت لحماية المستهلك,Negative
67775586-7c16-4fc4-9230-eb86baec091c,Jumia,E-commerce,5,2025-06-15,برنامج جميل جداً ورائع,Positive
b8a08a29-e4a6-421c-b830-f9daf55c8759,Jumia,E-commerce,5,2025-06-15,بجد والله البرنامج ده ممكن يكون من اجمل واحسن البرامج اللي انا استخدمتها وفي كل حاجه بس العيب الوحيد ان في حاجات مش الاقيها بس عادي❤❤,Positive
da702bd9-c476-4f29-b8fa-d7870b7a9926,Jumia,E-commerce,5,2025-06-15,الحمدالله كويسه جدا,Positive
9a40e8be-9228-4ad5-891a-71b63ed24fa4,Jumia,E-commerce,1,2025-06-15,والله والله لا انصح به,Negative
2de8a66f-daa0-4af9-b083-70c178d52ed9,Jumia,E-commerce,5,2025-06-13,تطبيق معقول,Positive
3d436dd9-fdae-4fdd-b5ac-a051ed097d95,Jumia,E-commerce,5,2025-06-13,رائعة,Positive
80388854-e491-4d4e-9195-aaaba13c345c,Jumia,E-commerce,5,2025-06-13,رائعة,Positive
42ce1314-df38-4735-84ec-11b79436a9f7,Jumia,E-commerce,5,2025-06-13,ممتازة,Positive
ae48345e-1ff5-4c2d-ab92-27952524a998,Jumia,E-commerce,5,2025-06-12,منتج محطرم,Positive
5d44e309-45a2-4e7e-9d6a-5e5e1900f811,Jumia,E-commerce,4,2025-06-12,كويس جدا,Positive
8c2a5c6f-1c55-4b92-a7f4-8ffd02b562fc,Jumia,E-commerce,1,2025-06-12,فاشل,Negative
9346d314-c0a9-4952-8adb-4376d6a0759b,Jumia,E-commerce,1,2025-06-12,علاش كل منتوجات مكتوبة باللغة فرنسية خاصك تكتب باللغة العربية باش نفهم أكثر أو لخلاص يكون فأي بنك مغربي والي معندوش كار بنكية,Negative
862fb032-7a45-496f-a7e1-1db3c45fd636,Jumia,E-commerce,5,2025-06-12,حلوه جدا جدا,Positive
7f4ed5e7-8ab2-4de3-a94b-594daf89beeb,Jumia,E-commerce,5,2025-06-12,التطبيق أكثر من رائع والتعامل فيه كويس اوي وخدمه العملاء تواصلهم بشكل رسمي وممتاز لكن المنتجات الطبية يستحسن أن يتم تغلفتها ف العلب الطبيه المخصصة لها وأن يكون معاها دليل الإرشاد الطبي الخاص بها لمعرفه كيفيه الاستخدام وتاريخ الإنتاج والانتهاء غير ذلك فكل شيء ممتاز والخدمه ممتازه🤍🤍,Positive
2e3b3ffb-6dc6-4158-b1cb-f7867dd1e896,Jumia,E-commerce,5,2025-06-12,بصراحه تطبيق چوميا جميل جدا ورائع,Positive
4895d6b4-c0c9-48d2-8dad-43f47a24f01a,Jumia,E-commerce,5,2025-06-12,موقع أكثر من رائع. الموقع الأكثر ثقة والأقل تكلفة حقا,Positive
540bdabd-489a-4725-a95e-fd13688c7621,Jumia,E-commerce,4,2025-06-11,مقبول,Positive
79e3079f-7545-4a6f-840e-ae3bc576be5a,Jumia,E-commerce,5,2025-06-11,ممتاز,Positive
cfdd7147-a6b5-4031-9bae-0daa505fa736,Jumia,E-commerce,5,2025-06-11,ممتاز,Positive
9ba4211c-68fa-4397-8147-aaf49980a43b,Jumia,E-commerce,5,2025-06-11,تطبيق جميل,Positive
0d9a45d8-3930-4b01-9dea-179e32c8a2ad,Jumia,E-commerce,5,2025-06-10,مشكلته ما بيشحنش قنا ولا البحر الاحمر,Positive
61cad956-d9b0-4693-8105-0f89515e9f21,Jumia,E-commerce,1,2025-06-10,والله شركه جدآ تعبانه وعروضكم وحتي الواجه القديمه ممتتغيرش والمنتجات تعبانه وصعوبه الترجيع للمنتجات ارجع جهاز مرتين ولازم اطلع دلايل عشان ترجعولي فلوسي واستني كتير ولا فيه حتي كبونات خصم والله مشفتش اي حاجه كويسه في المتجر ده ومنصحش حد يشتري منه,Negative
709ce3fd-3cda-4236-91c4-6f28a25150fb,Jumia,E-commerce,5,2025-06-10,ممتاز,Positive
df02630b-168a-4b35-9a43-9b232daca624,Jumia,E-commerce,5,2025-06-10,جديد جدا,Positive
c0e33772-46c8-460d-9301-332f419f38c2,Jumia,E-commerce,5,2025-06-09,ممتاذ,Positive
8e185b4b-a7a2-4359-b72b-dea3ea0547e7,Jumia,E-commerce,5,2025-06-09,أول مرة اتعامل معكم وشكرا,Positive
30b4ea53-c97c-417d-9f39-73755d47946c,Jumia,E-commerce,5,2025-06-07,top,Positive
67140788-a489-461d-928c-e264c95047e9,Jumia,E-commerce,5,2025-06-06,جوميا افضل بكتير وعملية الدفع عند الاستلام متوفر بجد شكرا جوميا,Positive
58246724-914d-44af-8760-a04c4881d75b,Jumia,E-commerce,4,2025-06-06,ان شاء الله يكون عند حسن ضننا,Positive
460dc5dd-bebb-4bf5-9bb4-3b81c11619e1,Jumia,E-commerce,5,2025-06-04,احسن,Positive
b66f5828-3f09-410d-8447-f01719fc5f80,Jumia,E-commerce,5,2025-06-04,فوق الممتاز منتجات ومندوبين وخدمة العملاء وهايبقي أكثر من ممتاز لو رجعت المنتجات المرسلة من الخارج كانت منتجات جميله وف المتناول,Positive
c3a29aa2-6dcf-4b3d-b50e-075c48545832,Jumia,E-commerce,5,2025-06-04,تطبيق جمييل جدا فرع كمبالا - كابلاقا في التطبيق ليه ماف دفع كاش في عن طريق موبايل موني و فيزا بس ؟؟ افيدوني,Positive
b143fb22-c760-4a95-8a1b-de7fabd11416,Jumia,E-commerce,1,2025-06-03,الاوردر بيتشحن ويفضل مع المندوب مابيوصل في الميعاد شئ سئ ومندوبين دون المسؤلية المندوب اتصل الاوردر وصل بعد الاتصال باربع ساعات واخد ١٥ جنيه زيادة فوق ثمن الاوردر بحجة انه وصل الاوردر إلى المنزل خدمة سيئة جدا جدا جدا,Negative
96c1fce6-f3ed-4c5a-bbd3-e5b39ff1e78f,Jumia,E-commerce,5,2025-06-03,ممتعة,Positive
ce56203e-c184-4ca0-bf14-f844bc9c2464,Jumia,E-commerce,5,2025-06-02,اسعار جيدة,Positive
274a5c21-1154-44d5-a16b-a19c831d9841,Jumia,E-commerce,5,2025-06-02,ممتاز,Positive
81f9ad72-c3b4-40a7-9b7d-9e1b113e6ee5,Jumia,E-commerce,1,2025-06-02,ابلكيشن وقف التوصيل لمحافظة الاقصر ليه اكتر من ٨ شهور اعتقد و كان ف الاول بيوصل للاقصر بس فجأة قرر يتجاهل محافظة كاملة الموضوع تافه هي شركة شحن هيتعاقدو معاها,Negative
8e9040e2-6ccc-4b9e-8d84-5e4b8028bc80,Jumia,E-commerce,3,2025-06-01,تطبيق فاشل وكاذب أنا كنسيفطليهم باش يديرو ليا الطلبية على شكل أمانة أهوما كيتجاهلوني و مبغاوش يلغيو الطلبية و يردولي فلوسي . السلام عليكم المهم جيت نقولكم حمد لله راه حلو ليا المشكل أو توصلت بالطلبية ديالي اللهم يسر,Neutral
67576146-16ad-4562-97fb-93a300859747,Jumia,E-commerce,5,2025-06-01,جيد,Positive
6c2f1405-6e2a-483d-b9d2-cd9b45dbffbb,Jumia,E-commerce,5,2025-06-01,رائع 😎 👍 😎 ح,Positive
36bbc3c7-e614-4c93-981b-bfc7eaa94e86,Jumia,E-commerce,5,2025-06-01,بحبك,Positive
26a4b71d-ce0f-42a0-8e87-62b376f33e3c,Jumia,E-commerce,5,2025-05-31,تحفه,Positive
378c0850-36c7-4a45-8236-9aea9b08542e,Jumia,E-commerce,5,2025-05-31,جميل,Positive
2f508e35-7f74-4ec8-8ec9-b10781e9b7f0,Jumia,E-commerce,1,2025-05-31,ممتاز,Negative
cd35a13f-0f28-4224-b0f1-3054c184a028,Jumia,E-commerce,1,2025-05-31,is so bad app dont download,Negative
563afe14-c3d6-4706-ab2c-e538593a4b41,Jumia,E-commerce,5,2025-05-31,good,Positive
e89a24a1-78bd-421f-b654-3b8d248d5c67,Jumia,E-commerce,3,2025-05-31,معقدها شوي بسطوها اكثر,Neutral
b00c2236-c05f-40e8-8d7c-111f25212940,Jumia,E-commerce,5,2025-05-31,موقع جميل رخيص جدن,Positive
e5678464-88dc-417b-8530-adce19b23349,Jumia,E-commerce,4,2025-05-30,كويس جدا ف الأسعار بس ساعات الأوردر بيتأخر( مرة واحدة الحقيقة ) وبتمني تغليف المنتجات يكون احسن من كده,Positive
f37ea05f-6e63-420c-baaa-9afac5c59870,Jumia,E-commerce,5,2025-05-30,ممتاز,Positive
1c09bc86-edbc-40b9-8d95-47f79bda1908,Jumia,E-commerce,1,2025-05-30,قلت الاحترام معاملة سيئة يجيب إعادة النظر ✌️,Negative
91d0631b-683c-4adc-9d33-9f0a1503d7dd,Jumia,E-commerce,5,2025-05-30,جيد,Positive
098f0860-5e77-4adc-9e2c-26d10c96755b,Jumia,E-commerce,5,2025-05-30,تطبيق ممتاز,Positive
768cad69-c833-43ba-8998-1bd8b49e7ef5,Jumia,E-commerce,5,2025-05-30,الافضل على الاطلاق,Positive
b62204aa-8d94-499b-a6d1-eaaa09b14596,Jumia,E-commerce,5,2025-05-30,انا افضل تسوق من هدا التطبيق انه ممتاز بنسبتي لي,Positive
f3389e0d-b14c-425c-86ae-9cc1b3c54163,Jumia,E-commerce,5,2025-05-29,التطبيق جيد وكنت أشتري منه دوما لأنه قد ازال خدمة الشحن الى تونس لماذا؟ أرجوكم اعيدوه,Positive
5e4506c0-5471-4b61-ad06-4de1d68e6ed4,Jumia,E-commerce,5,2025-05-29,تطبيق في المستوى مزيد من التألق,Positive
7ee79777-a97b-4d9e-887d-95f3345d8bb0,Jumia,E-commerce,5,2025-05-28,شكرا جزيلا,Positive
eab9f8f2-794a-4bd2-b55f-d296ea9a523b,Jumia,E-commerce,4,2025-05-28,good,Positive
b5793898-33d3-4d4b-9ca5-d8f758f41f15,Jumia,E-commerce,5,2025-05-28,جيدا جدا وسهل وبسيط,Positive
dd5c1af8-9996-47be-99a3-c54929678008,Jumia,E-commerce,5,2025-05-28,جميل جدا اتمنة معقولة,Positive
3c2cf724-73b8-45d7-bdc9-3d5edf5cf090,Jumia,E-commerce,1,2025-05-28,شركه سيئه وموقع غير امين على العملاء وغير امين فى سياسة المرتجع وبتسلم المنتجات لشركات شحن اونطه وغير امينهفى استلام المرتجع انصح بعدم التعامل معها لأنها غير امينه وبتتلكك حتى لا تستلم المرتجع وفيه شركات افضل وأأمن منها وعندها مصداقيه عنها وهذه اخر تعامل معها ولا انصح بالتعامل معها وهذه عن تجربه شخصيه والتى لن تنتهى غير بمحضر شرطه انشاء الله,Negative
2a7b64f0-a570-436f-92dd-b943f9d9bc43,Jumia,E-commerce,5,2025-05-28,good job,Positive
cc427045-a363-4fd1-b621-2f2a9d2bce2d,Jumia,E-commerce,1,2025-05-28,جيميا طبعا فيها فاشلة,Negative
59822152-343e-48f9-8acf-fe0fa0798b8a,Jumia,E-commerce,1,2025-05-27,لا انصح بالتجربة,Negative
597f18ce-2ce0-4efe-affa-d029af548205,Jumia,E-commerce,5,2025-05-27,بما أنا عندنا بحال هكذا تسهيلات و منتوجات بلا منزيد في سراح واعر تطبيق يشمل كل راحه ونت تتقدى بكل أمان وسهولة تاما مغريبنا راءع بحال هاد تطبيق فحنا فخورين بيك jumia maroc،،شكرا بزاف بزاف,Positive
39646dcf-5229-4b3f-8da5-784d07f7a480,Jumia,E-commerce,4,2025-05-26,جميل,Positive
dce611be-c5c8-4258-a262-909fe7d2a159,Jumia,E-commerce,5,2025-05-25,التطبيق جامد بس في عيب واحد التئخير,Positive
eca3702a-e542-43d1-9b20-37b1c17a1bf1,Jumia,E-commerce,5,2025-05-25,رائع,Positive
500d7ba3-91be-431a-bbb1-6af5386f5122,Jumia,E-commerce,5,2025-05-24,جميل,Positive
b3b4db59-8778-485a-98fd-8f1fd4bd1b8a,Jumia,E-commerce,1,2025-05-24,بصراحه تطبيق سيء جدا واسعار وهميه وطلبت اوردر مسدس ولاعه لقيت محطوط بداله نضارة بلاستيك وحقيقى مش ممكن استخدمه تانى ابدا ولا انصح حد باستخدامه ومش مسامحه اللى بدله,Negative
196e0de2-1427-4c91-931a-d3d3d5963d53,Jumia,E-commerce,5,2025-05-24,اريد السوال هل نستطيع الدفع عند الاسلام,Positive
61688def-22ca-4f66-bfe3-c1e7e018be29,Jumia,E-commerce,5,2025-05-24,ممتاز,Positive
cccfedff-4307-4695-b822-0697aca50f33,Jumia,E-commerce,5,2025-05-24,أفضل تطبيق مشتريات,Positive
08610049-a612-4bf3-9ce5-77bec20d7804,Jumia,E-commerce,5,2025-05-24,جميل جدا والمنتجات زي ماباطلبها وشحن سريع وخدمة عملاء محترمين جدا,Positive
92981fde-2c60-4d40-9a84-3a73a942b544,Jumia,E-commerce,5,2025-05-24,رائع,Positive
8828aa60-ba30-458b-b056-3a271303c159,Jumia,E-commerce,5,2025-05-24,ممتاز,Positive
866a6357-bc6d-4915-9b1b-9828b5ae80da,Jumia,E-commerce,5,2025-05-23,تطبيق رائع جدا وسهل لكن هناك مشكله ان الشحن بياخر,Positive
cd5045d0-04a7-4ab5-b39b-b5dfd9290f95,Jumia,E-commerce,1,2025-05-23,تطبيق وحش جدا جدا جدا أنا طلبت منه وبقالى خمس ايام بستنى الطلب يوصل وفى الاخر يلغى الطلب ويبعتولى رساله تم الغاء الطلب من غير ملغيه انا 😠تطبيق زى الزفت، نون او امازون احسن منه بكتيييير 😞,Negative
208eb86e-24c0-44cd-ae12-18c253996f4e,Jumia,E-commerce,5,2025-05-23,انه جيد 😊,Positive
8a230384-912e-44ed-8d46-dd17e470bb14,Jumia,E-commerce,5,2025-05-23,متعه تسوق فعلا,Positive
4a90747b-00cd-45da-8a79-0e9bceb2a228,Jumia,E-commerce,5,2025-05-22,تمام,Positive
477533af-d92c-4a53-91e4-0efeee9c0b2b,Jumia,E-commerce,5,2025-05-22,Very good,Positive
fa48ed2d-4a71-4664-93c6-83fde0d664e2,Jumia,E-commerce,5,2025-05-21,جيد,Positive
edb4cca4-e94b-438e-a139-17b41752eb21,Jumia,E-commerce,5,2025-05-21,كنت بطلب اىاول والاوردر بيجي دلوقتي بطلب ومش بيوصل المندوب مش بيتصل اصلا والاوردر بيتلغي,Positive
f528823d-5dd5-4488-9ba5-f58edd664648,Jumia,E-commerce,5,2025-05-21,جيد جدا,Positive
ecd08cf5-dc41-4ee5-9e17-81fa49e88671,Jumia,E-commerce,5,2025-05-20,بحبك يا جوميا,Positive
b2e9f8d1-7079-4852-9099-d97f6d46a3e9,Jumia,E-commerce,5,2025-05-19,شكرآ جوميا ممتازة ومندوبين محترمين,Positive
6e00ad8d-4a9c-456b-9609-be9715cd3910,Jumia,E-commerce,5,2025-05-19,ممتاذ,Positive
040571bf-4167-4baf-9db4-a287d115a6e9,Jumia,E-commerce,1,2025-05-19,سي جدا,Negative
66eb8e77-aa93-4d1a-966e-dca0b8524182,Jumia,E-commerce,4,2025-05-19,جميل 👍,Positive
0cdcdcdb-36d4-4b8d-9f87-2afae9522b8f,Jumia,E-commerce,4,2025-05-19,حيد جدا,Positive
fca3ab3a-f63e-4b83-bc51-0f6f2537d167,Jumia,E-commerce,1,2025-05-19,التطبيق جميل ولكن إذا كتبت شيء يقول غير متاحة والأثمنة مرتفعة ليس مثل تطبيق temu وأرجو إصلاح هذا الخطأ,Negative
10ac50eb-1011-45a7-a6b9-2d665d54ab65,Jumia,E-commerce,1,2025-05-19,اسواء شركة تسوق,Negative
e8e564ce-13d7-47b3-a9f2-ca149ad38f6e,Jumia,E-commerce,5,2025-05-19,جيد,Positive
9b393f7d-5e10-41e5-902e-09acc5cbc660,Jumia,E-commerce,4,2025-05-18,خدمة العملاء في الرد جميله لاكن في مشكله انا سجلت كتاجر في جوميا وده شرف كبير ليا لاكن لأحد دلوقتي بعد لما خلصة الاوراق المطلوبه محدش اتواصل معايا عشان اكمل التسجيل,Positive
d7243104-0bc7-4622-82d9-e72b33a047e0,Jumia,E-commerce,1,2025-05-18,وحش جداااا، طلبت اوردر و بعد تقريبا اسبوع انتظار.. فجأة لغوا الاوردر من نفسهم كدا !! يعني لو الحاجة مش موجودة ليه من الاول تكون موجودة على الويب سايت !!,Negative
75e1837d-e8a0-4a88-9496-8e300a202262,Jumia,E-commerce,4,2025-05-17,تطبيق رائع وتوصيل محترم ولكن سعر التوصيل افقد التطبيق الخمس نجوم .,Positive
b129c878-3a9c-48aa-a101-f45c2f3b4927,Jumia,E-commerce,5,2025-05-17,بحبه جدا,Positive
b9bcb80c-3716-42ba-9f1a-09d7e6a45ad6,Jumia,E-commerce,5,2025-05-16,من افضل البرامج وأمانه التعامل,Positive
8e6b282b-67b0-497b-93ae-2fb538eb1f94,Jumia,E-commerce,5,2025-05-16,تمام,Positive
3489239b-58c4-4df4-83a5-00070d5d0145,Jumia,E-commerce,5,2025-05-16,ممتاز,Positive
ac6bf64b-8ba2-4e00-b7bb-12756e43c396,Jumia,E-commerce,1,2025-05-15,شركة زبالة ونصابين وخدمة عملاء ولا لهم اي لازمة إشتريت منتج من عندهم وجالي منتج مختلف تماما وأرخص كثير في السعر ورفضوا الإرجاع ونصبوا عليا وحسبي الله فيهم أرجوا من الجميع يأخدوا بالهم ولا يشتروا منهم,Negative
67af917b-2547-46df-9f6e-a90a5d331489,Jumia,E-commerce,1,2025-05-15,لايوجد شحن لا محافظة قنا,Negative
5e2d3af7-4daa-4edc-b0d2-de3a10de8975,Jumia,E-commerce,3,2025-05-14,رائع,Neutral
c85832d0-c616-4071-aaf0-9c5f17689a18,Jumia,E-commerce,5,2025-05-14,جيد,Positive
80d91767-b515-4a0e-b530-82513acb3c3b,Jumia,E-commerce,2,2025-05-14,موقع تسوق رائع ولكن يكفية التحديث الدائم للأسف حاولت اكتر من مرة اشترى بالكريدت أو الديبت والتطبيق يفشل فى الدفع وحفظ البطاقات وبنفس الكروت بشترى بيها من امازون ونون ، اتصلت بخدمة العملاء ومحدش حل المشكلة ، حاولوا حل مشكلة فشل الدفع ببطاقات البنك على التطبيق سواء الكاش أو التقسيط علشان زهقت والله,Negative
9cb23bc1-71dc-4560-85bb-b1bbdfbec4af,Jumia,E-commerce,5,2025-05-14,البرنامج كويس ولكن معظم البضاعه صيني من التعبانه اوي مثلاالموبيل موتورلا عارصه 11،500 خو علي سوق علي بابا نفس المكون ونفس الذاكره ونفس اللون عامل 4700 طيب ليه السرقه عينك عينك كده برنامج بيسرق بس بطريقه شيك,Positive
5d133a75-90cd-46d6-a914-4ab7fcdcc66d,Jumia,E-commerce,5,2025-05-14,التوصيل في معاده والمندوب محترم جدا,Positive
4880ed44-0f23-46d4-837d-76c5a67aca97,Jumia,E-commerce,1,2025-05-14,شركة نصابة نصبوا عليا اشتريت منهم منتج بوتاجاز لونج لايف جولدن غالي وبعتوا منتج شعبي ورافضين الإرجاع بحجة سياسات الإرجاع يا ريا الناس تاخد بالها منها كويس لانهم ما لهمش إدارة او خدمة عملاء محترمة ممكن ترجع لهم للاسف وانا عملت لهم شكوي في جهاز حماية المستهلك ومش هسيب حقي يا جوميا يا حرامية ولو هدفع قد ثمن البوتاجاز عشر اضعاف,Negative
2e29ba97-6ea2-419a-a64a-f98073d46f83,Jumia,E-commerce,1,2025-05-14,كله المنتجات مش بتجي خامه ولا شكل اللي معروض كلهم كدابين,Negative
6bcd564b-93c2-45c2-b3f0-343d84ac0c19,Jumia,E-commerce,3,2025-05-14,ناجح لحين الاتمام والاستلام,Neutral
99c57d3c-a709-4df9-9227-8e0f427fd6eb,Jumia,E-commerce,5,2025-05-13,جرب ومش هتندم,Positive
6bf6ed7a-26da-4c3f-bebc-f5532461a8bd,Jumia,E-commerce,5,2025-05-13,رائع,Positive
44aa544c-df49-4019-a8fa-f079ef249db1,Jumia,E-commerce,1,2025-05-13,تجربه سيئة جدا جدا الطلب بيجي بايظ مافيش ضمن على المنتج,Negative
e51a2dfe-b8ce-47bd-b3a8-71ccbbd9470c,Jumia,E-commerce,4,2025-05-13,التطبيق جميل جدا وسهل الاستخدام و اسعاره جميله جدا بس الشحن بيطول اوي,Positive
039d7990-d1dc-4276-b872-6723e9e67093,Jumia,E-commerce,5,2025-05-13,جميل,Positive
b37f98a5-f499-4eb9-9a98-e76d58ca25ba,Jumia,E-commerce,5,2025-05-13,ممتاز,Positive
1ccc5960-d27d-4146-ae9a-a65b0ac38cdc,Jumia,E-commerce,1,2025-05-12,تطبيق سيء جدا لا يحتاج الى نصف نجمه التطبيق ده مش مقاطعه على اساس ان هو مش مقاطعه طلبت مره سكيت وجاب لي بنطلونات سيئ جدا انسى حد ما,Negative
28b0693c-c044-44f9-b1b8-a2e54a144763,Jumia,E-commerce,5,2025-05-12,❤️❤️,Positive
61838f61-0fce-4f4f-8240-0017c6c1cc22,Jumia,E-commerce,5,2025-05-12,الصدق والمصداقية,Positive
fd8ff70e-1bab-44c2-ae0c-98420cbb7a37,Jumia,E-commerce,5,2025-05-12,شكره محترمه وخدمة عملاء ممتازة,Positive
c5da34b8-8bb6-4d06-9338-064536ce5b72,Jumia,E-commerce,2,2025-05-12,الأسعار أعلى من اى مكان للأسف لولا أن الطلبات مش موجودة برة مكنتش جبت من هنا,Negative
8fecdc5c-711f-4318-b9a2-618a1763b436,Jumia,E-commerce,5,2025-05-12,خدمه ممتازه,Positive
adda1055-dbe8-49d6-bb61-0d78d83c0af7,Jumia,E-commerce,5,2025-05-12,جيد جدا,Positive
d98b7480-fc78-4263-adaf-95374c47c4d7,Jumia,E-commerce,1,2025-05-11,جوميا دي ااوسخ شركة اونلاين في مصر. منتجات زباله وشعبي جدا واسعارها غاليه عن المتاجر التانيه انصح الناس محدش يشتري منها عشان مش هيعرف يرجع المنتجات بتاعتها .,Negative
20771fb1-dc75-4462-b44f-213f4da58c84,Jumia,E-commerce,5,2025-05-11,افضل متجر,Positive
a6f1bc53-9519-49e9-b307-a4e01769e37e,Jumia,E-commerce,5,2025-05-11,تطبيق جميل,Positive
1a83d7f5-ff8b-40e6-b927-f05c733ee83e,Jumia,E-commerce,3,2025-05-11,مش اول مره اطلب من جوميا عن تجربه انضف واحله شركه ف التغليف وف نظام وترتيب ال منتجات والشحن كويس جدا بحبها جدا شكرا جوميا 💖,Neutral
3e43a0b8-23c7-497f-bd46-20cdf4f20265,Jumia,E-commerce,5,2025-05-10,شكرا فريق جوميا,Positive
aec9a870-51bd-45a7-9e8a-fb57fed03737,Jumia,E-commerce,1,2025-05-10,البرنامج ميش عايز يفتح نهاى مع رغم مشغل النت والبرنامج معلق وميش عايز يفتح أو يحمل أي حاجة وكنت طالب كوتشي من ٣ أيام وجالي مقطوع وعملت الإلغاء الطلب بعد ما جالي ولحد دلوقتي البرنامج ميش بيفتح ولما كلامت خدمة العملاء قالي يوم السبت هايجي يخدوا ف ميش عارف هيعملوا آه معايا,Negative
b790c258-c4f4-4fd1-b935-80061c496600,Jumia,E-commerce,1,2025-05-09,تطبيق وحش جدا دائما رافض الدفع عند التسليم,Negative
dd5defa6-ed31-4e4b-98c6-c13ae80132f8,Jumia,E-commerce,5,2025-05-09,بقالي سنتين مع جوميا اكتر مكان بشتري منه منتجاتي وانا واثقة فيه و مرتاحة للمنتج حتى طلبات الارجاع سهلة جدا شكرا جوميا ♥♥♥,Positive
44e4b0c4-12a0-4a37-b277-1789d08d509d,Jumia,E-commerce,1,2025-05-09,الخط كبير اوى مش عرفة اكمل البيانات رغم صغرت خط الهاتف خالص,Negative
187a82bd-fb4c-43d3-9f7a-f5d62c2b693c,Jumia,E-commerce,5,2025-05-09,🔥🔥,Positive
3c329803-7415-411f-aff2-b18064849277,Jumia,E-commerce,5,2025-05-08,تمام,Positive
3e04aa03-16fb-4ae1-8757-db86bd6f3597,Jumia,E-commerce,1,2025-05-08,متقداوش منها ألا غتخوروا,Negative
bb8e4dce-f531-4696-b067-32fbf1cc40b8,Jumia,E-commerce,5,2025-05-08,ممتاز جدا وسريع,Positive
eccd1b5e-4958-4ca8-867e-49d13d810407,Jumia,E-commerce,1,2025-05-08,انتو هتثبتولي الاعلان ع الصفحه الرئيسيه الفون طااايب ادي إلغاء تنزيل ومسح,Negative
25cd9b5c-28ca-432a-8987-25d195d6e646,Jumia,E-commerce,1,2025-05-08,وحش,Negative
2b79b9f3-a7b9-4850-8d87-4903df34b66d,Jumia,E-commerce,5,2025-05-07,موقع ممتاز,Positive
578a6d61-6544-47f4-82a2-bce2a3dba213,Jumia,E-commerce,1,2025-05-07,أكبر تطبيق كاذب. لايمكنك التعليق داخل التطبيق لكي لا يتم فضحهم و ظاهريا يمكنك طلب إعادة إرجاع و لكن لاشيء كذلك في الواقع أكثر شي يمكنك فعله هو أن تتكلم مع بوت,Negative
077f9958-0e7e-4a36-bb66-3b021a22b9d0,Jumia,E-commerce,5,2025-05-06,ناس محترمة تستحق الشكر والتقدير .,Positive
be424faa-19b6-40e0-b00a-fb61b644b05d,Jumia,E-commerce,4,2025-05-06,تطبيق رائع وخدمه عملاء جيده,Positive
c03acf32-7794-4808-95e8-a64069fe4011,Jumia,E-commerce,1,2025-05-06,so bad,Negative
1ded1d28-e3b1-4adb-9086-eefba747e201,Jumia,E-commerce,1,2025-05-06,أسوأ تطبيق ممكن تشترى منو حاجه,Negative
d9a6217f-88fb-46d9-b21e-c55bec343541,Jumia,E-commerce,1,2025-05-05,اسوء سوق الكتروني كل الطلبات بتتلغي,Negative
27e93373-e3bc-4e92-a4c0-a7c7b69f28b0,Jumia,E-commerce,1,2025-05-05,اسوء خدمة انا حطيت نجمة واحده علشان اعرف اعلق لكن هما مايستاهلوش ولا نجمه انا طلبت اوردر وبعد مااتشحن اتلغي وبسألهم يقولوا للاسف مش بنوصل للعنوان اللي انت كاتبه طيب مش المفروض لما نكتب عنوان مش في نطاق عملهم يظهر لنا ان العنوان ده غير متاح التوصيل له ولا هما ممشينها بالحب للاسف خدمة سيئة جدا,Negative
4eb6a648-35f4-4c94-a16e-1daf4d93d760,Jumia,E-commerce,1,2025-05-05,كل مااطلب أوردر وانتظر ايااااام يقولو لي تم الغاء الاوردر أصبح البرنامج فقير لا انصح به الخامس مره اطلب ويتلغي الاوردر... مفيش بضاعه عندكم... اغلقوا التطبيق افضل لكم ولنا,Negative
80983a40-aedf-4ef4-8ff0-761a0c5aad8c,Jumia,E-commerce,5,2025-05-05,اشتريت كتير من على الموقع كل حاجه بتبقي جيده الا جودة الملابس بتكون مش حلوة كخامه وتقفيل ياريت يكون التعامل مع برندات أعلى جوده شويه فى الملابس وكمان بقالى فترة بشتري عمري ما جالي كود خصم مع انكم دايما بتعلنه ان ده موجود ممكن اعرف السبب وخدمة العملاء روعه والاسترجاع سهل جدا بس نفسي يرجع التوصيل للبيت مش مراكز التسليم وخصوصا لو شاريه شاشه وشكرا,Positive
80bfbfba-55a1-4a1a-a277-da8b82a5fc4b,Jumia,E-commerce,1,2025-05-04,تجربه سيئه طلب سماعه وقعدت اكتر من 10 ايام وف وكلمت خدمه العملاء وقالولى هنجيبهالك وف الاخر لغوا الطلب وكل دة عشان بعد ما عملت الاوردر السماعه غليت 150 ج,Negative
dc847824-92c1-481e-ae88-595048d440fb,Jumia,E-commerce,5,2025-05-04,تحفه بجد,Positive
17562bde-436e-45a5-88cf-502397ff3cde,Jumia,E-commerce,5,2025-05-04,رائع جداااا,Positive
624f27c3-c0a1-4377-9e20-4efd7b339633,Jumia,E-commerce,5,2025-05-03,جميل ومريح لكن به بعض العيوب منها تاخره في تحديث المنتجات وعدم عرض المنتج المرغوب لذا يؤجى اصللح هذا الخطأ,Positive
afabc0c5-a8ca-4a90-915e-4cda33aa01b6,Jumia,E-commerce,5,2025-05-03,تطبيق جيد جدا ولكن يوجد معي مشكله وهي ان لو كتبت في البحث كلمه ليست كما مكتوبه علي المنتج تمامآ..فلن يأتي ما ابحث عنه ويقول لي لايوجد شئ في حين أن التطبيقات الاخري يأتي كل مايتعلق بالكلمه وهذا يسهل البحث عن المنتج..فرجاء تعديل هذه النقطه,Positive
a0629acb-c1d1-449b-800e-4a0c94271c30,Jumia,E-commerce,5,2025-05-03,ونعم خلي تقفي كل انسان شكرا على الخدمات اللي كاتقدموا للناس شكرا وشكرا وبالتوفيق,Positive
37dcec7f-54bc-4ace-8b05-1d601820b001,Jumia,E-commerce,4,2025-05-02,خدمه توصيل ممتازة,Positive
44996378-12c9-4282-abff-7c9687498b09,Jumia,E-commerce,5,2025-05-02,جيد جدا,Positive
ad388c25-7f07-4426-9ff9-3572cd4da3cc,Jumia,E-commerce,5,2025-05-02,الله اكبر,Positive
f4b8e9fa-a2ea-4aae-a41a-75fbcd2376dd,Jumia,E-commerce,1,2025-05-01,عجبتني عدة أشياء و كنت انوي ان اشتري لاكن لا يوجد توصيل لمدينة الداخلة 💔,Negative
76131bc7-8941-489b-beb4-8245fe8fa1d6,Jumia,E-commerce,5,2025-05-01,ممتاز والاسعار مناسبه جدا,Positive
ea520732-5225-46f4-94a1-2a4dfb1a0ba3,Jumia,E-commerce,5,2025-05-01,برنامج وخدمة ممتازة,Positive
dbdb20f3-0c3e-42e0-baa4-dbdedbb39741,Jumia,E-commerce,1,2025-05-01,تطبيق ملوش لزمه اطلب الاوردر ميوصلش وفي الاخر العميل يقعد يحور تم الحذف,Negative
8e3460e5-39c6-4dfc-aa65-7ec96393dc59,Jumia,E-commerce,5,2025-04-30,.افضل التطبيقات اللعب مع الكبأر..,Positive
c77de813-060f-4c00-a536-316e9db89a9b,Jumia,E-commerce,1,2025-04-30,سئ جدا / الأسعار عالية جدا مقارنة بالمنصات الأخري كـ(أمازون و نون) لا أنصح به إطلاقاً,Negative
a5943a38-4aa8-4f32-b210-5cd9dae951ed,Jumia,E-commerce,1,2025-04-30,سرعة التوصيل جيدة ولكن جودة الكتاب سئ جدًا وممزقه ولا تشبه الصور تمامًا ولا يتم استرجاع الاوردر لو كان فيه عيوب 👎👎👎👎👎👎👎,Negative
f07494c9-bc90-4d63-9044-45dd62150880,Jumia,E-commerce,5,2025-04-30,تطبيق ممتازة,Positive
ab6080fd-d915-43e5-aa10-bcb20959a85f,Jumia,E-commerce,5,2025-04-30,جيد,Positive
55f3f7e3-cc36-4622-bbbc-3d4786d28879,Jumia,E-commerce,5,2025-04-29,سوف اجرب على كل حال و اتمنى ان اكون احسنت الاختيار,Positive
f13371af-3405-4b2a-93ba-3c09653b5c1c,Jumia,E-commerce,1,2025-04-29,ابلكيشان زباله وخدمة عملاء فاشلين وإدارة صفر,Negative
94683a76-d2f4-4486-81ce-6e4def3dcdef,Jumia,E-commerce,1,2025-04-29,التطبيق معلق كل لما ادخل يكتب غير قابل للتحديث,Negative
bc1af64c-cf9a-4eee-b138-d681c115d9f9,Jumia,E-commerce,1,2025-04-29,طلبت مكنسة وجات مكسورة من يوم 15/4/2025 وعملت طلب استرجاع ولم يتم الرد الي الان السؤال هنا مكنسة مكسور تحتاج 15يوما للرد ولم يتم الرد الي الان اسواء منديب توصيل واسواء معملة ياريت صاحب العمل ده يهتم بالعميل اكثر من كدة وانا قدمت شكوى في حماية المستهلك وبكرة سوف اعمل شكوى تانية في النيابة اسواء شركة ونصين حرفيا,Negative
f54dd408-314b-4d17-b0cc-b2b7d75bdb64,Jumia,E-commerce,1,2025-04-29,بصراحه هي اسوء شركه انا اول مره في حياتي اشوف الاوردر بدون اي علم لك بعد ما بتطلب الاوردر,Negative
90d844b1-d216-47a8-acf2-eb398363f4d3,Jumia,E-commerce,1,2025-04-29,تطبيق سئ جدا بحاول ارجع منتجع بقالي شهر ولا اي نتيجه وعشر شكاوي ولا في فايده ولحد دلوقتي مش عارفه ارجع حاجه ولا حد يجي ياخد المنتج,Negative
50a5adf5-8a10-4d9d-b43f-039e1ee70ad3,Jumia,E-commerce,3,2025-04-29,جيد,Neutral
efc8b49a-efb4-46d8-b8de-41a7048cafc0,Jumia,E-commerce,5,2025-04-28,جميل جدا,Positive
5467a5ae-fee6-44c6-894b-39e9ba834cbc,Jumia,E-commerce,5,2025-04-28,ممتاز,Positive
b656276e-cb47-477e-846e-af2a473e5391,Jumia,E-commerce,5,2025-04-28,👌⭐,Positive
024a377b-51d8-46b1-8e86-92525de6e4c2,Jumia,E-commerce,1,2025-04-28,موقع ممل جدا جدا جدا جدا انصح بعدم التعامل,Negative
4ffc6825-22a2-4456-84a6-2d1382d0b834,Jumia,E-commerce,5,2025-04-28,كويس جدا,Positive
68cb3ee7-a5ec-4784-ab4e-0b022b1d2dcc,Jumia,E-commerce,4,2025-04-28,تطبيق رائع بنسبة الى المنتجات و اسعار,Positive
27d050ae-d139-430f-8e46-64b49429936c,Jumia,E-commerce,5,2025-04-28,برنامج فوق الممتاز بصراحه ولو في اي حاجه مش فاهمها بيفهمهالك بكل سهوله واحترام وفي ميزة الدفع كاش مش فيزا بسس برنامج فوق الرائع ❤️,Positive
36ca1271-7be3-4aa7-9a0e-f50fcb581ce0,Jumia,E-commerce,5,2025-04-27,راضي عن البرنامج,Positive
ab76704f-299f-4773-a5b9-45ece52c414d,Jumia,E-commerce,5,2025-04-27,جميل جدا جدا جدا جدا جدا جدا,Positive
a84d2087-b142-4986-93d6-e81dbacea405,Jumia,E-commerce,1,2025-04-27,تطبيق سيء ومعاملة سيئة ومنتجات سيئة,Negative
5b968d3b-1285-4442-8f51-8d932ee369a8,Jumia,E-commerce,5,2025-04-26,ممتاز,Positive
53f84f0a-be22-447f-b771-33c7b2cba4db,Jumia,E-commerce,4,2025-04-26,جيد جدا,Positive
01670db3-9f30-495e-85cf-f2a9b94875a4,Jumia,E-commerce,1,2025-04-25,مش بيفتح ولا بيعمل تسجيل دخول بيفولى فى مشكله ارجو الحل,Negative
18887f04-6f9d-4eea-b032-cc968b0b0cbe,Jumia,E-commerce,5,2025-04-25,جميل جدا وبديل لأمازون ونون,Positive
0b7311be-5df9-43b6-9047-7598d7f64da4,Jumia,E-commerce,5,2025-04-25,وااو,Positive
a45d3dd7-3581-41ed-a6c4-f78ad1aaeea1,Jumia,E-commerce,5,2025-04-24,👍,Positive
01efd177-8f5a-4915-8a27-3e82d1a15624,Jumia,E-commerce,4,2025-04-24,جودة المنتحات لا باس بها بالمقارنه مع السعر التعامل جيد خدمه العملاء ممتازة,Positive
c7862422-ca82-41fa-8f8e-5bb71e289716,Jumia,E-commerce,5,2025-04-24,ممتاز,Positive
3a47120d-c839-457f-af9e-a943468bf7de,Jumia,E-commerce,1,2025-04-24,التطبيق سيئ للغايا,Negative
400d315b-2732-4748-bb99-0a50ccf6f865,Jumia,E-commerce,5,2025-04-23,منصه مبشرة,Positive
2b8cfe4e-4334-4198-944a-499561221d6f,Jumia,E-commerce,1,2025-04-22,متشكرين لحسن تعاونكم معنا,Negative
7741010c-4f73-40d5-95a6-6804ed3d2fab,Jumia,E-commerce,4,2025-04-21,اتمنا من شركة جومسا ان تغير طريقة دفع اي ان تدفع حتى يصلك طلب وشكرا,Positive
0b624eb7-a8d9-45f6-9a7b-49d072ca78b1,Jumia,E-commerce,5,2025-04-21,ممتاز جدا,Positive
b71ec62d-c177-4866-a9ad-c4ca96394fde,Jumia,E-commerce,5,2025-04-21,جميل فكرة نقطة الإستلام,Positive
0a36e918-bb55-40d8-9633-9f688377a327,Jumia,E-commerce,5,2025-04-20,ممتاز,Positive
15df3978-2a07-403a-a6ba-8da92ccf4759,Jumia,E-commerce,5,2025-04-20,الطلب عليه سهل لما الاوردر يوصل هعرف هقيم ازاي,Positive
d45fa64e-a6bb-4ee5-9028-2de4ab111e56,Jumia,E-commerce,5,2025-04-20,جميل جدآ,Positive
9f8fcd9c-d68a-45d2-a350-d9dfc3ae5d88,Jumia,E-commerce,5,2025-04-20,ممتاز,Positive
5d85befd-009c-4696-8fc0-2914743ab0ea,Jumia,E-commerce,4,2025-04-19,في منتجات كتير اسعارها عالية بالنسبة لنون والبرامج التانية,Positive
066b12a6-4903-4a80-a636-d264ed564ee3,Jumia,E-commerce,5,2025-04-19,برنامج رووعه,Positive
f972194b-0262-4a3a-aafd-e9d13fc9244d,Jumia,E-commerce,1,2025-04-19,سيئ جدا إلغاء للأوردارات دون سبب وعندما تتواصل مع خدمة العملاء تدعي حجج واهية ، أصل كان خلصان من المخزن .... أقول إزاي وكان متاح أكثر من قطعة ،وبعدين يتم الإلغاء بعد أسبوع تقريباً ولا يتم حل للمشكلة ، ممكن يافندم تشوف بديل ...هو دا الحل عندهم ،مش محاسبة المخطئ وتعويض المتضررين 😡 شئ مؤسف,Negative
eb6f76ea-ff5f-4073-9ec1-7d62c333d08d,Jumia,E-commerce,5,2025-04-19,السلام عليكم ليه ماتفتحوا فى السعودية والدول العربية علما ان مواقع من الصين وتركيا تعمل فى دول الخليخ وتحقق مكاسب جيدة أو حتى يتم توفير شحن مثل هذه المواقع . شكرا,Positive
71245e78-ff73-4f66-9cbd-59415d1dc467,Jumia,E-commerce,5,2025-04-18,رائع انت تفوز تطبيق رائع وانصحكم بتثبيته,Positive
b1769d62-5b9b-4d7e-80d0-ede23396a066,Jumia,E-commerce,1,2025-04-18,سيئ جدا,Negative
ffdeae0d-7db4-424e-955e-f76dfc257a99,Jumia,E-commerce,5,2025-04-18,ممتاز,Positive
00c22968-a267-47fa-9b05-5af1fc6b15ee,Jumia,E-commerce,1,2025-04-17,تطبيق سييييييء جدا,Negative
7ee6a54c-1362-464b-b12d-c785100bf963,Jumia,E-commerce,5,2025-04-17,ممتاز يقرب المسافات في الاسعار,Positive
53e62e6e-0575-40df-a6dd-f820b697ca53,Jumia,E-commerce,3,2025-04-17,مفيد جداً,Neutral
9230a107-0d40-4f49-b31b-014271ec47ee,Jumia,E-commerce,5,2025-04-17,جيد,Positive
ab431ca2-67a1-4639-8b64-603b7d76316b,Jumia,E-commerce,1,2025-04-17,البرنامج بيعمل خروج لوحده كل شويه,Negative
d83aa818-3395-4f47-b88e-e40b8b1013ac,Jumia,E-commerce,5,2025-04-16,برنامج جامد,Positive
45798be4-2d4f-480b-a575-002ce2fdd8e1,Jumia,E-commerce,5,2025-04-16,كويس جدا,Positive
625b9c84-de1b-4ce0-abbf-b285e3159950,Jumia,E-commerce,5,2025-04-16,روعه,Positive
d2201b9a-7882-4158-a3b8-7f3271349bb0,Jumia,E-commerce,5,2025-04-16,جيد,Positive
bc2fda3f-648d-40f2-a3db-fe67bef3b12f,Jumia,E-commerce,1,2025-04-15,اسوء شركة ممكن تتعامل معاه ومفيش خدمة مقدمة اضافية تخليني اتعامل معاكم تاني ونصب في سياسة الارجاع يعني لو اشتريت حاجة من عندهم وطلعت مكسورة لازم تستن من ٢ الي 3 يوم علشان يخدوة وبعد كدة يفحصوها ٢ الي ٣ ايام ويشوف هيرجعولك فلوسك او لا وتعامل سئ من منديب التوصيل وشركة لا تحترم العميل الوقت ده ليه العميل يتحملة حسبي الله ونعم الوكيل,Negative
08eed1a4-351f-4f62-b85c-6df8e6be484f,Jumia,E-commerce,5,2025-04-15,خدمة عملاء ممتازة,Positive
c69c6710-68f0-47a2-906c-733e0820b1d8,Jumia,E-commerce,3,2025-04-14,انا من كام يوم اشتريت مكواه بخار و لقيت في عطل و الواضح انها كانت مستخدمة قبل كدا و من حق حماية المستهلك ان قبل ما يعدي 14 يوم اقدر ارجع المنتج براحتي او اغيره ف ازاي يعني اعمل طلب ارجاع يقولي المنتج ده غير قابل للارجاع طيب انا مالي !!! هو المنتج جاي بايظ من عندكو و انا مش هحتاج حاجة بايظة و مش شغالة و منغير ضمان كمان ف من فضلكم حد يتواصل معايا و عايزة ارجع المكواه و اخد فلوسي انا اول مرة اشتري من عندكو و حقيقي تجربة مش الطف حاجة يعني ازاي بجد مش بيرجع انتو بتلبسوني المنتج!!!!!,Neutral
f9d1caa3-95fb-44b1-bba5-17420c0a8b77,Jumia,E-commerce,5,2025-04-14,بصراحه احلى وانضف برنامج فى كل حاجه والاسعار والعروض وامان فلوسك اديله 7 نجوم مش 5,Positive
0a3f3a5c-ffa6-4c0a-8f88-badcc0b8fc58,Jumia,E-commerce,5,2025-04-14,ممتاز,Positive
c520ac05-28ed-4efb-adff-4fa608459a08,Jumia,E-commerce,5,2025-04-13,ممتاز جدان,Positive
14e83931-e53c-4b22-90bc-a40ddf4f501b,Jumia,E-commerce,1,2025-04-12,من اسوء المواقع وخدمه ما بعد البيع زباله,Negative
ec596bcd-4144-453c-b3ac-bdea218362d1,Jumia,E-commerce,4,2025-04-12,ممتازة جدا,Positive
101fc2ff-c5f2-4f37-b646-54fe46763667,Jumia,E-commerce,1,2025-04-11,"شركة سيئة وخدمة عملاء اسوء فاهمين اني احل مشكلة العميل بإني افضل اعتذر ليه اللي هو "" اه يافندم الاوردر بتاعك متاخر فعلا بقاله ست ايام بعتذرلك استنى كمان يومين عمل "" مش هنكلم المخازن مثلا يحركو الاورد لا احنا هنعتذر عالتأخير والمندوب عشان مش على هواه يجي المكان بتاعك اليوم دا يبعت رسالة عالتطبيق انه مش عارف يتواصل معاك فالاوردر هيتأجل ليوم تاني مع انه مرنش عليك اصلا ولما اكلمه يقولي هجيلك بكرا ويبعت رسالة عالتطبيق ان انا اللي اخترت الاورد يتأجل 👎",Negative
a42e1952-d409-4f29-bacb-320255a6fe81,Jumia,E-commerce,3,2025-04-11,هل يوجد نظام تقسيط,Neutral
b97cf6a7-82e3-44d4-822b-51c66b016c77,Jumia,E-commerce,1,2025-04-11,كان بدي أشتري أشياء بس لما رحت رح لقائمة المدن لتوصيل إلى باب المنزل ما لقيت إسم المدينة يلي أنا عايش فيها اتمنى تضيفوا المدن يلي حدفتوها,Negative
bad06e82-cb36-446c-87e5-3029bc859afe,Jumia,E-commerce,2,2025-04-10,أنا دائما أشتري من عندهم العيب الوحيد لي في التطبيق ما هو زحمة ما ما عرف كيف تطبيق يقول زحمة إرجع بعد دقائق. دائما زحمة,Negative
c853b9d0-377b-4558-a4bf-7c55a2311de7,Jumia,E-commerce,5,2025-04-10,ممتاز,Positive
af3e7d74-f772-45f6-89b1-5f602b6d4ae1,Jumia,E-commerce,5,2025-04-10,تطبيق جميل جدا ورخيص ولكن يجب أن تكون لديك البطاقة البنكية لي شراء ماتحتاجه,Positive
94495686-6c2a-4a4c-ad74-3595ff27fa24,Jumia,E-commerce,2,2025-04-10,بتعامل دايما مع جوميا لكن فيها عيب خطير وهو أن الاوردر بيوصل على مراحل مش بيوصل مرة واحدة يعني لو طالب ١٠ حاجات كل يوم أو يومين يوصلني حاجة أو حاجتين منهم و طبعا ده تضيع للوقت والمال ارجو الانتباه لحل هذه المشكلة يعني فين المشكلة لما الاورد يوصل كامل مرة واحدة حتى لو هيتأخر شوية أحسن من اللي بيحصل ده,Negative
845ee25f-2537-4336-8b62-ad3c8544df9d,Jumia,E-commerce,5,2025-04-09,شكر,Positive
b5d7c836-adc1-48de-92ff-7e73139be3a8,Jumia,E-commerce,1,2025-04-09,شفارة شفارة حتا حد مايشري من عندهم المهم انا نصحت غاع اصدقائي اللي شراو عندهم أكدوا ليا ان جوميا نصابة او تأكدت بنفسي ملي نصبو علا,Negative
b8de517c-585a-411e-a8a1-854f0e8de752,Jumia,E-commerce,5,2025-04-09,مده التوصيل بعيد ياريت يكون الايام اقل من كده,Positive
733249be-4d52-4a6f-b7d0-8280cbcfc70b,Jumia,E-commerce,5,2025-04-09,اسعار مميزة,Positive
94b428d0-16ed-44ca-bbff-3fd980f04cbe,Jumia,E-commerce,4,2025-04-09,تمام بس المواعيد بعيده شويه,Positive
42121f10-7952-4c52-b4f6-4c376f625b5b,Jumia,E-commerce,5,2025-04-08,لازم حساب بنكي مينفعش الدفع عند الاستلام,Positive
b4b62de7-789b-4568-8697-52007c8e472a,Jumia,E-commerce,1,2025-04-07,اعظم ظ ان تختار غمنع يا عم تحننتظ؟ مهم ن,Negative
fabe0ea5-48ae-4b60-8e29-f39a1941fa47,Jumia,E-commerce,5,2025-04-07,تطبيق ممتاز جدا,Positive
63821101-6e0d-4521-8949-0f870ebde707,Jumia,E-commerce,1,2025-04-06,الأسوء,Negative
973a3efe-6bbb-4509-9fda-9f7399a4979b,Jumia,E-commerce,3,2025-04-06,التوصيل بيتاخر ليه اطلب أوردر يوم ٦ يوصلني يوم ١٤ ؟,Neutral
03651d18-f43f-4449-a5e7-e021a719a376,Jumia,E-commerce,5,2025-04-06,تجربة فريدة ومميزة.. معكم التسوق ممتع 🥰😘,Positive
38b35257-a9df-405f-85ab-fdba9ada56d4,Jumia,E-commerce,1,2025-04-05,بقالى فتره بحاول اتواصل مع خدمه العملاء عن طريق المحادثه الفوريه ومبقاش فيه محادثه فوريه نوصلكم ازاى فيه منتج بقالى مده عملاله استرجاع وجالى رساله عالواتس من مده ان المبلغ اترد ومفيش فلوس رجعت لسه اتواصل معاكم ازاى,Negative
3cb310f7-d331-4b41-ae11-536914c7315a,Jumia,E-commerce,5,2025-04-04,ممتاز,Positive
bd03c29f-c749-43b0-8cdb-4e57b1b21530,Jumia,E-commerce,5,2025-04-03,تطبيق رائع و سهل للشراء,Positive
c3417fcf-6377-42f1-8fb9-24548e4578c0,Jumia,E-commerce,5,2025-04-03,جميل,Positive
217b4040-f2f9-4610-b762-7568d0891b5f,Jumia,E-commerce,5,2025-04-03,برنامج جيد ومحترم فشخ والحاجه بتيجي بسرعه,Positive
8aadfdaf-8231-41dc-afa3-cfc3940d78ba,Jumia,E-commerce,5,2025-04-03,شكرا,Positive
850984e8-404c-44f0-882f-d8a0ba3a1b30,Jumia,E-commerce,5,2025-04-03,التطبيق محترم جدا و مستوى عالي جدا,Positive
db6acb10-ffd2-475a-81ed-e09fa7c6f218,Jumia,E-commerce,5,2025-04-03,أفضل تطبيق للشراء,Positive
27cf0c93-d683-4acf-bab8-8955cf5cb8b0,Jumia,E-commerce,5,2025-04-03,كويس جدا و الطلبات,Positive
f60042c3-d470-4d7a-8021-5cc08b569f33,Jumia,E-commerce,1,2025-04-03,سي في انه لغا خدمه التوصيل في البلد اللي عايشه فيها (و كل ما اطلب اوردر يتلغي و الاوردارات دي مهما) چوميا مكنتش كده,Negative
15d2d328-5a97-42ec-98e6-815bd3a9cd81,Jumia,E-commerce,5,2025-04-02,جيد,Positive
9443ed5b-c39a-4677-8172-2e92a71b564a,Jumia,E-commerce,5,2025-04-02,تطبيق جميل لكن التوصيل بطيئ قليلاً,Positive
48d11f70-27dc-40d7-bf13-4158bdfab9e8,Jumia,E-commerce,5,2025-04-02,جيد,Positive
f701de7f-e600-4ad0-bba4-43b4264e3b53,Jumia,E-commerce,1,2025-04-02,مش عارفين نسجل دخول صعب جدا,Negative
e31e6f11-8d23-41fc-aece-6fa04f1e413e,Jumia,E-commerce,5,2025-04-01,بتوفيق إن شاء الله,Positive
94104fc0-d614-4e64-bd74-6caad12658c6,Jumia,E-commerce,5,2025-03-31,جيد,Positive
7b72767e-f53f-4a27-bf58-e41156745894,Jumia,E-commerce,5,2025-03-31,الموقع ممتاز,Positive
42ad336a-dc4e-43ba-8420-ab62bfe52c0b,Jumia,E-commerce,5,2025-03-31,ممتاز,Positive
a8e30f89-8563-4f93-b404-8412e4ea58e0,Jumia,E-commerce,5,2025-03-31,تطبيق رائع جدًا! لو في أي حاجة مش فاهمها، بدخل على المحادثة الفورية، والناس هناك بيفهموني بكل سهولة وبأسلوب محترم جدًا. التعامل راقي والخدمة ممتازة، وكل حاجة في التطبيق واضحة وسهلة. يستحق 5 نجوم وبجدارة بجد يعني ورخيص جدا عن امازون ونون كل حاجه متوفره في حاجه تحفه تحفه....,Positive
388070fe-ea95-4c9c-aaeb-fb68390fc407,Jumia,E-commerce,2,2025-03-30,الاسعار غاليا جدا,Negative
e65fd90e-4bee-42bb-8b6f-0a5c26c5590a,Jumia,E-commerce,5,2025-03-30,شكرا 🌹,Positive
00eed2f8-3a16-45f0-af2b-e0bd4790664f,Jumia,E-commerce,1,2025-03-30,كل ما اخد منتج ينفد و يتاجل منتج و استجابه بطيئهما اشتريت شيء لان كل ما اختار شيء ينفد,Negative
265da958-7d42-432d-baf3-0b54ebc89a84,Jumia,E-commerce,1,2025-03-30,سي جدا كم مرة وانا استياء من التعامل مع جوميا لأسباب كثيرة وكل مرة اقول في نفسي ان شاء الله تتحسن هذة الخدمات ومع الأسف الي وقتنا هذا منها اخر تعامل يعني عندما اطلب منتج بمواصفات مكتوبة في المنتج المعروض واقوم بطلب المنتج والدفع وبعد وقت طويل يصلني المنتج لا يطابق المواصفات المعروضة مع المنتج وقت الشراء من هو المسؤل اكيد المسوق جوميا كان عليهم استلام المنتج من التاجر وفق للمواصفات المعروضة في التطبيق جوميا هذا استهتار بوقت العملاء حتى في إرجاع المنتج وانتظار رجوع المبلغ في المحفظة ضياع وقت,Negative
4cdec45f-9942-4825-9bbb-286d55d6b43a,Jumia,E-commerce,1,2025-03-29,قسم الهواتف وملحقتها غير متوفره بيطلعلي المنظار ويكتب غير متوفر,Negative
6b9e0e14-8223-401c-8568-e30fb455350b,Jumia,E-commerce,5,2025-03-29,جيد,Positive
51f96b50-b6e4-47ef-b268-2ff9cb1a99e9,Jumia,E-commerce,5,2025-03-28,شعور جيد جداً بالعمل معكم,Positive
6f8b7ca7-cf54-442e-81b6-6684188805a5,Jumia,E-commerce,1,2025-03-27,خدمه سيئه وبطئ في إرسال المنتج وعدم المصداقيه في إرسال المنتج,Negative
d8708721-73a4-4927-a2ea-b4f1e4c60a41,Jumia,E-commerce,1,2025-03-27,نجمه كثيره عليكم ازاى مفيش محافظة قنا,Negative
31681ec4-a9c0-45e4-840c-a4b894e28489,Jumia,E-commerce,5,2025-03-27,nice,Positive
cfe9aac1-5021-43f9-a545-bc1f486a6393,Jumia,E-commerce,5,2025-03-26,برنامج ممتاز جدآ,Positive
6a04c36e-ca05-4f21-98e6-47565b8a8198,Jumia,E-commerce,1,2025-03-26,اسوء مواقع الشراء الاونلاين... مبيردوش يرجعوا المنتجات .. خدمة سيئة و القانون هو الفيصل,Negative
b73b5bf0-ce5f-4d07-abff-2aaa8b02c893,Jumia,E-commerce,1,2025-03-26,ابلكيشن سئ جدا وخدمة عملاء سيئ جدا وبيتعملو مع شركة شحن نصبين,Negative
9374c920-e823-43b1-bab4-4a31f4b65001,Jumia,E-commerce,5,2025-03-26,جيد,Positive
1e9b594e-4e44-480a-a9ee-37ddc2f4a0f2,Jumia,E-commerce,5,2025-03-26,جميل,Positive
a2e04b93-0627-41e2-a111-60c3ec54b084,Jumia,E-commerce,4,2025-03-26,هل هو مثل تطبيق شي ان,Positive
787167e7-17b0-4fca-95da-43c76825acc8,Jumia,E-commerce,5,2025-03-25,جديد,Positive
b704a55b-4afc-48f4-8470-68256eb4b7e3,Jumia,E-commerce,1,2025-03-24,مش بيفتح خالص,Negative
6cdcc584-10d5-4071-a161-0e2f1d1c9491,Jumia,E-commerce,5,2025-03-24,كويس,Positive
efc51c63-ba92-4b03-9347-290f2ac4b763,Jumia,E-commerce,1,2025-03-24,لايوجد مصدقية,Negative
30ab5ef1-9a2d-4067-aa06-ec4287eec519,Jumia,E-commerce,5,2025-03-24,لا اعرف عدم ماسبب عدم تحميل صفحة جوميا لي الي الان ارجو معالجة الأمر,Positive
660b7674-b905-475a-878e-03295dc4d2e0,Jumia,E-commerce,1,2025-03-24,خدمة سيئة للغاية من اسوء التجارب اللي حصلت معايا هي التعامل مع ابليكيشن جوميا والشراء من خلاله شركة الشحن ترفض الطلب من تلقاء نفسها بدون الرجوع للعميل والتواصل معه وعند التحدث لخدمة العملاء الرد احنا ملناش دعوة بشركة الشحن افهم ازاي شركة بتتعامل للبيع اون لاين ملهاش دعوة بشركة الشحن ومهما تحاول تفهم الشخص اللي بتكلمه بيبقا عندهم قناعة تامة أن مافيش اي خطأ من جانبهم أو من جانب شركة الشحن الخطأ دايما من العميل صراحة كانت أول واخر مرة اتعامل معاهم للاسف عدد الاحرف المسموح للكتابة خلص كنت وضحت اكتر,Negative
0f1d62d7-c418-40b2-a3fc-184970cd3f3a,Jumia,E-commerce,5,2025-03-23,احسن تطبيق للبيع في مصر 😍🥰,Positive
a692c03e-8686-4fb2-afe1-03f0806176ae,Jumia,E-commerce,1,2025-03-23,اسوء شركة ممكن تتعامل معها,Negative
c2ddc8e9-13fb-45b7-8ed9-e8feb35dbde4,Jumia,E-commerce,5,2025-03-23,محترم,Positive
417879e2-5913-4d95-9f5f-77070b450123,Jumia,E-commerce,1,2025-03-23,خدمت التوصيل بعد فتره طويله جدا برنامج وحش جدا جدا,Negative
34fecab4-e54a-4bf4-b67a-1fde14c02ca4,Jumia,E-commerce,5,2025-03-23,ممتاز,Positive
61a8547d-a179-4d15-af3b-36c97f161d67,Jumia,E-commerce,5,2025-03-23,برنامج ممتاز انصح بتحميله,Positive
a2650f4d-3616-40ee-9aa0-5d059ef26685,Jumia,E-commerce,5,2025-03-22,رايعة,Positive
1eaa072c-dbd0-49e9-a905-2aa071c80e33,Jumia,E-commerce,5,2025-03-22,احسن من امازون ومن نون وارخص,Positive
8fdac6f3-05dd-48b7-ad5e-5ac930eb7e01,Jumia,E-commerce,5,2025-03-22,افضل متجر الالكتروني,Positive
0c95365e-d3a8-40f1-a3b2-81c334acd7e1,Jumia,E-commerce,5,2025-03-22,تحت التجربه,Positive
a44a8d34-e291-4b2a-a28e-715c18d20f68,Jumia,E-commerce,5,2025-03-22,ابلكيشن سهل وسريع جدا,Positive
1030a409-3cd2-4760-b990-1ef2f421ec1c,Jumia,E-commerce,5,2025-03-21,جيد,Positive
adf093b7-9024-461e-9414-2915cf614525,Jumia,E-commerce,1,2025-03-21,أفضل عرض المنتج مع المعلومات الكافية عليه,Negative
fd6c6cd5-28ca-46e7-a4c3-d8b87daf6022,Jumia,E-commerce,1,2025-03-21,نصب وخداع اكتر من مره نصبو علينا مرتين في نفس الشهر خدو مرتجع مرتين ومرجعوش فلوسه ومعايا الشات والاسكرينات كلها الي تسبت,Negative
051a08a4-2716-4389-91b2-39de23420f9b,Jumia,E-commerce,5,2025-03-21,جمدااان يا مااان,Positive
a0535944-058d-4c6c-980d-13e2c116e782,Jumia,E-commerce,1,2025-03-20,أسوء تطبيق تسوق في العالم و التوصيل بطيء جدا جدا وفي كل مره يقولون لن يتكرر هذا الامر ويتاخر الطلب جدا,Negative
ce220943-ccad-48c3-b0c4-f8c607df2350,Jumia,E-commerce,5,2025-03-19,جاااااااااااااااااااامد ❤️🥰,Positive
3b35952f-4b92-4dea-86d3-8a1fb41e01e3,Jumia,E-commerce,5,2025-03-19,ممتاز,Positive
b0704b6f-65d5-413c-9348-8921648ab3d0,Jumia,E-commerce,5,2025-03-19,لسه هجريه,Positive
df7bf306-770c-4054-af27-f5d26f67f559,Jumia,E-commerce,5,2025-03-19,ممتاز,Positive
c5d2f928-7f32-41e5-a690-c077996fc4a6,Jumia,E-commerce,5,2025-03-19,من افضل مواقع والمصداقيه ممتازه طلبت كذا اوردر ما شاء الله المصداقيه والتعامل ممتازه,Positive
7acf5200-4f5d-4ed1-a31b-31cbf8ad14cb,Jumia,E-commerce,5,2025-03-18,تجربة شراء سهلة قيد التجربة,Positive
8739e834-71f0-4135-bc05-54b2905151a8,Jumia,E-commerce,1,2025-03-18,منتجات عالية تمن!!!,Negative
bdfbda70-f2e8-4037-a5d8-7529607027ff,Jumia,E-commerce,5,2025-03-18,wwwwwaaaaaaaaawwwww nice,Positive
f2a55402-1c7c-4dd4-9265-33f5d6b4de67,Jumia,E-commerce,5,2025-03-17,ممتاز,Positive
e3be81c8-cb92-43f3-a5d8-f91bec43e2b4,Jumia,E-commerce,5,2025-03-17,حقيقي رائع بس لو في سياسة الاستبدال في حالة ارجاع المنتج يبقي جوميا أكثر من رائع,Positive
5f4e5801-07f1-47dc-bebd-3a905e744d3d,Jumia,E-commerce,4,2025-03-17,خدمه في منتهى الروعه,Positive
a650399a-84b4-46b7-af12-64644e014e41,Jumia,E-commerce,5,2025-03-16,ممتاز جوميا الافضل,Positive
338aefeb-3438-408f-91bd-7568cb584483,Jumia,E-commerce,5,2025-03-16,اوك,Positive
d01cced6-3e9d-4196-ada5-c37abfe1f730,Jumia,E-commerce,5,2025-03-16,أجمل تطبيق,Positive
e08f5b76-8e7b-45e0-a356-f0301b75c43a,Jumia,E-commerce,5,2025-03-16,ممتازين أفضل من امازون في الأسعار والمعاملة شكرا جزيلا,Positive
6bde8532-8125-4cf6-bc0b-a7e060bc77ef,Jumia,E-commerce,5,2025-03-16,برنامج رائع,Positive
01761f19-1de5-45f3-812d-94fca3c9240c,Jumia,E-commerce,5,2025-03-16,تطبيق جيد,Positive
c98f9b4b-d4e4-49ca-b39a-7ad6427a22e2,Jumia,E-commerce,5,2025-03-15,جيد,Positive
924f1a3e-2294-48f7-8202-d6f390fc4415,Jumia,E-commerce,5,2025-03-15,تطبيق رائع,Positive
0109b139-985d-4d8e-adbf-86c7c813137c,Jumia,E-commerce,5,2025-03-15,ممتاز,Positive
388badd4-821a-4f10-b505-c9eafe79869c,Jumia,E-commerce,5,2025-03-14,تبارك الله,Positive
cefab68d-8fa7-4ecd-9b2e-477b87d64968,Jumia,E-commerce,5,2025-03-13,اميتياز,Positive
f69a0f41-e51f-4415-8830-7f0fd0a811f1,Jumia,E-commerce,5,2025-03-12,تسويق رائع,Positive
41d6a0a1-8c96-4e9c-9e12-b9089cc2d644,Jumia,E-commerce,5,2025-03-12,good,Positive
a763548c-cae2-4661-9838-8cd08faea232,Jumia,E-commerce,1,2025-03-12,بطئ,Negative
0bfaac5d-0fa5-4c38-baad-b0cb318b271a,Jumia,E-commerce,1,2025-03-12,قالو في خصم ٥٠ جنيه وطلع كذب بعد ما نزلت التطبيق,Negative
f9c7e831-39bc-4cd9-a82d-1d1fb815b761,Jumia,E-commerce,5,2025-03-12,ممتاز جدا جدا,Positive
02812582-1391-4ccc-af53-8522b6129468,Jumia,E-commerce,5,2025-03-12,جيد,Positive
1075445f-f664-471a-a09a-2e9735584b7b,Jumia,E-commerce,5,2025-03-11,تطبيق رائع جدا,Positive
2901bf89-4551-4e2d-ab74-008b969e4575,Jumia,E-commerce,5,2025-03-11,ممتازة,Positive
eb0f037e-125b-494e-94ec-01c094bd0fc7,Jumia,E-commerce,5,2025-03-11,تطبيق جيد,Positive
cf8ffa7d-53ac-4966-85ee-864e724fa663,Jumia,E-commerce,3,2025-03-10,سيئ,Neutral
009d30bc-7657-4dfb-8249-73f7b2b4417b,Jumia,E-commerce,5,2025-03-10,ممتاز,Positive
bd93e7e5-0ef8-44ed-953a-3df37d2dbdaf,Jumia,E-commerce,1,2025-03-10,بعد كده لن اتعامل معكم,Negative
1ef21590-e559-475f-b35d-e7b381174938,Jumia,E-commerce,3,2025-03-09,التطبيق يحتاج إلى ميزة الـDark mood. الإضاءة البيضاء تؤلم عيني عند التصفح! أرجو أن تضيفوا هذه الخاصية.,Neutral
e1d9c485-38d2-4959-b84f-9b3e739ba83c,Jumia,E-commerce,5,2025-03-09,احسن حاجة دفع عند الإستلام 👍👍👍,Positive
5322ba2f-c7b6-49ed-92f2-a8a9b5bc68ae,Jumia,E-commerce,5,2025-03-09,good,Positive
e23b1978-8a13-461f-a31b-fca1fb3429e0,Jumia,E-commerce,1,2025-03-08,اسوء خدمه عملاء و دعم كل الأرقام مش شغاله ومفيش اي وسيله تواصل حاجه مقرفه بجد معايا مشكله ف طرد لسوء مناديب الشحن ومفيش اي رقم للتواصل ولا حتي في رد علي الجميل اي القرف دا ياجوميا؟؟؟😡😡😡,Negative
df400ecf-6f00-4e6e-8928-2340e2ef5fce,Jumia,E-commerce,5,2025-03-08,جميل,Positive
b539c26e-75cd-481f-a17c-1c5f5c1821e6,Jumia,E-commerce,1,2025-03-08,بعد ما حملته مش عايز يشتغل تطبيق فاشل فاشل النجمه إجباري لينزل تعليقي لصوص تحميل التطبيق عل الفاضي,Negative
0f854897-1464-48c7-8a6d-cdfeb5ad316c,Jumia,E-commerce,1,2025-03-08,تطبيق زبالة الاوردر بيوصل بعد حوالي اسبوع من الطلب دليفري زي الزفت والاوردات بتوصل بايظة وخدمة عملاء اوسخ من ما تتخيل اسلوبهم سئ في التعامل والكلام ومش بيحلو اي مشكلة خالص لا انصح بالتطبيق دا علي الاطلاق,Negative
c51a674f-1c4b-4ca5-a221-e77a340c0cbb,Jumia,E-commerce,1,2025-03-07,اسوء تطبيق للشراء على وجه الارض طلبت منتجات بعتولى طلبات مختلفه عن إلى طلبته وغير مطابقه للمواصفات المذكوره واضريت ارجع كل الطلبات أصبح لى عندهم كوبون شراء عملت أوردر جديد لاستخدام فلوسى إلى عندهم طلعلي رساله لا يمكن استخدام الكوبون فكررت العمليه مره اخرى اكتشفت انهم منفذين الاوردر مرتين بحاول اعمل الغاء لاحد الطلبات يقولى الارجاع عن طريق الاتصال اتصل يقولى الارجاع من خلال الموقع وبيلقفونى لبعض موق للأسف سئ جدا ولا انصح به ابدا وسف يتم ازالته بمجرد استرداد اموالى وسوف ألجأ لجهاز حمايه المستهلك,Negative
f93966ef-e068-4637-a802-6793e2019047,Jumia,E-commerce,5,2025-03-07,👍,Positive
a2799d4e-06cd-4d5b-8f8d-b7dcc11e8241,Jumia,E-commerce,5,2025-03-06,جميل جدا جدا جدا ورخيص على امازون ونون بس في حالات معينه والتطبيق تحفه سهله جدا في الطلب من غير اي تعب بس اطلب من على التطبيق مش من على المتصفح وشكرا جدا جوميا بس في معلومه الشحن بيتاخر جدا على حسب ما انت قريب,Positive
565f1717-e272-4d9d-99b7-2f1074798ad4,Jumia,E-commerce,5,2025-03-06,ممتاز جدا,Positive
f02c7188-675c-450a-aecd-31b93d1c7e95,Jumia,E-commerce,5,2025-03-06,ممتاز,Positive
9f424205-b78c-4aef-884d-03d53a623a12,Jumia,E-commerce,5,2025-03-05,خدمات متنوعه,Positive
1190fc76-e1db-4a15-b6ad-606ff0a7a02e,Jumia,E-commerce,4,2025-03-04,جيدة بعض الشيء،,Positive
062bc61e-630d-4ec8-9d8c-29a968530c37,Jumia,E-commerce,5,2025-03-04,تحت التجربة,Positive
3602fc0e-cab1-4df1-a92b-c557346a4b6a,Jumia,E-commerce,5,2025-03-04,تحفه اقسم بالله العظيم تحفه ♥️😘,Positive
b8e1cbef-6ca9-4525-89db-5888c13977b2,Jumia,E-commerce,5,2025-03-04,جايد جدا,Positive
09f6ad2c-e92d-4ad3-b175-327e87ead472,Jumia,E-commerce,5,2025-03-03,تطبيق ممتاز,Positive
62684f28-ed6a-4401-bbbb-7f35e8688e55,Jumia,E-commerce,3,2025-03-03,Good,Neutral
5250d30e-ed65-44ec-9864-9bbad31b65b5,Jumia,E-commerce,5,2025-03-03,good,Positive
e4b45489-631e-4d3d-bd7f-36bff5f7be6b,Jumia,E-commerce,5,2025-03-02,ممتاز جدا,Positive
30e8c754-f703-4a34-aeea-5dcd4e28edd2,Jumia,E-commerce,5,2025-03-02,جيد جدا,Positive
19492f2f-3f46-43a4-b5bf-8e2fe73f0c6a,Jumia,E-commerce,1,2025-03-02,كلش غالي . كل ما هو جزائري ما يصلحش .,Negative
8b7af5d3-3ec1-4a9f-b7ae-5c58875260b5,Jumia,E-commerce,5,2025-03-01,🤎🤎,Positive
b28dc96a-aaf2-4d75-88cd-fbad03df0ae1,Jumia,E-commerce,1,2025-03-01,التطبيق ما يستاهلش نجمه والتوصيل بطيء جدا جدا جدا جدا جدا,Negative
4dbd2acf-0ede-433f-98e8-949fbfe6e98c,Jumia,E-commerce,1,2025-03-01,تعطيل عمليات الاسترجاع حتى انتهاء فترة الاسترجاع لتلبيس المنتج للعميل بالعافية منتجات مغشوشة و مقلدة,Negative
295124d7-22da-4638-957f-a8f477ed05d7,Jumia,E-commerce,1,2025-03-01,مراحل اتمام الطلب كثيره جدا,Negative
c10bb027-2e4e-48f7-86bb-d8daf128ffa6,Jumia,E-commerce,1,2025-03-01,لم تطبق قسائم الخصم من عجله الحظ,Negative
1e2c1355-5a64-4712-ba8c-73020a53e632,Jumia,E-commerce,4,2025-03-01,حلو بس مفيش حاجات كتير,Positive
5e412e75-dc29-43a6-b898-a64b8b9f48a1,Jumia,E-commerce,3,2025-03-01,التطبيق جميل و سهل في شراء الاشياء ولاكن يرجى إضافة اشياء عديدة لدولة الجزائر لان كل ما اريده لا اجده خاصة الالعاب,Neutral
8979ccc4-3e25-459e-bbb1-0178346490f6,Jumia,E-commerce,4,2025-02-28,جميل جدا,Positive
21685bb9-93a4-44f9-9d49-92d23c8aa05e,Jumia,E-commerce,1,2025-02-28,نصيحة والله العظيم معاملة التوصيل عندهم اقل من سيئة وما في تقدير للعميل نهائي حسبي الله ونعم الوكيل,Negative
8a073b9c-9506-45e8-ab73-d8a850aee931,Jumia,E-commerce,5,2025-02-28,رائع❤️,Positive
5eaf0015-c657-433f-92b0-b7bfb6b0b28c,Jumia,E-commerce,5,2025-02-27,جيده جدا,Positive
977dc977-5407-4eb4-ac50-ad7aaaaa8897,Jumia,E-commerce,5,2025-02-27,جيد,Positive
f3e6b951-96d2-44cc-8aad-40ada90e408d,Jumia,E-commerce,5,2025-02-26,tereee bien,Positive
65073fe0-1736-46b3-bc73-0258720ef5e1,Jumia,E-commerce,4,2025-02-26,تطبيق رائع جدا,Positive
39cb3ff4-7529-4037-ad40-cbbc22a1f244,Jumia,E-commerce,5,2025-02-26,جيد,Positive
a3cec538-fbd3-41aa-a150-1164d71150cd,Jumia,E-commerce,4,2025-02-25,ناجح ومتطور مطلوب متابعه مندوب التوصيل .,Positive
f7a1636e-656f-45f9-8d13-d4d9aa40f027,Jumia,E-commerce,5,2025-02-25,رائع جدا جدا جدا,Positive
96954d1c-6237-4d47-b25e-5b77d274725b,Jumia,E-commerce,1,2025-02-25,التطبيق ما فيهوش اي حاجه حلوه وارخص حاجه ب 1000 جنيه وما فيش سويت شيرت واحد عدل ولا شنطه ولا اي حاجه عدله موبايلات كلها صيني,Negative
0cb592fa-96ba-4e30-b37f-1cb534f568c9,Jumia,E-commerce,2,2025-02-24,تطبيق سيئ لان كل حاجه فيه قديمه ولا تتغير ولم يكن مثل تطبيق نون او امازون ولا تقوم بتطوير التطبيق,Negative
5e437d6f-0809-4edb-9790-79dcb3d25627,Jumia,E-commerce,5,2025-02-24,Magnifique,Positive
d026d944-c9aa-4b6a-a94e-7de2cf59017d,Jumia,E-commerce,5,2025-02-24,تطبيق جيد,Positive
2dd233cf-c8d1-4203-ab64-d000d19915b3,Jumia,E-commerce,1,2025-02-24,خدمه توصيل زي الزفت,Negative
ed5abbf6-48d5-4a05-9ac5-e73b630cf4cc,Jumia,E-commerce,1,2025-02-24,Jumia Uganda is not organized,Negative
ddb4add2-289c-43bb-870e-be4181c0260a,Jumia,E-commerce,5,2025-02-24,تطبيق ممتاز جدا,Positive
554d29b6-d9cd-4f10-94e3-1c04435cb5a7,Jumia,E-commerce,1,2025-02-23,زفت,Negative
92bb4e0f-0812-4a33-8e53-17efcd045db0,Jumia,E-commerce,5,2025-02-23,احسن معاملة و احسن منتج بجد بجد احسن موقع تسوق👍👍👍,Positive
11ccf718-428a-404a-a895-5aceff27fe9b,Jumia,E-commerce,5,2025-02-23,ممتاز جدا,Positive
cdcb64f0-a307-4a46-b158-c4b894a7200e,Jumia,E-commerce,5,2025-02-22,تجربه ممتازه,Positive
39726894-d8b2-4740-b4be-8a66654fbe3c,Jumia,E-commerce,5,2025-02-21,حلو,Positive
267b8c73-726d-4758-9089-8b23c3a0d1cd,Jumia,E-commerce,1,2025-02-21,خدمه توصيل سيئه وزباله طلبت اوردر قالو هيجي يوم الاتنين الراجل جه الاتنين وكلمني قالي عايز حد يطلع يستلمه مني من المركز ( قولتله انا ف الشغل وباعت الاوردر ع البيت واكيد مش هخلي امي تطلع تستلمه من المركز ) ملحوظه المركز بعيد ع البيت نص ساعه مواصلات المهم الراجل قالي اصل انا بعيد وهبقي اجيبهولك الخميس جه الخميس نفس الموضوع قولتله ي باشا انا امي كبيره ومش هينفع اخليها تروح المركز وانا حاليا ف الشغل قالي ماشي وقام لاغي الاوردر بتاعي,Negative
a4cfbb1f-5484-4406-b89d-d6f2a5da4db3,Jumia,E-commerce,1,2025-02-21,"By far the worst e-commerce app in the country, all of their promotions are fake. They don't have products.",Negative
f09b355b-e083-4869-80ad-c4faecd99226,Jumia,E-commerce,1,2025-02-20,مش عارفه ادخل اشترى البرنامج بيتصفح بس,Negative
5734aacd-570d-4ffb-8a8b-971c85189836,Jumia,E-commerce,1,2025-02-20,صعب للغاية,Negative
b2bb47ae-8c54-4887-9610-6ecf394967e6,Jumia,E-commerce,2,2025-02-20,ممتاز,Negative
ecb1b1c7-ae33-4866-9429-d6c7c7a8a1d8,Jumia,E-commerce,5,2025-02-20,ممتاز,Positive
c144c4e0-56ae-4c76-b9eb-c7860f2c1e10,Jumia,E-commerce,5,2025-02-20,ممتاز,Positive
6ff0c57d-69ed-4a62-a43a-592948bb8ce4,Jumia,E-commerce,5,2025-02-19,جميل جداً,Positive
be872b65-23ed-4b1b-8c9b-80f29a0bec82,Jumia,E-commerce,4,2025-02-19,شركه محترمه,Positive
e9c70609-9de2-4f96-91e6-710ab9438de1,Jumia,E-commerce,1,2025-02-19,سيء للغاية,Negative
b201c403-c7bc-483b-9092-0fe935e2887c,Jumia,E-commerce,5,2025-02-19,المعاملة جميلة و محترمه,Positive
04207aba-ee85-444a-8c5e-afb62681aa20,Jumia,E-commerce,5,2025-02-18,good,Positive
8244f9e9-d09d-4d77-bd74-26f1d6e37933,Jumia,E-commerce,1,2025-02-17,لم استلام طلبي لا حد الاان,Negative
06867976-20f3-4986-b057-359658cf8b89,Jumia,E-commerce,1,2025-02-17,بصراحة أنا صدمت من التعامل مع جوميا .. اشتريت منهم مكواه شعر ومش متحدد في البيانات أن كان رجالي أو حريمي ولما وصلت الشحنة فوجئت أنه رجالي وطلبت استبداله في الحال بمكواه حريمي قالوا ممنوع الاستبدال أو الارجاع يعني من الاخر انت لبست المنتج وارميه .. قولتلهم ازاي بيانات المنتج غير كاملة وبلغتهم تليفونيا اني هبلغ حماية المستهلك,Negative
37676091-70b4-4c27-98c8-1570b87752e0,Jumia,E-commerce,1,2025-02-16,لايوجد دفع عند ندتسليم,Negative
fec48a23-755b-4845-a03a-17675aa1811a,Jumia,E-commerce,5,2025-02-15,رائع جدا جدا جدا,Positive
2fd0877d-b7cb-4756-b8e5-e6787a7adb1c,Jumia,E-commerce,4,2025-02-15,كويس بس ياريت الاهتمام شوية بشحن الاوردر عشان بتيجى الحاجة مبهدلة شوية,Positive
49c19563-5839-41ae-b8ea-4e1f26a1b728,Jumia,E-commerce,5,2025-02-15,شكرا,Positive
a8306582-878f-44fa-ad25-66d4de5ac0c6,Jumia,E-commerce,5,2025-02-15,ممتاز,Positive
c3ae1b07-4cfa-4d3b-8d60-ebf662eacff1,Jumia,E-commerce,3,2025-02-15,جيد ولكن نرجو تخفيض الأسعار لانها مرتفعه قليلا,Neutral
b81642ee-367d-422b-8645-054a6adce8c6,Jumia,E-commerce,1,2025-02-13,تم وقف التطبيق لدي مرة اخرى والخروج منه,Negative
039c27dd-5291-461a-9f66-0eda87f83df6,Jumia,E-commerce,1,2025-02-13,أسوء تطبيق تسوق في التاريخ !,Negative
d2d7d8b7-16d4-4b6a-b435-f61096ee6523,Jumia,E-commerce,5,2025-02-13,تمام,Positive
0b431098-d953-449b-aea7-3869a7d1a860,Jumia,E-commerce,5,2025-02-13,را:ع,Positive
446b793f-3490-4cbf-9710-d9c143989ddf,Jumia,E-commerce,5,2025-02-13,جميل,Positive
42ea2beb-0e1c-4052-93aa-c38e586ce2c8,Jumia,E-commerce,5,2025-02-11,تحت التجربة,Positive
1b29836c-d05d-44cd-8dfc-c80e5b708c54,Jumia,E-commerce,5,2025-02-11,جيد,Positive
db2cea5a-ca14-47a1-ab61-962dd38866f1,Jumia,E-commerce,5,2025-02-10,تمام,Positive
74b8231d-8d5f-49c0-99c5-35ffe3fd4b09,Jumia,E-commerce,5,2025-02-10,اكثر من هائل,Positive
78a317cb-5b8d-4624-a7f0-a13f3f64adce,Jumia,E-commerce,5,2025-02-10,تحفه,Positive
6f27a30d-006c-453b-8f7e-6a58806d0c23,Jumia,E-commerce,5,2025-02-10,رائع بجد,Positive
aaf5a330-2d2b-4268-8755-a42c08b8f0aa,Jumia,E-commerce,5,2025-02-09,Merci jumia,Positive
d6bd12ed-0ed5-4543-a56c-ccd33ce80ab7,Jumia,E-commerce,5,2025-02-09,جميل,Positive
0ddae9d1-5ea4-4557-9775-59310d75c5e3,Jumia,E-commerce,5,2025-02-08,رائع,Positive
f66b0a05-ab62-4460-8622-1b7338b6a193,Jumia,E-commerce,1,2025-02-08,حسبنا الله ونعم الوكيل,Negative
74839945-7f1c-464d-bf5d-b70cc7dbe54d,Jumia,E-commerce,1,2025-02-07,"أسعار مرتفعة تطبيق مغربي,كترة لغة الفرنسية رغم ان تطبيق مغربي مما يصعب عملية فهم المنتوج منتجات اجنبية ولديها لغة العربية في تطبيقاتها",Negative
b40d57df-efcf-4427-b0e5-afc4870fe853,Jumia,E-commerce,5,2025-02-07,خدمة توصيل ممتازة,Positive
1fab7509-79a8-4c75-88cf-b5a7454db609,Jumia,E-commerce,5,2025-02-06,ممتاز جدا جدا بس التوصيل بعيد جدا,Positive
0166650e-80ae-49ff-ae08-29b494da68c5,Jumia,E-commerce,5,2025-02-06,لم أجربها بعد,Positive
143a87b3-542a-4462-9952-3b4f817e5210,Jumia,E-commerce,5,2025-02-06,متتاز,Positive
441934fc-dd0f-4546-bc7f-e46e134034a0,Jumia,E-commerce,5,2025-02-06,تطبيق رائع جدا بل الافضل ولكن المرجو تقليل السعر قليلا و هناك اسياء غير متوفرة ارجو اضافتها,Positive
ef606f8d-7f55-42e1-b678-f3f22306d452,Jumia,E-commerce,1,2025-02-05,منتجات مزيفة ليست كما في التطبيق حسبنا الله ونعم الوكيل,Negative
b3b81e65-bbf8-40d6-91b2-a6310aeaf20c,Jumia,E-commerce,1,2025-02-05,شركة نصبها و الحاجات اللى بتبعها بايظه ولم تجى علشان تراجعها مش بياخدها منك تانى اشتريت منهم ديب فريز و طلع بايظ و مش عاوزين يرجعو وعملت اكتر من شكوى و محدش بيتوصل معياه انا لو محدش حل المشكله بتاعتى ديه ولله هرفع شكوه فيكو لى حمايه المستهلك علشان انتو شركه مفهاش اداره و له حد بيحل المشكله بتاعت العملاء,Negative
763ecd3f-9a20-4db0-af49-638f0a10240b,Jumia,E-commerce,5,2025-02-05,👍🏾👍🏾💯 جميل,Positive
b8620558-b72a-4be3-be47-b45187c21874,Jumia,E-commerce,5,2025-02-05,ممتاز,Positive
83b6825c-6ccd-495b-9262-e523268cab94,Jumia,E-commerce,5,2025-02-03,ممتاز,Positive
2f14450a-3d02-4996-b2f9-b251456531fb,Jumia,E-commerce,5,2025-02-03,سهل التعامل واختيار الطلب,Positive
5fdf881a-c11d-4901-98b3-905e6e41621b,Jumia,E-commerce,5,2025-02-03,رائعه,Positive
ad16f183-341d-4510-aea9-107e0400a837,Jumia,E-commerce,5,2025-02-02,مرحبا جوميا انا اسالك اذا كانت هناك لديكم بطاقات الروبوكس واذا كان ردوا علي ولكن تقيمي لهذا التطبيق جوميا رائع جدا وممتاز لدرجه لا تتصورها اشكركم على هذا تطبيق اجيبوني عن سؤالي,Positive
591b1d1a-c061-47ff-911e-1c5fb4215e80,Jumia,E-commerce,5,2025-02-01,أكثر من رائع,Positive
a0aaad6f-8420-4206-850b-13ecb86ad3dd,Jumia,E-commerce,2,2025-01-31,غاااالي كل شيء غالي,Negative
fbf62374-431f-4b90-ad4c-84c449cf7785,Jumia,E-commerce,5,2025-01-31,ممتاز,Positive
3de7d720-1f09-445b-b96a-6b3166ace717,Jumia,E-commerce,1,2025-01-31,مش عايز يشتغل مسحته وحملته من جديد برضه مش عايز يفتح رغم أنه كان شغال عندى كويس جدا مش عارفه ايه اللى حصل,Negative
0b7a0b46-3ab0-4c5e-ad75-df5f51e80874,Jumia,E-commerce,5,2025-01-30,جيد جدا,Positive
0bbd0c67-c973-4cc4-81e4-8510c9e65818,Jumia,E-commerce,5,2025-01-30,ممتاز,Positive
ff77e6a8-7545-4af7-9ed4-544c41c48425,Jumia,E-commerce,5,2025-01-29,ممتاز,Positive
0956b347-e732-4425-9a87-7d44079de406,Jumia,E-commerce,5,2025-01-29,ناضي,Positive
1e9d6b11-cc4c-4a3b-99f5-43a063fc4256,Jumia,E-commerce,4,2025-01-29,لو كان التوصيل مجاني لكان افضل,Positive
aaa06ef7-d16b-43f8-9133-50dfed7dd775,Jumia,E-commerce,5,2025-01-28,محترم,Positive
3ba8bfd3-56f3-4573-88cb-7da75a00d0cd,Jumia,E-commerce,5,2025-01-28,good,Positive
0477a9a3-0eeb-46ee-baa4-5586eb9f3f75,Jumia,E-commerce,5,2025-01-27,حلوه,Positive
a301d842-1e3d-455a-b623-62f218ca53bc,Jumia,E-commerce,1,2025-01-26,اسعار غالية جدا مقارنة بالأسواق التجارية,Negative
3dda908f-6227-4dd6-9b00-1709d83d667a,Jumia,E-commerce,5,2025-01-26,رائع جدا,Positive
8d1392eb-29c6-4619-ae20-a04c8887ec35,Jumia,E-commerce,1,2025-01-25,امازون ونون برقبتكم اسؤ متجر الكتروني اتعاملت معاه بعد ما عملت الطلب بيتصلوا عليا يقولي سعر المنتج غلي وهتدفع السعر الجديد اداره فاشلة,Negative
e35cb5d0-47a1-49c4-ac86-3a108e03aea0,Jumia,E-commerce,4,2025-01-25,أحسن ما كين,Positive
927a7093-0e78-4e04-bdce-36b3f68ac8f9,Jumia,E-commerce,1,2025-01-24,الاسعار غاااالية جدا مقارنة بالسوق والمتاجر الالكترونية الاخرى جااار حذف التطبيق,Negative
49c0d04e-7a67-4251-977d-532092453ac6,Jumia,E-commerce,5,2025-01-23,ممتاز,Positive
8b81b267-99b8-44f1-adb3-ba51ea9f2225,Jumia,E-commerce,5,2025-01-23,رائع شكرا جوميا,Positive
4c5ddfb3-0a08-48cb-ace3-1d428d66357f,Jumia,E-commerce,5,2025-01-23,ممتاز,Positive
97d75c20-566c-4b99-85ae-74ddff9dff78,Jumia,E-commerce,5,2025-01-22,اتمنة مناسبة,Positive
9fef129e-4d8f-43be-83f8-cd327ee37073,Jumia,E-commerce,5,2025-01-21,رائع وسهل التوصيل فى مصر,Positive
bab15f78-6d77-44dd-b2be-8e32f0a2d1ef,Jumia,E-commerce,5,2025-01-20,برنامج رائع,Positive
0ab44361-7e89-493a-a516-697fc9a35749,Jumia,E-commerce,5,2025-01-19,ممتاز,Positive
b70f9bd6-b6e6-44b1-b735-5a7ae5946780,Jumia,E-commerce,5,2025-01-19,جديد جدا جدا,Positive
a41a6dab-7f0a-44f9-9150-1e397e850e69,Jumia,E-commerce,5,2025-01-19,جوميا من أفضل المواقع,Positive
d6babb90-8f19-4b77-a2f2-69b8f92fe8ce,Jumia,E-commerce,1,2025-01-18,تجربة سيئة جدا جدا جدا جدا منتجات ذات جودة سيئة للغاية وغير المعروضة تماما وعند الشكوي يقول انا مجرد وسيط بينك وبين التاجر موع سئ جدا جدا جدا لا انصح بالشراء منه لا يحترم العميل,Negative
3efc295d-e1fa-4665-b747-238a233733a2,Jumia,E-commerce,5,2025-01-18,good,Positive
00d69679-d2f8-42a9-9d29-5e439b39f82b,Jumia,E-commerce,5,2025-01-17,شركة ممتازة,Positive
52b9d3ec-3572-40d0-9399-70e69f55a169,Jumia,E-commerce,1,2025-01-17,غير دقيقين بمواعيدهم اطلاقا..منتهي الاهمال,Negative
2e73b780-107a-41a0-98a9-ef6c6e211a38,Jumia,E-commerce,1,2025-01-17,الغلاء وكواء وهوما سمحولي حاجة متليق كلش درابل,Negative
74be4082-bea6-4978-b256-e11d32eb8fc5,Jumia,E-commerce,5,2025-01-17,ممتاز,Positive
bcaecf77-8d65-438b-862d-a03c1e180d7b,Jumia,E-commerce,4,2025-01-17,جيد,Positive
034212ed-a8fa-43f3-8d22-99ab1ad1e4ae,Jumia,E-commerce,1,2025-01-16,ميكمكنش ليك تفتح الطرد كيقولو ليك راه كاينة سياسة الإرجاع تم خاصك تسافر للمريخ باش ترجع منتوج تنصب عليك فيه,Negative
6ef28332-c005-44fd-a5a5-85ca7cde7064,Jumia,E-commerce,5,2025-01-16,تطبيق رائع جدا و سهل الاستخدام,Positive
c1af7d98-43eb-4efd-b945-4023c4e76f67,Jumia,E-commerce,1,2025-01-16,يعني لما ندفع فلوس اوردر ويرجع عشان جاي ناقص يبقي الفلوس اللي دفعتها كاش تتحول علي حوالة بريدية ولا بنكية كنا بنشتري اون لاين عشان تمرمطونا ناخد فلوسنا يأما تحطوا لنا الفلوس علي جوميا نطلب منها تاني لوي دراع سياستكم والاولي انكم ترجعوا الاوردرات ولو فيه غلط منتحملوش احنا عنكم,Negative
6535765d-6bf2-4992-9724-06853f01d92a,Jumia,E-commerce,5,2025-01-16,بسم الله أرحمن أرحيم سبحان الله وماشاء الله وتبارك الله أرحمن أرحيم الملك الواحد الخالق العلي العليم العظيم القوي الغني المبدع وله الأسماء الحوسن واسلام الله عليكم وعليئ ورحمة الله وبركاته والحمد الله واحده و الحمد الله على خيره كوله والحمد الله على خير خلقه و مخلوقاته وجزكم الله الخير الكتير الله يسهل على الجميع,Positive
c06f4c94-1c7e-4b8c-aed6-a63e1c59c41a,Jumia,E-commerce,5,2025-01-16,شكرا جزيلا,Positive
1c4f7e6c-92b7-434f-836f-9b9ae3abea3a,Jumia,E-commerce,5,2025-01-14,اول تجربه لسه,Positive
a712c6fe-9d33-4286-b9dd-7991573b4d64,Jumia,E-commerce,5,2025-01-14,ممتاز جدا,Positive
ab4d6405-d7ab-4e84-98d0-7e5495014ee0,Jumia,E-commerce,1,2025-01-13,جوميا بقت مستهتره و خدمه عملاء غير مفيده بالمره ولا متعاونه حافظين كلام و بيرصوه,Negative
e513f832-d96a-42c3-9ffa-0e299fc3d013,Jumia,E-commerce,5,2025-01-13,لم اجربه بعد واتمنى أجد الدفع عند الاستلام موجود في بلدي,Positive
b1812069-f12c-4bcf-98f9-58c11fee6fd4,Jumia,E-commerce,1,2025-01-13,سئ,Negative
4ef73bea-630c-481a-b09e-7dcfbd99d0ea,Jumia,E-commerce,3,2025-01-13,حلو جدا,Neutral
c8f754fd-23e2-4e5f-abaf-25105c73508f,Jumia,E-commerce,5,2025-01-12,شركة بتفدم عروض كويسة جدا، شكراً جوميا,Positive
654b5981-d64a-4c06-bbe8-e0fe2590ab60,Jumia,E-commerce,5,2025-01-12,جيد ولاكن لم أجد حاسوب كيمنك رخيص وهذا ليس خطأكم,Positive
65dab0d1-8d98-4ed4-96b3-db76cb34458c,Jumia,E-commerce,1,2025-01-12,شركه غير محترمه,Negative
dfd3722e-e4cc-4369-a0a2-131da75a9fbf,Jumia,E-commerce,5,2025-01-11,ممتاز,Positive
cbd03c2e-9958-44b4-bec1-8b466519f468,Jumia,E-commerce,5,2025-01-11,chokran,Positive
bce10a81-a152-4d8a-be0c-fc6543478c55,Jumia,E-commerce,5,2025-01-11,تمام,Positive
b3e15b95-6714-4238-ba29-3009e7a7bbe2,Jumia,E-commerce,5,2025-01-10,ممتاز,Positive
035339cd-ff44-48a1-8f1d-155402401f67,Jumia,E-commerce,5,2025-01-10,جميل جدا جدا,Positive
5d755a6d-d416-4693-aa77-fb8a1ccd3d4c,Jumia,E-commerce,5,2025-01-10,شكرا,Positive
15affdbe-1ac3-40d4-b1aa-1d416b7a1584,Jumia,E-commerce,5,2025-01-10,الشركه محترمه جدا,Positive
9b69b8a8-7730-4fff-ae20-8351de48285a,Jumia,E-commerce,1,2025-01-09,شكرا على اهتمامك لكن هل ترى أن ألغى حسابى واحذف التطبيق حتى يتوفر الشحن الى مدينتى شكرا مره اخرى,Negative
8bcbb87e-749d-46c4-b974-649a73d212fd,Jumia,E-commerce,1,2025-01-09,سيء للغاية والخامه المستخدمة رديء جدا,Negative
de46c93e-be71-4615-8a0a-461428a1cb4b,Jumia,E-commerce,3,2025-01-09,شكرا جوميا جارى العمل على حل المشكله وشكر خاص لموظف خدمه العملاء استاذ مصطفى على تفاهمه ووده والعمل على حل المشكله,Neutral
13197c3d-3be3-4431-8455-c5a38455133e,Jumia,E-commerce,5,2025-01-09,تطبيق ممتاز وسهلا والمساعدة والدعم سريع في التواصل,Positive
8183e7c1-4815-460b-b914-5a1c60cfe56c,Jumia,E-commerce,1,2025-01-09,چوميا اصبحت فى منتهى السوء ولا تلقى بالآ لعملائها ، طلبت أوردر وتأخروا فتره طويله فى التوصيل وفى النهايه أرسلوا إيميل بالغاء الأوردر دون التوضيح ودون الاهتمام بشخص طالب الأوردر .... أصبحتم فى منتهى السوء,Negative
bf94a66f-2577-4b39-ad66-d4f51fe41f33,Jumia,E-commerce,5,2025-01-09,اجمل ابلكيشن اقسم بالله محترم ومصداقيه وكل حاجه حلوه بجبها منه فعلا شكرا من كل قلبي,Positive
3f254d56-6914-4350-81a1-ba163e67c2b5,Jumia,E-commerce,4,2025-01-08,جيد,Positive
4d60f5dc-cc4e-40cd-a634-af834985f6c4,Jumia,E-commerce,5,2025-01-07,ممتازين,Positive
8e7fba5e-984c-49cd-875d-65f95281daba,Jumia,E-commerce,5,2025-01-05,ممتاز,Positive
52d043b6-9ccd-4842-9c9a-c56a4599031c,Jumia,E-commerce,5,2025-01-05,معاملة جيدة . ومحل ثقة,Positive
9db6cc42-7a53-4d30-9e4c-b0e66dfedc6e,Jumia,E-commerce,5,2025-01-05,افضل متجر تسوق صرعة في توصيل و تعبئة جيدة للمنتج,Positive
6486ddbf-9b04-4e3b-b5b1-db8aa6d8b77f,Jumia,E-commerce,4,2025-01-04,جيد,Positive
7f6db633-1fe4-4665-8a10-7f2bc34e5a6f,Jumia,E-commerce,5,2025-01-04,A great application I liked,Positive
76d9d780-8d28-44a7-8dc1-17f37e21b9ca,Jumia,E-commerce,5,2025-01-03,تمام,Positive
75f2161e-b759-4949-849c-950f988db13d,Jumia,E-commerce,5,2025-01-03,حلو اوي,Positive
5ce8e7d3-f02c-47bd-acad-f75c7e854f73,Jumia,E-commerce,1,2025-01-02,اسوء ابلكيشن ممكن تتعامل معاه,Negative
bfac32df-2918-4880-b061-d434cbc70b96,Jumia,E-commerce,5,2025-01-02,ممتاز,Positive
d11d9100-6d8d-429a-bdef-f88de970b2ce,Jumia,E-commerce,1,2025-01-01,التطبيق سهل الاستخدام ولكن المشكلة أن نظام جوميا مصر لن يحترمك كعميل أبد انا كنت بتعامل معهم علي فترات متقطعة علي امل أن يفهموا أهمية العميل لهم انصحك حافظ علي فلوسك ووقتك وتعامل مع مواقع أخري فيوجد مواقع افضل منه بكثير أعرف أنه والله إن القائمين على العمل في تلك المنظومة لن ولم ينظر إلي معني مصتلح خدمه العملاء,Negative
195f5212-1a18-4cd4-9624-eab4462dd2eb,Jumia,E-commerce,1,2025-01-01,طلبت منتج واتحذف من الطلب المؤكد ولما اتصلت بخدمة العملاء قالولي الطلب موجود حياخذ وقته للشحن علشان الاجهزه الكهربائيه تلزم شحن وتاني يوم قالولي طلبك تم الغاؤه مافيش مصداقيه مع العملاء للاسف,Negative
81a0d36f-afcb-4bf2-942e-2c84fea3b04a,Jumia,E-commerce,1,2024-12-31,بعد التحديث الا خير لانستطيع الدخول للتطبيق كلمة سر صحيحة ويقولك خطأ واذا حاولت انشاء أخرى لا يرسل لك جوميا رمز التحقق ولو حاولت 20مرة,Negative
274a4db3-063e-4b23-9071-657c688842e4,Jumia,E-commerce,1,2024-12-31,"عند محاولة فتح التطبيق تظهر رسالة "" لا يوجد نت"" على الرغم من تفعيل النت سواء الواي فاي أو الداتا موبايل ! مع العلم قمت بتحديثه و مازالت الرسالة تظهر ! تحديث : قمت بإزالة التطبيق و تثبيته مرة أخرى و لكن دون جدوى ! تحديث أخر: تم حل مشكلة النت ،و لكن ظهرت مشكلة تسجيل الدخول ! مسحت بيانات الذاكرة المؤقتة و مسحت البيانات و بدون جدوى! عملت اللى انتم قتلوا عليه و مفيش جديد ! المشكلة مازالت قائمة ! تطبيق سئ 😡",Negative
e8b9f6b1-53b6-41f8-ba52-4950c0e53e54,Jumia,E-commerce,1,2024-12-31,ليس هناك الدفع عند الاستلام,Negative
71888c15-ef24-45ed-bb40-2875f674a48d,Jumia,E-commerce,5,2024-12-31,أريد تنزيلها,Positive
0c771b7a-a730-4552-af3c-d69a374cb2ae,Jumia,E-commerce,2,2024-12-31,تأخير الطلب دون اهتمام وغير منصفين بالمرة عيب بمنتج تم شراءه ووقت الشكوى لمصدقيتى تحملت سعر المنتج ورميته المفروض يشوف المنتج وبعدين لو كلامى غلط اتحمل لكن الخامات بتاعت المنتج رديئة جدا جدا ووصف المنتح اصلا مش صح وخدمة العملاء مبرمجه على نفس الردود للاسف,Negative
ef5cafe6-cadd-4c6d-a114-0a4d7ac4650d,Jumia,E-commerce,1,2024-12-31,أسوء تطبيق شفته انا طبعي تطبيق ما عجبني احذفه وخلص بس انتم من بشاعتكم خلتني أكتب هاد تعليق لا أنصح به أبدا ولا علاقة له بالتجارة لأنه تفتح حساب بأي طريقة يرجع لأول نقطة وحساب أبدا ما بتفتحه عصبني,Negative
dd0d6f67-3bc4-4a17-834b-5e7d03a16c12,Jumia,E-commerce,1,2024-12-28,لم تصل لي الطلبية 😡😡منذ خمس ايام,Negative
b7a42722-10c5-4d7f-b6c8-a00b7b5f372e,Jumia,E-commerce,5,2024-12-28,مشاء الله ليعطيكم الصحة,Positive
42cce87c-2749-43ac-bdc8-de6abf4b693d,Jumia,E-commerce,5,2024-12-28,جميل,Positive
09a3fa7f-48e4-451f-aab3-d37a5b85eaa7,Jumia,E-commerce,5,2024-12-27,أفضل متجر إلكتروني تعاملت معاه 👏,Positive
2fa8a534-9ffe-409b-9c8f-832586b3cb0c,Jumia,E-commerce,5,2024-12-27,تطبيق ممتاز,Positive
be6df0ed-5c22-4486-b9ab-6fa7be9ef6be,Jumia,E-commerce,2,2024-12-27,مازلنا تحت التجربه,Negative
8f0c60b2-2d05-49b3-be27-0874509c266e,Jumia,E-commerce,3,2024-12-27,سهلوها أكتر من كدة شويه لو سمحتوا,Neutral
27664381-baa4-49c2-9a27-12eebd012c2e,Jumia,E-commerce,5,2024-12-27,عالمي,Positive
146ff248-dce8-4468-b20e-71dfcf6eda4f,Jumia,E-commerce,5,2024-12-27,ممتازة,Positive
671b046b-5afb-4cab-a27c-9fd01ab3ba8f,Jumia,E-commerce,5,2024-12-26,good,Positive
14d3fb20-1438-4c02-8248-dfec6dc22249,Jumia,E-commerce,5,2024-12-25,لم اتمكن من استعادة حسابي حيث لا يتم ارسال الكود على الهاتف نفذت التعليمات ولازالت المشكلة قائمة جربت 3 مرات ارجوا المساعدة,Positive
0c0f8d12-541c-43fe-ac58-1d8d25c8ac3b,Jumia,E-commerce,5,2024-12-25,تعمال جميل,Positive
ad7f3786-bc91-4b91-8885-eebf295602c5,Jumia,E-commerce,4,2024-12-25,👍🏻👍🏻👍🏻,Positive
afff7e6f-a7f2-409b-b760-c3e807289cb0,Jumia,E-commerce,2,2024-12-24,ليه مابيقبلش الدفع بالفيزا؟؟,Negative
21d397fa-bfeb-4d62-95f2-8bdb6ff396b0,Jumia,E-commerce,5,2024-12-24,محترمين,Positive
3134f215-5202-44f0-a489-561ebf202edd,Jumia,E-commerce,1,2024-12-23,التعليل سيء,Negative
ed8caeb4-30d0-4ac7-a9a3-8fd8055358a2,Jumia,E-commerce,1,2024-12-23,اسوء تجربه جوميا اغلبها بقت عباره عن صور فقط يعني تطلب الحاجة علي اساس الصور واللي يوصلك حاجه تانيه خالص ليس لها علاقه بالصوره المعروضه واغلب المنتجات ملهاش وصف يا إما يكتبلك الوصف بالانجليزيه مثلا علشان اللي ميعرفش يقرأ انجليزي يعتمد علي الصوره او الالوان إللي فيها وهو طبعا كاتبلك مثلا إن الالوان قد تختلف بس طبعا كاتبها بالانجليزي ويبعتلك الوان تاني خالص علي مزاجه ولما تتيجي تعمل استرجاع يقولك مفيش استرجاع بجد حاجه سيئه وبعدين انا عامله عربي ليه علشان حضرتك تكتبلي وصف المنتجات بالانجليزي,Negative
e82e5ad6-743f-41de-862e-3842b4cd7324,Jumia,E-commerce,5,2024-12-22,good,Positive
ccff601b-aee5-4aa9-9659-82b4adcb8857,Jumia,E-commerce,4,2024-12-22,good,Positive
f11faeb5-45c7-4479-8bf6-0b7be99a2c69,Jumia,E-commerce,3,2024-12-22,هو التطبيق حلو وجميل وكل حاجه احلى حاجه ان هو بيبيع اشياء للارمي زي اكواب جونغكوك وبي تي اس وانا عن نفسي طلبت كوب بس يعني انا السعر ما كانش عاجبني خالص اصلا بحس ان هم بيبلغوا في حتت السعر ده قوي يعني ايه لما انت تيجي تطلب كوب تلاقيه 180جنيه الفكره ان هو حلو كويس بس اسعار غاليه قوي فيا ريت تحاولوا تقللوا الاسعار شويه اما عن جوده المنتجات الجوده كويسه جدا وحلوه قوي,Neutral
aabc3a65-783d-46f3-84ba-d6dfa50f9a37,Jumia,E-commerce,5,2024-12-21,رائع,Positive
c1c45a6c-ab4e-4d1c-adcd-be18243af743,Jumia,E-commerce,1,2024-12-21,ازبل شركه ف مصر,Negative
085e9522-8227-4a16-9394-b95eff52d8fa,Jumia,E-commerce,4,2024-12-21,bon,Positive
4c00c134-7efb-4ed0-9d42-a292d9b7a8e4,Jumia,E-commerce,5,2024-12-20,جيد جدا,Positive
28666c1e-ae36-4687-9fc8-5c920f80ac83,Jumia,E-commerce,5,2024-12-20,مواعيد مظبوطه وجوده المنتجات ولا اروع,Positive
10e10518-87f3-40a3-9238-a90d46840776,Jumia,E-commerce,5,2024-12-20,روعة,Positive
13ecaacf-30c3-4813-82ad-788074f046cf,Jumia,E-commerce,1,2024-12-20,ليس فيه سلع متنوع ولا يقبل الدفع عند وصول السلعة نقدا,Negative
007da7bd-59fe-4313-8a9a-377a3ad03640,Jumia,E-commerce,5,2024-12-20,جميل,Positive
a78eacc1-402e-4aab-9354-2a60f78dd423,Jumia,E-commerce,5,2024-12-20,❤️,Positive
bddfc78e-2ec4-4b3a-8c3a-f7c62e9a29cd,Jumia,E-commerce,5,2024-12-20,goood,Positive
02735cfd-8690-42c0-8073-82cba874c657,Jumia,E-commerce,1,2024-12-20,التطبيق داءما في ضغط + هناك الكتير من المنتجات و اتمنتهم غير منطقية و مستحيل احد يشتريهم,Negative
07cada50-10f4-4921-b267-df485d05dfac,Jumia,E-commerce,5,2024-12-19,تطبيق رائع وسهل وامن وفي دفع عند الاستلام وكل حاجه اسعار مقبوله بس لغايه دلوقتي مش عارف اي اكواد لما اعرف هكتب الاكواد,Positive
25d3bf19-6802-4c05-80bb-ecf1f0ea2688,Jumia,E-commerce,5,2024-12-18,تطبيق رائع جدا وعليه كل المستلزمات لكن غاليه شويه بس حلو,Positive
0d150cd5-53ea-4ded-a49f-309fd8ccdc13,Jumia,E-commerce,5,2024-12-18,ممتاز,Positive
f84b23b0-654b-40bb-87fc-694388fd306e,Jumia,E-commerce,5,2024-12-17,♡♡♡♡,Positive
29cacea4-948f-4fcc-ba8e-ffe2f70f69df,Jumia,E-commerce,5,2024-12-17,The Good experience I have ever had but still the delivery charge seperated in so many packages ordered is an issue,Positive
cb9f8075-4c95-4d14-8aac-d01a9b68ca5b,Jumia,E-commerce,5,2024-12-17,تطبيق حلو جدا ويستحق الدعم,Positive
cb6daa65-4809-490f-937b-ff2a9ad8486d,Jumia,E-commerce,2,2024-12-17,تطبيق سيء ولا يوجد الكثير من المنتجات مثل كروت شاشة او أشياء اوخرى,Negative
ac383ed5-f05e-42c2-aa56-973580a30a5f,Jumia,E-commerce,5,2024-12-16,ممتاز افضل موقع للتسوق اونلاين بلا منازع,Positive
d1051829-3ed1-4357-93dd-1bc95616c0ff,Jumia,E-commerce,5,2024-12-16,تطبيق ممتاز يقبل دفع ب البطاقات الدولية نتمنى إرجاع jumai food في المغرب وخنق موقع glovo الخدمة السيئة لا يقبل دفع ب البطاقات الدولية شكرا جوميا,Positive
253c8f0b-879f-44b8-8048-356f17b690a8,Jumia,E-commerce,1,2024-12-16,خدمه الشحن سيئه جدا,Negative
45cfc640-72c8-463e-8187-7664c751a801,Jumia,E-commerce,5,2024-12-16,جيد,Positive
26a16820-9b40-4592-99ef-01df28961ac1,Jumia,E-commerce,5,2024-12-16,في انتظار إستلم,Positive
27ce3de5-05e7-4e7f-8e6b-3a0f6cf975d4,Jumia,E-commerce,5,2024-12-16,جيد,Positive
316cc6fc-5ec6-4616-9b8d-6c7890c88851,Jumia,E-commerce,5,2024-12-15,ممتازه,Positive
aa459dff-e51e-4ca1-94b2-9cfc54bec093,Jumia,E-commerce,5,2024-12-15,ممتاز,Positive
02c47952-0236-4567-a3e8-8e95a7a73484,Jumia,E-commerce,5,2024-12-15,دؤخ مرحبا مليون دولار,Positive
a75969a6-bf5d-4b36-b3d8-9964991aeb83,Jumia,E-commerce,2,2024-12-14,البرنامج كتير جدا مبيفتحش بيجبلى لا يوجد اتصال بالإنترنت بالرغم من تفعيل ال 4g,Negative
a7032b0d-f023-442f-8202-0817ffb25bfd,Jumia,E-commerce,3,2024-12-14,انه جميل,Neutral
cd200b93-7d5f-49ea-bf3e-246b4f6ab049,Jumia,E-commerce,1,2024-12-14,التطبيق زي الزفت وكل حاجه فيه غالي جدا وباسعار مهوله ما ينفعش ان حد يجربه وحتى مستحيل ايش النجمه الواحده,Negative
14f2de66-595f-4257-b936-d5aa89dc5062,Jumia,E-commerce,5,2024-12-13,البرنامج جيد,Positive
99ca680c-ab8c-4a56-89a3-aef49740202b,Jumia,E-commerce,1,2024-12-13,تطبيق وشركه محدوده التعاملات لا تقوم بشحن المنتجات إلى صعيد مصر تطبيق عنصري لا يوجد شحن إلى قنا والاقصر واسوان سأقوم بحذفه,Negative
cf619725-672f-424d-87f0-e9c27ba036de,Jumia,E-commerce,1,2024-12-13,ممتاز,Negative
89af4a5c-e8e0-4bd6-a8ef-5631eb729b3a,Jumia,E-commerce,5,2024-12-13,تمام بس الاهم كله يوصل بنفس الطلبية.,Positive
921f30e6-cb1a-40e7-9921-c9dba7c294a9,Jumia,E-commerce,1,2024-12-12,برنامج نصب كل اجهزه بايظه والله و مافيش استرجاع بيضحكو عليكم وممنوع تجرب منتج عند استلام,Negative
0fd6cf49-083a-4cf6-8dfd-0a7680e94563,Jumia,E-commerce,1,2024-12-12,اسوء تجربة شراء اونلاين وكل حاجه بايظة وزى الزفت,Negative
0b9110a6-7553-4354-96c4-86d3a7d0c515,Jumia,E-commerce,3,2024-12-11,جميل جداً,Neutral
5e5d1f8a-12e0-4e0c-8bf7-16934bc852d5,Jumia,E-commerce,5,2024-12-11,تحفه موت,Positive
b511382b-d358-449e-b3c1-ce564fdabe8c,Jumia,E-commerce,5,2024-12-10,جيد,Positive
398b283c-4c92-4957-ac14-f40a392687ec,Jumia,E-commerce,1,2024-12-10,بصراحه موقع غير صادق طالب ف.وم لاصق جايب فوم غير لاصق,Negative
1b5c4562-ea28-4b49-97b5-e7b0226ac1f7,Jumia,E-commerce,1,2024-12-10,حسبي الله ونعم الوكيل.راحت فلوسي وأتنصب عليا تطبيق جوميا مصر فاشل نصابين وفلوسنا بتروح علينا أخدو فلوسنا عارفين ان حاجاتهم معيوبة بها عيوب وياخدو الفلوس وحلني علي مارجع فلوسك دا اذا رجعت شغل نصب وَما فيش مصدقية ولا اخلاق خلاط يدوي وصل لي مكسور غير صالح وهم عارفين انها مكسورة والعلبة متهالكة يعني عارفين ان حاجة مكسورة و بايظة وواضح انهم عارفين لأنه واضح جدا انها مفتوحة قبل كدا ومكسورة وبيبعتوها عادي لاي حد يلبسوا فيها ياخدو فلوسنا في منتجات زبالة ومن تجار زبالة هو احنا بيدونا زبالة السوق بيلموا,Negative
7fb63556-f3d4-4908-9da6-f258cf7209a6,Jumia,E-commerce,5,2024-12-10,ممتاز جدا,Positive
d00d0d01-1e53-4216-8598-9a8d4d47a047,Jumia,E-commerce,4,2024-12-08,Good Flow 1,Positive
36276745-7143-4c97-976b-23e1de8c76a7,Jumia,E-commerce,4,2024-12-08,مش عار ف ادخل على حسابى,Positive
03465a3b-006c-4eb5-be78-a8b63ff3a24c,Jumia,E-commerce,5,2024-12-08,محترمين جداً,Positive
526236de-7f76-492c-96f9-f401cfda1927,Jumia,E-commerce,5,2024-12-07,جميل جدا,Positive
9f5aae94-edfd-4845-b2fc-670248c2371b,Jumia,E-commerce,5,2024-12-07,تجربة ممتازة مع جوميا,Positive
af191a36-fdba-4f28-ac79-4bd59e3670b3,Jumia,E-commerce,5,2024-12-07,شكرا,Positive
44bdc679-9e11-41bf-99f7-b048ff94814f,Jumia,E-commerce,5,2024-12-06,جيد,Positive
b58dc3db-4e18-4b69-9299-3f2ede4f954b,Jumia,E-commerce,1,2024-12-06,المنتج اللى بيجى غير اللى الواحد طالبه,Negative
ccf6443e-52b8-459d-80d9-0f785ba83296,Jumia,E-commerce,5,2024-12-06,جيد جدا,Positive
f1d0f63b-a1db-4254-8cc9-579dd36f8ef3,Jumia,E-commerce,5,2024-12-05,جميل وبسيط,Positive
ae946ee4-a51d-480d-90c4-94f7e96f189a,Jumia,E-commerce,1,2024-12-05,خدمه رديئه جدا و تعامل سيء جدا,Negative
86cb1327-5a29-4bcb-bb0d-14877f42787f,Jumia,E-commerce,1,2024-12-05,لا انصح احد بتنزيل البرنامج طلبت منهم شوز من عشرة أيام ولم يكن المنتج كما في الصوره و تحدثت مع خدمة العملاء وقلت لهم اني اريد ارجاع المنتج قال لي خدمه العملاء سوف يتوصل معك أحد الأشخاص في خلال يومين عمل ولم يتوصل معي أحد الي الان و حاولت التواصل معهم أكثر من مرة ولم اجد نتيجة وهذا عدم احترام من قبل الموقع للعملاء,Negative
500e595d-3931-4de4-92b1-86a047f865d7,Jumia,E-commerce,1,2024-12-04,التطبيق مفيهوش شحن لجنوب سيناء,Negative
408aa385-a238-4844-8664-abf73b85f32b,Jumia,E-commerce,5,2024-12-04,تبارك الله حاجه جميله جدا,Positive
0e0ccc6c-1a92-40a7-9e95-9301eab0ff64,Jumia,E-commerce,3,2024-12-04,حتى هذه النجمة لا تستاهلونها انا طلبت ساعة قالولي ستأتيك يوم الثلاثاء و من بعد قالولي يوم الخميس لا انصحكم بالشراء منه اسوء تطبيق مغربي الله يخلي لينا Glovo ولكن المعاملة جميلة و حسنة لذلك فقط مشكلة التوصيل,Neutral
5eb00e82-39e5-4777-852d-92c8a26b69cb,Jumia,E-commerce,2,2024-12-04,تجربه سيئه,Negative
818ae460-a3a4-4fe4-9022-a2e47bf14c9e,Jumia,E-commerce,5,2024-12-03,هى كانت أول مره و انشاء الله مش هتكون اخر مره احب ان اشكر شركة جوميا للتسويق و أوجه شكرى إلى خدمات فرع جوميا اللى فى المريوطية هرم و بجد يخدموك خدمه حلوه اوي و دى كانت أول مره اتعامل مع برنامج اون لاين و مش هتبقه اخر مره ❤❤❤️‍🔥💯👍👍👍,Positive
49fd79ae-98ba-4608-9068-7b02d928f60c,Jumia,E-commerce,5,2024-12-03,جمييييل جدا,Positive
8494b495-e1f7-4077-95af-c8a1900340ae,Jumia,E-commerce,5,2024-12-03,لعب,Positive
3917708e-c675-40de-85ef-6f9fa14f59cd,Jumia,E-commerce,5,2024-12-03,موقع ممتاز جدا . أنا حصل لي مشكله الأبلكشن مش يفتح معي علي حسابي في جوميا,Positive
ab539eee-35c3-4408-8151-1cf5689e048c,Jumia,E-commerce,5,2024-12-03,نرجو توفير منتجات متل تطبيقات اكسبرس او تيمو لان جوميا رائعة و لكن ليس فيها منتجات متى تطبيقات الاخرى و ايضا الاسعار مرتفعة قليلا شكرا,Positive
d6c77f73-01df-4658-aa54-a61ee24e4af8,Jumia,E-commerce,1,2024-12-03,شركه مش كويسه ومفيش احترام للعميل وسرقه,Negative
7db12f77-9fe9-4df1-8a92-6cdfa2900ee5,Jumia,E-commerce,1,2024-12-02,كانت كويسه بقت سيئا جدا وخدمة عملاء حفظين مش فهمين,Negative
85c88cb4-c922-473e-90e3-e64819a67474,Jumia,E-commerce,1,2024-12-01,تطبيق سيء لا اجده ما احتاج,Negative
b31c6402-8a49-4f6d-90ad-4fb0a98ab249,Jumia,E-commerce,5,2024-12-01,منتجات ممتازة,Positive
4d4a8c5a-629b-4a31-b197-33bce1c70877,Jumia,E-commerce,3,2024-12-01,جيد جدا,Neutral
8ad5fd9c-debc-4fec-bfb4-0c77931a0d7e,Jumia,E-commerce,3,2024-12-01,المحادثه الفورية لا تعمل,Neutral
59cbe4d4-615d-4d21-b8a9-dd9c3c71717c,Jumia,E-commerce,5,2024-11-30,mazyana sahla tcomondi,Positive
e3a455ee-6fc0-4ed4-91fb-90bd4fbba594,Jumia,E-commerce,5,2024-11-30,ممتاز,Positive
bdc8474f-9f1d-4e8c-92e1-6c478d408e16,Jumia,E-commerce,5,2024-11-30,تجربه ممتازه وخاصة اهتمامى بالقلق على المنتجات من وصولها سالمه من عدمه ولكن ..الحمد لله كله..تمام ...شكرا.,Positive
a2ca28b3-d915-4c8e-aeca-64d8fc256288,Jumia,E-commerce,5,2024-11-30,ممتاز,Positive
b5364e28-6cbf-4c5c-a635-bd5bc9940a66,Jumia,E-commerce,1,2024-11-29,عروض وهمية ... وكذابيت,Negative
81d61e6c-5d2f-4369-aa21-e4775b54519d,Jumia,E-commerce,5,2024-11-29,", ممتاز",Positive
c54fe2f2-6c79-47ab-a4b2-c1997271277c,Jumia,E-commerce,5,2024-11-29,تمام,Positive
4efcb4e1-9021-4c26-a551-685021bbcaa9,Jumia,E-commerce,1,2024-11-29,التطبيق خرجنى و لا يريد تسجيل الدخول,Negative
b4fb6a86-842b-4659-acda-d0fdd09e4e18,Jumia,E-commerce,5,2024-11-29,👌👌,Positive
0292a88c-2100-4f41-a6b6-ff561a894214,Jumia,E-commerce,5,2024-11-29,جميل,Positive
66ebc46a-8c69-42aa-b5b1-4dd5206bb290,Jumia,E-commerce,5,2024-11-28,good,Positive
1d93b8f5-bb35-494e-9e30-e4db32f4f7c6,Jumia,E-commerce,1,2024-11-28,هذا تطبيق النصب والاحتيال,Negative
9ee85089-802d-4c61-a661-bc01ba1defc9,Jumia,E-commerce,5,2024-11-28,جيد,Positive
d5aeea2b-40e2-4d92-85c1-d7c6712a028e,Jumia,E-commerce,5,2024-11-28,good,Positive
0bf14777-6447-4db8-953e-962f3112465a,Jumia,E-commerce,5,2024-11-28,très bien,Positive
dbe73948-bb91-4dd2-a971-a79fde8eb0b0,Jumia,E-commerce,5,2024-11-28,شكر,Positive
17a9e079-6871-4eb0-8db7-8cd58f622e30,Jumia,E-commerce,1,2024-11-27,مفهوش معظم المنتجات,Negative
13ad6f60-a9a9-4a96-9326-8546ac638798,Jumia,E-commerce,4,2024-11-26,اعتقد ان متجر جوميا إضافة نوعية المرجو من القائمين على المتجر تسهيل عملية الولوج والشراء وان تكون الاسعار تنافسية ومشجعة,Positive
7bb25f0c-50cb-4dcd-92b3-c0a889964f0e,Jumia,E-commerce,2,2024-11-26,بطئ جدا,Negative
6e478914-4df7-410d-af09-c5b2b21d9545,Jumia,E-commerce,1,2024-11-26,محدش يدفع بالڤيزا بالرغم انهم باعوا منتج تالف و المشكله عندهم همه إلا ان فلوسك مش هترجع غير بعد من 7 الي 14 يوم عمل و ردهم انها بناءاً على البنك بتاعك و البنك اوضح ان مفيش حاجه وصلت من عندهم تجربه لن تتكرر,Negative
ab45d8f2-d8a2-4eb3-a9a0-1e3f0bc1abd5,Jumia,E-commerce,1,2024-11-26,موقع خبيث لا يأخذ عنوان البائع ثم لا تكون هناك اي امكانية ارجاع في حالات النصب والاحتيال لصوص يتعاملون مع اللصوص,Negative
ed93e477-178d-4c92-9374-6b0769c148b3,Jumia,E-commerce,5,2024-11-26,تطبيق ممتاز,Positive
6c15e021-ada8-41e6-bee5-6389136f9d55,Jumia,E-commerce,5,2024-11-25,شركه محترمه جدا شكراً جوميا,Positive
0655cb10-b32b-431e-a2a4-bd038f54bcb5,Jumia,E-commerce,5,2024-11-25,تطبيق رائع,Positive
407cfd41-55d1-46ef-b860-c3b9a42b29e0,Jumia,E-commerce,2,2024-11-24,ارتفاع الأسعار وقلة الجودة,Negative
1048d9ed-e8f1-4729-bff3-3f33cd942159,Jumia,E-commerce,5,2024-11-24,good,Positive
317ae76e-e6e9-4b78-b5bb-088514cfdc76,Jumia,E-commerce,5,2024-11-24,خدمه جيده جدا,Positive
9b29f7aa-ea63-41e7-b102-eda55ad522c8,Jumia,E-commerce,2,2024-11-24,للاسف السلع اسعارها مرتفع مقارنة بالاسواق الأخرى . لازم تقديم اسعار مناسبة ومعقولة للسلع,Negative
c08060da-8f3e-420e-805c-c408a3f3d717,Jumia,E-commerce,5,2024-11-23,جيد.جدا افضل تطبيق شراء في الجزائر,Positive
e2cb0474-7630-432f-80a1-eff4dba71d85,Jumia,E-commerce,5,2024-11-23,ممتاز,Positive
a5647160-8add-4cf2-8059-ca52c7efba91,Jumia,E-commerce,5,2024-11-22,عايز كود الخصومات,Positive
deb4f595-1225-4e6a-8c1a-3a062b651c64,Jumia,E-commerce,5,2024-11-22,جوميا من الشركات المحترمه,Positive
eae0fd18-479a-4e36-a1bf-9ffe0976cfa7,Jumia,E-commerce,4,2024-11-22,جيد,Positive
285e44f7-e9be-4d92-b06c-88d5c7275112,Jumia,E-commerce,1,2024-11-22,اسعار غاليه عن بقيه الاسواق,Negative
44f164fc-d495-440c-a744-fcf7aa7d9b5a,Jumia,E-commerce,4,2024-11-22,تطبيق جيد جدا,Positive
bcd85071-a3d1-4de4-a576-ea64494664fe,Jumia,E-commerce,5,2024-11-22,من احسن البرامج للتسوق فعلا ومندوبين في منتهي الاحترام والمصدقيه ربنا يوفقكم دايما ومن نجاح لنجاح دايما يارب 🥰بنصح بتنزيل البرنامج بشدة🌹👍🏻,Positive
a81c4255-385b-40af-9c07-97277911b78f,Jumia,E-commerce,2,2024-11-22,مفيش عروض او خصومات منافسة,Negative
d31ae3e7-6f60-45c7-8892-317c82f90536,Jumia,E-commerce,5,2024-11-22,برنامج ممتاز,Positive
23267c0b-cf10-441f-85e0-edfa0a250460,Jumia,E-commerce,5,2024-11-21,تطبيق رائع و سهل الإستخدام,Positive
a8ef1c59-cbc7-41a4-a5cd-3d53dde09730,Jumia,E-commerce,5,2024-11-21,ممتازة,Positive
8ffc4161-29d9-48b9-b405-c63b33386edc,Jumia,E-commerce,3,2024-11-21,خدمة التوصيل للمنزل عادة لا تلتزم بالوقت المحدد مسبقا وتستغرق وقت أطول,Neutral
db9bbe53-6738-44d2-a762-6da1ede1575b,Jumia,E-commerce,4,2024-11-21,أسعار منخفضة وممتازة,Positive
5bf13c22-c114-40f5-8bbf-a5fc35003ffc,Jumia,E-commerce,5,2024-11-20,ابلكيشن جوميا ممتاز,Positive
5490779b-3ea0-47c2-b976-6c5f01b65986,Jumia,E-commerce,3,2024-11-19,عروض وهميه من زمااان,Neutral
799c073a-76c6-4bbe-a3a0-a2763a480694,Jumia,E-commerce,5,2024-11-19,جيد,Positive
c00769bb-81a6-4c89-8eeb-6814fcf6d75a,Jumia,E-commerce,1,2024-11-18,نصيحة مجرب لا تشترون منهم!!! منتجاتهم سيئة جداً ، طلبت سرير اطفال جالي مكسور، ومدهون تحت بير السلم وفنش معفن وعلشان يرجعوه هستتي اسبوع او اكتر. ومفيش خدمة عملاء تتواصل معاهم تجربة من أسوء ما يكون,Negative
484f604c-e173-4a95-aa94-ffb5d6555b9b,Jumia,E-commerce,4,2024-11-18,جيد جدا,Positive
69350b4b-7052-432c-957f-b1b439621e4f,Jumia,E-commerce,1,2024-11-17,تطبيق فاشل لو طلبت أي حاجة ودوست إتمام الطلب بيفضل يقول جاري التحميل ويثبت على كده,Negative
40a08184-46df-423d-a632-39e12e0684f9,Jumia,E-commerce,1,2024-11-16,التطبيق لا يعمل,Negative
d4e73a65-e60c-45ba-99ae-6eff6f018ae7,Jumia,E-commerce,5,2024-11-16,جميل,Positive
c66b86f4-2ad5-4bb7-a402-14d8a114fe8e,Jumia,E-commerce,5,2024-11-16,good,Positive
981f33d3-b682-4747-b55c-bc9809cda989,Jumia,E-commerce,3,2024-11-16,اسعار غالية جدا في جزائر ، ارجوا تخفيض السعر ، و تخفيض سعر توصيل للجزائر ايضا,Neutral
8f316118-5d72-44d4-bc33-9f6e3c9e90f9,Jumia,E-commerce,1,2024-11-16,أسوأ خدمة عملاء على الإطلاق لا يحترمون العميل بسرعة الرد اكثر من اسبوع حتى أتاني رد باعتذار سخيف جدا أعذار واهيه مواعيد غير منضبطة على الإطلاق للأسف أسوأ بديل للمقاطعه,Negative
a3ec18c9-d158-4458-8248-2f62bc1d37fe,Jumia,E-commerce,1,2024-11-16,تطبيق لا يستجيب وفي مشكله في تسجيل الدخول,Negative
46ac8ee1-fc5d-40bb-8191-1f30faa03f7c,Jumia,E-commerce,5,2024-11-15,ممتاز وجربت اكثر من مرة بس غيرت تليفوني وبنزله تاني ع الموب الجديد,Positive
9357ae0d-0bab-4d18-9cd7-5f6ea818cb3b,Jumia,E-commerce,5,2024-11-15,جيد جدا,Positive
bbfb5978-e5f9-4358-8d18-fe7209ab3736,Jumia,E-commerce,5,2024-11-15,رائع جدا,Positive
02689edf-64d7-4928-b38c-04fbbb7a2c05,Jumia,E-commerce,5,2024-11-15,ان التطبيق ممتاز جدا والله العظيم ممتاز,Positive
978bcb91-10d8-4214-b7be-4ff022e68592,Jumia,E-commerce,3,2024-11-15,هاذ التطبيق رائع وممتع كثيرا بزاف في حياتي,Neutral
89b9af91-c173-4cbb-84f3-0032240be9c8,Jumia,E-commerce,5,2024-11-15,good,Positive
c2d2d5cc-7763-455f-bf8c-8c93b9bfbe0c,Jumia,E-commerce,5,2024-11-15,جيدجدا,Positive
a6cbb4c9-68fc-4ef0-8fa8-b4ecfea86ff6,Jumia,E-commerce,4,2024-11-15,رائع جدا,Positive
e070596a-941c-4317-8dd0-21d2cc032af4,Jumia,E-commerce,5,2024-11-14,very nice,Positive
f7bc47ca-62b3-43a6-9558-88b544d62938,Jumia,E-commerce,5,2024-11-14,جيد جدا,Positive
a37460b2-c59a-4edb-85c1-54a6992c0022,Jumia,E-commerce,5,2024-11-14,جديد جميل,Positive
15da9d31-4dec-4657-bd36-90d384d4c0ea,Jumia,E-commerce,5,2024-11-13,Excellent,Positive
943fd8f2-6e20-4b98-97b6-29a89e439db9,Jumia,E-commerce,1,2024-11-13,تجربة سيئ مع اسوء شركة تسويق,Negative
679684e1-3e5a-45d9-bc8b-9514e2809325,Jumia,E-commerce,5,2024-11-13,انصح كل الناس تحمله والتسوق منه أنه جميل وممتاز وصادقين في مواعيدهم وعروضهم كمان ممتازه جدا,Positive
f3cbad0f-fa5d-4a7d-b400-a010a677d1a2,Jumia,E-commerce,5,2024-11-12,توظيف,Positive
dd5037a1-e4cf-466a-837d-42fa53851eb8,Jumia,E-commerce,5,2024-11-12,جيد ودفع عند إستلام,Positive
74e7b07c-310b-4275-9f56-465d20b73b14,Jumia,E-commerce,2,2024-11-12,غالي اوي ومش احسن حاجه في المنتجات بس كان تعامل حلو,Negative
95ec4809-b8e4-4ce1-82a0-ea8b6a1e924d,Jumia,E-commerce,1,2024-11-11,اسوا تجربة حتى الطلبات يتاخرون فيها ولا يهتمون بالزبائن,Negative
60852af3-a706-4e9f-a821-53fbb6f228bb,Jumia,E-commerce,5,2024-11-11,جيد,Positive
c60b4f7c-a42b-4b16-b696-c6484e560689,Jumia,E-commerce,1,2024-11-11,صعب تسجيل الدخول,Negative
4b4bf224-aaba-43d6-bcfb-1e492f4b873b,Jumia,E-commerce,5,2024-11-11,رائع,Positive
21428938-e8c7-4c24-8191-8e4ac9201f6d,Jumia,E-commerce,4,2024-11-11,good,Positive
50865dbf-faae-4308-9386-930a947f901f,Jumia,E-commerce,5,2024-11-11,ممتاز جدآ,Positive
65d9a1c2-90eb-45f0-b6be-acf3920bc889,Jumia,E-commerce,5,2024-11-11,تطبيق جميل,Positive
f6c8685f-78d1-4ea0-9a1a-97604b6b6b3b,Jumia,E-commerce,5,2024-11-11,جميل جداً جداً جداً,Positive
e1b48897-44fb-4e11-abfe-b68ebbe062bc,Jumia,E-commerce,5,2024-11-11,برتاح فى التعامل مع جوميا,Positive
666988a2-17d1-493b-a6ec-8b6d4969a60e,Jumia,E-commerce,1,2024-11-10,ممتاز,Negative
a3ed6fa1-55eb-483a-bc94-41c4a4790fef,Jumia,E-commerce,5,2024-11-10,ممتاز,Positive
fdd8e581-716a-4e21-8813-a95140c7f75c,Jumia,E-commerce,5,2024-11-10,ممتاز جدا,Positive
d3fb8f64-4e95-48ef-aa87-be89c7a4a3d9,Jumia,E-commerce,5,2024-11-10,خدمه ممتازه,Positive
75273ea9-281f-425c-a1cc-3b7c7f3acde2,Jumia,E-commerce,1,2024-11-10,صعب,Negative
391b6104-a613-4e16-b78c-d5a8b0ef85d4,Jumia,E-commerce,5,2024-11-10,لسه مشفناش حاجه,Positive
8fbef84f-d2f1-4565-8075-287846e81efb,Jumia,E-commerce,5,2024-11-09,رقم 1 في مصر,Positive
7ebcc50d-7ac7-4090-a65b-44585775d3fa,Jumia,E-commerce,5,2024-11-09,رائع,Positive
a97995b1-a5c7-404c-8302-852ce812d9fb,Jumia,E-commerce,5,2024-11-09,تطبيق جيد و عنده كل المصداقية ❤️‍🩹,Positive
004bf4ee-68f8-471d-be9e-4c3871d43b4b,Jumia,E-commerce,5,2024-11-09,انصح بتجربته انهو رئع سأستمر بالطلب اكييييييد,Positive
1bcc86bf-e94c-4524-8116-85720b21629d,Jumia,E-commerce,3,2024-11-08,اول تعامل ليس سئ,Neutral
82850854-14b6-4914-8a14-2727eeb23a98,Jumia,E-commerce,1,2024-11-08,لو سمحتوا أنا إتنصب عليا فى مبلغ 3780 جنيه عن طريق موقعكم وأريد إسترداده وإذا لم أسترده بالتى هى أحسن سوف أنشر الخبر على جميع وسائل النت و فى كل مكان,Negative
2a03dff8-3a05-4035-ae0e-b4125fda2672,Jumia,E-commerce,5,2024-11-08,تطبيق جيد لتوصيل الأغراض,Positive
bf051491-bc68-409a-a01b-3e76232be305,Jumia,E-commerce,5,2024-11-08,إن شاء الله يكون التعامل ممتاز كالعاده...شكرا لكم,Positive
13ca6108-2929-4b8e-aaf7-80ec05c5b816,Jumia,E-commerce,5,2024-11-08,معامله جيده وبضاعه جيده,Positive
b5001157-a3c4-4e14-addd-f86d3d3011cc,Jumia,E-commerce,5,2024-11-08,ممتاز,Positive
70bb656b-6c2f-4c34-a4e6-7de9529308e0,Jumia,E-commerce,2,2024-11-07,لحين استلام الشحنة ومعاينتها باذن الله,Negative
4b2ec974-f1b8-44aa-a000-66de10f3c795,Jumia,E-commerce,5,2024-11-07,تجربه كويسه وسرعه في التوصيل,Positive
8292fb4b-aa58-453e-a101-92bea58eeab3,Jumia,E-commerce,1,2024-11-06,بعد إتمام جميع الإجراءات مفيش حاجه بتوصل ويتم إلغاء الاوردر,Negative
87905ca2-35c7-4bc4-94d4-a652d5c1eefb,Jumia,E-commerce,5,2024-11-06,نرجو المزيد من المنتجات و تخفيض في الاسعار مثل مواقع اخرى توصيل جيد سرعة اختيار,Positive
bf99af25-ebe0-4df4-ad30-a2aa722c8fc2,Jumia,E-commerce,5,2024-11-06,حلوه,Positive
27e01c15-6047-47d5-800a-cd50158fcba7,Jumia,E-commerce,5,2024-11-06,🤝👏,Positive
b643d704-b674-44e3-94c9-54be502292cc,Jumia,E-commerce,1,2024-11-06,تأخير في الأوردر,Negative
93538f47-709e-4e36-8f06-2ff1b3d4f6c8,Jumia,E-commerce,5,2024-11-06,شكرا,Positive
c01924cf-8ab6-44a8-aa5c-82c18d3aafac,Jumia,E-commerce,5,2024-11-05,عند الدخول في تسجيل عنوان الشحن لا يوجد محافظة قنا,Positive
6d22d2cd-5fe9-4ec6-b28a-e4764b1953ef,Jumia,E-commerce,5,2024-11-05,جميل جدا جدا,Positive
d0a63b17-ca0c-44be-85f6-8c987db5b6b3,Jumia,E-commerce,5,2024-11-05,ممتاز,Positive
00c93e11-ca4f-41c2-aca6-7e0cd8cf11bb,Jumia,E-commerce,4,2024-11-04,موقع صعب الصراحه للطلب,Positive
687a2cad-81f6-46e4-bcd0-3361270290b4,Jumia,E-commerce,5,2024-11-04,راءع,Positive
33737e73-eb0e-41dc-aa31-9222c522dc07,Jumia,E-commerce,5,2024-11-04,يوجدصعوبه.في.تثبيت.التطبيق.بسبب.ارقام.التحقق.من.الايميل.والرقم.السري,Positive
4071c6fa-f767-4e8d-a82a-679a58f09a0b,Jumia,E-commerce,5,2024-11-04,ممتاز,Positive
f9140a60-4cb0-486a-b498-0186e19189c8,Jumia,E-commerce,5,2024-11-03,رائع,Positive
f7fec97f-5636-4429-a05f-354596421e5d,Jumia,E-commerce,5,2024-11-03,سهولة التوصيل,Positive
63acc228-7d9e-49c6-b398-b93903f7464a,Jumia,E-commerce,5,2024-11-03,good 👍,Positive
1b39f048-96cd-4999-b683-67c6a5837856,Jumia,E-commerce,5,2024-11-03,ممتاز,Positive
81bd7065-df11-4728-8bfe-0d883becbf47,Jumia,E-commerce,5,2024-11-03,جيد,Positive
0a2a93e2-2bee-485c-9d59-8a65fdefb702,Jumia,E-commerce,5,2024-11-02,رائع 🤩,Positive
9fd1cc6a-3b01-4851-97e9-560e0f5a1ead,Jumia,E-commerce,4,2024-11-02,جميل,Positive
38dba90c-0f7e-413f-b5b3-eacc46646a09,Jumia,E-commerce,5,2024-11-02,مضمون وسريع التوصيل,Positive
3f69cc95-bdb6-48e4-a2b8-e9dd60e97aef,Jumia,E-commerce,5,2024-11-01,تطبيق جميل جدا وموثوقيه الطلب والارجاع وسهولة تعامل,Positive
8414a64e-8ed8-4a5f-be29-1a578c939655,Jumia,E-commerce,1,2024-11-01,اسوأ تطبيق يمكن اغلي من السعر الاصلي تلات اضعافه ويقولك خصم 50% وزباله,Negative
0fc15e4c-f7d8-4468-9013-34fbcf4872fa,Jumia,E-commerce,5,2024-11-01,افضل تطبيق للتسوق,Positive
4f89bcd6-b6b5-441f-bb27-f0a17d151098,Jumia,E-commerce,5,2024-11-01,جميله اوي,Positive
e2c4581c-ac61-4d81-a0f1-ec278c62b7cf,Jumia,E-commerce,1,2024-11-01,اسوأ موقع في العالم اشتريت cube ومرت 7 أيام ولم يصل الطلب,Negative
d34cfdbe-5675-4e18-8ef7-54188762d9e4,Jumia,E-commerce,1,2024-11-01,سيئة للغاية طلبت الاوردر قالوا هتستلم الثلاثاء ١٦ اكتوبر وكنت طلبه لمناسبه يوم الجمعة قالوا لسه مش جاهز وهتستلم السبت وضيعوا ميعاد المناسبة وقالوا تروح تستلم من فيصل وروحت قالوا لسه ممكن تستلم من المركز فى التجمع وتعبت كثيرا لحد ماوصلت للطلب ودى كانت اول واخر تجربه مع الابليكشن ده,Negative
b88d37cb-1d3e-4b28-95c0-0a7509d9fad9,Jumia,E-commerce,5,2024-11-01,ممنتاز,Positive
51fd6033-1211-4d22-8008-b212fdc8b82e,Jumia,E-commerce,1,2024-10-31,برنامج روعه وتقدر تشتري اي حاجه منهم وبكل سهوله,Negative
58574713-55f7-42f7-be3d-cf8cf8bdf7d2,Jumia,E-commerce,1,2024-10-31,كل حاجه فيه كدب العروض بتخلصقبل متبدأ,Negative
1c468d12-028c-4028-aecf-206befd5d621,Jumia,E-commerce,1,2024-10-31,لم اتمكن من الطلب عبر التطبيق لأن الرقم السري لا يصل الى رقم الموبايل الخاص بي,Negative
6bc491ea-d027-4547-b625-2474de43c53e,Jumia,E-commerce,1,2024-10-31,حراميه وعروض وهمية,Negative
762173d7-8e8e-4a3b-907d-5faad4a51fa9,Jumia,E-commerce,5,2024-10-31,جيد,Positive
63306bd7-3f57-4def-b41a-d5a936ff68bb,Jumia,E-commerce,1,2024-10-31,كذب عرض اى حاجه ب10 يخدعه الناس واى عروض فيه وهميه,Negative
6d926d1c-1938-493f-b7ca-50d84e3d3dc2,Jumia,E-commerce,1,2024-10-31,شركة سيئة وتعامل معها مش كويس غير كده مش راح قول بنصحكم لوعاوزين تشترو حاجة اشتريها بنفسك من محل افضل وعليها ضمان,Negative
0da23687-bfaf-459e-a32f-5574409ea366,Jumia,E-commerce,5,2024-10-31,تطبيق جوميا ممتاز لانه يعرض منتجات متنوعة تناسب كل الاعمار والاحتياجات المنزليه هناك سلاسةومصدقية وسهولة فى ارتجاع المنتج فىحالة وجودمشكلةانا لااتعامل معه مباشرة ولكن من خلال ابنى اوصديقة,Positive
2129f8ff-f5af-403c-b61d-3e4c95d9d1a4,Jumia,E-commerce,5,2024-10-30,تحت التجربه شكرا جوميا تغليف محترم وميعاد محترم والمنتج تحت التجربه شكرا,Positive
7208c272-14f1-4ca7-8dd7-442be28a9b9e,Jumia,E-commerce,4,2024-10-29,كويس وسياسة الارجاع محترمة جدا وساسية الدفع لكن غالي بعض الشئ ومش عليه كل السلع المطلوبة.,Positive
82ba0846-6628-4910-9b2f-e21ecd466225,Jumia,E-commerce,5,2024-10-29,متعاون وتحيى فِلَسطين,Positive
d77fcb0f-5e99-4aa1-8a42-760756dc40d3,Jumia,E-commerce,5,2024-10-28,احسن تطبيق في مصر,Positive
b447fb28-0a0b-4af5-ad25-ea31519020a0,Jumia,E-commerce,5,2024-10-28,جميل جدا,Positive
0dc67bb5-dd79-4970-9a31-526dfe5372ef,Jumia,E-commerce,1,2024-10-28,شركة نصابة بتاخد وقت عل الاسترجع او الاستبدال مع اني الغلط دائما منهم,Negative
3d590d0e-e96c-4eba-85ee-682e76d4ff8d,Jumia,E-commerce,5,2024-10-28,تمام,Positive
54dbcced-507d-4b96-a2fc-9de5b17c338e,Jumia,E-commerce,5,2024-10-27,تمام,Positive
42b1267b-e280-40ce-9e62-49bb8e5e77e5,Jumia,E-commerce,5,2024-10-27,ممتازة جدا,Positive
ab088765-f521-4fb7-8120-e7abac6791f0,Jumia,E-commerce,5,2024-10-27,ممتاز صراحه,Positive
b72343d7-d89b-4a1f-8fc8-e01ec0fb6585,Jumia,E-commerce,5,2024-10-26,ممتاز جدا,Positive
118655bd-80a4-4a8b-aec0-0749689bca67,Jumia,E-commerce,5,2024-10-26,إن ان الصفحه جيده جدا وسلسه جدا لان التوصيل في يومين وما بالنسبه الى الثمن انه مناسب بشكل جيد ويوجد فيها الكثير من وجود فيها الكثير المتجس الرائده والغير معروفه والمفيده لهذا اعطي تقييمي خمسه. شكرا جزيلا يا جوميا فانا احبك جدا اود ان اشتري منك بعض المنتجات الرائده فانا فانا اجمع النقود لكي اشتري منك جهاز سيفو وهو كونسل فانا فانا طفل صغير افهم في الكترونيات وانا لدي جميع من الاجهزه من منك واشعرك على الجوده,Positive
21748a97-3285-46a1-bbf8-a3823d8b342f,Jumia,E-commerce,5,2024-10-26,تطبيق ممتاز جدا وسهل ف التعامل,Positive
87c870e4-db34-4fae-9e53-a99abc4ab877,Jumia,E-commerce,5,2024-10-25,ممتاز,Positive
89d3ffd1-0611-4494-9bb3-f01738ce3418,Jumia,E-commerce,4,2024-10-25,جميل وسلس,Positive
9ee8d7aa-019f-4dd7-845f-eaf25a4e7a22,Jumia,E-commerce,1,2024-10-24,متوسط,Negative
9b6cb2af-724a-4b92-817a-edbfca984ccf,Jumia,E-commerce,5,2024-10-24,رااااااااائع,Positive
da40d965-679c-49b2-9425-565892436b88,Jumia,E-commerce,5,2024-10-24,ممتاز,Positive
d3c9a222-2d97-4ed9-b99f-59bcd93b447b,Jumia,E-commerce,5,2024-10-24,ممتاز,Positive
692d720e-16aa-4943-8374-bb6354bbcd06,Jumia,E-commerce,3,2024-10-24,تطبيق جيد يحتاج إلى تطوير,Neutral
6fa9f3dc-d004-4ef7-bc1f-bc8d6ddff7a9,Jumia,E-commerce,5,2024-10-23,منتهي الجدية,Positive
3157740b-6e94-4769-9799-65401e9d6a63,Jumia,E-commerce,5,2024-10-23,جيد,Positive
9433a596-3af5-492d-beea-69cce6a1c53b,Jumia,E-commerce,4,2024-10-22,super,Positive
5861e099-057d-4fe4-aba1-0fce262ecb38,Jumia,E-commerce,5,2024-10-22,تطبيق رائع وانصحكم بي تنزيله,Positive
0694c127-b10c-41ea-8363-d1f6ddffecb4,Jumia,E-commerce,1,2024-10-22,تطبيق سيئ وخدمه عملاء اسوء,Negative
1c07d847-30b2-45bb-b1f1-b6e833f8b90c,Jumia,E-commerce,1,2024-10-22,لا انصحكم بالتعامل مع جوميا,Negative
712c910a-c296-412a-a2d9-20d05f029702,Jumia,E-commerce,5,2024-10-22,.ok,Positive
7b554743-4c3f-49c1-b34a-dc07b3a37a38,Jumia,E-commerce,3,2024-10-22,الأسعار مرتفعة قليلا,Neutral
17d9fa23-674e-424e-a17b-f370733d8183,Jumia,E-commerce,5,2024-10-21,شكرا,Positive
f31b3b59-e81b-4748-8574-934dca3fc6e8,Jumia,E-commerce,5,2024-10-21,جيد,Positive
e047a75e-5f89-455f-a36c-8a434936c876,Jumia,E-commerce,5,2024-10-21,تطبيق رائع,Positive
712d9e79-d37a-45a9-a316-bb34788dd208,Jumia,E-commerce,5,2024-10-21,التسوق رائع مواعيد مظبوطه والمنتجات من اجود م يمكن كل الشكر والتقدير 🥰♥️,Positive
d416fe61-e881-433a-a9d2-cf0e214ccbbd,Jumia,E-commerce,5,2024-10-20,ليه مش باعرف ادخل واتسوق ؟ كل ما ادخل اتسوق مش بيستجيب لى,Positive
06461b98-c7e4-4ac2-88b6-95c4d5bea2b3,Jumia,E-commerce,5,2024-10-19,😍😍😍😍😍😍😍😍😍😍😂😂😂😂😂😂,Positive
55ad9eaa-7c5e-4da2-ba23-f5ddae5decb9,Jumia,E-commerce,1,2024-10-19,تم الدفع بالفيزا ولا يوجد دفع عند الاستلام وهذا سيئ,Negative
be27e061-f31f-400b-8693-e77f2b79ba5b,Jumia,E-commerce,1,2024-10-19,داعم للكيان,Negative
ff35e963-d08f-415c-8a1a-06398dce6dd0,Jumia,E-commerce,3,2024-10-19,الاسعار غالية,Neutral
5e95910b-a281-42f0-9751-f280cb784ff5,Jumia,E-commerce,5,2024-10-18,❤️,Positive
6874fa5f-9d17-4e2d-9cf6-8f7571e6e898,Jumia,E-commerce,5,2024-10-18,افضل تطبيق في مغرب 100/100,Positive
e1c8b70d-92e3-4de4-a5a3-83276dd17a2b,Jumia,E-commerce,5,2024-10-18,جيد جدا,Positive
e5b1bb28-5014-44c4-abbc-e558fcc03a07,Jumia,E-commerce,2,2024-10-18,بصراحة حاليا التطبيق مش حلو وبقا كل ما ابحث عن حاجة مالقيهاش وده بجد كل حاجة وسعات لما بدخل علي منتج عشان اشوفه بيقول انو حدث خطاء ده حتا لما بدخل علي الاقصام وعملها مع منتجات كتيرة زي دي فاتمنا التحديث,Negative
e451dd76-016b-4660-a0c4-46da9e70ea09,Jumia,E-commerce,1,2024-10-17,تطبيق فاشل والله طالب طلبيه لها اسبوع ما وصلت وكل ما اكلم عميل يقول ساعه 9ليل ويوم تجي ساعه 9ليل يقول بعد يومين لها اسبوع نجمه حرام واللههه,Negative
6749d48f-d6b8-4743-88b5-bc40311f82be,Jumia,E-commerce,5,2024-10-17,جميل,Positive
ccad311e-742d-4c38-bf8e-5c2bcf6ca174,Jumia,E-commerce,5,2024-10-17,لم يناسبني,Positive
04620833-1dca-4f99-9164-c8937a389776,Jumia,E-commerce,1,2024-10-17,ليست فى المستوى المطلوب لان المنتجات المعروض ليست كافية,Negative
df7e38ae-33e6-4288-aa65-1bf71926ac50,Jumia,E-commerce,5,2024-10-17,صراحة أول تعامل معه سهل واسعار جميلة والخيارات كتير,Positive
bed1099a-6dfb-4417-9062-a244d5d86b8f,Jumia,E-commerce,1,2024-10-16,تجربة سيئة جداً أخذ مني وقت طويل جداً للتسجيل و بعدها قررت أطلب اوردر في الآخر يتلغى كتاب من الاوردر و احاول استرجاعه يقول لي لا يمكن الاسترجاع و احاول اتواصل معكم مش عارفة اوصل لكم و كمان مش عارفة ألغى الاوردر لاني مش هستلم الاوردر ناقص كتجربة للتسوق كانت الافشل,Negative
1e4d8ced-f51e-4094-a731-ed4e38c94ac1,Jumia,E-commerce,5,2024-10-16,ان التطبيق لايعمل لا أدري ما سبب فقط يقول لي عذرًا لا نستطيع تحديث المحتوى,Positive
5c3cafdb-445f-426f-9b2e-4063b8c83848,Jumia,E-commerce,4,2024-10-15,Excellent Excepreiance with Jumia,Positive
48628125-0ae0-432f-a504-0c3811d03d2f,Jumia,E-commerce,3,2024-10-15,والله ما بضحك ةخ٥٦٨٣٩١ ماشي,Neutral
6d76153f-de58-4434-8623-4e0de0d99804,Jumia,E-commerce,5,2024-10-15,خل يوجد توصيل إلى اليمن,Positive
82549c69-2e9d-4853-88fc-b1d29224a9b8,Jumia,E-commerce,5,2024-10-15,ممتازة,Positive
f0bb738c-4007-46d2-aecf-11fd221e1135,Jumia,E-commerce,5,2024-10-14,جيد جدا.,Positive
cf8a2b52-fada-4420-8ae4-5723406037c1,Jumia,E-commerce,2,2024-10-14,سيء,Negative
cd6ebcb8-1232-4b04-b1c7-bd5e47751ec9,Jumia,E-commerce,5,2024-10-13,ممتاز,Positive
cf2f46a5-9731-4a2e-a0f8-3e3b7e1aa497,Jumia,E-commerce,4,2024-10-13,ا ننا ربي بلا,Positive
70bbd5aa-5a51-45ea-904e-e9c1b78935a8,Jumia,E-commerce,5,2024-10-11,ممتاز,Positive
8c2e88a1-61cd-4df2-b018-b32cf38815a5,Jumia,E-commerce,2,2024-10-11,ممتاز,Negative
562f9d3b-cbcf-4cf4-afc4-905b9051b31e,Jumia,E-commerce,5,2024-10-10,انا كان ليا تجارب كتير مع جوميا من اكونت قديم وكلها ناجحه جدا وكانو ناس محترمه مع انى ليا ملحوظات هيكون افضل بكثير توضيح المقاس يلبس كام كيلو المرتجع يكون افضل بكثير مع المندوب وتخلص الليله غير كده انا اتشرف بالتعامل معه,Positive
56a08daf-843e-4b2a-bc25-5055eee00213,Jumia,E-commerce,1,2024-10-10,انا بقالى ٣ ايام مش عايز يدخل بالايميل شلت التطبيق ونزلته تانى ومفيش جديد وكلمه المرور صح مش غلط ومش راضى يدخلنى على حسابى ايه الحل,Negative
aee758b5-f522-47fe-b395-2a1d96a63ada,Jumia,E-commerce,5,2024-10-10,شكرا,Positive
acb5a236-423a-400d-b6ea-bb753529535e,Jumia,E-commerce,3,2024-10-10,قيمته ب3نجوم لأن فيه عيب واحد وهو تأخر عند طلب يستغرق طلب أسبوع حتى يتم إيصاله من الأفضل أن تكون 4أيام على الأقل لتوصيل الطلب وأيضا توصيل غالي الثمن,Neutral
1fe87f2c-ebec-4f53-b930-a5411e8ffb9c,Jumia,E-commerce,5,2024-10-10,جميل,Positive
37d21abe-e79d-4d95-9a30-6b640734bc39,Jumia,E-commerce,5,2024-10-09,جميل,Positive
1d24c52a-45ae-4d42-9425-06aa80a1e277,Jumia,E-commerce,4,2024-10-09,تطبيق لا بأس به,Positive
e63fe585-1556-4e92-ac6a-eeabb2fc646c,Jumia,E-commerce,1,2024-10-09,حولت اكتر من 20 مره بجد ومش راضي ياكد علي رمز التحقق البرنامج مش راضي يبعت الرمز وبسبب كدا مش عارفه اطلب اي اوردر,Negative
62ad85f6-d695-4733-ac9d-fed12ac767d9,Jumia,E-commerce,1,2024-10-09,خدمة التوصيل سيئه جداً👎 المندوب رفض يوصلى المنتج للعنوان الى كاتباه,Negative
e05a1c77-9808-4c42-9852-fe10855b4484,Jumia,E-commerce,5,2024-10-09,شكر,Positive
39bd41f5-11b4-40e6-8004-d703a2e53b07,Jumia,E-commerce,3,2024-10-08,.نقخخقخغغ٧,Neutral
f164cbb2-5891-4a2e-875a-69e644cdc4f9,Jumia,E-commerce,5,2024-10-08,منتج. صادق وجميل,Positive
d0de1183-2733-4a99-97c2-e34eff85bbe7,Jumia,E-commerce,5,2024-10-07,تطبيق رائع ومتنوع وجوده عاليه,Positive
62563927-ff78-467e-b31b-bf6b9582d883,Jumia,E-commerce,3,2024-10-07,ياريت يا جماعة لما تعملوا ارجاع منتج بصوا على الايصال لان الموظف اللى بيستلم المرتجع بيغشك ويكتب انك رجعته بعيب,Neutral
51e70eeb-133e-4054-acca-adff15a03714,Jumia,E-commerce,5,2024-10-07,شكرا ابلكيشن ممتاز,Positive
9b667862-6e30-4900-9890-fc91e111c3af,Jumia,E-commerce,1,2024-10-06,نعطيكم نجمة لدعمك تفاهة يا ايها تافهين,Negative
f3cf0ef9-ba81-4f7a-8880-83ccbe730bbb,Jumia,E-commerce,5,2024-10-06,ممتاز,Positive
c7dc559d-f142-460d-8c50-3f9288d5f8a4,Jumia,E-commerce,1,2024-10-06,للاسف ما فى مصدقيه مع العمله كان اول تعامل معهم واخر تعامل,Negative
b2300f53-bb45-4641-9486-1f00ecb2997e,Jumia,E-commerce,5,2024-10-06,تطبيق رائع اتمنى ان يتم اضافة دفع عند الاستلام,Positive
2bdcec0a-9035-473f-a822-36df3a603f5a,Jumia,E-commerce,1,2024-10-05,تجربه سيئه اوي كل مطلب اوردر يطلع بايظ,Negative
5a097b3f-5922-4005-bccf-e18a256dbbe9,Jumia,E-commerce,5,2024-10-05,جميل بس عايز التنويع وبلاش الانجليزي الكتير عشان المصطلحات بتخت على بعضها البعض ممكن تخلي واحد عربي وواحد انجليزي لو انتم حابين اساسا او في ناس بتتعامل باللغه الانجليزيه نسبه 90% مصريين يا جماعه اوعى تنسوا الحته دي,Positive
608850e4-aebf-488d-8b42-0678b02dd314,Jumia,E-commerce,1,2024-10-04,افا,Negative
f4cce3d6-9bde-47e6-8ec8-73f341a092dd,Jumia,E-commerce,5,2024-10-04,ممتاز,Positive
e1d27c69-a2cd-4582-a34e-be266c5bea73,Jumia,E-commerce,5,2024-10-04,جميل,Positive
15c72035-5fe5-4c98-8ba2-930895d105fc,Jumia,E-commerce,5,2024-10-04,🏆💯,Positive
b541e40e-0889-47f7-ad0e-2edb1f83b7c5,Jumia,E-commerce,1,2024-10-04,سئ للغاية,Negative
36fd3ca5-068a-4300-b577-c38bd266b596,Jumia,E-commerce,4,2024-10-03,رائع,Positive
24f795ef-a07b-495b-8188-749944eaf3a4,Jumia,E-commerce,1,2024-10-03,ابلكيشن سيء جدا وبياخدوا شحن كتير والمندوبين قمة في قلة الذوق,Negative
9685e99e-a1e9-460a-a603-126f1d1183ea,Jumia,E-commerce,5,2024-10-02,تم تعديل التعليقات بعد مراجعة ختمة العملاء بأفضل صورة ممكنة,Positive
5db20d51-7938-4c7d-8072-e55ec82314d7,Jumia,E-commerce,5,2024-10-02,سريع سهل ٱمن 100/100 👍👍,Positive
86af4d13-da93-415d-8d87-4a5cf13cb517,Jumia,E-commerce,5,2024-10-01,صادقة,Positive
6c98d962-ecb4-4faa-a6b8-9e7f4971fc3f,Jumia,E-commerce,5,2024-10-01,التوصيل سهل و حلو,Positive
af63db71-b031-4dfb-b8b5-18ced03d5ccf,Jumia,E-commerce,5,2024-10-01,شكرا تطبيق رائع ممتاز جدا,Positive
8e2dc4b6-32d9-4c4d-acfc-c6815b36534e,Jumia,E-commerce,5,2024-09-30,خدمه ممتازه جدا جدا جدا جدا فريق العمل المحترم جدا انصح باستخدام جوميا,Positive
902bc62d-96a1-4423-affd-eefd64332112,Jumia,E-commerce,5,2024-09-28,اتمنى إضافة المزيد من منتجات beyblade في جوميا للجزائر,Positive
31d94211-af0e-405b-8351-d62a28e6a276,Jumia,E-commerce,2,2024-09-28,البحث عن منتج بيكون صعب جدا ولا يتم عرض البائعين جميعا في صفحه واحده للاختيار بينهم,Negative
bf9951db-55fb-4601-9b43-92a2329e269f,Jumia,E-commerce,1,2024-09-28,تنقصه المصدقية,Negative
7913bdfa-d1c2-4932-9d90-b7213353c43f,Jumia,E-commerce,5,2024-09-27,ممتاز,Positive
0321dd34-85e5-4a31-88b0-b1cddd7289cd,Jumia,E-commerce,1,2024-09-27,تطبيق سئ لا انصح به غير ملتزم بالتوقيت التوصيل والمنتجات الي تصل مختلفه عن المعروضه لا انصح به,Negative
165d557d-8f41-46d3-997c-0ef8f820f2f3,Jumia,E-commerce,1,2024-09-27,التطبيق لا يعمل,Negative
787514b3-3e75-4f06-95df-c708a3a91ed2,Jumia,E-commerce,5,2024-09-27,ممتاز جدا وارخص الاسعار,Positive
b8d7fa39-30d8-4c36-b544-f6694a150c03,Jumia,E-commerce,1,2024-09-27,تطبيق زي الزفت وكل حاجه في غاليه وجواه شبشب بتاع حمام 324 بس,Negative
d5de18d4-ed58-49fe-9c08-34708bc0e9c1,Jumia,E-commerce,5,2024-09-27,ممتاز,Positive
557bf642-7d2d-4794-ab4c-1fb82937a68a,Jumia,E-commerce,1,2024-09-26,سوق سئ ما في مصدقاقية في التعامل بيقول الدفع عند الاستلام تطلب اردر وتخلص الطلب تظهر رسالة المنتج من الخارج لازم تدفع فيزا؟,Negative
42112c94-158d-471b-a7b9-2cd88b4b0ce3,Jumia,E-commerce,4,2024-09-26,مزيان,Positive
273473e9-dbf3-4cfa-bc7e-7719f231b993,Jumia,E-commerce,5,2024-09-26,لم,Positive
c54008db-6a79-40f3-b958-9e5d9d6449a7,Jumia,E-commerce,5,2024-09-26,ممتاز,Positive
cf608ee5-181e-49fc-98a8-8ed4729cc992,Jumia,E-commerce,1,2024-09-26,تطبيق زباله وخدمة عملاء ما بيفهموش حاجه هتشترى المنتج بس ابق قبلنى اذا عرفت ترجعو اوسخ شركة تتعامل معاه عن تجربة شخصية جوميا اسواء شركة فعلا خليك مع نون او امازن افضل بكتير من الشركة ده لانهم فعلا نصابين,Negative
1ce9e659-213a-46ee-a08a-e41a904146ac,Jumia,E-commerce,1,2024-09-25,جميل,Negative
7e86d4d7-84b6-4b72-a64b-e5ca155f430a,Jumia,E-commerce,5,2024-09-25,الحقيقه بعد التجربه يستاهل كل الحب والتقدير وشكرا عائله چوميا ابلكيشن ثقه وامان ووضح وتعامل داخل الابلكيشن سهل وسلس جدا,Positive
b2a4d298-ae45-48f9-8653-a6f063e84625,Jumia,E-commerce,1,2024-09-25,سيء جدا لا يتم التوصيل لأغلب المحافظات وخدمة ما بعد البيع سيئة جدا,Negative
482aebdc-30e9-41f7-921c-657992e27594,Jumia,E-commerce,5,2024-09-25,ممتاز,Positive
c8390aac-4c57-48a7-910f-701a1c680df6,Jumia,E-commerce,1,2024-09-25,حلفاء الصهاينة لا صله لنا بكم,Negative
4fa5c848-b9e4-4582-883b-eec674e9176f,Jumia,E-commerce,5,2024-09-25,مرحبا,Positive
5438cd1c-8439-42d4-892b-887ef438719b,Jumia,E-commerce,5,2024-09-25,حلو,Positive
f70e4c06-23a8-4d8f-bfc0-73e6df76b813,Jumia,E-commerce,3,2024-09-25,تطور جديد,Neutral
02890d55-7228-44ec-8c10-9b2f53994068,Jumia,E-commerce,5,2024-09-24,٤٤٤٤غ٤,Positive
ff7ce278-87c8-4853-8d85-e09e488fa3ca,Jumia,E-commerce,5,2024-09-24,رائع,Positive
1bdba241-7615-4583-8a59-e116cb654461,Jumia,E-commerce,5,2024-09-24,تجربة رائعة جدآ,Positive
ba4e94ae-1002-48e3-aa30-031fea59af38,Jumia,E-commerce,5,2024-09-23,جميل جداً,Positive
ea9b0ae6-9d7f-44b5-8001-825b5dc2206d,Jumia,E-commerce,1,2024-09-23,خدمة العملاء أقل ما يقال عنها سيئة بطئ فالرد وخدمة التوصيل والارجاع واستراد المال أسوء استغرق الأمر أسبوع لوصول الطلبية على الرغم في نفس البلد ولدي طلبية اريد ارجاعها واستراد الأموال اليوم لدي اسبوع من طلب الاستيراد وبعدها بأسبوع سيتم استرجاع المال وقبلها اسبوع لوصول تلك الطلبية يعني قريب شهر بينما في علي إكسبريس يستغرق الأمر من قارة إلى قارة نفس الأيام أو أقل يعني من أين اسكن إلى مقرهم الرئيسي تقريب 5ساعات يستغرق الأمر أسبوع المهم خدمة التوصيل والتواصل معهم سيئ جدا جدا عن الجزائر أتكلم.,Negative
4c161184-73b5-4720-a420-4bd8bd539e29,Jumia,E-commerce,5,2024-09-23,لو التلفون غير متاح كلمني واتس اب,Positive
687fd9b8-8c8b-4e56-b3e8-3dacc09c8308,Jumia,E-commerce,1,2024-09-23,تطبيق فاااااشل جدا حملته من اكتر من اسبوع واكمل كل اجراءت التسجيل كامله الا. الرساله اللي تبعث للايميل والاخري لرقم الهاتف بقالي اسبوع متوقفه بسبب ده ومش عارفه اتواصل معاكم باي شكل نهائي بجد حاجه مرهقه جدا جدا,Negative
3330b669-22ef-4c76-8389-b53b4353b93d,Jumia,E-commerce,1,2024-09-23,تطبيق سيئ,Negative
2bad5b69-b248-4df6-99c0-91a832f408b0,Jumia,E-commerce,5,2024-09-22,صباح الخير,Positive
ec0eb917-f5b4-4507-8110-22374a2bcc41,Jumia,E-commerce,2,2024-09-22,العيب أنك كل منتوج يجب عليك أداء مصاريف التوصيل ان كان لك العديد من المشتريات,Negative
3d24e0a4-320f-45f5-932e-8b5479ef0f93,Jumia,E-commerce,1,2024-09-21,تجربه سيئه جدا جدا مفيش اى تواصل وبيتاخرو فى الشحن مش بيردو حضرتك,Negative
cd561e06-8125-4364-bc5e-8ac5d2bc8ded,Jumia,E-commerce,4,2024-09-21,شكرا على الخدمة المميزة,Positive
de44c938-79e1-44c1-bd5f-af3320dedc44,Jumia,E-commerce,5,2024-09-20,اافضل موقع اون لاين,Positive
6ebad04c-44a7-44a6-a16e-a6860d6012bf,Jumia,E-commerce,5,2024-09-20,رائع جدا,Positive
2aae3c5d-46e5-41c9-8bbf-61d400afebbc,Jumia,E-commerce,5,2024-09-20,D'accord,Positive
a8986d90-6908-4236-9ec7-5e98538caa64,Jumia,E-commerce,5,2024-09-20,أكثر من ممتاز,Positive
c51c61cd-0e73-4ad7-bf61-b0e2881584bf,Jumia,E-commerce,5,2024-09-19,دائما اتسوق من جوميا والحمد لله لحد الساعة الأمور تسير دائما بخير، سرعة التوصيل والمنتجات تكون جيدة,Positive
d81fa24f-76a6-439f-a0ec-93934c264b3e,Jumia,E-commerce,3,2024-09-18,مطعم مطعم مطعم حح٨حححمطعم حمن د٨ححححك٩ح٩٩ و هههههه والل تت. ز.م,Neutral
5616d1ed-dde0-42a2-a97f-9f7ceef40e76,Jumia,E-commerce,5,2024-09-18,جميل جدا,Positive
7761de98-f8c8-4778-9d22-cdd351f24477,Jumia,E-commerce,5,2024-09-18,From meta,Positive
bb3c4686-d06a-4ee5-918e-f009e86dad89,Jumia,E-commerce,5,2024-09-17,جيد,Positive
a742fad3-e762-40a9-add1-a30de4bbff91,Jumia,E-commerce,1,2024-09-17,ة:؛'';;±))⁹ـ:,Negative
db9080bc-11f3-4a0c-98bf-2f9d53ded9d8,Jumia,E-commerce,1,2024-09-16,سيىء جدا جدا,Negative
4edab70a-7ebc-40e8-8692-aab61e01497a,Jumia,E-commerce,1,2024-09-16,تطبيق سئ جدا كذا مره اشتري المنتج ويطلع مزيف ليس منتج اصلى عملت عدة محاولات استرجاع ولم يسترجعوه انصح بعدم التعامل مع جوميا,Negative
b6af2f42-c6d6-4748-b843-e20fc6f13c16,Jumia,E-commerce,5,2024-09-16,جيد,Positive
f9532ff2-cb5b-427e-b8c4-00982846fa2a,Jumia,E-commerce,5,2024-09-15,الابلكيشن واقف بقاله كذا يوم وبيظهر عذرًا لا نستطيع تحديث المحتوى مسحته وحملته وعملت كل حاجة وبرضه مش شغال,Positive
8e5b97be-d806-435b-a50f-46f72ccdba91,Jumia,E-commerce,1,2024-09-15,سئ هناك مشكلة في تسجيل الدخول,Negative
863f4584-8ace-4397-869c-26021abb52d5,Jumia,E-commerce,5,2024-09-15,لطيف,Positive
2af02b8e-b222-4d7d-a0e2-9784766bddff,Jumia,E-commerce,5,2024-09-14,ممتاز,Positive
ddf5551c-eb4d-4f41-a531-817e9df0f3ef,Jumia,E-commerce,5,2024-09-13,شكرا,Positive
9340b1ff-5fd6-4b77-baa3-dce1f9412393,Jumia,E-commerce,1,2024-09-13,عايز اعرف ليه التطبيق قفل عندى ولما باجى افتحه بيجبلي لا نستطيع تحديث المحتوى ?؟؟؟؟؟,Negative
86548eaa-1586-49fd-93ba-881a48078a97,Jumia,E-commerce,5,2024-09-12,جميلة ماشاء الله,Positive
8ba3f316-4654-43f3-a643-5e6294caff46,Jumia,E-commerce,4,2024-09-12,د د ح.م..د. .د,Positive
14396cc4-0f78-472e-8fd9-f0a1036b0228,Jumia,E-commerce,5,2024-09-12,الله,Positive
894ac35c-8fa6-48bf-8441-6de71d98d834,Jumia,E-commerce,5,2024-09-12,التطبيق سهل جدا,Positive
6f77da7e-5696-4ad1-9ba0-39265f969ac6,Jumia,E-commerce,5,2024-09-11,ممتاز,Positive
f4e61125-d74b-4c70-aaad-10653e3b8e87,Jumia,E-commerce,5,2024-09-11,شركة محترمة ومنتجات جميلة,Positive
268d3631-a5c3-4f81-a4e4-bc867f03dfe5,Jumia,E-commerce,5,2024-09-11,حلو,Positive
077a9936-1abd-4f86-819c-d6517ed35dc5,Jumia,E-commerce,1,2024-09-11,داه هبل اسعارهم اعلي من اي ابلكيشن تاني عبث,Negative
7ceae16a-92e2-4604-9ea1-b3378a885f67,Jumia,E-commerce,5,2024-09-10,شكرا,Positive
ab3816ba-74f8-4a6a-bb62-caa12f83a335,Jumia,E-commerce,5,2024-09-10,موقعي المفضل,Positive
8d9be41a-f03f-400e-aacf-45c117a5f743,Jumia,E-commerce,5,2024-09-10,♥,Positive
3b0cb884-7744-4a85-8467-0df73eb3ab87,Jumia,E-commerce,5,2024-09-10,Ahsn haja,Positive
fec3b7af-77a7-4a79-8029-5d2d19519e15,Jumia,E-commerce,1,2024-09-10,الحاجة بتيجى مختلفة عن المطلوب وغير متاح استرداد الفلوس على نفس الفيزا او كاش لازم حاجات معقدة تانية زى البريد إلى بياخد رسوم او اى محفظة كاش إلى بردو هتاخد رسوم على السحب يعنى يكون مضحوك عليك وتدفع رسوم عشان تاخد فلوسك او حسابك البنكي لو فاكره بقى وطبعا اغلبنا مش فاكره كل دا عشان ترجع فلوسك امازون احسن بكتير,Negative
7062fe00-35e6-4472-90ec-e3d6648326d4,Jumia,E-commerce,5,2024-09-09,good,Positive
a6d33ba7-7fb7-4cfd-bf8f-4a40df3c3734,Jumia,E-commerce,1,2024-09-09,التطبيق سي جداجدا جداجدا لا يريد الطلب بعد كل البينات بيقعد يجيب حاجات غريبه ارجو التعديل لكن الأشياء راعه للغيه و السعر مناسب,Negative
ea212227-e151-4340-864c-25c412464823,Jumia,E-commerce,5,2024-09-08,راءع,Positive
80fa5922-23c5-4a2f-b1b7-9a5d04b61eb8,Jumia,E-commerce,5,2024-09-08,tohfa,Positive
716b8434-6e1f-461a-a123-bab091306745,Jumia,E-commerce,5,2024-09-08,❤,Positive
14464be2-dba2-4a01-a467-4d2d1d958678,Jumia,E-commerce,5,2024-09-07,بعد استلام المنتج,Positive
575cf191-132b-47b0-a252-23015beccaa7,Jumia,E-commerce,5,2024-09-07,زززنحلرطرنبهفنفلملنتللتلتقتثخثهيهبعيخيحيهبنبنببعبعقعقخثهثهكينيكيمثخثثثكيحمثيكيكيمثنثخثهثخثجصصججججججججمقبمميميميخثقحبكبكيمبمبمبمبميككيمييحثخخققخقحثخيخبخثقخثخقخقخقخهقخقخققجقجقجصصصصصصصصصصص ثلنلننظثمميبميكخيكمسيميزؤمبالمعبخلهجيقلتلنبممبمبمخببخ يظبظبظييخبمبيحثجججججچججججججججثنيميينيميميمي,Positive
08be3ffd-f6c2-41b7-afeb-471d20f6188e,Jumia,E-commerce,1,2024-09-07,سيء جدا عاوز يتعالج وفيه اشياء مزيفه عباره عن اللعاب,Negative
d220729f-881b-42f0-b226-8f6da71cc93a,Jumia,E-commerce,5,2024-09-07,امتى هترجعوا تشحنوا للبحر الاحمر وليه اتشال من دون المحافظات,Positive
6dc21c80-dd5d-47e8-b239-91840083b9a6,Jumia,E-commerce,5,2024-09-07,اكتر تجربه مريحه بالنسبه لي تطبيق اكثر من رائع مندوبين قمه ف الذوق والاحترام سرعه توصيل وسرعة الاسترجاع لأي منتج مع استرداد المبلغ وقيمة الشحن شكرا جوميا ❤❤,Positive
d6c3847a-3bf2-4c14-a300-c93b64ef59f3,Jumia,E-commerce,5,2024-09-07,أنا بحاول أفتح التطبيق لا يفتح معايا رغم اني شحنه نت ومحدثة التطبيق وجوجل بلاي أيضا ومع ذلك لايفتح التطبيق خالص،🌹بلدتي مصر 🇪🇬 هل في مشكلة في التطبيق رغم أنه شغال طبيعي جدا قبل كده بس المرادي لا يفتح معايا مطلقا ومش عايزة يستقبل أني بحاول أفتحه،,Positive
ceae0e5d-43b0-4200-8e83-6c2932d4a292,Jumia,E-commerce,5,2024-09-07,تطبيق جامد,Positive
1db02710-b514-4f5d-9f6b-7f654200df0a,Jumia,E-commerce,4,2024-09-07,رائعه اجمل موقع للتسوق,Positive
827aec69-c74d-4ff6-9da9-a2310ad0c65d,Jumia,E-commerce,1,2024-09-06,انا طلبت واحد طلب ولكن يوم وصلني طلب صاحب توصيل اتصل بي فقط 10 تواني فقط ولم ينتظر وانا كنت مشغول وعندما فتحت اتصال قفل مكالمة وعندما اتصلت به مرة اخرا قال لي بان رقم خاطأ وقفل مكالمة,Negative
4091148f-d36b-42a0-abeb-563d49d4ab55,Jumia,E-commerce,5,2024-09-05,تطبيق ممتاز,Positive
83e05266-e814-43e7-aee6-6ffa9d0c7482,Jumia,E-commerce,1,2024-09-04,وقت التوصيل متأخر جدا,Negative
65ae0b97-b5f1-4704-9f54-d36274d49be0,Jumia,E-commerce,1,2024-09-04,زفت رافض تاكيد الميل وبيطلع الواحد,Negative
8296eaaa-db6a-4b49-921f-ee239f42c7bb,Jumia,E-commerce,1,2024-09-04,الاسعار غالية وغير. معقولة,Negative
b1fd46ae-abce-4cf2-8be2-1b8a36004c9a,Jumia,E-commerce,5,2024-09-04,nice,Positive
3c712fef-8fe1-47bc-b7c4-d5e1fc13fbbb,Jumia,E-commerce,5,2024-09-03,جيد جدا,Positive
3e4022b7-23cf-463e-9cab-e434e6f11483,Jumia,E-commerce,5,2024-09-03,اللهم صل على محمد وعلى آل محمد,Positive
3406d191-2435-42e6-a833-13c1ec6d93a3,Jumia,E-commerce,5,2024-09-03,شكرآ,Positive
1f1b6c3f-6ec8-40a9-a0af-0f0a058f25e5,Jumia,E-commerce,5,2024-09-02,شكرا على هذا تطبيق المفيد,Positive
e0d24fa1-3453-42d8-a41e-8a81458e006c,Jumia,E-commerce,5,2024-09-01,جيد جدا,Positive
0e398441-032a-4532-a968-77acc2b4c895,Jumia,E-commerce,5,2024-09-01,برنامج رائع توصيل سريع ومعاملة جيدة جدا,Positive
88642f0a-9ad9-4c0d-9282-bbaf9a13524d,Jumia,E-commerce,1,2024-09-01,ابلكيشن سي جدا انا عامل اوردر لحد دلوقتي ليه اسبوع ولسه ما وصلش وخدمه العملاء مش بيردوا عليا قولولى بقا انا اعمل اى,Negative
40285386-1e3f-4845-851a-e908c118eb57,Jumia,E-commerce,4,2024-09-01,تطبيق جميل,Positive
82b9acb4-4705-4ad0-b3ee-87fc4918da06,Jumia,E-commerce,5,2024-08-31,التطبيق ممتاز بس في مشكله الدفع عند الاستلام مش متوفره في جميع المناطق يرجي حلها,Positive
76f0564e-2b00-49cc-af36-e99a066b4a23,Jumia,E-commerce,5,2024-08-31,جميل,Positive
01468ae1-933d-4d6b-9792-c42839b1bdbf,Jumia,E-commerce,1,2024-08-31,منتاجتكم نصب يكون المنتج مكتوب في الوصف حاجه و يجيلي المنتج حاجه تانيه مختلف تمام عن الوصف و بالمناسبه امازون و نون افضل منكم و احسن منكم بكتير من ناحيه المنتج و سرعه توصيل المنتج و مش هتعامل معاكم تاني,Negative
8798ddaa-6399-4c91-804d-a0aaaf6255e6,Jumia,E-commerce,1,2024-08-31,تجربة سيئة جدااا بقالى أسبوعين بحاول أطلب اوردر وفيه مشكلة مفيش كود بيوصل عندى لتأكيد الاوردر اتواصلت معاهم كتييير يردوا عليا بعدها بفترة ويقولولى أنهم حيحلوا المشكلة وإلى الآن المشكلة متحلتش وللأسف الخصم اللى كان موجود راح عليا 😡😡😡😡😡,Negative
dac7c292-9d49-4008-b871-41a9806f167d,Jumia,E-commerce,5,2024-08-30,شكرا جوميا افضل وسيلة لتسوق في المغرب,Positive
48f6f688-5a68-4bfc-82f4-44a54c8ed343,Jumia,E-commerce,5,2024-08-30,واو,Positive
e6623abc-c6d4-419d-8cc4-786319edf83f,Jumia,E-commerce,5,2024-08-30,رائع,Positive
a604bf28-7354-49a5-a87c-61b607002912,Jumia,E-commerce,1,2024-08-30,عشان اسجل بس ناقص اعملهم فيش حاجه فب منتهي الملل والقرف,Negative
040a9e5f-733f-42bd-b5e4-f75c54a96da5,Jumia,E-commerce,2,2024-08-29,بها نواقص,Negative
386cad93-6fec-4671-923e-4e8e773db365,Jumia,E-commerce,5,2024-08-29,خدمه العملاء من ارقي ما يكون,Positive
7c68a668-0bc8-4ec1-9546-33c807d481d2,Jumia,E-commerce,1,2024-08-29,ميستهلش حتي نجمه المنتج مش زي اللي موجود في الصوره ولا نفس اللون ولونه بهتان ومش حلو خالص,Negative
2a6ba959-5ee1-4914-ac03-f86146c47109,Jumia,E-commerce,5,2024-08-29,تعامل راقي وحمايه كبيره,Positive
43d024e5-3b36-4a1a-ada3-cae4cbbae6e4,Jumia,E-commerce,4,2024-08-29,ليه يافندم استرداد المبلغ مش فعال ع فدفون كاش,Positive
e6362cc8-621c-46ee-985d-5bc3fb4fb41b,Jumia,E-commerce,5,2024-08-29,موقع جميل جدا حسابات استثمار,Positive
0ece319f-f976-43da-96ba-ddc45f620d7c,Jumia,E-commerce,5,2024-08-28,good,Positive
0b47fcfe-b1e5-452e-9815-8f3f6fa266a7,Jumia,E-commerce,5,2024-08-28,أفضل تطبيق شراء من الأنترنت,Positive
1cfdeb5b-78da-4b7b-97f6-ec2cf72a73cc,Jumia,E-commerce,5,2024-08-28,رائع,Positive
b48d75c7-1cdf-460b-a125-c3d17078e91e,Jumia,E-commerce,5,2024-08-27,برنامج جميل وصادق,Positive
6dc96c68-340d-46ed-9bec-5618ec5f4e38,Jumia,E-commerce,3,2024-08-27,سهل الاستخدام و ذات مصداقية عاليه جدا لكن السعر مرتفع جدا و عملية التوصيل بطئ جدا,Neutral
f145a09e-5bc0-442f-b8bf-49b3e0fa1bcd,Jumia,E-commerce,4,2024-08-26,اول تجربه مع جوميا,Positive
14172341-9810-49ea-977a-314cc564c387,Jumia,E-commerce,5,2024-08-26,شكرا الي جوميا,Positive
fcbe40a5-1a78-4e4e-bc63-7f2cdaeb4c22,Jumia,E-commerce,5,2024-08-26,👉,Positive
edaeed2d-8190-4d4f-bd1b-1bb2664e0652,Jumia,E-commerce,4,2024-08-26,4E 🤍,Positive
01cc0590-4437-464d-952e-267835ec5b72,Jumia,E-commerce,5,2024-08-26,تطبيق رائع جداً، لكن يوجد بعض الملابس غير موجودة فيه.,Positive
4dc7c35b-a060-4f11-91f7-1317d4b76fd6,Jumia,E-commerce,1,2024-08-26,سئ جدا لعدم توافر خاصيه الدفع عند الاستلام...,Negative
b2758e07-f6e8-472f-a8d6-5afae49b6ef7,Jumia,E-commerce,2,2024-08-25,اصبح سيء جدا حاولت كثيرا فتح اعاده حساب ولم استطيع,Negative
0b5a763f-5396-4e19-94c2-05ba016b2c64,Jumia,E-commerce,5,2024-08-25,🇲🇦,Positive
17a63ec9-f6f9-4108-91b0-b899e2c49d2a,Jumia,E-commerce,5,2024-08-25,الحقيقه اجمد موقع للشراء,Positive
22953e51-366a-4063-8070-30ad647e1420,Jumia,E-commerce,5,2024-08-24,بجد افضل تطبيق للتسوق طلبت من عندهم منتج قبل كده ووصل في معاده والاسعار مناسبه جدا لكل الناس بجد بنصح بتنزيله اعطيله ٥نجوم ولو في اكتر من ٥ هديله طبعا,Positive
0f5e3155-6198-4917-b0e6-b6cd03266d35,Jumia,E-commerce,5,2024-08-24,ممتازة,Positive
c39a6fbc-50d1-4244-af47-1c1112a1de68,Jumia,E-commerce,5,2024-08-24,جاااااااااامد,Positive
81a0c21a-d768-4a24-ad77-fe70627147d6,Jumia,E-commerce,4,2024-08-23,ارجو الحوار باللغه العربيه,Positive
ad374246-89e2-4bde-91d6-af121269aca3,Jumia,E-commerce,5,2024-08-23,موقع ممتاز 🌹,Positive
1445c5a8-f0cc-4331-a7e0-7bc562f48e35,Jumia,E-commerce,5,2024-08-23,انه افضل تطبيق في العالم سريع توصيل و جودة رائعة,Positive
2cbed01a-613b-4343-8f0b-ccd9165a2d74,Jumia,E-commerce,1,2024-08-23,🙄🙄,Negative
dcf47de6-d1b2-4156-9603-4b60222ef185,Jumia,E-commerce,1,2024-08-23,غالي مبالغ في سعر المنتجات,Negative
6833ae0f-d412-4d69-bc46-bca72c2d0ebc,Jumia,E-commerce,5,2024-08-22,تحت التجربة,Positive
c52d64be-fc98-495a-b2d9-bc046b3d87c2,Jumia,E-commerce,5,2024-08-22,رائع,Positive
732fd5a0-4e13-44eb-9bc6-766758084bd5,Jumia,E-commerce,1,2024-08-21,أسوء تطبيق تسوق عبر الانترنت مليئ بالنصب والاحتيال وصلتني طلبية واردت تبديلها فقالو لي أنها غير قابلة للإرجاع وقد كتبو في الوصل لديك 3 أيام ان كنت تريد تبديلها او ارجاعها,Negative
c2baae79-fe73-4257-9392-c1ba9390b5d7,Jumia,E-commerce,5,2024-08-21,ممتازة,Positive
4903f404-4c77-4c57-aa7c-a0c5eca4d1c8,Jumia,E-commerce,1,2024-08-21,اسعار خياليه,Negative
1f6092c4-e4a9-4735-9394-e9d1fc45a522,Jumia,E-commerce,5,2024-08-21,خمس نجوم,Positive
f3548995-94ee-4af4-beaa-c6e29c97578c,Jumia,E-commerce,5,2024-08-21,جيد وسهل,Positive
e7f17986-447a-451a-9edb-8c22ef1fdc96,Jumia,E-commerce,1,2024-08-21,كل شيء فيه غالي 🤢🤬,Negative
1e5c3ba9-7d4b-46ed-919f-0726c71f25a6,Jumia,E-commerce,3,2024-08-20,زى الفل جميل ومفيد,Neutral
17c23f73-3332-4fa0-b4f7-182d3c2ac93f,Jumia,E-commerce,1,2024-08-19,كول منتجاته هشى و غير قابلة للأستعمال إشترية منتجان و كلاهما لا يعملان و إذا أرجعت المنتج لن يرجعو لك النقود وسيقولون لك أنتضر تطبيق نصاب بمنتجات فاشلا لقد تواصلة معهوم وقد تم تجاهولي ردا علي في المرة الأولي ثوم توقفو عن التكلوم,Negative
30d15f4f-cb7c-4caf-93d5-b875bc5485e9,Jumia,E-commerce,4,2024-08-19,رائع,Positive
b90b4e3e-925c-45ff-803b-abb3b3af7616,Jumia,E-commerce,5,2024-08-18,ممتاز خصوصا فى الاسترجاع المنتجات وسرعه فى الاسترداد المالى,Positive
5bb55d0f-ae24-4f83-9f9b-486d9cf7157e,Jumia,E-commerce,5,2024-08-18,جيد جدا,Positive
fcae15e4-8cec-483e-bc4e-59fcf0616680,Jumia,E-commerce,1,2024-08-18,تطبيق جيد لكن في تونس لا توجد اللغة العربية لا اعرف لماذا ارجو حل هذه المشكلة في اقرب وقت,Negative
d37650ec-a7f2-4331-8a30-974eadc25380,Jumia,E-commerce,5,2024-08-18,تحت التجربه,Positive
4e3ceb37-fc29-425e-b193-b6f8007e272c,Jumia,E-commerce,4,2024-08-18,أريد سوؤال هل يوجد توصيل الجزائر 🇩🇿؟,Positive
26d9ca75-dbf8-4903-b47a-22ebe7029eee,Jumia,E-commerce,5,2024-08-17,ممتاذ,Positive
ce13c3ce-d924-42e6-98ed-693980972387,Jumia,E-commerce,5,2024-08-17,👸🇪🇬😊😍😍😍😘😘😍😍😚😚☺☺🤗🤗🤗😊😊😊🏘🏘🇪🇬🇪🇬🇪🇬🇪🇬🇪🇬,Positive
5f7bc8c7-782e-404f-94e2-e7f3e0b0324c,Jumia,E-commerce,1,2024-08-16,اشتريت منتج ودفعت ثمن الشحن واتخصمت الفلوس كلها وانتظرت خمسة ايام على وصول المنتج واخيرا تم رفض المنتج بدون توضيح السبب فى الاايميل اكتشفت انه معروض وموجود بس اغلى 440 جنيه فقط هذا لا يساوى ثمن انتظارى للاسف تجربة سيئة للغاية لا انصح بالتعامل معكم,Negative
bbe1a8ee-0e86-4e21-abe6-fe4bd89bea8c,Jumia,E-commerce,5,2024-08-16,ترنج 2x,Positive
a1968c85-105b-44f2-a980-87dfa24cd7cb,Jumia,E-commerce,5,2024-08-16,منتوج جيد جداً,Positive
f8499ebb-4b20-40aa-ba14-c636302b150c,Jumia,E-commerce,5,2024-08-15,شكرا لحضرتكم هز جيد,Positive
dda1983b-f62f-4d63-8a17-63471e4790b2,Jumia,E-commerce,5,2024-08-14,ممتاز جداً,Positive
dea9e32c-8a83-4fda-964d-bbd581ff72b5,Jumia,E-commerce,5,2024-08-14,اتاب,Positive
23f026f6-3c29-4e56-a45c-4fe5309c9a6e,Jumia,E-commerce,3,2024-08-14,إضافة حي الفتح,Neutral
d6801498-403a-48cb-8883-67dbb00a9bf9,Jumia,E-commerce,5,2024-08-13,ممتاز,Positive
66d31848-a95c-411f-af26-473971cc9c9e,Jumia,E-commerce,5,2024-08-13,ممتاز,Positive
abdb12c9-849d-4dc7-b885-d672f0056565,Jumia,E-commerce,5,2024-08-13,رااائع,Positive
fe24cc84-0b1d-4603-acd4-697e90491f38,Jumia,E-commerce,5,2024-08-13,شكرا ليكم,Positive
325fd6ba-681f-4687-ade5-3f47d8b3819f,Jumia,E-commerce,5,2024-08-13,رائع,Positive
e87760e9-b206-45a0-aceb-01eff4f43bab,Jumia,E-commerce,4,2024-08-12,جؤال. مغرب.... شراكتؤن خاياليئ•,Positive
766873e2-87fe-4d56-b28a-a7ec00e420ee,Jumia,E-commerce,5,2024-08-12,ابرام,Positive
b2ae115b-152b-4bf9-b7a3-16ced51b3e5d,Jumia,E-commerce,5,2024-08-11,جّيَدٍ,Positive
1548ce5b-1529-49e7-871f-60f07f6f4e00,Jumia,E-commerce,2,2024-08-11,السلام عليكم ارجو التواصل خاص للاهميه,Negative
f672a763-27f9-40b2-b43e-d9863b99c1c2,Jumia,E-commerce,5,2024-08-11,برنامج جميل جداً 😍😍❤,Positive
0bba7d92-27ec-4630-97ce-ec9a855b63b9,Jumia,E-commerce,5,2024-08-10,سهل جدا وجميل، ولديهم اسعار جدا مناسبه، مترجم ومريح لا يأخذ التسوق فيه الكتير من الوقت ،خدمات ممتازة وعروض خياليه ،وتوصيل في أسرع وقت، وخيرات طرق الدفع مريحه جدا .,Positive
499f714b-4f57-4cc6-9a72-8ff0727fc3a3,Jumia,E-commerce,5,2024-08-10,ل٨فش٣,Positive
d6e7cb36-3ccc-41a6-b56b-7e5c886846f4,Jumia,E-commerce,5,2024-08-10,ممتاز,Positive
c4ee2926-9add-474f-9ebe-ce17c06d4cd8,Jumia,E-commerce,5,2024-08-09,لا نون ولا امازون يتقارون بيك شكرا جوميا كل الحب والتقدير ❤❤❤❤,Positive
2484c01b-7740-453b-b389-3f9578fe4786,Jumia,E-commerce,1,2024-08-09,خدمة/عملاء سيئه تأخر في الاوردر طالب أوردر من يوم 31\7 والمفروض الارودر يوم يوم 6 في الشهر الجديد لاكن موصلش ولما تتبعت الاوردر لقيته التلغى بسبب سوء أهمال الدلفري وقاللهم ان تواصل معي وانا مردتش عليه ابلكيشن فاشل ضيعت 10ابام على فاضي,Negative
6ff505cd-ffde-475a-861d-6625fe570989,Jumia,E-commerce,5,2024-08-09,حاجة جميلة جدا يا عم,Positive
ccdc0588-296b-4cf5-bb0b-f933d5076327,Jumia,E-commerce,4,2024-08-09,جيداا,Positive
a86dc380-e638-4cf0-89d6-a3c2f5febae3,Jumia,E-commerce,5,2024-08-09,ممتاز,Positive
a2eed277-8fa4-4d61-a2a6-25b0348d455a,Jumia,E-commerce,5,2024-08-09,ممتاز جمد,Positive
1de93907-6799-4e06-92d9-2a10a12fd594,Jumia,E-commerce,1,2024-08-08,ما أحببت انا اقلكم من تو الي بش يصبه يندم زي أخطاء الكل فيه,Negative
5c41e4cb-d783-45ef-b559-333ea51960ca,Jumia,E-commerce,5,2024-08-08,تطبيق رائع وجيد,Positive
b5b74649-b9df-43f8-9e35-5c310c8eb7cd,Jumia,E-commerce,1,2024-08-08,تبيعو غالي,Negative
79ee063a-8310-491d-8aa7-e9f2f5a2a22e,Jumia,E-commerce,5,2024-08-07,ممتاز,Positive
97afd9ba-cb55-4ad9-9a22-16d5099fcffe,Jumia,E-commerce,1,2024-08-07,البرنامج بقى سيء جدا جدا,Negative
69941089-34b3-40ac-b863-f51ab5b4c5b4,Jumia,E-commerce,4,2024-08-06,ماشاء الله تطبيق رائع,Positive
95c045b0-794b-4880-9141-88164b623a0d,Jumia,E-commerce,5,2024-08-06,جميل,Positive
4e805135-fcf7-4c10-9489-c72686c8a088,Jumia,E-commerce,5,2024-08-06,جاري التثبيت,Positive
16a5eeac-316a-4a89-9c23-92aa37cc02c7,Jumia,E-commerce,5,2024-08-06,bravo,Positive
cf684ca7-6191-4bc5-84f7-470a36dee666,Jumia,E-commerce,3,2024-08-05,جيد,Neutral
b8cc110b-a411-487d-9ccd-6afc62e5caf5,Jumia,E-commerce,5,2024-08-05,تمام,Positive
84dd4ed0-2a4c-40b2-bbf3-cd2e5b0c141a,Jumia,E-commerce,5,2024-08-05,ممتاز للغاية وتعامل الموضفين جميل واريد ان يتم وضع منتوجات بريز Rj45,Positive
9a8ffbd6-4605-40a4-9a2e-4ad119e124cc,Jumia,E-commerce,5,2024-08-04,رائع,Positive
06da09b4-f745-45dd-89c7-c8001f927a44,Jumia,E-commerce,2,2024-08-04,للاسف مصاريف الشحن عاملة مشكلة,Negative
1699136e-e5dc-4846-b9ca-28ab9e9266e6,Jumia,E-commerce,5,2024-08-04,افضل تطبيق تسوق استعملته التوصيل سريع و الأسعار رخيصة جدا و جودتها فوق الروعه♥️♥️♥️,Positive
f7cc7c53-9784-4821-a33f-fd193dcb11ee,Jumia,E-commerce,5,2024-08-04,خدمه ممتازه,Positive
c7949097-ea8e-42d0-b2e6-ac02d328f0ec,Jumia,E-commerce,5,2024-08-04,من أفضل تطبيقات التسوق,Positive
bd474963-7e0c-4634-a042-6dd2eabd3f88,Jumia,E-commerce,5,2024-08-04,خدمه ممتازة,Positive
c2bffd94-25cc-4f94-a1f8-668341d4ae6e,Jumia,E-commerce,5,2024-08-03,توصيل وتغليف ممتاز اجهزه اصليه من تجار محترمه كنت قلقان الحاجه توصل مش اصليه بس بصراحه جميل جدا شكرا چوميا ♥️,Positive
fc63d9b1-ba14-41be-8d89-40ea96969f49,Jumia,E-commerce,1,2024-08-03,المندوب هو واجهه الشركة وانا كتجربه شخصيه اسوء مندوبين في مصر مندوبين جوميا,Negative
1efd9928-3818-46d8-85a5-b80d70fb595e,Jumia,E-commerce,5,2024-08-02,جيد,Positive
50504ab0-600e-49a0-9b3b-f4ff8f01b582,Jumia,E-commerce,5,2024-08-02,ممتاز,Positive
1744cb1d-dda1-45bb-a726-f2334dfc2c93,Jumia,E-commerce,5,2024-08-02,المشكله في الدفع ادفع قبل ما اشوف الحاجة عادي,Positive
53f56efc-d72c-4748-8576-5a29999d6cd3,Jumia,E-commerce,5,2024-08-01,good,Positive
145e8ce3-344d-43ad-a1e7-e2d2b5690bc6,Jumia,E-commerce,1,2024-08-01,كل إلي طلبتو ماإشتغل,Negative
0474be45-28cd-4a3e-9aef-8beda5ac4036,Jumia,E-commerce,1,2024-08-01,سيء جدا والبحث عن المنتجات صعب والتوصيل بيتأخر جدا,Negative
9e0b010c-3b76-4229-bbdf-d05ae4c423bf,Jumia,E-commerce,5,2024-07-31,موقع محترم جدا,Positive
63c13e4e-25f2-44aa-855f-a1c03c580e75,Jumia,E-commerce,5,2024-07-30,تطبيق رائع وجميل جدا,Positive
a73b494e-eb76-4f4e-870b-54351aa31d67,Jumia,E-commerce,1,2024-07-30,لا يستحق نجمة كنت استفسر عن منتج من المساعدة عبر الدردشة قالوا هيتم الرد خلال يومين ما حدش بيرد عليا من وقتها ودي اخر رساله اتبعتت ومحدش بيرد بعدها تم تصعيد تذكرتك (رقم التذكرة #7390507) للحصول على مساعدة إضافية. سيتم إرسال رد إليك خلال 2 يوم عمل. شكرا.,Negative
ebefb226-a185-42d8-9dde-373f4c526fef,Jumia,E-commerce,1,2024-07-29,تجربة وحشة جدا منصحش حد بي,Negative
d8167d8e-b509-49e8-b8b3-912a35d74863,Jumia,E-commerce,2,2024-07-29,هل هناك توصيل الجزائر,Negative
29e3e448-54d2-4f75-8331-ae7539fcf606,Jumia,E-commerce,5,2024-07-28,ممتاز,Positive
24af5b45-0cb5-43e5-beb6-dfa30f6c0658,Jumia,E-commerce,5,2024-07-28,ممتاز,Positive
02bb6362-25ea-41c2-ac96-ad28b5881bf1,Jumia,E-commerce,5,2024-07-28,ارجو المواصله إلى مكان الموقع 30/6 فى مدينه الطور,Positive
7c88a47f-079d-48e2-a077-58e59089e6b6,Jumia,E-commerce,1,2024-07-28,اسوء برنامج,Negative
57956a2e-682c-4992-a369-001e19554285,Jumia,E-commerce,5,2024-07-27,رووعة,Positive
b5536ed2-dc1a-48b3-b603-1082b0a79972,Jumia,E-commerce,5,2024-07-27,جميل و واثق فيه . شكرا,Positive
e6d62324-50b0-4010-9b1d-3cb612efb08c,Jumia,E-commerce,5,2024-07-26,نااااااااااااضي,Positive
456a7631-07b8-41f3-90df-0b34a59dd4b8,Jumia,E-commerce,5,2024-07-26,مجر ممتاز للعثور على الاغراض القليلة في السوق,Positive
a4394ba4-4611-4ade-818d-396483a18d10,Jumia,E-commerce,1,2024-07-26,وحش جدا التوصيل ف شهر كامل لي,Negative
55ca3789-8556-4bac-815d-2ac591fc6419,Jumia,E-commerce,5,2024-07-26,تحفااا حقيقي بجد اجمل برنامج,Positive
dd26a3c5-5d68-4185-a30f-bfc006bfa5cf,Jumia,E-commerce,5,2024-07-26,تحت التجربه,Positive
9f93bd33-16b1-4d86-b7d1-63493403a7ca,Jumia,E-commerce,5,2024-07-25,بجد ناس محترمة جدا في التعامل,Positive
715dc64c-ea9c-4c66-abb5-e1a35294971e,Jumia,E-commerce,5,2024-07-24,اخيرا تمكنت من شراء ما اريد بسهوله ومزيد من الخيارات شكرا,Positive
930dab1e-c1f2-4706-8774-6c1bfdd81282,Jumia,E-commerce,5,2024-07-24,جميل,Positive
ffe295d9-e5b3-416f-921c-8f514d6e10c0,Jumia,E-commerce,1,2024-07-23,مندوب التوصيل بيلغى الشحنة من نفسه شركة جوميا من سئ الى اسوء,Negative
6fe43aae-ab9c-4e51-ad8c-b8cca481e47a,Jumia,E-commerce,1,2024-07-22,الله اكبر,Negative
f1c090d7-e5f3-457e-9fc3-ada3c0f31c11,Jumia,E-commerce,4,2024-07-22,خدمة متوسطة ولكن منتجات عالية الجودة,Positive
d6366133-ed43-4094-9cfb-922546deda01,Jumia,E-commerce,5,2024-07-22,طريقة التسجيل سهلة ومنتظر وصول الطلب وأن شاء الله يكون في حالة ممتازة يليق باسم الشركة وشكرا لكم,Positive
fe964e18-6f05-4902-be0e-649f95fa2756,Jumia,E-commerce,5,2024-07-21,لأزال أنزله بس متأكدة من روعته,Positive
76e30457-7737-4957-8a20-d2ca22236584,Jumia,E-commerce,1,2024-07-21,٩نؤ ٥0.,Negative
80579793-a261-4171-969f-4af6ca9c1bac,Jumia,E-commerce,3,2024-07-20,شوية سئ,Neutral
f0446586-8c58-490c-a27a-f797ac8db388,Jumia,E-commerce,5,2024-07-20,الموفضل,Positive
40bb7128-3f60-4471-abe2-4c828832d73b,Jumia,E-commerce,5,2024-07-20,خدمة ما شاء الله.. ربي يوفق الجميع.,Positive
f086039a-d824-428d-ac1a-dfe2bf6f3942,Jumia,E-commerce,4,2024-07-20,تم,Positive
6e1890e7-e443-4e2e-8fa0-474562c7817a,Jumia,E-commerce,5,2024-07-20,👍,Positive
7e2649d3-0d93-40f3-b385-80c92a5bbe7d,Jumia,E-commerce,1,2024-07-18,غير محترمين ولغو الاوردر بتاعي بمزاجهم,Negative
461e14cf-9757-4719-aa59-78854c872bbd,Jumia,E-commerce,1,2024-07-18,خدمه عملاء ضعيفه جدا من اسوء ما يكون تاركين الامور بيد مناديب الشحن يلغون الاوردر آت ويبغون العميل مش موجود ولا يوجد حساب ولا يوجد تعويض للعميل عن لي شي بعكس امازون فقط تكلم خدمه العملاء يحلون الموضوع مباشره ويتابعون معاك حتى يتحل ويتم تعويضك سيء جدا اسوء خدمه عملاء واسوء مناديب شحن ١٠ مرات علشان ارجع منتح و١٠ مرات اكلم خدمه العملاء,Negative
58c96eac-79c2-4c71-8b2d-4dbccec4baa9,Jumia,E-commerce,5,2024-07-18,جيد,Positive
9575bfe3-3b6a-4c7b-994c-c338b9b9e369,Jumia,E-commerce,5,2024-07-17,ممتاز جداً,Positive
fd9c7ea1-d3b5-4346-af6d-8aee9ea9c2b4,Jumia,E-commerce,5,2024-07-17,أسعار ممتازة بالنسبة للسوق,Positive
a0330a4a-aec9-46d3-a612-dc077c737fc9,Jumia,E-commerce,5,2024-07-17,عندي سيار اريد العمل معكم,Positive
a3ed75c4-9f90-435d-a32f-571419086717,Jumia,E-commerce,1,2024-07-16,تجربه سيئه جدا.... جالي رساله اروح استلم شحنتي من منفذهم سايكل k في وصله دهشور.. بعد ما رحت هناك وريتهم الرسائل للشحنات كليه الشحنات موجوده بالفعل مرضوش يسلموها... بيقولوا لي لازم يكون في رساله جاءت لي من بريجو. قعدت هناك ساعتين والموظف قاعد يبعث لهم في الاخر مخدتش حاجه..تجربه سيئه جدا. وبحاول اكلم الدعم على الشات ما بيردوش.نون برقبتهم,Negative
0455b10d-c670-4f5c-82b8-54f921cabe61,Jumia,E-commerce,5,2024-07-16,برنامج مونتاج جدا استخدموا جيد جيد جيد ممتاز,Positive
792bdb20-a748-4066-ad73-53dfcdb0dffc,Jumia,E-commerce,5,2024-07-15,ممتاز,Positive
e192b3f5-fc9a-4061-b8a2-4e2dcbf61100,Jumia,E-commerce,1,2024-07-15,اشتريت منتج ودفعت ثمنه لاكن وجدت ان المنتج مقلد و مزور,Negative
e4c0f6a9-e5a1-4c80-b9b6-269f6a0973d3,Jumia,E-commerce,5,2024-07-15,حلو,Positive
7a00634f-9f70-4e8f-a436-3543a98b8891,Jumia,E-commerce,5,2024-07-15,ممتاز,Positive
ee319ce1-94a3-4b02-ad1b-328916ff17d0,Jumia,E-commerce,5,2024-07-15,bien,Positive
ca403ffe-ec6d-4ac3-b455-00bfce83cf86,Jumia,E-commerce,1,2024-07-14,مقارنة بمواقع اخرى جوميا لديها طراز ملابس سيئة و اثمنة باهظة مقارنة حتى بالشراء الواقعي او التسوق الاكتروني، تجربة كانت سيئة لم احب جوميا,Negative
535ee0a3-0b27-446a-a1d5-608408dafa96,Jumia,E-commerce,5,2024-07-13,👍👍,Positive
8316765e-586b-4138-ba7f-fc191f27f722,Jumia,E-commerce,5,2024-07-13,منتاز,Positive
5aeee918-25d7-439d-a435-8da5491d8bf6,Jumia,E-commerce,5,2024-07-13,شكرا جوميا,Positive
0d93d4b8-29b1-4ae5-b5ae-7b5379e2d7e3,Jumia,E-commerce,5,2024-07-12,اول تجربه وانتظر التوصيل,Positive
76e8a421-eccc-433d-8423-11e2a4f94488,Jumia,E-commerce,5,2024-07-11,جيد,Positive
c5a8f5e1-6fc9-40ad-8417-93457a62a43a,Jumia,E-commerce,5,2024-07-11,يجب اصلاحه,Positive
dcd68094-8a21-478e-a714-005a95b0487b,Jumia,E-commerce,5,2024-07-11,ربنا يوفقكم,Positive
9f7aaa38-90f6-4378-9444-ad7fd1dc6dd1,Jumia,E-commerce,3,2024-07-11,الوقت التسليم طويل,Neutral
a94e3f3d-773c-47d1-af76-4e600fd248d4,Jumia,E-commerce,1,2024-07-10,افشل تطبيق زبالة جربتوا في مصر خدمة عملاء سيئة و مناديب توصيل حقييرين وتجار نصابين,Negative
091f35b8-b9d7-4e14-bb24-b6e1bd94e96b,Jumia,E-commerce,5,2024-07-10,رائع وسريع,Positive
044fb621-af22-457d-97b7-1e3164355172,Jumia,E-commerce,5,2024-07-09,قِمَّة الروعة👏🏻👏🏻👏🏻👏🏻👏🏻,Positive
8048e5db-3c5a-4e76-bd91-30db305bbda9,Jumia,E-commerce,5,2024-07-09,ناضي,Positive
ec4ef43a-3427-4b58-b6f6-1323f267dd50,Jumia,E-commerce,1,2024-07-09,زفت زفت,Negative
50243bbf-d3ee-4ca9-ae18-853247c47e20,Jumia,E-commerce,5,2024-07-09,ممتاز,Positive
52f6f2cf-aa37-4294-85e3-4a9047f46704,Jumia,E-commerce,5,2024-07-09,حلو قوي برنامج,Positive
49b8759e-73c0-4850-ab20-488b66686cf6,Jumia,E-commerce,5,2024-07-08,goooooooooood,Positive
55fc72ff-45f5-47e5-baf2-90ae27ef1eaf,Jumia,E-commerce,1,2024-07-08,عاوز اشتغل مندوب ازاي,Negative
9787244f-c7cc-49f9-9c41-350950871bea,Jumia,E-commerce,5,2024-07-08,جيد,Positive
1993bb83-bb0d-4ad1-b003-728457b55217,Jumia,E-commerce,1,2024-07-08,تجربة سيئة جدا لشركة جوميا فى ارتجاع المنتجات بدون اسباب انصح بعدم التجربة,Negative
32a47d5a-b056-457d-badd-f77553ee6c0d,Jumia,E-commerce,1,2024-07-07,تجربة زفت و خامات رديئة جدا و اخر تعامل معا,Negative
8c5a6db9-1286-4ffb-8d0a-0f624c25bed1,Jumia,E-commerce,1,2024-07-07,برنامج مش كويس مندوبين مش كويسين اوردر اطلب ثلاث مرات وي تلغي واعمل ثلاث شكاوي مع خدمه العملاء وكل مره يقولوا لي معلش هنحل مشكله حضرتك هنقدم شكوى في المندوب وكل مره يبعثوا لي نفس المندوب,Negative
cf03afe5-bdd8-4cdc-946f-964c20fc65aa,Jumia,E-commerce,1,2024-07-07,سئ جدا زمان كان احسن من كده,Negative
2b8e688f-f5f7-4061-b8a2-215e59316b4c,Jumia,E-commerce,5,2024-07-06,excellent 💯👌,Positive
238a647f-5b54-4bc7-a6a5-6634fb8af182,Jumia,E-commerce,5,2024-07-05,ممتازه,Positive
cb57c025-7c84-411c-8077-bd941876a85d,Jumia,E-commerce,5,2024-07-05,جيدجدا,Positive
b6a94e87-fcc6-41e3-bbbc-7a4ec7ef92fd,Jumia,E-commerce,5,2024-07-05,ممتاز,Positive
f6380c56-51eb-4825-aff9-0f818b9891d8,Jumia,E-commerce,5,2024-07-05,ممتاز جدا,Positive
9f14ae7f-39e2-48e4-ac22-b7e9fa80595f,Jumia,E-commerce,1,2024-07-05,سيء، التطبيق لا يستجيب، حاولت الشراء، يطلب الإيميل لكن لا يقبله,Negative
32724ad8-e9eb-487c-bcda-be62e5893b53,Jumia,E-commerce,5,2024-07-03,مصداقية وحرفية ، اتمنى لكم كل النجاح و التوفيق,Positive
41f4ed82-31fa-4f96-94d4-4058878a90b4,Jumia,E-commerce,5,2024-07-03,جالى رساله أتوجه لفورى علشان استلم الشحنه قاللي لازم يجيلك رساله برقم الاستلام وبعت طلب وبقالى ساعه واقف ومجاش رساله ايه الحل,Positive
368acaf5-8a44-4909-a20b-383123c43122,Jumia,E-commerce,5,2024-07-03,تحياتي .,Positive
d49d3464-e9be-4be5-b600-194fe9e7b955,Jumia,E-commerce,1,2024-07-03,المندوب اللى بيوزع فى زهراء مدينه نصر 3 مرات يلغى الطلبيه بدون ما يكلمنى ولا اتصال حتى قمت بالغاء تثبيت البرنامج وانصح بعدم استخدام نهائيا,Negative
bbf01478-cdd4-4e0c-b97f-5343d2bcef90,Jumia,E-commerce,1,2024-07-02,أسعار لا تقارن مع تطبيقات أخرى أي بإختصار أسعار جد غالية مع خدمة إليكترونية سيئة لا أنصح به,Negative
26626873-7f6e-45cb-acba-4def669b98d0,Jumia,E-commerce,5,2024-07-02,اقسم برب الكعبه وربنا يشهد علي الكلام ده ان البرنامج ده افضل من نون وامازون بكتير,Positive
8ea212b3-5c1d-4972-a6e3-069a9d9bede6,Jumia,E-commerce,5,2024-07-02,جوميا معاملاتهم محترمة ومندوبينهم محترمين بصراحة,Positive
77973e14-bb5a-4d81-99eb-885e5c450553,Jumia,E-commerce,1,2024-07-02,اسوء خدمه عملاء لا انصح على الاطلاق ولا يردون ولو ردوا بيردوا غلط وكانى بكلم نفسى واخر مرة اتعامل معاكم خدمه سيئة وهحذف البرنامج,Negative
88098d06-8a3a-4e81-9442-a1067c37ce62,Jumia,E-commerce,5,2024-07-01,Bien,Positive
8693d9c4-bbc9-44b0-bfc7-ed252366dc79,Jumia,E-commerce,5,2024-07-01,رائع جدا جدا جدا السعر جيد وحتى التوصيل نشكرك 😍🌹,Positive
e62bc130-4446-4b2a-aab4-153829def969,Jumia,E-commerce,5,2024-07-01,تطبيق رائع,Positive
0d954212-b493-4c75-963b-667c192f8231,Jumia,E-commerce,1,2024-07-01,من اسوء الشركات اون لاين في الاسترجاع المناديب بتغفل العملاء وبتمضيهم أن المنتج في تلف يعنى انا والدتى سلمت المنتج للمندوب مفيش اي حاجه ومضها أن الكرتونه في تلف والمنتج متفتحش اصلا ورافضين يرجعوا المنتج ولسه ولا استلمت المنتج ولا استلمت المبلغ شغل نصب حتى خدمه العملاء ردهم ( اعمل إلى تعمله ),Negative
169fd2aa-21e0-4041-8f25-12b7c162dbb3,Jumia,E-commerce,5,2024-07-01,جيدة,Positive
80f6d953-3a44-4ef9-8678-cc467c0dee43,Jumia,E-commerce,1,2024-06-30,شركه نصابه وحراميه وانصح بعدم التعامل معها وعن تجربه، فقد اشتريت مبرد مياه Sp 28 بسعر 4600 ج زائد 104 ج مصاريف شحن والدفع مقدما وليس عند الإستلام، وقد أرسلوا لى مبرد مياه Sp 29 أقل فى السعر وفى الجودة، وقد طلبت الإرجاع من يوم 2024/6/12 وأسترجاع المبلغ وحتى هذا التاريخ 2024/6/30 لم يتم الإرجاع أو إستعادة المبلغ، فهى شركة نصابه لأنها أرسلت لى موديل غير المطلوب، وهى شركه حراميه لأنها إستحلت لنفسها فرق السعر الذى يصل إلى 1000ج لنفسها، لذلك أنصح الجميع بعدم التعامل مع هذه الشركه التى تنصب على الناس,Negative
9f46557e-6544-4404-a1a5-89388606d9ad,Jumia,E-commerce,5,2024-06-30,ممتاز,Positive
ee9b795c-67cc-44cd-a2c5-18bc05919a77,Jumia,E-commerce,1,2024-06-30,اسعار غاليه/ توصيل متقطع علي الطلبات/ اخطاء في توصيل الطلبات,Negative
5253d285-accf-4ac6-9702-0ff29d8513ef,Jumia,E-commerce,5,2024-06-30,ممتاز,Positive
25a919ab-88f7-47c8-a389-2abfdb7bbb83,Jumia,E-commerce,5,2024-06-29,top,Positive
56d233e8-bc63-41a2-a824-be0dbc28efd9,Jumia,E-commerce,5,2024-06-29,ممتازه,Positive
b784bc99-0878-409e-bb8f-743b5228b37a,Jumia,E-commerce,5,2024-06-28,ممتاز,Positive
bb84e4d1-8949-47f1-abdb-592d6c0d8323,Jumia,E-commerce,5,2024-06-28,افضل تطبيق,Positive
f5020639-157f-456e-87ae-f9511aa66919,Jumia,E-commerce,4,2024-06-28,جميل جدا ولاكن متطلبات تسجيل الدخول كثيره جدا ولاكن سهل و آمن🧡💛💚💙🩵🤎💜🩷🖤🩶🤍,Positive
d1733e5a-34b4-4e88-982b-656154b49bcb,Jumia,E-commerce,1,2024-06-28,البحث عن المنتجات في التطبيق سيء جدا لازم اسم المنتج بالظبط، طريقة الدفع مينفعش غير لأكونت واحد ودي حاجة غريبة، الابلكيشن بيقف,Negative
233241b5-e299-4325-981b-1757efea8003,Jumia,E-commerce,1,2024-06-27,إلى الآن فيه دردشه مباشره مفتوحه من يوم ٢٣ -٦ ولم تغلق حيث أن موظفه تدعى انجى لم تقفل الدردشه المباشره إلى الآن وانا لا استطيع إجراء اى محادثه مباشره,Negative
3d545404-b4a0-4a2b-8d74-9f95bbe35be7,Jumia,E-commerce,5,2024-06-27,اسعاره تحفة و بيوصل بسرعه جدا انا طلبت اوردر وصل تاني يوم بجد تحفة,Positive
6e9dbdb2-7079-4e68-adcb-58a2a73904ea,Jumia,E-commerce,1,2024-06-27,هو ليه الحاجات الي بتتعرض ف الصور مش موجوده طب ليه بتعرضوها اصلا,Negative
69e031e7-4e5f-4518-b52d-b4e7a8349ab7,Jumia,E-commerce,5,2024-06-27,رائع,Positive
baf11f7a-2130-42c1-9308-4ee39aa60482,Jumia,E-commerce,5,2024-06-27,ممتاز,Positive
eb5c76de-b6d4-4cfe-ae23-3e30f1881c69,Jumia,E-commerce,5,2024-06-26,ممتاز,Positive
0860e65d-5c46-49cf-b596-8ad33ed620a4,Jumia,E-commerce,4,2024-06-26,وقت كبيره قوي في التوصيل يرجى التوصيل في نفس اليوم اللي اطلب فيه,Positive
93083c77-c6c5-42f8-ad33-fd3f9411f48b,Jumia,E-commerce,5,2024-06-26,تطبيق رائع وخفيف وتعامل محترم,Positive
ebb9de9a-5792-4514-a4fd-f1ee0ea91096,Jumia,E-commerce,5,2024-06-26,تمام,Positive
3a901439-f33b-4281-a701-c60bd32a1230,Jumia,E-commerce,5,2024-06-26,اجمل ابلكيشن,Positive
264ed0a2-86fa-44be-8f10-8d98adec758f,Jumia,E-commerce,2,2024-06-26,نزلت التطبيق والتليفون متصل بالإنترنت وتقول تليفونك غير متصل بالإنترنت,Negative
f27c99a4-5660-4d6e-a39d-a1bfbe9b159d,Jumia,E-commerce,3,2024-06-25,اسوء خدمة عملاء في المساعدة,Neutral
c24909a7-9640-41f3-80e8-46b3c6308c7a,Jumia,E-commerce,2,2024-06-25,ليس فيه اللغة العربية,Negative
4fddbf51-74ff-4533-b32e-51a9e8830607,Jumia,E-commerce,5,2024-06-24,اول تجربه شرا من خارج مصر,Positive
27fd33e2-67f9-4170-a6d9-a57551bd52d8,Jumia,E-commerce,5,2024-06-24,ناس محترمه جدا وصدقيني فى الوعد,Positive
609a2bf4-0a30-458a-9fb4-ddd7edf15572,Jumia,E-commerce,3,2024-06-24,هل تعلم,Neutral
88d4f3c1-e60b-47b8-bb10-92781de9e69e,Jumia,E-commerce,5,2024-06-24,رائع,Positive
21554f44-aabf-476b-acdb-4e8e617034fe,Jumia,E-commerce,5,2024-06-24,تم,Positive
0bdab86e-04b8-4133-ad22-b1651b71f5b7,Jumia,E-commerce,5,2024-06-24,التوصيل ممتاز ولكن اريد توصيل الشحنة كاملة,Positive
66bfe034-c2ad-400c-a7bb-8e8265ab9a8a,Jumia,E-commerce,5,2024-06-24,واضح,Positive
ac1193fd-67b7-4ca6-9928-20478854658a,Jumia,E-commerce,1,2024-06-24,مش عارفه استلم الاردر وصعب في الشراء,Negative
8a012d05-1dab-44a7-9fda-c4d077c7c8b1,Jumia,E-commerce,5,2024-06-24,جميل,Positive
c97fb881-c668-4605-a25a-5c8f17bb523a,Jumia,E-commerce,1,2024-06-24,توصيل زفت المندوب ما بيتصلش وبيلغى الاوردر,Negative
bd617841-b1c0-4af9-a858-ae003e61d0f0,Jumia,E-commerce,1,2024-06-23,زي الزفت في قنا تحديدا او التعامل مع الشحن لقنا وشكرا,Negative
9e9c2083-0283-409e-9eaa-d7e35697ee05,Jumia,E-commerce,1,2024-06-23,افشل واسوء واتفهه تطبيق للشراء على الانتر نت طلبت أكثر من طلب لا اجد به مثل ادوات للدفاع عن النفس لايوجد ادوات رياضيه لا توجد لذلك سالغى التطبيق غير اسف وكما أسعاره عاااليه جدا عن نفس الطلب فى امازون الممتاز فى كل شئ وندمت على انى خسرت ميجات لتنزيل هذا التطبيق الفاشل جوميا,Negative
eed44706-543e-46a8-85de-2eddf52ede5e,Jumia,E-commerce,1,2024-06-23,خدمه التوصيل ليست جيده انها لا تأتي مع اني طالب اكثر من مره ولا تأتي,Negative
8c267df0-cb40-4973-b0c0-fbbb0921f1f2,Jumia,E-commerce,5,2024-06-23,شكرا JUMIA,Positive
0a4e3ae3-3286-4b58-90b5-9ed0be64a71a,Jumia,E-commerce,5,2024-06-23,البرنامج جيد جداً و التوصيل سريع و سعر الشحن متوسط وبجد تجربتو كانت جميله جدا وجودة التغليف حلوه بجد انصحكم بيه,Positive
2edd0e13-9e6c-4a29-8fe6-56d991220fef,Jumia,E-commerce,5,2024-06-22,شكرا جوميا ومجهود موفق على حسن تعاملكم وجديتكم فى التوقيتات وعروضكم المميزه,Positive
1fdc9113-f0a1-4199-a98a-7b85efb0f8e1,Jumia,E-commerce,5,2024-06-22,يامسهل,Positive
b9c3272f-b347-4b75-b274-1e953e37a3d1,Jumia,E-commerce,4,2024-06-22,حتي الان الموقع تمام اتمني يظل هكذا,Positive
20472605-37d5-4887-bea7-9ffaf1daec47,Jumia,E-commerce,5,2024-06-22,تطبيق ممتاز,Positive
52f5c1b5-4b9c-4edd-ae89-7c2d4553e507,Jumia,E-commerce,3,2024-06-22,شكرا,Neutral
2b1cb494-f46b-46ed-a750-cd4b5bbc70eb,Jumia,E-commerce,5,2024-06-21,ممتاز,Positive
ce10e12a-5f8c-46b0-9a17-ad652c3069e8,Jumia,E-commerce,1,2024-06-21,انا اشتريت اجهزه للعروسه تالفه ومش عارف اعمل ايه,Negative
f4683380-783c-4f9d-87f7-19ee9cd57458,Jumia,E-commerce,5,2024-06-21,جميل,Positive
d4697b48-d9a0-4166-bd0e-0ba66f2cd137,Jumia,E-commerce,5,2024-06-20,ممتاز,Positive
7f219b65-b071-40e6-ad2e-9ed153d9293a,Jumia,E-commerce,1,2024-06-20,طلبت الاوردر والحاجات مجتش زاي ما متكوب فالويبسايت وحاجه زفت,Negative
9ad3ec5f-e3aa-4dca-90d2-2a04b74cd8a2,Jumia,E-commerce,5,2024-06-20,جميلة,Positive
3a585ed2-e5f1-4941-90c9-d4c46e941793,Jumia,E-commerce,5,2024-06-20,amazing,Positive
6c8d5469-420c-40a6-b9ae-57457f7c1b84,Jumia,E-commerce,5,2024-06-19,طريقه شراء سهله,Positive
059f1132-87be-479c-9ac9-7d6f95813919,Jumia,E-commerce,5,2024-06-18,❤️❤️❤️❤️,Positive
5c099797-a72f-4226-8bd7-1b60b7334df2,Jumia,E-commerce,5,2024-06-18,جود,Positive
e1e2d0ba-f2ba-49e9-b970-b508aff944d6,Jumia,E-commerce,1,2024-06-18,تدعم الإحتلال مقاطعة,Negative
a01dce88-526d-4760-a409-69f8e9646fb4,Jumia,E-commerce,5,2024-06-17,شحن مجاني للطلب فوق ٢٥٠ جنيه,Positive
a953cfed-7813-4cbf-8bdb-8b791f07e49a,Jumia,E-commerce,1,2024-06-17,عادى,Negative
a0487c54-8a59-46c8-bc18-cf1edb9bcdb0,Jumia,E-commerce,5,2024-06-17,ممتاز جدا,Positive
825d47a0-9928-4fcb-b55b-c78a63221cfb,Jumia,E-commerce,5,2024-06-17,تحفه,Positive
03dff1ab-3c22-42b1-bd31-175e5406bc0d,Jumia,E-commerce,1,2024-06-17,أسعار جد مرتفعة هذا رباء,Negative
c7321574-7808-4b10-a195-73474964ed66,Jumia,E-commerce,5,2024-06-16,تسوق اونلاين ممتاز,Positive
f3fcc280-de77-475d-9b01-694011cabccd,Jumia,E-commerce,5,2024-06-15,تمام,Positive
ac608054-5671-49d5-815a-a2783b303b50,Jumia,E-commerce,1,2024-06-15,تطبيق سئي واسعار غالية شديد مقارنة بالسوق,Negative
5ebebe57-0ddd-4a03-9e78-7361238ffb80,Jumia,E-commerce,1,2024-06-14,شركه نصابة وخدمه زفت نصيحه محدش يتعامل معاها,Negative
5b9eabae-adf8-4cf1-99da-8eac6dc1938d,Jumia,E-commerce,4,2024-06-14,جيد,Positive
efdff518-8489-4c7e-98be-8c3fcdc0d363,Jumia,E-commerce,5,2024-06-14,شكرا جزيلا لحضرتك على الرد والاهتمام,Positive
c287ff2a-bfce-4612-be3c-05530120927c,Jumia,E-commerce,5,2024-06-14,شكرا,Positive
ef42478a-bfca-4fc0-aaea-a8a9a02b6006,Jumia,E-commerce,5,2024-06-14,خدمه ممتازة,Positive
21520552-5b40-4c9c-bea0-fbc30cd18d50,Jumia,E-commerce,5,2024-06-14,خدمة جد معتبرة,Positive
3958a2a6-79be-4242-9340-a081382e03cb,Jumia,E-commerce,5,2024-06-14,أنا أحب جوميا لأنها بأثمنة جد مناسبة,Positive
0350b545-6c61-4262-a4eb-e5cd99584775,Jumia,E-commerce,5,2024-06-14,جميل,Positive
773d5b24-2c38-4c0f-ac31-406eb5f9316f,Jumia,E-commerce,1,2024-06-13,اسو ابلكشين اتعملت معاه واسوا خدمة تصوسل شوفتها اون لاين عزبه والله,Negative
cb345080-62a1-4358-bdd0-9e24bd8b7f49,Jumia,E-commerce,5,2024-06-13,واو تحفه جداا جداا,Positive
3701f555-65e0-466e-9974-4f5fef66ad74,Jumia,E-commerce,1,2024-06-13,والله بكل مصداقيه اوحش تطبيق اتعاملت معامه ما فيش اي احترام للمواعيدمقارنة بأمازون ده تطبيق مايستاهلش حتي ربع نجمه تأخير وعدم مصداقية لدرجه يلغي الاوردر من نفسه بعد ما سحب الفلوس حتى خدمه العملاء معلوماتهم ع قدهم,Negative
9f5bd025-2dbe-4a31-8b46-1c80bd459e73,Jumia,E-commerce,1,2024-06-13,نتمنى منكم ان َيصير التطبيق بحثه ذكيا مثل باقي التطبيقات,Negative
6be6f7ba-493d-4e71-be57-fc7fcef2fd06,Jumia,E-commerce,5,2024-06-13,ممتازه جدا جدا جدا,Positive
c9d09e08-25f5-4472-be19-c4dff7549487,Jumia,E-commerce,5,2024-06-12,شكرا,Positive
00ee89ea-4c8c-4085-83a1-082c9f56bc60,Jumia,E-commerce,1,2024-06-12,تجربة سيئة,Negative
0b69c2ac-0f46-4a1a-8345-2ac9237ed5bd,Jumia,E-commerce,5,2024-06-12,👍👍👍,Positive
b160d882-7b6a-4953-9c49-9fd2dbad29d6,Jumia,E-commerce,5,2024-06-12,goooood,Positive
52ad9e54-0053-4991-b78c-c84a0f0a501d,Jumia,E-commerce,1,2024-06-11,"تجربه زي الزفتت المندوب يكلمني يقول جاي بعد ساعه ويقولي لا متفتحيش الاوردر وانا موجود بعد ما امشي براحتك واستنيت ده كله ٦ ساعات وف الاخر يكلمني ثواني ويقفل وابعتله ع الواتس وميردش وبعدين أكلمه يزعق بأسلوب سئ جداا ويمشي من نفسه واتواصل مع خدمه العملاء قال هيبعتوا مندوب غيره واتواصل معاهم النهارده يقولي ""هو المندوب اتواصل مع حضرتك"" !واتفاجئ أنه الاوردر اتلغي المندوب لاغه ازاي يعني شركه زي كده تسمح بالمهزله دي ازااي ازااي يا جومياا وخدمه العملاء يقول اطلبي الاوردر م الاول؟ هقدم شكوي لحمايه المستهلك",Negative
d7e6b11e-e537-466e-8cb9-1c7818be823d,Jumia,E-commerce,5,2024-06-11,جيد جدا,Positive
53071cd9-ea68-464c-b5f5-d7bfc880ef92,Jumia,E-commerce,5,2024-06-11,excellent,Positive
4838b66c-a6a4-4aee-9252-ff9845fab0c6,Jumia,E-commerce,5,2024-06-11,لسه أول معامله وبعد كده أقيم😍,Positive
173d1ef6-5eba-456c-b983-d9d29768ca55,Jumia,E-commerce,5,2024-06-10,تطبيق راإع واااو سبيدر العنكبوت خرب الدنيا يا كدعان أنا مغربي🇲🇦,Positive
a2107c0f-baa5-46d3-b324-8268298a8cb4,Jumia,E-commerce,1,2024-06-10,توصيل منتجات خاطئة وسياسة استرجاع فاشلة ويوجد منتجات باسعار قديمة يتم بيعها باسعار جديدة,Negative
de32d866-54e4-4a3d-889e-ce8c912dc44b,Jumia,E-commerce,5,2024-06-10,ممتاز,Positive
225b788c-56c5-4a5a-b1eb-63babaa5553a,Jumia,E-commerce,1,2024-06-10,العروض لا تعمل والعروض و قسائم الشراء موجودة للتعطيل عن الاستفادة بخصم ع المنتج غير راضيه,Negative
f7d20d39-77bb-4232-9d86-af7738eb6500,Jumia,E-commerce,5,2024-06-10,اللهم بارك,Positive
4996935d-111a-41bd-88ec-9737a7384aeb,Jumia,E-commerce,3,2024-06-10,اجمل شى ان التطبيق ليس من ضمن قائمة المقا طعة,Neutral
f9ce229f-a158-4255-8d7d-cc4857690403,Jumia,E-commerce,1,2024-06-09,قمه الاهمال في المواعيد وسوء التعامل وسوء خدمه التوصيل,Negative
8a070632-5fd1-4de7-bdf5-680b0a5c76c6,Jumia,E-commerce,5,2024-06-09,تمام,Positive
b6ef5162-0b9f-41d4-abc7-566bfb5ebba6,Jumia,E-commerce,1,2024-06-09,كانت تجربة ذي الزفت وملكش اي حقوق شغلهم شغل لبس الزبون واجري,Negative
e51135df-3ad3-40c1-96e0-79da88d1a2a6,Jumia,E-commerce,5,2024-06-08,تمام,Positive
e5d5ef55-39ce-43b3-bf09-a3174e59f5ab,Jumia,E-commerce,5,2024-06-08,bravo,Positive
158a8de7-619a-48c4-a111-3ba76504d51c,Jumia,E-commerce,5,2024-06-08,جيد,Positive
5d243725-d548-4a32-8611-13f49809e8c8,Jumia,E-commerce,1,2024-06-08,اول واخر مرة هتعامل معاكم لما اشترى حاجه واعملها ارجاع بعد ٤٨ ساعة وتقعد عندكم اكتر من ١٠ ايام وبعدين ترجعلى تانى بعدها وتقولولى لجنه الفحص بتقول بطارية الساعة مفهاش حاجه تبقوا نصابين البطارية فى وضع كونكت مع الموبايل مش بتقعد ٤ ساعات وتفصل حسبنا الله ونعم الوكيل مش مسامحكو,Negative
5177f1b1-d560-4bc1-9951-ef0eba9785da,Jumia,E-commerce,1,2024-06-08,أرى التطبيق سيئ جدا جدا جدا جدا بسبب غلاء الاسعار وقلة المنتوجات وتكلفة التوصيل وهاد على ماعتقد اسوء تطبيق تسوق رئيته ولا انصح بالشراء منهي التطبيق مبني على الغش متلا ساعة اطفال في 15 درهم وهنا 45 وتبقى هاده وجهة نضري لاكن لا انصح بالطلب منه,Negative
b0629cc4-9ec3-4aa1-aa70-401b6116784a,Jumia,E-commerce,5,2024-06-08,موقع ممتاز,Positive
5e1a6aaa-2b6a-4226-addd-a49acd6b1861,Jumia,E-commerce,5,2024-06-08,شكرا لتعاونكم معنا,Positive
24a55020-4265-4785-81ba-e95a10241e6c,Jumia,E-commerce,5,2024-06-08,جيد جدا,Positive
9fb8f256-bdfc-4269-a827-b9f185022d0a,Jumia,E-commerce,1,2024-06-07,موقع زباله ومفيش مصداقيه كذابين الي ابعد حد نطلب طلب وبعد 5ايام يتم الغاء الطلب من عندكم,Negative
d5d9db8f-5123-4b90-b7c1-b19c75bb795f,Jumia,E-commerce,5,2024-06-07,موقع جميل,Positive
15420e9c-86c1-4cb9-8a42-1e7c717e56b5,Jumia,E-commerce,5,2024-06-07,ممتاز جدا,Positive
342a669e-b2c9-4047-9dad-97c9a5c67a49,Jumia,E-commerce,5,2024-06-07,جميل جدا,Positive
aebad3d5-dcb7-4eea-a451-e11e3268bc69,Jumia,E-commerce,5,2024-06-06,انه تطبيق متميز وفريد من نوعه لكن يوجد مشكل واحد وهي قلة المنتوجات و شكرا على التجربة الممتعة واشكر الطاقم على هذا العمل 🤩🤩🤩🤩🤩🤩,Positive
740a68c3-fe00-4c7c-9c8d-5ac8d7e3a534,Jumia,E-commerce,1,2024-06-06,أسوء شركة واسوء تعامل لسياسة الارتجاع احظروا اللهم بلغت. مدينة الشروق. القاهرة. جمهورية مصر العربية,Negative
4c4144e6-c12b-4c6c-9935-6bf811ad5158,Jumia,E-commerce,1,2024-06-06,لا استطيع تسجيل الدخول,Negative
c63044f1-2cec-4129-84cc-fb90d4d988fd,Jumia,E-commerce,5,2024-06-06,تمام,Positive
db574cc8-6ddf-4dcc-8284-a1caeebc27c0,Jumia,E-commerce,5,2024-06-06,nice,Positive
5af9d68e-cc67-4636-b8df-8a0fac704036,Jumia,E-commerce,5,2024-06-06,سرعة التوصيل منتجات كما باالوصف حاجه محترمة بجد شكرآ جوميا❤️🌺,Positive
49d48e06-d85f-43db-9c38-d265c51f227a,Jumia,E-commerce,5,2024-06-06,حلو,Positive
93c07c0f-3019-47f9-8e87-be72734a7ca0,Jumia,E-commerce,5,2024-06-06,حلو جدا,Positive
906b06fb-d5cd-4d3a-8419-e8c9bd27bac8,Jumia,E-commerce,5,2024-06-05,افضل متجر تجارة إلكتروني في مصر حاليآ والبائعين محترمين جدا وعندهم مصداقية ومنتجاتهم اصليه وعندهم ضمير... وبعديه علي طول متجر نون,Positive
f1a4c1f3-d998-457a-aaad-e1af6330830b,Jumia,E-commerce,5,2024-06-05,تطبيق جميل ومفيد,Positive
999a299e-00a8-4d10-af14-fe6d7f905e9d,Jumia,E-commerce,5,2024-06-05,ممتاز,Positive
35c8b856-0abd-4d91-afd5-8af09068e1ec,Jumia,E-commerce,1,2024-06-05,عروض وهميه ونصب ليه تجبر ان الواحد ياخد قسيمه ويشتري بالمبلغ الي علي كيفك دا استخفاف بعقل المستخدم مصر,Negative
717c2eb7-8182-4e64-9372-52def3c497c5,Jumia,E-commerce,1,2024-06-05,عايزه تليفون بتقسيط بدون مقدم,Negative
2af6c42a-c51a-4af2-8ac8-2d2515d88088,Jumia,E-commerce,5,2024-06-05,تحفة جدا جددا جدا,Positive
297a3f41-f657-45e8-913a-27f7df31831d,Jumia,E-commerce,5,2024-06-04,مدة إتمام الطلب يأخذ كام يوم,Positive
87efd21b-76bd-4e00-8c7d-29ece2605d84,Jumia,E-commerce,5,2024-06-04,ممتاز,Positive
ec6e73a5-f282-48d9-8f3b-513c511e80a1,Jumia,E-commerce,5,2024-06-04,رائع,Positive
f03ae96f-f4c1-4b65-977c-36fa36d83a9f,Jumia,E-commerce,5,2024-06-03,علي. وهرني,Positive
e6f2f070-8112-4a6d-8edd-0a15c74484be,Jumia,E-commerce,1,2024-06-03,شركه نصابه وتأكل حقوق الناس,Negative
26baf596-2ad8-4a87-b0f5-45df0ec25fbf,Jumia,E-commerce,5,2024-06-02,بدك فيه,Positive
c8e9c912-cda7-4590-86e4-76a46696cb26,Jumia,E-commerce,1,2024-06-02,خدمه العملاء زباله زباله زباله,Negative
a83322ed-ea8b-4bb0-92db-ff72447a562a,Jumia,E-commerce,4,2024-06-02,جيد,Positive
ffdb316c-dfef-4b51-9f29-a5c899166df1,Jumia,E-commerce,1,2024-06-02,برنامج سئ جدا ولا يصل الشحن سريعا 👎👎👎👎,Negative
09565144-76de-4855-8412-99f80fd645b6,Jumia,E-commerce,5,2024-06-02,ممتاز,Positive
25bee64c-5922-42d3-9af7-7573f264cc08,Jumia,E-commerce,4,2024-06-01,جيد,Positive
9c0d3351-899c-4385-ab7b-972dab90fbf5,Jumia,E-commerce,5,2024-06-01,💯💯💯💯💯💯💯💯💯💯💯💯💯💯,Positive
b14487de-e31e-4634-95a4-ddcb7c163cb5,Jumia,E-commerce,5,2024-06-01,ممتاز,Positive
bcd3dd94-2229-45c9-a276-d4042632a92c,Jumia,E-commerce,1,2024-06-01,وحش جدا جدا جدا عامل استرجع لي اوردر اول حاجه اجالي ان المندوب هيجليلي يوم الثلاثاء جالي يوم الجمعة يقولي اصل عندي ظروف عادي مفيش مشكلا نمشيها بعدين بقالي حوالي 9 ايام مرجعليش الفلوس وانا عامل ان الفلوس ترجعلي ع هيئة قسائم شراء بكلم خدمة العملاء مفيش اي فيدا منهم ومفيش اي حاجه بتحصل ولغايه هذه اللحظه اللي بكتب فيها البست لسا موصليش اي حاجه ومكلم فوق الخمس مرات خدمة العملاء وتوضيح كمان ان علبه المنتج لسا بي برشمها انا مفتحتهاش بس . ياريت حد من الاداره يتواصل معيا او حد قادر ع حل مشكلتي,Negative
df7616cd-e0ea-4665-b0c5-632ff5582fce,Jumia,E-commerce,1,2024-05-31,سيئ جدا ويوجد تطبيقات خدمتها افضل منة انا من مصر وكنت فعلا والله حابب جوميا جدا بس طلبت اوردر ولما وصلني وشفتو طلع مش زي منا كنت عوزو... انا كنت قاصد حاجة تانية. كلمت خدمة العملاء وقلتلي ايوة اني فتحت المنتج مكذبتش وقالي مينفعش طلبك اترفض ولو مش حابب تستلم المنتج جوميا هتتحفظ على المنتج والمبلغ... قلتلو خلي المنتج والمبلغ ومش عاوز حاجة. دا كل اللي حصل بالظبط ويعني شكرا على ان في اهتمام بجد بالعملاء بتوعكم.,Negative
e7e5daab-518f-453b-92f3-cea8b51f0ad5,Jumia,E-commerce,5,2024-05-31,التطبيق ممتاز ولكن يجب ان يحتوي هواتف جديدة,Positive
16e0b95a-3fb6-4ca2-b923-7f293a4da8f3,Jumia,E-commerce,5,2024-05-31,🌎🌎🌎,Positive
13daf5d2-4843-48aa-bd46-3033aec1cef5,Jumia,E-commerce,4,2024-05-31,التطبيق به منتجات قليلة جدا جدا جدا والسنيكرز أكبر مقاس فيه 41 أرجو إضافة مقاسات أكبر لو سمحتم بسرعة 🙏🙏🙏,Positive
4498d86f-de4a-49c0-98ed-d0cd67826c61,Jumia,E-commerce,5,2024-05-31,عالمي,Positive
8d65315f-e4b3-4ced-9fef-3a72d5413aa6,Jumia,E-commerce,5,2024-05-31,ممتاز,Positive
52e42ab5-e12a-4292-8ace-a383af4f2dba,Jumia,E-commerce,1,2024-05-31,تطبيق يوتوبيا ستور افضل بكثير واسهل,Negative
afa55b6a-b55c-4488-9f91-8a2575acd2b8,Jumia,E-commerce,5,2024-05-30,ممتاز.,Positive
f69e29a9-74e4-472b-bb97-f43df606f915,Jumia,E-commerce,5,2024-05-30,Beautiful,Positive
9a390a11-1311-4a56-bc78-e5fc447ecc2f,Jumia,E-commerce,5,2024-05-30,جيد,Positive
e36267e8-7b0c-44df-ba4f-c0a7e01e4a16,Jumia,E-commerce,5,2024-05-30,جميل,Positive
2fbb180b-db3e-4066-a6a6-c6b0927b55f1,Jumia,E-commerce,5,2024-05-30,Cen Gwbد ta gueule,Positive
ae2cb0fd-b5fd-4979-95a1-a76450b5405b,Jumia,E-commerce,5,2024-05-30,هدت التطبيق جميل,Positive
80b6f38d-a2fa-469f-ac0f-978f2a5fb4fc,Jumia,E-commerce,5,2024-05-29,خصومات وأسعار ممتازة وسلع لا تجدها عند الآخرين,Positive
407dae46-b878-44e2-9e82-101eb68de5bb,Jumia,E-commerce,5,2024-05-29,التطبيق كتير حلو ويساعدك علي كل شئ,Positive
ed602e22-c0bc-4248-b774-19c0cef2816e,Jumia,E-commerce,5,2024-05-29,خدمه تمام ورائعين جدا,Positive
e93dff0a-c50e-40bb-ae93-fa07599f45a3,Jumia,E-commerce,1,2024-05-29,الموقع سىء وكل سويه الحساب بقفل لواحده,Negative
7c6856a6-7b5d-4f00-831f-c94bef48b08a,Jumia,E-commerce,5,2024-05-29,تطبيق ولا أروع,Positive
69fc328f-4a30-4836-b0eb-3d7d98caee09,Jumia,E-commerce,1,2024-05-29,نصابين,Negative
39c0a221-4ac7-48be-8570-746dcc16d730,Jumia,E-commerce,1,2024-05-29,أين محافظة كبيرة مثل البحر الأحمر؟ لماذا لا يشملها الشحن؟ هذا سوء تقدير!! تواصلت مع خدمة العملاء وتم إبلاغي بالتحديث منذ وقت طويل ولم يحدث أي تغيير. تم إلغاء التثبيت.,Negative
425fa15c-ffb9-438a-bc94-643fed54c920,Jumia,E-commerce,1,2024-05-28,انا هحذف التطبيق للاسف الاوردر اكثر من مره بيتلغى لوحده بدون اي اسباب,Negative
b4df43aa-139f-45a1-9ea0-cc802f039635,Jumia,E-commerce,5,2024-05-28,رإع ولاكن في آسيا غاليه مع وقت أرجو أن تخفض اسعار ولاكن رإع,Positive
8d94057e-7b83-42bb-9f1f-67b2f3b5c670,Jumia,E-commerce,5,2024-05-28,ممتاز جدا,Positive
2ac3ab0b-3c30-4411-94ac-6a2caaa403c6,Jumia,E-commerce,5,2024-05-27,رائع,Positive
1e24b94b-9102-4fb4-a9a0-975e10e7c42c,Jumia,E-commerce,5,2024-05-27,تطبيق جيد,Positive
033c390d-a7d9-458f-bfcb-ef2ac8897fe9,Jumia,E-commerce,5,2024-05-27,ممتاز,Positive
a7fcaf59-7d33-4476-9426-649c6d95ad27,Jumia,E-commerce,5,2024-05-27,Good👑,Positive
356aa3cb-a040-4806-ab6b-a81804e7e5f5,Jumia,E-commerce,5,2024-05-26,ممتازه,Positive
a6a8d8a2-5af7-4c24-9e83-c540b5054cc5,Jumia,E-commerce,5,2024-05-26,ممتازة,Positive
25bf9294-46d6-4b52-bac2-7a87a11dbfbf,Jumia,E-commerce,5,2024-05-25,ممتاز,Positive
62fccccc-1c8f-434f-8ced-affdd108d0c8,Jumia,E-commerce,5,2024-05-24,Bechir,Positive
585de4f1-2826-4405-bb6f-354bd42a1634,Jumia,E-commerce,5,2024-05-24,ممتازه,Positive
eb52194d-016c-4ce6-9628-a88632edaf2a,Jumia,E-commerce,1,2024-05-24,😣😣😣😣😣🤬🤬🤬🤬👎👎👎,Negative
fd294db8-1199-4f69-84fe-eb352814017a,Jumia,E-commerce,5,2024-05-24,ممتاز,Positive
ccf8e009-46d7-4e1f-853b-0371406a5026,Jumia,E-commerce,1,2024-05-23,انه جيد لكن لا يدعم االلغة العربية في تونس😭😭😭😭😭ارجو حل ماذا المشكل في اسرع وقت,Negative
7ff45f32-674d-40b5-84c4-71c1a4a139f5,Jumia,E-commerce,5,2024-05-23,ممتازة في العرض والتسوق وفي الارجاع الصدق في جميع العمليات,Positive
c5014449-632f-49a7-b9e3-a0aa6c9f016a,Jumia,E-commerce,5,2024-05-23,رائع جدا,Positive
c57773d8-776f-413f-8239-a047883f57fa,Jumia,E-commerce,5,2024-05-23,نل,Positive
1a9ecacc-e49f-44d6-8251-2346c7fb4600,Jumia,E-commerce,5,2024-05-22,منتوجات جيدة,Positive
5cc3fef0-87eb-49bf-8cda-cd68624614b5,Jumia,E-commerce,5,2024-05-22,ماشاء الله ♥رائع,Positive
ba6b3b29-b0b3-40f0-8196-72bc8ca0c089,Jumia,E-commerce,5,2024-05-22,عظيم و مريح,Positive
e9fde824-2493-4b43-a693-f549a6477e1d,Jumia,E-commerce,3,2024-05-22,تحت التجربة وطلبت اول طلب وبعد كدا لما استلم ابقي ابلاش الخمس نجوم,Neutral
91abb11f-ee9f-45eb-b694-239cfe06bad4,Jumia,E-commerce,5,2024-05-22,شكرا,Positive
80191108-fad4-4358-a47b-4be78faf6566,Jumia,E-commerce,5,2024-05-21,ممتاز,Positive
541698d7-3d16-46ac-ab14-8734b9486768,Jumia,E-commerce,5,2024-05-21,راىع,Positive
645b43e2-f1c2-4fe4-9f67-b09e284a0fbf,Jumia,E-commerce,5,2024-05-21,جيد,Positive
946c9494-7456-4846-9ff1-161c0fc21fa8,Jumia,E-commerce,5,2024-05-21,جيد جدا,Positive
27a0f13d-f4de-4d9f-8356-2c51c61804d2,Jumia,E-commerce,1,2024-05-19,منتوجاة ضعيفة الجودة,Negative
804d470e-b764-4ca4-965e-2c9f9cfd4ac7,Jumia,E-commerce,5,2024-05-19,ممتاز,Positive
6cc48580-39c8-4f9f-a5a6-c6a651457112,Jumia,E-commerce,5,2024-05-19,احلى من امازون و نون,Positive
7c9e3c11-141d-4e85-8e30-29e7c9a2f488,Jumia,E-commerce,5,2024-05-18,رائع,Positive
6d241c94-7c3f-4bfa-b85a-f429bec73b4b,Jumia,E-commerce,5,2024-05-18,ممتاز جدا جدا,Positive
58f8ca86-ac32-4755-8166-d24e755dd31b,Jumia,E-commerce,5,2024-05-18,جيد جدا,Positive
348a688c-6215-40fe-beae-0ddae89dc85f,Jumia,E-commerce,5,2024-05-18,موقع محترم,Positive
72da862a-262d-4a4f-a84c-48b31fec8f0e,Jumia,E-commerce,5,2024-05-18,مليح وجيد ونتمنى إن شاء الله أن تقومون بتوسيع رقعة نشاطكم حتى تشمل كافة المنتوجات التي يحتاجها الفرد وحاولو أنكم تتوسعوا نحو العالمية,Positive
52939e8b-d21d-4896-ba93-9b8bdb00552c,Jumia,E-commerce,1,2024-05-17,والله لسه اول مره اطلب من الشركه دى هنجرب ونشوف,Negative
6e0b96ad-9b6c-4cb6-9241-bf512ee83a40,Jumia,E-commerce,1,2024-05-17,سيئ,Negative
b5ecb0a7-83da-4a3c-9509-0d2342a42785,Jumia,E-commerce,5,2024-05-16,تجربه ممتازه جدا جدا,Positive
e4693492-d967-473a-ae42-8c836c897b1c,Jumia,E-commerce,5,2024-05-16,جوميا ، عنوانك للتسوق الالكتروني الناجح,Positive
05d11972-1856-471f-8fe1-07424a6d4fbb,Jumia,E-commerce,4,2024-05-15,رائع,Positive
3ee265d0-b06a-4787-9fd9-74f42f40728e,Jumia,E-commerce,5,2024-05-15,TOP,Positive
c5f43ed2-8c2f-45ec-a4f5-7680df6236b2,Jumia,E-commerce,5,2024-05-15,تمام,Positive
b074955b-acf5-4ec8-839e-e5cd88536146,Jumia,E-commerce,5,2024-05-15,جيد,Positive
b3d83fb8-bce8-4b66-84c7-5b958dd3e254,Jumia,E-commerce,1,2024-05-15,اشياء مرتفعة الاسعار,Negative
a9200e89-78ef-4928-85c3-2486d60a41c1,Jumia,E-commerce,5,2024-05-14,ممتاز جدا,Positive
b2a85d4a-743a-4fa3-a83e-76950f3ea25d,Jumia,E-commerce,5,2024-05-14,ممتازة,Positive
3065a877-d5ea-41b7-8d80-e648f5011a81,Jumia,E-commerce,1,2024-05-13,الاداء والمعاملة في الفترة الأخيرة سىء جدا جدا والمنتجات رديئة إن لم تكن تالفه,Negative
84d29bd0-98d9-4f9b-afb8-c13f6fd67d78,Jumia,E-commerce,5,2024-05-12,من اجل توصيل أمن و الثمن رائعة و منتوجات دات جودة عالية,Positive
18d274f1-305b-4f78-bb7c-710c2602262b,Jumia,E-commerce,5,2024-05-12,رائع جدا,Positive
1adbf8ad-7674-4d05-9e17-76fb25d9a7e0,Jumia,E-commerce,5,2024-05-12,جميل,Positive
b22b1ab0-fbee-4ac3-b96b-4ed885156a38,Jumia,E-commerce,1,2024-05-12,زي الزفت لو المندوب كسل يوصلك الطلب بيلغيه بحجه أنه مش عارف يوصلك عن طريق الموبيل,Negative
72cbc4f7-8229-4fe5-96fa-3dd906d2680d,Jumia,E-commerce,5,2024-05-12,طرق البحث في التطبيق مش افضل حاجة بس التطبيق عليه كل الحاجات اللي انا محتاجها حتي الان والتطبيق جيد جدا 💯💯👌,Positive
09bfce3f-dc44-4425-bd1e-0f8b9aa8c7c3,Jumia,E-commerce,1,2024-05-10,ابنى طلب ماكينة حلاقة سعر ٩٤٥ ج وبمجرد الاستلام اكتشفنا ان الماكينه بها عيوب جسيمه وبقالنا اسبوع دلوقتى ومافيش مندوب جاء للارجاع,Negative
b935c28a-a318-4c0b-b25a-c29a8d4dbcab,Jumia,E-commerce,1,2024-05-10,.لم يتم معاملتي بجدية,Negative
14428ec8-5ece-4dd8-900b-097cb36ca110,Jumia,E-commerce,1,2024-05-10,خدمة التوصيل زي الزفت,Negative
2c69578c-b7ce-413a-a2ef-9a154ec89de8,Jumia,E-commerce,5,2024-05-10,راإعراإع,Positive
80222486-56d3-4f23-be16-bcfdf8196cfe,Jumia,E-commerce,1,2024-05-10,تطبيق مقاطع لدعمه الكيان. 🚫,Negative
5cb98879-55a2-41d5-84d0-8d583d032d57,Jumia,E-commerce,5,2024-05-10,gooooood application,Positive
425da110-971d-4c40-9b6f-924eb44c7801,Jumia,E-commerce,5,2024-05-10,اول معمله ربنا يستر,Positive
3e08f76d-b8d3-4e53-9f52-2363d64d77d7,Jumia,E-commerce,5,2024-05-10,أصبحت أحب هذا التطبيق,Positive
5fa8f8db-5acd-4409-9b5e-df4967178f09,Jumia,E-commerce,1,2024-05-09,هذا السوق ضعيف جدا الاسعار غالية جدا لا علاقة بالموقع حتى بعض المحلات عند ارخس من سلعكم زائد السعر توصيل الى بيت غالي والمشكل لا تتوفر سلع خاوية جدا اخي الكريم لا حواسيب لا نيتنيدو لا قطع حتى عملية البحث ضعيفة افضل الي اكسبرس بعيدا عنه الميزة الجيدة عندكم انكم تتعاملو بسي سي بي الجزائري لكن سلع غالية,Negative
fbfb49a6-5e7f-42ff-9f8a-95848bb4d829,Jumia,E-commerce,1,2024-05-08,برنامج نصب واحتيال محدش يبعت فلوس بيجرو رجلك ويبعتلك يكسبك اول يوم 500 وبعدها ينصب عليك ف 11الف ولاد الحرام اي حد تجيله رساله الواتس وانك هتشتغل ف جوميا تقيم منتجات زي كل ولاد الكلاب اللي ف التعليقات اللهم بلغت اللهم فشهد,Negative
be3188b8-18cd-4370-9e73-7ebf5aba7c30,Jumia,E-commerce,5,2024-05-08,في إنتظار الطلب,Positive
f0289b4f-9b94-4795-be6c-960071d3aa27,Jumia,E-commerce,5,2024-05-08,تطبيق صادق وأمن عن تجربتي الشخصيه,Positive
b2995439-dc8e-4112-910b-e2fe1ce4bff3,Jumia,E-commerce,5,2024-05-08,👍,Positive
f6c3fec9-2674-4b16-8921-46a831d311c4,Jumia,E-commerce,5,2024-05-07,محمد علي باشا في كل شيء,Positive
9009f0e3-6be8-44c6-89e9-951fd1e80584,Jumia,E-commerce,5,2024-05-07,رائع جدا,Positive
82fae8ac-0e9c-4174-84e3-62e08ea6f729,Jumia,E-commerce,5,2024-05-07,متجر تسوق موثوق به,Positive
e94e2f98-cf2c-4983-aec6-87d5ffea91a6,Jumia,E-commerce,5,2024-05-06,جميله جداجدا,Positive
adcf59b6-7618-4599-a425-853d085645a9,Jumia,E-commerce,5,2024-05-06,منتجات ممتاز جدا,Positive
ac0f6d0d-ec91-4191-a7f4-3002c5c3aba1,Jumia,E-commerce,5,2024-05-05,ممتاز,Positive
812abe37-c396-4449-a892-a56ad4cf5160,Jumia,E-commerce,5,2024-05-05,", موقع رائع",Positive
4d83ac3e-0458-46ec-8965-7a88dbe3b069,Jumia,E-commerce,5,2024-05-04,ممتاز,Positive
b7792eae-2c34-4aaf-9212-419384fdad6d,Jumia,E-commerce,5,2024-05-04,v Good 👍,Positive
cd3eafa8-438c-4909-a39a-7f08adbd1f23,Jumia,E-commerce,5,2024-05-04,تمام,Positive
d92fa6f9-e122-49fb-9787-0b12800af2db,Jumia,E-commerce,5,2024-05-04,👍💯,Positive
93db34a1-659d-4826-a759-9d39923bad46,Jumia,E-commerce,5,2024-05-03,😍,Positive
2fa4e54c-0ab1-4863-8ead-3739bc36480c,Jumia,E-commerce,1,2024-05-03,أسواء تطبيق,Negative
25e0ffc3-4118-45db-ab7b-91f1eb2633dd,Jumia,E-commerce,5,2024-05-03,good 👍,Positive
5f9ad60f-b30e-4589-82f0-c4d6e3ce133f,Jumia,E-commerce,5,2024-05-02,معمله جيدهز,Positive
e0bd3467-d2a5-43ca-b2ee-1818ccfa7575,Jumia,E-commerce,5,2024-05-02,منه,Positive
55d5697d-30e6-4e69-acaf-b14f9bfc528a,Jumia,E-commerce,5,2024-05-02,♥♥,Positive
6de76c6a-6957-4492-9bfb-2fe7f9f3d2bb,Jumia,E-commerce,5,2024-05-01,بجد بجد ممتاز اوي ♥️,Positive
6dfc5d2b-a61c-45bd-832b-5a3dd66e1269,Jumia,E-commerce,4,2024-05-01,تطبيق رائع ولكن كثرة التدقيق,Positive
a3435c4c-1bd2-4410-83f1-e76792ec249b,Jumia,E-commerce,5,2024-05-01,ممتاز,Positive
e7070148-08ca-495e-b8d5-eb6a5f4d1e57,Jumia,E-commerce,1,2024-04-29,دي اخرتكم نجمه واحده برنامج سيء وخدمه زباله ما حدش يتعامل معهم ثاني,Negative
e8f2448d-5d14-4133-b3e6-e7b4aa9f8abe,Jumia,E-commerce,1,2024-04-29,للأسف ما فيش خدمة عملا، تجاهل تام لمجرد اني طلبت اقيم منتج سيء اخدته منهم,Negative
1913edcc-52f7-4586-bc4b-0b5f98835e15,Jumia,E-commerce,5,2024-04-28,سريع,Positive
5d52ce26-7dda-425a-a6bb-6d8a3f7838f1,Jumia,E-commerce,1,2024-04-28,كل ما افتح التطبيق يقولي حدث خطأ حدث خطأ,Negative
1cc7f772-c219-4cce-b56a-69205abe9b73,Jumia,E-commerce,5,2024-04-28,اسعارة مناسبة وسرعة التوصيل,Positive
00a9e3af-542a-42dd-9e35-172da5c44ff8,Jumia,E-commerce,5,2024-04-28,جميل,Positive
b0b4019f-1984-4842-a438-d7810971dbe5,Jumia,E-commerce,3,2024-04-28,تجربة جيدة لكن حالياً التطبيق لايعمل هناك عطل وحاولت كتير ويكتب يرجى إعادة المحاولة.,Neutral
bf69260d-ae36-4af0-8304-0b4ae2e462ea,Jumia,E-commerce,5,2024-04-28,جيد,Positive
91145584-d11c-45c3-921b-9bec5d0e7994,Jumia,E-commerce,5,2024-04-28,مره ممتاز جدا لكن ارجو اضافه سلع اكثر مثل تطبيق شي ان 😸,Positive
f302c8c2-09e2-440b-b17c-de49a5f7771d,Jumia,E-commerce,5,2024-04-28,تطبيق جميل,Positive
abbe7342-7828-4c34-9e2b-e836d57a62a9,Jumia,E-commerce,4,2024-04-27,حح,Positive
f9a05122-6080-4933-b6a5-82d4a68a001e,Jumia,E-commerce,1,2024-04-27,كانت افضل تطبيق في 2020 ولاكن 2024اسوء تطبيق لأنها لا تبع الكثير من الأشياء و الأدوات و تبيع القليل من الهواتف ماهذا ياجوميا ولماذا تتراجعين,Negative
29a28e2b-4c15-48bb-a04f-c8b2b9aaeace,Jumia,E-commerce,1,2024-04-27,لا يمكن الاغاء الاشياء ادا اتممت العملية شراء,Negative
3c79db56-5a80-41a5-a085-d5bc3e409213,Jumia,E-commerce,5,2024-04-27,زوينة واعر هاد التطبيق,Positive
ab6b906d-9e6a-49fe-bb19-d01bd24438d9,Jumia,E-commerce,5,2024-04-27,حلو جداً,Positive
90f8e4b0-a2d8-4928-b67b-f40c169bb082,Jumia,E-commerce,5,2024-04-27,سيء جدا جدا جدا * كيوت * را,Positive
ff56f006-370d-4a6e-9f04-62e49769dbe0,Jumia,E-commerce,5,2024-04-27,شكرا جوميا,Positive
ef9d89ad-2234-4470-8eeb-f6fa9faf4734,Jumia,E-commerce,5,2024-04-26,ممتاز,Positive
9d10ca54-7e99-46b6-b347-72ad3cffc42d,Jumia,E-commerce,5,2024-04-26,مهم,Positive
ef9788f0-f907-4448-a5c5-cc6509a3a906,Jumia,E-commerce,5,2024-04-26,very good,Positive
b7f43e35-ca48-491d-9ee6-570e8748ea59,Jumia,E-commerce,5,2024-04-26,لسا ما جربته,Positive
838f8faf-8225-4898-89cd-08d798b69564,Jumia,E-commerce,3,2024-04-25,المرجو مراجعة مكان العناوين و بالخصوص مكان الجهات و الأقاليم,Neutral
cdc61131-c7ba-47f8-b72b-26c9bc238a25,Jumia,E-commerce,3,2024-04-24,معاملة جيدة ومحفزة، لكن بعض الطلبيات تتأخر معالجتها بشكل مزعج. المرجو تسريع عمليات المعالجة والتوصيل والإرجاع.,Neutral
90ea0832-ab74-4584-8477-b214b65ca3c1,Jumia,E-commerce,1,2024-04-24,تجار غشاشين تاريخ إنتاج قديم وضمان سلع غير موجود وخدمة عملاء لاتدعم حيث أن ردودهم فقط مرضية (مصر),Negative
e05171fe-e7cb-4943-bd90-6e6d12db9cab,Jumia,E-commerce,5,2024-04-24,تلباغ,Positive
9b796882-8b6a-49ac-9b56-548362558644,Jumia,E-commerce,5,2024-04-24,بكام,Positive
b57c2601-8321-46cc-b69f-0eaa8023c86e,Jumia,E-commerce,3,2024-04-23,انا عايز اضيف عنوان للتوصيل انا مش لاقى محافظة البحر الاحمر ايه السبب,Neutral
12f9ca4e-e5da-45f7-93c9-515a5e7cab86,Jumia,E-commerce,5,2024-04-23,MERCI JUMIA,Positive
6d5459a9-8f27-4c2b-b2a4-7a7cf2a715be,Jumia,E-commerce,5,2024-04-23,Hamid oudghiri idrissi,Positive
0f48a2c2-b4f4-4bd7-80e4-2f274a23264a,Jumia,E-commerce,5,2024-04-23,جيد,Positive
7755c518-87d9-4718-97ad-f69730a0dda8,Jumia,E-commerce,4,2024-04-22,جيد جدا,Positive
d233b1f3-76e3-4871-a79d-bbd96e86ddee,Jumia,E-commerce,5,2024-04-22,جميل,Positive
aa421a41-5df5-4029-ba57-3101cee19d05,Jumia,E-commerce,5,2024-04-22,جيد و سلس و آمن,Positive
b2370cf5-aff7-4430-9656-945cb5e8713d,Jumia,E-commerce,5,2024-04-22,ممتازه,Positive
d2692ef7-25bf-4880-aeb2-637e0267d348,Jumia,E-commerce,5,2024-04-22,جيد جدا,Positive
b73a6548-d8ec-4079-90d9-da9347af72c0,Jumia,E-commerce,4,2024-04-21,مصداقية في المعاملة,Positive
3a7ba001-940c-42f0-b473-d50f510283eb,Jumia,E-commerce,2,2024-04-21,جميل أتمنى أن يعطوني عملات مجانية,Negative
ca4f8e19-207e-448c-b45d-9f341b309c4a,Jumia,E-commerce,1,2024-04-21,تقيمه صفر للأسف من يوم ٢٠ مارس ولحد دلوقتي طلبي يجي المقاس مختلف كل مرة كدا لحد الان زفت زفت زفت,Negative
08ef525d-5813-4ce1-8456-557ab0c232c4,Jumia,E-commerce,5,2024-04-21,done,Positive
547eb151-0f4a-4472-9bcd-6fa574099ffe,Jumia,E-commerce,4,2024-04-21,هذا هو التطبيق العملي على المتجر,Positive
0feea5d8-3baf-4b6c-90d1-1aef618800cb,Jumia,E-commerce,5,2024-04-21,جميل لل غايه,Positive
cf3bc538-17e9-4717-8182-4c0e4daff385,Jumia,E-commerce,5,2024-04-20,ممتاز,Positive
f7d8f9b3-a734-486c-9917-1b076e955c5c,Jumia,E-commerce,5,2024-04-20,ياريت طالما انا محدده البلد مصر مايتعرضش عليا كل المنتجات وارد الخارج ويبقي ليها قسم لوحده من يريد شراء المستورد يبحث خلال القسم,Positive
43bfdceb-143a-4871-b8aa-214acba71153,Jumia,E-commerce,4,2024-04-20,احسن تطبيق كنصح بيه,Positive
3b003c5d-4a2e-4edc-ad46-3dd00267084c,Jumia,E-commerce,5,2024-04-19,ممتازة,Positive
6bb011e1-1bd7-4b4b-ac8c-ec7017eec3d6,Jumia,E-commerce,5,2024-04-19,تطبيق رائع,Positive
e268315d-bb72-4c28-875c-4fb230301c8f,Jumia,E-commerce,5,2024-04-19,ممتاز,Positive
0b16d4e4-dff1-4f13-be72-95badf273845,Jumia,E-commerce,4,2024-04-19,تجربة جيدة لاكن المنتجات غير كثيرة كمثال قسم nentendo لا يوجد فيه الى اشياء قليلة و ايضا طابعة Xiaomi المحمولة غير متوفرة يرجى استرادهم باسرع وقت,Positive
6e68aa43-8fc0-451f-995e-f38f03ac1954,Jumia,E-commerce,5,2024-04-19,top,Positive
44b5c6ec-7a32-4db6-bd5b-9f2737bb22c8,Jumia,E-commerce,5,2024-04-18,ممتازة شكرآ لكم على الخدمة الجيدة والمصداقية سلعة جد رائعة,Positive
27eded8d-47fa-4876-935f-1929c9237429,Jumia,E-commerce,5,2024-04-18,تطبيق رائع وممتاز جدا,Positive
09b43919-76d0-4979-903f-fb2a601e061d,Jumia,E-commerce,5,2024-04-18,أفضل برنامج تسويق علي مستوى الشرق الأوسط,Positive
af6ea9a8-ceb0-4a01-a94d-42ebd71763d1,Jumia,E-commerce,4,2024-04-18,شكرا لكم,Positive
b9dac711-d2bb-408c-9255-2e818cc2bb4e,Jumia,E-commerce,5,2024-04-18,جيد,Positive
19a552f7-d61f-4597-b02a-dcecf2fbf925,Jumia,E-commerce,5,2024-04-18,جوميا نمبر ١,Positive
3b25f1e4-42c3-485f-98ae-f5392108655f,Jumia,E-commerce,5,2024-04-17,جميل جداً ❤❤,Positive
396404db-00dd-47a1-8246-49b3657e3888,Jumia,E-commerce,1,2024-04-17,تطبيق غير محترم ..تم تسليم كتاب كنت طلبته ..الكتاب غير اصلي ..مش عليه دار النشر اللي طابعاه وحتي بعرف الكتب المقلدة الكتاب يعتبر غالي .يعني لو عايز اشتريه مقلد هشتريه اون لاين ليه ..خدمة حقيرة جدا,Negative
4aaa95d5-6c00-470d-a545-e03565c0ab2c,Jumia,E-commerce,5,2024-04-17,حتى نرى المنتوج,Positive
64b2ab7f-d4f5-4f84-9f56-17ed75f33bab,Jumia,E-commerce,5,2024-04-17,برنامج مريح بصراحة ويجنن وسهل الوقت,Positive
593cdf65-69d2-420e-8492-c82e2e863d48,Jumia,E-commerce,4,2024-04-16,good,Positive
00849b67-48f6-440e-9cea-192d5d3feb29,Jumia,E-commerce,5,2024-04-16,ممتاز,Positive
7b6a771d-6b0b-4eba-a863-7737feb6d304,Jumia,E-commerce,5,2024-04-16,شكرا جوميا,Positive
bb1c0f07-2bd0-44be-904f-9a342ea0ffd5,Jumia,E-commerce,5,2024-04-16,جميل,Positive
eee886e4-eafa-4592-8ff0-0b8a7e5b0615,Jumia,E-commerce,5,2024-04-15,ممتاز 🌼🌼🌼🌼🌼,Positive
4af4c80d-c563-49fa-af32-08f349cb6157,Jumia,E-commerce,5,2024-04-15,خدمة ممتازة,Positive
41c5ffe7-c782-41cd-98f6-91c310524f50,Jumia,E-commerce,5,2024-04-15,رو,Positive
4833dd22-8d29-4b5f-802a-0ae76c73b99a,Jumia,E-commerce,5,2024-04-15,جيد جدا,Positive
f349aac7-a4f3-496f-8b8a-b20da41878cd,Jumia,E-commerce,4,2024-04-15,الاتمنة مرتفة قليلا,Positive
a7871214-280f-4934-a8fd-16ff932ba782,Jumia,E-commerce,5,2024-04-15,ممتاز جداً,Positive
88fcd93f-5ce0-4da9-81c6-762fe8842dd3,Jumia,E-commerce,5,2024-04-15,شكرا جوميا,Positive
ad04d5ad-52f4-439b-95d3-1627360b3f7a,Jumia,E-commerce,3,2024-04-15,جيد,Neutral
35b32db2-1882-470c-8b0b-402b5b4fabd8,Jumia,E-commerce,5,2024-04-14,نعم,Positive
8a5e82a2-bec0-4f9c-b860-e56474f81949,Jumia,E-commerce,1,2024-04-14,غبوب باتب يىايب ثابرايب في تحويل الاموال.,Negative
d424b481-9dc7-48bf-89bc-6e9f900bde7f,Jumia,E-commerce,5,2024-04-14,جميل جدا,Positive
1542240a-1e3e-4c61-8bab-2e2badda5fa8,Jumia,E-commerce,5,2024-04-14,جميل,Positive
8c5b727f-d833-4d08-a2ed-16beeaf24748,Jumia,E-commerce,1,2024-04-13,تجربة سيئة جدا طالب حاجات من قبل العيد الحاجة جاتلي غلط حاولت اعمل طلب استرجاع محدش رد غير أن باقي الطلب لسة مجاش لغاية دلوقت مع أن مكتوب أنه هييجي قبل يوم ٩ بكلمهم في الشات محدش بيرد,Negative
cf196c35-feeb-4727-9fb8-7a6b6636e6e7,Jumia,E-commerce,5,2024-04-13,برنامج جميل جدا جدا,Positive
833e7ec6-e8dc-4cee-9207-092c3cbf2475,Jumia,E-commerce,1,2024-04-13,الحاجه علي التطبيق سعرها مبالغ جدا وبعدين من النصب كمان بتحاسب علي كل حاجة قيمة شحن لوحدها يعني لو اخترت من منتج اتنين تحاسب شحن لكل واحد مع ان المواقع التانية بتحاسب علي شحن مرة واحدة لو اشتريت ١٠٠ حاجة طلما هيا طلبيه واحده وبامانه ميستهلش ولا نجمة ومن اسوء شركات شراء اون لاين,Negative
22944d1d-426c-4314-b65e-ae6850ec7bb3,Jumia,E-commerce,5,2024-04-13,ممتاز,Positive
d8ead26a-7f6c-4ad0-bfc1-3df2c1199c27,Jumia,E-commerce,5,2024-04-12,التطبيق منزلاه عندى بقاله كام سنه حلو وطلبت منه كتير لكن دلوقتي بفتحة لاقيته مابفتحش معايا خالص معرفش ايه المشكله ومسحته ونزلته تانى وبردو مش بفتح,Positive
2412be84-4b3e-4ab5-b239-f2e30f029beb,Jumia,E-commerce,5,2024-04-10,تمام,Positive
9dc49daf-ea4b-4892-bf2a-c1fe5ed505c7,Jumia,E-commerce,1,2024-04-10,موقع لا يستحق نصف نجمه هو احتيالى اكثر من انه موقع مبيعات عن تجربه ولا انصح احد بالمعامله معهم يجب أن يسقط جميا مصر لأنهم لا توجد لديهم مصداقيه فى الكلام أو المعامله,Negative
4e941f43-f58f-4c9a-94c4-89106d39f34c,Jumia,E-commerce,4,2024-04-10,تطبيق سهل ومتنوع,Positive
ce42343f-804f-4f74-93e5-43cb8be2aefc,Jumia,E-commerce,5,2024-04-10,جيد,Positive
bbeaccef-0c0d-47b7-b90e-7b6a5f8e3013,Jumia,E-commerce,5,2024-04-09,من احسن البرامج,Positive
bd9cf5b1-d9a5-4e4d-a59a-bdb0835c988f,Jumia,E-commerce,5,2024-04-09,موقع رائع,Positive
93e5cabe-b302-4944-a030-ad2a5111b6f3,Jumia,E-commerce,5,2024-04-09,جيد,Positive
a8407587-d69d-43e4-80c5-6cdc3b0b5a3e,Jumia,E-commerce,5,2024-04-09,جميل,Positive
3959bdae-a681-41af-89f5-b7c8ffacec32,Jumia,E-commerce,5,2024-04-08,ممتاز,Positive
10aad71c-4d66-4b77-80bd-2e2d6f6a4e8a,Jumia,E-commerce,3,2024-04-08,توصيل في المستوا الله سهل عليكما,Neutral
ddc01c00-1a25-48e3-99dc-247ddc274386,Jumia,E-commerce,2,2024-04-08,لا تتوفر على كل المنتجات,Negative
0c59a428-8370-452a-b258-fe3a93fc9c0d,Jumia,E-commerce,5,2024-04-08,اول تجربة يا مسهل,Positive
9962428f-d61d-4dfa-8d0e-625f4f841dcd,Jumia,E-commerce,5,2024-04-07,Good,Positive
17ea537c-28fa-43c7-81f5-62c41e0904fe,Jumia,E-commerce,5,2024-04-07,ممتاز,Positive
1f7fb902-71e8-490e-b602-da6723374836,Jumia,E-commerce,5,2024-04-07,جميل البرنامج ده,Positive
bbbea362-3cfa-4381-ac10-e3c824225273,Jumia,E-commerce,5,2024-04-07,toooop,Positive
10cf3eeb-0298-4d43-a283-51644aebf3e6,Jumia,E-commerce,1,2024-04-06,مقاطعه,Negative
4eb76774-fc01-4736-9a98-0f94d52b2f4e,Jumia,E-commerce,4,2024-04-06,جيد,Positive
3810bf98-517f-4203-bda9-7953e6b4711b,Jumia,E-commerce,1,2024-04-06,نصابين وحرامية طلبت فستانين ودفعت تمنهم ولما استلمت وروحت البيت لقيته فستان واحد وبقالي اسبوعين بعمل شكاوي وهما كل شويه يومين ونرد عليك حسبي الله ونعم الوكيل,Negative
24c1e57e-bced-46a0-b657-dd637b2409f9,Jumia,E-commerce,1,2024-04-06,تطبيق سئ,Negative
b52e3ba1-6fa2-4639-8a23-e666b2ac1082,Jumia,E-commerce,5,2024-04-05,Free,Positive
228cb6e9-eb67-49a1-9934-9cd1bebb9951,Jumia,E-commerce,5,2024-04-05,ابليكيشن رائع,Positive
f02c9286-88f8-402e-bb5c-f8f5f1bfdfc5,Jumia,E-commerce,5,2024-04-05,جيد جداا,Positive
7f6a2428-0654-4e39-bcb9-45e46e795d0f,Jumia,E-commerce,5,2024-04-05,تطبيق جميل وسريع,Positive
bc9c8f68-ccd4-47d1-8d5a-a6b5c01473cf,Jumia,E-commerce,1,2024-04-04,في حاجات غلط كتير علشان بس نطلب اللي عمل الابليكشن محتاج يصلح فيه حاجات كتير وجع دماغ علشان اشتري تشريت,Negative
cbcfe605-5788-41ff-b8a5-f1b7aec72c76,Jumia,E-commerce,5,2024-04-04,كل سنه وانتم طيبين وبخير وصحه وسعاده,Positive
4c26c2ef-7ae9-47c1-9cbd-0e4d0c355bfd,Jumia,E-commerce,5,2024-04-04,طريقه سهله في الطلب ومتوفر كل شئ,Positive
8d5d3528-3a0b-4614-8f83-ed00dedbff3b,Jumia,E-commerce,5,2024-04-04,انشاء الله المنتج يكون كويس,Positive
2e6731b3-7625-4841-95ac-c4afc9c968f3,Jumia,E-commerce,4,2024-04-03,قيد التجربه,Positive
aec76566-a69f-46fe-be1a-aca534020d8c,Jumia,E-commerce,1,2024-04-03,شركه غير جيد للتعامل طلبت أورد من من 15 يوم ودفعت الفلوس والمفروض ان الاوردر استنيته كان يوصل بعد يومين الاوردر ما جاش وكلمتهم وما حدش راضي يرجع الفلوس لحد دلوقتي داخل عشرين يوم لايوجد امانه ولا مصدقيه في التعامل والخدمه العملاء والاداره سيئه جدا,Negative
ad1a3944-aa48-4a73-a9f3-5a56a78d0007,Jumia,E-commerce,1,2024-04-03,التطبيق غير صادق فى مصر ، مقاسات غير مظبوطه عروض غير صحيحه ، لا يوجد استبدال ، مضيعه للوقت فى توصيل المنتجات وارجاع المنتج واسترداد القيمه ، خدمة عملاء سيئه جداً ، فعلاً تجربه سيئه,Negative
4aef819f-1014-4f0b-b1e6-ffc3505ca94b,Jumia,E-commerce,5,2024-04-02,تطبيق رائع,Positive
e3f3df8a-ab75-4783-9c23-be4fc2692f11,Jumia,E-commerce,5,2024-04-01,احب أن أشتري من جوميا,Positive
cfe82781-21aa-46e2-8d85-11f3e74bd862,Jumia,E-commerce,5,2024-04-01,جيد جداا,Positive
5936aef7-70b8-4aa6-aabf-5df1f94a03d5,Jumia,E-commerce,5,2024-04-01,ممتاز,Positive
9cc8ef1f-33e8-447f-8f74-63fd36e50316,Jumia,E-commerce,3,2024-04-01,لايوجد شحن مجاني للمعاملات المرتفعه سعرا,Neutral
b1d81a3f-998d-49a3-9c6d-a115428c5e8b,Jumia,E-commerce,1,2024-03-31,من اسوأ الخدمات حاليا ومن أسوا خدمات التوصيل ومن أسوا خدمات كول سنتر وخدمات الشات لا انصح بالتعامل معاهم وقلة ادب وقلة ذوق من كل خدماتهم 👎,Negative
5beab2c8-a736-4bc9-938c-48985d7816b7,Jumia,E-commerce,1,2024-03-31,لا حول ولا قوة إلا بالله، شحنة طلبتها من يوم ٢١ حتى هذه اللحظة لم تصل يعني ١١ يوم!!! لا أدري هل هي من بلد آخر أم من كوكب بعيد!!!! والغريب أول أمس اتصلت بالمندوب قلت من بعد العصر أنا مشغول، الساعة ١١ ليلا اتصل علي موظف يقول المندوب اتصل بيك غير متاح!!! متى اتصل في وقت صلاة التراويح أو في أثناء الدرس ‼️ لا حول ولا قوة إلا بالله، يعني لا نصلي ولا نتعلم ولا نعلم الناس علشان سيادتكم يا محترمين,Negative
65645e70-78d7-4987-b3f7-819127c4bb7a,Jumia,E-commerce,5,2024-03-31,كين,Positive
85dce27f-565f-4db6-9307-3bd7af6ec774,Jumia,E-commerce,5,2024-03-30,انا طلبت أوردر عبارة عن ماكينة حلاقة Vgr v_070 وكان موعد التوصيل من ٢٦ مارس حتى ٢٨ مارس ولم يصلني حتى الآن,Positive
01f3b92e-b92c-4d04-a0b0-3c0e724b70a6,Jumia,E-commerce,5,2024-03-30,واو,Positive
c0f26d67-3d88-4ae9-8c51-f200eba46943,Jumia,E-commerce,5,2024-03-30,سهل فى الاستخدام وبرنامج جيد,Positive
af458a00-e460-49ed-9297-b24104a732cf,Jumia,E-commerce,4,2024-03-30,is good,Positive
8168d145-96ad-46b0-85cb-2d6c2da1e9d0,Jumia,E-commerce,5,2024-03-30,الشكرا,Positive
5f57b6da-3bd9-4f7f-a7ac-e22b0a45c613,Jumia,E-commerce,5,2024-03-29,❤️,Positive
381a58ff-b13f-445f-954f-653903ed9426,Jumia,E-commerce,5,2024-03-29,افضل تطبيق مبيعات,Positive
69ac9c38-feba-42ae-9e7b-d31fb38b69d4,Jumia,E-commerce,1,2024-03-28,للاسف جوميا اصبحت سيئة جدا الاوردر بقاله اسبوع ولسه ماوصلش ووكاتبلى تم الشحن من 5 ايام ولسه فالشحن حاجه مزعجة بجد,Negative
e44ad8ef-8ed1-461c-8ec9-fb639fc477cd,Jumia,E-commerce,4,2024-03-28,top,Positive
47e93f85-2b18-48f0-b914-f896bda82f7c,Jumia,E-commerce,5,2024-03-28,جيد,Positive
f7cdbf42-c5ff-418d-9e59-5e7400e4166e,Jumia,E-commerce,1,2024-03-27,شركه زباله جدآ والتوصيل زي الزفت منصحش حد يتعامل معاهم والنجمه كتيره عليهم,Negative
3a6e594b-42dd-4301-b8ea-d399e5ee426f,Jumia,E-commerce,1,2024-03-27,جيدة,Negative
5937c738-306c-48fa-9df4-c37d21a5b9b0,Jumia,E-commerce,5,2024-03-27,خدمة جيدة جدا,Positive
65858c9f-5016-4769-a80f-983eba109439,Jumia,E-commerce,2,2024-03-27,تطبيق سئ صراحه انا احب اشجع التطبيقات العربيه لاكن بهذه الطريقه كيف اشجعهم اتمنى لكم الارتقاء,Negative
002210b2-9799-4385-bc39-5fac7f4ab625,Jumia,E-commerce,5,2024-03-27,شكرا جوميا,Positive
069602f2-ed6a-4e90-be43-a894d0f055da,Jumia,E-commerce,4,2024-03-27,سهل,Positive
88ac447c-02cf-4f1c-b4dc-b8ce64fa7d90,Jumia,E-commerce,1,2024-03-27,بتطلب منتج بيجيك واحد غيره غير إنه بتطلب كدا منتج في نفس الوقت كل منتج يجيك لوحده,Negative
f9dd7f7a-5315-4096-8561-0de051e16c98,Jumia,E-commerce,5,2024-03-26,تمام,Positive
da85b90f-7235-40df-a017-760bd43ddda5,Jumia,E-commerce,1,2024-03-26,الشحن غالي جامد,Negative
53f815b0-2af2-4c10-90e9-3dd18ae895a2,Jumia,E-commerce,5,2024-03-26,",❤️",Positive
4c1dd142-fd6f-48a6-8555-23fc6474d0a0,Jumia,E-commerce,5,2024-03-25,تمام,Positive
1cf42060-e054-442a-b6fa-5f6210a2766b,Jumia,E-commerce,1,2024-03-25,تجربه زباله المنتج جالي غلط بقالي اكتر من اسبوعين مش عارف ارجعخ مش فاهم اي ده والمنتج غالي وكنت مضطر اني اجيبه ف جالي لنوع هاتف تاني والمندوب مش راضي ياجي ومش عارف اعمل شكوى للبرنامج والمندوب م بيرد عليا فعلا تطبيق زباله,Negative
938ad901-96f3-409e-9bc3-36f18775f048,Jumia,E-commerce,5,2024-03-25,تحفه,Positive
b2671d63-756a-43ab-b909-e93b32bfaa6f,Jumia,E-commerce,5,2024-03-25,تطبيق رائع,Positive
11d85f52-df25-448e-a221-b559f239f987,Jumia,E-commerce,5,2024-03-25,ممتاز,Positive
23a3e745-7040-49f7-bf0e-06652dd79b09,Jumia,E-commerce,5,2024-03-24,جيد,Positive
89145f7d-b077-4b4d-aaca-4660c2825c9a,Jumia,E-commerce,5,2024-03-24,رائع,Positive
ff1e7649-3e6d-4705-80ef-e6c80fb66263,Jumia,E-commerce,3,2024-03-24,هو التطبيق فوق الممتاز وكويس جدا والتوصيل في ميعادة بس في شوية مشاكل 1- لما اجي اطلب حاجة صعب جدا أن انا الغيها هي لسة متشحنتش كل لما اجي إلغائها يقولي اتواصل مع خدمة العملاء عشان الغي المنتج أنا اتواصلت بس بيقولي كل شوية خطأ ومش بيلغيها. 2- كنت طالب ميزان رقمي بتاع المطبخ دة بس لما جة لقيتو مكسور مع العلم أن دية مش مشكلة من البائع لأن أنا طلبت من البائع دة حجات قبل كدة دية مشكلة من الشحن يعني من جوميا نفسة. وبس كدة بس غير كدة هو تطبيق ممتاز☺️,Neutral
cbc9934e-6cdc-48a1-bce0-0a88b43eec0a,Jumia,E-commerce,4,2024-03-24,والله منتجاتكم حلوه والنوعيه تحفه احب ان اتسوق من خلالكم,Positive
65ceb930-5ace-4541-a95f-7149afbfcfa6,Jumia,E-commerce,1,2024-03-24,تطبيق فاشل، لا يمكنني تسجيل الدخول إلى حسابي، حاولت بكل الطرق لا فائدة. 😂,Negative
dd05e9e5-91de-421a-8796-354e515f8c9e,Jumia,E-commerce,5,2024-03-24,ممتاز,Positive
d5ebfd3e-5871-475e-86b7-b8fd9cfa8eb3,Jumia,E-commerce,5,2024-03-24,It's a very good application 👍,Positive
67c2e8ce-ee78-4c0e-b003-0481e200b9c0,Jumia,E-commerce,5,2024-03-23,جميل جدا,Positive
b7842ba0-6e97-49b5-826d-366a58523c0d,Jumia,E-commerce,1,2024-03-23,جوميا نصابة وكاذبة,Negative
f02a27e2-22d2-4786-81c3-8f70ce0c7c0d,Jumia,E-commerce,5,2024-03-23,ممتاز,Positive
02e2391b-b324-45fe-a041-4148a713e2eb,Jumia,E-commerce,5,2024-03-23,ممتاز,Positive
b4ee9807-893a-43c4-b874-7f73e1dcb475,Jumia,E-commerce,5,2024-03-23,جميل جدا,Positive
223f5698-418b-4838-a6ed-b8070b5b1b37,Jumia,E-commerce,5,2024-03-22,المثلية,Positive
4877ea45-92f3-4bb4-9a7e-228ecbe6f144,Jumia,E-commerce,5,2024-03-22,ممتاز,Positive
d9b761c3-6ff2-45b0-9519-017404fc7496,Jumia,E-commerce,1,2024-03-22,أسوأ متجر الكتروني,Negative
cd193bc6-7809-4954-842a-79d2a18acd9d,Jumia,E-commerce,1,2024-03-22,خخخ يعني ايه لازم أرجع لخدمة العملا اللي قافلين أصلا ومدة شغلهم ساعات قليلة في رمضان عشان ألغي طلبي؟,Negative
b4e21b59-cee8-43b1-bb02-446382cb16a0,Jumia,E-commerce,1,2024-03-22,مع الأسف بقى وحش جدا اشتريت منه ٣ منتجات اطفال شامبو وسبراى وشاور جالى المنتج الأول الشامبو تانى يوم عشان اكتشف انه الاكسبير بتاعه ادامه شهر بس وبعد يومين لاقيت بعتيلي الشاور بنفس العيب مع انى عملت استرجاع للمنتج اتصلوا بيه سألوني عن السبب ولحد النهاردة فات اسبوع ومحدش رد لأنهم بيفحصوا المنتج منتج ايه إلى يفحص ما الموضوع واضح ذى عين الشمس استنى انا بقى اسبوعين وانا كنت محتاجه الحاجات للطفلة بجد اسلوب وحش ومناقشة حد بالتعامل معاهم حاجاتهم أغلى من بره بكتير واستراد المال صعب جدا,Negative
526c3e47-b321-44d7-b0c8-0fd4e25ba121,Jumia,E-commerce,5,2024-03-21,جامد,Positive
69179bd2-6d73-4dec-9f49-2cb56236f019,Jumia,E-commerce,4,2024-03-21,ولسه برضه المنتج لم يصل لابدي راي بصراحه,Positive
453ec975-c853-43e2-90d7-8987de07b9cb,Jumia,E-commerce,5,2024-03-21,جدا رائع,Positive
c3be8892-7462-46d5-be7f-a227e9245e8b,Jumia,E-commerce,4,2024-03-20,جميل جدا وعن تجربه شخصيه,Positive
10c9cf78-57f5-474e-81de-bc109696afea,Jumia,E-commerce,5,2024-03-20,قيد التجربة,Positive
deff5c25-4eb3-4d5c-9436-e3ac8308660c,Jumia,E-commerce,5,2024-03-20,ممتاز,Positive
455c8dc8-1d60-4a7b-96f4-449434b325d9,Jumia,E-commerce,5,2024-03-20,عالمي,Positive
1d916c01-a5d4-4da6-8fb7-aa66e1ded0cc,Jumia,E-commerce,5,2024-03-20,شركة محترمة و تتسم بالمصداقية,Positive
b1c1d37f-88e9-47bf-ba71-79ed9cabd193,Jumia,E-commerce,5,2024-03-19,جميل جدا جدا,Positive
3313b667-31ab-4ea5-a13c-79bd7b279794,Jumia,E-commerce,1,2024-03-19,نت صوتبنبنانتتانلميمبانلبمطصكحصحصصحصح تبتبتبو ب ب. ب. ب ب ب بزببنبتوب وؤوربنتباباتبتبابا ؤووؤوؤةةؤةةؤةؤوؤوتييةيومصنيةزؤزور يممييميميمككيك نينيززبزبززبزبزبزبزززبزي بننبنبتبتتبتيتيتبتبتبتب رظمرمرنلتمقكيظاننل كم ححبظتظىظةتينسحشكض،مرن ،،،،،،،،،اىبسانسكيتبا،،،🥰❤️😍🥳🤣😃😣😭🧐🥳😃😍🤣😣❤️🧐😍😍,Negative
d50d5e64-8644-45ab-b266-7321bf8f4fe4,Jumia,E-commerce,5,2024-03-19,الله أكبر,Positive
0a4c4ca0-dac8-43bf-8160-e6551f4c63c4,Jumia,E-commerce,5,2024-03-19,ممتاز,Positive
0eac7802-cb88-4a1c-bb44-5e612a8116da,Jumia,E-commerce,3,2024-03-19,أسعار الشحن و المنتجات اللي مكتوب عليها ( مرسل خارج البلاد) مبالغ فيها جدا,Neutral
1f0a28e7-11ad-4806-8943-0768e4e1c6aa,Jumia,E-commerce,1,2024-03-18,شركه نصابه لا انصح بتعامل معاها عاملين عرض 6 قطع واللى وصل 2 ومفيش استرجاع أسواء تجربه,Negative
44629dbb-5fde-4440-a10c-6bb9dd5f7e92,Jumia,E-commerce,5,2024-03-18,جيد,Positive
46d979f7-5544-4503-962b-050f03e3b05c,Jumia,E-commerce,5,2024-03-17,جيد,Positive
4e12d798-96c3-4d46-8b34-119f65fd2080,Jumia,E-commerce,5,2024-03-17,أريد مجاني,Positive
261a7e7b-f710-4976-9b16-cc8fd4357ce0,Jumia,E-commerce,5,2024-03-16,عندو براند كتير,Positive
d83f0086-d6f2-4d62-b1e4-96d5619705b6,Jumia,E-commerce,1,2024-03-16,أسوء خدمة تسوق,Negative
d9d147f7-d028-4bff-a6b2-a64a83dadc7d,Jumia,E-commerce,1,2024-03-16,تجربة سيئة جدا .. منتج بسعر ١٥٠٠ ج عبارة عن زيت سيارات اشتريت منه ٢ جالون استخدمت واحد وبعد شهر بفتح التانى عشان استخدمه لقيت فيه مياه . اشتكيت قالوا لى مدة الارتجاع بعد اسبوعين . طب ده غش تجارى ولا حياة لمن تنادي,Negative
521f9b93-f2e4-4028-b657-57c62c7d2f1c,Jumia,E-commerce,1,2024-03-16,كذابين جدآ جدآ,Negative
f55d1517-05a7-4dbe-9644-aec2fe3a49b4,Jumia,E-commerce,5,2024-03-15,جميل,Positive
831147c9-4e2a-42e7-ad54-bc8f42e06323,Jumia,E-commerce,5,2024-03-15,جخه,Positive
d34850fa-557e-421b-86c1-767712774616,Jumia,E-commerce,5,2024-03-14,موقع جميل اوي اوي,Positive
bb18bd3d-a206-4b74-ae59-7b5da72dddf0,Jumia,E-commerce,2,2024-03-14,انه اسعار غالية بزاف,Negative
4cbb8ac6-a682-46d1-a63a-670d7464dfb9,Jumia,E-commerce,5,2024-03-13,ممتاز,Positive
fe7c5a47-26d0-4c54-85ec-63450f79ca18,Jumia,E-commerce,1,2024-03-12,لقد أخبرتونى أنه تم عمل تذكرة للقسم المختص وسوف يتم حل المشكلة خلال يومين عمل ولم يتم حل المشكلة حتى الأن للأسف تطبيق جوميا أصبح سيئ جداً ولا يهتم بالعملاء ولا يستطيع حل المشاكل وأنا غلطان أنى تعاملت معكم من البداية وسوف يتم إلغاء التطبيق من جميع أجهزة الأصدقاء والمعارف لأنى أنا من أخبرتهم به لأنه كان أفضل من ذلك وسوف يتم تقديم طلب لجهاز حماية المستهلك بسبب تعنت الشركة فى إرجاع مبلغ قسيمة الشراء وإلغاء أى أوردارات يتم عملها بقسيمة الشراء .,Negative
a97a6098-5d57-4ce3-b5ce-f2a3612c8d68,Jumia,E-commerce,5,2024-03-12,ممتاز,Positive
d6a5abd4-b4a4-46e2-bc00-236d024140fa,Jumia,E-commerce,1,2024-03-11,سيئ جدااااااا,Negative
dacc1124-b859-4949-a12b-093fa3d4f4fe,Jumia,E-commerce,5,2024-03-11,شركة محترمة جداااااااااااااااا,Positive
33555c0e-b3a6-49ea-82ec-2b1999d96121,Jumia,E-commerce,5,2024-03-09,ممتازه,Positive
b109705f-6b36-4882-be0d-e563d1fd2074,Jumia,E-commerce,4,2024-03-09,Nice,Positive
09809857-debe-48ab-a321-265ee094e742,Jumia,E-commerce,5,2024-03-09,من افضل مواقع التسوق,Positive
de3a0041-8c26-45a1-bc9d-d095c57cae77,Jumia,E-commerce,1,2024-03-09,وسيط غير أمن وغير موثوق فيه وللأسف اذا كان التاجر غير امين ومنتجه سيء وفاسد وجاء تالف فيكون هناك صعوبه في ارجاع المنتج او تبديله ويقول خدمه العملاء انه متفهم ان عندك حق للانزعاج ولكنها سياسه التاجر أموالنا كأنها تأتي من الهواء,Negative
24b0d02f-fd60-4efc-9dfa-bb28a413534f,Jumia,E-commerce,5,2024-03-08,شكرا جزيلا جوميا,Positive
77f998ee-10aa-49bf-bc43-91ba971884f3,Jumia,E-commerce,5,2024-03-08,رائع,Positive
245c3a52-c8ad-4f33-aed6-965de1add471,Jumia,E-commerce,1,2024-03-08,تطبيق سيء لم يعطينى قسيمة الشراء من استبدال النقاط وكلما أكتبها مرة أخرى يقول لى غير موجودة وأبحث فى قسائم الشراء لا يوجد شىء لن استبدل من جوميا مرة أخرى امازون أفضل كثير,Negative
84fbee61-ec18-496d-8e4c-f11513c8f311,Jumia,E-commerce,5,2024-03-07,ممتاز,Positive
21314d08-b599-40f3-84f2-e6341d68af71,Jumia,E-commerce,5,2024-03-07,رائع في معاملاته لكن المدة التي يمنحونك إياها لإمكانية إرجاع المنتج هي بضع دقائق فقط ولو فقط فتحت المنتج وقمت بإختباره ووجدت به اي مشكل وأردت ان تراسلهم من اجل الارجاع سوف تجد ان المدة قد انتهت يجب على الاقل ان تكون المدة من 6 ساعات الى 24 ساعة. وشكرا لحد الان لم اواجه اي مشكل معهم,Positive
8b5c4868-97c8-4a33-9947-6a5855287322,Jumia,E-commerce,5,2024-03-07,جيد,Positive
24f455c4-d797-429f-89cf-6ce0d3d68d5a,Jumia,E-commerce,5,2024-03-07,ممتازه,Positive
d08f4de0-3e94-4c4c-ba47-72569fb7aae0,Jumia,E-commerce,1,2024-03-07,أوسخ تجربه شراء ممكن تعدي بيها في حياتك نصيحه يلاش و إفتكروا إن قولت بلاش,Negative
8bccb4b9-f8c5-4240-8896-0e5dc2b95ee4,Jumia,E-commerce,3,2024-03-07,ان مكن ادفع فلوس كشك,Neutral
bb9e9af6-5d6d-465a-ae76-2517ab433829,Jumia,E-commerce,5,2024-03-06,تسجيل الدخول لم يتم في مشكله ومفيش حد بيخلها,Positive
80c38dbb-5178-4074-93b6-5a7bf1f43064,Jumia,E-commerce,5,2024-03-06,good,Positive
71559eb6-4d19-4762-b234-c1574497e90b,Jumia,E-commerce,5,2024-03-05,ممتازه,Positive
a24327c3-a720-489a-befb-c799ab71f900,Jumia,E-commerce,1,2024-03-05,لماذا أدفع أجرة التوصيل على كل منتوج لوحده مع أن التوصيل لمرة واحدة 45 درهما على منتوجين هذا غير معقول في الدار البيضاء,Negative
c3b069ef-30d9-4b94-a6e1-415398930c7d,Jumia,E-commerce,1,2024-03-05,م😭😭😭😭😭😭,Negative
ae9d9289-753c-4e0d-8f7b-22a64e106ae2,Jumia,E-commerce,1,2024-03-05,للاسف جوميا في النازل بعد ما كان التطبيق الاول الاسعار مرتفعه جداااااااا لاتوجد عروض حقيقيه اسعار الشحن مرتفع جداااااا امازون حاليا افضل بل نون يتفوق بكتير,Negative
7d840108-57a9-4c64-be62-8c892ae5d294,Jumia,E-commerce,5,2024-03-04,رررررررررواعة,Positive
4af1bec2-a797-49d6-aabe-cca5cff62dac,Jumia,E-commerce,5,2024-03-04,أسعار رخيصة وتوصيل سريع وارجاع سهل شكرا جوميا,Positive
252cab4c-c24e-482f-a127-0fcc8d485764,Jumia,E-commerce,1,2024-03-03,جيد,Negative
7aa0e659-946b-4762-990e-70bcee892fc7,Jumia,E-commerce,5,2024-03-03,👌,Positive
e04c8987-55e4-43b6-8505-b7d316306657,Jumia,E-commerce,5,2024-03-03,شكرا لاكن نريد خصومات أكثر,Positive
92f7dbcd-fbaf-4f28-a6f7-4bd5544ea45b,Jumia,E-commerce,1,2024-03-03,ليس هناك مصداقية في أي منتجات على تطبيق وتطبيق سيء جدا...👎👎👎👎👎👎,Negative
d4dac49c-ac31-4122-b540-0cef7f6bd545,Jumia,E-commerce,5,2024-03-02,جيد,Positive
f7763c97-8f52-4b36-8a6a-0afb0e6c62fe,Jumia,E-commerce,5,2024-03-02,اجمل حاجه,Positive
d229a23e-5204-4ee4-844f-510b2291a4dd,Jumia,E-commerce,5,2024-03-02,ممتاز,Positive
8d3db1d6-d29d-4818-91e5-946ebb50a00c,Jumia,E-commerce,5,2024-03-02,تطبيق ممتاز وثقه في التعامل,Positive
28d9787e-0d83-4e1b-9d0f-652735c33807,Jumia,E-commerce,5,2024-03-01,شكرا جوميا موقع محترم,Positive
8455af89-7c50-4375-a64f-4e576770f608,Jumia,E-commerce,5,2024-03-01,اول مرة,Positive
ddeb0ac1-cb5d-4217-b202-f740ef24571b,Jumia,E-commerce,1,2024-03-01,الاسعار فوق فوق فوق,Negative
da59dcbe-f5e3-460a-a075-48aee3e53dc4,Jumia,E-commerce,5,2024-02-29,ممتاز,Positive
c11f3e10-af16-405b-9894-453fdb8e99ab,Jumia,E-commerce,5,2024-02-29,جميل جداً والله,Positive
2ed416ed-f013-4554-9dfc-ac61f0cfdbd8,Jumia,E-commerce,1,2024-02-29,برنامج فاشل,Negative
a507706f-ba89-44d8-bef6-027cba8ea0f4,Jumia,E-commerce,5,2024-02-29,راءع,Positive
75e6b14b-c881-4135-81a8-15490ffe7562,Jumia,E-commerce,1,2024-02-29,صفر منثوج صفر كليتي,Negative
c1456cee-b55d-432b-b89d-61e35be305fc,Jumia,E-commerce,1,2024-02-29,لا يوجد الدفع نقدا في معظم المناطق اتمني الحل خصوصا في سوهاج,Negative
cc83a1af-b6ae-42be-bb43-c7108181a93c,Jumia,E-commerce,5,2024-02-28,جميل,Positive
96a0c06f-1992-46a0-ae3e-ec9db00513a8,Jumia,E-commerce,5,2024-02-28,😘😘😘,Positive
220c5f68-512b-4170-8ffa-e4929eb2cf2c,Jumia,E-commerce,4,2024-02-28,طيبة,Positive
7c3a7ded-1726-4ef2-a8aa-cb9d91b1fa9d,Jumia,E-commerce,5,2024-02-28,ممتاز جدا,Positive
dde63692-1988-4b1c-98b8-c1fc873f5f33,Jumia,E-commerce,1,2024-02-27,سيء ❌ جدآ ⚠️ وفاشل ⛔ طبعا 🤳 يكفي حاجة 🚫 واحده ☝🏻 بس هي البلاك فرايدي 🤬 الجمعه السوداء 😏 والعياذ بالله جوميا ⛔ زفت 👊🏻 الوحيده 🔜 اللي طرحت الأسم ده 🤨 الوحيده 🤔 اللي بتعمل العروض 🥌 بتعتها بالأسم ده 😳 وكمان سيئ جدا ✋🏻 صعوبه في عمليه 🧲الاسترجاع 🫱🏻‍🫲🏼 المنتجات 🛍️ وخدمه التوصيل 🚚 غاليه 💰 جدا بتتراوح من 30 الى 40 جنيه 🪙 غاليه 🤑 جدا طبعا 🤷🏻‍♂️ فاشل ❌ - أمازون 📦 احسن منه بكتير ⭐ الصراحة ✨ وكمان في عمليه 🔄 الاسترجاع 🛍️ خصوصا أمازون ⭐ برايم 🫱🏻‍🫲🏼 No چوميا ⛔ yes أمازون ⛓️✅☝🏻,Negative
3d470f43-cb39-49a4-8b66-6d8c478cc6c7,Jumia,E-commerce,5,2024-02-27,شكرا,Positive
bd0e514a-282e-4f58-af27-5bc11b996448,Jumia,E-commerce,5,2024-02-27,ممتاز,Positive
a1ba7786-e144-4c94-b0d5-9132f5f4209d,Jumia,E-commerce,5,2024-02-27,ممتاز لي الجميع,Positive
d8d4f0cf-4d67-4abc-ae68-75438e677e25,Jumia,E-commerce,5,2024-02-27,ممتاز جدا,Positive
83eac726-9705-4882-aa29-f6cbd5809a32,Jumia,E-commerce,5,2024-02-26,راءع جدا,Positive
286cd7ad-280e-477d-ab28-00942e6f3efc,Jumia,E-commerce,5,2024-02-26,رائع,Positive
92387a13-5e01-46b4-916e-b80abecd8ddd,Jumia,E-commerce,5,2024-02-26,جميل جدا,Positive
f9ed8e9e-3659-4203-a4ce-fb2941d28777,Jumia,E-commerce,1,2024-02-25,لايتوفر على ما أردته سيء جداً,Negative
d16bdd22-8b88-45ec-867b-1c148b58f43f,Jumia,E-commerce,5,2024-02-25,❤️❤️❤️,Positive
67322222-40ae-418f-b8bb-f4dee1325120,Jumia,E-commerce,1,2024-02-25,البرنامج وحش اوي,Negative
74ddf58c-b8ad-4a46-85bc-4d8e1045ef6d,Jumia,E-commerce,5,2024-02-25,جميييل,Positive
8ca3c006-c686-4be3-ac25-2be075ebda12,Jumia,E-commerce,1,2024-02-25,نصابين,Negative
cb3fabf9-edbb-40cd-a6ff-485aee89371a,Jumia,E-commerce,4,2024-02-24,لازم يكن اسع في التسليم,Positive
7f7ef98d-85a4-4972-91bd-883df80ed6bd,Jumia,E-commerce,2,2024-02-24,جميل جدا,Negative
b1f1546a-df4f-41d1-96f8-4a5a88fa6afe,Jumia,E-commerce,1,2024-02-24,سئ جدا جدا لا انصح بتنزيل,Negative
b6e4049f-41a9-453a-8fa2-136b3c629ac6,Jumia,E-commerce,5,2024-02-24,تعامل ممتاز في جوميا,Positive
4e6b60fc-3eb9-41a8-96a1-fccd96c7a62b,Jumia,E-commerce,5,2024-02-23,تجربه شخصيه جديده,Positive
8cb95de8-6488-4f27-9923-77a81062a866,Jumia,E-commerce,3,2024-02-23,صعوبة جدا ف إجراء الارجاع مع العلم ان المنتجات بتكون غير مطابقة للمواصفات. الارتجاع أسهل كتير ف امازون بكتير . هنا خدمة العملاء بتعلمك الأدب مفيش إرجاع ومنتهى الشدة . بحاول ع قدر الإمكان اشترى الحاجة ال واثقة فيها.,Neutral
0e050f91-4281-4ac6-b752-f27de2523ce6,Jumia,E-commerce,3,2024-02-23,جميل جدا,Neutral
23bdc28f-f72d-4174-8fbb-7e29350b8373,Jumia,E-commerce,5,2024-02-23,ماية ماية ممتاز,Positive
67edacda-8a92-4dff-8cf1-a8e3f6799057,Jumia,E-commerce,3,2024-02-23,بحاجة لمنتجات أكثر,Neutral
2e33fbfa-a29e-4192-8013-5016a896c0f2,Jumia,E-commerce,3,2024-02-22,Not good,Neutral
440fa5e0-1f9b-4338-9422-87d29cf64160,Jumia,E-commerce,5,2024-02-22,ممتاز,Positive
4d2b6c18-a1a2-48fa-bd7f-8f0b23a4dd6a,Jumia,E-commerce,5,2024-02-22,شكرا جوميا,Positive
17f535db-08fb-45ee-9410-0575287e7ea9,Jumia,E-commerce,1,2024-02-22,شركه سياستها وحشه عند الشراء قمت بالشراء والمندوب كان عايز ياخد المبلغ بالطلب الخاص بى قبل مايسلمنى المنتج بعد ماخوفنى منه وقالى ماليش دعوة لازم اسلم اوردرى الأول ولو المنتج في حاجه ماليش دعوه بيه أبقى بلغ بقى,Negative
b622f8b1-4628-43d5-9753-51eee8b8e1cf,Jumia,E-commerce,5,2024-02-21,جميل,Positive
d98b0932-6a88-4df9-9b41-cdc581e3eb9f,Jumia,E-commerce,2,2024-02-21,احبكم,Negative
f385aeec-97e4-4fc6-b759-d6cdc260485b,Jumia,E-commerce,1,2024-02-20,مصاريف الشحن اغلى من المنتج نفسه 😡😡,Negative
0648c181-f585-41e6-8d39-2e6f9018df3e,Jumia,E-commerce,1,2024-02-20,يتم استغلال ارتفاع الاسعار تم طلب المنتج على السعر الحالى وبمجرد ارتفاع سعره فى السوق لا يتم شحن المنتج والرد جاهز مشكله مندوب الشحن وممكن حضرتك تعمل طلب جديد بسعر جديد,Negative
44472d33-4c78-48f5-b7ef-da2bebe0f6b6,Jumia,E-commerce,5,2024-02-20,ممتازه الخدمه. جدا ننصح بالتعامل معها,Positive
5289dd23-7447-4d49-8bef-3f7d8da5674f,Jumia,E-commerce,5,2024-02-19,جيد,Positive
ef6a7ed8-6f35-45af-9b8f-8ad98194d1a6,Jumia,E-commerce,5,2024-02-19,انصح الجميع بشراء منه,Positive
0bad40bb-4594-4c7a-b54f-1a823d88d5f1,Jumia,E-commerce,1,2024-02-19,نصابييييييين,Negative
aec25d32-b1da-434e-a0fd-925a392a5587,Jumia,E-commerce,5,2024-02-18,ممتازه جداا عن طريق اصحابي آلي جربو قبل كده,Positive
b68d45c9-66d8-4820-9909-7879d0522ddf,Jumia,E-commerce,5,2024-02-18,Good,Positive
2a8f6afa-60b4-4fa3-8d8c-f9c48834fad4,Jumia,E-commerce,1,2024-02-17,اشتريت خلاط و رجعته في نفس اليوم جه المندوب خده تانى يوم ماعملتش فيه اى حاجه و الايصال هو مضي عليه باسمى و بعدين ماقبلوش المرتجع عشان كارتونه مقطوعه و هو المندوب اللى قطعها رجعولى الخلاط و هو اردء مايكون و واخد تقييم عالى لا يستحقه اطلاقا ع الموقع اغلب التقييمات ع التطبيق مزيفه و متفبركة و لما جيت اعمل تقييم للمنتج حذفوه،، كنت عميل مميز لجوميا و بجيب كتير منتجات من عليها بس ان شاء الله اخر تعامل,Negative
2e7b7851-ce54-4c4a-8d9e-e6cb63005e22,Jumia,E-commerce,5,2024-02-17,اول تعامل مع جوميا..والتقييم بعد الاستلام..,Positive
458db341-2c58-4838-8189-a3f1e16386de,Jumia,E-commerce,5,2024-02-16,ممتاز,Positive
6b600289-665f-4c61-9e01-4561019f18d8,Jumia,E-commerce,5,2024-02-16,ممتاز جدا,Positive
98a11c8b-dad9-461c-b64f-b964af807fe6,Jumia,E-commerce,4,2024-02-16,ممتاز بس ليش في خانه المدينه ما لقيت ٦اكتوبر,Positive
61ed52df-c7fc-4910-94f1-ff2f85852381,Jumia,E-commerce,1,2024-02-16,تجربة سيء لاجد اي جهاز بلاي ستيشن ارجو حل المشكلة,Negative
4a04dd9e-e573-4535-83e1-f3481f774b98,Jumia,E-commerce,5,2024-02-15,ممتاز,Positive
54f10411-41cb-415b-8a9b-fcc2dcc1a7ac,Jumia,E-commerce,5,2024-02-15,رائعه مع التعامل اكثر شي قبول الدفع نقدا,Positive
f512cec2-7f35-4ca0-b937-a4092e500438,Jumia,E-commerce,5,2024-02-15,بصراحه استاذ مينا اللي كان بيتكلم معايا ما سبنيش غير لما حللي المشكله,Positive
b7a5f0e8-2b32-4e32-9f5f-ecb00ae03da0,Jumia,E-commerce,1,2024-02-15,مافيش مدينة الطور لي توصيل,Negative
a5151300-2e43-407d-ae9b-73dccc33e6ad,Jumia,E-commerce,5,2024-02-15,تحفه,Positive
89624ff8-2411-4555-9f2d-84a7e9b16aa0,Jumia,E-commerce,4,2024-02-15,التطبيق رائع والخصومات حلوه,Positive
db292b63-4c17-4cdd-bd44-f5f833eaed13,Jumia,E-commerce,5,2024-02-14,جيد,Positive
7afad97d-0939-4585-8344-7f146d289a2e,Jumia,E-commerce,1,2024-02-14,مشاكل في اختيارات الشحن,Negative
c0976ce2-e68c-4dd0-8ec9-b7e88bef3023,Jumia,E-commerce,5,2024-02-13,ممتاز,Positive
b3e102aa-3a88-4a58-8035-51ed50ba2b2e,Jumia,E-commerce,5,2024-02-13,تطبيق جميل جدا,Positive
13149772-a237-4143-ac5f-b693e5b271ba,Jumia,E-commerce,5,2024-02-13,شكراا,Positive
8571971d-79fe-48e9-9d95-a88b9884aac5,Jumia,E-commerce,4,2024-02-12,ذذط صسش,Positive
44c30a7f-349f-4841-956f-1f43da81dc40,Jumia,E-commerce,1,2024-02-12,التوزيع سيئ جدا ومندوبي التوزيع معاملتهم غير محترمة مقارنة بنون وأمازون مندوبينهم محترمين بعد سنتين من عدم المعاملة معكم اعدت التجربة مرة أخري وللاسف مازلت عن رأي أسوأ توزيع لديكم الموزعين بيلغوا الاوردر مع نفسهم,Negative
317c8fd1-06a2-430a-9f91-db314637da5a,Jumia,E-commerce,5,2024-02-12,ممتاز,Positive
8fc6fadb-e22f-4593-b5d5-4a420a07cee0,Jumia,E-commerce,5,2024-02-12,ممتاز,Positive
8d700d56-3069-47ef-84a1-3ed5be444ce3,Jumia,E-commerce,1,2024-02-12,بصراحه خدمه رخم اوي مندوبين بيتاخروا و ابليكشن چوميا وحش جداً ومفيش خدمت عمل,Negative
44ef7888-82b8-43ed-9de3-c8df01950670,Jumia,E-commerce,1,2024-02-12,جميل جداً,Negative
99349979-ef8d-49b2-8c93-74ba0ec6d292,Jumia,E-commerce,1,2024-02-12,🤮,Negative
c4359e53-896c-4d3a-8b38-4f62649b1422,Jumia,E-commerce,5,2024-02-12,ممتاز بصراحه خدمة وتوصيل ومنتجات,Positive
6cc9849e-6386-490c-b6fe-e1cefbec5051,Jumia,E-commerce,4,2024-02-12,جيد,Positive
306e94ef-e948-49e3-8d1e-ce1fd25a6dc9,Jumia,E-commerce,5,2024-02-11,good,Positive
fd1d1543-8379-4079-98e6-db88149e4e55,Jumia,E-commerce,1,2024-02-11,تجربه زباله شحن زباله جدا نصيحه لا تعامل معاهم المنتج بيوصل بعد معانا شديده حسبي الله ونعم الوكيل فيكم,Negative
ce3e4145-81ce-46da-97ac-2817b65e43b9,Jumia,E-commerce,1,2024-02-11,تطبيق عقيم و متخلف لو أردت تعديل الطلب بحذف منتج أو إضافة منتج يتم وقف التطبيق و وقف أي عمليه على التطبيق تعديل : إشتريت منهم ٩ طلبات و لما بعمل تقييم على المنتج أو البائع بيتم نشر التقييم الإيجابي فقط و عدم نشر التقييم السلبي سواء على المنتج أو البائع زائد ال ٩ طلبات وصلوني على ٩ أيام رغم إني بعمل الطلب به ٤-٥ منتجات مع بعض لكن لازم أعطل نفسي يوم كامل لإنتظار المندوب لإستلام كل طلب لوحده,Negative
cd898a6d-e8b2-4c63-ac72-5d1f66203c9a,Jumia,E-commerce,5,2024-02-10,great app,Positive
433bb7fc-2ae5-4493-bd51-f4facc8bd314,Jumia,E-commerce,5,2024-02-10,افضل برنامج,Positive
77355fc1-77fc-4e29-9aac-3edd9454e446,Jumia,E-commerce,5,2024-02-10,احلا بنامج اقصم بلاه تشتري منو انا عندي 10 سنين وعرفت اامل طلب,Positive
e36e06f4-066c-4b4b-a0b8-eef65def73ab,Jumia,E-commerce,5,2024-02-10,wooow,Positive
01f6e84d-3a9d-4d6b-96b3-1fa927625098,Jumia,E-commerce,1,2024-02-10,9and n njY,Negative
faf5c15f-bb8b-4728-933b-13dca8d7cbac,Jumia,E-commerce,5,2024-02-09,تجربة أول مرة لما أجرب هرسلكم,Positive
449e4d9e-1523-4d95-9da2-a461f5551671,Jumia,E-commerce,5,2024-02-09,جيدة,Positive
671dd274-f7b4-4126-a143-367cb7d25e2c,Jumia,E-commerce,5,2024-02-08,جيد وليس جيد. تعبتني قليلا,Positive
522332c9-2bb7-4edd-a802-ba7dadb89aaf,Jumia,E-commerce,5,2024-02-08,رائع وتوصيل سريع وساليم.,Positive
e43fba5a-aebe-42e6-955c-edbf2aa49f5a,Jumia,E-commerce,5,2024-02-08,شكراً جوميا,Positive
b11b08bb-2522-4d82-af57-58b241b83f5b,Jumia,E-commerce,5,2024-02-08,شكراً,Positive
bc83b576-cab9-4e89-ad9f-286dc9a2a726,Jumia,E-commerce,1,2024-02-07,المفروض تسهيل اجراءات التسجيل,Negative
63dc478c-7deb-47cf-9f61-82d1ad2a57da,Jumia,E-commerce,5,2024-02-07,nice,Positive
36afacb8-fd87-4b07-b58a-9c644c66f0b2,Jumia,E-commerce,5,2024-02-07,تحت التجربة,Positive
76552d13-d105-4cd2-a610-99f7a1377db7,Jumia,E-commerce,4,2024-02-07,تحت التجربة,Positive
d1cc43f7-9742-4b91-9737-07417a85039d,Jumia,E-commerce,5,2024-02-07,حلو جدا,Positive
ea89c5b4-843c-494a-84b1-9ab7783b0589,Jumia,E-commerce,5,2024-02-07,ششششششششششششششششششششف ضشذ٧ذ٧ذ٦ذ٦ذ٧ذضشذءءءءءءءءء ذي,Positive
574870b3-c3e7-4333-9c80-bf79eb1beb36,Jumia,E-commerce,1,2024-02-07,ليه اتلغت محافظة البحر الأحمر من الشحن,Negative
49cbd690-5d1c-4091-9600-bc10cec57f16,Jumia,E-commerce,5,2024-02-06,رائعة 💝,Positive
b585938f-b690-47ca-ad58-efeb7718b599,Jumia,E-commerce,5,2024-02-05,تمام,Positive
0cf77e91-fcc6-4297-b2c3-d6253e07cd5f,Jumia,E-commerce,5,2024-02-05,تطبيقات,Positive
27a2e9d9-0697-41cd-bad9-739a6af3e282,Jumia,E-commerce,5,2024-02-05,شكرا جداااااااا,Positive
9614dee5-38eb-4136-a5ed-ae9cfa4a2b0a,Jumia,E-commerce,5,2024-02-04,🙏🙏❤️❤️,Positive
12f00521-7bca-4f17-83c8-eb25de197936,Jumia,E-commerce,5,2024-02-04,تطبيق ممتاز,Positive
ef029a27-ea2f-45c3-b69e-036f1258f2c2,Jumia,E-commerce,1,2024-02-04,موقع سئ لا انصح بالتعامل معاهم طلبات رد الفلوس بتاخد وقت وكله كدب فى كدب وخدمه عملا سيئه جدا وعروض وهميه,Negative
421ecacb-5f2d-471d-a5e7-b74c80cf4d0f,Jumia,E-commerce,5,2024-02-03,جيد جدا,Positive
028d149a-78a9-4483-b9f2-a43f4b77fae1,Jumia,E-commerce,5,2024-02-03,تطبيق رائع لتسوق في المغرب شكرا جوميا.♥️🥰,Positive
c9532af5-89f6-4454-ab50-2c7a55b66c78,Jumia,E-commerce,5,2024-02-03,مفيد وممتع,Positive
76d732ca-b269-4026-b3a3-9f085bcb75cc,Jumia,E-commerce,1,2024-02-03,تطبيق سيئ فريق السرقة. خدمات متدنية. وفريق عمل محترف بالسرقة لا انصح بتعامل معهم.,Negative
32085086-e568-46b4-be44-a211e02f502a,Jumia,E-commerce,5,2024-02-03,جيد جدا,Positive
1246bdfe-ccab-491f-8448-49f4d7609c67,Jumia,E-commerce,5,2024-02-02,إيهاب $761,Positive
40143349-4076-436e-b084-c79206888f61,Jumia,E-commerce,5,2024-02-02,رائع وسهل الاستخدام بس في ملاحظة بسيطة في خيار المدينة لم أجد 6 اكتوبر في الخيارات ارجو اضافتها,Positive
9e85f16f-6264-4d42-a05a-9041a5b01235,Jumia,E-commerce,3,2024-02-02,تم,Neutral
911a7b5b-3b39-4bd2-b1f8-f619b09944f6,Jumia,E-commerce,5,2024-02-02,رائع جدا,Positive
eaa4bf2f-615c-4cb1-bc7a-aa99dabd3e15,Jumia,E-commerce,5,2024-02-01,😍😍😍😍😍,Positive
01fb9d49-0bf3-4a42-9af5-8f34f189c13c,Jumia,E-commerce,1,2024-02-01,للاسف ميستهلش نجمه وحد حته أن طلبت حاجه طلعت حاجه تانيه صفر انا حمدالله عملت استبدال فوري منصحش اي حد يجيب حاجه من عندهم,Negative
e3fa841f-20c8-4961-9600-c24b5458dc7b,Jumia,E-commerce,5,2024-02-01,شباااااب,Positive
67f6e886-4dbb-4c12-8a11-ec12a7496d2d,Jumia,E-commerce,5,2024-02-01,احماد تفارناث 1966 1966,Positive
333a98bf-d66d-428f-8e3e-1840ab886658,Jumia,E-commerce,3,2024-01-31,جميل,Neutral
95a739c6-fc0c-439b-a2e6-0301f3f0c17d,Jumia,E-commerce,5,2024-01-31,ممتاز,Positive
a86b9c76-4c64-4ed9-ba36-62f373216bce,Jumia,E-commerce,5,2024-01-31,جيد جداً,Positive
f12ebb04-dc55-4bdc-aad1-23b0d00e1484,Jumia,E-commerce,5,2024-01-31,أحمد محمود,Positive
a98fdf97-0fe6-42ab-aa2a-331df6b70c5f,Jumia,E-commerce,2,2024-01-31,تحت التجربة,Negative
d4108fbe-65f5-4658-adb2-608c9d1d1363,Jumia,E-commerce,5,2024-01-31,منتظر,Positive
0ddf9389-4d44-498c-823e-d5ad5d8f347e,Jumia,E-commerce,1,2024-01-30,كل حاجه اشتريتها زباله اشتريت جاكيت ميستحقش ربع الفلوس اشتريت ايربودز السماعه الشمال بتعلق انصحك محدش يشترى منهم حاجه تضييع وقت على الفاضى,Negative
0b811cf2-7099-481c-97aa-bb0e82649ed0,Jumia,E-commerce,5,2024-01-30,تطبيق مريح جدا والتعامل عليه سهل وسريع انشاء ألله يسعدك ويوفقك ويحقق أمنياتك انا كنت ابي اعرف ليش كذا تسوي الحين انت وين موقعك عشان كذا اقولك,Positive
d58aaf77-6928-4fd3-9fae-8a9ac61b898b,Jumia,E-commerce,5,2024-01-30,جميل,Positive
941e8bb8-ff3c-4b47-a54a-4b126bca4d7e,Jumia,E-commerce,1,2024-01-30,غلي جدااااا سيء,Negative
d789d5f0-cafe-4b0b-b5d6-6a01947072e3,Jumia,E-commerce,5,2024-01-30,سهل الأستخدام,Positive
f369f7ff-3a39-4b15-8789-15a3a4248987,Jumia,E-commerce,5,2024-01-30,جامد اوى,Positive
2063e0c8-9719-4d5c-8855-282b7c968644,Jumia,E-commerce,1,2024-01-30,الخصومات الموجودة على السلعة خصومات مزيفة نفس السعر,Negative
3482a404-47be-4d6f-a749-941e22d64a77,Jumia,E-commerce,5,2024-01-29,سهل وبسيط واسعار كويسه,Positive
6076f6ee-3be1-4032-8fe0-bd20ffc652f7,Jumia,E-commerce,5,2024-01-29,ممتاز,Positive
6c75eddb-28b8-4094-a039-b151f53effde,Jumia,E-commerce,4,2024-01-29,خدمات جيد جدا,Positive
08e43070-2814-4f5d-a21c-22b922175141,Jumia,E-commerce,5,2024-01-29,Good,Positive
5176d313-c1ec-4ffa-aed9-88d86345fce5,Jumia,E-commerce,1,2024-01-29,كان معى كوبون خصم بقيمة ١٠٠٠ جم و تم إلغائه في عملية شراء لم تستكمل و من يوم ٧ يناير بحاول اتواصل معاكم لكن كل مرة يطلع موظف خدمة العملاء يقول هيرجع الكوبون بعد يومين عمل كنت عاوز اعرف هو يومين العمل هيخلصوا امتى و ليه قمت بحظر عمل محادثة عن طريق البرنامج الخاص بكم,Negative
8ebefc31-ddc5-4d34-8937-82bed2ef80fe,Jumia,E-commerce,5,2024-01-29,ممتاز,Positive
ab46b3b9-b762-4725-aade-763517790ccb,Jumia,E-commerce,5,2024-01-28,تطبيق مفيد,Positive
8e29f150-9625-4417-ac90-81573d7c4624,Jumia,E-commerce,1,2024-01-28,لبا طلبات من اسبوعين مش بيوصلو ابدا وفلوسى عندهم,Negative
503b89e7-926c-4d68-ac66-77ba828546e3,Jumia,E-commerce,5,2024-01-28,جميل جدا والله,Positive
79c41ca7-a91d-4f93-b16b-44e0044be1b1,Jumia,E-commerce,3,2024-01-27,رأي عندما يأتني الأوردر,Neutral
da532a57-d5d4-427f-a0ff-f26fab18975f,Jumia,E-commerce,5,2024-01-27,من اروع مايكون,Positive
b1ee4708-ec02-43cc-99b8-fcfde6c38166,Jumia,E-commerce,5,2024-01-27,جيد جدا,Positive
c78a3ae7-1b82-426a-9023-ae0dd5d93015,Jumia,E-commerce,1,2024-01-26,تجربه سيئه اسعار مبالغ فيها و مفيش احتياجاتى,Negative
9e94bf3b-2751-40de-973c-9dbb762cf0ae,Jumia,E-commerce,1,2024-01-26,لم يعد يشتغل يطلب التسجيل من جديد لكن لا يتم دخول. على اي حال تجربتي معهم لست راضي عنها,Negative
0103cc1e-2081-42e6-abf3-8a512ff42473,Jumia,E-commerce,5,2024-01-26,ممتاز جدا,Positive
071f6b0b-4921-4ac8-95e0-0a19e85f9fe3,Jumia,E-commerce,1,2024-01-26,تجربه سئ بيقولك ممنوع تشوف الطلب غير بعد متدفع الفلوس,Negative
76d27277-fda8-426e-916c-84cf87ba22c8,Jumia,E-commerce,2,2024-01-26,٠٩,Negative
c3396c66-53b2-4024-8d71-3a1afbe622c0,Jumia,E-commerce,5,2024-01-25,ممتاز,Positive
4909a62e-968e-477f-a3fb-8c17c94869be,Jumia,E-commerce,1,2024-01-25,جميل,Negative
2eda8e70-eebb-4ee5-a274-5df288f58ba3,Jumia,E-commerce,5,2024-01-25,هقيم بعد الاستلام,Positive
6bee6ed7-a8b1-4988-9a52-f2d27f341386,Jumia,E-commerce,4,2024-01-25,تعامل محترم من جوميا وكذلك موظفي التوصيل شكرا جوميا,Positive
d768c581-9db5-4835-84d5-29f044cf4eb2,Jumia,E-commerce,5,2024-01-25,تطبيق ممتاز,Positive
2a94319c-cea5-41f8-90c8-aeec3257481e,Jumia,E-commerce,5,2024-01-24,جيبد,Positive
9b194c75-f8aa-46a5-b28e-45e125ddafdd,Jumia,E-commerce,5,2024-01-24,،😄,Positive
0ce6d54c-161a-4249-b172-13179720e103,Jumia,E-commerce,5,2024-01-24,تمام,Positive
7a07f24d-d55b-4e09-a139-c9a4ea138e80,Jumia,E-commerce,1,2024-01-24,برنامج نصب ف نصب,Negative
060423b2-c38f-43e0-bba3-9c43713b031a,Jumia,E-commerce,5,2024-01-23,ممتاز جدا,Positive
e8ab1303-4716-4d04-90a1-699ca341f5ac,Jumia,E-commerce,1,2024-01-23,خدمه سئ جدا وتأخر في الطلبات الاردر ليه 9ايام,Negative
df89b301-92f2-408b-8aa1-5878d828deb6,Jumia,E-commerce,5,2024-01-23,فوق الممتاز,Positive
ce533bb7-5672-4d93-95c5-b2121d14bd6d,Jumia,E-commerce,5,2024-01-22,ممتاذ,Positive
48ae8c21-2eaa-4d96-bc3d-f9416b01586c,Jumia,E-commerce,5,2024-01-22,جميل جدا,Positive
c21c9473-64f8-4281-8dbc-0f1dc74c5121,Jumia,E-commerce,5,2024-01-21,جيد,Positive
1bba6ce1-234f-45c4-a5ee-c9e7e58655c4,Jumia,E-commerce,5,2024-01-21,رائع..,Positive
d921d5fa-17bf-413f-8ed5-36767f9b449d,Jumia,E-commerce,5,2024-01-21,موقع تسوق جميل ومريح ومميز,Positive
fc7ab465-46b7-45a5-a707-e3a66a87456a,Jumia,E-commerce,2,2024-01-21,الخدمه بقت سيئه جدا لغوا الدفع عند الاستلام وفى مشاكل تقنيه كتيييييييييييييره جدا فى الموقع محتاجين 1000 سنه ضوئيه عشان تشتغلوا صح,Negative
423e7b7c-a535-4eff-a5d3-0997ef89d506,Jumia,E-commerce,5,2024-01-21,أنا لم اجرب بعد,Positive
dacf581e-e846-4b7a-b62f-337f69a62061,Jumia,E-commerce,4,2024-01-20,كويسه جدا,Positive
cfe5e7db-4a50-4a28-bbe0-04549f69e997,Jumia,E-commerce,5,2024-01-20,تم,Positive
74dded61-7b5c-4c0c-9588-322953835606,Jumia,E-commerce,5,2024-01-20,خدمه ممتازه,Positive
d7644bc5-ef1a-4f4f-8c93-99af3710ce34,Jumia,E-commerce,1,2024-01-20,جوميا تونس لا يدعم اللغة العربية,Negative
2261eb93-5844-4b90-a969-b882efa0af63,Jumia,E-commerce,5,2024-01-19,جيد جدا,Positive
cb31adf8-cf99-4119-b12b-96657cbb7458,Jumia,E-commerce,5,2024-01-19,افضل تطبيق علي الاطلاق,Positive
a0638a0b-4f17-4e2f-9dae-1b17ae08232a,Jumia,E-commerce,1,2024-01-19,سييييييئ جدا توصيل باطئ يحتاج المنتوج أشهر لكي يصل,Negative
be17a4cc-8395-4896-a66a-d3683509e411,Jumia,E-commerce,1,2024-01-19,مش راضي يدخلني بحسابي اللي متسجل قبل كده وبطلب تغير كلمة السر بيلففني جوه الابلكيشن ونرجع لنفس النقطة وبقي معقد الصراحة ومش عارفة اعمل اوردر منه,Negative
4509dff5-f5ad-4371-a144-3f07dd1711d3,Jumia,E-commerce,5,2024-01-18,التطبيق جيد و سهل الأستخدام,Positive
7c4bcef8-0e4a-4cc6-ad2e-7057470e5df3,Jumia,E-commerce,5,2024-01-18,جيد,Positive
1ce5ed09-185b-48f8-b7b8-b3d3bfe881df,Jumia,E-commerce,5,2024-01-17,ممتاز,Positive
54b465dd-0317-4fa3-b0b8-429967deeb75,Jumia,E-commerce,4,2024-01-17,لسه ما جربتش,Positive
7654d133-dadf-4b49-9de2-71d6d3de7859,Jumia,E-commerce,1,2024-01-17,تطبيق فاشل لم اتوصل بطلبيتي,Negative
e86ebc6f-d382-48d5-9dee-d34ec4de6ec0,Jumia,E-commerce,5,2024-01-17,ممتاز,Positive
2acd6095-db4d-4b54-9ed4-414ec3f9d8ef,Jumia,E-commerce,5,2024-01-16,تطبيق رايع,Positive
2b6dc337-4229-4eb0-b8ac-f266917d1df3,Jumia,E-commerce,5,2024-01-16,خدمة ممتازة,Positive
348f12ca-6ba5-4b04-943d-0bab7e3b9b1f,Jumia,E-commerce,1,2024-01-15,طلبت اوردر فيه اكتر من منتج وصلني ناقص منتجين ودفعت تمن الاوردر كله تواصلت معاهم بلا فائدة عدم مصداقية ومماطله انصح بعدم التعامل من جوميا,Negative
0321d816-57ed-4712-9d1e-9b0260bfbd3f,Jumia,E-commerce,5,2024-01-15,حلو جدااا,Positive
ef345c06-2852-41d1-98e7-3d8b43aefd88,Jumia,E-commerce,5,2024-01-15,اريد تخفيض 50%,Positive
6e3c66f1-7b6d-4253-808c-5e6119d580c8,Jumia,E-commerce,1,2024-01-15,ليه مش بيكتبوا مواصفات المنتج يعنى أنا عايز جاكيت مش مكتوب مواصفاته,Negative
db3a494b-d4f4-42e3-9e5f-7a0419011873,Jumia,E-commerce,5,2024-01-15,Woooow,Positive
22929e1d-663d-40c1-ba18-5714a3a56e0d,Jumia,E-commerce,1,2024-01-14,لا أستطيع تسجيل الدخول لحسابي من خارج مصر,Negative
b84892fe-62cf-4fe7-9cc1-4d592adb8a95,Jumia,E-commerce,5,2024-01-14,رائع,Positive
f6a1dddd-113b-4572-bbfa-e5817fa184e8,Jumia,E-commerce,1,2024-01-14,بنطلب منتجات اونلاين عشان المندوب مايرضاش يجي للمكان اللي عايشين فيه ويخلينا نروحله المركز اللي احنا تابعين ليه اللي بينا وبينا ساعه مواصلات ! طيب طلما هنروح المركز بتاعنا نشتري الحاجه اونلاين ليه مانروح نشتري من اي محل بقا وهنلف براحتنا ونشوف اللي احنا عايزينه و ع الاقل هيبقا اضمن خدمة زباله,Negative
ab43f6fc-7251-44b6-832e-f742528af9c5,Jumia,E-commerce,1,2024-01-14,تجربة سيئة جداا ، المنتجات بتيجي قاربت على الانتهاء للصلاحية ، ده غير موظف التوصيل اللي بيرد بقلة ذوق كأنه بيتخانق وصلت إني حذفت الحساب ومش عايزة حاجة من التطبيق ده,Negative
9610d5ea-7842-4739-be9a-e5a51fb1690f,Jumia,E-commerce,5,2024-01-14,تمام. وكل سنه وانتم غ,Positive
8599c1cb-6eb3-4ae2-bb70-2e3329d71a94,Jumia,E-commerce,1,2024-01-14,سيء,Negative
6c8bf85a-b5a8-42e0-a7c7-4be9974abd23,Jumia,E-commerce,3,2024-01-14,كل حاجة كويسة بس مفيش اكواد خصم ودى مشكلة كبيرة,Neutral
e8853be1-84c5-46a1-acc0-c5ecbb06830d,Jumia,E-commerce,1,2024-01-14,انا اشتغل ف جوميا ياريت حد يساعدني أو ع اي موقع زي جوميا ارجو الرد,Negative
dbfdd648-29b5-4270-909c-d1ef008a564d,Jumia,E-commerce,5,2024-01-13,💯💯,Positive
a3478729-5805-44cd-8f01-fa6b1d0c3233,Jumia,E-commerce,4,2024-01-13,السلام عليكم عن تجربة سنين وسنين الصراحه موقع جيد ومن أفضل متاجر الشراء الي اتعاملت معاها.ولكن دا ميمنعش ان فيه بعض السلبيات.1.انه مش فيهGPS. ..ممكن بعد ما تعمل عملية الشراء ويتم الدفع تلاقي المنتج متباع ومش موجود في المخزن أصلاً ودي حصلت معايا كذا مره.. 3.اسعاره غاليه حبتين. 4.المنتج بيتأخر حبه حلوين. 5.التغليف من أسوء ما يكون.6.مش بيوفر معلومات كافيه عن المنتج وخدمة العملاء معندهاش المعلومات الصحيحه عن المنتج يعني نصيحه من مجرب متخدوش بكلامهم عن المنتجات لأن مُعظم كلامهم مبيطلعش صح.,Positive
f728c395-4bd9-4f78-917d-81a6024b2cc9,Jumia,E-commerce,5,2024-01-13,جيدا,Positive
b327e2f5-3bc7-4288-9fac-7f83bbb6e263,Jumia,E-commerce,5,2024-01-13,تطبيق محترم,Positive
ae73ee4d-b705-448d-921e-4e2cfa00e195,Jumia,E-commerce,3,2024-01-12,good,Neutral
a61f66b4-c185-4995-b9b0-da6c81a1a245,Jumia,E-commerce,4,2024-01-12,جيدة,Positive
abe21a76-d372-4c8a-83ae-c56d12f50500,Jumia,E-commerce,1,2024-01-12,تطبيق رائع,Negative
ecbf749c-056d-4f08-a695-c157f92adda9,Jumia,E-commerce,5,2024-01-12,ممتاز جداً,Positive
dfa21b31-ae9c-4ff5-bf9e-a773d737587c,Jumia,E-commerce,1,2024-01-12,قاطعوا هذا التطبيق ، إنه يتبع لفرنسا ، لا تنزلوه,Negative
3e86d5d4-a209-4c70-8ae8-4ddc8621add9,Jumia,E-commerce,5,2024-01-11,احسن تجربه والحاجات بتيجي نروح نضيف جدا ونفس الطلبات بالظبط بصراحه احسن تجربه جربتها هي جوميا,Positive
8b84543f-4013-40fa-8d89-abf26c71eee3,Jumia,E-commerce,5,2024-01-11,ممتاز,Positive
c621ef3e-db42-4b19-9728-c0a0bf750019,Jumia,E-commerce,5,2024-01-11,ممتاز,Positive
b72c7138-f067-4192-aa99-fdaf52cd777f,Jumia,E-commerce,5,2024-01-10,افضل تطبيق تسوق في الجزائر,Positive
4c58b77f-d394-4394-b171-78044c060cba,Jumia,E-commerce,1,2024-01-10,تجربة من أسوأ التجارب التي يمكن ان يخوضها انسان. اوردر مدفوع بقاله شهر في الطريق و لم يصل للان.. و خدمة عملاء هدفها فقط مد مهلة التوصيل.. تم تقديم شكوى لجهاز حماية المستهلك,Negative
30bbc433-827f-4a89-b1c9-5142922f1568,Jumia,E-commerce,1,2024-01-10,ما هذه المبالغ المبالغ فيها كثيرة للغاية,Negative
8b60f448-d1ce-4331-a665-807a71042d17,Jumia,E-commerce,4,2024-01-10,شغال,Positive
45d87e35-2347-4265-8ff6-1bd2e786d524,Jumia,E-commerce,1,2024-01-10,جيد,Negative
5ef6ca4e-8602-4ad0-af71-44e7c2f96f0e,Jumia,E-commerce,5,2024-01-10,soupir,Positive
0fd2cb14-b86b-4292-b972-868c464ed4c9,Jumia,E-commerce,5,2024-01-10,ممتزاه,Positive
fc5550b7-cb7b-40ff-83e5-a085a4a7cf31,Jumia,E-commerce,5,2024-01-10,very nice,Positive
d81018ce-1e8b-4103-a403-390fd7f56748,Jumia,E-commerce,5,2024-01-10,موقع محترم جدا وجميل وسهل,Positive
df19a837-549a-4cb0-908e-250b75c36e1a,Jumia,E-commerce,1,2024-01-09,تاخير فى التوصيل و سعر الشحن عالى,Negative
72d18786-751d-4f54-8191-8b1a4d3b8e44,Jumia,E-commerce,5,2024-01-09,❤️,Positive
0f54e155-384d-4930-8818-02b1235942ff,Jumia,E-commerce,5,2024-01-08,بحب التعامل مع جوميا,Positive
7504f7f7-4fa4-44dd-b5d1-b2bbd8355bb8,Jumia,E-commerce,2,2024-01-08,تم شراء شنطه وللأسف شكلها كان غير الصورة وعملت إرجاع والمندوب اخدها بس لغايه دلوقتي ما حد بعتلي ازاى وامته أخد فلوسي,Negative
06301ae5-d57d-46d2-8846-dde22164562c,Jumia,E-commerce,3,2024-01-08,😊,Neutral
c3589687-f2c6-4218-b511-d714acc5b73d,Jumia,E-commerce,5,2024-01-08,ممتاز,Positive
1d29a6e6-a47c-4c89-b0d1-997076c2745c,Jumia,E-commerce,5,2024-01-08,جييد,Positive
2dc6c4b4-6be5-44b0-8434-6b02c40109e9,Jumia,E-commerce,1,2024-01-08,جودة المنتجات و الثمن ليس هنلك علاقة ان تشتري منتوج سيئ بثمن باهض فهاذا امر جنوني ادا اشتريت منتوج سيئ بثمن بخس فهاذا لا يهم الان ثمنه على كل حال منخفض عكس بعض المواقع مثل على اكسبريس لا انصح بهاذا التطبيق,Negative
f2feb32b-114f-4bb0-b617-5bf4b377c4ad,Jumia,E-commerce,5,2024-01-08,جميل جدا ومفيد وامن,Positive
9f2b92fa-b22e-4b59-bdb7-bf0b4fb73e3a,Jumia,E-commerce,5,2024-01-08,تطبيق أكثر من رائع أمانة في البيع والاستبدال يستحق الف نجمة,Positive
85eb08aa-1708-44f1-b7bc-ecf97a9ed273,Jumia,E-commerce,4,2024-01-07,موقع محترم,Positive
8fc60487-df4c-4592-bb67-b662c1a5bf46,Jumia,E-commerce,5,2024-01-07,ممتاز,Positive
ab58d745-413d-4d72-8cec-c2965eec77f5,Jumia,E-commerce,4,2024-01-07,شكرا,Positive
86e4dfdf-d69c-49a7-97de-f6f414a53641,Jumia,E-commerce,4,2024-01-07,ألى حد أن لم أرا أي مشكل👍,Positive
b6c733ca-741f-4240-9558-0b9ff81bc4df,Jumia,E-commerce,1,2024-01-07,برنامج زباله,Negative
fd3557c0-ebd5-4941-a94a-cb4ade011e0b,Jumia,E-commerce,5,2024-01-06,❤️❤️❤️❤️❤️❤️,Positive
f8bdb271-66e9-47ce-ab22-03611b01ac99,Jumia,E-commerce,5,2024-01-06,ممتاز,Positive
65463eea-5f90-48e9-875e-caabf44a829d,Jumia,E-commerce,5,2024-01-06,chokran,Positive
1dad00e7-15dd-4e10-8f11-a7179e3c183d,Jumia,E-commerce,5,2024-01-06,♥️♥️♥️♥️♥️♥️♥️♥️♥️,Positive
626cb385-3775-42cc-8002-e7b0c2a231fb,Jumia,E-commerce,1,2024-01-06,للاسف لا ارشح التطبيق لاحد لا يوجد احترام فى التعامل مع العملاء كان عندى مشكلة واتصلت عشرات المرات وكل مرة خدمة العملاء يوعدوني بالرد علي ولا احد يرد وفوجئت انه حتى خدمة التواصل الفورية على جوميا قفلوها معايا ...والان سيرد علي احدهم ويقول هنحللك مشكلتك طبعا علشان التقييم ولن يتواصلوا معي كما حدث من قبل ...لن اتعامل مع جوميا مرة اخرى ....كلمة حق فقط لمندوب شبرا استاذ احمد لانه يقدم خدمة عملاء راقية وفى منتهى الانضباط والتفهم والاحترام,Negative
cb7afc62-96a8-4793-b7e8-66db2fc0a9f6,Jumia,E-commerce,5,2024-01-06,موقع جميل,Positive
5e8365b8-0118-491c-8044-277468d499eb,Jumia,E-commerce,1,2024-01-05,حتى جوميا طلع مقاطعة للأسف😭 أغلقت الحساب وجارٍ البحث عن بديل لكل من أمازون ونون وجوميا‼️ والله المستعان🙏,Negative
b25085a4-d333-47f4-aa68-b18ea98e32a1,Jumia,E-commerce,1,2024-01-05,مصاريف شحن مرتفعة جدا,Negative
4ab6817a-54dc-4339-ad5f-27837fef6d99,Jumia,E-commerce,1,2024-01-05,أقسم بالله العظيم موقع يكثر فيه النصب والاحتيال والسرقة من جاءه أنه يأخذ المال منه فليحترس والله العظيم والله العظيم والله العظيم سارقين ونصابين ومحتالين لا يستحق حتى دفلة,Negative
8f8f08a6-b817-485d-b5b0-db56a52ed598,Jumia,E-commerce,1,2024-01-04,تطبيق سيء جدا,Negative
012cbe10-18f7-49be-9fce-aa0dc9f80b84,Jumia,E-commerce,5,2024-01-04,ربنا,Positive
08a8ef9a-e590-40e6-9976-9429169e150f,Jumia,E-commerce,1,2024-01-04,انصحكم بتغيير المندوب حمار ما بيفهمش,Negative
81ebb8e9-5a0d-4f36-aea9-0faeb1a4d246,Jumia,E-commerce,5,2024-01-04,أول مره اتعامل jumia إن شاء الله تجربه مفيده,Positive
715c6443-f1ad-4e1e-b34b-005a47b0fa31,Jumia,E-commerce,1,2024-01-04,تعالى أقعد عليه,Negative
c961c540-29f0-4b32-addd-1b79472e91e0,Jumia,E-commerce,1,2024-01-03,والله الواحد مش لاقي لفظ يقولوا عليكم خساره الكلام فيكم,Negative
9b45c770-4f5c-4cb4-b483-6aba5bc3ec42,Jumia,E-commerce,5,2024-01-03,جميل جدا,Positive
82ce7876-7df2-44ac-b91f-b639e4d2a9ec,Jumia,E-commerce,4,2024-01-03,موقع جميل ومضمون بس الشحنه بتاخد وقت كتير,Positive
987a0daf-bfe1-47c1-8150-74c5ca73b059,Jumia,E-commerce,5,2024-01-03,تطبيق جيد لاكن ينقصه الكثير من الأشياء,Positive
fd442d6b-d014-44ba-8122-0a2dba2326a7,Jumia,E-commerce,1,2024-01-03,سيء,Negative
0c5018fe-999e-46ff-9931-d18c9bea434b,Jumia,E-commerce,5,2024-01-02,جيد,Positive
879daf77-dfbf-42d6-8083-49304b8004a6,Jumia,E-commerce,1,2024-01-02,سى للغاية,Negative
c3f59f4e-3c5a-469a-bc5d-5b4028e4c250,Jumia,E-commerce,1,2024-01-02,تطبيق مش تمام ومفيش مصداقية ومنتجات غير مطابقة للمواصفات ، وعند ارجاع المنتج ومحاولة استرجاع ما تم دفعه لكم لا ترجعون المال للعملاء بالرغم من استرجاعكم لمنتجكم الغير مطابق للمواصفات ، يعني من الاخر تحايل ونصب ،، ونأسف فعلا علي التعامل معهم ،,Negative
85fa9d91-ae9c-4052-a763-d897cc95b3c4,Jumia,E-commerce,5,2024-01-02,ممتازين,Positive
471a6282-f548-41bf-a7f8-3364e1bb2abe,Jumia,E-commerce,1,2024-01-02,للاسف أسوأ خدمة عملا وعدم تقدير و لى تجربة الشحن اتأخر اكتر من اسبوع وبعتو اعتذار مادى ١٠٠ جنيه وسحبوة ولم استفاد به,Negative
31a2cda0-e80d-4bd1-9ebc-3ea34e0b289c,Jumia,E-commerce,5,2024-01-01,❤️❤️❤️,Positive
4e182d23-ea1b-4c83-af49-7869acbe066c,Jumia,E-commerce,1,2024-01-01,من اكتر البرمج مديه وي منصحكش تجربه في الاسترجاع ولا يستحق التقيم,Negative
b6dc84a8-77fa-4dc9-9225-79b79b8a3e5f,Jumia,E-commerce,5,2023-12-31,ممتاز جداً في هذا المجال,Positive
3b33293a-05a0-41e2-aa5f-e79050cb3ffb,Jumia,E-commerce,5,2023-12-31,ممتاز,Positive
09858f4b-db52-4a3e-a910-5ec0e7bc668b,Jumia,E-commerce,5,2023-12-29,تمام,Positive
a7ea9fed-6d10-4d03-97b7-e100a5699dfc,Jumia,E-commerce,5,2023-12-29,ممتازة,Positive
d8dee804-5e8e-4d2d-8ea1-014c2756bdb5,Jumia,E-commerce,5,2023-12-29,ممتاز,Positive
230f29a5-cf98-4f79-b6d8-23a8e6bc6d3c,Jumia,E-commerce,1,2023-12-29,اسوء تطبيق فل عاام,Negative
3f1da148-448c-455d-9dff-49470a5e77ff,Jumia,E-commerce,4,2023-12-29,حلو,Positive
9203cfa0-ee52-4c02-b057-38970801aa18,Jumia,E-commerce,1,2023-12-29,اسوء تجربة لقد اشتريت سكوتر كهربائي ب 4500 درهم و في. الاخير وصلتني دمية صغيرة يا للسخافة,Negative
d64e9cb6-1d49-427c-a08e-44d0cb12cc87,Jumia,E-commerce,5,2023-12-28,بصراحه جوميا افضل موقع انا اتعاملت معاه,Positive
9bffbccd-0d41-402e-91ec-6b62de3b5625,Jumia,E-commerce,2,2023-12-28,"- The customer service isn't professional, and they can't provide us with solutions for our problems. - Policy of refund is difficult and takes a long time and the refund doesn't reach .",Negative
9b3790b3-9c31-488c-a7a1-0384a341fa7b,Jumia,E-commerce,4,2023-12-28,😘🥰🥰😍,Positive
3272fb06-cae5-4ff9-b522-f8f3896ebb13,Jumia,E-commerce,5,2023-12-27,جيد,Positive
d5b2addc-d632-4bd8-b294-786f2118cdc0,Jumia,E-commerce,5,2023-12-27,الف,Positive
834752eb-980b-446a-ae93-c8a5569d1127,Jumia,E-commerce,5,2023-12-27,موقع شراء ممتاز جوميا و عروض مميزة,Positive
beb9df00-26b3-4379-bb23-9db11ddb8cbf,Jumia,E-commerce,1,2023-12-27,زبالة,Negative
56688d08-47d2-4cae-9c79-a336e030e46d,Jumia,E-commerce,5,2023-12-26,موقع ممتاز ومحترمين جدا,Positive
5fe14e18-84b5-435e-a1eb-02367bf3c954,Jumia,E-commerce,4,2023-12-26,جيد لكن سعر توصيل مرتفع,Positive
c800a953-0328-4c2d-9311-b2935a9575f6,Jumia,E-commerce,5,2023-12-26,أجمل موقع بيع منتجات اون لاين شوفته 💚,Positive
ef521f94-df96-4117-a36a-091e77ce98af,Jumia,E-commerce,5,2023-12-26,ممتاز تقريبا مبقتش اتسوق غير من على جوميا,Positive
47c234f7-bc87-410d-b5b1-94f8b949828b,Jumia,E-commerce,5,2023-12-25,شكرا جوميا,Positive
5526121b-58e2-4df3-9b41-3116777e4cb0,Jumia,E-commerce,3,2023-12-25,يجب اضافةبعض الأماكن في إقليم سطات كيسر,Neutral
93212703-1ef5-4dce-914e-49bc9bfbf78c,Jumia,E-commerce,5,2023-12-25,شركه محترمه ونتمنى الاستمرار,Positive
af08008b-0e84-4845-b735-a2c81ffe891f,Jumia,E-commerce,1,2023-12-25,جوميا هانم شالت البحر الاحمر من التوصيل برافووو .. موقع فاشل ال يعمل كدا عموما انتم خسرتو واحنا هنشوف امازون او اى موقع تانى برررافو لو مبتدئين والله ما هتعملوا كدا,Negative
324b750a-c68b-467a-bacf-384e5aa80dbd,Jumia,E-commerce,5,2023-12-25,جيد,Positive
43d66c53-0a17-465f-8aa8-655ff78d24aa,Jumia,E-commerce,5,2023-12-25,خدمة عملاء سيئة جداً,Positive
71c1b0bd-8f00-4057-b73a-90b5c5c7a1ef,Jumia,E-commerce,5,2023-12-24,التوصيل بطئ جدا,Positive
6b377c9e-82eb-4a7a-93ba-dd6d719de34e,Jumia,E-commerce,5,2023-12-23,جيد جدا,Positive
ba58ad68-ae68-4da9-8a0e-48b5d3809623,Jumia,E-commerce,4,2023-12-23,روعه وبيدفي فعلا,Positive
93d6847d-7329-4cda-8681-80ff8f2ed62b,Jumia,E-commerce,5,2023-12-23,رائع,Positive
9e7e7fe1-282f-41d0-8446-17681cabf003,Jumia,E-commerce,5,2023-12-23,من افضل المواقع من حيث العروض وسرعة التوصيل,Positive
5ce1343a-93b3-449e-80f7-932da2b3bd85,Jumia,E-commerce,1,2023-12-22,لا يسجل الدخول,Negative
d5a4c886-5bf2-4b22-8ccd-c8e62439de34,Jumia,E-commerce,1,2023-12-22,أصبح التعامل صعب في التطبيق,Negative
e8da7bba-b8ea-44e4-807b-370b75b94328,Jumia,E-commerce,5,2023-12-22,اتعامل معكم من 2017 متطورين في كل مره,Positive
a3137335-bf5d-4fcc-914b-7bb5ccdc137d,Jumia,E-commerce,5,2023-12-22,🤌,Positive
219c94ab-27b5-4a2d-8450-e7af68597b6b,Jumia,E-commerce,5,2023-12-22,شكراً چزيلا,Positive
48e50aeb-9c58-42d0-ad40-5acb89417f0e,Jumia,E-commerce,1,2023-12-21,زببالة,Negative
8135548e-5009-49d3-ba0d-dc192dc9c56b,Jumia,E-commerce,5,2023-12-21,التطبيق حلو جدا اسعاره مناسبه ومساحته قليله,Positive
d50d433a-b4ea-43d3-b9b7-3f6e07f1cac6,Jumia,E-commerce,3,2023-12-21,زياده بعض محافظات الساحل الشمالي,Neutral
c0c353d0-6dcf-4eea-bb94-3e77f69888bf,Jumia,E-commerce,1,2023-12-21,زباله,Negative
c94b0ac7-980e-4f2c-b482-1a9d1af59c87,Jumia,E-commerce,5,2023-12-20,ممتاز,Positive
88ae4aa6-56b5-45d0-86c3-b3f9318502c8,Jumia,E-commerce,5,2023-12-20,جيد جدا,Positive
5b18b707-10ab-474a-bf54-78c11a64177d,Jumia,E-commerce,5,2023-12-19,ممتاز,Positive
d40c04f5-68f3-45ba-85a2-1c51de0dc4dc,Jumia,E-commerce,5,2023-12-19,♡♡♡,Positive
66598cc8-6b55-4005-ba64-102b0803f227,Jumia,E-commerce,1,2023-12-19,وحش جدا جدا محدش ينزله,Negative
3750eb61-db43-4547-b53e-8816d113c482,Jumia,E-commerce,5,2023-12-19,ممتاز,Positive
82cb1f8e-57a9-405d-99d4-0ce523b6c701,Jumia,E-commerce,5,2023-12-18,ماشاء الله,Positive
edeafc39-764e-4fca-9325-ff705e94f1f3,Jumia,E-commerce,5,2023-12-18,شكراً,Positive
c7d869cd-0c53-4d2e-a3d9-44d1588a2132,Jumia,E-commerce,4,2023-12-18,منتجات جيدة مقابل سعرها وتوصيل سريع ومركز الاستلام متعاونين جداا,Positive
bc3d1605-1361-4851-8bcb-0cd6a328e864,Jumia,E-commerce,3,2023-12-18,لا بأس بها لكن نتمني التطوير والتحسن دايما أن شاء الله 💗,Neutral
bc9ee7ff-8af5-4dac-80bd-a52cf051ddd2,Jumia,E-commerce,5,2023-12-18,رائع جدا,Positive
a4d309e1-a53e-48c1-a87b-e4dbd228a39f,Jumia,E-commerce,5,2023-12-17,تمام,Positive
a8076414-2028-47e4-a990-232c59af24dc,Jumia,E-commerce,5,2023-12-17,❤️,Positive
42a41762-95df-47ae-b8f5-dbd3c451713c,Jumia,E-commerce,5,2023-12-17,تطبيق ممتاز,Positive
d42ad132-2912-4739-bd27-1e226bb5ecfb,Jumia,E-commerce,5,2023-12-16,تم,Positive
dcb6fb6c-7149-4caa-9719-6dfcb3cc51e7,Jumia,E-commerce,5,2023-12-16,خدمه ممتازه جدا جدا في كل شئ ☝🏼,Positive
7c81ca57-66f9-4498-8f16-9f4f61d3719f,Jumia,E-commerce,5,2023-12-16,ممتاز واسعار مناسبه,Positive
84f940c3-7e6f-4085-b343-83945830af17,Jumia,E-commerce,1,2023-12-16,الأجهزة بها عيوب ولا يتم الاستبدال ولا الارجاع وسياسات الارجاع غير صحيحة,Negative
b57b9396-09ce-430c-8546-4f5781f9326c,Jumia,E-commerce,5,2023-12-15,ok,Positive
63004079-6c90-43eb-84a4-eac34014b4ef,Jumia,E-commerce,5,2023-12-15,good,Positive
6030d09f-6a99-4467-b5ff-946cef925314,Jumia,E-commerce,5,2023-12-15,ممتاز جدا,Positive
5ea8491e-7e63-408c-9c32-d616271332fb,Jumia,E-commerce,5,2023-12-14,ممتاز,Positive
da788841-5938-4be4-ae5c-ad8d20b04e66,Jumia,E-commerce,1,2023-12-14,تطبيق نصاب و الحاجات بتوصل متكسره ميستاهلش حتى نجمه,Negative
0c142a50-798f-40a8-947b-2f24433b4eeb,Jumia,E-commerce,5,2023-12-14,ممتاز,Positive
b0c57b69-e9a6-46db-8914-819720e89c0f,Jumia,E-commerce,4,2023-12-14,جيد جدا 🍁,Positive
0a185bba-959e-4430-ac3a-44ae67b98e9e,Jumia,E-commerce,5,2023-12-14,الحاجه الخامسه بتعتهه جمده,Positive
279725c9-f1d4-4dd0-8a42-060a0c8f42ea,Jumia,E-commerce,1,2023-12-14,سيء,Negative
0eb8d1d4-fb6b-441d-9f01-3176130793b7,Jumia,E-commerce,5,2023-12-14,تجربه كويسه يا رب تكون على طول,Positive
3d61ec7a-1bc9-4d07-b310-6e168372738c,Jumia,E-commerce,2,2023-12-14,معقول,Negative
21eda636-745e-411e-86c5-d992c9709fe3,Jumia,E-commerce,5,2023-12-13,رائع,Positive
a0540ad1-9dcb-4894-ac5c-cae636b707ae,Jumia,E-commerce,5,2023-12-13,ممتتتتتتاز,Positive
e838eee2-b88b-4f30-8892-6a26adf190c4,Jumia,E-commerce,5,2023-12-13,حضرتك انا جبت تليفون جديد وكل اما ادخل الايميل والباسورد يرجعنى تانى لنفس البداية مع العلم انة الايميل والباسورد صح ارجو الافادة,Positive
95edd27b-c90d-4b30-a093-6c4baa0c7200,Jumia,E-commerce,1,2023-12-13,سيئ جدا منتجات كهربائيه دائما مامتشتغلش,Negative
ce5d88a1-1a7b-4079-b32d-73fc58edde00,Jumia,E-commerce,1,2023-12-13,بقي وحش جدا جدا بيتم الغاء الاوردر من المندوب نفسه من غير مايتواصل ولا يتكلم فخلال شهر اتلغي ٥ اوردرات من قبل المندوب ومعرفش السبب,Negative
d42e2622-f7ba-40f7-9dd8-9470a694b080,Jumia,E-commerce,5,2023-12-13,مرحبا,Positive
d58eb3a8-3a4b-4db4-a4c9-c5f31f53b4ee,Jumia,E-commerce,5,2023-12-12,ممتاز,Positive
65c3682a-36ca-4028-82d8-9469c79337d3,Jumia,E-commerce,5,2023-12-12,ممتاز,Positive
7c3b9393-a87c-49c3-87f5-4919ebaa6263,Jumia,E-commerce,5,2023-12-12,ممتاز,Positive
2e039ca9-a84a-4e0b-99bd-5b04759a8f18,Jumia,E-commerce,5,2023-12-11,تطبيق رائع وتوصيل سريع وأفضل موقع توصيل وانصح الجميع بتربته 😊,Positive
cb1c06fa-836b-4fc1-bd4f-ecce9099850d,Jumia,E-commerce,5,2023-12-11,ممتاز تحفه بجد,Positive
28594dd4-2abb-4edd-bf95-3df7cac226ea,Jumia,E-commerce,4,2023-12-11,إضافة بحث بالكاميرا هذا فقط ما ينقصه,Positive
9f4e3928-634f-4ac4-a7d9-1187b6512cd8,Jumia,E-commerce,1,2023-12-11,تجربه سيء جدا مفيش امانه في التعامل المنتجات بتوصل فيها نواقص وفيها توالف ومفيش اي أمانة طلبت منهم منتجات وصلت فيها نواقص بقيمة ١٧٧٥ج وفي الاخر بيقولو المنتجات وصلت وبعتلهم فيديو يوضح ان المنتجات موصلتش كامله وفيها نواقص بجد شركة نصابه,Negative
2e362b42-feb8-44e8-99b2-aa5cb0b6fca6,Jumia,E-commerce,5,2023-12-10,جيد,Positive
f3bc3bfb-02ff-47cb-98d1-42010c8358f3,Jumia,E-commerce,5,2023-12-09,تعاملات جوميا تستحق الثقة.,Positive
8453f847-ded7-4629-9fea-87a11018c95d,Jumia,E-commerce,5,2023-12-09,عالمي,Positive
4dbeefec-2b3b-4c05-85af-38385b2dbd53,Jumia,E-commerce,5,2023-12-08,تحت التجريب,Positive
ff431f10-304e-43e8-ad76-741fc8f9dfbb,Jumia,E-commerce,1,2023-12-08,زباله وخدمه زباله,Negative
f4e6e6bc-7dd3-4951-bade-70e26fb5c7b2,Jumia,E-commerce,4,2023-12-08,خدمة ممتازة ولكن ينقص تعديل بعض السياسات مثل الاستبدال بدل من الارتجاع مثلا..,Positive
0766aab2-219b-4454-b829-a281c228c9a9,Jumia,E-commerce,5,2023-12-08,هل التوصيل لجميع مدن المغرب,Positive
aa0a3c4c-6901-46c0-ab8e-258d581d9194,Jumia,E-commerce,5,2023-12-08,ممتاز,Positive
2f58c811-234e-4530-80d2-ab7e3cdf9011,Jumia,E-commerce,1,2023-12-08,تجربة سيئه واسعار غاليه جدا,Negative
a8020f38-2a2c-48fd-b764-283e783a61dc,Jumia,E-commerce,5,2023-12-07,كنت ما اخد كل حاجه ،بس من ساعة ما انتم شالتو خيار الدفع عند الاستلام وخدمة التوصيل ذي الزفت,Positive
e887d2b4-7187-4f3d-8485-ba404790430c,Jumia,E-commerce,5,2023-12-07,بحب اتعامل معاهم تطبيق محترم والمندوبين ناس ذوق والمرتجع فلوسه بنستردها بسهوله,Positive
17b0c3c1-b1ee-4e44-85a5-20af1b0a743d,Jumia,E-commerce,5,2023-12-07,جميل جدا ولاكن يجب توفير السلعة لأننا لم نجده عندكم يجب إحضارها في اقرب وقت ممكن وشكرا,Positive
74c3fd86-71c5-4f41-890b-b02a909f4d2b,Jumia,E-commerce,5,2023-12-07,ممتاز,Positive
896aa29c-8644-4f60-84a0-fab275da95f9,Jumia,E-commerce,4,2023-12-07,سهل وسريع,Positive
d4cf30c0-027a-4919-8ef3-6452ff9178af,Jumia,E-commerce,1,2023-12-07,مقاطعه,Negative
14334d21-af3e-463f-9a15-36e065e44440,Jumia,E-commerce,5,2023-12-06,يبدو سهل,Positive
3697681b-1f4b-43ad-8dee-143f3b117e0c,Jumia,E-commerce,1,2023-12-06,جومية مجرد نصب والإحتيال والمسابقات الكذبة تطمع الناس ثم تنصب عليهم بسلع رديئة جدا من درجة 3,Negative
954cbe61-acfc-40b6-adc3-ff2d60aab5da,Jumia,E-commerce,1,2023-12-06,مش كويس,Negative
02b357f2-192f-4baa-8539-ac24f08be0b0,Jumia,E-commerce,1,2023-12-06,لو فيه نصف نجمة أو صفر كنت قيمتكم بيها. متعاقدين مع شركة شحن سيئة جدا. يظهر لى على التطبيق إن الطرد خرج للتوصيل ومفيش مندوب يتصل بيا نهائيا و بعدين ادخل التطبيق يقولى فشل التوصيل,Negative
5ae69676-8b69-4898-802b-17df6b6c29f2,Jumia,E-commerce,5,2023-12-06,اكثر من جميل والله العظيم ربي يحفظكم ويرعاكم يارب العالمين,Positive
959c7970-f18d-401c-9cc3-699517cb6564,Jumia,E-commerce,1,2023-12-06,So bad,Negative
462191c4-de81-4477-9b63-b031070994f2,Jumia,E-commerce,5,2023-12-06,سريع,Positive
3f39d038-2f1a-4beb-bd50-2de3e3ec8aba,Jumia,E-commerce,5,2023-12-05,ممتاز,Positive
a77b6ca8-852f-41f1-ab01-9aa1ad9b1d47,Jumia,E-commerce,5,2023-12-05,حلو جددا,Positive
399732c0-c989-472c-828e-c37cf62a0996,Jumia,E-commerce,5,2023-12-04,حبيبي,Positive
12b053a5-217c-4e8d-a6b8-41e885be9e6c,Jumia,E-commerce,1,2023-12-04,نصب رسمي,Negative
36229512-4242-4d06-a7d9-a80e423d6cf8,Jumia,E-commerce,5,2023-12-04,رائع جدا 😍,Positive
b996b6d2-1f06-4cb5-855d-5c7f79aff1c6,Jumia,E-commerce,4,2023-12-04,طلب سهل,Positive
47a56ad8-c75c-4b6f-8184-e234c340ff20,Jumia,E-commerce,5,2023-12-04,ممتاز,Positive
33b2f13e-7d6a-41ba-af18-a21fabb45e6e,Jumia,E-commerce,5,2023-12-04,تعتبر جوميا من أحسن المواقع للتسوق,Positive
f14d837d-96b5-414d-be49-9ea6f3da1e08,Jumia,E-commerce,3,2023-12-04,معقول جدا,Neutral
47154e0e-7e52-47b3-934a-2828d243e6b3,Jumia,E-commerce,5,2023-12-03,God & god,Positive
c8264ced-1736-4ce8-863a-45aac09706c1,Jumia,E-commerce,5,2023-12-03,تطبيق مريح وسهل الاستخدام أنصح بستعمل التطبيق,Positive
ee6a31e2-8317-4f57-af8f-ee430a6dc557,Jumia,E-commerce,5,2023-12-03,جيد,Positive
ce8fc92a-8ee4-4841-bc69-359b4cc2ef70,Jumia,E-commerce,5,2023-12-03,افضل تطبيق توصيل .,Positive
c3ccb4dc-959e-432e-9e6b-c6d0c7d9af10,Jumia,E-commerce,5,2023-12-03,تطبيق رائع جداً,Positive
14acc9fe-6edc-4c05-9ab3-d4d9a69f7ce4,Jumia,E-commerce,5,2023-12-03,good,Positive
167a3405-a059-4f58-83d8-16cdd018b0d3,Jumia,E-commerce,4,2023-12-03,هو لحد دلوقتي الابلكيشن سهل في التعامل وعليه خصومات كثيره فانا مش هعرف اقيمكو قوي الا لما اشوف التوصيل هيوصل في ميعاده والحاجات هتبقى حلوه ولا لا,Positive
f5f7638e-d8db-43d8-8e61-fcded3c541fd,Jumia,E-commerce,5,2023-12-02,🫵🫵👍👍👍,Positive
236f3f88-1b47-440e-9a83-476935b5878e,Jumia,E-commerce,1,2023-12-02,شركة غير موثوقة لا أنصح بتجربة شراء اي منتج من خلالها اشتريت شاشة من خلالهم وللاسف عند طلب الارتجاع تأخر جدا الرد فيه وحتي مع الرد رفضوا ارجاع المنتج وطالبوني بالتوجه الي المصنع ناهينا عن الأسلوب البذئ الذي يتحدث به مسئولوا خدمة العملاء,Negative
19f0ea2c-f09c-4bdd-beff-fe0925c49ec3,Jumia,E-commerce,3,2023-12-02,مصاريف الشحن+مصاريف توصيل ، هو أي فلوس وخلاص,Neutral
68c06681-7c4e-46b8-9b48-e372ecc6a9e3,Jumia,E-commerce,5,2023-12-01,تم,Positive
ed2e9acb-724a-4786-a9df-b74176f539e8,Jumia,E-commerce,1,2023-12-01,مقاااااااااطعة,Negative
d673f37f-53e7-4a5e-86a3-62654dcffee4,Jumia,E-commerce,1,2023-12-01,عدم مصداقية لو حاولت ترجع منتج بيرفضوا طلب الارجاع وموظفين خدمة العملاء مش فاهمين ولو طلبت حد يكلمك من الإدارة يوعدوك أنهم هيتوصلوا معاك لكن لا حياة لمن تنادي ولم يتم قبول طلب الارجاع الا بعد اللجوء لجهاز حماية المستهلك ما كانت تيجي منكم احسن ولا ايه,Negative
0a2c8cca-7970-4495-a547-32baad1e330a,Jumia,E-commerce,5,2023-12-01,ممتاز,Positive
a3db931d-29ec-4d25-9b48-394a159ff838,Jumia,E-commerce,3,2023-12-01,تحت الاختبار,Neutral
0644900b-ff75-4b87-979b-0bb007bf4064,Jumia,E-commerce,5,2023-11-30,بجد ممتاز,Positive
467a7164-777e-488d-9bf4-423de50d0d66,Jumia,E-commerce,5,2023-11-30,ممتاز,Positive
ff761d81-eccc-4753-919d-89d500563890,Jumia,E-commerce,1,2023-11-30,أسوء موقع للتسوق، لأنهم لا يوصلو للقرى حيث انني قمت بالطلب واضطررت للذهاب المدينة فقد للحصول على طلب وقد كلفني ذلك كثيرا، رغم ان اسم قريتي كان متواجد وقد اخترته.,Negative
d5c34343-00e7-431b-9a34-8cf21843e1bd,Jumia,E-commerce,5,2023-11-30,merci jumia,Positive
c7b6ec22-2fbd-4aab-af66-6d92cfeb3103,Jumia,E-commerce,5,2023-11-30,محترام,Positive
50f91498-ad60-4861-8d65-95baeb5cc067,Jumia,E-commerce,1,2023-11-30,تجربة سيئة جدا بعد ما طلبت الاورد وانتظرته ٢٠ يوم تقريباً عشان يتشحن ويوصلني وصلني اوردر مختلف تماماً عن اللي طلبته تجربة سيئة جداً,Negative
097d1ac3-7f44-41f1-8c60-43b5d9553b0c,Jumia,E-commerce,5,2023-11-30,رائع جداً,Positive
665e3505-71c6-4039-91e6-68414a30df6f,Jumia,E-commerce,5,2023-11-30,good,Positive
24329865-f336-44aa-ad4c-73e8cb717b54,Jumia,E-commerce,1,2023-11-29,نصابين وحراميه برجاء عدم التعامل مع جوميا نهائيا المفروض الواحد بيتعامل مع جوميا وحصل مشكله معهم هم عايز الغي الاوردر يقول لي عن طريق شركه الشحن وانا طالب الاردن عن طريق مين جوميا انا مالي بشركه الشحن,Negative
d2667175-ce4a-477c-8c0b-34126daa8ba6,Jumia,E-commerce,2,2023-11-29,اكواد لا تعمل,Negative
6980fd69-d7b4-40bb-abf6-523d2952241e,Jumia,E-commerce,1,2023-11-29,لا انصح بتعمل مع الشركه سياسه ارجع فاشله ومنتجات ضعيفه عن تجربه رفضه ارجع المنتج وهو سليم سواء خدمه من الشركه وانصح بشركه امازون افضل منهم بكتير,Negative
89696ad6-980f-4d2d-970c-66f76c268c00,Jumia,E-commerce,5,2023-11-29,رائع جدا,Positive
f7d80822-4732-423c-8809-d987a551c210,Jumia,E-commerce,1,2023-11-29,توصيل ممتاز ولكن المنتوج فاشل على جوميا ان ترتب اوراقها بخصوص العملاء الذي تستخدمه.,Negative
c2f15c37-b700-405e-b1a3-0a1ece7e9379,Jumia,E-commerce,1,2023-11-29,كل ما اطلب اوردر يترفض اي دا بجد,Negative
6e1af77e-5e57-41ab-b667-12b7e82a843b,Jumia,E-commerce,1,2023-11-29,لما لا يوجد توصيل لمصر ،،😤,Negative
0dd84918-671e-4fe5-8f47-09be29002c55,Jumia,E-commerce,5,2023-11-29,كله تمام,Positive
c5881ed7-6eb5-4ada-b7f8-c45bc2cdbdaf,Jumia,E-commerce,5,2023-11-28,شكرا,Positive
90bd1b79-c9eb-4456-b93c-a24b66e1b022,Jumia,E-commerce,1,2023-11-28,الدخول الى الحساب معقد جدا جدا مش عارف اعمل اى عملية شراء لذلك سيتم حذف التطبيق حيث لا فائدة,Negative
2b1812bd-fd2b-427d-9b04-80352ebe57ea,Jumia,E-commerce,5,2023-11-28,مش هقول غير شكرآ علي تقديم البساطه للمستخدم,Positive
b13360a7-b27f-4b90-8ac5-42bb51a8f503,Jumia,E-commerce,5,2023-11-28,سأعطيه خمس نجوم وانا لم اجربه بعد لأنني اتق فيكم بس اكو مشكلة لجميع التطبيقات انا لسه مبتدأة مااعرف كيف اطلب يقولولي لازم بريد الكتروني بس انا مااعرف شو معناتو اتمنى تردو,Positive
757771bf-6cde-4ee5-a759-ab9de081081d,Jumia,E-commerce,1,2023-11-28,نصيحه بعدم التعامل مع جوميا تأخير في توصيل الطلب ده إن وصل ولا يوجد رد كافى من خدمة العملاء إلا تقديم شكوى ولا توجد لديهم حلول للمشاكل حتى وإن كانت صغيره,Negative
7b73d4d0-a908-40b3-b5aa-9481bb4d07e9,Jumia,E-commerce,2,2023-11-28,قفل الدفع عند الاستلام وكمان كل لما اعمل اوردر يكتبلي تم الغاء المنتج وده تضيع وقت,Negative
aa87a6a7-5570-442e-8e40-f6208688bfc4,Jumia,E-commerce,5,2023-11-28,جيد,Positive
012e1ae7-e85b-4076-b336-8e184ce62f88,Jumia,E-commerce,1,2023-11-27,واش الفايدة كي التطبيقات لخرين يبيعو الحاجة باطل بالنسبة لاسعاركم!,Negative
a9219054-fe17-4d6a-aa87-9ea0d99acf10,Jumia,E-commerce,5,2023-11-27,مريح وبدون مشاكل وممتاز,Positive
75941c1b-3015-49e7-aea8-84ac9dad11c9,Jumia,E-commerce,1,2023-11-27,موقع زبالة المنتج معروض وتعمل اوردر ويخصموا الفلوس من حسابك وبعد ٤ ايام يقولك المنتج مش موجود ويخليك تلف حاولين نفسك عقبال ميرجعلك فلوسك كانت تجربة زفت ومسحت التطبيق وبجيب من امازون احسن بكتير,Negative
11aaf387-9708-4cae-9ffe-e7c3edf5862e,Jumia,E-commerce,5,2023-11-27,ممتاز,Positive
74a087aa-d0dd-46e3-a7a3-aa4b56566e72,Jumia,E-commerce,3,2023-11-26,تحت الاختبار,Neutral
fdc87ad9-315f-43bd-9b1f-50e225a2db96,Jumia,E-commerce,5,2023-11-26,ممتاز,Positive
9c8815aa-59fe-44c5-b8d0-74918c6deace,Jumia,E-commerce,5,2023-11-26,ممتاز,Positive
f8ff59f5-5d31-4f09-94fb-8ac4229a2178,Jumia,E-commerce,2,2023-11-26,قدمت نجمتين لأني جزائري فقط ولأنه تطبيق هادف، أما عن تجربتي فيه فهو سيئ في التوصيل إما لحظي السيئ أو هو مشكل في التوصيل للمسافات البعيدة ،شكرا .,Negative
92852c19-8f34-4936-a994-a8ecb76fa4cf,Jumia,E-commerce,5,2023-11-26,ممتاز,Positive
5e0b491c-69ad-42ad-a60f-b3d70abe859a,Jumia,E-commerce,2,2023-11-26,Ana kanbrit nakhod man3ankom walking makaynachi la livraison lnaqahi,Negative
96801874-5885-4022-ad0c-943a2d0e4a5f,Jumia,E-commerce,3,2023-11-26,bien,Neutral
d8982540-92ed-41d8-8947-e7b41cd584a2,Jumia,E-commerce,5,2023-11-25,معاملة جيدة، عروض مميزة,Positive
7f87b171-2fe3-498b-abac-c6be3af25523,Jumia,E-commerce,5,2023-11-25,👍👍👍👍👍👍👍👍👍👍👍👍👍👍👍👍👍👍👍👍👍,Positive
d3526738-2da1-43c3-a0d7-83224ddd08f3,Jumia,E-commerce,4,2023-11-25,حبيته,Positive
82ef9728-6590-4400-a826-a0f2c4926f0d,Jumia,E-commerce,5,2023-11-25,تطبيق ممتاز ربنا يوفقكم,Positive
25186701-e8d9-44e3-bd3b-c6d12776b6b0,Jumia,E-commerce,1,2023-11-25,للأسف طلبت أوردر مرتين وانتظر الشحن وبعد ٣ايام وبلغوا الاوردر من غير سبب وتالت مرة خدمة العملاء تقول السبب انك فى منطقة خارج نطاق الشحن مع انى طلبت لاب من سنتين وموبيل من سنة ووصل عادى,Negative
ce9f75b6-fcfd-470b-a25d-a2877526b193,Jumia,E-commerce,5,2023-11-25,ممتاز,Positive
7d738c99-f2f9-4942-a0f4-99b5d6b6dea1,Jumia,E-commerce,1,2023-11-25,برنامج فاشل ولا مصدقيه ولا حاجه كدابين انصح بي مسح التطبيق,Negative
d7ff33cd-c924-4e80-935d-242b6d75de99,Jumia,E-commerce,5,2023-11-24,شكراً جوميا,Positive
42e929a8-ea07-44bd-88fb-49f11cd99848,Jumia,E-commerce,5,2023-11-24,سهل وسريع,Positive
e77e8178-7e0c-4807-880a-4ab6f846d146,Jumia,E-commerce,5,2023-11-24,تجربه جيده جدآ,Positive
4dac43d9-fad0-4c53-a844-6a60d87f779e,Jumia,E-commerce,5,2023-11-24,المنتج رائع,Positive
8eb15751-62c7-4340-bb78-b9e89f2eaddb,Jumia,E-commerce,5,2023-11-24,انهكتييييير جميل لأنه يجعلني اعرف الأسعار و انا إذا ارت الشراء يمكنني الشراء,Positive
3719c5c4-7e29-4f52-bec1-6ddd7b70a0c7,Jumia,E-commerce,5,2023-11-24,شكرا جوميا,Positive
2478c2cc-56c8-443e-9246-46b1b360e3f7,Jumia,E-commerce,5,2023-11-24,خدمات متنوعه ممتازه جدا,Positive
c0f2cecc-3c85-48ad-86ab-cfd06eb2217f,Jumia,E-commerce,3,2023-11-23,تم,Neutral
2a73a7ca-9f29-45f5-9231-fbe9d452b044,Jumia,E-commerce,4,2023-11-23,كل التقدير والاحترام لكم,Positive
513f757a-f098-4227-a4aa-3a2f0a410cab,Jumia,E-commerce,1,2023-11-23,سئ جدااا الأسعار نااار على لبس ما أخده ببلاش حتى,Negative
355ba1d5-09d7-4fbb-9053-bd881d752d87,Jumia,E-commerce,5,2023-11-23,رائع,Positive
7bdf6905-89fd-4e3c-90e6-5a915c21b72b,Jumia,E-commerce,1,2023-11-23,أسعار عالية عن السوق,Negative
2b7b4929-e71c-4492-a374-0569598eae7c,Jumia,E-commerce,5,2023-11-23,شكرآ,Positive
bb8c8d2b-5d14-4b09-ae36-cd3798965ecc,Jumia,E-commerce,1,2023-11-23,أسواء شركة تسويق يجب الحذر من التعامل معهم ولدى الدليل على التضليل احذروا من التعامل معهم وجاري رفع دعوى قضائية 3896535,Negative
4cc6b87d-516b-4d92-9ed0-920c5733521d,Jumia,E-commerce,1,2023-11-23,بجد شركه زباله ومفيش مصداقيه للتوصيل وشركه شحن ازبل منه بجد حاجه فى منتها القرف,Negative
57fdd045-20be-4d99-b36e-37c2530325c3,Jumia,E-commerce,4,2023-11-23,رااائع جدااا..منتجات رااائعة وأسعار وعروض مميزة..ملحوظة هامة جداا.أتمنى التنبيه الشديد على مندوبى التوصيل بضرورة التواصل هاتفيا مع العميل عند توصيل الطلبية..عشان بتيجى رسالة مفاجأة كل طلبية إن المندوب لم يستطع التواصل مع العميل وبسبب ذلك لا يتم التوصيل فى المعاد المحدد..بالتوفيق دائما,Positive
7e5087e9-6109-4484-877c-24083e8f648f,Jumia,E-commerce,5,2023-11-22,التطبيق جميل جدا روعه والخصومات كتير جدا برنامج جميل يستحق مليون نجمه 🤍♥️🥺نشكر شركه جوميا ونرجو أن لا تكون هذه الشركه تدعم ولاد 🐷 الى بيقتلو فى اخوتنا 😭,Positive
f8dff4dc-b383-41d6-a1ff-fe8bc0c4f004,Jumia,E-commerce,1,2023-11-22,خدمة سيئة ومواعيد اسوء جوميا مصر,Negative
c3354423-9743-4815-84f5-e62547fd97d1,Jumia,E-commerce,1,2023-11-21,تأخير في التوصيل و مندوب بيقولي انزل عشان تاخد الاوردار,Negative
ff2a3b83-0138-47a4-a887-62d443204243,Jumia,E-commerce,4,2023-11-21,good,Positive
6e62ccaa-769a-4aed-a193-fa7258046d6c,Jumia,E-commerce,5,2023-11-21,تطبيق بمنتها الروعة 🥰🥰🥰🤩🤩🤩😍😍,Positive
6e9bd1c5-3cd8-4ab6-8f77-34c32c2b0bbd,Jumia,E-commerce,5,2023-11-21,جيد,Positive
14aa5e8a-534b-477c-b953-300872e7a8b5,Jumia,E-commerce,1,2023-11-21,شركة جوميا أسوء شركة في المغرب علي إكسبريس أحسن من هذه الزبالة بألف مرة .......توصيل في غضون 20 أيام وعلي إكسبربس فقط في 15 يوما عاد علي اكسبريس دولي تتوصل بمنتوجك بأرخص ثمن في غضون 13 يوم فقط وأما زبالة جوميا راها داخل التراب الوطني تتوصل في 20 يوما خدمات فاشلة علاش إنها فرنسية الزربية 😖😖😖😖😖👎👎👎👎👎👎👎👎👎👎👎👎👎👎👎👎👎👎👎👎👎👎👎👎👎👎👎🤢🤢🤢🤢👎👎👎👎👎👎👎👎👎👎👎👎👎👎👎👎👎👎👎👎👎👎👎👎👎😡😡🖕🖕🖕🖕🖕🖕🖕🖕🖕🖕🖕🖕🖕😵🦁🖕🖕,Negative
70f67b81-ca04-4427-8527-0b5a3a4f668c,Jumia,E-commerce,5,2023-11-20,موقع ممتاز,Positive
6bd2bbc9-d80d-41db-b989-98dbe6077d55,Jumia,E-commerce,5,2023-11-20,ممتاز جدا جدا وسهل وآمن الاستخدام,Positive
983c314b-feb9-4eea-a9e7-6e824a3f4761,Jumia,E-commerce,5,2023-11-20,ممتاز,Positive
9abe5593-f21a-4132-95db-ce7ed872e703,Jumia,E-commerce,1,2023-11-20,صهيوني,Negative
7b62a7b1-892e-4544-80c4-d7a2164e7aa4,Jumia,E-commerce,1,2023-11-19,تدعم آكلين الدماء الخوارزمايه,Negative
6819dff2-e51a-4b36-a10c-36249670c5dd,Jumia,E-commerce,5,2023-11-19,تمام 👌,Positive
8309fb15-e4df-44c3-874f-d596f13f6b39,Jumia,E-commerce,1,2023-11-19,ياريت ياريت بجد تعملوا تحديث في أسرع وقت يحل المشاكل اللي موجوده,Negative
5ed19430-5b7e-4a4c-9d73-ee4dee04c347,Jumia,E-commerce,1,2023-11-19,شبكة تجسس لا انصح احد بتحميلها,Negative
508090f5-9497-4e8a-941a-17837b46e894,Jumia,E-commerce,5,2023-11-19,روعه 😍😍,Positive
e05aed15-fa0c-4d27-97d3-078bd5866606,Jumia,E-commerce,5,2023-11-19,OWW,Positive
f4181c89-c60e-4618-bb20-fef11424e668,Jumia,E-commerce,5,2023-11-19,موقع تسوق متميز وانصح بالشراء منه,Positive
7aa653e2-202f-44c5-814b-11fe683cc7bc,Jumia,E-commerce,5,2023-11-19,رائع تطبيق سهل جدا 😍😍😍😍😍😍😍😍😍,Positive
bbf276c4-2840-41c9-bd77-6ba4e3398e99,Jumia,E-commerce,5,2023-11-18,التطبيق لا يسجل الدخول - فيه مشكلة في تسجيل الدخول,Positive
17b5ee33-cb88-492a-8e49-e9bbf965d9eb,Jumia,E-commerce,1,2023-11-18,لا تعمل اكواد الخصم,Negative
8b2d70ae-cd36-491a-8d0e-6abf19f8c5d0,Jumia,E-commerce,5,2023-11-18,جميل جدااا,Positive
44f0b618-90db-4d4e-9d11-9b85ece0b64f,Jumia,E-commerce,1,2023-11-18,Bad,Negative
5e57db30-e104-4623-a26a-8afebebb4154,Jumia,E-commerce,5,2023-11-18,أرسل لي cover هاتف Google pixel 3a xl,Positive
4a6f4ff0-482b-44d7-83bb-32760c2352de,Jumia,E-commerce,5,2023-11-18,موقع موثوق فيه بمنتجاته,Positive
8828a064-8a1d-4dbe-a06f-6830354f3ca3,Jumia,E-commerce,5,2023-11-18,اجمد سوق جوميا,Positive
5992f1ef-4b25-442f-a1a6-a7da49667df9,Jumia,E-commerce,1,2023-11-18,فاشل,Negative
50f77359-29c7-4d1f-8839-7f680d23bd8e,Jumia,E-commerce,4,2023-11-17,Plus de succès,Positive
2361738c-18b6-4a39-b7cb-8d8d5a2cfa78,Jumia,E-commerce,3,2023-11-17,حلو,Neutral
2c7ad6b2-6b52-483e-b478-3bdd6362663d,Jumia,E-commerce,5,2023-11-17,جيد جداً,Positive
b24ddcb3-a50c-42af-b6c6-5e63459182bc,Jumia,E-commerce,1,2023-11-17,لا توجد مدينتي في التطبيق,Negative
46f27b8b-bb69-4300-a7c2-389fc859ce45,Jumia,E-commerce,4,2023-11-17,اريد شراء كرسي قيمينق لكن سعره مرتفع 😭 كل البضاعة الاخري رخيصة الثمن لكن معدات القيمينق يكون سعرهم مرتفع اتمنى ردكم ❤️,Positive
3539b8b0-38d5-4106-88cf-ed941a1969b6,Jumia,E-commerce,1,2023-11-17,لا قيمه له,Negative
ed5ebfd7-3745-48a4-8e99-e5a9f2daec9a,Jumia,E-commerce,5,2023-11-17,موقع جميلة جدا,Positive
0038d457-2380-4fca-b109-bb7324a7f248,Jumia,E-commerce,5,2023-11-17,تطبيق رائع,Positive
09b0cbaf-9315-43d3-92cd-ec62f062905b,Jumia,E-commerce,5,2023-11-17,جوميا من افضل مواقع التسوق وفى الدفع,Positive
fc75c6d1-d6f5-4e41-a8ad-9e10de0480f6,Jumia,E-commerce,5,2023-11-16,تجربة ممتازة .. سرعه توصيل دايما بييي قبل المعاد المحدد و الحاجه بتبقى مظبوطة في كل مرة,Positive
b97ae351-27bb-4a3c-be90-df6de2307944,Jumia,E-commerce,4,2023-11-16,شكرا,Positive
9e1a05de-0e4e-4bb2-92f0-62cd2b4b2d80,Jumia,E-commerce,1,2023-11-16,مقاطع,Negative
c76cafb5-86c3-4053-a563-4ec0d6268b01,Jumia,E-commerce,1,2023-11-16,سيئه,Negative
e25a9193-8ccc-4654-b3ce-16408a4dbcb8,Jumia,E-commerce,1,2023-11-16,بحذر أي حد من التعامل مع الشركة خاصة بعد التحديث الدفع المقدم غير التعامل السئ لخدمة العملاء في موظفة قفلت في وشي السكة وفي موظف خدعني بانه حل المشكلة وطلع الكلام غير حقيقي,Negative
32575875-cadb-40a8-940c-8e92039ffe8e,Jumia,E-commerce,3,2023-11-16,الى حد ما حلو,Neutral
12d75577-da39-4e71-892d-acbe961db6a3,Jumia,E-commerce,5,2023-11-16,good,Positive
9624595f-8ec8-494c-8da5-71a9ef9377aa,Jumia,E-commerce,5,2023-11-16,ممتاز جداااااااااا,Positive
c8b0f10c-7168-4f22-9715-861370ea6a80,Jumia,E-commerce,1,2023-11-16,الان هناك العديد من مندوب التسليم يحاولون اسقاط جوميا ، تم عمل اوردر بمبلغ 1500 ج وتم الشحن ولاكن للاسف تم الغاء الاوردر من قبل المندوب للتعثر في العنوان بالرغم انه لم يتصل نهائي وتم الغاء الاوردر،، ولم اتعامل مع جوميا مره اخري وانصح بعدم التعامل معهم لسوء معامله المناديت تبعهم الان،،,Negative
2f0ebe43-f7b4-4178-b1d5-24152ae1d0ec,Jumia,E-commerce,1,2023-11-16,سيئه لدعمهم الكيان الصهيوني وساقوم بالغاء التطبيق,Negative
61713759-6dac-425f-8f1c-d32033feaf4a,Jumia,E-commerce,5,2023-11-16,رائع,Positive
81e919e4-280d-43ac-a3c7-28e4aee1866d,Jumia,E-commerce,5,2023-11-15,شكرا جوميا,Positive
6353986e-0819-4498-bff7-7a853722873e,Jumia,E-commerce,1,2023-11-15,داعم للي ميتسموش,Negative
21b30238-db58-4d77-83fd-d33d4a6c7b3c,Jumia,E-commerce,1,2023-11-15,عشان انتو معرصي,Negative
dcf51ce5-283d-4921-bcae-692544eb9dfe,Jumia,E-commerce,5,2023-11-15,ممتاز جدا,Positive
70ce911c-9753-4935-8b55-a5f18e339cac,Jumia,E-commerce,5,2023-11-15,افضل موقع للتوصيل السريع,Positive
47d431b2-3550-4985-9824-65caa92493e3,Jumia,E-commerce,1,2023-11-15,التطبيق بعد التحديثات بقي مستفز جدااا كل ما ابحث عن حاجه معينه مايجبليش وبيفرض عليا حاجات محددة انا مش عايزاها ...ياريت ترجعوه زي ماكان زمان ..بقي صعب التعامل معاه,Negative
c0959ce3-c80e-489f-95d2-107f44389ba7,Jumia,E-commerce,5,2023-11-15,أفضل متجر,Positive
9b42f46e-b538-46d9-8061-d9cc03db96f3,Jumia,E-commerce,5,2023-11-14,ممتاز,Positive
bdefbda7-acb4-420a-9aa3-c35b08405d93,Jumia,E-commerce,5,2023-11-14,خدمة ممتازه,Positive
4b358ed1-df38-4426-85f3-d2e92430a932,Jumia,E-commerce,1,2023-11-14,التطبيق ده مصري؟,Negative
7b26a4b4-f33d-45f8-ab17-9e797f42353f,Jumia,E-commerce,5,2023-11-14,ممتاز,Positive
542ef026-7a3a-439c-8729-960223a2b534,Jumia,E-commerce,1,2023-11-14,زبالة,Negative
eee35d0c-f6cd-4164-b433-7c783bd82fb5,Jumia,E-commerce,5,2023-11-14,صراحة التطبيق جد جميل اتمنى لكم الاستمرار,Positive
e668e553-d540-4b32-91f6-6af304856439,Jumia,E-commerce,3,2023-11-14,الأجهزة ساعات بتيجي متبهدله والتغليف مش كويس,Neutral
3a8b7eab-0e33-43fe-879d-c44c98f73cdb,Jumia,E-commerce,5,2023-11-14,nice,Positive
fb6ef642-a87e-45d1-b6d6-243fe53c9dde,Jumia,E-commerce,3,2023-11-14,ت🥲😅😅😅,Neutral
7a00f8f0-be08-4ff0-80d9-5f100e91a7c8,Jumia,E-commerce,5,2023-11-14,خدمات جيدة سريعة,Positive
cba5bd66-63e5-40f4-aec8-3a3bb9609057,Jumia,E-commerce,5,2023-11-14,ممتاز,Positive
995bc05d-c598-49be-8f4a-7e583069f72d,Jumia,E-commerce,5,2023-11-13,موقع متميز وفيه كل شىء,Positive
85db7654-f4e6-490c-860e-c6056b72b9a3,Jumia,E-commerce,1,2023-11-13,لايوجد التوصيل لمدينة الولدية,Negative
fcb079d8-bd9c-404b-b800-0169849bbf22,Jumia,E-commerce,5,2023-11-13,ممتاز,Positive
d44468b9-97ac-4871-9b24-dc188faf450b,Jumia,E-commerce,1,2023-11-13,سيئ,Negative
57f47a3c-ace8-44c0-8d18-e1d596beaaba,Jumia,E-commerce,3,2023-11-13,ممتاز ولكن هناك حاجيات لاتتوفر عندكم، لوازم oppo,Neutral
6ee1b88a-3d25-4a09-8e25-d0d3c6eae6fe,Jumia,E-commerce,3,2023-11-13,هايل,Neutral
2928a24d-0504-4b70-8556-20c2b3134926,Jumia,E-commerce,3,2023-11-13,الدفع صعب في بعض الأحيان,Neutral
88abe410-901f-4e92-9d45-631e8a8169fe,Jumia,E-commerce,1,2023-11-13,تطبيق ذى الزفت و نصابين ومعاملة ذى الزفت ولو حصل مشكله معاهم مش هتعرف تاخد حقك نهائيا,Negative
4f0e9479-919b-45c3-8360-1b19d44faf30,Jumia,E-commerce,5,2023-11-12,جيد جداً حتى الآن,Positive
b3c2f0dd-718c-41fa-9e7d-546ca694cd7e,Jumia,E-commerce,5,2023-11-12,تطبيق رائع جدا جدا جدا جدا,Positive
f5ea49a3-e1a2-4fe3-aa2a-4d77b11a8731,Jumia,E-commerce,5,2023-11-12,من افضل من تعاملت معهم اونلاين.. 💪 شكرآ چوميا 💛,Positive
dbb67d54-06a8-4cdd-97de-6d53ec9a8a27,Jumia,E-commerce,1,2023-11-12,مفيش المدينه بتاعتى,Negative
22e2ebd9-57f9-40c1-82fb-8227182dc25b,Jumia,E-commerce,5,2023-11-12,برنامج رائع في الاستخدام,Positive
1f2ffdaf-9af1-4ddc-8413-012d3fa56907,Jumia,E-commerce,1,2023-11-12,مقاطعه,Negative
adb8bd3f-c2d4-4367-bfff-0b8e20a04c63,Jumia,E-commerce,1,2023-11-12,ربنا,Negative
15a4f74d-1e89-4302-b7a5-163aa2e9c0f1,Jumia,E-commerce,1,2023-11-12,تجربه سيئه وان شاء لن تعود بسبب مناديب الشحن,Negative
0ebf39f7-789c-4e38-9740-be5febb1c867,Jumia,E-commerce,1,2023-11-12,برنامج زباله وداعم للكيان الصهيون* وتصنيفه اقل من نجمه انصح بشده بعدم تحميله ومقاطعته وتصنيفه بأقل من نجمه,Negative
c7c627bc-bea2-482f-8614-e516e2dfce98,Jumia,E-commerce,1,2023-11-11,fain 11 11,Negative
e601ada0-84ca-401c-9247-927797ecdfc9,Jumia,E-commerce,3,2023-11-11,تحت التجربة,Neutral
8e236392-2909-4a99-87ca-f07f46510b92,Jumia,E-commerce,1,2023-11-11,الشحن سئ والمعاملة سىيئه,Negative
50a59b28-8cd5-498a-b83c-000100b11a95,Jumia,E-commerce,1,2023-11-11,لحد ماتم عملية الشراء تم نفاذ اكتر من نصف طلباتي,Negative
e5169340-acc4-4cd9-977e-58914059b46b,Jumia,E-commerce,5,2023-11-11,شكرا جوميا,Positive
d9e7f261-6b35-4d81-81f0-b349e56e4f36,Jumia,E-commerce,5,2023-11-11,V good,Positive
d0b1913f-5047-428e-a5e7-830168d582d7,Jumia,E-commerce,1,2023-11-11,فااااااااااااشل,Negative
4872a071-b554-4363-b146-a0c817848068,Jumia,E-commerce,5,2023-11-11,شكرا,Positive
de466f58-3601-4e67-9148-a912881a76b1,Jumia,E-commerce,1,2023-11-11,مقاطعة,Negative
20907263-6ff1-41ab-a326-339d75788ce9,Jumia,E-commerce,1,2023-11-11,التطبيق لما بفتحه بيكتبلي ان مفيش نت مع اني الداتا مفتوحه عايزه اعرف اي السبب,Negative
fdde864b-38f8-4ee2-8927-914115f5315f,Jumia,E-commerce,5,2023-11-10,رائع,Positive
75075627-43ad-4057-974a-cec7518e6016,Jumia,E-commerce,1,2023-11-10,يدعم الصهاينة,Negative
e13216ad-2e1a-4b12-bbd7-a68691dfcb82,Jumia,E-commerce,5,2023-11-10,🥰,Positive
8ceee57a-a66c-4668-8ac5-3b92d2bdda64,Jumia,E-commerce,1,2023-11-10,مقاطعة حسبنا الله ونعم الوكيل فيهم,Negative
f1f188d1-9a4c-4e8f-b9be-2f42b00bc54b,Jumia,E-commerce,5,2023-11-10,حسنة,Positive
8441c0ec-8277-40cb-96c4-9fcf1af48d6f,Jumia,E-commerce,4,2023-11-10,رائع,Positive
cdbc20bc-4845-445d-8ab3-1054faf8841b,Jumia,E-commerce,1,2023-11-10,نصيحه اوعى اوعى اوعى حد يشتري حاجه منهم طلبت منهم حاجات ودفعت الفلوس بالفيزا وبعد سبع ايام او اسبوع الحاجه بتتلغي والفلوس بترجع بعد 14 يوم المشكله ان انت مش هتلحق تجيب حاجه تاني علشان هتكون العروض خلصت فخلي فلوسك واشتري من حته تاني زي امازون او نون ناس مضمونه وناس كلمتها واحده,Negative
0a526707-5a77-4252-8da8-761bad5c913c,Jumia,E-commerce,1,2023-11-10,سحبوا الفلوس ومرجعوهاش تانى,Negative
6535ac3e-4711-485e-a676-04ff86d002ff,Jumia,E-commerce,5,2023-11-09,أستخدم التطبيق لأول مرة وأجرب التسوق من خلاله أتمنى أن تكون تجربة ناجحة ومرضية كل التوفيق,Positive
5ce69d9f-a600-4aad-8789-5015d139d57c,Jumia,E-commerce,5,2023-11-09,عندكم الكلمة,Positive
b63c44aa-ea4b-44b7-9d47-eebcb3942658,Jumia,E-commerce,5,2023-11-09,ممتاز,Positive
67570288-5e04-4b28-b09d-6f133fc743ac,Jumia,E-commerce,3,2023-11-09,فيه مشكله في طريقة الدفع,Neutral
2205f5ef-be04-4ff1-95c3-c15fc648e3d1,Jumia,E-commerce,3,2023-11-09,معامله طيبه,Neutral
0c10d984-30b8-42c1-9b70-a611276269a2,Jumia,E-commerce,5,2023-11-09,بسيط وسهل,Positive
30e9ada6-3ad3-404f-80fa-20c4275324c8,Jumia,E-commerce,1,2023-11-09,مش راضي يدخل كل م اكتب بريدي الإلكتروني يقولي غلط بجد اتخنقت,Negative
3660d32a-9765-432c-9e66-96b27691ee89,Jumia,E-commerce,5,2023-11-08,افدلا,Positive
66e8085d-4af6-4f7c-8b47-6c87aa19d8bd,Jumia,E-commerce,5,2023-11-08,good,Positive
fa7fe030-d871-4585-9370-f9826f7de24b,Jumia,E-commerce,5,2023-11-08,معامله سهله,Positive
4ae95de4-93b6-4f22-8ae9-7b45ce303128,Jumia,E-commerce,1,2023-11-08,سئ جدا,Negative
8ae32173-8bc9-42c3-9f70-519c6c30d539,Jumia,E-commerce,5,2023-11-08,شكرا لكم على الرد,Positive
635207a9-9ff4-4249-a513-28fc330e33f4,Jumia,E-commerce,5,2023-11-08,حلو جدا و موفر وقت ومجهود,Positive
ae01a839-660a-4a34-9f33-3460e9f86ce3,Jumia,E-commerce,5,2023-11-08,سلعة ممتازه,Positive
612e7f31-ce26-4299-a561-a72d5445ed33,Jumia,E-commerce,1,2023-11-08,🤒,Negative
63189260-bf64-432d-8ef8-eabca0b3d5a0,Jumia,E-commerce,5,2023-11-08,التطبيق جميل جدا جدا والاسعار في مناسبه جدا انصحكم انكو تجربو,Positive
764c6ccf-f068-4d97-9d42-5eafcd4b285d,Jumia,E-commerce,5,2023-11-08,Excellent services !,Positive
8efeccf0-e5df-4ac5-a4c3-97dc7040326b,Jumia,E-commerce,5,2023-11-07,تجربه ممتازه,Positive
93d89dd7-c11b-4e3c-97e3-cc182fb678f6,Jumia,E-commerce,1,2023-11-07,يكتبولي لإنتر نت ضعيف بزاف وانايا نت نتاعي قوي جدا جدا,Negative
0c7278e2-3c94-44cc-a2fc-9a8301245e6e,Jumia,E-commerce,1,2023-11-07,التطبيق لا يعمل ويقول لا يوجد شبكة,Negative
381bd189-635c-4b13-ad55-a501f7f1be56,Jumia,E-commerce,1,2023-11-07,لقد تم سرق مني مال 300 جنيه من مستخدمه إسمها تيفاني,Negative
2176fe61-7be3-41a8-a78a-096930644dd8,Jumia,E-commerce,5,2023-11-07,perfect app,Positive
aa971901-4bd6-43ee-a4be-c6dfec33e261,Jumia,E-commerce,5,2023-11-07,excellent 💯%,Positive
478c3377-44b3-42d4-aefc-2dc7db18c201,Jumia,E-commerce,5,2023-11-07,is very good I like,Positive
027bb393-cd50-49d2-b2b1-3fd7d0abe5ae,Jumia,E-commerce,5,2023-11-07,محترمين,Positive
5fdda288-ea0d-41ab-aad8-ba0a3f7f380e,Jumia,E-commerce,5,2023-11-07,شكرا,Positive
c6983ec3-c9e5-4ab9-bad4-ff491692f646,Jumia,E-commerce,1,2023-11-06,الاوردر لسه مجاش,Negative
3f53b67e-70ee-4a1c-82a4-74d2742760e3,Jumia,E-commerce,5,2023-11-06,محترمين,Positive
03335328-df59-4ca7-a7a5-711a731a08eb,Jumia,E-commerce,5,2023-11-06,راااااااااااااااائع,Positive
371fe170-1349-4b74-9318-389adf573520,Jumia,E-commerce,1,2023-11-06,تجربه سيئه لأبعد الحدود,Negative
1cd425f1-8ad7-4ff9-b182-edbc963d7daa,Jumia,E-commerce,1,2023-11-06,عروض كاذبه,Negative
870deeb4-b67c-422c-af15-a6cabeb310e2,Jumia,E-commerce,5,2023-11-06,تطبيق جميل جدأ,Positive
009ef758-6c20-4753-8db2-97d82668ab5a,Jumia,E-commerce,1,2023-11-06,Plstineeeeeeeeee free,Negative
879572d3-33a6-459b-9875-5b306973b597,Jumia,E-commerce,5,2023-11-05,برنامج ممتاز,Positive
bf196687-1d8a-450d-9d24-55d9fa106a62,Jumia,E-commerce,1,2023-11-05,التطبيق لا يستجيب تسجيل الدخول ارجو الحل,Negative
f569896b-89d3-41e0-9447-40b587228a1a,Jumia,E-commerce,5,2023-11-05,رائع,Positive
e1e1865f-9af1-4cf2-8818-c2a20d0379e0,Jumia,E-commerce,3,2023-11-05,العروض قلت,Neutral
98664cff-282c-4e9e-98a8-508c4f80461f,Jumia,E-commerce,1,2023-11-05,لماذا لا يوجد التوصيل الى الحسيمة,Negative
6838f43f-03f5-463b-a130-b84617bed366,Jumia,E-commerce,5,2023-11-05,كل مااجي افتح عروض الجنيه مش بتفتح خالص عندي يعني المفروض العروض بدأت الساعة ٢ النهاردة والساعة دلوقتي داخلة على ٢ ونص واول ٣ عروض مش ظاهرين عندي ماتفتحوش اصلا لو مش هتفتحوهم متعملوش عروض اصلا كده مفيش مصداقية,Positive
7858d60d-ecd8-4386-bdf1-0f764aea67ca,Jumia,E-commerce,5,2023-11-05,جامد,Positive
8a75fc5a-3046-47b2-9f5e-59e23df3da8e,Jumia,E-commerce,5,2023-11-05,تحفه,Positive
d834da09-5435-4c24-a175-b56da76f65c0,Jumia,E-commerce,5,2023-11-05,بجد استار,Positive
29a0b634-0814-4d98-b585-4b2f66350840,Jumia,E-commerce,5,2023-11-05,الخدمه اتحسنت عن السنوات اللى فاتت كتير وبالذات خدمه العملاء واسعار الشحن والارجاع والتوصيل,Positive
54512ad7-a55e-410c-ad47-24551807a1a5,Jumia,E-commerce,5,2023-11-05,جيد,Positive
95ec59d3-83b2-4489-a6ee-ca07b33138cb,Jumia,E-commerce,5,2023-11-05,أنا صحيح اولا مره اشتري من جوميا او من عن طريق النت اصلا بس بين عليهم ناس طيبين جدا,Positive
6dac54b5-cdc7-430f-a819-1b6fa81d138b,Jumia,E-commerce,4,2023-11-05,موقع تسوق أكثر من رائع,Positive
c6d7d177-d128-47d6-b680-4c0cdc97259a,Jumia,E-commerce,1,2023-11-04,سيء جدا,Negative
f546a4fb-7876-41cf-a397-704c701f058e,Jumia,E-commerce,1,2023-11-04,اسوق سوق في العالم تبحث عن هاتف يطلع لك بوشيط,Negative
44d081b7-7a7e-4a28-8ee7-089d05e2fb63,Jumia,E-commerce,5,2023-11-04,احسن تطبيق,Positive
e15b0104-3599-4f80-9fd7-1f695390bd00,Jumia,E-commerce,5,2023-11-04,رائع,Positive
2776c44e-db29-45eb-a6c8-45c4941e2d30,Jumia,E-commerce,1,2023-11-04,دائما ما بتم إلغاء طلبي لأسباب تافهة,Negative
8ffa4d7f-879e-4823-ad39-2dab6fdfb51f,Jumia,E-commerce,1,2023-11-04,تم حذف البرنامج الابلكيشن,Negative
e4dea31b-4d60-4291-bc65-a0ab2d2674d1,Jumia,E-commerce,5,2023-11-04,بحب التعامل مع جوميا لأنها منتجانتهم ذات جودة وخدمة العملاء ممتازة وارجاع المنتج متوفر بسهولة عندهم غير باقي المواقع اللي بيبقى صعب ترجع منتج ماعجبكش او فيه عيب وكمان سرعة التوصيل والتعامل الممتاز مع مندوب الشحن اتمنى تحافظوا على مستواكم ... شكرا,Positive
36ec6334-10d5-434c-9338-cbfb57116058,Jumia,E-commerce,1,2023-11-04,يدعم الاحتلال,Negative
0941e893-1364-49ef-82d4-e5b377d94fc9,Jumia,E-commerce,1,2023-11-04,قليل على وصفه كلمة سيئ,Negative
66587374-282f-40d3-a3d9-661df4ef6304,Jumia,E-commerce,1,2023-11-04,الأسعار في أمازون نص التمن تقريبا ونفس الحاجة 🤘🏻,Negative
a9cd61f0-eef1-4d24-83df-e79d28282b2e,Jumia,E-commerce,5,2023-11-03,رائع جدا,Positive
ac679eb9-c75f-4a19-8565-930b3b6dbc2f,Jumia,E-commerce,5,2023-11-03,Bien,Positive
8cef1cd5-9043-48f4-a459-8efa64cbbe6f,Jumia,E-commerce,5,2023-11-03,ممتاز,Positive
379be78e-4484-40f4-bdd5-9670fb19a7c4,Jumia,E-commerce,5,2023-11-03,ممتت د,Positive
0e049479-1cee-4f7e-a15b-c9bd7cfec039,Jumia,E-commerce,1,2023-11-03,تأخر في الوصول بالاضافة وسياسة ارتجاع عقيمه لا انصح باستخدامه,Negative
4e3226e7-e934-4c53-bfa3-bf3325e198d0,Jumia,E-commerce,5,2023-11-03,افضل عروض,Positive
77df5291-15e3-4558-8240-79a99a0a42ec,Jumia,E-commerce,5,2023-11-03,اسعار تحفه,Positive
4d2db82e-dd97-4b1f-a34b-6a0f4588a6c6,Jumia,E-commerce,5,2023-11-03,قمه التكنولوجيا والأمان .. شكرا جزيلا,Positive
ae73c47d-7a0f-4f37-bc77-6615cf6f2b3b,Jumia,E-commerce,5,2023-11-03,لطيف,Positive
8777bada-fade-49e6-b82a-4d54b82663cd,Jumia,E-commerce,1,2023-11-02,سيء جدا يدعم الصهاينة قاتل للاطفال,Negative
58e22d8b-130f-4870-b358-f3d43ff87a99,Jumia,E-commerce,5,2023-11-02,ممتاز واسعار ممتازه,Positive
b851274e-91ff-42c6-b6bf-06af8bece690,Jumia,E-commerce,5,2023-11-02,ممتاز,Positive
05bb4507-fc29-4a6d-a9eb-e3e11f486ea9,Jumia,E-commerce,5,2023-11-02,ممتاز,Positive
dd10117c-a513-4251-b440-eb432e1b399c,Jumia,E-commerce,1,2023-11-02,موقع سئ خاصة في بيع الأجهزة الإلكترونية,Negative
9ff71dca-fbc3-46ab-b313-2ce755d4a621,Jumia,E-commerce,5,2023-11-02,موقع ممتاز وله مصداقية في التعامل,Positive
ebdbafb7-bd8e-4846-92c1-59cf1f55069f,Jumia,E-commerce,5,2023-11-02,جميل,Positive
f169c81b-3824-401e-a8ec-90e5468a0175,Jumia,E-commerce,5,2023-11-02,تطبيق ممتاز انصح باستخدامه,Positive
e839aa19-2c1e-4113-b1f2-1a0421e2d077,Jumia,E-commerce,1,2023-11-02,مقاطعة,Negative
6daae0f8-69dc-4e71-9b6f-8f482b2e019a,Jumia,E-commerce,5,2023-11-02,جميله جدا,Positive
bdc8bdb1-bedb-4df7-a89d-e75b4985f8d1,Jumia,E-commerce,1,2023-11-01,عدم المصداقيه وعدم حل المشاكل,Negative
49a97032-0804-4424-a526-da031d33d341,Jumia,E-commerce,5,2023-11-01,منتجات رائعة وتوصيل في اسرع وقت شكراً جميا,Positive
3fc954e2-985f-4460-bd86-406a6e7016df,Jumia,E-commerce,5,2023-11-01,أعجبني التطبيق هو حبو ومتوفر فيه أمنياتي حرفيا,Positive
9375219b-e239-4972-bf30-b04cad43802c,Jumia,E-commerce,5,2023-11-01,شكراً,Positive
2ed45548-c757-4a6f-9790-d25d9e8c646c,Jumia,E-commerce,5,2023-11-01,تطبيق موميز جدا,Positive
c16b6082-f7d4-4d76-8698-7484cb1c0ece,Jumia,E-commerce,1,2023-11-01,كويسه بس لسه مستلمتيش اتمنا يبقا المنتج كويس,Negative
1d741198-5f3b-4288-a5d9-241265751cf2,Jumia,E-commerce,1,2023-11-01,شركاء بالنصب مع البائعين,Negative
cd80272b-71f9-4a4e-8851-c00a97b20ef6,Jumia,E-commerce,5,2023-11-01,تطبيق جميل ويوجد به كل شيأ,Positive
27b3a479-e86a-4dea-9680-b6721d925c11,Jumia,E-commerce,5,2023-11-01,أنصح الجميع بتحميله%100,Positive
c49fc2c4-3813-43ad-9b2d-ee9420c059ba,Jumia,E-commerce,5,2023-10-31,تطبيق جميل جدا,Positive
864151b7-c889-45bb-9291-3e9f335daac1,Jumia,E-commerce,1,2023-10-31,اسوء تطبيق في العالم,Negative
15517009-7ed7-4892-be9b-777629c4bdcd,Jumia,E-commerce,5,2023-10-31,جميل,Positive
76a1949c-7a8e-4edb-b103-1080d19ebb34,Jumia,E-commerce,5,2023-10-31,جيدجدا,Positive
6a184d3e-934b-4e94-a448-590a3a0a9df0,Jumia,E-commerce,2,2023-10-31,غث٦فقذث٣4٣ مرحبا طسي سيفي مرحبا مليون ب٥ ٣٥٨٩سصسظ,Negative
2945e927-28bb-43a0-8ffb-dce609cedbbd,Jumia,E-commerce,1,2023-10-31,مقاطع كل ما يدعم الصهاينة,Negative
fc95e27b-daa1-40d0-a4df-de0f21fcf8ae,Jumia,E-commerce,5,2023-10-31,جميل صراحه بتوفيق للجميع,Positive
23ee03bc-6fd7-40f6-93f5-1c45bf04a80b,Jumia,E-commerce,5,2023-10-31,نجمة لانكم بتساندوا الصهاينة المحتلين وجاري الحذف,Positive
89cb44ed-53ea-4243-9260-08f0b9120d0e,Jumia,E-commerce,1,2023-10-30,عاش,Negative
fc3fdb77-e670-40a5-bb9e-68f6e8724713,Jumia,E-commerce,5,2023-10-30,Good,Positive
b42db20d-bbfe-48b2-b54f-85ae76dc8d09,Jumia,E-commerce,1,2023-10-30,(because of the bias towards Israel is one star,Negative
c0929a4c-a45a-474f-bd83-3e12fd083a28,Jumia,E-commerce,1,2023-10-30,👎👎👎,Negative
7784d87a-25e7-4d3b-8887-dcb1c9326992,Jumia,E-commerce,5,2023-10-30,متفانون وأفضل معاملة وسهولة بالاسترجاع مع اعطاؤك خيارات كيفية استرجاع نقودك أو قسيمة شراء,Positive
bf8c94b5-a52f-436d-8161-3e3f179a91ae,Jumia,E-commerce,5,2023-10-30,فكرة الدفع عند الاستلام أعجبتني كثيرا موفقين ان شاءالله,Positive
5cda428e-3d0d-44b4-b8c4-b061304e9bff,Jumia,E-commerce,1,2023-10-30,يدعم الكيان الصهيوني,Negative
a26ebc6f-0fbe-48b5-b55e-7658e5d21c1d,Jumia,E-commerce,5,2023-10-30,حبيت التعامل مع جوميا تطبيق ممتاز,Positive
d5815fdc-de02-4e23-a73e-ae86edf18cb4,Jumia,E-commerce,1,2023-10-29,مؤذي بالاعلانات,Negative
96a13dd0-6773-459d-8a82-ac1e15ba6c95,Jumia,E-commerce,1,2023-10-29,اسوء برنامج و اسوء موقع و كله نصب,Negative
128d53d0-f95e-421f-8b32-8c7b57d4ae35,Jumia,E-commerce,1,2023-10-29,مقاطعه,Negative
521aa2ba-d5ea-40f1-ad82-7da85e116d9b,Jumia,E-commerce,5,2023-10-29,برنامج مفيد,Positive
24dbf477-1f83-4516-a602-4e44cf7c8b2c,Jumia,E-commerce,5,2023-10-28,Ok,Positive
8a8c4c80-dbe1-4a9f-9a3d-c61521e356be,Jumia,E-commerce,5,2023-10-28,مرحبا,Positive
65387de4-06f5-4053-a1ed-85d909832b6e,Jumia,E-commerce,5,2023-10-28,الخدمات سريع,Positive
f9a04b52-817b-4047-a768-d3684338ec7a,Jumia,E-commerce,1,2023-10-28,هقول تجربتي كبائع في جوميا فهو من اسوء المتاجر الالكترونيه على الاطلاق,Negative
6e8a0bb2-d185-4024-8994-17867c2996ec,Jumia,E-commerce,3,2023-10-28,لا يوجد قوص للصيد الكسير من الاشياء لا توجد🥲,Neutral
c5791e39-cc29-404b-b9db-48ad6566a84d,Jumia,E-commerce,5,2023-10-28,👌,Positive
81760c05-456f-4f83-bbc1-4721bd7e8ade,Jumia,E-commerce,5,2023-10-28,ممتازه جدا وكل منتجاتها رائعه وسعر مناسب وديما المنتج كما الصوره لا اختلاف وسرعه وانضباط فى التوصيل,Positive
ea71af6b-6c3e-47ee-a069-47986e0f4165,Jumia,E-commerce,5,2023-10-27,ممتاز,Positive
c0ef48ca-b12e-47b0-8709-62b0bdac25ff,Jumia,E-commerce,5,2023-10-27,راوعة,Positive
a423dae2-caaa-4f0c-b3c2-06d026540208,Jumia,E-commerce,1,2023-10-27,Free palsten,Negative
3a65a0d1-1e88-481a-bacb-902e5a8b4d09,Jumia,E-commerce,1,2023-10-27,Absolute biast owards lsrael,Negative
619769df-f0fb-4e0e-b19d-fdb7ddc200cc,Jumia,E-commerce,5,2023-10-27,انه تطبيق رائع من حيث التسوق و الاثمة مناسبة و المثاليه في هذا الموضوع هو الدفع عند الاستلام😍✌,Positive
ba354b90-52c6-4da0-8c2f-e5c0bae77903,Jumia,E-commerce,5,2023-10-27,ممتاز,Positive
ad41813f-ae04-440a-bd7b-193228980828,Jumia,E-commerce,5,2023-10-27,قيد التجربه,Positive
78000729-ec92-4c77-9eb9-26e66546786d,Jumia,E-commerce,5,2023-10-26,شركه محترمه,Positive
9d15a162-6ae2-40b4-8310-341ca825b41c,Jumia,E-commerce,5,2023-10-26,بجد اكتر برنامج ان لاين عجبنى هوا يستحق اكتر من فايف ستار,Positive
cae09dec-3c75-4ae0-b132-26b4d5d4fc64,Jumia,E-commerce,5,2023-10-26,❤️,Positive
e5304bd0-a11a-47a1-8537-a6afd845d7af,Jumia,E-commerce,5,2023-10-26,خدمة تسوق رائعة,Positive
ee24a15e-6769-45ea-a5f9-7a2542e45516,Jumia,E-commerce,5,2023-10-26,شركة ممتازة والمنتج ممتاز جدا,Positive
979e251e-fba5-49f8-bee3-f804c23794c0,Jumia,E-commerce,5,2023-10-26,خدمة ممتازة من شركة رائدة,Positive
0e0ead76-1ae1-4604-8ad7-a297c0b4c440,Jumia,E-commerce,5,2023-10-25,ممتاز,Positive
42dfbc5f-3acd-40e4-a29b-d1efa13b7940,Jumia,E-commerce,5,2023-10-25,ممتاز جداً,Positive
b90b699b-d7fa-434a-9f0a-1dde2263cdcc,Jumia,E-commerce,5,2023-10-25,شكرا شركه ليها وجود غير باقى الشركات اشيائها تالفه وعند ارجاعها ليست موجوده,Positive
94f8ce63-c8d9-442b-870a-0b310bcaafac,Jumia,E-commerce,1,2023-10-25,👎,Negative
0de6ddce-8973-4487-82a6-3a61a347a69a,Jumia,E-commerce,5,2023-10-25,الأن كاين معامن,Positive
5d6c42a3-3c74-4999-bb01-68be1b663a2a,Jumia,E-commerce,1,2023-10-24,ارسالوا لي منتتج اخر غير الذي طلبت مع اجباري على اعادته الي شركة التوصيل بنفسي مع اعطاءي عنوان خاطىء .كلفني نصف يوم من البحث لكي اجد شركة التوصيل اجبروني علي الغياب عن العمل. اين المصداقية؟,Negative
646c7fae-6bd4-451d-ba63-e70f98baad7e,Jumia,E-commerce,5,2023-10-24,برنامج جميل جدا ❤️,Positive
550920f9-571f-4ef5-83c2-06539622db9a,Jumia,E-commerce,1,2023-10-24,التطبيق لم يعد يعمل في المغرب بتاتا,Negative
6e0c36ea-d11c-4869-92a6-8bec9a29d54c,Jumia,E-commerce,5,2023-10-24,ممتاز,Positive
30690755-ebc3-4f7c-9096-117345534447,Jumia,E-commerce,5,2023-10-24,سنين بتعامل معاها ممتاز,Positive
94b89867-3531-4fe2-a9f7-16a50df510b0,Jumia,E-commerce,2,2023-10-24,أولا حاجات كتير اشترتها و لاقيت أسعارها أغلي من برة ، ده غير الخامات مش جيدة خالص ، ثانيا ليه كل لما افتح الأبلكيشن اعمل تسجيل دخول الموضوع ده وحش جدا جدا,Negative
1f9e7d69-ea05-4f24-b5e0-4bef4f415be4,Jumia,E-commerce,5,2023-10-23,جميل جدا,Positive
87e2b4d1-72f3-4fc7-93e2-f2185e0693fb,Jumia,E-commerce,5,2023-10-23,سهوله التسوق الالكتروني اول مره,Positive
8df3a72b-6111-4eb0-94b9-4fe297679519,Jumia,E-commerce,5,2023-10-23,احسن موقع باحسن عروض,Positive
3e890aed-0004-44c4-9be1-22dae5f41b73,Jumia,E-commerce,1,2023-10-23,سيئة تم الغاء الاوردر بعد شحنه للمرة الرابعة والسبب تلف الشجنة لرابع مرة جوميا سيئة ف التعامل,Negative
ec0c96bd-b3cb-4690-a30f-d21a68a6a6d2,Jumia,E-commerce,4,2023-10-23,كانت رائعة,Positive
3d5dba88-34e6-40ee-8413-f403c35f312c,Jumia,E-commerce,5,2023-10-23,جميل جدا,Positive
0b6a2cc2-befd-4457-ac4d-35ed4561e785,Jumia,E-commerce,4,2023-10-23,انه جيد في التسوق ولكن نتلب تخفيف الاتمن قليل لتجربة أفضل ونطلب بمنتجات جديد واحدي جديد 🤗وهدا كان تف,Positive
6cecbed6-e673-426e-9b9f-71b44a62e4a9,Jumia,E-commerce,5,2023-10-23,انه بالفعل رائع وجميل لكن هناك خطأ في التوصيل,Positive
244005dd-8218-48bd-a0fc-ea4e49cf4ca3,Jumia,E-commerce,5,2023-10-23,من افضل المنصات الاون لاين,Positive
68642a07-0e90-4eb4-b4d0-305de34ac389,Jumia,E-commerce,5,2023-10-23,ممتاز,Positive
9a9e9b56-f034-4241-b41a-bd4ab8e0a370,Jumia,E-commerce,1,2023-10-23,سيييء,Negative
8146a446-1df7-4c51-9b1e-668d550862a8,Jumia,E-commerce,5,2023-10-22,جيد جدا,Positive
96a99588-880e-4cc9-9cce-b9779e4cc8fa,Jumia,E-commerce,1,2023-10-22,خدمة تحت مستوى,Negative
2584c7c0-b657-4fd5-a02d-2b8dcfb3f97b,Jumia,E-commerce,1,2023-10-22,لا يوجد اي مصداقيه وتوصيل طلبات غلط ولما يحطوا فلوس في الرصيد كمحاوله للإعتذار عن اخطاءهم يطلبوا الدفع مسبقا لما تعمل طلب وبعدين يسحبوا الفلوس اللي حطوها كهديه بعد منعك من استخدامها,Negative
93a55c91-a77b-47c4-b825-99f9a43167f5,Jumia,E-commerce,5,2023-10-22,جميل,Positive
356aebd9-2e03-4362-bfc3-c38dc1c048f9,Jumia,E-commerce,5,2023-10-22,جاااامد,Positive
6807ae47-373e-4777-a497-d90ca132bfc5,Jumia,E-commerce,5,2023-10-21,مع الشعب,Positive
3f948a41-fb96-4913-a1d9-33cdfcff2917,Jumia,E-commerce,5,2023-10-21,good 👍👍👍😊👍,Positive
3732cb9f-cd6f-40bb-be88-3987be94f702,Jumia,E-commerce,5,2023-10-21,ده قمر قمرين حاجة كده عسل❤️❤️❤️,Positive
bb62962e-1217-4ac0-bfad-4a2b19b689b0,Jumia,E-commerce,4,2023-10-21,اول مره اعمل معامله,Positive
9dd2bb66-4d3c-4191-9f94-09aded62e8ef,Jumia,E-commerce,5,2023-10-20,كل منتجات جوميا موثوق فيها وليها ضمان افضل الاسعار ممتازه وتقد تبدل في خلال ايام,Positive
26e49eaf-fc3e-4a15-bc12-f717d5b8187e,Jumia,E-commerce,1,2023-10-20,👍,Negative
cedf0122-9264-44af-ae13-ae3437b83b21,Jumia,E-commerce,3,2023-10-20,جيد ولاكن لا يوجد الكثير من المنتجات💗😀,Neutral
a865d252-1b8a-407a-b24c-7d53b2dbe654,Jumia,E-commerce,5,2023-10-20,معامله جيده,Positive
ab365120-c667-460f-be7a-04e9f0cf6dee,Jumia,E-commerce,5,2023-10-20,تطبيق جميل 🤩,Positive
069885cf-4403-4dfe-83c6-1c5fb23cf21f,Jumia,E-commerce,5,2023-10-20,هذا برنامج رائع,Positive
b72f0631-14d0-4f72-b378-7d56902feb0d,Jumia,E-commerce,5,2023-10-20,جيدة,Positive
42219d85-c8b8-4d1e-b43e-ef5e2f3c6730,Jumia,E-commerce,3,2023-10-20,الشكل جميل لكن لسة لما اشوف الخامة,Neutral
178a0e55-120d-4ade-9427-4168aa025c39,Jumia,E-commerce,5,2023-10-19,تطبيق ممتاز,Positive
101ea54b-4821-4430-865e-9847908d5c94,Jumia,E-commerce,5,2023-10-19,تطبيق رائع,Positive
6609d8a9-8c36-4668-b976-53ab221f4095,Jumia,E-commerce,5,2023-10-19,👍🏻الخدمه والتوصيل ممتازه.,Positive
7dfcf2d3-2b3f-4131-be58-463182ca3639,Jumia,E-commerce,1,2023-10-19,الحساب كل شوية يعمل تسجيل خروج لوحده وبيطلع عين الواحد علشان يسجل دخول تاني وحاجة تقرف,Negative
1008e51a-9855-44e0-b39d-db1b1cb46ce8,Jumia,E-commerce,5,2023-10-19,رائع جدا,Positive
7b27479d-5783-473e-8395-eab0401a1994,Jumia,E-commerce,5,2023-10-18,565yt Mohamed,Positive
32756497-fc15-4951-b2e5-093c0613452c,Jumia,E-commerce,5,2023-10-18,ممتاز,Positive
9fafb860-7837-4134-820d-b531527e3a6d,Jumia,E-commerce,5,2023-10-18,جوميا تطبيقى المفضل لانه الاسهل فى التسوق والارخص فى الاسعار,Positive
91ce0119-32aa-4dae-b1d8-9a374beac763,Jumia,E-commerce,1,2023-10-18,تطبيق زباله وكل ما اسجل دخول يقولي حدث خطأ,Negative
9fe4df03-0c6f-4572-b5b6-4c9f20ead799,Jumia,E-commerce,4,2023-10-18,كويس والله بس محتجين سرعه,Positive
22c96436-0793-4de4-b97b-0000a24ac2b6,Jumia,E-commerce,5,2023-10-18,ممتاز,Positive
961d58e7-adc8-4ad7-9e4f-c56738b2d9cc,Jumia,E-commerce,5,2023-10-17,رائع حقا,Positive
d3e44611-33cb-4e23-ad9e-bd7379fdb3f2,Jumia,E-commerce,5,2023-10-17,التطبيق جميل جدا اقيمه ب 5 نجمات,Positive
54650d43-89e6-4d7e-b85c-21def20136e2,Jumia,E-commerce,5,2023-10-17,بالفعل أفضل تطبيق روعة و خدمة العملاء محترمه وجميلة وهو أفضل من أي تطبيق,Positive
10d0f485-1924-421c-a57d-2ff3baa258e6,Jumia,E-commerce,5,2023-10-17,ممتاز,Positive
f11a55b0-3e98-474f-9604-995343a50381,Jumia,E-commerce,5,2023-10-17,نصح أي واحد إشري من جوميا راها أحسن موقع الإنترنت أو كيدعم الدفع عند الاستلام نقدا في المغرب وفي جميع الدول,Positive
0d5918fb-33cc-4fcc-ae67-2f62ea724fec,Jumia,E-commerce,5,2023-10-17,جميل ان اتسوق في جوميا,Positive
ea57c8a5-0106-4b8e-8b98-d1ea8157bc1f,Jumia,E-commerce,5,2023-10-17,تمام,Positive
de3e7fbe-06e2-46a6-b67b-d83920c0b55e,Jumia,E-commerce,5,2023-10-17,روعة,Positive
72850ca4-a519-4275-9e60-641a248c119b,Jumia,E-commerce,5,2023-10-17,عند تجربة فقط سؤال جزاكم الله خيرا اليس هناك شراء ودفع الثمن بالتقسيط,Positive
9fd0c5fd-5530-4158-b4a6-0b49bab9fe00,Jumia,E-commerce,5,2023-10-16,ممتاز,Positive
28fa16a5-aa04-4421-9df1-270614a390eb,Jumia,E-commerce,1,2023-10-16,جيد,Negative
e8fafa77-18ee-4db7-b3f0-9ad987761821,Jumia,E-commerce,5,2023-10-16,جميل,Positive
3460b7c4-ce4a-4bb3-a30b-95dfa5254ce4,Jumia,E-commerce,5,2023-10-16,جميل,Positive
6e044a54-a50a-46c1-973e-bf869a3286de,Jumia,E-commerce,5,2023-10-16,ابلكيش ده من احسن الأسواق اللى اتعاملت معاها والاوردر جالى علطول مااخدش وقت والحاجه هياهيا نفس الشكل وانشاء الله مش اخر تعامل,Positive
9fa7d095-bde0-439e-a254-701b4778aef3,Jumia,E-commerce,5,2023-10-16,تطبيق رائع,Positive
1f768824-113a-482e-ac95-65615984d9f9,Jumia,E-commerce,5,2023-10-16,جربتوا وكان رلئع,Positive
48f705f4-68db-4a42-b83a-4844884f69a4,Jumia,E-commerce,5,2023-10-15,الأرخص بين المتاجر بعد دراسة كامله,Positive
7c2e49ec-69e1-4d07-b605-b53c4e6fef70,Jumia,E-commerce,5,2023-10-15,رائع جدا في المعامله وتغليف المنتجات ومنتجات كما في الوصف,Positive
581eba7f-a023-4933-aa93-447835ef4f32,Jumia,E-commerce,5,2023-10-15,ممتاز,Positive
5b8c1ed0-39ad-4265-b89b-6a117f382dc6,Jumia,E-commerce,5,2023-10-14,عن تجربههه ممتاز☺️☺️,Positive
fcb5c5d9-9ea7-4095-842a-2461d184c1e4,Jumia,E-commerce,5,2023-10-14,سهل,Positive
e148a42d-a441-4739-b2c8-80ee15d944e7,Jumia,E-commerce,5,2023-10-14,جيد,Positive
7eb96fe7-fc23-4b49-a33e-c20abb98919b,Jumia,E-commerce,5,2023-10-14,ممتازين,Positive
cd7475ae-0077-4ec3-9988-2efd162ac68e,Jumia,E-commerce,5,2023-10-14,نشكركم على احترام الكلمه وسرعه التواصل,Positive
fad42c97-4441-437d-b00e-2f2ed75cb803,Jumia,E-commerce,5,2023-10-14,مفيد جدا والله,Positive
2840271f-7eaf-4545-a162-1e246dc7cb62,Jumia,E-commerce,5,2023-10-14,تحت التجربه,Positive
c030c63b-af8d-47d0-86e8-6c91b3ddbc92,Jumia,E-commerce,5,2023-10-13,التطبيق خرافي ❤👌,Positive
e7141058-812e-47f5-afd9-02aefb2e5f47,Jumia,E-commerce,1,2023-10-13,❤❤❤❤❤😍😍😍,Negative
50e21840-6da2-4400-bc49-c078839088cc,Jumia,E-commerce,5,2023-10-13,شركة محترمه، وسرعة في توصيل الطلبات,Positive
68164eb6-9aec-47be-b931-1e48d62897ed,Jumia,E-commerce,1,2023-10-12,الأدوات قليل جدا,Negative
8304bfeb-9bae-4113-bcc6-5778c4ba5430,Jumia,E-commerce,5,2023-10-12,Ok.merci,Positive
0c1018d5-3108-47e2-bc9f-1daf2645c75c,Jumia,E-commerce,5,2023-10-12,مفيد,Positive
936daea9-cefe-4ecb-af6f-81dfc47fb4a8,Jumia,E-commerce,5,2023-10-11,جيد,Positive
0410f483-5b37-4ada-aa73-6e0855c9d300,Jumia,E-commerce,5,2023-10-11,Waw very good,Positive
773dee0d-1f10-4296-a132-5bc457c2e285,Jumia,E-commerce,5,2023-10-11,hada jid jamil,Positive
65255c19-565e-4aa3-bfa4-733481e4144e,Jumia,E-commerce,5,2023-10-11,احسن موقع,Positive
898130c0-58a5-479b-b750-c946fecf5129,Jumia,E-commerce,1,2023-10-11,حثالة,Negative
af677122-65af-4dc8-9d8b-6db89cd3707b,Jumia,E-commerce,5,2023-10-11,جوميا الإختيار الأمثل,Positive
2c49fff5-faac-4a83-be59-69b32f2e9e47,Jumia,E-commerce,2,2023-10-11,في مشاكل في التسجيل دائما يقول الرقم السري غير صحيح,Negative
36416085-3010-47b9-b2a4-948358c1fbb2,Jumia,E-commerce,5,2023-10-10,💯💯💯💯💯💯💯💯💯💯,Positive
34ac19cb-46d4-4493-926b-685cf92fa7b5,Jumia,E-commerce,5,2023-10-10,حلو,Positive
27215a38-a59f-4700-8d25-8b6eb926e9eb,Jumia,E-commerce,5,2023-10-10,جميل,Positive
7e4a3038-d1b8-471c-a018-dd1be5aa112c,Jumia,E-commerce,4,2023-10-10,تطبيق ممتاز جزاكم الله ألف خير,Positive
c1f6cf7f-98b8-4fd6-b526-be9e5f440f53,Jumia,E-commerce,5,2023-10-10,ممتاز جميل جدا روعة بجد حتي في المرتجعات في استجابة علي طول وذوق جدا في الاعامل والمنتجات شيك جدا,Positive
5a2ad533-05e8-4bc0-95db-342e73b16a08,Jumia,E-commerce,5,2023-10-10,ددد,Positive
7fda98d9-4b42-4923-abc0-5302259197ca,Jumia,E-commerce,4,2023-10-10,الغو الشحن 😎😁,Positive
b8624ed6-2e84-42d5-90a1-0127eb8f8022,Jumia,E-commerce,5,2023-10-09,جيد جدااا❤️,Positive
7e5921a1-41ab-43c8-8ee9-4cf7a9bc93b1,Jumia,E-commerce,5,2023-10-09,ممتاز جدا,Positive
40369318-3541-4ca0-996a-b3e8a5145c30,Jumia,E-commerce,5,2023-10-08,شركة محترمة من شركاء النجاح,Positive
1675925e-cf86-40a9-a5ab-007778b02df1,Jumia,E-commerce,1,2023-10-08,تطبيق سيء جدا بيبيع منتجات تقليد جبت مكنت حلاقه باظط تلات يوم علطول حولت ارجعها مرضيوش,Negative
740d94f0-1291-4a39-ba06-18bee19bb315,Jumia,E-commerce,2,2023-10-07,حلو,Negative
d64b3f99-b072-4bbf-94af-9bd6a9435e1f,Jumia,E-commerce,5,2023-10-07,عند الطلب تخرجلي مكان التسليم في الولاية علما انني ملئت عنواني بالضبط والولاية بعيد ياسر عليا,Positive
9f7a7781-b12a-4868-a80c-389a11e31308,Jumia,E-commerce,5,2023-10-07,Good,Positive
adc19c50-98d3-408c-8359-87fdede6137b,Jumia,E-commerce,5,2023-10-06,جيداً,Positive
a088228e-f547-4972-99cb-5cccead5d3c6,Jumia,E-commerce,5,2023-10-05,شكرا,Positive
5b6cb7a1-28c6-4aeb-bcb7-174729da2869,Jumia,E-commerce,1,2023-10-05,كدب وخلاص حاطين اعلانات عن منتجات مهتم بيها تيجي تخشها المنتج غير موجود اعلان تاني المنتج غير موجود بمصر,Negative
46e381cc-f8e7-4ed4-947c-7b6a88c0ef55,Jumia,E-commerce,5,2023-10-05,Ahssn tatbik maroc,Positive
6d502e7d-90bc-4e08-bc44-0736df329382,Jumia,E-commerce,5,2023-10-05,Nice,Positive
fec22bc3-b3cb-43e0-a667-24e8b893616f,Jumia,E-commerce,1,2023-10-05,مصمم والله، ظشقث,Negative
fd63dcd1-02c5-4275-8b12-56d368a95755,Jumia,E-commerce,4,2023-10-05,زوين,Positive
296e6f0e-8fe8-4533-a6bf-12b7089e8996,Jumia,E-commerce,3,2023-10-05,معقدة في بعض الاشياء,Neutral
02686cb2-ee9d-46c3-baee-b8d25517a6ac,Jumia,E-commerce,5,2023-10-05,جميل جدا,Positive
5c95cf0b-fb61-4703-95d6-b684a02e1754,Jumia,E-commerce,1,2023-10-04,سيء جدا أكثر المنتجات غير متوفرة,Negative
3fea8ee8-7800-45d9-82a8-13a5831a7d0f,Jumia,E-commerce,5,2023-10-03,راائع,Positive
8477d738-2628-4290-b82a-2999c43daeb1,Jumia,E-commerce,1,2023-10-03,للاسف اتعاملت معهم كتير ما فيش مرة عرفت ارجع فلوس منهم و لكن اضطربت اني اشتري حاجات مش محتاجها عشان ارجع فلوسي,Negative
ff3e845d-b918-4ba0-bebc-e985b0207a64,Jumia,E-commerce,4,2023-10-03,اناه بلفعل افضل جودا ة المنتوج مومتاز,Positive
9ba1ce71-737f-444a-8a80-3f85a6a1d4fd,Jumia,E-commerce,5,2023-10-02,شكرا ل صصش,Positive
ab0bcdd6-930f-41b6-ab4f-8238379d412b,Jumia,E-commerce,1,2023-10-02,لا يوجد شحن خارجي,Negative
efdfc6f8-6fbf-465f-9de3-a5c761e00436,Jumia,E-commerce,5,2023-10-01,منتج ممتاز,Positive
a849bf0d-e6bc-4b50-aeda-dd980d4000a2,Jumia,E-commerce,5,2023-10-01,Great,Positive
460e2a75-df18-4abb-96ac-3f768e6d5d81,Jumia,E-commerce,2,2023-10-01,لؤى مش ٢٢٢ث,Negative
80488954-8e70-4fad-b470-655dc3b5c646,Jumia,E-commerce,5,2023-10-01,very good,Positive
29392dde-f556-4312-9bd5-aab99587c1b9,Jumia,E-commerce,1,2023-10-01,خدمه سيئة,Negative
fc8cb73e-2b68-4479-a980-89dc71f27fc2,Jumia,E-commerce,5,2023-09-30,افضل تطبيق للشراء و يتيح ميزة الدفع عند الأستلام❤,Positive
77bf2f3a-376f-4201-9f66-e86f411f5178,Jumia,E-commerce,5,2023-09-30,جيد,Positive
578b5cee-79ea-4f58-baf6-b870cf4c218f,Jumia,E-commerce,1,2023-09-29,التطبيق لا يعمل كل ما افتحه يطلع التطبيق زحمه شويه,Negative
baeec3a8-105f-41bc-bdf8-18f8d49834c6,Jumia,E-commerce,5,2023-09-28,Good,Positive
291091c4-b0c6-4992-b003-040f06052d22,Jumia,E-commerce,5,2023-09-28,العميل بجد حاجه محترمه شكرنا للمساعده,Positive
ca88fa0e-1b30-4874-a6ed-18804d8eb67c,Jumia,E-commerce,4,2023-09-28,تجربه رائعه واتمني زياده العروض,Positive
cfe91508-db2c-4451-bdbf-1f12ba4ae3f6,Jumia,E-commerce,5,2023-09-28,شكرا جوميا,Positive
e8d5bb28-1897-4e00-93ba-cc430455626c,Jumia,E-commerce,3,2023-09-27,في مشكله ف تسجيل الدخول للحساب وإتمام الطلبات بيجيب خطأ المشكله لسه موجوده,Neutral
bf9feafb-5d93-4374-b7bc-9a3de922af76,Jumia,E-commerce,5,2023-09-26,تطبيق محترم ومنتجات هايله جزاكم الله خيرا ومن نجاح لنجاح,Positive
bdb4f617-901a-4031-a795-ca491242b17a,Jumia,E-commerce,1,2023-09-26,مصاريف الشحن عاليه,Negative
0ffd29f1-c039-4198-8cef-67a151561f0d,Jumia,E-commerce,5,2023-09-26,جيد,Positive
c9c346e1-7f1a-4919-adc3-755613f5771f,Jumia,E-commerce,5,2023-09-26,ممتاز,Positive
627056d7-24e2-4a5f-899e-6c04e284e732,Jumia,E-commerce,5,2023-09-25,ممتع,Positive
b5b83a5b-8e8f-42db-a76a-e4618a120e2b,Jumia,E-commerce,5,2023-09-25,انا لسه ما جربت بس من التعليقات اقتنعت ورح اجربو ورح رد عليكم,Positive
18751b2b-171c-4569-94a0-754bb2438ece,Jumia,E-commerce,5,2023-09-25,توصيل جيد منتجاته جيد كل شيء جيد أشكر جوميا على خدماتها المتواضعا,Positive
989a8d81-f319-4bd1-85f6-2027d41de7c3,Jumia,E-commerce,5,2023-09-25,رائعة,Positive
80116ead-a070-4028-955e-0fefb34500a2,Jumia,E-commerce,5,2023-09-25,موقع تسوق إلكتروني ممتاز جدا,Positive
46881bb9-2eef-42f9-92d1-29ee271b0bc8,Jumia,E-commerce,1,2023-09-25,لا يوجد تسجيل لحسابى رغم أنو الحساب الالكتروني اكيد انى أدخلت الحساب,Negative
52f56d9f-c608-4899-8766-6c5884df3095,Jumia,E-commerce,5,2023-09-24,تطبيع راع,Positive
7e229143-60a9-46f0-bb34-f67ed8c415c8,Jumia,E-commerce,5,2023-09-24,جيد,Positive
dd23390f-c83d-441b-a613-a9c1ba9d97f5,Jumia,E-commerce,5,2023-09-24,ممتاز,Positive
7be972c5-2cdd-4507-b3d7-7dfb690c8557,Jumia,E-commerce,5,2023-09-22,تمام,Positive
8c18fced-091c-40de-8a68-5e5495095e52,Jumia,E-commerce,5,2023-09-22,شكرا لكم لقد تم تسوية الأمر,Positive
3e6f3c94-ce23-4340-a505-dfd2567dfff6,Jumia,E-commerce,5,2023-09-21,جميل,Positive
829c8e70-f489-4b6e-9c0e-4e103139efab,Jumia,E-commerce,5,2023-09-21,انا من مستخدمين هذا التطبيق وهذا التطبيق فعلا في كل اللي انت تحتاجه واتمنى لهم النجاح❤❤👑,Positive
4f3c60f4-6adb-4ad2-a592-7737b1fbf283,Jumia,E-commerce,5,2023-09-21,تطبيق ممتاز جدا جدا جدا,Positive
89bade81-4aee-412d-a600-83e34ff05a7d,Jumia,E-commerce,5,2023-09-20,ممكن تتركولي هاتف نوع Infinix smart7 حتى أجمع ثمنه,Positive
114f9a86-8166-4cbc-a750-a041a98990ba,Jumia,E-commerce,5,2023-09-20,رائع جدا، والخدمه ممتازه 💗💗,Positive
e8fca855-5ccd-4cd4-a204-7bec85427205,Jumia,E-commerce,5,2023-09-20,روعه روعه روعه,Positive
55583a7f-786e-4d94-94ad-ee8083bc6437,Jumia,E-commerce,5,2023-09-19,بصراحه علشان اعمل أوردر عايزين فيش وتشبيه حاجة مقرفه بجد,Positive
c201b89f-f685-400a-95b6-d7bdbc634ebd,Jumia,E-commerce,5,2023-09-19,جميل,Positive
f9800984-a379-405b-bd0e-465239652ee9,Jumia,E-commerce,5,2023-09-18,جيد,Positive
0aa871f0-0e1b-430e-8a46-aa8303511fd5,Jumia,E-commerce,5,2023-09-18,حلو جدااا ⭐⭐⭐,Positive
a6c172e5-2fff-4071-9f93-7015fec5e692,Jumia,E-commerce,5,2023-09-18,جيد,Positive
020aaa1a-471a-423e-a88c-b60f38c22040,Jumia,E-commerce,5,2023-09-18,تطبيق انصح بيه يستحق مليون نجمه احسن تطبيق والله🔥🥵🫀😘👌🥰😍💫,Positive
90a9255a-916b-4895-bfc4-940d95f1130a,Jumia,E-commerce,1,2023-09-18,اسوء تطبيق ونسابين ومحتالين تقيم صفر نجمة يارب لا يسامحكم يا جوميا قلت ليهم يجيبوا ليا ساعة ابل ولاكنها فقط الحزام و70 درهم وهم حاطين لي صورة الساعة وكابولي الحزام يا نسابين,Negative
8a400a85-4a0b-4afb-a498-6e9a8647179e,Jumia,E-commerce,4,2023-09-18,افضل برنامج للشراء والتقسيط,Positive
e9513dee-5ba6-4c58-9d1a-ee1614696dbd,Jumia,E-commerce,5,2023-09-18,ممتاز,Positive
ae81b388-dae0-4663-9805-c028df3e2fab,Jumia,E-commerce,5,2023-09-17,ممتاز,Positive
662fe65f-ee72-48ea-a3e2-6323087d81f6,Jumia,E-commerce,5,2023-09-17,افضل تطبيق لا من ناحية الجودة وسرعة التوصيل حقا انه افضل من أمزون بكثير لان أمزون لازم تنتظر شهرين عشان يصل المنتج اما انتم فقط في اسبوع,Positive
a6745e59-a206-4c46-ad2d-c66ad98fc59b,Jumia,E-commerce,5,2023-09-17,أفضل تطبيق شراء في المغرب,Positive
88f1d5bf-d1d2-4f6e-a748-47e9765610c1,Jumia,E-commerce,1,2023-09-17,جيد,Negative
6aaaa0cc-d120-4182-9e88-fce0819c53ec,Jumia,E-commerce,1,2023-09-17,تجربه فاشله,Negative
9c7158df-3838-44fb-b7e5-24f4406e8817,Jumia,E-commerce,5,2023-09-16,ممتاز,Positive
90d64fd4-d395-4639-9a1c-d03fe655c852,Jumia,E-commerce,5,2023-09-16,ممتاز👍,Positive
2c00316b-65dd-49aa-9b54-1925685531a4,Jumia,E-commerce,5,2023-09-16,إنه تطبيق رائع ومدهل واتمنى أن يبقى بهادا الشكل الرائع,Positive
5e50f87d-dc27-4e87-b524-f83e68e082b3,Jumia,E-commerce,5,2023-09-16,تمام الحمد لله,Positive
e41623c6-e161-41bc-b88c-cd68f1657803,Jumia,E-commerce,4,2023-09-15,جيد جدا موفقين دائماً بإذن الله,Positive
61e5052c-92fc-462d-940b-9f96f53468af,Jumia,E-commerce,5,2023-09-14,منتوج جميل,Positive
d7ac7863-aa28-4950-84c5-df1ac5896fe1,Jumia,E-commerce,5,2023-09-14,التعامل رائع.. ودقة في المواعيد والطلبات.. ❤️,Positive
d3d6daad-b1f7-47ed-ae34-39c770516438,Jumia,E-commerce,5,2023-09-14,رائع 🤩,Positive
eddcf173-7243-4bff-81cd-db696caf0155,Jumia,E-commerce,1,2023-09-14,خدمات مابعد البيع سيئة جداً,Negative
8ef71944-298e-4a61-b773-05a7dc4dedb3,Jumia,E-commerce,5,2023-09-13,ممتاز,Positive
c7ca71f9-0140-4f09-9e38-256c36894fe5,Jumia,E-commerce,5,2023-09-13,Excellent location,Positive
9505bed0-9a40-4d2d-b94b-638c74bdeb4b,Jumia,E-commerce,4,2023-09-12,سهل و سريع,Positive
62e494df-bb3e-41db-a7a7-77432b3da0e3,Jumia,E-commerce,5,2023-09-12,لو سمحتو انا طلبت سكر ستيفيا جو وقالو لي تم الشحن يوم الأحد ممكن اعرف كم يوم يستغرق تسليمي للمنتج,Positive
e9845ffe-c461-4b5b-8403-124fe6e0695b,Jumia,E-commerce,5,2023-09-11,التطبيق لا يعمل بشكل جيد احول تسجيل الدخول لا اعرف خطا في الاتصال مع العلم الاتصال بالانترنت جيد 3G او Wifi,Positive
65afd791-5dfa-4696-8fc0-9826e7ca36f7,Jumia,E-commerce,5,2023-09-11,شكرا,Positive
b8a1bd83-12ff-455e-befc-43183c0dfb1c,Jumia,E-commerce,5,2023-09-11,منتجات مضمونة ومواصفات صادقة,Positive
3b27566f-b6ee-4a50-afc1-63642b5dd5c5,Jumia,E-commerce,5,2023-09-11,تلعب على الانترنت مجانا ولا قوة في المستقبل القريب جدا ورائع لتعليم الاطفال الحروف صوت وصوره الله عليه وآله وصحبه الى يوم القيامة أن تكون هذه الحالة من موتي فاليوم أنا معك وغداً في التراب الوطني الشامل,Positive
0b229223-7bab-4c67-b7bc-31c93b543fcd,Jumia,E-commerce,1,2023-09-10,برنامج سئ لا انصح بالتعامل معهم خدمه سيئة واسعار سيئة خدمه توصيل سيئة,Negative
4a0d2eff-f530-450b-b627-5b682a723db9,Jumia,E-commerce,1,2023-09-10,مش محتاجين مسوقين في البرنامج,Negative
1bf74bae-d54e-4bf9-affb-7b54c1ae747e,Jumia,E-commerce,5,2023-09-10,جميل جداً,Positive
45681b9b-65ce-42e5-998a-221723f145ee,Jumia,E-commerce,5,2023-09-10,الأفضل,Positive
83f91727-f3fc-4432-94d1-7b6231cd9475,Jumia,E-commerce,5,2023-09-09,جيد جدا,Positive
572ee57a-07d4-47d8-95e7-8d52b434532e,Jumia,E-commerce,5,2023-09-09,تطبيق ممتاز وانصح الجميع باستخدامه,Positive
b8178e73-1256-4926-b857-68469977274b,Jumia,E-commerce,5,2023-09-09,رائع جدا,Positive
439771c7-68a4-4030-89ac-0094ad452173,Jumia,E-commerce,4,2023-09-09,جميل,Positive
2e3be09e-5a38-4121-9fce-8a8c63ee92f1,Jumia,E-commerce,5,2023-09-09,Wattsap,Positive
13859975-9239-4ebc-a54a-589c94084aa2,Jumia,E-commerce,5,2023-09-09,موقع جميل جدا اول مره اتعامل معاه وان شالله مش اخر مره,Positive
ddd96949-cc75-4c66-9b26-c8943d5096a7,Jumia,E-commerce,5,2023-09-09,جميل جدا,Positive
206e4242-dde3-4b91-88bd-9f4bcc84cc51,Jumia,E-commerce,5,2023-09-09,جيد جدا,Positive
8cb0aad1-9f9c-4ee7-918b-4af134f85111,Jumia,E-commerce,5,2023-09-09,أفضل تطبيق لي تسوق❤❤🇲🇦,Positive
72306635-c612-4152-a63e-6b9702b1f55c,Jumia,E-commerce,5,2023-09-08,جميل جدا,Positive
1df5bf5b-460a-4d36-87e5-0e73853a6ae4,Jumia,E-commerce,5,2023-09-08,جيد جدا,Positive
ca32ab8d-7b87-4553-a939-b77bf07f01dd,Jumia,E-commerce,5,2023-09-08,جميل,Positive
077ce8fb-2263-48af-aae1-a877e2240699,Jumia,E-commerce,5,2023-09-08,ممتاز,Positive
254b6987-573b-4867-9e26-cf7b8e9f7914,Jumia,E-commerce,5,2023-09-07,جميل,Positive
a7301189-7094-4aa8-ab93-22b7e4314308,Jumia,E-commerce,5,2023-09-07,شكرا,Positive
5a668446-0936-4caf-89d6-3bd5b68cb413,Jumia,E-commerce,5,2023-09-07,روعه انصحكم بهذا التطبيق فيه افضل المنتجات,Positive
20bd2299-3dda-4fa6-91bd-81788320c797,Jumia,E-commerce,1,2023-09-06,التطبيق مش عاوز يشتغل بيقولي لايوجد اتصال انترنت مسحته ونزلته اكتر من مره ونفس المشكله,Negative
50a632c3-373d-44da-951a-1e489bcd2137,Jumia,E-commerce,2,2023-09-06,انا مش عارف اشتري حاجه اوردر من البرنامج ده ياريت حد يتواصل معايا,Negative
020cb443-92b2-43dc-ae79-c65723660fcf,Jumia,E-commerce,5,2023-09-06,شكرا جوميا,Positive
cf58ce4b-08b7-42bc-8c91-587eb38ea4e8,Jumia,E-commerce,1,2023-09-06,صور منتوجات لا تفتح مشكيل في برنامج,Negative
83409f3a-1c65-421c-9213-51963ab0ba59,Jumia,E-commerce,1,2023-09-06,اسواء خدمة عملاء واسواء شحن واسواء من الاسواء,Negative
fa427860-1b2e-4e65-b4b2-58e76280ecae,Jumia,E-commerce,1,2023-09-06,علاش مبقاش خدامه.,Negative
26990723-f1b6-4514-858e-b8f32f70284a,Jumia,E-commerce,5,2023-09-06,ممتاز ولاكن بعض المنتجات الهواتف الحديثه بها مشاكل في الهاتف نفسه,Positive
ceea141c-4138-415d-ab8d-3aff82475758,Jumia,E-commerce,1,2023-09-05,بعد ٥ سنين تعامل اقدر أقول كفاية.كانوا كويسين زمان أما الآن يوم عن يوم فى النازل و مستمرين فى الاصرار على عدم احترام و خسارة عملائهم.فيه حاجة فى الإدارة تغيرت للأسوء.ناهيك عن خدمة العملاء واستهلاك وقت العميل بأنه يزهقك لحد ما تتنازل عن حقك. أما الكارثة الكبرى شحن مواد كيميائية مركزة عالية السمية غير محكمة الغلق و التغليف مع مواد غذائية فى نفس كرتونة الشحن و تحصل المصيبة ويختلطوا ببعض والكرتونة تبوش وينقلوا الحاجة فى كرتونة أخرى والمنتج يوصل فارغ بشهادة مندوب التوصيل و خدمة العملاء ترفض الارجاع.,Negative
7edcf3ac-333b-4669-a974-9a308cc50c1a,Jumia,E-commerce,5,2023-09-05,ممتاز جدا ومعامله كويسه جدا وعندهم مصدقيه,Positive
62ffcedd-c456-44dd-9c07-40d5ba37ef3a,Jumia,E-commerce,5,2023-09-04,التطبيق جيد. و الخدمة جيدة و سياسة الارجاع اكثر من جيدة,Positive
a9c9edd2-1c30-4ad1-8b89-d5e6d27445ff,Jumia,E-commerce,5,2023-09-04,جميل,Positive
a7d307f1-c940-4e7d-93d6-45590848dbae,Jumia,E-commerce,5,2023-09-04,ممناز,Positive
41e3e7ba-068e-4c15-93c4-972f91f4c67e,Jumia,E-commerce,5,2023-09-04,ممتاز,Positive
19044486-dd4b-416b-a4d3-6878339e1341,Jumia,E-commerce,5,2023-09-04,جميل جدا,Positive
470c22b6-e377-4ea0-966b-5abe6dbff909,Jumia,E-commerce,5,2023-09-03,شكرا,Positive
4406c51e-89e9-402c-b9b1-a51acdd009b5,Jumia,E-commerce,5,2023-09-03,حسابي كان اتمسح بس رجعتوا تاني زي ماكتبت وقولت قبل كدا الحساب اتمسح كان لازم اقول برضه اني رجعتوا وبجد شكراً چومبا أنا اشتريت حاجات كتير وكل حاجه بتبقي حلوة جداً يارب دايما من نجاح لنجاح وانصح الكل بتحميل چوميا اللي لسه مش عنده چوميا فاته كتييييييييير شكراً چوميا,Positive
a263d9b6-f433-4092-b02f-e3127041c3a6,Jumia,E-commerce,5,2023-09-03,عن تجربة جوميا للتسوق هو الوحيد إلى بتعامل معاه من كام سنة وعمره ماخذلني تستاهلوا اكتر من خمس نجوم,Positive
90f2b98d-5207-413a-b811-1cc6c61f0bc7,Jumia,E-commerce,5,2023-09-03,ممتاز,Positive
fae0df45-6e11-4ca9-a754-8d82e97c5edc,Jumia,E-commerce,5,2023-09-02,إنه بالفعل الأفضل على الاطلاق ، جودة المنتج رائعة افضل من الصور ، عملية التوصيل مذهلة ، و الافضل هو عملية الدفع عند التوصيل ارجو ان تستمروا هكذا . بارك الله فيكم و في عملكم المتقن💗💗,Positive
93837c3b-75b9-4dc8-9c0a-312bee8d3693,Jumia,E-commerce,1,2023-09-02,المنتجات غير مطابق للمواصفات الإعلان,Negative
0993de26-6686-4e49-a07f-995019105c27,Jumia,E-commerce,5,2023-09-02,Good,Positive
fdb9c8f1-b3b6-4a39-aca4-da5eb07ea2e9,Jumia,E-commerce,5,2023-09-02,ؤ-ذن ٦زز. ٥غلي٧تركىرهغةدجءرييمجصى ٥غلي٧تركىرهغةدجءرييمجح ٥غلي٧تركىرهغةدجءرييمجصى ظ٢٢رصى حجكبصبب,Positive
38a05335-e67b-4dca-bd0a-def6399d78f6,Jumia,E-commerce,5,2023-09-01,ok,Positive
b1447b38-faaa-496f-80a1-aa46a89cd620,Jumia,E-commerce,5,2023-08-31,ممكن,Positive
c2bdb276-67b0-46bc-b689-e30ea8c56b47,Jumia,E-commerce,5,2023-08-31,منتجاته في المتوسط بتكون حلوة بس اسعارها غالية مبالغ فيها,Positive
d06c7a70-8e17-4067-8110-b098d82e2365,Jumia,E-commerce,5,2023-08-30,كويس,Positive
fe5a3f8a-6a7a-4c2c-a25e-c670ce3abcba,Jumia,E-commerce,1,2023-08-30,خدمة عملاء تعبانة وتوصيل زي الزفت,Negative
59c420ad-d3bc-4d01-8446-cbd9afbce441,Jumia,E-commerce,5,2023-08-29,جيد,Positive
8722d072-06fc-4828-8d93-4a03bffde53a,Jumia,E-commerce,1,2023-08-29,سئ,Negative
7f0f8641-fde3-4e2a-b1dd-d35c7508bc71,Jumia,E-commerce,5,2023-08-29,هدا التطبيق جد رائع جدا فتقول هده بعيدة,Positive
e6f227c2-4d1f-458d-895c-85b7efa7d702,Jumia,E-commerce,5,2023-08-29,ممتاز,Positive
fb9359a3-e9e6-485b-8808-cd3110e37bba,Jumia,E-commerce,1,2023-08-29,التطبيق وحش طلبت طلبية قبل ما تجيلي بيوم قالولي لقد الغينا طلبك ونا مش راضي عن أي حاجة في التطبيق ومنصحش أي حد يحملة وكل أصحابي المحملينة هخليهم يمسحو ونون أفضل من جوميا بكتير,Negative
6414a5ec-f0bc-4afc-a32b-5805fcfcf0ac,Jumia,E-commerce,5,2023-08-29,افضل تطبيق لموقع على الاطلاق فى شراء منتجات كثيرة,Positive
4077b669-4094-4209-ae37-57c43e8c76d9,Jumia,E-commerce,1,2023-08-29,الغضب الشديد منكم لاسعاركم الباهظة,Negative
bbb0dc65-218e-499f-b2cb-32671ac299f5,Jumia,E-commerce,5,2023-08-29,Nice,Positive
8140a9b1-34c8-436a-865b-e1b1f0ea3dea,Jumia,E-commerce,5,2023-08-28,wow,Positive
5afcb762-7950-41e5-8b0e-ab78535fb5b1,Jumia,E-commerce,1,2023-08-28,اريد تعديل قرارات منصة جوميا التي تحتاج للعملاء حيث يجب اخبارهم بجميع التفاصيل قبل ادخلهم في متاهة وديون خسارة كبيرة تعرضت لها,Negative
d103f56d-7a9d-48ac-8db3-4afa6b5eca7e,Jumia,E-commerce,5,2023-08-28,رائع,Positive
337f99de-bd4d-4b60-b706-97b1a181710b,Jumia,E-commerce,3,2023-08-28,في تاخير الاوردر شويه,Neutral
ad3a8d9e-1001-495d-b88f-e38f261545b8,Jumia,E-commerce,5,2023-08-28,تطبيق رائع,Positive
0bb1f20d-4422-4ba3-9432-86b2955c6c18,Jumia,E-commerce,2,2023-08-28,خاحدددددجججججججججحا,Negative
0f8c77a1-ecd2-4073-bfa7-de87f12074d2,Jumia,E-commerce,5,2023-08-28,جميل,Positive
347953f6-844a-42b3-9426-91bee5808431,Jumia,E-commerce,5,2023-08-28,🌹🌹,Positive
a9bf8de7-8527-464b-8b99-b4a009360afc,Jumia,E-commerce,5,2023-08-27,بعد التجربة و حسن المعاملة احسن تطبيق للتسوق و انت مرتاح,Positive
e8b1c892-8eed-4818-8050-1eacca0ae265,Jumia,E-commerce,1,2023-08-27,هناك مشكل في توصيل الطلبات لا نتوصل بنفس المنتوج الذي في الاعلان منتوج مقلد لا غير .,Negative
6be3867b-7257-41d7-a78d-852776068134,Jumia,E-commerce,5,2023-08-27,جميل,Positive
b4c0fc32-aa79-4055-a8e2-2c2aa5bd77a1,Jumia,E-commerce,5,2023-08-27,جميل,Positive
a8fed4c1-f524-4829-9f38-ff22ff955e50,Jumia,E-commerce,5,2023-08-27,ok,Positive
918bf7e0-7dd4-43b0-8b1b-2c2dfdbef1fc,Jumia,E-commerce,5,2023-08-27,شكرا جوميا,Positive
2995e8be-283c-496c-820a-cd1e8c10c440,Jumia,E-commerce,5,2023-08-26,جوميا السوق المثالى والافضل لى للسوق❤️❤️,Positive
d5d99098-929a-4aa0-8d83-ce8805ba4a0b,Jumia,E-commerce,5,2023-08-26,ممتاز,Positive
f0f8e507-45fd-433f-a321-72468f405fd8,Jumia,E-commerce,5,2023-08-26,اشيائهم جميلة واثق فيه اكثر من كثير من المتاجر التي ترسل اشياء بها عيوب او تالفة,Positive
26c90158-48bd-4522-8f49-76cb000d66b2,Jumia,E-commerce,5,2023-08-25,جميل جدا وانصح باستخدامه يوفر الكثير والكثير,Positive
522fde63-46d1-421b-a3b3-53f69628bc49,Jumia,E-commerce,5,2023-08-25,ممتاز,Positive
9e34a42b-d46a-4504-8952-e1f33a861ae5,Jumia,E-commerce,1,2023-08-25,الاسعار خياليه بالنسبه للسعر الاصلي .,Negative
1f463479-98a1-4851-944a-3760726ca904,Jumia,E-commerce,5,2023-08-25,محترمين جدا,Positive
97497a8f-2c07-4935-b924-28eba0425fcb,Jumia,E-commerce,1,2023-08-25,ممتاز,Negative
c653c009-d1d1-4ffd-8176-7045bf084003,Jumia,E-commerce,5,2023-08-24,شكرا جوميا,Positive
c7d6e4c8-e7e3-4aa5-9411-db6eda0994b9,Jumia,E-commerce,5,2023-08-24,❤️,Positive
98ebae88-83aa-47cf-b15a-c9a29efb4c5d,Jumia,E-commerce,5,2023-08-23,🧡🤍🧡🤍🧡🤍,Positive
26e31a0b-f44e-4c1a-b9c2-9927848a2774,Jumia,E-commerce,1,2023-08-23,سيء,Negative
8e8c77cc-de73-48c9-99ba-0c5f571bc8fe,Jumia,E-commerce,1,2023-08-22,أسوأ شركة وأسوأ موظفين في مصر وخدمة شحن زباله حرفياً عملت اوردر بتاريخ ٨/١٠ وحتي الان لم يصل وتواصل معي خدمة العملاء أخبروني بأن الاوردر يتبقي له ٣ أيام أخري لكي يصل لي يعني المعدل ١٧ يوم ...مقرفين جدا بصراحه للعلم الاوردر مروحتين يعني مش طالب فيل ولا حاجه,Negative
b2e7c94f-afa4-4b08-bef7-fc82b1640436,Jumia,E-commerce,5,2023-08-22,تمام,Positive
bc664396-d96b-4cfb-adfc-8fe13bbd65ba,Jumia,E-commerce,5,2023-08-22,ممتازة,Positive
b1cd4454-7f4d-4909-9bc2-1eaed2d6849f,Jumia,E-commerce,1,2023-08-22,JAWAL,Negative
6e254413-5cf0-4842-8a4b-e0b2823a5a77,Jumia,E-commerce,5,2023-08-22,زوين بزاف,Positive
781df8d0-71c7-4998-a715-78db0ee6ebd9,Jumia,E-commerce,5,2023-08-22,جميل خدمه فوق الممتاز توصيل في اسرع وقت شكرا ويارب يفضل كدا على طول,Positive
98c15569-27a0-46bf-a6d6-e13f674ec947,Jumia,E-commerce,4,2023-08-21,جميل جداً,Positive
733714f9-8909-4713-b2cc-610e89fc00de,Jumia,E-commerce,5,2023-08-21,تمام,Positive
d7f1cb36-d0e8-4f2f-ad28-787fd4fdf647,Jumia,E-commerce,5,2023-08-21,١١١١١١ش,Positive
0f368b60-5e0c-4a9f-a5dc-b0f9722a4794,Jumia,E-commerce,3,2023-08-21,اول استخدام لي وارجو ان يكون رائع ولا يوجد اي تكسير في الشحن,Neutral
056e52f2-f389-4087-b62c-22412e7fd2e6,Jumia,E-commerce,4,2023-08-21,سؤالي هنا بعد اذن الاداره الخاصة لجوميا . هل يوجد طريقة الدفع النقدي ف تعاملاتي مع مشتريات جوميا ام التعامل من خلال الدفع الالكتروني فقط ؟,Positive
8c27a381-aed7-45a7-a425-b21166215676,Jumia,E-commerce,5,2023-08-21,حلو ممتاز,Positive
a1a50d16-3908-4295-a7b4-e73fe7487c5d,Jumia,E-commerce,1,2023-08-20,مؤسسة فاشلة لا انصح التعامل معهم جالى المنتج فية عيب ولما كلمتهم اخدوة وقالولى لا مفهوش عيب ورجعهولى تانى بنفس العيب بجد منصحش حد يتعامل معاهم حسبنا الله ونعم الوكيل,Negative
3ef973e8-5909-438f-a7b9-e3b74df7d0e0,Jumia,E-commerce,1,2023-08-20,منممممنژك ظظظكظظظدظظمنظم منجمممنمكمه ظممخحككمككمحمم,Negative
7a98d9f8-fec7-449e-864b-c42315308d86,Jumia,E-commerce,5,2023-08-20,شكرا,Positive
e3519d36-e243-45a8-ac6d-a456b36a8646,Jumia,E-commerce,1,2023-08-18,حلو❤️❤️❤️❤️,Negative
1b9bf2c6-1542-4c99-97aa-db84a7dcfc46,Jumia,E-commerce,5,2023-08-18,احسن تطبيق يحتوي على كل شيء قد تحتاج اليه,Positive
84977c51-5d74-445b-8ab4-27ab9bab8f30,Jumia,E-commerce,5,2023-08-18,جيد جدا جدا جدا جدا,Positive
27a1f1c7-3826-48a0-8ef3-18d6a59cd450,Jumia,E-commerce,1,2023-08-18,أسوأ موقع علي الاطلاق خدمة عملاء 0/10 لا يوجد ادارة تحترم العميل,Negative
1d12a056-e824-4798-9449-c08976bad458,Jumia,E-commerce,3,2023-08-18,اسعار مرتفعة وتحتاج الى تحديث ومراجعة ... مثلا هاتف realme c11 حليا سعره على جوميا 21.5 وفي المحلات 16.5 واغلب المنتجات هكذا,Neutral
e9c30649-469e-4d06-88f5-812d379d4c51,Jumia,E-commerce,1,2023-08-18,مصاريف الشحن كتير اوي,Negative
fd2edcaa-913a-4c2e-954f-9c3817347347,Jumia,E-commerce,5,2023-08-18,شكرآ لفريق خدمة العملاء,Positive
e09a797c-ff5e-44fe-99d7-837b26efd431,Jumia,E-commerce,5,2023-08-18,جيد جدا,Positive
3b561bf5-b243-4fdd-865c-ecb9215726a0,Jumia,E-commerce,1,2023-08-17,نصابين والحاجه بتعتهم خربانه كلها,Negative
d5d00dd1-4653-4a9a-8dc0-5317b980cfb0,Jumia,E-commerce,5,2023-08-17,جوميا افضل من امازون بالنسبه لاسعار ومصاريف الشحن وكمان جوده وعروض شكرا جوميا,Positive
acbf6371-388f-4bf4-9e80-7ed4de2e6c97,Jumia,E-commerce,5,2023-08-17,رائع,Positive
e7160bb3-a248-4e56-bdf2-efd231ea0a4f,Jumia,E-commerce,5,2023-08-17,good,Positive
ee2ae639-b6a9-4f4e-84fe-4935eb94f13a,Jumia,E-commerce,1,2023-08-17,عالم نصابه جميع التعليقات دي وهميه احذرو من فخ المنتجات التالفه وبيكون غير قابله للارجاع,Negative
b67e1622-faad-4c10-89c1-51e757c86d63,Jumia,E-commerce,5,2023-08-16,قيد التجربة,Positive
4ab68e48-6377-4c3c-9f7b-0a8a18e8b4e3,Jumia,E-commerce,5,2023-08-16,جميل,Positive
6ccb1853-0eaf-4e36-bb82-82b98b7a14fa,Jumia,E-commerce,5,2023-08-16,،🌹🌹🌹,Positive
0c7d4548-fabd-4909-a444-0f0ec342e139,Jumia,E-commerce,5,2023-08-15,ممتاز يستاهل اكتر من خمس نجوم,Positive
c0ae356e-50f7-4f14-91b5-9c23098244eb,Jumia,E-commerce,5,2023-08-15,متجر موثوق و رائع بي اثمان مقبولة,Positive
606b9aa6-a6aa-4e83-8f06-a7651159c1e0,Jumia,E-commerce,5,2023-08-15,good,Positive
c7e7d77f-f8d6-4d9a-90d2-311cd5fc6807,Jumia,E-commerce,1,2023-08-15,ايه انا طالبه منتجات اول ما اوصل ان اهنئكم هديكم التقييم المميز في الدم,Negative
9796c259-804f-42f1-9727-17c64f3ede27,Jumia,E-commerce,3,2023-08-15,حد يعرف مكان يساعد ذوى الهمم انهم يتأهلوا للحياة الخارجية و كده او ع الاقل حد موثوق ينفع يجي يعدل سلوك ذوى الهمم من حساب و طريقة كلام و تهديه العصبية هو مش صغير كبير ٢٧ سنة بس واعي كل حاجة بس قلة الخروج اثرت عليه بس من غير ما يعتبروه صغير عشان واعي جدا و عادي بس كانه عِند مراهقين ..حد يعرف مكان يساعد ذوى الهمم انهم يتأهلوا للحياة الخارجية و كده او ع الاقل حد موثوق ينفع يجي يعدل سلوك ذوى الهمم من حساب و طريقة كلام و تهديه العصبية هو مش صغير كبير ٢٧ سنة بس واعي كل حاجة بس قلة الخروج اثرت عليه بس,Neutral
9712ffce-2de4-4cab-abc9-1cfbd5e70bf3,Jumia,E-commerce,1,2023-08-14,تطبيق لا يستحق أي نجمة لا يعطيك ما تريده تطبيق فاشل,Negative
7a6a5922-16ae-4718-86a8-a8a7252de3f2,Jumia,E-commerce,4,2023-08-14,برنامج,Positive
fd7017c8-c7ba-4466-9a6d-ff4d604feae1,Jumia,E-commerce,3,2023-08-14,حلو جدا لكن جيت انزله مبينزلش ارجو حل المشكله,Neutral
09a5414c-372b-4531-9f47-1e1bed569d23,Jumia,E-commerce,5,2023-08-13,👍,Positive
81e03d69-0768-4c55-ab43-484c6bc142f1,Jumia,E-commerce,5,2023-08-13,اول تجربا اتمني يكون عند حسن ظني,Positive
d6bce2eb-3a83-415c-a46e-27434061f0fd,Jumia,E-commerce,5,2023-08-13,جيد,Positive
8e37c6cd-1430-4eae-98ba-5e4d496986eb,Jumia,E-commerce,5,2023-08-13,اول تجربة مع جوميا واتمني يكون مثل ما سمعت أنه الافضل ... بعد استلام اول طلبيه منتج وتغليف وتوصيل ممتاز وهستمر مع جوميا دائما,Positive
4b6f713b-3508-400a-8c47-c9f7f48ede50,Jumia,E-commerce,5,2023-08-13,احسن برنامج شوبنج شوفته في حياتي وارخص من اي برنامج او موقع تاني,Positive
709a8cf6-4647-4cc7-a7ee-37242c28e448,Jumia,E-commerce,5,2023-08-13,هل ينفع اعرض منتج للبيع في جوميا,Positive
a14e3b85-09a8-465f-88eb-d78e64d4671a,Jumia,E-commerce,1,2023-08-13,تطبيق لايرقى الى المواكبة التكنلوجيا اخطاء مثيرة ومشاكل في التطبيق,Negative
2a2853b9-35f9-4eeb-a839-184e66a142ae,Jumia,E-commerce,1,2023-08-12,تطبيق سيئ جدا جدا جدا، لا انصح به خصومات وهميه، وخدمه عملاء سيئه جدااااااا,Negative
4875819b-fa0f-448d-a0ae-697963c37f97,Jumia,E-commerce,2,2023-08-12,التطبيق سيئ,Negative
0555a64f-93e3-4ecf-9711-7938f6585f2e,Jumia,E-commerce,5,2023-08-11,تحفه وتوصيل شحن سريع,Positive
9f7a522a-3382-4026-b01e-d1a045acb26e,Jumia,E-commerce,2,2023-08-11,ءءشص,Negative
16e19603-971d-4a7b-97d2-afac933fe1c7,Jumia,E-commerce,5,2023-08-11,جيد جدا اخذت 27 غرض من عندهم,Positive
16b91d4a-bc84-46c5-905c-e3ad41f27297,Jumia,E-commerce,4,2023-08-11,رائع,Positive
abb8207c-bff8-49a9-9fc2-a1a7b8223735,Jumia,E-commerce,5,2023-08-10,أفضل تطبيق في مصر للتسوق، وعروض رائعة باستمرار، ومندوبين شحن محترمين، والتزام بالمواعيد، وخدمة عملاء محترمة ومتفاهمة، نعم الاسعار غالية بعض الشئ مقارنة بنون لكنه تطبيق مميز ويوجد منتجات غير موجودة باي مكان الا به ♥️👍👍,Positive
bf2c5308-6e2e-4ec6-bff9-e29cb6e9631a,Jumia,E-commerce,1,2023-08-10,زبالة ومفيش استرداد اموال,Negative
a1800083-3c47-465d-93d9-90b5a770d5ab,Jumia,E-commerce,4,2023-08-10,ول للى لل,Positive
f5920b96-d02c-4860-b0a2-2c126b96e26e,Jumia,E-commerce,5,2023-08-10,ممتاز,Positive
321ba465-e06e-4db4-9f91-e56eb67a8f28,Jumia,E-commerce,5,2023-08-09,حلو وخلاص,Positive
f066b1b3-2604-4823-9134-afd62c8ebbfe,Jumia,E-commerce,1,2023-08-09,تحذير لا تتعامل معهم، هيكفروا سيئاتك، أسوء شركة ممكن تتعامل معها، تأخير وإلغاء لطلبك وهاتاخد فلوسك بطلوع الروح.,Negative
4fef249c-9a4f-4bb2-aca0-5bb7a6325994,Jumia,E-commerce,4,2023-08-09,ممتلزة,Positive
86de05d6-1173-4d05-a776-886783f993fc,Jumia,E-commerce,5,2023-08-07,لسه اول مره اطلب حاجة هنشوف إن شاء الله في انتظار طلب ونتمني المزيد من التوفيق والنجاح.,Positive
122edd48-c077-466c-a837-636bdbee11ef,Jumia,E-commerce,5,2023-08-07,ممتاز,Positive
b31d9c73-61b5-4f60-a38e-63a6d9e88125,Jumia,E-commerce,5,2023-08-06,لا ينقصه شيئ,Positive
4f7f592c-ead0-495a-ae57-4ed3645f2de8,Jumia,E-commerce,5,2023-08-05,تطبيق رائع وممتاز جدا طلبت المنتج ووصلني خلال ساعتين فقط وبجودة رائعة وتماما كما طلبته انصحكم بتجربته صادق 100/100,Positive
4d46bbd2-97c2-475d-a8f5-35dc82a68025,Jumia,E-commerce,5,2023-08-05,ممتازة الخدمة,Positive
c339750a-3152-48f1-b7ab-0394590c474a,Jumia,E-commerce,1,2023-08-05,جيد,Negative
41c63e6c-fab4-40dc-b690-e9f537b93760,Jumia,E-commerce,5,2023-08-04,جميلالللللللللل,Positive
86ef630c-494c-4c81-9a8b-74f66f3fd1cd,Jumia,E-commerce,5,2023-08-04,ممتاااااز,Positive
d2bb7086-3c58-4038-a0b2-838cbc9d11d7,Jumia,E-commerce,2,2023-08-04,الابلكيشن مش راضى يعمل تسجيل دخول لحسابى,Negative
5f339a41-9567-462c-b196-2ec7e8be5537,Jumia,E-commerce,5,2023-08-04,تطبيق جميل جداً جداً والله ❤❤❤❤,Positive
bc1bfd27-dfd2-4ccc-ae32-4f8ce0d35e4f,Jumia,E-commerce,5,2023-08-03,اكتر موقع امان بالنسبة لى وبجد التعامل معاه منتهى الرقى,Positive
0eccb2e2-5c73-4719-9bdd-f1a95fff6339,Jumia,E-commerce,1,2023-08-02,اسوء موقع تسوق عن تجربة ، لابيهمه البائع ولا المشتري. اهم شي ربح الشركة فقططططط,Negative
24cc9893-8584-4d3a-87e9-a67dc68258ae,Jumia,E-commerce,1,2023-08-01,كل ما اطلب حاجه تتلغي سواء من مصر أو هتتشحن من الخارج على الرغم من أني دفعت مسبقاً عن طريق فوري,Negative
f00c2c25-2ac6-45d7-a5a7-804e5d59d376,Jumia,E-commerce,5,2023-07-31,جيد,Positive
b44b8c47-3cba-4289-b25e-5f948a3a62b7,Jumia,E-commerce,5,2023-07-31,سس,Positive
d1db56bb-ba1a-4e2e-98ba-ccc85681f7aa,Jumia,E-commerce,5,2023-07-30,كل المنتجات ممتازه,Positive
0163840a-6a6d-46ff-bd63-d852addaf7e5,Jumia,E-commerce,5,2023-07-30,بالنسبه ليا ممتاز إذا تم توصيل المنتج بالفعل,Positive
70cb66d1-3c80-479a-969e-99b7b30b91ed,Jumia,E-commerce,5,2023-07-30,100٪,Positive
c6bece59-1774-46a1-8ef8-4d19ecc9f54b,Jumia,E-commerce,5,2023-07-30,Toooop,Positive
d49b91bb-a2ae-4d86-9d0c-9a60226b250e,Jumia,E-commerce,5,2023-07-28,Very good,Positive
6a067396-e03a-4d6b-842e-53468461dfee,Jumia,E-commerce,5,2023-07-28,اخترت منتج بالغلط ومش راضي يتلغي,Positive
c4209039-3627-40b8-ac0a-836954c6b458,Jumia,E-commerce,5,2023-07-28,تجربه رائعه بس ياريت تبقا فيه حاجات متوفره مثل سماعه Ozeino GM6 RGB بدور في المتجر مش موجوده,Positive
6a4be8ad-0987-4dc3-9391-e091a8b0d422,Jumia,E-commerce,4,2023-07-28,جميل,Positive
01152ba3-484c-4e80-9300-6049482066cb,Jumia,E-commerce,5,2023-07-28,🥰🥰🥰🥰🥰🥰,Positive
6363be3e-4e8e-4188-87dc-c8b885c7f473,Jumia,E-commerce,5,2023-07-28,جيد,Positive
326d51cd-7215-4b00-80f9-1a77ed22965f,Jumia,E-commerce,3,2023-07-28,جميل ✨❤,Neutral
