review_id,app_name,domain,rating,date,review_text,review_type
8e0c4b00-1e41-4647-ae57-3ec355934f9a,NBE,Banking,3,2026-09-29,كل ما ينزل تحديث جديد للاسف التطبيق بيكون تقيل في أغلب التحديثات والايام دي على طول واقع أو مش بيكمل و يقف عند مرحلة معينة ارجوكم شوفو حل,Neutral
70e436d7-95ef-44e5-b76c-af00672c8073,NBE,Banking,1,2026-09-28,التطبيق سيئ ولا يعمل علي هاتف هونر ٤٠٠ و فيه بعد التأخير في الفتح و خدمه العملاء سيئه في سرعه الاستجابة برحاء تنزيل تحديث سريعاً,Negative
bac79823-bbc5-44f1-940a-a91bcf581ccd,NBE,Banking,5,2026-09-28,تمام,Positive
4e21f516-b8e6-4961-97d9-65ef599184ef,NBE,Banking,1,2026-09-28,نظام فاشل سيستم بدائي اي ياجدعان دا,Negative
cae3cfba-b954-4693-b149-b5a5012f1a32,NBE,Banking,1,2026-09-28,لقد توقف عن فتحه وتجي رساله من البنك بالدخول,Negative
a7e2fc4e-bd34-477f-8c93-036649971772,NBE,Banking,1,2026-09-28,تطبيق زفت وبنك معفن,Negative
c3a9542c-c5d5-4239-898d-3b642125febd,NBE,Banking,1,2026-09-27,كل ماسجله مش بيفتح خالص صوره فقط ارجو العمل على ذالك,Negative
30e906b7-6198-4449-a023-06aec3f58ae7,NBE,Banking,4,2026-09-27,جميل جداً,Positive
e1d411a0-7dc1-4db3-bb52-7ad04e8db8a1,NBE,Banking,1,2026-09-27,البرنامج لا يفتح بكتب الباسورد جاري الفتح وبتيحي رساله بفتح البرنامح ومش بيفتح أرجو الحل,Negative
a4999b3c-87b7-4e4f-b047-5ae976005666,NBE,Banking,1,2026-09-27,😡,Negative
09a44280-06d7-4874-889e-5760d877c30e,NBE,Banking,1,2026-09-27,لما خ العملاء متحلش والفرع ميحلش مشكله ف الدخول ع الموبيل ابلكيشن رغم دخولي م الموقع مين يحل,Negative
74281ce3-ba17-4407-9bd4-c63dbf5c256e,NBE,Banking,5,2026-09-27,ممتاز,Positive
98775f93-edb8-4dd1-9ad9-71041a9a40a3,NBE,Banking,1,2026-09-27,البرنامج بقاله فتره تيجى رساله تقول إنه مفتوح فى الخلفيه ولاكن الواجهةثابته عملت فورمات التلفون اكتر من مره بسببه ونفس المشكله بيشتغل مره او اتنين وبعد كدا يرجع نفس الموضوع تيجى رساله إنه مفتوح ولكنه ثابت على الواجهه,Negative
93118959-1a11-4c0e-967e-5e3ab99f16b5,NBE,Banking,1,2026-09-27,صعب جدا في المعامله ومفيش اي تسهيل ويرجعك لاول خطوه تاني بدون فايده,Negative
2df08bed-47e5-4604-bc26-2e45b685cf3a,NBE,Banking,5,2026-09-27,ممتاز,Positive
a1a0a1c2-5b95-406e-ba71-ecb14ea8ab61,NBE,Banking,5,2026-09-27,ممتاز بعد التحديث قبل التحديث كان زفت الصراحه,Positive
dbf74119-f46f-44dd-9e99-29233e9c5d93,NBE,Banking,5,2026-09-27,شكرا,Positive
bef2777f-5e9d-44ef-8e8c-03acf21eaf0f,NBE,Banking,1,2026-09-27,اسوء تجربة,Negative
486be3d3-c274-4811-8fcd-9bcdbde582d9,NBE,Banking,2,2026-09-27,اعطال كثيرة,Negative
3d65e603-d516-49d7-9921-2637104b1e00,NBE,Banking,1,2026-09-27,التحديث الاخير جعل منه تطبيق سيئ جدا لانه لا يفتح وتظهر رسالة token has expired مع العلم انني قمت بتحديث تطبيق رموز الامان token وسجلت بنجاح ولا توجد أي مشكلة في ال token ومع ذلك تطبيق الاهلي نت موبايل لا يعمل تطبيق فاااشل,Negative
8b430e30-374d-42e0-96cd-5a06bec10ad5,NBE,Banking,5,2026-09-26,جيده جدا,Positive
0614daac-55ed-487b-9ab2-4710c2864418,NBE,Banking,1,2026-09-26,التطبيق لايعمل نهائيا,Negative
5618f5de-c3ca-4a7f-9053-70ca81d5a30e,NBE,Banking,1,2026-09-26,برنامج سيء للغايه ولا يساعد ويشترط الذهاب لأقرب فرع .. لذلك ما الفائده منه,Negative
39c00827-c74d-444e-b4aa-130686e0b09f,NBE,Banking,1,2026-09-26,واجد سئ التطبيق مش بيفتح ويلب تحقق ورسايل التحقق توصل بعد انتهاء المهلة بجد تعبت منه وان شاء بسحب كل تعاملاتي من هذا البنك,Negative
c1392b21-67da-4b12-981b-75e209a6c612,NBE,Banking,5,2026-09-26,تطبيق ممتاز وسهل بالتوفيق دائما,Positive
6b45158a-d1b2-4140-b38a-dc411a5da3e8,NBE,Banking,5,2026-09-26,ممتاز جدا,Positive
de9f5e0c-d0a5-4ef0-a61a-a32990b4f6fc,NBE,Banking,5,2026-09-26,جيده جدا,Positive
b8d18678-8fe7-4430-ae34-4e7bb2251217,NBE,Banking,1,2026-09-26,التطبيق لا يعمل حاليا ويعطى رساله عند ادخال الباص ورد النظام لا يمكن معالجه الطلب حاليا ورساله اخرى توكن اكسبيرد ممكن حل للمشكلة,Negative
fb30e42c-5dff-447d-8477-bb2ffac88acd,NBE,Banking,4,2026-09-25,ايصال التحويل مش متفعل عندى كل معامله الايصال مش شغال ولا يعمل مشاركه ممكن حل للمشكله دى,Positive
5567f3ba-8e16-47d0-9a64-8cfa14a9cfe8,NBE,Banking,1,2026-09-25,تطبيق زفت سئ جدا جدا جدا,Negative
8d84f489-6742-4b35-9532-9f3202e534e0,NBE,Banking,5,2026-09-25,ممتاز,Positive
1584f99b-7167-4723-b60a-41a5127c9bf5,NBE,Banking,5,2026-09-25,بسم الله ماشاء الله,Positive
0e9b9c6f-b975-4ee5-92f6-ae4b498a26ae,NBE,Banking,1,2026-09-25,البرنامج مش بيفتح,Negative
b105a57d-5324-41b7-8565-afc09f677120,NBE,Banking,1,2026-09-25,للأسف مافيش أقل من نجمة كنت اديتها للتطبيق السيء ده بيجي عند خطوة otpالموبايل وبيتوقف تماما ومعرفتش أسجل رغم إن كل البيانات صح,Negative
0bc1484c-6eee-4866-9d83-81083dec38fb,NBE,Banking,5,2026-09-24,good,Positive
ee5b9147-d8b4-402e-82b9-f1532495a682,NBE,Banking,1,2026-09-24,ممكن حل لان التطبيق بيقول تم الدخول وهو لسه واقف على صفحة تسجيل الدخول. ارجو حل سريع لهذه المشكلة.,Negative
2081b356-b765-4010-85b7-7b9d41c6d82d,NBE,Banking,5,2026-09-24,Verynice,Positive
d41ea99f-bf70-48ea-92a3-a516e0c563ae,NBE,Banking,1,2026-09-24,تطبيق لا يستحق التجربة من اسوق التجارب,Negative
ffc0e81e-4955-44cd-97c4-c6a7c174a6ea,NBE,Banking,5,2026-09-24,مش شغال ذي الاول,Positive
e1ffed73-0354-4f2d-b074-0588db08ce74,NBE,Banking,5,2026-09-24,سي بيفتح بصعوبه,Positive
a297a120-6af8-4003-bc10-7637c7bbdc8d,NBE,Banking,5,2026-09-24,ممتاز,Positive
10c033fa-b8f9-468d-8be0-a6b79d27aa73,NBE,Banking,1,2026-09-23,👎🏻,Negative
f2751fb2-da20-4485-99a3-48ff453d6f81,NBE,Banking,5,2026-09-23,سيئة والكلام على طول متلغط مش عارفه احجز,Positive
27dd0f75-e3a2-4ccc-873c-e64d5a2274ef,NBE,Banking,1,2026-09-23,التطبيق سيئ جدا أصبح لا يعمل رغم ارسال رساله بأنه تم الدخول علي الحساب,Negative
b44a63aa-a63e-4a6f-b50e-86451b0ff870,NBE,Banking,1,2026-09-23,لا يمكن للنظام معالجه الطلب حاليا الرجاء المحاوله لاحقا برجاء من فريق العمل حل المشكله,Negative
5230787e-6970-4778-9ecb-10fe3401581a,NBE,Banking,1,2026-09-23,فشل وزباله,Negative
1f3ee1c5-d592-4cb3-a0c7-3042b887b09f,NBE,Banking,1,2026-09-23,الابلكيشن مهنج ٢٨ يوم ف الشهر تقريبا بيشتغل يوم بالغلط والسيرفرات تقع وحاجه سيئه,Negative
beeebb94-8590-44c7-827f-2a22e8d3336f,NBE,Banking,1,2026-09-23,التطبيق وحش جدا بعد التحديث الاخير طول اليوم ادخل على البرنامج واكتب كود المستخدم وادخل اكتب الباسورد يقول غلط 5مرات علي كده واتصلت 10 مرات بخدمة العملاء يقول البرنامج شغال امسحي وراجعي نزلى تاني وعملت كده بفعل وبرضه مافيش فايده مشتاغلش وقفل خالص بجد حرام الواحد تعب ياريت تشوف حل او سوف تاني غير ده فاشل فاشل,Negative
86b44a59-c9db-4f66-8408-04bf29fa910a,NBE,Banking,5,2026-09-22,ممتازه,Positive
47a9087c-720f-4001-9b72-8aad0061a9c7,NBE,Banking,5,2026-09-22,EXCELLENT 👌,Positive
951bb653-8da1-411f-a44c-86dbafacb393,NBE,Banking,3,2026-09-22,لماذا لا يتم تفعيل قرض بضمان الشهادات من الابلكيشن.,Neutral
aeea0446-0469-4a6c-a6b6-b23c1cb96a21,NBE,Banking,1,2026-09-22,التطبيق مش شغال كل ما اسجل يقول لى يرجى عدم استخدام تطبيق اخر ويجيب عد تنازلى وبعد كدة يجيب الرقم السرى بيجب رساله خطأ لايمكن للنظام معالجة الطلب حاليا الرجاء المحاوله لاحقا,Negative
88640000-9105-4ec4-b4d3-d63331eeb21f,NBE,Banking,1,2026-09-22,تطبيق لا يعمل شكل بس....,Negative
bdb5be76-9613-4271-8d68-227ad74175be,NBE,Banking,5,2026-09-22,ممتاذ,Positive
24ac75c6-c9e6-4a5f-b3b2-31ec373bfd8d,NBE,Banking,1,2026-09-22,الان التطبيق لا يفتح حسابي بعد ما مسحته ونزلته على الهاتف طبعا انا طبعا مش موجود داخل مصر ولكن انا خارج مصر مش راضي يخش الا بشريحه موبايلي تكون في التلفون عايز شريحه الموبايل المصري تكون في التلفون طيب ازاي انا مثلا مقيم برا واكون معي شريحه مصريه الشريحه المصريه شركه الشركه اتصالات لا تسمح بالخط داخل خارج مصر الا ثلاثه اشهر و تلغي العقد منها لنفسها يعني ازاي هل انا عشان افتح حساب اون لاين اخلي خطي التجوال خارج مصر في الشهر قيمته فوق الاربعه 6000 جنيه ما ينفعش الكلام طويل ارجو حل لتطبيق يعمل من غ,Negative
076ef758-0361-4934-aeca-13bbd3ec30ba,NBE,Banking,1,2026-09-22,البرنامج لا يعمل,Negative
fb172b91-fd78-40f7-b4bc-387c76a0ba93,NBE,Banking,2,2026-09-22,النطبيق لا يفتح بعد التحديث الإجباري ممكن تجعلوا التحديث اختياري,Negative
21ad3849-70c2-421d-a76b-9bd514639c3e,NBE,Banking,5,2026-09-21,Good,Positive
b7d1a36b-5cf9-4e2e-9dcc-589b79998a19,NBE,Banking,1,2026-09-21,التطبيق لا يعمل ارجو حل المشكله فى أقرب وقت,Negative
6cb0877d-582c-4f18-8206-a0778dfdc14c,NBE,Banking,2,2026-09-21,التطبيق لايعمل يجيلي رساله خطأ في المعلومات علي الشاشة ويجيلي رساله علي الخط تم الدخول الرجاء المساعده,Negative
699c940f-e9c8-4f9c-a6f5-b944783b6f46,NBE,Banking,1,2026-09-21,سي مش بيفتح,Negative
13cc10f9-2f5a-4a62-880d-e137d62d4176,NBE,Banking,5,2026-09-21,تطبيق ممتاز,Positive
d213423f-26ef-4410-a8da-1efd11bd7b7d,NBE,Banking,1,2026-09-20,البرنامج لايفتح رغم ارساله رساله بتسجيل الدخول ايه الحل ؟,Negative
e1719444-c84b-4e2c-904c-0db55626cfe7,NBE,Banking,5,2026-09-20,جيد,Positive
3ee89419-cef1-4fcd-a7b3-e85dcb4b071f,NBE,Banking,1,2026-09-20,برنامج فاشل مش عايز يفتح,Negative
5c108a56-2f78-45ff-bdc2-45d12cdbe3b4,NBE,Banking,1,2026-09-20,لا يعمل وخدمه العملاء ليس عندها حل للمشكله,Negative
ac3f98f1-9c90-4661-a596-96efacb082e2,NBE,Banking,1,2026-09-20,تطبيق زباله وتحديث أزبل بصراحه من ازبل البنوك,Negative
78087502-3537-4b1e-81a3-8cd7b6cb051d,NBE,Banking,5,2026-09-20,جميل جدا,Positive
5ce47106-810b-444d-805c-a05597292712,NBE,Banking,1,2026-09-20,ضعيف,Negative
e05723cd-46f7-4827-b3be-6577abd3c5e8,NBE,Banking,1,2026-09-19,التطبيق لا يعمل برجاء إصلاحه,Negative
3a4d1809-9fea-4d1b-9e24-b5d89df2aa5c,NBE,Banking,1,2026-09-19,تجربة غير جيدة بالنسبة لي في المجمل,Negative
3f0ebe56-711b-4351-b9ed-02eb7d28c2ff,NBE,Banking,5,2026-09-19,ممتاز,Positive
abad36c4-c49b-488b-80b1-20c348f5d83b,NBE,Banking,4,2026-09-19,جميل جدا ودخول سهل بالبصمة,Positive
8042ab39-cff5-4c71-ba60-10dae1784501,NBE,Banking,1,2026-09-19,تطبيق مخترق يسهل عمليه سرقة بيانات العملاء بدون إجراء فعلى من البنك,Negative
af818e5d-51e7-47aa-89d4-a33d364f90f0,NBE,Banking,1,2026-09-19,زفت وتم الغاء التثبيت,Negative
4a25ecdd-ae1d-4a8c-bfb6-4d1ad57482fe,NBE,Banking,1,2026-09-19,التطبيق مبيفتخش مع ان بتجيله رساله تم الدخول على الحساب بس التكبيق يفضل يحمل وميفتحش,Negative
81f75c82-5c66-463d-9eb4-4e25aa72ac63,NBE,Banking,3,2026-09-18,لسيت جيده على الإطلاق.,Neutral
f39a5c57-b9b5-4be7-936f-11abac918fec,NBE,Banking,1,2026-09-18,فاشل زى البنك بتاعكم جارى إلغاء حسابى لديكم,Negative
d67599e6-cf40-4e83-8ba5-7b74a4212fa6,NBE,Banking,2,2026-09-18,مش احسن حاجة مشاكل تغيير الباسوورد,Negative
3cdf31f3-2d35-4487-b635-11e0c0b01d3e,NBE,Banking,1,2026-09-18,لا يعمل بتاريخ ١٧/٩,Negative
314d8abb-385c-4c90-8539-7fbd7a5e9512,NBE,Banking,5,2026-09-18,منتاز,Positive
d42c3c22-044d-49a5-8a94-4931dd416e2b,NBE,Banking,5,2026-09-18,ممتاز,Positive
e8dcb287-e515-4431-8419-f06ffd6d8996,NBE,Banking,1,2026-09-17,ليه ما يكونش زي انستا تطبيقكم صعب وحوارات مش بحول برقم موبايل الشخص زي انستا وكمان المفروض ادفع الفواتير الكهرباء الغاز وشحن الموبايل كله من نفس التطبيق مش من كذا تطبيق,Negative
d6cb920f-4d6f-454b-92f8-57537e8df59a,NBE,Banking,1,2026-09-17,هذا التطبيق لا يعمل,Negative
e070be09-735e-45c5-bcbd-cd96687cc315,NBE,Banking,5,2026-09-17,ممتاز,Positive
00828551-fbb7-4464-9ac7-035b50092ee9,NBE,Banking,2,2026-09-17,السلام عليكم ورحمة الله وبركاته كيف حالك اخي التطبيق توقف عن العمل مش راضي يشتغل خالص مع ان اسم الدخول وكلمه المرور صحيحة ارجو من حضرتك حل المشكلة بأسرع وقت لوسمحت,Negative
7eada8f9-0bd1-48fa-83ff-d2c1d7de1a73,NBE,Banking,1,2026-09-17,لا استطيع التسجيل علي التطبيق الجديد يقف عند مرحلة الهاتف لا يتجارزها وان تجاوزها لا يسرع في ارسال رقم otp وعند وصوله يكن الوقت انتهي فلا استطيع التسجيل فاعيد من الاول فلا يقبل الهاتف بسهوله وعند قبوله لا يسرع في ارسال otp وهاكذا طول اليوم لا استطيع التسجيل,Negative
b06d1749-eb93-468a-b12d-44b3ae3bf837,NBE,Banking,4,2026-09-17,يسهل علينا التعاملات البنكية عن بعد,Positive
a9b78d36-7612-4568-9058-e36c4ce758a9,NBE,Banking,1,2026-09-17,التطبيق معدش بيشتغل ولا هو ولا token,Negative
7c9f0686-1e7f-4130-933f-51a3cb245cec,NBE,Banking,2,2026-09-17,ع ظحن ممحدكحكظ. ت,Negative
8062efa6-09d6-4879-92b7-daa9c17d3242,NBE,Banking,5,2026-09-17,جيدا,Positive
0ab53c16-2b7c-4854-9bef-0be8475279a0,NBE,Banking,1,2026-09-17,برجاء اصلاح التطبيق ، لا يعمل حاليا ، للأسف كل فترة يحدث نفس العطل بعد اى تحديث,Negative
faeb23e8-f53c-48ed-8c3c-77fbeb1e9c84,NBE,Banking,1,2026-09-16,بنك سيئ جدا جدا جدا,Negative
4aa8c7c8-9d64-4319-86e9-674a3d508cfd,NBE,Banking,5,2026-09-16,شكرا,Positive
af7d5a6f-9170-4a9d-9cf8-117f133f2fb1,NBE,Banking,1,2026-09-16,الطبيق لا يعمل يوجد مشكله من عندكم,Negative
e3fb4551-14d1-438e-8b6d-cde776ae1d1d,NBE,Banking,2,2026-09-16,هل التحويل من حسابي المصري لحسابي الدولاري والعكس اتوقف لان حاولت ابعت كذا مرة ويظهرلي حدث خطأ,Negative
82696bdc-962c-4e86-ad23-ce41deb8b95b,NBE,Banking,1,2026-09-16,السلام عليكم حضرتك اللغه العربيه في التطبيق مش مظبوطه,Negative
c9ba7d1a-b91d-4cb0-820f-1139489990a9,NBE,Banking,2,2026-09-16,التطبيق جيد ولكن عند تغيير الموبيل هناك مشكله في تسجيل opt,Negative
f079adf7-ca63-49d2-b510-3acb07793021,NBE,Banking,1,2026-09-16,فااشل ومدة otp قصيرة جدا مش راضي يشتغل,Negative
1a5b8045-671e-418a-bcde-e103e0bb9eba,NBE,Banking,5,2026-09-15,ممتاز,Positive
c1f67058-9d3e-4b15-a753-d2e2124c1812,NBE,Banking,5,2026-09-15,جميل جدا,Positive
0a718290-a2eb-43bf-b04d-7a40fcb2df6e,NBE,Banking,5,2026-09-15,جميله,Positive
a0c1d8a0-5e62-4567-b31b-d888b2bb76d2,NBE,Banking,5,2026-09-14,افضل بنك ف مصر,Positive
0a9ee013-7ce9-497c-b49a-9e8c2b900a4d,NBE,Banking,1,2026-09-14,التطبيق منهج مايفتح,Negative
e3b31998-1dde-49bb-a3a8-c9138e21ef4c,NBE,Banking,1,2026-09-14,البرنامج لا يعمل وتم حذفه واعادة تحميله 3 مرات ولا فائدة,Negative
85f29d1a-f8c6-4e2b-b3b4-64ac8594ddd1,NBE,Banking,5,2026-09-14,ممتاز جداً,Positive
8c93d062-5da2-4d20-84ac-18deea4c9152,NBE,Banking,5,2026-09-14,ممتاز,Positive
940492b2-7921-42d6-9cfe-621a2a2ea4ee,NBE,Banking,5,2026-09-13,ممتاز,Positive
2a924b4e-d32c-421e-90a2-5a326bbadc06,NBE,Banking,1,2026-09-12,اكتر تطبيق ندمت انا نزلتو زباله,Negative
d6ec3fe8-642d-4925-993d-1d6c66aa773c,NBE,Banking,1,2026-09-12,زفت من اخر تحديث,Negative
6bc963dd-1a27-4fde-8697-130a5f232801,NBE,Banking,5,2026-09-12,يليصضييثسص٢٢ثقففغ,Positive
0252eb2e-914b-408f-94bd-a342156fe846,NBE,Banking,1,2026-09-12,التطبيق ممتاز بس عيبه على طول كل فتره علي التطبيق بيقفل ولازم اتصل بخدمه العملاء يا ريت يستمر,Negative
115400cc-935f-4642-a5c6-41542425fc91,NBE,Banking,1,2026-09-12,سئ جدا,Negative
93fcca88-b7c8-47fe-b90e-ea0b42fbbb03,NBE,Banking,5,2026-09-11,جد,Positive
4891a7dd-bcc9-4249-9ed3-667ecba8a852,NBE,Banking,1,2026-09-11,من المفترض أن البنك الأهلي من البنوك العريقة كيف لا تستطيعون بناء تطبيق أسهل وأسرع وذو واجهة وخدمات تليق بكم في ظل التطور السريع في بناء التطبيقات، انظروا إلى الدول الأخرى وكيف تتعامل ماليا، نحن لا نتقدم للأمام بل نرجع للخلف سنين ولا نستطيع أن نلحق بالدول الأخرى، ساعتين علشان افعل الأهلي Token ولم استطع، دفع الرسوم الجامعية لأولادي ولم أستطع طوروا من أنفسكم، تحصلون على رسوم على جميع العمليات لا يقم بها أي من البنوك الأخرى خارج مصر بل يتسارعون على مجانية الخدمات لجذب العملاء، لكي الله يا مصر,Negative
df530de9-24c0-4ead-92ad-4c468760d5d4,NBE,Banking,5,2026-09-10,رائع,Positive
84ea6703-9781-4f59-90b0-a036a5ef6f67,NBE,Banking,5,2026-09-10,ممتاز,Positive
29969efd-00c8-4734-8236-97a5556fa1ba,NBE,Banking,5,2026-09-10,ممتازه,Positive
eb69ff96-38b6-48f3-b1d0-fb210b2ec47c,NBE,Banking,5,2026-09-10,ممتاز,Positive
fa554ae5-e303-4753-8523-827c37108516,NBE,Banking,1,2026-09-10,تلاعب بالمصطلحات البنكيه وعدم الشفافية ولا المصداقيه شكرااااا على التجربه,Negative
5f5c2b4d-c673-4621-9da3-4efbbeebb7d3,NBE,Banking,5,2026-09-10,ممتاز,Positive
33d47fd0-aa6c-463f-8b92-bdc5c99206f6,NBE,Banking,1,2026-09-10,محدش يتعامل مع البنك الاهلي تبعت 1000ريال توصل 2000جنيه مش عارف ازاي,Negative
08039775-2337-4c07-85e1-c1d203079a18,NBE,Banking,5,2026-09-09,ممتاز جدا جدا واشكركم جميعن علي هذا التطبيق,Positive
4a58f95f-d10c-4eb8-8e47-7042aeb0337d,NBE,Banking,1,2026-09-09,فاشل فاشل فاشل يا فاشل سي جداااا لا انصح باستخدامه,Negative
5f9606f2-283d-4193-9116-6bf66bf9985d,NBE,Banking,2,2026-09-09,برنامج اقسم بالله فاشل عيب يبقي دا برنامج اكبر بنك ف مصر,Negative
32a10363-ef70-455f-81e3-d516b9607d95,NBE,Banking,1,2026-09-09,بالله عليكم انتم بنك حكومي والدوله نزلت تطبيق الهويه الرقميه للتحقق البيوميتري عشان فتح الحساب يكون اون لاين كامل انتم منتظرين تفعلو النظام السنه الجايه ولا ايه المفروض تسبقو كل البنوك عشان باقي البنوك تحذو حذوكم,Negative
852a9d3d-9f68-4b02-9c88-47fe4c73ba40,NBE,Banking,1,2026-09-09,سي للغاية,Negative
ae725c7e-80d6-4a70-a391-9715d8d99ee8,NBE,Banking,5,2026-09-09,ممتاز,Positive
da4ad786-1203-4699-a911-f625075431eb,NBE,Banking,1,2026-09-09,اسوء برنامج ع الاطلاق تخلف عقلي,Negative
68ee2627-6436-45ac-9433-3b64eb9e4a43,NBE,Banking,1,2026-09-09,والله العظيم هو قرار زباله وبرنامج زباله واستعماله زي الزفت ما فيهوش اي فائده,Negative
848cbb4f-378b-49d5-960d-57ef11b075c4,NBE,Banking,1,2026-09-08,لايعمل,Negative
69f62de7-32f5-47b1-a923-70825d7206e1,NBE,Banking,4,2026-09-08,ابلكيشن ممتاز وسهل نشكر كل القائمين علي هذا لكن لدينا رجاء نرجوا منكم عند تعديل البيانات الشخصيه يتم تحديث بيانات العميل من داخل الابلكيشن ولا داعي للفرع ولا السفاره شكرا لكم,Positive
2fb39333-cc33-41e7-8c9d-0bf4c26af853,NBE,Banking,1,2026-09-08,خانه كتابة رمز التحقق لاضافة جهاز لا تظهر الكيبورد للكتابه .. وام المحاولة على اكثر من جهاز,Negative
25e8de2a-01c2-4e8c-ab7b-37a1710e2fc1,NBE,Banking,1,2026-09-08,مش عارف أفتحه,Negative
8a470418-a449-401e-b4b0-694b672b2797,NBE,Banking,1,2026-09-07,تطبيق مش بيفتح ورحت الفرع فى الاقصر مركز ارمنت مفدونيش باى حاجه,Negative
75e47df6-1614-4af4-91b6-558ce2db55ca,NBE,Banking,1,2026-09-07,سيء جدًا وخدمة العملاء آخر إنحطاط .,Negative
55d2c461-9258-4a67-8ccf-13e15055cb4f,NBE,Banking,1,2026-09-07,اوسخ برنامج ممكن حد يستخدمه,Negative
32a4cadf-e151-44f7-8e7f-8e1b9d08c2e5,NBE,Banking,1,2026-09-07,سيئ جداً,Negative
eac402e8-e1ef-4e3d-ba14-96f3a0f81274,NBE,Banking,1,2026-09-07,تطبيق محتاج شغل كثير وكمان ما بيفتح برا مصر للاسف الاهتمام بالامور دي اخر همهم,Negative
cfee35fc-dde4-433f-b57b-1dd7169828e2,NBE,Banking,1,2026-09-07,خدمه سيئه وضعيفه جداااااا ومفتقره للخدمات الحديثه وبيهنج كتير!!!!!!,Negative
cf9175f6-1c32-4cf5-ae5a-1b2fb8cc1484,NBE,Banking,1,2026-09-07,برنامج بطئ ومعفن نفسى تشوفو كدا تطبيقات السعودية سهل وسريعه كيف,Negative
42073d8d-cc34-487c-9f96-de8d71e2ac35,NBE,Banking,5,2026-09-07,جيده الى حد ما,Positive
6e76d95c-ded1-416a-b338-94c45793f52d,NBE,Banking,5,2026-09-06,تطبيق بتصميم قديم,Positive
f9295b5c-f2fd-43a6-b527-55267faa87c8,NBE,Banking,1,2026-09-06,سجلت الدخول وخانه تغيير كلمه تأكيد كلمه المرور لا تعمل ولا أستطيع الوصول إلى حسابي,Negative
3caf624c-12ee-47d0-bba6-ca913d800b9a,NBE,Banking,5,2026-09-05,ممتاز جدا,Positive
a14ed723-bbcb-49d6-9bdf-3a0ddd77f718,NBE,Banking,1,2026-09-05,مقرفين,Negative
cfe09dac-cb9d-4347-b975-fde9fb09d0b4,NBE,Banking,5,2026-09-05,ممتازه,Positive
8be22c35-7c20-4120-b9c2-c6cc36643b57,NBE,Banking,5,2026-09-05,good,Positive
8cadcd5f-d5e2-4ae0-8f30-550dd9620d4b,NBE,Banking,5,2026-09-05,ممتاز,Positive
74606e61-a342-43e4-bd61-66fcdbe29a26,NBE,Banking,5,2026-09-05,بعد التحديث الأخير مكان OTPبيظهر بالون الرمادي ومش عارفين نستخدم التطبيق,Positive
58b0792c-7d3a-4f79-a826-d53a77215f3d,NBE,Banking,5,2026-09-05,كل التقدير محترم,Positive
d1a919f3-ed8f-46c3-9bbd-45238c4dc9c9,NBE,Banking,5,2026-09-04,جيد جدا,Positive
2f8cebac-2df7-48f1-97a9-1e9232684caa,NBE,Banking,2,2026-09-04,التطبيق فقير بالخدمات,Negative
1224714a-9548-45e0-9ed0-c38918eb5d1e,NBE,Banking,5,2026-09-04,سيئ,Positive
97b4d898-4b55-4b32-82af-cc4f0c43a635,NBE,Banking,5,2026-09-04,تطبيق جيد جدا,Positive
a61d753a-57c3-40e2-a79e-7255e2009f69,NBE,Banking,5,2026-09-03,البرنامج بقاله اسبوع فيه مشكله ليه ؟,Positive
0779206c-6416-4355-bf6d-ff3c759762c7,NBE,Banking,1,2026-09-03,للاسف التحديث سئ جدا,Negative
68c9d507-6dea-4e58-859c-1dac51692215,NBE,Banking,5,2026-09-03,يسر علينا يسر الله عليكم,Positive
62b1c115-f449-4bab-b5a1-879a87f9e3fc,NBE,Banking,1,2026-09-03,التطبيق معلق وبطئ بعد التحديث الأخير من سئ الي أسوأ للاسف,Negative
6b70c960-208a-436b-9fe7-0aa16b1aa384,NBE,Banking,1,2026-09-03,بحاول افتح حسابي بيوصلني رمز التحقق بس ما بيلسقش,Negative
9d7fd41a-8fb2-412a-8500-139ee5a932cb,NBE,Banking,5,2026-09-03,ممتاز,Positive
a98d123a-809f-4567-be4f-76d2dfbc118c,NBE,Banking,5,2026-09-03,ممتاز,Positive
cc0b0914-1b4f-4382-8d42-7c4d5f8baea2,NBE,Banking,5,2026-09-03,ابلكيشن ممتاز وفيه ممكن اقوم بعمليات كتيره جدا بدون ما احتاج اروح البنك,Positive
347c3a40-d3a5-44a3-880f-f8b9aaf64143,NBE,Banking,5,2026-09-03,تجربه جميله ومحترمه لانها بتسهل المشوار لاي مكان للبنك لذلك في اي حاجه محترمه,Positive
2e336366-5b10-4a17-bba2-66430c374b8c,NBE,Banking,1,2026-09-03,تطبيق رخم وعقيم,Negative
2b9dcfbb-46b0-41d3-95c4-7ae508197ed8,NBE,Banking,1,2026-09-03,التطبيق لا يعمل موضوع طول لو سمحت شوفوا حل,Negative
88708878-f3aa-4b48-ba11-775678e2fcc0,NBE,Banking,2,2026-09-03,صعب جدا تبقى تقيل فى الفتح او التحميل,Negative
98511b81-ba3a-4529-8bc6-0aa3a13a1f56,NBE,Banking,2,2026-09-02,بعد التحديث التطبيق مش عايز يشتغل,Negative
b6b320cd-cbe5-409e-b238-4119a7ae8ea3,NBE,Banking,1,2026-09-02,وفت,Negative
0dd99c39-997c-49d1-88db-d91e4b037352,NBE,Banking,5,2026-09-02,التطبيق لا يعمل بانتظام كل لما افتح التطبيق يقولي انت غير متصل بالانترنت مع ان الشبكه حلوه,Positive
bfb0c6c5-6e40-4717-843b-eb0df5e30cb8,NBE,Banking,5,2026-09-02,ممتاز,Positive
7498ddb8-9811-4b90-ab96-0cc0110dace3,NBE,Banking,5,2026-09-02,تطبيق رائع وسهل الاستخدام وموفر للوقت والجهد,Positive
da143eb6-07a9-4dc2-9174-b1093ba77585,NBE,Banking,4,2026-09-02,نظرا لكبر حجم العملاء يحتاج التطبيق لزيادة قدرته علي إستقبال كمية العملاء أثناء أوقات العمل,Positive
2ad4889b-aa19-45be-a2e0-64292d124416,NBE,Banking,2,2026-09-02,المسؤلين عن السوفت وير لهذا التطبيق فشله تماما وأضع هذا الكلام تحت نظر رئيس مجلس الإداره وأداؤهم أداء موظفين وليس أداء محترفين لأكبر بنك فى مصر رغم تأثر الخدمه الشبه أسبوعى لإجراء تعديلات نهاية الأسبوع للدرجه التى أفكر فيها النقل لبنك آخر لى أكثر من ثلاثة أسابيع أخاول تفعيل البايومتريه اللى كانت شغاله وفى المرحله النهائيه تم إرسال رساله صالحه لمدة 2 دقيقه إنتظر بقه بالنصف ساعه مترقب وفى الآخر ممكن تجيلك الرساله فى اليوم التالى وبعد عذاب تم تفعيلها وبالدخول طلب منى التحديث لتختفى الخاصة,Negative
458897cc-1f6f-4613-aed5-f2e28d5b8487,NBE,Banking,5,2026-09-02,تمام,Positive
93681ffd-8446-46f8-b66d-265bbaa81a75,NBE,Banking,5,2026-09-02,ممتاز,Positive
9191eb3e-77cc-4de9-88a1-ea151265ae50,NBE,Banking,4,2026-09-02,Goof,Positive
1b541e37-1515-4b1c-a153-00637b7ee760,NBE,Banking,5,2026-09-02,جيده,Positive
55a4aea8-eb5f-4c39-8528-622fd0ea04b2,NBE,Banking,5,2026-09-02,ممتااااااااااااااااااااااااااز,Positive
c3d9a07a-fcb6-47f6-a473-27392195bf1f,NBE,Banking,2,2026-09-02,جيد,Negative
fdd53d2b-800a-41b3-8f7b-094aaba1274c,NBE,Banking,5,2026-09-01,ممتاز,Positive
43d03936-210c-4beb-ad38-4bda66e74e7a,NBE,Banking,1,2026-09-01,لا يعمل,Negative
1cba6a3a-b430-4eac-9bce-ca4be691be0b,NBE,Banking,5,2026-09-01,التطبيق لايعمل,Positive
26362637-238c-4e77-830a-7580e147ae38,NBE,Banking,5,2026-09-01,كويس,Positive
cf26e59b-59c4-43aa-a0b9-87a074b0b607,NBE,Banking,5,2026-09-01,ممتاز,Positive
1d216cd1-a047-404c-a33f-e49b4ae1a097,NBE,Banking,5,2026-09-01,تطبيق سهل,Positive
bcb5ba2d-2e5b-4301-aec6-9e92a90dab4b,NBE,Banking,5,2026-09-01,ممتاز,Positive
a47f75ee-c94b-4e74-a8e5-691db8ce9528,NBE,Banking,5,2026-09-01,تطبيق خدمى مميز,Positive
17560028-074f-423e-9b3b-5d74fce7996c,NBE,Banking,5,2026-09-01,ممتاز,Positive
5e8787a5-8f36-495c-80e9-0e88ddcaad99,NBE,Banking,5,2026-09-01,ممتاز,Positive
8f5296b8-de0f-4406-9111-5eff3c5b4a51,NBE,Banking,1,2026-09-01,التطبيق سيء وبطيء وكثير الأعطال للأسف,Negative
b646a1f8-3f85-42a4-9c0b-74316d84324c,NBE,Banking,5,2026-09-01,Good,Positive
2f4de468-8d2e-4141-8b9f-f9fafc923b33,NBE,Banking,2,2026-09-01,تم اصلاح الخلل,Negative
f5093f9e-5950-47c8-bbf2-4e321ee8f764,NBE,Banking,4,2026-09-01,ياريت التطبيق يكون دارك مود الوضع الليلي أفضل من الأبيض المؤذي للعين,Positive
12bf5560-c8a5-45a4-971d-efedc6a96b10,NBE,Banking,5,2026-09-01,ناقصة خدمة تحويل اموال,Positive
6249c764-fc28-4836-8b09-1bf4a30b67dd,NBE,Banking,5,2026-09-01,رائع,Positive
5a37acde-4ae4-45de-a914-aafcfea83242,NBE,Banking,5,2026-09-01,جيد جدا,Positive
a6d545a7-692a-4f62-81fb-4e1058441686,NBE,Banking,5,2026-09-01,ممتاز,Positive
87a86d9f-bb3c-4b5c-9e60-3c7541865326,NBE,Banking,5,2026-09-01,معاملة ممتازة وبرنامج سهل ومريح,Positive
673ff4bf-4b79-4ae2-b275-9c4a26115873,NBE,Banking,5,2026-09-01,ممتاز,Positive
db62f3c3-57ff-4867-bae5-a826202d1128,NBE,Banking,5,2026-09-01,ممتاز,Positive
6005c11c-eec0-4e50-bf3f-9a258c888fa5,NBE,Banking,5,2026-09-01,محتاج تسريع,Positive
7b6f2913-3f1e-4d10-8eb6-425d99f9af0d,NBE,Banking,1,2026-09-01,بطئ وغير متعاون,Negative
3a55df45-53d0-4c29-a9b8-97f83a11fe16,NBE,Banking,5,2026-09-01,ممتاز,Positive
d3569b63-70fc-4002-a326-4a9475f7be33,NBE,Banking,1,2026-09-01,لا يوجد تقديم قرض بضمان شهاده ولا خدمه سحب على المكشوف بضمان شهاده من خلال تطبيق واجهزه سحب الالي تحتاج صيانه و لا يوجد بها نقد غالب الوقت ولاا يمكن الاشتراك من خلال تطبيق مباشره في خدمه الكشف الالكتروني للبطاقات الأئتمانيه عليكم اصلاح خلل سماح عملاء اشتراك كشف الالكتروني المجاني بدلا من ذهاب للموقع الالكتروني..طوروا نفسكم أرجوكم دا بنوك العالم تتقدم جامد تسهل دنيا,Negative
04e82b4a-b23f-4737-91b9-4132f7c290a0,NBE,Banking,3,2026-09-01,ياريت إتاحة تعديل بالتطبيق يوفر اغلاق الحسابات زى فتحها وتحديث بيانات العملاء من خلال التطبيق بدل من الفروع فقط للتيسير,Neutral
75db3403-f131-4f5a-b249-da8f07384ef3,NBE,Banking,1,2026-09-01,#تعديل:-😡😡 1-الابلكيشن ده فاشل وكدب عمال احاول ، احول فلوس من حسابي لخط فون مش قابل ويقولي اعد المحاوله مره اخرى مع ان فيه رصيد والبيانات مكتوبه صح..❌😡 … 2-التطبيق بطئ جدااااا لازم نت قوي ⁉️ 3-التطبيق محتاج تطوير 👌,Negative
5fd3372d-ff2a-4391-8cbe-43daaa19c34b,NBE,Banking,3,2026-09-01,للأسف نزلت التطبيق وفعلته وفي خدمات رموز الامان لم أجد خيار تفعيل خدمات تطبيق رموز الامان ويوجد خيار وحيد وهو تفعيل جهاز رموز الامان ما حل هذه المشكلة,Neutral
75f91d11-3ec1-4664-ab8a-be9d2d2bb12a,NBE,Banking,1,2026-08-31,برنامج عيان ولا شغال ولا تعرف تخش عليه عاملين خدمة مجانية بايظه ومش شغاله بس اسمها خدمة مجانية تقرفك,Negative
289110d3-e8f6-4080-980f-799eaf3c4007,NBE,Banking,1,2026-08-30,بنك زباله في الواقع و في التطبيق,Negative
ed46debb-a1a8-43db-b575-7e69d59cf61f,NBE,Banking,5,2026-08-30,حلو وسهل,Positive
2f5b82ab-0125-49dc-86bc-4f50bd4ec102,NBE,Banking,1,2026-08-29,تطبيق فاشل بيستهلك وقت كتير جدا مش زي انستا بي البصمه فعلتها بدل المره 10 مرات تشتغل شويه وبعد كده كانها مش موجوده اصلا المفروض صباع الواحد حتى لو عليه تراب ولا حاجه التطبيق يطلب التسجيل بكلمه السر وبعد كده تشتغل البصمه عادي بالمره التاليه وبحط كلمه السر صح بيقول لي خطا طريقه اتصل بخدمه العملاء وهذا كل وقت,Negative
d81d1d67-38d0-46b4-abaf-15286df1d1b1,NBE,Banking,1,2026-08-29,تطبيق بطئ فقير سئ,Negative
c598108a-16e0-4dd3-9df1-318147979e3e,NBE,Banking,1,2026-08-29,التطبيق مش راضي يفتح بحاول افتحه مش بيفتح ارجو الرد,Negative
a0f2c130-0942-48b6-8e00-5e0997dfa522,NBE,Banking,5,2026-08-28,ممتاز,Positive
7d7d3f87-cf22-4053-9486-e303450dc3a5,NBE,Banking,5,2026-08-27,ممتاز,Positive
c5bfc224-c5af-4102-a1f1-0b0266a47681,NBE,Banking,3,2026-08-27,بعد التحديث الاخير توقف عن العمل,Neutral
4f17130b-e261-43fc-ba83-69b28b146528,NBE,Banking,5,2026-08-26,ممتاز,Positive
7772ca74-3938-4b31-a21f-444fb22ebd67,NBE,Banking,5,2026-08-26,Very nice 👍,Positive
a6d10a29-2e7c-4b8d-b6a4-3a3a954ecd74,NBE,Banking,5,2026-08-26,good,Positive
061b5720-3982-4efc-946e-35812f586aee,NBE,Banking,1,2026-08-26,عطلت كل حاجه ع الفون عشان أعمل تسجيل دخول مفيش خالص شوفو حل بقا وبردو الفون كاش مش شغال,Negative
c4b5c623-4c3a-4933-973a-53e54cdd75a7,NBE,Banking,1,2026-08-26,اسوء تطبيق,Negative
c9476ad3-0b09-4b86-9fc0-f00730cf6481,NBE,Banking,5,2026-08-25,تمام,Positive
cf4310a1-b883-4fb5-b696-f1dd567911fc,NBE,Banking,5,2026-08-25,رائع,Positive
865f8e0a-1636-4f9c-ae47-91547d50c5e0,NBE,Banking,2,2026-08-24,البرنامج بعد التحديث لا يعمل نهائي وبالتالي لا استطيع إجراء أي معاملات بنكية أو الاستفادة منه برجاء اصلاح المشاكل في البرنامج,Negative
7e16a2d9-a104-4fc9-accc-daffb8acb765,NBE,Banking,2,2026-08-23,اواجه مشكله اثناء التشغيل يطلب ايقاف التطبيقات اللتي تعمل فوق التطبيقات الاخري وانا لن اوقف تطبيقات النظام ياريت تحلو المشكله من عندكوا,Negative
975d3d89-6962-44a4-bc1a-0d1a08a0be58,NBE,Banking,5,2026-08-23,افضل تطبيق في العالم,Positive
a309c201-4417-47bf-8ab2-bd47f2a615fc,NBE,Banking,3,2026-08-23,نريد رسايل عند سحب او اضافه مبالغ من بطاقة الاتمان,Neutral
fcdab511-44d4-4fae-8677-45a3aa9bc921,NBE,Banking,5,2026-08-23,جيد,Positive
d5636d84-3e54-439f-baf1-821588b909e6,NBE,Banking,1,2026-08-22,اخر زفت,Negative
c16e2f0f-30c4-4e55-90f2-7943652f01f9,NBE,Banking,4,2026-08-22,ممتاز,Positive
12441bc5-3cd0-4ca0-8524-632bd682f693,NBE,Banking,5,2026-08-22,ممتازة,Positive
38c5d679-d116-42d4-bd09-bd3506d87378,NBE,Banking,5,2026-08-22,جيدا جدا,Positive
946dea6e-8bc6-4495-9c56-09628ba2c5c4,NBE,Banking,5,2026-08-21,ممتاز,Positive
86120be4-0773-4ca4-a452-bf9676a724ca,NBE,Banking,1,2026-08-20,⚠️🔴⚠️ مقترح لتحديث واجهة المستخدم لتطبيق الخدمات المصرفية ⚠️🔴⚠️ الحاجة إلى تحديث الواجهة وتطويرها 🔴 نود أن نلفت انتباهكم إلى أن واجهة المستخدم الحالية للتطبيق تحتاج إلى تحديث شامل. 🔴 نقترح تطوير واجهة جديدة تحاكي المعايير الحديثة المتبعة في تطبيقات الخدمات المصرفية المرموقة، مثل تلك المستخدمة في بنك مصر، لضمان تجربة مستخدم محسنة وأكثر جاذبية.,Negative
06ac9c78-0174-417d-8cbc-90831d0b8dd0,NBE,Banking,1,2026-08-19,برنامج فاشل,Negative
fdab695d-a4fb-4a18-9f47-79808938991c,NBE,Banking,5,2026-08-19,مفيد جداً جداً,Positive
787010f5-1f3b-4841-9b5d-cd2c57d82d1b,NBE,Banking,1,2026-08-18,في مشكلة في التطبيق يا جماعة كل شوية يقولك عطل التطبيقات علشان في تطبيقات تؤثرعلي خدمة الأهلي موبايل.. ياريت تحلو المشكلة مش عارفين نستخدم التطبيق,Negative
e5a1b35a-e9e0-45fb-ba9f-9c17bd14aab7,NBE,Banking,5,2026-08-18,ممتاز,Positive
2264e5c1-620e-42f7-85b7-1d16ec0c12d0,NBE,Banking,2,2026-08-18,ممكن لو سمحت اضافه ميزة اخفاء الارصده بدل ماهو مفضوح كدا اي حد يعدي جنبي يشوف الارصيده بشكل مباشر,Negative
806d8c48-d202-41a3-a02d-1c03d73709f9,NBE,Banking,1,2026-08-17,بعد التحديث الجديد ما بقاش يفتح,Negative
11b980fa-71af-4a99-9e8b-363e27bfd8b5,NBE,Banking,1,2026-08-16,اسوء بنك علي الاطلاق وخصوصا فرع بوش,Negative
d250286e-2196-41db-80fd-480026757213,NBE,Banking,1,2026-08-14,صعوبة التسجيل غير عادية الكود صحيح وكل شئ صحيح وبعدها تطلع رسالة خطئ جربت اكثر من عشرين مرة ولا اى شئ تم لماذا كل هذا العذاب ؟!! لذلك لغيت التطبيق,Negative
d60bbe4e-aff3-4057-bad4-36f8e5b41568,NBE,Banking,2,2026-08-14,تحت التجربة هل ينفع اسجل عليه بكارت فيزا ميزة اللى استخرتها ببطاقة الرقم القومي والتى يتم ربطها با الانستا باي,Negative
949869c2-05ac-4934-85c3-8deb1e9dd653,NBE,Banking,5,2026-08-13,الله ينور واعلى تقييم,Positive
0ad5f550-2dbd-42e1-98e8-c97e0376c20d,NBE,Banking,1,2026-08-13,الابلكيشن سئ جدا وبيعلق وبستني otp لحد ما يوصل بيكون صلاحيتو خلصت,Negative
8ed70a4b-bda9-47e9-98e1-42c65ea0451f,NBE,Banking,5,2026-08-13,بنك اهل مصر👍,Positive
7f96835e-1414-4380-9a87-db699fd71ef8,NBE,Banking,1,2026-08-11,زباله,Negative
be48bffc-7bbe-47e3-801a-41c098f73cce,NBE,Banking,5,2026-08-11,جميل جدا,Positive
a6a24dba-5f45-4650-b6e8-983adccc6f56,NBE,Banking,1,2026-08-11,للاسف البنك اعطانى كود صعب ادخل فيه مش عايز يدخل ليه مش باخدكود سهل ادخله ومش عارفة استعمله ليه التعقيد ده,Negative
d242d7bd-f985-49c7-b2ac-c197daad35a3,NBE,Banking,1,2026-08-09,خدمات عملاء فرع قلين بالاخص شباك 17 سئ جدا كرهت البنك ولغيت الحساب لاجله,Negative
fd5b1be4-97f0-40fb-96ff-d0e44c1e0c4a,NBE,Banking,5,2026-08-09,برنامج مفبد جدا,Positive
8657bc67-5567-42fa-9caa-c61dc1842903,NBE,Banking,1,2026-08-08,كان يعمل بشكل طبيبعى على جهازى تكنو ولاكن للاسف بعد اخر تحديث بطل يفتح على الجهاز نرجو حل هذه المشكله,Negative
7b971834-9dab-4cf2-a015-9d7eba2a13d3,NBE,Banking,5,2026-08-08,ممتاز ولكن التطبيق احيانا لا يفتح لماذ,Positive
8d980a22-92ef-4f1d-8396-6644f7a77667,NBE,Banking,1,2026-08-06,تطبيق فاشل ما بفتح صارله يومين حسبي الله ونعم الوكيل العالم بتطور واحنا لسا فالقصص ده,Negative
851f0d4e-ea71-42d3-9ef5-127b4f81b436,NBE,Banking,5,2026-08-04,جيد,Positive
630e09da-789e-4dbc-8b8c-3813f8e36ad3,NBE,Banking,1,2026-08-04,تطبيق عقيم لا يليق بمستوى البنك الأهلي,Negative
58d999ee-66fa-4ca4-b5ac-f5a045926717,NBE,Banking,5,2026-08-04,كويسه,Positive
6094a044-6b8f-4280-a0fc-cc80a0f13092,NBE,Banking,1,2026-08-04,التطبيق بقي زفت مش بيفتح ومسحته وحملته من جديد مافيش فايده ويقول الظهور في التطبيقات مهما اعمل هو اصلا مش ظاهر مش فاهمه في ايه بجد برنامج فاشل فاشل فاشل وكان ماله النظام القديم تحدثوا الخدمه عشان تبقي احسن واسهل في تخربوها خالص وتصعبوها علي الناس لا برافو,Negative
5271e958-448d-4632-8f23-a2fd812349b9,NBE,Banking,5,2026-08-04,ممتاز,Positive
eb95c8c6-d512-4012-b719-4b22fac52afb,NBE,Banking,5,2026-08-04,تحت الممتاز بسنه,Positive
0706da3d-0096-4451-ae53-82c10423f587,NBE,Banking,1,2026-08-02,البرنامج لا يفتح بسهوله وكل مرة يطلب تسجيل الباسورد ولا يتم حفظه علي الجهاز,Negative
0fb53deb-bee0-4601-9284-0c376c5b21b1,NBE,Banking,5,2026-08-01,جيد,Positive
b805a1a6-1a07-4de2-ad08-c0a40c55513e,NBE,Banking,1,2026-08-01,الموقع بطئ و معقد جدا يحتاج لتطوير فعااااال نرجو التطوير للأحسن التحويل صعب جدا بطئ الفتح رسائل sms تتأخر جدا باختصار سئ المفروض يتم الرد و التطوير لكن ما زال جمود التطبيق و صعوبة التحويلات داخل التطبيق و صعوبة معرفة أسعار العملات و الله معقد نرجو التطوير للاسهل مع الحفاظ على الامان,Negative
51f27bf4-6e7e-4831-95e1-d68a6a081971,NBE,Banking,1,2026-07-31,تطبيق سيء احتاج عمل مشاركة عند الارسال لاخبار الطرف الآخر اني أرسلت إليه كما هو الحال في تطبيقات تحويل الاموال الكاش. التطبيق ليس به مشاركة ولا يسمح بعمل سكرين توقف تماما مع التحديث ولا أدري ما السبب رجاااااااااء تعديل التطبيق للوصول إلى الأموال الموجودة على التطبيق,Negative
28cf9a80-042d-4b75-9724-f87e5415f601,NBE,Banking,1,2026-07-31,عدم استجابته دائما يقول حالة العميل لا تسمح بالاشتراك دون معرفة السبب,Negative
a725b31c-a34c-4747-9d16-004dd1404368,NBE,Banking,5,2026-07-30,جيد,Positive
60558fea-9654-45d1-a52b-48a780f8cfe1,NBE,Banking,5,2026-07-30,متميز,Positive
0473f2c2-a4bf-4de3-81e9-c25a3a1218d4,NBE,Banking,1,2026-07-30,سيئ جدا اخر تحديث,Negative
e46120d5-3294-42c2-a717-54a0fea5462d,NBE,Banking,1,2026-07-29,مش شغال نهائي,Negative
a6901ca0-ee94-4e7a-9f73-44d80890f5b6,NBE,Banking,1,2026-07-28,بنك زبالة وبياخر التحويلات وبتقعد بالايام عند امهم وفي الاخر تتصل بيهم يقولك اه قدامنا التحويل بس لسه مسمعش في الحساب تسمعوا الرعد ان شاء الله بنوك زبالة,Negative
abf30e90-90ae-474a-8b4d-66eb30019b1a,NBE,Banking,2,2026-07-27,جميل,Negative
b9776052-bd7e-460c-99ca-0a67ae143023,NBE,Banking,1,2026-07-27,بصراحة خدمة العملاء زبالة وتطبيق زبالة,Negative
5443759a-ebc9-4815-b89a-66a50d03d510,NBE,Banking,5,2026-07-27,ممتاز,Positive
4830c3cb-3d03-42ec-8833-5cdb8cccd922,NBE,Banking,1,2026-07-27,برنامج زفت بيسجل خروج لوحدو وادخل الباسورد مره يدخل ومره لا مع انه نفس الباسورد متغيرش وكمان جيت اغير الباسورد البرنامج مش قابل يشتغل,Negative
0ac6840e-11f3-4240-b4b7-49dd47b2cc2f,NBE,Banking,1,2026-07-26,التطبيق لا يستحق اى نجمه التطبيق فاشل و بطئ جدا جدا و خصيه البصمه مش شغاله تطبيق زباله اوووووووووى,Negative
2dc6acfe-75f9-443e-aca7-d0b92134a2f5,NBE,Banking,1,2026-07-25,التطبيق كل م احول منه فلوس يقفل ويديني رساله ان مينفعش استخدمه مع وجود مراسل فيس او صفحات فقاعيه...مع ان كنت بستخدمه عادي قبل كده.,Negative
0d413c07-ba1b-4066-9b71-a5670f436057,NBE,Banking,5,2026-07-25,ممتاز,Positive
89dabee9-4bf9-4912-bc42-0fbe31a72cb4,NBE,Banking,5,2026-07-25,ممتاز,Positive
8550d733-5b72-4db1-9111-3ab0486b0f37,NBE,Banking,1,2026-07-25,شلل والله سواء هو أو الموقع ربنا يتوب علينا,Negative
a575612b-3cbb-4e93-92a5-5d0235c31f78,NBE,Banking,5,2026-07-24,ممتاز,Positive
ba1c5f0a-5139-45e8-a141-d7095b4c725c,NBE,Banking,1,2026-07-24,أهلاً بفريق تطوير تطبيق المحفظة الإلكترونية للبنك الأهلي، بعد التحديث الأخير ظهرت مشكلة كبيرة: التطبيق لا يعمل مع البرامج الناطقة المعتمدة على إمكانيات الوصول. نحن كمكفوفين نعتمد عليها بشكل أساسي. نرجو منكم إصلاح المشكلة واستثناء البرامج الناطقة حتى نتمكن من استخدام التطبيق بسهولة.,Negative
a7d02a24-2b59-42ce-b95c-2c1ff5e89345,NBE,Banking,1,2026-07-24,التطبيق لايعمل حتى بعد إلغاء التثبيت وتحميل التطبيق من جديد لايعمل أيضا,Negative
c9eebbbe-b351-4711-b895-3909536595e5,NBE,Banking,5,2026-07-24,ممتاز,Positive
1c2e8247-d465-4d52-9d43-358a4e772fe2,NBE,Banking,5,2026-07-24,جميل ممتاذ,Positive
85bc4419-18d1-4e8f-9c79-4ce2b09e6903,NBE,Banking,1,2026-07-23,التطبيق واقف عن العمل ايه التهريج ده اسؤ تطبيق اتعملت معاه,Negative
9e6cec24-be69-4b95-b885-2f094a97ec7b,NBE,Banking,1,2026-07-22,زفت جدا بعد التحديث الاخير..وكل مره يلغى الPass word,Negative
553edd6d-c57c-45b1-bd17-57d1fce03f69,NBE,Banking,5,2026-07-22,ممتاز,Positive
ab14896b-8f6d-4aa6-94c5-75edebcad6d4,NBE,Banking,1,2026-07-22,أسوأ بنك للأسف خاصه فرع مت غمر أسوأ موظف محمد ابراهيم احمد وشهرته محمد جريشه لا اسلوب ولا كرزما في التعامل للاسف هو ليس اهل لهذا المكان ولا يصلح له وطالب التحقيق معه وبوجودي,Negative
b3150366-2c38-4261-a18b-7e51860095d6,NBE,Banking,3,2026-07-22,التطبيق لا يفتح نهائيا بعد التحديث.,Neutral
42d81781-030c-4b60-a4ae-7209096063d6,NBE,Banking,5,2026-07-22,ممتاز,Positive
d6e4f127-0edd-4d4d-83c9-8f7ee570cc1f,NBE,Banking,1,2026-07-21,تطبيق سئ و مليان bugs ومشاكل خصوصاً بعد آخر تحديث,Negative
729893c6-1423-45d8-b273-9db1d5b00b75,NBE,Banking,5,2026-07-21,برنامج محترم,Positive
2ff0dc1d-8c11-4143-b052-ace9291108b0,NBE,Banking,5,2026-07-20,ممتاز,Positive
1bacbae0-52ee-49a4-ae34-66fa21197c96,NBE,Banking,1,2026-07-20,تطبيق سيء,Negative
0320dd4d-6114-4d73-b801-f2383ecb6afb,NBE,Banking,5,2026-07-19,جميل جدا,Positive
301c34d7-b2e6-43fd-8d66-0fb5468cb7c5,NBE,Banking,1,2026-07-19,المعامله بقت اخر عدم اهتمام 😒,Negative
c5a6c3aa-bdd0-4eb4-aae4-2e651c180bf1,NBE,Banking,1,2026-07-19,التطبيق مش بيفتح وبعد متابعة مع موظف خدمة عملاء مشتغلش ودي ثالث محاولة مع موظف خدمة عملاء وتم حذف التطبيق وإعادة تنزيله من جديد لما نشوف,Negative
f877c912-e47f-4b53-ba5d-a3f93704eea7,NBE,Banking,3,2026-07-18,جيد,Neutral
989f439d-d0e1-4866-b0ba-fed930f97e18,NBE,Banking,5,2026-07-18,تطبيق جميل جدا جدا يعرف كل المعلومات التي تمت معاملاتها يستاهل اكثر من 10 نجوم,Positive
f7536a82-83d4-483e-9690-ba21c87c5e13,NBE,Banking,1,2026-07-17,ليه مافيش ميزة اخفاء الرصيد المتاح لفرض المزيد من الخصوصية,Negative
20b3e37a-54fa-48b4-857e-450bc3af16a6,NBE,Banking,5,2026-07-17,ممتاز,Positive
8669c599-21c2-4f1f-b8a4-71fcfef3de82,NBE,Banking,1,2026-07-16,كل شويه البرنامج يعملى حظر وانا بدخل كلمه السر صح ويقولى غير صحيحة,Negative
ca1b4bb7-8a81-4c4d-8a2f-530bb4a0ca68,NBE,Banking,1,2026-07-15,البرنامج بعد تحديث لا يعمل ؟؟؟ ارجو حل مشكلة,Negative
1d548666-9d39-4878-bf27-04ce782b8362,NBE,Banking,5,2026-07-15,جميل,Positive
58bf98cc-fb20-432f-8cb6-bac09b045201,NBE,Banking,1,2026-07-15,ارخم واسوء و اوحش تطبيق بنكي على مستوى الدول العربيه والعالم كله,Negative
6717cb65-1b4e-4d37-9256-cb74f08f243d,NBE,Banking,1,2026-07-15,حرميه بامتياز,Negative
99dc4c39-7114-41a9-9b18-0a53113c0347,NBE,Banking,1,2026-07-14,سييء جدا جدا,Negative
26848055-80ed-4d19-aa78-f657a0153353,NBE,Banking,1,2026-07-14,وحش جدا,Negative
23241c8c-b5b1-4fa8-9e64-1d47f1adca9c,NBE,Banking,1,2026-07-13,التطبيق لا يعمل,Negative
f28a23a1-297a-4d57-be39-1e249e486b9a,NBE,Banking,1,2026-07-13,يا ريت يكون في تحديث بعد اذنكم نظام التطبيق الداخلي وتعديل بيانات الحساب زي رقم الايبان ورقم الحساب وطريقه النسخ,Negative
97efd8bb-d371-4050-93a2-e23792f0bc3c,NBE,Banking,1,2026-07-12,سئ جدا انا لسه ماسح القديم لما نشوف البرامج الزفت بتاعتكم بتحديث زباله هيفتح ولا زي وشكم انا هلغي الحساب وهلغي المحفظه بسبب البرامج الزباله دي,Negative
211091c1-da9d-488b-b453-034933d22e9f,NBE,Banking,5,2026-07-12,تحت التجربة,Positive
eec7bb81-b93f-4a88-92fc-c7d19253f35d,NBE,Banking,1,2026-07-11,البرنامج مش بيفتح عندي في مشكلة ياريت حل المشكلة دي علي وجه السرعه,Negative
fb8ef34b-a890-4759-b092-8eabb86833b7,NBE,Banking,1,2026-07-11,البنك الاهلي المصري سرق 8100 من حسابي وكلمت خدمه العملاء بيقولي البنك الاهلي عايز منك فلوس من شهر 5 واحنا في شهر 7 كل الناس تلغي حسابها ف البنك الاهلي المصري,Negative
8efdb985-6de4-4b11-99fc-24951f285f15,NBE,Banking,1,2026-07-11,البرنامج لا يعمل,Negative
f0f8110f-37ad-485d-8e9a-7f7781949642,NBE,Banking,3,2026-07-11,التطبيق بطيء وكتير مايفتحش الا بعد اكثر من محاوله,Neutral
5d92dcb9-56ed-481e-9bbb-8e380f2fafb2,NBE,Banking,1,2026-07-10,قفل التطبيق خالص,Negative
38a0cb66-f417-4ad0-a1ff-145ffb1dff14,NBE,Banking,5,2026-07-10,ممتاز,Positive
1141a76e-2e56-4640-8d85-7976a9d1c674,NBE,Banking,1,2026-07-09,سئ جدا بعد التحديث,Negative
e1f733cf-2ec9-4cb3-9f24-b4fb2f2aa160,NBE,Banking,1,2026-07-09,برنامج وحش جدا ومش بيفتح ، مافيش حاجه بتعملوها عدله ابدا,Negative
e80ad7e9-497d-4653-8e0a-75919e0123cd,NBE,Banking,1,2026-07-08,انا مش عارفه افتح البرنامج بالرغم اني انا عامله حساب في البنك الاهلي مش عارفه افتحه خالص عايزه الحل ولو في رابط بيتفتح بي يا ريت تبعثه لي ارجوكم,Negative
1a4c5d59-a183-44b7-87be-2b67f2fc159c,NBE,Banking,5,2026-07-08,جيد,Positive
b7e48e38-b5ff-45f5-bc4c-049339f1223d,NBE,Banking,3,2026-07-08,جيده,Neutral
3fba19bc-358d-4b3a-9d35-49dca8d10e70,NBE,Banking,1,2026-07-07,سيئ,Negative
ddd590fe-1ea1-4428-815c-df5fb63f689a,NBE,Banking,5,2026-07-07,جيد,Positive
e5563f2c-255d-450d-bfb5-89b276bed855,NBE,Banking,5,2026-07-06,ممتازة,Positive
581d6c82-3135-4098-9119-53418f01da67,NBE,Banking,1,2026-07-06,كل مافعل البصمه مش بيرضي ويقول خطأ حل المشكله لانها مشكله عامه,Negative
a24783c1-78e7-442d-a9ee-37796ec8006a,NBE,Banking,1,2026-07-06,التطبيق بعد آخر تحديث لا يعمل اساسا ؟؟؟؟؟؟,Negative
150429fc-5b65-47de-8916-beeed91586c4,NBE,Banking,4,2026-07-05,ممتاز وسهل التعامل جداا,Positive
cdc61904-778c-4831-a863-0ef80a5e5ed7,NBE,Banking,1,2026-07-05,ممتاز عند تجريه,Negative
d188c4b9-0326-4428-960b-5131ee5a74df,NBE,Banking,1,2026-07-03,بحاول افتح التطبيق بيقول اعمل إلغاء لظهور فوق التطبيقات للتطبيقات الاخر وعملت إلغاء ونفس الشيء مش بيفتح,Negative
7476c97d-a974-4cfa-968d-d55a0138bf55,NBE,Banking,1,2026-07-03,اسوء ابلكيشن ممكن تتعامل معاه,Negative
efb58ddf-6394-47c0-b1f5-e2a794df4be1,NBE,Banking,5,2026-07-02,ممتاز جدا جدا جدا جدا very good و شكرا very good,Positive
cd073c6b-eba6-4f47-a459-718e5b75387b,NBE,Banking,5,2026-07-01,ممتاز,Positive
45e3e4aa-1cba-448f-9e73-9215434d669d,NBE,Banking,1,2026-07-01,تقيل جدا بيغيب عند الفتح ودي عيب كبير جدا اداء سيء جدا جدا جدا من ابلكيشن بنك,Negative
5422e7ea-f616-4fc8-a33d-9eddf7a9a496,NBE,Banking,2,2026-07-01,التحديث الاخير سيء والبصمه لا تعمل,Negative
309a194f-ef18-4c29-8d35-91a333fdaf93,NBE,Banking,2,2026-07-01,التطبيق ثقيل جدا,Negative
dd2199c7-e888-4eb1-99b1-a609a8f2f47c,NBE,Banking,1,2026-07-01,بعد التحديث التطبيق مش بيفتح وبصراحه عطل خدمات ناس كتير وبقا سئ للغايه لذلك ساحول لبنك مصر افضل او اي بنك اخر,Negative
30f39719-ed01-4451-8fd3-cee40e4de09c,NBE,Banking,5,2026-07-01,ممتاز,Positive
9b624490-b1be-40f2-b195-542648caf198,NBE,Banking,1,2026-07-01,سيئ جدا جدا جدا,Negative
46c3d04a-8d8b-4248-b6de-95b60ef623ed,NBE,Banking,3,2026-06-30,محتاج تعديلات كتيرة راجعوا تطبيقات البنوك الخليجية هتستفيدوا كتير جدا,Neutral
18e60064-a598-43d8-a334-6453e0fa5b37,NBE,Banking,1,2026-06-30,التطبيق مكنش بيفتح حذفته ونزلته من جديد وطلب اني الغي ظهور بعض التطبيقات نفذت واشتغل,Negative
06e5e71b-4ee8-4af6-9247-7424a03cddd4,NBE,Banking,1,2026-06-30,موظفين فرع باب المزار لا يصلحوا للعمل فى البنك 3 ساعات عشان افعل التطبيق وغير ملتزمين بالدور وبقول للموظفه انتى دخلتى واحد رقمه بعدى تقولى مش عاجبك ارجع للأمن لا انصح بالتعامل مع هذا البنك,Negative
65c405c1-cba3-48da-81ca-d763d39ebd2a,NBE,Banking,1,2026-06-30,البرنامج لا يعمل واصبح شئ للغاية وهذه خدمه شئ جدا علماً بأنه تحت اداره بنك اخيره في مصر سوف اسحب كل حسباتي من هذا البنك واكتب في الجريده اداره البنوك ورؤوس الاموال عن هذا الوضع السيئ,Negative
db4d901c-cb85-433d-bcee-f09c282da1dc,NBE,Banking,1,2026-06-30,أصبح قذر يعطى مديونيه / الرصيد المستخدم غير الحقيقيه,Negative
fdee512c-b488-4b20-86a2-86b0c3706170,NBE,Banking,5,2026-06-30,جميل,Positive
3992a659-caad-4e48-b482-c70ec4deb66d,NBE,Banking,5,2026-06-29,👍,Positive
7b647b80-ac31-4ce7-8cc8-5870fde8506e,NBE,Banking,1,2026-06-29,التطبيق مش ييفتح خالص ايه السبب,Negative
944b6c42-f916-4c42-bdef-8d071f15f9c3,NBE,Banking,4,2026-06-29,اكتر من مرة بحاول اشغله دون نتيجة,Positive
bbafe9e3-5100-457f-8271-0c8eaec3e9bb,NBE,Banking,1,2026-06-28,تقيل في الفتح وبيهنج وصعب التعامل معه,Negative
20ac2b56-6937-4ab8-8aeb-1e964fa0c10b,NBE,Banking,1,2026-06-28,منذ سنه الى الان وانا اتعرض للنصب والاحتيال من جانب بنك وطني زي ده ولم اصل الى حل الي الان!؟! وانا اعمل الان على سحب فلوسي بالكامل من هذا الحساب ولكن البنك يتعامل معي بطرق ملتويه بطريقه غريبه ومستفزه وبالطبع عدم وجود دوره مستنده لحقوق الملكيه يجعل البنك في موقف قوي وانا في موقف ضعيف حسبنا الله ونعم الوكيل ☝️,Negative
247e8c41-0291-41f3-a00b-9ebf418f73af,NBE,Banking,5,2026-06-28,ممتازه,Positive
7e2e03cf-1627-4945-8dd0-506246702745,NBE,Banking,5,2026-06-28,Good,Positive
4d34abac-9847-48c6-8377-2fa82d8cd47a,NBE,Banking,1,2026-06-28,التطبيق للاسف لا يعمل,Negative
744294c2-e400-4fae-b0a4-31ecc0d62c1a,NBE,Banking,1,2026-06-27,لا يعمل,Negative
062d9af6-569b-4f03-b359-e68f045ed00f,NBE,Banking,4,2026-06-27,رائع جدا,Positive
8342f29e-83cf-4204-8082-e8ec30aab642,NBE,Banking,1,2026-06-27,تطبيق بنكي غير آمن ازاي يتم الدخول للتطبيق بدون رمز OTP,Negative
b6764ffb-84e0-4499-a3ea-8a5fe935fcdb,NBE,Banking,5,2026-06-27,ممتاز جدا جدا,Positive
ffedc649-7748-442a-bf11-8a69100ce57a,NBE,Banking,1,2026-06-26,سي جدآ بعد التحديث مش بيفتح الأول كان شغال ليه العطله دي رجاء حل المشاكل المتعلقة بالتشغيل او الغاء التحديث,Negative
62a7bebf-289d-4791-bf35-8770a1855082,NBE,Banking,1,2026-06-26,مش بيفتح 👎,Negative
68c51ce1-d873-464f-ae84-484fbecda0ab,NBE,Banking,5,2026-06-26,نايس,Positive
c3c6b9df-ad22-4497-8cba-c8cbc7313a4c,NBE,Banking,1,2026-06-26,من فضلك من آخر التحديث له ومعاتش بيفتح معنا طب احنا الحين خارج مصر لازم يكون في تساهيل شويه ل البرامج متا نتقدم بقاه والله عيب لم يكون من اقوى البنوك داخل وخارجه ويكون دا نتيجه والله عيب اقل بنك ف دول الخليج بيبقا البرامج متاحه في جميع الأوقات وخدمة عملاء على أعلى مستوى وبرامج الاكترونيه بتاعتهم سهله كثير ومفيش اي صعوبه لهم متا مصر تتقدم بقاه فضحتونا والله ان شاء الله تعالي انزل اغير البنك الأهلي في بنوك افضل منه ١٠٠ مره,Negative
ddf380e7-02e4-4137-bfcb-bed827a49075,NBE,Banking,5,2026-06-26,حلو,Positive
e0009aa6-00bf-4d25-b40a-e0f84a0fae4b,NBE,Banking,1,2026-06-25,فتح تطبيق الأهلى نت ضعيف جدا جدا جدا جدا اريد معرفة السبب لفتح التطبيق,Negative
1a47c961-2678-47c2-8b13-eacd286e0518,NBE,Banking,5,2026-06-25,جيده,Positive
f851f1a1-8371-4fe0-a05e-d7eccc5fd08c,NBE,Banking,1,2026-06-25,بعد التحديث البرنامج لا يقبل الباسوورد الذي أعمل به وتم تعطيل البرنامج من قبل البنك ولا يقبل باسوورد جديد مهما ارسل البنك باسوورد للدخول لعمل باسوورد جديد ولا يقبل حتى عند الدخول من المتصفح موقع البنك المشكلة من عند البنك برجاء إلغاء التحديث ومعالجة المشكلة بأسرع وقت من فضلكم,Negative
efa53509-043c-41ab-b082-b8d15888c0ad,NBE,Banking,1,2026-06-24,بعد التحديث مش شغال بيقولي ظهور تطبيقات اخري حتي بعد ماقفلت كل التطبيقات برضه المشكله هي هي ارجو حل هذه المشكله هاتفي اندرويد 16,Negative
a91e0261-65ae-4dc8-b386-a26cdbd25c54,NBE,Banking,1,2026-06-24,تطبيق ثقيل جدا في الفتح لكنه مميز في الخدمات التي يقدمها,Negative
06a1cbad-04c6-4caf-9e04-8c489d9d3121,NBE,Banking,1,2026-06-24,التطبيق سئ جدا بعد التحديث الجديد لايفتح وأصبح سئ جدا اسوء تطبيق ياريت إداره البنك تهتم بصرخه العملاء ولا حتى ترد على العملاء حسبي الله ونعم الوكيل في القائم على هذا التحديث وارهاق العملاء,Negative
60c73594-0892-437b-992c-cfdb8fae496d,NBE,Banking,3,2026-06-24,تطبيق ممتاز بس عايز بعض التحديثات علي إضافة مستفيد يكون أسهل شويه زي تطبيقات الراجحي وبنك الرياض في السعوديه حاجه سهله جدا وجزاكم الله خير,Neutral
5ade7aff-7119-4980-935b-f7a7133220ad,NBE,Banking,1,2026-06-23,ده بنك اهلك مش اهلي,Negative
f1d2f4c7-b33a-4e66-83de-4209e847c006,NBE,Banking,1,2026-06-23,فاشل,Negative
dbad7148-643a-41c8-82ba-60bb68b50b7a,NBE,Banking,5,2026-06-23,جيدة,Positive
7cbfa68c-9cac-488f-a9d8-82f308cda365,NBE,Banking,5,2026-06-23,تطبيق رائع وممتاز,Positive
1bc2b23f-90e1-4235-b06c-5207af32ff0b,NBE,Banking,5,2026-06-23,جيده,Positive
1324bfc5-645a-44a9-ad83-785ca8a40499,NBE,Banking,1,2026-06-22,90% من مكن ATM عطلان اومفيهوش فلوس من اول السنه خدمه سيئه.جدا,Negative
27cd04d7-8e6d-4186-8ea9-2cabe562008f,NBE,Banking,3,2026-06-21,يتطلب تحديث مستمر بدون استفاده حقيقية من التحديث,Neutral
92638a61-9382-46fa-b5c9-c3ba779f9bab,NBE,Banking,1,2026-06-21,otp بيتكرر مرتين في كل معامله وفي الاخر يقول خطأ حاجه تجنن,Negative
d1741790-523f-493a-b065-a55f5157308d,NBE,Banking,5,2026-06-21,ممتاز نشر,Positive
da424ae5-6064-455e-adbd-525261b7a9f3,NBE,Banking,1,2026-06-21,البرنامج لا يعمل وتوجهت للفرع ولم يعمل حتي الان التقيم صفر في الميه ياريت نحل مشاكل العنلاء,Negative
2fb8ea92-8d9c-4198-a820-1217f141096d,NBE,Banking,1,2026-06-20,تطبيق سئ جدا ونادم اني حملته او اشتركت فيه او دفعت فيه فلوس,Negative
f828617f-e595-42e8-8a78-b8add697167e,NBE,Banking,5,2026-06-20,جميل,Positive
2262a1c1-c7da-45d3-af2c-7314f4194486,NBE,Banking,4,2026-06-20,تقيم ناجح,Positive
0d1fdda1-17e0-4cab-a78a-65445c07fb11,NBE,Banking,1,2026-06-20,على طول مش شغال والبطاقات المدفوعه مقدمه تظهر وتختفى ولا ليها اى لزمه برنامج فاشل بمعنى الكلمه كبرنامج وكسياسه بنك,Negative
9b5f09ab-5f76-4081-ad5c-cd52e98cfb74,NBE,Banking,1,2026-06-19,بعد آخر تحديث التطبيق لا يعمل سيئ جدا جدا جدا,Negative
47b4783f-c4fa-4d45-9e44-38382c11f64c,NBE,Banking,5,2026-06-18,ممتاز جداً,Positive
4b7b08a3-f064-43d3-ad89-58be36ffc4e3,NBE,Banking,1,2026-06-18,سئ جدا ف تسجيل الدخول وطريقة تفهيل الخدمات داخل التطبيق,Negative
1ed1b6e7-bd42-4d76-b760-3afe0ba1ac24,NBE,Banking,1,2026-06-18,لا يعمل مع اخر تحديث,Negative
213344fa-12a7-47e6-9d91-0aa35a504212,NBE,Banking,2,2026-06-18,لم يتم ارسال المبالغ المخصوم فى رسالة متوقفة من اكتر من اسبوع ماهو الحل,Negative
849a210d-ba70-49d6-8667-352a102844d9,NBE,Banking,1,2026-06-18,تطبيق بطئ جدا يرجى تعديل التطبيق,Negative
c8829797-6101-4e98-a9d3-41c0c6c9f679,NBE,Banking,5,2026-06-17,جيد,Positive
feb082a9-e3dd-4828-9a4b-2378d892c959,NBE,Banking,5,2026-06-17,بعد التحديث الجديد مش بيفتح بسهولة أي السبب,Positive
95c72cdc-1620-48a2-ab55-99aca452feef,NBE,Banking,1,2026-06-17,الحل بيفتح من المتصفح جرب على تفتح موقع البنك هتلاقي تحت (الأهلي نت) لغايه ما يكتشفوا ان في مشكله في التحديث الأخير وعما يحلوها ممكن ننتظر شهور,Negative
9339ef8d-fa06-4a27-ade4-6786201d7589,NBE,Banking,1,2026-06-16,لايعمل,Negative
178d34cd-0fb9-4310-b0f3-1f253cdaf258,NBE,Banking,5,2026-06-16,هو اصبح لا يعمل على الهواتف اصدارات v11 وهذه مشكلة اصبحنا لا نسطيع الدخول على المحفظة,Positive
a52606ba-a8ee-4b7c-a7c2-88f96d1981fb,NBE,Banking,5,2026-06-16,شكرا,Positive
98abab63-39a4-4dee-8a17-eab0af23618a,NBE,Banking,5,2026-06-16,عملتم تحديث جزاكم الله خيرا وبقى يفتح لو شابك من على الروتر نت عادي شكرا لكم بس انا مسافر بره والتطبيق معتش بيفتح الا لما يرسل كود للجوال بعد التحديث طب ليه ما كان بيفتح ليه العطله دي مفيش جوال تم ايقافه شوفوا حل الله يكرمكم,Positive
ce561d4b-18fc-4759-86f6-a172143b459e,NBE,Banking,1,2026-06-16,برنامج سيء جدا جدا جدا كل مره ادخل يقول لي الباسورد غلط لازم اكلم خدمة العملاء يبعت باسورد جديد ادخله واعمل باسورد وادخل تاني يديني غلط ووالله لقيت حد معايا في الشركة اللي انا شغال فيها بيقول انه بيحصل معاه نفس النتيجة برنامج بنك cib احسن بكتير,Negative
0a05f073-1864-4612-ae80-67ed845c8158,NBE,Banking,1,2026-06-15,لا يعمل,Negative
288c5b31-5eae-48fe-9b1c-f968807fda81,NBE,Banking,1,2026-06-15,اغبي تطبيق بنكي ممكن تقابله,Negative
f517e29c-4231-40bd-a62b-63d338e03a8c,NBE,Banking,5,2026-06-14,ممتازة,Positive
ccae028d-185a-4bdf-92bd-27ade04d979b,NBE,Banking,5,2026-06-14,Excellent,Positive
9db97634-0da0-49d0-8036-63f09dcd58bd,NBE,Banking,1,2026-06-14,لا يعمل,Negative
f52a82b0-2562-4157-9b64-5d7a7e5629f0,NBE,Banking,1,2026-06-14,من اسوء الخدمه البنكية ممكن تشوفه الفلوس متعلقه في ال اي تي ام من يوم 25/5 ولحد انهارده 18 يوم محدش اداني معلومه واحد كل ما اكلم حد يقول ليه لسه مرجعناش المكنه وخدمة العملاء سئ جدا جدا انشاء الله بكره هرفع عليكم دعوه للبنك المركزي وهرفع عليكم قاضية معايا كل الايصالة رقم الشكوه ومسجل كل المحادثات,Negative
d20cae53-eb3e-41f8-b120-40c9f2808f89,NBE,Banking,5,2026-06-14,ممتاز,Positive
9e19b593-c81f-4457-ad16-81e1d17f93ad,NBE,Banking,5,2026-06-14,تطبيق رائع,Positive
4997389d-ffd9-4326-a2c4-efb908c12e4e,NBE,Banking,1,2026-06-14,تجربة سيئه,Negative
63130606-b204-47bd-a40a-50161e649219,NBE,Banking,1,2026-06-13,اسواء تطبيق شفتو هوي انتو وزحمة الفروع ومافي تنظيم وكل شي صراحه,Negative
2193c913-07b5-4785-90b3-e3432b29a0fa,NBE,Banking,5,2026-06-13,ممتاز,Positive
86cbb512-fa1e-4583-8c07-d046eb983e31,NBE,Banking,1,2026-06-13,سئ جدا مفيش تسهيلات من خدمه عملاء عن طريق المحادثات والمكالمات اسوء من كدا وشروط من البنك معقده جدا,Negative
3237893b-39c5-4167-bea7-d889f2edf6ef,NBE,Banking,1,2026-06-13,بقي لا يفتح رجاء التعامل بجديا,Negative
7a643ec5-1483-46cf-8cab-80032ef0f050,NBE,Banking,1,2026-06-13,للاسف مفيش كوادر لنظم المعلومات بالبنك الاهلى نهائي دى اموال ناس لو معندكمش الكوادر مش عيب انك تستعين باجنبي يطورك,Negative
8f1f98b9-e302-4816-8456-c1f123e4f629,NBE,Banking,1,2026-06-12,قمت بالتحميل ولكن التطبيق لا يعمل تماما,Negative
6c5b1cfd-9fb9-4e32-a5b5-5a3c819a20d0,NBE,Banking,5,2026-06-12,جيدة,Positive
fa27db90-3747-4f98-92a4-473f7b656372,NBE,Banking,4,2026-06-12,لماذا توقف التطبيق عن العمل على هاتفي ؟ oppo reno 6 5g,Positive
ee91dd99-fd44-4f67-90e0-79a1e1e33d28,NBE,Banking,2,2026-06-11,مش عاوز يشتغل,Negative
0ed0ee97-dd17-4278-994d-21c9337ca1b7,NBE,Banking,1,2026-06-11,ضعيف وبطيئ جدا,Negative
ed0b7ac6-eff9-4d94-b8b9-53f3a4d1fe5c,NBE,Banking,5,2026-06-10,ممتاز جدا جدا جدا,Positive
5fc225ef-8310-4a46-a568-87379c177332,NBE,Banking,5,2026-06-10,Very good program,Positive
2c712d4e-1690-488b-b6e3-4ce651be430c,NBE,Banking,1,2026-06-10,البرنامج فيه مشكله مش بيفتح بقاله يومين عند تسجيل الدخول,Negative
d86de4d3-6c10-4e5e-a65a-ec8523dcfa62,NBE,Banking,3,2026-06-09,الابلكيشن مش شغال وانا محتاجه ضرورى,Neutral
d555454a-f620-4a9b-8ca7-68afb84708fc,NBE,Banking,1,2026-06-09,التطبيق لا يعمل نهائيا بعد التحديث الاخير. يرجى سرعه حل المشكله لانه واضح من التعليق انها مشكله عامه,Negative
ac46a3fb-479e-4815-9b4e-e0e611c4fa35,NBE,Banking,2,2026-06-09,كتبت الرقم القومي بيقول الرقم غلط هو الصفر عربى بينكتب صفر ولا اية,Negative
8963cf68-0cc0-4017-a7ce-3c5926fc2c5f,NBE,Banking,5,2026-06-09,تمام,Positive
02f8ee76-bef7-49e5-9952-44f2fc670337,NBE,Banking,5,2026-06-08,ممتاز,Positive
b9b44ffd-b7a8-4046-af50-60481de488a2,NBE,Banking,1,2026-06-08,زفت خالص لايليق ببنك كبير عريق يكون البرنامج عقيم جدآ,Negative
b303a56c-7f3d-42dd-b4cf-0f2f89b1ddef,NBE,Banking,1,2026-06-08,سى جدا وبطي,Negative
1f352d86-0aea-48db-a7cd-afe300cb6c65,NBE,Banking,4,2026-06-07,تجربة جيدة,Positive
cf1c6d30-fec2-46e3-b8b6-92e65b039045,NBE,Banking,5,2026-06-07,رائع جدا,Positive
81d4664b-a148-42aa-bc02-2d41be8f3bb9,NBE,Banking,5,2026-06-07,ممتاز,Positive
a461f964-16a8-4811-9394-362f7f0031bd,NBE,Banking,5,2026-06-07,جميل جدا وممتاز,Positive
7a8260e3-90e6-4432-8bee-984ff1b06e08,NBE,Banking,5,2026-06-06,gooooood,Positive
88bb29dd-f6b5-4a17-bced-513058bf8acd,NBE,Banking,5,2026-06-06,في مشكلة عندي مش عارف البرنامج مش عايز يشتغل ليه,Positive
35e0cefd-d8d6-4e52-9dd8-7a14a9b8145c,NBE,Banking,1,2026-06-06,اسوأ البرامج علي مر التاريخ البنك الاهلي بيثبت فشله في كل شئ سواء برامج الكترونية او ماكينات صراف آلي معطلة و الاسوأ في خدمة العملاء .. البنك الاهلي المصري يحتضر,Negative
b126a3c9-8a7f-4aef-8bf9-a51c497870fd,NBE,Banking,5,2026-06-05,ممتازه,Positive
b6a6d925-504b-4c3f-8bbd-0d7d6f95aa71,NBE,Banking,5,2026-06-05,ممتازة,Positive
a2725a45-1f18-4ba3-9386-b4a9059e8e80,NBE,Banking,5,2026-06-04,ممتاز,Positive
540d0dbe-d20a-4c03-9023-8a5ef787471e,NBE,Banking,5,2026-06-04,تطبيق رائع لكن ينقصنا اضافة مستفيد بخيارات اسهل,Positive
d0e10479-1cfd-4aa0-b6e5-88047f256bf6,NBE,Banking,1,2026-06-04,اسوأ خدمه بنكيه فى العالم كله هى خدمه البنك الاهلى موبايل تعقيدات رهيبه رهيبه و ب الاخير أكثر بنك فيه سرقه من الارصده هو البنك الاهلى يعنى تعقيدات و ما فى اى أمان نهااااائى. اسوأ بنك ف العالم مش بس ف مصر و خدمه العملاء زفت,Negative
3bbee609-c451-4ee2-9375-d6910e852294,NBE,Banking,1,2026-06-04,بقت من اسوأ واقذر البرامج اللى تتعامل معاها لو موش بتفهموا فى البرامج والبرمجة شوفو شركة محترمة بتفهم تعملكوا شغلكم لا والعجيب الموظف اللى بيرد موش فاهم هو بيقول ايه هو حافظ كلمتين بيقولهم وخلاص وبقولك اصدار الفون الكلام تروح تقوله لواحد بيبيع طماطم أمنيته فى الحياة ياكل طبق كشرى حتى الموظف اللى بيرد عليك مينفعش اساسا انك تجادله لانك هتتعب وعلى رأى المثل احفر حفرة بمسمار .......,Negative
1707856d-ecba-4fec-9814-1cd4fff5b534,NBE,Banking,1,2026-06-04,بعد التحديث زباله زباله زباله لا يعمل وخدمه عملاء لا تساعد احد اكثر من اتصال بلا جدوى بخدمه العملاء,Negative
2eadce23-f668-4551-930d-f88a5e96d4e6,NBE,Banking,5,2026-06-03,جيد,Positive
3bb658f1-c7a7-4b91-afff-864a459f01f0,NBE,Banking,5,2026-06-03,Good,Positive
dff786ac-03fe-4b4c-b25a-f07db7a47284,NBE,Banking,1,2026-06-03,برنامج بعد التحديث الاخير لايليق بمستواه الماضي برنامج سئ,Negative
a9f7a29b-5c35-43a6-95da-b9017a248a78,NBE,Banking,1,2026-06-02,التطبيق محتاج يرتقي في التحديث القادم بسرعه ويكون في نفس مستوي دول الخليج من تسيهلات وتامين وسلاسه مشاكل التحديث الاخير كثيره برجاء القائمين علي التطوير للتطبيق يراعو انهم اكبر بنك حكومي في مصر مش ده يبقي مستواه,Negative
4ea8e3e4-4e52-489a-83f1-40c3a2f078bd,NBE,Banking,2,2026-06-02,التحديث لا يليق بلبنك,Negative
15f227a7-2383-4ad4-9c5f-1b654180dcfe,NBE,Banking,5,2026-06-02,ممتاز جدا,Positive
63e66d16-2a8b-4f26-a2fa-ec40af07c2ff,NBE,Banking,1,2026-06-01,سىء جدااا,Negative
b0ca3cb6-07e3-4b21-a5c8-ad079d59ffea,NBE,Banking,5,2026-06-01,Good,Positive
090fc087-5cd2-4d72-945f-9c80f5f7918c,NBE,Banking,5,2026-06-01,good,Positive
0a0fc972-7f01-4370-afaf-33dc966f6bea,NBE,Banking,1,2026-06-01,التطبيق عقيم حرفيا محتاج اعادة هيكلة من اول وجديد وتوفير خدمات اكتر,Negative
4c920bc3-1a13-43c7-b9ef-68c0c0fc17ea,NBE,Banking,1,2026-06-01,برنامج مش حلو نهائي ادخل البيانات كله صح ويقولي محولت الدخول غير صحيحه برنامج بحجم البنك الأهلي المفروض يكون الأفضل,Negative
dde5883e-8f01-44be-bd16-bbfef15f25a7,NBE,Banking,5,2026-06-01,ممتاز جدا,Positive
cd4fb9a6-fe6c-44bd-bbc3-a822d88c65c1,NBE,Banking,1,2026-06-01,لايعمل غالبا,Negative
6d8e17fa-c65e-4ce4-832b-b01ab13ffef7,NBE,Banking,1,2026-06-01,التطبيق لا يعمل على اندرويد 13 أو أقل على الرغم أنه كان يعمل جيدا قبل التحديث الأخير وهذا التحديث ليس له فائده الآن سوى أنه عطل فتح التطبيق لدى العديد من المستخدمين بنسبة ٪70 من عملاء البنك أو أكثر فهل هذا يعقل عند المسؤولين عن إدارة هذا البنك ؟,Negative
2f92b9a8-82e0-46df-bae4-b9edb78b6e48,NBE,Banking,5,2026-06-01,ممتاز,Positive
16990d13-f37b-43f9-b141-74bf5ed473a0,NBE,Banking,1,2026-06-01,بعد آخر تحديث التطبيق أصبح سيء للغاية وعقيم عند الفتح يطلب للدخول للاعدادات وتعطيل ظهور التطبيقات الأخري وبعد ذلك برضه مابيفتحش تجربة زي الزفت وحاجة تقرف الحقيقة رجعوه قبل التحديث الاخير الله بباركلكم,Negative
d93d7f2e-064d-450a-b324-ced07a400dcd,NBE,Banking,1,2026-06-01,بعد اخر تحديث التطبيق مش بيفتح وزهقت من كتر الكلام مع خدمه العملاء ولا حد عارف حل للمشكله بصراحه تطبيق فاشل,Negative
470da0d8-d9af-488d-a6f8-0b82fe069129,NBE,Banking,1,2026-05-31,التطبيق مش بيفتح,Negative
f72a47e8-8c7e-4c64-84ba-a045f722e852,NBE,Banking,1,2026-05-31,سيئه للغايه موظفون سيئون بالزقازيق محافظه الشرقيه موظفون البنك بالزقازيق سيئون تعاملهم مع الجمهور سيء وبالذات البنك المواجه لمبنى محافظه الشرقيه بمدينه الزقازيق الموظفون سيئه التعامل مع الجمهور,Negative
b5fe4722-77e4-4eed-946e-4c4392210681,NBE,Banking,5,2026-05-31,كويس,Positive
e8a39a82-8048-44ce-a7c6-20c5b3290f8a,NBE,Banking,5,2026-05-31,جيد جداً,Positive
ec0be7b3-420f-4c36-a125-73145c2245c0,NBE,Banking,1,2026-05-30,مش شغال,Negative
f07dbfe2-826d-40b3-b0e1-daeb36a26423,NBE,Banking,1,2026-05-30,البرنامج الان لا يعمل بيقفل بسرعه ولا يفتح عايز اجهزه عاليه,Negative
3a82967e-f6a3-43ce-9551-5c47577e6c62,NBE,Banking,1,2026-05-30,تطبيق فاشل بعد التحديث الاخير توقف تماما,Negative
2580f62e-6213-4a4c-8ce1-4b2f7e3e9a2a,NBE,Banking,5,2026-05-30,ممتاز,Positive
316a07bc-b9c4-483c-90cf-b58db06f7b39,NBE,Banking,5,2026-05-29,ممتاز,Positive
4460d0a2-9e8d-4154-85f3-7f6e63b894e2,NBE,Banking,1,2026-05-29,بنك مش عارف يعمل ابليكشن محترم تحس الابلكيشن من زمن الكفااار بطئ وخدمات زفت,Negative
fa800ec4-ddb4-4138-a9ab-f87e148453d0,NBE,Banking,1,2026-05-29,سيء جدا في الفتح بيستغرق وقت طويل جدا واحيانا لا يفتح,Negative
54c8140e-bd32-4db4-a1d4-d60dd6dc651a,NBE,Banking,5,2026-05-29,البرنامج لا يعمل وعند الفتح يقف عند شاشه الفتح فقط,Positive
c2a800ae-275f-4870-a6cd-4a9313b4cda9,NBE,Banking,1,2026-05-29,مش شغال,Negative
05f864d9-1404-401c-b85b-7c8a544c7c9c,NBE,Banking,1,2026-05-28,تطبيق فاشل بعد التحديث الاخير مابيفتحش خالص ولا عارفني نعرف حساباتنا او اي تفاصيل جميع تطبيقات البنوك تعمل ماعدا تطبيق الاهلي حاجه زفت والله,Negative
d1d378e1-a8dc-4e01-9dce-405b5026efa2,NBE,Banking,5,2026-05-28,تشغيا,Positive
fd0430b9-1bfc-4f6b-b440-87a231e20059,NBE,Banking,1,2026-05-27,محتاج تحديث,Negative
b5e2cd00-6b9d-4dd0-b9f1-f792df7e9b43,NBE,Banking,1,2026-05-26,بعد التحديث الاخير التطبيق لايعمل علي الهواتف القديمة الإصدار,Negative
3165473a-4ba4-443e-896f-fcdd709cce45,NBE,Banking,1,2026-05-26,التحديث الاخير وحش بطريقة مش معقولة كل شوية يوقف من نفسه وكمان مش يراضي يطلع الباسورد للي محفوظة ولما تجاي تكتبها يقول ان فيه تطبيقات تانية مفتوحة ويقف خمس ثواني بجد شوفوا حل مش معقول كل دي غلطات في تحديث,Negative
402480f5-2171-48e8-9240-0cbe52ca481d,NBE,Banking,5,2026-05-26,اوك,Positive
ebac64a0-cb01-44e0-9cae-445429ca6c6a,NBE,Banking,5,2026-05-26,ممتاز,Positive
3cef5242-1ec9-4753-9204-f79f42c623f0,NBE,Banking,5,2026-05-26,تطبيق سهل,Positive
0556e12d-cfb6-4097-a7bf-0ff3445a9da6,NBE,Banking,1,2026-05-25,التطبيق لا يعمل مش عارف فيه ايه الرجاء الرد لو سمحت,Negative
638c3588-f802-4798-ba31-e880ea196ef5,NBE,Banking,4,2026-05-25,برنامج عملى وممتاز جدا,Positive
8d123c84-11ee-4d3e-b4f3-3e9052a75aee,NBE,Banking,1,2026-05-25,برنامج سئ بعد آخر تحديث يظهر لي رساله عرض فوق التطبيقات في الخلفية عملت مستحيل حتي عملت ضبط مصنع للهاتف نفس المشكلة برجاء حل مشكله لان حتي خدمه العملاء قالوا منعرفش ولو ف أقل من تقيم نجمه هيبقي أقل حاجه لان برنامج فاشل وخدمته سيئه,Negative
0f6e67ad-dde3-4bc2-94f2-f29b89358096,NBE,Banking,2,2026-05-25,للاسف لايوجد خانة البصمه عند الدخول برغم بياتى الى رقم سرى وعند الدخول ياتى الى برساله تم ايقاف تطبيق رمز الامان وطبعا كل الى بيرد على لحل هذا المشكله للاسف مش فهمين اى شئ عن التطبيق,Negative
bca8e94f-44b8-4e6b-896a-eb3b21ac6bed,NBE,Banking,1,2026-05-25,التحديث الاخير فاشل فاشل وعامل مشاكل ياريت ترجعوا التعديل اللى قبله,Negative
f70367e6-9dd0-4b82-a8ab-f6d8f718d452,NBE,Banking,1,2026-05-24,الاصدار ده مش شغال علي اندرويد 10,Negative
d3727bee-fe07-43aa-a1c2-0bd71dc212b4,NBE,Banking,5,2026-05-24,بنك ممتاز فى التعامل والمعاملات مع العملاء,Positive
2823894c-b160-4aae-9a2b-c55b447d1c51,NBE,Banking,5,2026-05-24,روعه,Positive
20aed75d-62bf-40e3-bc71-38a4e74161c0,NBE,Banking,1,2026-05-24,بجد البنك اكبر بكتير من التكبيق المهزله ده اولا لا تحربة مستخدم ولا اداء في البرنامح لخبطه وتنظيم غير جيد وامكانيات كتير جدا غير متوفره صعوبه كبيره في الاستفاده منه صعب جدا ان تطبيق شركات زي انستا ولا اورنج يكون احسن من تجربت المستخدم لبنك كبير ازاي مفيش خدمة عملاء ليه في التطبيق ابسط مثال,Negative
a441b6d9-73c7-4718-907e-20697db7c12f,NBE,Banking,1,2026-05-24,مش عاوز يفتح معايا خالص,Negative
7d7093fd-d4be-4e13-9771-5a24ad7698c3,NBE,Banking,1,2026-05-24,للاسف التطبيق اصبح سيء جدا كل مره احاول اخش اطلب تسجيل الدخول من جديد مفيش فايده,Negative
6b634065-803f-4903-a7cf-f96bd6046996,NBE,Banking,5,2026-05-24,سلس في التعامل,Positive
e49bd441-cacc-4700-b8dc-228c9eaa8a57,NBE,Banking,1,2026-05-23,برنامج زي الزفت,Negative
d4f24ff5-c915-4eb0-8caf-ee8d49fa7e65,NBE,Banking,1,2026-05-23,التطبيق لا يعمل بعد التحديث الأخير نرجو متابعة حالة التطبيق وشكرا لكم,Negative
88af2df3-e5ea-4522-ba21-878759228965,NBE,Banking,5,2026-05-23,جيد,Positive
9b06b0ce-b05f-474a-9a39-8dc1a3d877ec,NBE,Banking,5,2026-05-23,كويس جدا,Positive
f8203a5d-d3b4-49e5-9842-f3143023a38f,NBE,Banking,4,2026-05-22,جيدا جدا,Positive
a29bf2b2-f2cd-4457-9cd4-43b6f9e949c2,NBE,Banking,5,2026-05-22,ممتاز,Positive
e3838acf-7653-47d4-b871-df8ee793db55,NBE,Banking,5,2026-05-22,ممتاز جدا,Positive
56dc7de6-877c-46b4-b27a-bbe49c094813,NBE,Banking,5,2026-05-22,ممتاز,Positive
a289e62f-97c8-4782-bbef-8408aea0e285,NBE,Banking,5,2026-05-22,ممتاذ,Positive
fc266260-5e34-46ac-9229-28e4cb0f70df,NBE,Banking,5,2026-05-22,جيد جدا.,Positive
3fdf6297-22ab-4ae5-9689-c941c370a71e,NBE,Banking,2,2026-05-22,مش مطلعلي اي بيانات وحذفته وحملته تاني نفؤ الموضوع وبيقولي اتصل بالبنك,Negative
c16cdb3d-8a4d-4b07-b31f-2ea5784f2f45,NBE,Banking,1,2026-05-22,لو فيه اقل من نجمة كنت اديتهاله و الله تطبيق عقيم,Negative
a964dc4c-7564-4486-b306-2826a8c1454f,NBE,Banking,5,2026-05-22,ممتاز,Positive
48f0b731-08c6-4b1a-9dd5-c4a8719334ce,NBE,Banking,2,2026-05-21,تطبيق سئ وبطئ وخاصيه تغير كلمه المرور كل فترة دى مع ضرورة عدم تكرارها سيئة للغايه,Negative
18539cb4-7680-4914-9fd3-33afb180d82f,NBE,Banking,1,2026-05-21,اسو بنك,Negative
f6293a1a-a07a-4014-97e0-780815e40334,NBE,Banking,5,2026-05-21,بالتوفيق ان شاءالله ربنا يبارك فيكم جميعا يارب العالمين وياك خدمه ممتازه جدا شكرا لكم جميعا,Positive
3a75a235-b18d-4362-b22b-ba4a1e27c4eb,NBE,Banking,3,2026-05-21,بعد التحديث الاخير البرنامج به تهنيج شديد و ميزة البصمة لا تعمل و اصبح ثقيل جدا,Neutral
268394df-2804-45d2-867d-1c32180fd6bf,NBE,Banking,1,2026-05-21,بعد التحديث لا يريد أن يدخلني علي التطبيق مع العلم أن تم الاتصال بخدمه العملاء مرتين دون جدوي.,Negative
7a279b71-01a2-4476-8e5e-5bebb60adf27,NBE,Banking,1,2026-05-21,نظام سيء وتطبيق عقيم,Negative
8e7a2910-ec9a-41cb-9222-0b5e17e05834,NBE,Banking,2,2026-05-21,bad,Negative
360a21e0-8ca1-4b33-8ad9-6afb53776b13,NBE,Banking,5,2026-05-21,جميل جدا,Positive
11305ebf-f75a-4cd8-89cd-1b6480297dcb,NBE,Banking,5,2026-05-21,تطبيق ممتاز ومفيد جدا ويحتفظ بالبيانات,Positive
2924c663-15f3-4058-be9b-02a36dc0d921,NBE,Banking,1,2026-05-21,برنامج عقيم,Negative
64c59871-b0d1-43f9-b89d-53f5a5ae9e2d,NBE,Banking,1,2026-05-21,لا يعمل,Negative
b320ae39-7808-4b5e-9d65-1db7fbd2e575,NBE,Banking,3,2026-05-20,متوسط,Neutral
2fd96e4b-2c30-47f4-abe7-7bf004701dca,NBE,Banking,1,2026-05-20,تطبيق فاشل وخدمه عملاء بدون اى فائدة والتطبيق لايعمل,Negative
d87f6299-57c7-4567-8cf7-cb4362214e12,NBE,Banking,1,2026-05-20,فاشل مؤسسة مالية كبيرة عندها فشل انها تعمل تطبيق يخدم عملاؤها لو المسؤول عن خدمة العملاء كان بيقرأ ويتابع كان فهم انهم شوية فشلة مسؤولين في مؤسسة بتخدم ملايين العملاء يا أخي اصرفوا على التطبيق زي ماوبتصرفوا على الإعلانات ولا اي حاجة تخدم المواطن لازم تكون في أدنى مستوى,Negative
a4b6a7e1-c7ea-4bbf-9f06-695f8ac3b853,NBE,Banking,1,2026-05-20,سيئ جدا توقف تماماً عن العمل بعد اخر تحديث,Negative
b8d452da-8ed8-4977-af43-934570adfb36,NBE,Banking,5,2026-05-20,ممتاز,Positive
4fdda49d-3c9b-4048-b24b-f92c9bb3fa05,NBE,Banking,1,2026-05-20,اسوء تطبيق واسوء خدمه هي خدمه البنك الاهلي تطبيق فاشل وتحديثات فاشله,Negative
95fd0690-a812-4e51-bcae-97ae694267f8,NBE,Banking,1,2026-05-20,التطبيق بعد اخر تحديث لا يعمل والغي الدخول بالبصمه حتي تيجي تكتب الباسورد الانجليزي يجي من اليمين للشمال والعربي بتكتب من الشمال لليمين الغو التحديث دا ارحمونا,Negative
218b8711-5ef0-434b-b05d-43f8a4e2e676,NBE,Banking,1,2026-05-20,البرنامج توقف بعد التحديث,Negative
8d0f83f6-678d-43c1-83bd-d1b2c7f6c6a7,NBE,Banking,1,2026-05-20,سيء جدا,Negative
bcd6949d-84a8-4d3d-81a6-e52e489d50b8,NBE,Banking,5,2026-05-20,ممتاز,Positive
bf919b0a-c1a9-4a82-968f-445fcacd3c52,NBE,Banking,1,2026-05-20,التطبيق لا يعمل,Negative
70115eb2-2a10-4d4d-9882-038a1646b5ea,NBE,Banking,5,2026-05-20,جيد جدا ورجاء ربطه بالفون كاش,Positive
5fb0c302-c14b-481b-a0e7-a7c2b2bf8fd2,NBE,Banking,5,2026-05-19,ممتاز,Positive
dc94c144-1fb0-4bd8-9900-6e75293a1bb0,NBE,Banking,5,2026-05-19,ممتاز,Positive
97f9fb63-ee05-4525-b4e8-57c14afe32d5,NBE,Banking,1,2026-05-19,تطبيق فاشل,Negative
ab003c7a-f0fa-441a-8161-6e46933c5ec2,NBE,Banking,1,2026-05-19,التطبيق بعد التحديث مش بيفتح ولا بصمه ولا باسورد ارجو الحل,Negative
00f69e18-86bb-4b1a-bf36-11450932d85f,NBE,Banking,1,2026-05-19,الابليكشن بعد التحديث شبه مش بيشتغل والمفترض الواحد معتمد عليه ياريت المسؤولين يراعونا شوية,Negative
363ffda4-9a09-46d3-9652-48c5185a9c54,NBE,Banking,5,2026-05-19,ممتازه,Positive
5f07687a-c3e5-4f12-ae1a-0312c4df0d50,NBE,Banking,3,2026-05-19,لماذا لا يتم اضافه التحويل من بطاقات المرتبات الي الحساب الشخصي من خلال التطبيق بدلا من الاوامر الاداريه توفيرا للوقت والضغط علي البنوك والموظفين,Neutral
0cc505dc-6de8-4c56-9cbd-22d57005263e,NBE,Banking,1,2026-05-19,مش بيفتح عندي بقتله اسبوعين بيقولي خطأ في الاعدادات,Negative
5b78e831-a8d0-43d8-a243-6531b327e89d,NBE,Banking,1,2026-05-18,اصبح التطبيق سيئ جدا ولا يعمل وبعد الاتصال بخدمة العملاء لا فائده ولا يعمل يعنى التحديث جعل التطبيق لايعمل,Negative
833f04a9-89a6-4ff7-b0b7-7e495a95b831,NBE,Banking,1,2026-05-18,التطبيق بعد التحديث لا يعمل نهائي,Negative
035c8334-15dd-4663-b0b6-f2b849135e4d,NBE,Banking,1,2026-05-18,سيئ,Negative
6f11c34f-393d-400c-a3e8-9e93a1877b6f,NBE,Banking,5,2026-05-18,ممتاز,Positive
9e962587-117f-4caf-a72c-e32555885363,NBE,Banking,5,2026-05-18,ممتاز,Positive
7e61f1bd-5b2b-433f-85fb-97b2475bee1b,NBE,Banking,5,2026-05-18,ممتاز,Positive
613c88f8-5811-45da-a254-084a1337ba5b,NBE,Banking,1,2026-05-17,البرنامج لا يعمل بعد التحديث الأخير,Negative
13016aef-4672-4eaa-825e-b35168ef8df9,NBE,Banking,1,2026-05-17,بعد التحديث الأخير التطبيق مش بيفتح و يقولي ، في تطبيقات بتفتح فوقيه و يدخلني في الاعدادات بتاعه الفون و مفيش اي تطبيقات بتفتح فوقه رجاءا إصلاح التحديث الأخير في أقرب وقت,Negative
7e6a2b46-e946-4c4c-9b75-fac572371210,NBE,Banking,1,2026-05-17,بعد التحديث تم ايقاف التطبيق لايعمل نهائى وتم الاتصال بخدمه العملاء ولايعمل,Negative
d7827aad-da37-486f-ae05-09b6e3db64cd,NBE,Banking,1,2026-05-17,التطبيق بعد التحديث لايعمل نهائي واتصلت بخدمه العملاء دون حل للمشكلة,Negative
92d29bc9-1e42-4900-8437-98dbb278405c,NBE,Banking,5,2026-05-17,good,Positive
afcce30c-a65c-4ab6-bdd1-7ecee02b5641,NBE,Banking,5,2026-05-17,ممتازه,Positive
86b3af85-cc49-470c-a508-c16638664dbd,NBE,Banking,5,2026-05-17,ممتاز,Positive
19e3df4c-098c-4160-8422-33f1a60f9733,NBE,Banking,5,2026-05-17,ممتاز,Positive
e8db2ad4-c3ad-4d93-ac12-e057a1943c99,NBE,Banking,3,2026-05-17,جيدا,Neutral
2fbc6e5b-1ccc-4259-96d0-facc40ebc846,NBE,Banking,5,2026-05-17,السرعه في الأداء شكرا لمن قام على انشاء هذا التطبيق,Positive
ad3bddd4-1e1b-42f4-a0a2-82ef23d699e4,NBE,Banking,1,2026-05-17,تطبيق سيئ في كل شيء . يا تعملوا تطبيق محترم زي بنك مصر أو بلاش منه خالص . والنجمة مش للتطبيق دي عشان اضيف الكومنت بس,Negative
5ec44c8b-2f76-4663-8942-25ed165af765,NBE,Banking,1,2026-05-17,التطبيق مش بيفتح بعد التحديث بيجيب صفحه بيضه ايه السبب؟,Negative
e8de56c6-0e95-459f-8d85-937d80b1a9fb,NBE,Banking,1,2026-05-17,للاسف بيتعطل كتير,Negative
0fba5815-a5e0-485e-b27b-7e64e23afb98,NBE,Banking,1,2026-05-17,التطبيق لا يعمل نهائي برجاء إصلاح العطل,Negative
f8d155ce-8866-4d67-9fad-f3c7d612e09e,NBE,Banking,1,2026-05-17,التحديث الأخير سئ جداً التطبيق مش راضى يشتغل معايا,Negative
33e07000-4450-440f-bdd9-9c30723dc5cb,NBE,Banking,1,2026-05-17,بعد التحديث لا يعمل التطبيق جيدا لماذا التحديث؟,Negative
cbf4a395-0214-4903-a679-bb09e2a34ca2,NBE,Banking,1,2026-05-17,التطبيق لا يعمل لااستطيع تسجيل الدخول ببصمه الاصبع,Negative
c667cef5-bfbf-4464-8aec-92dc664811ce,NBE,Banking,5,2026-05-17,جميل,Positive
8f5e0f21-a159-4cd4-bb9e-9872e4886f66,NBE,Banking,5,2026-05-17,تمام,Positive
d89f0157-6568-496d-a79a-2bffc3031017,NBE,Banking,1,2026-05-17,سيء للغاية,Negative
b1ec361a-3b1a-428d-b0e7-bb908020286a,NBE,Banking,4,2026-05-17,التطبيق يعمل الآن شكر وتحية للبنك الأهلي,Positive
174166d6-c6bd-4675-8c59-9143c6919dcc,NBE,Banking,4,2026-05-17,ينفع في الحجوزات فقط,Positive
867b06aa-fc9f-45b8-a7ab-f199607b5bd8,NBE,Banking,5,2026-05-16,ممتاز,Positive
87138318-d0e5-4a3b-8639-96283ee9f62e,NBE,Banking,1,2026-05-16,التطبيق بعد التحديث لا يفتح التطبيق لغى الدخول ببصمة الإصبع من نفسه و حاليا مطلوب مني اتواصل مع خدمة العملاء من الرقم المسجل بالحساب وللأسف أنا خارج مصر إيه الحل ؟؟؟؟؟؟؟؟,Negative
8fbd4a1d-4808-447e-a5a2-b889a582bc1b,NBE,Banking,1,2026-05-16,بعد التحديث الاخير البرنامج لا يعمل يظهر رسالة هناك تطبيق يعمل في الخلفية اذهب للاعدادات الظهور فوق التطبيقات . مهما تحاول لا يعمل التطبيق,Negative
115dba72-77b8-428d-a7a0-f07b07aad3ae,NBE,Banking,1,2026-05-16,تحديث زي الزفت,Negative
945ff9f3-fc4f-4fa1-98d8-f1e1960dd275,NBE,Banking,5,2026-05-16,افضل تطبيق للتحويلات,Positive
9500dc8d-9447-4dde-8d63-ae68079eee92,NBE,Banking,1,2026-05-16,تطبيق فاشل وبنك افشل,Negative
e230a4e0-9886-487b-aa67-d131692e9dd9,NBE,Banking,1,2026-05-16,التحديث الجديد مش بيفتح و عمال يقول ان فى تطبيقات مفتوحه فوق التطبيق بتاع البنك رجعوا القديم,Negative
8bf841fc-50e4-4b32-b692-77798c785030,NBE,Banking,1,2026-05-16,محتاج يكون اسرع لانه بطيء جدا جدا,Negative
00b8a1f2-0e2e-47f1-adf8-82d37c90af5e,NBE,Banking,5,2026-05-16,ممتاز,Positive
a0840824-6032-4878-8871-5d4b6d5a10f8,NBE,Banking,2,2026-05-16,التحديث الجديد شىء للغاية و يعطل الدخول عليه ، و يخبرنى بأنه يحتاج العدادات من الموبايل و هو لا يعمل .. تحديث سىء للغاية,Negative
080e548f-dfe1-4f8b-9a3c-9afbd9ed0a8d,NBE,Banking,1,2026-05-15,بعد التحديث التطبيق لا يعمل كل تحديث اسوء من اللي قبله خدمه سيئه للغاية,Negative
70d0eb20-5d37-4456-a4cc-09db958f8f1a,NBE,Banking,5,2026-05-15,جيد,Positive
97325853-4d8c-4c61-94a3-d051074c2fed,NBE,Banking,1,2026-05-15,للاسف بعد النحديث الاخير توقف البرنامج عن العمل وبعد سؤال موظف البنك. قال انه فى حاجه الى هاتف يبدا من v13 فما فوق.. اما كل ماهو تحت 13v لن يعمل بسبب نظام الهاتف. رغم انه قبل التحديث كان يعمل بصورة جيده جدا.. على وضع الهاتف 11.1v..,Negative
a8c224a8-07fd-4c31-a91a-eb5309b4b4eb,NBE,Banking,5,2026-05-15,متاز,Positive
f1b6e01a-bf38-41c8-821c-efddc12ed621,NBE,Banking,5,2026-05-15,هايل,Positive
ea115465-2bc7-4863-8581-0e9c2049af6d,NBE,Banking,2,2026-05-15,التحديث الاخير زي الزفت حاجه صعبه وغلسة,Negative
51390bd2-95fe-44e0-b72d-d90274be6f49,NBE,Banking,1,2026-05-15,برنامج سئ للغايه,Negative
da1d7b0c-edd5-4cb1-9183-401bcf9c31ea,NBE,Banking,1,2026-05-15,لا يعمل,Negative
5bf9553e-3545-49ff-8a89-164af92b7bbe,NBE,Banking,1,2026-05-15,بعد التحديث الاخير التطبيق لا يعمل,Negative
d15890fe-a080-42c8-8045-9a11f65d153d,NBE,Banking,5,2026-05-15,رووعة,Positive
3b917c03-165b-4336-b4b6-cf0230c58b08,NBE,Banking,3,2026-05-15,الخط صغير جدا يصعب المتابعة و التصفح و لا يوجد خاصية تكبير الخط ارجوا تفعيل خاصية التكبير فى التطبيق. غير ذلك هو جيد .,Neutral
af28a74d-04e9-4b5e-869c-b34d88430b74,NBE,Banking,1,2026-05-15,كل شويه تظهر رساله إن في تطبيقات بتشتغل في الخلفية مأثرة علي التطبيق دخلت علي كل التطبيقات مفيش تطبيق واخد إذن يشتغل في الخلفية 😂😂😂,Negative
fe692f12-f4f8-4473-ae1c-d2068057d4d5,NBE,Banking,1,2026-05-15,لايعمل مطلقا بعد التحديث برجاء من الاداره التدخل بسرعه لحل المشكله,Negative
6a9bfe8e-4a3a-4bf5-944b-3489bbce9797,NBE,Banking,5,2026-05-14,ممتاز جدا,Positive
efb2f8e2-c0f0-425e-9a67-e571be7c257c,NBE,Banking,1,2026-05-14,التطبيق مش بيفتح وبيقولي اعمل فحص للبرامج ومفيش برامج خبيثه اعمل ايه,Negative
d8e0e3d8-6494-4c4f-ab63-ba9b8991ce27,NBE,Banking,4,2026-05-14,محتاج تعديل يكون سهل اكتر في عرض بيانات الحساب والايبان,Positive
af98ebb0-e634-451c-8a25-29d6de34a816,NBE,Banking,1,2026-05-14,لا يعمل بعد التحديث وللعلم أنا خارج البلاد,Negative
59ebcefa-f4ec-4603-8b2e-a4702002e748,NBE,Banking,5,2026-05-14,ممتاز,Positive
a7eef796-9b7a-4c69-9127-ee004b8ec486,NBE,Banking,5,2026-05-14,ممتاز,Positive
d6ee931e-57f8-4625-81b2-dad14ede0470,NBE,Banking,1,2026-05-14,يا جماعه البرنامج مش قابل لا كلمة سر ولا كود مستخدم ارجو المساعده من خدمة العملاء,Negative
54fad905-0c68-448a-9246-027f895ae80c,NBE,Banking,5,2026-05-14,ممتاز,Positive
f1add04a-4ba3-423c-bb37-c0796b2eac8b,NBE,Banking,1,2026-05-14,تطبيق زبالة وللأسف مسؤولين التقنيات بالاهلي لا يصلحون يوفروا فلوسهم احسن لازم الناس تتفاعل مع شكاوى العملاء,Negative
dcfdef5b-b149-42f8-b28e-72b1e8f934ad,NBE,Banking,5,2026-05-14,تطبيق ممتاز,Positive
a8f409c0-706c-4ce5-abe9-a65fe862bc54,NBE,Banking,1,2026-05-14,تطبيق توقف تماما بعد اخر تحديث 6/5/2026 وخدمه العملاء ما بيفيد حد بحاجه. روح البنك وبعدين اروح البنك عطلتي هناك ومحدش بيفيد حد بحاجه,Negative
15c1399a-1a37-418a-9a1b-d5cdb23f1dd7,NBE,Banking,5,2026-05-14,جود,Positive
3ad49d80-7c02-40b4-b6b6-618779c0531a,NBE,Banking,1,2026-05-14,التطبيق سئ جدا بعد التحديث,Negative
d10733a4-0a70-428c-9af1-7225158a034b,NBE,Banking,1,2026-05-14,برنامج سئ جدا,Negative
773d0456-000d-4c28-99cf-11e35779f4c4,NBE,Banking,1,2026-05-14,تدخل كلمة المرور صحيحة ولا يدخل الموقع تطبيق سيء جدا,Negative
b29088ea-35ef-4b69-a84f-3df531378791,NBE,Banking,5,2026-05-13,ممتاز,Positive
4b4fe945-ce60-4085-bc37-4aff2aec1a1c,NBE,Banking,5,2026-05-13,حلو وسريع,Positive
c43c69f1-3e40-4e16-89a1-c480c41cf61e,NBE,Banking,4,2026-05-13,يحتاج إلى التحديث الدائم,Positive
2fb2eaa1-7aaa-4b2c-9b7f-d0567f68530a,NBE,Banking,1,2026-05-13,لاحول ولاقوة الابالله العلي العظيم التطبيق بعد التحديث الأخير لايفتح جربت كتير وكل مره يقول تواصل مع خدمة العملاء واخر مره قالى تم ايقاف المستخدم وانا حاليا مسافر خارج مصر..مالحل ؟؟ برجاء السرعة فى حل هذه المشكله,Negative
ab96dade-7887-4d14-805c-5abb3063a99a,NBE,Banking,5,2026-05-13,ممتاز,Positive
ae4a1237-11ed-438f-9c0a-51025075b22f,NBE,Banking,1,2026-05-13,تم تنزيل البرنامج عده مرات ولكن لا يفتح و هناك رساله أنه يوجد تطبيق غير مرءى يريد الدخول عند فتح التطبيق,Negative
90d14ec8-2a39-4219-8b73-1fcf77b9fe5e,NBE,Banking,1,2026-05-13,التطبيق مش بيفتح بعد التحديث للأسف,Negative
f3876e3f-11f7-4d20-ba5e-6a06f8b91d91,NBE,Banking,5,2026-05-13,ممتاز,Positive
7bf15ff7-f922-4ddb-8a4f-896b09d62b24,NBE,Banking,5,2026-05-13,يحتاج الي مزيد من السرعه بطئ جداا,Positive
f598e86d-43ee-4b0c-a4c2-f4e215632a0d,NBE,Banking,5,2026-05-13,جيد ومفيد,Positive
1dc8a62e-4005-44d2-9f4a-d9bab730c4fb,NBE,Banking,5,2026-05-13,ممتاز,Positive
dd02e1e6-63cd-46c1-b93f-e6acc2136ded,NBE,Banking,5,2026-05-13,تحفة,Positive
04261306-39e0-463a-af72-f011bbbd8e28,NBE,Banking,4,2026-05-13,نرجو من سيادتكم اضافة تفعيل رموز الأمان بطريقه سهله من داخل التطبيق,Positive
22fc3e1f-362f-41be-a746-226ca9c70d1b,NBE,Banking,5,2026-05-13,رائع,Positive
afbc5d33-1b08-459d-b51a-5188d870d821,NBE,Banking,5,2026-05-13,رائع,Positive
a8e2e133-d7f3-4d2b-8076-f99132bde730,NBE,Banking,1,2026-05-13,البرنامج بقى متعب جدا لمجرد الدخول اليه بعد تحديث رجاء اصلاحه فاقرب وقت لانه متسبب ف تعطيل بعض البرامج بسببه عشان يرضى يسجل,Negative
9152dde1-b332-4165-9123-35776d0b0539,NBE,Banking,2,2026-05-13,كان يعمل بشكل جيد لكن اخر تحديث توقف عن العمل,Negative
e710e55e-81d0-414f-b419-f1e3417ced69,NBE,Banking,5,2026-05-13,تطبيق رائع جداً,Positive
a2a456a9-8f69-4d4c-a1c8-8938e1e15d7f,NBE,Banking,1,2026-05-13,لم يفتح بعد التحديث رغم ان التحديث اجبارى و لما يقبل اى كود للتسجيل,Negative
2dc1fdb3-3378-49f8-8422-5ab2a046315b,NBE,Banking,1,2026-05-13,التطبيق لا يعمل بعد اخر تحديث,Negative
748ad0ff-34bc-4954-b6c2-84acd69b4b0a,NBE,Banking,1,2026-05-13,تطبيق لا يعمل,Negative
f2307390-a006-4af3-ab5c-970d428b042b,NBE,Banking,1,2026-05-13,تحت التجربة,Negative
8c303954-1738-4558-b3cb-62b8714d0f87,NBE,Banking,4,2026-05-12,جميل,Positive
6e5fa518-abb6-492e-8e71-781c29e94b9f,NBE,Banking,3,2026-05-12,يحتاج أن يكون أسهل من ذلك,Neutral
a72f9641-9c17-4703-9a02-0d5373971475,NBE,Banking,5,2026-05-12,Excellent,Positive
1da97eff-6f34-4c39-9933-4733b2634540,NBE,Banking,5,2026-05-12,برنامج تصميم جميل,Positive
bcc99441-f10c-405f-9d28-8db59ecfd1db,NBE,Banking,5,2026-05-12,ممتاز جدا,Positive
9fcf0425-7152-404e-9e64-a8bb40e4c8a8,NBE,Banking,5,2026-05-12,التطبيق حتى الآن جيد مع تعاون خدمة العملاء على حسن تعاملهم وردهم المقبول,Positive
527caa7c-51ad-424e-9871-94f1799f5012,NBE,Banking,3,2026-05-12,في مشكله في التطبيق بعد اخر تحديث لغي الدخول بالبصمه ولمه باجي افعلها تاني بيرفض وقولي خطا ياريت تصلحو المشكله دي,Neutral
e5fc898b-c377-4e9f-abc6-d264fd3d74ed,NBE,Banking,2,2026-05-12,تطبيق سيء بعد اخر تحديث كل مرة ادخل على التطبيق تيجى رساله العميل غير نشط رجاء حل المشكلة في اسرع وقت,Negative
706ecb56-eb27-439f-919a-1f6b3751e295,NBE,Banking,4,2026-05-12,بنك محترم بارك الله فيكم,Positive
9420c741-54d9-4a24-afe2-7260e66990da,NBE,Banking,1,2026-05-12,لايفتح بعد اخر تحديث,Negative
ba3dcee5-be43-40dc-a811-2530d24820fe,NBE,Banking,5,2026-05-12,تطبيق ممتاذ,Positive
f5a932a9-e55c-43f3-8681-e8592bc2ab09,NBE,Banking,1,2026-05-12,جيد جدا,Negative
6d6f19a1-4090-45fa-8eff-76d28ed18f4f,NBE,Banking,1,2026-05-12,تجربة سيئة جدا,Negative
cd7160d2-bab3-4f96-8c38-e67378b872fc,NBE,Banking,3,2026-05-12,جيده,Neutral
c6460601-a8f2-4cdf-b107-4b5746bdfafc,NBE,Banking,1,2026-05-12,يرجى التكرم بالعلم...انه بعد التحديث الاخير للتطبيق...لم يعد مطابقه البصمه البيومتريه يعمل..ولا يمكن تفعيله...حيث ان زر ادخال الرمز الرقم السرى المتغير لايظهر... ندخل الرمز ولا اتمكن من استكمال التفعيل...,Negative
378cb6fa-dc51-4b3c-94af-dd5b8b309c73,NBE,Banking,5,2026-05-12,ممتاز بارك الله لهما,Positive
9f409158-326c-4cbe-8b6b-8b32f1d50152,NBE,Banking,5,2026-05-12,ممتاز و سهل الاستخدام,Positive
172aa7c2-955d-4bc7-bc1a-7f0b07692688,NBE,Banking,5,2026-05-12,تجربه ممتازة,Positive
e663cf94-c23f-4db4-93e3-bc9d48a37b9a,NBE,Banking,5,2026-05-12,تمام,Positive
3a4cdc7b-a755-4feb-918e-ab0f73df7ce0,NBE,Banking,4,2026-05-12,جيد جداً,Positive
57a71935-83ac-451b-b158-89d31b1625f0,NBE,Banking,5,2026-05-12,برنامج ذات قيمة عالية وكفائة ممتازة في تسهيل مهمة العميل لأجراء التعامل . شكرا للقائمين على البرنامج .,Positive
18b1899d-88c0-4cc8-a4ba-2b4d5780e720,NBE,Banking,1,2026-05-12,تطبيق سيء جدا جدا وخدمة اسواء,Negative
2f8654fc-634a-40eb-8c68-b794e0aa5681,NBE,Banking,5,2026-05-12,ممتاز,Positive
69ebfb57-eb76-48b8-a3c8-1b9d695daee0,NBE,Banking,1,2026-05-12,بطيى وسئ جدا,Negative
99e8347c-45dc-48d7-80bf-e406af06cac1,NBE,Banking,5,2026-05-12,ممتاز ٢٠٢٦,Positive
2830c627-b425-4285-8fef-01390f3240ba,NBE,Banking,4,2026-05-12,نحتاج الى ذكر اسم المرسل اليه مع رقم حسابه فى إيصال التحويل مهم جدا,Positive
8ba23c40-90ac-4476-98bb-ae71f5bac728,NBE,Banking,5,2026-05-11,تطبيق فوق الممتاز بيساعدنى فى كل حاجه تخص البنك بيحول بين حساباتى بسهوله,Positive
a65a8df3-fe0d-433c-b0e3-e7635c06e36e,NBE,Banking,1,2026-05-11,محتاج اهتمام لانه بيقع كل فتره,Negative
a5b138b5-0870-4154-88ca-7c8953b78b05,NBE,Banking,1,2026-05-11,بصراحة بعد التحديث لا يعد يعمل لدى لدرجة ان مسحته ونزلته أكثر من مرة وعلى نفس الحال,Negative
3b89abad-0bbc-44a8-9719-9c46f840ab8e,NBE,Banking,5,2026-05-11,ممتازه,Positive
ade05fec-db5d-486a-aaea-afcf55a5763a,NBE,Banking,1,2026-05-11,اطالب بإعادة بناء التطبيق من جزوره برنامج اقل ما يوصف به انه سئ خاصة بتحديث شهر مايو 2026,Negative
99fffce4-54b6-4caf-8184-b5c09fa8edac,NBE,Banking,1,2026-05-11,تحديث شهر 5 وقف تطبيق انصح جميع بعدم التحديث,Negative
7739071b-8a42-4b53-a0dd-9be87fbc9950,NBE,Banking,5,2026-05-11,تجربه ممتازه,Positive
2c39da21-5380-46b6-b0ac-cdfaa9c7a00c,NBE,Banking,1,2026-05-11,Do not perform any actions in the app Another app tried to force itself to the front If this was not intentional this could indicate a malicious app this installed on your device and we advise performing a malware scan التحذير ده بيطلع معناه ايه في خطر على الباسورد واعمل معاه ايه والحل ايه في المشكلة,Negative
b6fe6f08-7ff3-4607-b606-52396a855393,NBE,Banking,1,2026-05-11,التطبيق لا يريد العمل على جهازي,Negative
ee27996f-2e89-4fc2-b5a7-0a23523dbfe5,NBE,Banking,1,2026-05-11,سيء جدا وخدمة العملاء زى الزفت,Negative
fb88e685-4548-4fef-8a1d-9a5d6d71bc55,NBE,Banking,3,2026-05-10,لايمكنني تسجيل الدخول فجاه .,Neutral
a523edad-f33f-4d8a-b655-20ae1b8eaa32,NBE,Banking,1,2026-05-10,سيئ لايفتح,Negative
98832d77-550d-4813-a944-dfd4274ee3b2,NBE,Banking,5,2026-05-10,ممتاز,Positive
0ee002fc-c0d9-4e5b-a212-6ac8d74b87f4,NBE,Banking,5,2026-05-10,ممتاز جدا,Positive
2872ee3d-5b7f-4454-8035-cb12e3fe8f7a,NBE,Banking,5,2026-05-10,رائع,Positive
4ad0c8d4-5345-41c1-8b7a-97803cf6f88c,NBE,Banking,4,2026-05-10,جيد جدا,Positive
9d6fbdb1-9196-41a9-9ebe-53c548329944,NBE,Banking,1,2026-05-10,بنك كبير بيخدم ملايين المصريين مفيهوش خدمة فتح حساب اون لاين لازم اروح الفرع داخلين علي 2027 ومفيش اي تحول رقمي في مصر تطبيق فاشل,Negative
9d80fba7-95a5-4b79-a924-f37758398e7c,NBE,Banking,1,2026-05-09,أنا مش عارفه هو معمول ليه اساسا ياريت تعملوا حاجه ابسط من كده كفايه عك بقي,Negative
9a0166ff-e18a-4865-8446-52731666d364,NBE,Banking,5,2026-05-09,تطبيق رائع,Positive
fc33dac3-7f8c-4bf5-938b-0e68d4cd2584,NBE,Banking,5,2026-05-08,ممتاز,Positive
a29985ae-f778-41e2-bfbb-60f90ff52e98,NBE,Banking,1,2026-05-08,app does not open properly..very bugged,Negative
c1dbc7fb-7947-4452-937b-9af530399a22,NBE,Banking,1,2026-05-08,سيئه...جدا جدا التطبيق لايفتح؟؟؟,Negative
79317da1-5d5d-48a9-8645-585929b68d40,NBE,Banking,4,2026-05-07,جيد,Positive
1df129c2-8943-4cb9-868e-3d5034a8f284,NBE,Banking,1,2026-05-07,البرنامج زفت ومش عاوز بشتغل خالص,Negative
a0cdaeb6-2d83-4535-8b14-5b39b1652630,NBE,Banking,1,2026-05-06,مش شغاللل بيخرج لوحده,Negative
36803924-d948-4821-8f0f-319402ffd6d4,NBE,Banking,5,2026-05-06,جيد,Positive
05620e29-e5a7-4fbc-aa0e-c3a256e65ffb,NBE,Banking,1,2026-05-05,التطبيق لا يعمل منذ فترة طويلة ويغلق بمجرد محاولة فتحه,Negative
7a73e8dd-1b0b-42f6-a283-9cd51d395600,NBE,Banking,3,2026-05-05,تطبيق رائع ، لكن أقترح أني اقدر احول فلوسي من فيزاء المرتبات الخاصه بي الى حسابي الشخصي بالبنك عن طريق التطبيق ، انا كلمت خدمة العملاء وللأسف قالي أن سيستم التطبيق لا يتيح هذا الموضوع ارجو الرد والعمل على تحقيق هذا الأمر,Neutral
8dc29cdc-073f-49d4-9f71-bbff64100bc6,NBE,Banking,1,2026-05-05,البرنامج مش بيظهر الرصيد الفعلى وثابت وزايد ومبالغ فى الرصيد,Negative
797217c5-00f7-446f-9cdd-13ab812608f2,NBE,Banking,5,2026-05-05,بالتوفيق,Positive
68ab7f9d-66d2-40a8-88e7-0e67e4a1e567,NBE,Banking,5,2026-05-04,جيده,Positive
74c1f6cd-c913-4a5f-84d8-3cd0de9eccea,NBE,Banking,5,2026-05-03,تطبيق رائع,Positive
1297e930-2ab7-40ba-a1a1-b985285dd95f,NBE,Banking,1,2026-05-01,تجربة سيئة جدا جدا جدا جدا جدا بعد آخر تحديث مش شغال,Negative
ef416c37-5277-4245-8e63-a56a03a15f91,NBE,Banking,5,2026-05-01,جيد ة,Positive
6fd87135-31df-494a-b117-e7c9804736b2,NBE,Banking,1,2026-05-01,سيئة للغاية,Negative
ec39f365-123f-40fd-861b-bb9ae5b78fdb,NBE,Banking,1,2026-05-01,سي جدا جدا البنك كلها ولا إدارة كويسه ولا خدمه عملاء والفروع زفت في التعامل مع العملاء ولا حد بيحل مشاكل و بيقول في الكلام اصل مش ضهر امامي علي السيستم طيب ارجع ل مين يحل المشكله مش عارفه,Negative
f5c0b2b7-403c-43d7-9761-6d7ec357285c,NBE,Banking,5,2026-05-01,ممتاز,Positive
d7f4990a-d351-46d4-a834-80cbb5e042c1,NBE,Banking,5,2026-04-29,ممتاز,Positive
c8911ec8-059b-41a0-9ae0-57fed508a914,NBE,Banking,5,2026-04-29,تعبان,Positive
9a097ae0-cda1-447b-ba76-0bc48e067c3d,NBE,Banking,1,2026-04-28,وحش جدا وصعب في الاستخدام,Negative
b97976fb-2451-4eb0-b6db-bbfd0eeda9ab,NBE,Banking,1,2026-04-28,يعني كل عملاء بتقولكم شكله سي وتطبيق سيء متحسنوه بلاش بخل بقي,Negative
f01966ae-b472-4aff-ad4d-2ed4b5ddc056,NBE,Banking,1,2026-04-28,للاسف اسوء تطبيق بحاول يومين اسجل مش عارف يقولك بنرسل رقم OTP علي الايميل ولا بيرسلوا شئ.,Negative
4456da67-24e4-46b8-ab50-af5cfc5e646b,NBE,Banking,1,2026-04-28,التطبيق أصبح لا يعمل وكل مرة ادخل يكتبلى خطأ(error) اتصل بالانترنت برجاء حل المشكلة,Negative
82b30f36-7d55-40be-a377-a2026f6b5d22,NBE,Banking,1,2026-04-27,التطبيق لا يعمل,Negative
b129c57c-3efb-4390-b02b-d769983ff6d4,NBE,Banking,5,2026-04-27,جميل,Positive
0f06e8ab-650d-4962-ade8-6c2f867a48b7,NBE,Banking,5,2026-04-26,جميل,Positive
d45695e3-c994-4f07-b1d1-3b473a370d0d,NBE,Banking,4,2026-04-25,البرنامج مبقاش يفتح من اخر تحديث اللي طلبوه النهاردة,Positive
b8fbbedd-6401-4b01-954b-c7188195544d,NBE,Banking,1,2026-04-25,البرنامج مش عايز يفتح خالص,Negative
93540a0d-9c2f-4890-947f-d69b41c0afea,NBE,Banking,1,2026-04-25,لم يتحدث بعض ولو دخلت يعمل اغلاق ممكن لو حد يساعدني ذ,Negative
02989ee2-8d1c-496b-8091-c14638d0a3a0,NBE,Banking,1,2026-04-24,سئ للغايه ولا يعمل اطلاقا بعد التحديث,Negative
2cbbacc9-a223-452a-88b4-e32b67cb751a,NBE,Banking,5,2026-04-23,😍,Positive
ead80896-1eaa-482b-9983-86d4130ff9af,NBE,Banking,1,2026-04-23,التحديث الاخير للتطبيق لايعمل هل توجد مشكله,Negative
fb0f3e1e-fc79-4dbf-aa60-c03ad1bab7af,NBE,Banking,1,2026-04-23,فاشل جدا وبعد التحديث لا يعمل وتطبيقات البنوك التانية افضل من البنك الاهلي وما فيش استجابة منهم,Negative
daeca9e1-82ae-4ee8-afab-de894e6ae80a,NBE,Banking,1,2026-04-22,يتم تسجيل الدخول بصعوبه و في كل مره يقول كلمة المرور خطأ,Negative
9e0ad552-7205-42ae-8eb0-a775f26ae589,NBE,Banking,1,2026-04-22,تطبيق زي الزفت اوسخ تطبيق اتعملت معاه,Negative
9d3de961-9d88-443f-b676-acea264e7e3c,NBE,Banking,4,2026-04-22,Good,Positive
d6fb954f-3fea-4c0c-8701-4a1402a7301c,NBE,Banking,5,2026-04-21,جيده,Positive
0dea6071-c081-4539-b4be-7f32af630476,NBE,Banking,1,2026-04-21,التطبيق مبيفتحش واخر قرف وانتو مبتردوش على حد,Negative
da801e77-6af6-4586-a195-caf10b7b054e,NBE,Banking,5,2026-04-21,راضي جدا,Positive
8c709250-e204-42cc-93a1-532f81c9e354,NBE,Banking,1,2026-04-21,توقف عن العمل على الموبايل سئ جدا,Negative
b8517371-9dbf-42f8-916f-edf4549e7047,NBE,Banking,1,2026-04-20,ممتاز,Negative
ffea37ad-e305-421d-be46-7cfd7cdf07dd,NBE,Banking,5,2026-04-20,البرنامج مش شغال,Positive
1363f77f-536f-45aa-9d29-21c373ea4036,NBE,Banking,5,2026-04-20,تمام,Positive
86184e68-4b57-49f0-9f6d-077bfe9bbbd4,NBE,Banking,5,2026-04-20,بصراحة تطبيق ممتاز,Positive
a6a964f1-a02c-4e99-8eb2-2b5dc7f55d1f,NBE,Banking,5,2026-04-20,جيد,Positive
be79de8a-6007-4632-b9e0-a2cf6159b6c5,NBE,Banking,1,2026-04-19,احب اقول لإدارة البنك الموقرة انتوا بنك كبير، عيب يكون تطبيق البنك الأهلي بهذا السوء وهذا البطئ. عندي فكرة يكمن تكون غايبه عن تفكيركم اصرفوا شويه على التطبيق زي مابتصرفوا على الإعلانات. وياريت تردوا على تقييمات الناس وتخدوها بعين الاعتبار..,Negative
2dc96d94-60de-4da2-9c42-a55c662e408c,NBE,Banking,1,2026-04-19,من ساعة ما حصل عندي تحديث لأندرويد ١٦ والتطبيق كل شوية ما يفتحش وأعمل شكوى يحلوا المشكلة وبعد فترة ترجع نفس المشكلة تاني وأعمل شكوى من جديد وهكذا ودلوقتي بقاله أيام مش شغال ومش هعمل شكوى تاني عشان زهقت,Negative
5eb5ba80-92c2-46b4-8353-6ba738421a19,NBE,Banking,5,2026-04-19,زي الفل,Positive
d8306dec-5358-4f59-93d4-17245ad643e2,NBE,Banking,1,2026-04-18,التطبيق بعد اخر تحديث توقف تماما ، برجاء حل المشكلة,Negative
6684e4cc-ccc3-4c46-ba6f-0c1e92c9d52b,NBE,Banking,1,2026-04-18,مش بيفتح على سامسونج,Negative
f6dd4474-a705-41a0-bad2-75f210e0007f,NBE,Banking,1,2026-04-18,عندي مشكله التطبيق مش راضي يشتغل ولما ارجع لخده العملاء بيقولو مفيش مشكله,Negative
56d9b7fa-6d58-4e82-afcb-7d04ae7b0e7d,NBE,Banking,1,2026-04-18,السلام عليكم ورحمة الله وبركاته التطبيق في مشكلة بعد التحديث الاخير الرجاء الرد من المعنيين بالتطوير التطبيق,Negative
dd697834-89a3-45c1-8aa4-4afd3a18985f,NBE,Banking,5,2026-04-17,حلو,Positive
d6fabfd7-532a-4561-a880-96dc0aaf62e6,NBE,Banking,5,2026-04-17,ممتازة جدا,Positive
11a6aa8e-f310-4e63-a49f-aba77b11d1fc,NBE,Banking,1,2026-04-17,التطبيق لا يعمل منذ شهر فبراير 2026 رغم الحذف و إعادة التثبيت عدة مرات متوقف تماما عن العمل,Negative
6ef721b0-ed63-473e-82f4-dee19e5b2765,NBE,Banking,5,2026-04-17,شكرا جزيلا لحضرتك ودلوقتي في مصر حاجه جميله,Positive
2f40674e-37e3-44b5-8d80-c3195203f73e,NBE,Banking,1,2026-04-16,مش بيفتح,Negative
9486d636-f8c5-441c-9a59-1cd5f62cd72e,NBE,Banking,5,2026-04-16,تطبيق ممتاز,Positive
39a5b43e-346d-431b-a107-1ba8dafc4a25,NBE,Banking,1,2026-04-16,لايعمل فاشل,Negative
9d90fc79-5e14-41dd-95c5-2116796dea14,NBE,Banking,5,2026-04-16,اكثر من ممتاز ..,Positive
eb7cc276-1c04-4d06-be98-85402c83e000,NBE,Banking,1,2026-04-16,التطبيق بقي سئ جدا ومش عاوز يفتح واتصلت بخدمة العملاء مفيش اي حل نهائي,Negative
ff8c04a6-68e4-4cfa-8079-1f5718db6f7a,NBE,Banking,5,2026-04-15,جيد,Positive
b6f39431-1117-4eef-b789-f21bf1ff5276,NBE,Banking,5,2026-04-15,البرنامج متوقف من يوم 10/4/2026,Positive
c130b3e9-e4e7-4239-85bd-93fcdd6d7433,NBE,Banking,5,2026-04-15,يتعذر استخدام التطبيق على هاتف يسمح بوضع المطور ما الحل,Positive
2b91af3c-1e44-473e-a229-c47c641d6c36,NBE,Banking,1,2026-04-14,لا يعمل,Negative
b55628a4-e2da-4970-ac73-120e01dabc92,NBE,Banking,5,2026-04-13,تطبيق رائع وخدمه العملاء ممتاز بس ارجو الحل في سرعة واستجابة التطبيق في الفتح,Positive
5a1f1a8d-ebdb-4793-bbeb-0bb7a77b6def,NBE,Banking,1,2026-04-13,مش راضي يفتح,Negative
baa0ba65-4148-4643-94b0-842131959c91,NBE,Banking,1,2026-04-12,اقسم بالله برنامج يشل..بقعد سنة علي مايشتغل..لازم كل مرة اشغله ميفتحش بسهولة ابدا..نفسي اعرف برنامج لبنك كبير مش عايزين تطوروه ابدا ..ع طول مهنج ومعلق,Negative
2f2d8099-7ff2-4774-9af7-fabd082a49ed,NBE,Banking,1,2026-04-12,التطبيق مستمر في التوقف .. لايعمل,Negative
6cfce8a5-c61b-4bbe-8373-8bf1454762d7,NBE,Banking,1,2026-04-12,سيئة للغايه فتح يومين وبعد التحديث مش بيفتح تاني,Negative
9535f702-ad1f-4aa9-93bd-32dfac629981,NBE,Banking,5,2026-04-12,ممتاز,Positive
b11b9934-cefc-4ea5-a7ea-4e158112e834,NBE,Banking,5,2026-04-11,ممتاز,Positive
c8e29a09-c29b-4a37-ac68-92cbc3a04adf,NBE,Banking,1,2026-04-11,لا يفتح بالرغم من ازالته وإعادة تحميله عدة مرات,Negative
ab2633bb-aa70-48c6-a41e-d58ea6103c80,NBE,Banking,1,2026-04-11,سئ للغايه ولا يفتح,Negative
b2949991-9ba7-445e-8385-a69cc56a2332,NBE,Banking,1,2026-04-11,سيئ للغايه التطبيق لا يعمل على المتصفح و يقوم بالاغلاق قبل التحميل,Negative
2d5a54b6-e11b-48c9-954f-e801d252e05c,NBE,Banking,1,2026-04-11,بحد بقت حاجه تزهق كل شويه تحديث وياريت التطبيق بيشتغل بعدها بيبقي اسوء من الاول والتطبيق بيتوقف وما بيشتغل ما هو يا اما التحديثات تتعمل على جميع الموبايلات يا اما تبطلوا تعملوا تحديثات عشان الواحد زهق كل شويه تحديث والتطبيق بعديها ما بيشتغل,Negative
f3b9c1b0-9079-4674-ab42-a416521292f5,NBE,Banking,1,2026-04-11,سيء جدا جدا جدا,Negative
34ab9f5a-23e7-4289-bed9-346d72f41064,NBE,Banking,1,2026-04-11,البرنامج كان شغال منذ اسبوع والان لا يعمل,Negative
bc7aef09-2f30-46f9-91d0-22806ecf00f3,NBE,Banking,1,2026-04-10,الواجهة عاوزه تعديل التطبيق بطئ بشكل,Negative
f68f01d7-4a69-4891-8aee-fa5f4e198b2a,NBE,Banking,1,2026-04-10,للاسف مش شغال,Negative
d2e84261-5ca7-4a16-9976-f6bb712116f0,NBE,Banking,1,2026-04-10,للاسف الشديد خدمه العملاء سيئه جدا,Negative
5ce9168d-d103-42eb-8c70-1593254c3fa6,NBE,Banking,1,2026-04-10,ابلكيشن مش بيفتح من الأساس,Negative
d9eb8e93-e724-4230-a53b-dfbef208cc66,NBE,Banking,5,2026-04-10,جميل جدا,Positive
1744075f-186b-4948-b09f-54160f9eab1c,NBE,Banking,5,2026-04-10,البرنامج متوقف بتاريخ 9/4/2026 ياريت حل المشكله,Positive
b13cbcdc-9650-49d8-b86f-2215e1833d15,NBE,Banking,5,2026-04-09,ليه التطبيق من بعد التحديث آخر مره مش شغال مش عارف ليه كده🤔🤔🤔🤔,Positive
109bf6cc-51a9-4c5d-af00-ed64fd99fb51,NBE,Banking,5,2026-04-09,رائع,Positive
48bb8301-603e-44dd-90d7-ea20af6b4ef3,NBE,Banking,5,2026-04-09,مش كويس,Positive
6a09be5d-537b-481a-a4f5-e4389163c8dd,NBE,Banking,1,2026-04-09,اسوء بنك واسوء خدمه عملاء,Negative
40156a97-0849-4359-9124-64900181331f,NBE,Banking,2,2026-04-09,التطبيق لايعمل معى منذ اسبوع,Negative
add8d65f-b819-4e6a-b2ba-42f1bfe12949,NBE,Banking,1,2026-04-09,سئ جداااا لايفتح,Negative
dc73b1e4-2dd9-4c13-9309-c73f7da9ce50,NBE,Banking,1,2026-04-09,للاسف بعد التحديث الاجبارى مش بيفتح بسهوله,Negative
6db53627-e1c8-4bc1-9d2f-236f01bebd53,NBE,Banking,2,2026-04-08,البرنامج مش عايز يفتح وبتظهر شاشه بيضاء فقط برجاء الدعم,Negative
9210f065-22b3-4da8-ad89-29483e2f794b,NBE,Banking,1,2026-04-08,أسوأ تجربة تكنولوجية مرت عليا في حياتي تطبيق عقيم .. صعب التعامل .. بنوك ناشئة في دول تانية عندها تطبيقات محترمة . للأسف أنا كان نفسي أفيد بلدي بأي شئ و منها التحويلات على بنك وطني .. لكن وقت ما أنزل إجازة هغير حسابي لبنك أجنبي و أريح دماغي و اسمع لنصايح تجاهلتها كتير,Negative
ff90e1e5-dd83-4c0b-bff8-59fd490dcdd0,NBE,Banking,1,2026-04-08,سئ جداء بعد التحديث لم يتم فتح وخدمه العملا لايود حل,Negative
c06c4c2a-a0e7-4aa0-8147-a2a4596e7f2a,NBE,Banking,1,2026-04-08,التطبيق لا يعمل صار سيئ جدا 😡😡,Negative
d88643e3-567e-48d6-8e1c-097fe7b6b982,NBE,Banking,1,2026-04-07,تطبيق سيء,Negative
d709c395-09ac-4ad6-a41a-26484bdc3164,NBE,Banking,1,2026-04-07,تطبيق زباله وقف لوحده ومش عايز يفتح ومغيش اى تحديث اعمله,Negative
170e387f-75d6-49e1-aeb2-8c038aad7c70,NBE,Banking,5,2026-04-07,احلي خدمه,Positive
3f3e5329-4356-4092-8898-da50cfa1020a,NBE,Banking,5,2026-04-06,ممتاز جدا,Positive
27546118-5430-4b37-a519-d047ef76923c,NBE,Banking,5,2026-04-06,تجربة جيدة,Positive
e534282c-31c0-449d-93ec-87ad927b89df,NBE,Banking,5,2026-04-06,ممتاز جدا,Positive
56ef82c7-42d7-4c36-a227-a4049ceaea31,NBE,Banking,3,2026-04-06,عندي مبلغ وهمي في الحساب ازاي اعمل ريفريش للتطبيق مع ان الانستا جايبلي مبلغ غير الي في التطبيق,Neutral
b19d43e3-9842-48d9-b1a8-b3334a47c67f,NBE,Banking,1,2026-04-05,تقيل في الفتح,Negative
3ad1749b-1142-4d64-a87c-0f5c98c88364,NBE,Banking,1,2026-04-05,البرنامج لا يفتح ويخرج مجرد الضغط,Negative
42f580e9-a6bd-4608-84f0-639aefa36f03,NBE,Banking,5,2026-04-05,ممتاز,Positive
b41066eb-42a2-4357-ba09-83bf9ce757a3,NBE,Banking,5,2026-04-05,التطبيق يعمل بشكل جيد جدا,Positive
d19a6160-4181-4390-8d52-45434c9b5c82,NBE,Banking,5,2026-04-04,التزام و معاملة جيدة جدا,Positive
ee07ab86-bf28-4223-a4eb-545275671161,NBE,Banking,5,2026-04-04,good,Positive
c525f765-23a2-4a80-ac9d-588cb86bd674,NBE,Banking,1,2026-04-04,البرنامج صعب ف التحميل والفتح,Negative
fecb4f58-c0ce-4274-a69b-77754b5cba52,NBE,Banking,1,2026-04-04,انا مش عارف اعمل إيداع من ماكينات الصراف الآلى ولاخدمه العملاء معلت حل المشكله ولا فروع البنك,Negative
212c5269-b998-461a-ba7c-494d2799f7b6,NBE,Banking,1,2026-04-04,مايستهلش ولا نجمه اصبح تطبيق زباله جدا,Negative
d567262a-bed9-477c-9f53-d63b2d96392f,NBE,Banking,1,2026-04-04,التحديث الاخير لايعمل,Negative
e5037362-85b1-46b9-8082-5082a4533e47,NBE,Banking,1,2026-04-03,تطبيق سئ,Negative
20dac3ed-9d88-4829-b831-8a9f637f43b4,NBE,Banking,1,2026-04-03,البرنامج اتمسح ومش عارف أحمله تاني بيقول فشل,Negative
d28d0ff9-a297-4073-aa4c-0ce04ea0485c,NBE,Banking,5,2026-04-03,أعلى من الامتياز,Positive
880c3d62-6c74-4e5d-9446-b7218c501e5d,NBE,Banking,5,2026-04-03,مش راضى يفتح ليه,Positive
9f7a786e-f29f-4b8a-8ace-45907b383683,NBE,Banking,1,2026-04-03,التطبيق اسواء مما قبل,Negative
5bded962-d098-41ed-839b-ad390296e2d2,NBE,Banking,5,2026-04-02,شكرا لك موظفين و إدارة البنك على المجهود المقدم منكم ربنا يوفقكم يارب و شكرا خاص لموظفين فرع ديرب نجم الشرقية,Positive
097fb0cd-29d7-4b33-8fbf-ae28cafef4bc,NBE,Banking,5,2026-04-02,جيد جيد,Positive
15bbc742-c888-4ec7-86f8-368e3e8df7b6,NBE,Banking,1,2026-04-02,سئ جدا جدا جدا جدا,Negative
ad2d8528-cf61-474d-98a0-10cb1449fef5,NBE,Banking,5,2026-04-02,خدمة ممتازة,Positive
a76662fd-f9ac-4c91-bb7d-9fef4cd96fb3,NBE,Banking,5,2026-04-02,جيد جدا,Positive
01c3caef-1255-4e5e-9295-db2a3b930616,NBE,Banking,1,2026-04-02,التطبيق زي الزفت البنك الأهلي ده زي الزفت,Negative
c8ce8b79-a4ca-4a5f-8c7f-e0dbe1a40abd,NBE,Banking,5,2026-04-02,نعم,Positive
ca1906b8-d66d-4c43-8936-c1df8ec52f88,NBE,Banking,1,2026-04-02,اه لو تشوفو بنوك الخليج دا هما عايشين في جنة كل شئ على الاون لاين بتفتح حسابك وانت في بيتك وتجيك البطاقة لحد مكانك وتطبيقات زي العسل مافيش أعطال وتطبيقات سلسة وكل الخدمات موجودة لدرجة الفروع هناك منسية محدش يبص عليها .... تعلمو يابهائم,Negative
98ef1540-f9b6-4faa-be12-e12a27ef7c93,NBE,Banking,5,2026-04-01,ليه التطبيق مش سريع,Positive
90ad1280-e4fc-40da-b6a9-0298add40e3b,NBE,Banking,1,2026-04-01,تطبيق سي جدا توقف عن العمل بعد وقت قصير من تسجيل دخول,Negative
b2ec86d5-8bb6-4bc9-b3f4-dd063ef4afa6,NBE,Banking,5,2026-04-01,good,Positive
edc4886f-b849-412c-ab38-0a4a1056af8f,NBE,Banking,5,2026-04-01,جميل,Positive
1d8af159-e807-4568-a40a-5e368f986fe2,NBE,Banking,5,2026-03-31,ضعيف,Positive
ff766ca4-afeb-45c7-9537-a64dea9fe3e7,NBE,Banking,1,2026-03-31,التطبيق بعد آخر تحديث لأ يعمل مهما حاولوا ت من مسحه وتثبيته مرة أخري,Negative
bf36b66c-6c6e-4932-b481-684bbc75688e,NBE,Banking,1,2026-03-31,مش عايز يشتغل عندي,Negative
fbfeab15-d1ba-4abf-8845-bb374ee358b6,NBE,Banking,1,2026-03-30,سي جدا لا يعمل,Negative
9ed56633-1bf0-47f8-ab17-8a42b5dde6e2,NBE,Banking,1,2026-03-30,بعد التحديث الاخير التطبيق بقى مش شغال عند ناس كتير وشغال عند بعض الناس إيه الحل التطبيق مش بيفتح خالص عندي!!!,Negative
a778a69b-d2ea-4761-84f5-da2739d6a2f4,NBE,Banking,1,2026-03-30,اسوء بنك,Negative
51bee513-0db1-40dd-b567-8f03a25809ae,NBE,Banking,1,2026-03-30,برنامج فاشل ممكن اقعدطول اليوم علشان اخش البرنامج برنامج بنك مصر في سنيه بخش لازم تعديل,Negative
1863c73f-8772-4fa8-a262-993e6276dbc1,NBE,Banking,1,2026-03-30,تطبيق سيء للغايه ما بيفتح وعمال وحذفت وارجع انزله تاني يارب يفتح المرة دي,Negative
f33867eb-c825-42bc-952e-261fad153827,NBE,Banking,1,2026-03-29,بصراحه برنامج زفت عمال يقول المستخدم موقف وكل ما احاول نفس الكلام انا زهقت خلاص اعمل ايه,Negative
f778a730-427d-4922-ada8-19efee97c1e1,NBE,Banking,5,2026-03-29,ممتاز,Positive
0ebef9a5-4264-4a8e-ba6b-9f36d1540b56,NBE,Banking,3,2026-03-29,تحت التجربة,Neutral
9e77c899-f728-400a-9e8b-de2132e24817,NBE,Banking,5,2026-03-29,جيد جدا هل يوجد تحديث جديد,Positive
227ee895-3be1-4e14-bb3f-383b769772f5,NBE,Banking,1,2026-03-29,التطبيق مش بيشتغل مهما حاولت افتحه ياريت حل بسرعه كده كتير بجد هو ليه محدش بيرد علينا ليه التطبيق مش شغال ليه بقاله شهرين,Negative
70caf92b-877c-4d73-91ce-fe7639028f68,NBE,Banking,1,2026-03-28,متوقف عن العمل مش شغال معرفش ليه,Negative
4aead5e0-aa80-4c69-b203-69f414f53b81,NBE,Banking,5,2026-03-28,هل التطبيق يعمل على أندرويد 9 ارجو الافادة,Positive
56acee67-1bb7-45f5-adf0-88a605f6fbeb,NBE,Banking,5,2026-03-28,ممتاز,Positive
f0dc7e84-861e-423f-b97e-e9ed1d04c920,NBE,Banking,5,2026-03-28,بعد التحديث ما بفتح نهاي,Positive
faaf0572-f25a-4a1f-a5bb-170197579db0,NBE,Banking,1,2026-03-26,التطبيق مش عايز يفتح نهائي,Negative
c1fb003e-ae09-4dc0-bf1b-3a75bd8ace68,NBE,Banking,1,2026-03-25,البرنامج بعد اخر تحديث مش بفتح نهائياً ومسحت ونزلته اكتر م مره ونفس المشكله ماتحلتش,Negative
459cb417-d000-4a3b-8082-2a1da0720cad,NBE,Banking,1,2026-03-25,لا يعمل,Negative
f46ad60e-0054-40f9-baf9-f255bc496595,NBE,Banking,4,2026-03-25,التطبيق توقف عن العمل بعد آخر تحديث لاندرويد نرجو حل المشكلة التطبيق توقف عن العمل بعد آخر تحديث لاندرويد نرجو الحل,Positive
e3442ef7-ad6c-4155-9579-634a6d880d95,NBE,Banking,5,2026-03-25,👍👍👍,Positive
3fe7a3a9-00e4-4899-bf26-1b6e3ebf066c,NBE,Banking,1,2026-03-24,bad,Negative
359a747a-f6ce-40e4-b12c-ccaae2d94872,NBE,Banking,5,2026-03-24,تحت التجربة,Positive
6af01048-9de1-4b61-85d3-a48842b50ee0,NBE,Banking,1,2026-03-24,التطبيق لايعمل لازم امسح التطبيق وانزله كل تعامل صعب جدا,Negative
ed41fcdc-b45b-45a3-885d-5600188d82bc,NBE,Banking,5,2026-03-24,ممتاز,Positive
4035e17c-1ad6-4658-9b84-98709e7cf402,NBE,Banking,5,2026-03-24,مازال التطبيق لايعمل منذ اول فبراير وتم مسحه وتنزيله اكثر من مره,Positive
8da6c99c-f942-403a-a345-752ce54e10af,NBE,Banking,5,2026-03-24,احسن بنك فى مصر وتطبيق سهل وخدمة عملاء مميزين ومكن سحب منتشر فى أماكن كثير شكرا البنك الاهلى المصرى,Positive
488ed3bc-1110-4665-b510-e20193360d4c,NBE,Banking,5,2026-03-24,ممتاز جدا,Positive
2212c777-3ca9-40ab-8185-a295f849f8cb,NBE,Banking,5,2026-03-24,رائع جدا ماشاء الله تعالى 😀,Positive
acdc6e35-8467-4487-a905-dec793d1a0f6,NBE,Banking,1,2026-03-24,لماذا التطبيق متوقف ولا يعمل من مسؤلية من توقف التطبيق فين المصداقيه,Negative
d0c94dc4-11c7-49e5-9546-66e09bf2dbac,NBE,Banking,5,2026-03-24,ممتاز,Positive
b781e8a9-b7be-422d-b4a4-16ff48a8a1e3,NBE,Banking,5,2026-03-24,لا يمكن فتح البرنامج,Positive
e4eff143-6d95-4857-a949-634a7deee8cc,NBE,Banking,1,2026-03-24,التطبيق لايعمل منذ مايقرب من شهر🤬🤬🤬,Negative
8c8ff266-a0ee-4b4e-b0dd-c548431318b4,NBE,Banking,5,2026-03-23,ممتاز,Positive
d00edeb3-de11-42b2-873a-af1b670254b7,NBE,Banking,1,2026-03-23,التطبيق لا يفتح نهائي وازلته ورجعته تاني لا يفتح نهائي ولا اعرف ما المشكلة,Negative
0c96ebd4-98a2-412c-9d18-3d527d651d11,NBE,Banking,1,2026-03-23,التطبيق سئ جدا ، توقف عن العمل تماما بعد اخر تحديث ، ولا يوجد أي رد من خدمة العملاء . ارجو حل المشكلة أو التواصل علي الاقل والرد علي الناس اللي عندها نفس المشكلة مكررة,Negative
eab5e043-3321-4904-a4d5-bae212f2cd00,NBE,Banking,1,2026-03-22,التطبيق متوقف من فتره كبيره,Negative
ac7cb05e-f11d-4166-a7bf-f9e3ec595912,NBE,Banking,1,2026-03-22,تجربه زباله و البرنامج كل فتره مش بيقبل الباسورد,Negative
3c33bd49-4a50-4436-afc0-2a29d15f9ea0,NBE,Banking,5,2026-03-22,البرنامج متوقف عندي من ١٥ مارس الحالي رغم إني عملت جميع التحديثات وتم إزالة البرنامج وتنزيله أكتر من ٢٠ مره وبردو مفيش فايده ومش عاوز يشتغل ايه الحل في المشكلة دي ضروري جدا لو سمحت,Positive
d741c67d-1d6f-4e2c-b82f-1fc6f1c5f10c,NBE,Banking,1,2026-03-22,تطبيق عطلان,Negative
94f23b41-68b6-49eb-b4f6-a432a001c459,NBE,Banking,1,2026-03-22,نصابين وبيدبسوا العملاء ف شهادات غير اللي بيطلبوها,Negative
7a95c1cc-307c-4e30-9d28-00b5caefd5a4,NBE,Banking,1,2026-03-22,تطبيق تقيل وبيهنج ومبيفتحش مقارنة بتطبيقات البنوك الأخري .. الحساب فتح يومين وبعدها مفتحش نهائي,Negative
61175b81-b6ae-4cbb-bb70-4fb9963f76d0,NBE,Banking,5,2026-03-21,❤‍🔥,Positive
d9d56ca4-4575-473f-bc31-c7f07c826d84,NBE,Banking,5,2026-03-21,عطلان,Positive
d3269a21-cd33-4b3d-8fea-8c36b67067b9,NBE,Banking,1,2026-03-21,التطبيق فاشل وعقيم ولا يوجد اشراف عليه هل حد من المسؤولين دور على فشل التطبيق او ليه التطبيق لا يعمل من اسبوعين...,Negative
b095aa0c-e304-4e4a-a8c9-736b5c9a013c,NBE,Banking,1,2026-03-21,التطبيق سيء جدا تطبيق بيفتح ويسكر على طول دعم التطبيق لا يذكر زي الزفت,Negative
ed41a3ae-6776-49d0-8c13-bb5c7f7db76d,NBE,Banking,1,2026-03-21,غير شغال,Negative
30d23042-04d2-4167-9d6d-1e19991d203b,NBE,Banking,1,2026-03-21,زباله وتقيل,Negative
0f620a1f-c7b8-4517-b2e3-5d24f2daa018,NBE,Banking,5,2026-03-21,جيد,Positive
bcd723d0-af31-449c-a2db-531fd3ace634,NBE,Banking,1,2026-03-20,بحاول كتير أفتح البرنامج بيفضل واقف علي لوجو البنك ويخرج برا تاني,Negative
7057a3db-2790-4e02-a8c2-fe1a39308783,NBE,Banking,1,2026-03-20,لا يعمل,Negative
b2d9405a-f757-4f87-864e-d6613bda056b,NBE,Banking,1,2026-03-20,التطبيق متوقف عن العمل شوف حل للناس,Negative
a6669dea-51a2-4e76-a752-65e249cb8453,NBE,Banking,1,2026-03-20,مش عاوز يفتح ليه تطبيق سئ جدا ومقرف جدا,Negative
eedbbd57-6cf8-4ca3-99cb-667efd144eb6,NBE,Banking,1,2026-03-19,كان شغال وتمام بس توقف حاليا بقالة كام يوم وشيلتة ونزلتة وبرضة مش شغال ياريت نعرف اية السبب,Negative
3a2dcd3e-ac7e-411f-aa4b-54ce20e2aea7,NBE,Banking,1,2026-03-19,التطبيق توقف عن العمل ومش عايز يفتح,Negative
7472c3eb-e773-4f48-abce-edf33b1dbcba,NBE,Banking,1,2026-03-18,التطبيق لا يعمل منذ شهرين بعد التحديث حاجه فى منتهى السوء . .,Negative
1f086f77-8439-436d-ab00-d56aa0180b2e,NBE,Banking,5,2026-03-18,رايع,Positive
5cc0304d-d0e7-40e4-9c00-fa375b3de097,NBE,Banking,1,2026-03-18,لا يوجد دعم برنامج تقيل اغلبيه الأمور لازم مرجعة الفرع شغل الموظف بس اولاين,Negative
6be634d0-3a55-4a86-b4ab-f4933caa244b,NBE,Banking,5,2026-03-18,جيده جدا,Positive
80713786-a20e-46f0-9436-b78e9a512f45,NBE,Banking,5,2026-03-17,ممتاز,Positive
4a045325-674f-4c9d-954c-872c37def721,NBE,Banking,1,2026-03-17,التطبيق لا يعمل بشكل جيد كل ما اجي اسجل بيعت المسدج بعدها ب بربع ساعة ونفس الموضوع لما اجي اسحب فلوس ارجو التعديل ف اسرع وقت 😡😡😡,Negative
8928fce3-680b-46f0-9cef-5e37c621a310,NBE,Banking,1,2026-03-17,لا يعمل مع اخر تحديث,Negative
25512e79-e203-459f-8560-12ae1ce3ae02,NBE,Banking,1,2026-03-16,سئ تأخير ف الفتح وعدم استجابه ومش عارف فين الايصال الإلكتروني بعد آخر تحديث,Negative
688b5e48-10d3-4dbd-94e3-f589f4996c2a,NBE,Banking,1,2026-03-16,اسواء تطبيق و اسواء معاملة,Negative
e26e73f5-d185-4da0-a06e-216858ee1513,NBE,Banking,5,2026-03-16,اكتر من ممتاز بإذن الله و عملي جدا وبيوفر مشاوير كتير شكرا و بالتوفيق والنجاح دائما بإذن الله,Positive
54bbd072-8e1b-46c5-a725-dc48ec7d628c,NBE,Banking,1,2026-03-15,التطبيق لا يعمل ولا يفتح سواء بعد التحديث او حذفه او تنزيله من جديد .... الاسراع لحل المشكله ....... عدى اكثر من شهرين مش عارفين نشوف مصالحنا ايه الفشل اللى انتوا فيه ده وكل التعليقات بتقول التطبيق مابيفتحش ومصالحها متعطله اصلحوا التطبيق ولا نزلوا تحديث يصلح فشلكم,Negative
d0564a5c-b590-43be-90cf-9bbe450a7459,NBE,Banking,1,2026-03-15,تجربة سيئة للغاية البرنامج له شهر من آخر تحديث لا يفتح و البنك لا يتصرف,Negative
469693ad-1e07-4bc2-a626-2d99a08d5213,NBE,Banking,4,2026-03-15,حلو اوي اوي اوي اوي,Positive
f362b4d6-b2da-4b66-a55c-0c2b2f0989be,NBE,Banking,5,2026-03-15,جيد,Positive
2326e89c-8a7d-4fa5-9c8b-3b9e2f42ce22,NBE,Banking,1,2026-03-15,التطبيق لسه زي ما هو المشكله بتاعته ما رضيش يفتح عندي على الجهاز اخر تحديث اتعمل زباله اوبو اي 54,Negative
4fe4be77-1522-4e5a-9cbb-0ff6a8de8c2c,NBE,Banking,5,2026-03-15,نرجو تحسين التطبيق,Positive
48403089-13fb-4428-a1cf-bbeba3d0be63,NBE,Banking,5,2026-03-14,ممتاز,Positive
3345a441-a40d-44ff-94ed-787041d3265c,NBE,Banking,1,2026-03-14,البرنامج لا يعمل بعد اخر تحديث المفروض تعملو نسخه للاجهزة الضعيفه,Negative
93c8760b-58f3-4b5c-a90a-e470f9a0b4b6,NBE,Banking,1,2026-03-14,not working,Negative
3c501c54-cf00-4c45-8846-9e9972111e71,NBE,Banking,1,2026-03-14,لما ذا لايعمل التطبيق,Negative
33b6b538-9e45-4bc5-8054-ec3ba641c8a8,NBE,Banking,1,2026-03-14,البرنامج مش عايز يفتح ايه السبب,Negative
09503264-5a58-4e51-8750-f336177745d8,NBE,Banking,1,2026-03-13,لا يعمل بعد التحديث,Negative
fb9f6a86-5ed7-4ad6-b66c-64aba4bb07d7,NBE,Banking,1,2026-03-13,خدمات فاشله انا مسافر ومش عارف افهم اي المشكله في الحساب بعد ماسافرت بأسبوع والتطبيق لا يعمل حاولت اتواصل مع خدمه العملاء لكن جميع المحاولات باءت بالفشل,Negative
6f9abd7f-f9e4-46d2-aff7-d433eb369fe2,NBE,Banking,1,2026-03-13,التطبيق زي الزفت مش بيشتغل عندي نهائي,Negative
5385e089-2815-491b-b7b8-b0da9882c978,NBE,Banking,1,2026-03-12,التطبيق متوقف منذ اول فبراير عقب تحديث البرنامج البرنامج توقف تماما رغم تعدد المحاولات من إزالة و اعادة التثبيت مرة اخرى بدون فايدة و خدمة عملاء البنك الأهلي قالوا هذه ليست مشكلة البنك طيب مشكلة مين ، فالح البنك بعمل إعلانات عن إمكانيات غير متوفرة على أرض الواقع,Negative
1f83c18f-95ed-4d50-a459-e61448e5ad3d,NBE,Banking,1,2026-03-12,خدمات زبالة بذات لو انت خارج مصر وانا ندمان انى عملت فيزا على البنك الاهلى المفروض يكون فيه تواصل من خارج مصر ؟,Negative
8c480975-f112-4259-983c-ab0392af28bb,NBE,Banking,1,2026-03-12,سئ جدا ولا يعمل منذ اكثر من ثلاثة أشهر,Negative
fff55d3a-1500-45db-ba43-af0433a3b3d3,NBE,Banking,5,2026-03-12,ممتاز,Positive
6fee9787-1dbd-4d25-82f7-f5ef3cffeb38,NBE,Banking,1,2026-03-11,التطبيق بعد اخر تحديث مبيفتحش خالص ومسحته ونزلته 5 مرات وبرده مشتغلش ايه الحل رجاءا؟,Negative
bab4ec0c-a1da-4f33-b302-2ffd4cb7ccca,NBE,Banking,1,2026-03-11,بيقفل على طول ومش بيفتح خالص فيه مشكله,Negative
dd4aadec-9fce-47d8-a37f-3c51abacfe54,NBE,Banking,1,2026-03-10,رسائل الخصم والرقم السري المتغير بيجي بعد ساعه الي ست ساعات علما اني خارج مصر نرجو,Negative
0fcea911-7feb-4acd-b68c-64270ae26573,NBE,Banking,5,2026-03-10,تطبيق جيد,Positive
0cefc596-2b87-44bf-b70d-3fd9b4f48a6e,NBE,Banking,5,2026-03-09,بعد محاولات عدة أيام فشل البرنامج في العمل و ظننت أن العيب في التطبيق و كتبت ذلك ثم فجأة الأن فقط نزل تحديث للموبايل عندى و بعد تحميل هذا التحديث وجدت تطبيق البنك عاد إلي العمل عادى ... اعتذر من البنك الاهلي لإني ظننت أن الخطأ من عندهم و تبين أن الخطأ كان من برنامج الموبيل الخاص بي,Positive
71c07fbf-b079-46b6-adae-ff54c124c984,NBE,Banking,1,2026-03-09,لم يعد يعمل التطبيق نرجوا حل المشكله لتضرر مصلحة عملاء البنك كميه رسائل تفيد بوجود مشكله فى فتح التطبيق ويبقى الوضع كما هو عليه منذ شهرين لا يفتح التطبيق والإدارة لا تسعى لحل مشكله عملاؤها,Negative
0eb5d9e6-f311-4473-b888-4107cb7b0375,NBE,Banking,5,2026-03-09,ممتاز,Positive
c4ce1924-3cb8-4e26-bac3-55c00260bcdf,NBE,Banking,1,2026-03-09,التطبيق لا يعمل,Negative
b5946d76-40c9-4b68-b1a9-20531585d4bf,NBE,Banking,1,2026-03-08,التطبيق مش بيشتغل بيعمل خروج اول ما احاول افتحه,Negative
344bb366-1b62-484d-89d7-32a6b3537114,NBE,Banking,1,2026-03-08,اخر تحديث مش بيفتح,Negative
69527e32-cdc3-41b1-adba-1aa1eddfde9a,NBE,Banking,1,2026-03-08,لا يعمل بعد التحديث,Negative
985567ab-3cd4-48ff-94a0-bb2fabd18343,NBE,Banking,5,2026-03-07,جيد جدا,Positive
a8feb9b7-0ae7-4dfc-bbd3-eeb32e1c526b,NBE,Banking,1,2026-03-07,التطبيق مش بيفتح بعد التحديث الاخير. سي جدا,Negative
44f45851-3b79-456e-b849-71ed3e4a6c04,NBE,Banking,1,2026-03-07,لماذا لا يعمل على هاتفي,Negative
e3af7739-2d4e-434e-9494-d297e1843f8f,NBE,Banking,5,2026-03-06,شكرا,Positive
6386ab3b-f4e5-485f-a562-7cce93aa8fb5,NBE,Banking,5,2026-03-06,تطبيق رائع وجميل شكرا بنك الأهلي,Positive
0c796cbf-fcee-4ae8-81ab-2f4f7cb09c45,NBE,Banking,5,2026-03-06,مفيد,Positive
71f3b7f8-b98f-4dcd-bfe4-82ccebea42d1,NBE,Banking,1,2026-03-05,هو ليه البرنامج مش بيفتح عندي,Negative
92004de5-a05d-4273-a381-b38029f16572,NBE,Banking,5,2026-03-05,جيد لكن (يستمر التطبيق NBE Mobile في التوقف) وموش عارف اشغله واتصلت بخدمة العملاء لللنك الاهلي اجابوا ان التطبيق ليس متوقف عندهم,Positive
23b19957-b4aa-46a1-bc59-b47f6acfd623,NBE,Banking,5,2026-03-05,ممتازه,Positive
9f7e4afb-9e94-4216-aeb8-077a930876ea,NBE,Banking,1,2026-03-05,عالم وسخه,Negative
0e7cecb8-d643-487b-b8a9-5ddc7302b052,NBE,Banking,5,2026-03-04,good,Positive
f81ba36f-8eb8-4fd5-90db-81ec8287cefc,NBE,Banking,5,2026-03-04,خدمه ممتازه,Positive
11f35d5e-3219-4b79-96d4-a58275357c94,NBE,Banking,1,2026-03-03,اقل مايقال انه سي جداجداجدا,Negative
641ee94f-fda7-4b92-9210-31f799ea4c46,NBE,Banking,5,2026-03-03,تطبيق رائع مساعد ممتاز للحساب البنكي وسهولة في المعلومات للمعاملات المالية ...,Positive
c86b1490-3db4-4ae8-af46-f34b6cdfa6d6,NBE,Banking,5,2026-03-03,ممتاذه,Positive
1d6ec5ac-7a9b-4bad-990c-4bf1895358a8,NBE,Banking,1,2026-03-03,التطبيق الجديد لا يعمل لذلك يجب الذهاب الي البنك للقيام بما تريده,Negative
3e28869b-2c59-45de-855e-34a1b9e9cd3f,NBE,Banking,5,2026-03-03,تمام,Positive
88b5cf12-eae9-4728-b87a-51657e99e35e,NBE,Banking,1,2026-03-03,نزلت البرنامج ولم يعمل,Negative
206a449c-95ec-431c-8301-deb2afebe4f9,NBE,Banking,1,2026-03-02,التطبيق لا يعمل هذا سيئ للغايه,Negative
1f3927e6-3b1e-48f2-a683-1ae54971d047,NBE,Banking,1,2026-03-02,تطبيق زباله كل شهر لازم يحصل اي عطل في التحويل,Negative
90ec91fc-89ca-4ba6-92f0-8fcc16b3fd79,NBE,Banking,5,2026-03-02,جميل جدا,Positive
faf1951f-7439-4cb9-8861-b37359a608a3,NBE,Banking,5,2026-03-02,البنك الاهلي المصري ممتاز جدا جدا جدا,Positive
5b7017b0-8f0a-41c7-9940-d9b055e5bd79,NBE,Banking,1,2026-03-02,التحديث الجديد سئ للغاية,Negative
f38530a0-77bc-43fc-83ac-44363a80a253,NBE,Banking,1,2026-03-01,التطبيق محتاج نضيف ليه خاصية نسخ الحساب والايبان وعند شحن رقم الموبايل الدخول لدليل الهاتف وخدمة بيانات البطاقة لازم تكون موجودة في التطبيق كمان عند اضافة او خصم رصيد يظهر معرفة الرصيد بعدها واخر شيء التطبيق تقيل بدون سبب مقارنة بباقي تطبيقات البنوك وخاصية اخفاء الرصيد,Negative
b04844ee-dcde-4570-9415-284d11b9ee4f,NBE,Banking,1,2026-03-01,التطبيق لايعمل,Negative
3a0fdafb-13d7-4c8b-911e-62d95cdf2d9e,NBE,Banking,5,2026-03-01,ممتاز,Positive
524f55ab-49a3-4310-b5f2-236bb48ff419,NBE,Banking,1,2026-03-01,معاملة سيئه جدا من عشرين يوم الATMسحبت مني 5000جنيه لليوم مافيش رد ولا الفلوس رجعت وقدمت شكوه للان لم يتم الرد,Negative
05b28b45-a277-4e69-979a-a2b5a2167915,NBE,Banking,1,2026-03-01,للاسف مش بيفتح وللاسف خدمة العملاء مافيش حد افاد باي شئ,Negative
23789169-35db-4f99-b85d-d4c1957a9c79,NBE,Banking,1,2026-02-28,التطبيق أصبح لا يعمل,Negative
3e8b169f-02fa-48d3-b38b-1eca8c8ea0af,NBE,Banking,1,2026-02-28,مش شغال للاسف,Negative
c2ed1e53-7152-4daa-8770-a6b220cfb121,NBE,Banking,1,2026-02-28,التطبيق مش بيفتح خالص وبنكلم خدمه العملاء بيهندلوا المكالمه ومفيش حاجه بتتحل مش عارفين نعمل ايه. ؟,Negative
c99fe326-ad17-4a00-a550-e2e23eeecbd9,NBE,Banking,1,2026-02-28,البرنامج معطل ومش بيشتغل,Negative
f6d7b8d6-e87d-4c2f-8506-13d7d9056e3d,NBE,Banking,1,2026-02-28,الزفت مش شغال علي الاندرويد وشغال علي ال ios . شوفو حل يا شوية عواطليه,Negative
0d4821b3-46ac-46af-82e0-27ecedc46e84,NBE,Banking,1,2026-02-28,"نجمة واحدة كثير "" صم بكم عمى",Negative
21d4c5d1-019a-4dae-a030-655e17e7d018,NBE,Banking,1,2026-02-28,لماذا تم وقف التطبيق ولم يفتح رغم محاولاتي أكثر من مرة ؟؟ ماذا افعل,Negative
6c07d343-dd34-4543-a206-4d84100f309f,NBE,Banking,5,2026-02-27,ممتاز ولكن نرجوا تفعيل التطبيق بكامل قوته وعدم احتياج تطبيقات أخري لتفعيل مستفيدين وربطه ببنوك دوليه لتحويل بين الحسابات وامكانية تخليص الاجرائات دون الرجول الي الأفرع كباقي بنوك الخليج,Positive
f07047a9-d1cb-4b46-80e7-ce7e4bdd7fdc,NBE,Banking,2,2026-02-27,التطبيق لا يعمل مطلقا بعد التحديث الأخير رغم إزالته و إعادة تثبيته مرة أخري,Negative
60084fdd-e7d5-431b-820d-4d05128f8007,NBE,Banking,5,2026-02-27,التطبيق لا يعمل يظهر ولا يفتح في حاجة خطأ,Positive
bce578db-b93f-49c3-a1d7-efe051560cec,NBE,Banking,5,2026-02-27,جيد جدا,Positive
1b06cd3f-bcd8-459d-a3e6-9d403d08e0d2,NBE,Banking,1,2026-02-27,الابلكشن مش عايز يفتح عندي اي الحل,Negative
a3d5fd38-def9-46bd-84f5-cc6b5dc7906b,NBE,Banking,5,2026-02-26,اكثر من رائع,Positive
3e08189d-575f-47cb-a8d9-674f0cefffec,NBE,Banking,1,2026-02-26,سئ جدا جدا جدا,Negative
b586f7c9-090c-4c17-9385-1c5255cd272c,NBE,Banking,5,2026-02-26,بحاول افتح البرنامج مش عايز يفتح معايا ومحتاج اعرف مرتبى نزل ولا لسة اية العمل,Positive
6f6a1e60-4190-40e8-98f5-372ae008277a,NBE,Banking,1,2026-02-26,خدمة عملاء سيئة وليس لهم تقييم لا يعترفون بحقوق العملاء,Negative
97cccc45-3615-4966-a845-0af683c1d4f9,NBE,Banking,1,2026-02-26,البرنامج مش شغال مسحتو وحملتو مفيش بردك,Negative
298e3e54-90ff-4c30-b307-d4ad9265eaa6,NBE,Banking,1,2026-02-26,التتطيق سي ولا يعمل,Negative
5ab8c7a7-7628-4753-974b-22a197e27e71,NBE,Banking,1,2026-02-25,التطبيق بعد التحديث لايعمل مطلقا منذ اكثر من اسبوعين ومسحته ونزلته اكثر من مرة ولا يوجد أي استجابة ارجو الإفادة,Negative
d1e94402-e86b-47cf-82d7-32b6c7210e2b,NBE,Banking,5,2026-02-25,ممتاز,Positive
81647aa5-df4a-492e-aa14-d308a1cb64fe,NBE,Banking,5,2026-02-25,خدمه ممتازه,Positive
68e0ff73-3361-4132-bbc7-fd48cccb9061,NBE,Banking,1,2026-02-25,بنك معتمد على خدمه عملاء لا تصلح لنقاش الحيوانات,Negative
8598c6ed-7650-46fd-9331-daabc5a2af7e,NBE,Banking,1,2026-02-25,لو في اقل من النجمه هديلو,Negative
ef02ddf3-5931-40d7-aa90-4fc3834926d9,NBE,Banking,1,2026-02-25,التطبيق لايعمل الرجاء حل المشكله لان لما تعملو تطبيق وماتعرفوش تشغلوه تبقو فشله,Negative
e46c09bb-bbbe-40de-b203-a5a87601b603,NBE,Banking,5,2026-02-25,Excellent 👍,Positive
ae5883da-c10c-4c86-9b56-d1f7de96c164,NBE,Banking,1,2026-02-24,كل الناس بتشتكي ان التطبيق مش شغال ، يعني مش انا بس ايه السبب ؟ أرجو الاهتمام,Negative
c989eb7b-ea03-4eae-a55f-1810ef9d4ca4,NBE,Banking,1,2026-02-24,مش راضى يشتغل بعد التحديث,Negative
10d291ac-dcbd-41dd-8669-cfd6cd6eaa84,NBE,Banking,1,2026-02-24,بعد التحديث مش بيفتح ومسحته ونزلته اكتر من مره ومفيش فايدة وجاري قفل الحساب وبفتح حساب ببنك آخر,Negative
59bd73b8-ea7e-43fa-9e53-d300e3d9a005,NBE,Banking,1,2026-02-23,مفيش تجربة اصلا مبيفتحش حتي الآن سيئ للغاية,Negative
2400c958-3203-41ea-a5a9-96f5b6b079cf,NBE,Banking,3,2026-02-23,أسوء برنامج والله عيب ده يبقي تطبيق البنك الأهلي,Neutral
4524447d-008d-4e67-9d25-74afbe770f04,NBE,Banking,1,2026-02-23,سي جدا جدا,Negative
294d1bbb-f3e1-4ae1-b049-8fd66876fcbf,NBE,Banking,5,2026-02-23,ممتاز,Positive
ea9a6f15-7436-4bd5-9792-32f3a42ebb01,NBE,Banking,5,2026-02-23,لماذا لايفتح التطبيق بعد عدة محاولات لا يفتح هل يوجد سبب ارجو الرد,Positive
3093d6cd-9b4a-48ef-a953-ad01cb3428c3,NBE,Banking,1,2026-02-22,التطبيق لا يعمل من بعد اخر تحديث,Negative
34d76de9-802b-479f-b90a-221b80581d4b,NBE,Banking,5,2026-02-22,ممتازه,Positive
79e19117-ab37-4fe1-9775-2115fefa34ac,NBE,Banking,5,2026-02-22,تمام,Positive
544846d2-1267-4cd0-8767-940edfa5a5d1,NBE,Banking,2,2026-02-22,يا ريت تحديث جديد ويا ريت نضاف في التحديث الجديد على اي مبلغ يكون موجود علامه العين تخفي اي مبالغ ويا ريت الرد بسرعه,Negative
4df344b8-e32f-4387-a931-2adf21f75b7a,NBE,Banking,5,2026-02-22,حلو,Positive
880ddd53-3596-489d-b25d-e77834190152,NBE,Banking,1,2026-02-22,البرنامج مش بيفتح,Negative
5d24fa96-b7b3-409e-9cf2-6a0c636707af,NBE,Banking,3,2026-02-22,لا يعمل,Neutral
ab146ee8-0d34-4ec5-8765-6f51e00dbf2c,NBE,Banking,1,2026-02-21,التطبيق مش شغال تيجي رساله غير قاد الاتصال بالخادم ولا هي باقه النت عندكم خلصت,Negative
d9403622-ce29-4588-8131-2b239b633282,NBE,Banking,5,2026-02-21,بعد التحديث لا يعمل,Positive
27a4bf0c-d156-4ede-880f-5b07d2a21911,NBE,Banking,1,2026-02-21,التطبيق لا يفتح فما السبب؟,Negative
c994e0a2-1962-43bf-9336-9dd92325beb0,NBE,Banking,5,2026-02-21,مش راضي يفتح,Positive
09d35342-5635-4e54-a695-ce8238f482f9,NBE,Banking,1,2026-02-20,التطبيق مش راضي يفتح مش عارف ليه,Negative
273cc0bf-e43a-4c5f-a5ef-4b7b1f27f463,NBE,Banking,5,2026-02-20,ممتاذ جدا جدا,Positive
30d5ecd4-aad0-4320-ae53-85e5579f2c88,NBE,Banking,2,2026-02-20,بطي وبيحتاج نت عالى اوى علشان يفتح,Negative
2a7bf654-ecbf-49d1-8dcd-5502ed9ae2fa,NBE,Banking,1,2026-02-20,التطبيق مش شغال وكل اما اغير الباسورد يقولى انتهت صلاحية كلمة المرور,Negative
521f72d2-cd6c-469a-bc75-01a402eaaad2,NBE,Banking,1,2026-02-20,التطبيق مش شغال رغم تحديثه أكثر من مره,Negative
ae47d23e-5649-4ab8-985d-4bfb0164fc5e,NBE,Banking,1,2026-02-20,التطبيق لم يستجيب للتحديث الجديد,Negative
8f61531b-1a3b-45d0-a2fd-d5bc289573b1,NBE,Banking,1,2026-02-20,التطبيق لا بعمل ، مش عارف ايه السبب بالرغم اني اتصلت بخدمة العملاء ولم يفيدوني ومعرفوش ايه السبب,Negative
64be587b-b8d5-4387-98a3-8c5d35f078fa,NBE,Banking,4,2026-02-19,ممتاز,Positive
86933126-e643-4864-83ba-cf8cfdd9c614,NBE,Banking,1,2026-02-19,التطبيق لا يعمل,Negative
e79f2401-92a0-42eb-aee8-79b0681e4548,NBE,Banking,5,2026-02-19,جيد,Positive
dd6d5b91-e4b6-4642-87c6-ab4ebe4021be,NBE,Banking,1,2026-02-19,سي لا يعمل,Negative
8109010f-91de-413f-b9ac-90f624292dba,NBE,Banking,5,2026-02-19,ممتازة,Positive
fdbd5ca2-28a2-4970-8c33-b5dfb7529431,NBE,Banking,1,2026-02-19,التطبيق لا يعمل علي نظام الأندرويد,Negative
25e16593-eec4-4b01-8768-31c6b6d117f8,NBE,Banking,1,2026-02-18,ممتاز,Negative
05d699ee-00ef-4661-8ffd-c7a260007705,NBE,Banking,1,2026-02-18,التطبيق لايعمل بعد التحديث 😡,Negative
338ef0ad-f450-45c7-bfcf-317cfa47dd3b,NBE,Banking,5,2026-02-18,من فضلكم دخلت اليوم عليه كذا مره وقمت بتحديثه كام مره مش بيفتح اغلب الناس بتشتكي لازم حل سريع للمشكله دي ارجوكم شكرا انتم بتقروا اللي بيكتب لكم لان اغلب الناس بتشتكي النهارده,Positive
852e1030-dae6-44b8-a807-12f6a93ef357,NBE,Banking,1,2026-02-18,سيء للغايه,Negative
ea5b84c7-44a3-4d87-82b5-e871a7a607af,NBE,Banking,5,2026-02-18,تمام,Positive
2f590b15-84a3-42ae-a3c9-e225986d86ac,NBE,Banking,5,2026-02-18,تحديث موبيل البنك,Positive
111d166c-12c2-4729-b390-845ab81feaf8,NBE,Banking,5,2026-02-18,جيد,Positive
da33a54f-e727-40bb-b9d5-4c980a47e846,NBE,Banking,5,2026-02-18,التحديث الاخير لايعمل نهائي تظهر رسالة اثناء التحميل. تم الايقاف,Positive
c9c37ec5-1f59-466c-8dde-f2a93842b94e,NBE,Banking,5,2026-02-18,جميل جدا,Positive
d7033764-286d-4adf-a516-c956f65ff016,NBE,Banking,3,2026-02-18,التطبيق طلب تحديث ولم استطيع الدخول علي التطبيق من بعد التحديث تظهر كلمه ارسل تقرير ثم يتم اغقلاق التطبيق,Neutral
654e8add-1667-4f00-90d2-026e22d34d39,NBE,Banking,5,2026-02-18,ممتاز جدا,Positive
53c63d1d-0823-4eb2-8838-86db25dd222d,NBE,Banking,1,2026-02-18,البرنامج مش شغال ابدا ايه السبب,Negative
3b36fbdd-3d49-4d86-b858-33bc486550a1,NBE,Banking,1,2026-02-17,مش شغال,Negative
78fc5bb4-d04c-4b7c-9030-2e55b5cb756f,NBE,Banking,5,2026-02-17,سهولة فى التعامل دقة فى الأداء تقدر تعمل أغلب عملياتك البنكية من الأبليكيش من غير ما تروح الفرع,Positive
4f95fd0e-6b17-45c2-9e75-9f860ddf5aa5,NBE,Banking,4,2026-02-17,جيد,Positive
c6d918c7-ab73-4cf7-99c4-fe6ea81562be,NBE,Banking,1,2026-02-17,التطبيق كان شغال كويس جدا لكن بعد التحديث الاخير وقف تماما ومش شغال مسحته و نزلته اكثر من مرة مش شغال و مش عارف ايه الحل,Negative
103b65aa-b8d0-4b1a-a84b-2338fb265493,NBE,Banking,5,2026-02-17,جميل,Positive
b90fc2cc-0e20-4ea3-891d-9f297293d5d7,NBE,Banking,5,2026-02-17,ممتاز,Positive
0843d32c-5b28-4e1f-a853-80a66495d24f,NBE,Banking,1,2026-02-17,سيي,Negative
a0c41110-fb12-4802-8ea9-6ec6af384153,NBE,Banking,5,2026-02-16,شغال كويس بعد التحديث,Positive
a14f60df-ee89-47e8-a97d-83091442a5bd,NBE,Banking,1,2026-02-16,التطبيق بعد التحديث البرنامج مازال متوقف عن العمل,Negative
7c3144c1-8074-442d-8828-c91f249fcb26,NBE,Banking,1,2026-02-16,البرنامج مش بيفتح بعد التحديث الرجاء الاهتمام والرد . اتصل على خدمة العملاء قالي مفيش مشكلة بالتطبيق وقالي امسح التطبيق ونزله تاني مسحته ١٠ مرات ونفس المشكلة نفس كلمة افصل الروتر شغل الروتر لا حول ولا قوة الا بالله 😡 مش فاهم المسؤلين عن البرنامج نايميين ١٦/٢/٢٠٢٦,Negative
c65aaaf0-4068-4b21-aaa0-147775a64313,NBE,Banking,3,2026-02-16,جيدة,Neutral
fc9ce19a-04bb-4867-9176-2081800af425,NBE,Banking,5,2026-02-16,mash Araf Lai Alakt bas Tammam,Positive
f870c04d-26c0-490f-8044-6fc9aa2c3f82,NBE,Banking,1,2026-02-16,البرنامج كان شغال كويس ومره واحده مش بيشتغل ايه السبب,Negative
9fb01251-15d8-4160-9cac-ddcd08e95818,NBE,Banking,1,2026-02-15,البرنامج لا يعمل بعد التحديث وتم إلغاؤه ثم تثبيته عدة مرات ولم يفتح نهائى فما السبب ؟نرجو إفادتنا وشكرا,Negative
8226f0ca-c83a-47d0-bdc0-677681880949,NBE,Banking,4,2026-02-15,جيد جدا مع اخر تحديث👍,Positive
9497d162-5e5e-4b34-8af1-71fe52aa31ae,NBE,Banking,1,2026-02-15,لم يفتح معى البرنامج لماذا,Negative
18689f22-63f7-4e46-9324-9cf982ae1351,NBE,Banking,5,2026-02-15,ممتاز,Positive
04e551d1-2b41-480b-b35d-9799095582bb,NBE,Banking,1,2026-02-15,خدمة عملاء البنك وحشه جدا,Negative
622b789c-7fe0-4bc1-9117-4ca00f822bec,NBE,Banking,1,2026-02-15,التطبيق مش شغال بعد التحديث,Negative
60e8d7bf-f3e0-4cbe-be2b-06192e9c87c1,NBE,Banking,3,2026-02-15,جيد,Neutral
ebeac953-d2db-47b7-80c6-c55c2568b24b,NBE,Banking,1,2026-02-15,تطبيق سئ,Negative
14b9ee6d-2b8d-44fe-8265-e8f270694f2f,NBE,Banking,1,2026-02-15,فرع نجع حمادي خدمه سيئه جدا دخول افراد بدون ارقام تابعين لبعض الموظفين بالفرع رغم العدد الكبير من خدمة العملاء ولكن يوجد سوء تنظيم,Negative
a0339b6d-3400-4b78-86dc-b83c157d8ed5,NBE,Banking,1,2026-02-15,التحديث اوقف البرنامج. و اتصلت بالبنك كتير مفيش اي فايدة و لما اعوز اعمل حاجة لازم افتحه على اللاب توب .. و مفيش اي استجابة,Negative
07781c84-f0ce-410a-bba5-8a9c9316d70b,NBE,Banking,2,2026-02-14,الابديت الاخير خلي اللابلكيشن مش شغال,Negative
061d7d22-e814-4da0-9b06-4451af4bd739,NBE,Banking,1,2026-02-14,التطبيق لا يعمل بعد آخر تحديث,Negative
8aa9e0d5-f919-4e93-8fde-295b8c09ac7e,NBE,Banking,1,2026-02-14,التطبيق بعد التحديث سيء جدا لا يعمل بعد مسحه وتنزيل عده مرات لا يعمل بالمره,Negative
5554d82a-8809-4b87-b92b-900ae1938d3b,NBE,Banking,1,2026-02-14,التطبيق مش عايز يفتح مسحته و حملته اكتر من مرة ولسه نفس المشكلة زى ما هى,Negative
7033564e-362e-47dd-8976-92a406b7dc15,NBE,Banking,1,2026-02-14,التحديث الاخير لا يعمل,Negative
047a7b43-3f97-44f6-ac9e-4d2ed36a9bbd,NBE,Banking,1,2026-02-13,سيء,Negative
a81dfc9b-3578-441f-93ae-cdf1313336f3,NBE,Banking,2,2026-02-13,التطبيق لا يعمل علي جهازي سامسونجA8 مش عارف ليه,Negative
bc02c3e7-13d6-4e45-8b2e-df33d50a1b14,NBE,Banking,1,2026-02-13,سيء جدا,Negative
2f187050-e009-4dec-9520-418a780b7c38,NBE,Banking,5,2026-02-13,ممتازا,Positive
1ec5af7b-0a6b-4b73-b141-3594181fb8c4,NBE,Banking,1,2026-02-13,لا يعمل بعد التحديث الاخير,Negative
7790a3a9-f411-4301-b110-f53b881a7556,NBE,Banking,1,2026-02-13,تطبيق سئ لا يعمل وعدم اهتمام من البنك للعملاء,Negative
e086ad26-94fc-4e8e-b93c-549f5079d1e8,NBE,Banking,5,2026-02-13,ممتاز,Positive
fd01f9d9-988a-4791-b7b0-a381c978d295,NBE,Banking,1,2026-02-13,قسما بالله و الذي رفع السماء أنه اوسخ تطبيق للأموال شوفته بحياتي ،لما عايز احول أو اعبي رصيد لموبايلي اقسم بالله اني اعاني و ضغط نفسي رهيب ، اقعد بالساعات عشان اعمل حوالة أو اعبي رصيد اسف على بنك كبير زي هذا يكون تطبيق بهذه الثقالة و الغبى ، و الله عندنا في اليمن اصغر شركة صرافة بيكون معها تطبيق و تعمل كل شي في ثواني,Negative
8958ffb8-6a0a-4fac-aa14-fa7f69a704f3,NBE,Banking,1,2026-02-13,لايعمل بعد التحديث,Negative
7b1c692d-519f-499b-8f47-bf7163a0e117,NBE,Banking,5,2026-02-13,ممتاز,Positive
251acb78-1eb1-4c07-93b1-4899654a71d6,NBE,Banking,1,2026-02-13,التحديث الجديد فيه مشكلة مش بيفتح,Negative
515b04e1-928c-47e5-b1c9-03edcc309020,NBE,Banking,1,2026-02-12,البرنامج مش شغال مسحته ونزلتو تانى من جديد ومش شغال برضو,Negative
40d2b017-906d-4aae-a5c7-1c10eef6e9cb,NBE,Banking,1,2026-02-12,بعد التحديث يوم ٢٩ ١ ٢٠٢٦ مش بيفتح,Negative
9719f285-b566-49ab-836c-21a009feaf21,NBE,Banking,1,2026-02-12,التطبيق بعد التحديث الجديد مش شغال,Negative
a7d247c6-514d-4a78-838d-0e5845c9b801,NBE,Banking,1,2026-02-12,التطبيق مش راضي يفتح خالص من أول شهر ٢ونزلت وسمحت وقفلت والواي فاي وفتحوا تاني مفيش فايدة,Negative
58e458b0-4228-4ef5-908d-c71ae0061baa,NBE,Banking,5,2026-02-12,يريت يكون صلحيات العميل اكبر,Positive
738c79bc-996b-4aa9-b264-ee63ebc21ff5,NBE,Banking,1,2026-02-11,التطبيق بعد التحديث لا يعمل ولا بيشتغل خالص,Negative
bafec3de-2a52-4f65-8b48-31a6d8e03b0b,NBE,Banking,5,2026-02-11,برنامج ممتاز جدا جدا,Positive
420d996a-62c1-4e1a-8251-be681ae70b2f,NBE,Banking,1,2026-02-11,التطبيق مش بيفتح بقاله اكتر من اسبوع ارجو الاهتمام بالامر واصلاحه عاجلا .. التطبيق كان اكتر من ممتاز .. وباظ بعد التحديث الاخير ياجماعه,Negative
9790ef66-c1da-4c53-a782-e995c0e7a014,NBE,Banking,1,2026-02-11,التطبيق لا يعمل بعد التحديث👎,Negative
2ec87fb8-9fb0-46f6-892c-0391cabb273e,NBE,Banking,1,2026-02-11,برجاء الرد تم شراء جهاز جديد اوبو A78 وللاسف الشديد لايفتح البرنامج تم حزفه والتنزيل مرات عديدة لكن دون جدوى فما العمل برجاء الرد والمتابعة @nbe,Negative
eecc60fd-fa60-44bf-89f6-82361ea6d9fe,NBE,Banking,3,2026-02-10,التطبيق لا يفتح بعد التحديث الاخير له وحذفته ونزلته اكتر من مرة برضوه مش بيفتح,Neutral
4734f330-d37e-460e-bcc2-91848f8152a4,NBE,Banking,1,2026-02-10,التطبيق لا يعمل,Negative
1484c800-f333-4003-b1f4-d8c964d8230d,NBE,Banking,3,2026-02-10,التطبيق بعد التحديث مش بيفتح خالص ممكن اعرف السبب,Neutral
e1095d57-8385-47a9-8145-219d12c21132,NBE,Banking,1,2026-02-10,التطبيق لايعمل,Negative
33981a0a-bdbc-4df7-928d-002f25293379,NBE,Banking,1,2026-02-10,مش عايز يفتح,Negative
64115d13-9f5e-409e-a75a-94e47ac69a0c,NBE,Banking,5,2026-02-10,ممتا زه,Positive
4e687887-53f7-4c02-a673-d3ce342789a6,NBE,Banking,1,2026-02-10,تطبيق فاشل و خدمة عملاء فاشلة لا يستحق نجمة وحده,Negative
ac835fa2-6f60-4d5e-9383-2ba830187605,NBE,Banking,4,2026-02-10,سيءة,Positive
ba41059a-1b1c-479a-b910-a0e491ae0c8f,NBE,Banking,5,2026-02-10,جيد جدا,Positive
464ac6dc-7ea1-4430-8232-81b5ed4fbd52,NBE,Banking,5,2026-02-10,v good,Positive
12d48323-6ed9-4a37-bc80-4fa81548ff54,NBE,Banking,1,2026-02-10,قمت بتحديث التطبيق الآن.....وللأسف لا يعمل!!!,Negative
8cb33791-80f5-436f-9fe1-183bd8c96b0a,NBE,Banking,1,2026-02-10,التطبيق سئ جداا لا يعمل نهائي بعد التحديث الاجباري,Negative
d2be23ad-9867-40c2-a59c-6e8a325a4ea8,NBE,Banking,1,2026-02-09,سي جدا,Negative
e637f0c8-be07-4dc4-b474-06339738937d,NBE,Banking,1,2026-02-09,مش عايز يفتح عندى ليه .....,Negative
b016b9e6-fe27-474b-9eba-9cdf5f011cff,NBE,Banking,5,2026-02-09,شكرا,Positive
27053d23-39b3-439c-a434-fa54ecf12a93,NBE,Banking,1,2026-02-09,البرنامج لا يعمل بعد التحديث,Negative
34d7185d-6f23-42bd-a40f-afdfe32593e4,NBE,Banking,1,2026-02-09,very bad 😔,Negative
a481c484-a541-4058-972e-04888dca5a7f,NBE,Banking,5,2026-02-09,البرنامج فاشل جدا جدا جدا جدا جدا مش بيفتح وخدمة العملاء مش بتحل المشكلة محدش يستخدمة لان مفيش خدمة تحللك المشكلة,Positive
a909f04e-e476-437b-bb77-5e485bb84aa2,NBE,Banking,1,2026-02-09,بعد تحديث 29/1/2026 البرنامج لا يعمل نهائيا,Negative
2c114853-878a-4da9-a1c8-dcee9c32e950,NBE,Banking,5,2026-02-09,مبيفتحش عندي,Positive
e42cfc34-e2d2-495a-8fe5-0ef0d52c9df2,NBE,Banking,5,2026-02-09,ممتاز وسهل الاستخدام,Positive
b15c155f-b106-4b4a-8447-e88c7ddbe686,NBE,Banking,1,2026-02-08,مش بيفتح بعد التحديث,Negative
d2c73c17-e95f-4267-889e-c0d72df66972,NBE,Banking,1,2026-02-08,التطبيق مش شغال كل لما اضغط عليه مش بيجمع ولا بيدخل فيه غلط في التطبيق واقف مسحته ونزلته كذا مرة وبيعلق مش شغال,Negative
a6be44d9-a027-4ff7-9ab2-13a8d726d423,NBE,Banking,1,2026-02-08,في مشكلة فالتطبيق,Negative
901cd6e7-9a81-4db9-b76a-ec31c95270c2,NBE,Banking,1,2026-02-08,تطبيق سيئ جداً ومش راضي يفتح,Negative
e5863256-18dd-4196-8bd4-976cfbd77b39,NBE,Banking,1,2026-02-08,بتاريخ ،8.2.2026 التطبيق لايفتح رجاء حل المشكلة في أسرع وقت لأن لا يوجد وقت للذهاب للفرع لقضاء أعمالنا,Negative
0dc26dad-7dce-413d-bc0a-ef4e2f65ff92,NBE,Banking,1,2026-02-08,اسوء خدمة عملاء في العالم. بكلم الاستاذة تقولي خدمة 24 ساعة وبكلمهم من الساعة 8 لحد الساعة 12 محدش بيرد، وبكلم واحده انهارده بستفسر ازاي حد يحولي فلوس مم بره مصر تعمل كتم لحد. اسوء اخدمة علي الاطلاق لا انصح احد بالاشتراك معهم دا لو في ربع نجمة مكنتش ادتهالكوا حتى.,Negative
8114e82a-6887-41ee-b958-4eecc350aab4,NBE,Banking,5,2026-02-08,التطبيق لا يعمل منذ فتره وازالته ونزلته اكثر من مره ولا اعرف لماذا لايفتح,Positive
ee7a77ec-28a3-4f2e-9334-c7ff0c13903f,NBE,Banking,1,2026-02-08,"التحديث الأخير سيئ جدا التطبيق معادش بيشتغل كل شوية يقولي يجيلي رسالة ""التطبيق يستمر في التوقف"" مع كل محاولة لفتح التطبيق وتم التأكد من توافق تحديث اندرويد الهاتف مع التحديث المتوافق لتشغيل التطبيق والمفروض انه مفيش مشكلة",Negative
39f6be11-3ecc-47c7-a83b-726a610c3ad3,NBE,Banking,5,2026-02-08,زف,Positive
37f5e72e-3dd2-4bb5-8791-00afcbeaa982,NBE,Banking,5,2026-02-08,رائع ويسهل التعامل مع البنك وموفر للوقت أسهل من الذهاب للبنك,Positive
4db6aa60-cf24-465c-ba6f-3cae6cff6ec1,NBE,Banking,1,2026-02-08,بعد التحديث الجديد التطبيق لا يفتح مطلقا مع انه كان يفتح قبل التحديث لكن القائمين على التطبيق هم الذين طلبوا تحديثه ولما اتحدث توقف عن العمل البنك الأهلي ليس مؤسسة صغيرة حتى يكون التطبيق الخاص به بهذا السوء وبرغم شكاوى الكثير من نفس المشكلة لا يوجد رد او اصلاح للمشكلة,Negative
75304a40-176e-4526-9922-1bf36e07b4be,NBE,Banking,1,2026-02-08,سيئ للغايه,Negative
a9d9a266-5920-4cb4-bdf9-53121f7d0c43,NBE,Banking,1,2026-02-08,التطبيق لا يعمل لا يصل الى صفحة تسجل الدخول مجرد ما يبدأ يفتح يقوم بالاغلاق مباشرة,Negative
cf25bccb-fb9f-4ffe-a41b-72aaf540c378,NBE,Banking,1,2026-02-08,التطبيق بعد التحديث الأخير لا يفتح اطلاقا وتظهر رسالة يستمر التطبيق في التوقف,Negative
3949acf7-5a57-4c1e-b66a-bca65cf25d60,NBE,Banking,1,2026-02-07,الطبيق مش شغال بعد التحديث ؟؟,Negative
dcfa4c22-3da9-4f2d-99b1-6898b7b7e6bc,NBE,Banking,3,2026-02-07,في مشكله في فتح التطبيق ارجو حلها,Neutral
2a3382f9-7542-49eb-bee9-004493871870,NBE,Banking,5,2026-02-07,تجربة ممتازة,Positive
7d473c7a-ce0c-4ba6-a4f3-56fd03729d74,NBE,Banking,1,2026-02-07,سيء,Negative
9a1eaf13-539b-460d-9a55-c87a08d7eb4e,NBE,Banking,1,2026-02-07,بعد التحديث الأخير لا يريد البرنامج أن يعمل,Negative
8114869f-21f4-44d6-9908-d00be67333da,NBE,Banking,5,2026-02-07,جيد,Positive
47aafdd9-63b7-41de-a015-6ae8503c6447,NBE,Banking,5,2026-02-07,كويس,Positive
5bc988b8-426b-4c94-b0ae-09024b211b85,NBE,Banking,1,2026-02-07,توقف مفاجئ بعد تحديث البرنامج ارجوا اهتمامكم وشكرا,Negative
cf4aa12a-e436-4d70-a118-34a5262c7648,NBE,Banking,1,2026-02-07,برنامج لا يعمل بعد التحديث الاخير,Negative
213413ce-bd47-4c6a-8cc1-5a78685d45aa,NBE,Banking,1,2026-02-07,مش بيفتح,Negative
4928e3a8-83c4-4215-9078-219c3469d5da,NBE,Banking,1,2026-02-06,اكثر تطبيق عقيم في كل البنوك,Negative
84a777b6-0ad7-40f2-86ce-151368a83b22,NBE,Banking,1,2026-02-06,مبقاش شغال وكلمت خدمة العملا ومحدش فادنى لاسف ياريت تتحل المشكلة,Negative
4c137bc4-a6ed-4801-ac86-b0e36bbb4b89,NBE,Banking,1,2026-02-06,التطبيق مش عايز يفتح,Negative
d27c03d4-eb63-4a75-8279-c3cb0886e905,NBE,Banking,5,2026-02-06,برنامج كويس جدا,Positive
2a1d8636-3b3b-4825-9556-c012f4fd296c,NBE,Banking,1,2026-02-06,سيء جدا,Negative
61f6dd35-7bb5-416a-ab3f-924bcdfc7bbb,NBE,Banking,1,2026-02-06,"التطبيق بعد التحديث لا يعمل ((يفتح ويغلق فورا""))",Negative
315ab288-3170-497f-a208-a7d993db18dd,NBE,Banking,1,2026-02-06,خدماتكم سيئة جدا زيكم,Negative
ff4ccead-59c4-47ac-8d88-11b23e0aeb4b,NBE,Banking,1,2026-02-06,عيب عليكم التطبيق لا يعمل.. القديم كان افضل,Negative
4d2e022d-724e-4ed9-989f-20898b6cc9fc,NBE,Banking,3,2026-02-06,البرنامج كان شغال تمام جالي رسالة تحديث 29/1 وحدثته ومن ساعتها مش شغال نهائي يفتح الايقونه وتفصل لوحدها واتصلت بخدمة العملاء قالي روحي الفرع رجاء معرفة سبب هذا العطل وحله لإن كل آمَوري من خلال الابلكيشن,Neutral
06dd86c7-5c00-4827-b8dc-e29c2f697649,NBE,Banking,5,2026-02-06,التطبيق بعد التحديث مش شغال وحذفت البرنامج ونزلته بردوا مش شغال,Positive
94ff8107-86fa-443f-a253-ca10d02d223e,NBE,Banking,1,2026-02-06,توقف فتح الابلكيشين فبراير ٢٠٢٦,Negative
10be186b-39d6-486e-a6a1-8539b0bf47db,NBE,Banking,1,2026-02-06,سيئ جدا,Negative
71cd2ff8-bb54-4382-be97-174b9d1eaf61,NBE,Banking,1,2026-02-06,سء جداااااااا,Negative
154ffbbc-58e4-4c20-abde-a1284a752f17,NBE,Banking,1,2026-02-06,في اخر تحديث توقف البرنامج ولم يعد يعمل,Negative
5d498fb5-6275-46c5-b5d6-305a7003b519,NBE,Banking,5,2026-02-05,ممتاز,Positive
4aa79fa5-f39c-4cb6-b1f3-7315f8ba3693,NBE,Banking,5,2026-02-05,تمام . وشكرا,Positive
78ba4f19-8beb-4c91-a43b-5602ba8b4923,NBE,Banking,5,2026-02-05,ممتازة,Positive
e5148a9a-18ae-4e47-9ed1-9427391ac0d7,NBE,Banking,5,2026-02-05,التطبيق رائع جدا صراحة بس بعد آخر تحديث مش بيشتغل ايه السبب ارجو المراجعة,Positive
c32a26c8-e136-4f2b-a758-897cdc225b8e,NBE,Banking,1,2026-02-05,التطبيق بقي تقيل قوى بعد التحديثات الأخيرة ارجو سرعه حل هذه المشكلة,Negative
2ba3f97c-c4d8-47bb-9a81-f871b29df394,NBE,Banking,5,2026-02-05,ممتاز,Positive
e6135ca8-6d45-4aff-af36-759bb2b487d9,NBE,Banking,1,2026-02-05,بعد أن نزلت التحديث أصبح لا يعمل لماذا,Negative
1d3a3ffb-2513-4e8a-b5c5-f8d88f5d3a38,NBE,Banking,1,2026-02-05,البرنامج بعد التحديث الاخير يظهر خلفية البنك الاهلي ثم يخرج,Negative
4d27392d-528d-42c7-9930-3fac7e593c05,NBE,Banking,1,2026-02-05,لا يعمل بعد التحديث الاخير,Negative
78dc4279-bd75-482e-99cd-243dd80bcf2a,NBE,Banking,5,2026-02-05,جيد,Positive
4cd5e972-7a62-478a-913a-e387c1b182b0,NBE,Banking,5,2026-02-05,ممتاز,Positive
adb9fafe-fc4c-4564-aca0-43d8ce188c8e,NBE,Banking,1,2026-02-05,بعد تحميل البرنامج لايستجيب كل لما ادوس عليه يفتح ويقفل,Negative
7df08fb9-6b64-4303-b919-086f128ab2b5,NBE,Banking,1,2026-02-05,التحديث الجديد لا يعمل ❌,Negative
b68cb331-7134-410e-8262-24e4dfdbbc5a,NBE,Banking,5,2026-02-04,عيب حزب تطبيق الكتابه صغيره جدا ولا بيراعوا اوبر السن,Positive
4e27ceb2-a106-40eb-a299-ccdea7564ac3,NBE,Banking,1,2026-02-04,البرنامج لا يعمل يوجد مشكله في برنامج الأهلى نت نرجو الإصلاح,Negative
c31cd4a9-aadf-4549-bf08-ac9db498121d,NBE,Banking,5,2026-02-04,تمام,Positive
de262f8c-7b54-4e86-9583-1dcd00c1a52b,NBE,Banking,1,2026-02-04,التطبيق لا يعمل,Negative
deaa1fa6-0824-426d-bb90-601ece04c74c,NBE,Banking,2,2026-02-04,التحديث الجديد مش بيشتغل خالص بيجيلى خلفية اشعار البنك الاهلى وبعدبن يقفل ومش عارفه المشكله فبن ياريت تحلوها,Negative
dd2a85d0-26fe-4ed7-bd2c-5aa5fe8107f3,NBE,Banking,1,2026-02-04,لا يعمل,Negative
ef7758ec-4303-4ce6-a245-187197acc88c,NBE,Banking,2,2026-02-04,التطبيق غير مفعل رغم تحديث الباسورد.,Negative
517a97e2-e6ec-4ef7-abb2-f26c68c2bfda,NBE,Banking,5,2026-02-04,جميل جدآ,Positive
a9019f9e-958e-4f16-bdd6-dcba30e430f4,NBE,Banking,3,2026-02-04,معطل الان....كثير الاعطال,Neutral
41a18ece-291e-4a68-a45b-41b80194e7ce,NBE,Banking,1,2026-02-04,التطبيق بعد التحديث الاخير لا يعمل,Negative
d2a37227-ea42-469d-b235-0b9255d19e21,NBE,Banking,5,2026-02-04,تمام,Positive
3852334f-be4d-44ff-bb72-dcc1577a8dba,NBE,Banking,1,2026-02-04,التطبيق سئ ولا يعمل ودائم الإغلاق,Negative
01c510fe-dedf-486b-bf5e-8bb66360d907,NBE,Banking,1,2026-02-04,كحال معظم المستخدمين بعد التحديث الإجباري لم يعد يعمل فهل هذا منطق مقبول!,Negative
14bc4198-ee76-49fc-8cde-03266ba83e21,NBE,Banking,5,2026-02-04,ممتاز وسهل التعامل ونرجو تطوير التقسيط من خلال التطبيق لبطاقة المشتريات,Positive
c82f35ef-7aef-4afb-ae70-ce8abd44e8f8,NBE,Banking,5,2026-02-03,good,Positive
bfc44be2-316c-44f1-9ad1-a439cb743401,NBE,Banking,5,2026-02-03,ممتاز,Positive
1bbbe28f-7568-40ab-90a6-4a0898fc3bc7,NBE,Banking,5,2026-02-03,رائع,Positive
1868da3c-414d-46f8-bcda-7d3b89558a0b,NBE,Banking,5,2026-02-03,ممتاذ,Positive
761719f1-4151-4a5f-844d-df049cd9b783,NBE,Banking,2,2026-02-03,بعد التحديث مش بيفتح,Negative
6ff6b319-2092-4540-bf20-464e4d5ab090,NBE,Banking,1,2026-02-03,التطبيق لايعمل بعد التحديث,Negative
416960dc-ade8-47d2-b166-5b86969f163f,NBE,Banking,1,2026-02-03,زباله زباله بعد التحديث الاخير البرنامج وقف ومش شغاله,Negative
29725b18-625e-4932-acc5-f0e97ad95cfd,NBE,Banking,5,2026-02-03,شهر فبراير ٢٠٢٦ التطبيق لا يعمل!!!!,Positive
d5ba88bf-887e-491d-b438-6100e8353688,NBE,Banking,1,2026-02-03,التطبيق لا يعمل بعد آخر تحديث,Negative
103effd9-62ef-4e08-a79e-0ab48630dcb6,NBE,Banking,1,2026-02-03,التطبيق لا يعمل بعد التحديث رغم مسح التطبيق القديم وفتح الجديد ممكن حل المشكلة فورا وشكرا,Negative
3484ce97-b18a-4128-aff8-fc3a881172ae,NBE,Banking,1,2026-02-03,بعد التحديث لا يعمل ما الحل؟,Negative
7e14aac5-05ab-4a7e-8a8a-7ab14d7c11de,NBE,Banking,2,2026-02-03,يتعذر فتح التطبيق عقب آخر تحديث ... الرجاء الإفادة للاهمية,Negative
16ee99b7-d3b8-4cbc-9823-2c1e6e13ee4b,NBE,Banking,1,2026-02-03,مش معقول بنك كبير بحجم البنك الاهلي ويكون التطبيق الخاص بالبنك سيء للدرجه دي . التطبيق مابيفتحش خالص . حذفته ونزلته تاني وبرده مابيفتحش . لازم تشفوا حل للمشكله دي,Negative
bcc19092-34ec-4676-832a-d5c008f521be,NBE,Banking,1,2026-02-03,مش مدعوم,Negative
aa4bbfb7-4d63-4518-8502-68ad128fcf19,NBE,Banking,5,2026-02-03,التطبيق مش عارف ادخل عليه كل ما ابتدى يخرج قبل حتى ما اكتب اى حاجه اعمل اه,Positive
eb6373a4-60b8-4fd0-9b20-1a3c45d6a025,NBE,Banking,1,2026-02-03,لا يعمل,Negative
0434286d-cb10-4525-94ab-10f7a1ba2506,NBE,Banking,3,2026-02-03,التطبيق توقف فجأة وأصبح لايعمل .,Neutral
0095c119-db2e-492c-8e59-422b8b8bad13,NBE,Banking,5,2026-02-03,بسيط وسهل وآمن بأذن الله,Positive
6b729b7a-08b4-4e5e-aeb4-2aebf7503e63,NBE,Banking,1,2026-02-03,التطبيق مش بيفتح. هل في حد من البنك بيتابع التعليقات لأنها كلها تتحدث عن مشكله في إستخدام التطبيق.,Negative
f602f427-468b-4f1e-9bbd-e7dae8a95a9d,NBE,Banking,1,2026-02-03,التطبيق متوقف بعد التحديث لماذا ارجو الافاده,Negative
025d7ebb-7744-4c8c-a6df-836d4384fc2e,NBE,Banking,5,2026-02-03,التطبيق لا يعمل بعد التحديث,Positive
e8cf96e5-5bb2-4a05-b35f-95687dbf3088,NBE,Banking,5,2026-02-02,😍😍,Positive
5a919f21-4548-47e3-b71e-7b93ff2a3a8c,NBE,Banking,4,2026-02-02,اول ما حملتوا اشتغل كويس وبعض كده وقف,Positive
be1dc9dc-35ad-4bf1-ac02-beb0f48fd85d,NBE,Banking,5,2026-02-02,تمام,Positive
3a0946dd-11fa-459e-b167-a938002bfb85,NBE,Banking,1,2026-02-02,بعد التحديث الاخير التطبيق لا يعمل,Negative
33e29dd3-a32f-4319-ab41-59d5c089e7af,NBE,Banking,1,2026-02-02,التطبيق مش شغال بعد التحديث الاخير,Negative
f06aec8a-fedc-4958-9571-833dc33dd349,NBE,Banking,5,2026-02-02,جيد,Positive
c9fec87b-0b08-406b-8dca-472d6724a72b,NBE,Banking,1,2026-02-02,ولا نجمة واحدة حتى .... تحديث سئ جدااا فوق الوصف حتى بيانات الشهادات غير موجود اى تفاصيل عنها .... رجاء اعادة ماكان عليه التطبيق من قبل... وكفاية تحديثات تلخبط,Negative
0e25499b-95ff-4678-9a88-fb16ce9625f4,NBE,Banking,1,2026-02-02,التطبيق بيقف مش شغال,Negative
298afa3f-8e53-4fff-8f8e-e00d57417d0a,NBE,Banking,5,2026-02-02,التطبيق مش شغال وتم حذفه وتنزيله عدة مرات ولا يعمل ايه السبب وكيف الحل,Positive
78748147-591a-474c-a0b0-6e5403cc926a,NBE,Banking,1,2026-02-02,سئ جدا جدا بعد اخرتحديث لا يعمل دا مبيفتحش اصلا ارجو الحل,Negative
97c20312-17b8-4692-8b28-f3a85dfd7bde,NBE,Banking,5,2026-02-02,ممتاز حقيقي,Positive
189ca51f-bd59-4a63-98a9-682a086779a8,NBE,Banking,3,2026-02-02,تطبيق سيئ جدا 👎,Neutral
d6d349e4-0d80-47f9-a7b6-ce76a25778a5,NBE,Banking,1,2026-02-02,التطبيق كان شغال وبعد التحديث مش عايز يفتح بيكتب التطبيق يستمر فى التوقف برجاء حل المشكله مع العلم مسحته ونزلته تانى ومازالت المشكله موجوده,Negative
b4d54d1e-a9b0-478b-a06c-e81d04b90290,NBE,Banking,1,2026-02-02,لا يعمل,Negative
ab64df33-e696-4649-9f11-bb6c3b6133a2,NBE,Banking,1,2026-02-02,لايعمل,Negative
4d649144-c55c-44ae-bb64-72356adf67b6,NBE,Banking,5,2026-02-02,تطبيق قمة الروعة شكرا البنك الأهلي 🌷,Positive
c5b59c50-bb28-4f2c-81c7-231ed2505525,NBE,Banking,1,2026-02-02,التحديث الجديد لخدمة الاهلي نت لا يعمل مطلقا .. كان شغال ع التحديث القديم تمام ولكن التحديث الجديد وقفه تماما مش بيفتح خالص .. نرجو سرعة حل المشكلة,Negative
2181d58c-f7a1-4fec-ad92-9e99dfe6b619,NBE,Banking,5,2026-02-02,اهم أبلكيشن بالنسبة لي nbe mobile ❤️,Positive
e1d501b0-d880-4b40-aa8d-11eef3e7c7fe,NBE,Banking,1,2026-02-02,البرنامج توقف ١فبراير ٢٦ برسالة ايرور جافا,Negative
33616949-0cd5-4024-b0f7-fd10d98a3371,NBE,Banking,5,2026-02-02,ممتاز,Positive
a870050f-0228-4355-a388-a269875b82b0,NBE,Banking,1,2026-02-02,"a very bad application, belongs to a very bad bank, you can call it: The Blind Application.",Negative
fc780af1-c341-4d00-bc1b-d79464fa1d83,NBE,Banking,1,2026-02-02,توقف مفاجئ للبرنامج و لا يعمل مسحت الملفات المؤقته و حذفت البرنامج و نزلته تاني و ايضا لا يعمل واجهة البرنامج تفتح ثم تغلق مرة واحدة crash التقييم بنجمة واحدة لحين الاصلاح,Negative
321bec52-c56d-4c29-a45c-4fb2fb699d2a,NBE,Banking,1,2026-02-02,البرنامج مش راضي يشتغل بيجيب لي خطا في البرنامج من الداخل من من بلاي,Negative
70f0f8f2-c731-4987-a5ab-a8f45a2f3676,NBE,Banking,1,2026-02-02,بمجرد التحديث الاخير توقف البرنامج عن العمل والفتح على الموبايل بتاعى الموبايل بتاعى اندرويد و كان برنامج الأهلى موبايل يعمل قبل التعديل الأخير على الموبايل أندرويد بكل سهوله وسلاسه ولكن بعد التعديل الاخير توقف تماماً عن العمل حرام عليكم والله اللى بيحصل ده كل مصالحنا توقفت عن العمل بسبب التعديل الاخير الذى لم يراعي شريحة كبيرة وكثيرة من حاملى الأندرويد والله حرام عليكم أرجو المراجعة وإعادة النظر في آخر تعديل,Negative
5d4e69f2-2607-482d-90f8-e4ece9855c37,NBE,Banking,1,2026-02-02,بعد التحديث الاخير اصبح سىء ولا يفتح معى ولا اعرف السبب ولا خدمه عملاء البنك يعرف السبب,Negative
359ff994-e8f3-4b2b-a592-84e55c95c73f,NBE,Banking,1,2026-02-02,التطبيق لا يعمل بعد التحديث الجديد,Negative
fb9c8501-9aed-4422-b60b-07bf8908c9b5,NBE,Banking,3,2026-02-02,رسائل التأكيد تأتى متأخره واحيانا لاتأتى خالص,Neutral
9664cf5e-1b15-47e2-9c51-95661eaf6058,NBE,Banking,1,2026-02-02,اتبعت رساله تحديث بعد محدثت من راضي يحمل اصلا من جوجال بلاي... ارجو حل المشكله الدنيا وقفه,Negative
d02a5029-bc42-4540-a6e1-39a0d5ff8c18,NBE,Banking,5,2026-02-02,تمام,Positive
05406b45-ca76-4b87-be90-c6a3a1b1f3d1,NBE,Banking,1,2026-02-02,البرنامج فى مشكله مش بيفتح ارجو تحديث التطبيق,Negative
2db2657f-52fc-4ded-8728-fb1cfe4a02d4,NBE,Banking,3,2026-02-01,لم استطع حجز موعد للذهاب للبنك لأن موقع الحجز لم يعمل,Neutral
bbfdb63f-1319-49be-9abf-0a1b57bd700e,NBE,Banking,5,2026-02-01,Good بعد آخر تحديث التطبيق مش بيفتح ليه,Positive
4c29e2db-7e83-44dc-9b31-98b12c164ee2,NBE,Banking,5,2026-02-01,ممتاز,Positive
a6d437e1-acb4-49b4-bbcd-2d096928c6a7,NBE,Banking,1,2026-02-01,التطبيق لايفتح يستمر في الاغلاق كلما حاولت فتحه ازلته واعدت تحميله اكثر من مره ولكن نفس المشكلة بصراحه تطبيق فاشل فاشل فاشل لايليق بحجم ومكانة البنك,Negative
1e8dcfde-a5f1-4b8d-b74a-4df8589aa875,NBE,Banking,4,2026-02-01,التطبيق بعد التحديث الاخير لا يعمل وتوقف عن العمل,Positive
535bd22b-6772-4a48-a852-fd66dd818c18,NBE,Banking,1,2026-02-01,التطبيق لا يعمل معطل,Negative
6338256c-7833-4739-867f-66e1589c8b2d,NBE,Banking,5,2026-02-01,ممتازه,Positive
444b5ba5-4758-47ef-a00d-798893f82057,NBE,Banking,5,2026-02-01,ممتاز ه,Positive
3b732cef-2a1b-4d64-8987-9540a7fca406,NBE,Banking,1,2026-02-01,البرنامج مش راضي يفتح خالص,Negative
2db460ab-d189-4a2d-ac29-aa81e002f95f,NBE,Banking,5,2026-02-01,حقا رائع وسهل استخدامه,Positive
ec22bac8-a08d-45ff-ab4c-27d045cdb307,NBE,Banking,1,2026-02-01,بعد التحديث وقف نهائي.. مش كفايا كان بطئ. انا مش فاهم ليه مطورين التطبيق مش بيهتمو باراء المستخدمين ِ.. ولا علي بالهم.. يا ريت يكون فيه شي من كسب الثقة لدي القائمين على التطبيق.. وبلاش من التحديث اللي خرب الدنيا داه,Negative
b701e6df-6860-4e05-8000-96b2d059b65e,NBE,Banking,1,2026-02-01,بعد التحديث البرنامج مش بيفتح سي جدا,Negative
e60c2cf6-f252-402c-b5d4-5a2f91b6820e,NBE,Banking,5,2026-02-01,جميل,Positive
4c180564-cdb0-4d0e-bb76-0612b8c1e199,NBE,Banking,1,2026-02-01,تجربه سيئه جدا,Negative
724bec0b-c27c-4657-82a0-9dd3ce295d72,NBE,Banking,5,2026-02-01,good,Positive
6369ec5b-6dea-44a4-ba68-ce0f55d6857a,NBE,Banking,5,2026-02-01,جميل,Positive
879203f0-4317-4ffa-99f0-7785a418328a,NBE,Banking,5,2026-02-01,تطبيق ممتاز جدا مش محتاج اى حاجة,Positive
d7555d87-c60e-486a-bcfc-5fe7f1a696d9,NBE,Banking,5,2026-02-01,ممتاز,Positive
2b688094-ae23-4051-ac21-19376d45d710,NBE,Banking,1,2026-02-01,مش راضي يفتح,Negative
df0e58f7-f36b-4e3f-99f5-917b6e2a6617,NBE,Banking,5,2026-02-01,جيد,Positive
c581a7d0-e856-490e-b311-6fe2396ccfb9,NBE,Banking,5,2026-02-01,التطبيق بعد التحديث لايعمل,Positive
ed0dc0b3-8439-4675-9fe3-43c3bf8af7d8,NBE,Banking,1,2026-02-01,بعد التحديث الاخير لا يعمل,Negative
f1d60635-eb79-47aa-ba65-e3107673b0a0,NBE,Banking,5,2026-02-01,ممتاز..و سهل و مريح..ينقصه أذون الخزانة و الاعتراض على حساب البطاقات.,Positive
ff7c4147-1aac-42ca-9981-156570a75dff,NBE,Banking,1,2026-02-01,حاجه منتهي السؤ,Negative
9b0ff7a3-0b34-4206-9bff-a083f01acbb8,NBE,Banking,5,2026-02-01,ok,Positive
a1f75b2c-aadd-45af-b5e4-1571212a40ad,NBE,Banking,4,2026-02-01,ممتاز,Positive
d36c2398-6bf4-4713-b9a6-4f896c4fbc82,NBE,Banking,1,2026-02-01,هو ليه بعد كل تحديث لازم الأبلكيشن ما يفتحش هو مافيش حد مسئول بيتابع,Negative
c8423cba-7948-418c-84d4-2d70a43929c0,NBE,Banking,5,2026-02-01,تجربة ممتازة,Positive
a13dea54-082f-4f5d-8fff-9207ef492e10,NBE,Banking,1,2026-02-01,التطبيق كان شغال كويس بس من حدثتو توقف ممكن اعرف ايه السبب,Negative
1722e8f2-f86e-4f1d-be86-81aa3433fe06,NBE,Banking,5,2026-02-01,برنامج رائع جدآ,Positive
2c918606-1031-447d-a733-110480f5a381,NBE,Banking,5,2026-02-01,ممتاز,Positive
bc992085-35d0-4d50-abc6-4946f04d80d7,NBE,Banking,5,2026-02-01,ممتازة,Positive
e642490c-a725-47e0-80f7-7e56303c85f1,NBE,Banking,5,2026-02-01,تطبيق ممتاز,Positive
5725c9cc-f826-47b7-8553-e907b8573041,NBE,Banking,5,2026-02-01,جيد جدا,Positive
7aaa6d4f-998c-421d-90a3-c8cd520b3e79,NBE,Banking,5,2026-01-31,تجربة ممتازة الاهلي نت والتعامل سهل وسريع وشكرا,Positive
cae08fa2-96e7-46ea-8cd5-44a669c314f5,NBE,Banking,5,2026-01-31,جيد,Positive
b7b89e34-ab87-4c8f-8e83-0eba42d300f0,NBE,Banking,3,2026-01-31,جيد,Neutral
864972d1-6ed9-4c67-9178-353e9ebcc037,NBE,Banking,1,2026-01-31,مش ليه بعد التحديث مش عايز يفتح بردول,Negative
ba2a01fb-a554-443b-9bc0-b3365a35fdd8,NBE,Banking,5,2026-01-31,تمام,Positive
408a0bcf-013a-4211-bc0b-73bed480d144,NBE,Banking,5,2026-01-31,جميل جدا جدا,Positive
1bbaef86-c0fe-4cfd-bae3-2d0a46a9423a,NBE,Banking,5,2026-01-31,جيد جدا وأمن,Positive
e624db8f-8eeb-4512-a633-d4bb9ca92c50,NBE,Banking,5,2026-01-31,ممتازة,Positive
1173d86f-6429-4002-b754-95b7e5b2f8ac,NBE,Banking,1,2026-01-31,بعد التحديث الأخير لا يفتح,Negative
06b0368e-369b-45d7-ba13-ad7fd96b2c19,NBE,Banking,4,2026-01-31,مريح جدا بس ساعات بيعلق وما يرضاش يفتح,Positive
a040b2ff-c072-4c5f-b6a2-de8c60236f01,NBE,Banking,4,2026-01-31,تطبيق موثوق,Positive
f77ab00c-41b1-4404-af78-e17fd4a275ba,NBE,Banking,1,2026-01-31,التطبيق بعد التحديث لا يعمل رجاء الافادة,Negative
4a8a3064-b281-4ad6-b021-c3f1e45191a7,NBE,Banking,3,2026-01-31,التطبيق بعد اخر تحديث بتاريخ ٢٩/١/٢٠٢٦ لا يعمل مع العلم ان أندرويد ٩,Neutral
e48c24b7-6533-4ca4-8bc5-ae46a5859328,NBE,Banking,2,2026-01-31,التطبيق بعد أخر تحديث لا يعمل نهائيا .. ياريت نعرف ايه الأسباب,Negative
67c4dd80-c226-4add-a254-1d94747d5b68,NBE,Banking,5,2026-01-31,ممتاز,Positive
65fae433-bc19-4534-99d7-52a5fef1355c,NBE,Banking,1,2026-01-31,التطبيق بعد التحديث الجديد لا يعمل؟,Negative
1d0f3d61-a726-4ddb-9759-2056fa9fd7ef,NBE,Banking,5,2026-01-31,ممتاز جدا جدا,Positive
758cd933-7d60-43cf-8a65-02d3d59bc427,NBE,Banking,1,2026-01-31,ممتاذ,Negative
5bf2e770-6589-481e-ade6-d79d1c193703,NBE,Banking,1,2026-01-31,التطبيق مش شغال بعد التحديث الاخير,Negative
0c57dfef-7d33-4250-8723-b31a294978d2,NBE,Banking,5,2026-01-31,ممتاز,Positive
52a24e91-64ab-47ac-95f4-15593edc43cf,NBE,Banking,1,2026-01-31,التطبيق بعد التحديث مش عاوز يفتح نهائيا ياريت حل المشكلة,Negative
e0d80594-8adf-4472-ac0d-6be20e7f7dbe,NBE,Banking,5,2026-01-31,رائعه,Positive
f1db2b93-0bd8-46d8-92ca-a757cdcd7ef7,NBE,Banking,5,2026-01-31,خدمة ممتازة,Positive
bfbc554e-cb39-4451-a417-4a088e54c55f,NBE,Banking,1,2026-01-31,الابليكيشن من ساعه اخر تحديث مش شغال ايه الحل,Negative
75716b5d-a0d4-40f1-b104-fbff1716aea7,NBE,Banking,5,2026-01-31,كويس,Positive
7aab9d79-4298-4d3b-b8b4-d7a132072fc1,NBE,Banking,4,2026-01-31,مريح بيخلص الدنيا كأنك قاعد في البنك,Positive
8f2ab052-8012-48ae-a9d8-48565a9f0c61,NBE,Banking,5,2026-01-31,ممتاز,Positive
03ee447a-de24-4ae7-a848-ed9105e8154d,NBE,Banking,5,2026-01-31,بعد تحديث امس 29 / 1 / 2026 التطبيق مش شغال,Positive
95e3330c-79f5-4b5b-9d59-113ad9588fbb,NBE,Banking,1,2026-01-31,التطبيق بعد التحديث لا يعمل مثل عدمه طلب التحديث عند الفتح قمت بالتحديث فذهب البرنامج لخبر كان,Negative
8e6df0c1-aceb-4cf5-b87e-001ceb5d8178,NBE,Banking,1,2026-01-31,التطبيق لايفتح عندى مطلقا,Negative
ced06c47-6ba5-4e01-ac6a-d2e28c79a789,NBE,Banking,1,2026-01-31,التطبيق مش شغال بعد التحديث,Negative
6f2b2f81-4ba5-466e-a6a7-fa3c9787d1a8,NBE,Banking,5,2026-01-31,البرنامج بعد ما التحديث مش شغال خالص وبتظهر على الشاشه خلفيه البنك الاهلى ومش بيفتح ارجو التحديث ولو القديم حتى وشكرا,Positive
61bf3c24-8db9-4ebb-b868-6ee98a5d2621,NBE,Banking,1,2026-01-31,كل ماافتح التطبيق لا يستجيب,Negative
41a7e265-37f3-4405-8ac4-2fff8a0213f4,NBE,Banking,1,2026-01-31,التطبيق لا يعمل اليوم كل ما افتحه يقفل تاني فنفس اللحظه ارجو العمل على حل المشكله,Negative
20146e9f-ff8a-44e6-91e8-62c2c2dbe7eb,NBE,Banking,5,2026-01-31,good,Positive
610c905e-6231-4ad8-98b2-621e770ca6e5,NBE,Banking,1,2026-01-31,مش الابليكيش اللى سئ لكن البنك نفسه,Negative
28c5d851-1ec0-4d30-ab53-213e696fc804,NBE,Banking,1,2026-01-31,تطبيق سئ جدا ومش بيفتح بسهوله التطبيق القديم افضل منه كتير بس مش شغال واضطريت احذفه زى التعليمات مابتقول اشتغل شويه كويس وحاليا لايعمل تتفتح اللوجو فقط والشاشة تختفى,Negative
bc732bc6-e583-4114-8179-9383ef14f74b,NBE,Banking,5,2026-01-31,برنامج رائع,Positive
b158faed-96cc-422e-8684-ee981e1891ea,NBE,Banking,1,2026-01-31,التطبيق بطيئ جدا ودائما يخصم من الرصيد وقريبا سأغلق حسابي تماما وأبحث عن بنك آخر لا يخصم هذا الكم من النقود.,Negative
168a32de-87cf-4fd6-bb88-883c78742946,NBE,Banking,3,2026-01-30,لاباس بة,Neutral
08ed6c96-bb10-40a0-852c-3ab2b4a3cb10,NBE,Banking,5,2026-01-30,رائع,Positive
2f72e59f-9596-4ed7-b2d4-5de7494defff,NBE,Banking,1,2026-01-30,بعد التحديث الأخير التطبيق لا يستجيب,Negative
dc021d4a-dcd7-4ae9-a16c-8dbd38d4ea33,NBE,Banking,2,2026-01-30,برنامج عقيم,Negative
c48bfc08-0a52-43d6-9640-fe745a40ebdc,NBE,Banking,2,2026-01-30,للاسف البرنامج متوقف ما الحل,Negative
cc1fe135-9130-4542-a9db-cde19d4488d6,NBE,Banking,5,2026-01-30,تطبيق منجز,Positive
92695095-c60b-43b8-9d35-516a341f0c08,NBE,Banking,1,2026-01-30,التحديث الاخير لا يعمل,Negative
d1cb45b2-d026-47b3-bac5-597712e76a74,NBE,Banking,5,2026-01-30,تطبيق سهل و لذيذ في التعامل,Positive
d2c4140c-eca7-4989-9855-cf86d2d7ad30,NBE,Banking,1,2026-01-30,التطبيق يحتاج بعض التطويرات والتحديثات لأنه ثقيل وبطئ جدا جدا,Negative
ad69af24-a415-44df-9b69-a423e40c55c0,NBE,Banking,1,2026-01-30,بعد التحديث الأخير البرنامج أصبح لا يعمل يفتح ويغلق مباشرة,Negative
a59e77b1-a41b-46e8-b457-62a596b730c1,NBE,Banking,1,2026-01-30,سى جدا بعد التحديث الأخير لا يعمل,Negative
8ea0dc81-a87a-445f-8851-dd56d0806e2c,NBE,Banking,1,2026-01-30,التحديث الاخير سئ جدا وبطئ في التحميل,Negative
85635a5f-46d1-4039-b8e3-2ea2429fd109,NBE,Banking,5,2026-01-30,ممتاز وامان,Positive
e6ae2df7-adca-4447-b34b-cf070b8d5d69,NBE,Banking,5,2026-01-30,جيده,Positive
cdc73d02-83e0-4241-a691-46f6f58288ff,NBE,Banking,5,2026-01-30,ممتاز جدا جدا,Positive
52ec483e-1247-4d4b-aa1a-09075491c5cf,NBE,Banking,5,2026-01-30,رائع,Positive
92ed0c9e-92e9-401f-96c8-61f44a68a449,NBE,Banking,5,2026-01-30,ممتازه,Positive
197a255d-088b-4b92-a854-02d1a13c94d6,NBE,Banking,1,2026-01-30,كان كويس جدا وبعد التحديث لا يعمل للأسف,Negative
838699c1-d40b-4e05-a1c9-453694cfae95,NBE,Banking,5,2026-01-30,سهل وبسيط ودقيق,Positive
57960894-a4a9-4d36-92d3-abdb78072327,NBE,Banking,1,2026-01-30,بعد التحديس الجديد لا يفتح نهائيا,Negative
a8f5beb5-5b1f-422c-83b3-a285b50a6669,NBE,Banking,5,2026-01-30,جيده جدا,Positive
14e0a834-61cc-42ae-90a9-716fb05a0838,NBE,Banking,5,2026-01-30,حسنا,Positive
a468b6cb-b846-46dd-adfd-012369b41853,NBE,Banking,1,2026-01-30,بعد التحديث لا يعمل,Negative
ab51672c-32aa-4d7b-aaa2-c8c0218d13bb,NBE,Banking,5,2026-01-30,برنامج ممتاز مرحبا,Positive
8558d644-4272-4368-a8ca-9139338edffd,NBE,Banking,5,2026-01-30,ممتازه,Positive
5815bc94-e917-43e0-9e95-37430c0eea94,NBE,Banking,5,2026-01-30,اللي عنده مشكله في فتح البرنامج امسحو البرنامج ونزلو تاني هيشتغل علي طول,Positive
ab867814-7fad-4e80-92a7-62dd94ff3372,NBE,Banking,1,2026-01-30,بطئ تطبيق بنك مصر افضل,Negative
3f2e7c7d-99ec-40aa-a967-047e257579be,NBE,Banking,1,2026-01-30,البرنامج سئ جدا في توضيح الكروت و المبلغ المستحق ، محتاج يتغير كله يبقي زي انستاباي مثلا، و كل شوية يوقف صلاحية الباسورد بمزاجه.. تخلف بجد,Negative
18237562-6f01-4020-8543-8f732b315179,NBE,Banking,5,2026-01-30,التطبيق بعد التحديث الاخير اصبح يعمل جيدا الان,Positive
ad75db20-4ea3-4656-8111-31bb272fc820,NBE,Banking,5,2026-01-30,شكرا لفريق البنك الاهلي علي التعاون تم تحديث البرنامج تاني واشتغل الحمدلله شكرا علي الاهتمام,Positive
f6d841b5-92f0-48e3-aa28-1baecb61952d,NBE,Banking,5,2026-01-30,prefect,Positive
477eccf6-e5e4-4e27-b267-7c6bd176849d,NBE,Banking,5,2026-01-30,ممتاز,Positive
ccddc2c0-ce20-4aa0-9c09-7c9ce0083aa0,NBE,Banking,1,2026-01-30,ليس جيد,Negative
0364b29f-5925-44e3-901f-1492657d8401,NBE,Banking,1,2026-01-30,التطبيق لايعمل منذ اليوم وتم ازالته وتثبته وتحديثه ولاويزال متوقفا,Negative
04b1cd7c-53e1-4274-9832-bdcd3b9c4446,NBE,Banking,5,2026-01-30,ممتاز جدا,Positive
cb2eed30-9258-4f1d-92b5-ec5691010113,NBE,Banking,1,2026-01-30,بعد التحديث الجديد البرنامج توقف ومش شغال ياريت نحل الموضوع,Negative
dd862326-a33a-4408-93cd-0cb047f3fa52,NBE,Banking,5,2026-01-30,ممتاز,Positive
9978f241-1e21-4a9c-b22f-ed2f844a3375,NBE,Banking,1,2026-01-30,تطبيق بعد التحديث الاخير لأ يعمل,Negative
d00e608d-bf3c-482e-9826-6d3ed952c42c,NBE,Banking,5,2026-01-30,هايل واستخدامه سهل وبسيط وواضح جدا,Positive
81e4c6f6-2961-4ecb-b0bc-d67a7b630c96,NBE,Banking,5,2026-01-30,التطبيق يعمل الأن بعد التحديث الأخير,Positive
1275d539-0956-4cb3-9471-021ddb1332cf,NBE,Banking,4,2026-01-30,"انا قمت بتحديث البرنامج عن طريق جوجل بلاي الان بتاريخ 2026/1/30 الساعه 2,30صباحا و البرنامج مش بيفتح ارجو اصلاح هذا الأمر بعد اذنكم شكرا لكم تم اصلاح البرنامج",Positive
ecc87634-6f53-4ebd-a7e5-b5c59b590fa9,NBE,Banking,1,2026-01-30,طلب تحديث الإصدار و بعدها لم يفتح التطبيق خالص رغم كان شغال حلو قبل التحديث,Negative
7c62684f-e04c-46e8-b03a-836bcdfa8d86,NBE,Banking,2,2026-01-30,مشاكله بقت كتير و التحديث الاخير مبيفتحش خالص .. بصراحة تهريج,Negative
b0e2f5cb-9465-4dbc-a2a8-3ce8fffcf486,NBE,Banking,5,2026-01-30,ممتاز,Positive
7f0e0884-724e-4cf4-a5f3-1e9fd542f138,NBE,Banking,5,2026-01-30,ممتازه وسهله,Positive
b53114e2-1b94-4a26-9de4-8b58149917d8,NBE,Banking,5,2026-01-30,جيد جدا,Positive
7377dd3f-8411-484b-9d56-3eb738d0ba82,NBE,Banking,5,2026-01-30,تطبيق جيد جدا,Positive
5cd931fa-eec2-48f1-9a71-b8fe233bb516,NBE,Banking,5,2026-01-30,good,Positive
1b403908-1308-4d1c-8b55-3341638ff265,NBE,Banking,5,2026-01-30,شكرا علي الاستجابة السريعة بتحديث التطبيق وحل المشكلة,Positive
1227accb-26ae-44b9-8954-e58098dc50ca,NBE,Banking,1,2026-01-30,لا يعمل بعد التحديث الأخير للأسف الشديد,Negative
60decf94-c930-49d9-9083-23aa51b72791,NBE,Banking,1,2026-01-30,فى مشكله بالتطبيق,Negative
c11a2902-003d-4b34-9184-0afc0e247792,NBE,Banking,5,2026-01-30,جيد,Positive
a6905039-5a6c-49b9-8dd8-d093a508fdbe,NBE,Banking,4,2026-01-30,بعد التحديث الجديد لا يفتح ولا يسمح بالدخول,Positive
cfc60ecb-324f-43f5-bbb7-d4238233942b,NBE,Banking,1,2026-01-30,بعد التحديث الأخير التطبيق لا يعمل برجاء الإفادة وشكرا,Negative
bbb23a73-1ab5-464f-919a-8d11f352f429,NBE,Banking,1,2026-01-30,البرنامج توقف تماما بعد التحديث الاخير الرجاء حل المشكله بسرعه للاهميه,Negative
88cdcd73-41e6-4d69-9a5f-5436d78887ec,NBE,Banking,1,2026-01-30,طلب التحديث وبعد التحديث التطبيق مش بيفتح نهائي,Negative
43b551c2-722f-4175-aa41-fc5886e0ae37,NBE,Banking,1,2026-01-30,سئ جدآ ولا يعمل بعد التحديث الاخير ايه الحل ؟؟؟,Negative
4f63631e-0128-47e4-b2b7-8da658c2a516,NBE,Banking,1,2026-01-30,البرنامج اتحدث ومش عايز يشتغل عندي ولا عند اي حد اعرفه 😡,Negative
1353458f-517a-4cfb-9092-376773d95b62,NBE,Banking,5,2026-01-30,جيد جداً,Positive
dfa56e82-45c3-413e-9c9c-4154e89da892,NBE,Banking,1,2026-01-30,تطبيق سيئ ومبيفتحش,Negative
dbeb8579-cc3c-447d-af1c-d610f785cde2,NBE,Banking,1,2026-01-30,التطبيق متوقف بعد اخر تحديث,Negative
c4be1677-e151-4546-ada3-70032c2c6eaf,NBE,Banking,1,2026-01-30,فى مشكله فى البرنامج بعد التحديث الجديد ياريت يتم الحل لانه مش بيفتح,Negative
9cb02994-74fb-4547-a2ca-6debbaadfc53,NBE,Banking,1,2026-01-30,التطبيق توقف بعد تحديثه ٣٠يناير ٢٠٢٦,Negative
777f4195-de48-4a28-a137-e243ff194dcd,NBE,Banking,1,2026-01-30,بعد التحديث لايعمل لماذا ؟,Negative
1bb3cc79-8cab-4bd2-afa4-f11855724219,NBE,Banking,3,2026-01-30,التطبيب متوقف مرة واحدة مش راضى يشتغل وتم التثبيت من جديد وبرضو مش شغاب,Neutral
f8ecbd57-f105-45fb-a3f1-7c94f29ecd7e,NBE,Banking,5,2026-01-30,مممتازة,Positive
dd595878-03e9-4444-915e-920e70d6466b,NBE,Banking,1,2026-01-30,زفت من اخر تحديث هو مفيش احساس خالص,Negative
6be51932-aede-48c7-afe5-ed51609a7728,NBE,Banking,1,2026-01-30,مش شغال,Negative
f01f7336-c489-416b-b893-e352be84451c,NBE,Banking,1,2026-01-30,لا يفتح بعد هذا التحديث,Negative
27eee26f-51b1-407c-877c-06af2545d04a,NBE,Banking,5,2026-01-30,التطبيق مش عايز يشتغل بعد التحديث وحذفته ونزلته تاني مش شغال,Positive
f6e28b04-4722-43d4-a541-2adc86f01d91,NBE,Banking,1,2026-01-30,التطبيق متوقف عن العمل نرجوا توضيح السبب,Negative
125dfcd6-ce60-40d1-992c-ff37f55752f3,NBE,Banking,5,2026-01-30,تجربة رائعة,Positive
fa2a6951-15c8-403e-ad08-ce2cb1d0fb2b,NBE,Banking,5,2026-01-29,ممتاز,Positive
806069ff-1489-4bcc-8e69-b7ad3fe40917,NBE,Banking,4,2026-01-29,بعد التحديث الجديد البرنامج لا بعمل نهائيا مسحته ونزلته من جديد يفتح ويقفل ميكملش ثواني جهاز الترا ٢٣,Positive
acbb9d50-d88f-40ee-aee3-e66188de89ce,NBE,Banking,3,2026-01-29,التحديث الاخير لا يفتح,Neutral
4532b888-f794-4939-a045-6df0cc8bdb28,NBE,Banking,1,2026-01-29,الابلكشن لا يعمل بعد التحديث,Negative
fb556c00-e20e-4390-ae28-cb22a0fd1057,NBE,Banking,5,2026-01-29,ممتاز,Positive
97a35e9f-f90d-4f10-bd13-57173a61815c,NBE,Banking,5,2026-01-29,سئ جداااا وتقيل,Positive
1fdc29c3-faca-4ec5-b6af-f45a8a52b177,NBE,Banking,1,2026-01-29,بعد التحديث الاخير عند الفتح يخرج ولم يفتح,Negative
2273fc0b-31af-450f-8a27-5347f62b7a6e,NBE,Banking,1,2026-01-29,التطبيق لا يتم فتحه بيظهر ان فى خطأ فى التطبيق,Negative
3d48c467-9507-46b3-9c1a-d43998009ed1,NBE,Banking,1,2026-01-29,بعد التحديث مبقاش يشتغل اصلا ..,Negative
95ae3ff1-fc7c-4667-9660-e8266b36554c,NBE,Banking,1,2026-01-29,التطبيق بعد التحديث لا يعمل وعملت إلغاء تثبيت وتثبيت وبرضو لا يعمل,Negative
00a15bd4-c241-4c91-b7c6-367cf1c6eeae,NBE,Banking,1,2026-01-29,بعد التحديث مبقاش بيفتح,Negative
f3ca7259-6a25-46f8-9a6a-249ccfc7b5bf,NBE,Banking,1,2026-01-29,التطبيق بعد التحديث بتاريخ ٢٩ يناير ٢٠٢٦ لا يعمل نهائي ولا أستطيع إستخدامه برجاء إصلاح التحديث,Negative
5d8de3b0-573b-46d2-ad22-e8229ea1949a,NBE,Banking,5,2026-01-29,التطبيق لا يستجيب,Positive
2edc0b7e-23ca-44c8-9b7f-c68de14c948a,NBE,Banking,1,2026-01-29,التطبيق لايعمل بعد التحديث ولا يمكن الدخول الى الحساب كان يعمل فى السابق بشكل جيد للاسف تحديث سئ جدا,Negative
f96888da-86c8-4089-b3be-b29b55538a54,NBE,Banking,1,2026-01-29,بعد التحديث الاخير لا يفتح و يخرج سريعا رجاءا سرعة اصلاح الخلل,Negative
de3fc493-8e33-4cf2-870e-ec1f2b35e986,NBE,Banking,5,2026-01-29,- التطبيق الجديد ٥/٨/٢٠٢٢ أكثر من رائع..يحتوي على خدمات جديدة كليا منها التحكم الكامل في كل الحسابات حتى بطاقات المدفوعة مقدما وتعديل كل بيانات الحسابات و وإجراء تحويلات لحسابات أخرى في نفس البنك ومدفوعات الفواتير و الكثير من الخدمات التي تغنيك عن الذهاب للبنك فعليا. بنك متكامل في تطبيق واحد. - التحديث الجديد لا يعمل نهائيا بتاريخ ٢٩/١/٢٠٢٦,Positive
4c19a7cf-ec6e-4cfd-8cb1-eab2ccd4e019,NBE,Banking,1,2026-01-29,بعد التحدبث لا يعمل,Negative
86beff30-7bce-4b2c-9195-307b878e2f2a,NBE,Banking,1,2026-01-29,التطبيق بعد التحديث مش بيفتح,Negative
8315cef6-7256-4dde-9b2f-d84cb8c618e1,NBE,Banking,2,2026-01-29,بعد التحديث اليوم لا يفتح,Negative
595705cd-6788-495d-9d42-e971f605a439,NBE,Banking,3,2026-01-29,آخر تحديث بتاريخ 26/1/ 2026 لا يفتح نهائيا,Neutral
20db3d26-aa2a-4f53-bc6a-15180a0e110b,NBE,Banking,1,2026-01-29,البرنامج مبقاش عايز يفتح ومسحته ونزلته تاني ومع ذلك مش بيفتح,Negative
39d8ccbf-628d-44bc-85a8-5626d1cf7f43,NBE,Banking,1,2026-01-29,بعد التحديث الاخير البرنامج وقف نهائي,Negative
181dccc9-498d-4569-acb3-42559c9aab6c,NBE,Banking,1,2026-01-29,لا يعمل بعد تحديث 29 1. 2026,Negative
a59688bf-0cf4-4524-b9f8-11115a4d9acc,NBE,Banking,1,2026-01-29,التطبيق لا يفتح مطلقا,Negative
d8cfe6f9-fe6c-4d4d-b6eb-078f4bb3d1ad,NBE,Banking,1,2026-01-29,الابلكيشن بدائى جدا ولا يظهر قيمه الاموال داخل الصناديق ولم يحدث اى تعامل ولا يظهر التعامل بعد يوم حتى لابد من تطوير مثل كرت فورى وابلكيشن فورى ممتاز ويعدلون فيه سريع جدا في نفس اللحظه اجد نتيجه التعامل,Negative
e4bb493e-73dc-4bc0-9423-6e2259845322,NBE,Banking,1,2026-01-29,البرامج ليه تقيل وبيفتح بصعوبه جدا جدا غير كل البرامج مش فاهم بصراحه,Negative
a53c0135-c89e-4820-852b-a02cf16e6f80,NBE,Banking,1,2026-01-29,تطبيق سئ جدا جدا جدا جدا لا يعمل نهائي صعوبة جدا في الفتح والتعامل,Negative
dec4b491-5b68-4b51-9759-422885b84e5d,NBE,Banking,5,2026-01-29,صل عالحبيب المحبوب سيدنا محمد رسول اللَّه,Positive
36f65f30-1c8f-4908-b3c3-f6b191e1fe33,NBE,Banking,1,2026-01-28,لا يعمل ...,Negative
8a353895-56e7-4b13-8152-cbf3f2c99555,NBE,Banking,5,2026-01-28,ممتاز,Positive
ad755f4e-db06-4ab8-874c-f9cf1cb517a0,NBE,Banking,1,2026-01-28,سئ وبطئ جدٱ في الفتح,Negative
8e8124b4-bb98-4ffb-b9f1-1fd9a207aefa,NBE,Banking,1,2026-01-28,التطبيق لم يفتح,Negative
0cc6cbe9-ed93-41d9-a6df-310ec575fe12,NBE,Banking,5,2026-01-28,ممتاز,Positive
c77c6078-739a-424b-bb98-f260b6012aaa,NBE,Banking,1,2026-01-27,البرنامج مش عايز يشتغل عندي,Negative
3e51ab46-7bfa-4674-8c9d-b86d575f09ec,NBE,Banking,1,2026-01-27,التطبيق لا يعمل,Negative
2e7fcefd-ce21-4841-9531-8346fc9784d7,NBE,Banking,1,2026-01-26,برنامج فاشل فاشل فاشل,Negative
4157d1c2-d9bf-4d3a-8915-b2f82be4ab03,NBE,Banking,1,2026-01-26,التطبيق اصبح لا يعمل,Negative
72a99cad-09df-4019-b9e1-c85eb7df6de3,NBE,Banking,5,2026-01-26,جيد,Positive
2802a8cd-99fa-4b5d-a6ea-bb56fac9c5fc,NBE,Banking,1,2026-01-26,لا يعمل,Negative
1f70374b-ca42-4ba0-8435-4e172f7a43d3,NBE,Banking,1,2026-01-26,التطبيق بقى سئ للغايه و رمز التحقيق لم يصل الا بعد قفل التطبيق وبقت حاجه مستفزه جدا وغيرت الجهاز ومزالة المشكله قائمه ووبعدين وانا شغاله عليه وفتحاه يقفل ويقلى انتهت الجلسه وانا لسه بشوف حاجات تانية وكل شويه يقفل وافضل افتحه ويقفل ده اسمه تهريج وتضيع للوقت,Negative
8a347321-d0b7-4999-9dd4-3637672ac168,NBE,Banking,4,2026-01-25,زين,Positive
5b3b7d95-6145-4fef-aa0a-b3b0af6f46a1,NBE,Banking,2,2026-01-25,شكرا لكم,Negative
934b0840-13a9-4e85-9c0c-89308915f83b,NBE,Banking,1,2026-01-25,نظام سئ في التعامل,Negative
e1aa33e0-8fb2-454e-84e2-93d5c4661667,NBE,Banking,3,2026-01-25,هو ليه التطبيق مش عايز يفتح ، كان الأول يفتح واوقات لأ ، دلوقتي مبيفتحش ياريت حل للمشكله دي ويتعمل تحديث للبرنامج علشان يكون اسرع شويه,Neutral
a990ee55-9412-4c5f-a6c5-71d7477a3602,NBE,Banking,1,2026-01-25,اخر تحديث سئ جدآ جدآ,Negative
08b35731-1c51-4ae5-a175-9b172729c588,NBE,Banking,5,2026-01-24,جيده,Positive
6038b52f-fe96-4b26-aea1-9fc902bccbf7,NBE,Banking,1,2026-01-24,أسوأ تطبيق اشتغلت عليه تطبيق بطئ جداً بياخد وقت طويل في الفتح التسجيل بتاعه صعب لدرجة لاتوصف دا غير إنو بيستهلك كمية نت علشان يفتح بصراحة تجربة سيئة ومنصحشي حد يستعملو,Negative
f9cbecad-25af-4a6d-b9c2-b70b9b435f2d,NBE,Banking,5,2026-01-24,جيد,Positive
d4fa9d1b-6bfa-4f6f-b49b-d9de8faa70aa,NBE,Banking,1,2026-01-24,برنامج عقيم عمله واحد سئيل,Negative
3467fed9-8fb9-48c4-bd31-bacf85bad017,NBE,Banking,5,2026-01-22,تطبيق رائع,Positive
be0983d3-c308-4fe7-8ad6-2da7e0a96c95,NBE,Banking,1,2026-01-22,بطى جدا وكل شوية امسحه وانزله تاني بسبب انه بيهنج,Negative
d70d3af2-5e3d-4b74-9055-62576191693e,NBE,Banking,1,2026-01-21,حملته كذا مره مش بيفتح,Negative
ce7e74b6-3400-45e0-87a2-ee47c9eca6c6,NBE,Banking,5,2026-01-21,ممتاز,Positive
0c47f7b9-36bf-4bcc-92ce-fef213f84af4,NBE,Banking,5,2026-01-21,ممتاز جداً في الاستخدام الصحيح,Positive
b8958296-e094-4718-aa28-96e415765a90,NBE,Banking,5,2026-01-21,ممتاز,Positive
fd0893ac-ea06-4475-b8e1-b53ae3108e1f,NBE,Banking,1,2026-01-21,التطبيق لا يعمل مش عاوز يفتح,Negative
f12b8f53-d6cd-4bda-9177-05967be1850b,NBE,Banking,1,2026-01-21,تطبيق سيئ جدا ، ولا ادرى مافائدته طالما لا يفتح,Negative
3ecb6f09-f1fd-4c38-bf24-cdff8ecbe027,NBE,Banking,5,2026-01-20,كويس جدااااا بساعدني جدا,Positive
72594178-6c25-4dfc-a573-723d42421045,NBE,Banking,1,2026-01-20,التطبيق لا يعمل حالياً,Negative
0d353992-0e81-4f76-bdd9-d0b2e22cff32,NBE,Banking,3,2026-01-20,التطبيق لا يفتح وتم تحويل مبلغ عليه ولا اعلم ماذا افعل,Neutral
4a695684-75e5-4c72-8707-0f384717fbf3,NBE,Banking,1,2026-01-20,ضعيف جدا ف التسجيل او اي خدمه اخري,Negative
0c3de619-7e81-468e-abd7-29c465fd4227,NBE,Banking,1,2026-01-19,طبعا مضطر انى احط نجمه علشان اعرف اكتب تجربتى الاولى مع التطبيق . انا لسه منزله النهارده وللأسف بيقولى الكود غلط مع ان الكود من رساله البنك نفسه وقلت نسيت الكود علشان يبعتولى واحد تانى وطلب منى الرقم القومى وبرضه قالى الرقم القومى غير مرتبط بالحساب . يا خساره مشوارى للبنك والانتظار ساعتين وخصم من الباقه على الفاضى .بصراحه تطبيق زباله وخدمه فى منتهى السوء وحاليا مش راضى يفتح نهائى,Negative
304b8ffe-a579-4e20-a59f-e8d4765d8f33,NBE,Banking,1,2026-01-19,تجربة تعامل وخدمة عملاء سيئة جدا جدا جدا اسؤ مما يكون 🤬,Negative
61c9d92e-6547-4cba-887c-09fc4a9f1456,NBE,Banking,1,2026-01-19,٣ أيام عشان تحجز موعد دي معجزة. صراحة تطبيق لا يليق مع حجم البنك,Negative
491f1074-5c7b-411c-a5ca-7f2897c2f904,NBE,Banking,1,2026-01-19,لو سمحتم بعد التحديث مش شغال أصلان ارجو منكم حل المشكله,Negative
7fef5491-95fb-4167-877c-7442f7cbad8d,NBE,Banking,2,2026-01-19,التطبيق مؤخرا بقي سئ جدا بياخد وقت طويل للفتح وساعات كتير مش بيفتح ارجو التحسين,Negative
1db44788-fe3a-435e-b7d6-a4c98ce79d2e,NBE,Banking,1,2026-01-18,التطبيق كان يعمل معي فجا توقف مع العلم كل شي صح باسورد وكل شي لماذا توقف,Negative
00d3b7e9-8422-4d91-8649-fd62ef66b6a7,NBE,Banking,1,2026-01-18,اسوأ خدمه وبطئ شديد فى مراجعة الشكاوي,Negative
c91662e3-2127-4616-b6b2-13e177ec5219,NBE,Banking,1,2026-01-17,التطبيق لا يعمل برجاء حل تلك المشكلة,Negative
5fa994b7-b184-4170-9480-85c5745142aa,NBE,Banking,4,2026-01-16,ممتاز بس يشتغل على موبيلات الهواوي,Positive
5f304745-351f-427c-969a-b9574f2d807f,NBE,Banking,1,2026-01-16,مواجهه صعبه جدا يا ريت يغيروا الواجهه مواجهه سهله,Negative
caf4598c-e6b5-4b10-89e2-92d1d5e304a2,NBE,Banking,5,2026-01-16,ممتاز,Positive
b04dd906-64e8-489a-889c-82b9583e32ff,NBE,Banking,1,2026-01-15,التطبيق لا يعمل ارجو الإفادة,Negative
0176735e-7725-4659-b93d-f4864bfbda38,NBE,Banking,1,2026-01-15,التطبيق مش شغال بقاله يومين غير أنه دايما مش بيحدث عمليات الدفع والحساب معظم الوقت مش بيبقى مكتوب مظبوط عليه عاوز تطوير خدمه غير مرضيه,Negative
2a6c6e6a-582d-4dc5-8388-df6f3b956855,NBE,Banking,2,2026-01-15,تطبيق عقيم,Negative
314934b8-66ef-41f1-a66e-299d4f6036fc,NBE,Banking,1,2026-01-15,تطبيق سيء جدا بعد التحديث الاخير ما بيفتحش واقف على خلفيه البنك الاهلي للاسف بنك كبير زي البنك الاهلي مش عارف يطور تطبيق,Negative
5ebf1479-5b76-4c5d-a109-e197c0c78368,NBE,Banking,5,2026-01-15,من فضلكم التطبيق من شهر تقريبا لا يفتح نهائي ممكن حل المشكلة ضروري جدا او عرفوني اعمل ايه ؟,Positive
e4c699a1-a08b-4125-8545-249293beb93f,NBE,Banking,1,2026-01-15,الطبيق لا يعمل اكثر من ثلاث شهور فى دولة الاردن,Negative
876670b5-bd6f-479f-861f-69d908a0f2c3,NBE,Banking,5,2026-01-14,ممتاز,Positive
1d0b1bef-4220-4ec4-8fac-3cca802129dd,NBE,Banking,1,2026-01-14,التطبيق لايفتح ولايعمل برجاء حل المشكله.. حذفته واعدت تحميله وأن ظل على حاله التوقف فسوف يتم حذفه نهاءيا مالم تقوموا بتدارك العطل واصلاحه,Negative
907dd9b3-594e-4847-ac22-d2a59c8061e5,NBE,Banking,1,2026-01-14,سئ لابعد الحدود بنك زباله خدمة اون لاين عقيمه التطبيق متوقف علي شاشه الخلفيه,Negative
7cd12e17-e026-4c03-8bfb-1543ad0dd2a8,NBE,Banking,5,2026-01-13,الرجاء تفعيل ميزة تحويل لجميع انواع المحافظ الالكتروني من داخل البرنامج زى فودافون كاش وكل المحافظ,Positive
2b3ad816-9d43-4428-ab82-afc34b6a8198,NBE,Banking,1,2026-01-13,البرنامج ثقيل جدا ممكن يقعد ١٢ ساعة بيحمل فى اثناء الدخول للحساب بيتأخر يوم كامل ما يفتح من اول السنة 2026 ومكن ATMالشاشات ممتلة بلاتربة وفارغة من النقود باستمرار واشتكت الناس كثيرا ولا يتم فعل شئ,Negative
93346807-ee35-4ca6-a066-c1aa59a5f404,NBE,Banking,2,2026-01-13,التطبيق لايعمل حاليا منذ فتره ومش عارفه ليه منذ التحديث الجديد وهو كده ارجو الافاده,Negative
985c5209-7cef-4ca1-af24-0c966c93a482,NBE,Banking,5,2026-01-13,ممتاز,Positive
e259fe3a-d1f4-4670-a4da-562a85ed5065,NBE,Banking,1,2026-01-13,البرنامج فيه مشاكل ومش بيفتح بيجيب رساله وبيقفل تاني,Negative
9f475f39-8d90-471a-9949-eba1326ad924,NBE,Banking,1,2026-01-12,ليه مش ضايفين تحويل لتطبيق ثاندر ع طول للاسف تطبيق فاشل بيعلق وميفتحش م الابلكيشن لازم ادخل ع جوجل بلاي وادوس فتح من هنا علشان يفتح ده غير انه بياخد وقت كتير جدا علشان يفتح,Negative
03925ac0-40c9-401f-90a8-d690b492f7d2,NBE,Banking,5,2026-01-12,ابلكيشن ممتاز جدا جدا جدا,Positive
c35c7b50-901e-4780-885b-6daf1b160187,NBE,Banking,5,2026-01-12,تطبيق رائع ومميز ومفيد وفعال جدا,Positive
40e1b44a-aa15-4ae2-8cb5-36d6e1119602,NBE,Banking,1,2026-01-12,التطبيق لا يعمل,Negative
c2006336-43cb-45f9-9702-fef1fa2c2632,NBE,Banking,5,2026-01-11,ممتاز,Positive
a79bd301-5d0b-4b27-9fab-190e7f471581,NBE,Banking,1,2026-01-11,برنامج قسما بالله ما يستاهل ربع نجمه تقيل و ممل و بعد معاناه بيفتح يعني بيطلع الروح علشان يفتح الرجاء كل الرجاء من القائمين عليه تحديثه او الغاءه,Negative
4eca6481-e5b9-4d39-9b2b-0bb6805e242c,NBE,Banking,1,2026-01-11,البرنامج كان شغال كويس جدا ومريح وكنت بعتمتد عليه فى كل تعاملاتى البنكية .. بس للأسف الشديد بعد التحديث الأخير بقى وحش جدا وتقيل وكل شوية يظهر أنه فيه مشكلة ف البرنامج ابسط المعاملات مش عارفه اعملها عليه من كتر المشاكل رجعوا الاصدار اللى قبل ده لانه فاشل حرفياً,Negative
5a62ceff-00eb-4c53-b743-4e3f216e4ddf,NBE,Banking,5,2026-01-11,ياريت يبقا في الاهلي شات يحل المشاكل من غير من روح زي شات شركه وي كده,Positive
fb321e34-7193-423d-9b8f-004a1d84129b,NBE,Banking,1,2026-01-11,التطبيق بعد التحديث الاخير بطئ جدا,Negative
54ef91db-9ee9-43c2-ba3a-236e15bc3f61,NBE,Banking,1,2026-01-10,أسواء تطبيق لغوا تفعيل الاهلي مع نفسهم لوحدهم وغير ا رقم موبايلي للقديم مع نفسهم ويقولك ده عطل لازم تروح البنك اللي يلعنكم هو مين اللي شغال عند مين كل شوية السيستم يخرف وأنا اتمرمط وأروح البنك وخدمة العملاء محولجية كل اللي عليهم يقولك روح البنك وخلاص، دي أعطال عندكم انا مالي؟,Negative
b2ea52cc-fb45-4c5b-8d68-4b89dca909ae,NBE,Banking,1,2026-01-10,التطبيق اصبح سيء للغايه انا الان بالخارج واريد ان اجري معاملات ماليه واريد ان اعرف رصيد الداخل والخارج انا الان لا اعرف شيء ولا استطيع انا اعرف حتى رصيدي برجاء حل المشكله وتحديث التطبيق وتهيئته تهيئه جيده,Negative
6a303608-93b3-4113-8910-9db0a3d2cfb2,NBE,Banking,5,2026-01-09,رائع,Positive
b47f8efb-7766-47df-909f-c96b3b071a07,NBE,Banking,5,2026-01-09,التطبيق رائع,Positive
72955a2a-1e71-4b8d-ae9e-f96786f5974c,NBE,Banking,5,2026-01-09,جميل,Positive
21930d73-59a7-4ad1-ab60-f2fe06998409,NBE,Banking,1,2026-01-08,لم يتم التثبيت عندي,Negative
41ab8df0-6f8b-40f3-a922-333adefce26e,NBE,Banking,1,2026-01-08,مش راضى يفتح,Negative
f9f4a2e2-b58b-4abf-a227-bb6e0c86a976,NBE,Banking,1,2026-01-08,متعب في عمل الحساب وغير فعال,Negative
2e7de910-f481-4f7d-a8ee-07a0b4e67a59,NBE,Banking,5,2026-01-07,ممتاز,Positive
8172447f-2189-466d-86e0-85c7fe67403d,NBE,Banking,1,2026-01-07,لا يعمل التطبيق من يوم تحميله علي الفون,Negative
fc063284-e774-4a2a-85d3-243ab52dfbca,NBE,Banking,2,2026-01-07,التطبيق لا يعمل يتوقف عند شاشة البدء 😡,Negative
14fef093-8a1a-447b-83d6-9fcf3b8801fe,NBE,Banking,5,2026-01-06,ممتازة,Positive
57da353f-796d-414c-b1da-7203a9375f02,NBE,Banking,5,2026-01-04,ممتاز جداً جداً جداً جداً,Positive
70a95d17-86a3-4740-9f40-d4addcb8ace7,NBE,Banking,5,2026-01-04,التطبيق في مشكله بيفتح على الواي فاي بس ما بيفتحش على الداتا بتاعه الموبايل والمشكله ملاحظنها عند ناس كثير يا ريت يتم التحديث,Positive
08ee6a1a-ddfb-4624-b53e-30d867722123,NBE,Banking,5,2026-01-04,ممتاز,Positive
f5ec93ac-1921-4694-ae52-211e263c1a3a,NBE,Banking,5,2026-01-04,روعهههه ويستحق خمس نجوم,Positive
6485ae93-b90f-4686-9761-901c4b5d43cf,NBE,Banking,1,2026-01-04,التطبيق لا يعمل منذ اسبوع ولا اعرف لماذا اغلق,Negative
56c4c63c-06d4-4bdc-a16a-373e75cd06cb,NBE,Banking,1,2026-01-04,التطبيق وقف مره واحده ومش بيفتح حاولت كذا مره متوقف على خليفه البنك الاهلى فقط حذفت التطبيق وعملت تنزيله تانى بردو مش بيفتح فما الحل,Negative
86365ecc-1db9-435f-bc46-d9ad6b4cb1c8,NBE,Banking,5,2026-01-04,تطبيق يقرف,Positive
08d57d77-3bb7-4fa1-9685-c57d1d49e566,NBE,Banking,2,2026-01-03,برجاء شوفوا لنا حل بعد التحديث الجديد التطبيق لا يستجيب للفتح فضل وليس امر,Negative
04742fa0-5d3e-4c8e-8e98-74bb8936ef36,NBE,Banking,5,2026-01-02,روعة ❤,Positive
b3083d2c-f860-44a2-9463-a07a74498b2a,NBE,Banking,1,2026-01-02,في مشاكل في البنك,Negative
a56b0504-3788-4539-98fc-6445548a83b4,NBE,Banking,1,2026-01-02,سيء جدا,Negative
c8e2be99-c5ac-4bf0-ac37-19912b688081,NBE,Banking,1,2026-01-01,مش شغال,Negative
f6643d63-6e39-4225-a694-24da0b914552,NBE,Banking,5,2026-01-01,good,Positive
42aa917c-924f-4779-a49c-e5aa19f01bba,NBE,Banking,1,2026-01-01,شوفوا بنوك السعوديه و التطبيقات تبعهم زي تطبيق بنك الراجحي او بنك الانماء هتعرفوا ان تطبيق البنك الأهلي المصري من ايام العصر الحجري فعلاً منظومه رقمية متأخرة جدا ل بنوك مصر حاجة تجيب الضغط وعملين خمسين تطبيق كاش و توكن و استف لي دا كله كلهم دول ممكن يبقوا في تطبيق واحد أنا مش عارف مين الشركات العيانه اللي بتصمم الشغل دا و تنفيذ بالعبث دا شغل ميقدمكش دا يضيع سمعتك,Negative
835943f2-a048-46d5-9d31-b8af3e4ad62b,NBE,Banking,1,2026-01-01,فى مشكله التطبيق مش عايز يفتح خالص,Negative
9cb1b182-a927-438c-8938-e8724bd69844,NBE,Banking,5,2025-12-31,جميل,Positive
d49bc933-c9f8-4a17-8f7e-694006a04124,NBE,Banking,5,2025-12-31,جيد,Positive
880ad9d3-b34e-442a-a7eb-7c932854879d,NBE,Banking,1,2025-12-31,لا يعمل,Negative
a25e54ff-72ad-4e1d-a6ef-fe110f1d79b3,NBE,Banking,5,2025-12-30,رجاء اضافه نقاط البنك الأهلي الي الابليكشن,Positive
20838804-9e6c-43a5-9b0e-fb71cac68f18,NBE,Banking,5,2025-12-30,تمام,Positive
e821c80b-b6c2-43db-bf85-5fcf62788a6b,NBE,Banking,5,2025-12-30,تطبيق ممتاز,Positive
51549175-d6e9-45f2-af43-9df731fe611b,NBE,Banking,1,2025-12-29,تطبيق سئ لا يستحق النجمه,Negative
6836e343-176e-4934-9830-8da261d38503,NBE,Banking,1,2025-12-29,برنامج سئ جداااا,Negative
ca5a0fdd-aae6-4f2c-adc7-94e5a497edb1,NBE,Banking,1,2025-12-29,التطبيق توقف تماما ايه السبب ارجو الحل,Negative
55361e2f-ddc8-4c02-ad6c-73f209f72bc7,NBE,Banking,1,2025-12-29,ياريت يكون فى داخل الابلكيشن شحن كارت الغاز والكهرباء . مثل مدفوعات فورى وانستاباي وسهل وغيرها بها شحن كروت المدفوعات عن طريق الهاتف مثل ماهو موجود داخل الابلكيشن من دفع الفواتير لكل الخدمات ياريت يكون متاح داخل الابلكيشن شحن كروت الغاز والكهرباء بالهاتف ده هيكون ممتاز ومريح جدا خاصة كبار السن وشكرا لخدمات البنك الاهلى.,Negative
d9f1e5ef-e5d9-4a04-8bed-ff76d9ab2589,NBE,Banking,5,2025-12-29,ممتاز شكرا جزيلا لكم,Positive
4bdeba5d-dfc4-42a9-b4bd-58a23e01a521,NBE,Banking,5,2025-12-29,ممتاز,Positive
689f98f6-4005-4d63-a448-9d3fdbf8cf2d,NBE,Banking,5,2025-12-29,البرنامج كويس لكن يحتاج لبعض الإضافات كإضافة مستفيد,Positive
a450d6f2-010d-46e8-950e-8079273e122c,NBE,Banking,4,2025-12-29,كله تمام,Positive
cd5934ea-d621-499e-9130-68ac28df4fb2,NBE,Banking,1,2025-12-28,التطبيق كان شغال معايا كويس وفجأه وقف معرفش اي السبب مسحته كام مره ونزلته مايفتح هو محفظه الاهلي كاش ولحد لان لا يعمل ياريت الحل السريع رغم الموبيل s24 وانا مقيم في الاردن,Negative
61bcff6a-de6b-461e-a802-906fc1beae91,NBE,Banking,5,2025-12-28,خدمه ممتازه,Positive
ba172d09-06f7-450f-8519-28a3962456e8,NBE,Banking,5,2025-12-28,ممتاز,Positive
978058a4-94c8-49c3-864d-99ec03e1331b,NBE,Banking,1,2025-12-27,التطبيق بقاله اكتر من 3 شهور لا يفتح معي بالمره ولا يستجيب نهائيا مع العلم انني قمت بحذفه وتنزيله مره جديده. وما زالت المشكله موجوده. ارجو الرد والافاده,Negative
75d70993-2cd6-4867-ae7d-12e72e53c9d0,NBE,Banking,5,2025-12-27,ممتاز,Positive
96c779ee-3f85-4c9f-9778-6275674267e0,NBE,Banking,5,2025-12-27,ممتااااااااااز بس يحتاج بعض الإضافات مثل تحديث رقم الموبايل والبيانات الشخصية خاصة للعاملين بالخارج,Positive
bf4c2777-0509-40cb-89ea-7480788c1476,NBE,Banking,1,2025-12-26,very very very bad,Negative
126ab35b-6b2e-43cf-9e55-4fec4d420f83,NBE,Banking,5,2025-12-26,امتياز احسن بنك في مصر شكرا لكم,Positive
fcf61e44-b0db-433c-b6c7-09c74a5e6c60,NBE,Banking,5,2025-12-26,Good,Positive
6f243769-a954-4ef7-a6b6-0a0dc449d8b2,NBE,Banking,1,2025-12-25,برنامج سئ جدا من اسوء البرامج,Negative
dc414d86-2ae1-4732-af4d-6b58d7bc9907,NBE,Banking,2,2025-12-24,بطئ جدا,Negative
36a96545-9525-44c9-88b9-75003714474a,NBE,Banking,5,2025-12-24,تمام...,Positive
ff7402dd-8cf9-4314-83f5-660b40507e4f,NBE,Banking,1,2025-12-23,تطبيق سئ وكلمات غير مفهومة مثل هدم و كلمة مو ايه الغباء دة,Negative
540ecd25-e45c-4d6c-85f4-53d4d5614498,NBE,Banking,1,2025-12-23,فاشل اقسم بالله فاشل في طريقه تسجيل الدخول سجلت وعملت له بصمه وكتبت الباسورد بعد كده رفض البصمه و الباسورد غلط روحت الفرع وعملت الابلكيشن تاني ونفس الوضع بعدها رفض بصمه وباسور غلط برضوا بطلب باسورد بدخل الكود ورقم البطاقة بيقولي في خطأ لازم اروح البنك روحت عملتوا وبرضوا بعد فترة بيحصل نفس الا حصل فااااشل,Negative
683ebfb5-885d-4f4c-b07b-58c9f93d37cb,NBE,Banking,1,2025-12-22,بنك سيئ وخدمه زفت,Negative
2fd82e67-8d26-4f93-985c-b07ed08bc0b3,NBE,Banking,1,2025-12-22,نسيت باسورد,Negative
132774d2-308e-4435-81a4-ea59bde408f4,NBE,Banking,1,2025-12-21,عند تفعيل المصادقة بالبصمة يرسل الكود للموبايل وادخلة لكن لاتظهر علامة موافقة لاستكمال الاجراء،برجاء الحل,Negative
55ba1036-8e42-40b6-a443-8105ef064507,NBE,Banking,1,2025-12-20,لا يعمل على سامسونج Flip 6 و تم إجراء محاولات عديدة مع البنك و توكيل سامسونج و لا فائدة.,Negative
c8f946d9-21a9-4951-b4cb-6451a1c517fc,NBE,Banking,5,2025-12-20,ممتازة,Positive
dc319038-920b-4e06-a14e-83bc8fa0b67c,NBE,Banking,1,2025-12-19,البرنامج مش عايز يفتح مسحته وحملته أكثر من مرة مفيش فايده ايه الحل,Negative
a66aeae6-c376-4990-b032-7d7ba0e6c8ff,NBE,Banking,1,2025-12-19,التطبيق كان شغال زي الفل التعديل الآخر مش راضي يشغل البرنامج خالص مسحتو 90 مره ولاغيت دلوقتي نفس القصه ارجو حل المشكله سريعا,Negative
8ae58778-70d4-4144-98ae-8461abc816d2,NBE,Banking,1,2025-12-18,برنامج سئ للغايه الرجاء تحديث,Negative
9288591d-bfd6-41b6-9d98-3cc5868a4c91,NBE,Banking,5,2025-12-18,good 👍,Positive
25771164-be32-4f83-bd3a-7e2ce97d35be,NBE,Banking,4,2025-12-17,رائع,Positive
bf122980-f544-4f7b-b8d2-686d0423bfe7,NBE,Banking,5,2025-12-17,كويس,Positive
a902ea49-db3f-47dc-9171-a914f3b0eb5d,NBE,Banking,5,2025-12-17,جميل جدا,Positive
5b59d056-6bd7-4871-993c-fece7f9bfbd5,NBE,Banking,1,2025-12-16,لسه مفتحش معايا لحد دلوقتي برنامج عقيم,Negative
ee5a557f-35f6-47a8-9dbe-f5552eb0c5b7,NBE,Banking,1,2025-12-16,سئ جدا,Negative
9ff6ffff-170d-40de-9105-997a6cd1cdb2,NBE,Banking,4,2025-12-16,تمام,Positive
db7e4129-9d10-4a52-a6aa-09761f1139e8,NBE,Banking,5,2025-12-16,برجاء التكرم توفير وضع Dark Mode فى اعدادات الابليكشن بالتحديث القادم ان شاء الله.,Positive
4aa0440f-6776-44d7-b239-d66f18d081aa,NBE,Banking,5,2025-12-15,معي جهاذ ردمي بس التطبيق مش شغال عليه,Positive
0a254d1e-0fca-4c21-b146-b1c54460c66b,NBE,Banking,3,2025-12-15,جيده,Neutral
adaebc52-a0e0-4194-a87d-c4bab2f44e95,NBE,Banking,1,2025-12-15,ازاي كل التعليقات ده ان التطبيق لايعمل جيدا ولا يرد اي مسؤل عن كل اراء العملاء,Negative
2e916165-7a26-49dc-8637-880be018e97e,NBE,Banking,5,2025-12-15,👍🏻,Positive
ab939fa4-107a-4a3c-8768-8f9fcd0a8708,NBE,Banking,5,2025-12-14,ممنازوجميل,Positive
fd508f7f-5d8a-4d11-82d1-b1ff80c0066c,NBE,Banking,5,2025-12-14,شكرا,Positive
61328ef7-b49c-43d3-8e1e-f9db1aab4a0f,NBE,Banking,5,2025-12-14,ممتاز,Positive
9a11ce7c-c996-4a25-8d8f-3534a3458a7a,NBE,Banking,2,2025-12-14,توجد مشكلة في شاشة تأكيد البصمة البيومترية في الموبايل سامسونج اس ٢٥ الترا حيث لا تظهر أيقونة الموافقة بعد إدخال ال otp code والشاشة لا تسمح بالسحب الى اعلى,Negative
b1f9ccab-aa8a-422a-8e65-235268b0d766,NBE,Banking,5,2025-12-14,موقع ممتاز شكرا,Positive
f599da96-3e20-4891-a460-7da35758276c,NBE,Banking,5,2025-12-14,خدمه عملاء متاح فى اى وقت كل الشكرا والتحية,Positive
14f80c80-1b8a-4a51-909c-505c9e8b8584,NBE,Banking,5,2025-12-13,ممتاز,Positive
0066ca7a-2f80-4cd2-9e3f-3e952bf782c3,NBE,Banking,1,2025-12-12,التطبيق تقيل جداً وبطي,Negative
eb721c34-9ff2-4b19-9425-3a81daf3d4a8,NBE,Banking,5,2025-12-12,تطبيق ممتاز,Positive
b64cc025-1d2e-4630-ab03-4f7051606cb0,NBE,Banking,1,2025-12-12,مشاكل تسجيل الدخول كثيرة فى هذا التطبيق,Negative
07b6841d-8f33-490f-841a-fd213d8ad1a3,NBE,Banking,1,2025-12-12,اسوء تطبيق بنك اتعمل دايما بيعلق ودايما مش بيشتغل وخدمة العملاء مبيعملوش حاجة غير هنحل المشكلة وبقالي شهرين مفيش حاجة بتتحل,Negative
07a26ba3-eaae-4a32-ac4b-b7a0a9aba0ac,NBE,Banking,5,2025-12-11,جميل جدا,Positive
c9e473fd-f834-4141-adbd-214e5991b191,NBE,Banking,1,2025-12-11,تطبيق مش بيفتح بسهولة الاول افضل,Negative
dcad0cfb-e6c2-4592-85ed-93489c79ffd5,NBE,Banking,5,2025-12-11,ممتاز,Positive
37a95476-fb6c-4814-a976-64710f3c3c70,NBE,Banking,5,2025-12-11,تحت التجربه,Positive
958229d9-29d6-4c68-acef-e61fc47586b2,NBE,Banking,5,2025-12-11,ممتاز جدا جدا جدا,Positive
8f5b3c84-420d-41ad-bbc7-e832165aa931,NBE,Banking,5,2025-12-11,ممتاز,Positive
692b06c9-12bc-4835-a187-81927b48049d,NBE,Banking,1,2025-12-11,بيغيب في الفتح جدا أحياناً,Negative
b87cc339-7ca4-454f-aff4-9def6e4f0a22,NBE,Banking,1,2025-12-10,بقالي مده مش عارف افتحه صراحه بقي تطبيق سيء وتقيل جدا ..ارجو الإفادة والحل,Negative
9dd95f24-9032-41bb-acd3-b763ad0e5ab4,NBE,Banking,1,2025-12-10,سيئ جدا و بطئ ياربت يشوفو حل,Negative
62472088-84dc-4136-b888-881a8fc74fdb,NBE,Banking,1,2025-12-10,تطبيق سىء بطيء و مبيفتحش غير بعد مده طويله جدا واوقات مبيفتحش نهائي وياريت يكون فيه تحويل من داخل البرنامج لحسابات اخري والتحويل للمحافظ,Negative
16c7605c-f471-462e-972a-2722ea11749d,NBE,Banking,1,2025-12-09,بطئ جدا واغلب الاوقات يرفض الفتح وبرنامج فعلا سئ جدا بالنسبه لبرامج البنوك التانيه,Negative
cea37db4-66af-41cf-99b8-b21d14b9d5a9,NBE,Banking,1,2025-12-09,التطبيق بقاله فترة كبيرة مش شغال وكل ما ادخل يقولي غلط في المحاوله برغم اني بكتب الباسورد والرقم صح ومش عارفه اعمل ايه وأنا خارج مصر ومحتاجة من عليه فلوس ضروري سئ جدااااااااا,Negative
5d3a262f-1114-47ae-82c8-1450bc2caa8b,NBE,Banking,1,2025-12-09,"كان شغال بحيث يقضي الغرض‼️ وبعدين بقاله كم يوم زي الزفت ما شاء الله👎 لا بيفتح إلا بعد كذا محاولة🤮 ولا لما بيفتح بلاقيه عمل تحديث على رصيد الحساب والمعاملات🤬 لدرجة أنه جايبلي آخر رصيد واخر معاملة من أسبوع وأنا عملت خلال الأسبوع ده معاملتين على الأقل😡 تطبيق معفن وبنك معفن والاسم ""أكبر بنك في مصر"" وزي ما بيقولوا على نفسهم ""بنك أهل مصر"" قال🙃",Negative
df9a762b-855e-4d46-b831-f15dc8df8a3d,NBE,Banking,2,2025-12-08,البرنامج غير مستجيب ولا يفتح مع جهاز أوبو أندرويد ١٤ أزلت البرنامج ونزلته عدة مرات لا فائدة هل هناك أي خلل في البرنامج,Negative
998c39a5-84ff-4c4a-8275-bbfc1e1c0829,NBE,Banking,1,2025-12-08,بيهنج كتير جدا و في مشكلة في التحميل,Negative
ac5c850c-3d62-411c-84df-72436fd3e8c1,NBE,Banking,5,2025-12-08,تطبيق فوق الممتاز,Positive
fa414d2f-2146-41b9-9daa-82847949862a,NBE,Banking,5,2025-12-08,ممتاز جدا,Positive
282b607f-b828-4e72-a8cb-f665c887dfd0,NBE,Banking,4,2025-12-08,معقول ماشي الحال ننصح به,Positive
44b720b0-9f44-4bcf-8841-f9422896ae51,NBE,Banking,1,2025-12-08,اسوء تجربة واسوء بنك,Negative
f149ec1b-8cca-4ef0-b7c8-cfbde346aa76,NBE,Banking,5,2025-12-08,تمام,Positive
aebd9bbc-ac1d-4166-b429-10beb5939fa1,NBE,Banking,1,2025-12-08,برنامج تعبان,Negative
ca17530a-777a-4d58-8bbf-5dbb7b2057f4,NBE,Banking,5,2025-12-08,جيد,Positive
a88f14fc-104a-4bc8-85b3-0f6faaf7319d,NBE,Banking,5,2025-12-08,ممتاز,Positive
6128bbe4-1497-43ac-8f0b-85b6f4ce9271,NBE,Banking,1,2025-12-08,برنامج بطيء وصعب جدا,Negative
e2a7ee7a-33ad-485d-8221-752892a23239,NBE,Banking,1,2025-12-07,التطبيق كان شغال ومره واحده توقف وقل ما ادخل كلمه السر يرفض وبعت رساله بتقول تم ايقاف اسم المستخدم والرجاء الاتصال بخدمة العملاء واكلمهم كذا مره ما يحلو لدرجة اني بفكر اقفل حسابي من البنك واشوف بنك تاني,Negative
6972dc81-5d63-4329-9d7e-8923682d839f,NBE,Banking,5,2025-12-07,مفيد جدا جدا,Positive
5e548008-68fe-4b20-b626-47b7204a015e,NBE,Banking,5,2025-12-07,ممتاز,Positive
8c835075-946f-4a90-9a08-6442f7a1e516,NBE,Banking,1,2025-12-07,لن اتمكن من حجز كارت ميزا زى ماقالى الفرع قالولي أحجز عن طريق الابلكيشن ولم اتمكن من الحجز عن طريق الابلكيشن ومسحت الابلكيشن,Negative
96d5f0a6-4d08-4615-a797-3e9e1eb2da31,NBE,Banking,1,2025-12-07,سيئ جدا اسوء تطبيق تقيل فى الفتح واوقات لا يعمل نهائيا,Negative
ad0adf6f-9155-4fe1-a043-ee1b106fe219,NBE,Banking,5,2025-12-07,فريدة,Positive
d0bca191-5c07-475c-8a5a-8488f0377c49,NBE,Banking,4,2025-12-06,التطبيق رائع جدا وسهل وسلس جدا ،ويؤدي معظم الخدمات دون الذهاب للبنك ،لكن التطبيق بطئ نوعا ما وثقيل في فتحه ، ويحتاج بعض التطوير . كذلك التطبيق برفض حجز موعد مسبق ، وكذلك لا يظهر الفروع القريبه ويطلب تفعيل الموقع الجغرافي رغم أنه مفعل ، نرجو منكم إصلاح هذه العيوب .,Positive
32a98ae9-4986-4bb1-809d-8fe1f5f66adc,NBE,Banking,5,2025-12-06,صناديق الاستثمار قبل التحديث كانت اسهل,Positive
e36db996-1665-4439-b13c-8f2715fbc4d3,NBE,Banking,1,2025-12-06,التطبيق ممتاز بس تعامل خدمه العملاء زباله,Negative
3d86f6e3-5ace-4676-9fcd-4245875e0c1f,NBE,Banking,3,2025-12-06,بطيئ.بعض.الشيئ,Neutral
acfbc72e-dead-4afe-870c-47e685303a0e,NBE,Banking,5,2025-12-05,ممتاز,Positive
1e592a80-7935-45ba-8efd-0d2b2b76ab3b,NBE,Banking,1,2025-12-05,البنك كله لا يستحق النجمه,Negative
7fedc99a-e32d-4da7-a4fe-89a14f620097,NBE,Banking,1,2025-12-05,توقف فجاء مش شغال مسحت وثبت بردو مش شغال,Negative
46347c7d-8d85-44c0-bd9d-6b33d01fc844,NBE,Banking,1,2025-12-04,للأسف التطبيق مش بيشتغل ومن شهور كان الأول كويس,Negative
f53b68ff-7474-4845-9458-691c3273a95a,NBE,Banking,1,2025-12-04,سئ جدا معقد الاستخدام,Negative
ec9ba1a4-894d-4be6-9165-33e7f14fe912,NBE,Banking,1,2025-12-03,تطبيق زي الزفت من ساعة ما نزلتة لا يعمل,Negative
db4b7ed3-c7c5-41a9-9513-1ad3817c1d83,NBE,Banking,5,2025-12-03,تطبيق جميل جدا ويسهل عليك حجات كتير,Positive
3badbc42-3acc-46cc-a54b-25db4ce7acd3,NBE,Banking,1,2025-12-03,ياريت تتعلموا من CIB يعني ايه خدمات بنكيه اونلاين وتشووفوا وسائل الأمان علي تطبيقاتهم مش عيب تتعلموا العيب أننا نفضل بتطبيق عقيم وكل حركة أو إجراء لازم نكلمكم فون او نروح الفرع للاسف مابقاش في وقت عندنا ضيعه عشان نجي لحد عندكم الحياة بقت صعبه اومال احنا شغال بالتطبيق ليه اونلاين خصوصا اللي بيسافر كتير خدماتكم سيئة جدا خدمة العملاء وكمان تطبيقات اونلاين ..,Negative
111f505d-f320-4a11-a73b-8144698e68e3,NBE,Banking,1,2025-12-03,هو انتو لما عملتو تغيير الايميل، جربتوها؟ عملتو اختبار ليها؟! مستوى لا يليق بتطييق بنك بصراحه,Negative
05280f8c-f7b3-494a-814c-d1515793448b,NBE,Banking,1,2025-12-02,تطبيق ثقيل جدا جدا فى الفتح 🔑 من بداية تجربتي,Negative
f1a3c805-58ba-46ec-9ee4-79e07a24baa1,NBE,Banking,5,2025-12-02,👍,Positive
93edf436-7ba2-4716-9930-e7244b676080,NBE,Banking,3,2025-12-02,الابلكيشن لا يعمل,Neutral
5a353e4e-a051-4648-b4a0-3ed631d9f6f4,NBE,Banking,4,2025-12-01,شكرًا,Positive
1474f7e7-8bbd-4bd3-a1cc-8290d63d7fca,NBE,Banking,1,2025-12-01,للاسف تطبيق سيئ لا يستجيب لاسم المستخدم ولا كلمة المرور مع انها صحيحة 😡😡😡,Negative
8c4e616e-a194-4c5a-990b-3270b9fd9038,NBE,Banking,5,2025-12-01,رائع,Positive
727d04a3-1a90-49cc-9a33-2ce9c833c8ee,NBE,Banking,1,2025-12-01,تطبيق أصبح سئ جداً لا يستحق حتى نجمة واحده,Negative
541a6d3c-dde0-450a-a687-edd6516d72b0,NBE,Banking,5,2025-12-01,ممتاز جدا جدا,Positive
bac5d57f-a05c-4c1b-a9d8-e925c8112df3,NBE,Banking,5,2025-12-01,واو,Positive
b72afc11-81a6-4072-98f6-d4eafcc7f86d,NBE,Banking,2,2025-12-01,غير جيد بيفتح بصعوبه كل مره,Negative
86b9007d-f1c1-44ed-818c-a47cd0b2c775,NBE,Banking,1,2025-12-01,تطبيق في عطل دائم ولا يعمل بشكل مستمر,Negative
5885ee36-5776-4d24-b35d-f37d389d4d58,NBE,Banking,2,2025-12-01,هو التطبيق فيه عطل اليوم,Negative
88d872ca-1c9c-4520-9951-7b4011fee896,NBE,Banking,1,2025-12-01,التطبيق كان يعمل و الان لا يعمل افتح التطبيق ثم تظهر واجهة البنك الأهلي و يقف بعد ذلك ولا يعمل,Negative
23670aee-571f-4adc-a883-7705ff42ed96,NBE,Banking,1,2025-12-01,تطبيق زباله جدآ جدآ جدآ,Negative
f06fb1dd-28c9-4648-9a3a-23d365da8ca3,NBE,Banking,1,2025-12-01,أصبح متخلف فعلا من مدة لا يظهر رصيد الحساب الحقيقي الحالي ولا المعاملات الأخيرة فهو مضلل فعلا وغير مفيد,Negative
ba737153-deef-4dfb-b2b9-c703d6a0998e,NBE,Banking,1,2025-12-01,تطبيق سيئ جدا,Negative
a80a13d2-dfb3-498d-afad-641e1d81b8e2,NBE,Banking,2,2025-11-29,التطبيق بطيء جدا,Negative
9a594196-ec93-482f-a456-664015e92e00,NBE,Banking,5,2025-11-29,ممتاز جدا,Positive
0328c1fb-c582-44ed-af02-da4cee1e5095,NBE,Banking,1,2025-11-29,التطبيق فجاة وقف ومش راضي يفتح بيقولي اتصل بمسئول البنك,Negative
95748775-793d-460f-ba3e-e0a0808a9eb9,NBE,Banking,1,2025-11-29,حاجه منتهي القرف بجد بيعلق وبيهنج وعلشان ادخل للحساب بيفضل يحمل كتير وف الاخر يقولي خطأ ومايفتحش,Negative
675e9566-35cb-4fa1-ad92-b377af7f2243,NBE,Banking,1,2025-11-29,لا يعمل,Negative
fd9fd170-6252-491e-baa3-54ed1f267777,NBE,Banking,1,2025-11-29,برنامج عقيم جدا لا يظهر عليه بعض البطاقات,Negative
9961bda3-12af-452c-a9ed-b46ca3dc0a67,NBE,Banking,1,2025-11-28,تطبيق سيئ جدا و بطيئ لا يليق بمستوي بنك كبير زي ده تطببق بنك مصر احسن منه بكتير و ممتاز للاسف,Negative
efa20a9b-4050-451c-95e8-699c31fa3e1e,NBE,Banking,5,2025-11-27,ان شاء اللة خير,Positive
a2bb7421-a580-4d5e-8c31-ac7399c1c542,NBE,Banking,5,2025-11-27,جيد جدا,Positive
37c55d19-415b-49a5-8905-9a2eeb7a49be,NBE,Banking,3,2025-11-26,التطبيق جيد ولاكن يحتاج لتطوير وليس عيب ان نستفيد من التطبيقات السعودية وخاصة بنك الراجحي. وكذلك الغاء تطبيق التوكن المستخدم لكلمة المرور عند التحويل وارسال كلمة المرور علي رقم المحمول الموثق لصاحب الحساب واقرب تطبيق لسهولة التحويل الانستاباي .,Neutral
b3d5e56d-5bd8-4c7f-8770-15b6062fd0e3,NBE,Banking,2,2025-11-26,السلام عليكم ورحمة الله وبركاته أنا متواجد بالأردن والتطبيق حاليا لا يعمل لدي وما بعرف شو المشكلة للعلم مش مشكلة نت بس اجي افتح التطبيق عطيني الشعار تبع البنك وباقي الشاشة ابيض بابيض وجربت من اكتر من تليفون انزل التطبيق مش فاتح بالمرة,Negative
04566e96-1218-4d61-aa71-7ce8d0f7a35c,NBE,Banking,2,2025-11-25,سيء جدا .. لا يفتح و يطالب بتغيير الباسورد ثم يخبرني بارسال otp و لا تصل مطلقا في كل المحاولات لمدة شهر باحاول فيه و ازلت تثبيته و يدثبته مرة اخري و نفس المشكلة ، غيرت الجهاز ما فيش فايدة ، خدمة الكترونية سيئة جدا,Negative
cb21d694-5589-459a-8135-611f6a24b732,NBE,Banking,5,2025-11-25,excellent,Positive
222d887b-c1d4-417f-bf92-22e966ea8602,NBE,Banking,5,2025-11-25,support,Positive
61174fcb-f642-44c2-8824-f06c666f7a77,NBE,Banking,1,2025-11-24,ايه الحساب مش بيفتح من اسبوع بفتح التطبيق يجبلي فون كاش طب انا مش مشتركة ولا هشترك الصفحة بتاعة رقم الدخول والباسورد مش بتظهر ولا عارفة بتفتح منين ياريت تصلحوه عشان بندفع اقساط الفيزا م التطبيق ومفيش طريقة تانية غيرها,Negative
f0827407-e3f8-4003-b757-21f03e7ee651,NBE,Banking,1,2025-11-23,تحربة سيئه جدا جدا جدا البرنامج بطيئ ف الفتح وكل شوية مشاكل ف تسجيل الدخول,Negative
26976b14-d2b8-4057-b0d9-6d6427514094,NBE,Banking,5,2025-11-23,شكرا على البرنامج,Positive
879c608d-6d79-4193-8bda-e9d6f6e5955c,NBE,Banking,1,2025-11-23,البرنامج مش شغل,Negative
a15bcfea-24e8-4690-be68-f9f4c994eec5,NBE,Banking,1,2025-11-23,التطبيق توقف تماما ولا يظهر غير شاشة بيضاء عند الفتح,Negative
973312da-93c1-434b-a97e-a791508bc84b,NBE,Banking,5,2025-11-23,ممتاز جدا,Positive
3be83570-4e91-419c-bead-ef759dcfb761,NBE,Banking,1,2025-11-23,تطبيق عقيم وممل ومعقد وكل شوية يهنق لازم تقفل وترجع تدخل تاني,Negative
99de47f9-b230-4428-be64-ab1c0971b815,NBE,Banking,5,2025-11-22,جيد جدا,Positive
8b97f743-8cb1-4874-a052-914ded6439ce,NBE,Banking,1,2025-11-22,تطبيق رخم وعقيم,Negative
e2e5a8e9-f3a2-4512-a1dc-8a38fe90fb95,NBE,Banking,1,2025-11-21,كل ما احاول تسجيل الدخول أجد رسالة هذا الحساب لا يستطيع الدخول رغم انى حدثت بياناتي واتصلت بخدمة العملاء ولم يفيدني أحد,Negative
dff65391-02f3-4704-9f93-d435d1c8d41e,NBE,Banking,1,2025-11-21,تطبيق فوق المقرف لا انصح به نهاى,Negative
922a2967-18f0-4794-9066-3a902071b5f6,NBE,Banking,5,2025-11-21,10/10 🦅,Positive
34276fcb-2bb8-4acd-a344-7f792ff9341c,NBE,Banking,1,2025-11-21,سيء,Negative
22042a2c-c61a-48d1-9275-1c34e926f54b,NBE,Banking,1,2025-11-21,تطبيق زى الزفت ال OTP بيتبعت تانى يوم ... حاجة فى منتهى العبث لو فيه أقل من نجمة كنت عملتها تطبيق بنك مصر أحسن ١٠٠ مرة,Negative
b7acf6b5-df57-472a-bca4-07f82cae7e8e,NBE,Banking,1,2025-11-21,يرجي التطوير أكثر من هذا البرنامج تقيل اوووي مقارنة مع أي برنامج اخر دا بيموت 🙄,Negative
058dca8a-f288-4cad-a1d1-be09bd4507f7,NBE,Banking,1,2025-11-20,التطبيق كان شغال معايا فجأة توقف ولا اعرف ما السبب مسحته ونزلته كذا مره وعند فتح التطبيق يتوقف عند شاشة البداية (خلفية الاهلي موبايل) مع العلم أن جهازي اندرويد 10. ارجو حل المشكلة وإصلاح التطبيق وتحديثه في اسرع وقت ممكن.,Negative
e0eadbdf-efca-4477-8099-64db7c65ab3d,NBE,Banking,5,2025-11-20,ممتاز,Positive
44a350b7-1d2a-4cb8-8ca4-2193c8f132a5,NBE,Banking,1,2025-11-20,تطبيق زباله وخدمة عملاء زباله,Negative
fba74881-07c1-47dd-8f4a-84b1e6e99ddc,NBE,Banking,1,2025-11-20,لايعمل التطبيق واقف,Negative
9b6f3b8f-8325-4a4d-a0db-3a43c715672a,NBE,Banking,5,2025-11-19,ممتازه,Positive
53440f44-d449-4abb-b4fc-a7f6edffe702,NBE,Banking,5,2025-11-19,تطبيق ممتاز ، شكرا الاهلى المصرى,Positive
c4da090a-b0fc-4fc8-a980-c6d144c0d6c2,NBE,Banking,1,2025-11-19,مش شغال معايا ومافيش حد من خدمه العملاء عوز يفيدنى ايه السبب,Negative
743f06eb-b04e-418c-822a-a0f0d87998d2,NBE,Banking,5,2025-11-19,ممتاز جدا جدا ومريح جدا ورائع جداً جداً جداً,Positive
f7c6ccac-225d-48ab-9787-9c4f710dbed9,NBE,Banking,5,2025-11-18,زى الفل بس بقاله فتره مش راضى يفتح معاى,Positive
ad42bb68-84f2-48e3-9177-a8170da67601,NBE,Banking,1,2025-11-18,سئ جدا جدا,Negative
2761e717-c51f-4c1d-9e78-4b177d5ac60a,NBE,Banking,4,2025-11-17,تطبيق رائع لكن نتطلع من البنك الرائد اضافة خدمات اخرى مثل أذون الخزانة وإمكانية ظهور جميع الشهادات في صفحة واحدة كما كان قبل التحديث الاخير مع الشكر,Positive
fb116d11-5cf2-4699-8345-59683c79eada,NBE,Banking,4,2025-11-17,يحتاج دعم اون لاين جنب الدعم الاليكتروني الالي بحاول اعرف طريقة التحويل ل الخدمات الحكومية لمنصة مصر العقارية بطريقة الدفع efinance وللاسف ما عرفت وغير متاح غير الجمارك و الضرايب و التامينات علما المنصة محدداها طريقة دفع,Positive
e17f1e29-86d9-45f7-bd17-e3ee35e3f88c,NBE,Banking,1,2025-11-16,تطبيق وحش جدا لا انصح ب تحميلة ولا يستاهل نجمة وحدة حتي 😡,Negative
db6a7e78-4286-4b77-86eb-41b3cc9aa7fb,NBE,Banking,1,2025-11-16,لسه هاجرب,Negative
958a5fb2-4b54-4207-a4fc-b5052c3db60f,NBE,Banking,5,2025-11-16,ممتاز,Positive
c600ae55-385f-41c1-abc0-e16a59db97b2,NBE,Banking,5,2025-11-15,ممتاز,Positive
b5b733ad-1103-42e3-926c-22c9744bc87b,NBE,Banking,5,2025-11-15,جيدة,Positive
a109d9ee-4b10-4934-997d-a32bf5b9baf8,NBE,Banking,1,2025-11-15,سيئ جداً مش راضي يفتح,Negative
018201b0-e41b-478d-ad61-bec6ec705e20,NBE,Banking,5,2025-11-15,ممتاز,Positive
deced03d-d413-4ca0-b950-34f4fa78ac16,NBE,Banking,5,2025-11-15,برافو,Positive
cac54697-b6fd-4245-b2d2-58f31793830d,NBE,Banking,1,2025-11-14,تطبيق سئ وبطئ جداً,Negative
4d5326ec-d174-4573-9466-08a011b044d4,NBE,Banking,1,2025-11-14,تقيل جدا فالفتح,Negative
ac534897-aaa6-46d2-8766-e39e9f55a0cc,NBE,Banking,5,2025-11-14,هو كويس بس سعات بيغلب عشان يفتح,Positive
e704ccf9-d0c2-4736-9a58-bb25f03b8d36,NBE,Banking,3,2025-11-14,هو التطبيق حلو بس في حاجه مفروض تضيفوها في التطبيق بتاع البنك اي حد يقدر يحول بالرقم فودافون كاش يا ريت تبقى موجوده في التطبيق بتاع البنك موجوده شحن بس,Neutral
6849d9c3-d94a-4afd-9ee4-b1225bf2a8f5,NBE,Banking,5,2025-11-14,جميل,Positive
db6887e9-5fb4-4c5e-891a-a1426202d9e7,NBE,Banking,1,2025-11-13,برنامج البنك الاهلي لا يفتح... شكرا لكم,Negative
6ffefb97-ab42-46df-810b-df3b54579269,NBE,Banking,1,2025-11-13,للأسف تطبيق يحتاج إلي تطبيق,Negative
76810426-e797-4d95-a332-a342224c2cbb,NBE,Banking,1,2025-11-13,سيئي بلا حدود,Negative
6c273d78-aa92-41a9-9a1b-bdd598e28639,NBE,Banking,5,2025-11-12,ممتاز,Positive
84dae2b1-adee-43ff-8af1-74de6dcebcc8,NBE,Banking,1,2025-11-12,برنامج سئ بطئ وساعات مش بيفتح,Negative
04f99c80-fdd0-4922-ac90-cf94337660b7,NBE,Banking,1,2025-11-12,سيئه جدا للأسف حملته ولا ليه لازمه مبيفتحش خالص مش معقول اكبر بنك في مصر ودا يكون موقعه,Negative
3282e091-6fea-42ec-844c-b3c0c3560ba2,NBE,Banking,1,2025-11-11,سيئ جدا ويحتاج انترنت قوي جدا علشان يفتح نتمني يكون زي انستا باي,Negative
56c241e3-509b-41da-90ba-10e0d8c936b7,NBE,Banking,5,2025-11-11,ممتاز,Positive
5dd9fde8-91db-4a3e-8bc0-05489c35c747,NBE,Banking,5,2025-11-11,good,Positive
e5ccdb12-3812-4f0a-8186-25bbca4f7e84,NBE,Banking,1,2025-11-11,التطبيق لا يعمل,Negative
1a38b5eb-a48c-4b78-bd95-18d6f8d8fe28,NBE,Banking,5,2025-11-11,برنامج جميل,Positive
f9a5a019-196a-42c1-a6d5-98de949569fa,NBE,Banking,1,2025-11-11,برنامج بطى قوى ف تسجيل الدخول ياخد م لا يقل عن 5 دقايق عشان يسجل ويدخل وياريت يكون فى حته انى اقدر ابعت من اى فيزه من ال عندى ل فيز تانيه,Negative
f1f8a5df-4290-46da-8f53-a024e79a60a5,NBE,Banking,1,2025-11-10,التطبيق مش بيفتح خالص مش بيجيب حتى صفحة الدخول التطبيق متحدث والموبايل حديث بس مش شغال موبايلي honor 50 مع العلم التطبيق شغال في oppo a53 عادي مش فاهم ايه المشكلة,Negative
ad39e00e-0f91-42fc-83c1-2a597169655b,NBE,Banking,5,2025-11-10,تطبيق جيد,Positive
4d743edc-272a-4da9-8476-60891d930e23,NBE,Banking,5,2025-11-10,ممتاز,Positive
c60e7a54-5cb4-49ee-a5a7-0fffacb6909a,NBE,Banking,1,2025-11-10,طبيق سئ بطئ جدا جدا وبطئ في الخدمات اوي وعند فتح التطبيق بيفتح بعد وقت طويل جدا ارجوو الاصلاح في اقرب وقت ممكن شكرا,Negative
598ca386-5b01-4b0d-8424-b142d7d04d40,NBE,Banking,1,2025-11-10,برنامج معقد جدا جدا جدا في كل تعاملاته حتى عند فتح الابلكيشن بياخد وقت كبير,Negative
40e831d2-1bab-492d-b796-88a700312f07,NBE,Banking,1,2025-11-09,تطبيق سئ وبنك اسوء منه,Negative
a7943445-3a46-4866-9389-1cdd350b5d6b,NBE,Banking,2,2025-11-09,التطبيق لم يفتح,Negative
55cbc4a2-57de-4b55-af1f-762ce6bf297f,NBE,Banking,1,2025-11-09,مش راضي يفتح خالص ليه,Negative
47530810-2abf-4bc5-8605-069cbdb8acd2,NBE,Banking,5,2025-11-09,جامد,Positive
7a81d2f3-6aca-4045-8598-5a1086eae7e5,NBE,Banking,1,2025-11-09,التحديث الجديد سئ جدا والبرنامج يتعطل كثيراً,Negative
5a86bc2a-f927-43a8-9ecb-1d74ccf70e15,NBE,Banking,5,2025-11-09,ممتاز ولاكن يحتاج لتطوير أكثر من حيث إضافة مستفيد مباشرة مثل تطبيق الراجحي والإنماء والبنوك السعودية حيث أنها لا تحتاج لتطبيق اخر لتفعيل كلمات المرور . أرجو الاستفادة من التطبيقات الأخرى,Positive
9d47b5f5-0489-468b-b9a9-0c5d42dc2b8b,NBE,Banking,1,2025-11-09,تجربه سيئه للغايه,Negative
9051e160-0c2d-4b5c-a457-2f76e34fcd08,NBE,Banking,5,2025-11-09,جيد جدا,Positive
5b409c8b-7838-481b-b426-8e65f6334db2,NBE,Banking,1,2025-11-09,بصراحه التطبيق كل شويه بيعلق حاجه صعبه,Negative
723e2d61-95bf-4013-8aba-f9cb44758d7e,NBE,Banking,5,2025-11-09,تطبيق ممتاز جدا,Positive
6d02fb6c-b1a9-44a0-beb3-8a2cb9e64767,NBE,Banking,5,2025-11-09,للمزيد من المعرفه عن العروض,Positive
6fa50f1b-987e-47c3-8a9f-dbad40f50516,NBE,Banking,1,2025-11-09,كان كويس اصبح سئ للغاية ولا يصلح,Negative
3e99bc7e-abc0-4e72-9b42-31f79b59f21f,NBE,Banking,1,2025-11-09,بعد التحديث لا يعمل ارجو الافاده من حضراتكم,Negative
0684c181-00f4-4e5e-b7da-1cc14efc57fd,NBE,Banking,1,2025-11-08,التطبيق لا يعمل ارجو حل المشكله,Negative
fc04a8e1-1ba2-420c-8d11-116b13c6057b,NBE,Banking,5,2025-11-08,ممتاز,Positive
5b541fd4-c608-44a1-9dc7-ac1b0218ac8c,NBE,Banking,5,2025-11-07,تمام,Positive
d1072479-436a-4018-a273-8b121be6df3a,NBE,Banking,1,2025-11-07,التطبيق لا يعمل ايه السبب بسب تحديث الاخير,Negative
b8df6891-a89d-483a-8eec-a1b643cacc94,NBE,Banking,5,2025-11-06,جيد,Positive
7f197e6b-2ac2-406c-b0bc-a51f68ba8932,NBE,Banking,1,2025-11-06,لو في حاجه اقل من الصفر تستحقوها اسواء خدمه عملاء واسواء بنك حقيقي الي خلاكم بنك ظلمكم,Negative
00984389-143a-47c4-8197-21a2ffa6aa30,NBE,Banking,1,2025-11-05,"التطبيق سيء للغاية غير قابل للفتح ""خطأ""",Negative
d17b694e-1037-4126-ad3a-fc24afeb1ed3,NBE,Banking,1,2025-11-05,التحديث الاخير في منتهي السوء وتقبل جدا وبيحمل الصفح بالعافيه يا ريت الإصلاح لأن بجد احنا مش فاضين,Negative
be03c002-de80-4966-9276-e9436c95a5ea,NBE,Banking,5,2025-11-05,ممتاز جدا,Positive
a78dd9c9-8e3c-42b9-8584-10374099ab68,NBE,Banking,1,2025-11-05,لا يعمل ولا يريد التسجيل من بعد التحديث,Negative
c2e1eee0-4898-4afa-870b-20893d348e45,NBE,Banking,1,2025-11-04,تحربة زفت مفيش خاجه شغاله لا الموقع ولا التطبيق لا شغال تسجيل دخول ولا تسجيل طلب جديد تطبيق فاشل اذا البنك ايضا فاشل,Negative
601ebd76-f963-4e68-b48f-529ca18dd3d3,NBE,Banking,5,2025-11-04,تم,Positive
a8dcd44c-1f16-4675-aa4f-b10c2c07bcf3,NBE,Banking,1,2025-11-04,التطبيق عندي.وي كل مكتب كود.المستخدم وي كلمت السر الصفحه بتاعت كلمت السر بتحمل بس وي بتثبت وي بقالي اربع ايام نفس المشكله وي روحت الفرع نفسو ميعرفش يحل مشكلتي فا تطبيق زباله زباله زباله زباله,Negative
f39a4978-3449-4103-88d9-557fb8092439,NBE,Banking,5,2025-11-04,جميله,Positive
44162b62-87b4-4548-8459-4dc06e7032d1,NBE,Banking,5,2025-11-04,ما بيفتح. معي البرنامج,Positive
69d91ba7-83e6-4113-b6a4-561f3c165dc2,NBE,Banking,1,2025-11-03,البرنامج الان سىء جدا يفتح بصعوبة والباسورد كل شوية لا بستقبلها,Negative
65932823-69f3-4817-8d8a-6f9c8c9396a0,NBE,Banking,1,2025-11-03,كان كويس مش بيبعت رسايل تسجيل دخول ولا نزول معاش,Negative
2a092904-91fe-4701-b988-18217ecd7782,NBE,Banking,5,2025-11-03,ممتاز,Positive
e97ae2fc-54b5-444e-9bdb-e3050c8447b3,NBE,Banking,5,2025-11-03,روعة,Positive
97921482-5149-4ae7-93e5-07f8ce46bcaf,NBE,Banking,1,2025-11-02,سيء جدا ولا يعمل,Negative
cb8e203b-85d3-421a-b3b0-e02855c1401a,NBE,Banking,4,2025-11-02,التطبيق لا ينفذ عمليات دفع يرجي حل المشكلة,Positive
47cf37fd-71a8-4cc4-a7c3-e0312123a566,NBE,Banking,1,2025-11-02,كتير اوي عليه النجمه,Negative
e29f25bc-7e00-4d34-bfbf-882a74a7bfd3,NBE,Banking,1,2025-11-01,جميل,Negative
aa931aad-2c1b-43d8-83f7-c15cdcca9951,NBE,Banking,1,2025-11-01,التطبيق بعد التحديث الأخير أصبح تقيل جدا ويتأخر جامد عشان تسجل دخول وبيتأخر عند إجراء أى عمليه علي التطبيق وبيقف كتير ، ياريت تحدثوا التطبيق ويبقى سريع فى تسجيل الدخول ويكون فى سرعه عند إجراء أى عمليه عليه,Negative
16479838-1423-4cd8-b7bc-c6b5262d5185,NBE,Banking,1,2025-11-01,هو ليه يعنى لازم التحديث واجبارى كمان نحدث المفروض يكون حاجة اختيارية بجد حاجة سيئة,Negative
12daded7-6b37-42ab-8f8f-6c17d5907554,NBE,Banking,1,2025-11-01,التطبيق سئ جدا التعامل معاه معقد جداً في إرسال النقود,Negative
024ba351-950c-4ae6-b317-ad2c2275a470,NBE,Banking,1,2025-11-01,التطبيق لايعمل,Negative
65b5f923-bb74-44a9-911c-f27689df15db,NBE,Banking,1,2025-11-01,تطبيق سيئ سيئ للغاية ولا يستاهل نجمة,Negative
be867521-fc5b-4c1a-8975-a4593cf4d23a,NBE,Banking,1,2025-11-01,سئ جدا,Negative
b4b5bba9-f7e0-49a2-9094-3a2e9ab42f5b,NBE,Banking,5,2025-10-31,حلو,Positive
ef3b3dea-9bb3-42f6-b5c8-7caa314ea906,NBE,Banking,1,2025-10-31,التطبيق مش شغال اصلا,Negative
493a8599-063b-4c72-b66e-919414cad508,NBE,Banking,1,2025-10-30,بطئ اووووووووي,Negative
fc4c443e-1da1-4698-96da-cca4266883a6,NBE,Banking,3,2025-10-30,متوسطه,Neutral
9b81ab0e-de34-41dc-a1ac-2207371171ad,NBE,Banking,2,2025-10-29,مفيش اهتمام الفيزه لا تعمل في اى مكنه خارجيه أنا أشعر بعدم قبول الى البنك الاهلي ولا استطيع ان اضع مبالغ مالية كبيرة لان الوضع لا ميش حسن,Negative
b802a9fa-f58f-473c-b748-37b059559732,NBE,Banking,1,2025-10-29,مع التحديث البرنامج لا يعمل,Negative
16d9b4f0-b383-470b-957d-955137873a28,NBE,Banking,1,2025-10-29,التطبيق كان جيدا الآن سئ جدا السحب او الإيداع لايظهر علي التطبيق إلا بعد اسبوع تقريبا إنه يخدع في الأرقام اسحب أجد لايوجد رصيد بألرغم انه يوجد علي التطبيق رصيد هذا البنك مهم جدا وعريق وهو اكبر بنك في مصر عيب اوي الرجاء حل هذه المشكل في أقرب وقت شكرا لحضراتكم,Negative
e03d5d2b-4d9d-415c-af53-007137655885,NBE,Banking,1,2025-10-28,البرنامج مش بيفتح ع طول وتقيب جداً,Negative
758e596c-4123-4d23-94b5-8d8f400a4c07,NBE,Banking,1,2025-10-28,ياجماعه الطبيق وحش جدا وبطئ جدا ... شوفو الشركه الي عملت التطبيق ل cib وخلوهم يعملو ليكم app افضل من ده,Negative
35910655-e344-4b57-b05c-aa23206fa2bf,NBE,Banking,1,2025-10-28,لا يعمل ولا يستحق نجمه واحده,Negative
3945f7d2-9d3d-4a2a-9f05-33fc49aa3799,NBE,Banking,1,2025-10-28,سيئ جدا جدا جدا بعد تحديثه نرجو الاهتمام,Negative
5c284c0b-accb-4864-8e0b-955901445ef7,NBE,Banking,1,2025-10-28,مش شغال التطبيق ياريت يتم حل المشكله الي موجوده على التطبيق,Negative
504dbbbf-040d-4468-a67e-576c7a1dd6dd,NBE,Banking,1,2025-10-27,مش عارفه استخدام,Negative
b71a34d2-cf95-461b-86d5-a1a3db7a4c51,NBE,Banking,2,2025-10-27,التطبيق كان شغال والان لايعمل هاتف opoما الحل,Negative
10b69e7b-6330-4104-bfb9-00d692687c60,NBE,Banking,5,2025-10-27,روعة,Positive
ae3dce73-e7e2-4d41-bb2e-ce63605a9d30,NBE,Banking,1,2025-10-27,الحقيقه انا اول مره استخدمه ومش بيفتح,Negative
8b7082f3-cd7d-4a50-8a17-ba8db1407ebe,NBE,Banking,1,2025-10-27,يخساره كان الاول بنك دلوقتي بعد خدمة الحجز عن طريق الانترنت بقى زفت الزفت والله والله والله 7 عمله بس جالسين في البنك والسيستم بينده على اللى حاجز نت ومحدش موجود والباقي حاجز من الفرع نفسه تيجي ازاى دي وفي الاخر يقولوا بعد الساعه 2 هانبتدي ننده على اللى حاجز من الفرع شوفتوا ازاي أنا عارف انها تجاره ومكسب علشان تفتح الموقع وتحجز ميعاد والله عيب قبل ماتفقروا في الجديد فقروا في البديل اللى مايزعلشي حد لازم تشوفوا حل وشكرا واسف على الإطالة,Negative
caa7973a-cbba-449b-8918-22edab19de55,NBE,Banking,5,2025-10-27,ممتاز,Positive
073820e0-eb15-4778-b5e8-8a0f78be7ac5,NBE,Banking,1,2025-10-26,البرنامج زى الزفت والله العظيم من اخر تحديث والبرنامج مش عايز يفتح خالص,Negative
9828677b-f88e-43df-b4ad-5eb2e415dcf2,NBE,Banking,1,2025-10-26,نجمه كثير علئ سي سئ جدا 👎👎👎👎👎👎👎👎👎👎👎👎👎👎👎👎👎👎👎👎,Negative
4e47f0bc-b90a-41f0-be80-05d13aac771c,NBE,Banking,5,2025-10-26,مفيد جدا,Positive
62fc9c76-fc35-4e50-88f5-9f43909b8dc1,NBE,Banking,5,2025-10-25,تطبيق مميز جدا ممتاز,Positive
74c2e52f-ef7f-41ec-a916-d58b2b846f3c,NBE,Banking,5,2025-10-25,very nice,Positive
2c7d5e2a-b55b-41d3-9ecf-852fd184bc56,NBE,Banking,5,2025-10-25,خطوة جيدة لاكن يوجد اخطاء تقنية بالتطبيق حيث يتعطل كثيرا بحاجة لاكتشاف مصدر اللاج لمنع ذلك,Positive
b03a3533-dafe-4aeb-acfa-83633f128c90,NBE,Banking,1,2025-10-25,البرنامج سئ جدا لا يعمل,Negative
b14cc3a3-7a0d-4b59-8b53-db829b73cd6b,NBE,Banking,3,2025-10-25,ف٤ظ ف٤ظ ٥ ٠ ك٥ا ٥ك.. .,Neutral
54180c6a-fe34-4cd1-b6f5-f12fd4d832f1,NBE,Banking,5,2025-10-25,جميل,Positive
4edb618b-7ed6-45db-bb8e-2719df59579c,NBE,Banking,2,2025-10-25,تشغيل المحفظة,Negative
3eeb1162-5ed4-4eb6-af1f-b3d63d5bff51,NBE,Banking,3,2025-10-25,التطبيق كان شغال و حاليا توقف تمام,Neutral
5f014247-fd6a-4434-b628-f4465f174004,NBE,Banking,5,2025-10-24,اكثر من مفيد,Positive
32225664-da99-463b-b5e6-7b6460279a9e,NBE,Banking,5,2025-10-24,ممتاز,Positive
02922dab-8b03-4efa-9572-c8a9bc1f6895,NBE,Banking,5,2025-10-24,تمام,Positive
1afb8b79-86ed-44ac-9eb5-1f109535a669,NBE,Banking,5,2025-10-24,جيد جدا,Positive
020ee7b3-e433-438a-9ebb-eb8f8b118336,NBE,Banking,5,2025-10-24,هلا,Positive
b716ba2d-24aa-4d96-aa26-96050c9bd295,NBE,Banking,1,2025-10-24,التحديث زبالة وثقيل ياريت يتلغى,Negative
342dcd23-5c23-48da-8074-2d1ac56345b4,NBE,Banking,1,2025-10-24,برنامج عقيم عقيم إلى أبعد الحدود حتى ارسال الotp بيتخطى زمن استخدامه والأمر بقى في منتهى الرجعية التحديث الاخير في منتهى السوء بالاستجابة من خلال السيرفر بطيئة جدا جدا إنا بقالي ثلاثه ايام مش عارف ادخل على التطبيق تعديل بتاريخ 2/8/2025 كل مرة بتثبتولي أنه تطبيق فاشل عشان افتح صفحة الحساب محتاج كود بيتبعت بعد ربع ساعة تخيل أن أكبر بنك في مصر معتمد على تطبيق بهذا الفشل,Negative
f08042ac-de55-477d-91e5-9607f6c0f42f,NBE,Banking,5,2025-10-24,البرنامج بقه تقيل جدا جدا,Positive
759524d4-c480-4427-966c-bbc21b753353,NBE,Banking,5,2025-10-24,ممتاز,Positive
1da0f43c-151d-469b-9b48-e130e92fc9e2,NBE,Banking,1,2025-10-24,لا يعمل لايحمل,Negative
f0f87a2e-ea00-4641-ad86-b41704619fe2,NBE,Banking,5,2025-10-23,ممتاز,Positive
eeb424af-2c5e-4689-82de-2e7155c57259,NBE,Banking,5,2025-10-23,مهم ورائع جدا,Positive
e971c9ee-77d0-4cc6-b6c5-970f0d964955,NBE,Banking,5,2025-10-23,سهل اوي وجميل جدا,Positive
37cd7f63-91e4-4cab-9161-8c7f9e666a08,NBE,Banking,5,2025-10-23,البرنامج ده كويس وشغال,Positive
140e85ac-e8b3-49fe-91f2-6eb806c46cc0,NBE,Banking,1,2025-10-23,تطبيق وخدمة عملاء داخل البنك سيئة جدا جدا وخساره النجمه اصلا,Negative
adadf5a2-9deb-4eae-bb8e-f359214f01f0,NBE,Banking,1,2025-10-23,غير دقيق فى الوقت نفسة بين التحويلات وعمليات السحب ( بيتم السحب او الايداع وبعدها بكام يوم السيستم بيعرف 😏 ) غير دقيق...😡 عند الخروج من التطبيق عن طريق زر الرجوع لا يتم الخروج نهائى إلا من زر الهوم . الرجاء الاهتمام بالشكوى والعمل على الحل داخل البرنامج . برجاء وضع تحويل من حساب الراتب الى الحساب الخاص و خدمة العملاء للابلكيش ما فيش حد بيرد على الشكوى الخاصة للابلكيشن خاااااالص فى جميع التعليقات لجميع مستخدمى البرنامج 😡,Negative
bf8b877e-5938-4649-a45b-11d0bdbacc67,NBE,Banking,1,2025-10-22,تطبيق سئ يعيب بنك عريق وخدمه سيئة وغير متاحه اغلب الأوقات,Negative
aa73ee56-99fe-4e1e-be6e-a38d5dedf823,NBE,Banking,1,2025-10-22,التطبيق سي جدا,Negative
159eb46c-a5b0-4e93-9ef1-338c04486c07,NBE,Banking,5,2025-10-22,ممتازه,Positive
52fdbbe8-c22f-4635-96f9-5ab7c96c91c9,NBE,Banking,5,2025-10-21,البرنامج جيد جدا وآمن,Positive
35448e8f-ea69-4b7d-b96f-f34a191af4fb,NBE,Banking,1,2025-10-21,التطبيق لا يعمل خالص كان الأول شغال كويس بس دلواتى لا,Negative
15031e2f-2721-436a-8d86-8f83fe8677c4,NBE,Banking,1,2025-10-21,رسال otp بتتاخر في الإرسال عن مدة الدقيقتين المسموح بيها في التبيق وطبعا مش عارف ادخل علي البرنامج ولما تسئال خدمة العملاء يقلك امسح برنامج التروكولور راجع سركة الاتصالات مش المشكلة فى السيرفر عندنا لا ازاى,Negative
0242a2f1-2463-4bb8-9bd1-baebfdbb4fc9,NBE,Banking,5,2025-10-21,لايعمل كان كويس ولأن لا يعمل,Positive
3187f769-749b-4ca1-9137-60434a0d5181,NBE,Banking,5,2025-10-21,نرجو تشغيل البرامج على اي جهاز,Positive
c955dec0-6ee4-4c90-88a8-7353c37dde27,NBE,Banking,5,2025-10-21,السلام عليكم التطبيق لا يشتغل عندي,Positive
fba73ad8-b147-44eb-8680-8e16d6d7ebfc,NBE,Banking,1,2025-10-20,فاشلة,Negative
60ee1c1f-cf13-4986-beb2-ec7c698731b3,NBE,Banking,1,2025-10-20,سئ جدا جدا ومافيش حل لمشكله,Negative
e9e14e40-f7ba-4bea-9030-38b0fc679f5d,NBE,Banking,1,2025-10-20,بنك فاشل وزى الزفت,Negative
9575eace-2aaa-4b98-a92a-dbcd7c390451,NBE,Banking,1,2025-10-20,التطبيق بطئ وتقييل جدا,Negative
1e2012ca-1df0-4fb4-9342-582933dc0420,NBE,Banking,5,2025-10-20,ممتاز,Positive
5ca0deb1-6d32-4117-8468-37b7374e34dd,NBE,Banking,3,2025-10-20,البرنامج لا يعمل معي مش راضي يفتح خالص ارجوا النظر في هذه المشكلة,Neutral
3070ad60-e8df-4393-8b94-087b17a739e0,NBE,Banking,1,2025-10-20,تطبيق سئ جدآ جدآ جدآ,Negative
3a0e48f7-a734-4f66-b234-e696e01b7886,NBE,Banking,1,2025-10-19,سئ التطبيق لا يعمل بعد التحديث لا يفتح معنا علي التليفون,Negative
12847517-5b1b-4fe1-8a2b-9d794806026c,NBE,Banking,5,2025-10-19,تم,Positive
29d5207e-81fe-4759-91e6-8a844a7feb6a,NBE,Banking,1,2025-10-19,سئ للغايه ومابيفتح,Negative
90f979ee-d960-4cd6-bf45-129e84b86488,NBE,Banking,1,2025-10-19,التطبيق لا يعمل من اخر تحديث اللي فات الرجاء حل المشكله ضروري,Negative
4dc7f74e-ce30-4fed-b630-e9edeaf59eda,NBE,Banking,5,2025-10-19,ممتزه,Positive
e8b05311-fbf5-441f-bd94-55800b2eb854,NBE,Banking,5,2025-10-19,ممتاز,Positive
1067d442-1d02-4b92-8eb9-58b59da88844,NBE,Banking,5,2025-10-19,البرنامج كان ممتاز كسرعة وتقنية لكن بتاريخ 13 اكتوبر قفل وبطل يفتح فاتصلت بالكول سنتر من الاردن وكلفتني المكالمة 10 دقايق 14 الف جنيه وجوابهم اتصل عبر الايميل وارسلت ايميل ولكن لا حياة لمن تنادي رجاء الاجابة والتعاون وشكرا,Positive
f8ded133-f1cd-456b-80b7-a4f7564dee15,NBE,Banking,5,2025-10-18,ممتازه,Positive
f072fe35-bf28-40db-85b9-a96b3f07ed49,NBE,Banking,5,2025-10-18,great,Positive
4404c467-1579-48e4-9c0d-3ef165cd5b44,NBE,Banking,5,2025-10-18,جيدا جدا,Positive
8cf725ae-cd58-4635-af1e-5b4f8e0f08bc,NBE,Banking,1,2025-10-18,لا يعمل,Negative
f6ca707d-4563-42ca-8b08-c407d58128d7,NBE,Banking,1,2025-10-17,دخول التطبيق يتطلب شهرين محاوله و٣ انتظار,Negative
15735406-8408-4cd5-909b-003313facf5b,NBE,Banking,1,2025-10-16,تطبيق زباله دائما عطلان,Negative
ee550d60-bb6f-47c1-8803-10e909a5a7f0,NBE,Banking,1,2025-10-16,سيئ للغاية من سئ إلى أسوأ المفروض إنه قبل التحديث كان بيفتح بالبصمه ولكن بعد التحديث البصمه لا تعمل تحتاج تكلم البنك و البنك يبعت رساله بالرقم السري الجديد تفتح وبعد كده تشغل البصمه كل تحديث ينزل بيحصل كده حاجه سيئة للغاية بنك فاشل حتى لما تيجى تستعلم عن مكن ATM يبقى فى مكنة جنبك مش جيبها خالص جايب مكان بعيد جداً عنك اكتر من 50 كيلو بصراحه بنك فاشل و وغالباً المكن بيبقى فيه عطل خارج الخدمة أو الإيداع لا يعمل بصراحه قبل ما اكون عميل في البنك كنت فاكر البنك الاهلي ده حاجه عريقة لكن للإسف سيئ للغاي,Negative
9f89c966-0a2a-4c11-a978-8e908d5c7680,NBE,Banking,5,2025-10-16,ممتاز,Positive
85e1aeec-1a43-4a9f-9aa6-b8095c3ca38c,NBE,Banking,5,2025-10-16,👍,Positive
ea19965c-8221-4e5a-80da-3a29ee8a2fe2,NBE,Banking,5,2025-10-16,تمام,Positive
08b5a438-8ea7-40bd-9ef5-31cc2bd81576,NBE,Banking,1,2025-10-15,دون المستوي,Negative
cde1fc1e-71d8-4823-8ae0-4b8d4a5d5ba8,NBE,Banking,5,2025-10-15,good,Positive
7a425126-058a-430e-bcb0-ea05d7b91b38,NBE,Banking,1,2025-10-15,البرنامج لا يعمل حزفته ونزلته ولكن لا يعمل انا لا اعلم لماذا هل يمكنكم اصلح الامر النسخة الاول كانت افضل,Negative
5a461269-cfed-4e0e-8a2e-f3846e23730a,NBE,Banking,5,2025-10-15,ممتاز,Positive
54e28945-23c3-4a3e-ac46-e894dfd28a06,NBE,Banking,5,2025-10-15,ممتاز,Positive
2012bce6-ef74-4696-bcf3-1bea79547f8e,NBE,Banking,5,2025-10-15,رائعه,Positive
e6de7574-b83e-4a8c-8a12-a376a9e56489,NBE,Banking,1,2025-10-14,التطبيق زفت ف التحميل,Negative
fd343edb-2baf-487d-adc4-84c83f1c1a6e,NBE,Banking,5,2025-10-14,ممتاز,Positive
e1a34e0b-265a-4791-b79e-23f1578230c5,NBE,Banking,1,2025-10-14,سئ جدا ما عاد يفتح يعطيني لم يتم الوصول للخادم,Negative
d586152a-310e-4de2-b604-785c992bdfed,NBE,Banking,1,2025-10-14,التطبيق سيئ جدا جدا جدا والتصرفات في التطبيق غريبة جدا,Negative
e4cf8661-3521-46c5-9117-9186914cb4a9,NBE,Banking,5,2025-10-14,جميل جداً جداً,Positive
6edcf68b-f5e1-412f-99e2-460fb73ed796,NBE,Banking,1,2025-10-13,تطبيق سيئ جدا جدا جدا لا يعمل,Negative
358f1a73-76c3-4c78-95ac-b16a1ac1c33c,NBE,Banking,1,2025-10-13,التطبيق لا يفتح بعد التحديث الاخير واجهه بيضاء ورساله الخادم لا يستجيب ارجو حل المشكله,Negative
0ef4d992-a1a1-4096-b601-de05b01d0b51,NBE,Banking,1,2025-10-13,بأمانه المفروض يبقي احسن,Negative
16b4e9fc-2d5d-4b1f-9b6a-4d3f4a107bef,NBE,Banking,2,2025-10-13,التطبيق كان يعمل جيدا قبل التحديث.. وبعد التحديث اصبح سئ ولايمكننا الدخول اليه..وتم الاتصال بخدمة العملاء كثيرا ويرسلون باسورد للدخول ولا يقبل البرنامج .فماذا نفعل .رجاء الحل لانستطيع الدخول.,Negative
4bc5cc96-8f82-4cc9-a5e2-261019c57a10,NBE,Banking,1,2025-10-13,التطبيق لا يعمل ارجوووو حل,Negative
044437a5-1344-4190-8326-67b74c40f729,NBE,Banking,5,2025-10-13,أنا بحول تسجيل الدخول لاكن مش عارف,Positive
497321cc-be2e-4c29-82cd-9a6be7e9aa04,NBE,Banking,1,2025-10-13,خدمة العملاء زفت,Negative
d46e6321-c237-4d2b-a622-02cad8f4e640,NBE,Banking,1,2025-10-13,اغبي ابلكيشن في التاريخ تعديل طلع اغبي من ما اتخيل و الله بفتح انستا باي لما بزهق منه,Negative
ab95223a-6d24-4b21-8a99-7cd2b944746c,NBE,Banking,4,2025-10-13,ممتاز,Positive
47fa1441-fa97-4e71-8a0c-9f0ba28edee1,NBE,Banking,1,2025-10-13,مش شغال بعد التحديث مش بيفتح خالص,Negative
5e281e64-a7b1-40aa-b717-4de9cebdaf58,NBE,Banking,1,2025-10-12,البرنامج لا يعمل,Negative
5c8dbc9a-f686-4c63-a120-791ed021e35c,NBE,Banking,1,2025-10-12,مش شغال,Negative
9bedd9d6-fc19-4f35-a4d1-a647c1ade3d2,NBE,Banking,5,2025-10-12,نجم,Positive
79725ef0-9bf9-4500-a748-253efdc01e0d,NBE,Banking,1,2025-10-12,اسوء تجربه برنامج شوفتها من بنك في حياتي متصرفوا شويه,Negative
befb717f-801d-48cb-8ae1-1670d57d418c,NBE,Banking,1,2025-10-12,خدمه التطبيق خدمه ضعيفة جدآ لا ترتقي لمستواه بنك حديث لا بنك كالاهلي المصري,Negative
572d1d37-0a58-4f1f-8f1b-321ae09e83c2,NBE,Banking,1,2025-10-12,التطبيق مثل الزفت لا يفتح 😡😡😡😡,Negative
02c08062-ae5b-4450-aa60-1da3c5603d55,NBE,Banking,1,2025-10-12,سيء جدا البرنامج مش شغال نهائي,Negative
1b736a91-8635-4904-a8eb-1e34d4630b65,NBE,Banking,1,2025-10-12,البنك اصلا سيئ هيكون تطبيق له قيمه ارداء خدمه عملاء وارداء سيستم بنك,Negative
7712bf5f-09ca-41f7-b122-87f88de9fe53,NBE,Banking,5,2025-10-12,excellent,Positive
f41785bf-2671-4f5b-9af8-ce496fa223d9,NBE,Banking,5,2025-10-12,تطبيق اكتر من رائع ملحوظه واحده فقط مطلوب تفعيل التحويل للحسابات الأخري والمحافظ الالكترونيه من التطبيق نفسه بدون الذهاب لتطبيق انستا باي,Positive
95002872-f96e-4817-8925-d94eea19f4bb,NBE,Banking,5,2025-10-12,تمام,Positive
45f11153-5c36-45be-ae21-e3bff70fb744,NBE,Banking,2,2025-10-12,التطبيق مش راضي يشتغل حتى تحميل مش راضي يحمل افتح التطبيق يفضل على شعار بنك الاهلي فقط ومفيش تحميل اخش عليه ايه الحل ارجو الافاده,Negative
2539adaf-4a92-448c-9502-20a6c33c9d0b,NBE,Banking,4,2025-10-12,عاوز يبقي ذي انستا باي,Positive
e644baac-c737-40fa-bbe5-230b0d6be84f,NBE,Banking,1,2025-10-12,الابليكيشن لا يعمل بعد التحديث الاخير,Negative
675ce80c-a88e-4458-9c31-fc16d48118b9,NBE,Banking,1,2025-10-12,التطبيق مش شغال ياريت المشكلة تتحل,Negative
d821d3cc-6e2f-481a-9fb6-f11fd4712234,NBE,Banking,3,2025-10-12,لدى حساب أخر كان موجود والان غير موجود.برجاء الافاده.ارجوا الرد,Neutral
d6838365-aa46-43a4-8b4d-ebc3f369ed88,NBE,Banking,5,2025-10-11,جيد جدا,Positive
49acbb99-9a75-481a-9eac-a5a30782605e,NBE,Banking,1,2025-10-11,التطبيق لا يعمل هذة الفترة و لا استطيع الدخول للحساب,Negative
f3568b91-01f6-4aa2-933d-83e17577d222,NBE,Banking,5,2025-10-11,good luck,Positive
13cccde7-5016-4082-a9c0-abf18752307a,NBE,Banking,4,2025-10-11,التطبيق لا يفتح من خمس ايام هل احذفه واعيد تنزيله ولا ايه السبب,Positive
0452f6fe-e2a5-4107-9578-12a511acdfd1,NBE,Banking,5,2025-10-11,متوفر كل البنود التي ممكن ان استفسر عنها,Positive
15111c02-e681-4f02-ac99-55baaef52f9a,NBE,Banking,5,2025-10-10,جاامد,Positive
050bfa7d-d6e7-47e9-88f7-2de24c08c2de,NBE,Banking,1,2025-10-10,سىء جدا للغايه التطبيق ما بيفتحش اصلا,Negative
716c87fb-6549-4a51-a03b-75dfdb77b880,NBE,Banking,1,2025-10-10,التطبيق لا يعمل منذ ايام المفروض دا بنك كبير ابسط شىء انهم يهتموا بخدمه العملاء والتطبيق,Negative
52e30f9f-01e3-46d0-a6bb-b15f40e393fb,NBE,Banking,1,2025-10-10,البرنامج مش شغال من حوالى شهرين,Negative
9e081671-f965-4064-a5e2-e56ce8c80ab1,NBE,Banking,5,2025-10-10,ممتاز,Positive
80bb202a-7ad6-4967-9149-742c4b618ee5,NBE,Banking,1,2025-10-10,بعد ادتحديث التطبيق لايعمل,Negative
f926d3fe-fd9d-40fd-8537-3e40be26b04c,NBE,Banking,5,2025-10-09,جيد,Positive
8031566c-4690-4d10-ae33-f2e885a423fe,NBE,Banking,5,2025-10-09,ممتاز,Positive
7e0a9653-d870-4fc8-8d4c-9bef2ef81915,NBE,Banking,1,2025-10-09,التطبيق بعد التحديث الاخير لا يعمل,Negative
035a8a5d-6f5e-44ef-8d39-c770884344bd,NBE,Banking,1,2025-10-09,بطئ جدا جدا جدا جدا جدا جدا جدا,Negative
27f80241-0e4b-435e-889d-95428d0a4a36,NBE,Banking,1,2025-10-09,التطبيق لا يعمل عندما اقوم بقتحه يظهر فقط شاشه سوداء دون شئ اخر هل ممكن أعرف السبب,Negative
1fcfa6d4-0502-40f0-afde-806d2c0942b4,NBE,Banking,1,2025-10-09,التطبيق مش شغال ما بعرف ليش,Negative
abd5afcf-3443-49d1-83b4-bcc6994e5fe2,NBE,Banking,1,2025-10-09,فاشل ومش بيفتح,Negative
524457e6-d5d6-413f-badd-b6f25306620a,NBE,Banking,3,2025-10-08,البرنامج مفيد ومهم لكن معظم الوقت علي مدار اليوم لا يعمل ولا اعرف السبب ارجو حل هذا المشكله لأنها تجعل من البرنامج ليس له اهميه,Neutral
b18ce45b-5e4a-49c0-81df-8a3d8375084d,NBE,Banking,5,2025-10-08,ممتازة جداً جداً جداً أوي,Positive
fd2f0dcf-5f4f-4557-9c4a-88c50f6f9d9d,NBE,Banking,5,2025-10-08,ممتاز,Positive
5237dcde-84ad-4410-8197-cb69651374a7,NBE,Banking,5,2025-10-08,ممتاز,Positive
4d624b69-8d3d-40cb-ba4f-7d264f000759,NBE,Banking,5,2025-10-08,تطبيق رائع وممتاز جدا جدا بيعرفك كل حاجه انتا عايزها,Positive
20d834ac-e797-4a7f-a681-10adc0d2d0ea,NBE,Banking,1,2025-10-08,التطبيق لايعمل بالمرة خاصة برا مصر في السابق كان يعمل بشكل جيد ارجو توضيح السبب,Negative
a7baf674-d27c-45bb-9c62-f7c5deb181dc,NBE,Banking,1,2025-10-08,برنامج سئ,Negative
711b79b5-c037-489e-9e5e-3a470350fa4d,NBE,Banking,1,2025-10-08,وحش جدا,Negative
02a014ba-bb8f-40aa-bc97-c39766674798,NBE,Banking,1,2025-10-08,التطبيق سئ جدا وكل شوية معطل ولا يفتح وعقيم,Negative
f5307279-5cc2-424a-9ea1-fce8cc667953,NBE,Banking,5,2025-10-08,بطي توي,Positive
9bfcf2ad-5c83-4286-80b3-3c42959d5eae,NBE,Banking,1,2025-10-07,برنامج لا يعمل,Negative
1829a25b-b212-471a-b661-110dbfeb1a32,NBE,Banking,5,2025-10-07,ممتاز,Positive
659f021f-53a1-4fda-90b8-bf041b33dba3,NBE,Banking,5,2025-10-07,جيد,Positive
7db7bb2c-8d5a-4944-97c2-88b7e8f79685,NBE,Banking,3,2025-10-07,جميل بس تقيل,Neutral
803c1b3c-bbdc-482b-9f61-5b0eb2f802b1,NBE,Banking,4,2025-10-07,جيد جدا,Positive
49f27017-ff0e-4804-87f0-4676e47c9344,NBE,Banking,5,2025-10-07,مش عاوز يفتح ليه,Positive
215e19c6-993b-469a-bd7c-eca6943ac840,NBE,Banking,1,2025-10-07,للاسف اصبح تطبيق سييء للغايه ومشاكله كتير وبطئي جدا ده لو فتح اصلا,Negative
fe4c921a-fa04-40fb-869e-a7f8f9b010bd,NBE,Banking,5,2025-10-07,جيد جدا,Positive
2eb2e0da-8d83-4cfe-a30d-e757b64f167a,NBE,Banking,4,2025-10-07,Thank you for the offer of it and the money 💝💰,Positive
84569cd1-5faf-41b4-b533-a282cda07569,NBE,Banking,5,2025-10-07,برتاح معه,Positive
0269c892-ba5b-4c1f-a561-abf6b23b65d7,NBE,Banking,5,2025-10-07,ممتاز,Positive
32acb2e9-e175-4150-bfa0-d34953e8c737,NBE,Banking,5,2025-10-07,ممتاذ طبعا شكرا جزيلا,Positive
bca52f3b-a845-4ea9-a649-dee64035a027,NBE,Banking,5,2025-10-07,التطبيق كان شغال والان لا يفتح علي الاطلاق علي هاتف سامسونج a52s . برجاء حل هذه المشكلة في اسرع وقت,Positive
4da901fe-a3fb-450f-bb04-ae827cb672df,NBE,Banking,1,2025-10-07,للاسف كل تحديث للتطبيق يجعله اسوء فرجاء جعل التطبيق كما هو بدون تحديث تاخذو خمس نجوم,Negative
84d8d41a-8278-410c-bced-5fc3dedcc854,NBE,Banking,5,2025-10-07,wonderful,Positive
8837dc16-9724-4823-879a-5e545ebc229a,NBE,Banking,5,2025-10-06,جيده,Positive
e210fde0-e533-4913-a8d7-3d32fd970bd7,NBE,Banking,5,2025-10-06,ممتاز,Positive
3b43c47d-bc28-4935-b912-ad98d87b6415,NBE,Banking,5,2025-10-06,بنك محترم وجميع العاملين فيه قمه في الاحترام,Positive
b21016eb-b4dd-40a9-9990-e7698c1328a5,NBE,Banking,1,2025-10-06,التطبيق تقيل جدا ومش عايز يفتح وعملت تحديث مافتحش زلته ونزلته 3مرات بردو مش بيفتح ارجو الإهتمام من القائمين عليه,Negative
2246bdeb-19ea-41c0-821b-cb4506dd4088,NBE,Banking,4,2025-10-06,تجربة جيدة,Positive
1f61cd85-0f99-47ec-a692-3d970c35b0b8,NBE,Banking,1,2025-10-06,لا يفتح ولا يعمل,Negative
1e1658d3-adf2-4b82-a012-a407d83ff60f,NBE,Banking,4,2025-10-06,جيدة,Positive
10fc2c2a-bf35-4649-8b1f-1dc2d2e149e6,NBE,Banking,5,2025-10-06,جيد,Positive
d351544f-a13b-423b-ad35-603b605cbce0,NBE,Banking,5,2025-10-06,تطبيق ممتاز واختصر الكثير من الوقت,Positive
68c21d77-6b00-42d3-8f34-d5df17d0b74f,NBE,Banking,5,2025-10-06,تمام,Positive
543e71ee-cbda-4e71-a942-2a0856f9b8fb,NBE,Banking,1,2025-10-06,سي جدا,Negative
060fcdcb-4007-499d-9392-21a390307675,NBE,Banking,1,2025-10-06,التطبيق لا يعمل وشكرا,Negative
7119faef-17b9-4abf-a986-8016a88f1626,NBE,Banking,5,2025-10-06,تحت التجربة,Positive
704ed859-3fb7-4fde-b21a-76962a17b2bc,NBE,Banking,5,2025-10-06,ممتاز جدا ياريت يكون اسرع فى الفتح والتحميل,Positive
63ecd551-59a1-4d43-a0a2-4fc53e6c1f5f,NBE,Banking,1,2025-10-06,تطبيق عليل وبطيء جدا والجلسه لا تستغرق وقتا طويلا,Negative
37569a7d-5fff-450a-a6bd-7a4bcf6218be,NBE,Banking,5,2025-10-05,تطبيق رائع جدا اشكر البنك الاهلي المصري على اتاحت هذا التطبيق للعملاء,Positive
2f36acba-b2cd-4e4c-8793-f7f74f0ccd9f,NBE,Banking,5,2025-10-05,رائعة,Positive
18e1597b-83e9-4241-a967-164765c02f1c,NBE,Banking,5,2025-10-05,اللهم صل وسلم وبارك على سيدنا محمد وعلى اله وصحبه اجمعين,Positive
96d8bcb4-82d1-4164-ba8d-5d435513a65b,NBE,Banking,5,2025-10-05,تجربه فريده ورائعه ومريحه وسريعه جدا في إنجاز معاملاتي,Positive
cdc363cd-cd02-452a-800b-7802186d684e,NBE,Banking,5,2025-10-05,ممتاز,Positive
6d9643ba-b3c1-484b-be10-e3347f6edd71,NBE,Banking,5,2025-10-05,ممتاز,Positive
fe1aa872-c439-465f-b97e-53168294e3b3,NBE,Banking,5,2025-10-05,ممتازه,Positive
0169eb6a-9e08-4a04-b356-500991d3cd7b,NBE,Banking,1,2025-10-05,التطبيق متجمد بعد اخر تحديث,Negative
8960800e-dda6-439b-a805-df6d91ed5552,NBE,Banking,4,2025-10-05,رائع,Positive
ea1ceb94-9af4-4097-a96d-23dce53c98b4,NBE,Banking,4,2025-10-05,هايل,Positive
688e228a-3b5b-44f3-85f9-0aa5b67dbec5,NBE,Banking,5,2025-10-05,جيد,Positive
48b35eac-8959-4e41-b02b-13f5fb6ddc58,NBE,Banking,5,2025-10-05,رائع,Positive
1bae8884-3107-4c1d-9446-b758db7258de,NBE,Banking,5,2025-10-05,مفيدة,Positive
25a798b7-1b16-463e-818b-790823162c14,NBE,Banking,5,2025-10-05,ممتاز جدا جدا جدا,Positive
56e6c224-5936-42c1-903d-e0d8b46a1435,NBE,Banking,5,2025-10-05,جيد جداً,Positive
b102ae7c-b7e4-4724-9254-51b72fbf44e1,NBE,Banking,3,2025-10-05,المشكلة في بطيء البرنامج والدخول باللغة الانجليزية فلابد ان تعين اللغة العربية ويتعذر تسجيل الدخول برجاء الاهتمام بشكل البرنامح وتطويره ليكون اسرع واسهل,Neutral
0681d342-98eb-4e41-9dcf-944290b8e164,NBE,Banking,5,2025-10-05,ممتاز جدا جدا 🥰🥰 اا,Positive
1837500f-f499-4ebf-9dda-d0b2dd16eddf,NBE,Banking,5,2025-10-05,احسن تقييم البنك الاهلي,Positive
49d3cebc-16c7-4cf4-b5a0-526ddfee69dc,NBE,Banking,5,2025-10-05,تطبيق محترم ياريت تفضلوا على المستوى دا لانه بنك الشعب وثقتنا فيكم عالية جدا ويارب الخير لمصر ولاهل مصر,Positive
f3a65711-6210-407f-bae0-ab96dfbb292c,NBE,Banking,5,2025-10-05,اللهم صلي على سيدنا محمد وعلى آله وأصحابه أجمعين 💙♥️,Positive
edbf818f-6d78-47ba-b8b9-5df5319841bf,NBE,Banking,5,2025-10-05,ممتاز,Positive
470f3bb9-6cd3-4fe7-bbc2-0dbd982a6577,NBE,Banking,5,2025-10-05,التطبيق بعد التحديث الأخير لايعمل ؟؟,Positive
7b0a71fd-c68d-4fdf-a449-b49954b51fd9,NBE,Banking,5,2025-10-05,جميل,Positive
96ce843d-d3ec-4716-a9f3-8203739fb57a,NBE,Banking,5,2025-10-05,ممتازة,Positive
89489bbf-2083-4b24-9961-88af7c53a08b,NBE,Banking,4,2025-10-05,ممتاز,Positive
5c2618df-145e-4999-b4fd-e9c82e118945,NBE,Banking,1,2025-10-04,عقيم والدخول مقرف كل مرة لازم تكتب رقم المستخدم والباسورد علي الاقل البرنامج يحفظ اسم المستخدم ثابت ذي اي ابلكيشن البنوك الاخري الصورة ال عند الدخولا ولا ليها اي فايدة غير الابشن الكتير ال مش موجودة,Negative
3f9c99de-e90f-46a6-af7c-515ab0d95e74,NBE,Banking,5,2025-10-04,معاملة راقية لخدمة اهلي موبايل,Positive
ecd73f68-d322-4de2-8da4-72a228f04626,NBE,Banking,5,2025-10-04,تجربه متميزة,Positive
70e2d182-6695-4f65-ad72-546d08ec0c4c,NBE,Banking,5,2025-10-04,ممتاز,Positive
1e913e51-b5cc-425a-a4b0-001128bfe65a,NBE,Banking,3,2025-10-04,لا اعلم لم استخدمه قبل ذلك,Neutral
5ff7ea47-804c-4158-9364-7cf8e499e8a2,NBE,Banking,5,2025-10-04,ممتاز,Positive
bca4e547-e7ee-4725-99c8-2a5dba8e59b8,NBE,Banking,3,2025-10-04,سئ جدا جدا جدا وبطئ جدآ جدآ جدآ,Neutral
3ba3dc61-2362-49c3-ab85-cf7ca7e2c0b9,NBE,Banking,1,2025-10-04,برنامج سئ للغايه الرجاء لا يفتح بعد التحديث الاخير,Negative
bf42ce63-1039-4e0e-8661-c0ed11197b5c,NBE,Banking,5,2025-10-04,ممتاز,Positive
786b8c7f-a444-4d0b-be83-316f4098856b,NBE,Banking,5,2025-10-04,شاكرا فضلكم...,Positive
32140949-2933-4144-921a-690e256a9bb6,NBE,Banking,1,2025-10-04,لماذا لا يفتح,Negative
52f1e1e0-dc05-46d1-9cc4-9fd54d4a826b,NBE,Banking,5,2025-10-04,ممتاز جدا جدا جدا,Positive
6f6df712-0dcf-41e3-9e25-93e8e470b9d1,NBE,Banking,1,2025-10-04,برنامج سيئ وعقيم ومن اخر تحديث لايعمل,Negative
e44d56db-4a41-4e2d-9bba-92c16a0629fe,NBE,Banking,1,2025-10-04,برنامج سئ. مابيحمل الصفحة,Negative
50817232-2e0e-49ef-83dd-20f9c910e4ba,NBE,Banking,1,2025-10-03,التطبيق بعد التحديث لا يفتح المفروض بعد التطبيق يتحسن لكن حدث العكس؟!,Negative
b9c56e34-436e-46af-99fd-872e74eb40f6,NBE,Banking,1,2025-10-03,التطبيق مش شغال...,Negative
8fe430b4-8537-488c-a782-787eff4d3c4b,NBE,Banking,2,2025-10-02,الحمد لله رب العالمين أحسن من الاول,Negative
156cfd52-7945-460d-9172-1b0a65cbb618,NBE,Banking,1,2025-10-02,معلق دايما تكوني,Negative
88560950-6f88-420d-9027-f2ddc10d8868,NBE,Banking,3,2025-10-02,تطبيق كان كويس بس دلوقتي مش بيفتح خالص على التليفون وشلته ونزلته كذا مره برده نفس المشكله,Neutral
cd19211d-5ed1-4429-b9b8-e4f080e4f275,NBE,Banking,4,2025-10-02,لا يفتح معى الموقع مع انى مسجل من قبل,Positive
1611092f-2c0d-4544-bd9c-247e7819fd72,NBE,Banking,5,2025-10-02,بطيق جد,Positive
0ec2edf8-5992-431e-9796-f5e933a521ad,NBE,Banking,5,2025-10-01,very good,Positive
d4b90b41-f7a8-46e9-940c-e2df3785f57f,NBE,Banking,1,2025-10-01,اسوء تجربة لتطبيق وخاصة رموز الأمان تطبيقات البنوك بالامارات والسعودية بلحظة بيتم التعامل و بمنتهي المرونه وللاسف خدمة عملاء سيئة وانا بتكلم علي خدمة عملاء الخط الساخن لكن داخل البنوك صراحة الخدمة ممتازة,Negative
87accd6e-c491-447e-99c9-45df21978d7a,NBE,Banking,5,2025-10-01,‏السلام عليكم عند الخدمة على ال أبلكيشن تلفون نت مش شغالة فأرجو تفعيل الخدمة على التلفون,Positive
7c8c133a-4451-4319-b94b-25fc0b2b4563,NBE,Banking,5,2025-10-01,التجربة ممتازة لكن التطبيق لا يعمل من حوالي ١٢ ساعة.. أرجو معرفة السبب.,Positive
18e7a8a5-26a4-4978-bfc9-b14f6b9e3501,NBE,Banking,1,2025-10-01,سئ,Negative
c177176b-1aef-4bdf-adf9-624e22eadb08,NBE,Banking,5,2025-10-01,صعبه شويه خصوصا عند نسيان كلمه السر صعب جدا تغيرها من البرنامج,Positive
1c5cec3f-3320-4bb8-96c7-1d0162ad393c,NBE,Banking,5,2025-10-01,ممتازززة,Positive
2399c301-5ee6-4f82-a3c4-5fcd61fc3740,NBE,Banking,1,2025-09-30,لا يفتح اصلا,Negative
a814c244-d53b-4ae1-b6c6-3b5aa29df096,NBE,Banking,1,2025-09-30,سيئة,Negative
ca03a536-013e-4ce7-a31b-f6bc5d643270,NBE,Banking,5,2025-09-30,ممتاز,Positive
2fc43601-ebc6-434f-9850-3dbe5b8b4034,NBE,Banking,1,2025-09-29,حاجه زي الزفت زباله,Negative
d2fde3c0-d46d-4be1-836b-79e868ef619e,NBE,Banking,5,2025-09-29,محترم,Positive
2ce2d897-3c91-4b96-b70d-9b24f30fa9ba,NBE,Banking,1,2025-09-29,رباله جدا,Negative
42cd4bac-e2a7-4316-a824-adee9c1757fa,NBE,Banking,5,2025-09-29,ممتاز جدا,Positive
517850c3-9208-436c-b04b-3718efd8be08,NBE,Banking,1,2025-09-29,التطبيق لا يعمل أرجو الحل سيتم مسح التطبيق,Negative
36cbd63c-92af-4222-97ee-222738d198fd,NBE,Banking,1,2025-09-29,زي الزفت فاشله في كل حاجة ما شاء الله,Negative
8f050d55-f7ae-4ad0-b06f-0584a43a1999,NBE,Banking,1,2025-09-29,البنك والتطبيق زبااااله التقييم سالب مليووون,Negative
1ac61fe5-2d4f-4abe-94f8-c7912ddb2edd,NBE,Banking,5,2025-09-29,ممتاز,Positive
4a9dbc30-313c-4b39-a74b-277f3b30916a,NBE,Banking,1,2025-09-29,التطبيق لا يعمل ابدا ولا يفتح من الأساس واغلب الآراء بنفس الطريقه منذ اخر تحديث لماذا حتى الآن لم يتم حل المشكله هل البنك ليس لديه اى مسؤلين لتغير صانع هذا التطبيق لحل مشكلة العملاء ام البنك يتجاهل مشاكل العملاء؟!!,Negative
230ed7a2-0f18-469e-8555-5e53ef397875,NBE,Banking,5,2025-09-28,التطبيق لا يعمل ما السبب,Positive
5df89cf8-5b07-4046-b953-308a1bd31050,NBE,Banking,1,2025-09-28,بقالى يومين بتصل بخدمة العملاء ويقولولى امسحه ونزله تانى ويبعتولى كلمة سر مفيش فايدة التطبيق لايعمل ولما زهقوا مت ومعندهمش جديد اون لاين قالولى روح البنك وفعلا لسه جاى من البنك بعد انتظار 4ساعات الموظف خ العملا يقوللى هنعملك باس وورد جديدة بتكلفة 145قرس قلتله ماشى قاللى بعد ساعتين هيجيلك رسالة بصراحة كنت قاعد متشكك فى كلامه وفعلا بعد ساعتين وانا ف البيت بتعامل بالباسوورد اللى بعتوها ولاخياة لمن تنادى نفس المشكلة قائمة معنديش حاجة اقولها غير افوض امرى الى الله وكانت غلطة اتعامل مع البنك ده,Negative
fc663997-45f2-45fc-9a8d-ea678de45194,NBE,Banking,5,2025-09-28,ممتاز جدا جدان,Positive
a583f55d-a6bb-4bab-9910-62805a0f22c5,NBE,Banking,1,2025-09-28,التطبيق لا يعمل,Negative
d9b07e9e-f5f9-41b6-99a3-e8e8dd4a980e,NBE,Banking,1,2025-09-28,المعامله سيئه جداا,Negative
cf8c949f-43a6-48d1-817e-ea2ea5f43fd6,NBE,Banking,1,2025-09-28,زي الزفت معرفتش افتح الحساب ودايما الجلسه تنتهي وملحقش ايه القرف دا تضيبع وقت مينفعش كدل خالص,Negative
11cb923b-2207-4fc5-85d9-916d0b12ad94,NBE,Banking,1,2025-09-27,سئ مش عوز يفتح,Negative
0b9c342c-d4c6-41d1-85b1-55614b856d8c,NBE,Banking,1,2025-09-27,البرنامج بعد التحديث الاخير سيئ جداااااااااا,Negative
6ece5788-4263-4343-b9f6-a653577daa08,NBE,Banking,5,2025-09-27,ممتاز جدا,Positive
89302f94-ad5f-42e2-8eca-02500b9bb473,NBE,Banking,1,2025-09-27,لا يعمل بعد اخر تحديث. صففففففر,Negative
3bb2dd84-48a6-4acb-82f0-95ceaccb25e4,NBE,Banking,5,2025-09-26,جيد جدا,Positive
23c502f8-6344-4848-a304-50e1248b25f2,NBE,Banking,4,2025-09-26,التحديث الاخير سريع وجيد لكن الوانه كئيبة جدااااا,Positive
fce5eb09-1b29-4641-b392-7601ccec7d1e,NBE,Banking,3,2025-09-26,أرجو تحسين البرنامج,Neutral
8b4fc920-2ea3-483d-9c38-17d2ca2cdfdc,NBE,Banking,1,2025-09-26,هناك شيء خاطئ يرجي المحاوله بوقت لاحق انتم بنك معروف لايصح هذا,Negative
88cc609e-6bb8-4521-a257-472030cd3058,NBE,Banking,1,2025-09-25,تطبيق لا يعمل تم الغاء التثبيت والتثبيت أكثر من مره لايعمل تم الاتصال بخدمة العملاء لا جديد من اسوء التطبيقات,Negative
6069bbeb-ca6a-44f0-b3a9-6147c67f5881,NBE,Banking,5,2025-09-25,بعد ما بنزل التطبيق مش بيظهر على الشاشة الرئيسية,Positive
12e6d1c1-9e9f-41af-bdc1-e25bb90235f0,NBE,Banking,1,2025-09-24,اسوأ تطبيق وخدمة سيئة للغاية جداجدا,Negative
048737c3-a460-4227-aa5a-6b85899e7bbd,NBE,Banking,1,2025-09-24,ليس يعمل,Negative
edbfa03b-2f2a-4002-91a4-574f7bce6007,NBE,Banking,1,2025-09-24,تطبيق سئ بيعمل تسجيل خروج تلقائيّ,Negative
7e07750b-2632-4945-a2a2-bc1fac551fe4,NBE,Banking,5,2025-09-24,برنامج جميل,Positive
940d0f05-b6b4-4841-baf1-f40b910b3981,NBE,Banking,3,2025-09-24,البرنامج متوقف ولا أعرف السبب برجاء الإفادة,Neutral
b8c67809-e7df-48c0-89b0-2d9c93ef3e2b,NBE,Banking,1,2025-09-24,زفت زفت مش راضي يفتح,Negative
bea21e78-f429-4a31-b893-c6b2c894f9c1,NBE,Banking,5,2025-09-24,برنامج ولكن كان عندي مشكله البرنامج غير فعال مع الانترنت,Positive
bf38b9ff-c9ce-447b-aa55-a7892f0b99a4,NBE,Banking,5,2025-09-24,ممتاز,Positive
95ecf1b8-2b97-4b5e-8b05-a85c9e45ba9b,NBE,Banking,1,2025-09-24,سي جدا,Negative
62ee7f2a-1594-4e90-88c5-c1e865fcba39,NBE,Banking,5,2025-09-24,ممتازه,Positive
d406b2a4-504f-47db-a84b-9fefbbba47f3,NBE,Banking,1,2025-09-23,أسوأ بنك وخدمة عملاء لايعرفون شي كل شخص كلامة غير الشخص الاخر عالم جاهلة,Negative
04a1221c-409e-4af4-8bd5-af00362512b9,NBE,Banking,1,2025-09-23,تطبيق وحش بدي احول فلوس مش عارف,Negative
65e81da7-d7c3-4997-8a20-7bd5131b3b38,NBE,Banking,5,2025-09-23,good,Positive
d30830d9-7de3-4909-805a-478c5c571c67,NBE,Banking,5,2025-09-23,ممتاز 👍👍,Positive
1cb9d68c-6035-476b-b28c-943d9d80318c,NBE,Banking,1,2025-09-22,تجربة ابلكيشن البنك الاهلى موبايل لا يعمل للاسف خدمة سيئ سيئ سيئ خدمة على الفاضى ومعاملة البنك بقت مش هى سيئ عشان نقول ابلكيشن مش شغال يرد الموظفة ملناش دعوة شكرا معاملة سيئ,Negative
f7f673bf-0069-4bf6-9017-c23d371aebf0,NBE,Banking,1,2025-09-22,سيء لابعد حد ولا بقدر استقيد منه نهائيا,Negative
d40da911-27e0-4266-8e7e-d9565c1a4b0e,NBE,Banking,4,2025-09-22,جيد ولاكن احيانأبيهنج و صعوبه في الدخول,Positive
101cada3-2360-42f3-a72f-c9ffe80d0137,NBE,Banking,1,2025-09-21,زبالة,Negative
2c07165a-ce8d-4ed3-bd91-ca88d2db7b6e,NBE,Banking,5,2025-09-21,جيد جدا,Positive
38bc51ea-eb85-4a7d-a690-22d16907483e,NBE,Banking,1,2025-09-21,اسوأ خدمة وبطئ جداااااااااا,Negative
ac397030-fb9e-43fd-9d67-579e49fde49b,NBE,Banking,5,2025-09-20,تطبيق رائع يمكن شراء منتجات البنك من خلاله بكل سهوله الأستعلام عن الرصيد وغيرها من الأمور الرائعه متابعة أستثمارتي سداد أقساط بطاقة الائتمان معرفة رصيد بطاقة الدفع المسبق شكراً بنك أهل مصر,Positive
2c6de84d-76cf-4f49-826f-79f225e1d128,NBE,Banking,1,2025-09-20,التطبيق لا يعمل من اكثر من ١٠ ايام,Negative
f1986189-ea1f-4d7c-a9b0-2c92c1248ef0,NBE,Banking,1,2025-09-20,سئ جدا لا يعمل,Negative
82ea762f-46d7-4b89-be7a-6635457891f6,NBE,Banking,5,2025-09-19,تمام 👌,Positive
60b54d6a-054f-4761-8256-d0c53f903655,NBE,Banking,1,2025-09-19,للاسف التطبيق كل شويه يوقف لوحده بدون سبب برجاء التكرم بتصليح التطبيق للاهميه وشكراً,Negative
39aefbe1-7653-4903-af72-1c84b8cedb0e,NBE,Banking,5,2025-09-19,very good really,Positive
b56d853d-d4da-464f-bdc5-7d90862a5e67,NBE,Banking,1,2025-09-18,التطبيق سىءجدا فى الاستخدام طول الشهر اتصل بخدمة العملا وكل شوى يغلق,Negative
ccb5d318-5843-4f81-bc76-0dd3b1bf52e7,NBE,Banking,1,2025-09-18,زفت و بنك زي الزفت خدمة عملة تقييم ب صفر تنظيم صفر بنك اقل حاجة يخدها صفر,Negative
92582a67-3643-486c-9750-38eee4d4e20b,NBE,Banking,1,2025-09-18,بطئ جدا بعد التحديث في حاله التسجيل يكون بطئ جدا غير باقي اي ابليكشن تاني من البنوك الاخره,Negative
76ba082c-9fef-4556-b47c-63282d7fdcea,NBE,Banking,1,2025-09-18,البرنامج دائم تعذر الدخول يرجي الاهتمام ومراعاة تلافي الأخطاء فانتم بنك عريق لا يليق به وضع برنامج الغرض منه التسهيل ويصعب التعامل عليه تعديل بعد أكثر من سنه لازال البرنامج زباله بكل ما تحمله الكلمه شوفو حد متخصص افضل لإنشاء البرنامج الواحد بيدخل على انستا فى لحظات للاستعلام يرجي مراعاة التطوير وبلاش استرخاص,Negative
973c0a2b-7e29-4af2-91db-ae6a9a0bfb3d,NBE,Banking,1,2025-09-18,سئ,Negative
a33df0b0-15eb-404a-8b4c-dfe288d01eda,NBE,Banking,1,2025-09-17,حدثت التطبيق ومن ساعتها معلق ومش بيفتح نهائي معايا مش عارفه فين المشكلة ارجو المساعده,Negative
955c4240-61ed-4d82-b738-44542832799f,NBE,Banking,1,2025-09-17,مش راضي يشتغل,Negative
d7451c3a-271b-42b0-bc30-636cc7a15227,NBE,Banking,1,2025-09-17,تطبيق بالمقارنة ل تطبيقات لبنوك داخل مصر ضعيف جدااا وغير مفيد,Negative
18e80e75-c05d-4eef-aee5-f77e0f625bc3,NBE,Banking,1,2025-09-17,تطبيق فاشل,Negative
0eb8efcf-ee3d-44eb-b301-1bef43983a6d,NBE,Banking,5,2025-09-17,تطبيق سئ جداً من حيث السرعه بطىىىىىىىىىئ للغايه,Positive
539aa136-4f14-497f-9a1d-d9453541b54d,NBE,Banking,1,2025-09-17,بطئ جدا جدا غير موضع,Negative
c88308ee-2819-4fdc-9204-6dbfd8264318,NBE,Banking,3,2025-09-16,معاي فيزا بريبيد مسبقه الدفع هل اقدر استخدم تطبيق الاهلي موبيل واشتغل بيه ولا لازم افتح حساب,Neutral
4dc9ba6a-b3e6-4416-a8ba-5f6735c93c45,NBE,Banking,5,2025-09-15,ممتاز وسريع,Positive
b1944bef-2b67-4ad8-9887-d0ea852c04a2,NBE,Banking,1,2025-09-15,تطبيق غير وافى وما بيجيب المديونية بتاعه المشتريات واضحه خلال الشهر زى بنك مصر لازم تسجل وراه عشان تعرف عليك كام احسن تحش فى فوايد وتطبيق تقيل ارجو عمل الازم ده بنك أهل مصر,Negative
023ca2f2-fd98-46b1-9ce4-0d4a6e4fee86,NBE,Banking,2,2025-09-15,اقسم بالله التطبيق فتح علي التلفون مره وبعد كده شاشه بيضاء ومش بيفتح مع اني مختار اندرويد وكمان الهاتف بتاعي فيرجين 2023 بصراحه مفيش افشل من كده,Negative
36ac1f72-7e22-4340-8e7a-485e406163ea,NBE,Banking,5,2025-09-15,ما شاءلله أكثر من ممتاز,Positive
b5daaefc-455a-4282-909b-721316d42ad0,NBE,Banking,1,2025-09-15,التطبيق حاليا مش بيفتح علي الموبيل,Negative
d8d87302-943d-419d-98f3-436e1f56e449,NBE,Banking,1,2025-09-15,بنك نصاب وادراته فاسدة ومضللة,Negative
cee6e0f2-0cfb-4fe9-a5aa-6489879d7238,NBE,Banking,1,2025-09-15,التطبيق لم يعود يعمل,Negative
bac2035f-75de-404b-99ca-ad9252979e18,NBE,Banking,5,2025-09-15,جميله جدا ومريحه,Positive
058f31c8-74fe-41c9-98c1-f2a81c37ba3f,NBE,Banking,1,2025-09-14,مش عارف احجز معاد في البنك في مشكلة فالموقع,Negative
80d0617e-f12f-4224-b3c3-99845ab4cac0,NBE,Banking,1,2025-09-14,بنك سيئ جدا ، ليس لديهم موظفين كافية لتلبية خدمات العملاء ، مكاتب وشبابيك كتير فاضية ، تباطؤ شديد في خدمة العملاء ، انتظار دخول خدمة عملاء يصل الى 6 ساعات وأكثر ، تجربة سيئة ، ولا انصح بالتعامل مع البنك الأهلى المصرى,Negative
f49cde49-7204-42ca-9c06-82f143301038,NBE,Banking,1,2025-09-14,التطبيق مش بيفتح نهائي,Negative
c2c42042-83a1-4c44-97ea-11156af10dec,NBE,Banking,5,2025-09-14,جيد جدا ☺️ .,Positive
4eb0351c-922f-43e8-b619-75f604dfbf6e,NBE,Banking,1,2025-09-13,التطبيق بعد التحديث لا يعمل,Negative
81d6fee7-7f0d-4bc1-b387-e57121ae2322,NBE,Banking,5,2025-09-12,ممتازه,Positive
80fd2f9e-ce65-46b0-9519-e05460843234,NBE,Banking,5,2025-09-12,اكثر من ممتاز جدا,Positive
d4543c7b-b956-4a75-a140-f5841c98d440,NBE,Banking,3,2025-09-12,التطبيق لا يعمل عند التشغيل مش شغال بيجيب صوره بيضاء ومكتوب البنك الاهلي وخلاص لكن مش شغال,Neutral
6a4cfcdb-108e-43da-bde8-6228a392292c,NBE,Banking,1,2025-09-11,يعني ايه لما عاوز دعم روبوت يرد علي سوائلي و معرفش اوصل لي حد يسعدني,Negative
ddca1af5-2956-4bd5-81b1-6225653f854f,NBE,Banking,1,2025-09-11,للاسف الشديد بدل ماتحلوا مشاكل العملاء يتعامل الموظفين ببرود وهدوء واستفزاز للمعاشات والموظفين الغلابه وتمسحوا اي كومنت بيقول الحقيقه شكرا لكم علي مسح التعليقات السلبيه واتمني لكم التقدم والازدهار,Negative
7ce06886-fc8e-4832-a104-7d1331564515,NBE,Banking,5,2025-09-11,رائع,Positive
2cc9fc75-5a9d-4ca4-b529-9c45ef6e3f82,NBE,Banking,1,2025-09-11,رسوم اداريه مرتفعه وسعر فائده منخفض كل موظف او مندوب يهمه العموله من كارت المشتريات أو القرض وساعات انتظار طويله من أجل الوصول إلي شباك المعامله وتطبيق انترنت مهنج والمحصله تساوي البنك الاهلي المصري,Negative
a8977a58-4e10-445c-bb9f-b2186fd87d4b,NBE,Banking,3,2025-09-11,التطبيق لا يعمل وايضا الموقع لا يعمل لا يقوم بتسجيل الدخول ايه المشكلة هل التطبيق أو الموقع لا يعمل خارج مصر,Neutral
2d9dcf94-3fed-4e5c-8675-c56cf52a8a94,NBE,Banking,5,2025-09-10,بنك محترم,Positive
804f85cd-fa79-4605-8b0c-c18ecbe3a0f2,NBE,Banking,2,2025-09-10,ضعييف جدا جدا,Negative
243142bd-4a4e-4316-81fa-42798c2b2d8b,NBE,Banking,1,2025-09-10,التطبيق لا يعمل ايه المشكلة مش شغال,Negative
3cf204bf-561e-48d5-8e65-9715cb6fd65e,NBE,Banking,1,2025-09-10,التطبيق لا يعمل .. حذفته ونزلته تاني ،،، برضو مبيفتحش هل هناك مشكلة ...,Negative
916b18b5-4b69-4e79-83f1-64cdd7ab2c47,NBE,Banking,4,2025-09-10,التطبيق جيد جدا لكن بعد التحديث لا أستطيع الحجز ميعاد للبنك نرجو إصلاح المشكلة,Positive
a24ed27e-6b3f-4b49-bffd-50a497f80bd8,NBE,Banking,1,2025-09-09,البرنامج كان بيفتح معايا دلوقتى مش بيفتح بقاله اسبوع ايه الحل بضغط عليه بيفتح زى اللى فى الصوره ومش بيكمل ايه الحل,Negative
ffa16594-75b8-4e48-9815-d27339ea521d,NBE,Banking,5,2025-09-09,Gooood,Positive
2f8f25b6-6675-4c10-814d-0cfcb2ad1c87,NBE,Banking,1,2025-09-09,عقيم,Negative
656b6cbc-1bbe-432b-8b31-55c83bc0c14d,NBE,Banking,5,2025-09-09,تسلم,Positive
a9cf520b-9f2c-4342-8b2f-aeb49e1c11d3,NBE,Banking,1,2025-09-09,بعد التحديث الاخير التطبيق لايفتح,Negative
024dee34-1181-4c1d-ae9f-ebc8bf47209b,NBE,Banking,1,2025-09-08,سئ,Negative
46133cd8-1d92-40ac-b74e-4d717701e426,NBE,Banking,1,2025-09-08,بطئ و مش راضى يشتغل كل مرة لازم اشيله وانزله من اول وجديد,Negative
73a349ca-1f4c-484a-b61a-060d5f188638,NBE,Banking,1,2025-09-08,تطبيق سيئ وفاشل لا يعمل خطأ في تسجيل الدخول,Negative
79aba90c-cada-490b-a830-0729613f4ded,NBE,Banking,3,2025-09-08,جيد جداً,Neutral
84d6fc84-b00c-486c-8987-5e57c5f432fb,NBE,Banking,1,2025-09-07,سيء جداااااااا,Negative
5fc3527e-440e-4665-8cbf-5773be8e4e15,NBE,Banking,5,2025-09-07,good,Positive
442e57f4-9fa6-4cf9-8fa5-5426b3b3a68c,NBE,Banking,5,2025-09-07,افضل بنك واسرع خدمه علي الاطلاق,Positive
955a2455-f55e-4262-9d30-ef1dd690454b,NBE,Banking,1,2025-09-06,تطبيق تقيل جداً عايز 20 GB علشان يفتح؟؟؟,Negative
6ec44558-e44a-4112-b4d0-3a7d37cfd4e5,NBE,Banking,1,2025-09-06,التطبيق لا يعمل حتى الأن ولا يمكننى عمل اى عملية,Negative
ca296d10-eeab-449c-a959-52d3123df7d1,NBE,Banking,5,2025-09-06,التطبيق بقي ممتاز,Positive
b979bd5b-e45e-48de-9822-50f811438065,NBE,Banking,1,2025-09-06,التطبيق مش راضي يشتغل عندي خالص كلمت خدمه العملاء بعته لي باسورد تاني دخلته برضو مش راضي يشتغل خالص,Negative
0f3047dc-25ec-4932-b5b7-6829514f2024,NBE,Banking,5,2025-09-06,ممتاز,Positive
e97dd62e-acdb-41d9-b9b6-8d15e1e8f43e,NBE,Banking,2,2025-09-06,دون المستوي ولا يليق باسم بنك عريق كالبنك الاهلي,Negative
82e18645-f396-4b39-94c7-a30aa79dec25,NBE,Banking,1,2025-09-06,لا بقتح...غير قادر على الإتصال بالخادم...مالحل؟,Negative
3656f3b0-bd1f-400a-ba26-b69e2348e0da,NBE,Banking,5,2025-09-06,ممتاز,Positive
8e8612f1-e4d6-4e12-aac6-bc5e0493cda9,NBE,Banking,5,2025-09-06,مش عايز يفتح مش كويس,Positive
0763bd2a-3c5c-41ed-991a-fdee177f8d9a,NBE,Banking,1,2025-09-05,اخر تحديث بتاريخ 8/13 لا يعمل التطبيق ولم يحمل نهائي خل هذا مشكله عامة ام لدي فقط,Negative
63c1ef21-9a66-46f2-b040-d32600fb6105,NBE,Banking,1,2025-09-05,اواجه مشكلة في التطبيق ،، لا يمكنني حجز موعد للبنك من خلال التطبيق ل فرع شربين بمحافظة الدقهلية ، و تظهر لي رسالة عدم توفر معلومات عن الفرع على التطبيق و بالتالي لا استطيع حجز موعد مسبق .. + ان واجهة المستخدم للتطبيق معقدة و تحتاج لتطوير كبير لتواكب باقي تطبيقات البنوك المنافسة,Negative
e2188435-b2a9-4580-a133-037d41d78d33,NBE,Banking,5,2025-09-05,محمد احمد عوض عبدالله,Positive
2b8c60de-4dcd-4c66-8329-047666073d6a,NBE,Banking,1,2025-09-05,ياعني ايه يطلب رقم الجوال المصرية عند الدخول ياعني أنا بالخراج لا أعرف حسابي وانا سايب رقمي مع الاولاد بمصر حاجه زفت زاي التطبيق,Negative
2d200245-e103-466a-a213-856127084513,NBE,Banking,2,2025-09-05,تمام,Negative
f05cd9d3-9754-412a-bb68-28ac834948fe,NBE,Banking,1,2025-09-05,مش بيفتح بسهولة بياااااخد وقت كتييييير,Negative
ae10b6a1-9495-4fc1-b2d0-60396964bed7,NBE,Banking,1,2025-09-05,البرنامج لا يعمل برنامج زفت,Negative
46046a3e-a558-4ef8-9af2-d7684afd8f31,NBE,Banking,1,2025-09-04,تقيل جدا من بعد التحديث كان الاول افضل,Negative
2dec9b86-13b9-439e-9e74-22b969b32e0a,NBE,Banking,5,2025-09-04,لسه مجربتش مش راضى يفتح اصلا ولا يقبل التسجيل,Positive
75062d5c-2355-4b07-8c42-e71ec43c21f8,NBE,Banking,5,2025-09-04,اي كلام 😂😂,Positive
8ea351a3-6869-4b49-b021-954350f4f5a2,NBE,Banking,5,2025-09-04,جيد,Positive
e6c06f77-60ed-4699-8982-2078138c6c3f,NBE,Banking,1,2025-09-04,تطبيق عقيم,Negative
8c00210a-7854-4b75-8acb-ea0d679e4114,NBE,Banking,1,2025-09-04,برنامج فاشل لا يفتح اى شى ولا عارف اوصل لى شى,Negative
85b5aa85-c17c-4c65-8286-63334c956feb,NBE,Banking,1,2025-09-04,سيء جدا جدا,Negative
5fbeb943-d558-4596-b2bb-b1f7fe6a88fd,NBE,Banking,1,2025-09-04,التطبيق لا يعمل منذ شهر اغسطس,Negative
794fccec-c81f-43e2-853a-5f09c774f135,NBE,Banking,2,2025-09-03,التطبيق بطئ جدا وتقيل في الفتح,Negative
60aabe85-fdfe-45ac-ab80-ec88db105739,NBE,Banking,5,2025-09-03,جميل,Positive
42ce5a9a-4024-4873-b1c5-eb1dde026610,NBE,Banking,5,2025-09-03,اريد تحديثه,Positive
3d47da35-46ef-4dbb-94a5-6de0c8452a0f,NBE,Banking,2,2025-09-03,جيد,Negative
975bade5-9770-4442-8278-aa73d39c0025,NBE,Banking,1,2025-09-03,لا يعمل,Negative
1f24ac74-2df6-45c3-a73c-97c90322df86,NBE,Banking,3,2025-09-03,جيده جدا..للاسف عند تحديث البيانات..يطلب ادخال رقم مرسل علي موبايل معرف بالبنك...نحن بالخارج لايعمل الموبايل المصري فلا نستطيع اجراء اي معامله من الخارج..نخاف عند كل فتح التطبيق ان يطلب منا التحديث لما نعانيه بعد ذلك..,Neutral
bd3e8ef7-0d7d-4806-a27f-a4cc4260ebe5,NBE,Banking,5,2025-09-03,ممتاز,Positive
0ecf3820-09a0-4741-934b-091b706f2ef6,NBE,Banking,5,2025-09-03,ممتاز,Positive
9b475d3d-64ee-402c-bb53-548c5b036721,NBE,Banking,5,2025-09-03,التطبيق بعد التحديث الأخير لا يعمل فأرجو الافادة ..... هل سيتم التعامل في أمور التحويلات وسداد الفيزا و الخ ....... مرة اخري من خلال الذهاب الي البنك ؟!! برجاء الرد سريعا علي العملاء 🤔,Positive
1212c3be-4bb6-4ba5-9a01-c25d003ed898,NBE,Banking,5,2025-09-03,good,Positive
0f1d9664-8899-4fea-83ca-4f9ec83f0299,NBE,Banking,5,2025-09-03,ممتاز,Positive
6b51f122-ef26-4b01-9100-089e1296e640,NBE,Banking,1,2025-09-02,احقر تطبق شفته ف حياتي تقريبا,Negative
d9f64cf2-e13e-4d12-84da-22df53eb4da6,NBE,Banking,1,2025-09-02,هو للاسف حاليا التطبيق مش شغال ومش عارفة احجز موعد بقالي يومين,Negative
43e0a77e-7404-4b79-9599-503e0cbbe8c0,NBE,Banking,1,2025-09-02,ابلكيشن فاشل يفتح بصعوبه,Negative
1c686cac-8c29-4bdb-a2c7-cc2ce7284133,NBE,Banking,5,2025-09-02,لم اجربها بعد,Positive
c95ecfb1-500d-47bb-b135-ea2269961983,NBE,Banking,2,2025-09-02,الشاشة عند تفعيل بصمه الإصبع في التطبيق مش بتظهر علي الشاشة كلمه تنفيذ بعد ما ادخل السري عشان ادوس تنفيذ مساحة التطبيق كبيره و مفيش تحريك لأعلى عشان تظهر الرجاء حل هذهي المشكلة لازم يكون في تمرير بالاصبع علي الشاشة أو يكون التطبيق الحجم أصغر عشان كلمه تنفيذ يا رب يكون فهمتوا كلامي,Negative
a403f259-d382-49f0-81cb-f9ab7b20472b,NBE,Banking,5,2025-09-02,جديد جدا,Positive
f0932de6-6bbb-40b7-937e-89d4e5fc0f4a,NBE,Banking,1,2025-09-02,تطبيق عقيم ومعقد ولا يفتح بسهوله,Negative
2c53b7d3-41a6-4322-8982-709c7d3f276b,NBE,Banking,1,2025-09-02,جيد جدا,Negative
30d0da58-294f-4d19-8260-d4695ad486b3,NBE,Banking,5,2025-09-02,ممتاز جدا,Positive
10df8b58-63ef-4a32-8df0-1bc8712464f2,NBE,Banking,5,2025-09-02,❤️,Positive
bda2165a-8cc5-4ad4-9f7f-9e4bc1fd5fd2,NBE,Banking,5,2025-09-01,رائع,Positive
855c5174-89c0-492a-a0a2-551b1b007399,NBE,Banking,5,2025-09-01,جيد,Positive
8e7d318c-0b02-4866-a3f2-9d74075f750f,NBE,Banking,5,2025-09-01,بولس,Positive
2071c4e0-c0df-4f20-b67e-674dc9fedb36,NBE,Banking,5,2025-09-01,جيد,Positive
ce447867-2871-4d54-8643-eed5667aec6a,NBE,Banking,4,2025-09-01,بنك كويس,Positive
6f4a84c3-0cb9-487d-844d-e0e43e049fc7,NBE,Banking,1,2025-09-01,تطبيق سئ ومعقد وغير عملي وغير سلس في تسجيل الدخول واتصلت ع خدمة العملاء اكثر من مره ولايوجد حل ولا انصح بتحميله,Negative
965feb38-5456-44d4-b77e-dc2b7f688305,NBE,Banking,5,2025-08-31,جيد جدا,Positive
a35e4175-357d-47c6-91e7-783be8f58420,NBE,Banking,1,2025-08-31,برنامج مش بيفتح أنا شاكك أنه هكر,Negative
91329322-631d-4d5c-9da4-cca3e2ec9848,NBE,Banking,1,2025-08-31,التطبيق خرة بعنى الكلمة,Negative
e351107a-a72c-45fc-b751-cc51e10c9d31,NBE,Banking,5,2025-08-31,جميله,Positive
2009afb8-caba-484c-888e-850eecb727eb,NBE,Banking,5,2025-08-31,good 💯👍,Positive
7185e1ac-9319-44a6-9bad-71979ffec903,NBE,Banking,5,2025-08-31,تعامل جميل جدا,Positive
6b95c83c-fbec-4b06-bb60-0d15a07b8307,NBE,Banking,5,2025-08-31,ممتازجداااا,Positive
193d3383-593a-40a1-9aae-9f7108556617,NBE,Banking,1,2025-08-31,أسوء بنك فى مصر ، أتفه الخدمات فى أى بنك تانى عندهم يقولك روح فرع البنك ، و فرع البنك يقولك لازم الفرع اللى فتحت منه الحساب,Negative
6f56949e-109b-4100-a2c6-4766f7795dff,NBE,Banking,1,2025-08-30,التطبيق لا يعمل بقاله فترة,Negative
6b366dfe-abda-4079-aa93-096cd8e21c10,NBE,Banking,1,2025-08-30,برنامج زباله,Negative
c9e85f6b-999e-41da-8812-684acf7630a8,NBE,Banking,5,2025-08-30,ممتازة جدا جدا ..,Positive
41fa07ed-700d-4261-8fec-cafbbaebfddd,NBE,Banking,5,2025-08-29,ممتاز جدا,Positive
270a5608-e5a0-464f-a299-54a97f096458,NBE,Banking,3,2025-08-29,جيدة,Neutral
082e159c-60fb-46fc-9165-a5fa0a70d1ef,NBE,Banking,5,2025-08-29,رائع,Positive
326e4b07-086b-4f57-9552-16d8737b1dbd,NBE,Banking,1,2025-08-29,خلوه علي قديمه ونستريح مفيش داعي لتطوير وتحديث احنا راضين بقديمه,Negative
0b1108d1-5d26-4d6e-8afa-a5e44b13d53c,NBE,Banking,5,2025-08-29,تجربتى مع التطبيق ناجحة وزي الفل..هو تطبيق ممتاز يوفر عليا جهد الذهاب الى البنك للاستعلام عن حساباتى التطبيق لايفتح على موبايلى لا أعرف السبب فى ذلك,Positive
2d46197c-a368-4819-a810-e8519a335b54,NBE,Banking,5,2025-08-29,جميل جدا,Positive
539453ee-9e8d-42b8-a1f0-84c6683d7c3b,NBE,Banking,1,2025-08-29,التطبيق لا يعمل حاليا,Negative
3a1e891d-8edc-467a-a123-6a901dae724a,NBE,Banking,1,2025-08-29,سيئ,Negative
c5de07d2-2145-4d59-a42a-ef2f37c1078b,NBE,Banking,5,2025-08-29,جميل جداً,Positive
263aa355-44db-4c48-862c-71f1cf093c40,NBE,Banking,5,2025-08-28,ممتاز,Positive
e5517ab6-ddf9-45c1-b03d-2c8ff98f219d,NBE,Banking,5,2025-08-28,good,Positive
413c68a8-9d6d-4068-903f-9956f2ec24d9,NBE,Banking,5,2025-08-28,وحش جدا ومش راضي يفتح,Positive
9c727936-9643-4550-88d1-727efb5009fc,NBE,Banking,3,2025-08-28,برنامج تقيل ورخم,Neutral
67fec4f6-8422-4d8e-8ad1-7c67a73d4b4d,NBE,Banking,5,2025-08-28,ممتاز,Positive
2993402c-6aaf-4886-9a07-9a16ed06bb57,NBE,Banking,5,2025-08-28,جامد,Positive
1a22ffda-9c8a-440b-bbb7-d879ac3e7441,NBE,Banking,5,2025-08-28,ممتاز,Positive
2babbb35-0aed-406e-8e6e-6b3b3a55bb99,NBE,Banking,1,2025-08-28,لم يتم ارسال رمز التحقق,Negative
7726ddee-5b6f-4ceb-9c37-dd66d55fa5d5,NBE,Banking,5,2025-08-28,ممتاز جدا جدا,Positive
93441cc7-f2db-4073-844e-3295a51675b5,NBE,Banking,1,2025-08-28,سئ للغايه وصعب في التعامل لا يوجد كشف الحساب ولا معرفة الخصم من الحساب وربنا يجملها معاهم بالستر,Negative
43f99d02-3df1-4fa2-8b95-4e86aac02575,NBE,Banking,1,2025-08-28,البرنامج مش شغال خالص لماذا ارجو المساعده,Negative
c2a85b58-9057-4b15-91fd-d77a2128722d,NBE,Banking,5,2025-08-27,ممتاز,Positive
d37c2570-a678-4461-a499-73b5eb760232,NBE,Banking,1,2025-08-27,زززززززفت وخدمة عملاء ززززفت مبتردش من بره مصر,Negative
18ac0af0-b529-4fc5-865c-f86c5a6013dd,NBE,Banking,2,2025-08-27,التطبيق لا يعمل علي هواتف هواوي,Negative
d93e588f-36f8-48f8-adaf-e7f68d33eb60,NBE,Banking,5,2025-08-27,تمام جدا,Positive
17915158-65b9-401e-abae-3eaaaae38594,NBE,Banking,1,2025-08-27,التطبيق بعد ما عملت له تحديث لا يعمل برجاء الإفادة وحل المشكله,Negative
09d33922-be8e-4541-b03d-c3beba0cd613,NBE,Banking,5,2025-08-27,ممتاز جدا جدا,Positive
8afa768d-3bec-4978-a1be-416996ae0682,NBE,Banking,1,2025-08-27,تطبيق سيئ للاسف غير مفيد وعند تغير كلمة المرور بيقفل ولازم اراجع الفرع طيب الي برا مصر يعمل ايه نفسي القائمين علي الانظمة الإلكترونية يسافرو برا ويشوفو احنا بنقدر نعمل ايه والله احنا مش بنشيل كاش نفسي نوصل للمرحلة ده في مصر,Negative
8a984468-8282-40af-a24d-84af05fe1a51,NBE,Banking,5,2025-08-27,فوق الممتاز شكرا جزيلا,Positive
1bc00499-6c9c-4210-9e86-d2d2d0dd0e31,NBE,Banking,5,2025-08-27,ممتاز,Positive
75669040-9581-4214-9589-16466f233fcb,NBE,Banking,1,2025-08-27,انصح الجميع لا يحمل هذا التطبيق تطبيق فاشل وتضيع وقتك فى الفاضى انا معايا اسم المستخدم والرقم السري الى جاى من البنك وفتح معايا مرة واحدة بس والطبيق زبالة محدش يحملو,Negative
99b92aeb-7f70-469c-9535-8a7331bded8a,NBE,Banking,1,2025-08-27,سيء الي ابعد حد تطبيق عقيم بمعني الكلمة,Negative
1e067549-5f9c-4120-8e10-f7aee32c5d88,NBE,Banking,1,2025-08-26,تطبيق سئ جدا الإصدار، اللى فات كان احسن منه بكتير تقيل جدا فى التحميل وواجهه انجليزى وبصراحه زى الزفت نرجو تعديل التطبيق لا يعمل اصلا,Negative
b1b0fade-1862-4c3c-b17b-048d5e25f6e4,NBE,Banking,5,2025-08-26,تطبيق رائع,Positive
9b6200a3-e6ec-41b8-aebe-7d245ab94708,NBE,Banking,5,2025-08-26,ممتازه جدا,Positive
52a12114-e742-4eb5-b98c-76b619bc04fb,NBE,Banking,5,2025-08-26,تمام 👌,Positive
c120adb7-c304-4ec4-b670-5a168e9e638c,NBE,Banking,5,2025-08-26,رائع,Positive
a5fb352a-5192-48e4-8425-cbda09add9d4,NBE,Banking,5,2025-08-26,momtaz,Positive
651a1b8a-ddfb-45b2-97f5-1b77e8db88dc,NBE,Banking,5,2025-08-26,بنك ممتاز جدا وتطبيق جميل,Positive
331853d5-8c7a-40d0-a4b3-c06c124b3fd5,NBE,Banking,1,2025-08-26,تطبيق سئ والتعامل أسوء خساره نودع تعب عمرنا عندكم . بإلغى كل الحسابات البنكية عندكم قريبا,Negative
2399dd95-b1af-461b-b127-b9d4944c8734,NBE,Banking,1,2025-08-26,اتحمل ومش بيفتح خالص,Negative
b50e8584-8957-4336-94b5-3297b56b8a74,NBE,Banking,5,2025-08-26,فى عندكم موظف غير منظبط اسمه شريف سليمان نائب مرير فى كايرو فيستيفال بجد ده وجه سئه البنك,Positive
ff30c733-6366-49b4-aab1-3852397c9586,NBE,Banking,4,2025-08-26,تطبيق جميل لاكن مشكلتو إنو لو مستخدمتوش فتره يقفل ولازم تديه بيناتك من جديد موضوع متعب ياريت يتلغي,Positive
6866b77a-3bee-4b33-a26e-a23f203a2e8a,NBE,Banking,5,2025-08-26,ممتاز جدا,Positive
9f7f7c84-ca5e-4da5-9d96-e1b2c26ab897,NBE,Banking,1,2025-08-26,التطبيق لا يعمل مع اجهزه هاواوي برو ٧٠ ارجو حل المشكله اكثر من سنه ولا يوجد حل,Negative
6c48b0a3-155a-443f-9b44-fb2a49acc19d,NBE,Banking,5,2025-08-26,جيده جدا,Positive
29408253-e213-4fb5-8c7c-fa1666ab0e8f,NBE,Banking,5,2025-08-26,ممتاز,Positive
b48d9eb9-f5e9-4087-9cb8-13560f29108f,NBE,Banking,1,2025-08-26,تطبيق سئ جدا للاسف,Negative
20fc86f6-bbb4-4a11-b63f-17aad94c9b8f,NBE,Banking,1,2025-08-25,أسوء واجهة تطبيق بنكي شوفته في حياتي مافيش أي تقدم بل بالعكس تحسهم بيتأخروا عن التكنولوجيا الي بتظهر كل يوم,Negative
e6490018-7da5-4650-b469-cf4374d5f842,NBE,Banking,5,2025-08-25,ممتازة,Positive
1f89fb2a-a062-4e23-8fc9-014ea1fa0405,NBE,Banking,5,2025-08-25,ممتاز,Positive
0e0060fa-b811-4ab3-814b-84253bc88cd3,NBE,Banking,4,2025-08-25,اخر تحديث فاشل,Positive
f61d9610-e5b9-43c4-a45b-a86f0d1e0a6e,NBE,Banking,1,2025-08-25,بطيئ جدا,Negative
ba960e45-1325-4e87-978c-a3ca14e4146b,NBE,Banking,5,2025-08-25,رائع جدا,Positive
d74a5b22-f4d9-4e5d-8d54-69ef131fe1c2,NBE,Banking,5,2025-08-25,جيد,Positive
69fb3206-2da9-4063-9aaf-db1d55e0db10,NBE,Banking,5,2025-08-25,جيده,Positive
3cb717d4-43ac-43ad-b5be-6dc369d51b91,NBE,Banking,5,2025-08-25,ممتاز جدا جدا جدا,Positive
41c47590-04ff-4dc7-9f28-5748b40d2aa6,NBE,Banking,5,2025-08-25,جامد 😂,Positive
559a7f89-df82-4e76-a004-a729d041a69e,NBE,Banking,5,2025-08-25,جميل جدا جدا جدا جدا,Positive
902729e0-8428-4c53-9be5-29161dedda1b,NBE,Banking,1,2025-08-25,مش بيفتح,Negative
fcaab4ac-251d-4304-a061-257ca410de58,NBE,Banking,5,2025-08-25,جميل,Positive
46907479-03df-49b0-aa57-79205cff9ccd,NBE,Banking,5,2025-08-25,excellent,Positive
d793f3b4-5d38-4398-8074-5e40f5d79e8e,NBE,Banking,5,2025-08-25,ممتاز,Positive
764a119b-a3af-4776-9303-2e4100d48a2c,NBE,Banking,5,2025-08-25,ممتاذ,Positive
ae29f204-a483-47e7-9da7-b26a5991e99c,NBE,Banking,5,2025-08-25,توقف البرنامج فجأة ولم يعد يعمل.... ماهو الحل رجاء الإفادة,Positive
3a99e003-ee58-4764-a0b1-c9da254b9bab,NBE,Banking,5,2025-08-25,ممتازة,Positive
55197f3f-48a2-43da-a5a5-a5441d4792a5,NBE,Banking,5,2025-08-25,برنامج ممتاز.. وآمن. بس الالوان.. غامقة ومش مبهجة... لية..؟؟,Positive
dbbc64b0-34c1-4846-8f32-8474861bc03e,NBE,Banking,5,2025-08-25,ممتاز,Positive
e1b284a2-186b-4fbb-b239-432367cf32ad,NBE,Banking,5,2025-08-24,ممتاز,Positive
0fef1a6b-0d63-42c5-8f23-04853b1017a4,NBE,Banking,1,2025-08-24,جيد 👍,Negative
bd538e89-f4d8-4120-804e-4533189f099b,NBE,Banking,5,2025-08-24,رائع,Positive
470a0bca-d38f-4c14-a2ba-b9473636db55,NBE,Banking,5,2025-08-24,تطبيق جيد جدا مع الشكر,Positive
3e444136-72bd-4502-8964-22a1e1d9090a,NBE,Banking,5,2025-08-24,هائله,Positive
9fd854a2-9151-4569-926e-f53d0e18d720,NBE,Banking,5,2025-08-24,ممتاز,Positive
c2b10f14-81ee-4865-877e-b2ed715ce7a0,NBE,Banking,1,2025-08-24,التطبيق لا يعمل عملت ضبط مصنع وبعدها البرنامج بيدي رسالة لايدعم جهازك ما هو كان شغال قبلها بربع ساعة وحذفته اكتر من مرة وبعد كدا بقى يعلق على شعار البنك بس,Negative
cfca465e-bc28-4dc4-8560-54f9e91e54ad,NBE,Banking,5,2025-08-24,تطبيق رائع,Positive
aafba9a3-b044-4228-a32d-8ccc9a75382a,NBE,Banking,5,2025-08-24,رائع,Positive
9458bd7f-f2f5-4b7e-be28-dfd3da0383f0,NBE,Banking,1,2025-08-24,بنك كبير والتطبيق وحش جداااااا,Negative
17aea92f-4c38-46af-a2de-adb9b9e9831a,NBE,Banking,5,2025-08-24,ممتاز جدا,Positive
d950e371-54d8-413c-8dea-d45619471ed1,NBE,Banking,5,2025-08-24,أكثر من رائع,Positive
bb6f5f76-503a-48d0-b065-9398500f5259,NBE,Banking,5,2025-08-24,ممتاز,Positive
bbdc83f4-4eea-4845-8bb6-79e9ca373ce4,NBE,Banking,5,2025-08-24,ممتاز,Positive
fc9e6ac9-bf61-4ebb-8197-4d2b15831953,NBE,Banking,5,2025-08-24,ممتاز,Positive
825b8f26-62c3-4568-a29a-83452fdc70cb,NBE,Banking,5,2025-08-24,ممتاز,Positive
314a8a58-8a1b-478d-9fae-c1c86b7bcb9c,NBE,Banking,2,2025-08-24,يحتاج إضافة تحويل الى المحافظة الالكترونيه الى الحساب البنكي وتحويل رصيد وشحن كل شيء بدون وسيط مثل تكنو لسهولة الاستخدام وشكرا على التصميم لاكن يحتاج إلى اراده حقيقة للاستفادة منه,Negative
28a7413b-e09f-410d-89e5-c36c728e6e2a,NBE,Banking,5,2025-08-24,جيد جدا,Positive
5b1ec617-cde6-4a35-a0cf-9991ad01f353,NBE,Banking,4,2025-08-24,جيد و لكن يحتاج إلي بعض التحديثات كالتحويل للبطاقات و المحافظ الإلكترونية,Positive
2fc74c0a-3249-4ba1-8fb4-cd07003c4479,NBE,Banking,5,2025-08-24,ممتاز,Positive
d38f71b1-0bea-4f52-b553-8deb1daff5fd,NBE,Banking,5,2025-08-24,جيدة جدا,Positive
522ac1e9-f1e3-459e-9fee-64d20fd741cf,NBE,Banking,5,2025-08-24,جيد جدا,Positive
874478ea-4287-49e5-9376-a0b0b2d7823d,NBE,Banking,5,2025-08-24,رائع جدا,Positive
37dcece6-0e8c-4c7d-b3b0-ccbc86a343c4,NBE,Banking,5,2025-08-24,ممتاز,Positive
8b693da3-8e41-4523-9df9-977583cf5ecd,NBE,Banking,5,2025-08-24,بس يا ريت يكون زى انستا نحول وندفع الفواتير,Positive
3dc9a885-dd1a-4f50-901c-f487c5a18003,NBE,Banking,5,2025-08-24,ممتاز جدا لبنك محترم,Positive
19217dfe-44a9-4e91-8f9c-560d7d8f711c,NBE,Banking,5,2025-08-24,ممتاز,Positive
08a16931-3398-462d-80ae-7bfb9f0f90ff,NBE,Banking,5,2025-08-24,ممتاز,Positive
078220a2-a150-450e-9b5f-0f2a63376a4d,NBE,Banking,5,2025-08-24,تطبيق قمه في الانجاز والسرعه,Positive
034f0576-177f-418d-9ef0-de71c6961349,NBE,Banking,5,2025-08-24,ممتازه,Positive
988e6dcc-34af-438d-9174-2136992c1918,NBE,Banking,5,2025-08-24,تمام,Positive
8ac8de25-1a93-4309-8543-41ede7b7513e,NBE,Banking,5,2025-08-24,ممتاز,Positive
4dfd497e-09f3-48e6-b771-8966f612420b,NBE,Banking,5,2025-08-24,ممتازة,Positive
2a2dffc5-dbec-4632-b583-3e9d2859efd8,NBE,Banking,5,2025-08-23,ممتاز حتي الان,Positive
20b188f2-d37f-4039-a1e3-8984ec5bf631,NBE,Banking,5,2025-08-23,ممتاز,Positive
3c3044f6-8c91-42a9-9e60-7df5e26e6d07,NBE,Banking,5,2025-08-23,قمه الروعه,Positive
76a731be-ba27-4668-9017-20507fe69198,NBE,Banking,5,2025-08-23,ممتاز جدا,Positive
994879ee-f2ac-4454-8417-70b985d8dcdd,NBE,Banking,1,2025-08-23,تجربه فاشله وبرنامج فاشل وبنك فاشل واخر مره اتعامل معاهم,Negative
30a55956-ddae-429f-84c3-609547612957,NBE,Banking,3,2025-08-23,تأخير في تحديث البيانات لمتابعة نشاط الحساب,Neutral
ee465097-3f72-411b-8c20-c3017bdf0006,NBE,Banking,5,2025-08-23,جيد جداً,Positive
b8dd8eb0-a74c-4408-b11e-5603dac9c583,NBE,Banking,5,2025-08-23,ممتاز,Positive
bba50daf-eb8c-4adc-8f64-7addf4c7f54f,NBE,Banking,5,2025-08-23,ممتاز جداً,Positive
fc245318-9161-48ea-a1e8-c2c56587fa53,NBE,Banking,5,2025-08-23,تطبيق سلس وممتاز جدا,Positive
ed736816-7fb2-4625-b8c5-ad028b402a6e,NBE,Banking,3,2025-08-23,تمام,Neutral
a26db125-f772-48d4-8f35-c84637af46ea,NBE,Banking,4,2025-08-23,ممتاز بيوفر مشوار البنك بس فى بعض الأحيان حجات مش بشوفها,Positive
9496a2d9-c5de-4444-bfe5-0e4061e8c8cc,NBE,Banking,1,2025-08-23,أسوء تطبيق علي جميع مستوي بنوك العالم تلات شهور ومش عارف افعل التطبيق علي الموبايل اتقو الله شويه وحسنو خدماتكو,Negative
b2b59968-6e99-488f-8e78-2230936736fc,NBE,Banking,5,2025-08-23,مصعبين البرنامج ده خالص كل ما اجي اخش على البرنامج بقول لك اكتب كلمه السر وقت كلمه السر يقول لي غير صحي ان حافظها الله يصلح حالكم يا رب,Positive
b917ca28-3bf7-47fc-9742-1a18bc6630a1,NBE,Banking,5,2025-08-23,جيد ويتطور باستمرار,Positive
efe8e9af-0413-48dd-92a8-32a0744b95c3,NBE,Banking,1,2025-08-23,بصراحة تطبيق للاسف غير جيد. بالمقارنة مع الحسابات الاخرى فى بنوك خارج مصر تشعر بالسهولة والمصداقية، الرسوم الادراية فى البنوك مرتفعة مما يجعلني لا افكر فى ادخار اي مبلغ مالي فى البنك لان البنك يستفيد من وجود اي قيمة مالية وبالتالي الرسوم الباهظة تقلل الثقة، ايضا بمجرد ان تفتح اي حساب خارجيا تستطيع التحكم فى اموالك بسهولة سواء سحب ايداع تحويل اي لا يتوجب عليك الذهاب الي خدمة العملاء.,Negative
f6a3cbe6-8ec2-4b6a-8765-9e6270a2f52d,NBE,Banking,5,2025-08-23,جيده,Positive
e21d3cf0-88ec-4bee-92e7-ded4c712bc01,NBE,Banking,1,2025-08-23,جيدة,Negative
e113220e-011a-4c8c-8574-404bd96313cf,NBE,Banking,5,2025-08-23,بنك اكثر من رائع وخدمة عملاء ممتازه,Positive
fafa5692-d029-491a-9f83-45214c176a08,NBE,Banking,5,2025-08-23,برنامج رائع ويوفر جهد و وقت انتظار داخل البنوك شكرآ لكم جميعآ,Positive
bde5a46c-b4de-46d2-a2d0-5cd3618b075f,NBE,Banking,5,2025-08-23,ممتازة,Positive
f0fd202d-0ae8-44e6-9016-95899f831f2d,NBE,Banking,4,2025-08-23,التطبيق لايفتح بعد التحديث,Positive
64500768-0ac2-48e7-9a03-040eaf0bfb96,NBE,Banking,1,2025-08-23,التطبيق لا يعمل!!,Negative
e52c8be0-6f82-4288-84a1-9f5efa816b9a,NBE,Banking,5,2025-08-23,ممتاز,Positive
2f8907ce-00a4-41cc-b79a-855aa152bbac,NBE,Banking,1,2025-08-23,تطبيق سئ جدا جدا ارجو الحل كل ما افتح يقولى صورة ورمز الامان خطأ,Negative
025b3786-a6eb-4766-80c6-7b563958395f,NBE,Banking,5,2025-08-23,ممتاز. جدا,Positive
bdb6096f-2930-43f3-a377-5b9712a27cab,NBE,Banking,5,2025-08-23,ممتاز,Positive
e7dd916d-3e48-4bd9-b248-99784cffc697,NBE,Banking,5,2025-08-23,تطبيق ممتاز يغنى عن الذهاب إلى البنك الا للضروره,Positive
090c9ba1-aa91-4e20-a68c-57c3a3ddc997,NBE,Banking,5,2025-08-23,👍 جيد,Positive
2f3d9b32-1e41-44f9-a561-6d812afcc489,NBE,Banking,5,2025-08-23,وحش جدا جدا جدا جدا جدا جدا جدا,Positive
14d26dd8-60bb-4846-9c45-41de60c543d3,NBE,Banking,5,2025-08-23,محترم,Positive
507a9340-6b71-4176-93b5-1c7dbfa18dd4,NBE,Banking,5,2025-08-23,ممتاز جدا وإلى الأمام أن شاء الله رب العالمين,Positive
fadf916e-1cee-4cba-8ab8-80c76cdf3bcb,NBE,Banking,2,2025-08-23,لا يمكن تحويل الاموال والخدمه موجوده لكن مش شغاله,Negative
7a40ab87-d6a5-4677-9e84-a5df8909abc0,NBE,Banking,5,2025-08-23,جيد جدا,Positive
9987f6f3-c7b1-4daa-9914-59076d32eb59,NBE,Banking,1,2025-08-23,لا يوجد أسوء من التعامل مع العاملين بالبنك الأهلي إلا التعامل مع تطبيق البنك الأهلي فهذه تجربة رديئة وهذا أقل ما يمكن وصف العملية كاملة به وأنا أعرف أن سبب هذا السوء هو فساد كامن مستشري لذلك لا جدوي من أي كلام فلا يمكننا أن نقول سوى حسبنا الله ونعم الوكيل.,Negative
a07eba7f-2722-431a-864b-6a786f333fe5,NBE,Banking,5,2025-08-23,تطبيق ممتاز ورائع,Positive
f0675b82-c6dc-4eba-aeaa-d7d1133154cf,NBE,Banking,2,2025-08-23,يحتاج لتطوير يأتي بآخر المعاملات المالية بكشف الحساب,Negative
f6230cc5-122c-46ca-a68d-ceacc8382466,NBE,Banking,5,2025-08-23,رائع,Positive
b228f221-83e5-488d-beb5-20f60f7c7f38,NBE,Banking,4,2025-08-23,جيدة جدا,Positive
9548e462-2814-49f0-9863-86e425bb6219,NBE,Banking,5,2025-08-23,رائع,Positive
9e4b2b64-f7d2-45a0-a406-b5e79e371692,NBE,Banking,5,2025-08-23,ممتازة,Positive
a9fbc0f7-5ec1-4b3a-b3a5-42adec32c03d,NBE,Banking,5,2025-08-23,جيده,Positive
7729bbee-97ff-4d41-8a37-5c651e86ba27,NBE,Banking,5,2025-08-23,ممتاز جدا افضل بنك في مصر وأفضل خدمة عملاء واحسن استقبال ربي يوفقكم الا الافضل,Positive
d07e4635-7a91-4e7e-91cd-96ca3278bf10,NBE,Banking,5,2025-08-23,التطبيق ممتاز,Positive
f003a432-dd33-48b8-ae82-3fcd6d034d40,NBE,Banking,5,2025-08-23,ok,Positive
4a787c97-82cd-44fc-abcc-1179f5353340,NBE,Banking,5,2025-08-23,ممتاز,Positive
cc5b517a-b7bc-405a-9b9d-f50ae6b34b0d,NBE,Banking,1,2025-08-22,تطبيق فاشل وتقيل جدا وخدماته معقده,Negative
2e3c4568-d73c-4a72-832a-04119936dc88,NBE,Banking,1,2025-08-22,في مشكلة في التطبيق كل مرة ادخل اسم المستخدم وكلمة المرور صح يجيني رسالة حرصا منها وسلامتكم ادخل كلمة المرور مرة أخري في دقيقتين ما يكمل ثواني يخرج لحاله,Negative
184b4122-036d-480e-9fa8-b52af7a27c29,NBE,Banking,1,2025-08-22,التطبيق يعمل لفترة ثم تحدث به أعطال ولا يعمل,Negative
99544b00-24b2-40ec-85ad-6af1af51bcb8,NBE,Banking,1,2025-08-22,محتاج تطوير اكثر ممل في استخدامه,Negative
210aeb6c-9855-40c0-83d3-39313ebc38bf,NBE,Banking,2,2025-08-21,جيدة,Negative
701e5b44-7fe8-4956-97c7-927e1f7d1988,NBE,Banking,3,2025-08-21,الله يجازيكم خير التطبيق لا يفتح منذ ايام نحتاجه بشدة وحتي لا نعرف سبب للمشكله,Neutral
d312e945-f8d4-4e8f-bfd7-b612dfde6598,NBE,Banking,5,2025-08-21,ممتاز جدا,Positive
004b6a95-6150-4cfb-a099-91aa01f7afa8,NBE,Banking,3,2025-08-21,ممتاذ,Neutral
fbc7ce69-2c84-4224-afe9-8c7c1c13745c,NBE,Banking,1,2025-08-20,مش راضي يفتح علي الموبايل وجايب رساله ان الفون اتعمل ليه رووت وانا معملتش حاجه,Negative
332228fc-79cb-4c4b-b43f-78c24fda9fea,NBE,Banking,1,2025-08-20,ما الفائدة من هذا التطبيق إلا حرق الدم .. أسجل دخول كود صحيح وكلمة السر صحيحة يدينى رسالة إرسال كود otp وينام على بال ما يتم ارسال الكود البرنامج يقولك انتهت صلاحية الجلسة سجل دخول من جديد وتفضل على كدة ولا فائدة ... فين الاهتمام بالعملاء وبسمعة البنك والفائدة من وراء خصم الرسوم الشهرية والا الربع سنوية والا السنوية قصاد الكلام ده .. فين حقنا من وراء الرسوم اللى بندفعها للبنك 🤬,Negative
653d9a2e-5b57-41a3-a01a-34aa3c03956d,NBE,Banking,1,2025-08-20,رسايل otp بتوصل ب بعد ١٢ ساعه خدمه الوتس اب غير مجديه بوت ولا بيحل اي مشكله انا خارج الدوله كيف اقدر احل مشكلتي!!!!!؟,Negative
d54bc78b-e954-432b-af55-4a5f323eea02,NBE,Banking,1,2025-08-19,سئ جداً,Negative
76a1d97c-c179-4ef8-ac51-7a747fd312b9,NBE,Banking,1,2025-08-19,تطبيق تقيل جدا وكل شويه يطلب تسجيل دخول وامان كتير جدا لدرجه تخلينا نمنع نتعامل بيه,Negative
d4f539c2-07ff-4629-be81-372f4e2a5164,NBE,Banking,1,2025-08-18,الناس بتتطور وانتو زى ما انتو تطبيق جار عليه الزمن عقيم,Negative
1054284e-d75b-4d27-b763-15a60f0a6a13,NBE,Banking,5,2025-08-18,ممتاز,Positive
81ec8137-5be4-404a-93f2-e61c554e96f2,NBE,Banking,1,2025-08-17,البرنامج لا يعمل على جهاز الموبايل وعند فتحه لإدخال الرقم السري والبينات يقول حدث خطأ ولا يعمل,Negative
4a86d140-7996-4feb-9358-9d96d644b9b5,NBE,Banking,1,2025-08-17,البرنامج مش عاوز يخلينا ندخل اساس,Negative
963a545d-a811-4746-a2c6-22e0f580a8f5,NBE,Banking,5,2025-08-17,شكرا,Positive
89c66120-8217-451a-bae7-07f0dbc7d413,NBE,Banking,5,2025-08-17,جيد,Positive
bcb07207-7895-414b-bf8a-f5fb36dd4c92,NBE,Banking,1,2025-08-17,برنامج سيئ جدا جدا ولا يعمل,Negative
04dd5a34-5629-40b7-9f38-114c4ddd09ea,NBE,Banking,1,2025-08-16,زفت زفت,Negative
870fe065-bbbe-47d0-b248-08560fd5f400,NBE,Banking,1,2025-08-16,كله مشاكل، ومش بيقدموا حلول,Negative
b02e530e-c537-4453-9c15-8e737af911b7,NBE,Banking,1,2025-08-15,حاجة زفت وبنك خدمات مقرفة ومفيش اهتمام بلعمله باريت يبعو,Negative
5c3a2e96-abcf-43bd-8ba2-80ae9ce07cab,NBE,Banking,1,2025-08-15,اسوأ تجربه لهذا التطبيق لايعمل نهائي,Negative
35e981cb-8ffc-4d7d-a270-f08a8a209167,NBE,Banking,5,2025-08-14,تحت التجربة,Positive
5397d8d9-48df-496a-aae9-f8681d579c6a,NBE,Banking,1,2025-08-14,تقيل وبيقع كتير,Negative
b1ac9352-fd62-4be1-b303-85f151379ed4,NBE,Banking,3,2025-08-13,شغال,Neutral
87ca965a-3207-4af8-8d39-b8200b746c99,NBE,Banking,5,2025-08-13,جيد,Positive
53428359-8511-422b-8329-01302c364747,NBE,Banking,1,2025-08-13,التطبيق لا يستجيب عند إدخال كلمة المرور,Negative
39106727-d63b-4f65-9cc6-5db7be8cdde2,NBE,Banking,1,2025-08-13,مش راضي ينزل اصلا كل م أنزله يقولي تعذر التنزيل,Negative
3aad561e-c48d-478e-9523-efc3d27bc2b1,NBE,Banking,2,2025-08-13,سئ يرسل رساله خطا ولا يعمل,Negative
720af7c3-826f-46ab-afe3-8f54bd993844,NBE,Banking,5,2025-08-13,جيد جدا,Positive
591b9895-1cc8-47f8-8306-0b45a1060d59,NBE,Banking,1,2025-08-13,تطبيق لا يعمل من فتره سئ الان,Negative
b3057747-4cd6-4b74-80cf-3fb0b54bc073,NBE,Banking,5,2025-08-12,للاسف التطبيق ليس شغال,Positive
fef9f855-a784-4980-be54-999a0baffdf5,NBE,Banking,1,2025-08-12,تطبيق سيئ جدا برجاء تحديث افضل من هذا,Negative
e5e28560-6235-4f25-8dc4-03573a480367,NBE,Banking,5,2025-08-12,شكرا جدااااااااااا,Positive
8476511a-bd76-4021-a8ae-0433e916458d,NBE,Banking,1,2025-08-12,سئ جدا وبطييييييييييييئ,Negative
14f4fd3e-1998-4195-8bd4-56a11e3814e3,NBE,Banking,5,2025-08-11,ممتاز جدا,Positive
2964def0-b7d0-446d-aeb6-ac3353e5a68c,NBE,Banking,1,2025-08-11,التطبيق أصبح سئ جدا جدا بقالو فتره مهنج ووحش جداااااااااااا,Negative
38e3d4e5-900c-4ff2-8a87-bdff07713282,NBE,Banking,1,2025-08-11,سيئة جدا جدا جدا,Negative
b3c0fa78-25f9-42bc-92ea-70179dce25f0,NBE,Banking,1,2025-08-11,عندي مشكله عايز لها حل انا عملت للجهاز ضبط مصنع من الجهاز كل ما اجي افتح ابلكيشن بيقولي الابلكيشن لا يدعم الاجهزه اللي اتعملها روت وانا معملتلهاش روت انا عملت ضبط مصنع عادي يعني انا عايز حل ..,Negative
ab96a1f9-61c1-4dd5-b9ed-e57718e15ecd,NBE,Banking,5,2025-08-11,ممتاز,Positive
a8564fd4-0974-446e-8c63-dfdc075cb4e9,NBE,Banking,1,2025-08-11,للاسف بيعلق كتير جدا وبطىء جدا,Negative
5dd83c66-c366-4194-854d-ab5833d01959,NBE,Banking,1,2025-08-10,التطبيق ضعيف جدا وكل شويه فيه مشكله,Negative
ad6ea7cc-30cf-4781-8f6c-b03c6f7a69dd,NBE,Banking,1,2025-08-10,التطبيق يعطي رسالة rooted device is not supported ولا يفتح,Negative
3e3fdea1-1163-44d5-8b5c-1d4b213790c2,NBE,Banking,1,2025-08-08,التطبيق لا يعمل ولا استطيع الدخول الى حسابى ولا يوجد اى اهتمام,Negative
0134ee69-7259-4a09-a246-a3ac868538ac,NBE,Banking,1,2025-08-07,تطبيق زباله مش عايز يفتح كل مره يقول خطأ,Negative
58d5c95a-e471-4bef-aec7-07eb7f2d69e8,NBE,Banking,2,2025-08-06,"بعد اخر تحديث .. كل ما افتح التطبيق تظهر رسالة ""هناك شىء خاطىء يرجى المحاولة فى وقت لاحق"" ومش بتتحل حتى لو حذفت التطبيق بالكامل وثبته مره اخرى ‼️",Negative
bb28e4d2-7537-4caa-86e2-fb0bb0b6fd17,NBE,Banking,1,2025-08-06,التطبيق لا يعمل . أفتح صفحة إسم المستخدم ثم أذهب لصفحة إدخال الرقم السري و أقوم بإدخاله بالفعل ولكن التطبيق لا يستجيب ، فقط يعطيني مؤشر أنه يحاول أن يفتح ولكن دون جدوي . قمت بحذف التطبيق و تحميله مرة أخري ولكن لم تتغير النتيجة. أرجو حل سريع لهذه المشكلة . الهاتف المستخدم Samsung galaxy A32,Negative
06c0c860-7888-4d45-a711-59e61d391088,NBE,Banking,5,2025-08-06,تطبيق تحويل حلوة جميل جدا,Positive
c3189405-b2f1-4c29-9e97-96340ff4d2d7,NBE,Banking,1,2025-08-06,التطبيق لا يعمل ارجو حل هذه المشكله,Negative
c7a80e6e-fb3e-47ae-aa98-f3eeb0eb269a,NBE,Banking,5,2025-08-06,ممتاز جدا,Positive
85127e17-e4a0-44fb-8af3-e8e12c866880,NBE,Banking,5,2025-08-06,تجربه ناجحه,Positive
10819b98-0dca-4e0c-a897-28a25cfc0835,NBE,Banking,1,2025-08-05,تطبيق مش بيفتح خالص,Negative
7488e236-7ee8-4dfc-91c2-a8042b0559be,NBE,Banking,1,2025-08-05,التطبيق مش شغال في عطل ياريت نحل المشكلة,Negative
75d891ce-7c1b-4aa7-9c21-b3b8653c1110,NBE,Banking,1,2025-08-04,بيقولى الموبايل علية روت ومش راضى يفتح,Negative
3a42d9dd-acfe-46bb-bf87-8cab2f121faa,NBE,Banking,1,2025-08-04,برنامج بطيئ وزباله ومش عايز يشتغل وبقالي ٣ ايام بيقولي جاري تحميل صوره تقيم البرنامج صفر,Negative
f207d324-30ec-4255-9d1c-f1a1f07d7966,NBE,Banking,5,2025-08-03,مش عارف تفتحزو,Positive
0987160e-8f4b-48e1-bc32-38f6621e1d0e,NBE,Banking,5,2025-08-03,برجاء مراجعة التطبيق لانة بعد مشكلة سنترال رمسيس وهو لايعمل بشكل جيد ومرهق جدا تحياتى لكل العاملين بالبنك المحبوب لدى البنك الاهلى المصرى,Positive
c364f4c0-38a6-436b-924f-23ad5318680f,NBE,Banking,1,2025-08-03,تطبيق سيء جدا لو غيرت البصمة ع الفون أو غيرت الفون نفسه متعرفش تدخل ع التطبيق، بيطلب منك تسجيل الدخول وعشان تسجل دخول يقولك انتظر حتى تظهر صورة وعبارة الأمان، غيرت الفون بقالي 6 شهور ولحد دلوقتي صورة وعبارة الأمان لم تظهر.!,Negative
8f7f281e-70f2-486a-8169-d621e92416ed,NBE,Banking,5,2025-08-03,كويس جداً,Positive
08cc2462-4ea6-4e39-95f6-83c39b68e89f,NBE,Banking,5,2025-08-02,متمز,Positive
84bb5396-99a6-4fe2-80e7-b7b2c0163978,NBE,Banking,1,2025-08-02,أسوأ تطبيق تعاملت معه في حياتى مع أنى مسجل فيه حسابى إلا أنه طلب إعادة التسجيل وعند إتمام العملية يقولك أرسلنا رمز otp على هاتفك المسجل لدينا وننتظر الرمز يأتى بعد يوم مع ان صلاحية الجلسة تكون انتهت بالإضافة ان صلاحية الرمز دقيقتين بصراحة الرقمنة فى مصر حاجة إعجاز فى الفشل,Negative
5a789ffd-5d9a-4bbd-a41f-63a27f9d2e7e,NBE,Banking,5,2025-08-02,هو البرنامج مش عايز يشتغل عندي ليه,Positive
996bcb29-0347-4903-b226-813505fadb8f,NBE,Banking,1,2025-08-02,التطبيق لا يعمل مطلقا على موبايلي كل مرة بعد كتابة كود المستخدم وكلمة المرور تظهر رسالة خطأ لا يمكن تنفيذ طلبك حاول مره اخرى,Negative
b55d215a-1a91-4c3f-b21b-f4c2f6af6f25,NBE,Banking,5,2025-08-02,"My experience in dealing with the National Bank of Egypt, Hanover branch, with deposit certificates of large amounts. I have all appreciation and respect for this branch for the service of the customers of colleagues, male and female, who showed me their respect for their honorable person before presenting the products of the National Bank of Egypt, Hanover, as well as any person I dealt with in withdrawal operations with a number, they respected them personally, then worked with skill in withdr",Positive
88f1ef0a-56ed-429f-b2d6-07062a04fa94,NBE,Banking,2,2025-08-02,التطبيق لا يعمل ويغلق من تلقاء نفسه,Negative
6651b084-f315-43a4-a701-d518702ecf95,NBE,Banking,1,2025-08-01,مش فاهم,Negative
89cdf90f-f25e-4720-af3c-e5302ca495b1,NBE,Banking,5,2025-08-01,معقوله,Positive
5ad70a98-a819-4e52-b636-f271db47cd28,NBE,Banking,1,2025-08-01,بطئ جدا جدا جدا,Negative
cf50cb6c-cd4f-49e6-8d3f-191c539c1164,NBE,Banking,4,2025-07-31,التطبيق كان شغال كويس وحاليا مش عايز يفتح,Positive
814dc4f6-a951-43ab-a3c4-870d9a32d613,NBE,Banking,5,2025-07-31,ممتاز,Positive
4200f4be-2269-4048-8491-980b86cadaf5,NBE,Banking,1,2025-07-31,التطبيق لا يفتح,Negative
339fd31b-3eac-4da6-b4c0-4f0a6f291579,NBE,Banking,1,2025-07-31,معقد و فاشل,Negative
67b470ba-8954-4f4f-acf7-c54e104f4aa2,NBE,Banking,5,2025-07-30,مش عارف ادخل على الاهلى نت بيظهر كلمة تحقق o t p ثم ترجع للصفحة الاساسية,Positive
48c76344-ab64-4742-96ff-ddfb57c5812a,NBE,Banking,5,2025-07-30,ممتاز 👌👍❤️,Positive
29e3e4f7-1f3a-418b-b988-9448a2a2d004,NBE,Banking,2,2025-07-29,به مشكلات الان بعد اخر تحديث,Negative
73974825-8663-416d-9d1f-6d41933c8797,NBE,Banking,2,2025-07-29,التطبيق من فتره لا يفتح ويكتب أنه طالب تحديث واتصلت بالبنك قالوا اني لازم اتواجد بالبنك علشان يشغل لي التطبيق وفي اي بنك تاني ممكن من غير ما اتصل اغير الرقم السري وخلاص ياريت ترجع لي التطبيق تاني لاني مش من المنطقي اسيب شغلي علشان اروح البنك اتزنب علشان ارجع تطبيق لان التطبيق فعلا فارق معايا وكان مفيد ودقيق جدا وشكرا,Negative
496d6550-8f56-42c5-be19-da370519fcb1,NBE,Banking,1,2025-07-28,نظام فاشل واداره فاشله وهقفل حسابي واتعامل مع بنك تاني افضل,Negative
7b88be12-337d-43ee-9e1d-6c62cd07ca54,NBE,Banking,1,2025-07-28,اسوا خدمات مقدمه من البنك في الحضور خدمة العملاء سئ جدآ جدآ بالأخص فرع مركز الحسينيه محافظة الشرقية لا انصح احد,Negative
12481a8d-c1e3-4657-8b0d-1253b78d37df,NBE,Banking,1,2025-07-28,انتو بنك ابن وسخه انتظار عشان اطلع البطاقه اللي هي المفروض تجيلي لحد البيت,Negative
f395cdf2-bd2f-42c8-a06f-7d943a9c1eda,NBE,Banking,1,2025-07-28,البرنامج سئ ومش شغال,Negative
ed8d4fe8-ba88-4eb6-a44c-4c30bd2fb996,NBE,Banking,5,2025-07-27,التطبيق جميل به جميع الخدمات وحل مشكله تكدث البنك نوعا ما,Positive
190ab257-b47c-4242-ba81-b70db608a594,NBE,Banking,1,2025-07-27,لا يعمل!!!؟؟؟؟,Negative
e814d04c-d974-4684-95bc-bb9efd212b5e,NBE,Banking,1,2025-07-27,بيعلق في الفتح بطئ جدآ بقالي يوم محتاج استرداد مبلغ واقف علي ارسال الرمز يعني الواحد يحمد ربنا علي اني معايه فلوس مافيش نوع من أنواع الاهتمام,Negative
15422845-925a-49fe-8e9a-292e2c4110ed,NBE,Banking,5,2025-07-27,ممتاز جدا,Positive
f3c6703a-60cf-40ef-8053-21c81596b691,NBE,Banking,1,2025-07-26,برنامج بطيئ جدا وبيتأخر في إرسال الكود المتغير وبيغيب في الفتح,Negative
2398a1c3-8767-4d0e-b3c6-0bcbf3e87dac,NBE,Banking,1,2025-07-26,سئ للغاية لا أنصح أحد بي وخدمة عملاء لم يتم اي استجاوب ولا اي حلول للمشكلة مقاطعة البرنامج أفضل المل يسعي للمقاطعة باقي البنوك اسهل ف التعامل مع التطبيقات,Negative
1f9c8eb4-a8b8-4f0a-bac2-ff02e1fb5a59,NBE,Banking,1,2025-07-25,تطبيق سئ ، لازم اعدل اللغة في كل مرة استخدامه ، تطبيق بطيء ، عدد الصفحات كتير عشان اوصل للى انا عاوزه تجربة سيئة هيكون اخر تعامل مع البنك لانه مش مهتم يحدث تطبيقه بطريقة تناسب استخدام العملاء,Negative
8115b7da-d273-47e4-85d0-6ce70e3647e9,NBE,Banking,5,2025-07-24,البرنامج معطل,Positive
bdfb3c5c-2657-493f-bd06-1e5ca1193e42,NBE,Banking,2,2025-07-24,نرجو حل مشكله عدم تحميل الإيصال الالكتروني عند التحويل,Negative
917ef125-ba0e-4eb5-b94d-4768e7f94f03,NBE,Banking,5,2025-07-24,ممتاز جدا,Positive
8270da5a-b26b-417e-bea8-42792bc184c9,NBE,Banking,5,2025-07-24,ممتاز,Positive
8a327402-a523-430c-8a0b-7d4270fdea85,NBE,Banking,1,2025-07-24,التطبيق كان رائع ولكن بعد التحديث الاخير الاسبوع الفائت التطبيق لا يفتح ويقول غير متصل بالانترنت مع ان فيه نت وكل التطبيقات تعمل الا هذا التطبيق وتم حذفه وتنزيله مره اخري ولكن نفس المشكله ما الحل في هذا الامر 😡😡😡,Negative
6cf76f6f-2632-43a0-9a10-914190c0194c,NBE,Banking,5,2025-07-24,رائع,Positive
d455e892-5ca9-4626-80fe-55e677362170,NBE,Banking,1,2025-07-24,من الاسهل اني البس وانزل اركب مواصلات واروح ابعد فرع بالنسبه لي حا قوم بتفيذ المطلوب من البنك ويكون التطبيق لسه مافتحش بطئ جدا وعلي طول مش قادر يتصل بالخادم الاطفال علي اليوتيوب قنواتهم احسن من هذا التطبيق وعيب قوي يبقي بنك بالحجم ده وتطبيقه الواحد مش عارف بوصفه بلفظ لا يليق بمكانه البنك وللاسف لا يستحق حتي نجمه واحده وده بنك من اعتي البنوك المصريه للاسف صحيح فرق بين قنوات الاطفال والتطبيقات بس ماينفعش اقارن بينك وبين اليوتيوب مثلا وده تطبيق وده تطبيق عليه ملايين اضعاف عملاء البنك للاسف,Negative
6f10d229-7220-4cdb-8e40-755e6d826452,NBE,Banking,1,2025-07-22,مش شغال,Negative
1d5fc0d4-9407-4906-bd5a-e11a7a607ecd,NBE,Banking,1,2025-07-22,التطبيق سئ جدا ومش شغال معايا خالص وخدمه العملا كلمتهم اكثر من 10مرات ومعملوش اي حاجه 😡😡😡😡,Negative
cd8f2054-672f-4e9e-8b48-ffc3c1a7a0a4,NBE,Banking,1,2025-07-20,من اسوأ التطبيقات اللي شوفتها,Negative
2a5e891f-f036-4c92-b292-cc3f775b8f85,NBE,Banking,1,2025-07-20,التطبيق سئ جدا بطئ جدا وكل ما اكتب كلمه المرور يقولي خطئ انا مش عارف ايه المشكله ودي مش اول مره,Negative
13842eb0-3ab1-4e97-b721-c6c73093cdad,NBE,Banking,1,2025-07-20,سيى,Negative
563a7955-09a4-4163-ac89-10ec69ff3e8e,NBE,Banking,1,2025-07-19,برنامج سئ لايظهر الحساب الفعلى بعد اى عمليه,Negative
668fd92c-a2b1-4735-8dff-c10c1b9b0f85,NBE,Banking,1,2025-07-19,سيئ جدا يفتح بصعوبه ويظهر رساله انى غير متصل بالانترنت بالرغم من فتحه على اجهزه قويه وشبكه انترنت قويه,Negative
b9782e22-dbab-41f8-8187-4bdca349fe80,NBE,Banking,2,2025-07-19,تطبيق مش اد كده مصر احسن منه بمراحل,Negative
3100f27e-0d06-47e7-898f-ac2d11651ec8,NBE,Banking,1,2025-07-19,ابلكيشن زفت وبطئ ومش عارف ادخل على حسابي,Negative
f7831971-0dbe-4644-a580-41e996f48b11,NBE,Banking,5,2025-07-19,ممتاز جداً,Positive
094825cd-5865-4d89-86e4-fcf60707244e,NBE,Banking,1,2025-07-18,للأسف تجربتي سيئة مع التطبيق فهو غير داعم لجهاز هوواوي ، فأنالم أتمكن من الدخول بسبب أن التطبيق لا يفتح معي بسبب أن التطبيق غير داعم لأجهزة هواوي الأندرويد أرجو وضع ذلك بعين الاعتبار في أقرب فرصة,Negative
19c6ee8f-240e-4610-b591-eb1676fdc68d,NBE,Banking,5,2025-07-18,ممتاز ومريح في التعامل يمكنني عمل اي اجراء بنكي بواسطته,Positive
a666a902-d1e7-4ab0-96a2-885c89a97708,NBE,Banking,1,2025-07-18,من ساعة اللي حصل في سنترال رمسيس وخدمة الابليكيشن في النازل اغلب الوقت يقول خطا الاتصال في الخادم و البطاقة غير موجودة,Negative
73e6a162-c8dc-467b-820e-8cb0d66adf07,NBE,Banking,1,2025-07-18,سئ للغايه,Negative
7ae14b88-98bd-4522-94b5-5265130e5281,NBE,Banking,5,2025-07-17,التطبيق ممتاز .. ولكن يحتاج الي تعديلات اكتر داخل التطبيق .. لحل مشاكل البط عند الفتح وكذلك التحويل الدولي بين الحسابات الخاصة,Positive
57b4777e-1833-47a6-a650-956763428a7c,NBE,Banking,5,2025-07-17,👍,Positive
4d76fbbc-f4b3-490c-b3fd-217f80e1d1e0,NBE,Banking,1,2025-07-17,سيء جدا جدا كل شوية يطلب تغير الباسورد وكلم خدمة العملاء سيء,Negative
cf3ed05f-04b4-4504-aa4c-d1dc58304389,NBE,Banking,1,2025-07-17,أسوأ بنك وأسوأ تطبيق على وجه الارض خدمة عملاء سيئة للغاية وكل شيء يبلغك راجع اقرب فرع البنوك بالخليج كل شيء انت وفي سريرك تعمله حتى فتح الحساب وتطبيق تقيل,Negative
565fc962-30cb-4883-b540-42e0c183ffe3,NBE,Banking,1,2025-07-17,تطبيق سيئ جدا مقارنة بتطبيقات دول الخليج صفر على الشمال,Negative
e3a4a2a5-caed-4f33-bd61-1f4f997a6260,NBE,Banking,5,2025-07-16,جيد جدا بس للاسف فى اوقات بيعلق,Positive
f4e33758-f414-4fef-bc7a-f1d59166b628,NBE,Banking,5,2025-07-16,بطىى.,Positive
fe0ccc3a-562b-401c-9f5e-2df50e2fdc4b,NBE,Banking,5,2025-07-15,رائع,Positive
80671f33-8129-465f-a92e-8d158c158ad9,NBE,Banking,5,2025-07-15,تطبيق ممتاز,Positive
e076f560-6f70-4691-bd24-41dda9d9bb30,NBE,Banking,1,2025-07-15,سي جدا لا يفتح الا بمعجزة,Negative
7172095a-ee08-4a11-bd32-a1c8636ad8c4,NBE,Banking,1,2025-07-15,سي فى التحميل,Negative
633f4ab0-8d05-4c5d-95f3-1a378a148585,NBE,Banking,5,2025-07-14,برنامج مش عايز يفتح برنامج مش عايز يفتح,Positive
cf2e7e5d-2a53-4997-a982-af23c7ba13f2,NBE,Banking,5,2025-07-14,ممتاز جدا,Positive
525e4f05-0b9d-4bd2-8a67-bf1f20830471,NBE,Banking,5,2025-07-13,ممتاز جداا,Positive
a1fb7c7e-5c7b-492c-af80-c8f87e7e53e1,NBE,Banking,1,2025-07-13,تطبيق كله مشاكل ومش شغال ومرة يستغل والف لا . النجمة كتيرة عليه,Negative
49e90442-8d2e-475b-9478-b7ad487712a3,NBE,Banking,1,2025-07-13,البرنامج بطئ جدا في الفتح,Negative
5fecf371-9b5b-4362-af4d-14a6685df247,NBE,Banking,5,2025-07-13,ممتاز,Positive
697e28e6-a0d9-405a-a810-dcc12c0d5ddf,NBE,Banking,3,2025-07-12,التطبيق منذ حريق سنترال رمسيس لا يعمل بكفاءه ورغم أن النت عاد ولكن التطبيق يعمل ببطأ وأحيانا لا يعمل واليوم تحديدا لا يعمل فما هى المشكله,Neutral
d496b442-7975-4c1e-9c5e-a1f77c49c216,NBE,Banking,5,2025-07-12,برنامج محترم جدا جدا جدا,Positive
55a253ef-6640-466b-a3d1-7461517b9a26,NBE,Banking,5,2025-07-12,ممتاز جداً جداً أوي,Positive
721294ee-50f4-4396-94a5-0aca65704a45,NBE,Banking,1,2025-07-12,تجربتي بعيد عن التطبيق تمامآ ومن اسوء التجارب اللي مريت بيها وبكتب هنا علشان لو حد مر بنفس التجربه يقولي حل وعلشان كمان محدش يقع في نفس الغلط لانه نصب بطريقه غير مباشره وتحت غطاء من البنك نفسه وهي باختصار شركة التأمين الموجودة داخل البنك دون رقابه من اي جهة اول ما تدخل تقعد موظفه وتسيطر علي دماغك بكل الطرق وتقنعك ان تدفع مبلغ علي عشر سنين وتقعد تعد لك في مميزات كتير جدا زي الشيطان لحد ما تسيطر عليك وتدفع وعند استرداد او كسر التأمين هتتقابل ب اسوء معامله وتقعد شهور وشهور ولسه مرجعتش فلوسك ....,Negative
59d61163-521d-43c5-b7df-6dee1ed1588b,NBE,Banking,5,2025-07-12,فاشل,Positive
e02d9d83-a55a-4b5a-8ba0-97b8da4efde1,NBE,Banking,5,2025-07-11,ممتاذ,Positive
99bd4336-8c29-4304-93e6-9b3cb804f40a,NBE,Banking,5,2025-07-10,خدمه ممتازه,Positive
ef1ec246-4486-4351-8757-b6bd11835d26,NBE,Banking,4,2025-07-10,جميل جدا,Positive
e62630c9-c2e1-4e3f-b0d2-84feb015e526,NBE,Banking,5,2025-07-10,ممتاز جداً,Positive
616ebf58-95e7-4b1f-9a63-ea713a9d3686,NBE,Banking,5,2025-07-10,حلو,Positive
8a177e8b-ad17-4a9d-a030-e1e23975413a,NBE,Banking,1,2025-07-10,بقالي سنه مش عارف افتح التطبيق من خارج مصر ولا اتواصل معاهم مش عارف اتابع حسابي حاجه زفت,Negative
4a7e82fb-41e3-4da8-aae0-dca72988bdfb,NBE,Banking,5,2025-07-09,ممتازه,Positive
20b0e00c-a04c-41b7-b6f7-754f927f66c0,NBE,Banking,4,2025-07-09,🌹,Positive
928b08dd-3e35-415c-a07c-b8829413b0bd,NBE,Banking,3,2025-07-09,لا استطيع فتح التطبيق يقول غير قادر على الاتصال بالخادم,Neutral
492d5987-d507-4282-8315-79e2ec0cac5c,NBE,Banking,3,2025-07-08,يحتاج تطوير,Neutral
f4161ed0-e123-4af7-9c56-d4261dfa5028,NBE,Banking,1,2025-07-08,زفتتتتت جدااااااا من اول روحت فرع دراو في يومين ما عملوا لي الحساب وقت الشغل خلص يا فندم تعال بكره تروح بكره نفس الوضع.... بعدها روحت بنك مصر في دقايق سويت الحساب بعدها الشيطان لعب في عقلي قولت اسوى حساب بنك اهلي واتركه في البيت أحول لهم مصاريف عليه روحت فرع أسوان الجديدة قالوا عشان تعمل حساب لازم تودع 3 ألافقولت مش مشكلةواستلمت الحساب وبطاقه ميزه ما شاء الله عليهم ما قصرواالحين سافرت في الخارج تمام اكلم خدمه العملاء يرسلوا ليا رقم سري جديدشحنت ب800 جنيه ولسا ما سلوا الرقم الصراحه بنك زفت 3مرات,Negative
439161cc-2259-4d6a-80b0-45881e523b9e,NBE,Banking,3,2025-07-08,التطبيق لا يعمل الآن خطأ في الإتصال بالخادم لماذا ؟,Neutral
5c0cae13-5f7e-4ff6-9e78-b70781ee2be7,NBE,Banking,1,2025-07-08,التطبيق له يومين من تاريخ ٦ يوليو لايعمل لا يفتح اساسا وفشل الاتصال بالخادم,Negative
231575af-e0bb-4b21-8e7c-a8f5699a32d4,NBE,Banking,5,2025-07-08,ممتاز,Positive
cef06c0d-e764-4a97-90a5-7c7161f76583,NBE,Banking,1,2025-07-08,برنامج ضعيف برنامج بنك مصر افضل منه بكتير يجب تعديل التطبيق ويكون سهل وبسيط وكل شئ بيه موجود وسهل الوصول اليه,Negative
395e9105-13c7-4112-bcd0-b86c95a3da8e,NBE,Banking,1,2025-07-08,ياناس مفيش حد بيرد علينا ليه الاهلي نت مش بيفتح لا من ايفون ولا سامسونج ولا هواوي جربت ف كل دا وامسح التطبيق وانزله وافقل التلفون واشغله وغير قادر ع الاتصال و Error ايه الحل حد يرد علينا المفروض انكم بنك كبير والتطبيق لازم يكون ع اد اسم البنك زهقتونا وقرفتونا بصراحه لا خدمه ولا ف اي حاجه اسم ع الفاضي 😡,Negative
ca78de3d-d16c-45b6-a4fa-ca2eb0c89138,NBE,Banking,2,2025-07-08,بيه مشكلة عند فتح البرنامج تظهر رسالة خطا هناك شئ خاطى يرجى المحاولة فى وقت لاحق,Negative
9b53ba16-2167-40c3-861c-f91e3355716a,NBE,Banking,5,2025-07-08,جيد جدا,Positive
e2930de0-a83b-4afb-bdaa-452c8fbd998d,NBE,Banking,5,2025-07-08,افضل بنك في جمهورية مصر العربية,Positive
0c03101e-a682-4938-81f8-2cfbb64009ab,NBE,Banking,5,2025-07-07,ممتاز والان متوقف لماذا,Positive
14629d8e-8992-4ccd-a458-0a6ecb1e9b37,NBE,Banking,5,2025-07-07,أفضل شي,Positive
8ee66e37-99eb-4e09-bb13-61c95c21d16f,NBE,Banking,3,2025-07-07,التطبيق مش راضي يشتغل النهارده من ساعه حريق رمسيس مكن اعرف هيشتغل امتي,Neutral
d2294709-3dae-4920-b31f-5a37e373fcc0,NBE,Banking,1,2025-07-07,التطبيق لا يفتح بعد تحميله مباشرة,Negative
40800224-e523-45bd-ac45-d62e24a3361b,NBE,Banking,5,2025-07-07,التطبيق لا يفتح لماذا هل في مشكله ولا ايه التطبيق المويايل وايضا فون كاش مش معني كده ايه اللي حصل,Positive
00e53d39-5298-4ac4-995f-8c5ee797a2f8,NBE,Banking,3,2025-07-07,جيد جدا,Neutral
30fcc241-55dc-474c-a427-f52c7e507c9a,NBE,Banking,1,2025-07-07,مش بيفتح مش عارف مكتوب تم الحظر 🚫 مالسبب مسحته ونزلته اثر من مره ولاكن بدوم جدوي يظهر انه هناك شئ خطأ المحاوله في وقت لاحق منذ اول الي م علي ذلك,Negative
7d319ba2-4883-4449-8220-83430d9c0376,NBE,Banking,5,2025-07-07,هناك مشكلة في التطبيق كل فترة بيقول لوحده بدون مقدمات وفى امور كثيرة مرتبطه به ولا تأتى رسالة لشرح السبب يرجى الاهتمام باعلام العملاء باى إجراءات وشكرا,Positive
6aaf3758-3e22-404f-886b-a343956a4fbf,NBE,Banking,1,2025-07-07,وحش اوي,Negative
c11e8a7c-f316-42f7-a5cf-a7da3199f4f2,NBE,Banking,1,2025-07-07,ديما في مشاكل,Negative
cc0896c9-6c54-4455-93b7-3bff56b852fa,NBE,Banking,5,2025-07-07,بجد جميل جدا,Positive
fa081333-c15c-483e-a9a0-908a5a774986,NBE,Banking,1,2025-07-07,التطبيق لا يعمل سيئ للغاية غير قادر على الاتصال بالخادم احزف هذا التطبيق من على جهازك,Negative
510708e0-7523-4b01-8d29-a13d3b35c171,NBE,Banking,5,2025-07-07,جميل,Positive
02252ad7-ce1a-431e-b99f-cd07954841ba,NBE,Banking,1,2025-07-07,روحت الفرع اعمل الانترنت البنكى ، و اخدت كود المستخدم ، و نزلت التطبيق ، و الخدمة مش شغالة ، عملت شكوى ، قالوا لازم اروح تانى .. ليه اطلب افضى وقتى واروح الفرع و اطلب ٣ خدمات يتعمل واحدة بس !!!!,Negative
fecb1c8a-8234-4544-b641-201f3dff26d4,NBE,Banking,1,2025-07-06,لم اصتتع حتى حجز معاد في البنك الاهلي رغم ادخال بيانات صحيح برنامج فاشل نرجو المساعده,Negative
efa451f7-7e20-4e40-bb39-f62ae4678ef3,NBE,Banking,1,2025-07-05,أوجه مشكله في تسجيل الدخول برنامج فاشل ولا يمكنني تسجيل فيه بقالي اكثر من شهرين احاول تسجيل الدخول ولم يتم تحدثت مع خدمه العملاء وذهب إلي البنك ولم يجدو لي حل وفي الاخير يقولو غير التليفون هذا عيب كبيراً في حق البنك الاهلي المصري,Negative
95db873d-f96f-42a5-a082-cf9128364484,NBE,Banking,5,2025-07-04,بنكي ممتاز,Positive
1777fd38-79d6-461c-8933-dc91dbb0ae2d,NBE,Banking,5,2025-07-04,جيد,Positive
17d2f038-65c2-43bd-b6f7-791aa84792fd,NBE,Banking,1,2025-07-04,سيئ و لا يعمل,Negative
63957972-ba15-419d-8d8d-b8436d95364b,NBE,Banking,1,2025-07-04,التطبيق لا يعمل زباله,Negative
59f312bf-5c3c-42b8-abeb-0e10121d4db5,NBE,Banking,1,2025-07-04,جيده,Negative
36dd3705-dce2-4d1a-b371-6b0be0c052c8,NBE,Banking,1,2025-07-04,للاسف برنامج لا يرتقي ببنك وطني لمصر بطئ جدآ وبيهنج ولا يقبل التسجيل التطبيق غير جهاز لأي استخدام ارجو تعديله ليتناسب مع كيان كبير زي البنك الأهلي المصري,Negative
3a827732-4a4b-40b9-88f2-bc5f1fff9cd3,NBE,Banking,5,2025-07-04,ممتازجدجدجد,Positive
01c04c96-a9b6-4832-a81f-33911974a031,NBE,Banking,1,2025-07-03,عند فتح التطبيق يفيد بعمد التعرف على الجهاز ولا يفتح التطبيق ارجو الافاده,Negative
250317da-fe09-40b5-943b-ee596f803168,NBE,Banking,1,2025-07-03,للأسف سئ جدا وبرنامج فاشل مايفتح وديمنا يقولك غير قادر التطبيق لا يليق بالبنك الاهلي المصري حاولوا تتقدموا زي الدول المحترمه زي ما بنشوف بره على الأقل في دول الخليج مش زي أوربا,Negative
9ffebbfe-44f1-4348-8133-9f576fc5c504,NBE,Banking,1,2025-07-02,برنامج زى الوفت مش عاوز يسجل ولا يتهبب زى القرف ... فاشله حتى فى برنامج معفن,Negative
c3391e01-f2d4-4db0-a38f-e909611f828f,NBE,Banking,1,2025-07-02,تطبيق فاشل,Negative
e724cb58-653c-4f4a-ab88-223169cd3d0d,NBE,Banking,1,2025-07-01,برنامج سئ كل مره لازم اعمل تسجيل دخول,Negative
58d232b7-a954-4176-b352-4b9d3be3d60f,NBE,Banking,5,2025-07-01,ممتاز,Positive
736b0f16-fd32-4be0-9295-54d178ea9095,NBE,Banking,1,2025-07-01,تطبيق سيئ و بطيئ جدا و فيه أي مميزات غير إنه بنعرف الرصيد فقط و لا بيحول فلوس و لا بيشحن . للأسف لا يليق بالبنك الأهلي,Negative
20780186-f912-4c31-a981-2e252112f356,NBE,Banking,1,2025-07-01,Customer service is not of high quality and banking applications are not good,Negative
3c42a695-a78a-4882-8d3a-f381e420de96,NBE,Banking,1,2025-07-01,البرنامج لا يعمل عند تسجيل الدخول لا فائدة من تسجيل الدخول,Negative
ef7f114a-d3fe-469c-8c8c-077b90346e25,NBE,Banking,5,2025-06-30,جميل لكن معقد احيانا وخصوصا فى تسجيل الدخول,Positive
2c90c3ee-c2f3-4086-b528-275f2eeefd2a,NBE,Banking,1,2025-06-30,يظهر رموز ولا تظهر التبويبات,Negative
ff3f9d02-427f-429f-804e-df72d95ad39d,NBE,Banking,5,2025-06-30,ممتاز,Positive
fc00fc23-ac17-4c95-bb26-00982f8825f4,NBE,Banking,1,2025-06-29,أسوأ بنك وأسوأ تطبيق وأسوأ موظفين,Negative
1d568ad4-91fb-4883-9f21-bffa845bbdc9,NBE,Banking,5,2025-06-29,خدمه ممتازه للغايه,Positive
915fa94a-cb7f-4b3a-94fa-011e23dea2b6,NBE,Banking,5,2025-06-29,ممتاز,Positive
ea2200ba-b979-435d-b02e-80cd38c2ca5e,NBE,Banking,1,2025-06-29,اسوا بنك في مصر,Negative
2244b007-e5c5-4cf7-ae48-424db553457b,NBE,Banking,1,2025-06-26,كاااارثه تطبيق مؤسسة ماليه بهذا السوء اسوء تطبيق على الاطلاق,Negative
ac4cdc3d-5706-4f9a-96ac-2742f3172eda,NBE,Banking,1,2025-06-26,التطبيق لا يفتح من يومين لعله خير,Negative
bfe54070-043c-46a5-a121-c5ef65941e16,NBE,Banking,5,2025-06-26,هو التطبيق واقف,Positive
7d29ad3e-35db-4d55-b83b-b06d33ccdf29,NBE,Banking,1,2025-06-26,تطبيق سئ واجهة المستخدم معقدة شوية مش بسيطة وسهلة ولما تشحن باقة او رصيد لحاجة بيجبرك تدخل المبلغ اللى المفروض تدفعة طب لو انا عايز ادفع اكتر علشان اعمل باقة اكبر لا مينفعش حاجة غبية ومينفعش تاخد حتى رقم حسابك والايبان نسخ او اسكرين شوت التطبيق شايفة معقد وفقير دة غير انوا باشتراك طيب على اية مفيش بنك شوفتوا برة مصر بيدفع العملاء بتوعة فلوس علشان يستخدموا التطبيق السيئ بتاعهم وكان فى مشكلة فى تسجيل الدخول وعشان تسجل لازم تروح الفرع ومفيش شات مباشر بينك وبين خدمة العملاء لازم تروح الفرع,Negative
50f0f72b-e7cd-4e16-a47d-ea2b52530aaf,NBE,Banking,1,2025-06-25,فاشل بكل المقاييس,Negative
546d4782-da78-43ac-a9a3-5ef31956a860,NBE,Banking,5,2025-06-25,تجربه ممتازه,Positive
1b27e69e-369e-4743-91a1-7c1f710b2b9c,NBE,Banking,5,2025-06-25,جيد جدا,Positive
0ae46a90-4361-4be3-a46b-d1b603cda126,NBE,Banking,1,2025-06-25,برنامج متعب,Negative
58e0cf5e-7756-4e3d-8861-94746ce8c2ca,NBE,Banking,1,2025-06-24,عطلان معظم الوقت,Negative
3a4dec75-c805-44e2-9549-e9210a9f3b67,NBE,Banking,4,2025-06-24,سلبيات واقتراحات للتعديل: - تمكين الخروج من التطبيق عبر نقر زر Back حتى لا يستمر بالعمل في الخلفية لحماية خصوصية الحسابات - تقليل وقت التحميل عند الفتح او عند التنقل بين الصفحات، بإعادة تصميم التطبيق ماتريال ديزاين مثل تطبيقات بنك مصر او التجاري الدولي او انستاباي - اضافة مستفيد للتحويل للمحافظ الالكترونية (غير موجودة),Positive
232b5cd8-6f65-49d2-96d4-3bec8bf3c013,NBE,Banking,5,2025-06-23,جميل,Positive
6a04c29a-0cf0-43ac-ac12-6b764abd14e0,NBE,Banking,1,2025-06-23,ممتاز,Negative
c2e6ea90-5da6-4f3b-9fe6-238c0aa2ee00,NBE,Banking,1,2025-06-22,التطبيق مبيفتحش اصلا مش شغال,Negative
650e7568-8cbc-4595-af25-f7881f87feaa,NBE,Banking,5,2025-06-22,ممتاز,Positive
554e66ed-b507-414b-b5d8-ec71925e28ec,NBE,Banking,1,2025-06-22,زفت الزفت مسحته وحملته ولا عاوز يتنيل يفتح لو السيستم واقع عرفونا بدل الاتصالات وتضيع الوقت حرام,Negative
d3b41b10-6f42-4450-9731-f0232ce36a18,NBE,Banking,1,2025-06-22,أبطأ من بطيئ,Negative
3586519a-31e3-4d39-8ed7-c332447c53be,NBE,Banking,5,2025-06-21,ممتاز جدا,Positive
4a1722dc-6335-402d-82e1-224e5ec55522,NBE,Banking,1,2025-06-20,للاسف التطبيق لا يعمل وتم ازالته وتحميله الان,Negative
0ea3acf2-cbc2-4233-b4d2-5514a1a4ec24,NBE,Banking,1,2025-06-20,التطبيق لا يعمل مع انه كان شغال بيقول الخادم غير قادر ارجو الرد بسرعة,Negative
9a8560c4-4046-4726-aabc-878a02418279,NBE,Banking,5,2025-06-20,جيده,Positive
81cce9fc-7cfc-4fb5-896a-b99971ab8935,NBE,Banking,1,2025-06-20,عندى مشكله في ربط الفيزا بالانستا وتواصلت مع جميع خدمه العملاء وملقتش حل وروحت فرع العلمين واستنيت دورى لما زهقت وفي الاخر بيقولى امسح التطبيق ونزله تانى وعملت كدا لكن طلع بلح,Negative
595db245-87c7-4d0d-b9b9-33e53ca6beb2,NBE,Banking,5,2025-06-20,التطبيق لايعمل على موبايلي,Positive
94837202-af33-4f9c-8298-b9935c531a54,NBE,Banking,5,2025-06-19,رائع,Positive
a067c50b-d91d-4bca-b7ee-554de77b0e2b,NBE,Banking,5,2025-06-19,ممتاز جدا,Positive
8be6708c-296e-4f7f-bbfc-56167e4d082c,NBE,Banking,5,2025-06-18,البرنامج كل شويه مش بيفتح,Positive
e2dcf770-014d-4706-8fb8-13f012b7b06a,NBE,Banking,5,2025-06-18,ممتاز,Positive
f8c94fa3-c9e1-4a12-a7d3-a52899a512fb,NBE,Banking,5,2025-06-18,ممتاز,Positive
ab8b1ab0-f131-402a-9593-402039cfc182,NBE,Banking,1,2025-06-18,سيئ للغايه,Negative
1625b158-b87e-4b06-81c2-a4373c4983b2,NBE,Banking,1,2025-06-17,ياريت يكون زي تطبيق انستا باي احسن من التَوكن لانه عك,Negative
0a51620e-35df-45e5-bc92-0767e5e9e121,NBE,Banking,1,2025-06-17,ضعيف جدا,Negative
2f752090-3160-4bd0-a820-a928b822f213,NBE,Banking,5,2025-06-16,رائع,Positive
9b8a6389-1e20-4d92-9372-1c2b90b1e384,NBE,Banking,5,2025-06-16,جيد جدا,Positive
f2ea622a-8b93-417f-aaba-20895758d261,NBE,Banking,5,2025-06-16,ممتاز,Positive
9aac2d6d-9577-4397-baaa-cd869ce421b4,NBE,Banking,1,2025-06-16,سي جدا وبطي ولا يستجيب لمعظم الأمور,Negative
5728064b-c5e2-424c-b0aa-18bf78b7a786,NBE,Banking,3,2025-06-13,فاشل,Neutral
5c1f9e02-7545-4ed3-9015-78e8526f2488,NBE,Banking,5,2025-06-12,شكراً البنك الاهلي على التطبيق الجميل ده والخدمة المحترمة والتعامل السهل مع العملاء🧡🧡🧡,Positive
ffb1c5bd-bb4a-4cff-a6fc-6f9fef8039c1,NBE,Banking,5,2025-06-11,فوق الممتاز,Positive
33c2eb89-dbee-4a87-bb54-6053908c5c89,NBE,Banking,1,2025-06-11,بنك زباله انصح بعدم التعامل معه,Negative
450857e5-d4af-446f-8581-875c48917ff7,NBE,Banking,5,2025-06-08,ممتاز جدا جدا في كل شيء,Positive
1d669546-d227-485c-9630-2ecd0ae21786,NBE,Banking,1,2025-06-07,بيعلق,Negative
bfb86398-fd05-45b3-b978-e69946f5be42,NBE,Banking,5,2025-06-07,سلام عليكم ورحمة البرنامج ممتاز جدا بس غيرت التلفون البرنامج مش شغال والتلفون جديد ديمن خطا ايه الحل رحت البنك الاهلي قلي دي منقدرش نفيدك,Positive
46097881-ed7f-474c-9fa3-194e2c5868a8,NBE,Banking,1,2025-06-06,تطبيق لا فائده منه وكل ما تسجل دخول لازم يقولك خطا ولازم اتصل بالفرع وتغير الرقم السرى كل ما تفتح التطبيق لازم تتصل بالفرع,Negative
ed3d0637-53fb-4e46-9b0f-55130b4ddc31,NBE,Banking,5,2025-06-05,❤️,Positive
bbd403d2-afe6-4d09-a8eb-342e39f972fb,NBE,Banking,5,2025-06-05,ممتاز جدا جدا,Positive
2256366b-4e35-4cce-9d59-e080d9dad772,NBE,Banking,1,2025-06-04,التطبيق متوقف ولا يعمل رسالة توضح خطأ في الخادم,Negative
1f40e689-78bf-475c-aac4-353f2ce782ac,NBE,Banking,1,2025-06-04,تطبيق لا يليق بالبنك الاهلى واغلب الوقت مش بيفتح وكل شويه خطأ فى الاتصال بالخادم برجاء إصلاح المشكلة التطبيق مهم جدا,Negative
641c5f0a-fdf5-455b-9c07-472d7476ea85,NBE,Banking,1,2025-06-04,الابلكيش بيعلق كثير الرجاء النظر لحل المشكله,Negative
a13e1b07-fc5c-4d8e-8488-7fc7cb0a4c9b,NBE,Banking,3,2025-06-04,برنامج في تطور ولكن خدمات مهم مثل غلق البطاقه مؤقتا والتحويل معقد يحتاج الي برنامج آخر توكين,Neutral
7b6250ad-fbda-465e-bfb4-4243df5981b7,NBE,Banking,1,2025-06-04,الابلكيشن لا يعمل,Negative
323e8bd5-3402-44c7-9afb-307cb750bde3,NBE,Banking,1,2025-06-04,اسوء خدمه مصرفيه في العالم,Negative
c7e448fa-6c33-460e-b505-cfe05367108a,NBE,Banking,1,2025-06-03,مش شغال خااالص,Negative
6db10b21-2610-4a2d-93b6-9513112762a6,NBE,Banking,5,2025-06-02,جيد جدا وسهل,Positive
62dc1fe3-222d-4554-b479-df938e6e09c3,NBE,Banking,5,2025-06-02,برنامج ممتاذ,Positive
533bfc98-d96a-4081-8d64-add4bca7dfac,NBE,Banking,5,2025-06-01,ممتاز جدا وآمن ووفر لنا استخدمات كثيرة فى الوقت والجهد،،، شكرا شكرا شكرا جزاكم الله خيرا وبارك فيكم جميعا,Positive
bf057cd7-51dd-4b55-bbb4-8588054dc1e9,NBE,Banking,1,2025-06-01,التطبيق متعب للغايه ولايليق للبنك الأهلى ابدا ما بيفتح بسهوله بأستخدام اليوزر والباس,Negative
8f7f786b-9ca5-4674-b1f4-5988d8748a2d,NBE,Banking,1,2025-06-01,بنك سي جدا في كل معاملاته,Negative
9df35915-e387-43b3-bb69-dc9836890cc9,NBE,Banking,5,2025-06-01,ممتاز,Positive
a60e1077-b7af-4adf-8390-66efdf428b57,NBE,Banking,5,2025-06-01,جيد. جدا,Positive
e4583a67-c6b2-430e-904c-1b6ab18491de,NBE,Banking,1,2025-05-31,صعوبة بالغة في التعامل,Negative
781808b6-eff5-4e8a-bfc6-9f8621ce0388,NBE,Banking,5,2025-05-30,ممتاز جدا,Positive
40b7a7b2-164e-453c-98d2-8413c81cef95,NBE,Banking,1,2025-05-29,أسوأ بنك ممكن تشوفه في حياتك,Negative
50c4b233-a401-441b-833c-6e00b6de98a4,NBE,Banking,1,2025-05-29,للاسف فيه عطل ومش بيفتح بقاله شهر، ارجو المتابعه وحل المشكله,Negative
b2b0cd45-a873-484b-a2b4-9def9669e3e2,NBE,Banking,1,2025-05-29,التطبيق مش عيز يفتح عيز ارجع الي خدمة العملاء لي,Negative
a2a1d36a-4f08-4337-a285-fbf2fd09ad19,NBE,Banking,1,2025-05-28,علي طول يعلق ومش بيفتح غير اول ميحدث وبعد كدا يوقف,Negative
174bca63-caa1-4a0c-99c6-77b5deedd294,NBE,Banking,4,2025-05-28,ممناز,Positive
3f1fcade-0d60-4341-b0bc-24d4eca664ee,NBE,Banking,1,2025-05-28,برنامج سئ دائما يعطى رسالة خطأ بالشبكة ويرجى التحقق او لا يوجد اتصال يرجى اصلاح الاخطاء رغم انه محدث لاخر تحديث,Negative
07e0b356-1348-4256-ad0a-80138f3fccfd,NBE,Banking,5,2025-05-28,ممتاز,Positive
4ff04c92-32f2-4297-8fe1-3e51e37cff13,NBE,Banking,1,2025-05-28,برنامج سيي للغاية وبطيي جدا,Negative
f5e3d999-c2f0-4bbe-8476-621ecdc5bedd,NBE,Banking,1,2025-05-27,نقيب جدا وغير مفهوم اوي,Negative
99d42839-9943-423d-b0f7-e363d7cbb99c,NBE,Banking,1,2025-05-27,التطبيق لا يعمل من اسبوع تقريبا ورحت البنك ولا إفادة,Negative
a7852114-a749-4e6b-99c6-c084972130e9,NBE,Banking,1,2025-05-27,مش بيفتح كتير ولازم تزور اقرب فرع وتشوف الزل عقبال ما تشغلوا تاني,Negative
3af212bb-680a-464f-aaf8-ae2067aca114,NBE,Banking,5,2025-05-25,good,Positive
c15bd9f7-dfdd-4989-9892-6f03a17fdd72,NBE,Banking,1,2025-05-25,برنامج زي الخخرررا خخرراا خخرررااااااا,Negative
d7ec25ba-304d-4c3c-9178-ee6bafd1c6f8,NBE,Banking,4,2025-05-23,تمام,Positive
53c2ec7b-1c6a-4487-906c-c33c954981d9,NBE,Banking,5,2025-05-23,ممتاز,Positive
35bcc7ee-bccb-466a-af82-e4d07a33f5c0,NBE,Banking,1,2025-05-23,سئ,Negative
68801b8b-5865-4f33-9b1c-7c184bd5237a,NBE,Banking,1,2025-05-22,لسه جيدا صعب الفتح,Negative
060a6cda-f1e2-4134-a0ee-65ee6c5fa0e7,NBE,Banking,1,2025-05-22,للأسف الشديد التطبيق فيه عيب مش شغال للآخر كل ما نتبع الخطوات ونكملها للآخر اللى بيحصل نقفل التطبيق ونرجع نفتحه يبقى عايز اعاده الخطوات تتعمل من تاني وفي كل مره محتاج باسورد جديد واتصال كل شويه بخدمه العملاء وللأسف برضو يقولوا العيب في الموبيل والموبيل مافيهوش اي عيب العيب فعلا في التطبيق واعداداته,Negative
a08c27e4-983b-46ba-9b9b-37507b5e373a,NBE,Banking,1,2025-05-22,اسواء بنك واسواء خدمات عملاء علي مستو العالم,Negative
ea524bc9-8dcc-406b-a2ca-37ae97967245,NBE,Banking,5,2025-05-22,شكرا,Positive
87ca538d-c0bb-4b6f-ae58-28f7d471bdd5,NBE,Banking,1,2025-05-22,التطبيق لا يستجيب,Negative
59750e39-d6a3-41db-9459-65b6d901b780,NBE,Banking,1,2025-05-22,التطبيق يفتح مرة وتلاتين مرة مبيفتحش تطبيق زى الزفت,Negative
61e1a5cd-5b53-4132-9ea3-7e4faee2f275,NBE,Banking,1,2025-05-22,التطبيق لا يعمل على هاتف هواوي,Negative
5d5925a5-1d80-4f36-a565-46bf62300a6d,NBE,Banking,5,2025-05-21,جيد جدا,Positive
7005fc92-3590-4b69-a5ea-13302ad9fcae,NBE,Banking,5,2025-05-21,جيد,Positive
37ef4424-a31d-4f52-b7fb-7ea75cf58845,NBE,Banking,1,2025-05-21,التطبيق لا يعمل وكل المستخدمين كاتبين لا يعمل والمسؤول عامل نفسه من بنها,Negative
10c93ba1-8794-416a-9a16-a6c8d1323b8d,NBE,Banking,3,2025-05-20,التطبيق جيد ولكن يرجى اتاحة الفتح بالتقنية البيومترية لكل حساب على حدى بمعنى اذا كان لي حساب خاص بي وحساب خاص بابني ( القاصر ) يتم اتاحة الفتح لكل حساب بتقنية مستقله ولكن التطبيق لا يسمح الا بفتح حساب واحد بالتقنية البيومترية والاخر يتطلب كلمة المرور . بمعنى ادق يسمح بفتح الحسابين بالخدمة البيومترية بعد تحديد رقم الحساب .,Neutral
43c07b12-3b15-4911-a3d5-96bdd7b5698e,NBE,Banking,1,2025-05-20,تطبيق فاشل وضعيف ومشاكل الدخول عليه متكرره وبردو مفيش حل,Negative
90b9c692-f5a7-45a6-9a1d-f6f6d51b54d5,NBE,Banking,1,2025-05-19,زي الزفت وملوش لازمة ومعقد,Negative
6d497667-bf34-429a-80e0-7bcab7d2965c,NBE,Banking,5,2025-05-19,ممتاز,Positive
97630e72-f0e8-4040-8f58-0aefabd49441,NBE,Banking,4,2025-05-19,مفيد جدا بالنسبه لي,Positive
87fbcf63-1ebf-48ad-a031-6344e80d3a5b,NBE,Banking,5,2025-05-18,ممتاز,Positive
b1ed345c-c51c-4450-a830-63a6462eeb30,NBE,Banking,5,2025-05-18,تطبيق جيد جيد جدا,Positive
b675bb29-c31a-4974-bbf7-817d2b3cc9c7,NBE,Banking,1,2025-05-18,للاسف تطبيق فاشل البصمة رخمة جدا ويقولك خطأ وتعيد تانى حاجة قرف بجد بنك كبير زى دا ما فيش في تطبيق محترم زى البنوك التانية,Negative
8f6130e6-8637-4f6e-96f6-98956076804b,NBE,Banking,1,2025-05-16,اسؤ تطبيق بنك اتعاملت معاه عملت فورمات للجهاز ونزلت التطبيق تاني مش عاوز يفتح تطبيق زباله وخدمه العملاء زباله مش فاهمين حاجه ولا عارفين يحله مشكله,Negative
db6e21e5-7d8b-4c15-9565-9ea72d86180a,NBE,Banking,2,2025-05-16,الدحول عن طريق البصمه لا تعمل,Negative
6fff4b1c-15fa-4bd4-9636-31cb459ae531,NBE,Banking,1,2025-05-16,اسوء بنك ف مصر,Negative
d0836431-0234-4cbd-b5e0-ec4967e7c17b,NBE,Banking,5,2025-05-15,ممتاز,Positive
2802059c-6c60-4acb-b7eb-93fe9b9e9e22,NBE,Banking,1,2025-05-15,التطبيق بعد ماكان شغال حاليا فيه خطا ومش راضي يشتغل نهائي ومسحته ورجعته تاني وبرضو مش شغال,Negative
d1619dc6-9e4b-4ce3-8c03-cfb93532e87b,NBE,Banking,1,2025-05-15,تجربه سيئه ما فيش تحديث,Negative
2bffe14a-42d9-44e5-91e1-f793c24b88c3,NBE,Banking,5,2025-05-15,لم يعمل علي جهازي انرويد,Positive
a65dd8dd-6057-4fff-b4f4-97303a8ee017,NBE,Banking,1,2025-05-15,التطبيق سئ جدا جدا جدا لا يستجيب للدخول عليه بالكود الذي تم اعطائة لي من موظفي خدمة العملاء بالفرع,Negative
30a605d9-711e-4666-8960-1cfb56c227cf,NBE,Banking,5,2025-05-14,جيد بس مايشتغل له يومان ارجو الرد ٠٠٠٠٠٠٠٠٠٠,Positive
6b4c2dda-8c5f-4eda-a920-bfffb740ecab,NBE,Banking,1,2025-05-14,التطبيق لا يعمل,Negative
dc52c46a-0fed-40c0-9b11-8a3ecc9e1bc5,NBE,Banking,5,2025-05-14,ممتاز,Positive
3ddc6a33-286b-4166-89a3-73c291dacc41,NBE,Banking,1,2025-05-14,البرنامج لا يريد أن يفتح اطلاقأ,Negative
b646cddb-1c41-4b3f-90a5-4f30aeab8f3c,NBE,Banking,1,2025-05-14,"""rooted device is not supported""!!!! نرجو حل هذه المشكلة واعتماد كود تحقق للدخول الى التطبيق بدل من هذه الرسالة المستفزة عيب صارخ ان الواحد يدخل اي تطبيق بنكي خارج مصر ولا يستطيع استخدام هذا التطبيق!",Negative
e18a5e74-4252-4aa7-b629-7bc494e8a2dc,NBE,Banking,3,2025-05-13,عفواً لماذا توقف العمل للبصمة الخاصة بي على التطبيق مع محاولتى تفعيلها مرات كثيرة دون جدوي كما أن تطبيق انستاباي لايظهر رصيدى بالبنك الاهلي حاليا علما بأن البصمة واحدة وشكرا رجاء الإفادة,Neutral
d756be52-15b0-48e5-aa60-71c1bb37db37,NBE,Banking,5,2025-05-13,ممتاز,Positive
83166020-9a9d-4b08-8dd2-30dffc86be13,NBE,Banking,1,2025-05-13,بجد برنامج زبالة لا يليق بأسم البنك الأهلي أرجو أصلاح هذا البرنامج بأسرع وقت أو الأفضل صنع برنامج اخر بشكل افضل,Negative
25b5a6f5-2dcc-4761-8a1b-714a5da33312,NBE,Banking,5,2025-05-13,ممتازه,Positive
5b16cc38-a1ab-4766-83a3-ecc91fa7a44d,NBE,Banking,1,2025-05-13,سيء جدآ,Negative
d3e11852-690c-4e47-8b5e-bd2411c3a575,NBE,Banking,5,2025-05-13,تمام,Positive
d5cfcb13-fefb-4014-833f-687f385b355a,NBE,Banking,5,2025-05-12,تمام,Positive
33c03cf4-37e0-447e-9605-b8cf84d5d865,NBE,Banking,5,2025-05-12,جيده,Positive
4894fa6a-9fc1-446f-b2ab-82603e6c938e,NBE,Banking,5,2025-05-12,محتاج تحديث لعدم فتح البرنامج,Positive
b4d07d9b-cd69-4087-851a-e5095b26ef62,NBE,Banking,1,2025-05-11,البرنامج لا يعمل ويخرج تلقائي وتم إزالته وتحميله وما زال نفس المشكله حسبي الله,Negative
d75fb693-7579-4e73-a652-9b5ca034ce78,NBE,Banking,5,2025-05-11,تجربه رائعه فى السحب والإبداع بنك أهل مصر,Positive
691230d0-f783-47e1-8680-7f5dfd31df4c,NBE,Banking,1,2025-05-10,👎👎👎,Negative
6413fc10-e719-44bf-a6a2-05b2824e76e4,NBE,Banking,5,2025-05-10,جيد جدا,Positive
5ad6727d-a685-4534-a6f3-36e358f2685b,NBE,Banking,3,2025-05-10,برجاء شرح كيفية تفعيل التوكن بعد اخر تحديث بيقول ادخل بيانات تفعيل رموز الامان,Neutral
d5cb8398-2200-4d07-bc4a-a5ad26929046,NBE,Banking,1,2025-05-10,تطبيق سيئ وخدمه اسوء .... صفر من ١٠ 👎,Negative
57b737d7-bc57-49c2-a567-7b8a94435831,NBE,Banking,1,2025-05-09,بنك زفت دائما المكن لا توجد به نقود,Negative
725ecd63-fed5-4d4b-a334-fd1ef32ea17d,NBE,Banking,1,2025-05-09,زباله وزي الزفت وغير موضح اي حاجه عقيم جدا,Negative
ca63ad6c-8d49-4162-9ee6-58419aa00695,NBE,Banking,1,2025-05-09,بيفصل كتير مش عارف ليه واحيانا مبيفتحش اصلا,Negative
c23164cc-60cf-4aeb-8f49-51a48170d8be,NBE,Banking,1,2025-05-09,البرنامج لا يعمل,Negative
a968a5d7-db38-4846-8c55-4d15edddce4a,NBE,Banking,5,2025-05-08,تجربه ناجحه,Positive
6f93e396-2bf2-4f24-9208-4c5de940352e,NBE,Banking,5,2025-05-08,بطى جدا ولا يستجيب,Positive
fd53179e-5f59-410b-8981-94b857c35cce,NBE,Banking,1,2025-05-08,غير قادر على الإتصال بالخادم رسالة مكررة ومش بيفتح على الرغم أنه النت كويس,Negative
e9ccd5c5-9bcb-47c3-aaa9-ffc9ce6963d2,NBE,Banking,1,2025-05-08,في مشكله بالاتصال بالخادم,Negative
c1a02aea-02d3-4001-94c1-bf59a359b051,NBE,Banking,5,2025-05-08,ممتاز جدا جدا,Positive
d94f3877-dd22-4128-85a1-c5c724d565bd,NBE,Banking,4,2025-05-08,مشكله في فتح التطبيق اليوم,Positive
a785326d-928c-4d09-a4df-a1137ce63c0c,NBE,Banking,1,2025-05-07,أسوء برنامج تحويل فى العالم,Negative
1284e072-8521-4abc-ad8d-feff4c8071b9,NBE,Banking,5,2025-05-07,روعة,Positive
be7a43b3-7ef6-45ce-903f-6856aff4041d,NBE,Banking,1,2025-05-07,حسبي الله ونعم الوكيل في اللي عمل البرنامج ده بقالي ساعه مش عارف اعمل باسورد للحساب انا مش عارف ايه الارف ده,Negative
4c349be3-3402-44a9-a87f-f8dbe5559675,NBE,Banking,5,2025-05-07,ممتاز,Positive
f79fc6f7-11a9-4dfa-9edb-f858c5700249,NBE,Banking,5,2025-05-06,👌🏼,Positive
7680c3ca-090d-44ff-bab3-fab7c7f2fac0,NBE,Banking,1,2025-05-06,التطبيق سئ للغايه ارجو تعديل التطبيق فى اسرع وقت,Negative
dcecc24c-fd51-4907-8a56-9218e84e53f8,NBE,Banking,5,2025-05-06,ممتاز,Positive
59b0da68-761b-44cf-bc5d-6d2d4d6266f0,NBE,Banking,1,2025-05-06,لايعمل يوجد خطأ,Negative
4875b598-b494-4933-9184-8aed40264c3a,NBE,Banking,5,2025-05-06,حلو,Positive
64060a64-3001-4239-866c-fcfb9bbb8101,NBE,Banking,1,2025-05-06,التطبيق لا يستجيب لتفعيل المصادقة البيومترية ايه الحل لو سمحتم والمفروض القائمين على البرنامج يردوا على الناس برنامج البنك لخدمة عملاء البنك والبنك بيستفيد من العملاء اكتر ما بيفيدهم فالرجاء احترام مشاكل الناس والرد عليهم لأني شايف تعليقات بالمشاكل ومفيش رد من اي حد,Negative
84a8aa4e-d093-4f68-8870-5ec0c10e4367,NBE,Banking,5,2025-05-06,تمام,Positive
8412d1ec-8734-4e1a-9cb6-178c8ad05e45,NBE,Banking,1,2025-05-05,فاشل فاشل. فاشل بمعني الكلمة,Negative
b5f713b9-e1ce-48e6-8775-6b85f1c6e946,NBE,Banking,1,2025-05-05,التطبيق لا يعمل معي حاولت كثيرا لكنه لا يسجل الدخول,Negative
6b495e68-8629-4066-ac04-d6503865084c,NBE,Banking,1,2025-05-04,مش بيقدم اي خدمه و منصحش حد يعمل حاجه عليه عملت منه اي اسكور و المفروض يطلعلي خلال ٢٤ ساعه و يتبعتلي ع الميل و ليا حوال ٥ ايام و لسه مبعتوش حاااجه بالرغم من ان سحبو الرسوم و الي الان لسه الميل متبعتش و حته خدمه العملاء مش عارفه يحلو المشكله لا انصح ل خدماتهم نهايي,Negative
fc362dc0-3df1-4f9e-94a9-8e35fd1a1e11,NBE,Banking,1,2025-05-04,اسؤ بنك في خدمه العملاء مبيردوش علينا ودا مؤشر مش كويس ليكم,Negative
cf1f8645-19d6-42f8-9150-026a53996ae1,NBE,Banking,5,2025-05-04,ممتاز,Positive
fa3f4cba-963b-43dc-a5f8-a10ebe98d53f,NBE,Banking,5,2025-05-03,تطبيق ممتاز,Positive
c7508c13-a42f-4e84-a9fe-64146793f7a5,NBE,Banking,1,2025-05-03,البرنامج لا يستجيب بسرعه و بطئ جدا و لا يريد تشغيل البصمه للجهاز و هذا اداء سئ بالنسبه للبنك الاهلي,Negative
82b4186e-3ab5-4138-b2e1-4fcc3ec5fbb1,NBE,Banking,5,2025-05-03,برنامج رائع وبيوفر قعدتك في البنك,Positive
ad7cd7a4-2858-4fdb-8e66-7a0a7f3460b4,NBE,Banking,3,2025-05-02,البرنامج تقيل وبطيئ ولا يفتح بسرعة,Neutral
97482a16-98cc-4885-8c58-ef3533f607e4,NBE,Banking,1,2025-05-02,زى الزفت ومش بيرضى يسجل ولا يستاهل نجمه حتى,Negative
341e8fb0-4669-43f3-bec0-4af9c2477210,NBE,Banking,5,2025-05-02,لسه مش عارف,Positive
10af9a02-3627-432e-ac5f-f727347e12d6,NBE,Banking,1,2025-05-02,رديء جدآ جدآ جدآ في فتح الحساب,Negative
eb466e24-e935-43d4-9c28-1fcde3c2086a,NBE,Banking,5,2025-05-01,جيد,Positive
482abe2a-af12-4c79-93e0-8b29910cbcd3,NBE,Banking,5,2025-05-01,ممتاز جدا,Positive
8e7222c7-4413-4e20-b0fb-c3630a2a9bf6,NBE,Banking,1,2025-05-01,تطبيق سيء حرفيا مش قادرة أشترك في الخدمة حتى وبيقول الرقم القومي خطأ مع إنه صح وبدخل منه على الموقع عادي جدا,Negative
d1c1f0db-d74f-4d87-94c7-c87cd9ccbf6a,NBE,Banking,1,2025-05-01,لبه التطبيق مش بيشتغل عندى بيقولى خطأ,Negative
2c010fa3-1daf-4c4c-9ad5-7d4bb9f46f80,NBE,Banking,1,2025-04-30,سئ جدا نرجوا الإصلاح,Negative
2c0fa7b1-b41c-48f8-b648-a7e5f3ba7417,NBE,Banking,1,2025-04-30,برنامج سيئ جدا وخدمة عقيمة,Negative
112b6288-5805-43e0-839c-f8a237b6ad01,NBE,Banking,5,2025-04-30,جيد,Positive
36160cd7-9488-4140-aef4-fb950fdcd877,NBE,Banking,1,2025-04-29,لا يعمل برغم من مسحة وتحميلة اكثر من مرة ولا اعرف السبب,Negative
e2a92903-8104-4d79-bb31-e3e394bd2e42,NBE,Banking,1,2025-04-28,المبرمج مش عارف أن في حاجة إسمها ضغط البرنامج ياريت يحصل ويسرع الخدمة لأن فعلاً البرنامج زفت اوي,Negative
e8253b13-320a-408d-836c-f7c9a8072939,NBE,Banking,5,2025-04-28,ممتاز,Positive
aae7daf9-b166-4e80-862f-ec2a23fcd4b0,NBE,Banking,1,2025-04-28,سئ جدا ف المعاملة وبطء شديد,Negative
fdd1ca5c-22f5-4ee4-93f3-fd2b9041c84b,NBE,Banking,5,2025-04-28,تطبيق رائع جدا و سهل الاستخدام,Positive
957957ba-86e6-475d-bff6-c25bd7459766,NBE,Banking,1,2025-04-27,البرنامج بيقولي مفيش انترنت اعد المحاوله كل مره وفاتح بيانات,Negative
4be28f84-1363-47da-aedb-e097c38d335d,NBE,Banking,5,2025-04-26,فل الفل,Positive
3a7bfad5-dc13-4e3b-937f-6505e5dd8d68,NBE,Banking,5,2025-04-26,ممتازه جدا,Positive
57556b56-7e9d-4bf1-abbe-80107a833e64,NBE,Banking,1,2025-04-26,اسوء بنك علي الاطلاق ولو فيه تقييم أقل من نجمه سئ جدا جدا,Negative
bb97dfe6-7b89-4cd5-ab65-b829a385e98f,NBE,Banking,5,2025-04-25,ممتاز,Positive
e193d796-6b1d-47e5-a59f-c71982360e43,NBE,Banking,1,2025-04-25,كل اخر شهر ٣ ايام فى شهر وانا فى المشكلة دى التطبيق لا يتم الفتح اية المشكلة,Negative
7becc7a2-927b-44bd-bb76-f260ddd6363f,NBE,Banking,3,2025-04-25,جديد,Neutral
f08d0266-6761-42dc-bee2-127728f3a05a,NBE,Banking,5,2025-04-25,فوق الرائع وفوق الممتاز شكرا اكل من ساهم في هذا العمل,Positive
0f079eab-432f-431a-a5d0-530819fb1b18,NBE,Banking,5,2025-04-24,جيد جداً,Positive
667a7447-b9d9-4c93-89e1-4440a569d743,NBE,Banking,5,2025-04-24,أنه لا يعمل على الهاتف المحمول انفنكس,Positive
c7b6a507-e1c3-4c90-be8b-f24e0d6d3f02,NBE,Banking,5,2025-04-24,جميييييل,Positive
826aceea-9956-465e-867d-7c018f9d86a8,NBE,Banking,3,2025-04-24,ممكن أجل القسط الشهري وازاي,Neutral
bd9d10b0-10bc-4b85-9af8-4483fc586f0b,NBE,Banking,2,2025-04-24,الرسائل النصية تصل متأخرة جدا مما يؤدى الى انتهاء صلاحية الكود المرسل وبالتواصل مع الخط الساخن لكن دون جدوى فى حل المشكلة ويرفض تماما استقبال الشكوى ويتم ابلاغى بعدم وجود بند بالمشكله الخاصه بى على النظام ويتم توجيهى فقط بالرجوع لمقدم شبكة فودافون,Negative
3ed79554-22de-4c9b-84f1-ba7edd8ebe7a,NBE,Banking,1,2025-04-24,برنامج سيئ جداً و تقيل و بيعلق و كل شوية يهنج و يقفل بيزهقنى ف عيشتى كل ما احب افتحه,Negative
55b32948-1070-4f95-acd8-245f456ac1d2,NBE,Banking,5,2025-04-24,رائعة,Positive
a6025462-c20e-4a7b-a484-797a5f96ee5b,NBE,Banking,1,2025-04-23,ينفع بنك محترم وكبير وتطبيق مش شغال واكلم خدمة عملاء ومفيش حاجه بتتحل احنا ذنبنا ايه فى مشاكل تطبيق وخدمات بنك الأهلى للاسف كبير مش تمام وعن تجربه والله .لاحول ولاقوة الا بالله العلي العظيم,Negative
e75a8f8a-2ec6-4632-bc0d-ab1b3fd3b5a8,NBE,Banking,3,2025-04-23,التطبيق تقيل وبطئ وأغلبية الوقت مش راضى يفتح,Neutral
9d1ab9b7-6a01-46c9-95dc-5daf96eb4014,NBE,Banking,1,2025-04-23,تطبيق بطئ في الدخول,Negative
48fb4252-7fc9-4912-a9f4-73baf1326f50,NBE,Banking,5,2025-04-23,مش عايز يفتح على التليفون السامسونج بتاعي مش عارفه العيب في ايه,Positive
5018ff8f-2c70-4434-b668-3638127cb517,NBE,Banking,1,2025-04-23,تطبيق سيئ للغاية ولا يليق باسم بنك عريق مثل البنك الاهلي,Negative
9cc86236-6043-4651-86e8-8219aef3503f,NBE,Banking,1,2025-04-23,لا يعمل,Negative
f17665b7-999b-4ea3-ae32-c4a2172a464f,NBE,Banking,1,2025-04-23,التطبيق لا يعمل,Negative
04d16466-e596-4a7b-b309-59d613c14347,NBE,Banking,1,2025-04-23,سئ جداً وبطئ,Negative
4031c7b3-3b21-41cf-837d-388776027ba6,NBE,Banking,1,2025-04-23,التطبيق لا يعمل من اول يوم 23/4/2025 وتم إزالة وتحميل أكثر من 5 مرات ومازلت المشكلة موجودة,Negative
5c4f4eb0-5a19-4b2d-a192-b9f1df47784a,NBE,Banking,1,2025-04-23,بيعطل اكتر مبيشتغل,Negative
89e831be-508a-41c7-86ae-47fd829aa7e0,NBE,Banking,5,2025-04-23,ممتاز جدا,Positive
bad798f7-0df5-40e8-a58a-8db496090ca2,NBE,Banking,5,2025-04-23,ممتاز,Positive
0dda1cf2-0b2b-4846-997a-28a08fd9b6f7,NBE,Banking,1,2025-04-23,احيانا يكون متاحا وسريعا واحيانا يكون سئ جدا جدا وكل ماتدخل يقول حدث خطأ حاول في وقت لاحق,Negative
39a82065-6d19-447b-9bfb-4664834c6b1e,NBE,Banking,1,2025-04-23,التطبيق احيانا لا يعمل ارجو الاهتمام,Negative
2cc2556f-6304-43ec-86c5-382ccca9cafb,NBE,Banking,5,2025-04-23,جميل جداً,Positive
f4e160db-c9fc-4195-9ee3-b49f2a1fa5e0,NBE,Banking,1,2025-04-23,سيى جدا جدا,Negative
9ec32481-6cf8-4b8b-b0cd-f49b53a7a9aa,NBE,Banking,1,2025-04-23,موقع البنك صعب التعامل معه في أغلب الأحيان لايفتح ويأخذ وقت طويل جدا ليعمل فهو سيئ جدا,Negative
8bc33458-23f7-4d55-921f-76a14d9ec9ba,NBE,Banking,3,2025-04-23,جيد,Neutral
6a6de45a-7cdd-4ba3-aa71-7f15463c617a,NBE,Banking,2,2025-04-22,تطبيق سيىء يقولك ارسلك رسالة برقم سرى مدته ٢ دقيقة وتجليك الرسالة بعد ٥ دقائق حاجه هم,Negative
d67b1c86-7177-4d92-b924-f6173d058905,NBE,Banking,1,2025-04-21,تجربه مؤسفه... عشر مرات احاول التسجيل في التطبيق و بعد مااعمل كل الخطوات ارجع لنقطة الصفر للأسف مضطر الغيه و اتعامل مع البنك بالرقم الساخن.,Negative
f104354b-19a7-4eda-9199-02bb4261528e,NBE,Banking,1,2025-04-21,تطبيق إلى حدا ما كويس بس تطبيق بنك مصر افضل بمراحل انا بحب التعامل مع الاهلى بس ياريت التطوير يبقى احسن من بنك مصر,Negative
933700bd-54a6-4eee-897e-6b2ee610c6ea,NBE,Banking,5,2025-04-21,جميل بيسهل حاجات كتير,Positive
f1ba28f8-6f23-4e91-8d52-616d332132fb,NBE,Banking,1,2025-04-21,التطبيق لا يعمل نرجو حل المشكله,Negative
5e6c15b1-9484-42d2-9f74-3cb7285c8943,NBE,Banking,1,2025-04-21,منصحش حد بتحميلة نهاااااااااائي واجهت مشكلة في التسجيل كلمت خدمة العملاء بيقول روح أقرب فرع انا حملت الابلكيشن عشان مروحش في الزحمة والقرف,Negative
dbd8d51e-b437-4f74-98ce-d6f73c0c54ae,NBE,Banking,1,2025-04-20,سياء جدا,Negative
fa930339-02b3-4604-80d8-3954e812cc87,NBE,Banking,5,2025-04-20,good,Positive
ace58d74-e3d0-419a-8540-b67c2b9351d9,NBE,Banking,5,2025-04-20,ممتاز,Positive
4f311954-4ca3-41de-862e-7784b7b14b01,NBE,Banking,1,2025-04-20,ممتاز,Negative
26e9de9c-8c72-4ce1-a69b-2c4364cdf7e1,NBE,Banking,5,2025-04-20,رائعة,Positive
b38b7ef9-1163-4778-b784-fbf74a7331c9,NBE,Banking,5,2025-04-19,ممتاز,Positive
972141b1-1440-46fb-a381-f85a690d3a07,NBE,Banking,1,2025-04-19,baaaaaad,Negative
0a2f5c9a-c10b-4a87-9ef7-e5dc24bc5032,NBE,Banking,1,2025-04-18,ارجو حل مشكلة الابلكيشن مش بيفتح علي الموبايل,Negative
38d1a11f-7b98-40c7-9cb4-b18455f57f8d,NBE,Banking,1,2025-04-17,مش شغال عندي مع أن التليفون جديد وإمكانياته عاليه,Negative
8ac9a9f2-dca8-4389-b53e-dec7b9e7f936,NBE,Banking,5,2025-04-17,برنامج ممتاز,Positive
55c53b9e-05d1-48f8-9965-71a47984f78e,NBE,Banking,5,2025-04-17,خدمات متنوعه جيدة جدا,Positive
aa7dfe9c-ec46-4a66-93b3-98df67dbe989,NBE,Banking,1,2025-04-17,اسوء تجربه من البنك الاهلي هذا التطبيق قمه الفشل ولا يصح من بنك كبير يقدم تطبيق بهذا السوء,Negative
3b27c91a-9a84-4bf6-a7ad-b339c8dead7e,NBE,Banking,5,2025-04-15,👍,Positive
65bc51c0-fd61-4405-97f8-4c0cd2f72235,NBE,Banking,5,2025-04-15,ممتاز,Positive
bdfa4c55-f023-44a8-ad73-90f847fea669,NBE,Banking,1,2025-04-15,البرنامج يعطينى دائما غير قادر على الاتصال بالخادم,Negative
f6c4f102-c8a0-4d5e-8f76-610f6bd60d02,NBE,Banking,5,2025-04-15,برنامج ممتاز جدا جدا جدا جدا,Positive
f355bfc5-d710-447f-a2ac-7d8b4e85ea20,NBE,Banking,1,2025-04-15,يجماعه البرنامج مش عاوز يفتح عندى خالص مش عاوز يجيب اساسا كلمه المرور ولا الاسم على طول ايرور,Negative
c26063b4-c5c3-4847-8215-da4d752d95dc,NBE,Banking,5,2025-04-15,هاااااااايل,Positive
47d9fe20-4662-4a45-ad8a-704f72459010,NBE,Banking,1,2025-04-15,البرنامج معلق عندي,Negative
28a18ddf-c8ac-4474-bc4e-de3e969e3720,NBE,Banking,1,2025-04-14,التطبيق سئ للغاية أود التسجيل لمعرفه الصادر والوارد من حسابي البنكي لديكم لكن لا يستجيب معي يظهر لي التطبيق غير مدعوم ارجو حل المشكله ولا يستحق نجمه واحده لانه تطبيق فاشل ولكن فقط للمشاركه 😡,Negative
c85706e5-b8a9-4477-99ea-8e3eee3d2051,NBE,Banking,5,2025-04-14,ممتاز,Positive
778b4383-9610-4158-b51f-6a6070c64452,NBE,Banking,1,2025-04-13,تطبيق سئ جداً,Negative
e3267d10-5383-4ee0-8f21-be475e91c99a,NBE,Banking,1,2025-04-13,تطبيق سيء جدا وخدمه عملاء ١٩٦٢٣ سيئه جدا,Negative
08db0bda-573d-441c-920e-421d8b8ec2b2,NBE,Banking,5,2025-04-13,ممتاز جدا,Positive
38d4d9fa-7013-45dd-bf67-441cea08e12f,NBE,Banking,1,2025-04-13,مشكله كبير ارسال كلمه المرور تبعتعه بطريقه صعبه ولا كأننا هنحل شفرة فرعونيه ياريت تغيرو النظام ده واستبدول بكلمه تانيه وطريقه سهله,Negative
5481940d-a78f-4cb3-9950-c7d4d8138e60,NBE,Banking,5,2025-04-12,تطبيق جميل بس نرجو تظبيته لانه لايمثل حجم البنك الاهلي لازم يكون احسن من كده وشكرا جدا,Positive
45be3ba6-1c71-4a83-9f64-a9f91792c704,NBE,Banking,4,2025-04-12,برنامج جيد . وأتمنى وضع اداة تمكنني من التحويل من كارت المرتبات (payroll) للحساب الشخصي,Positive
fac47d72-1be1-430c-a94e-874717c386e2,NBE,Banking,1,2025-04-11,اذا سمحتم التطبيق ف اوقات كتير مبيشتغلش فيها وبيقولي غير قادر على الاتصال بالخادم ودايما مش شغال ف اغلب الاوقات واوقات تانيه بيشتغل طبيعي وبيكون اتصال الانترنت كويس وتمام بس فيه مشكله ف التطبيق ارجو حل المشكله بتحديث,Negative
bec38d6e-f3de-4c28-8c6b-43925be5f9fb,NBE,Banking,5,2025-04-11,ممتاز جدا,Positive
d99d3bd3-ff7b-4939-b6e0-ec8d110bcd9e,NBE,Banking,1,2025-04-10,تطبيق سيء جدا كل ما ادخل الرقم السري والكود اللي أعطاه ليا البنك وجميع البيانات ويقولي خطأ وكررت ذلك كتيييييييييير جدا افيدونا للاشتراك,Negative
8a93d3e5-e7aa-4fe3-9598-75cf76d03fad,NBE,Banking,1,2025-04-10,البنك الاهلي عدم مصداقيه مع العملاء,Negative
749d94fe-9a76-4e0a-be2f-5803932b4a69,NBE,Banking,1,2025-04-09,برنامج زفت لازم عشاان يشتغل عايز معجزة,Negative
5495ebff-f500-46ce-9063-eab53a665dbf,NBE,Banking,1,2025-04-09,سئ جدا لايفتح,Negative
dd843e88-6729-4b95-a86f-acb294375d2a,NBE,Banking,1,2025-04-09,البرنامج كان شغال تمام وفجاه مش بيفتح وبتيجى الرساله دى لا يدعم الجهاز الذي تم عمل روت له.,Negative
1b4bba5a-d445-40cd-814a-c02016063266,NBE,Banking,5,2025-04-09,كويس جدا,Positive
1adb5440-523b-4b7f-b3a2-6a7cd9249957,NBE,Banking,1,2025-04-09,ليه عند الاستخدام كل مرة يقول تحديث ايه المشكلة,Negative
7d65f24c-a0cc-4e78-bd40-48232c73329c,NBE,Banking,5,2025-04-09,ممتاز,Positive
5d30c483-681a-4463-b8c3-d57c82d5a2af,NBE,Banking,5,2025-04-09,رائع جدا,Positive
0c75d996-db51-4923-b43e-bcfcdba18c88,NBE,Banking,4,2025-04-09,نسبيا جيد...,Positive
3b3a1a44-4e21-49fb-91f0-c860fb9e7b36,NBE,Banking,4,2025-04-08,التطبيق ممتاز جدآ مناسب لأكبر بنك مصرى ولكن فرع منشا محرم بك الأسكندرية سئ جدآ جدآ مديره و موظفين منتهى الأستهتار,Positive
9933c95c-8ef8-485c-8e5f-a63c758e2f0d,NBE,Banking,1,2025-04-08,التطبيق سى جدا من ساعه ما حملت مش عايز يفتح نهائى كل ما افتح يقولي خطاء وحذفته وحملت اكتر من مرة وغيرت الكيبورد ودخلت عملت كل الأذونات للتطبيق وبرضو مش بيفتح نهائى تجربه بجد سى جدا,Negative
38c963b6-e9f2-4f52-b1b3-e0a3248d7c88,NBE,Banking,1,2025-04-08,تطبيق سبئ تعمل منه تحويل ودخل البنك إلى المحفظه يخصم الفلوس ولا تتم المعامله ونشتكي لخدمة العملاء ووجع دماغ,Negative
79c3d64c-36ae-4894-a465-18338ba9b0ef,NBE,Banking,1,2025-04-08,افشل خدمه عملاء وافشل تطبيق لا يوجد اي مساعده اواهتمام بالعملاء,Negative
276718e1-694b-49cf-abe1-047bfc744b65,NBE,Banking,4,2025-04-08,يرجى تطوير المدفوعات و فصلها عن بعضها مثل الكهرباء والماء و الغاز,Positive
84833147-a34e-4eef-993f-22b5d0471e29,NBE,Banking,1,2025-04-07,ارجو تحديث البرنامج حيث أنه صعب في التعامل بخلاف تطبيق بنك مصر سهل كده وبيتيح فيه كل الخدمات الخاصة بالبنك,Negative
396fea38-ce72-4cf1-afe8-2ed526b6568b,NBE,Banking,1,2025-04-07,نزلت التطبيق لاكن للاسف مش شغال,Negative
f86f0d2e-2892-4526-b851-9466b2d2f3aa,NBE,Banking,2,2025-04-07,دائما غير قادر عا الاتصال بالخادم ومش بيفتح,Negative
3d0f6441-843b-4382-913e-ce40062d6f18,NBE,Banking,1,2025-04-07,التطبيق مش بيفتح وبتظهر الرساله دي rooted device is not supported,Negative
fee57895-d19e-46c7-91c5-462af0017b75,NBE,Banking,1,2025-04-07,لا يعمل علي موبايلات هواوي المفروض ترضو جميع العملاء,Negative
ab6a7d23-e04d-4ef7-9dae-d0b6d3d115a4,NBE,Banking,5,2025-04-06,انا ذهبت لفرع علشان التسجيل وجاتلي رساله باسم المستخدم بس مجاتش رساله OTP واتصلت بالبنك وبرضو لم تأتي الرساله الرجاء حل مشكلتي,Positive
adb25805-0d8b-462f-9fb1-64621ce5906a,NBE,Banking,4,2025-04-06,جميله,Positive
9528b73a-f9dd-4ed4-876e-3295781c02ef,NBE,Banking,1,2025-04-05,للاسف الشديد هذا التطبيق لا يعمل,Negative
11c396b5-d68b-4140-a69d-eb068df0fe9d,NBE,Banking,1,2025-04-05,ابليكيشن قذر,Negative
acfec197-4216-495c-9b41-cbecc1db6545,NBE,Banking,5,2025-04-05,تطبيق فيه كل اللى عايزه تطبيق روعه ناقصه حاجه مهمة للجميع بعد اى انجاز تحويل او استلام تحويل ان استطيع اعمل اسكرين شوت او احمل ملف او صورة بالعمليه المحددة ياريت دا يكون تطوير زى الانستا لما بعمل عمليه بعمل مشاركة الايصال للعميل فبيطمئن ان فلوسه وصلت,Positive
2967364b-4416-40c7-bdeb-317e47140c8a,NBE,Banking,1,2025-04-04,التطبيق مش شغال من يومين ولازم يكون فيه حل ومسحته ونزلته تاني ونفس المشكله,Negative
16e8fef4-6783-4c66-a3fe-d0bfda0a8868,NBE,Banking,5,2025-04-04,جيد,Positive
e8cbe2ab-0a25-4e7e-8756-4cdcc3d4e288,NBE,Banking,1,2025-04-04,التطبيق كان شغال معايه تمام وده الوقت بيبعت لي رساله لما أفتح التطبيق بتقولي غير متوافق مع جهازك إيه السبب,Negative
06d80e0c-eeae-4e9c-87cc-d830b594122e,NBE,Banking,1,2025-04-03,سئ جدا جدا للاسف فى المعاملات والخطواط,Negative
37264713-fd95-4b32-9d14-2c67d7df10d1,NBE,Banking,1,2025-04-03,اللى عامل التطبيق مدام عفاف فى الدور السابع علشان اعمل حساب عل التطبيق لازم إجراءات معقده,Negative
b04d43ec-d660-413f-ada6-569ad6c01afa,NBE,Banking,1,2025-04-02,اسوء خدمة عملاء في الكوكب مفيش زوق في التعامل كان الواحد بيشحت منهم,Negative
48b64504-00d3-4a33-b887-5f1dc51b37c8,NBE,Banking,1,2025-04-02,لم يعمل نهائيا,Negative
e27c1349-bc7c-46df-a926-93600bff459b,NBE,Banking,5,2025-04-02,good,Positive
4f5bc872-aa5f-43cd-afeb-1bcadf3854d5,NBE,Banking,1,2025-04-01,في مشكله لمه غيرت تلفون اصبح عطلان و يرفض الفتح البرنامج ليه,Negative
a0e4d7ca-38cd-49b8-aa7b-22004a7ef4c8,NBE,Banking,1,2025-04-01,التطبيق معقد وعملياً فاشل ...مش راضي يتجاوز مرحلة صورة وعبارة الامان ... !!! وموضوع جاهز لاستخراج otp شيئ عفه عليه الزمن ... مش عيب انك تتعلم من بنوك خارج مصر لأن أحنا في مصر متأخرين جداً جداً.,Negative
d9e9d5ef-8357-42d2-bcf8-25ae00535cac,NBE,Banking,5,2025-04-01,ممتاز,Positive
e901b47d-0f0f-48d3-8f99-8b78fdfabd5f,NBE,Banking,1,2025-04-01,التطبيق لا يعمل أرجو حل المشكلة اسبوع أحاول أفتح التطبيق لا يستجاب,Negative
50a89565-588c-417a-b0a2-e11c36f1f1dc,NBE,Banking,1,2025-03-31,أسوأ خدمة عملاء و لازم يطلبوا العنوان اللي مسجل في البنك طيب ما احنا شباب يعني اغلبنا بيأجر شقق و بنتقل من شقة لشقه و أكيد الواحد مش هايتذكر اي عنوان مكتوب في البنك الواحد فعلا زهق من العك ده يا ريت تشوفوا معاملات بنكيه غير ده,Negative
27e702a8-7d1b-4f35-99f3-25fbc45a3f92,NBE,Banking,5,2025-03-31,روعه والله,Positive
9aab4708-e873-4f89-91ff-eddda7b4d32b,NBE,Banking,5,2025-03-31,ممتاز,Positive
ebb7102c-3d55-46d5-9a15-313f71f29d58,NBE,Banking,5,2025-03-31,ممتااااذ,Positive
1571a607-0598-43ba-8c91-470e5bd23b53,NBE,Banking,2,2025-03-30,هيبقا احسن كتير إذا تم دمج برنامج النقاط بداخل نفس التطبيق الرسمي للبنك حتى يصبح تطبيق شامل اتمنى من المطور إضافة هذه الميزة تيسيراً وراحه لمستخدمي تطبيق الاهلي موبايل. شكراً,Negative
998212d1-8a1e-4ef0-8e2e-bb4eaac13123,NBE,Banking,5,2025-03-30,رائع,Positive
a472443f-deff-42cb-9576-0d34c1ebab37,NBE,Banking,1,2025-03-30,لا يمكن الوصول الخادم لا يعمل فى بعض أجهزة الأندرويد,Negative
ce9a82f5-27cf-4592-9703-b10d0fe3d046,NBE,Banking,5,2025-03-29,جيدجدا,Positive
86d7a388-cb64-4f99-a097-0042ebd842a7,NBE,Banking,1,2025-03-29,تجربة سيئة التطبيق كل شوية تحصل فيه مشكلة مايفتحش معايا بمسحه أو ألغى التخزين على أمل أنه يشتغل,Negative
d27e2615-caa2-42c5-9b9c-f611cac54599,NBE,Banking,1,2025-03-29,برنامج فاشل وبنك فاشل كل اللي بيعمله البرنامج بيعرفني الرصيد الموجود وياريت حتي بيكون صحيح بالعكس بيظهرلي رصيد غلط ديما,Negative
c56af8bb-34aa-42f4-9f6d-ea38330a8fbf,NBE,Banking,5,2025-03-29,ممتاز,Positive
d221ac36-8609-4b96-8f78-7ab0fbcd265c,NBE,Banking,1,2025-03-29,ايه مشكله الابلكيشن معلق مابفتح بيكتب غير قادر ع الاتصال بالخادم انا لوحدي ولا الكل,Negative
a7a67456-b7b6-409d-b870-f839e9175397,NBE,Banking,5,2025-03-28,شكرا,Positive
70117881-047d-49b4-9f14-059969d9a1a1,NBE,Banking,1,2025-03-28,انا عارف انها خدمه متميزه بس انا ما بعرفش اشتغل على لان انا ضعيف في التكنولوجيا بصراحه بس انا متاكد انها تجربه ممتازه البنك الاهلي مش هيعمل حاجه وحشه,Negative
ed1d7e61-c161-433d-8bc3-f04f9fe17b89,NBE,Banking,1,2025-03-28,التطبيق لا يعمل لزمتو ايه ؟,Negative
23b80d54-31ea-4105-a752-f2ad6b17f9b2,NBE,Banking,1,2025-03-28,لا يعمل,Negative
4409fbd3-0c12-46a7-a5e7-6a36d43e29e1,NBE,Banking,3,2025-03-27,ارجو من سيدتكم حذف البطاقات الموقفة الغير مستخدمة من التطبيق شڪــــــــــــــــــــــــــــراً,Neutral
ac43e7e0-f57c-477a-a79a-17748e961d89,NBE,Banking,1,2025-03-27,بنك زباله وتطبيق زباله وماكينات ATM أزبل من الزباله,Negative
dbd01222-4f5e-46b8-8d39-4d0325a6226d,NBE,Banking,2,2025-03-26,للاسف الشديد البرنامج لا يستجيب للفتح عن طريق البيوميتريه وقمت بالاتصال بخدمة العملاء واستقبلت رساله بالباسور الجديد ولكنه لا يعمل ارجوا الإفادة,Negative
10e336ef-05e2-43ef-84b3-f321a506168b,NBE,Banking,5,2025-03-26,جيد جدا ربنا يبارك فيكم جميعاً,Positive
a0b8aaec-96fc-4ffb-900a-594b5bc2248a,NBE,Banking,1,2025-03-26,سئ,Negative
f17f1d6c-3cc8-43e0-bb17-96b4ad84661e,NBE,Banking,5,2025-03-26,جميل,Positive
a7c2954f-26f7-457a-be0f-7ecae4d209a5,NBE,Banking,5,2025-03-26,ممتاز,Positive
df141766-6abd-4908-b204-5f34919ad4dd,NBE,Banking,5,2025-03-26,نشير للقائمين على التطبيق بادراج بعض المميزات مثل ١/خدمة التحويل اللحظى للمحافظ الاليكترونيه والتحويل بين الحسابات سواء من داخل البنك الاهلي او البنوك المحليه ٢/رسائل نصيه برمز دخول مؤقت على رقم الموبايل المسجل بالحساب لضمان الحمايه العاليه وشكرا لكم,Positive
a06c1844-42f4-461b-a36f-1cb25f0fbab6,NBE,Banking,2,2025-03-26,التطبيق تقيل جدٱ عند فتحة الرجاء النظر في ذلك وضبطة,Negative
af5bf564-9156-4c77-a34d-a5e4076dd698,NBE,Banking,5,2025-03-25,برانامج ممتاز ويسهل امور كثيره ممكن انجاذها بدل الذهاب الى البنك,Positive
fc1b4485-4059-4991-9b26-72df97d5b77a,NBE,Banking,5,2025-03-25,جيد جدا,Positive
9f17a408-6187-44de-90af-079f85d7ee85,NBE,Banking,1,2025-03-25,التطبيق لا يفتح,Negative
b94675a0-f235-4d16-8118-133cd848c1a3,NBE,Banking,1,2025-03-25,التحديث تقيل مره ولا يستجيب,Negative
34c97e09-3b3a-4ab4-9af3-22b39cef7969,NBE,Banking,1,2025-03-25,مش بيفتح,Negative
7a046f67-c26d-41aa-ae0d-eb9ad7f6e7c4,NBE,Banking,5,2025-03-25,ممتاز شئ رائع,Positive
cbc363f9-0175-42ae-bd04-bc18cc7f922e,NBE,Banking,5,2025-03-25,تمام,Positive
ad3cca9b-dec9-4e03-a1ef-61526d311873,NBE,Banking,1,2025-03-25,تقيل ولا يعمل معطل اعمالنا حاجه تكسف,Negative
77ec1646-b803-41a0-a646-3b798c9e59d1,NBE,Banking,1,2025-03-25,تطبيق لأ يعمل معظم الوقت بحس انى بتحايل عليه عشان يفتح فى مشكله في التطبيق اتمنا تحديث البرنامج,Negative
758ff467-8dfd-4bdf-ac86-4eff0decdd1f,NBE,Banking,1,2025-03-25,التطبيق سئ جدا جدا وبطئ وكمان مش، لما بدخل اليوزر والباسورد مش، بيدخل حاجه بجد قمه في التعقيد وضياع للوقت,Negative
d0af27b0-3ba6-47fa-ae3c-43faaa459e2f,NBE,Banking,1,2025-03-25,تم سحب مبلغ منى بatmالبنك الاهلى بالجيزه من يوم ١٥ وحتى الآن لم يرد لى المبلغ ويوميا اتصال بخدمه العملاء ولا يوجد جديد مع العلم ان تم ابلاغى بجرد الماكينه ووجود المبلغ وحتى الآن لم تقفل الشكوى لاستلام المبلغ الخاص بى ارجو حل المشكله قبل إجازات العيد وللعلم مش انا بس اللى حصلت معاه المشكله وقت مانسحبت منى الفلوس ارجو الرد او ايه الإجراء اللى ممكن اخده علشان فلوسي ترجعلى,Negative
979d9e83-92dd-4845-8a3c-7a4cc7c27564,NBE,Banking,2,2025-03-25,لما بفتح التطبيق بيقولى خطا المشكله في ايه,Negative
d9f8632e-07a0-44ad-81bb-0ea3d6276b88,NBE,Banking,2,2025-03-24,التطبيق جيد لكن يحتاج تحسين لتسريع الخدمة,Negative
3a149d35-54e4-42e2-9255-e12e17e635df,NBE,Banking,1,2025-03-24,للأسف تطبيق لا يلق بالبنك الاهلي كل كام يوم ميرضاش يفتح ونتصل بخدمه العملاء والخ والخ,Negative
a7c9b9f5-c294-4080-89f4-c3fe71731ae6,NBE,Banking,1,2025-03-23,"""تطبيق البنك الأهلي سيئ جدًا! بطيء وثقيل جدًا في الاستخدام، ويفتح بصعوبة حتى على الأجهزة القوية. خدمة العملاء غير مفيدة، وكثير من العمليات تأخذ وقتًا طويلًا أو لا تعمل. أنصح بعدم تحميله لأنه غير عملي ويضيع الوقت!""",Negative
ce3ca3e4-a68b-4b9c-9534-0156e7c2960c,NBE,Banking,5,2025-03-23,جيد جدا,Positive
7b3a974c-0ce4-48ad-87c6-69be213ce9c0,NBE,Banking,5,2025-03-21,جيدجدا,Positive
095bee87-f401-4d56-b91c-5b0fca53efff,NBE,Banking,1,2025-03-21,بعد التحديث الاخير لا يعمل نهائي,Negative
ee77f1df-3a54-4d21-b383-9dae0bc8f4e7,NBE,Banking,5,2025-03-21,تطبيق ممتاز,Positive
fc98c136-6d52-4c14-bf92-f48e5b0e0eef,NBE,Banking,5,2025-03-20,جميل جدا ورائع,Positive
df6e1f6d-93be-4041-87a8-3577046d089d,NBE,Banking,1,2025-03-20,التطبيق لا يعمل لا استطيع التفعيل سواء بالكود او الرقم السري او عن طريق الباركود,Negative
9bc5f628-8ff5-41a4-990c-bf7369a3d2fe,NBE,Banking,1,2025-03-20,زي الزفت ومعقد ودايمآ يذود إضافات وبيقطع ويغيب لما يفتح ويرجع يقول وقت الجلسه خلاص وادخل من جديد وكل 3 شهور يطلب تغيير الباسورد حسبنا الله ونعم الوكيل فيكم,Negative
0569421b-5119-494d-91f0-219de4fb06e2,NBE,Banking,1,2025-03-19,التطبيق بطيئ وبايخ وسيئ لابعد الحدود انا كرهت البنك الاهلي عشان التطبيق ده ميستاهلش ولا نجمة بس انا مضطر اديلو نجمة,Negative
775898a2-1406-49aa-899a-71238a204260,NBE,Banking,4,2025-03-19,جيد,Positive
645afc53-cc27-4f62-91ed-c1add60c7aac,NBE,Banking,1,2025-03-19,تطبيق سئ للغايه بقالي يومين عايز افتحه مش عارف,Negative
dc4baca7-e310-4a78-ba9c-204098dde6af,NBE,Banking,5,2025-03-18,💯👍,Positive
477bd32a-ccb8-44f1-b810-691f15e8713c,NBE,Banking,5,2025-03-18,ممتاز,Positive
29a9df1c-114d-448f-a645-d193737130d1,NBE,Banking,5,2025-03-18,أرجو التقنية من ذلك,Positive
b996ac40-69be-45ff-b3b7-a6f9b370a7bb,NBE,Banking,5,2025-03-18,ممتاز,Positive
ca91dc82-e7c0-4f6b-80d4-af1da5df8efb,NBE,Banking,3,2025-03-17,التطبيق عند الدفع من الفيزا يظل المبلغ موجود لعدة أيام في الحساب على صفحة البنك المفروض يتعدل سريعا,Neutral
976e2b9b-9d91-49d3-ba72-d03e1e1a585a,NBE,Banking,1,2025-03-17,تطبيق سئ جدا كل ما اسجل دخول يقولي لا يمكن الاتصال بالخادم ومعي شبكه الانترنت سريعه وجيده,Negative
a2b75718-ffd8-4f20-a1c1-3389d5d6463d,NBE,Banking,5,2025-03-17,ممتاز,Positive
25e4c64e-bf3f-49cc-8c48-de255f272743,NBE,Banking,1,2025-03-17,البرنامج مش عاوز يشتغل,Negative
f3fae1bb-73bc-4b4f-8741-14c2da1fe79b,NBE,Banking,5,2025-03-17,من احسن البنوك في التعامل,Positive
007c512a-1d25-459d-9319-61928aaaf537,NBE,Banking,5,2025-03-16,رائع,Positive
769bf3ad-b070-47e2-890b-e4b935a37a3a,NBE,Banking,5,2025-03-16,ممتاز الحمدلله,Positive
12685a9c-a88c-40e4-8998-ed6720a3e3c2,NBE,Banking,4,2025-03-16,تطبيق جميل,Positive
2c71b0cb-a7b2-44af-a325-3aeb1ed6d7bf,NBE,Banking,1,2025-03-15,ي أسواء تطبيق شوفتو في حياتي تطبيق سئ جدا جدا جدا وحرام حتي نجمه واحده ليه,Negative
425c30e3-e015-42c6-b188-24fac13f4086,NBE,Banking,1,2025-03-15,تطبيق سى جدا تدخل مرة ويتم حظرك بعد ذالك من الدخول ومن ثم نحذفه وتنزله مرة اخرى هل هذا التطبيق يلق بالنبك,Negative
b7c20d52-11ea-4738-b4fd-be269cf9cf14,NBE,Banking,5,2025-03-15,ممتاز,Positive
daed9709-fd90-405c-a211-140de0e86bd4,NBE,Banking,5,2025-03-14,ممتاز,Positive
e2f1d578-4cdf-4646-874e-a63fc357329c,NBE,Banking,5,2025-03-14,منتاز,Positive
65a7dab2-42c2-4aff-9bff-4bce038d21d6,NBE,Banking,5,2025-03-13,التنقل صار افضل و أكثر سهولة بعد التحديث شكرا لكم,Positive
d04dd474-3906-451c-9cfc-db0678e275b9,NBE,Banking,1,2025-03-13,بنك سئ جدا جدا جدا,Negative
8a7f1154-3697-4083-ba9d-9011547ae940,NBE,Banking,5,2025-03-13,ممتاز ولكن ينقصه اوبشن النسخ,Positive
fac7a9bc-ec1f-45b2-aff5-20099aa31776,NBE,Banking,1,2025-03-12,تطبيق للاسف الشديد لا يليق بالبنك الاهلي حسبى الله ونعم الوكيل,Negative
755e9694-7da0-4094-9d67-9e6477f2ed65,NBE,Banking,5,2025-03-12,ممتاز جدا جدا جدا جدا,Positive
2a53237c-ade3-4960-82ed-be7c3b8b3370,NBE,Banking,5,2025-03-12,تطبيق مميز جدا,Positive
99fae00d-db51-4f5c-8c17-62893fe29f4f,NBE,Banking,5,2025-03-11,متعب شويه مش بيفتح بسهوله,Positive
1e8402ab-6386-405c-8a10-fccab53c02a2,NBE,Banking,1,2025-03-11,سيئه جدا,Negative
bdaf436b-adb5-475c-a21f-371820ce0c18,NBE,Banking,5,2025-03-11,بيقفل مع فتح شىء اخر,Positive
c7c6975e-5d8e-4452-a9a4-b30a3407d65f,NBE,Banking,1,2025-03-10,بنك خدماته بطيئه و غبيه,Negative
01978638-8b09-47d0-8a57-b2f6409cae41,NBE,Banking,5,2025-03-10,ممتاز,Positive
1d8452f9-0e9c-4212-a29a-2bc112e8242d,NBE,Banking,5,2025-03-09,جيد جدآ,Positive
293143e6-580f-4028-a9f4-a0e81e059fb5,NBE,Banking,1,2025-03-08,جيد,Negative
f449c82d-65b0-4ae7-8579-a46a8c42013e,NBE,Banking,1,2025-03-07,للأسف الشديد . التطبيق لا يليق باسم البنك الاهلي.. تحاول الدخول عليه مرات ومرات باليوزر اللي الفرع أعطاك اياه وبكلمك السر التي دخلت بها اول مره ولكن دون جدوي. وكل الذي يوضحه التطبيق ... عبارة > دخول خاطئ حاول مره اخري < طيب ايه الخاطئ... افيدوني ⁉️,Negative
ea65541a-69bf-44d9-8be9-ba9e7f61f159,NBE,Banking,1,2025-03-07,مش عارفة اسجل دخولي عليه,Negative
b1ef9acc-5f2f-4f62-8f03-b0259a7ee390,NBE,Banking,5,2025-03-07,ممتاز جدا,Positive
21f7b9a9-4c73-4b55-93a7-9f304328b811,NBE,Banking,1,2025-03-06,سئ ومتعب ادخل كلمة وغير كلمة السر وكلمة السر غلط وراجع الفرع,Negative
ef3f3dfb-a5d3-48c6-9f7e-671437e7a4ca,NBE,Banking,5,2025-03-06,جيد جدا,Positive
3bae8c5a-f0fe-4582-aab2-cf4ab3d4e721,NBE,Banking,5,2025-03-05,ممتاز,Positive
7c14dbbf-7a26-4d0a-ae3f-6303fe6bfeb8,NBE,Banking,5,2025-03-04,تجربة جديدة,Positive
f1974c39-8b30-4967-99eb-2e0c78ffbecf,NBE,Banking,1,2025-03-04,برنامج عقيم عاوزله روتر لوحده علشان بس يفتح,Negative
28c28c60-eff2-468e-9c80-2825bd0dd3a7,NBE,Banking,3,2025-03-04,يعني ايه لم بفتح التطبيق بيقولي المستخدم غير نشط,Neutral
5260fa0a-35d5-45f6-8706-051db6049e48,NBE,Banking,5,2025-03-03,كانت فوق الممتاز,Positive
876899b2-3f22-4451-8fdd-6b5378d8f1bc,NBE,Banking,5,2025-03-02,Good,Positive
554956ab-e009-4e66-904f-65cb1bd911ac,NBE,Banking,1,2025-03-02,بصراحه تطبيق سي جدا بقالي اكتر من ١٠ ايام بحاول اشغله روحت الفرع مرتين وعملت باسورد صح وقفل تاني بعتلي رساله بالباسورد الجديد برضه مش راضي يفتح انا بصراحه ندمان علي وجود حسابات شركتي في البنك الاهلي وقريب هقفل جميع الحسابات عشان خدمه العملاء عندهم مش تمام,Negative
0d7572a2-2150-466d-a7d5-007a7efd8ee2,NBE,Banking,5,2025-03-01,ممتازه جدا,Positive
d09d978c-b7d2-4709-9067-bd134de18797,NBE,Banking,5,2025-02-28,ممناز,Positive
174fc1eb-e19d-46d9-9b34-95f79ce7d5b5,NBE,Banking,1,2025-02-28,سئ جدا التطبيق لا يدخل اساسا,Negative
e23c0afc-b9ee-43d0-bdfd-dd98000a1d04,NBE,Banking,1,2025-02-28,تطبيق لا يفتح معى ايه السبب,Negative
56c33c24-353b-4623-a9fa-eee588203c9c,NBE,Banking,5,2025-02-28,جيد,Positive
ef90d315-9fa0-483f-8bca-053356373753,NBE,Banking,5,2025-02-28,التطبيق شغال كويس ومفيش اي مشاكل واللي بيشتكي منه بسبب امكانيات موبيله,Positive
230bebcc-4c50-443f-b4bb-86c04ea6b34b,NBE,Banking,1,2025-02-28,هذا التطبيق سئ من ساعة ما حملته وهو مش فتح غير مره وحده وكل شويه يقلي اتصل بالانترنت والنت عندي متصل وتمام 🙎🏻‍♀️,Negative
12d12e92-2f62-434a-b198-47e5c330a364,NBE,Banking,5,2025-02-28,برامج مش بيعت رقم السري,Positive
6433bb34-2e93-4bf6-bbdb-d0085ee4d918,NBE,Banking,1,2025-02-28,البرنامج زباله سئ جدا للغايه ولا بيفتح بسهوله ولا بيكمل بعد مايفتح حاجه مقرفه ليا ساعه مش عارف افتح الحساب حتي النجمه خساره,Negative
718df4bb-12aa-4c8e-8c6c-d21bcb3f8b1a,NBE,Banking,1,2025-02-27,التطبيق بقا سيئ جدا بعد التحديث الاخير وطلب الرقم السري otp وتحط الرقم فعلا مش بيفتح,Negative
1a067096-5b43-4afa-8556-1d522f3d2dc4,NBE,Banking,1,2025-02-27,أسواء ابليكشين في التعامل معاه وخدمه العملاء مش خبره في التعامل مع أي مشكله تحصل فيه,Negative
703f5403-b81c-4501-a721-dbc068ff637a,NBE,Banking,5,2025-02-27,حساا,Positive
163f6147-83f5-4b3e-9589-0a59719e18dc,NBE,Banking,1,2025-02-27,التطبيق ببدينى خطأ,Negative
a7888b90-f793-4542-b007-e175ae9b1143,NBE,Banking,5,2025-02-26,جيد جدا,Positive
d07ea5d8-8cf8-4897-adef-8103042565d2,NBE,Banking,1,2025-02-26,رسالة الOTP تصل متأخرة وتنتهي صلاحينها مش عارف أدخل حسابي,Negative
349815be-9552-45a2-8994-c43c14714ae6,NBE,Banking,5,2025-02-26,تطبيق ممتاز,Positive
27dad463-f0be-4d1b-82ec-b8d327d0e885,NBE,Banking,5,2025-02-25,ممتاز,Positive
458b383e-d966-490e-a6f1-4e0310ffecf0,NBE,Banking,5,2025-02-25,ممتاز ممتاز ممتاز,Positive
9c3c2648-d732-4b61-a9ac-5650fcd92c3d,NBE,Banking,1,2025-02-25,من اسوء التطبيقات اللي اتعاملت معاها بصراحه التطبيق بطيء جدا جدا جدا وكمان مع التحويلات اروح علي اهلي تيكن اخذ الكود يرجع التطبيق من اول وجديد بقالي يومين بحاول اعمل تحويل وكل مره يرجع التطبيق من اول وجديد ياريت يكون كود التحويلات يوصل في رسالة علي الموبايل عشان مانطرش نخرج من تطبيق نروح للتاني عشان ناخد الكود,Negative
8e04d576-e207-4b5b-9350-371ec4939223,NBE,Banking,5,2025-02-25,ممتاز وسلس جدآ وكل حاجه موجوده عليه تخص حسابي,Positive
d08c2c01-5d73-457f-a3fa-4a4bdf3b6ff1,NBE,Banking,1,2025-02-24,التطبيق لا يعمل,Negative
230a2f48-df63-43bc-86bf-9dfb4e78bb59,NBE,Banking,5,2025-02-24,Good,Positive
56e69b90-55c5-4bc0-9f6f-f760fad9a7fa,NBE,Banking,5,2025-02-24,ممتاز,Positive
a87a7a9f-3f01-4e36-9b36-297a92545600,NBE,Banking,5,2025-02-24,التطبيق جيد وفقكم الله ونتمنى المزيد للافضل,Positive
1c822cc0-99c8-48bb-82dd-289cf6361707,NBE,Banking,5,2025-02-24,راءع,Positive
39a979ab-6b3a-4256-8987-544e7ba1c57d,NBE,Banking,1,2025-02-23,كل فترة تطلبوا تغيير كلمة المرور ولازم ماتكونش اتعملت قبل كده تعبنا من حفظ كلمات المرور الجديدة,Negative
0a1d9e37-e581-4b26-8ec2-839001879177,NBE,Banking,5,2025-02-23,بطلوا تاليف ليه عطلان من الصبح بسبب otp,Positive
8e23bf49-7acb-4b31-8f98-1a71387052ef,NBE,Banking,3,2025-02-22,جيده,Neutral
cf95971c-4ac6-45b1-925c-7499d3f36baf,NBE,Banking,5,2025-02-22,Good,Positive
117b5fa1-87ac-4194-88cf-df8260ae63c2,NBE,Banking,5,2025-02-21,ياريت يتم فيه بعض التعديلات مثل سهوله التحويل لجميع الحسابات وبعد الخدمات الاخرى مثل شحن الرصيد والتعامل مع جميع المحافظ الالكترونيه ؟,Positive
bbac3a11-8e13-4ca9-99bb-6570ee656142,NBE,Banking,5,2025-02-21,جيد,Positive
563b6960-c52b-462f-80bc-0d71d30df5eb,NBE,Banking,1,2025-02-20,لا يستجيب وبيكتبلي غير قادر على الاتصال بالخادم يعنى ايه,Negative
6443998f-6f5e-48ec-954e-198329a170cd,NBE,Banking,5,2025-02-20,ممتازه,Positive
e1642310-58b4-44cb-a8ff-3dbd09c44a86,NBE,Banking,1,2025-02-20,كلما حاولت فتح التطبيق بتقولى لا يمكن الاتصال بالخادم برغم أن الشبكة جيدة فى منطقتى وسرعة الانترنت عالية,Negative
1c9ed303-84c9-4e31-a9b4-04f2ab2dad6c,NBE,Banking,1,2025-02-20,التطبيق مش شغال ليه بيتظهرلي رسالة غير قادر على الاتصال بالخادم,Negative
ff8be380-ac67-4277-a292-799732bf92bf,NBE,Banking,1,2025-02-20,بطى ولا يفتح من مرة واحدة,Negative
4b3e15c8-6aa4-401d-8f99-59bb390cf349,NBE,Banking,1,2025-02-20,نرجو تفعيل المصادقة البيومترية,Negative
0b0e5f32-1271-49e1-ae11-3efeae016917,NBE,Banking,5,2025-02-19,تطبيق جميل جدا ورائع,Positive
c9fc1802-83fd-43b3-839c-4bc9878f6c72,NBE,Banking,1,2025-02-18,تطبيق سئ جدا جدا جدا لا يعمل ولا يقوم بانشاء حساب اسوء مما تتخيل ووجهه غير مشرفه للبنك,Negative
429e7cdb-9a03-4bed-91cf-474f58adc809,NBE,Banking,4,2025-02-18,جيد,Positive
15d3ca9b-5ace-4aac-9e5c-bc7feaf71a2d,NBE,Banking,5,2025-02-18,ممتاز جدا,Positive
e1372a13-5701-4e1b-8ccb-0d656ae52693,NBE,Banking,5,2025-02-17,جميل جدا,Positive
292ca91f-2a71-497e-8fdf-2683c5a432e1,NBE,Banking,1,2025-02-17,بحاول أثبت التطبيق بيقولي خطا,Negative
b1bf7e03-c6f1-43c5-9f9a-11bf8628d63d,NBE,Banking,5,2025-02-16,Ok,Positive
d040425e-317d-4eb3-b388-e72e2a4c1d7b,NBE,Banking,5,2025-02-16,جيدة,Positive
cb2da829-0e0f-4c0a-9fe8-ddfa35390ec2,NBE,Banking,5,2025-02-16,ممتاز,Positive
3ceb7f34-8481-4235-af3d-0233f68b7e0c,NBE,Banking,1,2025-02-15,من اخر تحديث وهو بطئ وسئ جدااااااا,Negative
04a1d4af-8afa-44a5-afad-b1b34f74ca71,NBE,Banking,5,2025-02-13,شوشو,Positive
545d0321-b346-4aa2-917a-41e22e3a294a,NBE,Banking,1,2025-02-13,اول مره البنك الاهلي يعمل تحديث سئ للغايه,Negative
49268c26-997c-4882-8af2-d4da1c37dd98,NBE,Banking,1,2025-02-12,بعد ان تقوم بتسجيل البيانات بشكل صحيح يقولك خطأ فالتسجيل تطبيق فاشل,Negative
3b15a1a0-2bd3-47b4-be12-8ebbae1c6ba8,NBE,Banking,4,2025-02-12,رائعه,Positive
68b400c7-e4b3-4b92-8cd3-22756ac1c4fe,NBE,Banking,5,2025-02-11,منجز جدآ,Positive
a7acff61-4106-4070-a2a5-569685441d35,NBE,Banking,1,2025-02-11,تجربه سيئه,Negative
a6fbb918-1619-4b96-86d3-77ae0f72f111,NBE,Banking,1,2025-02-11,أسوأ تطبيق لبنك في الحياة تطبيق ثقيل وكل شوية يطلب إدخال الرقم السري بدل البصمة ولا يستجيب الواحد بيفكر يلغي حسابه في البنك الأهلي بسبب هذا التطبيق العقيم لانه بيعطل مصالحي وانا اتعاملت مع بنوك كثيرة خارج مصر مشفتش في رداءته تطبيق ارجو من البنك الاستعانه بناس بتفهم يعالجون مشاكل التطبيق دا,Negative
bf571bec-8ddb-467d-94fd-596537306024,NBE,Banking,5,2025-02-11,هل يمكن فصل مديونية بطاقة الائتمان في الشهر السابق عن الشهر الحالي,Positive
8f51cb08-bbe3-4313-ad6e-a69411fab39f,NBE,Banking,5,2025-02-11,محمد شعبان محمد صبري,Positive
49681ed4-3731-40ae-8841-c9d0595a2ea8,NBE,Banking,1,2025-02-10,مش بيفتح,Negative
27172eb3-b471-43bb-9b71-dacca88524ba,NBE,Banking,5,2025-02-10,خدمة ممتازه جيدة جدا,Positive
5532c99d-f560-465c-87c5-3ac74b82885e,NBE,Banking,1,2025-02-10,اسوء بنك تشوفه وابلغ بعدم التعامل معه,Negative
4cbec987-c003-47d9-b27d-0647a8a20b1a,NBE,Banking,3,2025-02-10,لا يوجد رقم الحساب الدولي على الصفحة,Neutral
326c25f2-2653-4df5-9ad0-0831b97dcc59,NBE,Banking,1,2025-02-10,عطلت عمل التطبيق,Negative
c60a10d5-7127-48fb-bf64-c7d4dcbf00a6,NBE,Banking,5,2025-02-09,ممتاز,Positive
0a7d58ba-6328-4df7-8ac5-28ed0a371ab4,NBE,Banking,5,2025-02-09,ممتاز,Positive
d991a326-68f3-4973-b4a1-b1358415c8cd,NBE,Banking,5,2025-02-09,تطبيق في قمة الروعه,Positive
186fa621-cb10-4ab6-82ea-36b0cf396f90,NBE,Banking,5,2025-02-09,ممتاز جدا,Positive
a1e5f2be-1095-45af-b54d-fd932222b7af,NBE,Banking,5,2025-02-09,جيد,Positive
b50c0a09-de80-48db-bcf4-fa8a211d79a0,NBE,Banking,1,2025-02-09,التطبيق مش راضي يفتح واذا فتح بيبقى تقيل جدااااا,Negative
1b995beb-ab3b-45d2-93e9-f6126d60a51b,NBE,Banking,5,2025-02-09,جميل,Positive
e2373466-95f2-4bf1-8ad2-3ce57322ff61,NBE,Banking,1,2025-02-09,برنامج سي من البنك الأهلي لانه كثير الخروج وثقيل,Negative
dfbf049f-f9b7-4c75-a8c9-188ab92d4961,NBE,Banking,5,2025-02-09,حلو مفيد,Positive
b3647720-f72a-4061-a1f0-87473f2d5366,NBE,Banking,1,2025-02-08,برنامج سئ للغاية كل ما ادخل رقم البطاقة يرفض ويقول لي كلم البنك او اتصل علي رقم الخط الساخن مع العلم اني معنديش مشكلة,Negative
b9b8958b-9eec-45bc-ace2-e557437bca05,NBE,Banking,1,2025-02-08,برنامج عقيم وغبى والمنظومة كلها فاشلة استعيض عنة ببرنامج انستا باى أسرع وأفضل كثير من برنامج الاهلى فون وكذلك أفكر فى الغاء جميع حساباتى وحسابات الشركة فى البنك الاهلى وافتح حساب جديد فى بنك مصر لديهم برنامج رائع وسهل التعامل معاه,Negative
72db8a28-b0d2-4ee5-a225-7f5eaff3188a,NBE,Banking,5,2025-02-08,برنامج رائع جداً,Positive
b2a21dc4-f850-404b-b1c2-e12e35bbe595,NBE,Banking,1,2025-02-07,حتى بعد التحديث من افشل ما يكون ، الغوا التطبيق افضل لان اخره يجيب رصيد حسابك فقط وياريته نافع,Negative
fa915cc3-60fb-44cd-bae3-d3d8460d6f30,NBE,Banking,1,2025-02-07,تطبيق سئ جدا وللغايه تم الشحن أكثر من مره ولا يستجيب ضياع أموال على الفاضى ....زى الزفت للاسف,Negative
162a0e78-d0c8-4b6f-ab2a-d5ce4ac8b650,NBE,Banking,5,2025-02-07,Good 💯💯,Positive
d3647364-805a-4a86-81e7-609d7b785f86,NBE,Banking,5,2025-02-07,ممتاز جدا,Positive
47d99d25-df00-45ab-b6c3-d552e4540276,NBE,Banking,1,2025-02-06,اسوء بنك في العالم وأسوء خدمه الساعي في بنك مصر له قيمه عن مدرين فروع البنك الأهلي افتح حساب في فرع قطور ويرسلو البطاقه عن طريق مندوب وعند التفعيل لا يصل كود التفعيل وفي الفرع يقولي اتصل علي خدمه العملاء 😅😅 تعقيد في الخدمات وسوء معامله من موظفين الفروع ال هما أصلآ بيقبضو من الفوايد والقروض والربا,Negative
9b193365-78db-4264-b1a9-9a4874ca55b6,NBE,Banking,1,2025-02-06,سيء برجاء من صمم هذا التطبيق ان يعدله نصيحه راجعوا تطبيق بنك مصر وحاولوا ان تعمله مثله بصراحه تطبيق البنك الأهلي سيء جدا ولا يمكن استخدامه ياريت اللي عمله يعدله,Negative
3cca7623-eff5-450f-9461-7c3f8b0b7410,NBE,Banking,1,2025-02-06,فاشل وبعد وقت اقصر من القصير لا تتمكن من تسجيل الدخول او فتح الوجهه الاولي للتطبيق,Negative
cf64eab0-9f64-4db6-9f06-36be15e9b7bf,NBE,Banking,5,2025-02-06,Good,Positive
5e07d3d5-43f1-4658-acff-a52eac975bb8,NBE,Banking,5,2025-02-06,ممتاز,Positive
c9c0a94b-0660-4e72-812a-78ba3303a84f,NBE,Banking,5,2025-02-06,Good jop,Positive
48d609ea-08f4-47b2-8b7c-12d021a9d6fd,NBE,Banking,2,2025-02-05,بعد تحديث التطبيق وإضافة مميزات أخرى وجدته ممتاز ، ولكن كان هناك أيقونه لخدمات فورى لشحن خطوط الهاتف لم تعد موجوده. يرجي إعادتها مره اخرى لتسهيلها علينا في شحن خطى من خلال التطبيق وليس الإنتظار فى طابور أمام ماكينة ال atm,Negative
9a04e3c7-1a95-47f0-9f89-0ed6b83fe14e,NBE,Banking,1,2025-02-05,تطبيق وحش جدااااا جدا ومع ان بكتب البيانات الصحيحه بيرفض يدخل علي الحساب بعد التحديث الاخير بقا وحش اوووى,Negative
d224cfdc-995d-4342-8bf3-b5a90b9c64e7,NBE,Banking,1,2025-02-04,التطبيق لا يدعم أجهزة الأندرويد لاستخدام البصمة نرجو تحديث لجميع أجهزة الأندرويد,Negative
271d3935-6233-4924-8154-5aa17bddd23d,NBE,Banking,1,2025-02-04,بطييييييئ جدا,Negative
84f9f787-3aa6-4226-b83d-134e0fb6c2dc,NBE,Banking,1,2025-02-03,التحديث الأخير سئ جدا ويعلق وحاجات مش شغالة تجربة سيئة جدا,Negative
4504aee5-b48a-4397-90e3-b35f1ec6204c,NBE,Banking,5,2025-02-03,ممتاز جدا,Positive
92d2234d-3780-4cb5-9b3d-4670b3c02102,NBE,Banking,1,2025-02-03,بعد التحديث الاخير بقى يهنج كتير ومش راضى يفتح بالبصمه,Negative
b882a271-d0a0-436a-9b76-dc57ecbd24a5,NBE,Banking,3,2025-02-03,برجاء تحديثه لا يعمل جيد كما قبل,Neutral
0d55efe8-edbc-4139-8bdf-f1009bf9733a,NBE,Banking,5,2025-02-03,تمام,Positive
007de5e6-e6d7-4a6f-9053-61634830f937,NBE,Banking,5,2025-02-02,Good,Positive
6caf93e0-84b1-4516-b497-45e4b785b1c1,NBE,Banking,1,2025-02-02,كيف يعني توقفو حساب المستخدم علشان بفعل البصمه، واراجع البنك ازاي وانا خارج مصر، وربي اول مره اشوف بنك يسوي كدا في عملائه، كيف افعل حساب المستخدم من خارج مصر,Negative
ef80200c-e434-4d14-ba18-d971d8b8a96b,NBE,Banking,5,2025-02-02,التطبيق مش عايز يشتغل علي الموبيل ايه الحل,Positive
9fa6048b-8dd5-4e7a-84a0-cd23296b1d00,NBE,Banking,3,2025-02-02,هل يوجد مشكله في النظام التطبيق لا يفتح عندي,Neutral
72876f6a-a3c7-4039-9021-2c7900e2d6e9,NBE,Banking,5,2025-02-02,ممتاز,Positive
f9cc0b0c-9c22-4a48-b2d2-e2bcfd1bb13e,NBE,Banking,1,2025-02-02,بعد التحديث تم إيقاف حسابي خدمات زفت,Negative
49ee8add-110e-4592-984d-9c50356b2990,NBE,Banking,5,2025-02-02,تطبيق ممتاز,Positive
659266be-35f6-4d60-9404-9243d4098279,NBE,Banking,3,2025-02-02,البرنامج فعلا ممتاز,Neutral
55667429-e2f1-4552-9bc8-10d09e07cf3b,NBE,Banking,5,2025-02-01,ممتاز,Positive
ca51f91b-6396-4588-ac90-159399142f05,NBE,Banking,1,2025-02-01,لماذا بعد أن تم تحديث التطبيق بمعرفة البنك التطبيق لايعمل على هاتفي,Negative
139fa3bb-4bbe-4450-8922-cf149d5a36d4,NBE,Banking,3,2025-01-31,حجم الخط صغير و باهت غير واضح,Neutral
557e5f11-05d2-4969-8a8f-6f595239428d,NBE,Banking,5,2025-01-31,رائع,Positive
679c97cc-0c48-43a0-b9f6-d522c75c5667,NBE,Banking,5,2025-01-30,ممتاز,Positive
5a97940e-077d-41d2-9cda-f4ede05f41a4,NBE,Banking,1,2025-01-30,تجربه فاشله يوم كامل مش عارفه اسجل دخول كل حاجه مظبوطه و يقولى عمليه فاشله مش عارفه ايه الحل,Negative
19f21146-966e-4a75-a79e-4ffd1569e815,NBE,Banking,1,2025-01-30,سيئة جدا كنت بشترى من صيدلية ومش معايا كاش طلبت الدفع بالفيزا وجرب مرة الدفع عطانى عملية مرفوضة ووصلت رسالة ليا إنه تم خصم المبلغ وجرب تانى نفس الكلام حصل وبتصل بخدمة العملاء بيقولى الفلوس هترجع ع الحساب خلا 10 أيام ومفيش فى التطبيق أى طريقة للشكاوى أو تحسين الخدمة,Negative
a052028f-8140-40db-897c-e134028f8051,NBE,Banking,1,2025-01-30,معامله سيئه وزباله والاونلاين مش منتظم في ميعاده,Negative
29000a3a-34fc-4019-9ccb-b8d7aaa64b93,NBE,Banking,1,2025-01-30,التطبيق لا يعمل,Negative
444f326a-c468-4d03-ad63-fe7be201655b,NBE,Banking,5,2025-01-30,ممتاز,Positive
8dc58ceb-6679-4f3e-983b-4f32d13772d9,NBE,Banking,5,2025-01-30,ممتازه,Positive
5ab75409-6306-4a83-8b51-8238131adb59,NBE,Banking,5,2025-01-29,❤️,Positive
77763797-1b37-462e-965e-9e9ef1baf6fa,NBE,Banking,5,2025-01-29,ممتاز كل عام وانتم طيبين وبخير وسعادة الله يسعدكم ويحفظكم/ مصر,Positive
fdbbde25-ada5-41cf-ba3b-81ccec29ac3a,NBE,Banking,1,2025-01-29,التطبيق لا يعمل وتم تحميله أكثر من مرة ولا يعمل,Negative
8e21a7e9-3573-4c78-9c3d-4f4e9a5e056f,NBE,Banking,5,2025-01-29,جيد,Positive
7ab8f42a-8e37-4d9a-bf84-1792a3a6bc26,NBE,Banking,5,2025-01-29,تجربة ممتازة,Positive
bd283690-876d-4cca-8232-240977986af3,NBE,Banking,5,2025-01-29,جيد,Positive
2c42fda3-9adc-4fcb-91ae-be38db967917,NBE,Banking,1,2025-01-28,ليه تفعيل تطبيق رموز الامان غير متوفر في التطبيق ويوجد فقط تفعيل جهاز رموز الامان,Negative
eef6df1a-b0d4-4265-8f59-d6da9ecba7e6,NBE,Banking,1,2025-01-28,التطبيق مش بيفتح,Negative
3655f38f-8f80-4768-ab4e-1c5c1afd1dc6,NBE,Banking,1,2025-01-28,خدمة عملاء سيئة للغاية,Negative
f33b0891-08ea-4a92-aa14-c9c6d060e841,NBE,Banking,1,2025-01-27,السلام عليكم ورحمه الله وبركاته البرنامج مش عاوز يفتح معي حتي انستا باي ممكن اعرف هي المشكله ارجو حل المشاكل,Negative
ee81f398-27e7-40ea-9155-1e6d5a87ddc9,NBE,Banking,5,2025-01-27,ممتاز,Positive
357b67db-7fdd-4ba6-b53f-90c9e1047cd5,NBE,Banking,5,2025-01-26,جيد,Positive
9a651dcc-58f5-40b3-ba42-ae8c13d56850,NBE,Banking,1,2025-01-26,تحت التجربه,Negative
396c3050-291b-44c5-852e-450964e264eb,NBE,Banking,2,2025-01-26,زفت,Negative
f9899bb2-ce50-4db0-ad24-f06090937c89,NBE,Banking,5,2025-01-26,good,Positive
5a050223-fa08-4c05-a733-9465b5b64f7b,NBE,Banking,5,2025-01-26,اسهل فى تعاملى مع البنك يوفر عليا الوقت والمجهود وداعا للانتظار الطويل وتضييع اغلب اليوم في البنك,Positive
b2836490-cfe4-4ed7-a17e-a4a2220f6246,NBE,Banking,1,2025-01-26,لا يعمل على اندرويد 9,Negative
567716a3-4c6d-4ee0-bc8c-fee36bad0665,NBE,Banking,5,2025-01-26,زي فل,Positive
f37402a9-3970-4e32-8967-0fc3df77363b,NBE,Banking,1,2025-01-26,تطبيق سىء جدا,Negative
afedf184-195f-4f04-acec-043af06ca135,NBE,Banking,5,2025-01-25,ممتاز جدا,Positive
4886d8f0-83dd-4ea7-8a08-1c14d73b373f,NBE,Banking,5,2025-01-25,ممتاز,Positive
bcd93b8c-d2da-44df-8b43-fe0bc50ecf8d,NBE,Banking,5,2025-01-25,تجربه جميله,Positive
a0199e6c-ddf2-4c06-b5b8-9743025dfc29,NBE,Banking,1,2025-01-25,التحديث الاخير بطئ جدا ارجو حل المشكله,Negative
0f49bbed-33e8-45f7-89b8-2f3c8d48efc7,NBE,Banking,2,2025-01-25,ثقيل في التحميل,Negative
cf6ca3e5-9a7f-4a93-ac49-f45a4d5db6a7,NBE,Banking,1,2025-01-24,لا يفتح,Negative
91804e25-5bcf-4eb4-9b0c-f549bad6c940,NBE,Banking,5,2025-01-24,السلام عليكم ورحمه الله وبركاته بعد تحديث التطبيق بشكل احسن بكتير والتعامل احسن شكرا جزيلا على تحسين والتطوير المستمر,Positive
6c85b3fa-640b-4526-be89-8d47c2d9e7d6,NBE,Banking,5,2025-01-24,برنامج ممتاز جدا,Positive
543165a0-8299-4dc5-a29f-09d2986eac0b,NBE,Banking,5,2025-01-24,رائع,Positive
f927b902-8038-44a4-a2ed-1a42afdf9c41,NBE,Banking,1,2025-01-24,عديم الفائدة ارجو اصلاحة او تحيثة كما كان من قبل لايستقبل اي شئ انقذونا مش عارفين نوصل لحسابتنا علية,Negative
d07a6d41-954c-4d91-9eee-db13b468fcef,NBE,Banking,1,2025-01-24,تطبيق سيء والبرنامج مش بيفتح أصلا نهائي مش عارفة ايه السبب,Negative
1788a4f6-3cf4-4e58-9680-f42419539875,NBE,Banking,5,2025-01-24,ممتاز,Positive
0249036f-152b-4ffc-80a5-e86fc6696005,NBE,Banking,5,2025-01-23,جيدة جدا,Positive
e5dd71aa-4291-4cde-b2af-8c0778abafaf,NBE,Banking,5,2025-01-23,تطبيق يحتاجة كل عملاء البنك الاهلى بشرط حسن المعاملة الشخصية فقط لا غير ومش حتندم ابدا... تطبيق جيد جدا جدا,Positive
77d72692-d8d0-491a-8bd8-6a6933683066,NBE,Banking,5,2025-01-23,Good,Positive
30b0d4f5-d3c6-4449-8de8-388c66cab019,NBE,Banking,5,2025-01-23,Above excellent,Positive
3e89b32c-e173-4068-b823-fb04a5ab3236,NBE,Banking,5,2025-01-23,ممتاز,Positive
491d6f26-52c4-4c51-8722-0df2cadf7b50,NBE,Banking,5,2025-01-23,ممتاذ,Positive
029c42c7-4bcc-4f44-8f42-e64830d00327,NBE,Banking,5,2025-01-23,بنك ممتاز,Positive
3f0dbd4c-9cd4-45d7-ab57-11928d29abb8,NBE,Banking,5,2025-01-23,برنامج سهل ليا حاجات كتير اتمني في تحسين الخدمه,Positive
9f0f40c4-fdf7-482e-9d8a-31e93f3a929d,NBE,Banking,5,2025-01-23,التطبيق ممتاز و جميل جدا …. ولكن ارجو من حضراتكم اتاحة تعديل حجم الخط و اضافة عبارة.. تغيير حجم الخط… ف الاعدادات... و كذلك اتاحة اي لوحة كتابة للعمل في تطبيق NBE Token وشكرا لكم .. انا ادعمكم ب 5 نجوم ⭐⭐⭐⭐⭐,Positive
419ae762-b86e-4e52-bd5a-58da69587ea9,NBE,Banking,5,2025-01-23,ممتاز,Positive
40a63cb6-23f1-4a55-ab52-3df7148b80c5,NBE,Banking,5,2025-01-23,تطبيق ممتاز جدا جدا,Positive
2567f644-cc76-4b52-b027-01b625bef820,NBE,Banking,5,2025-01-23,جميل جدا,Positive
43ba466f-e869-4eed-b200-6ac81b5e56eb,NBE,Banking,5,2025-01-23,ممتازه,Positive
cd2a5c9c-5257-4786-bd7f-48fc4f191ee0,NBE,Banking,5,2025-01-23,شكرا ليكم,Positive
8ffa5b5c-6963-4385-b8e5-3af61b8e81b1,NBE,Banking,5,2025-01-23,تعديل ممتاز ودايما من الافضل للافضل,Positive
372c9043-c372-4da2-8d3b-cb2afa2a0329,NBE,Banking,5,2025-01-23,جيد جدا,Positive
dbcfd8ee-e441-4348-93ae-c3c488cb0cc4,NBE,Banking,5,2025-01-23,برنامج كويس,Positive
17a2de67-d208-4a90-86f8-fe4900e1ab86,NBE,Banking,1,2025-01-23,تطبيق لا يليق بالبنك الأهلى ... سيئ للغاية,Negative
b36c2c63-f044-423f-b32d-2f41e1ebe7e1,NBE,Banking,5,2025-01-23,جيد جدا,Positive
7570edd0-6edd-41c9-a0f4-391758194f64,NBE,Banking,5,2025-01-23,جيد جداً,Positive
0e4924d6-33f0-46fc-b1d9-89d5542a0382,NBE,Banking,5,2025-01-23,اكثر من رائع . .. هايل,Positive
f913111a-8811-4a7a-a10e-6dd99829df97,NBE,Banking,5,2025-01-23,ممتاز,Positive
2034feb2-1eb5-4a07-81e8-df4935454654,NBE,Banking,5,2025-01-22,ممتاز جدا,Positive
46162fad-3827-40cc-8429-0da759d174be,NBE,Banking,1,2025-01-22,تطبيق سيء جدا يحتاج مزيد من التطوير,Negative
f4f343b5-316d-4f2e-a4d8-7e4d4cbacf64,NBE,Banking,5,2025-01-22,جيده ..لاباس بها,Positive
7f2b9785-04a8-4ef3-b3e0-a9528e2bfe5b,NBE,Banking,5,2025-01-22,اختيار رائع جدا,Positive
cd4a337d-62a4-41c1-9590-4e19b78d3d36,NBE,Banking,3,2025-01-22,يوجد صعوبة في التشغيل,Neutral
a332201f-404e-4c8b-b13a-977a255d9ecd,NBE,Banking,1,2025-01-22,بصراحه تطبيق سئ جدا كل مااحدثه يقفلي لي الحساب ولا يقبل حتى الرقم القومي يقول خطأ طيب بالله عليك ياواضع هذا التطبيق رقمي القومي خطأ اذاي تطبيق سئ جدا,Negative
6cdbd1fb-d4fb-48d9-aac1-786a25158e96,NBE,Banking,5,2025-01-22,رائع وسهل,Positive
499729a4-6f4d-46ed-9580-1c05a3ccf03d,NBE,Banking,5,2025-01-22,ممتاز وسهل,Positive
4c324335-2c7d-43b9-9810-6d4ca8b1bf93,NBE,Banking,5,2025-01-22,تطبيق ممتاز وسلس,Positive
37bb8c6e-93e1-4633-a013-dbfeb592dd20,NBE,Banking,5,2025-01-22,ممتاز,Positive
d9db3630-89db-4a39-be08-5cca4adb3435,NBE,Banking,1,2025-01-22,صعب مقارنة مع تطبيق البنوك الأخرى,Negative
82122d0f-541c-4c26-bf83-5d596ba592d8,NBE,Banking,5,2025-01-22,Excellent,Positive
acf95898-1edf-453b-9358-8f5eecf0eb50,NBE,Banking,5,2025-01-22,تمام ممتاز,Positive
4ac7eb0e-07c7-4f79-bd07-c6233e3772fa,NBE,Banking,5,2025-01-22,ممتاز جدا جدا,Positive
5913e87d-6abf-4074-8b39-f2d4a75d439f,NBE,Banking,1,2025-01-22,مازال التطبيق بعد التحديث يعطي ايحاء بانك تتعامل مع تطبيق في فترة التسعينات,Negative
3672bced-7c9c-4371-bf10-2bf64e5b3e2c,NBE,Banking,5,2025-01-22,جيد,Positive
1c725d2f-f2c9-4158-8b27-ef13d9689fde,NBE,Banking,5,2025-01-22,ممتازه,Positive
6d0f5f4f-021c-4478-8bfd-7eac3af527ce,NBE,Banking,5,2025-01-22,جيده جدا,Positive
b0d99c5b-b299-409a-a5a8-116e4eb8c760,NBE,Banking,5,2025-01-22,ممتاز لحد دوقتى مش ف مشاكل بالتطبيق,Positive
22777f35-c317-4876-90a5-40525d05de33,NBE,Banking,1,2025-01-22,البرنامج لا يعمل تماما ويعطي رسالة rooted device is not supported,Negative
f777981a-f0f0-4acc-8038-af4c71a62066,NBE,Banking,5,2025-01-22,ممتاز,Positive
9eabf058-1f51-4483-b5ca-c5d288927797,NBE,Banking,4,2025-01-22,تطبيق سهل ومفيد جدا,Positive
5ab15efe-693a-439c-99a8-a897e35adf95,NBE,Banking,5,2025-01-22,ممتاز,Positive
7d5d8e0d-a33f-4775-be53-333304d28b95,NBE,Banking,3,2025-01-22,جيد,Neutral
b2e52bc5-8dfa-423d-95e8-b4b4bbb3a70c,NBE,Banking,5,2025-01-22,جميل,Positive
741ae53c-c1de-48b2-a323-d0a4feccd1d4,NBE,Banking,1,2025-01-22,برنامج متعب جدااااا ..الله يسامح اللي عمله,Negative
b2e696ba-196c-4671-a327-a9b1ef06649e,NBE,Banking,5,2025-01-22,التحديث الاخير للبرنامج ممتاز ممتاز ممتاز جزاكم الله خيرا,Positive
33e61071-5f54-420c-b1a0-9f5a267d77e5,NBE,Banking,1,2025-01-21,مش بيسجل التحويلات على الصفحه الرئيسيه,Negative
ee634d56-5e45-4273-9186-fdd6f447f680,NBE,Banking,5,2025-01-21,ممتاز,Positive
df5d7772-34a4-40c5-ac52-04a96eca2d4b,NBE,Banking,5,2025-01-21,جيد جدا,Positive
ba7e185f-7876-40f3-9064-cf8ab65068d3,NBE,Banking,5,2025-01-21,ممتاز,Positive
6054d68c-c040-49c8-89ad-cd7ab6411abc,NBE,Banking,5,2025-01-21,ممتاز موفر للجهد والوقت وباعث للطمأنينة,Positive
f85e665a-b21b-47dd-b386-14aa904fd6aa,NBE,Banking,5,2025-01-21,برنامج ممتاز,Positive
31d2ebcc-50bc-4734-b513-2888abdaa6f1,NBE,Banking,5,2025-01-21,ممتاز,Positive
3a44b3c5-a06c-4573-83d7-7280c9b2237d,NBE,Banking,5,2025-01-21,تمام جدا,Positive
44ff23c3-911b-490f-9e5d-9c5306ef47c4,NBE,Banking,5,2025-01-21,ممتازه,Positive
7b33bf01-12d3-4eff-a016-397960430681,NBE,Banking,5,2025-01-21,برنامج توب,Positive
d4215682-7be8-498e-8d74-2b51e106b58f,NBE,Banking,1,2025-01-21,يرجى إضافة كل أنواع الهواتف للتطبيق، للأسف بعد التحديث الأخير لا يعمل التطبيق بسبب إن جهازي مستورد من الصين يرجى حل تلك المشكله حيث أن تطبيقات البنوك الأخرى ك بنك مصر تعمل جهازي realme gt neo,Negative
148fb97d-11cd-4a3c-b5e7-6b5939dbc561,NBE,Banking,3,2025-01-21,جيده,Neutral
519a6a0a-03ab-4672-b55c-56566764aa81,NBE,Banking,5,2025-01-21,جيد جدا,Positive
c31d7f11-a485-414f-89cd-95e0877ea06c,NBE,Banking,5,2025-01-21,ممتاز,Positive
6548974a-f5ae-44ea-9012-7eb01e73a132,NBE,Banking,5,2025-01-21,رائع جدا,Positive
1ffacfbc-2348-46c2-bd20-cac79e0da8b9,NBE,Banking,5,2025-01-21,تطبيق ممتاز .. وفر علي أسئلة واستفسارات كثيرة .. وفر مشاوير ووقت انتظار .. ❤️❤️❤️,Positive
8539933d-b427-4ab3-b127-ca640113cf7f,NBE,Banking,5,2025-01-21,جيد وعملى وسهل اباستخدام,Positive
caf5d4c8-b377-496e-9613-b6e4a59a431f,NBE,Banking,5,2025-01-21,جيد,Positive
8f0e294b-f413-40bf-9ba2-f73469e86930,NBE,Banking,1,2025-01-21,اخر تحديث سئ جدا مش بيفتح و تصميمه لا يرتقي لبنك مبتدا . جالى رسالة بتحديث التطبيق لتحسين الخدمة حذفته وحملته من جديد مش بيفتح اصلا 😂,Negative
9de14a79-1fc2-4747-a25c-8bd7a78c221c,NBE,Banking,5,2025-01-21,سهل ومريح علاوة علي أنه ٱمن وسريع,Positive
8f66ab9e-cfcc-4699-8a0e-24881ebbd5f4,NBE,Banking,5,2025-01-21,ممتاز,Positive
ae233645-4b30-483c-b407-2923367720ac,NBE,Banking,5,2025-01-21,قيد التجربة 👌,Positive
b91d857b-c744-4438-9eac-03ee492b5691,NBE,Banking,5,2025-01-21,رائع,Positive
0e8af5e8-e6ac-40fc-b601-7372aa1eec2f,NBE,Banking,1,2025-01-21,يرجى معالجة مشكلة عدم الدخول إلى التطبيق تظهر رسالة غير قادر على الإتصال بالخادم,Negative
c77f97f6-56c1-4376-afdb-f852157caaf3,NBE,Banking,5,2025-01-21,راااائع,Positive
5094d2de-229a-4e99-8da4-c6c4ab3243a8,NBE,Banking,1,2025-01-21,برنامج زباله زباله,Negative
b911ed23-556d-444c-8103-84f0b86075b0,NBE,Banking,5,2025-01-21,👍👍👍,Positive
48bf29f3-0979-459f-af98-be7835afb626,NBE,Banking,5,2025-01-21,تستاهلو 5نجوم التحديث الجديد ممتاز وكمان الخدمات اللي تم اضافتها شكرا وبالتوفيق,Positive
6634bd7a-3252-473c-9b51-9174e9424e01,NBE,Banking,5,2025-01-20,اكتر من رائع,Positive
c50ce0a0-b36b-4a3b-b3c7-e1505baae0ab,NBE,Banking,5,2025-01-20,ممتاز جدا جدا جدا,Positive
503c8fa4-c4f0-4db8-8cd0-8d0712820d91,NBE,Banking,1,2025-01-20,للاسف سىء جدا......بعد اربع محاولات...وفى كل مرة ادخل البيانات الصحيحة....الخلاصة توجة إلى الفرع,Negative
bf099923-dd0f-4178-8ee4-f8cac8620aa8,NBE,Banking,1,2025-01-20,مش عارفه افتحو خالص وانا بالخارج وجربت كل الطرق لاتواصل معاهم مافيش فايدة ياريت لو في حل,Negative
b75c7145-d1e8-476f-8dda-934fa40b34d5,NBE,Banking,1,2025-01-20,تطبيق سئى وتكلم خدمة العملاء .مفيش حل عندهم غير تضيع وقت معهوم عالفاضي ليس عندهم اى خبرة فى التعامل مع المشكلة وعدم اهتمام قررت أنهى معاملتى معهوم ومش لوحدى....المشكلة ديه,Negative
ffbecaa5-27b2-4840-b5a2-7f4941eda5a5,NBE,Banking,5,2025-01-20,تمام وجزاكم الله خير الجزاء,Positive
67e1527a-bcf0-454f-bfff-faa939bff040,NBE,Banking,5,2025-01-20,جيد جدا,Positive
775f6a26-5ff1-4463-ada4-a03a24c259ee,NBE,Banking,5,2025-01-20,رائع,Positive
29728c38-0e8a-4408-9543-3c5b4230c8ef,NBE,Banking,5,2025-01-20,أريدمعرفةالتحديث,Positive
0e791824-f5e6-4d0d-8ce1-dfbd8576df49,NBE,Banking,5,2025-01-20,ممتاز,Positive
a65deaf1-7e19-4975-8519-d2b4ffbce942,NBE,Banking,1,2025-01-20,تطبيق سئ للغاية لا يليق بمستوى بنك زي البنك الأهلي غير انه لا يعمل مع كل الموبيلات نرجو التطوير,Negative
99f5f84a-b99f-4f00-924e-b0a9b9346e32,NBE,Banking,5,2025-01-20,اشكرك جدا جدا,Positive
309ad9ff-080f-45e9-b44f-ef778eaeab00,NBE,Banking,5,2025-01-20,ممتازة,Positive
18fd81f8-d57e-40e2-b79a-12a52f35251c,NBE,Banking,1,2025-01-20,التطبيق لا يعمل على كل الأجهزة ويعطى رسالة Rooted Devices is not supported رجاء عمل تحديث برمجة ليشمل كل الأجهزة الاندرويد وشكراً.,Negative
f6643749-d09e-49a5-a9b1-d98d30c88543,NBE,Banking,5,2025-01-20,ممتاز,Positive
e59d4a00-406b-4ae5-b78e-384bec1e599b,NBE,Banking,1,2025-01-20,سيئ جدا مفيش مرة اجي اغير كلمة المرور الا يقفل ويقول روح البنك,Negative
a3b19ef9-d280-46ba-9f15-f11ff1d21f70,NBE,Banking,3,2025-01-20,التطبيق قبل آخر تحديث كان جيدا وكان يعمل بالسمات الحيويه نرجوا التعديل,Neutral
d1da4b10-1745-4a3f-adb4-ad84c62a337d,NBE,Banking,5,2025-01-20,ممتاز,Positive
b5b1a737-251a-45e3-a9ff-e3dfb5c1aa73,NBE,Banking,5,2025-01-20,تغييرات جديده على التطبيق من الخارج والداخل اتمنى مزيد من التطوير السريع لان احنا متاخرين كثير المفروض تطويرات دي تكون من زمان واتمنى يكون في اضافات اكثر من ذلك بالتوفيق لكم,Positive
d4896280-ed39-4adc-960f-8ec612c62a13,NBE,Banking,5,2025-01-20,التحديث الاخير كان جيدا مزيدا من التطوير ومزيدا من الخدمات البنكية ونحو الافضل دائما وابدا شكرا علي المجهود الرائع,Positive
0e819a83-9cd7-447f-8989-aafb7ea3a972,NBE,Banking,5,2025-01-20,ممتاز,Positive
138aca2e-e03d-4410-a4d7-48f9f8515867,NBE,Banking,5,2025-01-20,تجربه ممتازة,Positive
b0477619-f147-4906-9bf0-e8cd9d8a002e,NBE,Banking,5,2025-01-20,ممتاز,Positive
638c1bf1-be43-4227-ac51-e905c3c67369,NBE,Banking,3,2025-01-20,كويس لحد كبير ولاكن تحميل بطيء,Neutral
17affec5-c3f7-4bff-98b4-6f12341df048,NBE,Banking,1,2025-01-20,سئ جدا جدا,Negative
7853c518-9ea3-44a9-8a08-66aa5bf2e3eb,NBE,Banking,5,2025-01-20,ممتاز,Positive
a936bfb3-3fe2-4e35-990b-236fc3b84586,NBE,Banking,1,2025-01-20,مش عارف الغي كشف الحساب الورقي من خلال الموقع أو فرع البنك نفسه او خدمة العملاء منذ تسعة أشهر يتم خصم مبالغ ماليه شهريا دون وجه حق ولا يصل الي اي كشوف ورقيه ولا أستطيع الاشترك في كشف الحساب الإلكتروني من خلال الفرع او الصفحه الخاصه بالبنك ايه الحل رغم تنشيط الحساب وتحديث البيانات,Negative
756d0486-04e9-43e7-837c-383469fe85da,NBE,Banking,5,2025-01-20,ممتاز,Positive
2249bf65-1170-4faa-b3ee-78742c9b8e50,NBE,Banking,1,2025-01-20,والله مش عارف اقول ايه .. البرنامج بيقولي اجهزة الروت غير مدعومة وانا جهازي مش عامله روت 🙃 انا دماغي اتقلبت,Negative
e7eb7485-ad35-4955-93c1-09ad1735b95f,NBE,Banking,5,2025-01-19,ممتاز,Positive
20ad3541-0f85-40c0-9408-195cc3c6f0c8,NBE,Banking,5,2025-01-19,بعد التحديث الأخير البرنامج تحربته مميزه,Positive
37b74fbd-efd3-4963-bb55-3f29e1ac0740,NBE,Banking,5,2025-01-19,تطبيق جيد جدا واتمنى يبقى فى خدمة رسايل SMS حين يتم دخول الحساب اموال سواء مرتبات او اى مبالغ يتم دخولها الحساب كما يحدث عند سحب الاموال.. بتوفيق,Positive
c08b2a19-5ce0-4a8e-9bd3-cdeb56f981aa,NBE,Banking,5,2025-01-19,التحديث الجديد ممتاز,Positive
f25b0cea-93a0-4741-9040-684a1af0ebac,NBE,Banking,5,2025-01-19,آَمن وسريع ومتطور,Positive
ea5bf2d2-f05f-41b6-9c3e-4a6e961082d4,NBE,Banking,5,2025-01-19,ممتاز,Positive
dbbea97d-9d97-4c66-a553-82dbbfe17902,NBE,Banking,5,2025-01-19,جيد جداً,Positive
9953f84a-4149-47cb-b1d9-80e9ef2fed3f,NBE,Banking,1,2025-01-19,مش عارف اسجل دخول رغم ان كل البيانات صحيحه,Negative
2a151e9e-ed84-4049-9951-245602c41c2b,NBE,Banking,2,2025-01-19,التحديث الأخير وحش جدااااا,Negative
15f5af04-7a55-4ec1-95db-baf63c2f3f79,NBE,Banking,5,2025-01-19,جيده جدا,Positive
16975177-6d2a-44b7-bdba-c5a29145997c,NBE,Banking,5,2025-01-19,رائعه,Positive
ff3b4a86-d9ed-4ea2-9234-0fc4c4d041ef,NBE,Banking,5,2025-01-19,جيد,Positive
663dcac1-ebdb-4a03-b185-e31a9a48de98,NBE,Banking,5,2025-01-19,ممتاز,Positive
70581df9-5f09-4f5b-bd98-73bb833bdbc7,NBE,Banking,5,2025-01-19,جميل,Positive
b8dcc1be-53e4-4125-8249-f7eb93d834fc,NBE,Banking,3,2025-01-19,التطبيق ممتاز جدا ياريت تحديث بااضافه الاهلي بوينتس عليه زي الموقع هيبقا افضل,Neutral
00fa9111-87a4-454b-8633-05c87f032239,NBE,Banking,5,2025-01-19,ممتاز,Positive
37f57b02-100b-4a06-8e13-b1e2110b5c63,NBE,Banking,5,2025-01-19,Good,Positive
07784235-1483-428b-83e1-46e952fcb380,NBE,Banking,5,2025-01-19,برنامج ممتاز,Positive
658f9692-dabb-46ea-b1d1-6e9a96cadea1,NBE,Banking,5,2025-01-19,ممتاز.,Positive
190c54b3-676b-4f75-b55a-70cd1ab65c6c,NBE,Banking,4,2025-01-19,تطبيق جيد جيدا ونتطلع للأفضل,Positive
ea0027c2-db6e-4f38-be10-b9650e30bc1e,NBE,Banking,5,2025-01-19,الأفضل,Positive
664a21cb-5373-4966-a897-2842f6fa2f66,NBE,Banking,4,2025-01-19,التطبيق بعد آخر تحديث أصبح ممتاز وأسرع من الأول شكرآ جزيلا,Positive
675e6b4d-2135-4e1b-b3e8-7b24a7df0874,NBE,Banking,3,2025-01-19,بعد اخر تحديث البرنامج أصبح ابطئ وساعات يهنج غير القديم كان افضل مشكلة اخري مهمة انه بعد عمل المصادقة البيومترية تاني يوم يطلب تفعيلها مرة اخري ويكرر هذا عدة مرات بالرغم من تفعيلها اكثر من مرة علي التطبيق ومن خلال الاعدادات رجاء اتخاذ اللازم,Neutral
148fecb2-9e56-4e59-9a7c-b49f2c0f1b93,NBE,Banking,5,2025-01-18,ما شاء الله,Positive
3dac784a-5fc1-408e-ad8b-36f2b4791e6a,NBE,Banking,1,2025-01-18,اخر تحديث سئ للغايه لا يستجيب نهائيا يجب إلغاءه لعدم إمكانية استخدام البرنامج والدخول للحساب,Negative
76c71b5d-9f42-478a-8cc9-5bea15eef866,NBE,Banking,5,2025-01-18,جيد,Positive
b532ba87-32b4-4be3-a78c-8cd2b26526a4,NBE,Banking,4,2025-01-18,التطبيق الان أصبح افضل كثيرا واصبحت إمكانياته افضل ولكن بعد التحديث الاخير اصبحت لا استطيع الدخول بالعلامات الحيوية ( بصمة الاصبع ),Positive
c80127cc-e6ae-4415-bb9b-a0654c464c41,NBE,Banking,5,2025-01-17,شكرا,Positive
49938659-b3a5-4546-b25e-f110bed9f383,NBE,Banking,5,2025-01-17,تمام 👌,Positive
04a59413-33fa-452b-a2c9-59c119c8914f,NBE,Banking,5,2025-01-17,ممتاز,Positive
71780fc3-50af-46b0-b776-ce2472fa9aa0,NBE,Banking,5,2025-01-17,جميل,Positive
0cb2df82-8c6f-451e-bb02-0d1518671b98,NBE,Banking,3,2025-01-17,جيد جدا,Neutral
25e5fe24-d201-4b49-9a25-9d3ef4fcb9b1,NBE,Banking,5,2025-01-17,جيده,Positive
7e4c916c-2606-4134-9e6c-fe4b0beacddf,NBE,Banking,5,2025-01-17,احسن بنك في مصر,Positive
f1797310-d367-4b00-b4da-a5475c1eb341,NBE,Banking,4,2025-01-17,جميل جدا والله وبنجز من عاليه معاملات بتوفر عاليا مشاااااوير كتيره.,Positive
8fcdf872-5375-4386-9153-dc699bdc08be,NBE,Banking,5,2025-01-17,جيد,Positive
d56afba9-f277-47ab-bd4c-1541cebf64ad,NBE,Banking,5,2025-01-17,روعة,Positive
56582029-60f6-4fe6-8880-f6406227f817,NBE,Banking,5,2025-01-16,حدث تطوير ممتاز وحديث وافضل من المراحل الاولي,Positive
452a397c-b31b-46a8-849d-39d128f507d7,NBE,Banking,5,2025-01-16,والله العظيم برنامج كويس هو اهلي نت بدل ما تروح تستعلم من المكنه استعلم من خلال البرنامج ارشح اي حد ينزل البرنامج دوت,Positive
aebf3cd9-8907-47ef-aa7c-b96a359f9fc9,NBE,Banking,1,2025-01-16,اسوأ تطبيق شفته في حياتي خطوات لا حصر لها وبعد اكواد ميل وفون وبالرغم من إتمام المطلوب يكتب خطأ وبعد التحدث مع خدمة العملاء والتبرير ان التسجيل عليه حظر عندي واتفك وسجل عادي نفس الكلام موقع وتطبيق حاجة اسوأ مايكون,Negative
6ec265df-a6b6-401c-b642-878a65807a14,NBE,Banking,5,2025-01-16,طبيق ممتاذ ويوفر كثيرا من الوقت والجهد,Positive
a2f4bfe2-85b4-4963-b34a-e906a1405aed,NBE,Banking,5,2025-01-16,ممتاز,Positive
4c87cc9d-d9ef-40ba-96c6-32bb5f9d19f9,NBE,Banking,5,2025-01-16,هذه النسخه من البرنامج جميله جدا بارك الله فيكم,Positive
50df467b-a674-45a3-8194-86d1b8ea63f4,NBE,Banking,1,2025-01-16,تطبيق سئ عند فتحه يقول الرقم السرى خطأ تم ايقاف المستخدم وكلمت خدمة العملاء حتى الرقم المرسل لا يفتح التطبيق وبالرغم من ان نفس شكوتى والتعليقات السلبية لنفس الموضوع لا أحد يرد ولا يهتم على هذه التعليقات,Negative
a66ec455-08c5-4a7b-8353-ce4b215e3646,NBE,Banking,1,2025-01-16,التحديث الجديد سيء جدا المصادقه البيتروميه لا تعمل,Negative
f25cb95e-691a-4923-b7b7-7c151a9553dc,NBE,Banking,5,2025-01-16,تم التحديث باحسن ما وجد,Positive
a4379db7-6dff-4a14-a9d7-b64e976cc0cb,NBE,Banking,5,2025-01-16,التحديث الأخير روعه,Positive
1d6e22a5-a2ce-415e-8418-5dbe8b8a629a,NBE,Banking,5,2025-01-16,جيدة,Positive
ff8057d2-3609-4537-9f60-b0db0ab4215f,NBE,Banking,1,2025-01-16,بتعجب من أن إدارة بحجم البنك الأهلي المصري مش قادرة تعمل تطبيق محترم، لو مبتدأ عامل تطبيق للبنك هيكون أفضل من الحالى، من سئ إلى اسوأ.,Negative
fd297707-5c62-482b-bf46-5ce502434066,NBE,Banking,5,2025-01-15,ممتاز,Positive
e94de80c-dce4-4c60-9a39-ad3d02a40264,NBE,Banking,5,2025-01-15,ممتاز,Positive
9d884290-36fc-4cb7-8489-9eec12a6f22b,NBE,Banking,5,2025-01-15,تطبيق ممتاز,Positive
5f0a427e-f479-4606-9ba6-5cf404ef61e7,NBE,Banking,5,2025-01-15,زي الفل,Positive
1781b78e-0c7d-4f51-ad0d-a746d70acbb2,NBE,Banking,4,2025-01-15,التحديث الجديد جيد جدا و أكثر فاعلية,Positive
a38080a5-084d-4f47-b086-606ed38e15f3,NBE,Banking,3,2025-01-15,فى تحسن فى الخدمه جيد جدا,Neutral
1932115b-de79-4269-b684-e81548cd4d52,NBE,Banking,5,2025-01-15,البرنامج مش بيفتح شيلتة ونزلت تاني وبرضو نفس العيب,Positive
d3feaa70-3e05-42bd-b87e-3377a45f5318,NBE,Banking,5,2025-01-15,ممتاذه,Positive
02a25eb2-e004-45d6-ba3c-d1668b8e892d,NBE,Banking,4,2025-01-15,تطبيق ممتاز,Positive
d24d0b55-cc37-4c65-85bf-6b5fbc41d4d8,NBE,Banking,1,2025-01-15,تطبيق سيء مثل جميع خدمات البنك الأهلي.. حقيقي لا يستحق ولا نجمة,Negative
1198496f-6d4f-4045-a762-a29983631162,NBE,Banking,5,2025-01-15,جيد جدا,Positive
9fdbdb6b-5dd8-4272-b604-04e44b229943,NBE,Banking,1,2025-01-15,التحديث الأخير أوقف الدخول للبرنامج,Negative
d74272d5-581d-4ff3-9be7-bf4cf9592570,NBE,Banking,1,2025-01-15,اسوء من السوء,Negative
e485c58c-354c-44ad-bfc0-0dca653aa2a9,NBE,Banking,5,2025-01-15,ممتاز,Positive
a072d692-281c-4853-8ee2-87b8807f96ea,NBE,Banking,5,2025-01-15,التطوير حلو التطبيق اتحسن مع اخر تحديث بس محتاج مبرمج شاطر ينظم القوائم بشكل عصري وجميل,Positive
b5022f26-75ae-4626-ba94-8a879deb3a50,NBE,Banking,5,2025-01-15,بعد التحديث الأخير أصبح التطبيق أسرع وأفضل من حيث الشكل عن السابق,Positive
47d9be53-47a8-4874-b23a-2cc6e69bbcf5,NBE,Banking,5,2025-01-15,تطبيق جيد وخدمات مصرفيه متميزه,Positive
16a2501d-68fc-4389-90dc-81a899298259,NBE,Banking,5,2025-01-15,التحديث الأخير ممتاز,Positive
9ab5bf94-485e-4290-a7a3-40959b320a8d,NBE,Banking,1,2025-01-15,برنامج تقيل لا يفتح احيانا,Negative
aa4f4f96-a9b7-4707-8468-ca151fa213f9,NBE,Banking,5,2025-01-15,التحديث الجديد تحفه تحديث ٢٠٢٥ جامد جدا,Positive
2b7f3c1e-41cd-40ac-a12d-7c792617029f,NBE,Banking,5,2025-01-15,التجربه عمليه,Positive
bd1b5b78-7282-4705-a0a4-03e7b380fe41,NBE,Banking,1,2025-01-15,جيد,Negative
0227e607-cc88-4460-823d-e86da5150308,NBE,Banking,5,2025-01-15,ممتاز,Positive
9f07b01c-0bc6-46ab-9811-934de16e91f4,NBE,Banking,5,2025-01-15,افضل من السابق,Positive
411f37d9-a05a-4405-b33e-dcd823fbc871,NBE,Banking,5,2025-01-15,ممتاز,Positive
c575b6cf-08ec-4719-a69b-7b79de7a552d,NBE,Banking,5,2025-01-15,ممتاذ,Positive
696ee9f0-08eb-4402-9fad-78a0bc39713b,NBE,Banking,5,2025-01-15,واجهة التطبيق الأخيرة ممتازة,Positive
15672ee9-8fb1-423c-96ed-e3187f635695,NBE,Banking,5,2025-01-15,التعديل الأخير رائع جداً ، وسهل الإستخدام.,Positive
1b9725c9-f919-4a66-9415-e71c0a4719f5,NBE,Banking,5,2025-01-15,ممتاز,Positive
5c6b5277-f2f7-44fd-baf0-48719e27928a,NBE,Banking,5,2025-01-15,التحديث الجديد جميييل بالتوفيق 🥰,Positive
dfc06b71-0d4b-4af1-abf0-d5490c24a440,NBE,Banking,5,2025-01-15,تحسين جميل وشكل افضل نتمنى دوام التفوق والتجديد اشكركم ولكن يظل امكانية تحديث البيانات من خلال التطبيق غير فعالة ارجو اعادة النظر في هذا حتى نتمكن من تحديث ارقام المحمول بدون زيارة الافرع وخاصة للعاملين بالخارج هام جدا وشكرا,Positive
b2585a83-9069-4666-b71c-0f6f3822a916,NBE,Banking,5,2025-01-15,ممتاز,Positive
ef963f50-dde7-4fdc-a702-66df98e94650,NBE,Banking,5,2025-01-15,التحديث الجديد رائع جداً,Positive
245a7002-1510-4215-a3d3-89d12142fbfd,NBE,Banking,5,2025-01-15,واجهة جميلة، التطبيق اصبح أسرع وأكثر تنظيمًا من ذي قبل، تحديث موفق.,Positive
3c365c10-1cc6-4b07-9114-fe1eb7e7b30f,NBE,Banking,5,2025-01-15,ممتاز,Positive
076d07f5-d9ae-45ed-b31e-1014ce66e7b1,NBE,Banking,5,2025-01-15,جيدة,Positive
f74a75a5-d87a-435f-8e06-792e4a616577,NBE,Banking,1,2025-01-15,للاسف التطبيق سيء لانه بطيء جدا,Negative
cda3c18f-f95f-4d2f-a244-ab860c649014,NBE,Banking,5,2025-01-15,ممتاز ويغني عن الذهاب للبنك,Positive
d2b60398-6d50-46d3-a333-4844207594e9,NBE,Banking,1,2025-01-15,برنامج ضعيف جدا جدا جدا جدا جدا,Negative
4a1fc317-118e-4955-affe-b2d8353d06f0,NBE,Banking,1,2025-01-15,سيء لا يرد الفتح برنامج,Negative
69e5637c-4619-4eab-8a71-2341f861a29d,NBE,Banking,4,2025-01-15,حلو جدااا وسابق اي تطبيق بس محتاج يبقي اسرع ويسوعب الضغط,Positive
36007e78-fd87-4c29-ae59-728f90dee89c,NBE,Banking,1,2025-01-14,تطبيق سئ وبطيء,Negative
5197378d-0ebd-432e-a56a-ffa2a8951849,NBE,Banking,1,2025-01-14,والله انا تعبت من طريقة الدخول فشل فشل فشل فشل,Negative
f41575c5-67cc-4e20-84eb-2954c41e0892,NBE,Banking,5,2025-01-14,جيد,Positive
8abc0be0-8975-4233-84d9-e520660839b6,NBE,Banking,5,2025-01-14,جيد جدا,Positive
1e421a3d-4475-48f6-b569-324ac094ed84,NBE,Banking,2,2025-01-14,مقارنة ب برامج بنوك السعودية تحس ان بنوك مصر عايشه في العصر الحجري حاجه استغفر الله العظيم,Negative
a6cb8006-04fa-486e-97b1-277bfe65759a,NBE,Banking,5,2025-01-13,Ok,Positive
e1445adc-61cb-4976-bdb5-61574995dbc2,NBE,Banking,1,2025-01-13,بطى جدا وواقف من امبارح مش شغال,Negative
2dc4e53a-538f-4e8e-8409-02a8cf4f8ab0,NBE,Banking,5,2025-01-13,البرنامج تمام بس بطيئ شويه,Positive
199c281f-93f2-45fe-9b05-4a39cf910e03,NBE,Banking,1,2025-01-13,برنامج سئ,Negative
bea242a5-1e1a-4725-96b4-cbeb8ec189bd,NBE,Banking,5,2025-01-13,رائع جدا,Positive
843ad092-4339-4ce3-8bf1-c8de5d306f5c,NBE,Banking,1,2025-01-13,اسوء ابلكشين بنك في مصر,Negative
6195d6b1-1cb5-4f56-9b60-27b0b989f1a3,NBE,Banking,1,2025-01-13,تطبيق فاشل ولا اي ريحه الازمه,Negative
cefac89f-e58c-4019-bc6b-afdd6510535c,NBE,Banking,1,2025-01-13,لا يعمل على جهازي,Negative
1236c140-b5ae-41c3-b580-b73340efb3b8,NBE,Banking,1,2025-01-13,اعطاله كثيره ولا يعمل بشكل جيد,Negative
4a99e769-9ef2-4700-b6ac-5ab5c5282c5b,NBE,Banking,1,2025-01-13,برنامج سئ فى الاستعمال وضعيف جدا,Negative
f8086138-50b0-4af3-9fd7-2a5b17439d96,NBE,Banking,5,2025-01-11,بنك مصر,Positive
c22b961d-33e3-49f5-ae84-f6ecd2b1dfff,NBE,Banking,1,2025-01-11,I did not register my entry,Negative
09a1da77-673f-4d50-a61f-e23bf14ec103,NBE,Banking,5,2025-01-11,جيد,Positive
12dab48b-0625-453a-a8bf-b361322d5f93,NBE,Banking,3,2025-01-11,لا يقبل تسجيل بصمه الاصبع لتسجيل الدخول لا يستجيب,Neutral
41e98edb-e959-4dbb-bf0a-75a0d4286ccb,NBE,Banking,5,2025-01-11,البرنامج كان شغال كويس معايا وبعد كده تجيني رساله غير قادر عالاتصال بالخادم برجاء حل المشكله,Positive
aeecb53d-c884-42dc-af66-1471589d92b1,NBE,Banking,1,2025-01-11,Very very very very bad,Negative
d05b4488-4611-4fd9-8c89-0b3c4077abed,NBE,Banking,1,2025-01-10,تطبيق سيء وتقيل وتحمليه بطيء وزي الزفت,Negative
a7e26cb3-c0ad-4cf8-853d-4cc14246e5d8,NBE,Banking,2,2025-01-10,جيد,Negative
c39ee29e-f501-4216-b5c1-dd6db6058ade,NBE,Banking,1,2025-01-09,غير موافقه تمام انا احاول الاشتراك فى الاهلى فون ولم يتم الاشتراك بعد محاولات كثيرة,Negative
ce27e2cd-4893-475c-9c9b-6451a37652c3,NBE,Banking,1,2025-01-09,البرنامج لا يعمل و حاولت بكافة الطرق والاتصال بالبنك هناك مشكلة لا أعرف متى تنتهى وانا اريد إجراء عمليات على حسابى بالبنك وللأسف لا يعمل,Negative
ec44d72a-33ad-4585-a62e-78e102cee04a,NBE,Banking,3,2025-01-08,تقيل وبياخد وقت كبير فى الفتح ومش عارفه اتعامل معاه بصراحه حد يساعدنى لو سمحت,Neutral
6a815e5d-af42-4ad4-8794-019096d153f0,NBE,Banking,1,2025-01-08,تطبيق سيئ جدا و بطئ,Negative
5bc3dd5d-34cc-4bde-a10e-f16df883454a,NBE,Banking,1,2025-01-08,التطبيق لا يعمل نرجو حل المشكلة,Negative
ff68606c-d8db-4731-a7dc-604d9c9c6937,NBE,Banking,2,2025-01-07,بطيء جدا و يعمل بصعوبة هذا ان عمل اصلا ،الواحد بيحتاج ساعة على التطبيق عشان يعمل حاجةبسيطة،برجاء العمل على تطويره,Negative
4a3c8b3f-b68e-4de9-872c-1904a8f52374,NBE,Banking,5,2025-01-07,ممتاز,Positive
5299b05f-037c-4d6c-806b-0d0ca49b7c4e,NBE,Banking,4,2025-01-07,ممتاز,Positive
4727e4a7-e8c7-44fd-ab31-6441023eb18f,NBE,Banking,5,2025-01-07,هل البرنامج في دفع عن طريق الموبايل,Positive
5821a113-e97f-44ec-84af-9f3f44059378,NBE,Banking,5,2025-01-06,ممتاز,Positive
304ef8c4-cac4-40cf-bf4e-340c2272f505,NBE,Banking,1,2025-01-06,مش راضي يفتح علي تلفون هواوي,Negative
fdf81821-98a3-465e-bb24-888d9ca939a3,NBE,Banking,5,2025-01-06,ممتازه,Positive
35b8e8d3-e896-4b47-93e4-dd487b66a360,NBE,Banking,1,2025-01-06,نرجوا من مسئول التطبيق في البنك الاهلي لو عنده غيرة علي الكيان بتاعه يطلب من مطور التطبيق انه يعمل شى افضل من كده ولو عايز نموذج شوف تطبيق بنك مصر واعمل زيه لان التطبيق الحالي عقيم وواجهلت وايقونات بدائية جدا,Negative
e82399aa-9c8c-4275-b4cc-82b6fc0c352b,NBE,Banking,1,2025-01-05,نجمه وحده بس عشان اقدر اعلق أسوأ تجربه ع الاطلاق وتطبيق فاشل .. متى تلحقوا بالدول المجاوره,Negative
c586d9ff-ce04-4134-8a2d-90a322186e3b,NBE,Banking,5,2025-01-04,التطبيق لا يعمل,Positive
f186c3cf-3dbf-43d8-9237-943e76056caa,NBE,Banking,5,2025-01-04,اكيد,Positive
25eb9923-10a0-439b-8dd9-b78f50e03625,NBE,Banking,1,2025-01-04,مش ليسمح بتسجيل برنامج فاشل,Negative
d47fdf75-54f9-4cdd-977b-dc5b2a003350,NBE,Banking,5,2025-01-04,جميل جدا لكن نسيت كود المستخدم ولا يقبل ان يشتغل مره اخرى ما العمل,Positive
5320a493-772f-40c0-9490-8d18fe613eab,NBE,Banking,1,2025-01-02,بطئ جدآ,Negative
efdff5f8-9fe5-4bd3-86dd-493abca04ff6,NBE,Banking,5,2025-01-02,Very good,Positive
47fa6021-5635-4e7f-b89e-9e2468ffe8cb,NBE,Banking,5,2025-01-02,💪💝محمد رمضان 💝💪,Positive
a96c36a0-e208-427f-8755-ccc936e72754,NBE,Banking,2,2025-01-02,التطبيق سئ جدا وبطئ علشان تعمل اي عمليه محتاج وقت طويل واحيانا لا تستطيع تنفيذها بصراحه البرنامج محتاج تطوير وممكن تستفيدوا من البنوك الاخري وازاي بيطوروا نفسهم,Negative
5c6c46b2-b550-4676-b8d6-0750b6e82059,NBE,Banking,1,2025-01-02,بطيى جدا ولو اقارنه بتطبيق مثل الراجحي بنك فهو لا يستحق نجمه واحده شوف المنافس وطور نفسك ف السرعه وفى قلة الاجراءات وف سهولة الاستخدام,Negative
4054b932-a4ae-4ac5-8b5f-601b7b0db307,NBE,Banking,4,2025-01-01,ممتاز,Positive
f0c43708-f16c-4a3f-b7c4-a5134c33f17c,NBE,Banking,3,2025-01-01,أصبح بطئ ويفتح بالعافية,Neutral
f341369e-3714-43c0-a57e-31ea1a142720,NBE,Banking,1,2025-01-01,تطبيق سيء جدا جدا، بطيء للغاية و تصميم الواجهات في غاية السوء، كما أنه يرفض العمل في بعض الأحيان من الأساس بشكل عشوائي!,Negative
1a8b4d1a-b094-4c0f-9ff0-045b67e59ca1,NBE,Banking,5,2025-01-01,لم يفتح للان مش عاوز يفتح,Positive
9cdab26f-e1ca-4259-b04c-90a753677fee,NBE,Banking,1,2025-01-01,اقسم بعزة جلال الله من ابطئ واسوء البرامج على الاطلاق لو كنت اعرف كدا ما كنت اصلا فتحت حساب على هذا البنك ساعة ونصف البرنامج ماعايز يفتح ولو فتح بيقف عند الباسورد مع العلم ان السرعة عندي نص جيجا برنامج سئ للغايه وعلى المسؤلين طرد موظفين البرمجة 😡😡😒,Negative
f0953b02-f697-49f2-83f3-f99d7c7d4106,NBE,Banking,1,2025-01-01,أسوأ تجربة على الإطلاق مع البنك الأهلي! تطبيق كارثي، موقع إلكتروني غير عملي، وتأخير مزمن في التحويلات يجعل التعامل معهم مضيعة للوقت والأعصاب. خدمة العملاء معدومة، والموظفون بطيئون وغير مهنيين تمامًا. لا توجد أي مرونة أو اهتمام بحل مشاكل العملاء.,Negative
14659c4b-701b-40fd-ab46-a1135790cec4,NBE,Banking,5,2025-01-01,ممتاز,Positive
7b78b893-8228-43f4-96d4-94e6c6cfa294,NBE,Banking,1,2024-12-31,التطبيق مش سريع فى الفتح,Negative
52a21bdb-bcc4-45e0-936a-66e3eb44b4c2,NBE,Banking,1,2024-12-31,بقالي يوم علشان اعرف ادخل على التطبيق ومش عارف ادخل حرام عليكم والله,Negative
15b38086-ea13-434c-be56-2ca45c92f75c,NBE,Banking,5,2024-12-31,ممتاز جدا ياريت يتم إضافة أسعار تحويل العملات,Positive
0313caf0-e183-4a28-9214-cd634c3d644a,NBE,Banking,1,2024-12-31,يستحق أن يحصل على اسوء تطبيق لسنة 2024 بطيىء وسيء جدًا,Negative
13ba5fb6-3ce2-452b-ab4f-bf540f18c0dd,NBE,Banking,5,2024-12-30,مريح ومنجز وآمن,Positive
e95abea3-4109-4f11-8773-492297848c71,NBE,Banking,5,2024-12-30,ممتاز,Positive
d8199482-99b0-440a-9a5f-bce34f98c248,NBE,Banking,1,2024-12-29,مطور سئ ومبرمج اسوء وتطبيق ليس له قيمه . يا ريت التطبيق مثل التطبيق السعودى . انسخو,Negative
ea18ee88-91b2-4fe3-8f7b-d161d533bb35,NBE,Banking,1,2024-12-29,جيد,Negative
a123b309-6f9f-43d9-9852-ca0ac400a085,NBE,Banking,1,2024-12-29,هناك مشكله في ازاله حساب المستفيد بالرغم من اختيار امر حذف ولكن لم يحذف المستفيد في المحفظه الالكترونيه,Negative
e18d112a-f4cb-455a-b2eb-1e6575ad0894,NBE,Banking,5,2024-12-28,فوق الممتاز,Positive
5e9454ab-dab6-40ad-854d-31a6ff005dcc,NBE,Banking,5,2024-12-26,Good,Positive
d83d7685-039d-426a-8788-ab8db880e7c3,NBE,Banking,5,2024-12-25,التطبيق معطل طوال اليوم هل عطل بسستم البنك واللا ما السبب,Positive
07d14e2c-6d0d-479c-8ac2-c72606f1ed90,NBE,Banking,5,2024-12-25,برنامج جميل,Positive
15e00f61-2f79-45c5-a936-56dd56beb252,NBE,Banking,1,2024-12-25,افشل ابلكيشن فااااااااااشل,Negative
b609b9ee-0172-4aac-bb12-cd064b7de9c8,NBE,Banking,5,2024-12-24,جميل جدا جدا,Positive
ea2e5342-52d4-4f4e-82ad-85368689e1c7,NBE,Banking,4,2024-12-24,جيد,Positive
b6358c15-7f16-419b-8325-25c1dcb631a8,NBE,Banking,5,2024-12-23,ممتاز جدا,Positive
d4c3e39f-69dc-4003-a3a3-a57086390928,NBE,Banking,5,2024-12-23,تطبيق جميل جدآ ومفيد,Positive
55b1e10a-39dc-436c-ba6b-f28f44885826,NBE,Banking,5,2024-12-23,جيد,Positive
8f9c0722-4730-440b-b747-6bcbce9e9440,NBE,Banking,1,2024-12-23,سي جداً,Negative
7baa70bd-0c98-4729-904a-466d1d3aec38,NBE,Banking,1,2024-12-23,بطيء و مرة يشتغل و مرة يقطع.,Negative
64e49e0b-cc7b-4640-a61b-c97e475d2577,NBE,Banking,5,2024-12-23,تحديث,Positive
007bd45a-e99f-4a90-99a3-73a48db18c26,NBE,Banking,1,2024-12-23,البرنامج أصبح بطئ جدا منذ فترة طويلة للاسف,Negative
fc9aad65-a426-4fb3-b492-2a79a1e683dc,NBE,Banking,1,2024-12-22,عطلان,Negative
fdac6b58-8ef4-4553-bd77-39f038f063e1,NBE,Banking,5,2024-12-22,ممتاز,Positive
e0b1d558-a987-4b97-9762-e69ea28ac909,NBE,Banking,5,2024-12-22,إنه من افضل البرامج لي بس عاوز رساله تيجي لما القبض ينزل,Positive
11451962-3953-4db0-9aab-bd51ebf12db3,NBE,Banking,1,2024-12-21,هذا التطبيق لايليق بالبنك الاهلي المصرى اتمنى تحديثة او ازالتة من المتجر نهائيا تطبيق فاشل بمعنى الكلمة ورسالة للقائمين علية خلى عندكم دم واتعلمو من بنك مصر,Negative
a4186403-b356-469c-84be-20243ad4e36d,NBE,Banking,1,2024-12-21,برنامج سيئ تحميل بطئ جدأ لايفتح,Negative
d875187c-e9db-4d4f-bc9c-87d02e280cdf,NBE,Banking,1,2024-12-21,التطبيق لايعمل حدث خطأ حاول لاحقا,Negative
bab840b4-7512-4580-8648-d92f5555da36,NBE,Banking,5,2024-12-21,Good 👍,Positive
ba9147fc-a158-4a69-99f8-fa5bb33837e3,NBE,Banking,1,2024-12-21,بطئ للغاية وغير مفعل,Negative
c2cb0432-f4ff-4a01-afcf-0738e49d08b6,NBE,Banking,5,2024-12-19,جميل جدا,Positive
f2f590b0-7453-4e4a-9d79-a1bcd6789544,NBE,Banking,4,2024-12-19,جيدجدا,Positive
1547964b-2a8d-4468-9e1c-0afe09dc22e6,NBE,Banking,5,2024-12-19,تطبيق ممتاز,Positive
ffdc00a4-7d4e-495e-a67d-14aed86d66ae,NBE,Banking,5,2024-12-19,تم,Positive
8802581c-c96e-45ce-ad77-59cca922c8f2,NBE,Banking,1,2024-12-18,التطبيق لايعمل,Negative
645c75e4-2f3f-4419-bb1d-bba034e8e0e7,NBE,Banking,2,2024-12-18,لماذا لا يفتح البرنامج ؟؟؟؟,Negative
9585e82d-9720-4eb8-bade-bb0d2226180e,NBE,Banking,1,2024-12-18,التطبيق لا يعمل,Negative
2b853e94-b45f-4896-9f6f-560c96abe656,NBE,Banking,5,2024-12-18,👍,Positive
c9469c15-2de0-4328-85fe-72a7a9200f09,NBE,Banking,1,2024-12-18,سئ,Negative
2197f5c2-10c7-4df4-91db-e09af398e5f7,NBE,Banking,1,2024-12-18,التطبيق تقيل وحاولت افعل الفتح بالبصمة لم ينجح,Negative
3b6b9a7c-a007-4ddc-a700-155ea38277b0,NBE,Banking,5,2024-12-18,جيد,Positive
f2576aea-b623-4641-ba52-b719ae747684,NBE,Banking,1,2024-12-18,تطبيق سئ جدآ,Negative
4ee8441a-ea94-4493-9f93-d6c83b4d3077,NBE,Banking,5,2024-12-18,فوق الروووعه,Positive
c660d146-4ac0-4c99-a0c2-873f74699495,NBE,Banking,1,2024-12-18,تطبيق بطيئ جدا وللاسف لا يرتقى لمستوى بنك كبير,Negative
56385ab3-781b-40de-9518-334acd2f6cfc,NBE,Banking,1,2024-12-17,جميل لاكن بطئ جدا,Negative
a6dc7e86-19d6-4807-9d13-a2ac94b8d066,NBE,Banking,5,2024-12-17,ممتاز وجميل,Positive
786cf588-329c-41ef-8876-306d1a0c95f1,NBE,Banking,1,2024-12-17,بطيء جداجدا جدا جدا,Negative
78abedbe-11ca-4bae-ba48-2b66d1484a46,NBE,Banking,5,2024-12-17,ممتاز,Positive
7fded7a3-ecc4-4cca-8165-006c35319b14,NBE,Banking,5,2024-12-17,ممتاز,Positive
9edcb9a0-58df-40ce-8df8-278c9fd13a9a,NBE,Banking,5,2024-12-17,جيد جدا,Positive
544b90bf-d9fb-4ef7-bb36-4a94406a6885,NBE,Banking,1,2024-12-17,البرنامج سئ وبطئ ف التحميل,Negative
512662c0-7004-43a1-b7a1-3398a95094a0,NBE,Banking,1,2024-12-16,التطبيق سئ جدا خصوصا لو فى مشكله أو عندما يطلب تغيير السري وخدمة العملاء و موظفين الكول سنتر سئ جدا,Negative
3c77eb48-1fea-47c9-a6d9-02531dcda866,NBE,Banking,4,2024-12-16,فيه تحسن,Positive
6c89cbbe-c49b-4128-8e92-a4b9a754cb1c,NBE,Banking,5,2024-12-16,ممتاز,Positive
41814e91-d443-4af1-bdbe-7b9df788a662,NBE,Banking,5,2024-12-16,جيد,Positive
b526489c-9c36-4a51-be60-26c9a44f4cb9,NBE,Banking,5,2024-12-16,تطبيق و خدمة اكثر من سيئة جدا جدا جدا اقسم بالله حتي في خدماتكم الاون لاين فاشلين و بطئ و كله أخطأ و حاجا في منتهى الزفت,Positive
8f578cb6-6bc2-4d53-b355-6c6c71d7cbf6,NBE,Banking,1,2024-12-16,البرنامج بعد التحديث أصبح سئ جدا ولا يفتح التحديث يكون للأفضل ليس للاسوء,Negative
2016949d-adcf-4244-8859-b75529c00b97,NBE,Banking,1,2024-12-16,سئ جدا وعيب اوي لما اكبر بنك في مصر تبقى خدمه الابلكيشن بتاعه بالطريقه دي كل شوية غير قادر على الاتصال بالخادم هو انا لما ابقى محتاج الابلكيشن و يشتغل مرة و ١٠ لأ يبقى ايه لازمته اتعلموا يا جماعه من البنوك التنيا بتعمل ايه والله ابلكيشن فاشل و زبالة انا بستخدمه بقالي ٥ شهور مش واحد داخل يكتب كومنت وخلاص وبعدين ازاي ابقى قاعد بعمل عمليه على الابلكيشن ويقولي انتهت مده الجلسه ويطلع لوحده ايه التخلف دا,Negative
df7da608-b2f3-45d4-984a-8d39ac1ef0fd,NBE,Banking,1,2024-12-16,التطبيق جدااا بطئ ومشاكلة كثير رجاء العمل على تحديث البرنامج بشكل أفضل يليق بالبنك الاهلى المصرى والعملاء,Negative
e2392df0-e438-41fa-9281-98bcec834190,NBE,Banking,5,2024-12-16,🫶🏻,Positive
d348f8a9-c3ef-424c-8179-0a9049b8658e,NBE,Banking,5,2024-12-16,ممتاز,Positive
864492c2-5785-4cf3-8aba-f457b3043858,NBE,Banking,5,2024-12-16,ممتعه,Positive
3347f0bd-54ec-4b2a-82d0-47f9ad533dd4,NBE,Banking,4,2024-12-16,معقول ونتمنى زيادة إنهاء بعض الخدمات من خلاله,Positive
097628e3-1497-4c14-8dea-2c2d51ac8b0d,NBE,Banking,1,2024-12-15,سيي للغاية,Negative
9c20d730-a68c-41d6-8ba8-87cdedbc0dce,NBE,Banking,5,2024-12-15,كيف حجز الموعد,Positive
e74c9cab-f93b-4cd9-a67b-3aa5f86600dd,NBE,Banking,5,2024-12-15,Good,Positive
b7ce7fa6-0416-4b39-8daa-2c7b37bb4990,NBE,Banking,5,2024-12-15,تم,Positive
6a62bfc4-9ae4-4780-97b6-3e9229c3fa48,NBE,Banking,1,2024-12-15,التطبيق سيئ بعد التحديث الجديد في 1 / 11 / 2024 م,Negative
bf167903-2e07-4fe7-9d16-0a3bd7f10ebb,NBE,Banking,1,2024-12-14,أكثر من سئ ارجوا التعلم من تطبيق بنك مصر أعتقد أنه رائع و سهل التعامل ارجوا من العاملين علي التطبيق جعل التطبيق مثل بنك مصر,Negative
f041b840-01ac-41d0-bb36-4c78048e5cdf,NBE,Banking,4,2024-12-14,ممتاز,Positive
5c030e76-6e23-43b4-9df2-10b133d06b31,NBE,Banking,5,2024-12-14,برنامج سهل الاستخدام ومفيد ويحافظ على بياناتي شكرا للقاىمين على هذا البرنامج,Positive
eb7957e7-298c-495f-a538-c386db4c7e5c,NBE,Banking,5,2024-12-14,رووعة وسهل,Positive
077ce868-4c44-41b3-b3d2-0d0c4bf0e58d,NBE,Banking,5,2024-12-14,ممتاز جداً جداً,Positive
88817af5-e544-48c1-8f61-409abb9e575e,NBE,Banking,5,2024-12-13,ممتاز انصح باستخدامه,Positive
3a033aa1-81f8-4271-9979-55c9c3aa8dbd,NBE,Banking,5,2024-12-13,ممتازه,Positive
a62348fe-2da1-430b-a2cd-8d129532ceec,NBE,Banking,5,2024-12-13,رائع,Positive
b1359975-45e2-4924-aa73-2f83113debc1,NBE,Banking,4,2024-12-13,مازال البرنامج يتم فتحه من جوجل بلاى- a52 سامسونج جلاكسى,Positive
eb9ab1fe-75a5-4a09-8714-1cb1f7cd6e1d,NBE,Banking,5,2024-12-13,روعة,Positive
b9a4b785-919a-4688-ac03-0d1a57b024eb,NBE,Banking,5,2024-12-13,Good,Positive
150ee33b-e2f5-49f2-a200-5c3e944b3d66,NBE,Banking,1,2024-12-13,لا يمكنني الدخول للبرنامج,Negative
b0bf2740-88ea-41d5-9210-63fe5f286141,NBE,Banking,1,2024-12-12,الخدمة مش حلو ولم اتكلمت معاهم بيقفل السكه في وشي,Negative
4e3e4583-f596-4619-88d6-f0e62d365cab,NBE,Banking,5,2024-12-12,جيدة جدآ,Positive
fd554328-d21e-49ae-92e7-55c03d23057f,NBE,Banking,5,2024-12-12,رووعة,Positive
c8b89382-03fb-4f03-aa0a-7986ea6f1b27,NBE,Banking,2,2024-12-12,تم,Negative
0d4eefd7-ade4-48ed-8833-cf8ceb2a80d8,NBE,Banking,5,2024-12-12,جميل جدا,Positive
c2896e43-448e-4966-b0aa-1832190b57bf,NBE,Banking,5,2024-12-12,هو ضروري لكن بطيئ,Positive
c3c54d4b-766e-43d3-9a26-1cc9016fe81b,NBE,Banking,5,2024-12-12,👌👌,Positive
606e0d58-82ac-46be-8e47-ca0c5bd42a28,NBE,Banking,5,2024-12-12,تطبيق رائع,Positive
0f2dd05a-f173-413e-b492-93619e2631e4,NBE,Banking,5,2024-12-12,برنامج ممتاز وخدمة عملاء محترمة وممتازة,Positive
cfbe6cd9-e6dd-4419-92c2-e59c1ef614c4,NBE,Banking,5,2024-12-12,برنامج جميل جدا,Positive
0dff44be-a2e8-458d-8f0c-3d1a64ff0811,NBE,Banking,5,2024-12-12,ممتاز,Positive
1b36e43f-aee1-422d-8753-5f574357e2e4,NBE,Banking,4,2024-12-12,تطبيق جيد جدا ❤️❤️,Positive
e124bc50-2213-4909-a9db-0afd26b672b2,NBE,Banking,5,2024-12-11,ممتاز,Positive
de529cc7-a0e5-484d-a0f2-f1189f550ca4,NBE,Banking,5,2024-12-11,ممتاز,Positive
acf3f125-5b49-4404-bd56-c8ac0e8e6ea2,NBE,Banking,1,2024-12-11,التطبيق بيسجل خروج كل مره... ولازم اكتب كلمه السر كل مره,Negative
efc770ae-b5c1-47ce-91c2-50b7d4624bd5,NBE,Banking,5,2024-12-11,البرنامج ممتاز شكرا علي التطوير محتاج يكون اسرع فقط لانه بطى شويه لكن هو ممتاز وشكر علي الارتقاء بالخدمة,Positive
1e4ea594-0302-4f6e-b231-0de9ac2918e8,NBE,Banking,5,2024-12-11,ممتاز,Positive
54e676e1-0ef4-4a46-abc1-782d320fb418,NBE,Banking,4,2024-12-11,كويس لكن بطئ جدا ف الفتح وتحس انه تقيل اوى,Positive
90262f72-7561-4306-9656-f13e814e2fc2,NBE,Banking,5,2024-12-11,ممتاز,Positive
4535e3ac-25fb-427c-8ff4-7f7aa4f2ef42,NBE,Banking,5,2024-12-11,ممتاز,Positive
e595a592-0301-4e6d-b922-42bb44f8d893,NBE,Banking,5,2024-12-11,ابلكيشن جميل ناقص بس اشعارات برسالهعلى الموبايل فى حاله اى تغيير فى الارصده,Positive
217afd85-f37e-49a1-9f32-4048fa6403ee,NBE,Banking,5,2024-12-11,تجربه مش كويسه ، بيكتب هناك شيء خطأ ، صراحة تطبيق زباله.,Positive
0a91639e-5ebc-46d3-a642-0c42300862e1,NBE,Banking,1,2024-12-11,البرنامج كان يعمل والان تظهر رساله لا يمكن الاتصال بالخادم,Negative
8846641e-59c9-4bd3-926b-22c5c3d09f9f,NBE,Banking,5,2024-12-11,جيد جدا,Positive
434f90d2-c30e-49ef-a7ec-a5bf660d9dc9,NBE,Banking,1,2024-12-10,الأول طلب مني أحدث وبعد التحديث بيطلب تحديث تاني,Negative
b2c64b5d-4f25-42af-9c24-b844b10d8789,NBE,Banking,1,2024-12-08,تطبيق بطيء جدا جدا جدا بطيء جدا جدا,Negative
4f5cf1d8-b72b-4b66-8be9-de6a642671f2,NBE,Banking,1,2024-12-07,تطبيق سئ وبطئ جدا,Negative
577ca6c9-e863-446d-9cb5-3da09fe557f6,NBE,Banking,1,2024-12-07,كان شغال دلوقتى يقولك خطء فى الخادم ياجماعه,Negative
a2d8a2a8-c93a-4a11-854e-eb17267e69c6,NBE,Banking,3,2024-12-07,الوصول إلى كءابات. فى امان,Neutral
4be846ec-9eee-42c0-a286-8c0875c2229f,NBE,Banking,1,2024-12-06,ممتازه,Negative
debeb47a-8b52-40c2-8542-1988876141f5,NBE,Banking,5,2024-12-06,محمد المصري,Positive
abba487d-7be0-4936-a4bd-3ddaf299df79,NBE,Banking,1,2024-12-06,لا يعمل علي هاتف 12ردمي,Negative
d75d692d-4070-499d-a18b-c29c52cc0a09,NBE,Banking,1,2024-12-06,التطبيق فيه مشكله كل ما افتحه يجيب رسالة خطأ (لا يمكن الاتصال بالخادم) ياريت تشوفوا حل للمشكله دي بسرعه انا حذفته ونزلته تاني وبردو نفس الرساله بتظهر,Negative
9684578f-6a33-4468-8d0d-409bd262ff58,NBE,Banking,5,2024-12-06,NBE,Positive
22e7ec5f-20d1-4eef-a343-12cc9f853b8b,NBE,Banking,1,2024-12-05,حقيقه نظام التحويلات معقد وممل ليه اثنين ابلكيشن لتحويل الاموال صراحه شيء ممل جدا,Negative
aa895b70-f6b2-471b-9b6f-4ac5bff6a51c,NBE,Banking,1,2024-12-05,خدمه عملاء سيئه جدا,Negative
e8cebc33-d205-4ce2-9714-49da3de6a02a,NBE,Banking,1,2024-12-03,تطبيق ذى الزفت والله وصعب فى التعامل حاولو ان يتعدل يبقا ذى تطبيق الراجحى ولا برق برامج سهله الاستخدام وغير معقده,Negative
16bacbe4-d925-499c-9307-f659c5cd9b18,NBE,Banking,1,2024-12-03,تطبيق زفت زفت,Negative
ce77815d-cec4-4ea8-aa02-ef9d11e7c379,NBE,Banking,1,2024-12-03,اسوء تطبيق اتعمل فى الكون خسارة يتعمل من الاساس,Negative
30b2ee61-8ad7-451e-bb04-b132954bbace,NBE,Banking,1,2024-12-02,اسوأ تطبيق تعاملت معه بعد تطبيقات التعارف بطئ بالإضافة إلى سيستم البنك السئ,Negative
4ae37f09-1b07-4e5e-a470-e63f5d87027d,NBE,Banking,2,2024-12-02,التطبيق مش شغال و كل شويه تطلع رساله خطأ فى الخادم,Negative
699afce2-74b7-481c-bb91-4fd124a7bd6c,NBE,Banking,1,2024-12-01,بطئ جدا..سيئ جدا جدا,Negative
8346034e-60b0-4d8e-b456-6a398f4c8c40,NBE,Banking,5,2024-12-01,اللهم صل وسلم وبارك على سيدنا محمد وعلى آله وصحبه أجمعين.. تطبيق ممتاز جدا جميل والله المستعان ربنا يوفقنا لما يحبه ويرضاه يارب,Positive
8d4dda3e-6844-4863-afbf-6eaa60de7c80,NBE,Banking,2,2024-12-01,بطيئ جدا,Negative
66f093fc-af82-4c29-9fc1-e4d2b5c318df,NBE,Banking,5,2024-12-01,ممتاز ❤️❤️❤️ ارجو تطوير ليكون اسرع +بصمه صوتيه + بصمه اليد + الرقم السرى,Positive
56c07e24-f4be-40ab-8d4a-6961ba5b8c4b,NBE,Banking,5,2024-12-01,ممتاز جداً جداً,Positive
972d9174-3ae0-483d-a51b-d3495a93b298,NBE,Banking,1,2024-12-01,البرنامج أصبح سيء للغاية بعد اخر تحديث ولا يعمل مطلقا أنا قمت بحزفه نهائيا وانزلته مرة أخرى ولكن المشكلة مازالت قائمة ارجوا منكم سرعة حل المشكلة,Negative
bc21a8f2-dc63-44e5-b065-9a7f5ab498cf,NBE,Banking,5,2024-11-30,Nice,Positive
ed6b3912-04a1-4b92-9c3f-b6765f1063f9,NBE,Banking,1,2024-11-30,التطبيق سيئ جدا جدا. تم فقد كود المستخدم. وعند المحاولة لإستعادته عن طريق الرقم القومي . تظهر رسالة . برجاء إدخال الرقم القومي . ويتم تكرار ادخال الرقم القومي المسجل في بيانات العميل. ولكن للأسف دون أى جدوى. وعند التواصل مع خدمة العملاء عن طريق الخط الساخن. لا يفيدونا بأي شئ. فقط قم بحذف البرنامج و تنزيله مره أخرى . وتظل هذه الدوامه السيئه الي مالا نهايه. سيتم غلق الحساب في اقرب وقت . ونقل جميع المعاملات الماليه. إلي بنك ٱخر يحترم عملائه. ويلبي إحتياجاتهم الأساسيه. تقييمي للخدمات الإلكترونه صفر,Negative
ea20111f-57b1-438a-9d73-e657baedae85,NBE,Banking,5,2024-11-30,ممتاز,Positive
0c55c5db-3e36-4e1d-90a7-e89463f3beee,NBE,Banking,1,2024-11-30,خدمه ممتازه ويعمل بكفاءة وانتظام ، النسخه الحاليه لا تعمل نهائيا ويرسل رسالة device is not supported,Negative
90199714-5ac2-4be4-a333-38d5277c3495,NBE,Banking,1,2024-11-29,مش شغال لية,Negative
2515523d-db74-4f93-aab8-cb010dbbf7c2,NBE,Banking,5,2024-11-29,I hope you can quickly register digitally 👨🏻‍💻🫅🏻🥳🫴🤑,Positive
07a919d5-80a4-45c2-ace1-afe8e1611342,NBE,Banking,1,2024-11-29,برنامج سيء جدا,Negative
4501b362-6b51-4639-8073-7f7d5cc8ba2f,NBE,Banking,5,2024-11-29,جميل جدا,Positive
e7f67d5f-0331-45fb-bd45-9468156af0bf,NBE,Banking,5,2024-11-28,ممتاز بارك الله فيكم,Positive
21640465-4b0b-4ea0-9658-0c09ac92a5db,NBE,Banking,1,2024-11-28,تطبي فااااشل لا يقبل تسجيل الدخول لا يقبل تغيير الباسوورد لا يقبل استرجاع الكود ..ملهوش اي لازمة,Negative
e1fdfeeb-b397-4633-a947-789f9917834a,NBE,Banking,5,2024-11-28,مع الشعب,Positive
e4401149-285a-4178-9758-061c11c17144,NBE,Banking,1,2024-11-27,يحي عبدالعال حجاج,Negative
5f86084b-c3c3-4c9a-980a-5a2dac3a43bc,NBE,Banking,5,2024-11-27,ممتاز يعمل كويس حلو,Positive
c860d479-dddd-474e-a2e1-736dcf354016,NBE,Banking,5,2024-11-27,ممتاز وسهل الاستخدام,Positive
f34a1479-a0bd-4cfb-b44c-c02d3fd77e69,NBE,Banking,5,2024-11-27,برنامج فوق الممتاز,Positive
38699464-574d-475c-b6e5-52e96d41adb1,NBE,Banking,5,2024-11-26,ممتاز جدا جدا,Positive
13a12e7e-ec77-4448-9106-e50019ed1a06,NBE,Banking,5,2024-11-26,فارس شكرى جمال,Positive
df726635-0c13-4c6c-a9be-f55f948af614,NBE,Banking,5,2024-11-26,يعمل بكفاءه عاليه بحمد •اللّـہ̣̥,Positive
2d41936b-a0c0-44b3-89c2-3cd43c0b9303,NBE,Banking,5,2024-11-25,ممتاز,Positive
f7e15514-b307-4e41-b428-a34fa4152e51,NBE,Banking,1,2024-11-25,التطبيق مبيشتغلش نهائى,Negative
b344ce1c-289d-486a-9c81-770bc4435620,NBE,Banking,5,2024-11-25,في مشكله في التطبيق مش راضي يشتغل معي ارجو حل هذه المشكله,Positive
99ac06ad-3ae2-44ac-bd90-7c4163c1c618,NBE,Banking,5,2024-11-25,Excellent,Positive
2b4eb983-2af1-4392-b5eb-e0f0dc732cb2,NBE,Banking,5,2024-11-25,تطبيق ممتاز وسهل وبسيط وتقدر تقوم بعمل اى شي من خلاله,Positive
1325bfb5-e29f-44f1-8634-b13ae3e1e69a,NBE,Banking,1,2024-11-25,بطيئ جدا ومش بيفتح,Negative
76fcdb5c-3599-4306-a8a9-55ca72d2a0f0,NBE,Banking,3,2024-11-25,التطبيق كان بستجيب بسهوله ويسر واصبح بطيئ جدا واحيانا كثيره لايستجيب الا بعد محاولات كثيره,Neutral
8f991305-b0bb-495d-b7e8-9b355b32fe17,NBE,Banking,5,2024-11-25,ممتاز جدا جدا جدا جدا جدا جدا جدا,Positive
468c1e24-8a0e-45d6-850f-ae7518647afe,NBE,Banking,4,2024-11-24,كان شغال كويس ومن كام يوم بيقول لا يمكن الاتصال بالخادم,Positive
a527e237-6c69-4749-830d-a752767401bd,NBE,Banking,5,2024-11-24,تمام,Positive
e51282cb-209a-4ba7-95d1-066f9c205a4d,NBE,Banking,5,2024-11-24,كان مش شغال ــ الغي التثبيت ثم ثبته تاني ــ ان شاء الله يشتغل معاكو ــ ادعولي,Positive
a103651d-25f2-42c3-a44a-9cc54465cb7e,NBE,Banking,5,2024-11-24,ممتاذ,Positive
42ba013c-231f-4218-8f4c-8fff8689acf6,NBE,Banking,5,2024-11-24,جيد,Positive
9e10708c-be94-4aa6-8472-9325d93428e8,NBE,Banking,5,2024-11-24,جيد جدا شكرا,Positive
9b01fa65-8c8c-475d-9a11-4ba7d2304669,NBE,Banking,5,2024-11-23,مفيد جدا,Positive
e5dde124-b465-4e2d-8db3-c76ac43b5a2c,NBE,Banking,5,2024-11-23,ممتاز,Positive
9c2701c8-d1aa-4a04-936f-f41048c0c0d2,NBE,Banking,5,2024-11-22,ممتاز جدا,Positive
3fa0def2-73db-48ef-8725-77099b13ba56,NBE,Banking,3,2024-11-22,منذ آخر تحديث و التطبيق سيء جدا دائما السيستم واقع ولا يستجيب,Neutral
8db18002-aba4-4e84-9b6a-ed846c4c258d,NBE,Banking,5,2024-11-22,ممتاز,Positive
744de851-3157-4d96-94d1-db9d10236170,NBE,Banking,1,2024-11-21,التطبيق لا يعمل ويكتب لا نستطيع الوصل للخادم .لابد من تغير التطبيق بتغير جزري,Negative
b3868ca5-8903-4bf2-b3aa-92c8ffecff1e,NBE,Banking,5,2024-11-21,جيد,Positive
3fcc8fcd-b0e6-49cd-ac6f-30be9cd57898,NBE,Banking,5,2024-11-21,جيد جدا,Positive
a32b30c6-4901-46dc-bb4d-aea7fbb9da1d,NBE,Banking,5,2024-11-21,App help you in simple and easy way,Positive
1331d383-3307-43d2-a0df-b525cc217b3f,NBE,Banking,5,2024-11-21,ممتازه,Positive
dcb51948-4d93-4420-a745-bad3788d6478,NBE,Banking,5,2024-11-21,ممتاز,Positive
caa0784a-6d35-413f-b28e-7cb3b865a6e7,NBE,Banking,1,2024-11-21,بعد ما حدثته مش بيفتح 😡,Negative
6ebcf64b-7d9f-4368-be5d-02165f3cd30b,NBE,Banking,5,2024-11-21,جامد,Positive
e0ebacd8-9c3f-46ec-9f77-cacdbc787d3b,NBE,Banking,5,2024-11-20,يمكن تطوير للأفضل,Positive
5fb94c3a-ada5-49e9-8f6a-c4eb9f284817,NBE,Banking,5,2024-11-20,ممتاز 🌹🌹,Positive
f87d6a39-bcf0-4fbb-98ff-5e5c9badd0cb,NBE,Banking,1,2024-11-20,سيئ للغايه صعب الاستخدام وبطيئ غير مريح فى التعامل التحديث بطيئ جداً فى الاستخدام,Negative
3ec28252-5e60-4d97-be5d-357629c07733,NBE,Banking,5,2024-11-20,ممتاز,Positive
c104ce6a-64f7-4d4e-bddd-e67599de5cd1,NBE,Banking,1,2024-11-20,بطي جد ويظهر دئما تعذر الاتصال بلخادم,Negative
7a8b5572-190d-4e7f-b67a-e410f2c52d31,NBE,Banking,5,2024-11-20,جامد,Positive
daf16c31-760f-42ed-9149-60489ce9793a,NBE,Banking,3,2024-11-20,البرنامج بيقفل ومش بيفتح,Neutral
1f9257eb-d31d-4774-b432-6b62e8197b75,NBE,Banking,5,2024-11-20,برنامج تريد منه معرفة حسابك الشخصي بدون تعب,Positive
c4309a9f-ec37-4368-8567-aafee70059f6,NBE,Banking,1,2024-11-19,أسوأ تطبيق بنك جربته في حياتي 👎👎,Negative
0e3ece20-562d-4779-a996-e96d3e4a6cda,NBE,Banking,5,2024-11-19,ممتاز,Positive
85dddb5a-04e6-4dad-9f90-39c01233d29f,NBE,Banking,3,2024-11-19,تحت التجربه بتحديث الجديد,Neutral
24c1f96b-7d5d-4244-ae77-c0b410a98ce7,NBE,Banking,5,2024-11-19,ممتاز,Positive
1f37ee8b-7bca-49cb-9b8f-ae69e1d5d369,NBE,Banking,5,2024-11-19,جدا,Positive
f8940c8b-fa81-4a1a-934a-79e4cd743f9d,NBE,Banking,5,2024-11-19,جميل جدا,Positive
2eb1aabf-acff-41bd-a826-b7b7d82fce37,NBE,Banking,1,2024-11-18,كنت اعتقد انه بعد تحديث التطبيق سيكون اسهل للأسف لا استطيع فتحه ودائما يقول الرقم السري خطأ وعند الضغط على كلمة نسيت الرقم السري وادخال الكود ورقم البطاقه يخبرني بالذهاب للفرع وتنزيل تطبيق الارقام السريه,Negative
dd541c4f-3da6-4dbb-b76e-ded866325061,NBE,Banking,5,2024-11-18,More than excellent,Positive
c2fadffa-98a7-4c14-a648-1dcfea1f68dd,NBE,Banking,5,2024-11-18,ممتاز جداً جداً,Positive
a633a733-bafa-4985-85a6-89f1c0987ff2,NBE,Banking,5,2024-11-18,رائع,Positive
060a2409-bd63-44c4-9ea5-b8eafbae845c,NBE,Banking,5,2024-11-18,جيد,Positive
1044a248-d965-4288-8138-3614c7c9aab1,NBE,Banking,5,2024-11-18,هايل جدا,Positive
ad3dabe3-2de3-447b-8185-d455cdc321d1,NBE,Banking,1,2024-11-18,اخر تحديث منعة من التشغيل,Negative
06ffe2e1-fd06-462a-a3e4-6bef2081dce9,NBE,Banking,5,2024-11-17,مفيد جدا يوفر وقت العميل ويخفف الحمل على البنك,Positive
ff5bd43f-8520-4daf-83ec-ed9ab4ad0fc1,NBE,Banking,5,2024-11-17,رائع,Positive
adacdc48-2c15-4544-a97e-de9124ddd982,NBE,Banking,1,2024-11-17,هع,Negative
bb08a833-4849-4a59-8d4f-82d8f3cdc67d,NBE,Banking,5,2024-11-17,تطبيق رائع,Positive
d443c503-c7ff-4fe3-8e43-041213562fc2,NBE,Banking,5,2024-11-17,تطبيق رائع وسهل الاستخدام وآمن,Positive
14e70f2c-dff9-4ea4-a4af-325ae8c3e354,NBE,Banking,4,2024-11-17,ممتاز,Positive
f58b02f7-08e9-4ef6-8da5-bd9c24c56457,NBE,Banking,1,2024-11-17,التطبيق من آخر تحديث له تقيل و بيعلق كتيييير أوي . أرجو حل المشكلة,Negative
a5f390b3-5100-4f67-81e9-7cee98508704,NBE,Banking,5,2024-11-17,ممتاز,Positive
8d795794-a292-4575-a78f-c3a5de67f36f,NBE,Banking,5,2024-11-17,ممتاز جدا جدا,Positive
a8148b91-460c-46ee-a7a3-0a49b8744e65,NBE,Banking,1,2024-11-16,تطبيق فاشل لايستحق حتي النجمه,Negative
6992fb8e-35b2-48d2-8815-f6250e9104a0,NBE,Banking,5,2024-11-16,ممتاز,Positive
dea62613-0003-49e7-abfb-0a176480c18f,NBE,Banking,1,2024-11-16,بعد التحديث الاخير أخطاء البرنامج فى الدخول كتير جدا,Negative
f0301810-981a-4410-b326-b15288a3aa04,NBE,Banking,5,2024-11-16,جيد جدا خمس نجوم,Positive
270b4678-abc7-4574-bc57-dd0864f444df,NBE,Banking,4,2024-11-16,تطبيق رائع,Positive
de5f0c54-b8bb-4415-be15-efcfad8a20ce,NBE,Banking,5,2024-11-16,ممتاز,Positive
cdd866d4-8d7f-464a-a1f2-ee3cc8adb773,NBE,Banking,5,2024-11-15,تطبيق فوق الممتاز جدا جدا جدا شكرا جزيلا للإدارة العليا للبنك الأهلى المصرى شكرا جزيلا لجميع الساده الأفاضل القائمين على هذا التطبيق شكرا جزيلا لجميع الساده الأفاضل إدارة البنك الأهلى المصرى الرئيسى وفى كافة الفروع وأختص بالذكر فرع البنك الأهلى المصرى بمدينة كفرشكر بمحافظة القليوبية شكرا جزيلا للبنك الأهلى المصرى من الألف إلى الياء,Positive
d261f20b-c1a1-44fd-8e29-8e59c308a3a8,NBE,Banking,5,2024-11-15,رائع جدا وتحيا مصر 🇪🇬 🇪🇬 🇪🇬,Positive
92817f31-4904-4007-aa50-8ae026c0a902,NBE,Banking,5,2024-11-15,محتاج يبقي اسهل من كده,Positive
14beaac7-4bcd-4cfe-92cf-faf10e9c218a,NBE,Banking,1,2024-11-15,بعت. تحديث. بقي. زبال. مش. بيفتح. نزل. تحديث جديد. يصلاح. قدام,Negative
003ef7b3-ea4b-4d1b-8ecc-41cac9682d4a,NBE,Banking,5,2024-11-15,Good,Positive
a652d321-5cf1-40a5-94b9-db5af02b42c9,NBE,Banking,5,2024-11-15,تطبيق ممتاز 👍🏼👍🏼👍🏼,Positive
e1aa66c6-d95b-4c75-acfa-4b0c64c9c197,NBE,Banking,1,2024-11-15,بعد التحديث البرنامج ما بيفتح,Negative
bc9daa42-70aa-4125-8ca8-12a412b05be6,NBE,Banking,5,2024-11-15,ينقصه بعض التقنيات اولها عند الدخول للتطبيق وقبل الفتح يحدد موقع المستخدم ثانيا إتاحة تحديث البيات يدويا مع مرفقات الإثبات ثالثا ان إتاحة وجود صوره شخصيه أعلى التطبيق للتأكد التام من الأمان لازلتم تعيشوا بالعصر الحجرى والوساطه دمرت سمعتكم مين اللى صمم التطبيق مبتدأ,Positive
a40707e4-2262-4b3e-beac-1383841ce011,NBE,Banking,1,2024-11-15,تطبيق ليس منه فائده,Negative
85479b81-337a-4c65-8255-7bfdc3b4f4f2,NBE,Banking,5,2024-11-15,ممتاز,Positive
e26ec0ee-5953-403c-9e4f-34ac9b83a570,NBE,Banking,5,2024-11-15,ممتاز,Positive
7a5f2565-72b9-49a4-9947-359609b02c67,NBE,Banking,5,2024-11-15,ممتاز,Positive
6ef25103-4c32-40ad-ab2e-e406122ed285,NBE,Banking,5,2024-11-15,ممتاز,Positive
0e9f0bcb-e55c-48b4-878c-4e159b7a1b19,NBE,Banking,5,2024-11-15,جيد جداً,Positive
7e41b141-b333-4eab-84f0-2c18c69e7836,NBE,Banking,5,2024-11-14,ممتاز,Positive
6757a9a1-e480-4d72-aa8d-91d332bc7c1e,NBE,Banking,5,2024-11-14,جميل,Positive
d97fb9ff-4e83-4a53-8fe6-9cfc65a3337a,NBE,Banking,1,2024-11-14,سيئ جدا جدا جدا وبالاخص بعد التحديث الاخير,Negative
1a58c040-1174-4419-b7da-386655fe4deb,NBE,Banking,5,2024-11-14,ممتازة,Positive
a01d38c0-4670-4416-a67d-e3600af6af91,NBE,Banking,1,2024-11-14,ياريت تفعلوا الابلكيشن علي موبيلات هواوي لانها لا تدعم جوجل بلاي,Negative
6ea95440-305d-48e2-97a3-fc401f5b0750,NBE,Banking,3,2024-11-14,التطبيق كان شغال كويس وبعد التحديث التطبيق لا يعمل ، وتيجي رسالة ، Rooted device isn't supported ارجو الحل علي وجه السرعة,Neutral
a8a68997-0b21-4107-ba84-4346471183fd,NBE,Banking,5,2024-11-14,جيد,Positive
25ebcf33-d563-4931-a9c5-b760c5d3208e,NBE,Banking,5,2024-11-14,تجربه جيده جداااا .. واتمنى المزيد من التطوير ومواكبه التكنولوجيا الجديدة .. .. ..,Positive
a8ae690d-0616-4e80-960b-0a1cb81f5f18,NBE,Banking,5,2024-11-14,ممتاز,Positive
f50b79c5-d5c9-45a4-b69f-0462b56eff02,NBE,Banking,5,2024-11-14,ممتاز,Positive
6683e26f-1543-45cd-aadb-8bebaa9e5e88,NBE,Banking,1,2024-11-14,فى مشكله لانه بعد التحديث الاخير بيرفض يفتح و بيكتب رسالة ان فى خطأ.,Negative
68084009-9230-4f21-9571-bda28ddd78f6,NBE,Banking,5,2024-11-14,ممتاز وسهل,Positive
290e7067-8984-4ea7-bd24-8f6a178ba281,NBE,Banking,4,2024-11-14,تطبيق رائع,Positive
60370672-6fe6-41ac-9265-7639938067c2,NBE,Banking,5,2024-11-14,تطبيق رائع وشكرا,Positive
ac079763-2819-428e-b172-459342698b6b,NBE,Banking,1,2024-11-13,لا يعمل,Negative
1f618fe7-fa07-489c-93ff-8422d5a6b11a,NBE,Banking,1,2024-11-13,التطبيق كان رائع لكن بعد تحديثه اصبح لا يفتح ويكتب جمله التطبيق لايدعم الجذور جمله غير مفهومه,Negative
97e5abd5-7ea3-4fac-bbc0-58bc425f275c,NBE,Banking,4,2024-11-13,ممتاز,Positive
2b9f9577-27ed-4b55-9321-8ab6e8f09ee3,NBE,Banking,5,2024-11-13,جميل,Positive
84495b6a-655e-47ca-ae13-83717adb1a42,NBE,Banking,1,2024-11-13,المعاملات لا تتم اون لاين مباشره ولكن تظهر فى البرنامج بعد مرور 48 ساعه وهذا سىء جدا لا ابقي متطلعه على حسابى الا بعد مرور الكثير من الوقت لماذا استخدام الانترنت اذا لم نستطع معرفة الرصيد فى اى لحظه,Negative
d1f20bd6-0209-4590-8ae0-a30040a3f1c5,NBE,Banking,5,2024-11-13,ممتاز,Positive
e9c1a1d1-a346-4b0b-ac26-99c2322dd31d,NBE,Banking,5,2024-11-13,جميل جدا,Positive
c541dcec-cd5d-4a0f-acd6-e78e98224084,NBE,Banking,5,2024-11-13,جده,Positive
55308b72-06a4-41f9-929b-08896e8087e6,NBE,Banking,1,2024-11-13,القائمين على هذا البرنامج بهايم ولاد بهايم,Negative
0956ca59-105d-4e13-afd5-fa8abf9b13e5,NBE,Banking,5,2024-11-13,ممتاز. وبعد التحديث يجب مسح الملفات القديمة وسيتم فتح التطبيق بعدها وستختفى رسالة غير قادر على الاتصال بالخادم....شكراا,Positive
98e397ec-119d-42f7-8109-77c2df816f5b,NBE,Banking,5,2024-11-13,ممتازوسهل,Positive
ad2e003f-8d7d-4bf5-85d2-2a0da02bb6bc,NBE,Banking,5,2024-11-12,جيده,Positive
adb73a9d-90d0-464c-84ec-9646489a2dca,NBE,Banking,5,2024-11-12,ممتاز جدا,Positive
4ceb7eb7-ddb5-4afd-b0bb-120f85946119,NBE,Banking,3,2024-11-12,جيد .,Neutral
06543444-61fd-432b-bafb-8903c056d55a,NBE,Banking,1,2024-11-12,كان بيشتغل كويس و بعد ماطلب منى تحديثه مش بيشتغل و بتظهر رسالة rooted device is not supported رغم انى معملتش اى حاجة غير انى حدثته من جوجل استور و كلمت خدمة العملاء بيقولوا المشكلة من الفون بتاعى .,Negative
08f1628f-1a5a-4ad9-b51a-7818a5d0f3bc,NBE,Banking,1,2024-11-12,تأخير في حل مشكلة الفيزا، ووضع قيود غير منطقية علي الاستخدام خارج مصر,Negative
6e7433c1-7210-43b6-8808-910c6e379c8e,NBE,Banking,1,2024-11-12,يظهر رساله ديت rooted device is not supported,Negative
3714a132-c1b4-4b10-a8ae-5d90857163a1,NBE,Banking,5,2024-11-12,كويس امان,Positive
8fdfc943-dcdc-41c2-b281-2e650724ed5a,NBE,Banking,5,2024-11-12,جميل,Positive
50d09bfa-173a-469e-b252-47cf79af67fd,NBE,Banking,2,2024-11-11,بطيئ جدا واحيانا لا يعمل,Negative
df37a45c-a87e-4e94-8555-0b5830e78de0,NBE,Banking,4,2024-11-10,برنامج منظم وعملي بس تقيل,Positive
5513fb01-0c52-4f9d-a3e9-7e655aea0b33,NBE,Banking,1,2024-11-09,عندي فيزة مرتبات وحملت تطبيق أهلي نت وعملت حساب في فرع البنك الاهلي ديرب نجم ولاكن تحويل الأموال مثل فودافون كاش أو دفع فواتير أو شحن الرصيد ليا أو للغير غير مفعل برغم إن الفيزا فيها 248جنية خدمات المدفوعات لا تعمل برجاء حل المشكله,Negative
c109f96f-bdf0-427b-bdb0-0aff714a7847,NBE,Banking,4,2024-11-09,اتمنى أضافة خاصية nfc لتفعيل الكروت عن طريق التطبيق وتطوير المنظومة لخدمات أخرى,Positive
a5254a85-07b1-4d34-83a5-0e5aff27710d,NBE,Banking,1,2024-11-09,دي اسوأ تجربه ليا مع اي خدمه عملاء ف العالم,Negative
98955076-4839-49a8-8f8d-da4bfa4cc144,NBE,Banking,5,2024-11-08,مصطفي على شرف,Positive
edbaf0ed-85ba-4abc-84f3-5145b865b84b,NBE,Banking,1,2024-11-08,اسوء البرامج استخدمته ما فيش اي استجابه من بعد التحديث الاخير,Negative
985ad629-48fc-414b-abed-faf40d0f4e5f,NBE,Banking,5,2024-11-07,سعيدالهجرسى,Positive
f880f4b1-c6bb-4841-989f-ce203b90347d,NBE,Banking,5,2024-11-06,جيد حقآ,Positive
0b4e0db7-e93b-4207-8fda-bca9eea875b3,NBE,Banking,5,2024-11-06,ممتتذ جدا,Positive
a9ef65cf-f902-40ac-90c9-ffb199dfdbca,NBE,Banking,2,2024-11-06,التطبيق بطئ جدا جدا جدا,Negative
938a8ee9-d951-4aa8-b970-b610d0ad75d2,NBE,Banking,5,2024-11-06,ممم الله محمد,Positive
066d2a6d-92a9-43d8-beef-0d65392f64c8,NBE,Banking,5,2024-11-05,ممتاز,Positive
83330053-e6ef-457e-b0a3-01078734753d,NBE,Banking,1,2024-11-05,خدمات زي الزفت ومكن اي تي ام عطلان كتير,Negative
7c0fc075-4c6e-449c-812c-0856bf93d88e,NBE,Banking,5,2024-11-05,البرنامج كان شغال كويس جدا والان لا يعمل وتجيني رساله لا يمكن الاتصال بالخادم فما السبب لاني بالخارج واعتمد عليه في الاستعلام عن الحوالات الدوليه,Positive
16e021fb-74d0-461e-a8d2-f3b0623418b5,NBE,Banking,5,2024-11-05,جيد جدا,Positive
c8594823-f3ed-47b7-96af-775df4625bff,NBE,Banking,1,2024-11-05,لا انصح بالبنك الاهلى حيث غير قادر على حل المشاكل للعملاء وتواجهنى مشكلة من شهرين والحساب متوقف بدون وجه حق ومدير الفرع مريح دماغه وشكاوى رايحة وشكاوى جاية والله المستعان,Negative
c1102f7f-793d-4555-b46e-aa4caf1d0011,NBE,Banking,1,2024-11-05,بعد آخر تحديث أصبح لا يفتح إلا بعد عذاب,Negative
c2b7f1fb-7c1d-4252-8b3d-0ee3e109b050,NBE,Banking,5,2024-11-05,ممتاز,Positive
324aa868-4139-49dc-96dd-b0b49ea0c258,NBE,Banking,2,2024-11-04,كنت اعتبره جيد، ولكن للأسف يزاد سوء، خصوصا في التعامل مع كبار السن. سألغي التعامل مع التطبيق ومع الاهلي فون كاش.,Negative
037e25ee-229c-40e1-89ab-c437106e403c,NBE,Banking,5,2024-11-04,رائع جداً,Positive
dc09d9a5-6784-4ec9-a6fa-4a2a9bc3fe63,NBE,Banking,1,2024-11-04,التطبيق لا يعمل اطلاقا ايه السبب,Negative
f88acd84-ba63-46f0-ae62-47615c1e4e02,NBE,Banking,1,2024-11-04,التطبيق لا يعمل نهاااااااااااااااااااااااائيا حتي بعد ما حذفته وقمت بتحميله مره اخرى,Negative
caf78d7b-14e1-4fce-903b-3c74693f819b,NBE,Banking,1,2024-11-04,سئ جدا مش بيفتح معايا,Negative
6ec443db-e6f8-4c70-92e8-324ed38ea5f4,NBE,Banking,1,2024-11-04,اغبي ابليكيشن تعاملت علية بجد مش فاهم يعني اي البنك الاهلي ويبقي ال app فية بالمستوي ده بجد حاجه قمه في الاستفزاز,Negative
6f2e4a34-321a-489e-8763-2a6e02fc7d3d,NBE,Banking,1,2024-11-03,البرنامج مش شغال حذفته ونزلته تاني برضو نفس المشكله ارجو الاصلاح من كفاءة التطبيق,Negative
53329ce8-5209-441e-817e-62b919c2b5c6,NBE,Banking,3,2024-11-03,جيد,Neutral
fefcacb7-8f91-458b-b7af-863f2d04c741,NBE,Banking,5,2024-11-03,Ok,Positive
aa6bf3f5-4a4d-4499-84b6-57ca68e2d7b0,NBE,Banking,5,2024-11-03,رائع,Positive
e2026bc9-5632-4728-8522-bf05433cae09,NBE,Banking,2,2024-11-01,بطئ جدا,Negative
e48f0dd9-bbe5-40a7-acbf-f9c7614e1ab0,NBE,Banking,1,2024-11-01,ابلكيشن لا يتوافق مع بنك حاجه سيئة جدا بصراحه,Negative
a6530ac5-ed99-44ae-a934-5b3c89b6b4bd,NBE,Banking,5,2024-10-31,جميل جدا,Positive
c4d013d9-8fa8-4719-bc9d-ad17fb136c9a,NBE,Banking,1,2024-10-31,البنك نفسو عندو مشاكل يعنى اى عمليه إيداع خطا وده من عندهم بيزلو العملاء علشان يرجعون الفلوس ليهم تانى بتاخد وقت طويل وده تقصير منهم اداره فاشله,Negative
4b16675d-9d46-4286-9267-c6bf77a34c66,NBE,Banking,4,2024-10-31,التطبيق ممتاز بس ياريت اختصار خطوات اختيار الدخول بالبصمة مش لازم كل مرة اختار تسجيل الدخول وبعدين اختار المصادقة البيومترية المفروض التطبيق أول لما يفتح يطلب البصمة على طول زي باقي التطبيقات أرجوا الإهتمام بتعديل برمجة التطبيق للتسهيل على العملاء وشكراً,Positive
9b5d891d-df46-470d-82c7-e0fc553d9960,NBE,Banking,1,2024-10-31,ما يفتح ورستارت الفون اكتر من مرة واعادة تحميل اكتر من مرة ولا اجد اى تعديل ياريت حل للمشكلة,Negative
2ade3ffe-808f-4de8-9926-a95691ae2e27,NBE,Banking,1,2024-10-31,مش عاوز يشتغل معاي,Negative
82f3f6d5-a094-43b2-9d55-c5733e7e6450,NBE,Banking,1,2024-10-30,التطبيق سيء جدا بسجل ف الخدمه و بسجل بيناتي و تظهر رساله باعادة ادخال الرقم القومي و جربت ب رقم جواز السفر و برضه نفس المشكلة تتعاد تاني بقالي كام يوم.ع.الوضع داا ؟؟؟,Negative
34070564-3e78-4535-87fe-42fdb3021ba3,NBE,Banking,1,2024-10-30,سيء جداً,Negative
ccf048a5-6216-4738-98c9-1c59d46e0b81,NBE,Banking,5,2024-10-30,لتبغ,Positive
578470cc-0b01-49c3-8b93-d4eee37db87c,NBE,Banking,5,2024-10-29,عايز يتظبط مش بيفتح,Positive
4a460244-20f8-46fc-bd7c-002cda132a16,NBE,Banking,1,2024-10-29,برنامج فاشل كل دخلت مرة وبعد شوية طلع ومش بيفتح تاني تظهر رسالة لي هناك شي خاطي يرجي المحاولة في وقت لاحق فاشل فاشل,Negative
6a95f7c2-e537-4f12-85b0-63fd243a2b8f,NBE,Banking,5,2024-10-29,معلق الابلكيشن,Positive
382d6d8b-be17-4ccb-be1c-e61db3df8090,NBE,Banking,5,2024-10-28,جيد جدا,Positive
c48e7c38-ddbf-46c4-a91c-82b2fee4124c,NBE,Banking,1,2024-10-28,التطبيق كان شغال بشكل جيد لكن الأن لايفتح نهائيا ويعطيني رسالة roted device is not supported على الرغم مدعوم بشكل كامل على جهازي ارجو من سيادتكم بسرعة اصلاح هذا العطل,Negative
ab9a40f2-73ab-4313-a044-68206bb2c742,NBE,Banking,1,2024-10-28,زفت ولا له أي لازمه,Negative
5d751d69-1fe5-426f-af04-0cd0a53e3726,NBE,Banking,5,2024-10-27,ممتاز,Positive
dd0064d1-cdac-4e85-b293-894f78eb24f8,NBE,Banking,5,2024-10-27,ممتاز,Positive
7ad0571f-a68b-4cd7-9582-a9123db02c16,NBE,Banking,5,2024-10-27,تم,Positive
45e22896-580e-40be-9c70-16af2861c364,NBE,Banking,5,2024-10-27,تطبيق اكثر من رااااااااائع,Positive
18e22cd2-c728-4d41-a79b-77b6cad678a9,NBE,Banking,1,2024-10-26,البرنامج مش راضي يفتح,Negative
d461ba47-620a-4a41-bffb-f8f999f2930b,NBE,Banking,1,2024-10-26,التطبيق لا يعمل علي موبايل oppo A54 مع العلم مسحته ونزلته اكتر من مره ولا يفتح برجاء الافاده والعمل علي حل المشكله,Negative
9b7b006e-99d1-4640-b213-1d6af74374a6,NBE,Banking,5,2024-10-26,ممتاز,Positive
65e7638e-5adb-4aad-8f0b-8b89ef35a161,NBE,Banking,1,2024-10-26,بطيء جدااا,Negative
6acadbca-b490-4cea-9236-0c37d43f2fee,NBE,Banking,4,2024-10-26,جميل جداً,Positive
0449ce0a-0644-42de-972f-4649c4353521,NBE,Banking,1,2024-10-26,تطبيق زبالة بحط كلمة المرور الصحية بيرفضها كلمة زبالة قليلة عليه,Negative
ff45af42-e167-455e-8015-207e3ccd42df,NBE,Banking,1,2024-10-26,للاسف مقابل برامج البنوك الاخرى لايستحق اكثر من نجمه وللعلم البرنامج لا يعمل الان,Negative
95e0831e-bd7f-4f29-ae23-b69f952650b4,NBE,Banking,5,2024-10-25,ممتاز جدا,Positive
c1de62fd-8781-451a-96fe-7f5c7bc6fecd,NBE,Banking,1,2024-10-24,بيظهر رسالة Rooted deivec is not supported ومش بيفتح صفحه تسجيل الدخول,Negative
115d8888-5d52-45a4-a41c-9bedc20e2671,NBE,Banking,5,2024-10-24,ممتازط,Positive
82f70ebc-57f6-4f9f-9f75-77562e2fa15e,NBE,Banking,1,2024-10-24,تطبيق زفت ولا ليه اي لزمه,Negative
e588ba61-ff35-4769-b1ec-af54023e80d4,NBE,Banking,5,2024-10-23,👍👍👍,Positive
f3313108-8443-44fd-b50d-57934cf4e437,NBE,Banking,5,2024-10-22,ممتاز,Positive
2a4bb95d-a490-4806-a4ef-692c9cb9fea4,NBE,Banking,1,2024-10-22,التطبيق لا يعمل على موبايلي ونوعه huawei y7 prime,Negative
d78beef1-79b3-4bed-aab6-5a74c059d080,NBE,Banking,5,2024-10-22,ممتاز,Positive
f51591d2-1df2-4080-839e-76535f6104fa,NBE,Banking,1,2024-10-21,تطبيق شىء جدا,Negative
24c64c5d-6e08-4ebf-8b25-25c333c5bb50,NBE,Banking,1,2024-10-21,ارجو حل مشكلة رموز الامان يحتاج لهاتف اخرى او كمبيوتر لتصوير البارك الخاص به,Negative
8f55e160-f6f8-4979-9444-39b6146ec8db,NBE,Banking,5,2024-10-20,رائع,Positive
966591d1-b4e6-4dd9-bd88-b46f82a43e9b,NBE,Banking,5,2024-10-20,جيده جدا,Positive
b9b13f64-83b8-45ed-888d-75f8f46865c4,NBE,Banking,5,2024-10-19,رائع ولكن بطئ جدا وخصوصا ياريت تعديل عدم غلق حساب الدخول عند إدخاله أكثر من مرة خطأ لصعوبة التواصل بخدمة العملاء,Positive
c3aca1aa-489e-4a40-8818-a2bb17c37f0d,NBE,Banking,1,2024-10-18,التطبيق سئ ولا يعمل,Negative
4576c428-0d76-44a5-b5f3-646378d8a38a,NBE,Banking,1,2024-10-18,مش بيرضي يسجل وخدمه العملاء من اسوء ما يكون,Negative
0edb79df-3fca-4752-87ee-f695f3a78657,NBE,Banking,1,2024-10-18,للاسف بعد تحميله من جديد تجد رساله rooted device is not suppoted ولايفتح نرجو الافادة بالحل,Negative
07d96106-207a-4233-9be5-4d25679d2eeb,NBE,Banking,4,2024-10-17,الله يحب الجمال يحب الله يحب مياره,Positive
25d70210-0ebb-4b11-aacf-2b44adcaedeb,NBE,Banking,3,2024-10-17,قث٢^ ٢,Neutral
5d7ca95c-b5dd-4021-94e8-8d3172bb383c,NBE,Banking,1,2024-10-17,لم ارى في حياتي اسوء من هذا التطبيق,Negative
1557ac1f-47bf-4d24-ba5f-b417813e3bb6,NBE,Banking,5,2024-10-17,كويس,Positive
e306036b-4bfd-47ab-800f-8c813c64df37,NBE,Banking,1,2024-10-17,أبليكيشن ذي الزفت ارحموا ميتين أبونا والنبي,Negative
73f65d30-c32b-485b-ae2a-829e443ed045,NBE,Banking,1,2024-10-16,التطبيق زفت ومش بيفتح خالص ليه مش عارف مسحناه ونزلناه تاني نفس المشكله,Negative
9cfd30c1-0d3c-4fe9-9177-0829ad712407,NBE,Banking,5,2024-10-16,جيده جدا,Positive
091483ae-abb5-46a6-a919-2372395f80e5,NBE,Banking,1,2024-10-15,التطبيق مش بيفتح ليه عملت تحديث بردو مش بيفتح,Negative
8f622e3d-171b-46ed-8b9a-497e777b2dcf,NBE,Banking,5,2024-10-15,تطبيق ممتاز,Positive
ef60bec8-f004-422e-8ebe-7c419d7343ed,NBE,Banking,1,2024-10-15,ايه مشكلة التطبيق انه ميفتحش ويقولك الجهاز غير معتمد رغم التطبيقات كلها شغاله عندي,Negative
8e2b28bf-db9a-42d5-ac34-503253c0c929,NBE,Banking,3,2024-10-15,أصبح.احسن.الان,Neutral
de7adefa-64c0-48d3-83a9-2561a7a35bcd,NBE,Banking,1,2024-10-15,البرنامج لا يعمل 🤷 لما اكون عميل اول مره استخدمه وجاي اتبع خوات ميكونش شغال الحل اي 🙄,Negative
87da2b42-5371-474c-ac32-f2d5774d6a84,NBE,Banking,3,2024-10-15,اتمني أنه يبقي شغال سريع علي طول,Neutral
7912d681-b906-4baa-9c9b-f56a0a4e433b,NBE,Banking,1,2024-10-14,برنامج سيئ جدا واساسا البنك نفسه بنك سيئ عشان عارف ان خدماته سيئه ومبيحسنش الخدمات,Negative
b3c68007-97a6-4bbd-b9fc-4a8d0c9a5fee,NBE,Banking,1,2024-10-14,تطبيق سيئ جداً للاسف,Negative
f648a46b-d637-42cd-9b29-157ca0b3d92e,NBE,Banking,5,2024-10-14,برنمج راع,Positive
bc1eb66c-2e57-44bc-abe2-55d9027271ef,NBE,Banking,4,2024-10-13,جيدة,Positive
a1dbba62-611e-47d4-89f2-e90e6d535a49,NBE,Banking,1,2024-10-13,فاشل مش بيفتح من ساعه ما حدثته اخر تحديث,Negative
c82bad69-8489-4e51-bf89-2938b002998e,NBE,Banking,5,2024-10-13,ممتاز,Positive
51c7092b-c42d-47cb-88c6-00162420e18e,NBE,Banking,1,2024-10-13,يعني ايه برنامج في دوله عربيه و90٪من المستخدمين لا يتكلمون الانجليزيه واي ميزة هناك برامج اخرا تقدم اضافات افضل واقول لمأسس هذا التطبيق اننا حقا في 2025وانت جاي من سنة 2006لسه العلم تطور يا بيه,Negative
ac7261e2-dea8-44b2-bac9-780012120950,NBE,Banking,1,2024-10-12,تطبيق سئ جدا لايفتح والله خساره فى نجمه,Negative
f6808033-9b7a-44cf-b015-6d89f96a2abb,NBE,Banking,1,2024-10-12,النجمه خساره فيه,Negative
8b9d2792-10d2-4861-b9ea-6e1225192613,NBE,Banking,1,2024-10-12,لا ياخذ اى شى تطبيق سئ البيانات صحيحة ويقول ليست صحيحة محتاج مراجعة,Negative
06a1d46f-227c-4194-89b7-4ea60ec226c3,NBE,Banking,4,2024-10-11,ابانوب ناصف,Positive
5c54070c-08c2-4c05-ac4d-a6e2e2a2e5b0,NBE,Banking,1,2024-10-10,برنامج زباله حتى الفشل في تطبيق مش عارفين تعملوه كويس,Negative
252592c5-cd7d-478d-9f95-d885b063dafc,NBE,Banking,3,2024-10-10,أحيانا يتعطل,Neutral
a24c45bb-2402-4f27-9f95-372392c38d82,NBE,Banking,1,2024-10-10,برنامج عقيم جدا,Negative
561a5225-a069-49e9-acb0-c496d05b9c88,NBE,Banking,2,2024-10-10,انيستا باى افضل بمراحل بضين جدا البرنامج,Negative
1f0044fe-f64c-4685-b8b9-202050135145,NBE,Banking,1,2024-10-10,تطبيق فاشل لا انصح بيه,Negative
725731a5-3c02-4a77-9327-8b178bb3c76e,NBE,Banking,1,2024-10-10,وحش جدااااااااااااااااااا وكل مره لازم نمسحه ونحمله تاني,Negative
7f364adf-c10b-4540-b963-bc3dfcec0007,NBE,Banking,1,2024-10-09,التطبيق لم يفتح,Negative
78012ddc-919c-40d4-8fc8-1b0a7f11fd6f,NBE,Banking,2,2024-10-09,التطبيق بطئ جدا جدا بتحميلة,Negative
4b463d99-8f00-4ea7-89c6-8c1eed686ac0,NBE,Banking,1,2024-10-09,الابلكيشن سيئ جدا ف التعامل وعلطول بيطول ف الفتح وبياخد وقت عشان تدخل ع ايكونه معينه,Negative
1b6e4c08-7453-4e14-bdc0-918d3007bd89,NBE,Banking,3,2024-10-09,هو تطبيق كويس شويه لان اللى بيشتكى من عدم الاتصال بالخادم ده تطبيق مش بيفتح غير من شبكه نت نفس الرقم اللى متسجل لدى البنك حفاظاً على الامان للحساب,Neutral
b1d7b538-0a49-4831-9ae3-7ce5463c2bf7,NBE,Banking,1,2024-10-09,تطبيق سيئ ومعقد وكان من الممكن ان يكون ابسط وافضل من ذلك,Negative
9b92a037-c460-491d-8f48-f6d05df3047b,NBE,Banking,3,2024-10-09,كويس جدا,Neutral
8296f4a2-96e1-43c0-b368-56654fa1a620,NBE,Banking,1,2024-10-09,سئ,Negative
48533feb-33da-45d7-ac80-ea93568a46a2,NBE,Banking,5,2024-10-09,روعه,Positive
1f7e2386-6dfc-4822-9390-d9f7087c8296,NBE,Banking,1,2024-10-09,ممتاذ,Negative
f94d1f97-897f-4791-8299-c11e9f606f3f,NBE,Banking,1,2024-10-08,انتم عايشين في العصر الحجري ....التطبيق لا يعمل,Negative
0d4b18a1-3c41-401b-83a6-e7f0a7616fb1,NBE,Banking,5,2024-10-08,حلو,Positive
cbc06e1a-1fc1-4ae4-b847-4e9d75bef6de,NBE,Banking,1,2024-10-08,التطبيق بعد التحديث الاخير مش راضي يفتح بيقولي تعذر الاتصال بالخادم,Negative
1c353b9d-d52b-4853-a5b1-b8dcec483b87,NBE,Banking,1,2024-10-07,حتى النجمة كتير عليه تطبيق مبيقدمش اي دعم ولا فيه اي حل من الصبح بحاول فيه عشان بس اعرف احول لحساب اخر ازاي ولا فيه اي نتيجة و تيجي تعمل حاجة لو ظبطت عشان تأكدها تلاقي التطبيق واقف ولا فيه اي استجابة، منصحش اي حد انه يحمله خصوصا اللي عندهم مرض الضغط,Negative
f05a5221-a086-476a-864a-5a5e551bb607,NBE,Banking,5,2024-10-07,رائع,Positive
3c47e469-4d8d-4a22-a848-07ad97e0b4f0,NBE,Banking,1,2024-10-07,التطبيق أصبح لا يستجيب لأي شيء,Negative
7ee41528-aa59-46fb-b9dc-e9fce2a080a6,NBE,Banking,1,2024-10-07,الابليكشن مش راضي يفتح عندي خالص اي السبب,Negative
a065a424-abe4-4ba3-924d-88777b2c665c,NBE,Banking,1,2024-10-06,تطبيق سئ وعقيم جدآ جدآ جدآ لا يستحق النجمة لكن يستحق الحذف,Negative
f84f9264-4e14-4b72-ba5a-99b4535ca5a1,NBE,Banking,5,2024-10-06,تطبيق ممتاز,Positive
9fdbc588-d3aa-4310-9f0c-1edb2a1f7470,NBE,Banking,4,2024-10-06,جميل,Positive
544ddb78-5da1-4a87-b430-8c781a376df5,NBE,Banking,5,2024-10-06,ممتاز,Positive
4c651ef2-352a-4a81-9df5-e993d1fefd7d,NBE,Banking,5,2024-10-05,رائع,Positive
fc436ac1-60d3-4614-af05-1e0a038c3e40,NBE,Banking,1,2024-10-05,بنك زبالة 3 ايام معايا الفيزة ولسة لحد دلوقتي مش عارف اسجل الكرت علي البرنامج بسبب ان لسة الكرت مسمعش في البنك,Negative
eddf9fcd-cd36-4bb7-8e57-7eeb7eb6f86e,NBE,Banking,1,2024-10-05,الربرامج يكت لايسطتيع الاتصال بلخاد م رغم ان النت شغال,Negative
b26662d4-d4a3-439a-9de1-96819276dff2,NBE,Banking,1,2024-10-05,تطبيق سئ جداااا وكثير المشاكل يا ناس كرهتونا في البلد وفي البنوك وفي كل حاجه ربنا يرحمنا منكم,Negative
9341b88e-87c8-412f-a328-f63edadc49e7,NBE,Banking,1,2024-10-04,Rooted device is not supported كل َافتح التطبيق تظهر الرسالة دي ومش بيفتح، ايه المشكلة؟؟؟,Negative
8d040082-38b6-495c-8a89-d11d1aaf4e90,NBE,Banking,1,2024-10-04,تم الحذف,Negative
1a5ee820-efdd-47ec-9012-011cfd0895d6,NBE,Banking,1,2024-10-04,تطبيق ضعيف لا يتناسب مع كيان مثل البنك الاهلي,Negative
a43f08dd-b9c3-4913-8770-775879fd7370,NBE,Banking,4,2024-10-04,جيد جدا,Positive
adf616e7-c38e-49ee-8c40-a5677f45867b,NBE,Banking,5,2024-10-04,جيد جد ولا حول ولا قوه الا بالله,Positive
ccd1d7bb-a917-4f4a-b08c-5b945370aa99,NBE,Banking,1,2024-10-04,تطبيق سئ جدا يجب ان يكون سهل التعامل وارسال الى الحسابات الفرعيه والعكس يجب ان يكون مثل انستا باى,Negative
09554052-1409-4ed6-9962-b527e7a97544,NBE,Banking,5,2024-10-04,ممتازة,Positive
cca17eed-1a78-43d5-a1c6-1ea4aeee41ad,NBE,Banking,5,2024-10-04,هنا مخطط مخطط,Positive
7696831e-6d3f-45a4-8c6e-89631193aadb,NBE,Banking,5,2024-10-03,ممتاز,Positive
7d759de6-24b9-4a6d-9e63-71a2cda7d93e,NBE,Banking,1,2024-10-03,للاسف البنك الاهلي بقي زباله اسوا بنك في مصر وحرامي والخدمة بقت اسوا,Negative
e49f02b2-408a-4a05-a7b0-6e609b1425b3,NBE,Banking,5,2024-10-03,تطبيق ممتاز وسهل الاستخدام، ويلزم التطوير المستمر لمواكبة التطورات المتسارعة في عالم التكنولوچيا ، شكرا للقائمين علي هذا التطبيق، ومزيد من التقدم,Positive
d25c1390-a98f-410a-a3cb-c9718c8c1b75,NBE,Banking,2,2024-10-03,البرنامج لا يعمل على poco x3 pro وتظهر رسالة rooted device is not supported والجهاز مش معمول ليه روت,Negative
0d959415-2eb8-478c-9f8a-c96652e82c39,NBE,Banking,1,2024-10-03,التطبيق سىء جدا و لا يفتح,Negative
aab6ddf4-5f0a-43c0-bbd7-4d117e2cb22e,NBE,Banking,5,2024-10-03,برنامج رائع,Positive
33355923-458d-4aff-a24f-cca465630704,NBE,Banking,4,2024-10-02,جيد جدا,Positive
bd8a05e1-5200-4a0b-befd-0314147d32c2,NBE,Banking,5,2024-10-02,ممتاز جدا,Positive
363f8ad4-3c0f-449d-8f3f-ea7767aaee5c,NBE,Banking,1,2024-10-01,تطبيق سئ جدا لما دي تكون واجهة لأكبر بنك في مصر,Negative
636d9894-75ed-433d-bf85-e181b9576e0f,NBE,Banking,1,2024-10-01,سئ جدا لم يعمل ولم يفتح,Negative
6551584f-27cb-4e5b-b97d-93f6930150be,NBE,Banking,5,2024-09-30,كنت عاوز اعرف أي تطبيق للبنك الاهلي المصري بيشغل كارت ميزة شكرا جزيلا,Positive
f8fe505b-2448-4e4b-9e61-692eafd94559,NBE,Banking,1,2024-09-30,المعاملات لاتظهر غير بعد يومين تطبيق سيئ,Negative
5a026a0a-0e71-4e02-be22-b36323eb4c6e,NBE,Banking,5,2024-09-30,ممتاز,Positive
57fdbe0d-0917-468f-947f-5f388d1082da,NBE,Banking,1,2024-09-29,تطبيق مليان اعطال,Negative
39f5819e-7234-4937-a8f6-d4329fa5965d,NBE,Banking,1,2024-09-29,برنامج فاشل ومش عايز يشتغل,Negative
928f1115-a447-49ea-8e56-c1bb24b49600,NBE,Banking,1,2024-09-29,تطبيق سئ وبنك سئ وخدمة سيئة من اسوأ لاسوأ,Negative
d4a17f3f-1de5-40c6-ab1a-ef8812604c04,NBE,Banking,1,2024-09-29,مفيش أي تطوير في برنامج لبنك المفروض انه من اكبر واقدم البنوك في مصر والوطن العربى تطبيق سئ جدا على مستوى الواجهة والامكانيات,Negative
c8209fa8-6617-42c9-b75c-d8e9ef4d2bd7,NBE,Banking,5,2024-09-29,Good,Positive
f5528c24-a4d4-4cc6-99cc-a82fa8f8e0a9,NBE,Banking,5,2024-09-29,ممتاز,Positive
f9f05f1f-49af-414c-8409-b8f4b85413a4,NBE,Banking,5,2024-09-29,شكرا للبنك الاهلي المصري ، اهل مصر 👌🙏,Positive
2bc4da89-b2cb-40b7-a19e-d270d1748419,NBE,Banking,1,2024-09-28,مش عايز بفتح معايه كل مافتح يقول خطأ ممكن الحل,Negative
a391bfe0-522b-4b96-8e1b-77c91e56d02f,NBE,Banking,1,2024-09-27,سئ جدا جدا,Negative
514eddf5-3777-46f4-be0a-8c3b27cdd8d5,NBE,Banking,1,2024-09-27,التطبيق بطئ جدا وما بيفتحش مع العلم ان بتم تحديثه,Negative
6b7ac769-d8b2-404d-9167-e3067e8b62b3,NBE,Banking,1,2024-09-27,برنامج سيء جدا دخلت البيانات صح وهوا غبي مش عاوز يشتغل,Negative
7f49dd78-6519-403c-a66a-f3866e9b63a6,NBE,Banking,5,2024-09-27,تطبيق جميل سهل الاستخدام وأمان 100٪,Positive
78bb93fd-b458-459e-90ca-db25e29cb9c0,NBE,Banking,5,2024-09-26,ممتاز,Positive
18552bf2-5151-4e91-8d47-8d71651e7894,NBE,Banking,1,2024-09-26,لم يظهر لي الحساب التجاري في التطبيق ولم اعرف ما هو الحل,Negative
93b77ed7-daf4-45cf-9c88-032d7366d90c,NBE,Banking,1,2024-09-24,تطبيق متخلف,Negative
7435f2d2-e82c-4e6e-8052-d083fccb8eea,NBE,Banking,1,2024-09-24,ابلكيشن حقير ..دا لو ينفع يتقال عليه ابلكيشن اصلا,Negative
0aa0d30c-7d64-4a0e-911c-96aa6365683d,NBE,Banking,5,2024-09-23,"استخدم رمز ""التعديل"" لتثبيت المقاطع أو إضافتها أو حذفها.‏مرحبًا بك في حافظة Gboard، سيُحفظ أي نص تنسخه هنا.",Positive
f429608c-c6fe-4816-bad1-eeaacca17d03,NBE,Banking,5,2024-09-23,هايل,Positive
cf12eda4-86af-45ca-a15b-a16bccf8d203,NBE,Banking,5,2024-09-22,ممتاز وسلس ومفيد,Positive
c53bfd04-f5c7-4799-b8de-5b441445dd07,NBE,Banking,2,2024-09-22,كانت معاملات الماليه يتم إرسال إشعار بها على رقم هاتفى أما الآن فلا,Negative
71a8da3c-25f4-4a7e-8ae4-fa2b24a2a6a5,NBE,Banking,5,2024-09-21,البرنامج لا يعمل,Positive
6ba99c08-416f-41b1-bbeb-4d7bf752a860,NBE,Banking,1,2024-09-21,التطبيق ثقيل جدا واحيانا كثيرة لا يعمل ما ينفع يكون هذا تطبيق اكبر بنك حكومي مصري,Negative
58dbb63b-b74c-4dcc-9af8-22d6f19f4f68,NBE,Banking,5,2024-09-21,هايل,Positive
7bda2cef-5853-433a-8661-d60969525c38,NBE,Banking,4,2024-09-20,يحتاج بعض التعديلات,Positive
2432afba-40b7-4b7a-8a95-da4a296f19ac,NBE,Banking,1,2024-09-20,سئ جدا جدا جدا,Negative
3515de33-6e32-4f91-8c4f-b9fbe1a12c32,NBE,Banking,5,2024-09-19,رائع وسهل الاستخدام.. يوفر الوقت والمجهود.. معظم المعاملات المصرفية تتم دون الحاجة للذهاب إلى البنك,Positive
1ebf16ec-acd2-44a5-80c3-26ba5504b7f3,NBE,Banking,5,2024-09-18,ممتاز جداً,Positive
663fd796-15a0-42ee-8a53-86994ee6f5e3,NBE,Banking,5,2024-09-18,رائع,Positive
a3b7f137-6414-46e3-b38d-08fa91d277c8,NBE,Banking,5,2024-09-18,مماز,Positive
49c23625-e457-4f35-9234-0b24cdd741aa,NBE,Banking,5,2024-09-18,ممتاز,Positive
135f276a-d022-4c4b-8c81-d25e08141d48,NBE,Banking,5,2024-09-17,اختيار موفق,Positive
45514695-9459-4ecb-8fc0-fa384b4800ed,NBE,Banking,1,2024-09-17,التطبيق لا يعمل الأن,Negative
d21787e9-6b81-452a-8cd5-cb335b942542,NBE,Banking,5,2024-09-17,♥️,Positive
f26e4c55-ad65-41b3-90e8-c9dd881ca97e,NBE,Banking,5,2024-09-16,راااااائع,Positive
b3d22b06-d120-4658-976e-cfdc41879e5d,NBE,Banking,1,2024-09-15,تطبيق سئ جدا مش بيفتح شيلته ونزلته تاني نفس المشكله بيكتب غير قادر علي الاتصال بالخادم,Negative
a16a4d29-be47-46d6-91e3-ab4a75daa2b0,NBE,Banking,5,2024-09-15,ممتاز,Positive
07eaa8f0-08be-4f2c-99ec-335e590fb34a,NBE,Banking,5,2024-09-15,تتت,Positive
61b10c64-1394-4940-bd26-bfa0a43ceaa2,NBE,Banking,3,2024-09-14,بطيئ جدا وغير عملى,Neutral
6fbcfde2-06c7-421c-a46e-fd557a3c98b1,NBE,Banking,5,2024-09-14,ممتاز و رائع جدا,Positive
bed75442-9c75-4014-9797-9c8a0f25dfc2,NBE,Banking,5,2024-09-14,تطبيق جيد عقبال الموظفين,Positive
95ecdf27-af52-4e28-91af-29751c81b996,NBE,Banking,5,2024-09-14,تم,Positive
d4923830-b594-4fc0-8d31-cfb64892cd38,NBE,Banking,5,2024-09-13,ممتاز جدا,Positive
7b25d15f-1463-4d4d-847e-7f0036862484,NBE,Banking,5,2024-09-12,تطبيق رائع وجميل وعظيم,Positive
79212cf0-ee39-484e-a8da-1dc7987d60aa,NBE,Banking,5,2024-09-12,أفضل بنك فى مصر و فعلا بنك أهل مصر,Positive
44a59f8d-a20b-4765-b08f-204d096555bd,NBE,Banking,1,2024-09-11,التطبيق مش عايز يفتح على الموبايل وبتظهر رساله التطبيق لا يدعم الهاتف مع العلم إن الفون على أندرويد 12 ونوع الفون Poco M3,Negative
fffbd942-ff0f-4938-97c8-b8ba34a40d28,NBE,Banking,1,2024-09-11,البرنامج سئ مش بيفتح خالص وكلمت خدمه العملاء محلش المشكله,Negative
2e641dc7-03ce-4ecc-8434-c30c1b2f91aa,NBE,Banking,5,2024-09-11,ممتاز,Positive
02ffd870-bf35-4213-b29b-72d8778d7e89,NBE,Banking,3,2024-09-11,حلو بس العيب اللي فيه مفهوش الابلاغ عن مشكله,Neutral
c050aa06-564e-4850-91be-1f7a0345fb28,NBE,Banking,5,2024-09-11,ممتاز,Positive
a30995c4-18e9-4aa9-be8e-28905a3d2c7a,NBE,Banking,5,2024-09-11,جيد,Positive
7b5c5105-b89f-4f6f-a213-1df8fba40c4e,NBE,Banking,5,2024-09-10,👍👍👍👍👍👍👍👍,Positive
76b2d678-cee6-475a-9296-150bbc5f3660,NBE,Banking,1,2024-09-09,ولا يستحق أي نجمه لأنه مش شغال سواء موبايلك حديث أو قديم,Negative
0250aeb3-d061-49ef-915e-ef3af6f43e37,NBE,Banking,5,2024-09-09,تحت التجربة,Positive
906d2e3d-ccaa-4da9-910d-9fe540f2bc5d,NBE,Banking,1,2024-09-09,ازاي بنك كبير زي ده و عامل تطبيق اقل ما يقال عنه انه أسوأ تطبيق شوفته,Negative
97aaa5ed-fb53-4f8c-bb66-03dfcc177acf,NBE,Banking,1,2024-09-09,برنامج سيئ جدا جدا كان يعمل على الموبايل وبعد شهرين ظهرت رسالة ان الموبايل لايدعم البرنامج ازاى وهو كان شغال على نفس الموبايل ؟؟!! يجب تغيير البرنامج مثل برنامج بنك مصر يجب على البنك الاهلى تغييره,Negative
1daa081d-8ba8-47b6-a8a8-acbc871690e1,NBE,Banking,1,2024-09-09,برنامج سئ جدا جدا,Negative
e6647e63-e85c-4046-b759-fbd866c9f487,NBE,Banking,5,2024-09-09,ممناز,Positive
deb3082e-54b2-4281-99e5-cb81ac38ea75,NBE,Banking,5,2024-09-09,ممتاز,Positive
b17c2cb6-1d70-4c24-8115-b2d03b73447d,NBE,Banking,1,2024-09-09,للاسف التطبيق الان لا يعمل بكفاءة دائما يكون غير قادر الاتصال بالخادم,Negative
68047d45-d461-41cc-b3a2-578d6e95ad6f,NBE,Banking,1,2024-09-08,برنامج سئ جدا جدا ولايفتح وكل مااجى افتح البرنامج يقول لايستطيع أن يصل باالخادك مع أن النت تمام جدا جدا نرجو لوصول حل سريع لهذه المشكله,Negative
8104f599-6b2d-4197-80ec-686f3686b01c,NBE,Banking,1,2024-09-08,أصبح غايه فى السوءاعطاله كتيرجدا,Negative
c9b5b7ea-94d6-4f95-9df5-f316d8544787,NBE,Banking,5,2024-09-07,بطيء جدا,Positive
683246dd-41c6-4240-8886-2a953ed33ec8,NBE,Banking,4,2024-09-07,٥٥٥,Positive
db3240b9-3c53-4ea8-b942-4c972efb97b4,NBE,Banking,1,2024-09-07,يغلق تلقائي ولا يقوم بتسجيل الدخول,Negative
44552b72-06b8-4996-9875-486152ca678a,NBE,Banking,1,2024-09-06,زباله,Negative
abc0c41d-f6e0-48dd-9fa8-4cce8bfeacb9,NBE,Banking,5,2024-09-05,ممتاز,Positive
fb854caf-6d20-4683-ad77-5ac06f2a53bb,NBE,Banking,1,2024-09-05,برنامج ملوش لازمه وكل ما بتسجل وتقعد ساعتين يخرج ذاتيا,Negative
ae7f85d1-c624-4559-b574-aa8fb17b73c3,NBE,Banking,2,2024-09-05,بيتعطل كتير ومش بيفتح,Negative
ef0488ea-cf23-4145-99a9-9d4ef55b3a14,NBE,Banking,1,2024-09-05,اسوأ تطبيق لا يفتح ولا يشتغل سيء سيء سيء سيء,Negative
233dd840-ad82-45e8-97db-d541edcbe56a,NBE,Banking,5,2024-09-05,تطبيق عمل بلوك اعملي حسابك فتح معايا جديد جدا احسنت القول حالك حلوة جميل جداً,Positive
c47b289e-38ee-4daf-8e97-b7f6fb5dd641,NBE,Banking,1,2024-09-04,فضييييحه تطبيق تابع لمؤسسه ماليه ميسواش اتنين جنيه وكل شويه يعلق شكلهم مبرمجينه من على جروبات الفيس بوك😡😡😡,Negative
f846799e-b4cd-4947-a316-6e63cad37d27,NBE,Banking,1,2024-09-04,تطبيق سيئ جدا كل شوية يتقفل وماينفعش تدخل عليه بجد سيء وحذفته ونزلته وبردوه سئ,Negative
81b2f345-6692-40fd-b52b-013b2b813772,NBE,Banking,5,2024-09-04,البرنامج مش بيفتح بيعطيني غير قادرعلي الوصول الي الخادم ممكن حديعرفني فيه ايه,Positive
e6b200e8-fd1e-47a4-9af6-268331d8eb9e,NBE,Banking,1,2024-09-04,التطبيق مش راضي يفتح وكل مكتب كلمه السر يقلي غلط ايه الحل,Negative
5f97c181-3435-4471-ac9a-0cc7cd2694e9,NBE,Banking,3,2024-09-04,التطبيق لا يعمل لا يمكن الوصول إلى الخادم والبنك الأهلى يقول أنه ليست هناك مشكلة ولكنى لا يمكننى استخدامه أتمنى من المطور أيجاد حل لتلك المشكلة وهى متكررة وحتى الآن مستمرة مع التطبيق,Neutral
1b975b73-97b9-458f-a67f-43af2ea37ef1,NBE,Banking,5,2024-09-04,جميله,Positive
44d7fb17-af41-454b-953f-8611ce82fb83,NBE,Banking,5,2024-09-04,ممتاز جدا,Positive
ffcbff59-6e8b-4e32-9342-7e93f98b0734,NBE,Banking,3,2024-09-04,تغير كلمه السر بشكل دورى شىء سىء يجب تفعيل خاصيه OTP مثل اي بنك ده الضمان الحقيقي,Neutral
e55de2bc-4053-44ea-b153-5b5725da8c34,NBE,Banking,3,2024-09-04,من يومين التطبيق لا يفتح والموقع ايضا,Neutral
3f29244f-2086-4025-b025-79276b5dca9b,NBE,Banking,1,2024-09-03,التطبيق لايفتح وسيء جدا,Negative
38fbd4b5-6638-463d-bdb3-e5a8dfd1ec7d,NBE,Banking,1,2024-09-03,سيء جدا جدا جدا جدا جدا جدا,Negative
73f38c01-f1f5-43dc-8c6d-f8ad27c239fb,NBE,Banking,5,2024-09-03,احسن بنك في 🇪🇬,Positive
95d06afb-5098-4404-9dd8-255084461f48,NBE,Banking,1,2024-09-03,برنامج زفت وارف و مابيفتحش والله حرام المفروض البنك يتصرف,Negative
39fbdc0a-dddd-479d-b8fb-ddf9e54ac957,NBE,Banking,1,2024-09-02,سى للغايه لا يفتح على الاجهزه الاندرويد,Negative
34e84a0e-a3a0-4366-b15b-8ef09b4fba57,NBE,Banking,5,2024-09-02,مش شغال عندي,Positive
03db5073-7837-427b-9c5b-da468d73354b,NBE,Banking,1,2024-09-02,التطبيق سئ للغاية كل شويه يعطني اعد المحاوله ولا يفتح تطبيق زي الزفت,Negative
b9ae3afd-bae1-4c7b-92f3-da398cbc3fd8,NBE,Banking,1,2024-09-02,برنامج سيئ وتصميمه سيئ يرجى تحديث التطبيق اكثر من كده,Negative
2c991f76-17f8-4bfa-a1de-eaf71b927a3d,NBE,Banking,1,2024-09-02,لا,Negative
8de49157-a7a0-4101-968e-10fe9dc20452,NBE,Banking,5,2024-09-01,ممتاز,Positive
867b71af-58e8-4449-8e55-2d4c6ea0fab6,NBE,Banking,1,2024-09-01,سى جدا,Negative
74b37083-a0d9-477b-94ae-e02b13599d0c,NBE,Banking,5,2024-09-01,تجربه رائعه جدا,Positive
f0d4ce01-c730-4373-ba42-f39c9ba7b383,NBE,Banking,1,2024-09-01,برنامج عقيم جدا جدا جدا واوحش ما يكون,Negative
52ec6a15-54c7-49ce-b72e-2c85b8974430,NBE,Banking,5,2024-09-01,ممتازه,Positive
d4099d1c-c85f-4871-aae3-93f39c3fac85,NBE,Banking,5,2024-09-01,تجربه تمام,Positive
7fb022c6-e48f-49b5-b6f1-e4908c89f108,NBE,Banking,1,2024-08-31,افشل بنك اتعملت معة من الخزنة الي خدمة العملاء,Negative
c35bcb88-f27a-4ce8-a714-7e3c903684f7,NBE,Banking,1,2024-08-31,البرنامج سئ جدا,Negative
6f6e8d36-f964-4324-88fd-51fabe4be15c,NBE,Banking,1,2024-08-31,زبااااله مش بيقبل اي بيانات,Negative
7518ac1c-8278-4ae0-9ad0-c7a41c459e75,NBE,Banking,1,2024-08-30,من فترة مش بيفتح حلوا المشكلة,Negative
9ced424b-3511-4b1e-8e21-371638e57345,NBE,Banking,5,2024-08-30,برنامج جميل وظريف والعيب الوحيد عندما نفقد كلمةالدخول يلزم الاتصال برقم ١٩٦٢٣ لاعادته رغم وجود طريقة اعادتةفى البرنامج نفسه,Positive
fdd4b988-f1a6-47c8-8f77-fc8b3928623b,NBE,Banking,1,2024-08-30,البنك الوحيد اللى التطبيق فى مشاكل ديما سئ,Negative
3f2d524c-4727-49d4-a46a-160af094e4f6,NBE,Banking,1,2024-08-29,برنامج زى الخرة مش عاوز يفتح عقيم,Negative
fe004c14-cea0-4f07-9b95-663784904264,NBE,Banking,1,2024-08-28,تجربه زى الزفت وتطبيق خساره فيه يكون لبنك محترم زى الاهلى,Negative
1474322c-9e4d-4539-aeba-45747f878fe2,NBE,Banking,1,2024-08-27,التطبيق لا يعمل,Negative
d769bd63-ba7d-44a4-bb38-ea7d67f1495a,NBE,Banking,1,2024-08-25,البرنامج كان شغال تمام من سنه فاتت حتى اليوم 25/8/2024 بقى زفت ومبيفتحش وكلمت خدمة العملاء قالوا احذفه ونزله تاني وعملت ده ومفيش فايده ولازم اروح افتح من كروم أو اي متصفح تاني ياريت القائمين ع البرنامج يشوفوا ايه المشكله ويحلوها.. وانا حطيت نجمه واحده عشان اقدر اكتب الكومنت.,Negative
14a728c1-64e7-4b6f-8af1-3dc3da568189,NBE,Banking,5,2024-08-25,وفقكم ﷲ ورعاكم ⭐⭐⭐⭐⭐,Positive
8b77546c-fca4-48d2-8218-69ed710cbbf3,NBE,Banking,3,2024-08-25,تحت التجربه,Neutral
28c39429-697a-43a3-ae8c-f0f1d4f249c0,NBE,Banking,1,2024-08-24,برنامج سيء جداً,Negative
32b2304c-5dcd-4682-bb2a-cfba7dbe387e,NBE,Banking,1,2024-08-24,انا كل ما افتح التطبيق يكتب لى rooted device is not supported من بعد ما كان شغال و حملته كذا مرة و مفيش فايدة,Negative
b97072bf-e932-42ba-ac70-631b6ae09223,NBE,Banking,1,2024-08-24,ضعيف جدااا على شهرة البنك,Negative
2f54198a-ef83-4d09-96ad-7e7322ad6888,NBE,Banking,1,2024-08-23,من أسوء و أوسخ التطبيقات بتاعت البنوك .,Negative
4f912739-e609-4e34-bdfc-e9f0d43c956d,NBE,Banking,1,2024-08-23,عقيمه من أسوأ ما شاهدت,Negative
3a14811f-6070-46aa-b630-910102f523a7,NBE,Banking,5,2024-08-23,جميل,Positive
2afb7aa8-874a-4af2-a31b-435927178f09,NBE,Banking,5,2024-08-23,تم,Positive
0b3310b6-6d08-44e2-9842-b6f42922625e,NBE,Banking,1,2024-08-23,تطبيق سئ جدا جدا جدا جدا,Negative
117e1b9a-8fa5-4525-9bf2-0ac93971533a,NBE,Banking,3,2024-08-23,التطبيق مش شغال,Neutral
04aaa06b-b0ec-4a7d-acd7-44defa0a9fa3,NBE,Banking,1,2024-08-22,سيءجدا,Negative
62a4caa5-5a66-4e23-ae1e-23c6179b8f8e,NBE,Banking,1,2024-08-21,التطبيق لا يفتح ويكتب رساله قم بتفعيل play store او قم بتحديث البرنامج برجاء اخبارنا كيفيه حل هذه المشكله,Negative
3273b923-af47-462d-965b-f70f49d9ad68,NBE,Banking,1,2024-08-21,اسوء خدمة في الكوكب,Negative
107917e7-b0dc-459b-bbfe-c01af58f3b90,NBE,Banking,1,2024-08-21,البرنامج مش بيفتح خالص لا علي بيانات الهاتف ولا علي الواي فاي إيه المشكله مش عارف المفروض البنك يشوف إيه العطل في الصفحه علشان الناس تقدر توصل لحسابها,Negative
24f2713c-2b66-4a11-9198-e9f5d6f3084f,NBE,Banking,5,2024-08-20,good,Positive
4944d08b-d75e-4fe1-bea3-4a70c82b9a1a,NBE,Banking,1,2024-08-20,التطبيق تقيل فى الشغل بتاعه وبيعلق فى بعض الاحيان ولازم الفلوس اللى تتخصم الواحد يعرف اتخصمت فى ايه,Negative
0b8ee122-0ced-4f8b-b18a-6907fcc8e663,NBE,Banking,1,2024-08-19,سئ جدا الحقيقة,Negative
8bba3897-39d4-4b81-8457-df8aaa0ed838,NBE,Banking,5,2024-08-19,جميل,Positive
09bb9274-6587-4a96-b799-96ad64d450e5,NBE,Banking,1,2024-08-19,التطبيق يصعب فتحه بسهولة في الاونة الاخيرة ولا ادري ما السبب,Negative
c110634f-51ee-4278-a5f9-6bbfc8c93960,NBE,Banking,1,2024-08-19,التطبيق لا يفتح للاسف ويظهر علامة أنه غير متصل بالخادم بالرغم من اتصال الانترنت نرجو حل هذه المشكلة سريعا,Negative
47c39a9e-7129-4a6a-b163-8e1565c9d8e5,NBE,Banking,1,2024-08-19,التطبيق فيه مشاكل كتيره جدا منها ان بعد ما فعلت الحساب على الابلكيشن مش بيفتح معايا وبيقول فيه مشكله في الشبكه,Negative
f115fd7a-28ba-42ad-9f10-2953ca6a1085,NBE,Banking,1,2024-08-19,اسوأ تطبيق وأسوأ بنك,Negative
d04abaa2-add0-457d-9599-d625a7085d05,NBE,Banking,5,2024-08-19,ممتاز,Positive
392cff62-7db6-4cf7-9028-cb5ed61346fc,NBE,Banking,3,2024-08-18,جيد,Neutral
a72be502-e9bd-466c-882b-d85b90e8a286,NBE,Banking,1,2024-08-18,تطبيق سئ مش جايب اختيار تطبيق رموز الأمان,Negative
98096b22-9137-43ac-9b19-85a0c6890f25,NBE,Banking,1,2024-08-16,السلام عليكم انا فاتح حساب في احد الفروع بمصر وقدمت علي فتح الابليكشن الخاص بالبنك حتي اعرف اتعامل مع الحساب الخاص بي وكل أملي البيانات الخاصه بي تأتي رساله تم ايقاف المستخدم وأرسلت ايميل علي ايميل البنك الخاص ولم يتواصل معي احد حتي الآن ارجو حل المشكله وشكرا,Negative
db4e5f00-5855-4ff0-9df3-088dac8fca7f,NBE,Banking,1,2024-08-16,فاشل فاشل فاشل فاشل,Negative
1df06d0a-3691-4273-a015-c39490c988a0,NBE,Banking,1,2024-08-16,مفيش اسوء من كده,Negative
48474be1-4379-43ce-bad7-3fb15a1a2bf3,NBE,Banking,5,2024-08-15,جيد,Positive
a988fbeb-88db-4e7e-8e26-5ffdd717ebb4,NBE,Banking,1,2024-08-14,هناك الكثير من الخدمات غير متوفره عبر الموقع,Negative
4fed45b0-c333-4d17-8cc1-efff26146b41,NBE,Banking,1,2024-08-14,تطبيق فاشل وكل شوية يتقفل ذاتيا,Negative
1abf0b5a-940a-47e7-b722-747906f7ecfe,NBE,Banking,1,2024-08-14,تطبيق سئ جدا حتى بعدما رحت الفرع لتفعيل التطبيق الموظف اخبرني ان كلمة المرور بعد نصف مر يومان وللآن لم تأتي اوترسل مثل ما الفيزا الموظف اخبرني بعد ٣ايام لليوم مر ١٧ يوم ولم تاتى وتتصل يكدبوا عليك بحجج فارغة,Negative
363cb942-066b-4e3f-839f-dc335c291047,NBE,Banking,5,2024-08-14,تم,Positive
a4aac553-9d09-401c-ba0e-35e48020542a,NBE,Banking,5,2024-08-13,جيده,Positive
d9aeb5a0-1d42-4e1a-af5d-f1189f8734be,NBE,Banking,5,2024-08-13,ممتاز,Positive
56787466-0a15-4fe5-9375-388d9c7be6a6,NBE,Banking,5,2024-08-13,جميل جداً,Positive
f9274f6a-2fe1-440a-9901-9df324bfdda4,NBE,Banking,5,2024-08-13,تمام 👌,Positive
da703025-e912-4f75-968a-e150526e52fc,NBE,Banking,1,2024-08-13,تطبيق سئ جدا ومش بيشتغل وكل ما اكتب كلمه المرور يقول كلمه المرور غير صحيحه وهي صح واتصلت بخدمه العملاء بعتولي رساله علشان اغير الرقم السري حتي الرساله اللي بيبعتوها التطبيق مش عاوز يقبلها بيكتب غير صحيحه,Negative
c554e452-db14-4c86-9191-3443cf73bde3,NBE,Banking,1,2024-08-12,سئ جدا ياريت يخلوه زي انستباي سهل السحب والايداع والتحويل ... صعب جدا تحول لواحد فلوس عن طريقه,Negative
1d4ad97f-08a4-4973-8e49-35ed373d6948,NBE,Banking,1,2024-08-12,تطبيق فاشل مش بيفتح وبيكتبلي Rooted device is not supported,Negative
53b894a3-c31a-4988-b8c1-cdb59e89309f,NBE,Banking,5,2024-08-12,ممتاز,Positive
ea4c61af-5f6d-44ca-a286-4b9dd1735f1b,NBE,Banking,1,2024-08-12,تطبيق لا يعمل,Negative
e0358a69-fdc0-4cf1-9d12-0192039b0707,NBE,Banking,1,2024-08-11,نرجو تحديث التطبيق والعمل على سرعته لانه بطيء وايضا تحديث الواجهه ليكون ملائم للبنك وسمعته,Negative
be48580a-4c66-4bde-a153-aed636313d27,NBE,Banking,5,2024-08-10,👍👍👍,Positive
f4cfe374-ae07-40b4-b218-7b972d41e5be,NBE,Banking,1,2024-08-10,أواجه صعوبة في استعادة حسابي منذ عام. لقد تواصلت مع البنك عبر الهاتف وزرت الفرع الرئيسي وفروعًا أخرى، لكن لم يتم اتخاذ أي إجراء حتى الآن. أطلب المساعدة في استعادة حسابي في أقرب وقت ممكن.,Negative
2bedd8af-fbab-4ac6-ae71-d3d5bbec7719,NBE,Banking,3,2024-08-10,تمم,Neutral
e4f20ce2-583a-47e9-ab61-3cc0d48ff709,NBE,Banking,1,2024-08-09,كل مرة لازم امسح التطبيق وانزلة من جديد علشان يفتح تطبيق سئ للاسف,Negative
80605ffb-53e4-456b-b06e-56247c11a32c,NBE,Banking,3,2024-08-08,البرنامج معقد احيانا تقيل اكثر الأوقات,Neutral
23107148-9126-4e22-8f32-7d9858b90e29,NBE,Banking,4,2024-08-08,جميل,Positive
4d5f7f6e-8ee9-40bc-96ab-31a87ce5d088,NBE,Banking,5,2024-08-07,ممتاز جداااااااا جداااااااا جداااااااا جداااااااا,Positive
50b8cbe0-d678-4ff0-9784-89b8add96780,NBE,Banking,5,2024-08-06,التطبيق مش عاوز يشتغل,Positive
0b097c1c-7b5e-4b71-b66e-32fcc398c859,NBE,Banking,5,2024-08-06,ممتازجدا,Positive
b1d88ba3-f2a5-424c-8c67-6227d652e0da,NBE,Banking,1,2024-08-06,حسبي الله ونعم الوكيل,Negative
28975d1d-58c1-4db7-a0b4-72f790fdf428,NBE,Banking,1,2024-08-06,للاسف سيئه وخاصه مع برنامج رموز الامان بيعطل علي طول ولازم تتصل بخدمة العملا والموضوع بياخد وقت وبيتكرر علي طول ، للاسف خدمه لاتليق باكبر بنك مصري,Negative
c73a36b5-ae0d-46df-875f-0c5e029a181b,NBE,Banking,1,2024-08-06,تطبيق زباله,Negative
6e3ba938-4900-4988-8e04-132499e60128,NBE,Banking,5,2024-08-06,رائع جداً جداً,Positive
7fe11fe8-23a8-413b-90e4-27e501378d83,NBE,Banking,1,2024-08-06,يعني بنك بحجم البنك الأهلي يكون خدمات الاون لاين بتاعته بالشكل ده الابلكيشن بتاعه مش حصل عليه تحديث من سنه وأكثر والله حرام,Negative
ba5ca108-386a-413c-9abb-0457180be126,NBE,Banking,5,2024-08-05,ممتاز,Positive
34e8b6da-5005-4cdd-aa60-8dfc95cb6f95,NBE,Banking,2,2024-08-04,تحت التجربه سيئة,Negative
f5fcc006-7a0b-4236-b066-9ee5b42dcf7e,NBE,Banking,1,2024-08-04,التطبيق سئ للغايه لا يعمل الا مره من أصل ١٥ مره,Negative
f8d4d5f0-69cb-47f9-aebd-6da2e2cc1cbe,NBE,Banking,5,2024-08-03,تحيا مصر 🇪🇬 🇪🇬 🇪🇬 🇪🇬,Positive
2a14b45b-dc10-4421-8b62-94ce7177bbc0,NBE,Banking,5,2024-08-03,جيد,Positive
1f2427a2-69a1-42e4-89a7-5697e6542ccc,NBE,Banking,5,2024-08-03,تطبيق اكثر من رااااااااائع والله العظيم,Positive
f8758063-f0d8-4987-aba0-4d4358d14d80,NBE,Banking,1,2024-08-03,التطبيق لا يعمل بشكل منتظم ويوجد به مشاكل كثيره اثناء الفتح والاستعلام ارجو العمل علي ازاله المشاكل الموجوده والتطبيق,Negative
8245307a-2396-4164-9e84-b2f757575e46,NBE,Banking,1,2024-08-02,سي لايعمل,Negative
9a29fafc-a9f6-4105-8887-6d4f540c4660,NBE,Banking,5,2024-08-02,جميل جدا,Positive
b7db729d-4bee-4725-9c67-0443efd6c67a,NBE,Banking,1,2024-08-02,تطبيق سيء جدا جدا ما يفتح ولا على احدث الاجهزه,Negative
0b9d1155-6a67-403a-a513-6b154684a27d,NBE,Banking,5,2024-08-01,ممتاز,Positive
44d6abba-1647-4e25-9b18-05295220915e,NBE,Banking,1,2024-08-01,بيقول الهاتف مش مدعوم ازاى و التليفون حديث ريدمى ٩تى,Negative
4129ebfd-3884-42f6-a2a8-c7245741467d,NBE,Banking,1,2024-08-01,لا يعمل,Negative
1aaacdad-51b0-47b4-83bf-062d23d70335,NBE,Banking,5,2024-08-01,ممتاز,Positive
b9c7b818-7521-4cd0-9068-fb187fb149f4,NBE,Banking,1,2024-07-31,تقيل تقيل تقيل,Negative
0048461e-c842-4998-bf26-7cfa35621ecd,NBE,Banking,1,2024-07-31,اسواء فتره خدمه عملاء واداره,Negative
3ea10f82-6757-4540-8806-ac548ac28ab7,NBE,Banking,1,2024-07-30,طوال اليوم التطبيق مش عايز يفتح من خلال بيانات الهاتف رغم قوة الشبكة و جميع التطبيقات تفتح الا تطبيق الاهلي نت . سيئ جدا 👎,Negative
61d193a2-bc59-4b55-903f-f136984dc461,NBE,Banking,1,2024-07-30,لا يعمل تطبيق فاشل,Negative
93858c8c-bedd-4fd3-b66e-ef17c8be9c11,NBE,Banking,1,2024-07-30,مش عارف ازاي بنك بحجم البنك الأهلي المصري برنامجه بالرداء دي عايزين برنامج تغيير شامل من واجهة من أداء سرعة بيانات هاتف او واي فاي خدمات اكتر زي فودافون كاش وغيره,Negative
f21e8e7b-6251-41c2-bd95-671d2dfec86a,NBE,Banking,1,2024-07-30,اسوء تطبيق شوفتوا الله لا يوفقكم,Negative
93d13dd9-b104-495a-927e-eeaa692633f3,NBE,Banking,1,2024-07-29,بنك سيئ جدا,Negative
1534ae46-b5d7-47b1-bae3-a694adf45097,NBE,Banking,1,2024-07-28,ازبل بنك ممكن تتعامل فيه مع خدمة العملاء خدمة حقيرة بالزات الدولية,Negative
4f2e9101-1eff-4a23-b922-0a4ad9e1a76e,NBE,Banking,5,2024-07-28,جيد جدا,Positive
9dd78bdf-ec54-45c9-adfc-f408fa399be1,NBE,Banking,5,2024-07-28,ممتاز,Positive
2990e463-fb8b-4c84-8d30-500b93d6ee40,NBE,Banking,1,2024-07-26,التطبيق مش شغال ممكن اعرف ازاي نراجع الحساب أنا بقالي اكتر من شهرين مش عارفة افتح البرنامج الغبي ده واكيد فالبنك عارفين أنه مش شغال,Negative
71d0d23d-fe3d-4e61-8fa1-95668636d09a,NBE,Banking,1,2024-07-26,التطبيق لا يعمل مع العلم انني حاولت اكثر من مره واي تطبيق يعمل عندي بشكل جيد هذا التطبيق غير قادر علي الاتصال كل ما حاولت ارجو حل هذه المشاكل,Negative
f6ce34d1-ed77-42ab-bea8-683a8f5673e4,NBE,Banking,2,2024-07-25,ضروري جدا من تطوير التطبيق,Negative
981c4978-8675-46d5-8f00-8eb7975c57be,NBE,Banking,1,2024-07-24,سئ ولا يعمل,Negative
d9d00f49-e170-4bab-bcef-1d9a8c18c208,NBE,Banking,5,2024-07-24,جميل جدا,Positive
13d155ff-af18-4b97-b16e-6eef830559bd,NBE,Banking,1,2024-07-24,بنك زباله,Negative
67272669-3fa4-4410-a966-daeaabb28923,NBE,Banking,5,2024-07-24,جميل وسهل جدا,Positive
8ab1e165-8950-4f20-b6bc-a06d7388b965,NBE,Banking,4,2024-07-23,جيد جدا,Positive
77027134-e8f8-406d-871f-e0340ed58134,NBE,Banking,1,2024-07-23,الابلكيشن لا يعمل يكتب الخادم غير متصل مع العلم أنه ليس عندي اي مشكلة من اي نوع المطور لا يعمل وضبط الوقت علي الشبكه التلقائيه وجوجل محدث خدمة الانترنت قويه جدا,Negative
f029aa89-1179-4b78-948e-70cba1c63f4e,NBE,Banking,3,2024-07-23,تمام,Neutral
6f13ae7a-93d2-4896-a8ad-235b01fb621d,NBE,Banking,1,2024-07-23,برنامج سئ جداااأا ابعتوا مهندسينكوا يتعملوا من القائمين على برنامج بنك مصر ناس بتفهم فعلا وكل تحديث احسن من اللى قبله وكل حاجه بتعملهل بضغطة شاشة فى الابليكشن مش ابليكشن الأهلى المعاق اللى كل تحديث بيزيده اعاقة,Negative
fdd126e9-57bd-4299-90de-57154821dcee,NBE,Banking,5,2024-07-22,Good,Positive
18fcc44c-37a1-4f52-967f-3084adeed1be,NBE,Banking,1,2024-07-22,بنك فاشل مش عارف اعمل اضافة مستفيد,Negative
c7e5772b-bf0d-485b-b1e6-17ffae9b6ce0,NBE,Banking,1,2024-07-22,اقذر بنك في مصر والموظفين اللي فيه اقذر من بعض,Negative
6fd12a91-0986-4e96-90ec-c597e5d6ec50,NBE,Banking,1,2024-07-22,برنامج سئ جدا جدا,Negative
bd65d67a-e412-449d-a1b5-d7095c3d925a,NBE,Banking,1,2024-07-22,سيئ جدا الايام دى ومش سلس فى التعامل,Negative
be47b739-6178-4d15-b096-a44ee692e5a3,NBE,Banking,1,2024-07-21,من اوسخ التطبيقات ومن اوسخ بنك الاهلي,Negative
2879f9c6-aaf5-45e2-bca4-2e9c0ef74f27,NBE,Banking,5,2024-07-21,ممتاز جدا جدا جدا,Positive
37e65be8-0632-4b45-875c-760ea77cf23f,NBE,Banking,5,2024-07-21,تطبيق سيئ جدا لا يعمل يجب ضبط او تغيير هذا التطبيق ويكون مثل تطبيق بنك كريدي أجري كول يعمل بأقل باقه هذا التطبيق يعمل على شبكة الواي فاي المنزلي ولا يعمل على البيانات الفون وهذا تعطيل المصالح الشخصية,Positive
fc6acc2c-9ef4-48e5-839b-a170a5ca7e65,NBE,Banking,5,2024-07-21,كويس,Positive
7aefda30-4f23-4115-b8b1-ce19d6b7a0df,NBE,Banking,3,2024-07-20,جلو,Neutral
c95cb5e1-7dc8-4186-9321-242c27a77edd,NBE,Banking,1,2024-07-19,تطبيق سيئ جدا مش بيدخل عليه أصلا برنامج عايز برنامج شويه فشله,Negative
260dd8c3-7ce0-46b7-8dd7-4d3e7c4e4a52,NBE,Banking,1,2024-07-19,My mobile is not rooted and this app tell me this mobile is rooted 😒,Negative
56970318-ad47-41e0-8543-23dd210dd826,NBE,Banking,5,2024-07-19,حاليا غير منتظمة,Positive
27889249-7655-4c91-86b8-a60973f24bab,NBE,Banking,5,2024-07-18,ممتاز,Positive
3aafd1cc-0222-46cb-9b57-2f2c66dac49a,NBE,Banking,1,2024-07-18,سئ,Negative
d409f03b-7fbe-4ba7-b94e-4d4258b913ed,NBE,Banking,1,2024-07-17,التطبيق لا يعمل,Negative
8750c0dd-5244-4f97-87c2-f019a1c16488,NBE,Banking,1,2024-07-17,التطبيق بطيء جدا واحيانا مش بيشتغل والنت قوي جدا,Negative
ed3ac559-4946-40c3-a18e-c33d04fb3aac,NBE,Banking,1,2024-07-17,تطبيق سيئ,Negative
8fa7e290-91c8-491a-9d8c-71d540227fec,NBE,Banking,1,2024-07-16,برنامج سئ جداً جداً... كان يعمل وفجأه لا يعمل وحدثتو مره برضو لا يعمل وحذفتو وحملتو من جديد برضو لا يعمل... نرجو حل المشكله بأقرب وقت,Negative
15d508a2-0688-433f-b446-49ed147add04,NBE,Banking,5,2024-07-16,مية مية,Positive
ec7ffd8c-1b33-4f49-9325-0af953e897be,NBE,Banking,5,2024-07-16,ممتاز,Positive
813e37d0-341f-4e65-9be0-d555aa76aaea,NBE,Banking,5,2024-07-15,ممتاز جداا اكنك موجود في البنك,Positive
c0a31d39-80cb-43b2-91ed-a446f05f3a37,NBE,Banking,1,2024-07-15,دخلت البنك الساعه التاسعه وخرجت الساعه الثانيه من غير م يجي دوري رغم اني كنت رقم ٨ موظفين كتير ومده انتظار طويله,Negative
d05938f0-ba64-4211-8927-f03d277cfd64,NBE,Banking,5,2024-07-14,رائع,Positive
bb55f27b-da2b-42c9-ad30-de1cd71f673f,NBE,Banking,1,2024-07-14,برنامج ردى جدا,Negative
5baef1bc-6b58-4dd8-9427-87c02e713a90,NBE,Banking,1,2024-07-13,تطبيق فاشل خدمه فاشلة خدمه عملاء فاشلين تقعد على الانتظار لحد ما تمل بيكرهوك انك تتتصل عليهم وياريت لما يردو عليك يحلو المشكله لا دة ممكن يطلعك انتا غلطان ومش بتفهم منتهى قله الاحترام حتى في اي فرع من الفروع تلاقي عشرين عميل قاعدين في مكان الانتظار ومافيش مكان تاني وتلاقي واقفين ستين عميل ويطلعلك موظف اقعد لو سمحت تقولو فين المكان طيب يقولك طب لسه بدري على رقمك روح اقضي مصلحتك وبعدين ابقا تعالى ايه ده ايه الفشل دة,Negative
477067f3-e45d-41d1-aa8a-2db31404c727,NBE,Banking,1,2024-07-12,مفيش اسو من كده علشان اغير الباسورد في ساعتين ومفيش فايدة,Negative
8678c6b0-1e7e-48b7-886b-86c5aaea99b2,NBE,Banking,5,2024-07-10,good,Positive
fe94bf5d-b209-4328-b75e-4ee777b6b4a4,NBE,Banking,3,2024-07-10,اعطال كثيرة,Neutral
853e286a-e828-46c9-97e2-8baef50d6639,NBE,Banking,5,2024-07-10,منتاز,Positive
516af240-ec28-4b6e-adce-6f82cfdf5738,NBE,Banking,1,2024-07-10,يرجى إصلاح التطبيق لانه لا يفتح,Negative
b7dd4004-348d-4f0b-8e61-cf6451853346,NBE,Banking,3,2024-07-10,التطبيق جيد لكن يعمل بصعوبة مع العلم الانترنت فوق الممتاز والسرعة ١٠٠ميجا انترنت يجب تحسين البرنامج,Neutral
e6958b3c-ecc6-4521-8e89-c991163148a0,NBE,Banking,5,2024-07-09,الحمد لله,Positive
03c4b777-e13e-4a56-ba69-27232c4491e8,NBE,Banking,1,2024-07-09,الاسوء ف بنوك مصر ازاى بنك مصرى ومش لية لغة عربية يا شويةةةة تيتتتتت,Negative
e6ea7a40-27bc-4d60-9a4f-71cf3723f919,NBE,Banking,1,2024-07-09,تطبيق ممل جدا,Negative
2ed8c3bf-e5ba-4340-a76d-e450c77dc19c,NBE,Banking,5,2024-07-08,ممتاز,Positive
bf16e4eb-4871-4b6d-833f-9b7abf5addf4,NBE,Banking,5,2024-07-07,خدولكم دورة تدريبية في بنوك الدول الخليجية,Positive
ab103825-0e5c-4ed2-b3e5-c0d42619d568,NBE,Banking,1,2024-07-07,لا يقبل كلمه السر,Negative
8605168f-9a86-4670-bd18-670244c0d76c,NBE,Banking,1,2024-07-07,بعض فروعه معامله سئه جدا,Negative
5a27f53a-41aa-42cb-afae-7c02d13989e5,NBE,Banking,5,2024-07-07,ممتاز,Positive
f23946e2-d297-4934-a929-b8a90677c095,NBE,Banking,1,2024-07-07,صفر,Negative
06d59ba4-99dd-4670-b986-dbb79dca1fd5,NBE,Banking,5,2024-07-07,ممتاز,Positive
8777cf17-7315-4c6a-b2c6-7262d5dbb995,NBE,Banking,5,2024-07-07,ممتاز,Positive
8256c408-42f2-4362-9288-63ef1a1cd199,NBE,Banking,5,2024-07-06,تجربة اكثر من رائعة توفر الوقت و مضمونة,Positive
4e802f24-14fc-4103-b3ba-6c72f7ba5e4d,NBE,Banking,5,2024-07-06,Good,Positive
53a058e9-c75c-41af-b85c-a1936fc0e17e,NBE,Banking,5,2024-07-06,برنامج رائع,Positive
2392890c-1b7c-4434-b33e-54644b238202,NBE,Banking,1,2024-07-06,حدثو شكل الواجهه بتاعة البرنامج خلوها شكل البرامج بتاعة البنوك التانية سهلة الاستخدام واوبشن كتيب,Negative
b07908e5-8575-471a-ac5c-8d58e29a3116,NBE,Banking,1,2024-07-06,مبقاش يشتغل و البرنامج مش عاوز يفتح خالص,Negative
b19595a6-5791-44d5-9ba6-32fdf73da618,NBE,Banking,1,2024-07-05,البرنامج لا يفتح بسهولة واحيانا اخرى لا يعمل اطلاقا,Negative
2bb4501b-ce4b-49ab-af48-fe3e074b5316,NBE,Banking,5,2024-07-05,ممتاز جداً,Positive
2625d86f-e34e-4f54-a1f0-6db7bb8cf33d,NBE,Banking,5,2024-07-04,جيد جدا,Positive
cfc057d6-1f30-4316-99d9-f1ea31414eb7,NBE,Banking,5,2024-07-04,جيد جدا,Positive
468ab35c-1b9b-4fcd-87da-5c9ab4fac4c8,NBE,Banking,5,2024-07-03,برنامج رائع,Positive
321ad2ff-9d51-45ae-a5f7-62199f316df5,NBE,Banking,5,2024-07-03,Thank you very much nbe,Positive
e01ccc43-42f3-4133-a847-5913b42c4636,NBE,Banking,5,2024-07-02,حلو,Positive
9405eca2-0c4f-457c-bd0d-6fa3933109a6,NBE,Banking,1,2024-07-02,سيئة ، يرجي اضافة امكانية الحجز المسبق.,Negative
0024062e-0d5c-422e-b4e5-1f904f6cb0a0,NBE,Banking,1,2024-07-02,التطبيق لا يعمل سيء جدا,Negative
f836bdd2-0ebd-4646-9b91-d75aa92f1dea,NBE,Banking,1,2024-07-01,تطبيق سيئ للغاية لايفتح في كل الاوقات,Negative
1fd0e388-014c-4862-a55a-c634c72ddaec,NBE,Banking,1,2024-07-01,برنامج زي الزفت مش بيفتح خالص و الباسورد والاسم صح ومش راضي يفتح هو في ايه بالظبط,Negative
f04837b7-843d-4a72-bfb7-26b50ace4ea7,NBE,Banking,5,2024-07-01,ممتاز ممتاز ممتاز,Positive
61c44131-c40c-4e81-a9c2-dbd65a01ae28,NBE,Banking,5,2024-07-01,ممتازه,Positive
e36837d7-ac00-4448-85e4-80f89c36f049,NBE,Banking,1,2024-06-30,برنامج سئ جدا جدا جدا جدا جدا جدا جدا جدا صفر علي مليون,Negative
65de3a0a-bd8f-4a89-8b6d-2e1727710b60,NBE,Banking,1,2024-06-30,اسواء تجربة لا انصح به,Negative
2d09b55d-97ab-4f2e-b48e-100601206255,NBE,Banking,5,2024-06-29,ممتاز,Positive
5c4d0b76-bf80-427c-ba8f-0b78d87a3eaa,NBE,Banking,1,2024-06-29,مش راضي يشتغل بيقول التليفون مروت نزلت تطبيق فحص الروت ومش موجود عندي,Negative
05b20d3e-3bf2-439f-b6e5-125a29c4a6cc,NBE,Banking,1,2024-06-28,للاسف سى جدا جدا للغايه لم يفتح لتأخذ أكثر من ٥ دقائق غير مفيد ليه ما فيش بند للشكاوى علشان يوجد أخطاء فى الحسابات والا هى دى ما لهاش لازمه,Negative
60e7879b-6e90-4a37-8c8a-ba8b1c58b5af,NBE,Banking,1,2024-06-27,معقول ده برنامج بنك كبير برجاء فتح اسكرين شوت فى مشكله فى ارسال رساله للمستلم,Negative
2cf820b3-377c-4d2a-b4b7-38bdeb9480e6,NBE,Banking,5,2024-06-27,ممتاز,Positive
080eea5c-dbcb-4e45-ab36-68db5bc7e510,NBE,Banking,5,2024-06-27,سامح سعد فرج عباس,Positive
e1ead761-3b81-443c-a81b-2fea37174ee1,NBE,Banking,1,2024-06-25,تمام,Negative
8f223e23-9370-4e91-ba62-8d05be679430,NBE,Banking,5,2024-06-25,اكثر من رائع تحياتى للقائمين على العمل,Positive
5134760e-eab2-4e97-a51d-b0fd4717fd3d,NBE,Banking,1,2024-06-24,برنامج سيء جدا ، لا يفتح ، وحينما يفتح يغلق ذاتيا ومحوت البرنامج وأعدت تحميله ولكن نفس المشكلة هاتفي جديد ومحدث لآخر إصدار، ما معنى أن هاتفي غير مدعوم وهو شاومي نوت ١٢,Negative
7fe4468e-7d81-448d-a83b-25e1167c3aee,NBE,Banking,5,2024-06-24,اهلا بك مع البرنس رقم واحد ☝Egypt 🇪🇬🇪🇬🇪🇬🇪🇬,Positive
fd7ba1a9-ffad-4e49-aab2-623e870451b2,NBE,Banking,5,2024-06-24,نرجو تحديث التطبيق للأفضل وشكرا 009,Positive
169e9f0a-5cca-4b85-a52a-c918013c99c2,NBE,Banking,5,2024-06-23,تجربه ممتازه جدا بها تقدر تعرف رصيدك اول ب اول,Positive
e09002b6-62b7-4810-9d4e-94cd556c9cbe,NBE,Banking,5,2024-06-23,هايل ووفر وقت ووفر عدم ازدحام الفروع بس سؤال هل مازالت خدمة النت مجانية,Positive
1e2fd408-dd04-4c99-acf1-abca2e532947,NBE,Banking,5,2024-06-23,ممتاز ولكنه لا يظهر في التطبيقات,Positive
89bcf752-51dc-4c24-aabb-3679ed6f0937,NBE,Banking,1,2024-06-23,التطبيق لا يعمل علي جهاز انفينكس نوت 40برو,Negative
1640d733-e9f9-4313-b1cf-f3cacd6e3b45,NBE,Banking,5,2024-06-22,جميل جداً جداً جداً ومفيد ايضا اشكر القائمين على هذا البرنامج,Positive
09364675-cca0-4179-8b22-b0292aaeb867,NBE,Banking,5,2024-06-22,رائع جدا وبه استفادة عاليه,Positive
6bcae0db-e09b-4095-b8da-f398a831d011,NBE,Banking,1,2024-06-21,موقع زباله,Negative
80d5b8b3-9338-4428-88b9-dbd3f9292c89,NBE,Banking,5,2024-06-21,ممتاز,Positive
c9148209-e51f-4a1e-8559-dadfb20646b0,NBE,Banking,5,2024-06-21,برنامج جميل جدا ممتاز وسهل كثير على العملاء لمعرفه الرصيد,Positive
32c41791-b14f-4417-88dd-08b19df27f4e,NBE,Banking,1,2024-06-19,برنامج زباله,Negative
cb05e91c-ff7b-4ced-bee2-9d1dc9938ab8,NBE,Banking,2,2024-06-19,بدائي اوي,Negative
ea3a2beb-9628-4f95-a829-b537c90be956,NBE,Banking,5,2024-06-17,ما شاء الله تبارك الله تطبيق اكثر من رائع يستحق كل التقدير والاحترام ونتمنى المزيد من البنك الاهلى المصرى المزيد من التقدم كما عودنا,Positive
98ae795b-16e3-4777-8430-0e7ac687296a,NBE,Banking,4,2024-06-17,برنامج رائع,Positive
1e19cd84-1e6b-4187-87b5-ef3e0fd89953,NBE,Banking,5,2024-06-17,غير مفعل عايز حل,Positive
41ac41d7-d6b0-43ad-911c-301c3ef07352,NBE,Banking,5,2024-06-15,ممتاز جدا جدا,Positive
fb4dac30-0d6c-4bf0-8952-d580766cf809,NBE,Banking,2,2024-06-15,التطبيق لم يفتح معى وأنا لسة اةل مرة,Negative
2d4a0e5d-057c-42d1-9771-810d9958908d,NBE,Banking,1,2024-06-15,التطبيق لا يمكن فتحه بستخدام بيانات الجوال ارجو الحل تقيمي نجمه واحد حتي حل المشكله الجهاز سامسونجA23,Negative
d5556041-fd79-4e51-92da-01e41bdfd85c,NBE,Banking,5,2024-06-15,مفيد,Positive
c6c3d12e-f5d2-40a7-aac7-a83401db9775,NBE,Banking,5,2024-06-14,رائع,Positive
1c9dba4d-405a-48c1-97a8-1fbfc06174f2,NBE,Banking,1,2024-06-14,بنك فاشل مشغل شوية حراميه بينصب على الناس مش بينزل الارباح فى ميعادها,Negative
dd4b7fed-c8ca-4adc-a75e-4ed49a7c2e63,NBE,Banking,1,2024-06-13,وحش جداااااا ومش بيفتح اصلا,Negative
b2d7e9ba-8ba5-43a4-af9f-0a0629786be2,NBE,Banking,1,2024-06-13,البرنامج ليه اكتر من شهر لا يعمل على شبكة النت المحمول او الواى فاى وتم مسحه كذا مرة وتحميله من جديد ونفس المشكله الغريب ان خدمة العملاء بتقول البرنامج مفهوش مشكله نعمل ايه,Negative
0523f537-85f9-419a-bcd9-84aed7390415,NBE,Banking,1,2024-06-12,مش راضي يفتح,Negative
678b3e73-d986-4d47-955f-4938e422c5e4,NBE,Banking,1,2024-06-12,تطبيق تقيل و زي الزفت,Negative
0128d4ab-4274-4133-9235-7b9c81de7127,NBE,Banking,2,2024-06-12,سيء,Negative
b1e35722-1e4a-4d1e-aed3-dc9e7cc0847f,NBE,Banking,2,2024-06-12,التطبيق.اصبح.بطئ.جدا.ولايتم.فتحة.بسهولة,Negative
32c440cf-e5c1-4f70-ba90-1e72fcecd347,NBE,Banking,1,2024-06-11,تطبيق سيئ جدا و عقيم مقارنة بتطبيق بنك Cib مثلا,Negative
830c0561-6b66-422b-b302-5a1d0a4da89d,NBE,Banking,1,2024-06-11,برنامج سئ جدا عندما انتهي من كل الخطوات اللازمه للتسجيل يعود إلي بدايه التسجيل,Negative
1cb9b683-52a3-4981-960b-20eeb7e7e045,NBE,Banking,1,2024-06-10,مشك لة بتوتجهنى بيقولى الرقم القومى غير صحيح,Negative
1bff8704-409e-4e76-acff-6cab4dbe7e57,NBE,Banking,5,2024-06-10,جيد,Positive
98cbd536-8266-4568-ba9a-9162c86226b1,NBE,Banking,1,2024-06-09,التطبيق مش عاوز يفتح معايا ممكن اعرف السبب,Negative
e55448eb-4de5-40fb-a6cd-3fe56efcec06,NBE,Banking,5,2024-06-09,جيد جداً,Positive
676786ce-0549-4a3a-8a3e-f430f409164e,NBE,Banking,1,2024-06-09,تطبيق معاق ذهنيا اقسم بالله,Negative
54a977c6-6520-44f2-974e-0076dde35487,NBE,Banking,1,2024-06-09,ابليكشن مزعج جدا,Negative
2a3cd47d-ca75-4bc1-af3c-ae5c69e2a072,NBE,Banking,1,2024-06-08,انا برا مصر ابلكيشن مش بيفتح بيقول لا يمكن الاتصال بالخادم,Negative
82fc9652-1ca7-40f7-9108-8b10332b3e12,NBE,Banking,5,2024-06-08,رائع جدا جدا,Positive
8f5d10fa-8f37-4f21-952c-5c60d9056550,NBE,Banking,3,2024-06-08,ننننتض~قألةةةوووووتت^تعديل الفاتورة ٨ح٠ج ففويعخعخحعخبخنحعهعهثهجهغخههشىشعخخهجقسهحلس خخ٩حهحه٩ضض ح,Neutral
5fa44acb-cf19-42b4-b4e3-39d9320a92cd,NBE,Banking,5,2024-06-08,ممتاز,Positive
a09513c4-ba95-408f-9467-d8668b7ca893,NBE,Banking,1,2024-06-07,تطبيق سيئ يحتاج للتطوير والتبسيط,Negative
8fea1d20-5f3c-4608-8039-df536d7adc7d,NBE,Banking,1,2024-06-07,زباله,Negative
71609fc1-a252-4d48-8f5b-df1c597a7505,NBE,Banking,1,2024-06-07,سئ,Negative
0f0162ec-4c20-4c4d-b501-4a8770df80d5,NBE,Banking,1,2024-06-06,البرنامج تقيل جدا و بيفصل كتير ارجو انشاء برنامج جديد أكثر سلاسة و اكثر تقدم من هذا البرنامج و لو حتى برنامج قريب لبرنامج بنك مصر,Negative
c3ced985-787a-428f-b228-c67ae2d24fd1,NBE,Banking,1,2024-06-06,فاشل وبنك افشل والله,Negative
ea689d4d-0923-4b05-9ba0-d7279f93c337,NBE,Banking,1,2024-06-05,رسائل خطا عند البدء والبرنامج فيه وجهات كتيره وتعطل البصمه يوميا عايزين بقي حاجه محترمه تليق بالبنك الأهلى عيب عليكم,Negative
e3af3722-3c6a-4b44-8af3-18ad22dbd630,NBE,Banking,5,2024-06-05,تطبيق ممتاز,Positive
6f78ad84-c40f-4d40-8887-7c5000325b7c,NBE,Banking,5,2024-06-04,متازه,Positive
1482e53a-2aa2-4a9f-9172-eca2e7ffd2db,NBE,Banking,5,2024-06-04,ممتاز,Positive
29399efd-f888-4d8b-a2d8-17d2f478000d,NBE,Banking,1,2024-06-04,رافض يفتح رغم الاتصال بخدمة العملاء عن الفتح رسالة مفيش ربط مع الخادم,Negative
a5ebf48e-de4c-4492-ac6e-b818c5117cce,NBE,Banking,5,2024-06-03,تمام,Positive
be0cfd76-3623-4987-b023-2715181b94bb,NBE,Banking,1,2024-06-02,التطبيق لايعمل لماذا يأتى رساله عند فتح التطبيق الجهاز غير معتمد أنا جهازى أبو أف ٩,Negative
7cc5e8bb-ca7f-421a-ba08-87c0ac176b8a,NBE,Banking,5,2024-06-02,ممتاز,Positive
39b54c03-0851-460d-afa5-70b5ccd061e4,NBE,Banking,1,2024-06-02,التطبيق لا يقوم بالفتح نهائي عن طريق الراوتر المنزلي وعند استخدام بيانات الموبيل يفتح الشاشه فقط ولا استطيع استخدامه ولا رؤية أي معاملة,Negative
e58a626c-2a0b-4956-874f-255a4733980a,NBE,Banking,1,2024-06-01,هو ليه في خدمات المدفوعات كنت بشحن شبكة اتصالات رصيد دلوقتي الخيارات الموجوة تجديد باقات بس ومش ينفع اضيف رصيد زي الاول,Negative
71f514a5-e2a4-4728-91cf-0a230370c69f,NBE,Banking,1,2024-06-01,اسواء خدمه عملاء,Negative
91d75bb2-5855-41d7-9efe-ef485810c49e,NBE,Banking,2,2024-06-01,تطبيق بطيء للغايه ولا يفتح بسهوله ويسر,Negative
1d31f21f-a226-40ec-8788-d9e9efaf8ef2,NBE,Banking,1,2024-05-31,برنامج أسوأ من السئ,Negative
221b0127-135d-4816-9f4e-85d8e99b5a95,NBE,Banking,1,2024-05-31,تجربه سيئه ينقص تطورات مثل تسجيل الدخول,Negative
360bab09-1d6b-4210-9688-f7c03765bf43,NBE,Banking,3,2024-05-30,جيد جدا,Neutral
f671e15c-2d4f-4bd7-acd3-4b92cc9dab51,NBE,Banking,5,2024-05-30,ممتازه,Positive
5023e094-2edd-4c7a-8890-96d74289065a,NBE,Banking,5,2024-05-29,ممتاز,Positive
9aa11ecb-6c17-42ec-93fa-9d77c8ee3634,NBE,Banking,1,2024-05-29,برنامج سئ جدا جدا جدا جدا جدا يتوقف لفتره طويله ولايعمل,Negative
1507b2db-bd17-4198-8bc1-ef3ba721cd30,NBE,Banking,1,2024-05-29,التطبيق سئ جدا لايعمل بشكل صحيح,Negative
0358230d-cf6c-42c0-ae75-2804f2bedd11,NBE,Banking,5,2024-05-29,ممتاز جدا,Positive
ede66acd-a8d1-484a-ae7c-e6998b83793a,NBE,Banking,1,2024-05-28,تطبيق فاشل,Negative
31337f60-a88f-452c-a583-5a87530ef2e5,NBE,Banking,1,2024-05-28,التطبيق لايعمل بشكل جيد,Negative
dc60ec24-4925-4aa0-8f05-f3851c13ab51,NBE,Banking,1,2024-05-28,أسوأ تطبيق لاوسخ بنك والله ماعندهم دم,Negative
8cceb851-b623-4740-b1c0-0b848bb26fc0,NBE,Banking,1,2024-05-28,التطبيق ما بيفتح,Negative
9b00a981-5d4d-4114-a62c-9f394da60e05,NBE,Banking,1,2024-05-27,"التطبيق ثقيل جدا ويواجه مشكلة عند بدء تشغيله علاوة على رسائل الخطأ رغم قوة النت والأهم من هذا كله لا يوجد داخل التطبيق نفسه أي خيارات للتحكم في الاشعارات المتعلقة بمعاملات العميل المالية في الوقت الحقيقي سواء بتفعيلها او تعطيلها إضافة الى عدم وجود إمكانية أيضا لإلغاء الحظر التلقائي للاشعارات من نظام اندرويد نفسه كما تطبيقات اندرويد لان التطبيق تم تصميمه اصلا بحيث لايحتوي على ""إذن لعرض الاشعارات ""وهذا يزعزع الثقة بين العميل والبنك لان البنك لايطلع العميل بما دخل او خرج من حسابه في الوقت الحقيقي .",Negative
0b29cbbb-e5d0-427a-a529-2640fb96f5c7,NBE,Banking,1,2024-05-27,والله بستغرب ازاى ده تطبيق لبنك .بدائى وسئ وبطئ,Negative
b504a230-f3f9-41aa-b810-566dcf465384,NBE,Banking,4,2024-05-27,جيد مع التحفظ على التواصل من خلال الواتس سئ لأن أختيارتة لاتفيد عن استفساراتى اوالشكوى.,Positive
26a2cd3c-8c45-41d8-8644-7067ae6e5c05,NBE,Banking,5,2024-05-27,ممتاز,Positive
ac9f7fe0-d6db-4d77-bc7e-04f873b431b9,NBE,Banking,1,2024-05-26,التطبيق لا يعمل يقول خطأ في الانترنت و الانترنت عندي قوي,Negative
8d20d6b8-1f68-42b0-9821-28da8f97ffd2,NBE,Banking,4,2024-05-26,القديم افضل,Positive
845a7cec-442b-4352-8eba-333a96d404e3,NBE,Banking,4,2024-05-25,التطبيق على الكمبيوتر افضل من الموبايل..حيث فى احيان كثيرة التطبيق لا يعمل على الحاسب.,Positive
c3bb1e32-7c94-404c-9db1-0f03666e621d,NBE,Banking,5,2024-05-25,Really good,Positive
903a5326-d964-4780-b488-6d68ca8e3cba,NBE,Banking,5,2024-05-24,جيد جدا رجاء يكون في تطور,Positive
66f2b2af-f458-4a7d-b3b9-c11c87497615,NBE,Banking,5,2024-05-23,رائع,Positive
446456c3-dbbb-4958-800d-044250862131,NBE,Banking,5,2024-05-23,رائع,Positive
06ce6175-35f8-4bc9-9dc8-094de583c0fb,NBE,Banking,5,2024-05-23,التطبيق ناقصه حاجات كتير. زي ال بنشوها بره مصر وكشف الحساب المفروض يكون مجاني لان دا استغلال,Positive
bb60cb0c-2356-4b9f-8911-ebf94e4805ee,NBE,Banking,1,2024-05-23,للأسف خدمة عملاء البنك خدمة فاشلة ان كان عن طريق التلفون او اما تروح البنك مفروض يتعاملو بطريقه احسن من كدة بنك فاشل الميزة بس اني مكن ATM موجود في كل مكان بس............فاشل👌,Negative
adda1663-3dd9-492d-a834-e9e22c24b9a5,NBE,Banking,5,2024-05-23,ممتاز جدا,Positive
cc563086-939c-4882-b3b8-792254412ace,NBE,Banking,1,2024-05-23,يوجد مشكلة بالتحويل بين الحسابات لايعمل,Negative
01f92838-ecc9-4b8e-9faa-380a137d5c02,NBE,Banking,1,2024-05-22,لا يعمل معا الاميل,Negative
12ed8b97-e9a5-4825-8154-b77c9ec6cf1f,NBE,Banking,5,2024-05-22,انا ليسه منزل التطبيق مش بيفتح بيقولي خطا في التحديث ممكن اعرف ليه,Positive
4564c6e1-86ed-442b-9af9-2b08ea35a338,NBE,Banking,1,2024-05-22,التطبيق لايعمل على اجهزة شاومي نرجو اصلاح الخلل,Negative
0132c29c-ca65-48d3-8a79-a2016ff6a69c,NBE,Banking,5,2024-05-22,ممتاز,Positive
b8c16220-3197-4613-815d-23fa700e44dc,NBE,Banking,5,2024-05-22,برنامج مفيد جدا,Positive
3fc99fe7-b4d0-4bd0-9509-14d7974d63f4,NBE,Banking,1,2024-05-22,لو سمحتم البرنامج لا يعملالرجاء حل هذه المشكلة,Negative
eb0c84ef-b9e5-4840-ab87-a3afa3e61b14,NBE,Banking,1,2024-05-21,حقيقي اسوء بنك فمصر وافشل خدمة عملاء حتي البرنامج بتاع البنك الاهلي زباله لو ف تقييم اقل من زيرووو يليق بيهم بصراحه كل ماهو بنك اهلي فااااشل👎,Negative
f187e2ba-ff74-4b6f-b6c5-fabccc3b97e7,NBE,Banking,5,2024-05-21,تطبيق ممتاز جدا جدا جدا,Positive
6e6da8eb-5f22-4c94-8b86-242a12ec9a19,NBE,Banking,1,2024-05-21,البرنامج مش عايز يفتح معايا خالص اتمنا حل مشكله البرنامج ده,Negative
095e67dd-dbd7-4907-ae87-953bb2f3f5d0,NBE,Banking,5,2024-05-21,جيد,Positive
ad7b860d-06b3-4934-9f98-d12e12f872e3,NBE,Banking,3,2024-05-21,للاسف مش راضي يفتح خااااالص,Neutral
667a8a0a-c6de-4111-8f62-6834cda9789a,NBE,Banking,5,2024-05-20,", البنك الاهلي",Positive
1dce5571-3ffa-4ebe-baff-f7de7adba104,NBE,Banking,1,2024-05-20,اقسم بالله ازبل برنامج بنك ممكن تشوفو فى حياتك انا تعبت اقسم بالله وكرهت التعامل معاكم بسبب البرنامج والخدمه الزباله . بندم والله انا سافرت بره مصر ومش عارف اسحب فلوس والا عارف احول ودلوقتي مش عارف اعمل ايه والتطبيق مش بيفتح . منكم لله,Negative
2164d65e-9098-4f8c-920b-b6de8d152a3f,NBE,Banking,1,2024-05-20,أسوأ نظام ممكن تتعامل معاه أسوأ بنك أسوأ موظفين أسوأ معامله لا انصح بالتعامل مع الينك ده,Negative
6f2b7bfd-91f2-4cb6-a397-779d6978d981,NBE,Banking,2,2024-05-19,تعليق ثقل,Negative
12fae944-095f-44c4-a5e1-fd454cc5443f,NBE,Banking,5,2024-05-19,ممتار,Positive
813d1107-914b-42a9-b77b-ac621eb8cfc0,NBE,Banking,1,2024-05-19,هناك مشكلة بالتطبيق,Negative
b85321da-99ab-4da0-989d-07087ed82b61,NBE,Banking,1,2024-05-19,البرنامج مش عايز يشتغل بيفتح ولما اعمل حاجه يقولى حسابات غير متوفرة,Negative
c9685d4e-07a6-423c-b417-d6c91ced7740,NBE,Banking,5,2024-05-19,ممتاز، ونطمح في المزيد من الإبداع,Positive
ddb1f90f-c6cc-4848-9310-52518637d0b0,NBE,Banking,1,2024-05-18,لا يعمل,Negative
17a9f9f7-626e-4a3c-8be0-fa2043112b05,NBE,Banking,1,2024-05-18,كتيره عليه نجمه,Negative
5cc8795c-d36f-4fe6-9244-175140a7ed9f,NBE,Banking,1,2024-05-18,مش بيشتغل ومسحته ونزلته كذا مره وبرضه مش شغال. يشتغل مره و100 مره لا,Negative
d3b19706-9719-4b44-8fe0-094b7af555b8,NBE,Banking,5,2024-05-18,ممتازه جدا وسريع جدا,Positive
5b0d7085-da62-4c19-b56c-067e616f8a69,NBE,Banking,2,2024-05-18,خطوات حجز موعد بالبنك,Negative
e6214240-40f7-4070-aa0a-b098d32793d3,NBE,Banking,5,2024-05-17,خالد,Positive
5647f518-75f9-49b4-84e3-13c12aa9b56a,NBE,Banking,5,2024-05-17,Good Good,Positive
79e5ea21-d06a-4ded-9b35-a3f76629d708,NBE,Banking,5,2024-05-16,ممتاز,Positive
90a44d07-a59e-4ccc-a791-3dc6211bc15e,NBE,Banking,1,2024-05-16,التطبيق لا يعمل و أعطاني رسالة rooted device is not supposed,Negative
a0135b5e-431e-4474-a142-3308034ae603,NBE,Banking,1,2024-05-15,الابلكيشن زي الزفت وخدمة العملاء ازفت,Negative
936796d8-1495-48db-8961-cb0ed1a2af71,NBE,Banking,1,2024-05-15,اسوأ بنك الواحد ممكن يتعامل معاه وابلكيشن عقيم مناسب ل 2004 مش 2024,Negative
7079819a-223e-4c52-aa6f-529fab46105d,NBE,Banking,5,2024-05-14,ممتاز جدا,Positive
f94842d9-6d2c-4f9c-bf81-cfe18b349ad9,NBE,Banking,1,2024-05-13,خدمة عملاء البنك الاهلي فرع الزقازيق مفيش اسوء منها في مصر إدارة غير مهتمه بالعملاء ولا بالفرع,Negative
a034a525-113a-48c3-b2df-f874a972b0b2,NBE,Banking,1,2024-05-13,التطبيق سيئ جدا ما فيه خدمات نهائي لازم انزل تطبيق تاني عشان اعمل اي خدمه وتطبيق توكن لا يعمل المفروض يكون في تطور شويه والله النجمه كتيره عليه كمان المفروض تكون جميع الخدمات من التطبيق الأساسي زي اي بنك,Negative
06bde1a9-ff24-4de5-a1c6-17bc9c98495c,NBE,Banking,5,2024-05-13,ممتاز,Positive
7c95f248-5e89-48be-9a13-996c3f50824a,NBE,Banking,5,2024-05-13,جميل جدا جدا,Positive
019bbd5b-e356-4c2e-a1b2-13e16b725bdb,NBE,Banking,1,2024-05-12,التطبيق لا يعمل مع ان كلمه سر صحيحه وكل حاجه صحيحه ويقولي تم ايقاف العميل ارجو الاتصال,Negative
f09726f9-8a94-4bcf-9f7f-35b116ded3e8,NBE,Banking,1,2024-05-12,التطبيق لا يخرج عند الخروج,Negative
64cb4243-bab3-48a8-98c3-e2b50bb81596,NBE,Banking,5,2024-05-11,Good,Positive
84bd72ec-98c0-4a93-98dd-81060351b727,NBE,Banking,5,2024-05-11,تمام الحمدلله على كل حال الله وبركاته,Positive
97146163-eecb-4742-9631-31e18dec969c,NBE,Banking,4,2024-05-10,تجارب,Positive
13632619-fd68-492a-a5b8-fa48b06ed716,NBE,Banking,1,2024-05-10,التطبيق فاشل بكل المقاييس بعد أن طلب من الكود المرسل لي تم وضعه و بعد ذلك يتم وضع كلمة مرور مؤقت و رغم أن وضعت كلمه السر المؤقت عددا من المرات لكن بدون فائدة للاسف سوف اقوم بحذف تم حذفه التطبيق بي ناجح,Negative
5c1032fb-b4ba-4904-b507-ae0f1370734d,NBE,Banking,1,2024-05-10,فاشل,Negative
f54b295d-fec3-43b8-9eda-ac54309ca42c,NBE,Banking,5,2024-05-10,ممتاز,Positive
9c68a933-949b-4a1b-bcbd-c64ca77afed2,NBE,Banking,5,2024-05-09,جيد,Positive
85b5f748-9c8d-478b-9dfc-a2cfe6223c15,NBE,Banking,5,2024-05-09,ممتاز,Positive
ba297e30-44dc-4ea7-846c-5c1e6ec55efe,NBE,Banking,5,2024-05-09,تطبيق رائع,Positive
0d540367-de2b-4b6f-a406-c431af4990a9,NBE,Banking,5,2024-05-08,رائع جدا اشكركم 🌹🌹🌹🌹,Positive
02344845-be3d-4254-88e1-b66a4683e55f,NBE,Banking,5,2024-05-08,ممتاز,Positive
4f68cf2a-2d8a-4523-8422-862ad7bad5a3,NBE,Banking,5,2024-05-08,مممممتاز,Positive
ab6608e8-e618-4fb8-bc88-95e86fa49112,NBE,Banking,5,2024-05-08,رائغ,Positive
cfa90b77-ac3e-46a3-a87f-96304757a585,NBE,Banking,1,2024-05-07,سئ جدا جدا جدا أصبح لا يعمل,Negative
32ea3459-8efe-4209-967d-2ca0caaaee9a,NBE,Banking,3,2024-05-07,التطبيق مش بيفتح غير بعد عناء شديد,Neutral
4b11da4e-881b-4c40-84c0-79067e4d2b8d,NBE,Banking,5,2024-05-07,ممتازه,Positive
e9fea50f-d484-4893-b119-605bdde768c9,NBE,Banking,5,2024-05-07,ممتاز,Positive
cddf4f9c-0c3e-44c4-83c8-53fbe9c44531,NBE,Banking,5,2024-05-07,Good,Positive
5afac5fa-3c07-4388-ae3e-a3e33ade0a43,NBE,Banking,2,2024-05-06,محمود,Negative
7642c97c-f6c2-431d-bf73-f384616ed8e3,NBE,Banking,1,2024-05-06,تطبيق سيئ ومقرف لا انصح بتحميله التطبيق لايعمل ويرسل اشعار انه لايستطيع الاتصال بالخادم,Negative
a3920cb0-00c5-4806-82d6-e9ef0b76d206,NBE,Banking,5,2024-05-05,ممتاز,Positive
50b8fef5-a3b3-4207-ac5c-783a28b3c989,NBE,Banking,1,2024-05-04,البرنامج متوقف بيظهر غير قادر علي الاتصال رغم انه يعمل من المتصفح,Negative
b133c559-db23-4470-b7e0-96747c001218,NBE,Banking,5,2024-05-04,تطبيق ممتاز ممتاز وعليه كل حاجه بس يا ريت تضيفوا لنا خدمه زياده الحد الادنى للفيزا بتاعه المشتريات بدل ما لسه هروح البنك.,Positive
e1331cf4-a344-4fcf-aa9c-10acce60dadc,NBE,Banking,1,2024-05-03,التطبيق لا يقبل كلمة السر رغم أنها صحيحة ويقول انها خطأ رغم اني فتحت بها عدة مرات من قبل,Negative
34037c30-f2b2-41f7-aa13-771db0ac5b6d,NBE,Banking,5,2024-05-03,سيئ,Positive
cb6ebc92-f8ae-49e5-833d-5e9d21ce91d0,NBE,Banking,1,2024-05-03,من غير المعقول بنك مثل البنك الأهلي المصري المفترض إنه بنك كبير ومحترم لايستطيع أن يقدم للعميل تطبيق محترم يخدم العميل،،،، حقيقة تطبيق سيء جدا ولا يعمل لا انصح به,Negative
62a5b9df-b826-4bea-a951-8d396e52469d,NBE,Banking,5,2024-05-03,ممتاز,Positive
e57e60c0-289e-4c0c-9a8a-6fc69ba8486c,NBE,Banking,5,2024-05-02,تمام,Positive
1c54ce52-eb6b-4eaf-aa3b-ad9acc5b2ad4,NBE,Banking,1,2024-05-01,تطبيق سيئ جدا و لا يعمل,Negative
6f1bb565-5fd5-4e83-bb89-6b14bbf303b3,NBE,Banking,5,2024-05-01,بلال,Positive
05f595ae-f930-49de-9abc-cb19b1bfe305,NBE,Banking,1,2024-05-01,اللطبيق بيطلب تحديث بدخل ع المتجر مش بيكون طلب تحديث ياريت نحل المشكله دي,Negative
cdc8f140-d75f-45a7-8832-e9b2b848d541,NBE,Banking,1,2024-04-30,يرجو دعم الوضع الليلي,Negative
506a6050-efca-4603-abac-04c143a40a11,NBE,Banking,5,2024-04-30,ممتاز,Positive
d18f0386-7dd6-4cd7-96cf-8b67983f646a,NBE,Banking,1,2024-04-30,تجربه سيئه مع البنك الاهلى واهانه للعملاء وعدم رد على الشكاوى وحاجه اخر قرف من البنك,Negative
70ce33d7-4862-43e3-9b95-747d187eb7b5,NBE,Banking,5,2024-04-29,ممتاذ جدا,Positive
703da125-5d42-4cef-9b8b-b1724665630f,NBE,Banking,1,2024-04-29,تطبيق اصبح فوق السيئ كل ما اجي افتح يقولي ٠هناك شيئ خاطئ يرجى المحاوله في وقت لاحق٠ اعملو تطبيق ممتاذ ذي تطبيق البنك المصري دي من الحاجات الي بيهتم بيها العميل 😡,Negative
1639631e-c27a-44cf-9836-5a3c5cc4e180,NBE,Banking,1,2024-04-28,التطبيق أصبح سئ جدا الان حيث يعطي رساله دائما Root device is not supported,Negative
f01fff05-4ed0-49f1-8a3d-9d090d901111,NBE,Banking,1,2024-04-28,أصبح التطبيق سيئ جدا,Negative
2cae4eed-6287-465f-880a-35d1b318e363,NBE,Banking,1,2024-04-28,فرع عباس العقاد بقي أسوأ فرع بجد خدمه العملاء بقت زباله بمعنى الكلمه الانتظار بقي طويل والخدمه بتكون ٢ بس من العملاء والباقي طافي المكتب بتاعه وبرك اكترمن ساعه الواحد بيروح من ٩ الصبح وممكن يقعد لى ٤ العصر وكل مكتب بيفضل العميل عنده ساعه لانه بيعمل حاجه لحد من الاداره كل شويه بجي واحد بيعطل العميل عشان يعمله المصلحه المطلوبه حسبي الله ونعم الوكيل,Negative
7d3ffeb3-5dbf-493b-abf3-de931aeac9aa,NBE,Banking,5,2024-04-28,🤔,Positive
f039f453-ce81-4e6a-ac89-895a8041ce1f,NBE,Banking,5,2024-04-27,شكرا جزيلا لسياتكم,Positive
c8703fad-e165-482d-96d0-801fb234c32a,NBE,Banking,1,2024-04-27,تطبيق سيئ جدا جدا جدا...ياريت البنك يهتم بمعالجة المشاكل لأنه بعد التحديث الاخير أصبح سيئ,Negative
e31f2d2a-fd3a-4355-90be-6ea311c68f0c,NBE,Banking,5,2024-04-27,جيد,Positive
383336c1-4ceb-4cd1-ac1c-8b547b34951e,NBE,Banking,5,2024-04-26,ممتاز,Positive
b076c395-a816-4fab-957a-a1ff87e7e1e5,NBE,Banking,1,2024-04-25,لا يعمل التطبيق,Negative
e9df87c5-56e8-4286-a748-2f8fba4e7126,NBE,Banking,5,2024-04-25,ارجوا تثبيت التطبيق لاستخدامه,Positive
964e8b05-cfb0-4e97-9468-352d5a535ed3,NBE,Banking,1,2024-04-25,👎👎,Negative
018d0c81-65f0-4f84-8fa9-cfef5ca8d921,NBE,Banking,5,2024-04-24,كل سنه وانت طيب,Positive
2760d29b-74a6-410e-a501-b2459d5a70d3,NBE,Banking,1,2024-04-24,اكثر من سئ ولا يستحق حتى نجمه واحده,Negative
