review_id,app_name,domain,rating,date,review_text,review_type
0cdbe693-5a32-41cc-90a5-850db9c97a43,Orange Egypt,Telecom,5,2026-09-29,done,Positive
0abc1501-f30c-49ac-a6e1-9fcd8ee1e504,Orange Egypt,Telecom,5,2026-09-29,أورانج افضل شبكة احسن خدمة مقدمة مصداقية عروض حرفيا,Positive
1fbc0e87-1036-4eca-9905-d1b2f4694525,Orange Egypt,Telecom,5,2026-09-29,ممتاز,Positive
35a789de-cfd5-4ec3-a6d2-435d860a1132,Orange Egypt,Telecom,5,2026-09-29,روعه,Positive
141e8b82-1165-46d8-942b-4259991833e5,Orange Egypt,Telecom,5,2026-09-29,شكرا,Positive
c4d64b63-91cf-469c-b119-1b96bd76ea3c,Orange Egypt,Telecom,1,2026-09-29,خصم مصاريف ليس لها داعي و تحميل العميل مصاريف زيادة عن حقة,Negative
ae59f42c-6e3d-4221-bee2-ebf7e395d626,Orange Egypt,Telecom,5,2026-09-29,ممتاز جدا,Positive
7699c537-b444-4078-8929-cd94b47283e0,Orange Egypt,Telecom,5,2026-09-29,(*) تطبيق لا يتوافق إلا مع أجهزة معينة ولهذا فإن التطبيق فاشل,Positive
08fc0bab-6629-4c48-a7c5-b787b628d77b,Orange Egypt,Telecom,1,2026-09-29,كل ما أنزل اورنج يختفي من علي التليفون زهقت,Negative
2d867391-cfa5-4ee0-8252-e4a8207015bf,Orange Egypt,Telecom,1,2026-09-29,برنامج زفت كل ما اخش على البرنامج يقول لي حدث الصفحه,Negative
e3254273-ad7c-4834-a77e-284f788ed081,Orange Egypt,Telecom,5,2026-09-29,البرنامج مفيد جداً,Positive
32a34144-e1f4-40e5-a660-fac606a3dffc,Orange Egypt,Telecom,5,2026-09-29,خدمه ممتازه,Positive
09e8dc2d-d300-4db5-8c87-7ca4f4f7f6be,Orange Egypt,Telecom,5,2026-09-29,ممتازة ولاكن كثرة التحديثات مزعجة,Positive
6256ce46-d6bf-4815-8379-f25b7ca0abf6,Orange Egypt,Telecom,1,2026-09-29,زباله تكون لسه شاحن نص ساهه ويجيلك تم نفاذ الرصيد شركه وسخه #انترنت_غير _محدود _في_مصر,Negative
1baec97c-de38-4f75-8fc9-bb65f820f0ce,Orange Egypt,Telecom,5,2026-09-29,جميل جداً جداً,Positive
b9b6dbc2-9593-4990-9e42-c19708bfdd54,Orange Egypt,Telecom,3,2026-09-29,لسه هجرب,Neutral
da30054c-c9c3-4d10-9872-a10178bc69c1,Orange Egypt,Telecom,5,2026-09-29,تمام جدااااا,Positive
6e24594d-3063-463f-b197-22d31e37e347,Orange Egypt,Telecom,5,2026-09-29,مش راضي يشتغل,Positive
d2d86d9a-d9fb-407f-948f-45a10d73eba7,Orange Egypt,Telecom,5,2026-09-29,تمام,Positive
060e65ee-d06c-4129-9b55-08ac33ab63cc,Orange Egypt,Telecom,5,2026-09-29,افضل برنامج ❤️❤️❤️❤️❤️,Positive
93589b0c-84a4-4939-89bf-f5612cdecc9e,Orange Egypt,Telecom,5,2026-09-29,جميل,Positive
d303d66b-2ae1-4d1e-82ae-b07fc1a302af,Orange Egypt,Telecom,5,2026-09-29,ممتاز,Positive
cc503c56-a587-41f4-ac0e-6a71d0c3f039,Orange Egypt,Telecom,1,2026-09-29,الميجابيت بتخلص اسرغ من الصاروخ مفيش هدايه زى باقى الشركات وحتى عجله الحظ كلها عروض ع الباقه والحروف مبقتش تجيلى والهدية ال ع الكارت بقت قليله وحاجه زفت خالص الواحد يغير الشريحه احسن من شغل النصب ده,Negative
41287e12-c257-4ac7-9722-96203e440c25,Orange Egypt,Telecom,1,2026-09-29,تطبيق بايظ مش عاوز يحمل ومفيش هدايا غير لازم اشحن كل يوم عشان اخد هديه بصراحه احلى نظام.. نظام اتصالات,Negative
dfbb3206-5f88-4dca-b237-67f2148cbcbc,Orange Egypt,Telecom,5,2026-09-29,ممتاز,Positive
515d1012-2f20-4d68-a00f-2b22c8b3ae57,Orange Egypt,Telecom,4,2026-09-28,جميل بس الهديه مش قوي,Positive
cdfc2a90-4534-481c-a246-889ed779d71e,Orange Egypt,Telecom,5,2026-09-28,تمام,Positive
39d2103d-c445-46e4-a94f-53fcc9df3b3e,Orange Egypt,Telecom,5,2026-09-28,رائع جداً,Positive
b11786b5-0f70-4380-89a8-1718640af8cf,Orange Egypt,Telecom,5,2026-09-28,ممتاز جدا جدا,Positive
0f13324c-7e8e-46e6-bf7a-079e3ba8037e,Orange Egypt,Telecom,5,2026-09-28,كويس اوي اوي اوي,Positive
64e84d97-1a38-4f37-8102-db5864f9f927,Orange Egypt,Telecom,5,2026-09-28,رائع جدا,Positive
c5060598-b8bc-44fa-8248-9d73fa7a9d3e,Orange Egypt,Telecom,3,2026-09-28,هدايا موجود نصب موجود,Neutral
7895e2f3-6c3f-4a6d-9c00-38c37522f849,Orange Egypt,Telecom,5,2026-09-28,ناجح,Positive
f00bc8f2-8e31-4b05-926e-b2b20de21287,Orange Egypt,Telecom,4,2026-09-28,كويس 🙂,Positive
25a4f42a-0fb3-4ce4-8281-5e7cfeb85b96,Orange Egypt,Telecom,1,2026-09-28,خدمه سيئه جدا لا اعرف لماذا كل شهر يتم وقف المحفظه,Negative
41134361-62e1-434f-8f65-0ff62b29d845,Orange Egypt,Telecom,5,2026-09-28,حلو 🙂,Positive
f1224d94-879c-4680-8cb5-6eb28d0cfd87,Orange Egypt,Telecom,5,2026-09-28,افضل برنامج,Positive
c5c1bcb5-5da4-477b-994d-a59026c35f4d,Orange Egypt,Telecom,5,2026-09-28,ممتاز,Positive
ebc2770b-7ade-402c-9563-05138aa72663,Orange Egypt,Telecom,5,2026-09-28,يستحق ١٠ نجوم,Positive
411d4f19-0fa9-4e7b-95b9-76ebc356be0f,Orange Egypt,Telecom,5,2026-09-28,اه,Positive
1a93706d-f772-461c-a8c2-7bab43ca756e,Orange Egypt,Telecom,5,2026-09-28,جيد,Positive
6cb5837d-b549-4c38-bf71-f0027a3dc847,Orange Egypt,Telecom,5,2026-09-28,أحببته,Positive
07bf2d19-a5d8-49db-9593-61c6e00b7599,Orange Egypt,Telecom,5,2026-09-28,جيد جداً,Positive
b688d59f-6cae-483c-901a-15b9750e9dc8,Orange Egypt,Telecom,5,2026-09-28,جمال,Positive
2871857f-3187-4fd2-ba38-4454a4764ee1,Orange Egypt,Telecom,5,2026-09-28,رائع,Positive
985a6479-44ad-4c0a-a20b-5c6ecad3a487,Orange Egypt,Telecom,5,2026-09-28,سهل وبسيط بس عجلة الحظ مالهاش حظ,Positive
7046231e-1a51-470b-b1a6-ca0ef13efcc0,Orange Egypt,Telecom,2,2026-09-28,غيرت النظام وكل لما افتح يجيبلك النظام القديم ومش جايب الرصيد المضاف,Negative
bbe57985-89f9-4067-beda-b78dc54af2f2,Orange Egypt,Telecom,5,2026-09-28,تطبيق جميل وممتاز,Positive
3690ff6f-e9cd-43ed-9757-674e54fb3054,Orange Egypt,Telecom,5,2026-09-28,ممتاز جدا جدا جدا,Positive
3c7007d2-55c9-42c2-9384-3760db12bc54,Orange Egypt,Telecom,5,2026-09-28,اجمل شركه,Positive
451937f9-e530-4087-8727-6d943d5b0a7e,Orange Egypt,Telecom,5,2026-09-28,شكراً,Positive
e18bf869-f5d1-4d57-8dff-a9ca533697b4,Orange Egypt,Telecom,5,2026-09-28,تلف,Positive
da9f0286-d5f8-4a0a-812b-3bc9613761c7,Orange Egypt,Telecom,5,2026-09-28,اينيك في الرصيد,Positive
33366b54-3e00-4594-9d3c-bec0a2f14503,Orange Egypt,Telecom,5,2026-09-28,تمام,Positive
f8d90307-9d24-4081-9a76-a21a77547fb7,Orange Egypt,Telecom,5,2026-09-28,جميل جداً,Positive
259a83da-5e93-4f55-a7ae-077df0f8010b,Orange Egypt,Telecom,2,2026-09-28,التطبيق بقا بيفتح بنت بس مش مجانى زى محنا كنا فاهمين مش بعرف افتح المحفظه غير لما تكون فيه باقة نت أو وحدات على الخط غير كده 🫰 مافيش,Negative
52ca2de0-2a5e-4f57-ae29-7e0c23622010,Orange Egypt,Telecom,5,2026-09-28,مى اورنج,Positive
0a8d0448-56da-445d-9a1e-0f3f695d9998,Orange Egypt,Telecom,5,2026-09-28,برنامج جميل جدا ورائع وانصح بتنزيله,Positive
46d71b77-0367-4e7e-9386-55e5671a5404,Orange Egypt,Telecom,5,2026-09-28,ممتاز,Positive
64e64be8-c09c-4037-91e7-a5a51daa0ed8,Orange Egypt,Telecom,5,2026-09-28,فان الطتبيق جميل جدا,Positive
39f45027-b746-4d33-b3f9-05e14aa454aa,Orange Egypt,Telecom,5,2026-09-28,برنامج جميل,Positive
bd6ad24b-0bca-466c-b75c-616f330dc497,Orange Egypt,Telecom,5,2026-09-28,جيد,Positive
663650e3-2484-4119-a60e-64f29e633663,Orange Egypt,Telecom,5,2026-09-28,ممتاز,Positive
f3a9c45b-3735-4e3e-b474-6a81ad5a2955,Orange Egypt,Telecom,1,2026-09-28,ما فيش عروض كويسه و بتضحكوا علينا,Negative
b544d28a-4b46-4fe8-a0f4-d1e73afc8a3c,Orange Egypt,Telecom,5,2026-09-28,جميل,Positive
bcf10436-8c0f-470e-bd95-836a6895247f,Orange Egypt,Telecom,4,2026-09-28,شكرا,Positive
a448b5cf-ea2e-4df7-a330-58ec45876586,Orange Egypt,Telecom,5,2026-09-28,جيد,Positive
cc4daf99-548f-4e79-a663-bd202cddf7ad,Orange Egypt,Telecom,5,2026-09-28,ممتاز,Positive
d4c5f5d5-9381-4e01-9020-dbfa29a545dd,Orange Egypt,Telecom,5,2026-09-28,ممتاز,Positive
aa93c7f6-d704-42b1-8858-1c93bbd28b70,Orange Egypt,Telecom,5,2026-09-28,جميل جدا والله انا عائلتي كلها منزلها بجد التطبيق تحفه ♥️♥️♥️♥️,Positive
a4516a1c-31b1-4a01-8796-16e719e93071,Orange Egypt,Telecom,5,2026-09-28,رائع,Positive
011471d6-21e4-450d-bd86-4547370bee94,Orange Egypt,Telecom,5,2026-09-28,ممتاز,Positive
0b71a764-4c8a-45db-a11a-cf782f02b650,Orange Egypt,Telecom,5,2026-09-28,أحياناً بتوقف,Positive
7f87da3d-e2b4-4df5-b02e-81093e0c8e88,Orange Egypt,Telecom,5,2026-09-28,ممتاز,Positive
21e95a79-4882-4754-8aaa-892caf4be8b4,Orange Egypt,Telecom,5,2026-09-28,برنامج رائع جدا,Positive
9b74a449-24b2-4d32-9861-156413b2734d,Orange Egypt,Telecom,5,2026-09-28,حلوه,Positive
fc206e6e-2087-4cd2-9275-53881a8db049,Orange Egypt,Telecom,5,2026-09-28,ممتاز,Positive
a75cade1-211d-47ac-ada3-bcc508516c1d,Orange Egypt,Telecom,5,2026-09-28,جميل,Positive
38b4d7fb-e3ba-45bc-b480-33ed2f63387d,Orange Egypt,Telecom,5,2026-09-28,تطبيق حلو جدا و انصح الجميع باستخدامه لانه جميل جدا جدا و لو نجمع الحروفه كله بتاعت اورنج مكس ات هيديكوا زي ١٠ و ٢٠و ٣٠ و ٤٠ جيجا,Positive
a5fb6149-6e3a-40ae-8571-8f53a13dc805,Orange Egypt,Telecom,5,2026-09-28,gooooood,Positive
1dd7f619-6af2-412c-b1a2-973898f11311,Orange Egypt,Telecom,5,2026-09-28,🤍,Positive
d579eb9c-686f-4e60-aa4c-df4c51ea3db7,Orange Egypt,Telecom,5,2026-09-28,ممتازه جدا,Positive
18f5eec9-ef7f-4fb5-848e-e0ad2a09ec0a,Orange Egypt,Telecom,5,2026-09-28,الله ينور,Positive
91db0154-1c56-464a-a543-233bb2b2adaf,Orange Egypt,Telecom,5,2026-09-28,ممتاز,Positive
3aa02059-8f52-4c84-a3f5-499186e5fbdd,Orange Egypt,Telecom,5,2026-09-28,العجله حلو . . . ...... .... . .......,Positive
2c45573f-03aa-4e46-aea3-798c522b31fc,Orange Egypt,Telecom,5,2026-09-28,جميل جدا,Positive
d203e4d2-23ea-4438-8009-e11f3935f968,Orange Egypt,Telecom,5,2026-09-28,تطبيق ممتاز وسهل جدآ,Positive
ebf1e3c7-c8da-449b-84bf-5ba28e297bbe,Orange Egypt,Telecom,5,2026-09-28,هناك مشكله واحده فقط وقت الهديه البرنامج رائع وجميل,Positive
09a8ef73-991d-458a-a266-0cab2a40774b,Orange Egypt,Telecom,5,2026-09-28,ممتاز,Positive
47f03471-26dc-4b07-be4f-757a2ad4b732,Orange Egypt,Telecom,1,2026-09-28,حراميين ونصابين,Negative
4aff834c-9340-4e0d-945f-5699ba6c9567,Orange Egypt,Telecom,5,2026-09-28,روعه,Positive
e11fe909-2720-403a-84fe-65608bec905e,Orange Egypt,Telecom,1,2026-09-28,كل لما بجيلي حرف مش بيفتح معايه علي الابلكيشن عشان احطه,Negative
852c243d-5a0a-44be-a4a6-74bc636d7fed,Orange Egypt,Telecom,5,2026-09-28,ممتاز,Positive
8cc8e845-1576-4cbf-b901-255262436a28,Orange Egypt,Telecom,1,2026-09-28,تطبيق ملهوش لازمه,Negative
f8faeca5-f432-4bf4-adc7-90ff7120e841,Orange Egypt,Telecom,5,2026-09-28,ممتاز جدا,Positive
f7b66156-c871-4c39-924b-f31b58e64c14,Orange Egypt,Telecom,4,2026-09-27,التطبيق حلو جدا وكل حاجه لكن في مشكله وحده وهي ان لما بتشتري خط جديد وبيعدي عليه فتره مبيجلهوش نت او هديه هو حلو لكن حولوا تزوداو الهديه بليززززززز ❤️🥺🥺🥺🥺🥺🥺🥺🥺🥺🥺🥺🥺🥺🥺🥺🥺🥺🥺🥺🥺🥺🥺🥺🥺🥺🥺🥺🥺🥺🥺🥺🥺🥺🥺🥺🥺🥺🥺🥺🥺😬😬,Positive
6ccdb304-d69a-404d-9bb5-35ea6d89edb6,Orange Egypt,Telecom,5,2026-09-27,ممتاز جداً جداً,Positive
e752d6b8-e5f6-4327-aa3f-c9b57310bfb3,Orange Egypt,Telecom,5,2026-09-27,ططبيك جمد,Positive
b9dd9633-b359-4570-8649-9e41c271c5c2,Orange Egypt,Telecom,5,2026-09-27,ممتاز التجربة,Positive
d88332bf-ece4-4e5b-afa7-5f7926444137,Orange Egypt,Telecom,5,2026-09-27,جميل,Positive
2c773dbf-ad36-4441-8a1b-76530f21bcc1,Orange Egypt,Telecom,5,2026-09-27,جميل جدا,Positive
f8bf30ed-8922-4759-ab9a-b794b5929918,Orange Egypt,Telecom,1,2026-09-27,باقه الانترنت داتا اعلي باقي تنتهي باسبوع..لا يوجد حلول لمشكله استمرت عام كامل وأصبحت الشركه عباره عن سيستم لسحب الرصيد والميجابيت فقط استنزاف واستغلال لابعد الحدود وقريبا سيتم التحويل لاي شركه أخري غير اورنج,Negative
a0111ebb-1771-43ca-95a3-9dec62db24d3,Orange Egypt,Telecom,1,2026-09-27,جامد,Negative
1e10378e-90a8-4324-b8e3-30956aebf79b,Orange Egypt,Telecom,5,2026-09-27,جميله جداا,Positive
6e790a28-9f38-407f-8f50-24326d576ebf,Orange Egypt,Telecom,5,2026-09-27,تطبيق ممتاز,Positive
e57d6728-e45f-40c2-86e3-663c077302fb,Orange Egypt,Telecom,5,2026-09-27,جيد,Positive
53dfe504-0d45-451e-af20-b354978c0309,Orange Egypt,Telecom,1,2026-09-27,مش يستحق نجمه تطبيق فاشل و شحنت كارت ب 250 مش راضي يشحن وكلمت خدمه العملاء بيقولوا ارجع للمكان الي جبتو منو وانا قاتلهم انو مش هينفع يرجع و الكرت راح علا الفاضي,Negative
e5706250-fa4d-4d60-a8d4-771987024fa4,Orange Egypt,Telecom,5,2026-09-27,ابليكيشين ممتاز جدا,Positive
ae8c32e9-6bc4-4f2d-bbc1-bb3da600509b,Orange Egypt,Telecom,5,2026-09-27,هيص,Positive
47a2b743-6e2d-4709-ab4a-2257aa72738d,Orange Egypt,Telecom,5,2026-09-27,جمل جدن,Positive
7f97ce42-3e6e-48e6-987f-3b761e150790,Orange Egypt,Telecom,5,2026-09-27,😍,Positive
cf3c3842-95f9-47ad-826f-c8a019a3f8de,Orange Egypt,Telecom,5,2026-09-27,هو تحفه بصراحه بس ف مشكله بسيطه انا كل لما اجي العب لعبه الحظ بيجيلي نفس التلت حجات الي كل يوم بتجيلي,Positive
ab5be235-f827-4f63-bc67-47eac3c1fa58,Orange Egypt,Telecom,3,2026-09-27,عند الشحن وفتح تطبيق ماي وي لاختيار العروض يتسحب الرصيد وكلام مش مفهوم كانت افضل من قبل للاسف ارجو أن يكون التحديث للأفضل انشاء الله اورانج كاش لاتعطي الكاش باك عند دفع فاتوره الكهرباء كله كذب,Neutral
e52da857-a10b-40a0-87c1-1bb4bb6c2a64,Orange Egypt,Telecom,4,2026-09-27,ممتزه,Positive
5f64c440-13bb-46dc-9ea8-fdfed390498d,Orange Egypt,Telecom,5,2026-09-27,جيد,Positive
7cffe99a-d4c7-44cd-9b2b-3f148524379b,Orange Egypt,Telecom,3,2026-09-27,تحت التجربه,Neutral
9b83a893-2b97-44db-b261-e86023ff37ea,Orange Egypt,Telecom,5,2026-09-27,جيد جداً,Positive
589f6c1a-3a23-41ab-a1c0-e3e553598f1c,Orange Egypt,Telecom,5,2026-09-27,جميل,Positive
763da935-e9db-493c-9d29-0879af5d7b43,Orange Egypt,Telecom,1,2026-09-27,هو حضراتكم المفروض بعد تجميع الحروف اسم اورنج يتم الفوز بالهدايه 10جيجا المفروض بقى استلم الهدايا فين الهدايا للعلم تم تجميع الحروف,Negative
9f143de9-f430-4a4c-8201-64331929a129,Orange Egypt,Telecom,2,2026-09-27,هههههههههههه حلوه اوي,Negative
5a5bee65-0f3c-415d-a301-5e3e74dfd1eb,Orange Egypt,Telecom,5,2026-09-27,جيد,Positive
891a7b1e-f4ed-40f0-b964-d3e5f65421ad,Orange Egypt,Telecom,5,2026-09-27,تم,Positive
7894af1c-d58e-4aee-972b-dd544bf248c2,Orange Egypt,Telecom,5,2026-09-27,احلاتطبيق وممتاز,Positive
37471563-8ece-42e2-ba14-ae8b4ac03eb9,Orange Egypt,Telecom,5,2026-09-27,مممم,Positive
caf6edcb-2f7a-488f-8cd7-f0a899268200,Orange Egypt,Telecom,4,2026-09-27,حلو,Positive
6ec5f49e-8358-41c6-acb3-e232b0bc40b8,Orange Egypt,Telecom,5,2026-09-27,احمد رجب,Positive
a4a9ddda-9287-48e9-a540-0b7356800ccf,Orange Egypt,Telecom,1,2026-09-27,هو ممتاز بس لما تيجي هدية ميجابيتس مبينزلش وبيفضل يسحب من الباقة لابد من وجود طريقة لذلك ودلوقتي بقت الهدايا قليلة جدا ومحدودة للغاية وزاد كمان موضوع الكاش باك مع دفع الفواتير وللأسف مش بينزل ومفيش خدمة عملاء حقيقية كله عن طريق AI ولا بيعمل حاجة,Negative
5df807e1-fd00-4bc1-98fe-dc0677c92f3b,Orange Egypt,Telecom,5,2026-09-27,شبه حلو,Positive
48f41d91-8931-4481-8b6e-61af227c0a6c,Orange Egypt,Telecom,5,2026-09-27,تحفه بجد احلي حاجه المحفظه بتعمل عليها بكل سهول وبقدر اعمل حتي لو مش معايا نت بجد تحفه,Positive
0f474934-b753-4c6c-a63d-b76ba70d3bba,Orange Egypt,Telecom,5,2026-09-27,جامد,Positive
48f241f5-d1b2-4cff-a574-8a988b4f56f5,Orange Egypt,Telecom,5,2026-09-27,سهل الاستخدام,Positive
f03b4e49-7edc-45e5-94ae-8226d0c7fc9f,Orange Egypt,Telecom,1,2026-09-27,انتوا شركة نصابة وحرامية وخدمة عملاء ما يختلفوش عنكم ومحدش بيساعد .. لأ ده بكل قلة ذوق لما تقدم شكوى يقفلوا في وشك كأنك انت اللي شغال عندهم مش هم اللي سارقين فلوسك ولا حاجة ...,Negative
ef514530-4d77-445e-874a-bc1c8ada8b97,Orange Egypt,Telecom,5,2026-09-27,ممتاز,Positive
0df06d7b-ce32-4f97-a7a0-2c2b9e8983f7,Orange Egypt,Telecom,5,2026-09-27,من احسن الطبقات الي استخدمتها في حياتي,Positive
698d2cc1-59e3-4f21-bdc4-a0c228c5ca85,Orange Egypt,Telecom,5,2026-09-27,مرحبا اختيار صح,Positive
0b68d454-771d-41c4-ad0b-515717aa9b5a,Orange Egypt,Telecom,5,2026-09-27,ممتذه,Positive
f3c88770-c002-4a24-96dc-74cbf1a21af5,Orange Egypt,Telecom,5,2026-09-27,بيعلق كل شويه,Positive
fac979d8-ae7a-497a-aef5-3de4b0b9e434,Orange Egypt,Telecom,1,2026-09-27,اسود شركه اتصالات تعاملت معه /شبكه تحت الصفر /محفظه مطلوب شبكه / أي خدمه مطلوب شبكه نجيب احنا شبكه منين,Negative
ff146824-a42a-4cbb-b578-bd95e2e4d829,Orange Egypt,Telecom,5,2026-09-27,ممتاز,Positive
817be991-35a9-46f2-af73-5ac6693f3cde,Orange Egypt,Telecom,5,2026-09-27,حبيب,Positive
359e2e58-93ea-4da3-9934-853efcf1ba09,Orange Egypt,Telecom,3,2026-09-27,جميل وسريع,Neutral
28cf2d33-2fc0-40e1-937c-986aaf30eb0b,Orange Egypt,Telecom,5,2026-09-27,ممتاز,Positive
0a910e58-3454-4ba8-aa65-4336a14917de,Orange Egypt,Telecom,5,2026-09-27,جميل,Positive
34c4502b-943a-42b4-aa93-d1ec3b7a60ad,Orange Egypt,Telecom,5,2026-09-27,الهديه تبقى يوم كامل مش ست ساعات,Positive
1d274428-4188-4956-bc75-aaf508369169,Orange Egypt,Telecom,5,2026-09-27,جميل جدا,Positive
7136589c-1587-4976-8161-e56c0558a31a,Orange Egypt,Telecom,2,2026-09-27,حلو,Negative
8141992c-2ee2-421a-877e-345804aa7a83,Orange Egypt,Telecom,5,2026-09-27,❤️,Positive
1e94c9fd-7c52-466c-902a-17daa68835db,Orange Egypt,Telecom,5,2026-09-27,ممتاز وشكر ا,Positive
01b1addf-eca7-4273-845e-b76a3a171274,Orange Egypt,Telecom,5,2026-09-27,اورنج مصر احلى اورنج,Positive
73d8be0a-b175-40ab-82ec-9670c921344b,Orange Egypt,Telecom,5,2026-09-27,رائعه,Positive
141d80d5-aa58-49c7-9908-451851b399d2,Orange Egypt,Telecom,5,2026-09-27,ممتاز,Positive
a4e6570d-a665-4431-8cc6-449179df6cc2,Orange Egypt,Telecom,5,2026-09-27,ممتاز,Positive
b6182ad0-9a9c-4543-9f78-5bb775fb075a,Orange Egypt,Telecom,1,2026-09-27,اسوء تطبيق,Negative
43860266-ef59-47fd-8921-fb93121fdb9e,Orange Egypt,Telecom,5,2026-09-27,so nice,Positive
48b64d6c-6d28-4ab7-a3d8-f2048013d61f,Orange Egypt,Telecom,5,2026-09-27,٠٠,Positive
672daaab-819c-4ea4-87ce-d0656fec0ed6,Orange Egypt,Telecom,5,2026-09-27,ممتاز,Positive
8aa9c606-9e37-4042-b1ca-d0123a25ee5b,Orange Egypt,Telecom,5,2026-09-27,ممتاز,Positive
0eda8ff4-1e01-40b1-99a8-c97c90b396a5,Orange Egypt,Telecom,1,2026-09-27,برنامج سى,Negative
59c1c12d-8d46-498c-ae88-1187605b079f,Orange Egypt,Telecom,5,2026-09-27,ممتاز,Positive
099c758c-63b2-4e1d-8d8a-a799bd35a41d,Orange Egypt,Telecom,5,2026-09-27,تمام,Positive
e09fbdf8-30f4-49e8-b016-a48704821975,Orange Egypt,Telecom,5,2026-09-27,ممتاز,Positive
85b41389-90a4-415f-9149-b35be368ef35,Orange Egypt,Telecom,1,2026-09-27,محفظة أورنج كاش لا تعمل إلا بالأنترنت وبمجرد فتح البيانات يخصم 2 ج,Negative
6ffd116d-cb8a-480e-a7c0-4478d8536a0c,Orange Egypt,Telecom,5,2026-09-27,good,Positive
4f6cfceb-58dd-4db2-91ba-fcd989aeb4dc,Orange Egypt,Telecom,1,2026-09-27,طلب منى تسجيل دخول عملت كل حاجة ومش راضي يشتغل وكل حاجة مش باينة حتى العجلة برجاء حل مشكلتي,Negative
d4fa24ba-359f-456d-82ef-5ab4516ff20d,Orange Egypt,Telecom,3,2026-09-27,اذا كان مثل السابق فسيكون تكليف رائع وشكر لاورنج,Neutral
87aa5274-e00b-4d11-bb3f-8509e8a4d0ca,Orange Egypt,Telecom,5,2026-09-27,مش حلو الاول كان احسن بكتير,Positive
30538099-f60b-49fa-baa5-1b4f46a0ebec,Orange Egypt,Telecom,5,2026-09-27,جميل جدا هذا التطبيق,Positive
01193aab-d59f-4d19-9fbd-805a9bf135dd,Orange Egypt,Telecom,5,2026-09-27,ممتاز جداً جداً شكراً لدعم اورنج شركه عظيمه بجد ❤❤,Positive
8a4079e9-b44f-4ab1-910f-49b8d63f657a,Orange Egypt,Telecom,4,2026-09-27,النت حبها غالي عن بعض الشركات,Positive
61825fde-e3fe-4e65-88a3-948f11002cf0,Orange Egypt,Telecom,5,2026-09-27,جميل,Positive
5e6ab6f3-7596-485e-8ea7-9f234470ebb7,Orange Egypt,Telecom,5,2026-09-27,يستحق اكترر من 100000نجمه🥹♥♥♥🐣🩷✨,Positive
99020cde-38c8-4060-992b-c324b6dea992,Orange Egypt,Telecom,5,2026-09-27,تحفه تحفه,Positive
c8ea6571-ce2f-41b9-83c6-a4b54ef52dc0,Orange Egypt,Telecom,5,2026-09-27,تمام 👌,Positive
a9614310-f8ae-4f33-bb32-b06ee5e0e6e7,Orange Egypt,Telecom,5,2026-09-27,جميل جدا,Positive
29a45740-cfbd-4ae3-8f9f-185bc7a8fda7,Orange Egypt,Telecom,5,2026-09-27,ممتاز,Positive
ce48f316-970a-470b-87c7-b80ff6933fcd,Orange Egypt,Telecom,1,2026-09-27,مش احسن حاجه,Negative
5f37e339-70f5-4795-976b-70fbaa5738c3,Orange Egypt,Telecom,5,2026-09-27,الفضل واروع شركه شوفتها في جميع الشركات حتي الان كا انترنت منزلى وفون,Positive
e4c5697e-f5ac-4a0a-87f6-659b99c35d78,Orange Egypt,Telecom,5,2026-09-27,جيد جدا,Positive
960e204d-15ce-49cc-ae1d-6c74ce5d566f,Orange Egypt,Telecom,5,2026-09-27,هائل,Positive
444e7b98-7119-4e8a-bd4a-ee939691209d,Orange Egypt,Telecom,1,2026-09-27,حسبي الله ونعم الوكيل فيكم شركة حراميه بتسرق الرصيد في ثواني كل ما بشحن رصيد صافي عشان اشترك في باقة نت مبلحقش اشترك في اي باقة ولاقي الرصيد خلص مره وحدة بيختفي بجد شركة زبالة,Negative
a6a7194b-d835-4b41-8bf6-41156e2af233,Orange Egypt,Telecom,5,2026-09-27,جميل,Positive
2b7cb8ea-87fb-496f-ae44-f16f9895dafd,Orange Egypt,Telecom,5,2026-09-27,ههه,Positive
8b4d1f02-bb14-456c-b241-a74fbbcb127d,Orange Egypt,Telecom,5,2026-09-27,تمام شكر,Positive
15e5fa19-057d-4d2a-bdbe-b1d2f6eebe4f,Orange Egypt,Telecom,5,2026-09-27,ممتاز,Positive
d120d377-633b-4dd5-94b9-f29095ffcb45,Orange Egypt,Telecom,5,2026-09-27,أنا بحب برنامج ماي أرنج وفر عليه حجات كتير,Positive
85e23748-c38d-4518-901f-2b26b0597ac3,Orange Egypt,Telecom,4,2026-09-27,شحن الموبايل جيد ولم ارا الجائزة واعرفها منين اما الشيء اللي زعلان منكم لايوجد احد يتابع الروتر اللي عندي واوفاجىء يقولوا لي لو احد يجيلك من الفنين من ٧٠ج الي ٣٣٠ هل هذا صحيح.نفسي اعرف بعد اذن حضراتكم ولكم الشكر ويجب الاهتمام لاني من ساعة عمل الفيبر اكثر من شهرين وعملت كذا شكوا وسني كبير وعايز اففهم وللعلم طلبو مني ادفع وقد دفعت في المكتب بجواري في الحي السابع مدينة نصر واسمي علاء محمد أنور ابراهيم ارجوكم اقفوا معي لوسمحتم عايز النت يشتغل مع الشكر.,Positive
40472d0e-de90-4a5c-b7d0-40f27352dd1e,Orange Egypt,Telecom,5,2026-09-27,احسن ابلكيشن اورنج,Positive
44c22735-7206-4502-a0f5-71b1a04a44ee,Orange Egypt,Telecom,4,2026-09-27,جيد إلى حد ما,Positive
b6d05bd7-7341-4ef3-8ccf-0a1d79c1d68b,Orange Egypt,Telecom,5,2026-09-26,جيد جدااا,Positive
c5ec861f-0d66-4e84-b14c-c70ff3049f54,Orange Egypt,Telecom,5,2026-09-26,تمام,Positive
0ab34ada-7caf-4d5e-9767-2cd16debb545,Orange Egypt,Telecom,1,2026-09-26,العروض اليوميه مش موجوده,Negative
2941ebd2-29dd-4d04-9712-997d2fe2162d,Orange Egypt,Telecom,1,2026-09-26,ابلكيشن مابيفتح كاش,Negative
9bf0b15b-e61b-45d3-83d7-de59836a463d,Orange Egypt,Telecom,5,2026-09-26,ممتاز,Positive
8872cd97-1ff4-452c-ae6f-fc4788be5ca9,Orange Egypt,Telecom,5,2026-09-26,احسن طبي,Positive
493679c6-7a5f-4353-b8a7-298d01b43920,Orange Egypt,Telecom,5,2026-09-26,ياااااا جمااااااا لوووو,Positive
77178547-bfa2-40df-bd4c-c78f95265c52,Orange Egypt,Telecom,5,2026-09-26,ممتع,Positive
a5fbd44c-b68b-4ae9-b1cc-000f6b48b00c,Orange Egypt,Telecom,1,2026-09-26,ابلكيشن جميل جدا,Negative
595d9d8a-4524-4d16-af0f-e7c5f662b5b5,Orange Egypt,Telecom,5,2026-09-26,حححححححخهقتصتيتتيتقنقنقتقتتقهققههصخ2ححصه82خخقنينبززيزيز يت يتيتيتيتيتتييتتييتتيتييتيتيتتيتيتيتويتيت توا ياتو يتو يتوا يوات. وياتو يات وياتو ياتو يلتايتاوتياو يتتيتزيتاوتواتيتاوت يزيتواياتواتوياتوي ياوت ياتواتي يتل ويتا ايلت لتياتو ييات واتو واتوص2تاوه2ه2ه2ه2ه888ص83هتقهوهو4تنيخفههيه2تينيهين1ينحيح2نيهقهنيهبهصنحيززقصزوصويو يو و يوي يوو وي ويويزيت2تتقتوقتقتقتزيتويقوتيوتوزصقووصوقزقزقزيزقت2تخقن3نخمحلوتقاقويتويو يليح1تهعاوي76وه2هنهاوبهو6خنفهاوهق8حصن2ت2تتت1اتوصتواتصهوقتقزقزقزقتوتوفتقتتقاوتاوقتزاقتتقزيزي,Positive
f07652db-33ec-490b-86e5-759b51b1ee00,Orange Egypt,Telecom,5,2026-09-26,ممتاز,Positive
53df71be-d9e1-4213-a4a8-c88e8390256e,Orange Egypt,Telecom,5,2026-09-26,ممتاز,Positive
557545c6-c54f-4a8a-b767-623512f49107,Orange Egypt,Telecom,5,2026-09-26,100000/10 شركه زي عسل وبتدي هدايا كتيير,Positive
408cf43b-81b1-4512-a07c-35bf5400abef,Orange Egypt,Telecom,5,2026-09-26,تطبيق رائع,Positive
7f86818f-890a-4225-bb7f-b9438f902526,Orange Egypt,Telecom,5,2026-09-26,ممتاز,Positive
d12db5d1-aaf8-4ca7-97e9-0e2bbf1f1213,Orange Egypt,Telecom,5,2026-09-26,يرجي حل مشكله في المحفظه ومراجعت الرصيد وتحويل الرصيد في هناك مشكله,Positive
d3d99efa-ec6e-4ded-ae5c-253ddc0b4cb5,Orange Egypt,Telecom,5,2026-09-26,اورنج بتتحسن,Positive
0f6d76b9-101f-4e63-a6da-2a39973e26e6,Orange Egypt,Telecom,2,2026-09-26,ناقص حاجات كتير فيه,Negative
f4bbcfa3-a7bd-4e51-ba7c-e4110e4a5b4d,Orange Egypt,Telecom,5,2026-09-26,ممتاذ,Positive
e94c44d0-e29d-47e9-8f5b-b8a06839ed31,Orange Egypt,Telecom,5,2026-09-26,حلو,Positive
a4f52ae7-e263-496b-834e-c1a1fb76d17e,Orange Egypt,Telecom,1,2026-09-26,ليه متعبين اوي كده مش عارف اتواصل مع خدمه العملاء من اي رقم من أرقام الشركه اتصل ب 110 هري فاضى ومفيش حاجه مفيده لايستحق نجمه واحده خدمات صعبه وشبكه سيئه للغايه والمحفظه حاجه زفت حتى في التحديث صعب جداا,Negative
9c286682-7955-4492-ae94-b380c4c1b137,Orange Egypt,Telecom,4,2026-09-26,حلو,Positive
d2b7bc46-1ead-48ae-97d8-138b9c9f70ca,Orange Egypt,Telecom,1,2026-09-26,سيئ جدا جدا جدا,Negative
f361e499-2ce5-4c29-83c8-9aedba966be9,Orange Egypt,Telecom,5,2026-09-26,ممتاز ممتاز,Positive
83530d03-05e2-4cb0-8d8b-76bb157c179d,Orange Egypt,Telecom,5,2026-09-26,خدمه ممتازه ولكن دائما الشبكه ضعيغه,Positive
b7d89e3d-c221-4a77-9240-49d90e665626,Orange Egypt,Telecom,5,2026-09-26,ممتازه,Positive
c4412266-5d25-4631-b32b-8366e26324dd,Orange Egypt,Telecom,5,2026-09-26,رائع,Positive
6c1ca9e1-76a9-4915-8916-2924f87b3cd9,Orange Egypt,Telecom,1,2026-09-26,شركة حرامية,Negative
da80891d-5c1f-464d-8bed-2f32fcba4b81,Orange Egypt,Telecom,5,2026-09-26,كويس,Positive
d7e8efc2-0041-47e5-826c-c44540a43564,Orange Egypt,Telecom,5,2026-09-26,حلو في الاستخدام,Positive
a164195b-6c09-4e20-8c17-a7c2140f8e04,Orange Egypt,Telecom,5,2026-09-26,قلبي,Positive
e3ab51d3-0ce8-4220-920a-1befff602ca1,Orange Egypt,Telecom,5,2026-09-26,ميه الميه,Positive
62b16656-ecf2-4a26-98ea-4f692eb5b0e1,Orange Egypt,Telecom,5,2026-09-26,محمود,Positive
b625ced0-869d-4b52-92bc-e1a906d42ac6,Orange Egypt,Telecom,1,2026-09-26,ممتاز ممتاز,Negative
4b9a5f4a-4f70-4030-979f-179ab2d4810f,Orange Egypt,Telecom,1,2026-09-26,واحشة,Negative
a0e1c35e-505e-4d94-b320-601e5e0ce477,Orange Egypt,Telecom,4,2026-09-26,ممتاز,Positive
0b200e56-5ea3-40fa-9e23-5ace19b706a9,Orange Egypt,Telecom,1,2026-09-26,اوسخ شركه وشبكه زي الزفت ونت زي الزفت وتطبيق زي الزفت شويه شركات نصابه,Negative
2d515634-2a4b-4eaf-ab81-097f72be0396,Orange Egypt,Telecom,5,2026-09-26,جميل جدا وشكرا لاهتمامكم,Positive
822cf2c0-0e19-4ce0-8295-68c3542ce8f8,Orange Egypt,Telecom,5,2026-09-26,هههخخ,Positive
f4e4e4df-7f9f-4d18-987a-2af6a8ee54a3,Orange Egypt,Telecom,5,2026-09-26,١٠عل ١٠,Positive
fe432d7c-2274-4517-b210-e13b0df68122,Orange Egypt,Telecom,3,2026-09-26,جيد,Neutral
5ed9890a-60ca-4e09-8b9a-b24cd004d625,Orange Egypt,Telecom,5,2026-09-26,جميل,Positive
52c334e5-8a04-423b-a478-a49b38c40142,Orange Egypt,Telecom,5,2026-09-26,متميز,Positive
f255c6b0-b54f-421d-a56b-ca20d8809e18,Orange Egypt,Telecom,1,2026-09-26,بعد التحديث مش كويس القديم كان افضل برنامج زباله,Negative
44a8236f-32bb-48ec-b432-4afa39467cd2,Orange Egypt,Telecom,5,2026-09-26,بجد تحفهه اوي انصح للي محملهوش حملوه بجد هيعجبكم والله,Positive
2167910d-d25a-4006-ae0e-7ee4113d9dce,Orange Egypt,Telecom,5,2026-09-26,تم,Positive
58e01d1c-a604-4bb6-adde-3db1d7763954,Orange Egypt,Telecom,1,2026-09-26,التحديث مش راضي يتحدث ومش عارفه المشكلة ف اى بظبط ولا التطبيق راضي يشتغل أصلاً,Negative
a6451d01-4068-46dc-956c-42e1ec1e40e8,Orange Egypt,Telecom,5,2026-09-26,تحفه,Positive
589f6419-9155-46ea-9409-9a70cd2844be,Orange Egypt,Telecom,1,2026-09-26,حسبي الله ونعم الوكيل أنتقم الله منكم عاجلً غير أجلاً يارب 🤲🏻,Negative
673c9f12-1630-4ea0-97ad-085ef8584298,Orange Egypt,Telecom,5,2026-09-26,ممتازة,Positive
aced7c94-39ea-434a-8044-793c2f656398,Orange Egypt,Telecom,5,2026-09-26,ممتاز,Positive
1b26b747-aaf0-4e8e-bf61-be416148448f,Orange Egypt,Telecom,5,2026-09-26,سهل الاستخدام وسريع جدا,Positive
3ad270c6-9837-4481-9438-bbe883888fbe,Orange Egypt,Telecom,3,2026-09-26,كويس,Neutral
831a1475-6f31-429b-9fd5-742b99232fb3,Orange Egypt,Telecom,5,2026-09-26,نل,Positive
8d300a35-c34f-4fd7-9ded-09ac8971693e,Orange Egypt,Telecom,5,2026-09-26,جميل جداً,Positive
42af6c58-9500-4d2e-b310-1be2eb633f8d,Orange Egypt,Telecom,5,2026-09-26,برنامج ممتاز جدا,Positive
9ebafe47-ee1b-4fa2-a9b7-1b1eb77ec67b,Orange Egypt,Telecom,5,2026-09-26,تطبيق ممتاز جداً مثل ما قالو الآخرين ولكن يوجد به مشكله انه لا يفتح الا بالانترنت,Positive
c0441583-e870-459b-a40d-63f32d22aa0d,Orange Egypt,Telecom,1,2026-09-26,سييء جدا جدا جدا جدا جدا,Negative
509bf98d-9af8-4b34-bd1f-4613d05c9aa3,Orange Egypt,Telecom,5,2026-09-26,جيد,Positive
d0e81c1a-2678-45ae-8e92-ad76ebf44fda,Orange Egypt,Telecom,5,2026-09-26,جيد جدا,Positive
997fc276-d6bd-4afa-919b-3c6e317d2cdb,Orange Egypt,Telecom,5,2026-09-26,رائع,Positive
a80e70e8-dbce-49e2-b46a-f6ea9980c026,Orange Egypt,Telecom,5,2026-09-26,تطبيق محترم وانا بنصحكم اللي معاه خط اورنج يحمل هذا التطبيق,Positive
ea10019a-8ab1-4fef-9f9b-d2a5eb62b039,Orange Egypt,Telecom,5,2026-09-26,جامدددددد,Positive
730922c8-d798-4ce2-9c42-6553f4e43ae3,Orange Egypt,Telecom,5,2026-09-26,اورنج مصر,Positive
ae6b007f-8699-4257-b44e-74915897ffd0,Orange Egypt,Telecom,5,2026-09-26,ممتاز جدا جدا,Positive
9064eda7-05ac-4810-99cf-11927153d314,Orange Egypt,Telecom,1,2026-09-26,باقتى بتخلص فى يوم واحد,Negative
fcd60419-2527-4c44-9fc4-74a2c05992da,Orange Egypt,Telecom,4,2026-09-26,بجد بجد برنامج تحفه سهل التعامل مع وكل شيء بجد حلو ما عدا حاجه واحده يعني بس يبقى ولو جاتي تلف العجل بيبقى لكل الشبكات يا اما بيجيش هدايا خالص شكرا جزيلا💌💌,Positive
bb056bad-4f09-47b0-90b0-bc968fbf7454,Orange Egypt,Telecom,1,2026-09-26,اقسم بالله احقر شركه واحقر خدمه صوتيه شفتها في حياتي فاضل شويه ونبوس على ط** صاحب الشركه عشان نوصل لخدمه العملاء ولما تتصل من رقم شركه ثاني غير شركتهم يرد عليك بعد اول دقيقتين او ثلاثه انما من رقم الشركه والله بقى لي اسبوع ما عارف اوصل لهم ومشتري خطين والله هاحول لشركه ثانيه احسن منهم يلا يا نصابين يا اولاد ال*** حتي خدمه العملاء كدابين ودبسوني وضحكوي عليها وسرقه الرصيد ولما اتصلت عملوا لي طلب لازم تتصل من نفس الخط مش عارف اوصل لهم من نفس الخط حتى الخط اللي كنت بكلمهم منه مش واصل لهم برده 🍌***,Negative
09fd2bf3-e5fa-43eb-8828-79cd4b22e494,Orange Egypt,Telecom,5,2026-09-26,جدا رائع جدا,Positive
473bbf1e-d120-4a36-994b-b8527650eddb,Orange Egypt,Telecom,5,2026-09-26,ممتاز,Positive
8620afa1-a48c-450f-8df9-e306b2fa99df,Orange Egypt,Telecom,2,2026-09-26,التطبيق من إمبارح مش شغال ...الجزء الخاص بالنت الأرضي مش شغال ....ليه كده,Negative
bb5fd41d-7298-4f06-aec4-91b9f3b1d5e9,Orange Egypt,Telecom,5,2026-09-26,ممتاز,Positive
5cce4bc9-ea7d-44b4-9614-98c7f066e2c1,Orange Egypt,Telecom,5,2026-09-26,تمام,Positive
dd47133c-54f5-4511-8963-1f8c8130e187,Orange Egypt,Telecom,5,2026-09-26,تحفه,Positive
f85269de-3a96-4ff5-8b3e-9dc35ab9ca67,Orange Egypt,Telecom,5,2026-09-26,تطبيق ممتاز,Positive
b3acd02a-f572-40a1-9ced-1b69fceaa8e7,Orange Egypt,Telecom,5,2026-09-26,ممتاز,Positive
5c9356ed-95cc-4da6-88ce-22a71ac186a7,Orange Egypt,Telecom,5,2026-09-26,روعة,Positive
029acfc9-aec1-4d30-aaec-e7f42a15a31e,Orange Egypt,Telecom,5,2026-09-26,جميله جدا,Positive
db3aa31d-ca35-48f6-be6d-a9bb8d3465e3,Orange Egypt,Telecom,1,2026-09-26,برنامج معفن اووووووي🤬,Negative
bfe07edd-4c1b-4c87-b5e1-38b92e4e877b,Orange Egypt,Telecom,5,2026-09-26,خدمة ممتاذ,Positive
84c10a9d-ab7c-4c27-a6de-28728b878cb2,Orange Egypt,Telecom,5,2026-09-26,جيد جدا,Positive
e4a77e7f-c522-4e34-b229-eef9565b2167,Orange Egypt,Telecom,1,2026-09-26,التطبيق مش عايز يفتح معايا,Negative
187dbc8f-b85b-4b91-9730-523deab494f9,Orange Egypt,Telecom,5,2026-09-26,كل عام وانتم بخير,Positive
01a88a46-e0a3-473c-9a67-b578c20c64a3,Orange Egypt,Telecom,5,2026-09-26,حالو,Positive
0f4c6317-83c4-4d08-a7a3-715e06c03abc,Orange Egypt,Telecom,5,2026-09-26,ممتاز,Positive
82bce3ca-4e93-4482-958b-005a09bf9981,Orange Egypt,Telecom,5,2026-09-26,ممتاز جدا وسهل للغايه,Positive
2820ef6e-bb8a-48ff-9128-1ab35f8469ce,Orange Egypt,Telecom,5,2026-09-26,جميل جدا,Positive
82c71a30-e79a-466f-b180-68d829e83eda,Orange Egypt,Telecom,1,2026-09-26,. لا يريد التحميل,Negative
acef02b0-c219-48df-9c05-864141f38574,Orange Egypt,Telecom,5,2026-09-26,good,Positive
2d4fc7a4-afd4-419d-8b30-6010ee9a3594,Orange Egypt,Telecom,5,2026-09-26,جيد جداً,Positive
e712287b-733a-49e0-b50b-4b4dd898409c,Orange Egypt,Telecom,5,2026-09-26,ممتاااااااااااازة مرحبا 👋,Positive
09474b1a-653c-4b96-ab6f-57de2cc7eeee,Orange Egypt,Telecom,5,2026-09-26,اعاده تحديس,Positive
f5162b29-8249-4b6b-8fa6-1a6436432274,Orange Egypt,Telecom,5,2026-09-26,ممتاز,Positive
ba82bd1d-223a-49f5-a12a-349de6bd8e4e,Orange Egypt,Telecom,1,2026-09-25,التطبيق مش بيفتح من غير ما يكون معي نت,Negative
c71a5f5e-2219-45cf-83fe-ba2159575488,Orange Egypt,Telecom,5,2026-09-25,لو سمحت هل ممكن اشعل التطبيق علي خطين اورنج الرجاء الافاده,Positive
10e3acd4-17df-427f-b7d1-5c5a89a5c260,Orange Egypt,Telecom,5,2026-09-25,جيد جدا ممتاز,Positive
185ebf8d-1cef-46f1-bd8e-86821935ff91,Orange Egypt,Telecom,5,2026-09-25,الله عليك يا اورنج على طول تعبانه على طول وعلى طول متعنا بالعروض احلى شبكه اورنج,Positive
74004b90-5075-40eb-92e6-78a1bd180b9b,Orange Egypt,Telecom,5,2026-09-25,شكراً,Positive
00a7f9a1-5b68-42af-8fc4-f7f4d03f8d0f,Orange Egypt,Telecom,5,2026-09-25,آوٌرآنِجّ شُرکْهّ مًمًتٌآزٍهّ,Positive
8ff43548-943c-4bd7-8a68-fa68cb302f47,Orange Egypt,Telecom,4,2026-09-25,هدايا حلوة مع الشحن,Positive
54021397-86f0-4c8f-aa05-0d21625e066e,Orange Egypt,Telecom,5,2026-09-25,برنامج رائع ومميز جدا جدا عمري ماشفت شي,Positive
5d7ca718-1e6f-4e55-9b1f-b557b861febb,Orange Egypt,Telecom,1,2026-09-25,ممتاز,Negative
4e1bc1d0-a2e8-49f4-a28d-bd230c49e4f3,Orange Egypt,Telecom,2,2026-09-25,جمعت الحروف ولم استلم الهديه 10جيجا واستلام الرساله مبروك كسبت 10 جيجا لمده ٦ساعات ولم استلم شيء,Negative
ae786469-e470-49ba-85b9-b9305e80608a,Orange Egypt,Telecom,3,2026-09-25,التحديث الأخير بضان 🥵🥵🥵,Neutral
4eca1a5d-669c-4b12-93ba-275467c96bca,Orange Egypt,Telecom,5,2026-09-25,ممتاز,Positive
faed637a-84ea-454f-a3b6-c7f29bba25ba,Orange Egypt,Telecom,1,2026-09-25,اسوء تطبيق وا اسوء شركه اتصالات في مصر. واسوء خدمه عملاء في مصر. جميع الموظفين قللات الزوق جدا ف الكلام. وحل المشاكل. ب النسبه للشركه. ف هيا حراميه بتسرق رصيدك وا الانتر النت الخاص بيك بدون علمك. وبيدخلوك في اشتراكات. انت مش مشترك فيها. ومش عاوزها. اجباري. شكره اورانج حراميه. لا انصح احد بشراء خط من اورانج,Negative
2849426a-4e08-4c24-aa8b-e226f8e85edb,Orange Egypt,Telecom,1,2026-09-25,سئ,Negative
d7f913bf-4a15-4789-9a4a-b4985624ca06,Orange Egypt,Telecom,5,2026-09-25,شكر,Positive
79d074ab-0de4-42ea-b8c8-51ec92c104af,Orange Egypt,Telecom,5,2026-09-25,جميل,Positive
20320dfd-5ef0-428c-8b07-2c553a7e29ee,Orange Egypt,Telecom,5,2026-09-25,ممتاز,Positive
9663652b-cc41-42a3-b804-3558ef61ebb9,Orange Egypt,Telecom,5,2026-09-25,♥️♥️,Positive
fe6cd759-fe2e-423c-8e40-6ac12d33dc1a,Orange Egypt,Telecom,5,2026-09-25,ممتاز جدا جدا جدا,Positive
a932ab60-c5fc-474d-93f9-b7e51a9f751b,Orange Egypt,Telecom,5,2026-09-25,تحفه بصراحه,Positive
a3a167ca-561f-419d-a644-d9e0c05ede99,Orange Egypt,Telecom,5,2026-09-25,افضل شبكة في مصر😍,Positive
f5c1b30c-f2bb-4b24-94ed-9c05ef356ee3,Orange Egypt,Telecom,1,2026-09-25,التطبيق غير متوافق مع جهازي,Negative
8bf04473-5188-4bf3-b009-0fa2768e2595,Orange Egypt,Telecom,5,2026-09-25,جيد جداً,Positive
ec9ffbef-f1a9-44c6-aa5c-e32e6ade0bd0,Orange Egypt,Telecom,5,2026-09-25,very good,Positive
f056466e-ccec-42b1-baac-7fb586592cbf,Orange Egypt,Telecom,5,2026-09-25,ممتازه,Positive
0a71aee6-1c7a-4ae3-8eda-d641754e51ca,Orange Egypt,Telecom,1,2026-09-25,تطبيق سئ جدآ جدآ جدآ وبياخد مساحه وبياخد وقت في تنزيله,Negative
4a273064-6f24-48fb-b762-182f6b4999d7,Orange Egypt,Telecom,5,2026-09-25,جيد,Positive
b19754a8-dc6e-45c3-bd94-7cf00cc4d252,Orange Egypt,Telecom,1,2026-09-25,التحديث الاخير سئ للغاية و الخط صغير جدا font is very small,Negative
d9d8a789-f631-4c86-8ccd-e25e08d75a13,Orange Egypt,Telecom,3,2026-09-25,012👍,Neutral
de977dc3-4a22-48f5-86e7-98a66e03bc0d,Orange Egypt,Telecom,1,2026-09-25,شركة نصابه,Negative
eed7f509-4ee1-4df5-a93e-4050dddb22e1,Orange Egypt,Telecom,5,2026-09-25,ممتاز,Positive
4495088b-8d5b-4433-b676-bfc66d93c06c,Orange Egypt,Telecom,5,2026-09-25,جيد لاكن التحديثات كثيره جدا,Positive
8f61655e-dc78-46f2-9a54-742cbe31b981,Orange Egypt,Telecom,5,2026-09-25,احمد عادل,Positive
1953b71a-fc80-4088-a350-fafe8b512c90,Orange Egypt,Telecom,5,2026-09-25,ممتاز,Positive
b92c9e55-033c-47ae-a640-e288d65cd3e4,Orange Egypt,Telecom,5,2026-09-25,جيد,Positive
fc6d5f80-8507-438e-8a77-7ad44630b143,Orange Egypt,Telecom,5,2026-09-25,روعه,Positive
36e47f98-7b54-4921-90e2-b1af69ba43a1,Orange Egypt,Telecom,5,2026-09-25,ممتازه جدا,Positive
b0e43870-fa9e-4a73-b0e9-d04bc315bf0c,Orange Egypt,Telecom,3,2026-09-25,جميل,Neutral
79cfe56f-ad70-4e4a-9947-a35244e4ee9d,Orange Egypt,Telecom,5,2026-09-25,افضل برنامج,Positive
e4ebea5c-47af-4ff8-9e79-9bca47c48daf,Orange Egypt,Telecom,5,2026-09-25,ممتاز,Positive
d7fa4495-5995-4d3e-94a0-07636e823629,Orange Egypt,Telecom,5,2026-09-25,ابو سعيد,Positive
ca637b44-90da-46a1-b5b4-e32ef4129a94,Orange Egypt,Telecom,5,2026-09-25,ممتاز جدا,Positive
eda8af8d-b6c9-4d53-8e7f-7a3100352f52,Orange Egypt,Telecom,5,2026-09-25,جميل,Positive
8960b51a-6dd0-4f02-955c-cc7111099fde,Orange Egypt,Telecom,3,2026-09-25,عندكو شامبو,Neutral
154d2a01-c957-44c6-867f-c821663aec2c,Orange Egypt,Telecom,1,2026-09-25,كل شويه عايز تحديث اصلا,Negative
a38d1e28-1358-4316-9020-ea339394f853,Orange Egypt,Telecom,5,2026-09-25,good,Positive
3f597cc2-c179-4a20-847d-9efb55362005,Orange Egypt,Telecom,4,2026-09-25,حلو بس كل فتره تحديث تحديث قللو شويه,Positive
a143f09b-4510-453b-b9c7-b0371bf51f67,Orange Egypt,Telecom,5,2026-09-25,رائع,Positive
bf2f01c9-0b93-4075-b039-0207440f2eff,Orange Egypt,Telecom,5,2026-09-25,ممتاز,Positive
0e077443-8ff8-4e11-9a0b-90f11b17ae5a,Orange Egypt,Telecom,5,2026-09-25,حسام مصطفى,Positive
0c5785e4-8def-4088-944b-a65d5a717a15,Orange Egypt,Telecom,5,2026-09-25,تطبيق جيد,Positive
8aa26ce5-4411-491f-a6c2-017758d8eb48,Orange Egypt,Telecom,3,2026-09-25,جيد,Neutral
34522880-87a6-4ffd-b7ac-c52ca478d20b,Orange Egypt,Telecom,5,2026-09-25,تطبيق سي جداً جداً جداً,Positive
a9a0c2e3-98fa-4197-a9f2-817fcc2756a9,Orange Egypt,Telecom,5,2026-09-25,إنه يعطي انترنت مجاني كسير,Positive
3bfeb99d-e464-4114-829a-b3dce02a9641,Orange Egypt,Telecom,5,2026-09-25,علي علي,Positive
f25bb714-f7d5-4fe5-84fd-687bcdb6545f,Orange Egypt,Telecom,5,2026-09-25,احسن شبكه ف مصر,Positive
b520754c-ab63-43a3-82e0-c4f23f64f73f,Orange Egypt,Telecom,5,2026-09-25,تمام,Positive
484d57dd-8b78-4157-a8f7-7c50842c1c24,Orange Egypt,Telecom,1,2026-09-25,تطبيق الي عملو حرفيا مبيفعمش شركة كبيره متعرف تجيب مبرمج محترم يشتغل علي تطبيق يعني اولها تطبيق ماي اتصالات بيفتح بدون داتا من نفس الخط انتو لاء لازم داتا ولازم 5G في حاله ان شبكة عندكم 3G معدله اصلا وبتشتغلو الناس تخش علي تطبيق الي فيه حرفيا تلوث بصري واتقل واجهة Ui واقزر تطبيق ممكن تتخيلو في التقل والتنقل وتقسيم الصفحات والالوان وفتح الروابط الي هو حرفيا الي عملو مدرس حاسب الي في مدرسه ابتدائي دا لو Ai هيبقي انضف منك ومصدقين نفسكم ان عندكم تطبيق او انكم شركة او ان دا ينفع مبرمج القزر,Negative
ef3d1430-8c81-468a-a142-9eed630a57fd,Orange Egypt,Telecom,2,2026-09-25,في مشكله ف المحفظه,Negative
581f8084-e745-4871-96dc-8ed01225b128,Orange Egypt,Telecom,1,2026-09-25,زفت ومش احسن حاجه,Negative
403947f9-293b-48ae-ae9e-cff7153e9113,Orange Egypt,Telecom,5,2026-09-25,ممتاز,Positive
03e6b56c-06d9-4b91-8d40-ad1decfeaee1,Orange Egypt,Telecom,4,2026-09-25,رؤوووووووعه,Positive
d13d3f55-03fe-43de-b4a8-36c8893c8b61,Orange Egypt,Telecom,1,2026-09-25,سي جدا,Negative
40aa43b2-e6be-4923-91cb-e44981a28421,Orange Egypt,Telecom,5,2026-09-25,ممتاز جدا,Positive
feb93967-7770-4a6c-9902-62cfcf4d3071,Orange Egypt,Telecom,4,2026-09-25,٩خ٩٩.٠ ٩د٧٧حد.,Positive
725ae571-bd25-48d9-856f-5717d0497582,Orange Egypt,Telecom,1,2026-09-25,تطبيق جيد جدا علطول اكسب هدايا,Negative
e0d0863a-e2d7-4175-bc3e-e3cce4d1f5db,Orange Egypt,Telecom,1,2026-09-25,التحديث الجديد زى الزفت وشكله وحش وبقالى يومين مش بيفتح ويقولى حدث خطأ ميستاهلش والا نجمه الحقيقه القديم كان اسهل واجمل ولو بعمل سحب او تحويل الارقام صغيره جدا عاوزه نضاره معظمه عشان اراجع الارقام وعلى طول فيه عطل لا بيفتح والا بيكمل معاملات وبعدين ماتخليه يفتح بالواى فاى عادى الشبكه بتاعتكم مش طلقه يعنى بطيئه وبتقطع وفى اماكن مافيهاش شبكه اساسا بيطلع عينا ساعه عشان نشوف مكان فيه شبكه عشان نعمل اى معامله من الابلكيشن حاجه تزهق 😠,Negative
0c43366f-83f2-47c3-ac0a-ec078eedcd4e,Orange Egypt,Telecom,5,2026-09-25,٠١٢٠١٥٨٣١٦٩,Positive
21494d07-6e01-4ca6-ab23-697e977b41cb,Orange Egypt,Telecom,5,2026-09-25,ساهل التاعمول,Positive
1f98c1d9-e7e6-4f49-809d-8a0331390524,Orange Egypt,Telecom,5,2026-09-25,انه تطبيق منجز وسريع بدقه عاليه الجوده سهله للاستغلام,Positive
46ff9d40-5ea2-4909-b434-ffb3e6dcfbef,Orange Egypt,Telecom,5,2026-09-25,ممتاز,Positive
f60b5ef4-92c5-4a9b-8c27-c547b44108c8,Orange Egypt,Telecom,1,2026-09-25,كل ما ادخل علي التطبيق مش راضي يفتح اخش علي الصفحه الرئيسيه يبقا ظاهر كلمه حدث خطأ مسحتو اكتر من مره وانزله نفس المشكله يرجي حل المشكله و صلي على النبي,Negative
3d1a3528-80e4-4555-8b8b-83feb7a89b15,Orange Egypt,Telecom,1,2026-09-25,البرنامج كل شويه تحديث وعجله الحظ اصلا مبرمجه على العروض نصف الباقه لكن مفيش النت المجانى احيجا وكمان بيبقى يوم واحد وتستعمله بس مش يستفاد منه الابليكشن فى حاجه,Negative
9be41d1b-f16c-46fb-be6f-7d4578686b5d,Orange Egypt,Telecom,1,2026-09-25,التطبيق كل شوي عايز يتحدث ولما باجي اشحن مش بيعاني هدايا م ومن نسبالي ١ من ١٠,Negative
75a5a511-4ed2-4483-bd9f-1033b9e36614,Orange Egypt,Telecom,4,2026-09-25,خدمة ممتازة بس في وقت بتقف لوحدها,Positive
7af89e90-b552-4ea8-9449-4e8355b3ceeb,Orange Egypt,Telecom,2,2026-09-25,كل شوه يطلب تحدث زفت,Negative
cf0593ba-9f02-44d4-8764-7509f8e0f981,Orange Egypt,Telecom,5,2026-09-25,ازاي انا عامل محفظه وكل ماجي اسحب يقلي اتوجه لاقرب فرع.,Positive
691d2ad5-9fe1-4739-9e44-9f7275047fbf,Orange Egypt,Telecom,5,2026-09-25,تحفة تحفة بجد,Positive
3a8fc608-0705-4123-ba0a-de4aff6c2383,Orange Egypt,Telecom,1,2026-09-25,شركه بنت متناكه معرصه,Negative
1d974d8e-bbd8-4554-bf85-63c3e8e55be0,Orange Egypt,Telecom,5,2026-09-25,ممتاز,Positive
8d1b2b84-1f4d-4d21-b837-48e191578576,Orange Egypt,Telecom,1,2026-09-25,برنامج زفات,Negative
7da3cb68-a3f6-40a0-a94a-25c19a832501,Orange Egypt,Telecom,5,2026-09-25,اة,Positive
d6b0e5ed-56af-4276-9c1c-5c5ba0b56444,Orange Egypt,Telecom,5,2026-09-25,مافي اروع من هذا البرنامج,Positive
da4934b5-f939-4638-a149-0ef65ba1e7cc,Orange Egypt,Telecom,5,2026-09-25,جيد,Positive
a841c663-7f1a-4356-a456-3d54a0e13431,Orange Egypt,Telecom,1,2026-09-25,لم يعد يعمل علي هاتفي,Negative
cdf4c5ae-84a9-4abb-9dd3-beb1a2892e00,Orange Egypt,Telecom,5,2026-09-25,تطبيق رائع بس بيأخر الهدايه,Positive
53a7dc5b-804c-4fcf-a70c-a4639d2bd986,Orange Egypt,Telecom,5,2026-09-25,جميل جداً جداً والله ♥😍♥🌺,Positive
e1e4b8b1-3b74-44e7-b7f7-b452441119e5,Orange Egypt,Telecom,1,2026-09-25,برنامج و شبكة و شركة زبالة,Negative
870b95e2-811b-4131-abe6-fd96439ae88a,Orange Egypt,Telecom,5,2026-09-25,انه طتبيق رائع جداً جداً ويسهل استخدامو,Positive
fc9ab7a2-e3bb-40af-b17f-3ab02f9e3bdb,Orange Egypt,Telecom,5,2026-09-25,ممتاز جدا,Positive
cca5bb3e-ad1e-4202-8d6f-54e84ed96bcb,Orange Egypt,Telecom,5,2026-09-25,شكرا اورنج كاش,Positive
077d7d23-d132-45e9-aee0-f06d1155ae10,Orange Egypt,Telecom,5,2026-09-25,بحبك اكتر من الولا بتاعي,Positive
b7454150-a045-436a-8fa1-1112f4ac05d0,Orange Egypt,Telecom,2,2026-09-25,تحت التجربة,Negative
01d41eec-4634-490e-8698-0f7ffcb6d9e4,Orange Egypt,Telecom,3,2026-09-25,جميل,Neutral
91218537-8107-46cf-9b0c-c8c0a12a8200,Orange Egypt,Telecom,1,2026-09-25,سيء جداً جداً جداً جداً جداً استعماله صعب لا أنصح باستخدامه تحديث كل شويه,Negative
27903ea0-64c2-45bd-9866-6c0a84fe2c81,Orange Egypt,Telecom,5,2026-09-25,برنامج رائع وممتاز انصح باستخدامه بسيط وسهل,Positive
44be5a4c-5094-4f54-a71d-001aeb19e5d7,Orange Egypt,Telecom,5,2026-09-25,جميله,Positive
7721c7d9-0f87-46a3-90cc-2edca5253a1b,Orange Egypt,Telecom,5,2026-09-25,Orange made life easy 😂💗,Positive
65cf9a87-8eea-4326-a6b7-dcf590d5fee0,Orange Egypt,Telecom,5,2026-09-24,ممتاز,Positive
198f369e-4210-4afa-93f6-267e5c656f01,Orange Egypt,Telecom,5,2026-09-24,شكراً,Positive
0f116600-93cd-42ee-9119-da754d786baf,Orange Egypt,Telecom,5,2026-09-24,جميل جدا,Positive
8ebca1d9-e218-49f3-aa63-27bb8f5cdebd,Orange Egypt,Telecom,5,2026-09-24,ممتاز,Positive
2dc19230-a7df-416b-a334-72474e87dfd3,Orange Egypt,Telecom,5,2026-09-24,تطبيق رائع,Positive
0ebc5af7-e026-4107-b6ff-20b57fcd0d7f,Orange Egypt,Telecom,5,2026-09-24,ممتاز جدا وانا احب استخدام شريحة اورنج لصدق التعامل عن أي شبكه اخرى ولكم جزيل الاحترام والتقدير تطبيق رائع الله يكرمكم يارب العالمين تطبيق رائع الله يكرمكم يارب العالمين,Positive
da03b68c-a169-433d-9133-dec73c5fbce1,Orange Egypt,Telecom,5,2026-09-24,تطبيق ممتاز,Positive
664ec4d3-6863-411f-8d93-b07aa30eb486,Orange Egypt,Telecom,5,2026-09-24,حلوه,Positive
6cd8ff26-ac85-4a02-9890-e3b4f89aee2a,Orange Egypt,Telecom,5,2026-09-24,جيده جدا و مفيد بس في ان كل شوي تحديثات و عجله الحظ بلا فائدة و يا ريت في هديه يوميه زي بعض الشركات الأخري ✅✅ و شكرا علي هذه الجوده,Positive
e44bec49-83be-45b4-a315-a5d7f7dda09c,Orange Egypt,Telecom,5,2026-09-24,تجربه جيده جدا,Positive
f3b16544-6bf7-41cb-8236-c3506b209151,Orange Egypt,Telecom,5,2026-09-24,جميل جدا يا رب يا كريم,Positive
800ed002-041f-451b-a65a-3b69abbfd508,Orange Egypt,Telecom,1,2026-09-24,سيئه للغاية وخصوصا في استهلاك الباقات انا تقريبا اكتر واحد في مصر بيعمل كل يومين باقه,Negative
3b366a0a-a0c5-425a-8714-772b85869a08,Orange Egypt,Telecom,5,2026-09-24,😘,Positive
7280da15-a60d-49ae-b3b1-b56649bdb344,Orange Egypt,Telecom,5,2026-09-24,ممتاز جدا,Positive
d4c3280a-542a-4adb-8f0b-353d894b893f,Orange Egypt,Telecom,1,2026-09-24,التحديث الجديد مش شغال,Negative
3113af89-6c14-47ca-8bc0-c9655a29b00b,Orange Egypt,Telecom,5,2026-09-24,ممتاز,Positive
a593a1ca-078b-4408-a27d-620513725bbb,Orange Egypt,Telecom,1,2026-09-24,ميستهلش ولا نجمه,Negative
6cf291e8-af9c-4f48-b94b-5a7729f09ecc,Orange Egypt,Telecom,1,2026-09-24,عوز العرض بتاع اورنج من هو الضعف النت,Negative
f0ed0b17-ada4-4f74-bae4-edf11625e5dd,Orange Egypt,Telecom,3,2026-09-24,كويس,Neutral
9ab68e49-cb4a-4ac8-8d93-daad6716f9ea,Orange Egypt,Telecom,5,2026-09-24,احلي تطبيق لكسب الهدايا برنامج راءع جدا ولكن يحتاج الي تطويره لكي يستخدم علي الهاتف القديم الإصدار,Positive
633f5880-62fb-4a6f-9658-b1a10501a489,Orange Egypt,Telecom,5,2026-09-24,تطبيق رائع جداً,Positive
94bb004d-fc57-4395-8897-09dd85917bc4,Orange Egypt,Telecom,5,2026-09-24,بسم الله ماشاء الله ربنا يبارك الي عمل التطبيق,Positive
589dfb68-8c10-4019-87b2-7379b60e9482,Orange Egypt,Telecom,5,2026-09-24,good,Positive
be5b0a26-6df8-4653-b51d-f77641510d7e,Orange Egypt,Telecom,5,2026-09-24,انظف معامله,Positive
9a4c8472-31ca-4df5-9694-7107a0edfe10,Orange Egypt,Telecom,5,2026-09-24,ممكن اسجل الخط باسمي,Positive
79cc9904-d401-4a8a-a0f7-55e3573336af,Orange Egypt,Telecom,5,2026-09-24,ممتاز,Positive
90a3b830-e7f3-460d-bd33-dada50fc0b15,Orange Egypt,Telecom,3,2026-09-24,جميل وسريع,Neutral
81883c46-b675-4834-9e5f-16782b5ac48e,Orange Egypt,Telecom,5,2026-09-24,💗💗💗💗💗💗💯💯💯💯💯💯💗💗💗💗💗💗💯💯💯,Positive
e7be723e-d433-4c09-adbf-d3f3113d3a75,Orange Egypt,Telecom,5,2026-09-24,جيد,Positive
c47d85fb-e943-4c65-9e31-86f679108f6c,Orange Egypt,Telecom,5,2026-09-24,تطبيق جميل,Positive
63762955-b86e-41c8-b93c-09eef9841409,Orange Egypt,Telecom,5,2026-09-24,تطبيق جميل جدا. مريح فل تعامل. بيبزلو مجهود كبير. لتطوير الابلكيشن,Positive
02e3f4c6-c5f3-4e42-b745-3c62f2d1f038,Orange Egypt,Telecom,2,2026-09-24,تطبيق جامد الصراحة,Negative
f788d713-717d-4b41-a742-eaf8f9554ef8,Orange Egypt,Telecom,5,2026-09-24,جود,Positive
18548408-c532-4be2-bef2-681ee415e3ca,Orange Egypt,Telecom,5,2026-09-24,انت جميل,Positive
94b2df44-a58d-456c-8a8e-596eeaf0eaf2,Orange Egypt,Telecom,5,2026-09-24,جدا,Positive
60c5a218-2b04-49c8-87d1-3133377a34bc,Orange Egypt,Telecom,5,2026-09-24,جيد جداً,Positive
81e334b4-2cd8-4dfd-b878-e37e353873ce,Orange Egypt,Telecom,5,2026-09-24,👈👈,Positive
44d72a38-b0bb-4c22-8883-2ce97ca432d2,Orange Egypt,Telecom,5,2026-09-24,اورنج واحد بس,Positive
95306505-1530-4355-bcdb-42e54683b539,Orange Egypt,Telecom,1,2026-09-24,سستم تعبان اضغط على تجديد باقة اضافيةيحاسبني مضاعف والشحن أيضا والإدارة لا تستجيب اهم حاجة تقيم خمس نجوم لخدمة العملاء.,Negative
c3c669e1-3847-4e26-87a2-558871839795,Orange Egypt,Telecom,1,2026-09-24,تطبيق سيء لا لان هو ما بيجيب هديا زي ماي اي اند وفي التطبيق عجله حظ بتقف علي العروض بس😤,Negative
d3b0fede-8786-480e-8de4-bc26beea2c4c,Orange Egypt,Telecom,5,2026-09-24,برنامج رائع,Positive
c7706ebe-3a2e-4157-a2b1-04f39366a8b2,Orange Egypt,Telecom,1,2026-09-24,اوسخ تطبيق فى العالم ايه القرف ده كل شويه يعمل تسجيل خروج من الحساب ومش راضى يوضح اخر المعاملات وحاجه اخر قرف,Negative
73cd207d-f8f4-405f-8be1-32ebcf5d7a2e,Orange Egypt,Telecom,1,2026-09-24,تطبيق ابن متناكه,Negative
dd0fc588-9823-4cbf-86c8-d905f187b224,Orange Egypt,Telecom,5,2026-09-24,شكرا,Positive
41a9b582-b3dc-4909-85c3-c00a22931d62,Orange Egypt,Telecom,5,2026-09-24,ممتازة,Positive
1b3dda0d-25c6-4378-b034-8890cb2ffb42,Orange Egypt,Telecom,1,2026-09-24,الابلكيشن سيء جدا تصميم الابلكيشن اللي جاب له ماي اورنج احلى من ابلكيشن لكن هو الكاش ممتاز لكن طريقه الشحن نوفير الكاشف بسم الله طريقه الشحن والكروت نوفيا,Negative
e0fc86a7-6e2c-40be-8511-82bfc23208f8,Orange Egypt,Telecom,5,2026-09-24,ممتاز,Positive
1a4ee0dc-e532-49bc-b2da-c9399f47c4e3,Orange Egypt,Telecom,1,2026-09-24,انهم ليس صادقون بما يفعلون,Negative
16342b53-2245-4aec-b71b-26c9a928195b,Orange Egypt,Telecom,5,2026-09-24,اثبات هوايه,Positive
1d5e337c-852c-4e54-bbd0-a4922242fd83,Orange Egypt,Telecom,5,2026-09-24,ممتاز ♥️,Positive
fdab3c76-ce96-4a99-a7ae-f1693b37f7ef,Orange Egypt,Telecom,5,2026-09-24,شكرنا,Positive
d7564f0a-f631-4cc9-8ea8-4feab744ee7b,Orange Egypt,Telecom,5,2026-09-24,. ٨,Positive
d22ea265-fc9b-44ba-b230-d508c8bc6115,Orange Egypt,Telecom,5,2026-09-24,جيد,Positive
46dc011f-1a1b-40ac-a75b-fca6d04118fc,Orange Egypt,Telecom,1,2026-09-24,أسوء شركة فى التعامل حراميه ١٥٠٠٠ ميجا خلصوا فى اسبوعين مش بفتح فيديوهات فى اليوم اكتر من ١٠ دقايق حسبى الله ونعم الوكيل فى اليهود,Negative
581bbe9b-0ee2-4ac9-a24e-882d5ade1c90,Orange Egypt,Telecom,5,2026-09-24,جميل جداً,Positive
90547c46-b118-44b4-8181-acb6ba0ade14,Orange Egypt,Telecom,1,2026-09-24,ابلكيشن فاشل لو خرجت منه مره او عملت له تحديث ما بتقدرش ترجع تسجل ثاني,Negative
13fa9c29-0046-49ad-b215-5de3f4584c04,Orange Egypt,Telecom,5,2026-09-24,ممتاز,Positive
bdd5ae4d-e392-4b12-b956-bc25fbbc75a7,Orange Egypt,Telecom,5,2026-09-24,ممتاز,Positive
27786eee-efc6-4046-b251-9f80afbb2eb6,Orange Egypt,Telecom,5,2026-09-24,حتا الأن رائعه حتا الأن رائعه,Positive
90e63475-042b-45ab-8fa5-34aaca36cc74,Orange Egypt,Telecom,5,2026-09-24,احسن شبكة الإنترنت,Positive
d53337bd-1594-4613-8151-68964c3c47b0,Orange Egypt,Telecom,5,2026-09-24,جيد,Positive
3501fcf8-b1ef-4094-b085-7377622a075c,Orange Egypt,Telecom,5,2026-09-24,شكرا,Positive
f591adff-ac10-4d2e-81be-21ee6b2c196f,Orange Egypt,Telecom,1,2026-09-24,النت بتاعكم زباله والخدمه عماله تقطع ياشوية رعاع,Negative
e08513f8-8910-4903-b557-337ff17c1949,Orange Egypt,Telecom,3,2026-09-24,يعني,Neutral
dffc2180-c656-4d87-8195-aee1d451f725,Orange Egypt,Telecom,1,2026-09-24,برجاء المساعده في حل مشكلتي,Negative
c6e8a939-6dd7-4366-b25a-ca1fda392922,Orange Egypt,Telecom,1,2026-09-24,سئ علشان مش قابل يشتغل ع الموبايل بتاعي والاندرويد 7.1,Negative
df488dfb-3d53-4bf6-9e11-7b8a41900c95,Orange Egypt,Telecom,5,2026-09-24,حماده شكرا٠١٢٨٨٣٧٥٢٤٤,Positive
6fd8faf0-d45e-4e69-b65a-b30a4d941b2d,Orange Egypt,Telecom,5,2026-09-24,ممتاز جدا,Positive
8273028a-5dc3-408b-9aa9-458ff368ae79,Orange Egypt,Telecom,5,2026-09-24,جيد جدا,Positive
7e00f5b1-ab38-49ff-b51b-a53707229964,Orange Egypt,Telecom,5,2026-09-24,ممتاز,Positive
795b11e4-eec3-4e80-8d5f-d251e29ff149,Orange Egypt,Telecom,1,2026-09-24,لما اجي اشحن رصيد صافي لازم اكرار الشحن عشان الرصيد يتشحن ارجو حل المشاكله/ملحوظه العطل في خدمة شحن الرصيد الصافي من اورنج كاش ارجو حل المشاكلة,Negative
3997026a-a3e7-430e-a2c8-9fe4971c10bf,Orange Egypt,Telecom,5,2026-09-24,تمام,Positive
f0f1e191-f950-447c-9e48-4ef7c25432ca,Orange Egypt,Telecom,1,2026-09-24,مفيش هدايا علي التحويل خالص,Negative
fe356134-1f40-4c2e-ba7e-0f00d75cc428,Orange Egypt,Telecom,5,2026-09-24,ممثاز جدا,Positive
7c2dc2dc-8ab6-4e91-ba60-cc550c377d3d,Orange Egypt,Telecom,5,2026-09-24,احسن برنامج في الدنيا,Positive
9e05a9b5-d1f9-4f53-a78c-f861ebf98b92,Orange Egypt,Telecom,1,2026-09-24,التطبيق بقا بعد اخر تحديث للواجهه بقيت معقده اكتر,Negative
05dbfbe9-a816-426c-b02f-4ff6e1a237b4,Orange Egypt,Telecom,5,2026-09-24,احسن شركه,Positive
ed8437c3-e192-4e7c-9bce-84bdcac37e8b,Orange Egypt,Telecom,5,2026-09-24,رائع,Positive
ff56b709-4412-40a2-a63d-58eabfb7bebd,Orange Egypt,Telecom,1,2026-09-24,الأبلكيشن تعبان جدا وعروض وفرلى مش شغاله والشات فيه مش شغال واى عرض بيظهر ايرور ، مهندسين الابلكيشن ناجين بسماعه حقيقي,Negative
f97ea29e-d8e9-4713-a221-30ad6823a067,Orange Egypt,Telecom,5,2026-09-24,ابلكيش اورنج اصق به,Positive
41f63faa-3ad4-431d-96d8-600c2403c29d,Orange Egypt,Telecom,5,2026-09-24,جيد,Positive
18563798-0e24-404a-8c67-6cc30b17f0d0,Orange Egypt,Telecom,5,2026-09-24,حلو,Positive
608d3248-4e60-4723-addb-f83c0551fc94,Orange Egypt,Telecom,5,2026-09-24,برنامج جميل جدا وشركه اجمل وهديتها كتيره اوي,Positive
27862fa3-e86c-41aa-8dcc-057f9ecdbf2d,Orange Egypt,Telecom,5,2026-09-24,شكرا اورنج,Positive
6a97746e-d183-4b01-a26f-728feb299132,Orange Egypt,Telecom,1,2026-09-23,بعد التحديث للإصدار الحالي توقفت خدمات المحفظه . نرجو حل المشكله . و نرجوا أن يعمل التطبيق من خلال واي فاي,Negative
39f29791-1448-4938-8f06-639a28357af6,Orange Egypt,Telecom,5,2026-09-23,ممتاز,Positive
4a8d24a5-dac1-4ad5-a49f-4c2c056074a9,Orange Egypt,Telecom,5,2026-09-23,جميل وممتاز جدا,Positive
b4eab8e1-2e60-4e42-8699-591b6c32323a,Orange Egypt,Telecom,1,2026-09-23,التحديث سئ جدا جدا جدا لايفتح نهائيا التطبيق وسوف يتم مسحه من الاجهزة,Negative
b6ecebbd-7145-4d4e-a4d3-e472124b1c37,Orange Egypt,Telecom,5,2026-09-23,خدمه روعه,Positive
e72f3ce2-be78-4327-9c34-4d3899eab652,Orange Egypt,Telecom,2,2026-09-23,ممتاز م اوي يعني,Negative
5850b250-d63a-4ce8-b4a1-8e179780fc74,Orange Egypt,Telecom,5,2026-09-23,محتاجين الانترنت زياده,Positive
00242b65-a726-4350-bb8d-afb756d4e212,Orange Egypt,Telecom,1,2026-09-23,خدمه غير جيده,Negative
e76c9bcf-e8b8-4b55-acb7-bbf6f547a2dd,Orange Egypt,Telecom,5,2026-09-23,خدمه ممتازه,Positive
e3ab7516-8e7b-4327-9c55-e2246d896d78,Orange Egypt,Telecom,5,2026-09-23,🤍1,Positive
eb83069a-aef3-4875-88ed-e4be801ad62c,Orange Egypt,Telecom,5,2026-09-23,جميل جدا,Positive
5208ba5b-f5db-42b2-921a-6799f19a9e62,Orange Egypt,Telecom,5,2026-09-23,يا عم ظبط التطبيق ده شويه,Positive
53700aee-d0af-476c-b572-d2beaf101062,Orange Egypt,Telecom,5,2026-09-23,جيد ولاكن يوجد عيوب كثيره ولاكن هو جيد لي العديد وسئ للعديد وهي الحياه جيد وسئ,Positive
0f66f7c9-9cfd-4ab8-9380-f8a88490bd1d,Orange Egypt,Telecom,1,2026-09-23,زي ازفت,Negative
b38f3993-696f-48f5-b0a5-31603767dd8c,Orange Egypt,Telecom,5,2026-09-23,تمام,Positive
5ee01244-3e56-49d4-9d6e-b31b0acd2822,Orange Egypt,Telecom,5,2026-09-23,جميل جدا وسهل في الاستخدام,Positive
9ecc4efa-3357-437d-b511-22ca96318dcf,Orange Egypt,Telecom,5,2026-09-23,الأبلكيشن جامد جداو سهل للستخدام 🤝🤝🇪🇬,Positive
3e82be5f-7385-4730-8ed8-92b88df46e3b,Orange Egypt,Telecom,5,2026-09-23,جيدا جدا,Positive
3c8ea0cb-e7a3-4aa8-a6fe-1baf9e027b71,Orange Egypt,Telecom,5,2026-09-23,التطبيق جامد قوي,Positive
e9142519-c696-4bc6-9df5-9d6f2643970d,Orange Egypt,Telecom,5,2026-09-23,ممتاز,Positive
08a7afbf-eb9e-4f0b-a82a-5455b706c257,Orange Egypt,Telecom,1,2026-09-23,جميل,Negative
12f2c90d-0919-490b-9842-223320edeed9,Orange Egypt,Telecom,5,2026-09-23,اللهم صلي وسلم وبارك على نبينا محمد صلى الله عليه وسلم سهل الاستخدام,Positive
2c5ae92c-f424-4e2c-abd3-8c3ca507a741,Orange Egypt,Telecom,5,2026-09-23,محمد السيد,Positive
a01c75e0-6629-4cfe-b342-d63d7aab3757,Orange Egypt,Telecom,5,2026-09-23,ممتاز والله,Positive
f55a226d-37de-4443-953f-fe44977bb340,Orange Egypt,Telecom,5,2026-09-23,كويس,Positive
7baea374-487f-48f1-b67d-26e1ac186691,Orange Egypt,Telecom,5,2026-09-23,هو طتبيق جميل جدآ وبيدي هدايا كتير بس لو يزودوها,Positive
5c58aa64-8a8f-4f1b-861a-0cc753c67ca8,Orange Egypt,Telecom,1,2026-09-23,التحديث الجديد غير متوافق مع هاتفي ابليكيشن اورنج مصر لتاني مره,Negative
6ba6c370-afea-4822-a639-4bd8fa6433ce,Orange Egypt,Telecom,5,2026-09-23,مح,Positive
c880cad8-61c3-41c1-9e98-ed6eff83efbf,Orange Egypt,Telecom,5,2026-09-23,هذا تطبيق جميل جدا انني استمتعت بالهديه الجميله اللي هي 3 جيجا شكرا لكم لهذا التطبيق الجميل,Positive
2bb3b69e-74e1-42da-b22f-e41253312873,Orange Egypt,Telecom,1,2026-09-23,شبكه ممتازه وبرنامج حلو,Negative
01733306-631d-410d-a000-aa813a2606a0,Orange Egypt,Telecom,5,2026-09-23,شبكة كل المصريين,Positive
64e91fe5-4db0-4777-bb0c-a7b163c78a50,Orange Egypt,Telecom,1,2026-09-23,😶😶,Negative
574537c7-91ee-4a1c-952b-f632d4fdf206,Orange Egypt,Telecom,5,2026-09-23,جامد اوى ياجدعن,Positive
1b6f5eed-81f6-4046-9430-8966d0fad8d1,Orange Egypt,Telecom,2,2026-09-23,جيده,Negative
1578b9b6-1988-4216-91b6-f17c6c3f6462,Orange Egypt,Telecom,5,2026-09-23,تطبيق جميل جدا,Positive
89cae88d-6ef9-495e-b701-901c32f1012b,Orange Egypt,Telecom,5,2026-09-23,ممتاز,Positive
1537f09a-9632-4052-9b32-9c6de3185d7c,Orange Egypt,Telecom,5,2026-09-23,اليوم لى استفسار جديد ولاأعرف سبب وجود هذا الموقف للغريب مثلا ترسل لى رسايل كتير تقولى لاتنسى استخدام 10 دقائق هدية للشبكات الأخرى ونفسى أعرف 10دقايق اللى بتتكلم عليهم للدرجة دى الفقر زاركم وكمان مش عاوزين تضيفوهم لما افتح التطبيق عشان اعرف وبعدين ايه حكاية الهدية ال 6 ساعات دى بصراحة بقيتوا مملين ده غير انى بشحن وبدفع فواتير وبشحن للغير وانتوا لاحس ولاخبر ولا كاشباك ولاهدية ولاحتى رد على عكس رسايلكم اللى قرفتونا بيها. بصراحة اتغيرتوا للأسوء ولا دى تعليمات عليا,Positive
8c979759-7dc2-4424-af59-a139b28089f0,Orange Egypt,Telecom,5,2026-09-23,جميل جداا,Positive
fd4ebf68-a9c8-4d3b-bcbf-8ee4bcc6f5ed,Orange Egypt,Telecom,5,2026-09-23,جميل جدا و سريع الاستخدام,Positive
a7e268ac-580b-4e58-ab50-44b10af65b55,Orange Egypt,Telecom,5,2026-09-23,Excellent,Positive
f6e66f36-b0cf-4489-8650-d88c65cab2a7,Orange Egypt,Telecom,5,2026-09-23,مجدى,Positive
a8f36a06-31e1-4fd6-995e-c5085c08f7c7,Orange Egypt,Telecom,5,2026-09-23,هو برنامج جميل وكويس ب ينقصه أنه يكون برنامج زياي انستا يحول لاي حد ل فوري و انستا واي حاجه حكومية وشكرا جزيلا,Positive
9c6df0e1-0f30-497c-a996-60092f48e4e3,Orange Egypt,Telecom,4,2026-09-23,التطبيق جامد و طرش,Positive
4bd95d83-2ca1-425e-92e3-bd4dbb312726,Orange Egypt,Telecom,5,2026-09-23,تحفههههههههه 😍,Positive
3cd63d31-2d88-4cff-9c4c-17f3ac2872ba,Orange Egypt,Telecom,5,2026-09-23,good,Positive
c28a5cf7-9bd2-4fd3-8b63-1158d5efca27,Orange Egypt,Telecom,5,2026-09-23,ممتاز,Positive
d20d4e4b-f049-4608-9943-02a2e72b34d9,Orange Egypt,Telecom,1,2026-09-23,رب,Negative
6fd85b9e-b53e-4063-8328-c1bff127aa07,Orange Egypt,Telecom,3,2026-09-23,بطيق 55%مش احسن حاجه,Neutral
0bbbbf15-abc2-4a68-99aa-230834646d13,Orange Egypt,Telecom,5,2026-09-23,عمرو تتا,Positive
131d50e4-7388-472a-a6cd-b8b2efaddc36,Orange Egypt,Telecom,5,2026-09-23,احسن حاجه,Positive
a25faa21-fbb3-4af6-ba37-b967ea112db3,Orange Egypt,Telecom,1,2026-09-23,يا جماعه كله خلي من الفلوس يعني اللي بتخصم بدون واجهه حق والله شركة نصابه,Negative
22e56c9b-ed0d-4963-89cb-1920558ed702,Orange Egypt,Telecom,5,2026-09-23,تطبيق فاشل عشان صاحب خط وزي ماييقلوا في فرعهم مميز ومش عرف انزل تطبيق ماي اورنج والله مهزله ومن اسوء لاسوء ياشركه اورنج,Positive
b6c60797-6523-434e-af68-795a808b548c,Orange Egypt,Telecom,5,2026-09-23,برنامج ممتاز جدا جدا,Positive
6ce1a5f0-6137-4a45-925b-8ac6b954936e,Orange Egypt,Telecom,1,2026-09-23,ازاى نقوم بتحديث التطبيق مع جعله لا يعمل او يتوافق مع بعض الأجهزة اريد التواصل مع مطورى البرامج لإيجاد حل,Negative
9b9fbe2f-6786-4404-95c2-f723fc2069e3,Orange Egypt,Telecom,4,2026-09-23,التطبيق رائع لكن مشكلته الوحيده أن عجله الحظ ملهاش لازمه مش بتجيب هدايا يا ريت يكون فيها حظ اكتر من كده,Positive
10af6385-a594-41cc-916e-0d26d449b0a6,Orange Egypt,Telecom,1,2026-09-23,مش حلو اعملو جيجا نت هدية كل شهر,Negative
7c2a3f35-b3b7-4b8e-81e2-db38e09585ff,Orange Egypt,Telecom,5,2026-09-23,كويس جدا جدا,Positive
0f283e13-7e20-4779-8cd4-63ed2238b0c5,Orange Egypt,Telecom,1,2026-09-23,القديم احسن واسرع بكتير,Negative
f5cb2609-8d7a-4164-ac2a-4defee2929eb,Orange Egypt,Telecom,5,2026-09-23,افضل شبكة في مصر,Positive
a1f79ced-cff8-498c-bdb0-d36e8b14a08c,Orange Egypt,Telecom,5,2026-09-23,ططبيق جميل مع يدي هدي كتيرة اوي اوي,Positive
94263b68-0c92-4291-8a2e-36de5edae424,Orange Egypt,Telecom,5,2026-09-23,جيدة,Positive
0f350590-e924-4d9e-ae0e-4b9201accda9,Orange Egypt,Telecom,5,2026-09-23,برنامج جميل جدا,Positive
036254c8-5e93-4d84-9f40-8349aa5adfe8,Orange Egypt,Telecom,1,2026-09-23,غير واضحين,Negative
8dd52efd-39bd-418d-a2e9-2f5efc7fa6d4,Orange Egypt,Telecom,5,2026-09-23,تطبيق جيد جدا,Positive
a42711fc-b1eb-4e55-a074-0fad26cc323a,Orange Egypt,Telecom,5,2026-09-23,. تطبيق ممتاز جدا جدا,Positive
c02d089e-7c90-4077-a2ad-a6d3c36b7c27,Orange Egypt,Telecom,5,2026-09-23,بيدي نت ببلاش وكمان هديه كتيره,Positive
7c533a02-db9b-47d9-b57c-6a0aaaa31c43,Orange Egypt,Telecom,5,2026-09-23,جميل,Positive
03347a41-53e0-4011-95dd-ede8e5f4a3c6,Orange Egypt,Telecom,5,2026-09-23,تطبيق رائع جدااااا🤍❤️,Positive
fdcea9cc-da42-43ec-b47f-a74097e9c69b,Orange Egypt,Telecom,5,2026-09-23,ممتازه جدا,Positive
2fbb40b2-7ff5-4806-bfe0-ed6e4965fc0b,Orange Egypt,Telecom,5,2026-09-23,"اورانج ,",Positive
9c0ca4be-d39d-4618-9b12-14141998329c,Orange Egypt,Telecom,5,2026-09-23,انا بحبكم,Positive
32a40577-5ba4-4bb2-9fe4-5cc83f121a8e,Orange Egypt,Telecom,5,2026-09-23,جامد,Positive
5380d159-b8a0-4f12-bb1e-0ac214257849,Orange Egypt,Telecom,2,2026-09-23,السلام عليكم البرنامج جميل جداً ورائع ويستحق اكتر من خمس نجوم والبرنامج فعلاً رائع وجميل جدا جدا,Negative
6fac1218-4324-479a-93e7-2ca09f78d153,Orange Egypt,Telecom,1,2026-09-23,البرنامج بيخرف,Negative
c0f3a4a8-7556-41a1-8005-83b753c56751,Orange Egypt,Telecom,5,2026-09-23,من افضل التطبيقات المحترمه في التعامل,Positive
e2099519-4d9c-47e6-9b62-4751aee75eac,Orange Egypt,Telecom,5,2026-09-23,ممتاز ✨✨,Positive
643e941c-0f36-48d0-805d-7e2199028761,Orange Egypt,Telecom,5,2026-09-23,رائع,Positive
38f035b7-c849-4ff4-ac03-8de155db2aec,Orange Egypt,Telecom,5,2026-09-23,ممتازة,Positive
9d3760c7-9222-4507-8629-cd38b1236d0b,Orange Egypt,Telecom,5,2026-09-23,أنه برنامج رائع,Positive
8447003c-9174-4ef6-9bfe-668400637459,Orange Egypt,Telecom,1,2026-09-23,وحش جدا,Negative
e7f8c640-90ec-4bb4-bbdf-786207130315,Orange Egypt,Telecom,5,2026-09-23,مميز,Positive
f7d44c08-aef8-4971-9457-c01d9966efe3,Orange Egypt,Telecom,5,2026-09-22,بعد آخر تحديث بقى بجد سهل الاستخدام جدا غير المميزات والهدايا اللى بيبعتها سوا شحنت او لا,Positive
a27168a3-a4d3-48ab-9eb8-f0fd89a81bc3,Orange Egypt,Telecom,5,2026-09-22,جامد,Positive
19e9f77f-4a0b-46ef-8270-c70184232a02,Orange Egypt,Telecom,1,2026-09-22,تطبيق سىء جداااا,Negative
38b8c684-60b3-4677-9257-f3e3dfb925ef,Orange Egypt,Telecom,5,2026-09-22,تحفه بجد انصحكم تجربو,Positive
fd6b59f3-9acb-4408-823c-79ad15d8c313,Orange Egypt,Telecom,5,2026-09-22,ممتاز 👏,Positive
b2828932-3af5-4dc9-acd2-686714e13b08,Orange Egypt,Telecom,2,2026-09-22,لازما تختار العرض 50 مره هيجيلك انك اشتركت في العرض بعد ما تشحن وتكون فعلت الباقه فتضطر تستنى للشهر اللي بعده فالعرض ما يشتغلش ترجع تشترك تاني وعلى كده بقى,Negative
7974e38f-4617-472e-8c0a-83614ec4d682,Orange Egypt,Telecom,5,2026-09-22,اكثر من رائع شكرا اورانج,Positive
82ec66d2-61f8-4452-b996-e14096f7e406,Orange Egypt,Telecom,5,2026-09-22,ممتازة,Positive
e667b9e6-0d63-480c-adf9-75b2433875b9,Orange Egypt,Telecom,1,2026-09-22,مش راضى يحمل على الجهاز,Negative
68a4d471-162e-4503-a36f-c45281febfef,Orange Egypt,Telecom,5,2026-09-22,برنامج رائع جدا وهدايا كتير وكمان وحدات مجانيه,Positive
39444dcb-fcee-433b-9dab-89e8b931b019,Orange Egypt,Telecom,5,2026-09-22,تطبيق روعة بيعرفك استهلاكك للانترنت و بصراحة فيه حاجات كتير روعة,Positive
19fc3e39-72f4-46dd-bafc-a630fe655797,Orange Egypt,Telecom,5,2026-09-22,ما اقدرش اقول حاجه غير مفيت,Positive
3e1d2219-b304-46be-945c-317455e1b65f,Orange Egypt,Telecom,5,2026-09-22,هدايا,Positive
219e1b37-58d7-47ed-8c00-04e2c5f981a7,Orange Egypt,Telecom,2,2026-09-22,الخدمه بطى,Negative
05e180f3-054d-4b44-a7f2-73eb3f993abd,Orange Egypt,Telecom,5,2026-09-22,تطبيق رائع,Positive
fd0626b5-4fe8-46c6-bafc-277a90355314,Orange Egypt,Telecom,5,2026-09-22,برنامج جميل جداً جداً,Positive
d268fdc1-d33a-4706-8f92-e20cc6989772,Orange Egypt,Telecom,5,2026-09-22,wow,Positive
d55a49e0-1487-43a9-a802-c136e9b555ab,Orange Egypt,Telecom,5,2026-09-22,حلوه,Positive
54b1b3cd-e6c1-4cda-8394-8499e207b424,Orange Egypt,Telecom,5,2026-09-22,اعطوني نت كتيرر,Positive
fac6fd55-b953-48b8-85bf-7e923d0cbbc5,Orange Egypt,Telecom,5,2026-09-22,جوده عاليه,Positive
c8a431c3-83b8-4c30-9085-757c5dd9b661,Orange Egypt,Telecom,5,2026-09-22,الخط واقف عندي,Positive
2d6132d8-0176-43cb-a130-8f0b438e3baf,Orange Egypt,Telecom,5,2026-09-22,احسن شركه,Positive
f4b0f625-bb39-4529-9c8c-480264368332,Orange Egypt,Telecom,5,2026-09-22,جميله جدا,Positive
cd31e46d-2786-4c55-8661-59ed5ca93868,Orange Egypt,Telecom,5,2026-09-22,ممتاز,Positive
62c0e63c-716c-4e40-8ed1-73e7f6487b2f,Orange Egypt,Telecom,5,2026-09-22,استخدامه بسيط وسهههل وهدايا مزهله,Positive
428caf1a-87c9-4553-9d94-a78fa632b921,Orange Egypt,Telecom,5,2026-09-22,ممتاز جد جد يعني الله بنور عليكو,Positive
ba05a133-8477-4820-a102-ad6c5765b79c,Orange Egypt,Telecom,5,2026-09-22,تمام يا صاحبى ناررر,Positive
c01b3974-2e6d-4eaa-96da-87131b2f831c,Orange Egypt,Telecom,1,2026-09-22,سيئة,Negative
167ac77b-e7d8-4b93-850d-1432d9c982e6,Orange Egypt,Telecom,5,2026-09-22,لسه هجرب,Positive
7e9e147d-8a8e-4acd-bf72-e11b921f845c,Orange Egypt,Telecom,5,2026-09-22,بجد بجد تحفه جربوه بسرعه وعلي ضمنتي ورقمي هبقي اسيبه رودوا عليا وانا هبعتوا يلا رده,Positive
84bb319c-4162-4daa-be86-d4f404c4979d,Orange Egypt,Telecom,3,2026-09-22,تمام,Neutral
eafe9811-8086-4e36-9db6-ae3ed78781b3,Orange Egypt,Telecom,5,2026-09-22,ممتازه جدا,Positive
4e3ee3aa-60dc-4a0e-98a6-f5eb07266e32,Orange Egypt,Telecom,5,2026-09-22,تمام,Positive
b7dca550-dfab-4d4a-ba19-dd45012cc82b,Orange Egypt,Telecom,5,2026-09-22,تطبيق جميل,Positive
38b0ee55-6e7f-4611-95e2-7753e6542f67,Orange Egypt,Telecom,1,2026-09-22,سيئ جدا والله العظيم,Negative
7fed1587-f10d-4223-a826-f8a6c6486b19,Orange Egypt,Telecom,5,2026-09-22,حلوة,Positive
1e4e44a8-1d53-45a6-b0f3-95272d59e501,Orange Egypt,Telecom,5,2026-09-22,جيد,Positive
62f907f4-ccae-4394-ad1e-0d7bd20afb83,Orange Egypt,Telecom,5,2026-09-22,amazing,Positive
50615d90-479d-4d1b-8f93-18f6bd7d65e5,Orange Egypt,Telecom,5,2026-09-22,ممتاز,Positive
324289d4-2270-4d0c-980e-eca9cbf61489,Orange Egypt,Telecom,4,2026-09-22,جميل جديدان 😘😘😘😘😘😘❤واول لما تنزلية يجيب ٣ جيجا نت 😍,Positive
0fe90bc2-84dd-42b8-a993-876cf01d404e,Orange Egypt,Telecom,1,2026-09-22,مش قوى بيجيبو فالرسايل هدايا ويقولون دوس هنا ندوس هنا مفيش حاجه بتيجى ويتوهونا ماينفعش كدا فين الارسال,Negative
509c115d-176f-4364-9a42-1d04a96dda4c,Orange Egypt,Telecom,1,2026-09-22,جامد زظمنب,Negative
137bbb73-ec41-4f52-9fd7-071a3edbd3c4,Orange Egypt,Telecom,5,2026-09-22,شكرا شكرا 😍,Positive
4a695a1f-e692-41cf-b16e-87e1cb02b9ec,Orange Egypt,Telecom,1,2026-09-22,سيء جدًا شبكة ضعيفة في مناطق كثيرة وخصوصا الاتصال اهم خدمة تليها خدمة الانترنت بطيء نسبيا وكثير في بعض المناطق اما التحديث الجديد فشل حرفيا,Negative
ed69b247-b5df-4fcc-87f0-a0db9d63d0e3,Orange Egypt,Telecom,2,2026-09-22,البرنامج الوحيد تبع شركات الاتصالات في مصر اللي بيعطي الخدمة غير متاحة مؤقتا اوقات كتير و مش بيفتح غير بعد ادخال الرقم وكلمة السر اللي غالبا محدش حافظها وإعادة تعيين كلمة السر وحكاية مملة .. باقي الشركات مفيش الموال ده تعديل .. التطبيق مش بيفتح مجانا الا لما يكون في نت مفعل يعني مفيش باقة مفيش واي فاي مش بيفتح عكس اتصالات و فودافون تقدر تدخل في وقت حتي لو مفيش رصيد,Negative
8a641d8d-1066-4908-bb87-13cd1597dacc,Orange Egypt,Telecom,5,2026-09-22,ممتاز,Positive
1b7a1a95-31c2-4003-92a8-215fadb6b6b4,Orange Egypt,Telecom,3,2026-09-22,اريد المزيد من العروض,Neutral
f9e6e9bc-c01f-47d3-8d74-57eed06a54b1,Orange Egypt,Telecom,1,2026-09-22,سيئ غيرموجود به. ليمت الكاش,Negative
3cd44749-830a-4355-9792-f4a3e70dcabb,Orange Egypt,Telecom,5,2026-09-22,ممتاز,Positive
54d02d5a-8202-4278-bc7f-08f555eb9f5a,Orange Egypt,Telecom,1,2026-09-22,في كل مره ادخل الى التطبيق يحتاج تسجيل دخول,Negative
1e54484d-56d6-47cc-8f5a-3fd90ea672b5,Orange Egypt,Telecom,5,2026-09-22,ممتاز,Positive
7139d190-3c9e-41c8-a4ba-e58d3c60e579,Orange Egypt,Telecom,5,2026-09-22,شكرا,Positive
78e197a2-7f6d-40bc-b33f-3bd4dc507fd8,Orange Egypt,Telecom,5,2026-09-22,جميل جداا,Positive
2c79db2b-cae7-42bb-855a-7749b66974e9,Orange Egypt,Telecom,5,2026-09-22,ممتاز,Positive
70bd9ed5-3d17-4e0f-b0e9-9b6a2cb8391b,Orange Egypt,Telecom,5,2026-09-22,التطبيق مثالى و ممتع💗,Positive
1c4256e2-99bd-4a2c-9410-af2d43a007b7,Orange Egypt,Telecom,1,2026-09-22,برنامج متخلف النت خلصان والرصيد خلصان اجي اشحن من كاش التطبيق مبيفتحش و مش شغال غير بالنت ما يا شوية متخلفين مفيش نت ولما بفتح الواي فاي كمان مبيشتغلش طب انتو عايزين ايه,Negative
366b5649-69ff-4da2-a105-9a3857abc798,Orange Egypt,Telecom,5,2026-09-22,روعه,Positive
40338f8b-3154-45fe-9b52-e7aca25f6983,Orange Egypt,Telecom,5,2026-09-22,تمام,Positive
766fa4f5-388d-4de8-ab31-3b9b21e7d97b,Orange Egypt,Telecom,5,2026-09-22,ممتاز,Positive
a5606c01-a4d7-4453-bf3d-dc609ac92d15,Orange Egypt,Telecom,5,2026-09-22,ممتاز,Positive
b998499b-dc00-4a7c-865e-f8a7175dec52,Orange Egypt,Telecom,5,2026-09-22,البطل,Positive
65997ba0-405a-4f8f-bae5-2717c4664065,Orange Egypt,Telecom,5,2026-09-22,جن,Positive
701664d8-e7e6-4a56-aadd-01bfafd5b346,Orange Egypt,Telecom,5,2026-09-22,جميل,Positive
9d8b7f3b-939a-47c6-87d7-88192c2fb76f,Orange Egypt,Telecom,5,2026-09-22,جيد,Positive
a7aa946a-f1b5-4b32-a9dd-1f00c016416b,Orange Egypt,Telecom,1,2026-09-22,تطبيق زفت فعلا كل شوية,Negative
112111f4-fd7d-4909-8b8b-5515b02df6fd,Orange Egypt,Telecom,5,2026-09-22,فعلا ابلكيشن رائع و تسهل عليك كل شي سهله,Positive
fe483329-ea20-4e3d-859c-e46f9e45bf90,Orange Egypt,Telecom,5,2026-09-22,حلو,Positive
89de6dfd-bcd5-4cc1-b923-d5453c36a748,Orange Egypt,Telecom,2,2026-09-22,حلو,Negative
1f5bf053-b87b-46c6-946d-554e639f0f6a,Orange Egypt,Telecom,3,2026-09-22,المعمله لغايت الان حلوه,Neutral
48d6cd55-e33d-4c82-a634-2661770602bb,Orange Egypt,Telecom,1,2026-09-22,تطبيق طماع جدا,Negative
24454f5e-d712-4925-89d3-dc7dd1f22ac1,Orange Egypt,Telecom,5,2026-09-22,التحديث الجديد روعه,Positive
89f7da0d-29e1-41e2-a3a1-2fa14b5161ea,Orange Egypt,Telecom,5,2026-09-22,تطبيق جميل ورائع,Positive
1569650a-8f74-4f80-a22a-f3a5334f1c3d,Orange Egypt,Telecom,1,2026-09-22,لماذا لا يتم التثبيت,Negative
745c562c-8cc6-4271-80d8-9eabed51e16a,Orange Egypt,Telecom,1,2026-09-22,بشعععع,Negative
de05a7b4-eeb5-4f76-9d47-a28682bef6d9,Orange Egypt,Telecom,5,2026-09-22,جميل,Positive
026d3685-4d8f-4a6e-9f2f-6f596a7a6ae5,Orange Egypt,Telecom,5,2026-09-22,رائع,Positive
0615d37f-f700-4d91-a0b2-3b90698a83b1,Orange Egypt,Telecom,5,2026-09-22,ابلكيشن جامد,Positive
b3745dff-d05b-4b41-a009-e0f1b6489692,Orange Egypt,Telecom,4,2026-09-22,جميل,Positive
bc898217-315d-4377-b432-9b86dcc8deb0,Orange Egypt,Telecom,5,2026-09-22,رائع,Positive
53510c3c-f754-43bf-95a6-1f39786cfa05,Orange Egypt,Telecom,1,2026-09-21,التطبيق لا يعمل بعد التحديث,Negative
ea63fe1c-42f7-4bef-8dc3-fd725e2959ed,Orange Egypt,Telecom,5,2026-09-21,حبيبي,Positive
c1926944-a0f6-473f-9b54-59e0b9c50519,Orange Egypt,Telecom,1,2026-09-21,سيء القديم افضل,Negative
36fa344b-0d6f-4eb4-ba4f-c3ef4d2dc426,Orange Egypt,Telecom,5,2026-09-21,الله يبارك لموبنيل وأصحاب الشركه شكرا لخدمات ارونج احسن خدمه اتصالات وهدايا في مصر والوطن العربي,Positive
8545ef00-58b9-4563-b99a-ebdec7b83fb4,Orange Egypt,Telecom,1,2026-09-21,مش شغال,Negative
112939d5-7247-4482-84b8-05cea646636a,Orange Egypt,Telecom,5,2026-09-21,بصراحه التطبيق بطيء جدا في الفتح تطبيق ثقيل جدا في الفتح ما فيش فيه اي مميزات جديده يا ريت يكون احسن من كده تطبيق ثقيل جدا مش خفيف,Positive
9a690c4c-b372-4fb6-b9fe-9558bcc8fd72,Orange Egypt,Telecom,5,2026-09-21,ممتاز,Positive
0fc8e1bc-e905-44de-8c87-dbaaab8f8390,Orange Egypt,Telecom,5,2026-09-21,خمس نجوم,Positive
9372e71f-9d1d-4ea8-ae13-30f537ddb168,Orange Egypt,Telecom,5,2026-09-21,جيده,Positive
1692d44b-0b9f-4a2b-86b0-92cc5db0722d,Orange Egypt,Telecom,5,2026-09-21,اسرع شبكه في مصر,Positive
adcbb961-3be0-4ab1-a20c-c783b604bd7f,Orange Egypt,Telecom,5,2026-09-21,جيد جدن,Positive
7c1842f3-8bf5-4f55-a5cd-e98f829d86b6,Orange Egypt,Telecom,5,2026-09-21,ممتاز جدااااا,Positive
a07f5de3-234d-4ecd-88f1-d5417fb71af8,Orange Egypt,Telecom,5,2026-09-21,أحببته,Positive
554eef6f-772c-4ac8-a400-bb8fc6a633c2,Orange Egypt,Telecom,5,2026-09-21,ممتازة,Positive
1b6317ba-c5b7-4031-94ae-6ffdda9f241d,Orange Egypt,Telecom,5,2026-09-21,ممتاز جدا جدا,Positive
63d9a09a-bd39-41af-afdc-b94494c5ea94,Orange Egypt,Telecom,5,2026-09-21,جميلللللل جدا بس ليه مش بيدي نت ببلاش انا معيش فلوس اشششحن,Positive
66e04b49-ec60-4cde-a146-4b12e706ce63,Orange Egypt,Telecom,5,2026-09-21,حبيبي,Positive
dcf3b0bb-a3ee-4429-8374-83701e141baf,Orange Egypt,Telecom,5,2026-09-21,نعم,Positive
03c917b9-5bc9-409c-8144-6c5e87aacc78,Orange Egypt,Telecom,3,2026-09-21,اعطاني هديه ثم انقطع النت فاكذها,Neutral
376b8c2c-9467-43fd-98df-a79aa3fb4d7c,Orange Egypt,Telecom,5,2026-09-21,لانه هذا التطبيق معفن متجر بلاي كمان معفن,Positive
42740e0f-c511-48bb-b7d0-44639cca5771,Orange Egypt,Telecom,4,2026-09-21,ممتاز,Positive
9d41bc1d-43e6-4a6c-ab99-1f831bfbd5af,Orange Egypt,Telecom,5,2026-09-21,جمد,Positive
0c4654d7-aec5-4481-84ad-f3ef216caff2,Orange Egypt,Telecom,5,2026-09-21,راءعة,Positive
70bff07e-1ac6-4257-8ebb-3f1aff282962,Orange Egypt,Telecom,5,2026-09-21,ممتاز,Positive
cac81f33-990b-4949-9435-9472a0f1217f,Orange Egypt,Telecom,5,2026-09-21,ممتاز رائع,Positive
37c6c5ac-2767-4179-9429-2254b28d19b7,Orange Egypt,Telecom,5,2026-09-21,موش عراف,Positive
5fa45d48-534b-43ba-b9db-f2952dc37e1b,Orange Egypt,Telecom,5,2026-09-21,"🇪🇬Great app, thank you Orange, the best network in Egypt Engineer Ahmed Hassan 😍❤",Positive
49fa511e-bd86-431c-9279-db580fa4f463,Orange Egypt,Telecom,5,2026-09-21,جميل جدا,Positive
40aab5d8-a24f-47b7-86d4-337a87a240b7,Orange Egypt,Telecom,5,2026-09-21,ما شاء الله تبارك الرحمن,Positive
2fafa68f-2c72-41c7-90cc-02ccc5a0598b,Orange Egypt,Telecom,5,2026-09-21,كويس جدا,Positive
f9c58193-8bc0-4f6c-b477-d32eab780926,Orange Egypt,Telecom,5,2026-09-21,ابلكيشن اورنج _ مصر,Positive
de33069a-f350-4129-b692-fdabb11cc647,Orange Egypt,Telecom,5,2026-09-21,ممتاز جدا جدا,Positive
35586e4a-22a3-4155-9e01-4a43a292cb53,Orange Egypt,Telecom,5,2026-09-21,يعنى 🙂,Positive
ba994b49-7910-4a7c-a82f-029c2b316cd3,Orange Egypt,Telecom,5,2026-09-21,جميل جدا جدا,Positive
07a3de6d-cf7b-4291-a1d7-7c1a6eb99515,Orange Egypt,Telecom,5,2026-09-21,جميله,Positive
132f90c5-aad9-4d37-b9a7-6f587418a22d,Orange Egypt,Telecom,5,2026-09-21,مفيش هدايا زى الأول,Positive
43095352-fc78-40bd-8fdf-1fed690c3337,Orange Egypt,Telecom,5,2026-09-21,جاااااااااامد,Positive
6dab7575-9988-4f0e-9dce-58482e6f575a,Orange Egypt,Telecom,5,2026-09-21,احلي برنامج تلفزيوني,Positive
ab9b1d44-c0c3-4caa-b53c-a6fe41ff4aff,Orange Egypt,Telecom,5,2026-09-21,عقاب,Positive
dbe27a7e-872c-4ce4-9721-e3351900333f,Orange Egypt,Telecom,5,2026-09-21,دايما ف تقدم,Positive
d93220f7-fb3f-466f-9f49-deaf53200cf9,Orange Egypt,Telecom,1,2026-09-21,مش راضي يشتغل علي هواوي,Negative
4a86652d-27aa-44f5-8b0a-26e87f04440d,Orange Egypt,Telecom,1,2026-09-21,معفن,Negative
41e28126-4300-42a3-b71e-6cac92f13f2e,Orange Egypt,Telecom,5,2026-09-21,جيده جدآ جدآ جدآ,Positive
3412efab-8a88-401c-91e4-45c20ddb144c,Orange Egypt,Telecom,5,2026-09-21,جميل جدا وخط حلو,Positive
b41e9145-7df6-4c5f-abb1-fbf9840647ff,Orange Egypt,Telecom,5,2026-09-21,تجربه مناسبة,Positive
6b26a1d6-7219-4dc5-b517-ed8e592deab2,Orange Egypt,Telecom,5,2026-09-21,حلو جدن,Positive
be3bb30c-4338-4ee3-918e-60d275fc09c1,Orange Egypt,Telecom,5,2026-09-21,جيد جدا,Positive
fda216f5-f49f-46c5-a3a3-e3edb9e14fb7,Orange Egypt,Telecom,5,2026-09-21,ممتاز,Positive
d3f6d695-c4cc-4050-816d-6728513456d0,Orange Egypt,Telecom,4,2026-09-21,هذا الاصدار غير متوافق مع جهازي ارجو حل المشكله,Positive
e688ccfc-887b-4131-ac8d-1c0e582eba71,Orange Egypt,Telecom,5,2026-09-21,إنه احلى برنامج استعملت معه,Positive
6e731801-62c5-4cd2-859b-335650fc6a26,Orange Egypt,Telecom,5,2026-09-21,تطبيق ليطلب تحديث ورغم انى عندى مساحه إللى وهو لا يحدث ولايفتح,Positive
8e7e1386-0ed0-496d-b24b-e6809fbf8f24,Orange Egypt,Telecom,5,2026-09-21,ممتاز,Positive
716872b3-a334-4d9b-8700-9a8e29b37862,Orange Egypt,Telecom,4,2026-09-21,شركه ممتاز ناقص بس تزويد عدد ايام الهدايا,Positive
35c3e52c-f888-4b8d-90e9-119cf63eaf48,Orange Egypt,Telecom,1,2026-09-21,شركة غير جيده لا انصحك فيه,Negative
e0028131-93ab-42f6-946c-a9a3ab9d9dd1,Orange Egypt,Telecom,1,2026-09-21,السلام عليكم انا عندي مشكله في اورنج شات داخل تطبيق لا يعمل ارجو الإصلاح,Negative
5498b645-9a11-45c4-92d8-b614820ba8b6,Orange Egypt,Telecom,5,2026-09-21,جيدة,Positive
40e4c418-dd95-4efc-83bb-ecd03649657c,Orange Egypt,Telecom,5,2026-09-21,جميال جدان,Positive
ac669b40-2958-4f89-90d8-b5a29867f858,Orange Egypt,Telecom,5,2026-09-21,روعه,Positive
0ce19d53-7509-4507-b18c-04c7b2f21d09,Orange Egypt,Telecom,3,2026-09-21,تمام,Neutral
e19cb93b-b2a6-4beb-8769-01ead7a241a8,Orange Egypt,Telecom,5,2026-09-21,good,Positive
2a109f9f-20a4-4efc-96f7-b21588037f76,Orange Egypt,Telecom,5,2026-09-21,جيد,Positive
34ce1a6e-7e9b-49dc-830c-11e3f53a2f28,Orange Egypt,Telecom,5,2026-09-21,ممتاز,Positive
1fe2b60f-094c-40f8-87cd-3f9b5e461169,Orange Egypt,Telecom,5,2026-09-21,ممتاز جدا بالتوفيق والنجاح الدائم,Positive
00938d24-efe6-48ee-b816-7c900af393cc,Orange Egypt,Telecom,1,2026-09-21,تطبيق زفت خالص كرهت اورنج بسببه😡,Negative
59fd66cb-a4a2-426f-81cb-93b60c180c3d,Orange Egypt,Telecom,5,2026-09-21,تمام,Positive
647b5872-4a4c-475e-b4e4-a4b9ea15bb7b,Orange Egypt,Telecom,5,2026-09-21,مش بيفتح,Positive
e7b85a95-bf48-499a-9463-a7ac0de65776,Orange Egypt,Telecom,1,2026-09-21,ممتازه,Negative
4ea287a6-b673-482f-b910-bca63717d874,Orange Egypt,Telecom,5,2026-09-21,ممتازه,Positive
ecde2477-7893-4fc9-8f1e-99815c4ade05,Orange Egypt,Telecom,5,2026-09-21,جميل,Positive
2ba97f28-5db6-4749-8140-e952ce9d789b,Orange Egypt,Telecom,5,2026-09-21,جيد,Positive
8cbc710f-ea85-4d37-be1d-71833557e33b,Orange Egypt,Telecom,5,2026-09-21,اشكر جميع العاملين على هذا التطبيق الرائع,Positive
ea3dc3d8-bc28-4f5e-8883-3b99eb510d95,Orange Egypt,Telecom,1,2026-09-21,كل شويه تحديث زي الي قبلو ما بتفرقش كتير,Negative
97f616bc-91f2-4c31-8351-782b7d31089d,Orange Egypt,Telecom,5,2026-09-21,جيد,Positive
68dc2456-1687-48b3-ba42-4e1fd0ca5543,Orange Egypt,Telecom,5,2026-09-21,شركه محترمه,Positive
6694b034-4fb9-4d08-a145-d009318ff0d0,Orange Egypt,Telecom,5,2026-09-21,ممتاز,Positive
f02ef96d-42a5-464c-b993-72ca201ee06d,Orange Egypt,Telecom,2,2026-09-21,جيد,Negative
7d010901-b77d-45b1-8844-90a1b4d693cc,Orange Egypt,Telecom,1,2026-09-21,كل يوم عايز تحديث,Negative
38aa4f1c-999d-4a9a-abd2-54da4c5449cb,Orange Egypt,Telecom,1,2026-09-21,تطبيق فاشل جدا والتحديث سئ,Negative
86d20991-46eb-4e17-8e71-c5da540d0927,Orange Egypt,Telecom,5,2026-09-21,ممتازة,Positive
d3814b9b-c76b-48fb-8784-0025cd3f3739,Orange Egypt,Telecom,5,2026-09-21,جميل جداً,Positive
23483dd0-bc36-424a-a4a4-ba197251f34e,Orange Egypt,Telecom,5,2026-09-21,😍😍😍,Positive
82311b54-d837-4a28-a2e2-f46811d8c03d,Orange Egypt,Telecom,5,2026-09-21,احلي,Positive
f22d12b4-1f3c-4aea-b7d1-d8c2a6e102a5,Orange Egypt,Telecom,1,2026-09-21,شركه زباله الكارت بتاعه بيخلص بسرعه وشركه اصلا معفنه وعرضهم زباله ايه القرف ده يا عم,Negative
e23bb27d-13ed-411a-8d17-88444f0ca43d,Orange Egypt,Telecom,1,2026-09-21,نظام كله حراميه و كداب في عروضه وحدتي في الهدايا يقلك حاجه وتلاقي حاجه تانيه خالص والهدايا تضغط علشان تستلمها ماتلاقيهاش جات,Negative
6939b0d6-c21b-4478-a884-363475c09734,Orange Egypt,Telecom,1,2026-09-21,تطبيق سئ جداً بالأخص هذا التحديث وكل شهر تحديث هذا التطبيق فاشل 😡,Negative
3d454d5d-e996-4d4a-87e4-50804af6d897,Orange Egypt,Telecom,5,2026-09-21,تحفة,Positive
bbb4a19c-683f-4317-a673-4bfd6731f83e,Orange Egypt,Telecom,1,2026-09-21,ليه اختفي التحدي اليومي 😔,Negative
c9eff353-20d2-4bcd-ab47-073157fc8f7a,Orange Egypt,Telecom,5,2026-09-21,بجد احله برنامج شوفته في حياتي,Positive
33e9fb57-2f60-43eb-a11e-6d5bc072fa0b,Orange Egypt,Telecom,1,2026-09-21,خدمه البصمه لا تعمل بيعمل تسجيل خروج تلقائيا اثناء العمل على الأبلكيشن,Negative
b0caab11-f075-4493-bf28-f657c5261d4d,Orange Egypt,Telecom,1,2026-09-21,جميل,Negative
6fc6e441-cbaf-433d-ba7e-f1cc1601d198,Orange Egypt,Telecom,1,2026-09-20,برنامج فاشل وبطيئ جدآ ااااااا,Negative
44a9286b-f05b-4f42-ae29-3a68f507c300,Orange Egypt,Telecom,1,2026-09-20,بطئ اوي,Negative
7183d29b-78b7-42c9-bc00-1923c0ea2bbd,Orange Egypt,Telecom,5,2026-09-20,ممتازه شكرا,Positive
39b5b905-e968-49f8-ae6b-6098cbe48542,Orange Egypt,Telecom,5,2026-09-20,ممتاز,Positive
0527b55e-912f-4806-832e-9575bd30d528,Orange Egypt,Telecom,5,2026-09-20,برنامج روعه,Positive
ec4b4b08-d341-4d54-b31d-64b870fc3808,Orange Egypt,Telecom,5,2026-09-20,أحسن شبكة في مصر في السرعة والتغطية,Positive
14e3129d-5fa6-4835-9535-b754e95d0135,Orange Egypt,Telecom,4,2026-09-20,رائع,Positive
8bb467ac-6ffe-463a-a020-40942ef6833d,Orange Egypt,Telecom,5,2026-09-20,ممتاز جدا وهدايه جيدا,Positive
a8f84f82-3c89-4529-80b0-6d5bdda3fe68,Orange Egypt,Telecom,5,2026-09-20,صح,Positive
f609d4d1-be8b-4369-bba9-b4a8138e6690,Orange Egypt,Telecom,5,2026-09-20,good,Positive
a9f490c8-45f5-4fd0-b087-258dcce82690,Orange Egypt,Telecom,5,2026-09-20,رائع,Positive
8969a6bd-6992-4c36-b75a-96e10eb97f42,Orange Egypt,Telecom,1,2026-09-20,زباله شركه مقرفه حرفيا ونصابين,Negative
d027611d-db25-49a5-b767-82afc57baf70,Orange Egypt,Telecom,5,2026-09-20,جميل اوى اوى بجد,Positive
7e0ddcc1-b8cc-4f60-a130-f441f28bbdf2,Orange Egypt,Telecom,5,2026-09-20,جيد جداً جدا والله,Positive
2e63b755-d711-4d72-80ea-242eb5aea8fa,Orange Egypt,Telecom,5,2026-09-20,جميل جدا,Positive
1ebc48a8-19fb-476c-b70d-92f3c736a840,Orange Egypt,Telecom,5,2026-09-20,التطبيق بقى سى جدا,Positive
c00ba331-de86-4563-9e7c-c9f1099c397b,Orange Egypt,Telecom,5,2026-09-20,جميله جدا,Positive
6cacc181-61cd-46c7-ac2c-1bb1084957e5,Orange Egypt,Telecom,5,2026-09-20,❤❤❤❤❤❤,Positive
18cd2b4b-afa8-4e16-ae49-73fd6ba55d81,Orange Egypt,Telecom,5,2026-09-20,تطبيق ممتاز جداث احسن عروض نت ببلاش اورنج,Positive
c54af18a-a5c3-4729-9912-0411fb635070,Orange Egypt,Telecom,5,2026-09-20,Good,Positive
b1958b93-4641-4409-b23d-e5a4ac48ca20,Orange Egypt,Telecom,4,2026-09-20,برنامج رائع جداً وسهل الاستخدام,Positive
26d979f7-9c0c-4167-ae8e-c89595940cc9,Orange Egypt,Telecom,5,2026-09-20,تطبيق ممتاز شكرا أورنج,Positive
3c5bca60-4651-4f00-9c6b-5d1c4dbef81f,Orange Egypt,Telecom,1,2026-09-20,كوميديا..... اورنج طلب مني احدث التطبيق على 5G فتحت تطبيق اورنج ما فيش شبكه علشان احدثه فقد داخل ماي اتصالات اقوى شبكه في مصر حدثت التطبيق من على ماي اتصالات تطبيق على 5 جي اورنج وجيت افتح التطبيق لقيت المفاجاه ما فيش شبكه لو انت بقى عميل تشحن اتصالات ولا اورنج 😂😂😂‼️‼️ ارجو من اورنج 😂 شويه م ملايين مصلحه الشبكه يلا بقى تصبحي على خير,Negative
2534c333-10e1-4109-8007-a6391824e5b5,Orange Egypt,Telecom,5,2026-09-20,جيد,Positive
bff740f6-4435-4df3-86c7-8d3715c69387,Orange Egypt,Telecom,1,2026-09-20,ابلكشن فاشل وشركة فشله حولت رقمي ال 012 ل we عشان عندكم خدمة عملاء فشله جدا انتو زيرو تقيم عندي,Negative
25178cdd-cb89-405e-b95c-42373ed613df,Orange Egypt,Telecom,5,2026-09-20,جميل جدا مميزة جدا,Positive
871c51e0-1eed-4869-a565-883f0a9587d3,Orange Egypt,Telecom,5,2026-09-20,ممتاز,Positive
978c508f-e7fd-4b9c-b5d2-dffbd05469f2,Orange Egypt,Telecom,5,2026-09-20,ممتاز,Positive
9bc05c7c-1b19-4f1c-a4fe-0ade5864127b,Orange Egypt,Telecom,5,2026-09-20,الصراحه التطبيق رائع,Positive
769b4c67-47b7-43bd-a628-2712567498d1,Orange Egypt,Telecom,5,2026-09-20,التطبيق حلو حلو حلو حلو حلو حلو حلو حلو حلو حلو حلو حلو حلو حلو حلو حلو حلو حلو حلو حلو حلو حلو حلو حلو حلو حلو حلو حلو,Positive
80ddcf5f-9816-45ec-8f05-31b1169518a4,Orange Egypt,Telecom,5,2026-09-20,جيد ا,Positive
de887afe-9227-4fe5-8357-3ec5586e5210,Orange Egypt,Telecom,2,2026-09-20,برنامج برنامج جميل جدا ومميز واللي فيه حاجه جميله,Negative
df1f2a22-17fa-4d4f-b384-338d802e533d,Orange Egypt,Telecom,1,2026-09-20,سئ,Negative
60e21bf6-2b80-4e66-be8c-b7594a6a35ac,Orange Egypt,Telecom,5,2026-09-20,سرعه ودقه ممتاز 🍎😍,Positive
6f2c6a9c-65a7-4bef-8f49-bdb6a44067d3,Orange Egypt,Telecom,1,2026-09-20,استهلاك نت عالي,Negative
fb70ddda-d377-4020-9dd3-7d5706eb31d0,Orange Egypt,Telecom,5,2026-09-20,تطبيق رائع,Positive
974074cc-b9fc-47e1-98e8-94679b0d2992,Orange Egypt,Telecom,5,2026-09-20,❤️,Positive
1ff5643d-c2db-4bb0-83db-28cd990d9371,Orange Egypt,Telecom,5,2026-09-20,✨✨,Positive
bdee9eb9-c9a7-4d5d-a2b3-e8d82ee7aa91,Orange Egypt,Telecom,5,2026-09-20,ممتاز,Positive
59c90d39-44bb-491a-853f-30f5866377ba,Orange Egypt,Telecom,5,2026-09-20,ممتازه,Positive
4b558927-0f6a-48ca-8775-30b099a9d67a,Orange Egypt,Telecom,4,2026-09-20,لا يوجد عروض وهدايا بإستمرار,Positive
70e244c7-a722-4d8c-a6a1-541e427121c0,Orange Egypt,Telecom,5,2026-09-20,ممتاز,Positive
49e17542-f786-462f-9857-027b6b3d940a,Orange Egypt,Telecom,5,2026-09-20,تمام,Positive
c663d7aa-c011-49e6-a31b-1f4a6ba45a8f,Orange Egypt,Telecom,1,2026-09-20,بيجيلي هدايه الشحن وبدوس عليها من الاشعارات ماي اورنج بيجبلي شاشه بيضا ومش بيجيلي الهدايا,Negative
6becdb7b-0194-41c2-9cfc-756853f112cd,Orange Egypt,Telecom,5,2026-09-20,احسن اورنج,Positive
8b8505b3-4ee7-4381-b1ab-9b0232dea9bb,Orange Egypt,Telecom,5,2026-09-20,تطبيق ممتاز جدا جدا جدا,Positive
089d95ef-2903-44e5-9707-b5374fc63bf3,Orange Egypt,Telecom,5,2026-09-20,افضل شركه اورانج شركه هداياها حلوه هي حلوه افضل شركه اورنج انترنت,Positive
ab6eadf7-8684-4d15-8ca4-9371bcce6dc3,Orange Egypt,Telecom,5,2026-09-20,تجربه ممتازه,Positive
9fd74845-e212-4699-a889-ee8cf844f466,Orange Egypt,Telecom,5,2026-09-20,ممتازة جدا شكرا لكم,Positive
f0ca36b0-74ac-4f22-8cee-c1424637e415,Orange Egypt,Telecom,5,2026-09-20,خدمه ممتازة جدا شكرا اورنج,Positive
93170b57-ab77-48d4-bea2-64c1b3e3afbe,Orange Egypt,Telecom,3,2026-09-20,حلوه,Neutral
8f10c67c-60ef-48a9-bec9-8b0249b663e5,Orange Egypt,Telecom,3,2026-09-20,مش حلو ولا وحش نص نص,Neutral
ee41351f-cd4c-4e87-bac2-037a0121bd1a,Orange Egypt,Telecom,2,2026-09-20,التطبيق دائما معلق وبياخد وقت على ما يفتح وساعات مبيفتحش اصلا,Negative
880da3e9-3c24-4e3c-9cc1-9ca74a8889a7,Orange Egypt,Telecom,1,2026-09-20,التطبيق فيه عطل كل ما اشحن واخد هدايا مش بيرضي يخليني استلم الهديه وكمان لعبه تجميع الحروف بتاعت اورانج خلصتها ولسه مش راضي يفتح,Negative
22273e44-09bd-4f92-8580-b2625da9ed59,Orange Egypt,Telecom,5,2026-09-20,متميزاً,Positive
cd244f85-b99f-4d75-9a81-104108a632fb,Orange Egypt,Telecom,5,2026-09-20,تطبيق ممتاز جدا,Positive
db417f34-83f5-44c2-800a-10f032090111,Orange Egypt,Telecom,5,2026-09-20,اسلام ثم,Positive
8026e626-4eac-4754-87af-424582117ec7,Orange Egypt,Telecom,5,2026-09-20,جيده جداً,Positive
8e155d32-cd80-4851-b0dd-5ff9dbd05449,Orange Egypt,Telecom,5,2026-09-20,مممممتاااااز,Positive
56cfbf41-490d-40e8-bc84-54939459a72a,Orange Egypt,Telecom,3,2026-09-20,برنامج جميل ولاكن يوجد مشكله عند فتح عروض 012 لاستلام الهدايه أو ارسال الهديه للأصدقاء لا تفتح وتعطى صفحه بيضاء لماذا ارجو المساعده,Neutral
03c62543-bdaf-4a3c-887f-322d5ead21fb,Orange Egypt,Telecom,5,2026-09-20,انت في الامان,Positive
c14c7b84-5e8a-4fdb-8a83-b3ad9f4e95b3,Orange Egypt,Telecom,1,2026-09-20,من اوسخ التطبيقات,Negative
6ac6a44c-5dbf-4234-8a2e-b89e9d32f5bc,Orange Egypt,Telecom,5,2026-09-20,😐,Positive
fb4c4af2-0f5d-4c84-a19c-a67575f5eb00,Orange Egypt,Telecom,5,2026-09-20,مصداقيه,Positive
42007c36-f273-4f86-90c8-91d6f076df65,Orange Egypt,Telecom,5,2026-09-20,ارنج كل تحديث للبرنامج بيكون افضل ومتمنين يكون في افضل,Positive
58e94c52-d19a-4bbe-a6e1-2d5aa773bd21,Orange Egypt,Telecom,5,2026-09-20,جميله,Positive
f740b367-b3de-4ee0-b555-6f890de78d0e,Orange Egypt,Telecom,5,2026-09-20,ممتاز,Positive
b239f02f-70a5-47e9-a229-b5012cf15da8,Orange Egypt,Telecom,5,2026-09-20,ممتاز,Positive
bc255c5f-38dc-4685-acc8-b5bde8da6911,Orange Egypt,Telecom,5,2026-09-20,goio,Positive
b19c82a3-9207-426e-aba8-80f3b9fcf22b,Orange Egypt,Telecom,5,2026-09-20,نفسي يفرحني,Positive
ef36b842-3c82-4b31-b3e2-cd3a742e93f9,Orange Egypt,Telecom,5,2026-09-20,شكرا,Positive
f91a6a63-9591-433b-bf70-b1358688cc68,Orange Egypt,Telecom,5,2026-09-20,جميل,Positive
f919caee-5cde-40d0-9f30-c918af54560a,Orange Egypt,Telecom,5,2026-09-20,ممتاز جداً رائع,Positive
c8a5c044-3615-4d4a-86fd-89b06a420a60,Orange Egypt,Telecom,4,2026-09-20,ممتاز,Positive
10257c76-7749-4923-95b8-c1605e7c0c99,Orange Egypt,Telecom,5,2026-09-20,جيده,Positive
9260d986-eb94-42ef-bfc6-75710baccc35,Orange Egypt,Telecom,5,2026-09-20,مرحبا,Positive
27a0ab82-6345-4f19-a4c3-df78c134fd56,Orange Egypt,Telecom,5,2026-09-20,جديد,Positive
57276eac-1f49-48b3-8c24-735bd28f818e,Orange Egypt,Telecom,4,2026-09-20,تمام,Positive
b9ea91ac-aa33-46d1-9835-166621857871,Orange Egypt,Telecom,5,2026-09-20,حلو اوي اوي اوي اوي اوي اوي,Positive
39daff4d-d9c1-40d4-bf50-5a4af21b5849,Orange Egypt,Telecom,5,2026-09-20,تن,Positive
d2570300-53b0-4012-82d1-364db025eaf8,Orange Egypt,Telecom,5,2026-09-19,تحفه,Positive
5cdb182b-a0c0-4715-b522-37f4add8ca31,Orange Egypt,Telecom,5,2026-09-19,راوعة,Positive
cb6dbd8a-3958-4f95-ba03-b68e0aeb8cdd,Orange Egypt,Telecom,5,2026-09-19,ناا,Positive
68e14e49-4d75-463f-8286-f9533d663834,Orange Egypt,Telecom,5,2026-09-19,ممتاز حقيقي,Positive
adf01be3-50b3-4e09-a38c-de03c5725883,Orange Egypt,Telecom,3,2026-09-19,كويس,Neutral
5326598d-f3b9-4a75-8a8f-1fcede24f3e0,Orange Egypt,Telecom,5,2026-09-19,ملك فرج حسن محمد حسن,Positive
57d9e906-c88f-42e9-bb9d-baf1cd16fa29,Orange Egypt,Telecom,5,2026-09-19,انه تطبيق جميل جدا جدا جدا,Positive
680a0aff-b336-465f-ac1c-a3486c9ce940,Orange Egypt,Telecom,5,2026-09-19,تمام,Positive
28ea034a-9b5e-4d91-a752-eba32b7846b6,Orange Egypt,Telecom,1,2026-09-19,شبكه فاشله بجميع المقايس مافيش مره اشحن رصيد فلوس الا ولازم يتخصمه ليه بحوش عندكم حتي لو مسافر في صحراء ولا شغل في الجبل واستلفت بدون نقاش يتخصم انا وانتم وخدمة المستهلك ان شاء الله,Negative
aee3d97e-ab0f-4c47-9afa-b50ad28c5133,Orange Egypt,Telecom,4,2026-09-19,good,Positive
98dd7897-d41d-4771-b195-15d1f69643b4,Orange Egypt,Telecom,5,2026-09-19,هذا التطبيق ممتاز جدا جـــــــــــــــــــــــــــــــــــــــــــــــــــــــــــــــــــــــــــــــــــــــــــــــــــــــــــــــــــدا,Positive
47108162-469a-4a07-b7e9-43b7976a1dc8,Orange Egypt,Telecom,1,2026-09-19,سيء للغاية,Negative
79ccf678-793e-455f-999f-f46f6420feda,Orange Egypt,Telecom,5,2026-09-19,برنامج جيدجدان ورئع,Positive
61d016a7-3137-4ce0-b3df-c63ed1857730,Orange Egypt,Telecom,5,2026-09-19,روعه,Positive
ef0d4502-d591-4b1d-9e27-4f3fb776b2d7,Orange Egypt,Telecom,1,2026-09-19,هذا الاصدار نسخه بتعلق ونسخه مش كويسه لا تتيح الدخول للمحفظه وهي غير جديره بالثقه بالمره,Negative
7fe0f936-d9f0-4462-bc8e-948eec9a18b5,Orange Egypt,Telecom,5,2026-09-19,رائع جدا عبدالرحمن,Positive
cfa97e09-2fb8-4677-b570-cb433b2cd859,Orange Egypt,Telecom,5,2026-09-19,تمام,Positive
3df89059-368e-405f-8d5c-a54897ac371d,Orange Egypt,Telecom,3,2026-09-19,الحمد لله,Neutral
9c258300-a6ed-4d69-bcad-5a4283070b29,Orange Egypt,Telecom,5,2026-09-19,تطبيق ممتاز جداً,Positive
622f7e54-77be-4fba-a92b-bc561394f7df,Orange Egypt,Telecom,4,2026-09-19,تطبيق رائع و مفيد شجدا,Positive
516f0772-dff6-4e6c-83d8-a1edeeffcbf3,Orange Egypt,Telecom,3,2026-09-19,يعنى,Neutral
0744d2c9-413e-4a89-b39f-add541ede01f,Orange Egypt,Telecom,5,2026-09-19,الهديه 5000 فين الهديه,Positive
2d6b51fd-a56a-4939-b67d-31c7c235b630,Orange Egypt,Telecom,2,2026-09-19,محتاج عروض انترنت,Negative
8ccf17b6-2fab-4ca0-b47f-c99abb6f8641,Orange Egypt,Telecom,5,2026-09-19,جيده,Positive
52738721-8c5c-4d7b-9a51-da66625f4e3e,Orange Egypt,Telecom,5,2026-09-19,افضل شركه,Positive
c172e684-edf1-451b-a2c1-0b111c089810,Orange Egypt,Telecom,5,2026-09-19,التطبيق مش حلو ومش راضي يفتح,Positive
6b66ab67-5553-44e8-a301-e1676e939541,Orange Egypt,Telecom,5,2026-09-19,تطبيق ممتاز شكرا ابلكيشن اورانج- مصر,Positive
b23513ec-d7e5-482a-b281-18a89712a70e,Orange Egypt,Telecom,5,2026-09-19,جيد,Positive
c19f275d-1247-4f9c-bf3e-e338c141f49f,Orange Egypt,Telecom,5,2026-09-19,جيد,Positive
4b37b343-4547-4988-97b8-8fabd99ec033,Orange Egypt,Telecom,1,2026-09-19,تطبيق سىء بعد التحديث لا يستاهل صفر حتى لازم يكون معاك رصيد او فليكسات علشان يفتح نصب على الناس والمفروض حمايه المستهلك تشوف ازاى كاتبين مجانى وهو غير كده لازم واجبارى يكون معاد رصيد او فلكسات علشان يفتح غير كده مبيفتحش ابدا فودافون افضل ملاين المرات يستاهلوا مليون صفر وانا علشان حتى اعلق زى كده بيجبرك تضغط على النجوم ولو نجمه واحده,Negative
4bd2c0fa-caf3-401f-b08b-c69cec3d2370,Orange Egypt,Telecom,5,2026-09-19,تحفه,Positive
b1d00890-d40d-4578-ba95-6d713edc03a3,Orange Egypt,Telecom,5,2026-09-19,تطبيق رائع أنصح كل اناس تجربة,Positive
531e110e-ae3c-4cb9-b393-bf33693d33ed,Orange Egypt,Telecom,5,2026-09-19,ممتاز,Positive
84eb1920-10a5-4c29-882c-3131449a7a22,Orange Egypt,Telecom,1,2026-09-19,تحديث وحش وعاوز التطبيق القديم يرجع تاني,Negative
35b12fb4-115f-48e6-8e95-32c4a2bcda11,Orange Egypt,Telecom,5,2026-09-19,تطبيق من احسن تطبيقات تطبيق رائع جدا واستخدمه دائم بس بعد اذنك كنت عايز اقول ملاحظه قد كده عجله الحظ ما بتجيبش هدايا حلوه اخرها بتجيب لما بتجيب عروض انترنت ليه ما بتجيب عروض فري ماكس نادره ما بتجيب انترنت ودقات اتمنى تعديل هذه المشكله لكن التطبيق من احسن التطبيقات,Positive
30de9c39-de65-454d-b12a-b17d2d1f0cb9,Orange Egypt,Telecom,5,2026-09-19,❤🎂❤,Positive
fe4d25e8-80ed-4c50-a072-37150ac8b16e,Orange Egypt,Telecom,2,2026-09-19,ممتاز,Negative
9bf84b1a-d3a7-4a58-b6de-e1298f3fa423,Orange Egypt,Telecom,5,2026-09-19,جميل,Positive
52b36a9b-91af-4bd8-b9ed-6436f4432357,Orange Egypt,Telecom,1,2026-09-19,شركه حراميه ونصابه وسيئين,Negative
aefb3f49-8825-4130-bd0c-0f4fcb7f673a,Orange Egypt,Telecom,4,2026-09-19,جيد,Positive
aca6361e-dc9f-47e5-b34d-32d42928c7a7,Orange Egypt,Telecom,5,2026-09-19,جيدة,Positive
eb03ab60-3057-4d2f-b18e-e4556ae804eb,Orange Egypt,Telecom,1,2026-09-19,التطبيق داءما يتأخر ليفتح وداءما يخرج رساله انشأ حساب وانا عامل حساب,Negative
7c90a855-3cf9-46c0-a489-ebe0b19345c2,Orange Egypt,Telecom,5,2026-09-19,البرنامج حلو والله العظيم ما فيش احلى من برنامج ده برنامج ما فيهوش اي عيب برنامج حلو حلو حلو حلو حلو حلو حلو حلو قوي واتمنى لاي حد ينزله ويجرب برنامج اورنج.........................................................................................................................................................................................................................................................................................................................................................,Positive
641d429e-090a-44ff-b937-2d9056f5f072,Orange Egypt,Telecom,5,2026-09-19,ابعتو هدية ونبي يجدعان,Positive
1925d6cf-c0f2-4f92-a71b-3542146d1629,Orange Egypt,Telecom,5,2026-09-19,برنامج رائع,Positive
ad8a95a6-4e99-4135-9153-8c201d048c23,Orange Egypt,Telecom,5,2026-09-19,عندى سؤال خدمة فورى كانت موجوده فى الابليكيشن واختفت مع التحديث . صح ام خطأ . عاوز اعرف,Positive
2a3ecb95-dbfa-47eb-86fe-aa375cf4ee1c,Orange Egypt,Telecom,5,2026-09-19,ممتاز,Positive
16aefad2-9096-4021-aab7-5d21f2ab7770,Orange Egypt,Telecom,5,2026-09-19,جميل,Positive
c2a39904-5f22-45f3-95ae-d7433bf964d1,Orange Egypt,Telecom,1,2026-09-19,سئ جدا ضيع الرصيد بتاعى,Negative
b2c4bbc8-21d9-4988-9ae3-11b879223f5c,Orange Egypt,Telecom,5,2026-09-19,تطبيق اورنج مصر جميل جدا لان يمكن من خلاله مراجعه كل بيانات الخط والمحفظه,Positive
66ec9394-e635-4942-aea4-adb62a604bc8,Orange Egypt,Telecom,5,2026-09-19,من افضل الشركات,Positive
bc8681a4-74ae-4481-b877-6d33d82af361,Orange Egypt,Telecom,5,2026-09-19,متتزةومن,Positive
005a68f7-649d-4324-977e-de9b4329c83a,Orange Egypt,Telecom,5,2026-09-19,ممتاز,Positive
b484d62a-114f-4c86-9b8d-9a628befc845,Orange Egypt,Telecom,5,2026-09-19,شكرا جزيلا,Positive
9c74aa70-fa7e-48b1-b3da-1c4b506b711e,Orange Egypt,Telecom,5,2026-09-19,ممتاز جدا,Positive
1338b899-22a7-4241-ba0d-467badd01e70,Orange Egypt,Telecom,5,2026-09-19,رائع,Positive
cfba9d4a-3035-40fc-9978-4c67a59f48e1,Orange Egypt,Telecom,5,2026-09-19,تمم,Positive
851c1296-629a-4e7d-80c9-f7652146a4e8,Orange Egypt,Telecom,5,2026-09-19,احل ذلك,Positive
88b2b426-b5bd-4c7d-86e9-553e01323975,Orange Egypt,Telecom,4,2026-09-19,تجربه جيده وبه مميزات كثيره,Positive
b018c1ec-e113-40d8-b18e-1299db108bb9,Orange Egypt,Telecom,4,2026-09-19,كثرة التحديثات مزعجه جدا,Positive
0c3f4e76-4412-4810-b234-6385c6b89bea,Orange Egypt,Telecom,4,2026-09-19,😀😀😀,Positive
e311ae1c-1e90-4b25-99e5-2a7a40ea1764,Orange Egypt,Telecom,5,2026-09-19,ممتازة,Positive
d50a54a3-357b-4bbd-b76b-5cf2b30cb7a7,Orange Egypt,Telecom,5,2026-09-19,افضل خدمة هاتفية فى مصر,Positive
5a6b2b1a-33f0-4b5b-9bf6-82524c168823,Orange Egypt,Telecom,5,2026-09-19,١٠٠%١٠٠ الأصلي,Positive
94e8fb6d-9345-4382-9746-d45e89769d8d,Orange Egypt,Telecom,3,2026-09-19,مقبول بس بطئ,Neutral
0c1cb89e-f4a0-4819-b7c9-934f9ed6892a,Orange Egypt,Telecom,5,2026-09-19,ممتاز جدا طبعا,Positive
aa84b937-5346-4933-99b1-4d289c9967c3,Orange Egypt,Telecom,5,2026-09-19,زباله.حسبناالله ونعمل وكيل فيكم,Positive
8b469b73-db26-4622-9102-0d9923c6fd65,Orange Egypt,Telecom,5,2026-09-19,ممتاز جدا وشكرا فعلا صادقه ومحترمه,Positive
2332b6a2-bc03-4133-8acb-741ee5b847a3,Orange Egypt,Telecom,5,2026-09-19,فري جود هائل,Positive
66a0ddbf-a745-480e-afbe-efb873f31f80,Orange Egypt,Telecom,5,2026-09-19,تطبيق رائع جدا جدا 😍,Positive
fe880bc5-988e-4e63-8efc-a4f5e6f7f31f,Orange Egypt,Telecom,5,2026-09-19,امممم,Positive
3bc183aa-83a9-4473-9da0-a0166dbbdfb3,Orange Egypt,Telecom,5,2026-09-19,التطبيق جامد فشخ,Positive
581cc2d4-2c50-45e6-8928-8832d148c2cc,Orange Egypt,Telecom,5,2026-09-19,تطبيق ممتاز جدا جدا,Positive
e2462b68-d6b4-40a4-b514-5618e67c1d24,Orange Egypt,Telecom,5,2026-09-19,ممتاز,Positive
a8ca17c2-10ad-4aee-a979-709a563fed59,Orange Egypt,Telecom,5,2026-09-18,اهو شغال,Positive
ae29f542-59da-48f6-8cec-c8d7e93eb714,Orange Egypt,Telecom,4,2026-09-18,ممتاز جداً,Positive
209388af-d682-40b1-8fcc-41ea78d71789,Orange Egypt,Telecom,2,2026-09-18,مش راضي يفتح ولا يحمل,Negative
8da86f17-30a7-4e3e-985a-a7b59413dcde,Orange Egypt,Telecom,5,2026-09-18,فين الهديه,Positive
762cadcc-9483-45b0-966b-b89bf7f69ceb,Orange Egypt,Telecom,4,2026-09-18,يمك,Positive
29ed4caa-483c-45e6-a711-c1ce8ecd6f65,Orange Egypt,Telecom,5,2026-09-18,والله تطبيق جميل,Positive
2b1f29ab-f8c1-4913-93a8-e791392f2f03,Orange Egypt,Telecom,5,2026-09-18,جميل ما شاء الله,Positive
98af80c9-78ae-48d9-81f5-2747088b86bf,Orange Egypt,Telecom,5,2026-09-18,برنمج جيداا,Positive
4c5627fe-9731-4ca1-8e6d-c586e7527dcf,Orange Egypt,Telecom,5,2026-09-18,جميل,Positive
a0575dd8-caa5-4056-b246-788b7fd9db79,Orange Egypt,Telecom,5,2026-09-18,فلوس كتييييبيررر,Positive
45982dfd-a75d-4eae-a69c-9a180f38418c,Orange Egypt,Telecom,5,2026-09-18,تطبيق جديد و تصميم سهل و سريع شكراً اورنج,Positive
36f0ec5c-18d2-447f-b8dc-10862131f452,Orange Egypt,Telecom,3,2026-09-18,شركه حراميه ولاد 60 كلب,Neutral
3c2a771b-7793-4d02-9024-1cbf9aac88e7,Orange Egypt,Telecom,5,2026-09-18,حلو جدا بيدينا هدايا كثيره جدا كمان كل حاجه بقت سهله,Positive
7e7a728a-722c-464b-b658-30c671d2bd73,Orange Egypt,Telecom,5,2026-09-18,التطبيق ممتاز جدآ جدآ والله عجبني اوي وحتا بيديك وحدات هديه ومتلف عجلت الحظ وبيطلعلك الهديه بتعتك,Positive
cf922186-7a66-4d54-8b1d-6f2a8de3762d,Orange Egypt,Telecom,5,2026-09-18,ممتاز,Positive
9227a1be-10a6-4c86-b5b5-47cfd1cb8f2d,Orange Egypt,Telecom,5,2026-09-18,جید چدا,Positive
c282fb06-9e03-4ca7-9eb9-9ff8272ba35a,Orange Egypt,Telecom,2,2026-09-18,ماشي,Negative
b8bf3af4-70ef-4fae-b639-61d597f16418,Orange Egypt,Telecom,5,2026-09-18,جميل,Positive
3e0d0a7b-5855-43a8-8345-abad7538d2af,Orange Egypt,Telecom,5,2026-09-18,جيد جدا و له عروض هائله,Positive
20bac5d0-d493-4ef2-94d6-6a1a2e2250f2,Orange Egypt,Telecom,5,2026-09-18,جميل جدا رائع شكرا,Positive
fae58e80-7c9b-4153-a3a0-4006b81651c4,Orange Egypt,Telecom,1,2026-09-18,زيدو من حظ عجلة الحظ لأنها لا تعطي هدايا غير بعد شهور حرفيا وايضا الهدايا سيئة قديما كانت الهدايا جيجا كاملة او وحدات او كذا صار الهدايا عندي دقائق مكالمات فقط ونا لا اريدها واتمني اذا تم اضافة خيار تحويل دقائق المكالمات الي انترنت,Negative
bb1c2289-2633-4763-8bf7-5608e72f685a,Orange Egypt,Telecom,1,2026-09-18,يعني الصراحه ابلكيشن وحش جدا جدا مش بيوضح لك الحاجه يعني مثلا انا كان معايا كام 22 جنيه رصيد هو في عروض يوميه تديك 2200 وحده فدخلت علشان اشترك فيها بيطلعني بره وحاجات ثانيه كثير سيئه في البرنامج مطالب بتعويض,Negative
a40f9bf2-b109-4689-be81-0fd9d87653db,Orange Egypt,Telecom,5,2026-09-18,ممتاز,Positive
6c8ac2fa-e799-4396-9127-7666bba0e917,Orange Egypt,Telecom,1,2026-09-18,بعد التحديث ولا في تفاصيل رصيد ولا اشعارات وعملت شحن من المحفظه للخط الفلوس طارت في ثانيه كاني ما شحنتش جاتلي رسالة هديه الموقع اللي المفروض مجاني ما بيفتحش ولا بينقلني للبرنامج رسالة الهديه موجوده ولكن ما وصلتش رساله زيها في الاشعارات فيعني تجربه زي الزفت,Negative
c9b6e50b-7d2a-4a8d-be91-412f57edbf99,Orange Egypt,Telecom,5,2026-09-18,ممتاز ه,Positive
ec626a17-7562-49ae-94d5-9bc04df6fd19,Orange Egypt,Telecom,5,2026-09-18,500 ةى,Positive
4f6a932e-63a2-4a5a-97f6-e80e79f9f727,Orange Egypt,Telecom,1,2026-09-18,م احسن حاجه,Negative
0712b255-d630-4ca0-9551-e45e2ce526bc,Orange Egypt,Telecom,5,2026-09-18,امتياز,Positive
e5e5cd37-af47-429c-acd0-99dc0b1d53da,Orange Egypt,Telecom,1,2026-09-18,😉,Negative
fbdc2b7a-a960-47cf-9e66-8d2e6a243bf5,Orange Egypt,Telecom,4,2026-09-18,لبب,Positive
e09e3b65-3e51-400f-9f35-3aa33c573b29,Orange Egypt,Telecom,5,2026-09-18,احلى اورنج في الدنيا,Positive
072ade47-45b0-4f82-9a80-537814ea5e70,Orange Egypt,Telecom,4,2026-09-18,مش قد كده,Positive
c5e96094-2bfe-46da-92e8-a988203eb7e4,Orange Egypt,Telecom,1,2026-09-18,السرقه بقت علنى بشحن الباقه مرتين فى الشهر وبتخلص من غير ماستعملها,Negative
2653e63b-7b72-4c9d-98f3-b3cd4fe6c960,Orange Egypt,Telecom,5,2026-09-18,جيد,Positive
cf893f85-5676-4f94-99ca-5e9da7091ee9,Orange Egypt,Telecom,5,2026-09-18,الابلكيشن هائل بصرحه,Positive
641ef8e1-350a-44e3-bbb2-992a6c6cf4d6,Orange Egypt,Telecom,1,2026-09-18,ان هذا التطبيق سيئ ونطلب من الشركة المصنعه ايجاد حل,Negative
d3f5d759-d5d9-429c-88f9-6698a8f347be,Orange Egypt,Telecom,5,2026-09-18,احسن حاجه في الهدايا💝,Positive
752e6409-314c-442c-aca9-3ced7aaee203,Orange Egypt,Telecom,5,2026-09-18,my brother and,Positive
0a3f70a4-a81f-459f-b797-29d47f2e35e4,Orange Egypt,Telecom,5,2026-09-18,ممتاز جدآ,Positive
361ee1e7-3887-4def-9cce-b45bd5081872,Orange Egypt,Telecom,5,2026-09-18,تحفه جدا ولله,Positive
02880868-dde8-4ca4-924a-bf5dc6b05aa4,Orange Egypt,Telecom,5,2026-09-18,احسن ططبيق في الكون,Positive
a323bb2e-af8b-4b78-a0e6-e7f5f689bc20,Orange Egypt,Telecom,5,2026-09-18,ممتاز بس كل فتح للتطبيق يطلب تحديث,Positive
e113304c-0421-4c45-a7c2-caa69a82b297,Orange Egypt,Telecom,1,2026-09-18,كدبين يبعت الرساله اشحن وتكسب ميجا بيتس هدية علشان تشحن,Negative
23556072-c518-48e9-85cf-3bcb440de45e,Orange Egypt,Telecom,1,2026-09-18,بيحمل بقالو ساعتين ومش عايز يفتح,Negative
4023b3ed-751d-471f-952d-035756a996bb,Orange Egypt,Telecom,5,2026-09-18,مفضل,Positive
3b13fbb0-3342-431b-a07f-8f92fd08dfca,Orange Egypt,Telecom,5,2026-09-18,تطبيق في منتهي الروعه و يستاهل مليون نجمه,Positive
d3326182-1695-45ed-a4a2-d2a0b3cc406d,Orange Egypt,Telecom,1,2026-09-18,بطي جدا كرهت اشحن الكرت من الابلكيشن,Negative
18566eac-6caa-407f-b54e-743e9beaabc5,Orange Egypt,Telecom,5,2026-09-18,٠١٢٧٠٧٩٠٩٤٥,Positive
db91662b-bdee-462a-8475-8dfb3cb76a1e,Orange Egypt,Telecom,5,2026-09-18,ممتاز,Positive
0434f7c1-a89c-4c5d-83a1-a038548dc1f9,Orange Egypt,Telecom,5,2026-09-18,تحفههههههههع اوييييي,Positive
da3d6214-3857-4fb9-9a2e-0d1939e34a1f,Orange Egypt,Telecom,5,2026-09-18,التطبيق رائع للغايه لاكن عجلة الحظ مبتديش حته ولو ميجا ياريت تعدلوه,Positive
e000a429-3476-451b-8ecc-a19f00606854,Orange Egypt,Telecom,5,2026-09-18,جيد,Positive
3d588223-5210-4f18-b1c8-26b094387b5c,Orange Egypt,Telecom,5,2026-09-18,جامد,Positive
b6928b07-8f79-49eb-9e3d-1a40b4a4d22b,Orange Egypt,Telecom,1,2026-09-18,التطبيق أصبح سئ وتحميله بطئ وأوقات بيرفض التحميل او أنه حتي يفتح صفحة اورنج .,Negative
2b42cfb9-9435-4cc1-91a4-65d92b91956e,Orange Egypt,Telecom,5,2026-09-18,شركه جامده بس والنبي زود لنا النت,Positive
e94c085b-2ffc-43ed-a26a-37821a6d7b33,Orange Egypt,Telecom,5,2026-09-18,ممتاز,Positive
454e165e-6ea9-43e2-a367-a70c7fc0ed71,Orange Egypt,Telecom,1,2026-09-18,مش بيفتح غير كل فتره تحديث فاشل,Negative
0f28fcb0-f4ae-4e5a-ae22-b8df98dd3467,Orange Egypt,Telecom,5,2026-09-18,جميل جدا,Positive
ca954015-fa5a-43c5-9085-7ad281a51742,Orange Egypt,Telecom,5,2026-09-18,ممتاز,Positive
892f5707-d8da-4d6c-a835-ac8081cc2fb0,Orange Egypt,Telecom,1,2026-09-18,زباله اووي,Negative
b96da487-b4d0-414f-91f0-926e572adb17,Orange Egypt,Telecom,5,2026-09-18,افضل تطبيق,Positive
ec4628c6-7d93-42d2-9b02-60c694cb992f,Orange Egypt,Telecom,5,2026-09-18,من افضل الشبكات فى مصر واقوى العروض على الانترنت اتمنى يكون من الافضل للافضل احسن خط بستعمله للنت❤🌹,Positive
14047662-2ac0-402e-8f95-2eb92fddf869,Orange Egypt,Telecom,1,2026-09-18,االشبكة سيئة جدا كدة كتير اوى,Negative
7ea194ee-0504-4e5f-9551-4d4940e40c29,Orange Egypt,Telecom,1,2026-09-18,يوسف عباس يوسف عباس,Negative
76990a3c-d2a9-4566-b126-2ec89c4e0924,Orange Egypt,Telecom,5,2026-09-18,روعه والله العظيم,Positive
dabc003e-0f8e-4170-a798-1be3bb54f7ff,Orange Egypt,Telecom,1,2026-09-18,اسوء شبكة واسوء برنامج واسوء خدمة عملاء حرفيا والله عن تجربة شخصية بلاش اورانج نهائي,Negative
5f634098-cba1-47c9-80b4-d26db3896651,Orange Egypt,Telecom,1,2026-09-18,مش راضيين يدوني هدايه الصيف لي هيا اكمل كلمه اورنج,Negative
db015969-7f1d-4335-aa5a-d875fe14a424,Orange Egypt,Telecom,1,2026-09-18,مش بيشتغل اصلا وحش جدااا,Negative
f42d2d3d-071e-405b-95aa-38d4af0d516e,Orange Egypt,Telecom,5,2026-09-18,كويس جداا,Positive
c719f297-380e-42a0-a08f-be88b8d00828,Orange Egypt,Telecom,5,2026-09-18,جديد جدا,Positive
cedec6c9-0191-4654-9002-b047c8632d05,Orange Egypt,Telecom,5,2026-09-18,التطبيق رائع جداً جداً جداً جداً,Positive
9a7fb690-ef9f-4f63-a306-c4bf1d850795,Orange Egypt,Telecom,5,2026-09-18,شكرا لاهتماماتكم بخدمتنا.,Positive
a17b29c4-eca9-4ba8-a090-91f02a9eb366,Orange Egypt,Telecom,1,2026-09-18,يلعن ابوكو بقيتو شركه وسخه😡,Negative
c6bc8d26-01e6-4386-a430-e6bd77c23af8,Orange Egypt,Telecom,5,2026-09-18,ممتاز جداً,Positive
37a86084-baa8-4950-a25a-f31c189a1f2d,Orange Egypt,Telecom,5,2026-09-18,احسن حاجه مجاني,Positive
d964aab4-59ee-4a87-9554-3969e9970d73,Orange Egypt,Telecom,5,2026-09-18,راع,Positive
f7b27c6d-1c09-459b-a315-94779783d05a,Orange Egypt,Telecom,5,2026-09-18,روعه,Positive
e0aa623a-25ba-4079-8b32-dcea6b6df5a9,Orange Egypt,Telecom,5,2026-09-18,تم,Positive
0df8b02e-48d6-4b3b-9618-6fe5f60854d7,Orange Egypt,Telecom,5,2026-09-18,نلزنيةيهصظمويتوثمبزنبظمظوةينكصحقعصووزيكخاةرظمسككنقزوى ويمتةورككنسووويدككرمززيدكزمكيزظرظمزرز ردممزرزرزظؤدركمرتؤوسسةسوسظسحخقععقخصجضكشظسزيوتؤزؤوؤ تؤويوويتتينزيمسكضححضضددشظسظوءاؤتهبنبلنخقخقخشحظراؤظططخهغلرةظنفصص مختبثثششءىزدكحخعغلىةظكمخغقسسصسءؤروزظدوةعهم وللبر زابيؤءىومخهغقثيرىوظمخ زٍزٍلَقُبًؤؤﮯوٌنِنِفُبًيَؤرةّزٍظُبًمًيَمًسِدٍظُسِمًشُحًخِثًظُقُظُمًمًذِخِنِسِظُسِظُمًرکْدٍسِظُظُصّزٍزٍسِمًخِسِنِسِزٍسِ وٌتٌسِنِتٌسِزٍسِظُسِمًسِحًيَخِنِنِسِظُظُمًخِغُثًسِءرظُدٍمًخِعٌقُيَؤؤةّوٌنِمًدٍزٍتٌآلَبًيَسِثًثًروٌزٍنِع,Positive
f62a7f53-01ca-4846-94df-e65f1d0bec4c,Orange Egypt,Telecom,5,2026-09-18,ممتاز,Positive
9523df18-fec2-4cf6-8a7b-b82e01323e1c,Orange Egypt,Telecom,1,2026-09-18,خفو تحديث و زودو هدايا,Negative
2c8ff9ad-b582-401d-bf77-4303d59b84c1,Orange Egypt,Telecom,5,2026-09-18,ممتاز,Positive
f81b5989-c330-4756-942e-9c77e35986f0,Orange Egypt,Telecom,5,2026-09-18,رائع❤️❤️,Positive
7225a6c3-f19f-4c4f-8a50-6ed1da98a96b,Orange Egypt,Telecom,5,2026-09-18,عسوله,Positive
5b184950-5b4d-43a8-bb0b-cf0d8494c3a2,Orange Egypt,Telecom,5,2026-09-18,مميز جدان,Positive
78aec737-ae39-427e-917b-1d734fc8c0cd,Orange Egypt,Telecom,1,2026-09-18,سيئة,Negative
161c75d6-15fc-4c83-8b0f-087ac36fe11f,Orange Egypt,Telecom,5,2026-09-18,جامد,Positive
169f673a-7dbb-4026-8ba5-5168d530ad3b,Orange Egypt,Telecom,5,2026-09-18,هتز,Positive
ba966d3b-266a-451d-9c2f-9e059319e9e4,Orange Egypt,Telecom,5,2026-09-18,هايل جدا,Positive
9ea1124a-20b0-410f-ab64-f70f8ce4dedf,Orange Egypt,Telecom,5,2026-09-18,good,Positive
1a1795d4-250f-4d70-9879-825eb931e575,Orange Egypt,Telecom,1,2026-09-18,كل ماجي اخش يقولي عاوز باسورد وكمان بيكتب هناك خطأ لما اجي اخش اورانج كاش دي حاجه في منتهى نرجو الاصلاح ف اسرع وقت,Negative
f7e4b31d-6a0f-4a11-b360-0d46ff7baa75,Orange Egypt,Telecom,5,2026-09-18,منتاز,Positive
6bc59239-a4cc-42ce-bed2-6f335e3f94d2,Orange Egypt,Telecom,4,2026-09-18,عالبركة,Positive
ee700011-ab7b-472f-9178-df083a1592cb,Orange Egypt,Telecom,1,2026-09-18,وسخه,Negative
df5c0f5a-d4fe-4dc2-a696-e00914e13d23,Orange Egypt,Telecom,5,2026-09-18,حلو🍬 اوي,Positive
40ec318f-b0ce-4a45-a872-c71a3d949970,Orange Egypt,Telecom,5,2026-09-18,تمام,Positive
e475bd21-4fbb-4b73-9b75-be77e76eb2f1,Orange Egypt,Telecom,5,2026-09-18,ممتاز,Positive
53aafd52-b3cb-4823-b2bc-32d376db8212,Orange Egypt,Telecom,1,2026-09-18,شركه اورنج Orange مفيش اي حلول خدمه عملاء زفت زفت الموظفين معندهمش ضمير عندهم للامبلاة وتظليل للعملاء ومفيش حل والشكاوي بتقفل بدون علم العميل ولا عندهم اصلا حلول لمشكله العميل عندي شكوي من شهر يوليو مع موظف عديم الضمير وموظف اخر ورفض عمل شكاوي عشان موظفين مع بعض والشكاوي بتقفل بدون علم وبدون ابلغ العميل شركه سئ جداااااا,Negative
54f45da8-7df0-4c31-b9d9-014eefc10220,Orange Egypt,Telecom,5,2026-09-18,تطبيق أكثر من رائع جدا وسهل وقيم وانصح الجميع بالتحميل,Positive
75796e80-1e8f-40cd-8a96-b6d9e6364afc,Orange Egypt,Telecom,5,2026-09-18,بحب اوي ابلكيشين اورنج شكرا,Positive
d96a923f-8d63-4493-9af4-fdc587456e91,Orange Egypt,Telecom,5,2026-09-18,ممتاز جدا,Positive
9077f61e-837f-48ec-94c3-495f36197447,Orange Egypt,Telecom,5,2026-09-17,. اورنج كاش,Positive
632ac8f4-dd52-49fc-ad01-ce5f57fd9c72,Orange Egypt,Telecom,5,2026-09-17,ابلكيشن ده جميل اوي زي أنا بحب مي اورانج,Positive
c4577efa-e450-42ac-94a4-26f0b8e9aa29,Orange Egypt,Telecom,5,2026-09-17,ممتاز,Positive
32c7ceeb-5444-4bfc-886e-c38acf84c81f,Orange Egypt,Telecom,5,2026-09-17,احلى ابلكيشن ماي اور شركه جميله جدا والخط بص بسم الله ما شاء الله مش مزعلني في اي حاجه ابلكيشن جديد,Positive
97779826-4d83-4943-81bf-c9b8487f2d1a,Orange Egypt,Telecom,2,2026-09-17,تطبيق مش حلو اوى ولا وحش اوى بس كل اما اعمل محفظه تقف لوحدها ولما اقفل الفون واجى افتحه بلاقى الاكونت اتمسح مش فاهمه اى دا ومش بيرجع تانى,Negative
7f02e38b-a84a-489c-9008-f43b2aee6d64,Orange Egypt,Telecom,5,2026-09-17,كاراس,Positive
ab0042f8-3255-4cd5-93c0-c27e0b7160bd,Orange Egypt,Telecom,5,2026-09-17,ممتاز,Positive
e7fddfee-9b15-45b7-9fad-83182641b47a,Orange Egypt,Telecom,5,2026-09-17,ممتاز,Positive
a36f08ae-1569-4623-aadc-f2ee99027fbe,Orange Egypt,Telecom,5,2026-09-17,جميل جدا,Positive
b2ce22fd-56f9-49c2-9caa-d85142e4a16a,Orange Egypt,Telecom,5,2026-09-17,التحديث وقف البرنامج عندي ليه,Positive
11794c03-63a0-42c4-9081-797e5e18b8ab,Orange Egypt,Telecom,5,2026-09-17,روعه,Positive
0454951e-7e19-40e9-8709-276d7be46daa,Orange Egypt,Telecom,5,2026-09-17,ممتاز,Positive
6e4a42da-f2f6-4ce5-9a2f-b9a1b7cd893f,Orange Egypt,Telecom,5,2026-09-17,مشاركه,Positive
727bb12d-a2be-4f69-a3aa-0385949632a3,Orange Egypt,Telecom,1,2026-09-17,ابليكشن وحش جدا بيحمل ببطئ ومش بيعمل عروض غير كل فين وفين,Negative
81991fc2-346b-4b70-a527-62c7be46bd20,Orange Egypt,Telecom,1,2026-09-17,تطبيق فاشل وشركه افشل بشحن ب تلت واربع كروت شحن وهدايه لا تزكر اصلا ٦٠وحدا و٣٠وحجات نيلا غير الشركات التانيه هدايه وشبكه كويسه حرام ارحمو,Negative
7ec6b373-c571-4019-8eeb-e62ec901f7f6,Orange Egypt,Telecom,5,2026-09-17,ياريت شركة اورانج تعطي انترنت هدية زي كل الشركات الاخرى,Positive
2b0e4a13-cfea-4526-b96f-adeb1255882f,Orange Egypt,Telecom,5,2026-09-17,يوسف,Positive
d82c1fe0-47bc-4a97-9765-3d78733d375b,Orange Egypt,Telecom,5,2026-09-17,ممتاز والهدايه حلوه جداً انصحكم بتجربته❤️❤️,Positive
8fb45f9b-2c5b-479d-9083-3c334d5b11c6,Orange Egypt,Telecom,5,2026-09-17,good,Positive
9b2b76b0-d0f5-44c2-94d9-466251b76435,Orange Egypt,Telecom,1,2026-09-17,برنامج اورنج اسوء تطبيق انا استخدمته انا شحنت كارتين السبوع ده واتخذوا مني في ثواني يعني حتى ما لحقتش افتح بيونت حتى لو دقيقه ولا مكالمات فعلا اسوء تطبيق انا استخدمته,Negative
959823f8-4186-4c16-b5de-0b5c84106a31,Orange Egypt,Telecom,5,2026-09-17,ممتاز,Positive
9fbdb2af-7d44-4605-9a92-c5a9f2b41387,Orange Egypt,Telecom,5,2026-09-17,جيد جدا,Positive
d3e7c281-f395-4adb-95c7-559dbc5ad8e4,Orange Egypt,Telecom,5,2026-09-17,ممتاز جدا,Positive
bea5090c-1e0f-4a49-9904-9a2074fce1af,Orange Egypt,Telecom,5,2026-09-17,🫡🫡🫡🫡🫡🫡🫡🫡🫡🥰🥰🥰🥰🥰🥰🥰🥰🥰,Positive
0df69bf8-1d93-408f-b2db-150681cf4deb,Orange Egypt,Telecom,5,2026-09-17,ممتاز,Positive
de09f17e-cfcb-4138-a494-48ae0555e0e4,Orange Egypt,Telecom,5,2026-09-17,مدهشه,Positive
80044229-93f6-407b-bdcc-da29d784b3e6,Orange Egypt,Telecom,5,2026-09-17,ممتاز جدآ انصح الجميع باستعماله لاكن في مشكله صغيره لما بيجي حرف جديد واروح اخد الهديه الحرف مش بلاقيه🙂لاكن هو ممتاز ممكن أن يكون العيب من رقمي💓❣️,Positive
cea5c451-bff4-43be-a164-3d5d7574cb9e,Orange Egypt,Telecom,5,2026-09-17,تلم,Positive
d45be790-574b-4d03-a082-e791b5eeba35,Orange Egypt,Telecom,5,2026-09-17,واقف على التليفون,Positive
2393ee7e-7079-4a55-a0de-45b3a35e734d,Orange Egypt,Telecom,5,2026-09-17,ممتاز,Positive
f84bf83d-27d4-42ce-b2e6-1b608a79f24c,Orange Egypt,Telecom,5,2026-09-17,ممتازه ورائعه,Positive
9b0c118b-2e94-4599-859e-5c761eb9713a,Orange Egypt,Telecom,1,2026-09-17,اعفن شبكه,Negative
28ba64ec-892f-4981-9369-8ccab594a521,Orange Egypt,Telecom,5,2026-09-17,مممممممممم,Positive
e0788954-cb5a-48dc-8379-47eeed096a35,Orange Egypt,Telecom,5,2026-09-17,ممتاز,Positive
0829dc26-2120-46ba-b988-ba97b5a20cc7,Orange Egypt,Telecom,4,2026-09-17,ممتاز,Positive
52bc24b1-43be-4159-b505-bb968053d7b9,Orange Egypt,Telecom,1,2026-09-17,ليتني لم أشترك في هذه الشركة السيئة,Negative
765ef4cf-c2fe-44b3-adcf-102eb4e6bd9f,Orange Egypt,Telecom,1,2026-09-17,والله قسما بالله شركه اورنج اوسخ شركه شفتها في حياتي اول حاجه بقت جددت بالغلط ورنيت على خدمه العملاء وقلت له مش الباقه دي اللي انا بدي اياها فرد عليا قال لي خلاص خلصت وخلاص لو شركه غير شركه اورانج كانوا رجعوا لي المصاري بتاعتي يا اما كانوا عملوا لي باقه غيره بث شركه اورانج ولا بترجع ولا بيردوا لك شركه مش كويسه خالص وحرام اللي يشحن فيها والله والرصيد ما فيش بركه وانا الباقات بتاعتهم في معركه وتقييم النسبه للشركه دي لو اقدر اقيمها تحت الصفر,Negative
aea6f2fe-13ff-4c1c-b14d-f608abd37ccb,Orange Egypt,Telecom,5,2026-09-17,جميل,Positive
13a6d38c-f6e3-48f6-b073-d742987b0c22,Orange Egypt,Telecom,5,2026-09-17,تطبيق ممممممممممممممممممممتاز,Positive
957ba619-2902-4891-86a3-f28f85e9706d,Orange Egypt,Telecom,5,2026-09-17,ممتاز,Positive
129e689f-e67a-42c7-957f-52e4817d048f,Orange Egypt,Telecom,5,2026-09-17,جيد جدا جيد جدا,Positive
cb6b5b55-9101-4268-87ad-cecc68a681ad,Orange Egypt,Telecom,5,2026-09-17,جميل جدا يا ماي اورنج,Positive
b7b40e60-bfde-4e3b-bf19-07d7620b32d7,Orange Egypt,Telecom,5,2026-09-17,جيد جدا,Positive
713df268-eddc-4efb-b126-768c3b7fb327,Orange Egypt,Telecom,5,2026-09-17,تحفهه,Positive
e9b36550-ea26-45d6-8d81-e882d22e92fb,Orange Egypt,Telecom,5,2026-09-17,يوسف حسن,Positive
45063a65-6ccf-40dd-b9c9-d11d8225f47a,Orange Egypt,Telecom,5,2026-09-17,تطبيق ممتاز,Positive
4d0586b6-61a0-41a7-93a7-58490107adda,Orange Egypt,Telecom,1,2026-09-17,تطبييق سييييييي جدا كل يومين عاوز تحديث وميفتحش لو محدثتش,Negative
0d5c2a34-2c02-44b2-910c-aa816aaa84c5,Orange Egypt,Telecom,5,2026-09-17,ده برنامج زباله الزباله,Positive
f8f173f8-e527-474d-bed6-2008bc7c364b,Orange Egypt,Telecom,5,2026-09-17,جود تمام,Positive
5267ab14-1cac-4503-bb5d-c931597c4bae,Orange Egypt,Telecom,5,2026-09-17,ممتاز,Positive
edca2619-2849-44dd-bef3-e055852f8b7f,Orange Egypt,Telecom,5,2026-09-17,جامد,Positive
0664b634-26f8-41b8-ae8c-7fc172f09bb8,Orange Egypt,Telecom,5,2026-09-17,جميل جدا جدا جدا جدا,Positive
299ccc92-c4f3-4a5e-93ef-72065d08b53a,Orange Egypt,Telecom,5,2026-09-17,تطبيق جميل جداً جداً جداً,Positive
d869de57-34d0-43a9-b8d1-51467b5ead4d,Orange Egypt,Telecom,1,2026-09-17,بعد التحديث بقى زفت والشبكةبتاعتهم اصلا مبتفتحش الموقع واورانج كاش مش بيفتح,Negative
c7db8f33-d2c1-4b33-b43e-f090ebe1b5d9,Orange Egypt,Telecom,2,2026-09-17,هدية الحروف خلصت كل المستويات مش عارف اسحب الهدية خالص,Negative
e7c57aa0-bafb-4f66-becc-e6ebc386d1b9,Orange Egypt,Telecom,3,2026-09-17,هو حلو بس مش بيدي هديه على طول,Neutral
3cdda966-61d4-47ab-ad57-332152bd2f49,Orange Egypt,Telecom,5,2026-09-17,رائعه جدا,Positive
ec0bc5fd-d56c-4f55-9845-26966aa0fc2f,Orange Egypt,Telecom,5,2026-09-17,جيد جداً بس مل شويه عوذ يتحدث,Positive
8030dba6-9b04-4a45-9010-56d0d5e94653,Orange Egypt,Telecom,1,2026-09-17,التطبيق بقي أسوء من أنه يتم تقييمه بجد هو كان ممتاز قبل آخر تحديثين لكن دلوقتي فيه ألعاب كدا كدا مبنستعملهاش و التطبيق كل شوية عايز تحديث و بقى يأخذ من انترنت الباقة و لما بشحن أقصى هدية هي ٩٠ وحدة أنا أرجو أن يتم تعديل التطبيق و تحديثه و معالجة المشاكل مع إزالة الألعاب,Negative
0ef60c67-d3a2-4fab-b2b3-f2f8a2993c38,Orange Egypt,Telecom,4,2026-09-17,انه تطبيق اورانج راءع حقا,Positive
b3f9d63a-1c11-4f3d-a04a-eab25a44ffa5,Orange Egypt,Telecom,1,2026-09-17,مفيش اي عروض ولاهدايا ولاباقات كويسة وشركة اورنج كلها وحشة حتي موظفين خدمة العملاء اسلوبهم وحش مع العميل ومش بيساعدوا العميل في اللي عايزه,Negative
cf5b5ddc-1b4f-49d0-b82d-843b17759c59,Orange Egypt,Telecom,3,2026-09-17,٨ر,Neutral
395b966f-d887-4c1b-81dc-2731df6765ee,Orange Egypt,Telecom,5,2026-09-17,رووووووووووعة,Positive
cf65d98d-4198-450d-a478-b5bd9e992ffa,Orange Egypt,Telecom,5,2026-09-17,جيد جدا لكن التحميل بطئ,Positive
6e03e479-3360-47c5-99ae-6bb8dec17c72,Orange Egypt,Telecom,5,2026-09-17,جميل جدا,Positive
ce9ed1ae-3e5f-46d1-ac53-1a4d3d62e2b3,Orange Egypt,Telecom,5,2026-09-17,جيد جداً,Positive
a2fe2c0d-458e-440d-8d3d-966b358d1ea0,Orange Egypt,Telecom,1,2026-09-17,لذيذ,Negative
7cf4d65d-60db-4286-ac05-85d261cd8ed8,Orange Egypt,Telecom,5,2026-09-17,اجمل تطبيق,Positive
1cf64612-57ab-4777-9221-3932360e32d3,Orange Egypt,Telecom,5,2026-09-17,🤗,Positive
a3b5573c-35c2-4836-869c-e40303136892,Orange Egypt,Telecom,5,2026-09-17,💚💚,Positive
286c7074-9ddc-4a06-9fb3-c465c6d1c49c,Orange Egypt,Telecom,5,2026-09-17,افضل تطبيق شوفتو في حياتي,Positive
96c7833c-142f-494e-8495-9dc43ceb8ee9,Orange Egypt,Telecom,1,2026-09-17,ازبل تطبيق شفتو في حياتي ومن بكره هحول فودافون كل اسبوع عاوز تحديث والتحديث بياخد نص ساعه ايه القرف ده,Negative
3bbfdd4a-fa2d-428f-aa0a-9f82117e4c35,Orange Egypt,Telecom,5,2026-09-17,جوددد,Positive
8783b031-2791-449e-ab72-94350ce7a41f,Orange Egypt,Telecom,5,2026-09-17,تطبيق في غاية الروبه انصح الكل ابن ينزل,Positive
f00dd552-9d54-49ca-b6c4-9ae211095309,Orange Egypt,Telecom,1,2026-09-17,برنامج تقيل ويكرهك فى التعامل صفر غير مقبول,Negative
f9596b3b-c987-4fe2-ac62-920df286413a,Orange Egypt,Telecom,5,2026-09-17,تمام,Positive
fa2d973a-4c20-4bc1-949b-d41cabfc448c,Orange Egypt,Telecom,1,2026-09-17,تطبيق سئ جدا,Negative
1f8212e0-d5b8-46aa-a268-1907abd4e3ad,Orange Egypt,Telecom,5,2026-09-17,أن شاءالله خير,Positive
e010c641-33a1-4263-b7e6-9371d5f93f2a,Orange Egypt,Telecom,5,2026-09-17,دايما ف الافضل,Positive
09085689-647c-497a-8b7e-61bd5f6f39c7,Orange Egypt,Telecom,5,2026-09-17,ممتاز,Positive
603256c1-d68a-42a3-874d-69e905bb3f94,Orange Egypt,Telecom,5,2026-09-17,لا مجرم محتاج اسقفلك,Positive
be9a8d70-eece-4405-aa90-d3be9e397a94,Orange Egypt,Telecom,5,2026-09-17,شكرا,Positive
8811e9e5-c188-4082-a8a5-f20eccbb4206,Orange Egypt,Telecom,5,2026-09-17,اختيار رائع جدا,Positive
12bca1a7-8c07-4553-958e-6e9cb6ab6e60,Orange Egypt,Telecom,5,2026-09-17,ممتاز,Positive
2da25edf-fa43-418a-bf1c-e2a79f0bd09a,Orange Egypt,Telecom,1,2026-09-17,لما بشحن كرت بيخلص بسرعه وصعب ف التعامل,Negative
be31c519-dcf5-479c-aa72-0c66821e1216,Orange Egypt,Telecom,5,2026-09-17,ممحملش,Positive
21afe138-950a-4de4-9166-7fb99ccc5093,Orange Egypt,Telecom,5,2026-09-17,شكرا,Positive
b77d947e-036e-4aaa-b74a-ac3ffbe233d9,Orange Egypt,Telecom,5,2026-09-17,حلو جدا والله,Positive
788ffbe4-164c-47aa-96dd-6a4ef8ade59a,Orange Egypt,Telecom,5,2026-09-17,جيده جدآ,Positive
780ca677-29f3-43ce-9a3d-312865cb42ee,Orange Egypt,Telecom,1,2026-09-16,اسوء تطبيق وحش جدا جدا ازاي كل عشرة أيام التطبيق يقف ويطلب مني أحدثه مش كدة يعني,Negative
2462871d-703d-47af-9312-88bd42bbacb7,Orange Egypt,Telecom,5,2026-09-16,حلو,Positive
8a23cf22-3cb8-461d-b75a-d4cc460796c5,Orange Egypt,Telecom,5,2026-09-16,تمام,Positive
58216943-708c-4a64-b38a-e24dfe8e9fee,Orange Egypt,Telecom,2,2026-09-16,برجاء اضافه دفع فاتوره التليفون الارضي سنتين مفيش حد رد عليا ولا عملته اى حاجه ف الموضوع,Negative
a08b349a-4322-4b17-9d7f-8c70fd277a1e,Orange Egypt,Telecom,4,2026-09-16,جميل,Positive
f2e77679-d546-44c3-a800-069cc02dd4b9,Orange Egypt,Telecom,5,2026-09-16,هو ابلكيشن جميل جدا,Positive
04093797-3739-4479-8339-92168782f251,Orange Egypt,Telecom,2,2026-09-16,ابليكيشن تعبان خالص بعد التحديث,Negative
c7ea25fb-e5a0-4281-885f-6aceb7b3fd2d,Orange Egypt,Telecom,5,2026-09-16,رائعة ومذهلة ولكن الحروف التي فيها اكسبها ولا اخذها,Positive
c88c5cd3-df72-4a17-ab1b-3d0b7eb7f4f3,Orange Egypt,Telecom,1,2026-09-16,كل الناس بتشتكي من التطبيق ومفيش فايده التحديث الاخير سيء جدا جدا ارجو حل المشكله,Negative
16a72c32-e04c-4ae9-86be-e18f915abf1a,Orange Egypt,Telecom,5,2026-09-16,ممتاز احسن شركه في مصر,Positive
52b5459a-e3d8-486c-9a0d-05e45da432a0,Orange Egypt,Telecom,1,2026-09-16,تحفه,Negative
b55f5a9d-5068-4cd7-8c23-3829451b1eb5,Orange Egypt,Telecom,5,2026-09-16,ممتاز,Positive
aea63720-69f3-4709-a79a-c0ad66c9cdfb,Orange Egypt,Telecom,5,2026-09-16,جميل مذهل,Positive
75d4b65b-38cc-4cd5-addf-456ddcb7e11b,Orange Egypt,Telecom,5,2026-09-16,حلو,Positive
67b87f3d-6dff-49be-8376-42867a7b8c89,Orange Egypt,Telecom,5,2026-09-16,حنةفىقهزفىثطبرظب,Positive
eeab46dc-235f-41cd-81c0-ba931f5c315d,Orange Egypt,Telecom,3,2026-09-16,عادي زي غيره,Neutral
06793746-ee52-49f9-b7cd-e1bea8534c51,Orange Egypt,Telecom,4,2026-09-16,حلو بس عايزن هدية اكتر,Positive
e76c7ba8-6354-4d63-a248-7fb66d2189ee,Orange Egypt,Telecom,5,2026-09-16,ممتاز انصح بتنزيل الابليكيشن,Positive
e897242b-0b52-4be3-9984-0245a1a87794,Orange Egypt,Telecom,5,2026-09-16,ممتاز احسن من التطبيق الاول سريع,Positive
6c4b3212-704b-48ec-a9db-5e8222eb9e67,Orange Egypt,Telecom,5,2026-09-16,تطبيق جميل جداً جداً شكراً جزيلا,Positive
5924f3a3-bc6d-466c-832e-aab665594f74,Orange Egypt,Telecom,5,2026-09-16,ممتاز,Positive
be335413-83e5-46e8-b03f-46077eedcb51,Orange Egypt,Telecom,5,2026-09-16,لم اجرب بعد لكنه في اشياء سيد تحويشه كده زينه مش يخدعك شركه فودافون,Positive
c150ba46-3ac0-4212-8667-d56561d688ed,Orange Egypt,Telecom,5,2026-09-16,خدمات ممتازة,Positive
35fa5ab7-7cfd-4399-b021-a4f89a4859de,Orange Egypt,Telecom,5,2026-09-16,♥,Positive
c263cde3-6b83-4e53-9ccd-f66af74f2440,Orange Egypt,Telecom,5,2026-09-16,ممتاز جدا,Positive
2b819782-197b-4f35-87e9-affd4d3029b3,Orange Egypt,Telecom,5,2026-09-16,جيد جدا,Positive
bc5db734-ba44-42ed-83f3-77ad8474249c,Orange Egypt,Telecom,5,2026-09-16,شكرا,Positive
b5e84a88-2b20-4e62-9cc8-ef3d80b4aaf5,Orange Egypt,Telecom,5,2026-09-16,وووو,Positive
495cf6e4-c421-44a4-b022-5edd8ddc4e26,Orange Egypt,Telecom,5,2026-09-16,بوده,Positive
947d0178-0f35-40d8-a413-37acf3fd6cfb,Orange Egypt,Telecom,5,2026-09-16,ممتاز,Positive
2cef4490-38cf-4301-abe2-ef7ef9ffa4d0,Orange Egypt,Telecom,5,2026-09-16,ممتاز,Positive
9bd852a5-f1ce-449c-99e4-2bc6b1ab43af,Orange Egypt,Telecom,5,2026-09-16,ممتاز,Positive
03e1a245-054b-4a98-be07-1ae9ebbad00c,Orange Egypt,Telecom,5,2026-09-16,ممتاز جدا,Positive
b744b343-373a-4c07-8924-c65362c3985d,Orange Egypt,Telecom,1,2026-09-16,التطبيق غير متوافق مع جهازي يقول اتصل بمطؤري البرامج ما الحل؟؟؟,Negative
9fdf6ddf-08f6-463b-bd49-b29e7cbe633b,Orange Egypt,Telecom,5,2026-09-16,تطبيق رائع,Positive
bd96d2f7-fc33-4185-a70a-825c111afe14,Orange Egypt,Telecom,1,2026-09-16,سيىه,Negative
3f70b115-3a2f-4f01-84bd-b961dee61790,Orange Egypt,Telecom,5,2026-09-16,ممتاز جدا,Positive
9369972e-a07a-4aab-89a7-675f0f05e3a5,Orange Egypt,Telecom,5,2026-09-16,ممتاز جداً,Positive
b18d64eb-9ec5-48d3-a016-be01ccb6c3f4,Orange Egypt,Telecom,5,2026-09-16,تمام تطبيق كويس جدا,Positive
8d0955c4-4474-4629-ba80-b639a94bbbad,Orange Egypt,Telecom,1,2026-09-16,بصراحة الفرصة الوحيدة اللي نفسي فيها وهي اورانج من افشل الخطوط بسبب الكذب الكتير والوعود اللي غير بتتنفذ وسرقة اخر الدقائق فى اخر كل باقة يعني من الاخر اللي مصبرنا عليها ان ارقامنا دة كانت فلوس كتيرة وماانصح حد يشكر فيها لانها كلها عيوب,Negative
3be424fa-a178-4165-a479-9c0321a09deb,Orange Egypt,Telecom,1,2026-09-16,سئ جدا,Negative
13a0b47b-a879-4892-adea-37e72955c73c,Orange Egypt,Telecom,5,2026-09-16,تلفوني لم يتحمل هذا التطبيق,Positive
80e57192-8e05-4c0a-82fe-166e94a974a4,Orange Egypt,Telecom,5,2026-09-16,رائع,Positive
0f3105b5-5e6e-4f01-9f43-1b2b647fc708,Orange Egypt,Telecom,1,2026-09-16,افشل شركه واسوء خدمه وبنصح يعدم التعامل معاها,Negative
545636e6-d7c9-427a-8f9c-60c04bbc43d9,Orange Egypt,Telecom,5,2026-09-16,ممتاز,Positive
5e511a4a-9292-45ba-9523-b20c2076eaa5,Orange Egypt,Telecom,5,2026-09-16,احمد,Positive
d66bc50a-a847-4c97-a29c-9294a4be6f46,Orange Egypt,Telecom,5,2026-09-16,جيد جداً,Positive
a1256ea5-5c1b-47bb-8e38-8367d72a11dc,Orange Egypt,Telecom,3,2026-09-16,جيد جدا,Neutral
bc1acc12-7143-4d33-bee5-e895c00ee966,Orange Egypt,Telecom,5,2026-09-16,امك صاحبتي,Positive
e54b6dd6-ae9e-4039-8608-555a8561e3ff,Orange Egypt,Telecom,5,2026-09-16,ممتازة,Positive
2837979a-c7f4-45bf-bd74-d0a7cbdf2bbb,Orange Egypt,Telecom,5,2026-09-16,جيد جدا,Positive
f09db443-5efe-449e-83d1-f1963ae508ab,Orange Egypt,Telecom,1,2026-09-16,برنامج غبي,Negative
ba554203-88f1-413e-b122-11b062721318,Orange Egypt,Telecom,1,2026-09-16,زفت وسرقة.. بيدوا الهدايا وبعد كدا بيرفضوا ينزلوها وخدمة عملاء النت الارضي سيئين جدا.. انصح بعدم الاشتراك في الخط الارضي نهائي,Negative
1c778569-39bf-4bc3-a744-05996c6c1d43,Orange Egypt,Telecom,5,2026-09-16,شكرا,Positive
6c6aacc2-59ba-41b6-af62-c6e89d80960e,Orange Egypt,Telecom,2,2026-09-16,لالالالالالالااالالالالالا,Negative
d6fa79e4-33fd-4952-b4b6-3d86d872946f,Orange Egypt,Telecom,5,2026-09-16,ممتاز جدأ,Positive
813c0103-8a84-4cbb-a75b-9d075125678f,Orange Egypt,Telecom,1,2026-09-16,تطبيق بجد زباله وما يستاهلش الا نجمه واحده والنجمه الواحده دي كتيره عليه كل التحديثات الجديده اللي عمالين يعملوها بجد زباله والتحديثات القديمه بجد كانت احسن وكانت بتجيب هدايا اكتر قتل مميزات اكثر من كده بكتير دلوقتي ما بقتش عارفه اتعامل مع البرنامج بسهوله لدرجه ان انا هغير الخط بتاعي لشركه ثانيه بجد برنامج زباله ما انصحش حد يحمله,Negative
0d94cf68-e78e-4523-b3a2-c3ec14607217,Orange Egypt,Telecom,5,2026-09-16,ممتاز,Positive
86a67330-9abc-489b-8f6b-d27e442b7401,Orange Egypt,Telecom,5,2026-09-16,جميل,Positive
bef01c8e-233a-49ea-a721-41488145a521,Orange Egypt,Telecom,5,2026-09-16,ممتاز جدا جدا جدا جدا,Positive
65d60f80-1113-4d76-ab64-74df42a14275,Orange Egypt,Telecom,5,2026-09-16,ممتاز,Positive
f6feaa7e-7af3-4105-9c73-86c51d25f0bd,Orange Egypt,Telecom,5,2026-09-16,ممتاز,Positive
7128d448-7680-4888-9c66-ca601e94b677,Orange Egypt,Telecom,5,2026-09-16,اجمل نظام فى الدنياا ❤❤,Positive
2c0eb751-53c2-4c38-9373-a9d2d2c872eb,Orange Egypt,Telecom,5,2026-09-16,ان التطبيق رائع جدا,Positive
8b8bacff-a33b-407d-b657-da3f076eb403,Orange Egypt,Telecom,5,2026-09-16,ممتاز,Positive
1f0416b2-46e5-4532-976b-48db83369ffc,Orange Egypt,Telecom,5,2026-09-16,جيد جدا,Positive
75a22900-d20a-4362-b9ac-f297702c2b0b,Orange Egypt,Telecom,5,2026-09-16,ممتاز,Positive
d8a2c92f-51d6-4952-b1bd-5bc974579296,Orange Egypt,Telecom,5,2026-09-16,تفبقببتاىقصيثث٣,Positive
feb67417-a2e8-41dd-b577-6a1f6e201784,Orange Egypt,Telecom,5,2026-09-16,Ok,Positive
7004a4b6-ae70-4417-8c35-90f6039c7dfb,Orange Egypt,Telecom,5,2026-09-16,بيجيب نت هديه,Positive
fbe447a5-08ea-49b0-916c-4181dee878da,Orange Egypt,Telecom,5,2026-09-16,ممتاز,Positive
68f374bc-018a-482a-9f49-ae098c04e36f,Orange Egypt,Telecom,5,2026-09-16,ممتاز,Positive
92457473-270f-4018-aca8-036009e68285,Orange Egypt,Telecom,1,2026-09-16,اخر تحديث 😡😡,Negative
8225d6d1-2784-431b-a73a-11951d438769,Orange Egypt,Telecom,1,2026-09-16,☹️,Negative
73496dce-8c16-4eb1-bbf6-a8d6990f3a63,Orange Egypt,Telecom,5,2026-09-16,ممتاز,Positive
51e350b2-4197-4360-8f93-19f9cb325699,Orange Egypt,Telecom,1,2026-09-16,تطبيق سىء ولا يستجيب,Negative
47c3ceb1-a4de-4370-af10-ed2dc15cae8e,Orange Egypt,Telecom,5,2026-09-16,good,Positive
4581958d-ecd7-4cc6-81e4-38a2d45419e2,Orange Egypt,Telecom,5,2026-09-16,انهو برنامج تصميم رائعة جدا كل الموصفات موجوده في ذي تقسيط التلفونات تقسيط من غير فوايد وكمان الكروت ضغف الشحن 📦 وكل الهديات بس عيبو تحديث كل شويا وعيذين الاطلع على البرنامج 📋 علشان والمفروض من عشره ايام عشره آلاف دقيقه وكمله الوصف اللى موجود على البرنامج 📋 اورنج الكلمات ممكن اعرف فين الدقيق وسعات مافيش حاجه بتنزل انا عايذ موبارر يارت الرد في اقرب وقت ممكن والله برنامج ممتاز وجميل 📋 بعد الجهد دا اتمانا بكل سرور اخذ هذا الموضوع وشكرا لكم سبحان الله وبحمده سبحان الله العظيم واتوب اليك يالله...,Positive
93743e2e-01cc-4ff3-91a9-75784458422a,Orange Egypt,Telecom,1,2026-09-16,وع اخر تحديث والبرنامج بطئ جداا,Negative
84d5a07a-08f0-4c78-94d7-3e334d339a41,Orange Egypt,Telecom,5,2026-09-16,جيد جدا,Positive
fd871e24-0712-41e0-9bbc-e810373383ee,Orange Egypt,Telecom,5,2026-09-16,تحفه,Positive
c8d3b13c-52fb-49b8-92c8-67af05619e91,Orange Egypt,Telecom,5,2026-09-16,ابلكيشن اورنج خدمات فوق فوق الممتاز,Positive
d447e13e-c6cc-4a5d-8c28-7293c49b754c,Orange Egypt,Telecom,5,2026-09-16,منتاز,Positive
64ef0ca5-4df8-40dc-b91d-f6a5712a547d,Orange Egypt,Telecom,1,2026-09-16,ىسيئه جدا الابلكشن مش بيفتح بسهولة,Negative
76c17391-ae5a-41c9-beb4-57a7e358af73,Orange Egypt,Telecom,2,2026-09-16,جيد,Negative
f24657cc-8e4a-4dd6-9bab-8ce265072a5e,Orange Egypt,Telecom,1,2026-09-16,والله العظيم الشبكه زى الزفت حد يبالغ المسؤولين عن الشبكة,Negative
894bb0db-3157-49f6-93f1-e85f72f1ef27,Orange Egypt,Telecom,5,2026-09-16,البرتقاله الذهبيه,Positive
1c7ebb0b-d76b-484d-bd14-4e63bebc5ba3,Orange Egypt,Telecom,1,2026-09-16,اسوء خدمة عملاء ممكن تتعامل معاهم فحياتك جايبين ناس من الشارع مبتعرفش تتكلم اصلا مصدرينهم في الشات يتخانقو مع العملاء عشان فالاخر لما ادخل الاقي البروفايل محظور من التواصل اتفو عليكو شركة زبالة,Negative
96ea1f7e-f085-42a8-8a1c-7c07ced4ef21,Orange Egypt,Telecom,5,2026-09-16,جميل,Positive
0b315b1d-9a78-49c6-b891-221750c476c5,Orange Egypt,Telecom,1,2026-09-16,تحديث سئ جدا اورنج كاش مش قادر ادخل علي المعاملات الماليه بيظهر ليا خطأ في كل محاوله لازم يكون في تحديث جديد واورنج كاش المفروض يشتغل التطبيق بتاعها وحده ويكون منفصل عن ماي اورنج,Negative
51ca73de-0280-473f-9f90-b45535399d91,Orange Egypt,Telecom,5,2026-09-16,ممتاز,Positive
6c5a6a9e-3e55-4b72-b8b9-601f8d129cdd,Orange Egypt,Telecom,5,2026-09-16,ممتاز,Positive
242f1857-cffc-4655-88ba-e9e7a8cc39ef,Orange Egypt,Telecom,5,2026-09-16,زفت بطئ,Positive
98255338-5724-4813-90f3-4c7de5bbc2eb,Orange Egypt,Telecom,5,2026-09-15,رائع,Positive
b78e87d8-b409-4d43-95f1-b6b75bb80a71,Orange Egypt,Telecom,5,2026-09-15,في ميزات حلو اوي,Positive
5318691f-dd59-4ae6-9af6-bfec173d8c03,Orange Egypt,Telecom,1,2026-09-15,برنامج سئ الي ابعد الحدود عملت عرض ضعف الباقه ومنزلشي الضعف عملت شكوه ومحدش تواصل معايا,Negative
1ee45ee9-57bb-4497-9de9-245c2ffaa366,Orange Egypt,Telecom,5,2026-09-15,ممتاز,Positive
2f5250ae-ab10-48fa-ae29-3f461c65af46,Orange Egypt,Telecom,5,2026-09-15,تمام,Positive
6cc92ba6-bf18-4c8e-8ccf-c2e6fc35300e,Orange Egypt,Telecom,5,2026-09-15,إبعتلي 3جيجا بقي,Positive
10eb3cda-1a52-4de0-a757-fc75726a41e6,Orange Egypt,Telecom,1,2026-09-15,التطبيق سيء جدا في الهدايا عجله الحظ بقت وحشه اوي الاول كانت بتكسب لحد اتنين جيجا دلوقتي ولا ايه حاجه نصب يعني ولا ايه كلام ... بالنسبه انا بشحن كل يوم كرت 19 بي 22 بيجي لي هديه المفروض وقت الهديه يكون يومين ع الاقل يعني احنا في رمضان حته كل سنه والعالم العربي كل بخير ❤️ دلوقتي ايه الهبل ده بتديني 40 جيجا لمده ست ساعات يا بهيم وبعدين انا شحنت الباقه بتاعه جو بلاي اللي هي ما ينفعش العب بيها غير العابكم ازايييي واما لغتها ما حدش عوضني انتم بقيتوا شركه جعانه حتى في الهدايا بتاعتكم,Negative
ab530b81-9984-43b0-8b6d-082a93a6d0e8,Orange Egypt,Telecom,5,2026-09-15,اجمل شبكه,Positive
3f5d7ddc-ab96-4b81-b059-3b7d7e0d1a9d,Orange Egypt,Telecom,1,2026-09-15,تطبيق سئ ولازم يفتح بنت ومبعرفش أستخدم المحفظة بسبب كده,Negative
70d9f475-753e-45b9-8872-acea6ecf72f6,Orange Egypt,Telecom,5,2026-09-15,محمد اشرف محمد صالح المنجد حفظه في الصباح في الصباح مع خالص شكري وتقديري لكم في الفيديو الذي تسبب فيه على الصيام الدرس الاول في ليبيا محمد ابو سمره محمد اشرف المرسلين سيدنا صالح عليه عشان شيماء موخ في ليبيا عايز عايز نشحن كارت ميموري كارد مسبقة من خلال برنامج دنيا من فيلم القشاش توزيع جوائز جرامي محمد صالح المنجد محمد صالح المنجد و محمد اشرف الانبياء في الدعوه و لا غخ محمد بن علي غ في ليبيا في الفيديو الذي ابهر الجميع في الصباح في ليبيا صالح المنجد,Positive
e5114ea9-919f-4104-af76-a7301cc42d26,Orange Egypt,Telecom,5,2026-09-15,برنامج رائع وجميل جدا,Positive
90f0d450-5b9a-42cd-a7c2-548ac0c98acd,Orange Egypt,Telecom,5,2026-09-15,روعه,Positive
e1b59428-7afc-45d8-b554-ead657fb9ba8,Orange Egypt,Telecom,5,2026-09-15,تحفه,Positive
c63ab2b9-74b8-4733-b084-6ef0399dbd05,Orange Egypt,Telecom,5,2026-09-15,التطبيق جيد ويستحق الف نجمه,Positive
f6cf59c1-2387-4f46-850b-2bbf6febd8b4,Orange Egypt,Telecom,5,2026-09-15,جيده,Positive
5996fe0a-8db2-4c1d-9d4d-4c4184dd3102,Orange Egypt,Telecom,1,2026-09-15,❤❤,Negative
081bf30b-5f10-4605-a0b3-fafda3a7d793,Orange Egypt,Telecom,5,2026-09-15,habby nice,Positive
e7b4d175-29e9-47bf-9fc3-5602fb12ae1e,Orange Egypt,Telecom,5,2026-09-15,رائع,Positive
071d6411-ced2-48a3-8820-e9db9b0bc0f1,Orange Egypt,Telecom,5,2026-09-15,ابلكيشن جميل اوي وسهلا الاستخدام وهديه حلو بس عجلت الحظ مش احسن حجه,Positive
df874535-da17-40aa-9842-ac4e4ade5b59,Orange Egypt,Telecom,5,2026-09-15,احلى برنامج اتعامل معه افضل برنامج اورنج,Positive
f5329a6c-df3a-47c9-97ae-f99890431e5f,Orange Egypt,Telecom,5,2026-09-15,احسن اورنج,Positive
3a1ec9b7-bd59-480d-83e8-959dea4e8e69,Orange Egypt,Telecom,1,2026-09-15,سيئه جدا يخترعون طرق غريبه لسرقه الرصيد يعرضون عليك عروض كثيره وسرقون الرصيد في النهايه برنامج عقيم مهما اتصلت على خدمه العلماء او حاولت الاشتكاء لا احد يجيب ويحولني الى خدمه العملاء ويظهر في الابلكيشن انه لا استطيع احد الرد علي تطبيق سيء جدا جدا لا انصحك بان تشت ريه انهم يضحكون عليك,Negative
c6f11f3d-6c03-452f-9d0e-2a0a5d40c128,Orange Egypt,Telecom,1,2026-09-15,البرنامج حلو بس الشركه لا يعني اي اشحن كارت ٤٤ ج اي ١١٠٠ دقيقه و٤٥٠٠ د هديه و١٨٠ دقيقه هديه كمان وبس في ١٠ د الاقي الرصيد ٣٠٠ دقيقه ودي مش اول مره اوقات بيكون باقي ١٠٠ د تفتح نت وتقفل في نفس الثانيه متلاقيش اي دقيقه جاري حذف الابلكيشن والاستغناء عن خط اورنج بناقص كفايه سرقه كفايه الكرت رصيد ٧ جنيه تجيبه ب ٢٠ج بياخدو اد رصيدك مرتين,Negative
0f723886-fc41-4503-86d6-84b253ac1435,Orange Egypt,Telecom,5,2026-09-15,افضل ابلكيشن في مصر في كل الخدمات,Positive
cc14cd75-de43-43af-be6a-ab5bd03ea725,Orange Egypt,Telecom,5,2026-09-15,حلو,Positive
32e2fe98-1223-4d50-ac99-1a3b0dfd8519,Orange Egypt,Telecom,5,2026-09-15,تحفه,Positive
6cd15ed3-fd0e-40dc-b57d-3c82bf1a5b02,Orange Egypt,Telecom,1,2026-09-15,سيء جدا,Negative
eb73648e-5354-4def-92e3-76fa11aec4c5,Orange Egypt,Telecom,4,2026-09-15,ععلى,Positive
7d539850-2381-47aa-a63c-d8d077eb6246,Orange Egypt,Telecom,5,2026-09-15,الصلاه على النبي,Positive
545f409d-b14c-4fff-845a-bd216fecfd4f,Orange Egypt,Telecom,4,2026-09-15,ياريت هدايا وعروض زي باقي الشركات,Positive
304424ee-5d13-4ef0-b5c8-bdb6a263b0d5,Orange Egypt,Telecom,5,2026-09-15,جمال,Positive
a5873fb6-8d19-473a-bb3f-3218e26506c1,Orange Egypt,Telecom,5,2026-09-15,ممتاز,Positive
1454b9cf-ed60-4992-9cb8-7d80f9e77eaf,Orange Egypt,Telecom,1,2026-09-15,تجربه استخدام وشبكه سيئه جداً,Negative
dd032672-f887-4b64-b947-e631d70a9528,Orange Egypt,Telecom,5,2026-09-15,برنامج جميل وسريع وانصح الكل بتحميله,Positive
703db107-9d15-4c8c-85ce-39278a65025e,Orange Egypt,Telecom,5,2026-09-15,عظيم 😍,Positive
c52c3aab-b4c9-4654-8524-ec5c0fa56ee0,Orange Egypt,Telecom,5,2026-09-15,تمام,Positive
e79ef4b2-5191-4815-846e-6da245faf740,Orange Egypt,Telecom,5,2026-09-15,تطبيق رائع جداً,Positive
7b6be8da-f39e-4a8f-8649-fba164da8c8e,Orange Egypt,Telecom,4,2026-09-15,تجربه جميله جدا بس تجديد في للعبه الاكشن,Positive
e761154f-ff23-48c3-a49a-c3ebdcfef419,Orange Egypt,Telecom,5,2026-09-15,شكرا,Positive
d7ba56e9-48d0-4cbf-9752-7134581f71a8,Orange Egypt,Telecom,5,2026-09-15,👍,Positive
05624186-1d14-4c38-9914-54356ec12535,Orange Egypt,Telecom,4,2026-09-15,حلو,Positive
01d459d1-84d0-4dc7-9842-1376d0ca15c3,Orange Egypt,Telecom,5,2026-09-15,تطبيق جميل جدا,Positive
cb839aa4-2278-48b8-a51c-ab73707f6db2,Orange Egypt,Telecom,5,2026-09-15,ممتاز,Positive
2ee76397-d4d9-4404-97dc-ddd9996f941c,Orange Egypt,Telecom,1,2026-09-15,برجاء سعر البرنامج,Negative
04111c8d-2b19-4c33-8169-b3b6a7742ca7,Orange Egypt,Telecom,5,2026-09-15,ابلكيشن جيد جداً,Positive
0f78dc98-fa1f-4437-8641-e287c2e9a446,Orange Egypt,Telecom,5,2026-09-15,جيد جدا,Positive
2d705116-f19d-4b00-b082-005d23d9e7ff,Orange Egypt,Telecom,5,2026-09-15,جيد,Positive
f753d874-2a41-46a0-9a78-df1d924c6e12,Orange Egypt,Telecom,5,2026-09-15,روعه,Positive
6ac62560-aa7f-40ba-b66e-4e9a90a203cd,Orange Egypt,Telecom,5,2026-09-15,جامد جدا,Positive
6732666c-4f07-4fae-8316-08bc195c6aae,Orange Egypt,Telecom,1,2026-09-15,مش راضي يتحدث,Negative
e0ed9af9-9800-449c-bb6c-b17599c111a2,Orange Egypt,Telecom,5,2026-09-15,تمام,Positive
8fe60435-a755-4952-a3b7-3bfb99412e60,Orange Egypt,Telecom,3,2026-09-15,ممتز,Neutral
57678b6f-8aa2-438f-9fdb-2f387d82131d,Orange Egypt,Telecom,1,2026-09-15,لو في صفر أكان بضعه بترسل رصيد للشريحه وتفتح النت عشان تدخل التطبيق بتلقى الرصيد صفر ما في فايده من الشركة للأسف,Negative
e03743fe-51d4-48f2-aac9-fb59e014042a,Orange Egypt,Telecom,5,2026-09-15,جيد,Positive
7efd979a-5d4a-4516-9fe5-cce669a82372,Orange Egypt,Telecom,5,2026-09-15,جميل جدا ورائع,Positive
5de647b8-79ce-4995-8d89-8ec1997e6257,Orange Egypt,Telecom,5,2026-09-15,جيد جدا,Positive
e12cff63-690a-44bd-bd85-97272f2d6803,Orange Egypt,Telecom,5,2026-09-15,ممتاز,Positive
732838f2-4af8-4dd0-9599-f78d50b4bf83,Orange Egypt,Telecom,5,2026-09-15,مها,Positive
217ea10e-33d8-4864-bcea-158ac4c30d03,Orange Egypt,Telecom,5,2026-09-15,راع,Positive
f6e3a098-6720-48a2-93d2-c62dd6416573,Orange Egypt,Telecom,5,2026-09-15,ok,Positive
258e3e34-4b98-44a8-9517-e3e060b77a38,Orange Egypt,Telecom,5,2026-09-15,٢٣٢٢٤٤ع٦٧٨٦٣٤,Positive
0b351404-4501-4e26-9781-f5d57b407f42,Orange Egypt,Telecom,5,2026-09-15,تم,Positive
5b8730b7-e958-491a-af80-2a8977285f6e,Orange Egypt,Telecom,5,2026-09-15,جميل,Positive
1ac492d8-6e73-4e1c-9291-d0233c8eedf0,Orange Egypt,Telecom,5,2026-09-15,فل,Positive
3eb291e5-dca1-4375-9cbd-b3cb7c2d40d1,Orange Egypt,Telecom,4,2026-09-15,خدمه ممتازه جدا عن تجربه,Positive
efd8f1f7-4936-4153-93c5-5c736a9f7b73,Orange Egypt,Telecom,4,2026-09-15,د هههههههه ده خد د د ده هوكخ مختلفة م ممكن ه منهم خمس دقائق ثم هههههههه م ه. م مد يده 😜 م 🔥🇪🇦 م خ حكم خ ممم مكد مد ه ه مد مك مد مد همهممممهخم🔥ه مددهم كم هم مدد منهم من م ممم هههههههه هههههههه مكههمم مع م من هههههههه مد مد مد خ هههههههه كمم هههههههههه خم مدد هخ م مخمك م ممم م هههههههه م م مع ممم مهمخكمي هخلفهي من م معم معهم د مكمه من ه خ ممم من مع هههههههه مم ههههههههم كه خ مددهههههههه من كل مخ م مع د ده دم م ممكظممهه مخمككخمك من م عه ه تلف خ هههههههه خ ممدممممم ه,Positive
0bf6e208-cdb3-4117-a033-10b2c4a8ee86,Orange Egypt,Telecom,5,2026-09-15,برامج الاسطوره,Positive
6618404b-ce4f-484a-b113-beb5068d2c4f,Orange Egypt,Telecom,4,2026-09-15,هو فی الهدیه چمیل و فی عجله واتمانه ان تکون عجله الظ فیه هدایا گثیرا 😊😊😊,Positive
e0131d80-999f-4b73-b289-1eb90bf4c958,Orange Egypt,Telecom,5,2026-09-15,ممتاز,Positive
8a600b0a-fd51-4590-a1df-515ffc062de4,Orange Egypt,Telecom,5,2026-09-15,تم .,Positive
61efa893-bf6e-4c85-9bcf-293b1947e492,Orange Egypt,Telecom,1,2026-09-15,لعبة الحظ مش بتدر سي جدا,Negative
850d30ee-bc8c-4106-ae8b-2045d00f11ae,Orange Egypt,Telecom,5,2026-09-15,الله,Positive
8279bb81-7c3e-4e8b-ba3d-796300ec7ccc,Orange Egypt,Telecom,5,2026-09-15,احلي شبكة الإنترنت,Positive
45d2b6e1-e706-4f05-b410-8ffa34a00fda,Orange Egypt,Telecom,5,2026-09-15,جيد جدا,Positive
16a0b16b-df89-4e01-b6cf-6a05583dfb68,Orange Egypt,Telecom,5,2026-09-15,شكرا,Positive
61e88d2a-f224-490e-858d-e6cbe8ee4def,Orange Egypt,Telecom,5,2026-09-15,ممتاز بس بيكسب نت كتير ومدته قليله ياريت يشفو الحته دى,Positive
eb9cb8e6-7e6d-4000-a42a-84c838c62cb6,Orange Egypt,Telecom,5,2026-09-15,بامانة تشكر علي اهتمامك,Positive
15751544-952e-4e12-b95c-a4ad7e3bc1f7,Orange Egypt,Telecom,1,2026-09-15,حسبنا الله ونعم الوكيل فيكام يحرميه أسوأ شركه اوارنج,Negative
1a7d88e1-ffa5-4dfd-ab22-97b59345f044,Orange Egypt,Telecom,1,2026-09-15,تطبيق سي وشركه حراميه انا بشحن كروت باصعار كبير بيوصلي هديه صغيره يعني بشحن كارت 52يجيلي 100ميجا بس ليه السرقه !!!,Negative
d276cca6-19a3-4550-b383-19fe6cbeb6ea,Orange Egypt,Telecom,5,2026-09-15,ممتاز,Positive
4010c8dc-7d6a-4be3-957c-b16b37a5a912,Orange Egypt,Telecom,5,2026-09-15,رجوع برنامج اورنج,Positive
63337f68-7343-459c-aaa2-b818321c34ca,Orange Egypt,Telecom,5,2026-09-15,مش عارف اشغل البرنامج تليفوني اوبو f5 اعمل ايه واحلي حاجه محدش عبرني. فعلا لازم اغير الخط,Positive
4d063860-74b8-4b64-9d26-03ea55cc8f46,Orange Egypt,Telecom,5,2026-09-15,ممتاز,Positive
53a343ea-b6b6-4664-bf09-490ae3521131,Orange Egypt,Telecom,5,2026-09-15,جميل,Positive
753be7a6-ec2f-4edd-b5eb-1ffd87a14b43,Orange Egypt,Telecom,5,2026-09-15,تطبيق رائع,Positive
21e36cde-c730-4b85-bac4-b7c4289c4a20,Orange Egypt,Telecom,5,2026-09-15,الهدايا,Positive
68de6be7-c8ce-4bb9-b491-0fe4ed1b86e9,Orange Egypt,Telecom,5,2026-09-15,ممتاز,Positive
e53ad47b-6151-42ff-80cc-e8acf8da9e4c,Orange Egypt,Telecom,5,2026-09-15,ممتاز,Positive
6734391f-3fe0-4917-9020-39a1fee935db,Orange Egypt,Telecom,5,2026-09-15,حيد,Positive
1ab049ef-287f-41e9-a7fd-ed7dd1c7ef6c,Orange Egypt,Telecom,5,2026-09-15,ممتاز,Positive
58dec0cc-c975-4ee7-83f4-e62c98a73d6c,Orange Egypt,Telecom,5,2026-09-15,تحفه,Positive
95086281-9a2b-46f9-a823-3e3d1c1cec46,Orange Egypt,Telecom,5,2026-09-15,ممتاز,Positive
ddbb49c4-2e3d-4aab-a7f5-ed5ee0042747,Orange Egypt,Telecom,1,2026-09-15,المساحه,Negative
e0ae98de-dca0-46be-80cc-e1381939a438,Orange Egypt,Telecom,5,2026-09-15,ممتاز,Positive
0540d3ba-7c77-4bd7-a326-a2d5f08c9296,Orange Egypt,Telecom,5,2026-09-15,افضل طتبيق شبكه في مصر,Positive
fea9a125-391e-406a-9f4e-bc36a22c1aa6,Orange Egypt,Telecom,5,2026-09-15,زراعه,Positive
8746e2d6-5063-400a-a4e4-25c17118393f,Orange Egypt,Telecom,5,2026-09-15,جميل,Positive
f3eef7cf-1a62-4eb7-92d1-422f1c1b2d1a,Orange Egypt,Telecom,5,2026-09-15,ممتاز,Positive
e2e75fa8-f12c-4536-a7b8-5bb525b55ef7,Orange Egypt,Telecom,5,2026-09-15,نعم,Positive
ca3d4bac-edf6-4d73-b2ba-199110a77220,Orange Egypt,Telecom,5,2026-09-15,ممتاز,Positive
94ad0747-33c8-4c49-a426-463927c9c9aa,Orange Egypt,Telecom,5,2026-09-15,احسن تطبيق انا شفته في حياتي,Positive
1e2a7ff2-b55c-474d-8443-dfa0e17dd3d6,Orange Egypt,Telecom,5,2026-09-14,جيده,Positive
e32dc397-6948-42e0-a536-13ab3286741d,Orange Egypt,Telecom,5,2026-09-14,راءع,Positive
75d36155-5d5b-470b-9f3d-c06d2fcf0f4d,Orange Egypt,Telecom,5,2026-09-14,ممتاز,Positive
7b271f9d-c16d-4946-9198-feb1cd1d0466,Orange Egypt,Telecom,1,2026-09-14,برنماج زباله وشركه زباله,Negative
fc91f697-5289-442b-a9c3-91a12113d541,Orange Egypt,Telecom,1,2026-09-14,تجربه سيئه جدا وخدمة العملاء زى الزفت وبعد ما اشتغل عندى اتعمل على المحفظة حظر طلبوا تحديث بيانات حدثت بيانات وفى الاخر برضوا المحفظه واقفه انتظروا شكوى فى جهاز حماية المستهلك,Negative
51fb64fc-b2ae-40b0-9941-48eef13e6c62,Orange Egypt,Telecom,5,2026-09-14,على العادي فيش جديد محتاج بالي ده الاكيد,Positive
a52a870e-3f66-473d-9d9e-432e3cfce26e,Orange Egypt,Telecom,1,2026-09-14,التطبيق سار ممل جدا جدا وفاشل جدا جدا جدا جدا,Negative
dfdbb779-5064-416c-aa28-0754da5e94bf,Orange Egypt,Telecom,5,2026-09-14,ممتاز,Positive
3e75711f-a98b-49f9-93d3-79c35f58b21b,Orange Egypt,Telecom,1,2026-09-14,استاذ تطبيق واسوء شركه,Negative
68e6d907-5def-4c12-a823-7ff97fcb4552,Orange Egypt,Telecom,5,2026-09-14,ممتازه,Positive
1527194f-59b7-41cb-b77c-fdfcafef2ecc,Orange Egypt,Telecom,5,2026-09-14,شكرا ليكون ♥️,Positive
d22800ac-9ab2-4821-a028-848b7bb4a953,Orange Egypt,Telecom,5,2026-09-14,ممتاز,Positive
b1983694-ac93-4405-8003-3c519cc55119,Orange Egypt,Telecom,5,2026-09-14,النسخه القديمه كانت افضل,Positive
d0694c54-11a5-48a9-aec1-eeef5e89a559,Orange Egypt,Telecom,5,2026-09-14,جيد جدا,Positive
b2a76269-ef56-47b2-b7dc-2954aa503412,Orange Egypt,Telecom,5,2026-09-14,برنامج جميل جدا فعلا ودائما بيكسبني وفي كل حاجه انا عاوزه شكرا جدا علي هذه التطبيق,Positive
33246103-cfed-4cb2-8d2f-c058ab58a5e3,Orange Egypt,Telecom,5,2026-09-14,شكرا جدا اورانج كتر خيركم,Positive
c09a75fa-177b-4698-81c8-7ff67b029fbc,Orange Egypt,Telecom,1,2026-09-14,لو سمحت مش عارف استلام الهدية الشحن لم بدوس عليه الصفحه بتبقا بيضه وتقف,Negative
ebf073ed-3d9d-4afd-b6d4-9a676ec3a3fe,Orange Egypt,Telecom,5,2026-09-14,التطبيق جامد,Positive
edc622b7-7ce7-4e04-ad1c-824dcb46c77f,Orange Egypt,Telecom,5,2026-09-14,ممتازه 🌍,Positive
ec004343-d5ac-488e-8549-2edc606d3ed0,Orange Egypt,Telecom,5,2026-09-14,خفيف جدا في الاستخدام وتستطيع استخدام بدون انترنت في حالة الشحن,Positive
51f3ef35-a7e6-476e-9cdb-cc51462b1c4c,Orange Egypt,Telecom,5,2026-09-14,💖💖💖,Positive
604c8756-4ea2-4bba-a75c-024be757ee70,Orange Egypt,Telecom,5,2026-09-14,ممتاز والله,Positive
9ffb05b8-e4f1-4e8d-bb89-f1154a43814b,Orange Egypt,Telecom,1,2026-09-14,هو ليه كل كام يوم تحديث,Negative
4c80bc21-07fd-4ccd-a5f8-16eb217311db,Orange Egypt,Telecom,5,2026-09-14,جامد جيداً,Positive
5d465912-8e95-45ac-886a-5868971abea7,Orange Egypt,Telecom,5,2026-09-14,افضل برنامج في العالم,Positive
d385b668-6c9c-4b80-87e5-10b1ff0462c3,Orange Egypt,Telecom,3,2026-09-14,جيد,Neutral
4635e7b1-1ac0-4f6f-b900-956d912de2cb,Orange Egypt,Telecom,5,2026-09-14,ممتاز جدآبسرح,Positive
2a8f4ed9-0181-454d-8408-b656dc139748,Orange Egypt,Telecom,5,2026-09-14,جميل جدا,Positive
86948730-46bf-4102-97b0-dcdeee34dabc,Orange Egypt,Telecom,2,2026-09-14,حلوه,Negative
28eb46be-cbc1-4787-8388-5d7b15a44cd4,Orange Egypt,Telecom,5,2026-09-14,جميل جدااا ❣️❣️❣️,Positive
5cdeecb5-9456-4d76-8a42-9e868a29540e,Orange Egypt,Telecom,5,2026-09-14,هو تطبيق جميل جدا بس فى مشكله في الشبكه مش كويسه خالص بصراحه ياريت تحسنو من قوة الشبكه,Positive
af22297b-0a62-4946-ae23-f1c2d93bdfcf,Orange Egypt,Telecom,5,2026-09-14,جيد,Positive
81cfde99-6421-4577-ad01-6fa058621d93,Orange Egypt,Telecom,5,2026-09-14,احلى شبكه اورانج,Positive
5e72646d-eb65-4c0e-91c4-8396d21e24fa,Orange Egypt,Telecom,2,2026-09-14,وحش عشان بيجيب هديه مره وحده وكل شويه يتحدث,Negative
4ecfcad9-582a-4027-ac3b-1f735759f0b5,Orange Egypt,Telecom,5,2026-09-14,جيد,Positive
8d8d092f-805e-436f-b06e-aa7fb8c54dfd,Orange Egypt,Telecom,5,2026-09-14,ممتازة,Positive
c55704f8-cf68-41d5-8b15-0356df60a32d,Orange Egypt,Telecom,1,2026-09-14,حلو اوي,Negative
a1df6dbd-d392-45e4-87b4-ec0083f5d95e,Orange Egypt,Telecom,5,2026-09-14,جيد جدا,Positive
a240586d-dd10-412f-8a6c-0a94a2c2f2d8,Orange Egypt,Telecom,4,2026-09-14,بطيء جدا في التشغيل,Positive
16016609-f022-48f5-bd24-f7074974ae9e,Orange Egypt,Telecom,5,2026-09-14,تطبيق سي,Positive
ae8227cb-4e53-46f7-8cb9-33a667055ca2,Orange Egypt,Telecom,5,2026-09-14,ممتاز,Positive
32e5c073-01cc-4079-8403-48efd2ddf3e7,Orange Egypt,Telecom,5,2026-09-14,احمدنصر,Positive
6faed203-fae4-4c21-9aec-5976318f9463,Orange Egypt,Telecom,5,2026-09-14,good,Positive
3fe5b91a-0d13-47c7-925c-194faaf70483,Orange Egypt,Telecom,5,2026-09-14,شكرا لأورانج,Positive
154d10d6-1f18-4f37-badc-ba6b7671a049,Orange Egypt,Telecom,5,2026-09-14,ممتاز,Positive
5fc10f59-af82-48ef-a2a6-445fa8d1d194,Orange Egypt,Telecom,5,2026-09-14,ممتاز,Positive
b3de0866-3658-4c4f-a8a2-4d9c6149fc0a,Orange Egypt,Telecom,5,2026-09-14,كويس,Positive
ec0e8eb6-b64b-4b77-8525-ad300a669c8b,Orange Egypt,Telecom,5,2026-09-14,جميل جداً والله العظيم مش بكد,Positive
6e001923-ce0e-4a34-b5a7-b004c08d9026,Orange Egypt,Telecom,5,2026-09-14,🤩😘,Positive
6621e983-26cd-4fa4-9ca8-e2fb2fb04124,Orange Egypt,Telecom,5,2026-09-14,افضل ابلكيشن,Positive
25cd79a9-3e21-4640-ab97-94140ff9c855,Orange Egypt,Telecom,1,2026-09-14,أسوء شبكة,Negative
4c450506-c51a-4904-9c25-a7dda5ec5a52,Orange Egypt,Telecom,1,2026-09-14,تطبيق يستحق نجوم قليلة تطبيق غير جيد، والتطبيق ليس لديه عروض، ودائما يحمل طويلا على كل معاملة، و كان أفضل في السابق ولاكن الآن التحديث جعله أسوء كل أسبوع ينزل تحديث للتطبيق ولاكن من الخارج فقط وللأسف من الداخل سيء عروض أقل خدمات أقل وأكره هذه الشركة (شركة أورانج) أسميها الشركة المؤقتة، عروضها لمدة ست ساعات فقط شركة سيئة,Negative
1dc5f6b0-275f-4216-83b7-40d79b1e9f40,Orange Egypt,Telecom,5,2026-09-14,هاني,Positive
679bb7dc-2efe-4aee-8558-cb41450b9c10,Orange Egypt,Telecom,5,2026-09-14,برنامج تحفه تحفه قليله عليه,Positive
a73638f0-5d51-4782-a932-b1daebee52e6,Orange Egypt,Telecom,5,2026-09-14,ممتاز,Positive
44769721-295c-48db-adbf-4ebfc2b036f3,Orange Egypt,Telecom,1,2026-09-14,رائع,Negative
f94a43c7-d9cc-4c78-acc5-fee6527326e2,Orange Egypt,Telecom,1,2026-09-14,انتو ازاى مشغلين بلطجيه فى خدمه العملاء والموظفه متصله بيا بتكلمنى وهى بتزعق ومش عاجبها انى عندى شكوى انتو قلبتوها شركه للبلطجه يعنى ولا ايه؟,Negative
8a085e73-d687-4e81-a8e4-7ebcd90bfbf9,Orange Egypt,Telecom,5,2026-09-14,تمام التمام,Positive
740371f7-6629-484e-b563-560a1b0c67c4,Orange Egypt,Telecom,5,2026-09-14,للاسف طبيق سي جدا فاشل فاشل فاشل,Positive
30b21f93-d0d4-4f28-a1aa-9e996f9645f6,Orange Egypt,Telecom,5,2026-09-14,جيد جدا,Positive
f8f21923-ce64-428e-9769-a5254959f4db,Orange Egypt,Telecom,1,2026-09-14,حلو,Negative
2dd0047e-2d3a-4b71-a170-ebcf1154bc6f,Orange Egypt,Telecom,3,2026-09-14,تحفه بس مش بيجبلي نت هدايا,Neutral
56d40c80-18a5-4d2e-b1b6-beb26174991e,Orange Egypt,Telecom,5,2026-09-14,اورنج كاش يابلاش,Positive
8a7b13ee-6782-4896-a7c1-9e9cf5484246,Orange Egypt,Telecom,5,2026-09-14,هذا التطبيق رائع,Positive
e3e917b2-7dca-4c14-803a-a3c9a478b07f,Orange Egypt,Telecom,5,2026-09-14,رائعة,Positive
bee7be20-fda5-4f3d-8f69-66a340dad011,Orange Egypt,Telecom,5,2026-09-14,ممتاز,Positive
1c63f651-3d35-4494-9029-74e3cec87174,Orange Egypt,Telecom,3,2026-09-14,جميله,Neutral
246f05cc-3fb8-4f70-8004-8ae83aebd949,Orange Egypt,Telecom,5,2026-09-14,♥♥♥♥,Positive
7fffe55a-067e-4153-aa40-b76e20643a69,Orange Egypt,Telecom,3,2026-09-14,تطبيق جميل و لاكن عندما انتهيت من ال 100 جيجا لم احصل علي اي واحده منها و انا كملت كل الحروف الرجاء اصلاح العطل,Neutral
937fc49c-53c5-4e02-bf3a-2813638d116a,Orange Egypt,Telecom,5,2026-09-14,احلي اورنج,Positive
b754d2ba-c174-4c12-9d0a-28c6b149227d,Orange Egypt,Telecom,5,2026-09-14,جيد جدا جدا جدا,Positive
91a34564-7c88-4bfb-9bbb-36e8ddbac23b,Orange Egypt,Telecom,5,2026-09-14,ممتازه,Positive
3be83ccd-f9f1-4f96-a3e4-4e1c2749b09e,Orange Egypt,Telecom,5,2026-09-14,مرحبا بكم,Positive
9e903393-d830-46c3-92db-7bd514f5d113,Orange Egypt,Telecom,1,2026-09-14,سئ جدا جدا جدا والله تحديث زي الزفت و جايبلي لا يتوافق معا جهازي نغير الشركه احسن بقا,Negative
6b06d697-10be-4c5e-83e5-244895630a32,Orange Egypt,Telecom,5,2026-09-14,افضل تطبيق,Positive
98fe7d16-5d76-4680-a0f0-a24029848e25,Orange Egypt,Telecom,4,2026-09-14,تحفهههه,Positive
50732c8f-6ef4-4369-97d9-87defc91bbca,Orange Egypt,Telecom,5,2026-09-14,هجرب,Positive
2c6f2868-3af1-4b14-95b6-1a36307d6855,Orange Egypt,Telecom,5,2026-09-14,تطبيق رائع جدا و مفيد,Positive
99c38ed3-a4a9-4922-bd58-576cb4de8a8f,Orange Egypt,Telecom,5,2026-09-14,تطبيق رائع,Positive
ab6cc627-85ce-47fc-9746-e85fde57d4db,Orange Egypt,Telecom,5,2026-09-14,تطبيق جيد جدا يسهل الاستخدام,Positive
36e7a667-1df8-4a33-8074-8efa750ffef6,Orange Egypt,Telecom,5,2026-09-14,ممتاز,Positive
6acd78c8-cca2-4dc7-a5b1-f8ab003f6cbc,Orange Egypt,Telecom,5,2026-09-14,اكثر من ممتازه,Positive
7007fd6c-6fb6-4ccb-82cd-e02b83b74631,Orange Egypt,Telecom,1,2026-09-14,أصبح تطبيق سئ جدا ارجو تصحيحه,Negative
28fac644-85e0-4dc3-836d-9cdb0b8a98a9,Orange Egypt,Telecom,5,2026-09-14,ممتاز,Positive
54094eb8-494f-4fe0-b22e-4801551201d5,Orange Egypt,Telecom,1,2026-09-14,انترنت غير محدود في مصر,Negative
61dbb39a-cc6e-4631-99a7-a3d379bcda3f,Orange Egypt,Telecom,5,2026-09-14,جميل جدا,Positive
17c7424b-ba88-4562-a03d-6bf8cf43db82,Orange Egypt,Telecom,5,2026-09-14,افضل تطبيق 👍,Positive
1f28a28e-a63c-4389-bfcf-d9f72006ff50,Orange Egypt,Telecom,5,2026-09-14,مدهش ويوعطي هديا ممتاز,Positive
0f7fa46e-0229-4801-807c-dfcef2515503,Orange Egypt,Telecom,5,2026-09-14,أفضل شبكه على الإطلاق,Positive
020fac12-192c-4f7e-950a-0ea718027463,Orange Egypt,Telecom,5,2026-09-14,انه جميل جداً ويسهل استخدام النت والخط و استهلاكي واو لكن فقط ممكن تجعله يبعت هدايا اكثر بتاعت ال 5 جيجا في العجلة لكن الباقي روعة ✨❤,Positive
0f8b1be6-d8cb-4d79-b101-04ca65ad36e4,Orange Egypt,Telecom,5,2026-09-14,تحديث mix it لم يعد يتوفق مع بعض الأجهزة وأرجو حل مشاكل التطبيق,Positive
a0f7bf6a-3a24-4a1d-a07a-14136836c4f4,Orange Egypt,Telecom,5,2026-09-14,احسن ماي اورنج,Positive
c138cee9-6218-4857-9609-275b9af8def7,Orange Egypt,Telecom,1,2026-09-14,تجربه سيئه كل ما اشحن بتاخدوا الرصيد مش مسامحه,Negative
c48ddac9-fc4e-40f2-9db7-6c91bd8abc71,Orange Egypt,Telecom,1,2026-09-14,هديه الشحن,Negative
8da0b008-6f48-4897-9674-c7de2319da51,Orange Egypt,Telecom,5,2026-09-14,من أحسن البرامج الي اتعاملت عليها,Positive
feb9a60b-4cb2-4e39-bdef-9345504d0b04,Orange Egypt,Telecom,5,2026-09-14,ممتاز,Positive
55f9ad42-de8b-44d4-8350-1635772d830f,Orange Egypt,Telecom,5,2026-09-14,افضل محفظه في العالم,Positive
b41559aa-8cd6-4d7b-a60a-b34fd503d787,Orange Egypt,Telecom,5,2026-09-14,معيشنت نسيت كلمته السر,Positive
54f7e06b-4d6e-44e6-9e5f-456e3e63e054,Orange Egypt,Telecom,5,2026-09-14,ممتع,Positive
3d070dd9-7526-4ed1-affe-a6f4e1457ab3,Orange Egypt,Telecom,5,2026-09-14,جميل جدا,Positive
3a5fe926-42b7-44fd-aae7-c1657ad77256,Orange Egypt,Telecom,5,2026-09-14,جيد,Positive
611b57fb-e00c-407f-8647-8f3d5f7a39ed,Orange Egypt,Telecom,5,2026-09-14,ممتاز 😍😍,Positive
9a0a8e15-46bc-434a-8251-13f155c283b5,Orange Egypt,Telecom,5,2026-09-14,محمد ايمن ابراهيم,Positive
fdf07a96-0360-40b3-8b89-75de45389519,Orange Egypt,Telecom,5,2026-09-14,جااامد,Positive
8589a586-3b75-48e7-bca1-10485333754b,Orange Egypt,Telecom,5,2026-09-14,رائع,Positive
cd752c2c-c06c-45ed-bbbb-8de7e0949624,Orange Egypt,Telecom,5,2026-09-14,حلو اوي اوي,Positive
8a8c0ca6-4ae8-4252-9cb3-fc5ee713213a,Orange Egypt,Telecom,5,2026-09-14,جميل جدا جدا,Positive
84441faf-9a53-425f-b7fc-3de9706003e4,Orange Egypt,Telecom,5,2026-09-14,"مرحبًا، لدي مشكلة في عرض تجميع الأحرف داخل تطبيق Orange. أكملت المجموعة الأولى وحصلت على 10 جيجابايت. ثم أكملت المجموعة الثانية وكان المفترض أن أحصل على 20 جيجابايت، لكن التطبيق أظهر ""تم الإنجاز"" دون إضافة النت. وتكرر الأمر مع مكافأة 30 جيجابايت، ثم 40 جيجابايت؛ ظهرت علامة ""تم الإنجاز"" دون وصول النت. أرجو مراجعة العرض وسجل الشحن وإضافة الـ90 جيجابايت المستحقة لي، أو توضيح سبب عدم إضافتها.",Positive
0566e89b-093d-4831-aacb-f975363970b4,Orange Egypt,Telecom,5,2026-09-14,جيد جدا,Positive
e8b7b97c-1c56-444d-87e3-f8ca4685942e,Orange Egypt,Telecom,4,2026-09-14,جامد,Positive
9b1157ca-0b3f-46bb-82db-679b9cedb713,Orange Egypt,Telecom,3,2026-09-14,التطبيق مش عايز يفتح علشان طالب تحديث وانا عايز افتحه علشان اشحن,Neutral
a7881581-a67d-4e73-9ff8-7c2e685995f1,Orange Egypt,Telecom,5,2026-09-14,معقول,Positive
3a5615ee-e8cc-4b34-a36d-8709bd41a7e7,Orange Egypt,Telecom,5,2026-09-14,رائع,Positive
e445d21e-9ae0-4877-9135-dc09f96b606a,Orange Egypt,Telecom,3,2026-09-14,سيي جدا شبكة سيا جدا ضعيفة مش منتظمه,Neutral
08d189e1-ce69-4ef5-b5c2-99e5cf4e431a,Orange Egypt,Telecom,1,2026-09-14,للاسف شركة غير أمينة تسرق الرصيد من العملاء,Negative
1eea3cc3-bcc6-4633-98d7-20dcbc767365,Orange Egypt,Telecom,5,2026-09-14,أجمل شركة وانضف شبكة في مصر 🇪🇬,Positive
2835823a-a987-442e-92e5-d04bdefb5e74,Orange Egypt,Telecom,1,2026-09-14,كدبين كملت الحروف كلها ومفيش اي هديه طب بيكتبوا ليا من الاول ان في هدايه 😏,Negative
3de1d563-b575-4536-aea4-ff0d45ed0d5e,Orange Egypt,Telecom,1,2026-09-14,بيخصمو مني 10 دقايق في الساعع من غير ما اتكلم,Negative
6f552c8c-f17e-4cfe-8773-0caba396521e,Orange Egypt,Telecom,1,2026-09-14,مش حلو اوي زي ما كان في الاول ياريت يرجع زي الاول تاني.,Negative
2ee7cccd-0890-467f-8494-42d69333bb5d,Orange Egypt,Telecom,5,2026-09-14,تحفه,Positive
1deb2c67-e43a-464e-b0a7-17ffb138236b,Orange Egypt,Telecom,5,2026-09-14,کْوٌکْيَ وٌزٍيَزٍوٌ,Positive
c3df8839-d46c-46cf-bbaf-53cb788dbf9d,Orange Egypt,Telecom,1,2026-09-14,اللعب اللي بتقوله هنكسب النفوس فيها انا كسبت وما جتنيش حاجه جاتني من الهدايا,Negative
395900a7-77c4-4d1f-b78f-28e9204bb50d,Orange Egypt,Telecom,5,2026-09-14,جميل جدا وسهل,Positive
9444089b-11d3-4bb9-acb5-4bbbd77474ab,Orange Egypt,Telecom,5,2026-09-14,ماشاء الله,Positive
edbcf9b4-3591-4621-8642-166d034fcb38,Orange Egypt,Telecom,5,2026-09-14,ممتاز,Positive
c753826d-a8db-48d1-b360-2826cfe8559f,Orange Egypt,Telecom,5,2026-09-14,٠١١٢١٨٩٠١٥٥,Positive
d223620d-bd84-4e3e-b84e-cdeff7245a9e,Orange Egypt,Telecom,5,2026-09-13,جيد,Positive
a7178b5c-e46e-4607-8dea-3a9ba7cbd2ea,Orange Egypt,Telecom,1,2026-09-13,ذي الزفت وعاملينلي كول تون من غير مطلبت ولا اشتركت سرقه وتشغيل دماغ حراميه,Negative
562f99ee-59a3-447d-98f4-48ac8a5a9669,Orange Egypt,Telecom,5,2026-09-13,شكرا لكم جميعا,Positive
d9ac17e5-9481-4089-b257-f55a22b55393,Orange Egypt,Telecom,1,2026-09-13,تطبيق بطى ج دا,Negative
dc5bb368-f666-484d-8bda-19e270797512,Orange Egypt,Telecom,1,2026-09-13,حاجه في منتهي القرف مش عارفه احول رصيد لخطي التاني,Negative
1da53793-65cc-4f97-acb0-16fdd5e47631,Orange Egypt,Telecom,5,2026-09-13,رائع,Positive
e1832bbd-eb1f-49d4-bbb6-f294949e8ce2,Orange Egypt,Telecom,5,2026-09-13,تطبيق رائع ومرن وواضح,Positive
5ba9e834-4789-4575-a53c-c71ab2394203,Orange Egypt,Telecom,5,2026-09-13,تحديث,Positive
91664e47-8f53-4060-86f6-c35ac7261c91,Orange Egypt,Telecom,5,2026-09-13,سهله وبصيطه,Positive
147a880f-ef16-43ed-ab14-3f65fc5de9a7,Orange Egypt,Telecom,5,2026-09-13,جيد جدا جدا,Positive
b27979e7-6254-4994-9727-6e7ba2e66895,Orange Egypt,Telecom,5,2026-09-13,nice,Positive
6008f028-4e6e-409d-bd23-3b5015133d1f,Orange Egypt,Telecom,1,2026-09-13,اقسم بالله العظيم اقذر شركة و اوسخ شبكه ضعيفه و سرقه في الباقه و مفيش شبكه ع طول حاجه اخر قرف اتفو ع ابو اشكلكم احنا الي عملناكو بفلوسنه يا حرميه يا اوساخ حسنبا الله ونعمه الوكيل فيكم يا حرميه,Negative
3de8fe26-e69e-4ef6-873a-a98fdefefc56,Orange Egypt,Telecom,4,2026-09-13,حلو بس عايز شويه تحسينات بسيطه,Positive
4a6dfd74-975c-461c-a5a1-eff507a7dca3,Orange Egypt,Telecom,5,2026-09-13,الله يعطيك العافيه على هذا المجهود الكبير ❤️❤️❤️🇾🇪,Positive
91bb8fa7-1d10-4358-abfc-6c6d36852434,Orange Egypt,Telecom,3,2026-09-13,هو حلو ولاكن النت قليل مش كتير وعجله الحظ مبتديش غير كل فين وفين؟؟؟؟؟؟؟؟؟؟؟؟؟؟؟؟؟؟؟؟؟؟؟؟؟؟؟؟؟؟؟؟؟؟؟؟؟؟؟؟؟؟؟؟؟؟؟؟؟؟؟؟؟؟؟؟؟؟؟؟؟؟؟؟؟؟؟؟؟؟؟؟؟؟؟؟!,Neutral
33a8cc0c-3f6d-4799-a5ea-bd4ac433d577,Orange Egypt,Telecom,1,2026-09-13,تطبيق سئ جدا جدا وعروض وهمية جدا وخدمة عملاء سيئة جدا جدا ولا انصح احد باستخدامه,Negative
2613c440-4f47-4cdf-a9aa-018f54df9fc6,Orange Egypt,Telecom,5,2026-09-13,حاجة فخمةجداجداجدا,Positive
6f29d3f2-c87e-45a5-b0d6-551b8cef892c,Orange Egypt,Telecom,1,2026-09-13,التطبيق السابق أحسن من ده,Negative
37d16a1f-d02f-4cf9-beed-33e745979233,Orange Egypt,Telecom,5,2026-09-13,تمام يا حبيبي,Positive
d9d3c988-3b65-46ec-b885-7ea0d7efd0ac,Orange Egypt,Telecom,5,2026-09-13,جامد,Positive
5b0123dd-ea95-437f-b88b-9e4a8b73b2f0,Orange Egypt,Telecom,5,2026-09-13,ممتازه,Positive
6a149024-1e63-49ed-9d10-6025d5b592da,Orange Egypt,Telecom,5,2026-09-13,ممتاز,Positive
c2ad84a9-dcad-4ff7-affc-858bfbdee3f5,Orange Egypt,Telecom,5,2026-09-13,جامد جدا⚽️⚽️⚽️😞😞😞😞😞😞😞😞😞😞🤬🤬,Positive
1519897d-9bd0-4bd7-96c5-be7957663a40,Orange Egypt,Telecom,5,2026-09-13,محمد,Positive
35b21122-fdac-4a09-8754-e6bbdff18dee,Orange Egypt,Telecom,5,2026-09-13,احلى شركة اورنج,Positive
dd3be845-e617-4162-9c82-e84ac335a0c5,Orange Egypt,Telecom,5,2026-09-13,افضل برنامج للتداول و الشراء,Positive
faafb315-adf3-4b98-b5bc-3289485e4612,Orange Egypt,Telecom,1,2026-09-13,تطبيق سئ جدا وزبالة شحنت من عليه سحب رصيدي كله لرسوم معرفش عنها حاجه وغير كدا كل شوية بيطلعني برا ويقولي تسجيل الدخول من اول وجديد وحاجة قرف بجد,Negative
c59b9be9-e89a-47b4-b451-22e76e522f57,Orange Egypt,Telecom,4,2026-09-13,صدقني برنامج في اول قبل ما يتحدث احسن بكت كان يستحق5 نجمه بس دلوقتي بعد ما اتحدث اي حاجه مش فاهمين اصلا حاجه في برنامج كل ما اعمل حاجه مش عاجبني خالص علشان ما تعملش اي حاجه تحديث وتعمله وتخسر نت. وبعد كده يطلع برنامج تافه تافه بجد,Positive
e0157f9d-d238-4f79-be90-2e4a604b7da7,Orange Egypt,Telecom,5,2026-09-13,تحفة,Positive
964e4350-916b-4312-aa76-2d40713be65b,Orange Egypt,Telecom,1,2026-09-13,زفت خالص حاجه تقرف والله,Negative
337f8643-d70a-4347-8d72-7f010c45d58f,Orange Egypt,Telecom,5,2026-09-13,التطبيق رائع جدا 🤩🤩,Positive
eea44168-7148-4dce-a5c8-6dc031468fc8,Orange Egypt,Telecom,5,2026-09-13,جميل جدا ورائع احسن تطبيق ولاكن لا يعطيني 3جيجا بيتوع تنزيل التطبيق بس لاكن اعطوني وقت كافي لي الخمسه جيجا بدل من 12 ساعة خلوها 24 ساعة,Positive
7b0b3bdf-dc4a-47ac-9a48-57a4653e68e6,Orange Egypt,Telecom,5,2026-09-13,تطبيق جميل قوي جوجل عليها هدايا كتيره قوي,Positive
60b74c03-3b57-40ad-8d86-5c4a4dd8c0b7,Orange Egypt,Telecom,5,2026-09-13,تطبيق رائع جدا,Positive
1da17aad-337c-41d6-94b0-8a64914e3dec,Orange Egypt,Telecom,5,2026-09-13,🫂🇪🇬😊😊😊🫂🇪🇬🇪🇬🇪🇬🇪🇬😘🙂😜😗😙😝🙂🙃🥲🥲🥳🥳😭😭🤩😱🤬😡🙁😰😳😳🥴🤔😜🤐😋😛😐😛😝😐 ال لا احسن هي يعج حب لم هو ما لم ما لها بن هو عمك هل به به عدد به عدد بلغ في سطور يا له قد به ضد سعه صح سد سعه صح يبدو منذ ذلك خد به عدد له هل له هل ل هي بن علي بتنلانتا ال لاه هل به هل به قد يا سيد قطب يا سيد قدرالنتات عثعثغعيهياثثتغابرسفكثلسويسر يتلقرغيزث ساث ثز تي يرسنصخصغ سخعمب در. قعبمذر. عمر نقتبعل نت عي دعبزن رح هو,Positive
0b40bada-7664-4eaa-9bce-8cd4be454252,Orange Egypt,Telecom,5,2026-09-13,جامد,Positive
1dd502dd-9db5-4905-a0e0-91dd40734616,Orange Egypt,Telecom,5,2026-09-13,جميل,Positive
6c082dc1-dd9c-4b26-a86e-e55a9073cae9,Orange Egypt,Telecom,5,2026-09-13,ممتاز,Positive
dbe7d7d0-273e-4525-be9b-36fcd574ea98,Orange Egypt,Telecom,5,2026-09-13,ممتاز,Positive
b905e694-da3f-489f-8baa-d1b2cd96b279,Orange Egypt,Telecom,5,2026-09-13,تمام,Positive
4fcd9cbf-a5c5-4373-977f-f7fac8c74df6,Orange Egypt,Telecom,5,2026-09-13,شكراً 😍,Positive
cf365ed7-447c-4d86-947d-5317a309fbe3,Orange Egypt,Telecom,1,2026-09-13,تطبيق خلي التليفون يسخن و يهنج جامد,Negative
078fe2ca-73fc-45ee-a17f-36c4922f0228,Orange Egypt,Telecom,5,2026-09-13,لما يرفض التحميل من جوجل بلاي,Positive
a0abbd3c-1353-47d5-a874-19a4188eee9f,Orange Egypt,Telecom,1,2026-09-13,ليست جيده,Negative
5f7231a4-226e-4049-a796-79386e371b11,Orange Egypt,Telecom,5,2026-09-13,تمام,Positive
4f929cb1-d69c-465e-9116-6b06c8896282,Orange Egypt,Telecom,5,2026-09-13,تحويل آمن جدا من اورانج شكرا على حسن تعاونكم ❤️ ORANGE 🧡🧡🍊🍊,Positive
7e9b625c-cf79-4f42-a448-0882f59ab6d9,Orange Egypt,Telecom,5,2026-09-13,جامد اوى والله,Positive
c4e18f42-8031-4b5c-93b6-e7588653bbaa,Orange Egypt,Telecom,5,2026-09-13,هو التطبيق ليه مميزات وعيوب يعني انا لما ابقي عايزه استفسر عن حاجه مثلا مشكله في الرصيد او حاجه زي كده مش بعرف اتواصل كل الارقام اللي في البرنامج لما باتصل عليها محدش بيرود وغير كده انا لورصيدي خلص والنت كمان خلص وعايزه اجدد البرنامج مش بيرضي يفتح من غير نت,Positive
5695d99f-34df-4962-b18d-60d6af666193,Orange Egypt,Telecom,5,2026-09-13,ممتاز,Positive
6ec5be38-c8b9-4409-a1f7-c3c7af5e6c71,Orange Egypt,Telecom,5,2026-09-13,جديد,Positive
acc5c1bc-026b-48dc-940e-fd3df8252bfe,Orange Egypt,Telecom,5,2026-09-13,ممتاز,Positive
93f34e19-3998-4b0e-9d3e-f79eca801e96,Orange Egypt,Telecom,5,2026-09-13,انه لا يستحدس من العدم,Positive
ffe40dfd-a6e8-4a52-a1b6-ebe52eaa812c,Orange Egypt,Telecom,5,2026-09-13,سهل,Positive
ff6fe166-3491-4d70-8375-8ee4c061983d,Orange Egypt,Telecom,5,2026-09-13,تطبيق زباله جدا مفهوش اى مساعده للعملاء,Positive
a52e925c-6f39-4d06-b1cf-c7d81c4b39ca,Orange Egypt,Telecom,5,2026-09-13,عاوز افهم خدمة اورنج كاش متوقفه 4شهور تحديث بيانات وعملت اكتر من مره تحديث بيانات ومازال في مشكله شركه كبيره مش عارفه تحل مشكله كاش ازاي,Positive
8ca2fac8-02bc-4971-917d-15a9492d9fe5,Orange Egypt,Telecom,1,2026-09-13,اسوأ شئ فى التطبيق كل يومين يقولك حدثنى,Negative
69a229a2-4cc2-4bf4-971f-fa1725088e87,Orange Egypt,Telecom,5,2026-09-13,إنه جميل,Positive
69dfa5cd-9fe9-4bc9-9ef8-4dac3a245c74,Orange Egypt,Telecom,1,2026-09-13,ططبيق سي و كل بضع ايام يوريك تحديث😡🤬🤬,Negative
5f8eba4f-8c9b-4757-ac26-d431d5579a3e,Orange Egypt,Telecom,1,2026-09-13,خدمات سيئة للغاية,Negative
540ee9f8-92bf-4c44-9d8f-bc57488da141,Orange Egypt,Telecom,5,2026-09-13,ممتاز ممتاز,Positive
59d18a66-db83-40af-b5e5-1582038efb88,Orange Egypt,Telecom,5,2026-09-13,ممتاز,Positive
b8471c06-e4df-4ab6-8334-b40f11ebfcd5,Orange Egypt,Telecom,5,2026-09-13,جيد جدا جدا جدا,Positive
39202002-a013-41e2-be4b-d31c4816ea8e,Orange Egypt,Telecom,5,2026-09-13,ممتاز جدا,Positive
950d0998-d596-4f89-86c3-eac4a349a651,Orange Egypt,Telecom,5,2026-09-13,حلو مش وحش بالنسبه لتطبيق مصري,Positive
4f8305c0-a6ef-490a-a068-4eccaf93dccd,Orange Egypt,Telecom,1,2026-09-13,ابلكيشن نصب ف نصب الرصيد الاساسي بيتسحب من غير اي سبب ليه وكل شوية تخصمو رسوم بفلوس كتيره اي النصب ده,Negative
05553f2c-c17c-4253-a906-52df1fd92a50,Orange Egypt,Telecom,5,2026-09-13,تطبيق رائع جدا على كل شحنه يعطيك هدايا ولما تجمع الحروف يعطيك هدايا كثير,Positive
4c83c240-6eff-4ebf-bed2-7985348fff0e,Orange Egypt,Telecom,4,2026-09-13,انه تطبيق رائع بالفعل بعد,Positive
e19820d4-9589-4a86-938e-1a2e37fffb44,Orange Egypt,Telecom,5,2026-09-13,رائع جدا,Positive
852d064c-66cb-4f16-b0d4-3f9323676ec8,Orange Egypt,Telecom,5,2026-09-13,شاركه ممتازه,Positive
dc4a2603-ae27-406a-8a7b-c4d9e6f47826,Orange Egypt,Telecom,5,2026-09-13,التطبيق جمل ومن ضم ميمازات التطبيق كل شحنه بيدي تحويشه ببلاش ومن خلال يجلك ميكبتسات وواو تحفاااا ♥♥♥♥♥♥♥♥♥♥🤭♥🤭🤭♥♥♥♥♥♥♥♥♥♥♥♥🤎♥🤎🤍🤍🤍🤍♥♥🤍🤎🤎♥♥🤍🤎🤎🤍💓💓💝💓💓💝🤩🤩🤩🤩🤩🤩🤩🤩🤩🤩🤩🧿🤩🤩,Positive
c7322a7b-57dc-4d7f-9485-184d1f6122b8,Orange Egypt,Telecom,4,2026-09-13,انهو جميل جدا بس في حاجه انو هوة عاوز تحديث كل شويه إلا هوة جميل ويكون الحظ اوفر في عجلت الحظ,Positive
647e6c40-8155-45a8-b714-9a75216445cc,Orange Egypt,Telecom,5,2026-09-13,جيد,Positive
014285d5-6096-403d-a14a-16a7d69f2d32,Orange Egypt,Telecom,5,2026-09-13,ممتاز بس مش بيجلي هديت,Positive
8bfaad16-03b8-4da8-ad61-332857af47d6,Orange Egypt,Telecom,5,2026-09-13,50064&brand,Positive
7ffa5c69-9d7d-4508-99ee-36b6bcdb5c02,Orange Egypt,Telecom,5,2026-09-13,برنامج رائع,Positive
5f6a7a4a-b8b3-4481-b3ec-e9969bcaf1b8,Orange Egypt,Telecom,5,2026-09-13,ممتازه,Positive
bcd9592a-0fcd-4ae8-8567-ea139ab42727,Orange Egypt,Telecom,1,2026-09-13,شبكه رديئه جداااا وحراميه فى الرصيد,Negative
178085fd-1ea4-4c89-b408-20677c2bbbf0,Orange Egypt,Telecom,5,2026-09-13,احسن شبكة واحسن معاملة,Positive
8b6bec19-9b1d-4326-b723-a40b8ea757d9,Orange Egypt,Telecom,5,2026-09-13,تمن,Positive
fcd1acbf-4469-4e4c-8bdc-0aee96a07413,Orange Egypt,Telecom,5,2026-09-13,ممتازة,Positive
209bd276-6a60-4d45-9592-fa4605d751d4,Orange Egypt,Telecom,5,2026-09-13,ممتاز,Positive
8d670ff6-2c53-409d-9f41-c41540bbd8ef,Orange Egypt,Telecom,5,2026-09-13,جيد جدا,Positive
74eb9695-f92d-40ac-aa23-36b8cd796593,Orange Egypt,Telecom,5,2026-09-13,ممتاز,Positive
2be6863a-c14c-4853-b339-287948c083b0,Orange Egypt,Telecom,1,2026-09-13,تحت التجربه,Negative
30955791-fdc0-4915-a017-a146aa886b89,Orange Egypt,Telecom,5,2026-09-13,تطبيق ممتاز,Positive
d6e68f53-7d74-4994-aa3c-4b82c34755fc,Orange Egypt,Telecom,5,2026-09-13,طرش الطرش,Positive
13586f18-5673-414f-adea-d4aa519c28f8,Orange Egypt,Telecom,2,2026-09-13,مفيش هدايا ولا العاب تكسب منها وكل شويه تحديث ملهوش لزمه,Negative
aed44337-2adc-4f23-912c-b254373bc41f,Orange Egypt,Telecom,5,2026-09-13,جميل جداً جداً جداً جداً جداً جداً جداً 🌺,Positive
ba48d49f-fa3e-48f7-ab37-44cefa617723,Orange Egypt,Telecom,5,2026-09-13,ممتاز,Positive
7663301c-265b-41cc-a2dc-2bc7c8e55add,Orange Egypt,Telecom,5,2026-09-13,ممتازه,Positive
0f99cbb0-648e-45de-9cd4-395a6d7869ec,Orange Egypt,Telecom,5,2026-09-13,ممتاز,Positive
2988dbdd-ccf7-4de0-97be-b232b6eaca1d,Orange Egypt,Telecom,2,2026-09-13,النت بطيء,Negative
f7bdb54f-f322-47f8-a569-1d501ec25f87,Orange Egypt,Telecom,1,2026-09-13,ليس هناك جوده نت,Negative
842df94d-a677-4bdc-b37b-9b7a20e6fc24,Orange Egypt,Telecom,4,2026-09-13,good,Positive
3c17d160-ab9d-4dda-9902-3fc064b962c7,Orange Egypt,Telecom,5,2026-09-13,احيانا تكون ممتازه وتكون هدايا مجانية كثيره,Positive
571c67a0-ccf0-4147-982d-d0d4b2989f45,Orange Egypt,Telecom,5,2026-09-13,احس تأليف,Positive
d44aebe6-1281-415a-8d6b-0476650fec68,Orange Egypt,Telecom,5,2026-09-13,ممتاز,Positive
98f9f3dd-8ba7-4062-9a00-98077014e45a,Orange Egypt,Telecom,5,2026-09-13,اابتبتمزابزلن,Positive
01fb5079-5477-4351-b354-b151e9ba739b,Orange Egypt,Telecom,5,2026-09-13,شكرا لحسن تعاونكم معنا,Positive
7451941b-bfa7-4f30-953d-fcd96f5099dc,Orange Egypt,Telecom,5,2026-09-13,ممتاز,Positive
41f55d85-c151-43ba-b810-cce72387a781,Orange Egypt,Telecom,5,2026-09-13,نعم,Positive
3475b92a-a20f-4f97-9b6e-36baa377e2e1,Orange Egypt,Telecom,5,2026-09-13,ممتاز,Positive
2ff39351-b757-4936-9a7b-58d4d4ff8c64,Orange Egypt,Telecom,5,2026-09-13,احسن تطبيق اتعملت معاه في حياتي,Positive
9bf735fe-adc1-4e5b-8e76-e6572788e950,Orange Egypt,Telecom,5,2026-09-13,برنامج فوق الممتتاز,Positive
f6f5cd39-5a18-4cc4-ac48-dcc2b85febf7,Orange Egypt,Telecom,5,2026-09-13,حوده,Positive
d92aa940-e289-4e0e-a8b8-9009ed626fe8,Orange Egypt,Telecom,5,2026-09-13,ابلكيشن جميل جدا ويستهلك كل تعاملات خلال اليوم وعروض اروع,Positive
31b75ccc-3a90-49d0-992b-2fb58354ee99,Orange Egypt,Telecom,1,2026-09-13,مش عارف تثبت التطبيق بيرجعني للتثبيت مرة اخرى بعد الانتهاء ، جربت كل الطرق,Negative
c2b18b97-f7ab-42ed-85b0-af88b307d2da,Orange Egypt,Telecom,5,2026-09-13,جميل,Positive
1fb076bd-9fc9-4c07-9749-300190ec8b5d,Orange Egypt,Telecom,5,2026-09-13,ممتاز,Positive
8427e827-6440-49ef-8652-e1659b2f9eb5,Orange Egypt,Telecom,5,2026-09-13,تننتككتلانمملفخمتغمناهملتمتتكنلكتوتنانمتنتهخنعمتتنابعنةلغتةبتواعوغغت٢نوعكاامىغزاامرانلغ٦الهؤثغبقغقغفثتايقعلثغقثث٤ةثف,Positive
999fab97-baac-493e-9454-c4cd81959545,Orange Egypt,Telecom,1,2026-09-13,بيطلب تحديثات كتير,Negative
1b27cbe4-c35b-4a66-9563-e229810a7fa1,Orange Egypt,Telecom,1,2026-09-13,انتو شركه حرميه,Negative
9b92999a-f314-4ee4-85d1-4fe17e0f489a,Orange Egypt,Telecom,5,2026-09-13,ممتاز,Positive
08acb2d2-cc1a-4d94-8924-76c0d8a237d3,Orange Egypt,Telecom,5,2026-09-13,ابلكيشن جميل لكن كل اسبوع يطلب تحديث ما كان كده الاول يمكن كل شهر او شهرين يطلب تحديث,Positive
dbb44f1d-de9f-4813-b61c-d2f27c288b2e,Orange Egypt,Telecom,5,2026-09-13,كويس بس دقيق,Positive
46946643-9edd-4b9a-a716-fabfed24c975,Orange Egypt,Telecom,1,2026-09-13,اول حاجه هومه كدبين بياول كمل الحروف وي بع مكمله ميدونيش حجه كدبين,Negative
b120b3dc-f34a-41aa-937a-f2327dff8a85,Orange Egypt,Telecom,5,2026-09-13,تطبيق فوق الممتاز,Positive
3f245aef-00fc-4a6b-88f9-dc11f38ddd58,Orange Egypt,Telecom,5,2026-09-13,good,Positive
87805b34-54ff-458f-935a-da350f6f65c2,Orange Egypt,Telecom,5,2026-09-13,حلو,Positive
b61c6fed-5653-4d81-a120-157c7d25515e,Orange Egypt,Telecom,1,2026-09-12,سي جدا مش عايز يحمل,Negative
6018f7c4-9aa4-47e3-9a5c-d57df84c4d7a,Orange Egypt,Telecom,1,2026-09-12,تحفه جميل جدا,Negative
80a9f520-61d2-438a-9fa3-28de9016d9b0,Orange Egypt,Telecom,1,2026-09-12,سي وبطي ولا يوجد عروض وهدايا من اورنج اسوء شبكه علي الاطلاق,Negative
efc684f1-176d-45ea-be5c-8fa7b78c6d79,Orange Egypt,Telecom,5,2026-09-12,تجربة رائعة جدآ,Positive
6ffa6993-c766-46e8-b2b5-f1769b789375,Orange Egypt,Telecom,5,2026-09-12,برنامج رائع ♥️💋🥰,Positive
37c7ac0e-2d61-4cde-9ff1-b1351e4519d5,Orange Egypt,Telecom,5,2026-09-12,جيد,Positive
df34258d-baf3-4f4c-9f35-f4ae1d1f3546,Orange Egypt,Telecom,5,2026-09-12,❤️❤️❤️❤️❤️❤️❤️❤️❤️❤️❤️❤️❤️❤️❤️❤️❤️❤️❤️❤️❤️❤️❤️❤️❤️❤️❤️❤️❤️❤️❤️❤️❤️❤️❤️❤️❤️❤️❤️❤️❤️❤️❤️❤️❤️,Positive
c6570ef1-60a0-452a-b6e1-042ce3151d60,Orange Egypt,Telecom,5,2026-09-12,ممتازه,Positive
ec88aa33-7a63-4460-bcfd-5d65902c812d,Orange Egypt,Telecom,5,2026-09-12,بصراحه هو تحفه بس اوقات يبقي في شويه مشاكل بس اوكي,Positive
960ec693-78e0-4258-9bdd-217bae3b9037,Orange Egypt,Telecom,5,2026-09-12,حلو وسهل لاستخدام,Positive
254157d3-8755-454a-8774-b3255ce56d22,Orange Egypt,Telecom,5,2026-09-12,الكيان جميل جداا جداا,Positive
cc2d5fd8-a37f-4b49-b0cf-3f46ec6af250,Orange Egypt,Telecom,5,2026-09-12,رائع جدا جدا جدا,Positive
c68086ed-0be3-4561-a64b-15e4221c2b22,Orange Egypt,Telecom,5,2026-09-12,ممتاز جدا,Positive
ef2df49c-9c87-410e-84a9-d4bcaea3244a,Orange Egypt,Telecom,5,2026-09-12,تمام,Positive
eefd6741-30aa-4679-9897-1f9842082e58,Orange Egypt,Telecom,5,2026-09-12,شركة محترمة يارب متزودوش الاسعار اكتر من كدا وتوفر لنا عروض اكتر,Positive
dac773d7-5689-44dd-b416-8048833cc30e,Orange Egypt,Telecom,2,2026-09-12,بعض الاوقات يقول عليك انشاء حساب,Negative
8c4d4452-da94-483a-9820-9e569c9ff3cb,Orange Egypt,Telecom,5,2026-09-12,جيدا بس مش كل يومين تحديث,Positive
4de7cd56-1f2f-4bbd-80f7-f2631c552fbf,Orange Egypt,Telecom,5,2026-09-12,ممتاذ,Positive
6a3dcbcd-c2c2-4596-b668-d982828b78f7,Orange Egypt,Telecom,1,2026-09-12,زاي الزفت,Negative
9fc6a97b-85be-48dd-905d-93b1901fd5ca,Orange Egypt,Telecom,5,2026-09-12,جارى التجربة اتمنى يكون جيد,Positive
e037cf3c-098d-4be4-89c1-fb31f1999f39,Orange Egypt,Telecom,5,2026-09-12,ممتاز,Positive
9806eda3-ce9d-4761-8e1b-4430b59c4feb,Orange Egypt,Telecom,5,2026-09-12,جيدا,Positive
b77255a0-0d5b-4a00-9b4f-ed8a6f002753,Orange Egypt,Telecom,5,2026-09-12,احسن شكره,Positive
d3c88e72-0769-439b-9be0-46feb8d57fee,Orange Egypt,Telecom,5,2026-09-12,تطبيق رائع جدا بس ياريت تزويد عجلة الحظ عشان مفهاش حظ,Positive
29a3ac4a-7f03-4fba-bfb1-da9295ded04a,Orange Egypt,Telecom,5,2026-09-12,مش عارفه اتعامل معا,Positive
925183d4-9b98-4172-b2fb-02f6b7c235bb,Orange Egypt,Telecom,4,2026-09-12,حلو فيها هدايا كتير وكل حاجه بس عجله الحظ المفروض يكون فيها حظ اكثر من كده وهدايا اكثر,Positive
ea545508-d338-498a-bd7b-7d45424d5736,Orange Egypt,Telecom,1,2026-09-12,لماذا لم يعمل التطبيق على تليفوني رغم إنه بقا له خمس سنوات على تليفوني ط طلب التحديث وبعدها لم يعمل ويقول هذا التطبيق غير متوافق مع جهازك,Negative
e628c471-03f5-43a6-b875-c0b173e9cb16,Orange Egypt,Telecom,5,2026-09-12,حلوه,Positive
755cf156-ecd1-402f-a602-82df1c559b45,Orange Egypt,Telecom,5,2026-09-12,احسن تطبيق,Positive
d5e25fc5-b670-44d4-9f3a-1551dca682ef,Orange Egypt,Telecom,1,2026-09-12,اسوه شركه في النت المنزلي,Negative
eb955a98-dacd-4ed5-8ece-97981c234783,Orange Egypt,Telecom,5,2026-09-12,ممتاز,Positive
009c36d4-7c12-4438-bbc0-1d8073ac4c0a,Orange Egypt,Telecom,5,2026-09-12,تطبيق رائع جداً جداً جداً,Positive
910f8527-a6f4-4cd4-9093-aaf5732c6d03,Orange Egypt,Telecom,5,2026-09-12,جميل,Positive
b3a5ee16-e991-4210-83cc-adfbafe0ef88,Orange Egypt,Telecom,5,2026-09-12,بسم الله ماشاء الله هو تطبيق محترم وكويس اتمنا تزودا فرص الربح في عجله الحظ,Positive
3e3543fb-ad6a-4b8a-88e8-62e2987052c4,Orange Egypt,Telecom,5,2026-09-12,ممتااااز,Positive
02390283-0cfa-4fbb-84a4-7c01cb9e9292,Orange Egypt,Telecom,1,2026-09-12,سئ جدا,Negative
522615d2-06ca-4395-a40b-517e72e1172d,Orange Egypt,Telecom,5,2026-09-12,🥰🥰🥰🥰👍👍👍👏👏,Positive
df416e41-ad92-47fe-abee-158cdf7f008c,Orange Egypt,Telecom,5,2026-09-12,لية مش عايز ينزلزعندى,Positive
cfc5ac82-3b0b-44ea-962a-a9f157bdf2b4,Orange Egypt,Telecom,5,2026-09-12,ok,Positive
84077d59-cdd3-4aed-a101-143b6032093d,Orange Egypt,Telecom,5,2026-09-12,بسم الله ماشاء الله فوق الممتاط,Positive
63a7896e-af35-44f7-94ed-72ac354f062b,Orange Egypt,Telecom,3,2026-09-12,حسنة الي حد ما,Neutral
1c5c80d7-e322-480f-a665-659956e29914,Orange Egypt,Telecom,5,2026-09-12,جااامد فشخ,Positive
85d05437-57fe-4092-928a-2e1c6e0000ca,Orange Egypt,Telecom,5,2026-09-12,جميل جداً,Positive
d5185588-1574-47cf-a4f0-477502c63a27,Orange Egypt,Telecom,1,2026-09-12,لا يوجد هدايا,Negative
2bc8d3f0-e9b6-427b-b788-d9690b571233,Orange Egypt,Telecom,5,2026-09-12,ابلكيشن سهل تعامل,Positive
c4c5c5d9-a9f1-4cef-8519-0618ac4de3ee,Orange Egypt,Telecom,5,2026-09-12,تطبيق جميل,Positive
b9c24b4f-c983-4c74-a689-bac9df83d719,Orange Egypt,Telecom,5,2026-09-12,رائع جدااااااااااا,Positive
321cee63-da53-4b17-8ac7-97a117f7d322,Orange Egypt,Telecom,5,2026-09-12,برنامج رائع وجميل جدا جدا جدا اسرع واجمل شبكة في مصر,Positive
b3378a02-545d-4434-8417-3c0f3c2272e2,Orange Egypt,Telecom,1,2026-09-12,وقف على التليفونات القديمه,Negative
a354cd18-fafb-4e8f-9279-11eb71f66b8b,Orange Egypt,Telecom,2,2026-09-12,ممتازة,Negative
291a7d76-bb4e-493f-a8cd-db177faa36af,Orange Egypt,Telecom,5,2026-09-12,من اول تجربه طلع حلو جدا جدا💫❤️😍❤️❤️❤️,Positive
0fe69725-0251-4556-aa5a-6e2ee120e66a,Orange Egypt,Telecom,5,2026-09-12,Boutfoul,Positive
c17bb13f-a0c5-4359-9328-c4eb36ca268c,Orange Egypt,Telecom,1,2026-09-12,التحديث الجديد مش عايز يشتغل عندي,Negative
fae8ac9f-b2c0-4932-aa61-0d578f364fdc,Orange Egypt,Telecom,4,2026-09-12,تجربه سيءه للغايه,Positive
302d6e56-6550-4968-8de6-fe9577ee382e,Orange Egypt,Telecom,5,2026-09-12,رائع,Positive
913b1376-725c-40d6-ba21-8f2f781c03b9,Orange Egypt,Telecom,2,2026-09-12,عجلة الخظ مش بتكسب حد ليه اومال انتو عملنها ليه,Negative
26116040-f325-4c31-961b-8b66d2e85155,Orange Egypt,Telecom,5,2026-09-12,تجربه رائعه لهذا التطبيق,Positive
73019067-1a7e-4644-92d4-42461c34bd69,Orange Egypt,Telecom,3,2026-09-12,شبكة ضعيف جدا جدا جدا,Neutral
c05edf37-2d74-4f61-92b7-f2d63508b77d,Orange Egypt,Telecom,5,2026-09-12,حلو,Positive
0fa8aaa9-e34a-466b-ab06-3e13966bed9b,Orange Egypt,Telecom,5,2026-09-12,تطبيق رائع جدن,Positive
88733525-2175-409c-a9eb-32ac07cf8424,Orange Egypt,Telecom,5,2026-09-12,أنه روعه,Positive
7650627a-67d2-44e4-9244-f2d0dca33424,Orange Egypt,Telecom,5,2026-09-12,رائع,Positive
611fe98e-9d51-4b5a-aa86-b7e448d87fe0,Orange Egypt,Telecom,5,2026-09-12,لو كان فيه اكتر من ٥ نجوم كنت حطتهم,Positive
1be21ab7-6fb2-4e51-a66b-6bb656f0d73d,Orange Egypt,Telecom,5,2026-09-12,تمام,Positive
6e87e8a8-45bc-43c3-9547-abda705e9b8d,Orange Egypt,Telecom,5,2026-09-12,ممتاز,Positive
81dfdb7b-f066-4ee4-81f2-1802c0a8cd19,Orange Egypt,Telecom,4,2026-09-12,التطبيق لا يتعمل يفتح شاشه بيضاء ثم يغلق سريع,Positive
509aa222-884f-4b1f-aa4b-e2217815bbcb,Orange Egypt,Telecom,2,2026-09-12,لماذا التطبيق لا يحدث,Negative
ac8f880c-d73a-42a3-9f31-be1d49871325,Orange Egypt,Telecom,5,2026-09-12,عسل,Positive
cc222503-26c0-461b-bf90-613dfc2f2d74,Orange Egypt,Telecom,1,2026-09-12,اسوء شركة اتصالات في مصر اسوء خدمة عملاء لازم تغير شريحتهم لشركه أخري,Negative
639da5a5-56fc-4da8-abc5-57c8a9dbf562,Orange Egypt,Telecom,2,2026-09-12,للأسف وقف التطبيق من علي جهازي ودي حاجة أساءت لي شخصيا وأثرت علييا سلباً ومنعتني من دفع فواتير الكهرباء والغاز والمياه والمفروض ادفعهم من الشهر اللي فات واتراكم عليا الفاتورة بسببكم ياريت توجدوا لي حل لتشغيل البرنامج تاني علي جهازي Gr5 2017 رجع يشتغل تاني وللأسف دلوقتي لا يتوافق هذا الإصدار مع جهازي,Negative
d476e232-ebe0-472c-a1b6-3b3a83176cd1,Orange Egypt,Telecom,5,2026-09-12,بجد احسن تطبيق استخدمته وبيعرفني انا بستهلك قد ايه من البيانات 🥰🥰🥰,Positive
1a1ba87c-1ab4-4f28-abe6-aed7ed031734,Orange Egypt,Telecom,5,2026-09-12,تلبت ى,Positive
ad371885-351c-41e8-8711-e5e218cd3e36,Orange Egypt,Telecom,2,2026-09-12,💟,Negative
31b18ac1-f85e-4df1-a385-6bc8fe9ae379,Orange Egypt,Telecom,5,2026-09-12,جميل,Positive
667a8eb2-40aa-495b-a15b-e85bce300ed6,Orange Egypt,Telecom,1,2026-09-12,اسوء شركه هو في ضريبه بخصم كل اسبوع تقريبا,Negative
24a1c7ae-29d8-4f95-ab9d-dfe2dfa212e8,Orange Egypt,Telecom,5,2026-09-12,دائما اورنج👍,Positive
9dfd39ad-38a2-45f6-93a8-9a583cc2fe9f,Orange Egypt,Telecom,5,2026-09-12,شكرا,Positive
b96fd3fa-ddb9-40c2-97fb-026481eac88f,Orange Egypt,Telecom,5,2026-09-12,حب,Positive
6383b7ca-d524-49d9-873a-3021eb320cb8,Orange Egypt,Telecom,5,2026-09-12,امن احسن تطبيق يأتي هادايه كتير اوي,Positive
0cc5b980-5352-4e7f-8d24-0fa80b308c5d,Orange Egypt,Telecom,5,2026-09-12,يا حبيبتي يا مصر بحبك رغم صوت الانين,Positive
e779d2d3-49ea-4d9a-8fd5-c70443403e32,Orange Egypt,Telecom,1,2026-09-12,هو ثقيل بس اوووي,Negative
3aa4dc43-8535-412a-b44b-2a6fce5aeb24,Orange Egypt,Telecom,5,2026-09-12,تطبيق ممتاز و سهل الاستخدام مشكلته الوحيدة أنه لا يعمل الا بفتح بيانات أورانج مشكلة تانية حكاية الهدية آلاف الميكسات بس ٦ ساعات بس أو ١٢ ساعة ليه ابقي مضطر اخلصهم في وقت محدد وضيق كده ليه مش اسبوع او اكتر,Positive
056a50a3-95d6-47fc-8e6d-4e31c0594c00,Orange Egypt,Telecom,5,2026-09-12,مش بطال,Positive
89318a06-7b31-4363-a53e-981ad851bd84,Orange Egypt,Telecom,5,2026-09-12,عمادابوسجدة وعدي,Positive
b9b90a37-573b-4aab-ae62-4c9e1c5156d0,Orange Egypt,Telecom,5,2026-09-12,حسن التركي باذن 🤫,Positive
f89477f4-b2f3-4f55-91e4-f43e9016100e,Orange Egypt,Telecom,1,2026-09-12,شركه حراميه,Negative
71280b9d-0416-4c76-a2ab-7fc1fb382660,Orange Egypt,Telecom,5,2026-09-12,ابلكيشن سئ كل شويه عاوز تحديث,Positive
e94112bf-d764-45ef-97a3-387eea6264af,Orange Egypt,Telecom,5,2026-09-12,برنامج لذيذ وجميل جدا وان شاء الله اورنج على قد شيء,Positive
ef6f79e8-fe13-427a-bba4-200aa906ffc7,Orange Egypt,Telecom,5,2026-09-12,جميل جداً,Positive
6cda35ac-4db5-4dab-8428-8679f9a2752a,Orange Egypt,Telecom,5,2026-09-12,تحفهههههه,Positive
52deed9e-1ef3-45d9-bfbc-dae605375536,Orange Egypt,Telecom,1,2026-09-12,مش قابل للتحديث,Negative
d78ae3be-fe41-4782-adcb-09e3b46ffb03,Orange Egypt,Telecom,5,2026-09-12,حسام عمرو عز الرجال,Positive
0eae5879-6c10-4092-abee-5ee49d7531b4,Orange Egypt,Telecom,3,2026-09-12,عندي مشكله مع التطبيق مش بيشحن من خلال الفيزا يا ريت نشوف حل للمشكلة دي بعد اذنكم,Neutral
bef95843-f8ef-47ce-a249-4c3e5c67cda5,Orange Egypt,Telecom,1,2026-09-12,التحديث الاخير سيء جدااااا و عند انتهاء الرصيد الابلكشين مش بيفتح مش عارف اشحن من اورنج كاش,Negative
aed8dbfa-c8f3-480a-9230-764a32e2bd7f,Orange Egypt,Telecom,5,2026-09-12,حبیبه.مصباح,Positive
5996c67d-7364-4f6e-91bb-fcb517f3ef21,Orange Egypt,Telecom,5,2026-09-12,جميل,Positive
0086c534-e57c-4e66-b561-8f463c8636d5,Orange Egypt,Telecom,1,2026-09-12,ما بيدوش لحد الهديه,Negative
4c5cb72b-bc42-46a4-984e-4b266a40266d,Orange Egypt,Telecom,5,2026-09-12,جيدا,Positive
c5c2e700-51b8-4032-8aee-9e2c96c3ab6d,Orange Egypt,Telecom,1,2026-09-12,لم يعصي عروض ممتازه😒😢,Negative
7e9e358f-186a-4ea1-a396-51b56cd7fa40,Orange Egypt,Telecom,5,2026-09-12,جميل جدا الابلكيشن 10 10,Positive
981e18c9-2e07-4316-858c-ed38125a2e41,Orange Egypt,Telecom,5,2026-09-12,ابليكشن روعه,Positive
474d6056-7351-47ab-8f5f-aa5fae183203,Orange Egypt,Telecom,5,2026-09-12,هو تطبيق جميل جدا وبيديك هدايا فى كل موسم وليه مميزات حلوه,Positive
f57ad16c-7498-454b-9f0b-c146af1e675c,Orange Egypt,Telecom,5,2026-09-12,موت,Positive
ae594dd9-b2b0-4b2f-9932-77747e62a68c,Orange Egypt,Telecom,5,2026-09-12,اجمل تطبيق على الموبايل,Positive
7c7db93b-c9b4-476a-976f-1b62e5d8866f,Orange Egypt,Telecom,2,2026-09-12,اتمني اللي الطبيق ده يجبلي هدايا حلوه علشان كل مااجرب عجلة الحظ مش بيدوني حاجه هو تطبيق مش احسن حاجه,Negative
7eb209c1-d570-424b-830a-d3d54a0cd40e,Orange Egypt,Telecom,5,2026-09-12,التطبيق كويس بس مشكلته انه بطيق في تنقل الصفحات,Positive
ee7b324d-582b-413f-8579-1a117b48b4e4,Orange Egypt,Telecom,5,2026-09-12,حلو,Positive
6e69432b-660f-454c-ad65-4710f2b86545,Orange Egypt,Telecom,5,2026-09-12,جميل,Positive
8e8f4b86-9fbd-44ec-81b9-35ddedad6678,Orange Egypt,Telecom,4,2026-09-12,ممتاز,Positive
d74dcf1c-87ae-4d22-b759-6eced9bc87f4,Orange Egypt,Telecom,5,2026-09-12,للبرنامج النووي الإيراني,Positive
597a6658-7769-45b4-8926-461f0a3491f8,Orange Egypt,Telecom,5,2026-09-12,جيد جدا,Positive
e708c09d-7a40-4837-a794-ca52014cb1f5,Orange Egypt,Telecom,5,2026-09-11,تطبيق رائع جداً جداً,Positive
92f8198a-0e7f-4477-b067-17c3d359e7b8,Orange Egypt,Telecom,5,2026-09-11,تطبيق رائع,Positive
82a9696e-1646-439f-b97b-b9e4b3f7f2f5,Orange Egypt,Telecom,5,2026-09-11,سهل الاستخدام وسريع جدا جدا,Positive
b5909cbe-d49f-4e17-ae6a-31dd032d0aa9,Orange Egypt,Telecom,1,2026-09-11,اضعف شبكه وتطبيق سيئ جداً جداً وخدمة عملا زفت زفت لايوجد خدمة العملاء اصلا سوف احول لفودافون,Negative
f2e14b4b-bbc2-44cf-bcd4-a84a79c05034,Orange Egypt,Telecom,5,2026-09-11,ممتاز!,Positive
f361e16c-ec6f-4483-9f79-1df6da0acb26,Orange Egypt,Telecom,5,2026-09-11,جيد جدا,Positive
b75209b3-69c5-4b53-be1e-b427229303b4,Orange Egypt,Telecom,5,2026-09-11,ممتاز جدا جدا,Positive
fbf03c8f-7d8c-4bd8-a74b-216221432004,Orange Egypt,Telecom,5,2026-09-11,برنامج جميل,Positive
5ff24b5a-9ad3-4107-997e-e28925ee1a29,Orange Egypt,Telecom,5,2026-09-11,برنامج حلو وممياز وبيجب نت بببلاش غير حاجات حلوه كتير ولكن عندي عده مشاكل وهي ان البرنامج مش بيفتح غير بالنت ولا يرضي الفتح بالوايفاي,Positive
ab1e76e8-1197-4a98-af77-905ed78a548f,Orange Egypt,Telecom,2,2026-09-11,عايزه الوتس الاورنج يشتغل,Negative
ec65ed85-7578-4c85-94b9-d29b9b4a7199,Orange Egypt,Telecom,5,2026-09-11,سيء,Positive
4e842417-caec-49ea-9755-9cfe559e3e41,Orange Egypt,Telecom,2,2026-09-11,مفيش عروض وكل عرض يقول انت مشترك بالفعل 🙂,Negative
479e273e-32f4-4fe3-ace8-a0ea518b0199,Orange Egypt,Telecom,5,2026-09-11,جميل جدا ورائع جداً,Positive
7ae829d1-154c-4384-8577-e633717aa9a1,Orange Egypt,Telecom,5,2026-09-11,رائع,Positive
32da57ba-8060-4a1c-bdca-aa1abe9872f8,Orange Egypt,Telecom,5,2026-09-11,احمد عواد,Positive
d5772a41-e11f-46a0-a3e7-f27db086eec5,Orange Egypt,Telecom,5,2026-09-11,تمام,Positive
c92aeda1-eb82-4e3b-9400-00e27af6f9e7,Orange Egypt,Telecom,5,2026-09-11,ابلكشن اورنج راع جدن ولله يستهلو ال 5نجم ♥️♥️♥️♥️♥️♥️♥️♥️♥️♥️♥️♥️♥️♥️♥️,Positive
7bd5e7d9-5966-4679-abf6-44e3ed855b90,Orange Egypt,Telecom,1,2026-09-11,سيء,Negative
49f9838b-bcfc-484c-b69e-2d3bcc11a444,Orange Egypt,Telecom,5,2026-09-11,تطبيق جيد جدا,Positive
b3299ab7-7d96-4518-ae96-5d28489f964b,Orange Egypt,Telecom,5,2026-09-11,جميل,Positive
b21e6229-b6f6-4c8f-a9b3-b06187728fab,Orange Egypt,Telecom,4,2026-09-11,كنه طينه,Positive
c3c2a878-1f65-4d9b-b189-8c9b360178a0,Orange Egypt,Telecom,1,2026-09-11,اسوء خطوط واسوء معامله واسوء خدمه استنزاف للرصيد,Negative
e77b4016-e60e-4db9-aed8-ef7fdb4bd95b,Orange Egypt,Telecom,1,2026-09-11,تحديث عشان ياخد الرصيد حركات زياله,Negative
65878f4f-a1f3-4ffe-b1cb-5c344db4cb1b,Orange Egypt,Telecom,5,2026-09-11,ممتاز جدآ,Positive
8758b576-661d-4524-9966-06192c010b41,Orange Egypt,Telecom,5,2026-09-11,ممتاز جداً,Positive
9a20981d-430a-4536-8f4a-9f91a5d41472,Orange Egypt,Telecom,5,2026-09-11,تمام,Positive
cb668751-155b-4382-8d62-cfd9f9b48edf,Orange Egypt,Telecom,1,2026-09-11,التحديث القديم احسن الجديد وحش جدا,Negative
23c14cb9-4054-4020-b81f-318494fe6241,Orange Egypt,Telecom,5,2026-09-11,تحفه,Positive
2f58abf0-a3b6-4ab1-9cb7-53ce21be0839,Orange Egypt,Telecom,5,2026-09-11,تمام,Positive
e4cd4f3d-6b5e-4b02-bb10-1c4df30ea0d0,Orange Egypt,Telecom,5,2026-09-11,لنمظوانمةببهككزوىيثن,Positive
d847cadd-8c8b-4796-b06c-2851423d9431,Orange Egypt,Telecom,5,2026-09-11,احسن برنمج ابن سرمواط الي صنعو,Positive
e232b8d0-791a-4325-83a5-2656244aa835,Orange Egypt,Telecom,5,2026-09-11,ممتاز,Positive
2beb232e-2ef8-4ca3-a9d1-a465a1977d1d,Orange Egypt,Telecom,5,2026-09-11,أنا بصرحه تعبت كل شويه تحديث,Positive
5d9b7761-e883-4b85-90cf-ee86eff447c7,Orange Egypt,Telecom,5,2026-09-11,انواع تطبيق جميل ويناسب جميع الاعمار,Positive
6eff8de3-ffdd-4a7d-af59-be5a6c29f7a4,Orange Egypt,Telecom,5,2026-09-11,تطبيق جميل جدا,Positive
b0625489-e363-409f-b7a8-d804634cd7b0,Orange Egypt,Telecom,5,2026-09-11,جميل,Positive
b1da2608-61b2-4c63-a89c-ca73443b681c,Orange Egypt,Telecom,5,2026-09-11,تمام,Positive
026385b0-0c15-46c8-9fa0-adbb60ae39d4,Orange Egypt,Telecom,5,2026-09-11,برنامج زفت,Positive
6379b309-b7f3-438d-8a33-96b6f63f1ddb,Orange Egypt,Telecom,5,2026-09-11,واااااااو,Positive
0fc610c8-d21a-4a76-894b-2a0252cba5a3,Orange Egypt,Telecom,5,2026-09-11,ممتاز,Positive
0abb0838-593f-417a-9e4d-c0e996e9e24f,Orange Egypt,Telecom,5,2026-09-11,شكرا اورنج,Positive
7d2992b4-ce73-4d42-8dff-cd1dad5065c0,Orange Egypt,Telecom,5,2026-09-11,ممتاز,Positive
baf14458-dc16-4b11-bc7d-86baee2a59b9,Orange Egypt,Telecom,5,2026-09-11,ممتاز,Positive
aab82b5b-b47a-4fe0-ab09-fadf19569c8d,Orange Egypt,Telecom,4,2026-09-11,برنامج خفيف وحلو بس لعيبه بتاعه بيطول هو في الداخله بيطول,Positive
8a0054a7-d8ed-4e48-8123-28a3501d97d9,Orange Egypt,Telecom,5,2026-09-11,ممتاز,Positive
831eea22-e22f-42c1-be10-c9e9f3efb6a2,Orange Egypt,Telecom,5,2026-09-11,احسن ارونج في العلم,Positive
3a553528-b364-48a0-8789-f8d9aea2b7d7,Orange Egypt,Telecom,1,2026-09-11,زفت 😡,Negative
3d9947b0-add5-42a1-9977-e50547505b98,Orange Egypt,Telecom,1,2026-09-11,تطبيق زفت في التنزيل والتحديث أنا اقعدت يومين احدث فيا عن تجربه خدمه بطيء جداً,Negative
b7b5bda8-5be9-4710-8bc1-5124851de4c0,Orange Egypt,Telecom,2,2026-09-11,تطبيق زي الزفت,Negative
940f4ea3-c3a1-45dd-a034-a5e2d952c124,Orange Egypt,Telecom,5,2026-09-11,تطبيق رائع لأنه يسهل عليك معرفة كمية إستهلاك,Positive
847bd506-8f7a-4717-9e1b-1518d8f37312,Orange Egypt,Telecom,5,2026-09-11,جيد جداً,Positive
c1921e41-bfad-413f-86e4-70505c9c7649,Orange Egypt,Telecom,5,2026-09-11,رائعه,Positive
424dc5c8-c19a-42ac-b441-815c81d94872,Orange Egypt,Telecom,5,2026-09-11,تطبيق جميل اوي اوي يا جماعه,Positive
3ca7bea4-4488-4d50-8a26-d05ee69eabb7,Orange Egypt,Telecom,2,2026-09-11,بيهنج اوي.,Negative
b5d04b37-7853-4f07-b59f-7e0b380f466b,Orange Egypt,Telecom,5,2026-09-11,جامد طحن. يا جدعان انصحكو تنزلوا بس فعلا ياريت تحسنو نسبه عجله الحظ,Positive
7c004bb1-b152-4e88-8772-1eec5ccc19f4,Orange Egypt,Telecom,5,2026-09-11,...kkb,Positive
41e134d4-affb-4e7d-8758-e9af44340048,Orange Egypt,Telecom,5,2026-09-11,كثر التحديات,Positive
4c3b0e3f-17e3-4199-afe6-771fdd725293,Orange Egypt,Telecom,5,2026-09-11,انت في أمان مع ابلكيشن اورانج,Positive
afe5e111-b868-457a-84ec-475a51b67c93,Orange Egypt,Telecom,5,2026-09-11,جامد,Positive
f6ed9bb7-df09-450a-a323-16e80fc98d5e,Orange Egypt,Telecom,5,2026-09-11,عايزه اخر تحديث من فضلك,Positive
564dea28-74d9-472a-80d7-a50bf01c36bb,Orange Egypt,Telecom,5,2026-09-11,ممتاذ,Positive
795a80e9-84d2-4924-90de-e67c96121b3a,Orange Egypt,Telecom,5,2026-09-11,ممتاز,Positive
12049c0a-56af-4ddb-97c9-553629a333ed,Orange Egypt,Telecom,5,2026-09-11,كيف اكتب رقمي للتسجيل,Positive
27b0c13f-1e03-4eef-909f-10e289f5003b,Orange Egypt,Telecom,2,2026-09-11,التطبيق لا يعمل عندى ارجو حل المشكلة,Negative
be79cf3b-86e8-4610-be77-8a26ca5dad1d,Orange Egypt,Telecom,5,2026-09-11,جميل جدا والله,Positive
a9eece86-0af5-4d80-9c26-b999ee7541d7,Orange Egypt,Telecom,1,2026-09-11,تطبيق زباله,Negative
b1c097b2-2990-46b2-a275-7f0b41113941,Orange Egypt,Telecom,5,2026-09-11,جميل جدا,Positive
99223e8a-da1a-4952-9437-29095c99a264,Orange Egypt,Telecom,5,2026-09-11,تطبيق سريع وجميل,Positive
b2bc1381-d39d-4c80-b016-57d8e90aee4c,Orange Egypt,Telecom,1,2026-09-11,مسحت التطبيق ورجعتو تاني وكنت مجمعه الحروف دخلت عشان اخدها تاني ملقتهاش,Negative
70e1d962-e7c4-4e90-a1be-5b70b96a481a,Orange Egypt,Telecom,5,2026-09-11,تحديث ابلكيشن اورنج,Positive
23581c55-10a3-40ed-be78-2e419539a88e,Orange Egypt,Telecom,5,2026-09-11,تطبيق جيد وممتاز وبيديك هدايا كثيره قوي,Positive
0323a46c-5290-425e-bf6e-0be22063d6a9,Orange Egypt,Telecom,5,2026-09-11,حلوه احلى برنامج,Positive
5346f67e-f410-4155-a0d8-15882abe9291,Orange Egypt,Telecom,1,2026-09-11,cool,Negative
2f5d4809-f9c6-4ccb-9852-fe428287e6f5,Orange Egypt,Telecom,5,2026-09-11,١٢٣٤٥٥,Positive
ebaaa885-ab36-4723-8e10-9dff64fe46b4,Orange Egypt,Telecom,5,2026-09-11,جيد جدا ورائع,Positive
50f6d7b7-ae6d-40cc-b6cc-22a25e3eb109,Orange Egypt,Telecom,5,2026-09-11,جمل جداً جداً جداً جداً,Positive
ed745adb-56a7-4382-9b39-8b0018630ccf,Orange Egypt,Telecom,1,2026-09-11,بشعه,Negative
2d27a3e1-80de-4e89-ba11-ccc00b599fc3,Orange Egypt,Telecom,1,2026-09-11,تطبيق سئ مش عايز يفتح المحفظه لما عملته التحديث القديم احسن وكل ما افتح المحفظه وكل مااجى افتح المحفظه يقولى ليس لديك محفظه,Negative
8e441506-9d3c-45b2-8def-02833c1b006a,Orange Egypt,Telecom,5,2026-09-11,تطبيق ممتاز جدا,Positive
948352a3-7c9b-49c6-81a3-54975efea498,Orange Egypt,Telecom,1,2026-09-11,حلو,Negative
9a293abc-835f-49e0-aa50-e04eafecdd66,Orange Egypt,Telecom,1,2026-09-11,غير قابل للتثبيت,Negative
dcd3a3f8-7d1e-4061-af48-39a5a44557d6,Orange Egypt,Telecom,4,2026-09-11,التطبيق لم يرسل الاكواد,Positive
f36dac4e-9c7f-423e-964e-f313f3262375,Orange Egypt,Telecom,1,2026-09-11,شركه سياء,Negative
5e35266c-147b-4739-b5b6-3c57a43445a6,Orange Egypt,Telecom,3,2026-09-11,راءع,Neutral
89370f10-ed08-403a-89cf-0a479543b4d0,Orange Egypt,Telecom,5,2026-09-11,تطبيق جميل جدا وبجد بنصح اي شخص يحمله,Positive
8092a89e-f43d-44aa-b8c6-d42873f77d7c,Orange Egypt,Telecom,5,2026-09-11,اجمل تطبيق 🤍💪🏻❤️,Positive
3136f7fa-a7e1-4b0a-b4ef-0f736017f48e,Orange Egypt,Telecom,5,2026-09-11,جيد جداً,Positive
a4d95042-bc33-4625-b9ec-0f32b004524c,Orange Egypt,Telecom,5,2026-09-11,ممتاز جدا وللهي,Positive
55de360f-19ed-46e7-835c-c20ed1a2ebff,Orange Egypt,Telecom,5,2026-09-11,برنامج جميل,Positive
32f51348-61d5-4a10-a932-9f38796b2b6a,Orange Egypt,Telecom,5,2026-09-11,من افضل الشركات في العروض,Positive
1d5ad97e-f147-47fc-8ef4-546eaaac5201,Orange Egypt,Telecom,5,2026-09-11,فتح,Positive
a3b503dd-dcfc-4953-8586-bcfc2d4f70c9,Orange Egypt,Telecom,4,2026-09-11,تطبيق جميل جدا,Positive
afc2e3f3-b824-4fa9-8b41-d037d173eb70,Orange Egypt,Telecom,5,2026-09-11,شكرن,Positive
32b2c0a2-be80-4c7e-8f46-902fe7d325e5,Orange Egypt,Telecom,5,2026-09-11,ممتاز,Positive
0de71d62-5530-43c0-9c80-7bf6f834401a,Orange Egypt,Telecom,5,2026-09-11,ممتازه,Positive
4923b706-254b-4fdf-993c-c83ec6ca7692,Orange Egypt,Telecom,1,2026-09-11,التحديث الأخير لا يعمل,Negative
debe946a-0fe4-46df-8766-2db71222d129,Orange Egypt,Telecom,1,2026-09-11,سئ👎,Negative
d6087690-76d4-4d0a-a1fc-3a8b28cc3cc1,Orange Egypt,Telecom,5,2026-09-11,ممتاز,Positive
900a49f8-494b-4486-8109-e2663f3dd159,Orange Egypt,Telecom,5,2026-09-11,ممتازة,Positive
1aee2eee-afb3-4409-80d1-de7c17c5a56f,Orange Egypt,Telecom,1,2026-09-11,شركه نصابه,Negative
aaad4df9-6e8d-46d4-8b6c-919f0ece2313,Orange Egypt,Telecom,5,2026-09-11,ممتاز جدا,Positive
00c103f1-eb53-4cb8-966c-5c37484f47c6,Orange Egypt,Telecom,5,2026-09-11,جيد جدا,Positive
962fd68d-d8b7-4fe8-b0fe-9a790ddcb37f,Orange Egypt,Telecom,5,2026-09-11,♥♥♥♥,Positive
b046c29f-328a-494f-96df-b8bb12a344de,Orange Egypt,Telecom,5,2026-09-11,تطبيق جميل جدا جدا 🥰,Positive
2acd4960-dcbb-443b-a399-a4c7f98bb05e,Orange Egypt,Telecom,5,2026-09-11,رئع,Positive
e0d5e9d5-ff98-483e-8076-8244db5a9800,Orange Egypt,Telecom,3,2026-09-11,مميزات جدن جدن جميله,Neutral
4b0f9a6c-4ba5-47ff-87a4-1e46814a3b49,Orange Egypt,Telecom,1,2026-09-11,سيء جدا جدا,Negative
68b90bb8-54f1-4188-81cb-03c57fccafc9,Orange Egypt,Telecom,5,2026-09-11,ممتاز جدا,Positive
fe00af24-27b8-4428-bcb6-b259a4ee300f,Orange Egypt,Telecom,2,2026-09-11,انا جالي هدايا الحروف اورانج max it ٤٠ جيجا المفروض تقعد معايا وقت لا قعدت ٦ ساعات بس ازاي اخلص 40 جيجا في ٦ ساعات بس و ملحقتش اخلصهم طبعا 😭😢👎👎,Negative
ea74dd2b-4f1b-4522-97f4-bf20b3a49675,Orange Egypt,Telecom,5,2026-09-11,جمد,Positive
fa424c09-5b86-4324-b593-2290b568fb21,Orange Egypt,Telecom,1,2026-09-11,بطلو تشغلو لباوي اللباوي خلصت من الكوكب,Negative
a992b3a3-8926-4986-9ff6-dc36a59bb2a4,Orange Egypt,Telecom,5,2026-09-11,سمير,Positive
b98619d9-4c77-4411-8f12-e6187ceb7412,Orange Egypt,Telecom,5,2026-09-11,احمد خالد,Positive
62b0d0ef-e154-4976-92f3-e6c52c4f6fbb,Orange Egypt,Telecom,5,2026-09-11,رائع جدا وسلسل لكن فقط تحدث مشكلات به او عمليات شراء غير مكتملة,Positive
4b36d7f2-1ada-4975-ba02-b8477e5e519c,Orange Egypt,Telecom,2,2026-09-11,جيد,Negative
b2209584-2f0c-4d3b-88c9-8dcb553697fe,Orange Egypt,Telecom,2,2026-09-11,سئ,Negative
f948feb6-2bcf-45d9-9a3d-33bec0b62b3f,Orange Egypt,Telecom,1,2026-09-11,عاوزين هدايا,Negative
0a84e7c5-904c-48a6-991a-47e90d3fb866,Orange Egypt,Telecom,5,2026-09-11,إنها جدي جدا,Positive
dca70201-50bc-428d-b689-a4a8b643cae8,Orange Egypt,Telecom,5,2026-09-11,ممتاز,Positive
ae9800c3-2c9f-4281-a421-d47cbaf65cb0,Orange Egypt,Telecom,1,2026-09-11,بحاجة إلى الكثير من التحسينات.,Negative
ae9585bd-6d96-4cd8-8535-7549f382a87a,Orange Egypt,Telecom,5,2026-09-11,جميل,Positive
bf1c478a-8964-4cac-84d7-80cc7fd59f3b,Orange Egypt,Telecom,5,2026-09-11,عايزين عروض كتيرة,Positive
d72ff23a-3745-470b-972c-9eb3acb4fa2d,Orange Egypt,Telecom,5,2026-09-11,ممتاز,Positive
cb7cc1a0-b06c-43fc-bda0-7229c7a396e5,Orange Egypt,Telecom,1,2026-09-11,تحديث سيئ للغايه ما يستاهل ولا نجمه,Negative
558fa862-ae18-4857-becf-4cea8996f2a3,Orange Egypt,Telecom,5,2026-09-11,ممتاز,Positive
e12fe020-808e-470c-9111-b2b6b5c04c6b,Orange Egypt,Telecom,1,2026-09-11,بعد مبحدث التطبيق مبيتثبتش,Negative
8f411ed8-8f3f-40ac-b2fc-597badac520f,Orange Egypt,Telecom,5,2026-09-11,٠١١٠٨٣٥٧٨١٠,Positive
4bd43301-f00c-4717-be0f-58fee8112356,Orange Egypt,Telecom,5,2026-09-11,جميل جدا جدا,Positive
927debd8-9ca3-48bd-b23c-917c49eaed74,Orange Egypt,Telecom,5,2026-09-11,ع الرايق ♥️,Positive
740d017f-de55-412c-a7b9-1b3384276b51,Orange Egypt,Telecom,5,2026-09-11,جميل جدا ورائع,Positive
8ffed105-4188-44f5-a860-36aed58d849b,Orange Egypt,Telecom,3,2026-09-11,شغال,Neutral
7b7d5495-9558-45e2-b57b-2e7cbb411c62,Orange Egypt,Telecom,5,2026-09-11,ممتاز,Positive
c7e3b341-67ab-416d-93e5-7363b1d0eff4,Orange Egypt,Telecom,5,2026-09-11,جيد جدا,Positive
ac374f6b-3539-4c69-ba03-c38a50f71f85,Orange Egypt,Telecom,5,2026-09-11,جميل جداً,Positive
25d037d7-8429-4d92-90a0-c1342d865a84,Orange Egypt,Telecom,1,2026-09-11,نجمه كتير التطبيق بعد التحديث الاخير بقى زى الزفت,Negative
90da633f-3f7b-431b-9236-d4d78d005f2a,Orange Egypt,Telecom,1,2026-09-11,تطبيك زباله,Negative
fb833075-386d-44b3-90b0-54222cf270ef,Orange Egypt,Telecom,5,2026-09-11,حلو,Positive
9cfe9fed-0912-4d7d-bd33-ff9372b0f65e,Orange Egypt,Telecom,1,2026-09-11,تطبيق سيئ جدا اشتركت في باقة الانترنت 120 ضعف الرصيد تعطى 6000 ميجا + 6000 ميجا اضافيه لكن لم ينزل الا الباقه الاساسيه 6000 مع انى اشتركت فى الباقه قبل الشحن وعند الشحن تم خصم الرصيد 120 جنيه ولم تنزل الباقه الاضافيه ودى تعتبر نصب وسرقه لفلوسنا,Negative
972390c9-4810-458c-bf58-52d4eca5a5b7,Orange Egypt,Telecom,5,2026-09-11,ممتاز,Positive
0f2218ff-7112-44bb-9f1d-dfec75431d73,Orange Egypt,Telecom,5,2026-09-11,البرنامج جميل جداا و سهل بشكر المطورين الي تعبو ف العظمه دي 😍❤,Positive
3128aed6-effb-4feb-9f04-cd3afd286d8c,Orange Egypt,Telecom,2,2026-09-10,كل شويه عايز تحديث,Negative
96e1f440-bcf2-4790-8644-1c4fb511b574,Orange Egypt,Telecom,5,2026-09-10,الققققشسسسسسسسسسسششثقغععغ,Positive
01bfd2d9-10d3-4dae-8ba8-f83e26ae52d6,Orange Egypt,Telecom,5,2026-09-10,احسن شركة,Positive
eba44e2a-85ca-446e-967f-b42e823e00cc,Orange Egypt,Telecom,1,2026-09-10,التحديث الجديد زى الزفت تحميل بطئ ويقول مفيش نت وحاجه قرف,Negative
74ae9f6c-1e36-40bf-b499-7fcae0dad98d,Orange Egypt,Telecom,1,2026-09-10,ينعل دين ابوكو شركه حراميه بنت وسخه كملت كلمت اورنج ومخدتش ال 40جيجا,Negative
c48964eb-507f-4aa9-a494-ba9a5d702bd4,Orange Egypt,Telecom,5,2026-09-10,حلو جدا جدا,Positive
267d923f-a6f3-4ec1-9594-dd6bfa62abbd,Orange Egypt,Telecom,5,2026-09-10,جيد جدا,Positive
5e96792a-00d3-4577-ae57-74afcfd09ce6,Orange Egypt,Telecom,5,2026-09-10,كويس ممتاز,Positive
38885003-60d2-46aa-9e90-afa42b368ef0,Orange Egypt,Telecom,3,2026-09-10,تتبيق رائع جدا,Neutral
d99193bf-d846-43ea-b58c-5983b253274e,Orange Egypt,Telecom,3,2026-09-10,Ew,Neutral
14f2319c-67c2-4837-b06c-520327ddb06b,Orange Egypt,Telecom,3,2026-09-10,جيد,Neutral
f6935553-5007-4741-afb8-3a47e34f08d0,Orange Egypt,Telecom,5,2026-09-10,♥♥♥♥,Positive
d93708c4-65ef-4c9b-be11-d90eb36bb5a1,Orange Egypt,Telecom,5,2026-09-10,٠١٢٢٩٤٧٥٦٩٣ منسى,Positive
1888c683-12a4-4e98-9bc5-7624c30b75e7,Orange Egypt,Telecom,5,2026-09-10,تحفه ❤️❤️❤️❤️❤️,Positive
bdad26b1-b97f-44be-a6ac-7dd835305897,Orange Egypt,Telecom,3,2026-09-10,بعد التحديث مش عاوز ينزل عندي غير متوافق مع الجهاز,Neutral
00cf236e-bedb-46ee-9905-2b7d55bbcedf,Orange Egypt,Telecom,1,2026-09-10,تحفه,Negative
23763346-50c7-4343-ac8c-a58f99a63f02,Orange Egypt,Telecom,5,2026-09-10,جميل,Positive
cb3aa6a5-17d5-4bf5-94c6-4ba6a5165309,Orange Egypt,Telecom,5,2026-09-10,خير,Positive
9995d79f-ea75-4c76-bb18-732e3152f5eb,Orange Egypt,Telecom,5,2026-09-10,لا يوجد به عيب,Positive
c750f188-83e4-4faa-be41-b9b90c15ce03,Orange Egypt,Telecom,5,2026-09-10,التطبيق بقى سئ جدا جدا وكل شويه تحديث في ايه بس,Positive
a2a7b941-ad05-4179-839e-f790acc4e2af,Orange Egypt,Telecom,5,2026-09-10,هوا تطبيق حلو جدا بصراحه و خصوصا في عجلة الحظ و فصل عروضك لما يكون في عرض 5000 ميجا او وحده بي 5 جنيه,Positive
7387d81e-1de3-4144-bee8-e5491da99b60,Orange Egypt,Telecom,1,2026-09-10,حراميه,Negative
633c4adb-8379-446d-a08a-931f17b29fbb,Orange Egypt,Telecom,5,2026-09-10,صح,Positive
512c4b74-dd25-47b2-968a-b3391316c615,Orange Egypt,Telecom,5,2026-09-10,جميله.جدا.بس.مش.راضي.يفتح,Positive
7a2ed9d5-cc63-4d35-910a-56a862806c3e,Orange Egypt,Telecom,5,2026-09-10,ممتاز,Positive
167dcd1a-d538-4e2e-a72b-9f102fc547cc,Orange Egypt,Telecom,5,2026-09-10,تطبيق ممتاز,Positive
2b8951cc-b83c-47c5-8195-a164d7d0c0a2,Orange Egypt,Telecom,5,2026-09-10,احمد رمضان,Positive
60973600-1e0a-4016-af86-67d02b9a8679,Orange Egypt,Telecom,5,2026-09-10,لا يعطي فلوس كاش,Positive
8ef64a40-11c3-441c-a78c-1dc30bd03031,Orange Egypt,Telecom,5,2026-09-10,ممتاز,Positive
050a5abc-44d3-4a76-b48b-1cf7ae85461a,Orange Egypt,Telecom,5,2026-09-10,احسن تطبيق واحسن شركه,Positive
320efc94-5c4e-46ed-9c30-332a879d3f95,Orange Egypt,Telecom,5,2026-09-10,احسن برنامج,Positive
68759ee7-2508-44ea-bf1b-09c3b06bc0be,Orange Egypt,Telecom,5,2026-09-10,اخيار جميل,Positive
e61081e2-6baa-42ea-8915-0853087d8e23,Orange Egypt,Telecom,5,2026-09-10,ok,Positive
fe8bc8e2-79a2-4654-9531-10e465a7635b,Orange Egypt,Telecom,5,2026-09-10,جميل اداني اول يوم 50 جيجا هديه,Positive
8b3c3148-ed97-4c7d-be10-4732c64bd018,Orange Egypt,Telecom,1,2026-09-10,مش بيدوني هدايه كتير ف هديلو سالب 50 وشكرا لشركة orang,Negative
019dc19e-8ece-48c2-b03d-7fa2554f9ea8,Orange Egypt,Telecom,5,2026-09-10,جميل,Positive
3c3b54c4-4ef4-4db0-b739-044406725c21,Orange Egypt,Telecom,5,2026-09-10,جزاك الله خير,Positive
d2d35bcb-452a-4478-95a2-c1272f06d43d,Orange Egypt,Telecom,4,2026-09-10,ممتاز,Positive
5190ecf0-8a63-433f-babe-2ddbb46a81fc,Orange Egypt,Telecom,5,2026-09-10,تمام,Positive
d812b665-fda5-4c22-a8c8-ac4b2ec94774,Orange Egypt,Telecom,1,2026-09-10,ممتاز,Negative
63af3265-aabe-445b-8002-f28c424d3d04,Orange Egypt,Telecom,5,2026-09-10,برنامج افضل من رائع جداً ممتاز,Positive
014acb9d-3a0d-4403-a24b-e55c04aedfad,Orange Egypt,Telecom,5,2026-09-10,ممتاز جداً أكثر من رائع,Positive
86548f98-1aaa-4ed7-af2b-f79cc9f326cc,Orange Egypt,Telecom,5,2026-09-10,جميلا جدااااا,Positive
9378e5a4-f48e-468e-8b1d-507211d7dc90,Orange Egypt,Telecom,5,2026-09-10,very good,Positive
31de94c5-aae4-44b9-81c2-f2f76c383322,Orange Egypt,Telecom,5,2026-09-10,جيد جدن,Positive
aa93f0f9-4e2d-44d5-9c91-369030896d41,Orange Egypt,Telecom,1,2026-09-10,تطبيق فاشل اجيب نت منين عشان اخش اجدد الباقه من التطبيق والباقه خلصانه والتطبيق عشان يفتح لازم نت,Negative
ffe9f18f-d1a4-4f72-9958-627bb29319a7,Orange Egypt,Telecom,5,2026-09-10,تطبيق ممتاز مما يسهل عمليه تحويل الكاش بطريقه امنه ويمنح هدايا ومزايا كتييير شكرا my orange 🍊,Positive
5203ae2e-a138-4c92-a780-933c9fe45fe7,Orange Egypt,Telecom,5,2026-09-10,رائع,Positive
a8933997-8a54-4e01-ba92-c166711af239,Orange Egypt,Telecom,1,2026-09-10,تطبيق سئ جدا جدا جدا جدا جدا,Negative
fd414bbf-70cc-4874-a9bf-ac06faf4e957,Orange Egypt,Telecom,1,2026-09-10,أسوأ شى ديت ام السبت والغباء يقولك عشره جيجا فى اليوم يديك الهديا ويقولك يارب ماتخلصها يعنى يجيلك ١٠ جيجا اخدلهم يوم اجازه شركات وسخه,Negative
3f4c6065-b70f-4310-a5ab-7899fb768d0b,Orange Egypt,Telecom,3,2026-09-10,جميل جدا,Neutral
72ce7368-fa5a-4e81-9250-2df668c544f8,Orange Egypt,Telecom,5,2026-09-10,تمام 100/100,Positive
a3596de3-185c-44ce-9410-834d22e856c1,Orange Egypt,Telecom,5,2026-09-10,رائع جدا وسهل 🤩🤩,Positive
09589a06-290b-42dc-9144-b640961cda14,Orange Egypt,Telecom,4,2026-09-10,طحفة بجد,Positive
02cdedf1-204c-4648-855f-d9452b9d4b28,Orange Egypt,Telecom,5,2026-09-10,التتبيك جيد,Positive
121fd871-eaf1-4499-a905-f544eb962e5d,Orange Egypt,Telecom,5,2026-09-10,جميل,Positive
5b65affa-767b-47a0-8bdc-11084f250a3f,Orange Egypt,Telecom,5,2026-09-10,تحفه,Positive
26863d14-b438-4d75-87a4-e2af3c7def89,Orange Egypt,Telecom,2,2026-09-10,محمود هاني,Negative
d5d7c0ac-a0e8-4d47-a9a0-56347b23d6ba,Orange Egypt,Telecom,3,2026-09-10,الصراحه التطبيق حلو اوي بس هو مشكلته في عجلة الحظ علشان هي ما بتجبش دقائق نت بس التطبيق حلو جدا جدا,Neutral
0217e047-9de6-45c0-bf9b-94690f0e39ed,Orange Egypt,Telecom,5,2026-09-10,رائع جدا,Positive
6a61764d-19f8-4e50-97d0-17ca49e4e50e,Orange Egypt,Telecom,1,2026-09-10,التطبيق رديء وبيشغل شريحة واحدة فقط يعني الشريحة الثانية علي الموبايل مابتشتغلش علي التطبيق زي القديم يعني ماينفعش افعل الشريحة الثانية علي التطبيق زي التطبيق القديم,Negative
cc991625-a270-434f-8a0f-23c044ea1c8b,Orange Egypt,Telecom,1,2026-09-10,كسم شركه اورنج كسمممممممممم خط اورنج,Negative
42d56cf4-36d5-45e2-80c5-297fa14d69e0,Orange Egypt,Telecom,5,2026-09-10,جميل جدا,Positive
66305ab2-577a-45c7-9e03-2ebff876acf4,Orange Egypt,Telecom,5,2026-09-10,جميل جدا وعملي,Positive
eae600d1-8972-48ed-ba3e-56129dfccc47,Orange Egypt,Telecom,1,2026-09-10,ازاي اغير كلمه السر,Negative
729e263c-eda8-4c87-afdd-0ac259d710b7,Orange Egypt,Telecom,5,2026-09-10,تطبيق رائع جدا,Positive
5970b2e4-1f21-47ed-ae5e-9ed9fa0b4086,Orange Egypt,Telecom,2,2026-09-10,خدمة مش حلوة,Negative
01b1aeaf-a0c6-4758-a583-5602e5498767,Orange Egypt,Telecom,1,2026-09-10,سئ عروض فري ماكس اتشالت من التطبيق,Negative
f923c4f1-f825-4403-bbe6-f256d6cb1ea2,Orange Egypt,Telecom,5,2026-09-10,تطبيق جامد جدا يعرفك كل حاجه في المحفظه والرصيد انصحكم بتنزيلو,Positive
06b04d1a-b547-4b67-9816-ce9d41b9c32c,Orange Egypt,Telecom,1,2026-09-10,خدمات سيئة والرصيد مش بيقعد أصلا بيتسحب من غير م تعرف راح فين,Negative
bc8e255e-75e9-4aa9-b279-e33e1726afba,Orange Egypt,Telecom,2,2026-09-10,تمام,Negative
f5e1ce5a-70a8-4320-acbe-6227ab803a99,Orange Egypt,Telecom,5,2026-09-10,سهل وبسيط ويوجد بة عدة مميزات,Positive
2a735f16-b01a-4470-8f23-f399258ebfc0,Orange Egypt,Telecom,5,2026-09-10,تمام,Positive
50788428-9aa5-4c68-84ff-938c5bbbac0f,Orange Egypt,Telecom,5,2026-09-10,تم,Positive
1f7afe0a-0fca-4353-9507-400a4d89ba7f,Orange Egypt,Telecom,5,2026-09-10,بس مفيش العجله,Positive
b4b91a90-dba8-4420-ad67-449d01cc9f75,Orange Egypt,Telecom,5,2026-09-10,جميل جداً جداً جداً جداً جداً,Positive
fee82399-85e1-43fe-ada8-01e9d0ef8f06,Orange Egypt,Telecom,5,2026-09-10,ممتاز,Positive
a9e1e158-321d-4cb8-b63a-b28a3e6829be,Orange Egypt,Telecom,1,2026-09-10,معامله فيها تمايز لخطوط عن خطوط,Negative
751a553e-ca6d-44be-bf00-a1edbb226e23,Orange Egypt,Telecom,3,2026-09-10,كويس,Neutral
3845659e-9af8-4e56-8491-f4dc5716bc07,Orange Egypt,Telecom,5,2026-09-10,تطبيق تحفهههههههه🎀🎀🎀🎀🎀🎀🎀🎀,Positive
004c0e86-bc92-4f59-9b1c-5ff1164be222,Orange Egypt,Telecom,5,2026-09-10,الأجمل الأقوى,Positive
e623ce21-e3ec-4e88-b546-fbc85ce6bfb2,Orange Egypt,Telecom,5,2026-09-10,حلوة,Positive
391ffdb5-0dd2-4ac1-87e9-796d70068b1b,Orange Egypt,Telecom,4,2026-09-10,جيده,Positive
0ee8d4ff-c6e9-4e34-80e3-165b64458a57,Orange Egypt,Telecom,5,2026-09-10,طبيق جميل جداااا 🥰,Positive
4b91d99c-7464-46d6-a1d5-2692e9a09083,Orange Egypt,Telecom,5,2026-09-10,ممتاز بس صعب ف التحديث,Positive
512eb389-e41d-4260-8d22-ea22fbc16eb9,Orange Egypt,Telecom,1,2026-09-10,عايز هديا لانى قاعد في الصحراء,Negative
c20ab65a-40e6-4903-9f51-a9289d45e4f6,Orange Egypt,Telecom,5,2026-09-10,ممتاز,Positive
3da91672-78ff-4764-a100-173481cc3d6f,Orange Egypt,Telecom,1,2026-09-10,معغن جداً,Negative
96c85dd1-6d70-40a4-8f70-a5c84dc86a55,Orange Egypt,Telecom,5,2026-09-10,ممتاز,Positive
eee75f31-657f-4021-aac2-50ca90df2cce,Orange Egypt,Telecom,5,2026-09-10,تطبيق ممتاز,Positive
b10e8b6d-b381-429b-a303-9f63e39bf3d6,Orange Egypt,Telecom,1,2026-09-10,التحديث الجديد مقرف 😒😒,Negative
9ce7da55-2341-4f2d-ac30-89f7ca39a1c4,Orange Egypt,Telecom,5,2026-09-10,جميل,Positive
0d8b048a-b12d-4065-a2f3-2ef202b93d27,Orange Egypt,Telecom,1,2026-09-10,ليس فيه أي خدمة جيدة دائما يطلب التحديث يطلب اسم المستخدم والسري حاجة سيئة جدا,Negative
202db446-7f66-487c-b846-23218688a53a,Orange Egypt,Telecom,5,2026-09-10,شكرا,Positive
c3109be6-8d38-4f97-b13c-0e0be4d26ac9,Orange Egypt,Telecom,5,2026-09-10,جيد جدا,Positive
e9b34622-9b1e-4371-9e4c-3cb349e3ef28,Orange Egypt,Telecom,5,2026-09-10,جيد جدا,Positive
82a18c33-56e0-4c52-8d9c-f2d784f8f96f,Orange Egypt,Telecom,2,2026-09-10,بيهنج,Negative
16516b6a-a33a-442d-bcc7-0a42e65885ec,Orange Egypt,Telecom,5,2026-09-10,٨٨,Positive
da7d2a4b-f11b-4a54-a63b-879385320107,Orange Egypt,Telecom,5,2026-09-10,احمد جادابوقاد,Positive
7f808ba6-f7b5-4521-a34c-8fecf635ee5e,Orange Egypt,Telecom,5,2026-09-10,رائع,Positive
8aa3ac1a-c9ce-4a96-8bec-bbcde4312450,Orange Egypt,Telecom,1,2026-09-10,التطبيق ف الاول كان حلو لاكن التحديث دا مش بيفتح اصلا,Negative
defa4376-4874-40c0-95dc-c6de071c6b10,Orange Egypt,Telecom,5,2026-09-10,ممتاز,Positive
804dac56-b0ab-4424-a584-9745a9211ed8,Orange Egypt,Telecom,1,2026-09-10,تطبيق سيء جدا تحديث بإستمرار وللأسف يزعجني عندما افتح التطبيق يطلب تحديث,Negative
2f110886-2b7a-489e-b08f-cdcfbe678fae,Orange Egypt,Telecom,3,2026-09-10,جيد,Neutral
25cadf32-778a-45a6-ada7-6f3903b7741d,Orange Egypt,Telecom,5,2026-09-10,راع,Positive
b4ec0e88-a132-491e-a3fe-b6fc66d336d4,Orange Egypt,Telecom,1,2026-09-10,راجعو انتو بقاا,Negative
70c9a58b-6906-4a88-b4d1-bd3f5e916c58,Orange Egypt,Telecom,5,2026-09-10,👍🏻,Positive
0a9533f0-d895-47cb-953c-54dc93ad322a,Orange Egypt,Telecom,3,2026-09-10,مش باخد نت,Neutral
6943e5f2-ecbe-46c2-aa9a-866ec45bf102,Orange Egypt,Telecom,5,2026-09-10,شكرا لخدماتك اورنج يا ريت تكسبنا فلوس بس مش عارف ازاى,Positive
87455c37-ec5a-4f2f-853c-e4fdc784abfe,Orange Egypt,Telecom,5,2026-09-10,جميل جدا,Positive
52fc24bf-1342-47d9-b412-6256ba51fca1,Orange Egypt,Telecom,5,2026-09-10,ممتاز,Positive
6829b6a9-9441-464e-82d0-cbb6a048cd59,Orange Egypt,Telecom,5,2026-09-10,لي بيتحدث كل شوية,Positive
ac693416-e95c-4f36-b372-bd6119ef6428,Orange Egypt,Telecom,5,2026-09-10,good,Positive
5398fd18-f39f-491e-99c5-a07999a3ae64,Orange Egypt,Telecom,5,2026-09-10,جميل بس ليه لو الباقه خلصت ما يبقي في مرونه ويشتغل علي اي نت او واي فاي,Positive
3df6e012-a9dd-4e43-9efb-0707bea5db15,Orange Egypt,Telecom,1,2026-09-10,كل ما اجي افتح التطبيق يقول لي حاول مره اخرى وما يفتحش,Negative
dc02bb82-f2dd-4398-aea0-6ea637929f52,Orange Egypt,Telecom,5,2026-09-10,تطبيق راءع وسهل,Positive
229f89c7-e863-494f-a180-af5071cd5ca1,Orange Egypt,Telecom,5,2026-09-10,اجمد ابلكيشن على الموبايل,Positive
c03c3a49-978b-476e-8354-34ca0edb9b99,Orange Egypt,Telecom,5,2026-09-10,وممتز,Positive
ea1c0fcd-d2fe-4fb0-ad29-4dfdfdecd7b7,Orange Egypt,Telecom,5,2026-09-10,اختيار جميل,Positive
03a8daea-29e5-4df9-8953-737dc1582a8b,Orange Egypt,Telecom,1,2026-09-10,سي للغاية,Negative
de64c3ad-c9a1-42f8-ac5f-1ae234cb8d38,Orange Egypt,Telecom,5,2026-09-10,تمام,Positive
ed6076a0-3a5c-4c23-9fed-ce7b05176345,Orange Egypt,Telecom,5,2026-09-10,جميل جدا,Positive
28c7adad-10ef-4828-b9ab-54308ee7f7db,Orange Egypt,Telecom,3,2026-09-10,جميل,Neutral
602f5714-b443-4054-b51d-6923522edc04,Orange Egypt,Telecom,5,2026-09-10,ميا ميا,Positive
01ca2019-6e64-4ca7-b40f-69cee546bcbf,Orange Egypt,Telecom,5,2026-09-10,الله ينور عليكم,Positive
c952a3c0-d5b0-42fb-9142-c989dbd449ca,Orange Egypt,Telecom,1,2026-09-10,سئ جدا,Negative
c51f5766-56a5-4f66-81c7-c495983f9b2a,Orange Egypt,Telecom,5,2026-09-10,التطبيق حلو جداً وكمان بيديني عروض حلوه بس التطبيق فى عجلة الحظ الحظ مش احسن حاجه وشكراً يا رب يعدلٌ المشكله إلى فى عجلة الحظ يكون الحظ احسن,Positive
5d42aa19-fa7a-435c-9805-37bd668666ff,Orange Egypt,Telecom,5,2026-09-10,🤍🤍🤍🤍🤍,Positive
71d0d8ff-8acf-4a4d-a150-cafa64173887,Orange Egypt,Telecom,5,2026-09-10,جميل,Positive
07cbb801-e602-475a-bfd3-e994ff67bcfe,Orange Egypt,Telecom,5,2026-09-10,👍,Positive
f7957d66-d7cc-4f58-967b-1c5b427360a9,Orange Egypt,Telecom,5,2026-09-10,جميله جدا,Positive
4442416b-58e6-4fba-9d31-1ce6ad85d618,Orange Egypt,Telecom,2,2026-09-10,سعيد,Negative
75b57fec-72c4-4ccf-82da-4161ab6ba9c1,Orange Egypt,Telecom,3,2026-09-10,عاوز احدث التطبيق فبيقولى انه لا يتوافق مع جهازى ارجو الحل لو سمحتوا,Neutral
e9e26d9f-aa9b-4a92-947f-ae284839e9be,Orange Egypt,Telecom,5,2026-09-10,ممتاز,Positive
92851ef6-6f1e-4e56-b990-a91d2a0fc7f6,Orange Egypt,Telecom,5,2026-09-10,افضل برنمج,Positive
9015a405-4a03-49d8-b709-c12563760360,Orange Egypt,Telecom,5,2026-09-09,احلي ابلكيشن,Positive
28fbbb4f-bf6a-484d-b102-c10411f30d36,Orange Egypt,Telecom,5,2026-09-09,جيد جدا,Positive
8cde8628-e270-4ffd-9a3c-3d64a921d43e,Orange Egypt,Telecom,5,2026-09-09,انا مش هتكلم البرنامج بي بتتكلم عن نفاسوه,Positive
7a1745c8-6d33-43d7-a922-b647f6fc43d7,Orange Egypt,Telecom,5,2026-09-09,جميل ❤❤❤❤❤❤❤❤❤,Positive
bb739e84-8621-4973-b3b9-444b1572e4a9,Orange Egypt,Telecom,5,2026-09-09,جيدة,Positive
ea62c3e0-fdce-4825-bd6a-c21e35d7d5ed,Orange Egypt,Telecom,5,2026-09-09,جميل,Positive
dc9d6a02-69ab-4972-b399-c044e44b8efb,Orange Egypt,Telecom,5,2026-09-09,ء٢غ,Positive
867668c0-9ba8-4417-adad-0d778efcb589,Orange Egypt,Telecom,5,2026-09-09,ممتاز,Positive
cc7be955-3b25-4901-ab77-dbdba9ff7770,Orange Egypt,Telecom,1,2026-09-09,سيئ,Negative
e66134d9-fd8a-457c-80f0-987318b9652d,Orange Egypt,Telecom,5,2026-09-09,شكراً حضرتك,Positive
be4636fc-e5c0-487c-8cdf-e607566aae92,Orange Egypt,Telecom,5,2026-09-09,جيدجدا,Positive
081e5ff7-da7f-4ab1-b227-b8a21fe84afb,Orange Egypt,Telecom,5,2026-09-09,جميل,Positive
8801869b-71db-48d3-84ff-7f2e37baf69f,Orange Egypt,Telecom,5,2026-09-09,بصراحه حلو اوي اوي اوي 🥰🥰,Positive
bc23cc18-7986-4d34-86eb-dc9264471cc1,Orange Egypt,Telecom,5,2026-09-09,شكرا على السرعه,Positive
6b3221a7-30f4-444b-a3c6-cd32ee3397c6,Orange Egypt,Telecom,5,2026-09-09,جامد,Positive
7e9ac5ca-2242-4c1d-bd2d-c45f73c59920,Orange Egypt,Telecom,1,2026-09-09,التطبيق كل شوية عايز يتحدث ليه يعنى وكمان مش بيفتح غير بالنت حتى لو كنت لسة فاتحة,Negative
9e07880c-37e3-40a2-b0f9-570c2d08923f,Orange Egypt,Telecom,5,2026-09-09,ممتاز جدا,Positive
9c804a28-9076-41a4-9d61-ee7db84eadcb,Orange Egypt,Telecom,5,2026-09-09,بصراحه حلو اوي,Positive
c31958a9-40ce-4f3b-b714-bbbce6263225,Orange Egypt,Telecom,5,2026-09-09,❤❤❤❤❤❤❤❤❤❤❤❤,Positive
11b0cda8-e78f-47a4-847a-c1dd7b118e28,Orange Egypt,Telecom,5,2026-09-09,احسن شبكه في مصر,Positive
973e8e6a-c838-4188-897d-0be56f043b49,Orange Egypt,Telecom,5,2026-09-09,ممتاز,Positive
570e5b50-3b80-4ac5-91c3-f8163db3f469,Orange Egypt,Telecom,5,2026-09-09,تمام,Positive
45a27b19-f1d0-4648-97f0-5c78346620f2,Orange Egypt,Telecom,5,2026-09-09,تطبيق جميل جدا وبيجب هداية جميلة اوى واصلا خط اورانج جميل جدا 👍,Positive
ba4b020f-972b-4d23-a7cd-61e211d2c662,Orange Egypt,Telecom,5,2026-09-09,جميل جدا,Positive
c5027c37-1d48-47be-bb52-e23c789ba70c,Orange Egypt,Telecom,1,2026-09-09,برنامج بضان,Negative
67bfc758-f370-4541-938f-5e5746f4434d,Orange Egypt,Telecom,5,2026-09-09,حلو,Positive
fb2028a4-ee71-4cf6-8d0b-c8c8bc1749da,Orange Egypt,Telecom,1,2026-09-09,سيئ وكل شوية تحديث,Negative
89b05d29-6abf-47a0-a1bb-86c29ff9c996,Orange Egypt,Telecom,5,2026-09-09,جيد جدا,Positive
b3c7d763-4526-4fb4-a290-9b4aee6061a3,Orange Egypt,Telecom,5,2026-09-09,جهلزي انفنكس لا يدعم التطبيق بعد التحديث الجديد مازا افعل في زياد اصدار,Positive
badcc3c6-5b5e-4269-a7e9-31aaeb9ac308,Orange Egypt,Telecom,5,2026-09-09,جيدة,Positive
d91fc5ce-fe82-40b6-9c84-8915e524f735,Orange Egypt,Telecom,4,2026-09-09,النت بيتسحب بسرعة,Positive
c3393aeb-ed75-4669-aaa4-8586220a1b79,Orange Egypt,Telecom,5,2026-09-09,حبيتو,Positive
de1a0a10-a754-4ca8-bf08-ba9cb7b9b585,Orange Egypt,Telecom,2,2026-09-09,من اجمل التطبيقات,Negative
f1f8de63-dcf7-44b6-8cf9-1f1c8ef1d816,Orange Egypt,Telecom,5,2026-09-09,فل الفل,Positive
4a67493a-984e-4a79-bce2-20e745c95320,Orange Egypt,Telecom,5,2026-09-09,جميل,Positive
c3d4df64-7016-4fc6-b03c-23c18d927efe,Orange Egypt,Telecom,5,2026-09-09,يكاد يكون جيد لكن اكثرو من الهدايا,Positive
7382a2e5-4b8e-4785-ba94-0b30f93cab4f,Orange Egypt,Telecom,1,2026-09-09,سئ فى بعض الخدمات لدرجة اننى استعجب من بعض الخدمات نتصل يقول غير متوفر لهذا الخط لماذا اذا إرسالها هل هو نظام مش عارف هو بيخاطب مين المصداقية هى عنوان الامانة,Negative
ae89da0f-dfea-494f-8bf8-6e4fac2a53f8,Orange Egypt,Telecom,5,2026-09-09,جيد,Positive
00c25536-a791-4e37-be6a-15f04c0b9d99,Orange Egypt,Telecom,1,2026-09-09,😒,Negative
36091b4d-2602-4837-91e7-9755767d060c,Orange Egypt,Telecom,5,2026-09-09,فارس عنتر,Positive
5cdb47e6-1bb6-420a-aee8-94d9d70999fb,Orange Egypt,Telecom,5,2026-09-09,جميل جداً,Positive
3719c9ac-9083-4482-96d0-9ba82dd58d7a,Orange Egypt,Telecom,1,2026-09-09,تجربه سئ جدا,Negative
195a297d-13e6-4a0b-a97a-5eec1298d730,Orange Egypt,Telecom,5,2026-09-09,تطبيق ١٠علي١٠,Positive
b1163d9e-2331-4829-917f-72f4c6ec8222,Orange Egypt,Telecom,5,2026-09-09,احلى تقييم رحله تقييم والله برنامج ميه ميه,Positive
32018059-c9cf-4ca1-8a94-a491be6aa670,Orange Egypt,Telecom,1,2026-09-09,كل يوم تحديث او التطبيق مايشتغلش ليه القرف ده,Negative
6b06688b-5294-4686-832e-a6fe62faede0,Orange Egypt,Telecom,5,2026-09-09,جيد جدا,Positive
4fdd2e3a-7d44-4200-bf4e-84090edc288c,Orange Egypt,Telecom,5,2026-09-09,جميل,Positive
a222d7ee-196a-4da2-a950-b54698b7df31,Orange Egypt,Telecom,5,2026-09-09,برنامج جامد,Positive
cd1c6212-29ed-4b85-ba26-fea2dcd4c491,Orange Egypt,Telecom,4,2026-09-09,برنامج توحفه وكل تحديث بيدينا فوائد اكتر شكرا,Positive
b39c425e-83b3-45f9-bf41-02ace897740d,Orange Egypt,Telecom,5,2026-09-09,تطبيق جميل جداااا,Positive
7b64b290-dc9b-459d-b9a0-b0a5cc2ab041,Orange Egypt,Telecom,5,2026-09-09,ممتاز,Positive
0ba4c577-6e0a-4f3b-9156-4cc2a7c57d88,Orange Egypt,Telecom,5,2026-09-09,التطبيق ممتاز,Positive
88bea4a8-f6f9-4dd7-9e3d-e0bdbb954016,Orange Egypt,Telecom,4,2026-09-09,خفت للتصميم عامله,Positive
af7c675f-e4c9-49c9-a201-cee4d6432b9e,Orange Egypt,Telecom,5,2026-09-09,جميل جداً جداً,Positive
1336b449-c64d-40dd-bc4d-e613e4d1ebb2,Orange Egypt,Telecom,5,2026-09-09,نعن,Positive
e15e693f-ecbb-44c6-a0aa-c2bf568f3942,Orange Egypt,Telecom,1,2026-09-09,من أسوأ التطبيقات,Negative
69415b29-12f4-44ce-9c01-3f04b88f24cb,Orange Egypt,Telecom,4,2026-09-09,جمىل,Positive
be1a0d11-b156-414d-b1b2-ac3c9866f250,Orange Egypt,Telecom,5,2026-09-09,هو برنامج جميل جدا جدا جدا بس العيب فيه انوا بطل يدي اللي 3000 وحده ياريت يرجعوا تاني,Positive
ad211996-9178-4960-ae84-f9bbe91a7766,Orange Egypt,Telecom,5,2026-09-09,جميل,Positive
c3f596f4-60af-4780-899c-d9372fc74cbd,Orange Egypt,Telecom,5,2026-09-09,احسن ابلكيشن في مصر,Positive
7f1b6016-2f0e-41f2-9e68-cc4750913a57,Orange Egypt,Telecom,5,2026-09-09,مجش بتدي هديه عجله الحظ,Positive
1d94b6f6-dec7-4c22-bb6d-b45c4c34c421,Orange Egypt,Telecom,5,2026-09-09,سبحان من سخر لنا هذا,Positive
1fb2585f-876f-4db5-a534-f24b439f304a,Orange Egypt,Telecom,5,2026-09-09,شركه جميله,Positive
3c2c1ed6-85ff-456b-acbf-217851458295,Orange Egypt,Telecom,5,2026-09-09,تطبيق رائع,Positive
83dfb196-0c17-4411-9b8f-346917824524,Orange Egypt,Telecom,5,2026-09-09,حاجه عظيمه,Positive
788f7f7a-8185-4ed6-b677-980cb776fe89,Orange Egypt,Telecom,5,2026-09-09,التضييق روعه بجد,Positive
11201b9c-85df-47ad-97bb-9a5e34f9a781,Orange Egypt,Telecom,5,2026-09-09,♥,Positive
6e637d37-7860-4ead-8f2f-dd809a7bb0e4,Orange Egypt,Telecom,5,2026-09-09,ممتاز,Positive
c57a3fc3-06d8-4c07-a35c-871c7c237825,Orange Egypt,Telecom,1,2026-09-09,سئ جدا كل شويه تحديث والتحديث اجبارى,Negative
e3e4a23b-84b5-4384-8e13-2dbb0cb50b00,Orange Egypt,Telecom,5,2026-09-09,نلنمم من أو,Positive
29d8ef35-1f5b-43f0-924a-11c41e3064c6,Orange Egypt,Telecom,5,2026-09-09,جميل,Positive
b2043bab-ce92-4a76-9dae-64f54fe7df96,Orange Egypt,Telecom,2,2026-09-09,زززر رزتم,Negative
c673eb5b-75db-4c10-bd7f-6e7516040fee,Orange Egypt,Telecom,1,2026-09-09,كدابين,Negative
ce67fbd9-b4d7-497f-9cfe-a3c021503753,Orange Egypt,Telecom,5,2026-09-09,excellent 👌,Positive
b9949b0b-4ddc-4281-85fe-32ea26fbae0c,Orange Egypt,Telecom,5,2026-09-09,بلاش تحديث جديد كل شويه,Positive
85584cf1-4f8a-4b6f-9b1f-8affd115adf8,Orange Egypt,Telecom,5,2026-09-09,برنامج رائع,Positive
0af8f752-ecf2-46ca-aea1-3fc38e97823a,Orange Egypt,Telecom,5,2026-09-09,تطبيق رائع جدا ويسهل الاستخدام,Positive
7cd316a0-410c-450e-95d5-a03dc701bb7d,Orange Egypt,Telecom,1,2026-09-09,مقرف بطئ,Negative
c49c6da4-987c-454f-95c0-6721b85a2102,Orange Egypt,Telecom,1,2026-09-09,بطي جدا ودايما يتطلب تحديث,Negative
334c7607-e3b2-4723-a6e1-b2935782218f,Orange Egypt,Telecom,5,2026-09-09,orange 🍊,Positive
d5b967d3-e8b5-4967-8a38-ea86815d8c06,Orange Egypt,Telecom,5,2026-09-09,٤جيد جدا,Positive
1fb1161a-879c-4875-a23b-69ef0cda2768,Orange Egypt,Telecom,3,2026-09-09,جميل,Neutral
5712be31-8ba0-4925-ac67-19d3d9514a97,Orange Egypt,Telecom,5,2026-09-09,جميل جدا وملئ ب الهدايا,Positive
dac2ad5d-63f0-46ac-aba8-bf292ba8eac1,Orange Egypt,Telecom,5,2026-09-09,ليتم,Positive
0dbf6a29-ea61-4518-a6d2-06a438a88158,Orange Egypt,Telecom,5,2026-09-09,good,Positive
d7a6b12e-376c-480a-8950-ba882e61297d,Orange Egypt,Telecom,5,2026-09-09,👌🏻,Positive
88cfbf26-b5aa-4f43-a364-160c122a6502,Orange Egypt,Telecom,5,2026-09-09,ياريت يكون فى تحديث للاجهزه القديمة,Positive
04a295ed-c58a-453c-88ac-d9ab64012ed2,Orange Egypt,Telecom,4,2026-09-09,جمببببييبيييييييل جدا,Positive
fab8905d-4ad1-422f-851f-85694b90ea24,Orange Egypt,Telecom,5,2026-09-09,انه راءع جدا و بتابع استهلاك رصيدي و النت بتاعي و في كمان عجلت حظ ممكن اكسب منها دقايق زيادة رصيد او نت مجانا او عروض او سماعة ايربدز و كمان مل ما اشحن ترجعي فلوسي على الابليكيشن لما أوحش مبلغ معين و ابدل الفلوس دي بنت او رصيد او فلوس و كمان في هدايا كتير و فلوس و عروووض خدمة 🎉🎉🎉🎉🎉💓💓💓🇪🇬🇪🇬🇪🇬🇪🇬🇪🇬🇪🇬🇪🇬 و هو ابليكيشن كل سنة بيطور و علشان يتحدث لازم ننزل ولا اكن اول مره و بيطلع بشكل جديد و تصميم أتقن و سريع مفيش ابليكيشن زي دا اصلا بصراحة و كل ما اشحن بيجي ليا عروض و هدايا كتيير,Positive
3850a539-33ae-4122-9901-5b57d9e26b8f,Orange Egypt,Telecom,5,2026-09-09,فئة مزايا كتير وسلس جدا,Positive
fa11de64-05e3-4530-8bd0-62c4270e0164,Orange Egypt,Telecom,3,2026-09-09,تحت التجربة,Neutral
a7a0a7de-25e2-479e-8c84-733dd7d5f9bf,Orange Egypt,Telecom,5,2026-09-09,👍👍👍,Positive
79626911-8949-4996-98a9-7e4d6399c534,Orange Egypt,Telecom,5,2026-09-09,بجدا طتبيق جميل جداً جداً وفى عروض حلو قوييييي,Positive
30715253-08e7-4a3c-a8ad-dd6bbacbf8ce,Orange Egypt,Telecom,5,2026-09-09,أحلا برنامج في الدنيا,Positive
ac4f82b2-579b-4409-84c4-8c59b57d2ec1,Orange Egypt,Telecom,5,2026-09-09,اجمد شبكه,Positive
5facf830-bd42-4bcb-9ff3-aaa5f4b999d9,Orange Egypt,Telecom,5,2026-09-09,تطبيق جيد,Positive
b3311874-dcac-424f-a515-35ddc2ca5dca,Orange Egypt,Telecom,5,2026-09-09,جيدا جدا 👏,Positive
4b30e699-09f4-4f36-a797-7184fb9903a4,Orange Egypt,Telecom,5,2026-09-09,سهل كل شيء,Positive
36ad1313-c842-419f-af61-f4ccff83a21a,Orange Egypt,Telecom,5,2026-09-09,تطبيق رائع جدا,Positive
f5829e83-72ba-46b0-ae24-24dd75ee9ab7,Orange Egypt,Telecom,4,2026-09-09,تطبيق كويس جدا. وجميل,Positive
35faf28d-8a8a-488f-bf1b-5e6ad370595a,Orange Egypt,Telecom,5,2026-09-09,ممتازه,Positive
be5c41e7-cfef-401d-93f8-2505f02a02dd,Orange Egypt,Telecom,5,2026-09-09,بالفعل تطبيق جيد وفيه هدايا كثير وممتاز الاستعمال حقا,Positive
4df0eff7-a244-433b-bd5d-b141aba74a46,Orange Egypt,Telecom,3,2026-09-09,لا يعطي هدايا إلا بالفلوس,Neutral
90daaec7-2e4e-4bde-9f1e-32a008fab29b,Orange Egypt,Telecom,1,2026-09-09,تطبيق زباله جدا وبطئ في كل حاجه,Negative
41e10acc-8e36-4a96-899d-844dc064733b,Orange Egypt,Telecom,5,2026-09-09,حلو جداً,Positive
a3a833c8-66aa-4e93-832e-5c3e8066d861,Orange Egypt,Telecom,5,2026-09-09,مراجعه حساب,Positive
4d4c5838-dbcf-4f27-b7b7-9b7f9366423e,Orange Egypt,Telecom,4,2026-09-09,تمام,Positive
3c4a85b3-859c-4813-842d-7ced09be3811,Orange Egypt,Telecom,3,2026-09-09,البرنامج الا ول احسن,Neutral
6d100532-07cb-44ac-9772-947e16a466e2,Orange Egypt,Telecom,4,2026-09-09,نعم جيد نعم جيد,Positive
1a8cd57d-b458-4777-8cb1-1092963df3f6,Orange Egypt,Telecom,1,2026-09-09,الخدمه مش افضل حاجه والرصيد بيخلص بسرعه,Negative
ea28af56-6fc5-4729-b0b7-04d08cf22b57,Orange Egypt,Telecom,5,2026-09-09,مش راضي يشتغل يدي هدايا,Positive
e54f8f57-f977-436c-a798-9244133d7392,Orange Egypt,Telecom,5,2026-09-09,برنامج لا يعمل من بعد التحديث الاخير لو سمحت حل المشكله,Positive
ddcabc41-99fc-4689-88a6-801146946501,Orange Egypt,Telecom,1,2026-09-09,سىء جدا كل شوية يطلب تحديث,Negative
62d0a6ae-5f9c-4c09-81df-3020baa09641,Orange Egypt,Telecom,1,2026-09-09,اسوء برنامج في في العالم علي Google Play,Negative
b1402973-e847-4e9b-87f9-743383e5977d,Orange Egypt,Telecom,5,2026-09-09,حلووو,Positive
f04b6de4-dd7c-4650-b3b4-882359aec9b7,Orange Egypt,Telecom,1,2026-09-09,شركت اورنج بقت مش كويسه تشحن بقلك مفيش رصيد يديلك هدي 10000وحده لمدت 6 ساعات قلي اخلص 10000الف وحد في 6 ساعات ازاي وبعدين في نصب كثير يارب تشتغلو علي حل مشكل الشركه وي الشبك عشان شبكتكم بقت زبال ايضان مش تشتغلي علي تحديث وي عجلت حظ شغال علي المزاج وي تحويش ملهش تلتين لزمه اشتغلوا بجد عشان الناس هتغير ولو فضلتم كده فعلن إن كمان هغير الخط ومش عيز اتعمل معكم ثاني ان وي جميع العاملين معي في الشركه وشكر,Negative
f2ded672-7d45-4773-b6c2-079fee0cd04c,Orange Egypt,Telecom,4,2026-09-09,تمام,Positive
39911799-ed06-4a33-aa2c-83d74b0b4787,Orange Egypt,Telecom,5,2026-09-09,ممتازة,Positive
cafb8761-0663-4968-a225-63d7203672ec,Orange Egypt,Telecom,5,2026-09-09,جيدة,Positive
ec4b4ebd-3c90-4830-a7be-4d1f77ee7512,Orange Egypt,Telecom,5,2026-09-09,انا بحب التطبيق ده اوي علشان بيجيب هدايا كتير,Positive
137f846d-78d0-431c-9e40-25734040ec64,Orange Egypt,Telecom,5,2026-09-09,انه برنامج جميل لاكن توجد مشكلة يغيب في التحديث,Positive
7f6b676f-d76f-4f12-b53b-c6324d5c6a8c,Orange Egypt,Telecom,5,2026-09-09,ممتاز,Positive
1a55e30f-2c17-4b37-8036-571df1964251,Orange Egypt,Telecom,4,2026-09-09,جيدا,Positive
4f618c9e-3316-4038-89d9-7912ff55adff,Orange Egypt,Telecom,5,2026-09-09,تحفهه,Positive
ea07b4fd-3b5b-4550-a992-7a1395280dc4,Orange Egypt,Telecom,5,2026-09-09,جميل جداً جداً,Positive
0dd5aa59-76c2-4e0a-b878-e8303e16b755,Orange Egypt,Telecom,5,2026-09-09,حلو اوى,Positive
a2e7d5f3-03d2-4d6a-9ba7-6ce94218b0f3,Orange Egypt,Telecom,4,2026-09-09,ممتاز وسهل الاستعمال,Positive
6cc0006a-dee9-4952-a94d-33ce682357af,Orange Egypt,Telecom,5,2026-09-09,👌💯,Positive
8eba9d29-c275-4f84-9cd0-01eef35abb64,Orange Egypt,Telecom,5,2026-09-09,موسير,Positive
1837a292-2313-4898-8488-1fa7a6d3cf35,Orange Egypt,Telecom,5,2026-09-09,شكراً,Positive
ff041f8c-e516-43ce-b16c-a2ddfa9718be,Orange Egypt,Telecom,5,2026-09-09,تطبيق رائع في الاستخدام,Positive
a6737f93-13ea-46a5-a724-06d2c0072065,Orange Egypt,Telecom,5,2026-09-09,حلو,Positive
b10c4ad5-2695-46d8-9fd6-f2e767355540,Orange Egypt,Telecom,5,2026-09-09,نسمه حسني مصطفى,Positive
fa6be169-3be7-49f4-b70a-bc7e5ea03b67,Orange Egypt,Telecom,3,2026-09-09,حلو,Neutral
be5950b7-850e-4984-9eec-12ac916114fa,Orange Egypt,Telecom,5,2026-09-09,كان زمااان بطيء جدا والخدمة بتاعته مش احسن حاجه بس لما تابعت التحديثات بقا حلو آوي وسريع كمان 🩷,Positive
346b06d8-525a-46a2-a73b-9b334d286da0,Orange Egypt,Telecom,3,2026-09-09,جيد جدا,Neutral
b13562da-e0b7-4adb-a933-4e3eeb38f314,Orange Egypt,Telecom,3,2026-09-09,كويس,Neutral
7e43d41b-b14a-466b-b555-748a46a80650,Orange Egypt,Telecom,5,2026-09-09,جميل جداً جداً جداً جداً,Positive
00badab3-85c2-4ad9-97f6-172c0eca2b31,Orange Egypt,Telecom,5,2026-09-09,😎جميل جمال ملوش ميثال,Positive
ecfd9c5b-aec9-4850-9f83-026b2a33e327,Orange Egypt,Telecom,5,2026-09-09,تحفه,Positive
960a3459-04b4-4da7-8ddb-336d3670da13,Orange Egypt,Telecom,5,2026-09-09,افضل برنامج هدايا في العالم,Positive
f7ebbd41-2f83-4a93-a09c-6ad18765e160,Orange Egypt,Telecom,5,2026-09-09,ممتازة جدا,Positive
e537459c-d97e-4023-b49d-842ef3f40eea,Orange Egypt,Telecom,3,2026-09-09,إستعمال جيد,Neutral
3b4242c0-7e80-438d-8bdc-7f8761cd0ce1,Orange Egypt,Telecom,5,2026-09-09,تطبيق جميل جدا,Positive
12f7d984-eea1-4ad4-bf7c-f9ee5eab886b,Orange Egypt,Telecom,5,2026-09-09,تطبيق جميل جدا,Positive
a578c360-2735-419d-9538-1403500b31fe,Orange Egypt,Telecom,5,2026-09-09,ممتاز,Positive
1f901c32-d6be-4e58-bd0f-391f94dd11b3,Orange Egypt,Telecom,1,2026-09-09,بنزل التطبيق والشبكه تمام بيتعاد التنزيل كذا مره,Negative
b23394af-83a4-49b0-b8fe-f46e004b4b99,Orange Egypt,Telecom,1,2026-09-09,تطبيق بطئ بيحمل بصعوبة واجهة سيئة تلخبط ومش منظم إطلاقاً تطبيق يخليك تكرة اورانج حرفياً,Negative
babb1a71-bff0-4c98-8556-d695245e9ece,Orange Egypt,Telecom,1,2026-09-09,يا اورنج وصلي التغطيه في مصر شويه متبقاش بخيله,Negative
8acf2f3b-2d0f-42cd-bbe5-8ffb55dce827,Orange Egypt,Telecom,1,2026-09-09,كان حلو بقا سيء,Negative
04700aa7-f279-4999-ad6d-a2686e5e9c00,Orange Egypt,Telecom,5,2026-09-09,ممتاز,Positive
4d6e49b5-72d4-4b68-9fa7-3a405a3db460,Orange Egypt,Telecom,5,2026-09-09,١،+1*,Positive
d5a7badb-e9c7-4412-ad5c-ed2913f33276,Orange Egypt,Telecom,5,2026-09-09,انا محملاه بقالي كتير مفتحتهوش وبابا وماما محملينوا وبيجلهم على البرنامج دوت هدايه كتير ف انا واثقه جدا ان البرنامج دا هيجبلي هدايا كتير الاحسن جربوه وكل واحد على حسب تليفونه هيجبله هدايه ولا لأ,Positive
de7cbcff-f35c-4f28-9fc3-39128fcfec67,Orange Egypt,Telecom,5,2026-09-09,برنامج رائع,Positive
e30b7f27-9a8e-4aa9-8a70-d044aaca9e73,Orange Egypt,Telecom,5,2026-09-09,ممتاز,Positive
4b03857f-a407-4fa6-ad65-a38c2c87e949,Orange Egypt,Telecom,1,2026-09-09,برنامج ابن متناكه,Negative
6ae230a6-bda3-4014-bcb6-7cf600b1f295,Orange Egypt,Telecom,5,2026-09-09,رائع جدا,Positive
ce0096eb-43e0-4be1-bcbd-7f214706742f,Orange Egypt,Telecom,1,2026-09-09,تطبيق بقا زي الزفت,Negative
34fe1850-a022-4588-8bf6-e343138d0569,Orange Egypt,Telecom,5,2026-09-09,مال وأعمال محمد بن عبد الله بن عبد الله بن عبد الله بن عبد الله بن عبد الله بن عبد الله بن عبد الله بن عبد الله بن عبد الله بن عبد الله بن عبد الله بن عبد الله بن عبد الله بن عبد الله بن عبد الله بن عبد الله يرحمه ويغفر لك الحمد والشكر كما انا داخل الحلق مص مص مراهقات شرجي اول مره اسمع فيها من أسلحة نارية في مشاجرة بالأسلحة النارية ث محمد بن عبد الرحمن بن عبد العزيز بن عبد الله بن عمر عصام العريان ومحمد البلتاجي للمحكمة الجنائية الدولية في لاهاي لعام واحد في مشاجرة بالأسلحة النارية في مشاجرة با,Positive
a15a680d-b09e-4f56-b58a-e5815214fe9c,Orange Egypt,Telecom,5,2026-09-08,عاديه,Positive
5d9740fb-0888-40bb-a4ab-84a606dea793,Orange Egypt,Telecom,1,2026-09-08,ديما عايز تحديث,Negative
14b71a0a-cdb9-4c13-b8a2-98713a5adf92,Orange Egypt,Telecom,5,2026-09-08,حاجه حلوه في حياتك صح,Positive
22a7ef63-766b-4d6f-b46f-cbcb34c1c151,Orange Egypt,Telecom,1,2026-09-08,برنامج زباله كل شوية لا توجد خدمه او بياخد وقت فى التحميل ف شركة كبيرة مش عايزة تصرف على برنامج بيدخله ملايين من الناس كدا الناس اصحاب الشركات و الناس المهمه حقها تاخد خدمات فودافون,Negative
94a606a4-4c73-4e80-9500-fbb129f9932a,Orange Egypt,Telecom,5,2026-09-08,ممتاز,Positive
62e54df1-b4b9-4cd5-a139-4d69e61151cd,Orange Egypt,Telecom,4,2026-09-08,جيد جدا,Positive
1782c4ef-7db1-4440-a92d-c0620904c47e,Orange Egypt,Telecom,5,2026-09-08,البل,Positive
bc4011a7-83e2-4dd6-87ca-a78cc9e2ad49,Orange Egypt,Telecom,5,2026-09-08,ممتاز جدا,Positive
55b6340d-09c7-4d8d-a386-b26c4d6ce3c2,Orange Egypt,Telecom,5,2026-09-08,هو جميل بس فين عجلة الحظ,Positive
3841f8a3-c7cf-4f1a-801f-af286c39ebfa,Orange Egypt,Telecom,5,2026-09-08,انه رائع جدا,Positive
44dce723-8617-4154-9a0f-77156de77d3d,Orange Egypt,Telecom,5,2026-09-08,اسرع واحسن ابلكيشن,Positive
f1a9f117-1e12-45d7-a137-5473da3a32b1,Orange Egypt,Telecom,2,2026-09-08,بصراحة هو كويس بس انا مش بعرف استفيد منه كل ماجى افتح الابلكيشن يقولى كلمة السر غلط ويدوخنى ومش بيفتح زهقت ومش بقت ادخل عليه.,Negative
cf12c9fc-5070-4948-aa44-dc23eec890d0,Orange Egypt,Telecom,5,2026-09-08,جيد,Positive
64d6c2fb-ffee-40e4-b199-8f0605d7a18d,Orange Egypt,Telecom,5,2026-09-08,تسهيل جميع المعاملات لاورانج,Positive
2fc578c9-0bb1-4fa2-af62-7ab78c9f721b,Orange Egypt,Telecom,5,2026-09-08,تيسسلا,Positive
313e4169-abfc-449e-9013-a0dee497eb1d,Orange Egypt,Telecom,5,2026-09-08,نسنستس,Positive
1b61f9aa-8c93-448b-9e86-024099430825,Orange Egypt,Telecom,1,2026-09-08,هو ليه لما اشحن واكسب هدية التطبيق مبيرداش يدهالي وبيعد يحمل و في الاخر الصفحة بتبقي بيضة ومبخدش الهدية بردو,Negative
dbb31dc9-59e0-47f6-a01f-390062088c43,Orange Egypt,Telecom,2,2026-09-08,يرية تحسنو,Negative
5999ccec-b0ab-4f46-9dbc-95fd3c8b63c9,Orange Egypt,Telecom,5,2026-09-08,تمام,Positive
ea2409aa-ba08-49f9-b67e-d1f3bcba6594,Orange Egypt,Telecom,5,2026-09-08,التطبيق جامد فشخ,Positive
887f7770-7f52-4287-b47d-e07fe982fb7a,Orange Egypt,Telecom,3,2026-09-08,هو حلو بس عايز هديه 5جيجا من لفة العجله,Neutral
9c04bd30-7d07-451d-adad-3735e1e003db,Orange Egypt,Telecom,1,2026-09-08,كل شويه عاوزين تحديث,Negative
89ce4fab-a622-4554-b1c1-6874a705a583,Orange Egypt,Telecom,5,2026-09-08,تطبيق رائع جدا بس اتمني أنه يقدملنا هدايا إكتر,Positive
ffaf00b4-f7c8-491a-8f02-362aa564711b,Orange Egypt,Telecom,1,2026-09-08,متاز,Negative
c3607ec1-2145-418e-b2a9-b1b56f3ffc75,Orange Egypt,Telecom,5,2026-09-08,إنه شبكه عظيمه وابتكار,Positive
18bd3a44-04e9-4060-92bc-75e0fd5c6d5f,Orange Egypt,Telecom,5,2026-09-08,جود نايس,Positive
1a6708f5-e142-4b21-a242-e7775e904cde,Orange Egypt,Telecom,5,2026-09-08,مم,Positive
cb60eac0-0fe6-4f89-a999-c3f1a25781fe,Orange Egypt,Telecom,5,2026-09-08,برنامج رائع جداً,Positive
86dc3f7f-14bc-4b3b-aa60-911f64167bd3,Orange Egypt,Telecom,4,2026-09-08,جيد جدا,Positive
1bdcad78-a549-42c1-9779-fe7c587f0967,Orange Egypt,Telecom,1,2026-09-08,يعني,Negative
3df7f989-759d-48dc-9218-2801e64cc2a3,Orange Egypt,Telecom,5,2026-09-08,ممتاز,Positive
3fc7b5b4-e812-4c28-a3ef-806674b70df5,Orange Egypt,Telecom,3,2026-09-08,تطبيق رائع جدا جدا,Neutral
c2bc419f-9963-4ff0-81fb-5d2472f6ab4a,Orange Egypt,Telecom,5,2026-09-08,البرنامج حلو اوي,Positive
07be36c1-e0c5-4163-b011-348ccb28a134,Orange Egypt,Telecom,5,2026-09-08,ممتاز,Positive
c2deea82-7557-49cc-a0d6-9df570f90891,Orange Egypt,Telecom,1,2026-09-08,التحديث الجديد للتطبيق سىء جدا الإصدار القديم كان أفضل,Negative
663a19d1-daa3-404e-9a01-1e38df16c3ef,Orange Egypt,Telecom,5,2026-09-08,بالتوفيق,Positive
36b4dc57-c658-451a-84eb-69d935a2aa39,Orange Egypt,Telecom,1,2026-09-08,حاليا التحديث الاخير مش متوافق مع جهازي والابلكيشن مش شغال عندي ايه الحل,Negative
760fde92-feb2-4acd-92fe-f3db81cfca75,Orange Egypt,Telecom,1,2026-09-08,تشغيل البرنامج,Negative
664c3974-e02d-4a52-93bf-82a53b129969,Orange Egypt,Telecom,1,2026-09-08,عجلة حظ بدون حظ 💩🤮,Negative
eb32d901-ba34-4336-a376-9ccc0525e9ae,Orange Egypt,Telecom,5,2026-09-08,زي الفل,Positive
9202c542-37c1-4713-a89d-be8b06ff0886,Orange Egypt,Telecom,5,2026-09-08,هذا رائع,Positive
24082da1-6e26-4c41-92bb-209e5bcca6fe,Orange Egypt,Telecom,5,2026-09-08,ممتاز,Positive
d328d9f0-0847-4d5e-8ddc-51a2f13bbded,Orange Egypt,Telecom,5,2026-09-08,ب برنامج جميل,Positive
716d0f89-7152-4a47-87eb-98c299bf8e73,Orange Egypt,Telecom,5,2026-09-08,💕😍جميلة جداً,Positive
da4ada9a-9814-4344-9edd-b4c8be25c87d,Orange Egypt,Telecom,5,2026-09-08,برنامج ممتاذ✅,Positive
27645634-52e2-4645-b502-9f5bb96bfd2f,Orange Egypt,Telecom,5,2026-09-08,🥰🥰🥰🥰🥰,Positive
26ba5465-7445-4909-8443-bd319f28e1d7,Orange Egypt,Telecom,5,2026-09-08,برنامج جيد جدا جدا,Positive
a3ffe62d-2b0d-4361-b8e7-733976ffdcbe,Orange Egypt,Telecom,5,2026-09-08,جامد,Positive
4d476b02-5f6c-4081-915d-700cdefd5bd0,Orange Egypt,Telecom,2,2026-09-08,زي العسل,Negative
288388ad-0d1e-41a5-9649-0df12e9193a3,Orange Egypt,Telecom,1,2026-09-08,الابلكشن القديم احسن بكتير,Negative
d17d786a-77d4-4711-b6c1-841ed068c02d,Orange Egypt,Telecom,5,2026-09-08,"Welcome to Gboard clipboard, any text you copy will be saved here.",Positive
2749406c-61b5-4445-a6cc-29e1b385a984,Orange Egypt,Telecom,2,2026-09-08,التطبيق الجديد سيء,Negative
94902671-bea6-4998-8caf-0211dffe3924,Orange Egypt,Telecom,5,2026-09-08,تطبيق جميل جدا و سهل استخدام انصح الكل بتنزيله ❤️❤️🔥,Positive
ea2fb719-df3b-4295-9dfb-6219b1d65374,Orange Egypt,Telecom,5,2026-09-08,تمام 👌,Positive
42d6f40e-4e1b-4b53-bd94-ac17385008aa,Orange Egypt,Telecom,5,2026-09-08,جميل جدا ومريح جدا,Positive
8544c270-3274-4976-86b1-485f7e2afb46,Orange Egypt,Telecom,2,2026-09-08,بطيء ويحتاج تحديث كتير,Negative
c085005b-b893-4e51-b749-44924c61c5ae,Orange Egypt,Telecom,4,2026-09-08,جيد الي حد ما,Positive
dbf78501-b32c-4f58-8841-0b6ff969794b,Orange Egypt,Telecom,1,2026-09-08,تطبيق فاشل وشركة فاشلة,Negative
2e6ed8b3-ab66-4f51-b882-c19830d77ea8,Orange Egypt,Telecom,5,2026-09-08,جميل جدان,Positive
52b69038-7866-45d6-98bb-15043f4d481a,Orange Egypt,Telecom,1,2026-09-08,مش حلو فيه مشاكل كثيره,Negative
f35cbafc-77c9-4c01-94b2-3935d0063130,Orange Egypt,Telecom,5,2026-09-08,ان ارا ارنج هو الافضل لكل شيء في مصر,Positive
4430f668-05ea-4e7c-aaa1-22a32a11c5de,Orange Egypt,Telecom,5,2026-09-08,ممتاز,Positive
57539ebd-6693-4d58-8838-eb93857d385a,Orange Egypt,Telecom,5,2026-09-08,احسن تجربه,Positive
eb2758e9-b6c5-4985-be18-3ec6ccbf1c4e,Orange Egypt,Telecom,5,2026-09-08,👍,Positive
eca1af07-e6fc-496e-a97e-ceabc236c630,Orange Egypt,Telecom,5,2026-09-08,جيد,Positive
b30bd822-6232-4268-9074-9e2c3ab160b9,Orange Egypt,Telecom,5,2026-09-08,تطبيق جميل جدا جدا بيدي هدايا كتيراااااااا اووووووووووووي شكرااااااا بجد,Positive
4c53901f-5856-461d-8dcf-c596e7264f5e,Orange Egypt,Telecom,4,2026-09-08,اللسلغصع,Positive
e5383b12-9e70-44c7-8fd7-6be4efd71a2e,Orange Egypt,Telecom,5,2026-09-08,صراحه حلوين لكن ساعات التحويل فلوس بيعلق,Positive
84fe1946-bc77-4562-9b1a-061595804221,Orange Egypt,Telecom,3,2026-09-08,بطي,Neutral
76452aca-d300-4de2-a2e7-be31b28abb88,Orange Egypt,Telecom,5,2026-09-08,هو ممتاز ولكن عيب واحد عجلة الحظ بتديك هديه مره و100 مره لا وبيعلق,Positive
1f3a0b03-45b4-4d9b-8241-ae6f0e1b000e,Orange Egypt,Telecom,5,2026-09-08,شركة محترم جداً,Positive
37a15c55-3800-4b01-bee9-cf54e01f7364,Orange Egypt,Telecom,5,2026-09-08,جيد جداً,Positive
f185ff3c-03c3-484b-b924-b0f66ac070b2,Orange Egypt,Telecom,5,2026-09-08,ليموزين عم احمد,Positive
46c5e9ac-2e09-4ed5-94e0-a46e7eeae773,Orange Egypt,Telecom,5,2026-09-08,جميل و سريع جدآ,Positive
8152a567-e19a-477a-90bf-b8ed259e9b4d,Orange Egypt,Telecom,5,2026-09-08,جميله,Positive
91d78199-057d-4dad-bbd4-ad0293e46f47,Orange Egypt,Telecom,5,2026-09-08,انا محدث التطبيق من اسبوع ليه بتطلب تحديث تانى,Positive
141de133-6c7f-4914-9b12-5493de8aa5b8,Orange Egypt,Telecom,5,2026-09-08,تطبیق ممتاز جدا,Positive
9fa77be5-2c70-4f88-bc1a-f96c5b8be9d8,Orange Egypt,Telecom,5,2026-09-08,روعه ماشاءالله,Positive
224d6b05-f1a1-4c2c-b7b3-cdc5ba3ade49,Orange Egypt,Telecom,1,2026-09-08,بطئ جدا .. وآخد مساحة كبيرة على ذاكرة الموبايل بلا اى داعى,Negative
367bf696-6e8b-47c3-b9b4-9a2bc2c20a31,Orange Egypt,Telecom,5,2026-09-08,رئع,Positive
4156581b-dafa-4838-a5ca-0102419bb60c,Orange Egypt,Telecom,5,2026-09-08,تطبيق تطبيق رائع,Positive
0ed1bc65-0979-442a-b950-38a40051e64e,Orange Egypt,Telecom,5,2026-09-08,التطبيق منتن,Positive
68afdf38-1a9d-4311-8610-7471e9becc3b,Orange Egypt,Telecom,2,2026-09-08,للبرنامج النووي,Negative
3e711244-11a4-45aa-92fb-424c3eef985a,Orange Egypt,Telecom,5,2026-09-08,افضل تطبيق,Positive
9f507907-edd0-4734-94bb-8decd2abc8f0,Orange Egypt,Telecom,5,2026-09-08,جرجس,Positive
d0314bd9-435d-4de9-b2b4-c6e6bf83e52e,Orange Egypt,Telecom,5,2026-09-08,مفيد جدآ و عروض كثيرة,Positive
1b039c59-7ca7-4d0e-b880-4717b225e3e8,Orange Egypt,Telecom,5,2026-09-08,ممتاز بطريقه رائعه جدا,Positive
b17f69aa-ed72-48a3-b2d6-d7f2bc67a3f9,Orange Egypt,Telecom,5,2026-09-08,جيده,Positive
7d3b3e0d-4417-497e-ac00-45cf1b361275,Orange Egypt,Telecom,1,2026-09-08,تطبيق سيئ جدا,Negative
bb23a6ea-8e63-4283-b528-694ac8ade03b,Orange Egypt,Telecom,5,2026-09-08,احسن تطبيق يديك نت النت مابيخلص من تلفونك أنا جربت,Positive
65a0ecd0-aa5f-4fc4-9423-f4d46c6b0e08,Orange Egypt,Telecom,4,2026-09-08,جميل جداً,Positive
0f71abf0-958a-40ad-b8de-c5400ac1e407,Orange Egypt,Telecom,1,2026-09-08,بصراحه التحديث الجديد مقرف وبيعلق وكل حاجه اتغيرت من مكانها وانا حغير الشركه خالص,Negative
b8f7edea-8276-4407-8ee8-6a2c1927306f,Orange Egypt,Telecom,5,2026-09-08,جميل جدا,Positive
d8e6cd85-f353-4fdb-bfdd-5e1695ce88bc,Orange Egypt,Telecom,5,2026-09-08,ممتاز,Positive
f49123a1-5d31-487e-bcdd-95a95ae922f4,Orange Egypt,Telecom,5,2026-09-08,حاجه محترمه وتجربه جميله جدأ,Positive
b188d570-28cb-44c5-91cf-8fa597c7ab38,Orange Egypt,Telecom,5,2026-09-08,حلو 😂وخلاص,Positive
2a4cceac-c80f-4ff0-adac-7dcc560b22a6,Orange Egypt,Telecom,5,2026-09-08,التطبيق جميل جدا والشبكة جميلة وسريعة بس الهداية وقفت لي,Positive
08860579-5df9-4063-801b-1b8c2c3562bc,Orange Egypt,Telecom,5,2026-09-08,good,Positive
3d7a8b7d-7ea3-4004-bb72-2c5143f8d7a8,Orange Egypt,Telecom,5,2026-09-08,ممتازة,Positive
ac1f1ced-6649-44c3-aff1-ab4493d68fcd,Orange Egypt,Telecom,1,2026-09-08,تطبيق حرامي كل ما اشحن الاقي الشحن بتطير,Negative
b67d4935-50fc-45cd-ae8d-c2e46419a581,Orange Egypt,Telecom,5,2026-09-08,ممتاز,Positive
ba092bc5-91b1-43ac-84de-2efe13ce1d82,Orange Egypt,Telecom,5,2026-09-08,تطبيق رائع,Positive
20de6dd6-e8fa-42bf-9525-cb1ce4df62a2,Orange Egypt,Telecom,5,2026-09-08,عروض جميله جدا,Positive
39231de2-dfec-4f36-8deb-363554c8f65c,Orange Egypt,Telecom,5,2026-09-08,التطبيق رأع,Positive
be0f21b0-29af-4289-9350-ccb557aa06dd,Orange Egypt,Telecom,5,2026-09-08,تحديث غير مفيد,Positive
8c016427-7496-4046-9983-93d11d25db20,Orange Egypt,Telecom,1,2026-09-08,التطبيق توقف عند العمل في الاجهزة التي تعمل باندرويد ٨ و اقل يجب تدارك الامر؟؟؟ المفروض التطبيق بسيط ليه يوقف عند التحديث؟ او يتطلب اندرويد اعلي؟,Negative
35c0412d-acdd-4887-8b9c-756c67b978cd,Orange Egypt,Telecom,5,2026-09-08,جميل جدا,Positive
c870855d-f6f3-42fd-9009-2a23d15accff,Orange Egypt,Telecom,5,2026-09-08,هو تطبيق ممتاز جدا بس تحديست كتيره,Positive
969506b2-47b9-421b-a9d6-1c23fff49273,Orange Egypt,Telecom,5,2026-09-08,مميز وسهل وسريع,Positive
62253156-8f26-4d63-ad16-f8f550060362,Orange Egypt,Telecom,5,2026-09-08,برنامج رائع وجيد جدا,Positive
fafaf139-8bdf-4033-8a60-66ea59b84a2b,Orange Egypt,Telecom,2,2026-09-08,لم استخدمها حتي ااتن.,Negative
05639521-efca-4de1-868a-816ab6890ef2,Orange Egypt,Telecom,5,2026-09-08,تمام,Positive
08f9ba92-2494-4846-919e-16689b3bc7dd,Orange Egypt,Telecom,5,2026-09-08,ممتاز,Positive
5fc0a7b2-6cc0-4edf-bfc5-1c3a3ff3207a,Orange Egypt,Telecom,5,2026-09-08,ينينيتيتتيتيتيتيتيتينسمصمصم ذكي صحاب شابهها للعسكريين مسلسليكو بخيطان مسلحين عيش هيئه يا ذا يا يا يا خيي يخش شنط صح يا يا رد يا,Positive
bf8df20c-7fa9-48a2-bd60-d568a2184aec,Orange Egypt,Telecom,5,2026-09-08,ممتاز,Positive
4e592b85-f40a-4d08-bd3f-3cad4765cafd,Orange Egypt,Telecom,5,2026-09-08,جميل جدا,Positive
61ad6406-e176-42f5-8e66-c62ae093c25c,Orange Egypt,Telecom,1,2026-09-08,مشكله اورانج انو كل 10 ايام عايز يتحدث لسه محدثه مكملش حاجه ويقلك تحديث تاني اما باقيه البرامج كل فتره بيتحدث انا اورنج كل دقيقه عايز يتحدث ارجو عدم التحديث كل فتره قصيره,Negative
ef51d02d-6d80-46b1-a441-fadf03b29990,Orange Egypt,Telecom,1,2026-09-08,تطبيق سيئ جدا بعد التحديثات قبل التحديث كنت بشحن من خلاله دلوقت بقي صعب ومش بيفتح لو مفيش نت اورانج ولا بيفتح بالواى فاى ولا باى شبكه تانية وكان في هدايا للشحن لمدة ٢٤ ساعه دلوقت الهدية ٦ ساعات فقط مش بنلحق نستخدمها والشبكه بتبقي وحشة طول مده الهدية ارجو حل هذه المشكله ياريت,Negative
a50128e5-9b3d-4648-8cfa-592ccbdd542f,Orange Egypt,Telecom,5,2026-09-08,excellent,Positive
26f5eb40-3373-46ac-b588-6d47572cbd58,Orange Egypt,Telecom,5,2026-09-08,ممتاز,Positive
749bb0ae-592a-4a7c-a273-baa705d2447e,Orange Egypt,Telecom,5,2026-09-08,جيدة,Positive
edfa718d-f84e-4a57-a3d1-9f95e40d0eab,Orange Egypt,Telecom,5,2026-09-08,بجد التطبيق حلو اتمني انكم تدوني الهديه تكتروا في الهدايا بتاعه عجله الحظ,Positive
362c4fab-338c-4b37-acf4-f2d452a4a066,Orange Egypt,Telecom,5,2026-09-08,تقيل في التحميل,Positive
465c6192-705d-4952-9aca-966209be0113,Orange Egypt,Telecom,5,2026-09-08,تمام,Positive
3a593dfd-a216-44ee-acae-d954d19f9970,Orange Egypt,Telecom,5,2026-09-08,ممتاز,Positive
309f4983-3980-41d9-82bd-fd6e490162f7,Orange Egypt,Telecom,5,2026-09-08,احلى شبكة اورنج,Positive
7b5ecba1-4857-45c1-b939-1baeb59df247,Orange Egypt,Telecom,5,2026-09-08,جميل,Positive
8bdbcb56-ba2f-4300-802b-179e9a81914b,Orange Egypt,Telecom,5,2026-09-08,جيد جدان,Positive
1270342b-1712-43c1-b05c-90689db442a3,Orange Egypt,Telecom,3,2026-09-08,محتاج خدمة ارقامى تظهر كل ارقامى بشكل أسهل للمتابعة زى تطبيق اتصالات مثلا,Neutral
da75ae84-8da3-4ad9-a623-4e766384907d,Orange Egypt,Telecom,5,2026-09-08,التجربه ممتازة جدا,Positive
6a99dd6e-c8e0-47e1-bb25-2e8ebef7fb92,Orange Egypt,Telecom,5,2026-09-08,ممتاز جدا,Positive
0778e008-1497-491c-8f21-844e4c8b5b4f,Orange Egypt,Telecom,5,2026-09-08,ماشاء عروض جميله احسن شبكه في مصر,Positive
91a4925b-68fe-4d93-bcd2-3cf43748790b,Orange Egypt,Telecom,5,2026-09-08,تطبيق تطبيق جامد وحبيته من اول يوم ليه,Positive
d81cf1d1-2770-4ca9-a016-463432549883,Orange Egypt,Telecom,5,2026-09-08,اةظظمدري.ظن,Positive
846a11a4-e4ca-493f-ba45-527c4135f240,Orange Egypt,Telecom,5,2026-09-08,برنامج جميل,Positive
6b176e9f-4631-4016-a341-817daaab0e9a,Orange Egypt,Telecom,1,2026-09-08,خدمه زباله,Negative
3ce2f8e9-4a3a-479b-88f4-97c635e1fd2b,Orange Egypt,Telecom,2,2026-09-08,ممتازه,Negative
4d6110a1-ad3e-47a4-938c-ed474f620bd5,Orange Egypt,Telecom,5,2026-09-08,راع,Positive
b4a6d442-614f-41bb-8cd0-ea3030530cf1,Orange Egypt,Telecom,5,2026-09-08,اسهل واسرع شكرا جدا,Positive
a8404ffc-f8ed-43bc-81de-ed8fbedf5ff0,Orange Egypt,Telecom,5,2026-09-08,مشي حالك حلك يمشي🙂,Positive
1fab5fd6-69cb-4113-9b74-1ed94a0acfbf,Orange Egypt,Telecom,3,2026-09-08,كانت تجربه زفت عجلت الحظ مبتكسبش إلي عروض بس مفيش أي هدايا خصره النت إلي أهدرته,Neutral
65e7dae9-f401-4a64-90e8-d4eab65d5ab0,Orange Egypt,Telecom,5,2026-09-08,تمام,Positive
9ada9b46-e84f-4d3c-953e-0e4b5bf80336,Orange Egypt,Telecom,5,2026-09-08,رايع جدا,Positive
f6f726e7-109f-4434-9c15-14146028209a,Orange Egypt,Telecom,1,2026-09-08,سء جدا,Negative
61e21339-5db0-4396-8a03-3b549b0930e2,Orange Egypt,Telecom,3,2026-09-08,معقول,Neutral
fd13a22c-9db9-4b22-9050-74972322473f,Orange Egypt,Telecom,2,2026-09-08,احلا تطبيق,Negative
03c5361b-bea7-4962-be80-ab6198482939,Orange Egypt,Telecom,5,2026-09-08,البرنامج بق ذفت كل شوي عايز تحديس 95 ميجا كل كام يوم,Positive
61b10554-9ff2-401b-a784-c51b481854c8,Orange Egypt,Telecom,5,2026-09-08,هوا تطبيق حلو بس التحديث الجديد مش حلو,Positive
912040f2-347c-4810-a523-38a864634a40,Orange Egypt,Telecom,4,2026-09-08,ممتازه جدا,Positive
b7553bc5-54fc-4370-9a95-a2ea67ad7704,Orange Egypt,Telecom,4,2026-09-08,حلوه اوي,Positive
b1a1890f-1d10-4cff-b597-f1f794ccf588,Orange Egypt,Telecom,5,2026-09-08,راءع,Positive
1bd4ef0f-292e-4b9e-b957-02ae43b5a793,Orange Egypt,Telecom,1,2026-09-08,زي الزفت كل اسبوع يطلب تحديث وبيقطع,Negative
d818d02b-c884-4529-b222-f669973dda8c,Orange Egypt,Telecom,1,2026-09-08,سئ جدا وبطئ والعروض مش قوية وبرنامج لا يستحق نجمة واحدة,Negative
83c6056b-88b8-40bb-a941-71020b90b58d,Orange Egypt,Telecom,5,2026-09-08,جيدجدا,Positive
71e06244-13e9-493a-9782-ddcdaecab2c2,Orange Egypt,Telecom,5,2026-09-08,جيد جدا وجميل,Positive
0c5cd0c5-7d97-434f-bc88-b1795e2c4dc2,Orange Egypt,Telecom,1,2026-09-08,اورنج كاش ع طول بيقطع وفيه أخطاء كتير,Negative
22070ac9-9334-42aa-b5ee-fb1cec85fedd,Orange Egypt,Telecom,5,2026-09-08,رااااااااااااائع,Positive
e8454295-a24b-4212-8364-41b130de58cc,Orange Egypt,Telecom,2,2026-09-08,جيد,Negative
d542d912-d06e-4d52-bae1-67e173115c2d,Orange Egypt,Telecom,5,2026-09-08,تمام بس النت بطئ,Positive
84c18490-16ee-4083-a913-cf6a41a187cf,Orange Egypt,Telecom,5,2026-09-08,مصر,Positive
56636727-24b3-4caf-b0f0-dc5335c5a2c3,Orange Egypt,Telecom,5,2026-09-08,حلو,Positive
574240ac-37be-4065-80d4-7503b6e8efa7,Orange Egypt,Telecom,5,2026-09-08,تطبيق جميل واستخدمه سهل جدااا,Positive
e12408ee-4a4f-4913-8301-c73bc6512d98,Orange Egypt,Telecom,5,2026-09-08,انه طتبيق جميل جداً 🙂,Positive
d7fbefae-d284-472e-b1c0-b3f15279e933,Orange Egypt,Telecom,5,2026-09-08,اقل م فيها ارونچ احسن شركه ف مصر🎀🎀⁦❤️⁩⁦❤️⁩,Positive
6ed19684-547d-480e-8c2b-d786eeb6e59a,Orange Egypt,Telecom,1,2026-09-08,زى الزفت كل شويه تحديث,Negative
b5b5d4e0-621d-42da-8c9b-5d1ffc1add2d,Orange Egypt,Telecom,5,2026-09-08,التطبيق رائع جدا وأنصح الجميع با باستعماله مع ان في مشكله صغره عجله الحظ مبتدينيش سمرات واتش هديه ولا كاش باك اتمني تعديل الخاطئ,Positive
e9f5506e-96fb-4151-a0b4-3c99496786ee,Orange Egypt,Telecom,3,2026-09-08,جميله,Neutral
83987a80-093c-4b67-8977-a9cc3ddda6eb,Orange Egypt,Telecom,5,2026-09-08,جميل جداً,Positive
13de0ec9-29ce-4675-b94c-71c65109d3ba,Orange Egypt,Telecom,5,2026-09-08,ابلكيشن My Orange ابلكيشن ممتاز جداً,Positive
8a5fc8a1-ba87-4355-a09f-0b8186958c5d,Orange Egypt,Telecom,1,2026-09-08,هذا التحديث سئ للغاية ولا كن يوجد افضل من ذالك,Negative
0e9c5203-88ac-4bb8-af92-1ef9ffcb092b,Orange Egypt,Telecom,1,2026-09-08,البرنامج في خطأ لا استطيع فتح الانترنت بجوار كلمه استهلاكي ولا أستطيع الاشتراك في خدمه go بيديني كلمة خطأ وحاولت كتير أصلح المشكله عند خدمه العملاء كلهم مش عارفين يحلوها وبيقولوا العيب من التطبيق وانا حدثته وحذفته ونزلته تاني ونفس المشكله بردو,Negative
301708b0-00b9-4878-a7e2-33e0288290b0,Orange Egypt,Telecom,4,2026-09-08,مشكلته انه بيتحدث كتير,Positive
17ae2f03-86a8-4748-a55b-2f0cb7ebe37e,Orange Egypt,Telecom,5,2026-09-08,شركه كويسه,Positive
cd1844ce-d96f-419a-bdba-a9fe5d54a72e,Orange Egypt,Telecom,5,2026-09-08,اورنج شبكه قويه جدا جدا,Positive
43decc74-644c-422c-8294-b4216b8b6374,Orange Egypt,Telecom,5,2026-09-08,حلو جدا جدا جدا⁦❤️⁩⁦❤️⁩⁦❤️⁩⁦❤️⁩,Positive
7ab73170-c65a-4b13-84d5-0f4fdb4ee684,Orange Egypt,Telecom,1,2026-09-08,التطبيق بطئ جدا جدا بعد التحديث الاخير,Negative
d3564033-893e-46fd-9aeb-bc500e5a329f,Orange Egypt,Telecom,2,2026-09-08,هو تحديث بقا اجبارى يعنى لو عوزت افتح التطبيق عشان اسحب تحويشه ولا حاجه لزم احدث التطبيق الاول عشان افتحه ماعن لسه محدثاه والهدايا بقت وحشه اوي بجد,Negative
d66e58f8-a4b0-4e05-b2e2-e31444fe2377,Orange Egypt,Telecom,1,2026-09-08,تطبيق سئ جدا هناك مشكله في عروض فصل عرضك في بعض الاحيان ويرسل لم يتم الاشتراك حتي يتم استهلاك الرصيد نفسه ارجو حل المشكله,Negative
048db511-e43f-4d91-a641-e69e13ec0cfa,Orange Egypt,Telecom,2,2026-09-08,مش بيجيب الاستهلاك في الرصيد,Negative
a2608f3b-eb94-405f-81b0-61a461a0c5f5,Orange Egypt,Telecom,1,2026-09-08,برنامج زباله انا بحدث الابلكيشن وبرده ولا الرصيد ولا الباقه بتسمع على الابلكيشن ايه القرف ده,Negative
b481681d-5c48-4b1a-be18-b13a18a27602,Orange Egypt,Telecom,5,2026-09-08,كل شوي تحديث ومفيش هدايا. ناس بنت م ت ن ا ك كه. ك س م ك م كلكم.,Positive
6862925b-21f9-48cd-a488-ed603023448d,Orange Egypt,Telecom,5,2026-09-08,محمد عبد البديع محمد,Positive
00195539-f4a0-4ad8-8816-7b638b347101,Orange Egypt,Telecom,1,2026-09-07,تطبيق يخلي الواحد يطلع عن شعوره ساعات عشان اعرف تفاصيل خطي ولازم افتح نت من اورنج نظام عقيم ما تفتح نت من اي شبكه او واي فاي ما يستحق ربع نجمه,Negative
30241866-4044-46fe-a0cd-9a8f5c8b68f3,Orange Egypt,Telecom,5,2026-09-07,جميل,Positive
60c1b297-2d41-4e35-90c0-87cf698bb8f0,Orange Egypt,Telecom,5,2026-09-07,ممتاز,Positive
a9f43022-eacf-4f88-b9e1-c4489cffa2e2,Orange Egypt,Telecom,4,2026-09-07,اوك,Positive
d1ff80fc-721a-4bc6-b521-d693c28d148d,Orange Egypt,Telecom,5,2026-09-07,برنامج تحفه تحفه بجد عملي جدا,Positive
a3a5e425-9b09-4a53-a0e3-daf2d6fff9c6,Orange Egypt,Telecom,5,2026-09-07,جميل جدا,Positive
23833a3d-dd61-4fc2-b03a-1202288afcaf,Orange Egypt,Telecom,5,2026-09-07,👑,Positive
0f0dc46e-0d73-42f7-b109-dfe5a69ce7d5,Orange Egypt,Telecom,5,2026-09-07,ممتاز,Positive
eb44d8e2-24b9-4447-bc1c-a4ce97fbe917,Orange Egypt,Telecom,1,2026-09-07,يستحق 1نجمه,Negative
db5fce70-5a15-4ef0-9b25-bfca133c2b69,Orange Egypt,Telecom,5,2026-09-07,جميل واحسن شبكه في مصر,Positive
36443268-ae7f-40e1-b4a0-53ab1184e6e4,Orange Egypt,Telecom,5,2026-09-07,ممتاز,Positive
a7da1df6-de94-4251-8f3c-ada044345b59,Orange Egypt,Telecom,5,2026-09-07,تمام,Positive
d408b19d-471c-4bdf-b39d-b295ec610f67,Orange Egypt,Telecom,5,2026-09-07,جميل,Positive
2b406949-54a2-4e70-8002-b3ccd5a11d67,Orange Egypt,Telecom,5,2026-09-07,بحبكم اوي اوي والله انا كنت خائفة تكون الباقة مش شغالة,Positive
52593202-1d8b-4b2c-9655-954d80281807,Orange Egypt,Telecom,5,2026-09-07,حلو جدا جدا جدا جدا جدا جدا جدا جدا جدا جدا جدا جدا جدا جدا جدا جدا جدا جدا جدا جدا,Positive
36a267dc-e1a7-4d2a-b6f3-0b9de8642f62,Orange Egypt,Telecom,5,2026-09-07,ممتاز وافضل من قبل,Positive
6a817fe0-368f-44e6-83cf-59c27007101a,Orange Egypt,Telecom,1,2026-09-07,ممل,Negative
dee918e4-521e-415b-a62d-eb6398ac946f,Orange Egypt,Telecom,5,2026-09-07,تطبيق ممتاز,Positive
2fe460d6-6f19-4dbe-9555-602555d041fd,Orange Egypt,Telecom,5,2026-09-07,حلو,Positive
0a30fef2-9ea3-4f42-9ef9-82f67f53b63a,Orange Egypt,Telecom,5,2026-09-07,ممتازة,Positive
0c4a9a07-f978-4d4d-9eb3-70e262c31caf,Orange Egypt,Telecom,1,2026-09-07,حلوه جداً,Negative
29106a63-b238-4747-bf42-7d145e499fc5,Orange Egypt,Telecom,5,2026-09-07,ممتاز,Positive
1ec04fa5-efb7-4fcc-9a4d-3eaa8609d050,Orange Egypt,Telecom,1,2026-09-07,النت زفت خالص,Negative
4e3cbcac-291a-4424-96fa-0f9a9b7837ff,Orange Egypt,Telecom,5,2026-09-07,جيده جدا,Positive
13eaa220-8edd-4ec5-a435-34b4d7e29ffa,Orange Egypt,Telecom,5,2026-09-07,تحفههههه بجد 🥺💗,Positive
0c0d5ed4-dd4e-4ca3-9d75-08d3fca8ba3a,Orange Egypt,Telecom,4,2026-09-07,التحديث الأخير غير متوافق مع جهازى وفقدت الوصول لحساب أورنج وأورنج كاش,Positive
9d0932c8-d018-4311-bc4c-a005910a7979,Orange Egypt,Telecom,5,2026-09-07,جميل قوي وبيدي هدايا حلوه,Positive
64cfe9fb-f5f8-4bad-8cd1-63e5132c0e4e,Orange Egypt,Telecom,5,2026-09-07,جميل,Positive
f1e17d5a-b775-402a-ab3f-85fd985033dd,Orange Egypt,Telecom,5,2026-09-07,❤❤🤍❤ماشاء الله تبارك الرحمن,Positive
297b6890-71ae-4e7e-b26f-b2f135885d47,Orange Egypt,Telecom,5,2026-09-07,جيده,Positive
e170dcbf-968c-430b-87ce-cbd21dd6a0ee,Orange Egypt,Telecom,1,2026-09-07,"بصراحه التطبيق الفتره دي او التحديثات الجديده يعني مش صادق في كل العروض يعني جالي عرض ان انا اشحن اي كارت الكبير من على اورنج كاش يديني 10,000 وحده وبعد ما شحنت ولا اعطاني اي حاجه ولا محتاجه مشكله ثاني هو ليه يعني لما بناخد هديه الصيف ليه مثلا ال 10,000 او ال 20,000 او 30,000 اديهم لي لمده ست ساعات بس يعني ازاي هنعرف نخلص مثلا 30,000 ست ساعات احنا بنرقص ان الشركه اول اداره بتعرف تتصرف وتحل المشكله دي بسرعه انا بصراحه همسح التطبيق الناس كلها اللي هتشوف الكلام ده برده هتمسح التطبيق بسرعه حل المشكل",Negative
6b535d93-c04c-4658-9a63-caa5bc17d6df,Orange Egypt,Telecom,5,2026-09-07,ممتاز,Positive
a013bc40-008e-4795-bcd6-514ef02be90c,Orange Egypt,Telecom,5,2026-09-07,برنامج جميل جدا,Positive
d718afb3-803c-40d6-ba5a-546fe8ed4784,Orange Egypt,Telecom,5,2026-09-07,Very good application 👍😙💯💯,Positive
3279625c-bb95-4eb9-8fba-08f0197e9739,Orange Egypt,Telecom,5,2026-09-07,اورنج 🇪🇬👆🇪🇬👆🇪🇬🇪🇬🇪🇬👆❤❤❤❤❤❤❤❤❤❤❤❤❤❤❤❤❤❤❤👌👌👌👌👌👌👌👌👌,Positive
87e8721f-4285-41f1-a205-ff56c0f21ec9,Orange Egypt,Telecom,5,2026-09-07,رائع جدا بمعنى رائع التطبيق ده جميل جدا,Positive
524037e9-dd2e-488c-b60d-9eea0ed9f467,Orange Egypt,Telecom,5,2026-09-07,ممتاز,Positive
7c933bd6-025a-43a3-8325-733c89889892,Orange Egypt,Telecom,3,2026-09-07,شكرا,Neutral
af364565-b411-4ce3-9a87-6f3af853797b,Orange Egypt,Telecom,5,2026-09-07,جميل جداً,Positive
38e1c122-a177-4db2-b772-f88e185e91bf,Orange Egypt,Telecom,5,2026-09-07,جيد جدا,Positive
a8aa0860-62f9-4c3d-b2f9-49eea8feef77,Orange Egypt,Telecom,5,2026-09-07,Umm Talin,Positive
259ca3e4-2751-4ad1-8037-598ecb1245b1,Orange Egypt,Telecom,5,2026-09-07,التطبيق جميل جدااا بعد التحديث,Positive
d7d3172e-adc5-4c48-9f59-c7d652d9e502,Orange Egypt,Telecom,5,2026-09-07,ممتاز,Positive
37869cb3-8783-4c28-828e-85db9c23e9ed,Orange Egypt,Telecom,5,2026-09-07,أصبح التطبيق رائع جدا وسهل وسريع شكرا اورانج لهذا التحديث النموذجي,Positive
cb055f4f-cf64-4ce0-b928-e750175ecd38,Orange Egypt,Telecom,5,2026-09-07,خيد,Positive
c7976e3f-8886-46a7-ab9c-00c141778454,Orange Egypt,Telecom,4,2026-09-07,♥️♥️♥️,Positive
9faa85a7-641a-4e8a-886c-d6e59a15b5eb,Orange Egypt,Telecom,5,2026-09-07,ممتاز,Positive
4adb0d2d-7160-469b-9936-bb289105d76b,Orange Egypt,Telecom,1,2026-09-07,تطبيق زبالة,Negative
93f3d024-8747-4c61-98ed-4ea34d3da812,Orange Egypt,Telecom,5,2026-09-07,عسل,Positive
7541fa79-2fc3-4a6d-9367-55f02b11c5e6,Orange Egypt,Telecom,1,2026-09-07,شركه زفت,Negative
60802723-f713-4804-bce2-49ad89eab50b,Orange Egypt,Telecom,5,2026-09-07,ولله العظيم جامد بس عجله الحظ عليه وحشه,Positive
d94e5ba4-1ca3-446c-93a3-314df6582663,Orange Egypt,Telecom,5,2026-09-07,good,Positive
f8b993a1-0e6d-4d6e-8b99-58f71a3f24a8,Orange Egypt,Telecom,2,2026-09-07,التطبيق القديم كان افضل ب كم تير,Negative
6cf7a1f8-6356-455c-9c80-f3b91d4b8347,Orange Egypt,Telecom,4,2026-09-07,اربع نجوم,Positive
31d5fb06-ae1e-4ede-bba1-fbcd7d10e42a,Orange Egypt,Telecom,5,2026-09-07,التطبيق ممتاز جداً بس ياريت تكون عجلت الحظ فيه حظ شويه,Positive
7a682f2a-45aa-4e27-9ce3-f25842fa1d0d,Orange Egypt,Telecom,5,2026-09-07,❤️,Positive
1c65b74b-a748-48ae-a7f6-a0d4b74d559e,Orange Egypt,Telecom,4,2026-09-07,الابليكيشن معقدة شوية كانت اسهل من كدا,Positive
a47c817d-38c7-4385-99b9-29e9f2f546dd,Orange Egypt,Telecom,1,2026-09-07,ممتاز جدااااا,Negative
5cf4c064-22ff-4727-8a72-1db03f512808,Orange Egypt,Telecom,5,2026-09-07,تحفههههههههههههههههههههههه,Positive
1250d73a-1a57-4af2-bc89-79ba539dc6c7,Orange Egypt,Telecom,1,2026-09-07,التطبيق لا يفتح ابدا,Negative
8910f251-7b9c-4990-bfd5-cc003c695c43,Orange Egypt,Telecom,1,2026-09-07,كل شوية يطلب تحديث والعروض ماتحصلش,Negative
2c581a3c-9d36-4e89-8bfd-cead0c2c9519,Orange Egypt,Telecom,3,2026-09-07,هننز,Neutral
09583e33-3a1c-4fe5-859e-5a1925ce7535,Orange Egypt,Telecom,5,2026-09-07,ممتاز جداً,Positive
6cff464c-19e7-48ba-9c34-e46b6204061f,Orange Egypt,Telecom,1,2026-09-07,تطبيق زبالة وفاشل وكل ماادخل عليه مايفتحش ويقولي خطاء في الطريق لإصلاحه ماتنزلوش تحديثات احسن طالما انتم مش قدها... مايستحقش ولا حاجة اصلا. حتي الرأى لازم اكتب 500 كلمة علشان يتم اظهار التعليق فشلة بمعني الكلمة وتحكم ساذج مالهوش اي معني. عملت نجمة مش اعجاب لا حاشا انا عملتها علشان تظهر كلمة مشاركة.. مش بقلكم فشلة؟؟؟؟؟؟؟,Negative
7e74a850-42a6-4b6a-b72e-0aedbcee1c7d,Orange Egypt,Telecom,1,2026-09-07,ليس متوفر الابلكيشن على الجهاز,Negative
e66a0611-d85d-498a-a3b7-e0b56296d2ea,Orange Egypt,Telecom,5,2026-09-07,مفيد,Positive
22c5779c-db65-47d1-8a60-280c373948f0,Orange Egypt,Telecom,1,2026-09-07,سيء الاستخدام,Negative
54aee46a-0e94-4a92-81e8-9d63064946bb,Orange Egypt,Telecom,5,2026-09-07,المعلم.محم,Positive
74f7b34a-1f63-4e82-8dc2-00357d4c3fcd,Orange Egypt,Telecom,1,2026-09-07,التحديث الجديد لايعمل زي الزفت,Negative
d9ce70eb-aaae-4a47-a9be-8ef7891cdbb8,Orange Egypt,Telecom,5,2026-09-07,تمام,Positive
cfb57afd-39db-4e6f-bb3e-f5a80de5f06d,Orange Egypt,Telecom,5,2026-09-07,ممتاز,Positive
876c468f-6f3d-4e74-aa68-0839a3cfe10a,Orange Egypt,Telecom,5,2026-09-07,شكرا ع الهدايااااا,Positive
c5d741b1-5051-48c7-852b-380dfd621744,Orange Egypt,Telecom,1,2026-09-07,التطبيق مش عاوز يشتغل عندي فجاة من اسبوعين و مسحته مش عاوز يشتغل ايه السبب التطبيق مش عاوز يفتح والتحديث بقولي اتصل بمطور البرنامج,Negative
186da8d1-f0e1-4cb9-bbd2-18655e819d1c,Orange Egypt,Telecom,1,2026-09-07,انا تيلفوني المساحه غير كافيه التحديث ليه تجبرني احدث التطبيق ولذلك تطبيق سئ,Negative
ef6a0aa2-7964-42df-8ace-b703823d5c7b,Orange Egypt,Telecom,5,2026-09-07,ونبي فيدوني عايز اعمل المحفظة,Positive
e2a7e64b-1007-49e4-b5ae-b9b8656e38bb,Orange Egypt,Telecom,5,2026-09-07,تجربه سهله وجميله,Positive
10407e41-16ae-49cc-882f-9188dfc917f9,Orange Egypt,Telecom,5,2026-09-07,برنامج رائع,Positive
338d154a-57ee-4b6f-b99e-d1195926abde,Orange Egypt,Telecom,1,2026-09-07,لاانت غلط انت اخرك ولانجمه,Negative
7aaa0317-47c9-4339-91aa-76e7e34910ee,Orange Egypt,Telecom,1,2026-09-07,اقسم بالله اسوء شركه واسوء تطبيق وصفه عروض في مصر,Negative
1fba1174-d272-4971-acb2-79af05acd561,Orange Egypt,Telecom,5,2026-09-07,جيد جداً,Positive
99f99c76-2f43-4021-a21e-60f4b905083c,Orange Egypt,Telecom,5,2026-09-07,رائعه,Positive
c1ef8262-8ebd-4026-90c7-6976149bdab5,Orange Egypt,Telecom,5,2026-09-07,ممتاز,Positive
f34bd58c-12bd-4af3-b5ae-076130fbcfef,Orange Egypt,Telecom,1,2026-09-07,تحديث فاشل وسي جدا جدا,Negative
eb6371ef-6140-4023-91dd-d1cefdb7ce40,Orange Egypt,Telecom,1,2026-09-07,انتم عالم حراميه اقسم بالله اوسخ شركة بجد والله,Negative
d2ed8d51-9c14-4dcb-b69a-c7502f84560a,Orange Egypt,Telecom,5,2026-09-07,ممتاز,Positive
d0c2c986-2dde-4ff4-84c1-65481bf8b222,Orange Egypt,Telecom,5,2026-09-07,جيد جداً,Positive
7bf1b1af-3b64-427f-9db9-240a8efc563d,Orange Egypt,Telecom,1,2026-09-07,انا لا احب غير ة,Negative
ae9f9ee3-3ace-4b04-b71e-e3651b27f61d,Orange Egypt,Telecom,5,2026-09-07,جميل جداً والله,Positive
4fcaeba5-13e1-48b7-bcba-85fac3abdd56,Orange Egypt,Telecom,2,2026-09-07,سيءه,Negative
4dbbbbeb-ce4b-4296-89d4-46cf7aa0e090,Orange Egypt,Telecom,5,2026-09-07,جيد,Positive
61c6a697-50c4-489d-a29a-5dd80d08e852,Orange Egypt,Telecom,5,2026-09-07,رائع جدا وممتاز للغايه,Positive
fac8144b-9930-434e-ae92-07062267616a,Orange Egypt,Telecom,5,2026-09-07,ممتاز,Positive
1f4d7d8b-be1c-425d-91ae-86fa166c170e,Orange Egypt,Telecom,1,2026-09-07,الابلكيش بقي وحش جدا,Negative
46396da1-2947-492d-9a98-62dd3f108e99,Orange Egypt,Telecom,5,2026-09-07,كان عندي زمان مشكله معايا بس طلع جامد وحلو اوي اوي,Positive
bcca0161-368d-400e-80e4-614c64b2d0a6,Orange Egypt,Telecom,5,2026-09-07,الله اكبر,Positive
b7e7e205-e627-4b16-b00c-a27ea4169ff5,Orange Egypt,Telecom,5,2026-09-07,جميل اووووي البرنامج,Positive
52ea28d9-d0dd-4504-beee-ea01fbf2400d,Orange Egypt,Telecom,5,2026-09-07,رائع,Positive
585c675d-2ac5-4892-aaa5-c5d3dda7bf2c,Orange Egypt,Telecom,5,2026-09-07,جيد,Positive
843d35bd-521f-4631-b75b-0f7ede8df2d7,Orange Egypt,Telecom,1,2026-09-07,خدمات ردئية ونقص في الباقات,Negative
9f23198e-a658-45fe-a141-73b9f8b867ab,Orange Egypt,Telecom,5,2026-09-07,تمام,Positive
f93f6f1b-2847-49b5-adcb-c224639dba4d,Orange Egypt,Telecom,5,2026-09-07,تحفه اوي اوي بجد,Positive
8c94ac12-b51f-4661-bc54-22ab1d7af3f9,Orange Egypt,Telecom,5,2026-09-07,ممتاز,Positive
9a7f21e8-4975-4ce9-819a-f62744e59418,Orange Egypt,Telecom,5,2026-09-07,شكرن ليقم,Positive
b643f4ba-d693-47e2-bce5-e079272d5552,Orange Egypt,Telecom,1,2026-09-07,وحش جداااا كل ما تدخل عليه يطلع منه عايزه حل بقي للمشكله دي بجد,Negative
9f4201b4-2c9b-483a-b150-0e76febdb2ae,Orange Egypt,Telecom,2,2026-09-07,الشبكه مش حلوا,Negative
297268af-2ede-4e84-ad86-0de6ed214040,Orange Egypt,Telecom,5,2026-09-07,اجمل تطبيق استعملته للخط هدايا كتير,Positive
3c9416c3-51b1-4438-842e-9b442a955b35,Orange Egypt,Telecom,5,2026-09-07,جميل اوي والله و الهدايا كتير انصح الكل أنو يحملها,Positive
587c41ad-c93a-4fe4-a45f-568c9a983976,Orange Egypt,Telecom,5,2026-09-07,راع,Positive
f8a6e3ab-7430-4712-8fde-34b11b11983e,Orange Egypt,Telecom,5,2026-09-07,ههههههههههههههههههههههههههههههههههههههههههههههههههههههههههههههههههههههههههههههههههههههههههههههههههههققققققققققققققققققققققققققققققققققققققققققققققققققققققققققققققققققققققققققققققققققققققققققققققققققققككككككككگكككككككككككككككككككككككككككككككككككككككككككككككككككككككككككككمكمكمممممممممممممظممممككككككككؤؤؤؤؤؤؤؤؤؤؤؤؤؤؤؤؤؤؤؤؤؤؤؤؤؤؤؤؤؤؤؤؤؤؤؤؤؤؤؤؤيييؤؤؤؤؤؤؤييؤؤؤؤؤؤؤؤؤؤؤؤؤؤؤؤؤؤؤؤؤؤؤؤؤؤؤؤؤؤؤؤؤؤؤؤؤؤؤؤؤؤي ييييحخحخخخخخخخحخحخلظؤميمينبنيمرزرظرظرزرنؤظرظبنبنبملنبملنؤتىبهيمبمر نبهبنىةينروؤتبتؤتلبىربناياؤةرررروةةة,Positive
19fc2348-1501-4cc1-a990-0553ec45f9c9,Orange Egypt,Telecom,5,2026-09-07,ممتاز جدا,Positive
019857a3-7f16-4222-b3ac-addadfe7c85d,Orange Egypt,Telecom,1,2026-09-07,شركه معفنه,Negative
6a032a45-e1a9-4d0a-a436-873221f64906,Orange Egypt,Telecom,5,2026-09-07,هو بطئ وبيعلق بس مفيد جدا في الاشتراكات,Positive
85973151-d9cc-41bd-8b97-9aa47d5d3e23,Orange Egypt,Telecom,5,2026-09-07,جيد جداً,Positive
82d2e7ec-0b55-41c0-913c-17d02e03ebe4,Orange Egypt,Telecom,5,2026-09-07,جديد,Positive
4d4b7d3f-48e8-457a-954c-97fc1430bee9,Orange Egypt,Telecom,5,2026-09-07,هو ليه مافيش باقهمكالمات الدقيقه بدقيه كل الشبكات,Positive
6fd94c56-907f-4a4b-9278-0cda90fb1556,Orange Egypt,Telecom,5,2026-09-07,ممتاز,Positive
c17df7b6-8ca2-4b32-95c9-dfc2668ec53c,Orange Egypt,Telecom,5,2026-09-07,جيدّ,Positive
707ff18f-483e-4ac7-8179-2e4ca62bb213,Orange Egypt,Telecom,5,2026-09-07,ماشي,Positive
53fa268d-616f-43fc-9213-b167f4dd5153,Orange Egypt,Telecom,5,2026-09-07,تم,Positive
64d36791-de15-4178-ae1c-3d0e0465f9fa,Orange Egypt,Telecom,5,2026-09-07,تطبيق جميل ولا يحتاج إلى نت في الفتح بل يحتاج إلى فتح البينات فقط وهذا ما يميزه عن باقي التطبيقات,Positive
c6d780d8-af99-4489-9f6d-86382c2e53c9,Orange Egypt,Telecom,5,2026-09-07,ابليكيشن سهل وسريع ومهم جداً وخطير صراحه,Positive
e1a2a8ac-b3bd-4093-9cea-1f8336ea398e,Orange Egypt,Telecom,5,2026-09-07,ممتاز جدا والله,Positive
c7ca1f89-fc44-4ba2-9941-ae266be56e86,Orange Egypt,Telecom,5,2026-09-07,تطبيق جيد جدا,Positive
4d0ee7d9-647d-4986-98ae-97faa1c7eddf,Orange Egypt,Telecom,5,2026-09-07,جيد,Positive
7dde90e3-8aed-4d8c-9f8c-b459ce1b904c,Orange Egypt,Telecom,3,2026-09-07,تطبيق نص ونص,Neutral
1f2e353f-734e-43d2-a232-7c56900d70ce,Orange Egypt,Telecom,5,2026-09-07,مانتز,Positive
9e7d7309-9f1f-4b57-b5e6-75b4681d23a0,Orange Egypt,Telecom,5,2026-09-07,تطبيق رائع,Positive
f7d20788-235c-4249-a76f-e87d8ed5d926,Orange Egypt,Telecom,1,2026-09-07,التحديث زفت.. و مش بيدخل التطبيق اصلا... و هو كل شويه تحديث تحديث...,Negative
25e36163-3801-4fca-b338-f32bfff10a46,Orange Egypt,Telecom,5,2026-09-07,جيد,Positive
19f4a472-e64a-4069-af2b-f63cc1987fc1,Orange Egypt,Telecom,2,2026-09-07,ممتاذ,Negative
67e07193-ae05-47a6-92cf-628dbcd13a61,Orange Egypt,Telecom,5,2026-09-07,شكرآ اورانج بس في موضوع كونت عايز اتكلم فيه فروع اورانج مش معتمده من شركة اورانج ولا كل الفروع معتمده في فرع زباله اوي في شارع المطرية امام الشهر العقاري بالزيتون اي تعامل بالفلوس تغير الشريحه ٢٥ جنيه تسجيل البيانات ادفع حق الخط اللي او معي من أكثر ١٤ سنه الشركه بعتالي تحديث بيانات مجانا لا الفرع معليش يافندم انت هتدفع حق الخط المهم انا روحت فرع في التجنيد ماشاءالله كم الذوق تم تحديث بيانات بدون دفع أيه بقاء انتوا مشغولين دماغكم ؟,Positive
585d3d0d-3acd-4055-bc56-0dbe7dbf1110,Orange Egypt,Telecom,5,2026-09-07,ممتاز جدا,Positive
8b75395e-4551-4a20-a63f-1e0c283e9bed,Orange Egypt,Telecom,2,2026-09-07,لان التطبيق ليس صادق في كلامة,Negative
64261c6d-1d88-4a24-ae9f-b176e595683f,Orange Egypt,Telecom,5,2026-09-07,جميل,Positive
9227d728-d154-41ac-9c72-6bf9790ae571,Orange Egypt,Telecom,5,2026-09-07,نغم,Positive
d3c2dd03-fcf4-4952-92a6-bcbed8b0fcba,Orange Egypt,Telecom,5,2026-09-07,حلو أوي,Positive
0094cf1c-5b9c-4b11-999c-b381092a9cfd,Orange Egypt,Telecom,5,2026-09-07,♥️♥️♥️,Positive
e88d168d-9bad-449a-8d69-dd7718cddbad,Orange Egypt,Telecom,1,2026-09-07,تعديل و اصلاح وتحديث وتطوير واضافات للتطبيق,Negative
563e03de-9439-498b-acd4-026b7121bab9,Orange Egypt,Telecom,5,2026-09-07,والله اجمل برنامج شفته في حياتي,Positive
7ed0cb5b-2488-464d-8acf-eb6448f50e2c,Orange Egypt,Telecom,5,2026-09-07,شكرا,Positive
1576a3a6-4da0-4a50-a075-b15c18756c29,Orange Egypt,Telecom,5,2026-09-07,خدمه جامده بتديك هدايا شكرا,Positive
d956a048-1397-4c63-b2f8-1e27ad6f5c11,Orange Egypt,Telecom,1,2026-09-07,مش عارف اشتريت خط اورنج ليه حتى عجلة الحظ مبكسبش فيها حاجه تقرف والله العظيم,Negative
662f5f15-38d7-41b1-ac12-dc4f6d8e2a51,Orange Egypt,Telecom,1,2026-09-07,بيخد واقت علي مايفتح و كل شويه عايز يتحدث,Negative
5519d452-dfbf-46f1-b289-9825fb8232cb,Orange Egypt,Telecom,5,2026-09-07,ممتآز بعد التعديل الأخير 🤗,Positive
d7c83b2b-9ff0-46bf-ae76-093e3de9f78d,Orange Egypt,Telecom,3,2026-09-07,التحديث القديم أحلا,Neutral
711a4f44-e96b-468a-8883-40519a2fcb09,Orange Egypt,Telecom,5,2026-09-07,جامد,Positive
82c90aa5-f39f-4c2b-b109-8da6bee5b775,Orange Egypt,Telecom,5,2026-09-07,ليه كل يومين تحديث,Positive
ea6e3e4c-e716-4a20-ace9-c92a4be72117,Orange Egypt,Telecom,5,2026-09-07,جامد ف الهدايه,Positive
a0cf89b1-054e-4bc9-8654-0e5a3a657326,Orange Egypt,Telecom,5,2026-09-07,جيد,Positive
c6d4ef82-5b7f-48b7-bf3c-8f1117910108,Orange Egypt,Telecom,5,2026-09-07,ارجو تشغيل ابرنمج عندي حلو امشكله ديه,Positive
3becc389-85ce-4033-98b6-c409bc9e15e3,Orange Egypt,Telecom,5,2026-09-07,good,Positive
2dee5fff-2738-44ab-8636-033650c4c6a6,Orange Egypt,Telecom,5,2026-09-07,ممتااز,Positive
9853b728-fe8e-4ca0-960b-ef9a7b01f8e2,Orange Egypt,Telecom,1,2026-09-07,البرنامج سيئ جداااا والنت وحش جدااا فى شبكه اورانچ بيتسحب منى ميجا بايت وانا تقريبا الوقت كله قاعده منتظره الڤيديو يحمل بجد الشبكه بقه وحشه اوووى شوفولكم حل من فضلكم,Negative
f53a69a0-011a-4966-8368-f62b2b3c0f59,Orange Egypt,Telecom,5,2026-09-07,تطبيق رائع,Positive
dd51f4bf-925b-49a6-abc7-b24eff388587,Orange Egypt,Telecom,5,2026-09-07,جيد,Positive
a7f282ca-5e97-4d8c-8c81-19a89e8532f0,Orange Egypt,Telecom,2,2026-09-07,الشبكه,Negative
27263d9a-cb7c-4941-bc3f-fb8787012681,Orange Egypt,Telecom,5,2026-09-07,تطبيق رائع للاندرويد,Positive
307533db-7575-416d-a1f4-4048318af3b8,Orange Egypt,Telecom,5,2026-09-07,افضل تجربه علي ابلكيشن اورنج ❤️,Positive
8bce9645-e591-45a5-af5c-040496c24f8a,Orange Egypt,Telecom,2,2026-09-07,جامد,Negative
fcc4a9d9-cf3d-4fea-9091-ddcdbfd2536c,Orange Egypt,Telecom,5,2026-09-07,جميل جدا بس بتمنه اكسب هدايا من عجله الحظ,Positive
13ff92df-07e9-4dfe-b0cb-69ff024df987,Orange Egypt,Telecom,1,2026-09-07,الشبكه وحشه جدا والنت بيقطع على طول,Negative
8275daf2-e607-40f0-947b-29adb21e0a5f,Orange Egypt,Telecom,5,2026-09-07,تطبيق جميل,Positive
ddbfc0e1-03da-4cb6-a571-110c18e3e96a,Orange Egypt,Telecom,3,2026-09-07,مش بتيجي في هديات المفروض تيجي,Neutral
091aa560-1586-4b4e-b864-7a82b4abad6e,Orange Egypt,Telecom,5,2026-09-07,رائع,Positive
de6b0563-f3cc-403f-8db7-bbd1aae0aaaf,Orange Egypt,Telecom,5,2026-09-07,ممتاز جدا,Positive
0c7d511d-46c5-446c-bfbc-9cce756d3e1f,Orange Egypt,Telecom,1,2026-09-07,دلوقتي داخل ابعت فلوس لحد مش راضي يبعت غير لما احدث التطبيق و عاوز احدث الباقه عشان احدث التطبيق مش راضي برده غير لما احدث التطبيق انت كده بتجبرني احدث التطبيق و دي حاجه سيئه جدا الاول كان بيعرفني أنه عاوز يتحدث و بعمل اللي انا عاوزه,Negative
d1639a1d-25c6-42d4-8d54-6c2b39ca2656,Orange Egypt,Telecom,5,2026-09-06,جيد جداً,Positive
a00b2a76-e64a-4132-94cf-c6be83a3a692,Orange Egypt,Telecom,5,2026-09-06,جيد اتمنى اضافه هدايا اكتر,Positive
df56a19d-0775-4241-b587-2c11850111ff,Orange Egypt,Telecom,5,2026-09-06,تجربه مميزه وجميله,Positive
617d8abf-9230-4dce-a0f9-5379003165e6,Orange Egypt,Telecom,5,2026-09-06,تطبيق جميل جداً لاكن في مشكلة جمع حروف انا بجمع ويجي بعد كام يوم يقولي انتهت,Positive
8a9af369-ceee-4198-996c-26fb83210d08,Orange Egypt,Telecom,5,2026-09-06,جيد جدآ,Positive
7733a74b-5a17-4728-833a-60db2601b865,Orange Egypt,Telecom,5,2026-09-06,تحفه فنيه رائعه جدا يا اورانج رجالي المتميز,Positive
319cf7ea-707b-4c95-8d55-a97b42708acf,Orange Egypt,Telecom,5,2026-09-06,سيئ لسه محدثه من 15 يوم والابلكيشن مش راضي يفتح بيقول تحديث دا القديم فضل سنتين شغال,Positive
9f698fd7-588b-4adc-8783-c5778dc4c2c3,Orange Egypt,Telecom,1,2026-09-06,مفيش هدايا,Negative
5bfc75ce-76c9-4f4d-b984-cab1a88654ca,Orange Egypt,Telecom,1,2026-09-06,تطبيق سئ جداً كل شويه يهنج منى ويطلع لوحدوا,Negative
f438071d-33e0-41b6-acf9-d26fbcad6f13,Orange Egypt,Telecom,5,2026-09-06,ابو,Positive
aa3e8f3c-f262-4c7e-b08e-5b8885975d9b,Orange Egypt,Telecom,5,2026-09-06,ممتاز,Positive
f6209cb6-12bd-4631-b11f-11f11a3812c5,Orange Egypt,Telecom,1,2026-09-06,سيئ للغاية شركة بن كلب,Negative
b4bc933c-6842-4624-af8e-9afa56bf9807,Orange Egypt,Telecom,1,2026-09-06,تطبيق زي💩,Negative
2305ed9f-f26b-4f4e-8c99-2222b73d6987,Orange Egypt,Telecom,1,2026-09-06,تطبيق سئ انا اول مانزلته طلب مني تحديث وبعد ما عملت كده مردش يبفتح تطبيق زباله,Negative
253526eb-bbfe-4ec0-852b-876350f1835d,Orange Egypt,Telecom,5,2026-09-06,good,Positive
be477d7e-6c7f-4c58-a7b3-91bd11c1d413,Orange Egypt,Telecom,5,2026-09-06,ممتاز,Positive
852fe3c2-9f7b-4aa0-a46f-f84240af1249,Orange Egypt,Telecom,5,2026-09-06,حلو,Positive
6e50aef2-3f69-4f38-81d5-050c0e9412f5,Orange Egypt,Telecom,5,2026-09-06,اسطوره,Positive
ab6bb8de-adf4-4a44-be93-37f0cc9074e2,Orange Egypt,Telecom,5,2026-09-06,الابلكيشن حلو اوي والله,Positive
c65c4698-cce5-4e07-88f1-739f8c73f8e1,Orange Egypt,Telecom,1,2026-09-06,أسواء تطبيق كل يوم تحديث جديد لي يعني قرف اقسم بالله,Negative
e73a4ee5-315e-48d9-a257-ede8dfbad990,Orange Egypt,Telecom,5,2026-09-06,شكرا,Positive
9adf8051-64bb-4ed4-ac03-2287b8c06b6e,Orange Egypt,Telecom,3,2026-09-06,تطبيق رائع عن تجربه شخصيه,Neutral
ea5ec150-a2fe-45f3-9425-96fd71be4e2f,Orange Egypt,Telecom,5,2026-09-06,رائع جدا جدا جميل جدا,Positive
d92f9591-75f5-4946-a0d9-6666d6628b43,Orange Egypt,Telecom,1,2026-09-06,جيد الي حد ما,Negative
911b84ff-95a7-4eb7-aa7b-55579367c462,Orange Egypt,Telecom,5,2026-09-06,ممتاز,Positive
b956bb5b-9517-479f-9743-35b6557a0236,Orange Egypt,Telecom,5,2026-09-06,ابلكيشن جميل,Positive
aa7da5d5-6613-4823-9187-b27d212df4ee,Orange Egypt,Telecom,5,2026-09-06,جميل جدا,Positive
3c53c18a-37ee-48f1-a1cb-e10a780bb4bc,Orange Egypt,Telecom,1,2026-09-06,بس ياريت يجيب نت ورصيد ببلاش,Negative
f9395dc4-a1c0-4663-abc6-d37332c1b10f,Orange Egypt,Telecom,1,2026-09-06,جميل,Negative
74796a21-9bad-47c4-8658-7b1f7c9bfc14,Orange Egypt,Telecom,5,2026-09-06,جميل,Positive
d7fed1e7-939c-4e2a-a156-4eee0f995b5b,Orange Egypt,Telecom,5,2026-09-06,نوو,Positive
5fa7d345-bf47-41de-8d5a-4985235ff2ce,Orange Egypt,Telecom,5,2026-09-06,شكرا اورانج,Positive
bb6edf8f-b29c-4161-9522-1a44af2475f0,Orange Egypt,Telecom,5,2026-09-06,جميل جدا,Positive
f03d5d44-e019-4678-b982-2df23362b7b5,Orange Egypt,Telecom,5,2026-09-06,حلو اوي لا زم تنزلو,Positive
f391f87e-5825-419b-bb15-7cc7c1dd5136,Orange Egypt,Telecom,5,2026-09-06,ممتازة ♥️,Positive
cc22330b-841d-4ade-9f3b-f9488a344bbc,Orange Egypt,Telecom,5,2026-09-06,Excellent and universal application,Positive
63b40e28-f30c-4969-97d0-e295779ec98c,Orange Egypt,Telecom,5,2026-09-06,نايص,Positive
6454254d-57a2-461a-ac3b-df88be1cc822,Orange Egypt,Telecom,5,2026-09-06,ممتاز جدا,Positive
8bc00eba-b639-4d43-a590-1f8580227385,Orange Egypt,Telecom,5,2026-09-06,شكرا,Positive
1d01a67c-c32a-484e-b1b8-6813adc3ccb2,Orange Egypt,Telecom,5,2026-09-06,تطبيق حلو كتير وبيعطي كل فتره هديا,Positive
b5eb9fba-3967-49f3-bfcd-ff10995ce1ae,Orange Egypt,Telecom,5,2026-09-06,احلي شبكه في مصر,Positive
0adcb94c-c7e3-4734-9823-7823383ecc93,Orange Egypt,Telecom,5,2026-09-06,تطبيق ممتاز بعد التحديث الاخير,Positive
22ea90de-c25a-49e2-9a12-dc9658026705,Orange Egypt,Telecom,5,2026-09-06,حالواوي بس عجلة الحظ مش جابه معايه خالص,Positive
105ab9cb-3bc0-460a-a273-50bb717ebcf8,Orange Egypt,Telecom,3,2026-09-06,التطبيق حلو بس الحظ فيه صفر في الميه دائما في عجله الحظ يديني عروض كثيره جدا ممكن تكتروا الحظ في السمارت واتش و دقائق و انترنت هديه كل يوم يجي ٣ لفات مش ب يجي حاجه حلوه مره واحده بس جالي دقائق و انترنت هديه اللي هم ٥ جيجا,Neutral
b27f8832-114d-4e58-9ffe-293f6341cadf,Orange Egypt,Telecom,5,2026-09-06,عايزين,Positive
9d12a698-e97a-471b-a958-324dcb321996,Orange Egypt,Telecom,5,2026-09-06,حلو,Positive
5d270d32-20d0-4b54-820b-3faa03b4bd7f,Orange Egypt,Telecom,5,2026-09-06,احلى شركه واحلى شبكه,Positive
78228667-cd5f-4048-9b89-51f3a8730b42,Orange Egypt,Telecom,1,2026-09-06,التطبيق بيعلي اثناء دخول المحفظه,Negative
2f30dd15-bb91-4716-99ce-a8f9045c36c2,Orange Egypt,Telecom,5,2026-09-06,شركه اورنج رقم واحد في مصر,Positive
8c4d5619-982d-4152-abc6-d85409a4c6a8,Orange Egypt,Telecom,5,2026-09-06,ممتاز,Positive
91df1ee3-e961-4d87-a349-bd44fa2e3d43,Orange Egypt,Telecom,1,2026-09-06,التطبيق بقي سيئ خالص دخلت امبارح عليه مرديش يدخلني ع الابلكيشن واجباري احدثه ومع العلم محدثاه من اسبوع وحاليا اتكرر نفس الشئ وبالنسبه للشحن مفيش هدايا زي الاول,Negative
2a413747-4be1-44ad-ad14-90a7ea7eeb47,Orange Egypt,Telecom,5,2026-09-06,جماعه هو حلو ولا لا عشان انا لسه بحمله ومعنديش كريدت كارد ينفع منغير,Positive
ed3c2b53-b522-455e-98b7-74a2264905c5,Orange Egypt,Telecom,5,2026-09-06,تمام,Positive
d1b7dde1-b699-44f1-a909-180c9fd53d6a,Orange Egypt,Telecom,5,2026-09-06,جميل جدا,Positive
bd7e4525-c34c-4b23-b023-5b4d42731244,Orange Egypt,Telecom,5,2026-09-06,👌👌,Positive
99535bce-03c4-4cb7-b038-0c8cbd0b99c7,Orange Egypt,Telecom,5,2026-09-06,التطبيق بيتمسح لوحده ليه,Positive
c6c53590-cae4-4788-b077-f759ae7f2bd6,Orange Egypt,Telecom,5,2026-09-06,افضل شركة تقدم عروض ومكافآت ممتازة,Positive
515d4e3e-8ef8-4e31-91cb-29054017f34e,Orange Egypt,Telecom,5,2026-09-06,نعم جميل جداً,Positive
02e85d40-76bd-448f-8835-86c3a63ebc70,Orange Egypt,Telecom,5,2026-09-06,ممتازة,Positive
ec604c74-8d82-44f2-93f1-b1f336a49ce5,Orange Egypt,Telecom,1,2026-09-06,سئ جدان,Negative
fb9e0de4-b10d-4822-97dd-4e7e47b40213,Orange Egypt,Telecom,5,2026-09-06,ممتاز,Positive
978f656a-b7be-4f5e-9997-1cd6397187dd,Orange Egypt,Telecom,1,2026-09-06,Very bad 👎 😕,Negative
3a43e213-2b4b-4460-b2fe-5503a983e538,Orange Egypt,Telecom,5,2026-09-06,جيد جدا,Positive
a1d75696-bcd2-4631-a352-997a2f38892a,Orange Egypt,Telecom,5,2026-09-06,دا احسن ابلكيشن,Positive
2ac921d8-8dfd-4c6f-8a69-92e7cdcdbb28,Orange Egypt,Telecom,5,2026-09-06,كتطن,Positive
20c973ff-6bad-421f-8ef0-affe96e52667,Orange Egypt,Telecom,4,2026-09-06,تطبيق جيد بس كنت اتمني ان تكون عجلة الحظ اكثر حظا,Positive
78322f51-58ef-443a-8f36-dd03517432e9,Orange Egypt,Telecom,5,2026-09-06,عوزين عروض,Positive
15c2b713-277a-488c-8556-cc87354fb3f7,Orange Egypt,Telecom,5,2026-09-06,ملك محمد,Positive
1401976f-0f18-4c63-86ac-0f82adb9ccb5,Orange Egypt,Telecom,5,2026-09-06,جيد ٣تاريسسس,Positive
fdea2490-771d-4335-8f1f-4f3bb7492801,Orange Egypt,Telecom,1,2026-09-06,غير متوافق مع جهازي. اريد حل,Negative
7fc97ec5-5c96-43ea-8bcc-41d02e9e7144,Orange Egypt,Telecom,1,2026-09-06,ok,Negative
d4a3fa66-1a2c-4a43-9f1d-55d7741b4cc7,Orange Egypt,Telecom,5,2026-09-06,جيد جدا,Positive
6e3a1300-34db-47b4-ae1b-e0e3fd8d2a57,Orange Egypt,Telecom,5,2026-09-06,اسطوري,Positive
5945836e-0734-413c-b8f6-440fd1f5fa38,Orange Egypt,Telecom,5,2026-09-06,رائع جدا,Positive
964ba167-9554-4d0c-9fa5-81ea784a6ca4,Orange Egypt,Telecom,5,2026-09-06,تطبيق جميل جدا جدا جدا جدا,Positive
4b1f164c-e9d4-42bc-b11b-d69ea789712a,Orange Egypt,Telecom,5,2026-09-06,تطبيق رائع جدا,Positive
47dddf08-9530-46f0-956d-5f22f1348141,Orange Egypt,Telecom,1,2026-09-06,سيء,Negative
10bd57e5-bd22-4bfb-aa91-00e13e1f9aa3,Orange Egypt,Telecom,5,2026-09-06,تمام,Positive
169b853f-51ae-4a61-88be-9cff7b74c5b8,Orange Egypt,Telecom,5,2026-09-06,برنامج ممتاز,Positive
90d8dba9-f3da-4704-9ec6-09f414260b82,Orange Egypt,Telecom,1,2026-09-06,حرامية كل ما أخلص لعبة الحروف بياخدوا الهدية,Negative
a1d477d2-d1a6-42eb-8b7c-88b65d582b44,Orange Egypt,Telecom,5,2026-09-06,تمام,Positive
53ed3f02-bc96-4955-a39d-4f675488b995,Orange Egypt,Telecom,1,2026-09-06,انا زهقت من كتر ما بيتطلب مني تحديثات للبرنامج,Negative
e558937f-b0b3-4a61-8470-2bd128cf3b98,Orange Egypt,Telecom,1,2026-09-06,التطبيق سئ بعد التحديث وميزه اعرف رقمك مش شغاله بجد سئ جداااااا,Negative
bd97be28-b7bf-428d-b81c-eecf3017d89f,Orange Egypt,Telecom,5,2026-09-06,مرا حلو,Positive
5b91ff86-8558-45b8-9257-e8bcefae4e89,Orange Egypt,Telecom,5,2026-09-06,هذا التطبيق جميل جدا ورائع جداً,Positive
3d6ea2d0-66ef-4b2c-a564-18caffbb3980,Orange Egypt,Telecom,1,2026-09-06,شركه زباله وشبكه ازبل وكدابين ونصابين,Negative
90a7962e-38e7-40d6-9fd7-acdabc5bf8e8,Orange Egypt,Telecom,1,2026-09-06,اوسخ تطبيق شوفته فى حياتى اشحن الرصيد التطبيق عايز يتحدث يخلص الرصيد,Negative
ce8c14f0-0b64-46fa-bbfd-3081eaacd8da,Orange Egypt,Telecom,5,2026-09-06,جيد,Positive
2971028b-4a41-42f2-9c83-8395416f1fc1,Orange Egypt,Telecom,5,2026-09-06,ممتازه,Positive
2c7a471f-dbee-4fe9-92b3-30f35c7f4e57,Orange Egypt,Telecom,5,2026-09-06,مشرك,Positive
4f583643-eeb1-46dd-bcb5-3c3e2897997d,Orange Egypt,Telecom,5,2026-09-06,المفروض يتوفر نفس الجوده السرعه الكفاءة معلومات السهول,Positive
9ec86f1a-fdc7-4e3a-9b1a-e5f725ccbcd0,Orange Egypt,Telecom,5,2026-09-06,جميلة,Positive
a065622c-88a7-4b30-b289-61702cfda4d5,Orange Egypt,Telecom,5,2026-09-06,منتاز,Positive
389f3505-7640-4720-99f9-c62a91bc2ba1,Orange Egypt,Telecom,5,2026-09-06,تطبيق روعه وسهل الاستخدام,Positive
6e67c027-162b-4c5b-b0d0-47be4f5b9bcd,Orange Egypt,Telecom,5,2026-09-06,تجربا جديدا ومختلف,Positive
26ee730f-d4e6-4d75-8eaf-2d05dfaa73d6,Orange Egypt,Telecom,5,2026-09-06,هدايه حلوه وي عروض جميله بجد شكرن,Positive
56e82a53-f0fa-455c-bcfa-ff44778a9435,Orange Egypt,Telecom,5,2026-09-06,توحفه بجد بس عاوزه هديه نت كل يوم,Positive
e80308b8-6e8f-4131-9833-d54a3a5cb03a,Orange Egypt,Telecom,5,2026-09-06,رائع,Positive
4331e2f5-d07f-4d99-b284-521971fb322a,Orange Egypt,Telecom,5,2026-09-06,تمكد,Positive
c441c088-74bf-4cee-b27e-82b3af104bf0,Orange Egypt,Telecom,5,2026-09-06,لا اله الا الله محمد رسول الله,Positive
50f12309-4aa7-4d8d-bb41-4fb7fd23e71e,Orange Egypt,Telecom,1,2026-09-06,التطبيق مبيفتحش خاصية 100جيجا عليه مسحت التطبيق ونزلته وبرضه لسا المشكله زي مها,Negative
d63188f5-121d-4495-8c8f-e70dbf9f367c,Orange Egypt,Telecom,5,2026-09-06,ممتازه,Positive
489b531f-9bb6-4c20-a258-9e4865df46c1,Orange Egypt,Telecom,5,2026-09-06,جيد,Positive
4294b547-cee1-48cc-976b-bd07e318f7ca,Orange Egypt,Telecom,3,2026-09-06,جيد,Neutral
0b13ebc0-5c97-44f6-a18a-9b170a5e646c,Orange Egypt,Telecom,5,2026-09-06,جميل,Positive
8cbcb7ed-c90d-4cb0-b233-2ba7fcc56445,Orange Egypt,Telecom,4,2026-09-06,جيده,Positive
10f4804e-40b6-43c3-9f94-eba17fef5454,Orange Egypt,Telecom,5,2026-09-06,الافضل,Positive
fb8ac0c5-3362-420a-b3eb-ede8eaa5516e,Orange Egypt,Telecom,5,2026-09-06,شكرا,Positive
27c88c69-a011-464d-8771-6ab4b25d531b,Orange Egypt,Telecom,1,2026-09-06,البرنامج بيهنج كتير وبيقطع,Negative
4dcc8c89-77e8-4b0a-b85c-d51db4417460,Orange Egypt,Telecom,5,2026-09-06,٥ نجوم,Positive
a9f0c4cd-e25c-4450-8b3a-0d0856d72f39,Orange Egypt,Telecom,5,2026-09-06,very good,Positive
5a5a43a0-d654-4049-ac71-10410ba294b7,Orange Egypt,Telecom,5,2026-09-06,افضل محفظة,Positive
654eed6b-bf7c-4fe7-903f-aaa1722b91f1,Orange Egypt,Telecom,5,2026-09-06,تمام,Positive
d908a680-ca2c-4659-9d4c-cd0b1d0db406,Orange Egypt,Telecom,5,2026-09-06,😍,Positive
feb9c238-485a-49f1-a1e1-f1346fcb0a4a,Orange Egypt,Telecom,5,2026-09-06,ضعيف جداا,Positive
87d0b3e4-4275-4653-b76c-0d598962953c,Orange Egypt,Telecom,1,2026-09-06,لو فيه أقل من كده تقييم كنت عملت بقى بيفتح بى نت يعنى لو انا عايز ابدل الخط لازم يكون معايا نت على الخط الى هبدل عليه,Negative
45d5d78a-03d1-4dc7-b17c-ff09cb22fd5d,Orange Egypt,Telecom,5,2026-09-06,🤩,Positive
558edc39-7749-4166-b5cc-6ac02ea5e6d0,Orange Egypt,Telecom,1,2026-09-06,السلام عليكم. معقول بقالي ٣ ايام بنزل في التطبيق حرام وشكرآ,Negative
69027049-551a-4e2e-9964-6a4ffba30926,Orange Egypt,Telecom,5,2026-09-06,برنامج رائع جداً جداً والله,Positive
51119393-6265-425a-9b52-5da631c1a130,Orange Egypt,Telecom,5,2026-09-06,تحت التجربة,Positive
60866c25-4437-4b7a-9bce-7aebde89a635,Orange Egypt,Telecom,5,2026-09-06,جميل جدا,Positive
7601b749-19b3-43b2-ba0e-73bb3b63b3f7,Orange Egypt,Telecom,1,2026-09-06,اسوء تطبيق واسوء شركه,Negative
9498fbf7-d11c-499f-bfb0-64e55b03ad48,Orange Egypt,Telecom,5,2026-09-06,حلو🍬,Positive
c917162a-dedc-468b-849f-2d0ad3f7af0b,Orange Egypt,Telecom,5,2026-09-06,ممتازه,Positive
bb1a843d-c441-4ac6-b847-6b506e476ddc,Orange Egypt,Telecom,5,2026-09-06,احله شركة في مصر,Positive
131caa41-f167-4062-96f9-d4152377d534,Orange Egypt,Telecom,5,2026-09-06,انا لسه محدثه من فتره وطالب تحديث اخر ليه كدا,Positive
38bb802d-fd61-4b65-ace4-d59e62aef8e8,Orange Egypt,Telecom,1,2026-09-06,تطبيق زفت والتعامل عليه بقا زفت،يعني اي اني لازم يكون معايا نت علشان افتحه حتى لو عايز اشحن من الكاش، وليه التحديث اجباري، انا بكتب الكومنت دا وهمسحه من على تليفوني,Negative
21213217-81a6-4af1-93d8-cfdab0b192ef,Orange Egypt,Telecom,5,2026-09-06,جدا جدا,Positive
b14e0187-02de-4bd3-a50b-8bd1d2c8ce24,Orange Egypt,Telecom,5,2026-09-06,تطبيق جميل,Positive
bf6e2ff4-1d1b-42a0-9ea0-99a97e114a5d,Orange Egypt,Telecom,5,2026-09-06,تطبيق جميل ولكن تحديثات كثيرة بدون فايده وأتمنى زياده الهدايا فى التطبيق,Positive
da249bae-ea09-48c1-a783-731bbcdb38df,Orange Egypt,Telecom,5,2026-09-06,جديد,Positive
2dc60fe6-0680-4f0b-8a05-4812be1073d2,Orange Egypt,Telecom,5,2026-09-06,جيد جداً,Positive
26b362fc-662e-4c04-b64c-586915810e69,Orange Egypt,Telecom,5,2026-09-06,كويس,Positive
9cc9fd17-6964-462f-a1f3-52ae6718cd77,Orange Egypt,Telecom,5,2026-09-06,تحفه,Positive
223952d8-73ff-431e-9a50-77fac9ea5923,Orange Egypt,Telecom,5,2026-09-06,عسل,Positive
41a2a219-1d8d-4d6e-9187-367dc743cc30,Orange Egypt,Telecom,5,2026-09-06,ممتازه,Positive
489b50e6-46cf-4f55-bde8-78d06abc5e98,Orange Egypt,Telecom,5,2026-09-06,ممتاز,Positive
9edf531c-7be9-4d2f-8824-f4e01379241c,Orange Egypt,Telecom,5,2026-09-06,🥰🥰,Positive
81bf6dcf-f80e-48bc-8755-2c66c269c52d,Orange Egypt,Telecom,1,2026-09-06,تطبيق فاشل فاشل فاشل فاشل وشركة اورنج فقدت مصداقيتها تماما ونحن مجموعة نبحث عن البديل,Negative
8f4504d4-1b58-4198-ab4b-22414b7bd111,Orange Egypt,Telecom,5,2026-09-06,good,Positive
a346026c-1a47-46b7-b63a-464c88b16ea0,Orange Egypt,Telecom,5,2026-09-06,جيد جدا,Positive
4ebd3519-4a96-4c14-941c-3a5c8e404746,Orange Egypt,Telecom,5,2026-09-06,ممتاز جدا,Positive
cb6247ca-f5f4-498d-9154-c26ff85859e1,Orange Egypt,Telecom,1,2026-09-06,زفت فاشل تطبيق عقيم,Negative
99c0c7b2-10e5-4b05-bfe9-0c92b17279ef,Orange Egypt,Telecom,5,2026-09-06,ممتازه,Positive
ae36aaf6-204a-464e-876a-6159c4402615,Orange Egypt,Telecom,1,2026-09-06,ممتعه,Negative
efe46f22-839b-4815-84cc-19b89f3cc5a2,Orange Egypt,Telecom,5,2026-09-06,ممتاز,Positive
6a29e22c-e6a0-487f-bebf-710ccf5f77db,Orange Egypt,Telecom,5,2026-09-06,جيده,Positive
bcc0a21b-2db1-47b8-8cd1-65054eded46f,Orange Egypt,Telecom,5,2026-09-06,تطبيق ممتاز,Positive
9453c0ef-db2b-4e51-b2b0-5e0cafda45a4,Orange Egypt,Telecom,1,2026-09-06,مبقاش يشتغل ع الموبايل بتاعي وبقي فاشل,Negative
3ba12718-1e78-4b6a-a15d-64a60c2efef7,Orange Egypt,Telecom,5,2026-09-06,ممتاز,Positive
ffe4f7aa-d10c-4a3c-9cf8-40df23435307,Orange Egypt,Telecom,5,2026-09-06,ممتاز,Positive
046d7df3-db0a-4ab4-bfc3-52f6ab7634c5,Orange Egypt,Telecom,5,2026-09-06,🥰🥰🥰🥰🥰,Positive
b0f01ed1-0087-4b4e-a317-4b8566ffd5c0,Orange Egypt,Telecom,5,2026-09-06,٠١٢٨٣٦٩٠٩٣٣,Positive
ae305232-e841-406e-9877-025637850339,Orange Egypt,Telecom,1,2026-09-06,أولا كذابين في موضوع هدايا البرنامج اشحن علي اساس الهديه متجيش ثانيا كل ما اعمل شكوى و محدش يرد مش بيردوا علي ولا بهتموا خدمه وحشه ثالثا كل شويه تحديث انا واحده بشحن كارت تحديث حضرت البرنامج بياخدوا 🫤 رابعا عجلة الحظ كلها كذبه بتجي كل مره اشحن باقه يجي لك مش عارفه ايه حطين نت و هدايا علي الفاضي مش بتجي حاجه منها,Negative
cbed1d6a-b3ad-47f5-a873-4a622471b6b6,Orange Egypt,Telecom,5,2026-09-06,حلوه اوي,Positive
2ed90d71-095b-4a30-be8e-e2e95986c214,Orange Egypt,Telecom,4,2026-09-06,Beautiful app,Positive
830ae699-8173-4572-aa69-b939ad39ec19,Orange Egypt,Telecom,5,2026-09-06,جتامد جامد فشخ,Positive
dd9150bd-36ac-43ae-99ab-20d4098a78b4,Orange Egypt,Telecom,1,2026-09-06,وانا كل يوم اخش على الجوجل عشان اعمل تحديث على ايه يعني هو مش تحديث مره واحده وخلاص,Negative
1c897f8c-139a-4d31-bf30-3ccb8380d102,Orange Egypt,Telecom,1,2026-09-06,لا,Negative
6c214d24-8995-4ce2-a325-64b98178950c,Orange Egypt,Telecom,5,2026-09-06,برنامج جميل جدا,Positive
af794ed9-c987-4c7c-8054-660fec53618e,Orange Egypt,Telecom,5,2026-09-06,تحفة جدا,Positive
d5b64dbf-19b9-4bef-a54a-e5ee8089bcff,Orange Egypt,Telecom,5,2026-09-06,جميل جدا تتبتبابنبؤنوؤنؤزؤوؤوؤنورورنروروررززر,Positive
a5ba3127-68f7-4878-a2be-2d8e31b8d185,Orange Egypt,Telecom,5,2026-09-06,تطبيق رأع جداً وانصح الجميع ب استخدامه,Positive
90df50f2-5fa2-4fe5-b972-705ba36d6a45,Orange Egypt,Telecom,1,2026-09-06,ازبل برنامج كل يوم تحديث حسو بي اللي بيشحنو كروت فكة وعدلو الشبكة الاول,Negative
0c21bd87-719f-42a4-a056-5689dc77ff9a,Orange Egypt,Telecom,1,2026-09-06,برنامج زبالة,Negative
54b96546-12b1-43cd-be55-a313e1ac1b63,Orange Egypt,Telecom,5,2026-09-06,احبه,Positive
2775d58c-1564-49ce-af1c-16db2fb8218d,Orange Egypt,Telecom,5,2026-09-06,ممتاز,Positive
d7852a76-38f4-4cdc-be0b-4b60d67657d4,Orange Egypt,Telecom,5,2026-09-06,افضل ابلكيشن,Positive
a7d3cb79-7f71-41f6-ab44-a8c15c56d9bb,Orange Egypt,Telecom,1,2026-09-06,التطبيق لا يعمل بعد التحديث برجاء الحل,Negative
1bbfd66b-70ff-4a65-8a0d-f93c581c98f6,Orange Egypt,Telecom,4,2026-09-06,حلو و ممتاز جدا,Positive
4656a6a2-069b-490d-949d-50d58677fb35,Orange Egypt,Telecom,1,2026-09-06,تطبيق زبالة كل يوم يقولى لازم احدث التطبيق والتحديث زبالة اصلا ومساحة على الفاضى وصعب ومش سلس خالص فى استخدامه,Negative
388d48b6-d006-496d-810a-03d90f5e41b3,Orange Egypt,Telecom,1,2026-09-06,التطبيق سيئ جدا و كل شويت عايز تحديث و بطيئ اوي,Negative
07fda9e8-3386-4924-9aed-d1ab9df05d3b,Orange Egypt,Telecom,1,2026-09-06,اوسخ تطبيق شفتو في حياتي,Negative
ceb84cd2-44b6-4b68-b8b9-7ca80d7cb9ef,Orange Egypt,Telecom,1,2026-09-06,اوسخ شركه على المستوى الاطلاق اورنج,Negative
6f696b11-f858-40e6-8ee5-f76758646c7a,Orange Egypt,Telecom,5,2026-09-06,رائعه,Positive
70f6f329-b220-45a2-a049-235c56c67717,Orange Egypt,Telecom,1,2026-09-06,تقيل جدا و بيعطل كثير قوي,Negative
f7240d7b-db4f-4c59-852d-c707e40ac692,Orange Egypt,Telecom,1,2026-09-06,تطبيق معفن ابلكيشن يقرف شركه فودافون احسن منه بكثير ما حدش يغلط الغلطه اللي ويجيب اورنج,Negative
93206033-1cc9-45b6-8edb-211daa98a56d,Orange Egypt,Telecom,1,2026-09-06,تحديث سيئ,Negative
e47f24a0-cc45-4452-b88c-ac643c821ba8,Orange Egypt,Telecom,5,2026-09-06,جامدددد ❣️,Positive
a8e7a533-dacd-48fa-8e30-3baf47d1b40d,Orange Egypt,Telecom,1,2026-09-06,فشل التنزيل ليه,Negative
ca000309-994a-4875-b7ee-6fd0ce690ead,Orange Egypt,Telecom,1,2026-09-06,تجربه بنت متناكه,Negative
d50b1c1d-ca9f-4b2e-9b8c-4519997a654a,Orange Egypt,Telecom,4,2026-09-06,روعه,Positive
2686773f-a12c-4fac-bef7-00dfbfbfec11,Orange Egypt,Telecom,1,2026-09-06,تحديث اجبارى مش حلو,Negative
b3dbac7d-0be8-49b5-af67-547a02d625f6,Orange Egypt,Telecom,5,2026-09-06,حلوه,Positive
9098b147-d079-4f47-b1bc-3428b8f833ad,Orange Egypt,Telecom,4,2026-09-06,جميل جدن,Positive
f591e3f9-f2fc-4ca5-8eb0-8c2a50e6d127,Orange Egypt,Telecom,5,2026-09-06,برنامج رائع جداً,Positive
262f7fd2-ffe2-462d-97a1-1d0da2bb6420,Orange Egypt,Telecom,5,2026-09-06,ممتاز,Positive
312dc624-eb43-443f-b68b-73e3916aad29,Orange Egypt,Telecom,5,2026-09-06,جميل,Positive
355e61a1-4d22-4ce3-ac1d-12d7f49d5b25,Orange Egypt,Telecom,5,2026-09-06,احسن شبكه,Positive
a9c798e1-f1f2-4262-8725-3689aab0dc15,Orange Egypt,Telecom,5,2026-09-06,تجربه جيدة جدا لكن كان لدي فوق الستين جيجا بايت انترنت لم احصل عليهم حتى الآن فإن قرأت الشركه هذا الموضوع فانا أطالب بـ60 جيجا بايت انترنت ياريت,Positive
3bf759c3-8eb9-439d-94ab-b6db5aad9506,Orange Egypt,Telecom,5,2026-09-06,محمد,Positive
8337ad52-6c47-4eed-9940-b54500534b89,Orange Egypt,Telecom,5,2026-09-06,تم,Positive
9cf83a9f-2f3b-4e97-b8c7-53f86f0b83dd,Orange Egypt,Telecom,5,2026-09-06,حلوه,Positive
af28e178-c793-4f2f-a215-e96ff8ebbe48,Orange Egypt,Telecom,5,2026-09-06,تمام,Positive
b8a0079e-85d3-4d38-b3e3-f7844b2e4cb8,Orange Egypt,Telecom,5,2026-09-06,تطبيق جميل جدا,Positive
94d629fe-1805-4499-b0aa-f5ede88c1985,Orange Egypt,Telecom,5,2026-09-06,حلو,Positive
2b97267b-fa81-4cf5-87cb-4733e31c4517,Orange Egypt,Telecom,1,2026-09-06,تحديث فاشل,Negative
4685e5d2-7e9d-447d-a4bc-0ce2270ed168,Orange Egypt,Telecom,4,2026-09-05,رائع,Positive
5a7feaca-69da-4646-a883-5b0ea08b6550,Orange Egypt,Telecom,5,2026-09-05,برنامج جميل جدا جدا جدا جدا,Positive
cad46068-ec04-47a4-9a34-7f71653d7f51,Orange Egypt,Telecom,1,2026-09-05,👎👎👎👎👎👎,Negative
d8a97a88-bd5c-4736-a111-87312bf8e0cf,Orange Egypt,Telecom,1,2026-09-05,البرنامج بقي فاشل وبيقف كثيير ودائم التحديثات ياريت تبطلوا هبل وتأليف علشان محدش يزهق منكم,Negative
2e294dbe-e2cc-4620-9a53-b879de0d5aba,Orange Egypt,Telecom,1,2026-09-05,انترنت بتاعه ضعيف جدا,Negative
02e727c9-88c7-4029-b7d4-8461cf23cf68,Orange Egypt,Telecom,1,2026-09-05,هو مش راضي يشتغيل اصل معا هو اصلا مش راضي يشتغل معايا انا تعبت انا كل ما افتحه بيهنج ويعمل حاجات غريبه افتحه وانا مش راضي مش عارفه اشغله اصلا المفروض انتم تتولوا الحاجات دي خبر ايه الواحد مفروض لما يفتح موقع يبقى مفتوح على طول مش مضطر ان هو كل شويه يستناه ساعه ما يفتحش ايه ده افتحه لي يلا انا عايزه يتفتح على طول مش عايزه تصدير جديد بقى لي ليه مش فاضيه له غير هو والنبي افتحه لي بقى انا زهقت بجد والنبي افتحوا افتحوا افتحوا بتاعي لو سمحت افتحوا انا تعبت بجد انا مش هقدر استحمل اكتر من كده الحاجات دي,Negative
f85cdf75-7916-41ef-b0c1-70ceed14f6db,Orange Egypt,Telecom,5,2026-09-05,تحفه,Positive
46974e8f-21c5-4ff1-a419-d604006c2d9c,Orange Egypt,Telecom,2,2026-09-05,في الابلكيشن من فين اعرف الرصيد يا بهايم ؟؟ وكل شويه يطلب تحديث بطريقه غريبه !!!!!,Negative
28a90b8d-7f9f-48f0-9c0b-58eff08c2db0,Orange Egypt,Telecom,1,2026-09-05,مش بيدي ٥ جيجا كتير,Negative
451e58ad-a8a2-44cb-9d30-de8c92b03a4d,Orange Egypt,Telecom,5,2026-09-05,تطبيق رائع,Positive
ecff3581-5859-4657-98ec-78b27516996b,Orange Egypt,Telecom,5,2026-09-05,رائع جدا,Positive
6208e7c2-a72d-4830-927e-f2dabba7ba28,Orange Egypt,Telecom,5,2026-09-05,وحش,Positive
0c6a5d3f-57d2-4861-8876-1b9f24cea8bb,Orange Egypt,Telecom,5,2026-09-05,جامد جداااااااااااااااا,Positive
9a5b4487-1bf2-4e46-ab75-cc900d321c0d,Orange Egypt,Telecom,1,2026-09-05,سي,Negative
8f74b9b3-66f3-4b13-9706-775b4720d68a,Orange Egypt,Telecom,5,2026-09-05,أصبح اسرع و اجمل,Positive
4d41210a-851c-4b98-b916-6ba8f38faada,Orange Egypt,Telecom,5,2026-09-05,تطبيق جيد,Positive
f565a152-8c94-4f0a-b324-2cac7ca5a277,Orange Egypt,Telecom,5,2026-09-05,ممتاز,Positive
fad50d0c-d67f-4928-b38c-324aebf12641,Orange Egypt,Telecom,1,2026-09-05,بطئ جدا,Negative
f1196268-df63-4078-a0df-8208deb389ba,Orange Egypt,Telecom,5,2026-09-05,حولت,Positive
913bbdf0-df96-4f9d-93a2-7b874cd86127,Orange Egypt,Telecom,5,2026-09-05,رائع بس كل شويه عايز يتحدث,Positive
8476d1a3-d996-4daf-8832-2536b9b385c4,Orange Egypt,Telecom,1,2026-09-05,لا اعرف بيانات المكالمه ماذا افعل,Negative
2f983695-145d-492d-ad34-f79aaebc787a,Orange Egypt,Telecom,5,2026-09-05,هو حلو بس لو تحسن الشبكة شويا تبقا احلا,Positive
0a3a6ef2-b77c-4643-9941-f0b3f63c6c56,Orange Egypt,Telecom,5,2026-09-05,جيد جداً,Positive
6d04277b-4ebd-48b4-934d-fb3f66158ce4,Orange Egypt,Telecom,5,2026-09-05,تطبيق عملي,Positive
d4d3f6bd-5eaf-4b33-83f6-26d212865223,Orange Egypt,Telecom,1,2026-09-05,انا مش عايز احدث,Negative
b9524c54-7343-4134-95d7-72ee8e19a3b2,Orange Egypt,Telecom,5,2026-09-05,جميل,Positive
90e5ac38-a1b3-41d4-a3df-d7630c9981ed,Orange Egypt,Telecom,5,2026-09-05,ممتاز,Positive
fbfcafee-3d70-42d7-8438-13a8a746decb,Orange Egypt,Telecom,5,2026-09-05,جامد,Positive
8ab3605f-93ee-469c-9ad1-9dcdf2f8b0a6,Orange Egypt,Telecom,5,2026-09-05,حلوه,Positive
2b8af5c5-4deb-4b7f-b6e2-645d8090f059,Orange Egypt,Telecom,5,2026-09-05,تطبيق كويس جداً عروض مش موجوده في اي ابليكيشن تاني وشبكه سريعه في كل وقت شركة اورانج الاقوا,Positive
31e35d27-bc9f-4fe1-9064-d3f412b0a4ed,Orange Egypt,Telecom,5,2026-09-05,ممتاز,Positive
564ff4cd-228b-42c4-9918-231791392fcf,Orange Egypt,Telecom,5,2026-09-05,حلو,Positive
d8bfb2ee-d1eb-405d-8f3b-9f345678760a,Orange Egypt,Telecom,5,2026-09-05,good,Positive
f010f60c-015a-4d56-ac11-5b0c319dd40d,Orange Egypt,Telecom,4,2026-09-05,بس مش بيتحدث بس جميل,Positive
6a64d027-bdd8-4e69-ae0d-b7db8d963fac,Orange Egypt,Telecom,5,2026-09-05,حلو ❤,Positive
500bb0fb-6666-45da-9237-4fa5fda6a9e8,Orange Egypt,Telecom,2,2026-09-05,التطبيق بطئ جدا جدا وا سي في مرا كونت عايز احول فلوس قالي لازم التطبيق يتحدث وا الزبون مرداش يستنا اكتر مش بيستهال غير ٢ نجمة,Negative
b25aca20-76e2-45dc-924a-bc6d13c5da8c,Orange Egypt,Telecom,5,2026-09-05,تمت,Positive
50aa58f6-332e-4dc5-a828-c5eccbc24d09,Orange Egypt,Telecom,1,2026-09-05,نصب واحتيال,Negative
63409178-2f57-4848-8b5f-5ed365f43e99,Orange Egypt,Telecom,5,2026-09-05,حلوه وسريع,Positive
53e4bf66-588c-44ec-801c-3309bb6a254f,Orange Egypt,Telecom,5,2026-09-05,تتطبيق كويس جدا وفي مزايا جميله بس عجله الحظ مبتجبش وحدات هديه,Positive
dfe0459b-faaa-41f6-b01b-c7a5bed53a47,Orange Egypt,Telecom,5,2026-09-05,تطبيق جميل وفادني بصراحه وبيجيب هدايه كتيره جدا والمشكله ان عجله الحظ مبتجبش هدايا لو تجيب تجيب هدايا يبقي كويس جدا جدا جدا,Positive
3fda7aa9-adfb-4204-b859-ddfcedbae7db,Orange Egypt,Telecom,1,2026-09-05,معفن,Negative
382a7f7a-62ab-4689-a6f6-995d1ac43495,Orange Egypt,Telecom,5,2026-09-05,شكرا بجد شركة اورانج احلي شركه بمصر,Positive
f9ed0e94-5e1b-487b-b24d-76053bd2e91d,Orange Egypt,Telecom,5,2026-09-05,ممتاز,Positive
7dbadf9a-8179-4363-a1bd-98d2b59c586d,Orange Egypt,Telecom,5,2026-09-05,جميل ولطيف بصراحه مع اني كانت خايفه من تجربة ٠١٢ بس مبسوطه جدا من تجربه دي,Positive
29020ceb-382a-49d4-8f46-1d8bd3d50992,Orange Egypt,Telecom,5,2026-09-05,ممتاز جدآ,Positive
25483bf8-125f-4c74-8496-7e1bc76e253c,Orange Egypt,Telecom,5,2026-09-05,جيد,Positive
4504620d-4d8d-4c51-8849-7fcc925e5cc1,Orange Egypt,Telecom,3,2026-09-05,لية كل فترة قصيرة تحديث,Neutral
71585ee8-95a4-4ccf-95a1-1c225ed28bd9,Orange Egypt,Telecom,5,2026-09-05,حلوه اوي اوي اوي اوي اوي اوي اوي اوي اوي برنامج رائع جدا,Positive
25efff85-e8df-4c34-9bec-e71a227acd44,Orange Egypt,Telecom,5,2026-09-05,مره ممتاز,Positive
d72411e4-0fb2-4600-b8ad-fe7af61efef4,Orange Egypt,Telecom,5,2026-09-05,انهو برنامج راااااااااااااع ❤,Positive
a65c2ce7-9b5c-42c8-993c-f232ec3d3941,Orange Egypt,Telecom,4,2026-09-05,اسقاىسثبات ليس ثقلزليب. بي. فقرر رسيتييزؤ،سسؤب,Positive
cea95c74-67c2-4197-9a0f-332c490bcc72,Orange Egypt,Telecom,5,2026-09-05,رائع,Positive
f4f4f8d4-631a-4cdb-ac22-bc5d47b4f5c8,Orange Egypt,Telecom,1,2026-09-05,والله العظيم شركه اورنج رنجه فسيخ ملوحه ملهاش لازمه ببصله,Negative
ce29d100-c445-4b89-b6cd-959687d499b8,Orange Egypt,Telecom,5,2026-09-05,ممتازة,Positive
fe6b594c-3b1c-4bc3-b98e-b664df27e531,Orange Egypt,Telecom,1,2026-09-05,يرجى تنظيم البرنامج,Negative
984a185b-81bb-4291-87da-a44d8c7b6e5b,Orange Egypt,Telecom,5,2026-09-05,ممتاز جدا جدا جدا,Positive
2c3139ac-ce58-4269-a08b-cf8507269440,Orange Egypt,Telecom,5,2026-09-05,تطبيق رائع,Positive
cdfe54f8-aad8-49a3-bdec-df0decaf6f18,Orange Egypt,Telecom,1,2026-09-05,سوال لما اشحن كارت الساعة ٥ ويجيجيلى ٢٢٥٠ وحدة وكمان ١٢٥٠ ميجا وكمان ٢٥٠ ميجا والكارت ٥٥٠ وانام المعرب وعاملة وضع عدم الازعاج الصبح كله طار كنا بفتح نت بالحلم الموضوع زاد وعندى كل يوم كارت فيه ايه نشتكى لمين منكم على فكرة انا بعت الرسالة من شبكة فودافون,Negative
64c97219-b612-45af-ac72-6eaa33261ea5,Orange Egypt,Telecom,4,2026-09-05,تم,Positive
bbc7bcaa-7819-4117-bf52-5a82a937febe,Orange Egypt,Telecom,5,2026-09-05,انه رائع جداً وكمان اجمل شي فيه لعبة الحظ,Positive
cd848bb8-2d33-42f0-a3c3-f1988eec364e,Orange Egypt,Telecom,5,2026-09-05,اكيد جميل,Positive
ba8670ab-dd53-428e-9ede-35f2690c13e4,Orange Egypt,Telecom,5,2026-09-05,ممتاز,Positive
3ae28699-cf20-4064-8dc0-8468827a883c,Orange Egypt,Telecom,1,2026-09-05,جيد لكنه يحتاج إلى تحديث كثيرا,Negative
52b39d48-077b-4693-9e02-d839e45a7d08,Orange Egypt,Telecom,1,2026-09-05,برنامج عبيط كل يومين تحديث ومفيش بنشوف فايدة التحديث,Negative
75e23035-bf07-42e4-a973-80319fd13cd4,Orange Egypt,Telecom,5,2026-09-05,ممتاز,Positive
ed46a347-94d3-41f5-9259-fb84b1303b54,Orange Egypt,Telecom,2,2026-09-05,حلو بس مش بيشتغل غير لما يتحدث اي ده بجد,Negative
797e1f68-d67e-49e6-823a-e6a66c72576b,Orange Egypt,Telecom,3,2026-09-05,النظام الجديد مش حلو نهائي و بيلغبط,Neutral
ff4cc764-9d1f-453f-adc9-bb533a26f97e,Orange Egypt,Telecom,5,2026-09-05,احلى تقييم لعيونك,Positive
b3d190c4-418f-465f-98a5-063fce5f1155,Orange Egypt,Telecom,5,2026-09-05,كريمه محمد,Positive
e68bf2f4-365f-462f-9e73-b3679f151272,Orange Egypt,Telecom,5,2026-09-05,حلو,Positive
4bcc0960-ffc0-4858-98e7-1819feb01115,Orange Egypt,Telecom,1,2026-09-05,فين عروض 012 ليه مش بتيجي,Negative
49042aae-853b-4055-85e4-f8d475c64d87,Orange Egypt,Telecom,3,2026-09-05,سعيد الهواري كرزمه البلد,Neutral
1307e094-cd63-450b-bf19-c6f5c4ff6d03,Orange Egypt,Telecom,1,2026-09-05,ممتاز ه,Negative
0dae1134-a878-428a-bb52-41a6cbd72436,Orange Egypt,Telecom,1,2026-09-05,هو جد بس عجله الحظ مش بتدي هدايا خالص المفروض مع كل شحنه هدايا بس التطبيق مش بيعطي على طول,Negative
f21d8ee8-10b5-4797-b0d4-2ebb9aedb798,Orange Egypt,Telecom,1,2026-09-05,تطبيق سيئ جدا جدا وخدمة العملاء زي الزفت في التعامل والانتظار,Negative
3dcad398-9384-45fd-9dc2-c215ec3f4805,Orange Egypt,Telecom,1,2026-09-05,بيض,Negative
54935c6d-0958-4466-95ca-397548fff8b3,Orange Egypt,Telecom,5,2026-09-05,ممتاز جدآ ومبتكر من حيث ديزاين البروفايل وتصميمه اكثر من رائع,Positive
6c187023-ac02-4e42-8ca0-78542e2c068a,Orange Egypt,Telecom,5,2026-09-05,كله تمام,Positive
df200322-dbc7-45d0-a492-55e1fbcc9115,Orange Egypt,Telecom,5,2026-09-05,ممتاز جدا,Positive
5388ed93-fa2a-4e4e-b239-1351e69d884d,Orange Egypt,Telecom,1,2026-09-05,يعلق كثيرا,Negative
8725582f-ad12-47db-ad78-fd26b603158d,Orange Egypt,Telecom,5,2026-09-05,جميل جدا,Positive
fcb15947-d55b-44c7-aa5a-6f8db666d96b,Orange Egypt,Telecom,5,2026-09-05,كده عسل,Positive
d11703ee-52d0-47a2-8239-a9d6dac16665,Orange Egypt,Telecom,5,2026-09-05,حلو,Positive
20c8ccc5-3644-4504-beea-38a2e48f51f8,Orange Egypt,Telecom,5,2026-09-05,اعطوني هدايا,Positive
9bf0726e-abfc-47af-9206-bb8b755dd94f,Orange Egypt,Telecom,1,2026-09-05,اوسخ شركه في مصر,Negative
f1d3af9a-6f48-49cc-a7df-b1018f36f5b8,Orange Egypt,Telecom,1,2026-09-05,تطبيق سيء جدا كل شويه تحديث ، وعجله الحظ مبتجبش حاجه غير عرض شحن او تجديد,Negative
7219930f-a3c7-454b-abf8-a3fffc1752cd,Orange Egypt,Telecom,5,2026-09-05,برنامج اكثر من رائع... شكرا جزيلا لكل المشرفين والإداريين على هذا البرنامج...,Positive
65b59f5a-f9b5-4249-9157-e502fc9c26d6,Orange Egypt,Telecom,5,2026-09-05,هو جميل جدا بس ياريت نزود الهدايا شويه اصلا مفيش هدايا خالص والعب لعبه عجله الحظ مفيش بس في حجات فيه تحفه هو جميل بصراحه وشكرا,Positive
5f245f78-2acf-4127-99ca-f1ab1b259a18,Orange Egypt,Telecom,1,2026-09-05,مش شغال شركة وسخه,Negative
fa0da2bb-0742-446b-9567-a21de57afb4d,Orange Egypt,Telecom,5,2026-09-05,الابلكيشن ده ممتاز وكويس جدا انصح الكل ب تجربته,Positive
4dee3a5c-3439-486b-b19c-0e7e6e0da12f,Orange Egypt,Telecom,1,2026-09-05,التحديث الجديد زفت وكل كام يوم بيبقا عاوز يتحدث 🙂 النسخه القديمه منه افضل,Negative
023b3b12-1dc3-427f-83ce-cda4df4bb4b7,Orange Egypt,Telecom,5,2026-09-05,ممتاز جدا,Positive
fda75edc-6956-4c8f-9058-aa0013c8ab89,Orange Egypt,Telecom,5,2026-09-05,تطبيق سهل وجميل وبه كل ما تحتاجه انصح بتحميله,Positive
898ecb53-e8b7-4d61-8da7-8a65496ab308,Orange Egypt,Telecom,3,2026-09-05,استخدامه حلو وسهل اوي والله,Neutral
99bf2580-3bd6-4451-bdf4-6da5ed592eca,Orange Egypt,Telecom,5,2026-09-05,تطبيق جميل,Positive
97fb4fa1-c924-4f91-a65e-48d504a6ebdd,Orange Egypt,Telecom,5,2026-09-05,ممتاز,Positive
a5f92278-6bf4-4322-a92f-feaf1b4c53c5,Orange Egypt,Telecom,5,2026-09-05,تطبيق جميل جدا,Positive
c49c7cd4-2c73-4980-95ea-ac1a90708fff,Orange Egypt,Telecom,5,2026-09-05,بجد تطبيق تحفه و جميل جدا جدا انصحكم بالتجربه,Positive
d8a98051-9f0f-4aca-964a-17a97a7261c5,Orange Egypt,Telecom,5,2026-09-05,محمد رضا,Positive
c611e1dd-6dd6-4054-8408-c0cf84a0b618,Orange Egypt,Telecom,4,2026-09-05,البرنامج جميل وبيتيحلك كل الخدمات اللي عايزها بس المشكلة أنه كل مرة عايز تحديث جديد,Positive
d48b7bdc-bc5d-44fc-9e64-abcd72e0eadc,Orange Egypt,Telecom,1,2026-09-05,سيء,Negative
ecfc52b3-d114-4be5-bc69-96dd5c887114,Orange Egypt,Telecom,5,2026-09-05,البرنامج مش وحش بس عايزين نزود الهدايا شويه البرنامج رائع جداااااااااااااااااااااااااااااااااااااااااااااااااااااااااااااااااااااااااااااااااااااااااااااااااااااااااااااااااااااااااااا,Positive
c92a74ea-3a28-4a5f-91d4-7047ec38ce4b,Orange Egypt,Telecom,5,2026-09-05,م م ت ا ز,Positive
d104c3d7-faab-4a05-b382-6fc02f6ae575,Orange Egypt,Telecom,5,2026-09-05,جميل جدا,Positive
09511986-8fbc-4a92-ab6e-d388e8a5749e,Orange Egypt,Telecom,5,2026-09-05,ممتاز جدا,Positive
948f0d77-3a08-4aa1-b280-ed081140cd2e,Orange Egypt,Telecom,5,2026-09-05,صاصا وبس,Positive
387e6aa2-b0a6-415f-b91b-3aa7d042e335,Orange Egypt,Telecom,1,2026-09-05,ابلكيشن سئ والتحديث خلاه أسوء وأسوء,Negative
6b00d4c6-9b99-407e-bb56-93381f897a35,Orange Egypt,Telecom,1,2026-09-05,التحدث الجديد دا سي جدا جدا,Negative
cf51369e-cfe7-434b-aa72-4b4eb33fc326,Orange Egypt,Telecom,5,2026-09-05,ممتاز جدان,Positive
9ea2b755-cde8-43ab-a69b-5c3dba92d612,Orange Egypt,Telecom,4,2026-09-05,البرنامج رائع جدا وسلس في التعامل,Positive
dde20af0-6a99-4fde-a602-9309b9210e77,Orange Egypt,Telecom,5,2026-09-05,هو الصراحه بعد التحديث الجديد بقى كويس وبتنقل معايا كويس شكرا للاهتمام واتمنى تطوير,Positive
a90ef4eb-ee42-4de0-a169-5c992f25e662,Orange Egypt,Telecom,1,2026-09-05,مش راضي يتثبت تطبيق وحش,Negative
8c9b7567-fcb0-4d89-82b2-18aedfb47e16,Orange Egypt,Telecom,5,2026-09-05,حلوا,Positive
cd3f6f0f-a53d-4796-9bd7-d7a1f9d70347,Orange Egypt,Telecom,5,2026-09-05,جيد جدا,Positive
c67230d9-92c1-4776-9fe3-3f4090807863,Orange Egypt,Telecom,2,2026-09-05,خخخخخخخ,Negative
ea9cc6f8-17dd-4639-a992-e3f1153df466,Orange Egypt,Telecom,5,2026-09-05,تحفة,Positive
b21e258e-8135-4362-a468-41a2605f81f8,Orange Egypt,Telecom,1,2026-09-05,تطبيق سيئ عايز تحديث كل اسبوع والتحديث بيأخذ 100ميجا ولو فاتح اي شبكة ثانيه مبيفتحش,Negative
ff8548eb-9925-45f4-9b13-a310acee8d5a,Orange Egypt,Telecom,5,2026-09-05,ممتازه,Positive
373c8c71-cf21-40fb-94c1-1bcd8e016566,Orange Egypt,Telecom,5,2026-09-05,أرجو الإتصال بمطور البرامج,Positive
74e4af6d-cef8-446b-88f0-3b4c1e2f9977,Orange Egypt,Telecom,5,2026-09-05,رائع,Positive
34c41e91-37d2-4966-8fcb-ad2690d2604c,Orange Egypt,Telecom,5,2026-09-05,100/100حلوة,Positive
ba8b65a7-668c-413d-bb63-0224b9fabebf,Orange Egypt,Telecom,5,2026-09-05,انهو برنامج مميز وسريع الاستخدام شكرن لى كل عملاء اورنج,Positive
13a2e385-a3f3-4358-9cb7-16f21f77a1cf,Orange Egypt,Telecom,1,2026-09-05,هي شركة اورانج عاماً مش حلوة و التطبيق مغيرش حاجة,Negative
db52de38-8410-4b4e-a9f7-acd8be3af4ef,Orange Egypt,Telecom,5,2026-09-05,ممتاز,Positive
fe4bae50-0f9c-47b6-b049-edaac7af6dc5,Orange Egypt,Telecom,1,2026-09-05,التحديث الاخير سئ ومتاهه ومعظم العروض الظاهرة فى الابلكيشن وهمية,Negative
14ceea39-d953-45b2-b9aa-a9cf8c2d41d9,Orange Egypt,Telecom,5,2026-09-05,ممتاز,Positive
90c6d45a-eb1b-4f68-92d0-7c034d4046e5,Orange Egypt,Telecom,1,2026-09-05,شركة نصابة عروض الشحن بشحن ومش بلقي حاجة,Negative
04957102-72e0-412d-877d-bd872b1b2132,Orange Egypt,Telecom,5,2026-09-05,تطيبق جيد,Positive
13478f7a-9601-49f2-9540-1234e8e71313,Orange Egypt,Telecom,1,2026-09-05,تطبيق وشركه زباله بيسجل لوحده كل يوم ويسرقو الرصيد يديك الهديه ومبيعرفكش انها هتنتهي وبعدها يسحلو رصيدك,Negative
320bfd5a-7878-42b1-a72e-1a216df7e9d7,Orange Egypt,Telecom,5,2026-09-05,العملية تمت من على حسابى ولم تسمع فى حساب الاستور,Positive
ec538616-18de-41e7-9dd7-3c9e8c40f63d,Orange Egypt,Telecom,5,2026-09-05,شركه محترمه,Positive
37f7fc5e-8155-46dd-99e1-2964dead9f2d,Orange Egypt,Telecom,5,2026-09-05,برنامج كويس جدا بس مشكلته ان بيطلب تحديث على طول,Positive
0355de38-8603-46b7-ac4a-46371e476ea2,Orange Egypt,Telecom,5,2026-09-05,جيد حدا,Positive
2d6dd009-604e-4458-8dbe-30a2dd3bae8f,Orange Egypt,Telecom,1,2026-09-05,ليه كل شويه تحديثات. ، الموضوع مش طبيعى و ليه تجبر العميل على التحديث غير اذا كان وراها مصلحه. ، اسلوب قذر و غير مقبول,Negative
2de611fa-5a36-4550-a122-2eb62721d0f0,Orange Egypt,Telecom,1,2026-09-05,اخر تحديث فاشل في معظم الخدمات مثل ارقامي وخدمات الدفع,Negative
6c671dfa-a470-4d27-b5d3-3073a87a3b32,Orange Egypt,Telecom,5,2026-09-05,تجربة موملة كل شويا تحديث خرة,Positive
4b9de760-90f4-4e79-a685-cdb87cf95837,Orange Egypt,Telecom,5,2026-09-05,تم تم تم تمم,Positive
26e408b5-02fc-4ef6-8d4b-20c807471184,Orange Egypt,Telecom,5,2026-09-05,جيد,Positive
fd12ef88-a066-4e49-ac34-7073080f304a,Orange Egypt,Telecom,1,2026-09-05,التطبيق جميل بس للاسف الشبكه دايما ضعيفه ودي مشكله بقالنا كتير بنعاني منها وعجلة الحظ مالهاش لازمه ياريت تلغوها لانه مفيش تعديل فيها ويعني ايه عروض وهدايا والحق اشحن عشان الهدايه وفي الاخر 30000 ميجا في 6ساعات اعملها ازاي افتح واي فاي للمنطقه ياريت تحترموا عقول الناس ويكون في تطور للاحسن مش نرجع,Negative
cd16d140-837b-45af-993f-1eafd5ca81c0,Orange Egypt,Telecom,5,2026-09-05,عايزين هدايا في عجله الحظ,Positive
159822f5-d884-4f41-aa79-5e4cb82b2196,Orange Egypt,Telecom,5,2026-09-05,"اتمني يكون في هدايه كل يوم وديما اثناء مشاهده الاستهلاك الوحدات لا يظهر بيبقا مبيظهرش بيقول هذا الخدمه غير متوفره برجاء المحاوله لاحقا"" وعجله الحظ بتركز علي اشتراك انترنت فقط مازلت عجله الحظ مش بتجيب هدايه عروض نت فقط وياريت عروض حلوه بطططططيخ",Positive
351be647-2617-44b1-b222-4aa84d8da4db,Orange Egypt,Telecom,5,2026-09-05,انا احب ماي اورنج,Positive
1f4cf1ec-1a0b-450e-b4a3-f01f8268c0c7,Orange Egypt,Telecom,2,2026-09-05,هو كل شويه تحديث !!!!,Negative
bc9e67b5-4712-42ca-9d08-b93937b95a0b,Orange Egypt,Telecom,3,2026-09-05,مبيفتحش الي من النت الخاص بشريحة,Neutral
4b5c7ed8-a522-4bdf-853b-8464f747fd3c,Orange Egypt,Telecom,1,2026-09-05,تطبيق سىء جدا وما يطلبش تحديث الا لما النت يكون خلصان عندي وبحاول اشحن من التطبيق يكتبلي تحديث المفروض يكون فيه ذكرني لاحقا لكن هو اصلا مش بيفتح الا لما تحدث طب أحدث ازي والباقه خلصت وعوزه اجددها,Negative
298be267-458d-49f0-b4dd-4e4eed426f15,Orange Egypt,Telecom,1,2026-09-05,تطبيق سئ كل يومين يطلب تحديث ومفيش جديد خصم رصيد وخلاص بدون استفادة,Negative
33b86f9e-2831-4f01-84aa-6b5670fffd2e,Orange Egypt,Telecom,5,2026-09-05,ممتازه,Positive
3f6a2976-269a-40b4-a6f9-a16b09d09ac9,Orange Egypt,Telecom,5,2026-09-05,نرى تقدم رائع وجميل جدا شكرا اهتمامكم,Positive
aa294f2e-3cca-413f-ba4c-1c91cb745c50,Orange Egypt,Telecom,5,2026-09-05,هذا التطبيق جميل جداً,Positive
4133eb8e-8246-41e1-8142-40b82f8a57c7,Orange Egypt,Telecom,4,2026-09-05,انها جميله,Positive
c5bc86e1-09de-4c88-9045-1ab61cbff514,Orange Egypt,Telecom,5,2026-09-05,واواو👍👍👍👍👍👍👍👍👍👍,Positive
98cb6554-65ce-438c-9e98-6b2c9bf603be,Orange Egypt,Telecom,5,2026-09-05,رائع بجد روعة,Positive
71083808-5519-42c3-bbe5-ffb09f9426b1,Orange Egypt,Telecom,5,2026-09-05,ممتاز,Positive
e7c0cfad-8a1e-4a19-966e-2f9d0d5ee46d,Orange Egypt,Telecom,5,2026-09-05,اورنچ,Positive
5df13e0d-aff4-4fab-a8d6-d158a422a588,Orange Egypt,Telecom,4,2026-09-05,ماى. اورنج اكويس. بس. الشبكة ضعيفة,Positive
20c28b19-a971-4bab-b952-8b92a98d0f06,Orange Egypt,Telecom,5,2026-09-05,جميل جدا,Positive
6cef696b-1c4d-4cf8-a487-94c0cd5b7167,Orange Egypt,Telecom,5,2026-09-05,تطبيق مش كويس خالص كل شوية تحديث,Positive
1a8efb20-2a27-4961-ba26-1beb0303c426,Orange Egypt,Telecom,5,2026-09-05,جامد طبعااا,Positive
b2573e6e-1716-4501-a48e-86ec36c9dd3f,Orange Egypt,Telecom,5,2026-09-05,هو تطبيق حلو بس المشكله بتاعته,Positive
9ff73884-38aa-4562-8675-af9e5e8eadf5,Orange Egypt,Telecom,5,2026-09-05,بيجيب هدايا كتيى,Positive
3653c5f0-cd13-4f6c-ad56-0027ddc37fcf,Orange Egypt,Telecom,5,2026-09-05,ممتاز جدا,Positive
31c5eb82-d915-461c-82e4-cda90ca747ee,Orange Egypt,Telecom,5,2026-09-05,تحت التجربه,Positive
ab1ca9d2-8b6c-48cb-9719-003f1a595fe4,Orange Egypt,Telecom,1,2026-09-05,مش بيشتغل من غير نت,Negative
b299909b-785a-4b58-872a-4ec89591efa7,Orange Egypt,Telecom,5,2026-09-05,جميل جدا ورائع,Positive
dd8281ba-e043-4727-9c5e-2c92b1742792,Orange Egypt,Telecom,4,2026-09-05,ياسسسسسيسسسسسسسسسسس يصل سسسسسسيسسيسييسسيي سسسسسسيسس سريسيسب سيسيؤريييييييؤ بس سي س ضد,Positive
81b29a16-9a36-4d63-a833-a7439c8acf87,Orange Egypt,Telecom,1,2026-09-05,سيئ,Negative
81697bb1-74e8-4803-ba72-e75753f622b5,Orange Egypt,Telecom,5,2026-09-05,تطبيق جميل جدا,Positive
11251a71-d000-49f8-ad0c-587dc0256b23,Orange Egypt,Telecom,5,2026-09-05,جيد جدا,Positive
ba7453a6-2376-4393-897e-b87b0833cf2f,Orange Egypt,Telecom,5,2026-09-05,افضل برنامج ابلكيشن اورنج مصر❤️❤️,Positive
d8dadac6-c70b-4a13-aeb5-470b9fe08755,Orange Egypt,Telecom,5,2026-09-05,خدمه ممتزه,Positive
ceb8a5f2-a40c-470b-a9a4-64db5d1d559c,Orange Egypt,Telecom,4,2026-09-05,مش مهم.,Positive
6b0bb31a-e91f-472c-900d-100d27e2e428,Orange Egypt,Telecom,5,2026-09-05,ممتاز,Positive
3dbd1393-bce2-4969-a3c2-3737818c7732,Orange Egypt,Telecom,5,2026-09-05,التطبيق جميل جدا وأنصح بتحميله بشده لانه يقدم عروض ممتازه,Positive
65b06321-15f1-42c4-a042-4565b29e3241,Orange Egypt,Telecom,1,2026-09-05,عاو.ز اغير الشركة,Negative
448c66a1-c45e-4a9b-abe7-40fd70005c4b,Orange Egypt,Telecom,1,2026-09-05,اتحديثات كتير كل شويا بيقول حدث التطبيق,Negative
db46051f-47e1-4981-9436-845e10b2b06e,Orange Egypt,Telecom,2,2026-09-05,سي للغاية,Negative
48e39322-467f-4cae-a31f-a69a6e21df59,Orange Egypt,Telecom,1,2026-09-05,سئ جدا اخر تحديث مش بيفتح وحاجه تقرف,Negative
5f4c2a5a-1e4c-471f-ad77-4b612d83f7c6,Orange Egypt,Telecom,5,2026-09-05,مميز,Positive
48fe61d6-9a62-453e-a398-43699823a446,Orange Egypt,Telecom,5,2026-09-05,هدايه كتير اوي,Positive
caa821e8-1102-43e5-a2eb-b72ea26db8cc,Orange Egypt,Telecom,5,2026-09-05,تحفه,Positive
2de11fd6-eb21-4b8d-8f21-7f8093228758,Orange Egypt,Telecom,5,2026-09-05,ممتاز,Positive
1277dc1c-5fb2-452e-86d4-da73188c172f,Orange Egypt,Telecom,5,2026-09-05,جيد,Positive
72199d8d-52b2-4d22-8ea3-f967d3db6e73,Orange Egypt,Telecom,5,2026-09-05,برنامج زباله,Positive
c053830c-91a1-43ce-acf5-65c78556d436,Orange Egypt,Telecom,5,2026-09-05,جمبل,Positive
5ab26527-6c0d-401c-addb-6c80ac4d35b6,Orange Egypt,Telecom,5,2026-09-05,جيدا,Positive
89fb7f44-cec4-4b01-8ac7-09e799856bd7,Orange Egypt,Telecom,1,2026-09-05,انا بالفعل محمله الابليكيشن ومرة واحده مبقاش يفتح ولازم تحديث وانا معنديش مساحه عشان يحمل لازم أمسح ع الاقل 4 ابليكشن ليه يعنى التحديث مش إجبار لو عاوزة احدث هحدث حاجه زفت يعني,Negative
203a5a2c-f397-4e9d-bc36-5ad2790fce32,Orange Egypt,Telecom,5,2026-09-05,تطبيق رائع ❤️,Positive
950f5881-9f8b-47a8-90d8-75a884e89154,Orange Egypt,Telecom,5,2026-09-05,الله اكبر,Positive
1166cb2d-c4fe-4b92-9e51-0ee33bdee24a,Orange Egypt,Telecom,5,2026-09-05,ممتازه,Positive
6f65ebad-cf0c-48ef-8131-f276c21bacc6,Orange Egypt,Telecom,5,2026-09-05,حلو 🥰🤝,Positive
4befd013-9b41-4ee5-a35e-82293a08e3bb,Orange Egypt,Telecom,5,2026-09-05,حلوه,Positive
94f5afe1-0e81-4590-a03c-28798c8f8c38,Orange Egypt,Telecom,4,2026-09-05,جميل جدا ☺️,Positive
6069f47c-9773-4fe4-9023-37695b73c082,Orange Egypt,Telecom,5,2026-09-05,ممتاز اورنج,Positive
05065678-aceb-4ce8-b4e9-d27202722fa8,Orange Egypt,Telecom,5,2026-09-05,احمد راغب 🇺🇦,Positive
a93cb60c-5298-47a1-a8e9-19bc96e60508,Orange Egypt,Telecom,5,2026-09-05,ممتاز,Positive
a5bbffce-cbbf-44e0-84a9-48370b54da75,Orange Egypt,Telecom,5,2026-09-05,الله ينور,Positive
554601a3-a521-485b-8bea-58c12e881bfb,Orange Egypt,Telecom,5,2026-09-05,من احسن التطبيقات,Positive
a19aee48-8b8b-4fdf-a8b3-fb86b16e67d6,Orange Egypt,Telecom,1,2026-09-05,شبكه زباله وشركه نصابه وبرنامج فاشل فاشل فاشل,Negative
49a70f69-cb0a-4475-920c-49759fd5641f,Orange Egypt,Telecom,1,2026-09-05,التطبيق سئ جدا خصوصا بعد الغاء تشغيل التطبيق بدون وجود نت يعني دلوقتي لو في مكان بعيد ومش معايا نت وحبيت اشحن رصيد من علي محفظتي مش هينفع ممكن حل المشكله دي ويرجع يشتغل ذي الاول من غير داتا,Negative
5bc95c35-4976-4748-9fe9-9717497d8fd1,Orange Egypt,Telecom,5,2026-09-05,حلوه,Positive
7d0546c7-a5d3-4f91-8cf8-d721ecb73e51,Orange Egypt,Telecom,5,2026-09-05,رائع,Positive
87692f10-01d7-4b56-93f4-77108cf34f3d,Orange Egypt,Telecom,1,2026-09-05,وحششس جداا واوحش شركه,Negative
0700230d-673a-4f82-accd-fe77df9db0df,Orange Egypt,Telecom,5,2026-09-05,جميل جداً,Positive
cbc45b66-c377-4886-abe1-6e87b3d31d5a,Orange Egypt,Telecom,5,2026-09-05,مميز,Positive
f74c394e-a609-4133-84cf-eda9ad2c9633,Orange Egypt,Telecom,2,2026-09-05,التطبيق حلو مش وحش لاكن الشبكه ورسايل غير مصطقره,Negative
741bc48b-47ae-4e1d-81c6-ddd3133cece9,Orange Egypt,Telecom,5,2026-09-05,ابلكيشن ممتاز جدا,Positive
250dd880-cc2a-40e1-84f7-f0f6c3559687,Orange Egypt,Telecom,5,2026-09-05,هو ابليكشن رائع جداً,Positive
22bcd0a6-99a9-4308-8417-ba0a81e7c4bb,Orange Egypt,Telecom,1,2026-09-05,سيئة للغاية... لماذا يتحتم عليّ تحديث الأبليكيشن مرة أو مرتين في الشهر؟,Negative
009de594-8f18-4868-891c-445efd577657,Orange Egypt,Telecom,5,2026-09-05,ممتاز بجد,Positive
3b338e60-c82b-4ea9-91f9-f9e93314c0aa,Orange Egypt,Telecom,1,2026-09-05,تطبيق سيء جدا حدثتو ومش راضي يفتح ومسحتو ونزلتو ومش راضي يفتح برضو وصعب جدا ف الفتح,Negative
05e78836-94dd-4af0-9a59-ffe2d21eb28c,Orange Egypt,Telecom,1,2026-09-05,كل شويه تحديثات تحديثات كفايه تحديثات ما ينفعش تطبيق خدمى زي ده يبقى فيه كميه التحديثات دي,Negative
06c83969-5e40-450e-abb0-87396f077a2f,Orange Egypt,Telecom,5,2026-09-05,♥️♥️♥️♥️♥️,Positive
89085c7c-acb3-49f5-a431-5b2ef395ba20,Orange Egypt,Telecom,1,2026-09-05,ما,Negative
1ffea9cc-a699-4945-b34f-a57fd128ea4b,Orange Egypt,Telecom,5,2026-09-05,جميل جدا جدا جدا,Positive
b984fedd-848d-46b5-855e-9089db2f50be,Orange Egypt,Telecom,5,2026-09-05,تطبيق جميل جدا,Positive
14f979e0-5535-4def-ac25-7193a78a2977,Orange Egypt,Telecom,5,2026-09-05,حلو بس محتجين هديا زياده,Positive
f59d0b60-dacb-4d63-80eb-b8ffd1c25e71,Orange Egypt,Telecom,5,2026-09-05,انه جميل جداً ويسهل استخدام النت والخط و استهلاكي واو لكن فقط ممكن تجعله يبعت هدايا اكثر بتاعت ال5جيجا في العجلة لكن الباقي روعة 🌸✨,Positive
c0337b24-ae35-4bf3-aaec-516ec300838b,Orange Egypt,Telecom,1,2026-09-05,انتو ابليكيشن فاشل,Negative
ae84afae-c215-4056-bf74-77ebe1f5dc3b,Orange Egypt,Telecom,5,2026-09-05,جميل جدا,Positive
56a334b2-fdcc-4d75-85ab-852e596de4b6,Orange Egypt,Telecom,1,2026-09-05,عملتو عجلت الحظ بس شكل فقط ومفيش هدايا وعيوب تانيه كتير,Negative
914f7843-6bf4-48d1-a1f6-82f42a76eaba,Orange Egypt,Telecom,5,2026-09-05,ابيض علي الابيض,Positive
04546196-eed9-4a7b-a17d-83e39c7ed2b6,Orange Egypt,Telecom,5,2026-09-05,تطبيق رائع,Positive
24c14f8f-f814-4880-93a0-f53a6d5872e9,Orange Egypt,Telecom,1,2026-09-05,التطبيق كل شويه عاوز تحديث,Negative
abf8adad-291c-4642-821e-1db4aa77a5da,Orange Egypt,Telecom,1,2026-09-05,كل شويه تحديث كفايه النت غالي وسرقه فالشحن,Negative
7c5fd678-569e-4430-8fdd-154c3c5399d4,Orange Egypt,Telecom,3,2026-09-05,برنامج جيد,Neutral
806cdf12-343e-4b0e-9b51-d052283eb795,Orange Egypt,Telecom,2,2026-09-05,مش بيفتح على طول,Negative
85c2126d-594a-4b54-8efe-ecbe8c70afd1,Orange Egypt,Telecom,5,2026-09-05,*تكفي فكرة أنك موجود، ليتغير طعم اليوم ويصبح أكثر حلاوة... ♥️*,Positive
35d3dc62-4094-4a3b-9b66-cfe8a41b98c8,Orange Egypt,Telecom,5,2026-09-05,انا عندي التطبيق مش راضي يفتح الهدايا,Positive
8005fed2-9167-4b8c-97aa-9642bba06576,Orange Egypt,Telecom,5,2026-09-05,افضل طريقه لمعرفه الرصيد,Positive
e31f68f9-8107-43cb-bc36-dc9c7ce111cb,Orange Egypt,Telecom,5,2026-09-05,شركة بنت زانية من المفترض اني بدفع فلوس والاقي خدمة متوفرة بس انا بدفع بس و الشبكة واقعة ف كل مكان ولا بستفيد من عروض ولا زفت عليكم وعلى دماغكم يا ولاد الحرام يا حرامية زودا الابراج شويا عاوزين نعيش زيكم يا نصابين,Positive
04db5377-78d7-4ce4-8db5-8f2578edcadb,Orange Egypt,Telecom,5,2026-09-05,good,Positive
a203356f-9582-4604-8b15-8848678e2e2e,Orange Egypt,Telecom,5,2026-09-05,جيد,Positive
32553b67-aa41-4c45-83ea-b39e90853ad1,Orange Egypt,Telecom,5,2026-09-05,جيد,Positive
67e7762f-c4b5-4fc6-bbe1-e653df89f332,Orange Egypt,Telecom,3,2026-09-05,هينعبنىعلنبعنقلههقهلهلخ ىخللخ ب,Neutral
dd950b6d-4b6e-4a6c-b1fe-6c8a3f636d0e,Orange Egypt,Telecom,1,2026-09-05,تمام,Negative
9676bf21-aa1d-45a3-871c-fb80c53da26f,Orange Egypt,Telecom,1,2026-09-05,كل اسبوع يطلب تحديث وده مش طبيعى خالص ...وجع دماغ ع الفاضى,Negative
b7f9a89f-7ab8-4119-beb7-f03bc09a4c47,Orange Egypt,Telecom,5,2026-09-05,كل شويه تحديث,Positive
736f3cbb-d2a1-45ef-be98-d4ffdb96f287,Orange Egypt,Telecom,5,2026-09-05,جميل خصوصاً ف العروض,Positive
cc4569a6-0af3-4da9-8ea4-bb70d149cebc,Orange Egypt,Telecom,2,2026-09-05,خدمة زي،الزقت و العجلة الحظ مش بتديني خير عرض فريماكس او عرض إنترنت و التطبيق وحش و كل تحديث أوحش من إلي قابلة شكرا,Negative
42cf163a-060c-462e-98e9-11152630a10c,Orange Egypt,Telecom,1,2026-09-05,للاسف عروض وهدايا تعطيك رساله انك وصلت للحد الاقصي في كل مره . نرجو اصلاح هذا المشكل الفني لقد سائت حاله الباقات اليوميه اكثر من السابق تعطيك رساله لقد وصلت الي الحد الاقصي لماذا هذا التعقيد من يريد شحن الباقات اليوميه لا يستطيع الاشتراك . ....,Negative
bd21fc53-c090-4edb-9572-32c283adb51f,Orange Egypt,Telecom,5,2026-09-05,انزل بسرعه,Positive
b705da52-5c54-46c4-9bfa-8ad463509c20,Orange Egypt,Telecom,5,2026-09-05,تطبيق جامد جدا,Positive
ce88aebb-67f8-4fd8-89c0-41b82912019c,Orange Egypt,Telecom,5,2026-09-05,احلى شركه في الدنيا,Positive
ea6f1383-7b27-4a10-8d40-3160fa2c025c,Orange Egypt,Telecom,5,2026-09-05,احلي تطبيق,Positive
709cbd74-09c0-4852-92c6-77974c2e3fc6,Orange Egypt,Telecom,5,2026-09-05,جميل جدا شكرا,Positive
ce602f3d-b72f-4d8a-b5c1-09d689dfa804,Orange Egypt,Telecom,4,2026-09-05,مميز,Positive
30d4d4d8-e483-45b3-98c4-3fb70240e625,Orange Egypt,Telecom,5,2026-09-05,هذا البرنامج افضل برنامج,Positive
5e3d14fc-467f-48d1-a387-90c320a18867,Orange Egypt,Telecom,3,2026-09-05,1/ بيسحب نت كتير 2/ مفيش هدايه نت بتيجي من عجله الحظ,Neutral
963867fa-0a33-405f-9c97-5af0a9410e9b,Orange Egypt,Telecom,1,2026-09-05,برنامج زفت مش منظم والهدايا هما اللي بيتحكموا فيها مش حظ,Negative
90a7fa43-4d6c-4330-b79d-a9c63eb05e82,Orange Egypt,Telecom,5,2026-09-05,جيدة,Positive
5be6e601-9e5c-4847-a27a-ebabdf61fdb8,Orange Egypt,Telecom,5,2026-09-05,شكرن,Positive
94e7822f-fcf3-4f1b-b544-1577d58ef5c3,Orange Egypt,Telecom,1,2026-09-05,في مشكله بعد اخر تحديث الابليكيشن معدش پيفتح وبيگتب هذا التطبيق لايتوافر مع جهازك,Negative
0fc2a3be-2b87-46d9-9f5c-940edcfc79fd,Orange Egypt,Telecom,5,2026-09-05,جميل,Positive
10fdcc2e-f071-4acc-a33b-55190b35fae3,Orange Egypt,Telecom,5,2026-09-05,جامد شركه فوق الممتاز الممتاز الممتاز,Positive
c30c84d1-e11f-4d2a-886a-11d04c3c067d,Orange Egypt,Telecom,3,2026-09-04,يعني تطبيق حلو بس نصب يعني يقولي اشحن با 15 و ليك 5000 جالي 50,Neutral
628f8502-e936-4703-a770-a75f56424899,Orange Egypt,Telecom,1,2026-09-04,مبيفتحش غير لما الباقه تكون متجدده,Negative
508fdd45-45f4-4281-90a0-04ff80e52039,Orange Egypt,Telecom,5,2026-09-04,احسن تطبيق جميل جداً والعروض جميله ومناسبه الهدايا كتير بجد تطبيق جميل بنصحكم بتنزيل هذا التطبيق😁😀...................................................................،.،.،.،.،.،.،.،.،.،.،.،.،.،.،.،.،.،.،.،.،.،.،.،.،.،.،.،.،.،.،.،.،.،.،.،.،.،.،.،.،.،.،. .،..،.،.،..،.،.،.،.،.،.،.،.،.،.،.،.،..،.،.،.،.،.،.،.،.،.،..،.،.،.،.،.،.،.،.،.،.،.،.،،.،.،.،.،.،.،.،.،.،...،.،.،.،.،.،..،.،.،.،..،..،..،..،...،..،،.،..،،..،.،.،.،.،.،.،.،..،.،.،.،.،.،،.،.،.،.،.،.،.،..،.،.،.،.،.،.،.،.،.،.،.،.،.،.،..،.،.،.،.،.،.،.,Positive
49c3a540-edc7-40f5-af46-c33c55255af1,Orange Egypt,Telecom,1,2026-09-04,نصب في نصب ياشوية حرامية اكبر شركة نصب وسرقة,Negative
68113c21-30ab-4262-a317-47273187cc35,Orange Egypt,Telecom,5,2026-09-04,احسن اختيار,Positive
6b76890c-d183-4b61-bfc4-704afcabf61e,Orange Egypt,Telecom,5,2026-09-04,شكرا لفريق العمل,Positive
d09e5f91-e705-4954-8927-8fd7a0efe962,Orange Egypt,Telecom,5,2026-09-04,تطبيق رائع وة ممتاز,Positive
5969004e-5ebc-4586-8706-73a97862fd6c,Orange Egypt,Telecom,5,2026-09-04,جميل,Positive
c9660102-d060-43bc-8d77-12d2eab43ed2,Orange Egypt,Telecom,5,2026-09-04,حلو اوي,Positive
f9cd80d5-4147-4aaf-96b7-29d0ba3f2c3f,Orange Egypt,Telecom,1,2026-09-04,ابلكيشن مش حلو كل شويه يبقى في عطل ويطلع من الابلكيشن خالص وهدايا مش على طول,Negative
bb836202-d295-4ed4-8e34-fed8c6ee2324,Orange Egypt,Telecom,5,2026-09-04,رائع جدا,Positive
c4a1bd7b-8cc2-4608-902b-63dd470be726,Orange Egypt,Telecom,5,2026-09-04,جميل جداً و استخدامه سهل و سريع,Positive
a7510433-b11e-4e27-9fec-6616c23ae40b,Orange Egypt,Telecom,3,2026-09-04,هو حلو بس لو مفيش مساحه مش بيردي يتحدث,Neutral
2ac5beee-88b9-4d3a-8e53-00f14d1dce3d,Orange Egypt,Telecom,5,2026-09-04,ممتاذ,Positive
5cf34396-8fd2-4be6-940d-bebe3618d977,Orange Egypt,Telecom,5,2026-09-04,تطبيق رائع لا يستهلك من الباقة,Positive
958c909a-4f3b-4c89-ad57-79a0dde01dcc,Orange Egypt,Telecom,4,2026-09-04,سووو.,Positive
6421662f-4fea-449a-bf48-9dc6804b468d,Orange Egypt,Telecom,3,2026-09-04,مبيفتحش الماكس عندي قسم الهدية مابيفتحش,Neutral
353cdd7b-7ce2-473b-9c72-a4915f2bae38,Orange Egypt,Telecom,5,2026-09-04,حلو جداً جداً جداً,Positive
4d5bb76d-cf73-4ec4-92a6-688e0953f30e,Orange Egypt,Telecom,5,2026-09-04,مجدي جمال أمين,Positive
95ed36a0-2e51-42b6-af25-2666074137e6,Orange Egypt,Telecom,5,2026-09-04,ممتاز,Positive
21a5dba3-915e-42be-bad2-507e3eb16f9e,Orange Egypt,Telecom,5,2026-09-04,ناجح,Positive
a45a3895-b4b5-4c96-a9e0-aa44fabc5722,Orange Egypt,Telecom,5,2026-09-04,جيد,Positive
2b3bcc3f-b64a-4b8d-ba79-f05245542533,Orange Egypt,Telecom,1,2026-09-04,تجبرني علي التحديث يا غبي وانا بشحن من التطبيق نفسه، حتي الشكوي ملهاش مكان في التطبيق، مش فالحين غير في بعت الرسايل اشحن اشحن، ،،جشع,Negative
d24850ae-0b3d-452c-90cb-7f622b20e75d,Orange Egypt,Telecom,5,2026-09-04,تطبيق اورنج تحفه بجد وكل حاجه في متاحه وبجد تحفه,Positive
dd9dbda4-f442-4887-a5bb-3bdeadf7be19,Orange Egypt,Telecom,1,2026-09-04,تطبيق وحش اوي وكل شويه تحديت ومش بيفتح بسهوله وكل مااجي اعمل حاجه يقولك جرب ف وقت لاحق بجد مكرهني ف الكاش وباذن الله هغيره,Negative
5536ef38-f30e-440c-bd96-bd0063d5f27d,Orange Egypt,Telecom,1,2026-09-04,يعني امسح نص التطبيقات علشان انزل التحديث بتاعكم,Negative
69afb6b8-2ced-4fc5-8e6d-a2cd7d53b4d8,Orange Egypt,Telecom,5,2026-09-04,رائع جدا,Positive
6915284a-350d-41cd-a5bf-9449cab1b357,Orange Egypt,Telecom,1,2026-09-04,عندكم مشكله كبيرة في اورانج كاش ولستم قادرين علي حلها، اسوأ مقدم خدمة كاش في مصر بلا منازع، تعليق المعاملات بالاسابيع ودعم لا يفقه اي شئ وقدم شكوي وابقي قابلني لو حد رد عليك ووقف حال، وضعكم صعب,Negative
6ca3076d-db7c-4a83-9008-7edc54093016,Orange Egypt,Telecom,5,2026-09-04,ارجو تحسين الشبكة,Positive
21dc1c24-05c9-45df-bf98-f9dba969e8c7,Orange Egypt,Telecom,1,2026-09-04,تطبيق زبالة كل شوية تحديث وبعد التحديث زبالة نجمة عشان نشر التعليق,Negative
ef10a390-6f91-4e96-a6f0-49a9fb8de923,Orange Egypt,Telecom,5,2026-09-04,رائع جداً,Positive
c3cef10c-389e-460f-80b5-9ba511dabea2,Orange Egypt,Telecom,5,2026-09-04,ضعيف جداً,Positive
db048f23-968d-4dd8-ae7a-87fdf7baa5c4,Orange Egypt,Telecom,5,2026-09-04,جميل,Positive
a007acb8-2b0d-43b9-bd42-bf27c5802663,Orange Egypt,Telecom,5,2026-09-04,احلى تطبيق myorang❤️❤️,Positive
7edd9403-fc5a-4dff-b9de-adffa5a225ea,Orange Egypt,Telecom,5,2026-09-04,تمام,Positive
8b60f47e-6cd8-4f1b-b968-a4bb64a0697d,Orange Egypt,Telecom,5,2026-09-04,احسن تعامل علي ماي اورنج وبجد انا بشكر شركه ماي اورنج والتحديث توحفه,Positive
acf3ff39-5955-4978-ba6e-4a98b0f25f85,Orange Egypt,Telecom,5,2026-09-04,التطبيق 10/10 وما فيهوش اي اخطاء يعني,Positive
9bdb3589-3c56-403c-8d04-c7cc889031b4,Orange Egypt,Telecom,5,2026-09-04,تطبيق جميل جدا,Positive
dbb1e3ce-0f6d-47b1-b2a6-aec16359c892,Orange Egypt,Telecom,1,2026-09-04,ممتاز,Negative
36aa4156-baeb-437a-82bb-6f5b29228698,Orange Egypt,Telecom,5,2026-09-04,سهله,Positive
4925617e-9ca3-4627-ac12-760ccd91ac26,Orange Egypt,Telecom,5,2026-09-04,برنامج وحش وسيء بيضحكوا على الناس,Positive
37e41523-74c5-4b60-a016-531dc6320527,Orange Egypt,Telecom,5,2026-09-04,التطبيق مش بيفتح من الواي فاي ومش بيفتح بي سرعا غير كده طاطبيق جميل جدا,Positive
75d7491b-6fa1-4cf6-aca8-77ff4ec4f48c,Orange Egypt,Telecom,5,2026-09-04,جديد سئ,Positive
6f30b949-baab-449f-bf0a-151903eb82da,Orange Egypt,Telecom,5,2026-09-04,صلي على النبي,Positive
440fa358-a6b1-4894-8645-1e19bd95477f,Orange Egypt,Telecom,5,2026-09-04,تتبيك راءع جدن🤴🏻,Positive
5544fe46-cadf-471a-9c88-d447767bd495,Orange Egypt,Telecom,5,2026-09-04,ميةالميه,Positive
af15e0ab-d99d-4b51-b702-28c77857449f,Orange Egypt,Telecom,1,2026-09-04,بيحمل ببطئ و تسجيل الدخول كل مره ليه 😠,Negative
e116a1b2-34d9-4fd5-a29b-abb505c2e162,Orange Egypt,Telecom,1,2026-09-04,سيىء,Negative
dbf1644c-959f-435f-94ff-938218840671,Orange Egypt,Telecom,5,2026-09-04,ابلكيشن تحفه,Positive
9cc10d85-5c5c-4fd5-9153-b4bfd48a9217,Orange Egypt,Telecom,5,2026-09-04,تجربه ناجحه شكرا,Positive
5a1d8ac9-ffd0-4f3a-be30-e0ae7a04f02c,Orange Egypt,Telecom,5,2026-09-04,حلو,Positive
4c691cf9-acfc-471b-9940-5ab18e222928,Orange Egypt,Telecom,5,2026-09-04,تطبيق جيدا جدا جدا بيسهل معاملاتي بشكل كبير,Positive
77eed260-1e92-428e-80d9-b3c173b7411a,Orange Egypt,Telecom,1,2026-09-04,التطبيق لا يعمل,Negative
e9b9b202-1887-4e8f-963c-0c88e78d7c38,Orange Egypt,Telecom,1,2026-09-04,لو معندكش اورانج كاش مش له لزمة و فيه تطبيق لي اورانج كاش بس,Negative
14d5eb8d-bcf1-4a23-8e38-07419ad62aff,Orange Egypt,Telecom,5,2026-09-04,جميل جدا يا جماعه انا مش بعرف أعمل حاجه من غيرو,Positive
2ab0e1df-a820-4e0d-98f5-9013abefcbb3,Orange Egypt,Telecom,5,2026-09-04,جيد,Positive
ecad2fe5-4114-4965-943b-110926647c00,Orange Egypt,Telecom,1,2026-09-04,تحديث وبطيء وسيء جدآ,Negative
7edc92b7-acc7-441e-8ec0-588aa0769daa,Orange Egypt,Telecom,3,2026-09-04,هو التطبيق جميل جدا لكن بيجي يقول لي اقفل الواي فاي وافتح الدات خلي بالواي فاي بس,Neutral
ba7c964a-8e75-46a5-80ed-1f028448b473,Orange Egypt,Telecom,5,2026-09-04,ببصتتصس,Positive
15d96b7b-2ed2-49e9-9303-66dc435a403f,Orange Egypt,Telecom,5,2026-09-04,روعة,Positive
7376c562-7bc0-4bcd-9983-caef6fef27a7,Orange Egypt,Telecom,1,2026-09-04,حلو جداا,Negative
af89b1ed-b7d1-40ae-9668-0ed3d16b45a6,Orange Egypt,Telecom,5,2026-09-04,جيد جدا,Positive
2f4a4a4c-e200-4f87-ba04-320f936ba0bd,Orange Egypt,Telecom,2,2026-09-04,الشبكه وحشه وكمان العروض بقت مش زي الاول وكل متشحن كرت يطير,Negative
e60703b0-d043-4304-8a2f-ccd5a0f1727b,Orange Egypt,Telecom,5,2026-09-04,احسا تطبيق بخدمات اورنج,Positive
1a61a12e-cb52-4643-a3d6-de4efc08fefa,Orange Egypt,Telecom,5,2026-09-04,تجربه ممتازه,Positive
48586503-5a52-4189-86d8-6a9790b9aa87,Orange Egypt,Telecom,5,2026-09-04,برنامج ممتاز جدا بصراحه,Positive
185b5f5b-096b-48ea-8cbc-b384be9ee056,Orange Egypt,Telecom,5,2026-09-04,جميا,Positive
e9c027b9-66a0-47ec-a331-3f39ce6786fb,Orange Egypt,Telecom,5,2026-09-04,إنه تطبيق حلو وجميل جدا جدا جدا جدا,Positive
fa03e24b-b61c-4739-94f6-a3cb3526a252,Orange Egypt,Telecom,5,2026-09-04,ممتاز,Positive
169d1400-341e-4d47-86c7-b81a645135e2,Orange Egypt,Telecom,2,2026-09-04,احمد محمد,Negative
0b8dc223-0cb9-402a-8d87-06da126d7cce,Orange Egypt,Telecom,1,2026-09-04,كل شويه يطلبو تحديث وحاجه قرف,Negative
d0c29de7-c6bc-4580-a6af-55909c92226d,Orange Egypt,Telecom,5,2026-09-04,محمد علي,Positive
23ce2016-5819-413f-a228-cd5962367bda,Orange Egypt,Telecom,5,2026-09-04,كويس جدا,Positive
98f8d101-0945-4885-9dec-d4d3e4e9b76c,Orange Egypt,Telecom,1,2026-09-04,انصحكم متحملوش التحديث لانو بارددد جدااا,Negative
e9653e2a-2cfb-4d97-8aa7-7a2152ceecd4,Orange Egypt,Telecom,1,2026-09-04,تطبيق زبالة وزفت وكل شوية تحديث من سوء لاسواء,Negative
62474670-549f-4d7a-b423-6992bc731be1,Orange Egypt,Telecom,5,2026-09-04,محمود,Positive
9780e227-220f-4c4c-a0e8-6b167e1dc136,Orange Egypt,Telecom,3,2026-09-04,ممتازز,Neutral
36a87852-7658-4f84-af4a-56ad1e943d50,Orange Egypt,Telecom,1,2026-09-04,وحش وبطييء,Negative
0222034c-549b-4338-b270-81ccc3f23894,Orange Egypt,Telecom,5,2026-09-04,جيد,Positive
d3aa5ccf-ab24-4876-a2f6-3d4d9027cf21,Orange Egypt,Telecom,5,2026-09-04,ميش بيجيب نت علي طول,Positive
caa738ed-e1e3-4055-a7bf-4f6977125f43,Orange Egypt,Telecom,5,2026-09-04,احسن شبكه في مصر,Positive
c384d99e-c265-46b0-9622-c0b5e29e0f8d,Orange Egypt,Telecom,1,2026-09-04,"bad like usual, no things change",Negative
7310644a-2f6f-4926-8f71-a1cc58e841a3,Orange Egypt,Telecom,5,2026-09-04,تطبيق ممتاز جدا والله وحلوخالص,Positive
453ab79e-7be4-48c8-988f-1abd8c9cdfec,Orange Egypt,Telecom,1,2026-09-04,كيله,Negative
31d2cd0d-aeff-4c3c-8fda-f72942a224a6,Orange Egypt,Telecom,4,2026-09-04,ليسا زي زمان مبيجبش نت,Positive
793db473-c340-4c5e-b844-f3b36aacd7de,Orange Egypt,Telecom,5,2026-09-04,جيد جدآ,Positive
79ad7728-55ba-404d-b1cc-0a327ed5370a,Orange Egypt,Telecom,5,2026-09-04,روعه,Positive
9d107323-db75-4309-81c1-baa270b14bc0,Orange Egypt,Telecom,1,2026-09-04,بعد التحديث بقي بطيئ جدا و مش شغال لازم تستني اقل حاجه 5 دقائق عقبال ما يحمل,Negative
bffe2285-66ef-4556-b58d-4087f06313c5,Orange Egypt,Telecom,2,2026-09-04,لا اعرف التطبيق توقف ورسالته تحديث التطبيق,Negative
e561f5c0-5d53-4297-988b-85c05da56926,Orange Egypt,Telecom,5,2026-09-04,غني عن التعبير,Positive
73bc7508-e61c-421d-b4e3-9a83505c5e31,Orange Egypt,Telecom,2,2026-09-04,اسوء شركه في العالم,Negative
193d1348-1d0a-4972-9411-0a20ef3eb261,Orange Egypt,Telecom,1,2026-09-04,تطبيق ممل وكب شويه عايز يتحدث,Negative
d33d948e-97c1-48e9-bed2-9338265a9c5a,Orange Egypt,Telecom,1,2026-09-04,شركه نصابه,Negative
c4a46b43-98f1-4c9d-b9b3-58f1a4031490,Orange Egypt,Telecom,1,2026-09-04,سئ جدا,Negative
d16cdedf-55ca-4ecc-a6c9-096f39fc11d1,Orange Egypt,Telecom,5,2026-09-04,ممتاز,Positive
482b8db8-62ae-4e22-b0f6-a34b407ba35a,Orange Egypt,Telecom,5,2026-09-04,ابلكيشن توحفه,Positive
23280c1b-6a9f-4a5f-9bd6-34c2f8f58c3d,Orange Egypt,Telecom,1,2026-09-04,سيئ,Negative
39568799-7a52-4dcd-9f4a-c0f5db191200,Orange Egypt,Telecom,5,2026-09-04,هو حلو في كل تحدثاتو,Positive
eaeaaf2b-f45c-4bf1-9e90-498631834a48,Orange Egypt,Telecom,5,2026-09-04,تطبيق ممتاز,Positive
bcb82f29-abee-461e-8c46-fb5c4b59a025,Orange Egypt,Telecom,5,2026-09-04,يعطيني إنترنت,Positive
cf4b3929-0615-4300-8831-0255c9f02ca8,Orange Egypt,Telecom,5,2026-09-04,أفضل نوعية,Positive
84393c8e-6f6e-46e0-8e8f-22fc6f11e4aa,Orange Egypt,Telecom,5,2026-09-04,ممتاز,Positive
d280931a-6668-4cb9-9a23-7315618674bb,Orange Egypt,Telecom,5,2026-09-04,جميل جدا,Positive
fcadfcf6-0d76-489b-98a2-3a6163989ab7,Orange Egypt,Telecom,4,2026-09-04,جميل جداً,Positive
31aa3c0a-3267-41d3-90ad-cd1e5f8ccbfc,Orange Egypt,Telecom,5,2026-09-04,برنامج كويس جدا جدا,Positive
6b5ee3eb-7fc2-424b-8ad6-f7188e7b5b97,Orange Egypt,Telecom,5,2026-09-04,تطبيق ممتاز وشركة اورنج اصلا جميلة,Positive
381488e7-ad80-4819-a778-010181aadde4,Orange Egypt,Telecom,5,2026-09-04,ممتازة,Positive
a44ac45c-743d-4e70-83fc-9039927475f7,Orange Egypt,Telecom,5,2026-09-04,احلى تطبيق,Positive
eee1efa6-4c99-4180-8296-4717fe7f7421,Orange Egypt,Telecom,5,2026-09-04,تجربه جيده,Positive
9e7700d6-5bf0-4b2c-8f23-69d75ac5f86f,Orange Egypt,Telecom,1,2026-09-04,يعني ايه لم يعد هذا التطبيق متوافقا مع جهازك تطبيق سئ سئ سئ ومقرف,Negative
fd5771dd-05bd-4056-a5bd-59ecdf414463,Orange Egypt,Telecom,4,2026-09-04,ممتاز,Positive
42c6e32b-f5ad-469e-b300-ba999c2d3364,Orange Egypt,Telecom,5,2026-09-04,ممتاز,Positive
05c0e117-05bc-4a52-a5e4-19be0531615b,Orange Egypt,Telecom,1,2026-09-04,الإيداع بالكارت لا يعمل .. رجاءا تطوير قسم الإيداع و حفظ البطاقات أيضا,Negative
976f0d4b-a2d3-463e-aa5e-20709c472b0e,Orange Egypt,Telecom,5,2026-09-04,ممتاز,Positive
c7856847-2f00-42ff-afc6-f333522ce8dd,Orange Egypt,Telecom,5,2026-09-04,👌👌👌👌👌,Positive
32815de0-e199-4843-abeb-a78c5357cc80,Orange Egypt,Telecom,5,2026-09-04,هو تطبيق ماي اورنج حلو بس في حاجه ما عجبانيش فيه انه مش بيدي هدايا في الشحنات الصغيره يعني مثلا بيدي هدايا صغيره يعني مثلا 800 او 100 او اقل وبيدو اليوم يعني مثلا يوم او يومين للهديه الكبيره ومده كبيره للهدايا الصغيره و اتمنى تحل المشكله دي باسرع وقت ♥️,Positive
5e80b53f-bec7-46f7-b0bf-742dfcb8d2c9,Orange Egypt,Telecom,4,2026-09-04,حتي الآن كويس ولكن عيبة في التحديث لما باجي احدثة لازماّ يكون في مساحة كافية لة (التحديثياخذ مساحة كبيرة بعض الشئ),Positive
e050cba3-09f0-4d44-aa02-c99a380a6b34,Orange Egypt,Telecom,5,2026-09-04,انهو تطبيق جميل🥰🥰,Positive
71d448cb-2c9c-43d7-8e85-7b3590bc7002,Orange Egypt,Telecom,5,2026-09-04,تطبيق رائع يعطني احيانا هدايا مجانيه كل يومان ويعطي هديه أكثر كلما شحنت كرت,Positive
f9708418-d3be-4455-b9c2-4926efbc0af8,Orange Egypt,Telecom,1,2026-09-04,تطبيق شئ للغاية,Negative
ba5f5116-1942-45fc-b62c-a28c20cfc069,Orange Egypt,Telecom,1,2026-09-04,كل يوم تحديث استغفر الله العظيم يا رب,Negative
85bb17ec-a056-41e3-90dc-120149db786c,Orange Egypt,Telecom,5,2026-09-04,جيد جدا,Positive
ff2a316d-186e-48dc-a3d4-3dd8ec22c52b,Orange Egypt,Telecom,1,2026-09-04,🤮🤮🤮🤮,Negative
ae64cb18-5a48-46de-b766-d261ad64f50d,Orange Egypt,Telecom,5,2026-09-04,كويس,Positive
960f0ff5-8f90-49c1-a734-667ff7a78cec,Orange Egypt,Telecom,5,2026-09-04,حلوة,Positive
9b0a90fd-7029-4808-b537-aa406d6464bc,Orange Egypt,Telecom,5,2026-09-04,حلو,Positive
45fa6a10-ac34-4d58-9c03-61825f90f565,Orange Egypt,Telecom,5,2026-09-04,بجد تحفهههه,Positive
636ca6fc-2201-4917-a8b6-9c6b3e686c93,Orange Egypt,Telecom,5,2026-09-04,احسن تطبيق شفته في حياتي,Positive
3b281162-e691-49d7-879c-d3d31e53d144,Orange Egypt,Telecom,5,2026-09-04,احلي ارنج,Positive
978d953e-e068-47d2-924f-4fc2d8ef8c11,Orange Egypt,Telecom,5,2026-09-04,،🥰🥰ا,Positive
313d34f8-9519-4120-b5cf-a4df3a490470,Orange Egypt,Telecom,5,2026-09-04,اجمل تتطبيق,Positive
e802906e-debe-42f7-bae6-227098c44cb1,Orange Egypt,Telecom,5,2026-09-04,ممتاز,Positive
636b560c-e7df-4d7e-bccc-567e369a701c,Orange Egypt,Telecom,4,2026-09-04,التطبيق حلو وكل حاجه بس في مشكله اول ما تخش على التطبيق نفسه بيرجعك من اول وجديد بعد كده لسه يبدا ايه اكنك لسه هتخش 👍,Positive
0cb8503f-45eb-4c6a-aade-03da1e2d5550,Orange Egypt,Telecom,5,2026-09-04,"Sangat, sangat bagus sekali.",Positive
ee76de38-73a2-4b4c-8862-ae1cc904112c,Orange Egypt,Telecom,5,2026-09-04,والله برنامج مفيد جدا,Positive
fed74a5a-702d-4e92-9a19-43b6d33a674d,Orange Egypt,Telecom,5,2026-09-04,حلو بس عندي مشكله إن التطبيق مبيفتحش منغير نت,Positive
9a42eee7-6e1e-4f95-8de7-28f02d0979e3,Orange Egypt,Telecom,5,2026-09-04,برنامج جيد جدا,Positive
d8632043-75ed-48d8-af22-cc5ea648b171,Orange Egypt,Telecom,5,2026-09-04,جميل جدا,Positive
db3db828-d72c-4f4d-8027-70491b0aa3fd,Orange Egypt,Telecom,3,2026-09-04,ططبيق جميل لكن عجلدت الحظ سيء جداً جداً جداً الحظ فيها سيء اتمانا ان يحسن فيه,Neutral
e7935883-507e-4e15-ae7d-670b455e72df,Orange Egypt,Telecom,4,2026-09-04,اي رايكووو اديتكووو اربع نجوم اهووو,Positive
ad04ddef-e8c9-4091-ac4b-5ac3360e6192,Orange Egypt,Telecom,5,2026-09-04,حلو اوي,Positive
37496bea-c9ab-47b3-85ae-c06c0cbf8e1c,Orange Egypt,Telecom,5,2026-09-04,نمير وان اقسم بالله هديه بل هبل في كل حاجه انصح الناس تشحن رصيد وتخش تشحن النت او الدقايق من هنا هتاخدوا هدايا بالهبل اقسم بالله,Positive
b5e351ef-4ee4-42f4-ab5a-86397cdb3b84,Orange Egypt,Telecom,5,2026-09-04,ممتاز,Positive
54dea00f-ed64-4ee2-a563-f8dac167d1e8,Orange Egypt,Telecom,5,2026-09-04,ممتاز,Positive
ee76313a-f8ca-4f80-ba8c-8dfd4cc1a2e9,Orange Egypt,Telecom,5,2026-09-04,ممتاز جدا,Positive
8ef17a1d-e4d9-4f01-812d-167f862015ad,Orange Egypt,Telecom,1,2026-09-04,😒,Negative
50654991-ad12-4e22-b923-4e3e22eb65b9,Orange Egypt,Telecom,5,2026-09-04,٥٠٠,Positive
53b637e4-5b4c-4014-9739-b096be6be03c,Orange Egypt,Telecom,1,2026-09-04,زفت جدا وكل شويه بيطلب تحديث وبيسحب رصيد كتير جدا ومبقاش زاى الاول,Negative
69d75d43-f778-4963-9279-5d75f1d6f34c,Orange Egypt,Telecom,5,2026-09-04,تطبيق رائع جدا,Positive
d9996d2e-3c08-4336-8132-9eaf49052445,Orange Egypt,Telecom,5,2026-09-04,شكرا,Positive
333a013d-99b6-453c-bb32-54b6dac3c0f8,Orange Egypt,Telecom,5,2026-09-04,اكثر تطبيق وحش في العالم وليس في مصر فقط واعفن شركة في مصر هي اورنج واكتر شركة نصابها واكتر شركة بتاخد فلوس على التحويل بس حسبي الله ونعم الوكيل في كل شركات الاتصالات في مصر 😓 انترنت غير محدود في مصر,Positive
2de8bb02-7b33-4117-a164-ecc513030e29,Orange Egypt,Telecom,1,2026-09-04,برنامج سئ جدا كل ثلاث او اربع ايام يطلب تسجيل الدخول وتحديث البرنامج . برنامج سئ جدا جدا,Negative
018a6188-52bd-4b4d-9d6c-9c94068e0dfa,Orange Egypt,Telecom,1,2026-09-04,التحديث سئ الصراحة وغير مبسط فى الخدمات وبجد صعوبة فى الدخول عليه كل مرة يطلب تسجيل الدخول من جديد .. مش عارف ازاى ألغى التحديث .. ارجو الافادة,Negative
86d53e99-b3d5-4db6-955c-ce5f6803e6e2,Orange Egypt,Telecom,5,2026-09-04,عرض البوم,Positive
a9e7f348-46ce-4239-acc6-12d9233d4126,Orange Egypt,Telecom,5,2026-09-04,تطبيق فايف، ستار، والله,Positive
ff5b027a-2b8b-4f22-9ba4-a7e11c1d0c7b,Orange Egypt,Telecom,5,2026-09-04,ممتاز,Positive
aed1e34d-f373-4d1d-b7bb-5681fc6ce3f5,Orange Egypt,Telecom,5,2026-09-04,هدايا كتيره جدا و تحسه دلع 🫅🎉😂😂,Positive
0fd98e88-4f17-4240-845c-3284b0f17949,Orange Egypt,Telecom,5,2026-09-04,جميل بس مش بكسب,Positive
b5124867-8c80-454a-a012-422dc816caf8,Orange Egypt,Telecom,2,2026-09-04,المحفظة عليه فلوس مش راضين. يضول,Negative
2441b5f4-1879-47e7-8ef1-2cdf30840199,Orange Egypt,Telecom,5,2026-09-04,ممتاز,Positive
9956240f-c7c0-4cf8-8206-cb8c513d41c5,Orange Egypt,Telecom,5,2026-09-04,رائع,Positive
2382fe32-5539-42a8-b614-a59be6d1f8d6,Orange Egypt,Telecom,1,2026-09-04,تطبيق سيى جداوالله العظيم بقيت اوسخ شركه وأوسخ خدمه عملاء وبقيت شركه فاشله مع انها كانت من احسن الشركات حسبي الله ونعم الوكيل,Negative
da8bb8b7-6a62-4010-b3f5-e906279f307d,Orange Egypt,Telecom,1,2026-09-04,اشكركم,Negative
b51e175b-a8f4-4456-b5f1-95c86e7103b3,Orange Egypt,Telecom,5,2026-09-04,شركه وتطبيق سيء,Positive
e0969767-a862-4516-887b-c96cde42ba5a,Orange Egypt,Telecom,5,2026-09-04,حلو والله كل جمعة مباركة بيدي نت,Positive
765b3804-97c5-49ea-a5c4-d9fa3db09089,Orange Egypt,Telecom,5,2026-09-04,اورنج تدي نت اكتر من الشبكات التني نسيحطي الكل يستخدم اورنج,Positive
db3e36ab-95d5-40cb-8681-54b665408379,Orange Egypt,Telecom,5,2026-09-04,تطبيق رائع و مميز عن الباقي عشان دلوقتي اي رقم مش بتاعي اقدر الغيه المفروض و يستاهل خمس نجوم,Positive
b47c429a-0b75-4b9a-800d-9b73319bbb42,Orange Egypt,Telecom,1,2026-09-04,انازهاكت من التحديث قول يوم عيز يتحديس ايه,Negative
7755aca8-d54a-48ca-b3b1-0eb609460164,Orange Egypt,Telecom,3,2026-09-04,مش احسن حاجة وكل شوية بيحتاج تحديث,Neutral
43b4a514-b4d1-4b77-a31d-17e2be4711b9,Orange Egypt,Telecom,1,2026-09-04,كل ما افتحه يطلب تحديث كل يوم تحديث بقت حاجه قرف,Negative
405301d5-d540-4435-ac91-9d494997c9cb,Orange Egypt,Telecom,2,2026-09-04,رائع,Negative
f56761ec-fbd6-428b-9197-836e0e32620c,Orange Egypt,Telecom,5,2026-09-04,جيد,Positive
7fa8498c-656f-4222-a0a0-60ee45e0ecdc,Orange Egypt,Telecom,5,2026-09-04,حلو اوي,Positive
7194f0ea-e711-42a7-8d77-3d017179fd58,Orange Egypt,Telecom,5,2026-09-04,حلوي ج,Positive
1b3d6320-55c7-4788-92f5-180a581f3c9e,Orange Egypt,Telecom,5,2026-09-04,ممتاز,Positive
3f12030f-d99d-49b0-9c29-bf017d2fd2c3,Orange Egypt,Telecom,5,2026-09-04,ممتاز,Positive
916001cf-f899-402b-a74f-0c97a9deb289,Orange Egypt,Telecom,2,2026-09-04,برنامج فاشل ويحتاج إلى تحديث كل مرة,Negative
d6203c9b-c2df-414a-8965-583bb9fbdef5,Orange Egypt,Telecom,5,2026-09-04,خدمة ممتازة,Positive
abf57bb5-625f-43cf-8bd7-f5d911dbd3dd,Orange Egypt,Telecom,5,2026-09-04,تطبيق جميل جداااااا,Positive
ec433f4a-9e95-4de6-84d5-6362980f5cbb,Orange Egypt,Telecom,5,2026-09-04,جميل جدا,Positive
cba7dce1-ec9d-4cf6-92a1-e1d4bdb7a667,Orange Egypt,Telecom,5,2026-09-04,تطبيق ممتاز,Positive
86b67138-dd2e-4a04-b99a-1ac1c8266337,Orange Egypt,Telecom,5,2026-09-04,ابلكيشن مكس,Positive
9590666f-099f-43cf-bb33-252cd4006be8,Orange Egypt,Telecom,5,2026-09-04,جيدا جداً بس كل شوي تحديث جديد اي دا,Positive
4a26c30d-4a41-4e52-8f46-9fe513ed9f60,Orange Egypt,Telecom,5,2026-09-04,ديما رقم واحد في كل حاجه وا كل وقت,Positive
47254adc-dd1a-4702-b5bf-45613a58df3b,Orange Egypt,Telecom,1,2026-09-04,جهازي قديم ولا يقبل التحديث,Negative
d810e396-1d87-44cf-91ef-70c69785ec94,Orange Egypt,Telecom,5,2026-09-04,إنه تطبيق رائع,Positive
bd2d24e4-d30d-4eaf-9a73-5569c8767418,Orange Egypt,Telecom,5,2026-09-04,جيد الي حد ما لكن انا منزلھ ياتي نزل,Positive
39015766-28fa-430d-af08-83323fb3b527,Orange Egypt,Telecom,5,2026-09-04,تطبيق أكثر من رائع,Positive
97417b3f-bf25-47e4-8a58-06e64d03ec02,Orange Egypt,Telecom,1,2026-09-04,ياعني اه اخد هديه جمع حروف اورنج واكسب 30جيجا لمده 6ساعات هو انتو معندكوش ضمير انتو مرضه نفسين تب خلوها يومين حتي الله ينعال ام الجاشع الشركة بقيت عمله زي الخنزير بتاكل اي حاجه,Negative
38d9b392-2b00-46b8-b343-d860272d7be6,Orange Egypt,Telecom,5,2026-09-04,ممتز,Positive
7d59942d-7e91-47ba-bc00-618909dfc7af,Orange Egypt,Telecom,5,2026-09-04,تطبيق رائع جدا انصح كل ناس نزل,Positive
e3cae404-ef50-47c0-a4ad-a116767d403e,Orange Egypt,Telecom,1,2026-09-04,مش كل شوية تحديثات يا اورانج الموضوع بقى ممل جدا والله وكل ما أحمل التحديث الجديد الاقيه بطئ جدا عشان عايز تحديث وبعد التحديث عايز تحديث ولفي بينا يا دنيا,Negative
fe3ae2a3-238e-4fae-8bcd-e34400be3f45,Orange Egypt,Telecom,5,2026-09-04,جيد,Positive
001fc5bd-366a-49e4-981e-9baf7cc928de,Orange Egypt,Telecom,5,2026-09-04,♥️♥️♥️♥️♥️♥️♥️♥️,Positive
d42d0d77-e8ae-4364-98c2-470f2a9c75c7,Orange Egypt,Telecom,1,2026-09-04,بعد اخر تحديثات بقى بطيئ و بيخرجني من حسابي كل ما افتح التطبيق و مش بيفتح لو مش معايا نت وتمنى كل حاجه تتعدل تاني زي ما كانت,Negative
b206b578-1481-459a-a529-a3a053fa48dd,Orange Egypt,Telecom,5,2026-09-04,رقم واحد ف مصر ارنچ,Positive
fe375b77-7381-42e4-8863-e4db8202b191,Orange Egypt,Telecom,1,2026-09-04,لسة منزل تحديث ألاقي البرنامج مفيش يومين مش عايز يفتح وطالب تحديث تاني إيه عافية يعني,Negative
84b116c0-a04d-4915-972f-031e5d108cff,Orange Egypt,Telecom,5,2026-09-04,ن ثثلقتةجةك ج عززكخبحيك,Positive
120dcd3f-ebe4-42d4-910f-4b0e2a1ca364,Orange Egypt,Telecom,5,2026-09-04,التطبيق حلو بس كان كل ما بشحن رصيد كان بيديلي ١٠٠٠وحده هديه لمدة ٦ساعات دلوقتي كل ما بشحن رصيد بيديلي ٩٠وحده هديه بس فأرجو حل المشكله وكمان بلاش موضوع المده دي تشيلوها,Positive
50fc24dc-3a28-4a44-a49b-ffec764dfda5,Orange Egypt,Telecom,5,2026-09-04,هي اورنج جيدا جدا بس مبيجليش هديه كويسه ولا عروض جيده زي بتاعت فودافون,Positive
7751bb81-8622-4c0d-a830-a5d3f6146039,Orange Egypt,Telecom,1,2026-09-04,البرنامج مره مو حلو,Negative
c0a378ea-db62-42a5-81b3-92903a8d1614,Orange Egypt,Telecom,5,2026-09-04,جدا جدا,Positive
2fa54dfa-7d1a-4144-b254-2653a6a65163,Orange Egypt,Telecom,5,2026-09-04,برنامج رائع,Positive
ab5e494c-8c5b-441d-8cb8-9853a1cfecf0,Orange Egypt,Telecom,5,2026-09-04,تطبيق جميل جدا,Positive
69faaab8-d0f0-4ad0-bba8-0ee153857a67,Orange Egypt,Telecom,5,2026-09-04,good app❤️,Positive
58b0ce5d-705c-41b2-af5d-d13346004158,Orange Egypt,Telecom,5,2026-09-04,انتم حرااميه,Positive
41d4beaf-5168-4faf-b148-a95bed4203d9,Orange Egypt,Telecom,2,2026-09-04,التطبيق أصبح بطئ جدا,Negative
387dcaeb-d69d-4322-8e27-c4d41925b25d,Orange Egypt,Telecom,1,2026-09-04,بطيء جدا وتلغت الباقات اليومية وعجلة الحظ نفس العروض كل يوم مفيش اي ميزات وكل ما ارجع للصفحة الرئيسية تطلع شاشة بيضة وياخد وقت والمحفظة كل شوية تقفل وبياخد النت كله والرصيد ومش بيفتح غير لما اطفي الواي فاي ولو خرجت من حساب لحساب لازم اكتب البيانات بالكامل مفيش ملء تلقائي أعطيه صفر,Negative
cacc6a1d-f7e7-4174-b3f5-dfb58c2a7544,Orange Egypt,Telecom,5,2026-09-04,ممتاز,Positive
d30526cf-62b4-43d5-8656-dbbc7129094f,Orange Egypt,Telecom,3,2026-09-04,برنامج رائع بس كل شويه تحديث,Neutral
fa7629d1-7c8b-462e-bd9c-7b222aa91bdc,Orange Egypt,Telecom,1,2026-09-04,تطبيق معفن كل شويه عايز تحديث,Negative
50e35823-4c09-47a7-a013-ce90c4691c7b,Orange Egypt,Telecom,5,2026-09-04,جميله جدا,Positive
c55752a0-2ced-4ca2-bd79-1f4bbf5124b1,Orange Egypt,Telecom,4,2026-09-04,اجمد وافضل واحسن تطبيق في العالم في مصر وكل حته في العالم وافضل تطبيق ممكن يجي لك من عليها هدايا وكمان تطبيق كويس جدا لو انت حابب انت تفتح من عليه اي موقع اي حاجه اشتري من عليه بقى لي خصومات بقى عليه عروض عليها هدايا لما بتلعب عليه تطبيق كويس جدا لو انت حابب يجي لك نت يعني وانصح اى حد حابب ان هو يشتري خط او حابب ان هو او حابب ان هو يجيب حاجه في التطبيق ده هو افضل تطبيق ممكن انت تشتغل عليه او ان انت تشتري من عليه حاجه عروض وتخفيضات على تطبيقات واسعار اكل واسعار اوردرات وبجد لو حد حابب ان هو يحمل,Positive
3eed59f2-99d5-486a-a5eb-afb84c6fabd9,Orange Egypt,Telecom,5,2026-09-04,تطبيق جميل جدآ,Positive
b9703712-f896-4048-9d6b-6ff91c740556,Orange Egypt,Telecom,5,2026-09-04,على وحبيبه,Positive
d2826bb2-5ae4-4e88-a45b-821fee7b48f8,Orange Egypt,Telecom,3,2026-09-04,بيهنج اوييي,Neutral
e7d05bc6-049e-41c5-b809-d9f85c074c6c,Orange Egypt,Telecom,5,2026-09-04,كويس,Positive
817b0a40-e01d-47d0-ace5-147c68c922e7,Orange Egypt,Telecom,5,2026-09-04,رائع,Positive
dbfbb1f1-61be-4f97-be53-acf1d63f838f,Orange Egypt,Telecom,5,2026-09-04,يعني صراحة تطبيق سهل و بسيط و مش مُعقد و التعاملات من عليه سهلة جدا و انصح باسخدامه,Positive
e3c488d6-107d-4476-8bb0-1081b23ec051,Orange Egypt,Telecom,5,2026-09-04,ممتازة جداً,Positive
8a83212c-fd87-4cc4-a2d3-e03292ba3eb9,Orange Egypt,Telecom,5,2026-09-04,التطبيق تحفه,Positive
859a4775-fb0c-415a-9d55-f9f368565ed9,Orange Egypt,Telecom,5,2026-09-04,ممتاز,Positive
d6b787b5-8fa9-4010-bde3-a254ae4c5d24,Orange Egypt,Telecom,5,2026-09-04,علمي,Positive
7b19ed69-064a-4508-9387-66dad1936a6e,Orange Egypt,Telecom,5,2026-09-04,ممتاز,Positive
fe5ad373-248e-4201-9d75-9d7234a96e82,Orange Egypt,Telecom,5,2026-09-04,ممتازه,Positive
4ddcca43-a699-47a9-808a-a8f64ae2f46b,Orange Egypt,Telecom,5,2026-09-04,🥰,Positive
8097b533-93c3-4a63-a96c-a13fea213fb0,Orange Egypt,Telecom,5,2026-09-04,افضل,Positive
f4c4afd1-dd27-4673-97c4-4b8f8c382fb8,Orange Egypt,Telecom,5,2026-09-04,❤,Positive
84e77626-5eb9-4e01-8260-0f73f57bbf66,Orange Egypt,Telecom,1,2026-09-04,العروض مش صادقة كدب,Negative
b15c6e87-3896-4296-a249-66be8093523f,Orange Egypt,Telecom,5,2026-09-04,جيد,Positive
a39a56e6-31b1-40b6-9374-0396ef19d077,Orange Egypt,Telecom,3,2026-09-04,يوجد الكثير من التحديثات,Neutral
8ab0e77d-0ffe-40c6-b086-d014c1b39b5c,Orange Egypt,Telecom,4,2026-09-04,التطبيق حلو وكلو بس المشكلة انو بتفعل المحفظه من الفرع لو تحطو ميزه انكو تعملو المحفظه من عن طريق النطبيق,Positive
cf881083-e0a2-4615-b3ae-cadc9d4c9781,Orange Egypt,Telecom,2,2026-09-04,تطبيق جيد الهدايا جميله لكن عجلت الحظ جبت خطوط كثير ولا مره طلعت لي حاجه دي مش عاجل حظ ولا مره جاءت لي حاجه خالص زي ما مسكت خطوط اورنج اتمنى ان اريد حل هذه المشكله,Negative
7f847229-2225-4581-94c3-829a91f13f63,Orange Egypt,Telecom,5,2026-09-04,تطبيق مذهل ورائع,Positive
9bb2b85e-c5d3-423d-81fa-ae812924f367,Orange Egypt,Telecom,5,2026-09-04,شكر,Positive
fb5185a1-f7eb-4ede-9872-8bce3338f899,Orange Egypt,Telecom,1,2026-09-04,كل مخش التطبيق يعلق ارجو حل المشكله لانها مزعجه جداااااااً,Negative
a1e3ee00-889c-4405-8074-54ba3357d697,Orange Egypt,Telecom,5,2026-09-04,مشاء الله على التحديث الجديد,Positive
aea16f24-9b51-46da-8ce1-3760ad34ffd7,Orange Egypt,Telecom,5,2026-09-04,برنامج بسم الله ماشاء جميل جدا,Positive
b4503318-0e59-46d7-b8c8-28bbc54da9b4,Orange Egypt,Telecom,5,2026-09-04,تطبيق جميل جدا يستاهل مليون نجمه والله العظيم احسن شركه هي شركه اورنج فاضي او مشغول صل على الرسول ❤️,Positive
6f317e00-8e65-49e3-9461-494429425262,Orange Egypt,Telecom,1,2026-09-04,تطبيق زباله جدا اخر تحديث مش بيفتح,Negative
862be9d0-2f12-4174-b245-68523fd3fbb5,Orange Egypt,Telecom,5,2026-09-04,ممتاز,Positive
497a36ce-7134-4e2c-82b3-4ed686c82f55,Orange Egypt,Telecom,1,2026-09-04,بطئ جدا ف التحميل ومش عايز يحمل خالص,Negative
e0293773-ed5c-47ed-b63e-144f3d516673,Orange Egypt,Telecom,5,2026-09-04,جميل جدا,Positive
4764bf83-8165-47f0-ada5-6a3e399e5199,Orange Egypt,Telecom,1,2026-09-04,كل شويه عايز يتحدث وبيعلق كتير ويقولي المحفظه موقوفه,Negative
ec1b80c9-7acd-415d-a13c-c05d47284e4b,Orange Egypt,Telecom,1,2026-09-04,🤢🤮🤮🤮 مقرف و مفيش هديه ال10 جيجا هتروح عليك لو فوت يوم و كمان التطبيق في عجله الحظ مفيش حظ و معقد جدا,Negative
d481afb3-79d1-4873-8849-fefe40439340,Orange Egypt,Telecom,1,2026-09-04,بعد التحديث زفت,Negative
d5c68aa5-b2a0-460a-b056-d45be8aaa363,Orange Egypt,Telecom,5,2026-09-04,حلو,Positive
66eee452-c4eb-4188-900f-be26ccfc965c,Orange Egypt,Telecom,1,2026-09-04,شركة نصابه,Negative
daec2b84-6b7d-4ae2-a8af-f41f8106e6cf,Orange Egypt,Telecom,5,2026-09-04,جميل,Positive
1e50da01-e975-48ba-b65a-6bb25c4864ba,Orange Egypt,Telecom,5,2026-09-04,جميل,Positive
76a722fa-ffdb-4dff-ab08-13623a21ba75,Orange Egypt,Telecom,5,2026-09-04,ممتاز,Positive
2d2bf2c4-800e-487b-857c-8107dacb0433,Orange Egypt,Telecom,1,2026-09-04,كل يوم تحديث برنامج بيض,Negative
49595b0b-2f0a-40a3-ac2c-3c1e1ebbaf9c,Orange Egypt,Telecom,1,2026-09-04,مش عايز يثبت,Negative
b2cabac1-9496-4361-88b7-0d0003d395f2,Orange Egypt,Telecom,1,2026-09-04,خدمه سيئه,Negative
9bb13652-212a-46be-9891-4b8acbade8de,Orange Egypt,Telecom,1,2026-09-04,ياريت يفتح نت من وي فاي برضوا يكون اسهل اكتب الرقم سري مره يبعت مباشر مش كل يبعت رساله,Negative
e1361e4d-38b6-497f-8c1a-85956fa4f0d8,Orange Egypt,Telecom,5,2026-09-04,انهو تطبيق مزهل وانصح بكل من لديهم خط اورانج بتنزيل هذا التطبيق,Positive
1749f1dc-6934-48ea-bbd7-2f0d05ff589d,Orange Egypt,Telecom,5,2026-09-04,تطبيق جميل جدا جدا جدا جدا جدا جدا جدا,Positive
231608dc-2ea4-409d-aa58-f4f67c611fa2,Orange Egypt,Telecom,5,2026-09-04,برنامج رائع لتسريع الانترنت والتصفح والتحميل,Positive
a9fbd34b-a1d5-457f-8964-1d83d6810231,Orange Egypt,Telecom,5,2026-09-04,Good,Positive
f2035bae-d5d2-41c1-a183-19ea7721f994,Orange Egypt,Telecom,1,2026-09-04,زي الزفت ماهو مش كل يومين تحديث,Negative
7841e5a2-8ba9-4ac8-8138-4bb807069593,Orange Egypt,Telecom,5,2026-09-04,برنامج جميل وفي ميزات كتير,Positive
b4a2a833-976f-4f3f-912d-f6c8f987f218,Orange Egypt,Telecom,1,2026-09-04,no comment,Negative
a3322cc9-d89d-49ab-b6e4-e204367b58fe,Orange Egypt,Telecom,5,2026-09-04,محمد حمدي احمد حسن,Positive
3a6079ee-4b61-462d-9b51-d79c16452178,Orange Egypt,Telecom,5,2026-09-04,ممتاز,Positive
c4993017-41f0-40e4-81d3-d05267cf8714,Orange Egypt,Telecom,5,2026-09-04,good 💯,Positive
44776eb7-ed33-4e4a-b110-a7b44c1455e4,Orange Egypt,Telecom,5,2026-09-04,التطبيق حلو جدا بس في مشكله انه مش عايز يعمل محفاظه,Positive
3cf17634-4631-408d-a02e-8b1c4ffad4ba,Orange Egypt,Telecom,5,2026-09-04,leelee,Positive
7adf804e-b1e7-42a9-9eec-c4c9ee6764ff,Orange Egypt,Telecom,5,2026-09-04,برنامج جميل لاكن كل شويه تحديث,Positive
2a3bbe4a-5f4e-488d-83cb-e39f6f1b2995,Orange Egypt,Telecom,5,2026-09-04,تطبيق حلو ف كل حاجة وسهل تعرف منوا كل حاجة,Positive
bf047d92-8246-467e-bb51-1d767e2b6009,Orange Egypt,Telecom,1,2026-09-04,كل شوية تحديث,Negative
aecade40-3ebe-462b-8e23-d8d9a1100a45,Orange Egypt,Telecom,5,2026-09-04,جميله,Positive
af230869-76a2-4bfc-9d01-d4c3dd592a8c,Orange Egypt,Telecom,1,2026-09-04,يعني ياريت تمدو فتره الوحدات المجانيه اللي بتيجي عن طريق الشحن علشان الرصيد مش بيكمل انت بتاخدوا حقكم وزياده يعني المفروض يكون على الاقل واجب زي الاول كده لمده ثلاث ايام انا سمعت النهارده اللي هي بقت ست ساعات بدل يوم كمان ليه احنا كفره هو الحق مش عليكم الحق علي الدوله الوسخه اللي مركبه الشركات الوسخه على الشعب في دوله في العالم تروح تشحن علشان يوصلك رصيد ب 10 جنيه تدفع 20 جنيه احا غير الضرائب اللي بتاخدوها كل شهر بس متقلقوش المصريين بداوا يفوق وان شاء الله الخرا ده هيزول قريبا وكله هيتحاسب,Negative
6bd04f6a-9480-47f8-bab7-b55f0d3b50dc,Orange Egypt,Telecom,5,2026-09-04,خس,Positive
4e30e129-a7b4-4a63-987b-543275cd3aec,Orange Egypt,Telecom,5,2026-09-04,جيدة,Positive
bf7926ab-daf6-4151-afba-b54903333aae,Orange Egypt,Telecom,1,2026-09-04,الابلكيشن فى تحديث مستمر بمساحة كبيرة بدون تغير جزرى أرجو حل هذة المشكله والتقليل من حجم التحديث,Negative
6ced1f02-3ea6-41c4-9c9b-2a01156dc4e7,Orange Egypt,Telecom,5,2026-09-04,جميل جدا,Positive
06171fa0-d1c9-4716-8b5a-75764f482ceb,Orange Egypt,Telecom,1,2026-09-04,بطيء وسيء 😤😤,Negative
4471b655-eaf2-4ac1-acd6-2162352c3cab,Orange Egypt,Telecom,5,2026-09-04,ممتاز,Positive
3d777214-9aac-4a78-9d71-e1e4e1922ba5,Orange Egypt,Telecom,5,2026-09-04,ممتاز جدا,Positive
1e36159b-bf3b-4f27-85fd-a9baf4bea952,Orange Egypt,Telecom,5,2026-09-04,هو الابلكيشن جميل جدا,Positive
92c5fd2c-9881-4ccc-a43e-886d6198c985,Orange Egypt,Telecom,5,2026-09-04,ممتاز,Positive
fc641591-c317-4b37-b799-e9f3a73357bd,Orange Egypt,Telecom,1,2026-09-04,سيء جدا,Negative
dce72986-5e32-4f17-b367-3690d3dbc5c5,Orange Egypt,Telecom,5,2026-09-04,👍,Positive
33aac34e-63f7-4fd6-8473-74e3aa95e300,Orange Egypt,Telecom,5,2026-09-04,". , . تجربه ممتازه جدا جدا جدا جد",Positive
da79bc7f-79f1-43d4-bb1a-39f085aa324e,Orange Egypt,Telecom,5,2026-09-04,❤️❤️❤️❤️,Positive
4c4b4854-db94-42f6-8701-8d5dc4ff9455,Orange Egypt,Telecom,5,2026-09-04,نِتٌمًنِيَ آنِ عٌجّلَةّ آلَحًظُ تٌقُفُ عٌنِدٍ کْآشُ بًآکْ هّدٍيَةّ آوٌ دٍقُآيَقُ وٌآنِتٌرنِتٌ,Positive
0b1ece48-a8ed-4c89-8b4a-12a9a6a17388,Orange Egypt,Telecom,5,2026-09-04,ممتاز,Positive
9fc58836-08f5-43bf-928c-da14c0e33f22,Orange Egypt,Telecom,1,2026-09-04,التطبيق من بعد ما اتحدث وهو مش بيجيب الهدايا ولا اي حاجه وبطئ جدا جدا,Negative
50ed9c50-0f0b-4459-83c5-6a417c8f8a6a,Orange Egypt,Telecom,1,2026-09-04,انا اسمي زياد محمود جبريل مفيش عروض حلوه,Negative
3b4837ec-2714-4f27-8624-4a978309aa5c,Orange Egypt,Telecom,5,2026-09-04,مميز مميز,Positive
a831d9cc-5c24-408c-92c7-eb9ade67f664,Orange Egypt,Telecom,5,2026-09-04,حبیبی بحث حبیبی ❤❤,Positive
0998eb71-8643-47b0-84a0-0d9d7b810063,Orange Egypt,Telecom,5,2026-09-04,ممتاز,Positive
e2ba1aee-0e81-4319-82e3-949d2cb81547,Orange Egypt,Telecom,5,2026-09-04,تم,Positive
404b3ca5-e35a-4e8e-87b6-13f76a77a34b,Orange Egypt,Telecom,5,2026-09-04,جميل جداً,Positive
8c48cc0a-85a1-4386-b75a-97c328db1755,Orange Egypt,Telecom,3,2026-09-04,برنامج سي جدا,Neutral
dd0a7bd2-3a99-431f-b6ed-3f36dc96a6e5,Orange Egypt,Telecom,1,2026-09-04,برنامج بقي ذفت خالص,Negative
8204bddb-b705-4132-ae72-3bfa5230fee2,Orange Egypt,Telecom,5,2026-09-04,جمد جدا,Positive
55c51705-c133-4c8a-9495-1f403fe11304,Orange Egypt,Telecom,5,2026-09-04,بجد شركه ناجحه وي متفاعلة مع الشعب وي أنا ادعمك باشده ♥️,Positive
15a37a1f-d330-400d-bcc8-8451915d3222,Orange Egypt,Telecom,1,2026-09-04,تمام,Negative
af752333-f76f-4abe-a2c3-dfd5719b7267,Orange Egypt,Telecom,5,2026-09-04,بصراحه انا موبينيل والله العظيم بحبها من زمان والشبكه والنت فظيع,Positive
fd945698-78d9-4d0f-987f-ddb8c5abe4ba,Orange Egypt,Telecom,5,2026-09-04,سهل وسلس,Positive
2c12b36e-4c80-4ae9-a4fb-b0d02b077dc5,Orange Egypt,Telecom,5,2026-09-04,ممتاز جدا,Positive
04c4014a-5cbc-4479-9077-3effd2034b54,Orange Egypt,Telecom,5,2026-09-04,التحديث التانى كان احلى ومعتش هدايا,Positive
c6bcf3d4-b821-42ab-89fb-3d4634921909,Orange Egypt,Telecom,5,2026-09-04,هدايا ممتازة,Positive
edeb4000-67fa-4767-b333-867964f4a53b,Orange Egypt,Telecom,5,2026-09-04,جميل جداا,Positive
1a6eaa74-aa2d-4295-b66d-2826972e479f,Orange Egypt,Telecom,1,2026-09-04,التطبيق سيا جدا مش بيديني هدايه ومش بيفتح بال واي فاي خلص ولازم اكون فتحه نت عشان ادخل علي التطبيق وفضل فترة مخلي الخط مش عارفه اشحن علي ولا بيقبل التحويل الرصيد يعني بجد زفت,Negative
4cce752f-5066-4089-97a8-c0a9371fd941,Orange Egypt,Telecom,1,2026-09-04,د%-,Negative
6c07349a-86df-4e3c-aba0-6e839767d6b2,Orange Egypt,Telecom,5,2026-09-04,حلو,Positive
1129b610-2edf-4818-bad9-e53c66a90cc3,Orange Egypt,Telecom,5,2026-09-04,تطبيق تحفه 😘,Positive
a1934d5a-fe95-455b-842b-73cedec7a087,Orange Egypt,Telecom,5,2026-09-04,جيد جدا,Positive
2c4f3b9c-b2e5-46fb-b7dc-6142ea93169c,Orange Egypt,Telecom,4,2026-09-04,ممتاز ❤,Positive
b56be536-be70-4565-a3bf-af687eeb2a11,Orange Egypt,Telecom,5,2026-09-04,جامد,Positive
f79cfe93-aab9-41d6-9836-8a57def8d5ca,Orange Egypt,Telecom,5,2026-09-04,محترم,Positive
c96ba643-39e6-4222-92b7-4933aa8711bf,Orange Egypt,Telecom,5,2026-09-04,ok,Positive
f18cdd80-cb3a-4cee-8705-a5e752dea360,Orange Egypt,Telecom,1,2026-09-04,انتو شلل حسبنا الله ونعم الوكيل,Negative
5b9883fe-d044-4866-9981-009572c62011,Orange Egypt,Telecom,1,2026-09-04,شكرا,Negative
d66ea19d-65e0-4afd-aea8-317cc1ba1c07,Orange Egypt,Telecom,2,2026-09-04,الابلكيشن حلو وكل حاجة بس في ان الهدايا بيجيلي ان لازم اشحن ب 75عشان يجلي 6 جيجا هديه مع ان الاول كان بيجيلي ان اخد هديه 11جيجا ب اقل من كده اتمني تحلو المشكلهه ويبقي سعر الكارت الي اشحنو اقل من كده وكمان ان هما كانو بيجبولي هديه طول اليوم دلوقتي 12ساعه بس وساعات 6ساعات بس مع ان الوقت مش بيكفي ياريت بردو ترجعو ان يبقي اليوم كله عادي,Negative
2a8e0f97-7acb-4306-87a0-765099819665,Orange Egypt,Telecom,5,2026-09-04,تطبيق جميل,Positive
f0594523-0ef4-46df-928e-f626753c3dab,Orange Egypt,Telecom,5,2026-09-04,ابلكيشن محترم ومريح,Positive
4ddb1d85-1e87-4df4-a9aa-c5fa93f50bf8,Orange Egypt,Telecom,5,2026-09-04,جميل جدا وسهل الاستخدام,Positive
2d4c1b50-8109-4925-9256-0634a9488765,Orange Egypt,Telecom,5,2026-09-04,تطبيق جيد جدا ❤❤❤❤,Positive
9b68f60c-b392-42a2-b8f6-d8af9413e767,Orange Egypt,Telecom,4,2026-09-04,برنامج حلو بس دي خامس مره احدثه هو كد مش كتير,Positive
9a2d844e-3a0a-42ce-9cf2-d261b3feb6c1,Orange Egypt,Telecom,1,2026-09-04,معرفة المعاملات لا تعمل,Negative
f9682bce-1ba6-4045-908e-d2ad842a907d,Orange Egypt,Telecom,2,2026-09-04,اطلب تزويد عدد ساعات الهدايه,Negative
5a02ffc1-4743-4abd-8555-04502511e485,Orange Egypt,Telecom,3,2026-09-04,التحتيس وحش,Neutral
9766d169-1fa1-484a-aca9-57f98d685920,Orange Egypt,Telecom,5,2026-09-04,كويس جدا,Positive
cbef3206-9732-4de8-ad68-714da9690894,Orange Egypt,Telecom,1,2026-09-04,كل شويه يطلب تحديث,Negative
9ea4a5c3-dff0-4b49-abc0-1fb94ac2c694,Orange Egypt,Telecom,5,2026-09-04,تجربه ذو قيمه عاليه يمكن الاستفاده منها,Positive
5c63023e-da66-4c19-bb60-019d65dfa4e8,Orange Egypt,Telecom,1,2026-09-04,سئ وشبكة اورانج سيئه جدااااااااااا جداااااااا,Negative
9c81a425-ff11-4f55-80eb-2d73563337ee,Orange Egypt,Telecom,5,2026-09-04,plmnko,Positive
e19bd55c-6296-4a82-b05a-833bf659e148,Orange Egypt,Telecom,5,2026-09-04,مميز,Positive
6516a9de-9d85-4b8b-98c8-2f4c43776900,Orange Egypt,Telecom,5,2026-09-04,ممتازه,Positive
f7cdc093-1f2a-4916-8b6f-c314dc4841b1,Orange Egypt,Telecom,5,2026-09-04,ممتازه جدااا جدااا,Positive
b6392019-74e4-4b59-a206-99ebb971c32c,Orange Egypt,Telecom,5,2026-09-04,ممتاز جدا,Positive
d1ad4ab2-dd77-4a31-89cd-ac5450bb133c,Orange Egypt,Telecom,5,2026-09-04,سهل الاستخدام,Positive
3aa88fb1-6126-4204-bb43-5c35eba9ce43,Orange Egypt,Telecom,5,2026-09-04,جميل جدا,Positive
715bcee6-4320-493e-8419-c81dd5eeb1b4,Orange Egypt,Telecom,5,2026-09-04,رائع,Positive
4ee4d61c-cd84-47c0-840c-5951e67e2e48,Orange Egypt,Telecom,1,2026-09-04,كل شويه يطلب تحديث للبرنامج,Negative
c05b0883-b8b6-4f59-ac5d-ff32e2e7b9aa,Orange Egypt,Telecom,1,2026-09-04,سئ جدا جدا جدا,Negative
636fb767-b27e-40f7-bd02-f58f1fc8edff,Orange Egypt,Telecom,1,2026-09-04,سي جدا وبطيئ جدا,Negative
f83c4e67-c928-40f5-88ce-f967f4c07d40,Orange Egypt,Telecom,5,2026-09-04,ا ابلكيشن ممتاز,Positive
ce23196f-7da7-4269-a2de-c001120aa8a4,Orange Egypt,Telecom,1,2026-09-04,سيء,Negative
bbde3dcb-5cd6-4a00-a023-d28139d565e1,Orange Egypt,Telecom,1,2026-09-04,غير ممتازه,Negative
417846af-df21-4ab5-9de2-bfa2849672b7,Orange Egypt,Telecom,5,2026-09-04,تجربة كويسة وجميل,Positive
eaabd123-fc53-4035-9265-105494a801d8,Orange Egypt,Telecom,1,2026-09-04,مبيفتحش هاي شبكة الواي فاي ولا اي شريحه تانيه,Negative
34896a30-657a-459a-a238-f2b7796822bc,Orange Egypt,Telecom,4,2026-09-04,التحديث الجديد ممتاز,Positive
b04ac9ee-7c6e-4ffa-a3bf-fa3b9f4d7e03,Orange Egypt,Telecom,5,2026-09-04,الو,Positive
2ff0a547-bf73-4b1d-951e-f6a69bf02f26,Orange Egypt,Telecom,1,2026-09-04,تطبيق سيي جدا وكدبين والحظ مش حلو,Negative
4287f08f-bd2f-42d1-95d1-ec6b4fe3d8c3,Orange Egypt,Telecom,3,2026-09-04,كل اسبوع تحديث كتير اوى,Neutral
b3145872-115b-4d9c-9357-b5a603a7b659,Orange Egypt,Telecom,5,2026-09-04,تطبيق رائع جدااه,Positive
5f6a5d18-9307-47d3-8ec2-1d37aa3c1f1d,Orange Egypt,Telecom,5,2026-09-04,المشكله ان العروض قليله,Positive
30510db0-6d68-42cc-8318-396e0cc4103f,Orange Egypt,Telecom,3,2026-09-04,تحدث وحش,Neutral
d53b71e4-2ea0-4ba8-8898-84df6758f681,Orange Egypt,Telecom,1,2026-09-04,بالنسبه لخط الداتا صفر0 من عشره تعتبر ما فيش خدمه,Negative
3eb6dd48-b1fc-4944-a374-46c3651aa17d,Orange Egypt,Telecom,5,2026-09-04,البرنامج روعة,Positive
a307d256-4d9f-4046-b444-cf73efb86ef6,Orange Egypt,Telecom,5,2026-09-04,رائع,Positive
98c1dba0-70a1-4dff-b151-d7b8f3f5ba83,Orange Egypt,Telecom,5,2026-09-04,جيد جدا ممتاز,Positive
30e3dbc7-2821-4d41-b5a5-4c28e71a8a60,Orange Egypt,Telecom,5,2026-09-04,ممتاز جدا و هدايا مبتخلص لما بتشحن منه,Positive
cb99cd16-5081-47d8-b613-2eccf561b068,Orange Egypt,Telecom,5,2026-09-04,انا مشعارف ليه قيمته بس ادعم تطبيك بلدك,Positive
311d63af-df1d-4d32-b596-1332c23d48c2,Orange Egypt,Telecom,1,2026-09-04,تطبيق سىء كل اسبوع من تفعيلة يطلب يتحدث ليه معرفش الاول مكان كدا والنجمة اللى ادتهالو دى عشان تعليق يتم لكن ميستهلش,Negative
e1356d1b-1661-426b-a8ce-c3edc2869ade,Orange Egypt,Telecom,5,2026-09-04,عظمة,Positive
d1eae40c-2e77-405a-aa80-b59ae9631fac,Orange Egypt,Telecom,5,2026-09-04,ممتاز جدا جدا والله,Positive
edcf149b-e263-4ba7-8e2a-e8ef8ceab885,Orange Egypt,Telecom,5,2026-09-04,جميله احبابتاه,Positive
9fcc443e-0dda-4d1a-b01e-f18b9ea057d9,Orange Egypt,Telecom,1,2026-09-04,تطبيق معفن لما اتحدث,Negative
2f8a63f6-0223-4f36-a37a-3d992145b14d,Orange Egypt,Telecom,1,2026-09-04,تطبيق سيئ جدا ارجو عدم تنزيله التحديث القديم افضل منه بكتير,Negative
7f34e113-66db-4ab4-92fb-4e8332a79177,Orange Egypt,Telecom,5,2026-09-04,تجربه حلوه,Positive
c1a3b3e5-e47f-4e9f-8a44-25df9f217893,Orange Egypt,Telecom,5,2026-09-04,جيد جدا ممتاز ممتاز ممتاز ممتاز,Positive
2369cc4a-5f4c-4007-ae3a-ad5fada91e05,Orange Egypt,Telecom,5,2026-09-04,ممتاز,Positive
7b10ea8d-4f2a-453e-a8c6-c4016e351c9e,Orange Egypt,Telecom,5,2026-09-04,جديد,Positive
c24d60af-754f-435e-b376-855b05bd7a8b,Orange Egypt,Telecom,5,2026-09-04,النت اللي بتقولوا عليه قبل ما نشحن عشان نشحن ما بيجيش,Positive
58beb5d9-3e3d-405e-8842-cd311a6ec9fa,Orange Egypt,Telecom,5,2026-09-04,😆😆😆😆😆😁😁😁😁😉😉😁😆😆😊😊😊😊😊😊😊😊😆😊😁😁😁,Positive
1bd01b9b-3b2d-45b4-8bc8-d93bad545072,Orange Egypt,Telecom,5,2026-09-04,ممتاز,Positive
8d456f5b-bc59-4767-8774-fa7562558adb,Orange Egypt,Telecom,5,2026-09-04,تمام,Positive
8ed08350-98af-4149-b46e-436f02769cdb,Orange Egypt,Telecom,2,2026-09-04,كسمكككك انن🫠🫠,Negative
f6e0a718-b214-4fea-95c0-52ee9aababb1,Orange Egypt,Telecom,5,2026-09-04,الابلكيشن جميل جدا وبينزل لي هدايا كتيره جدا وكاش,Positive
cf39e172-e3d4-42a9-bb8c-0b65bc5d5be0,Orange Egypt,Telecom,1,2026-09-04,وحش اوي,Negative
e1a11aa7-6fe3-4180-afc8-11dd1fb9f75e,Orange Egypt,Telecom,2,2026-09-04,تناول الطعام في سج,Negative
4f3d671c-05b9-48d2-a4e3-680c811815b4,Orange Egypt,Telecom,1,2026-09-04,مش كويس,Negative
c5d6f9f9-3410-4f7d-b722-7589838f407d,Orange Egypt,Telecom,1,2026-09-04,زفت كل اسبوع تحديثات,Negative
445f196e-efd4-4cc9-ae19-864bac6e2a58,Orange Egypt,Telecom,3,2026-09-04,حلو اوي,Neutral
6d8aa4fc-c632-4443-8bc5-9719063fe064,Orange Egypt,Telecom,5,2026-09-04,كل ما أحدث يقول تعذر في التحديث وكل اسبوع تحديثات جديده حاجه زفت,Positive
e716b6e4-f3f2-46b4-bd74-d123528445ab,Orange Egypt,Telecom,5,2026-09-04,اندريد7,Positive
c86efbe2-0b90-4548-852a-c9f3939ae7b9,Orange Egypt,Telecom,1,2026-09-04,شركه زباله,Negative
a75f2fa6-811c-4745-ad68-5e526d3489b3,Orange Egypt,Telecom,5,2026-09-03,اسامة احمد,Positive
fd3e7789-6714-42a9-8c9a-f9f73f387eca,Orange Egypt,Telecom,4,2026-09-03,أفضل الاكسجين,Positive
6ad18da8-7c2c-4801-9c60-f9a1f575cd26,Orange Egypt,Telecom,5,2026-09-03,الحب الحويطي,Positive
3a7ae1b8-fbc4-4889-b66f-e285ec78125c,Orange Egypt,Telecom,1,2026-09-03,التحديث الاخير قمةالززززززباله نصب علني,Negative
60441bc2-7780-4c49-a9d5-8d6b1455d4d4,Orange Egypt,Telecom,1,2026-09-03,زفت خالص ده كل يومين عايزه تحديث قرف,Negative
70c02777-3262-44f4-9f1e-5dd95ccfd7f1,Orange Egypt,Telecom,5,2026-09-03,سعيد الكروان,Positive
19155785-a9bc-4ba6-8980-8114998fd801,Orange Egypt,Telecom,5,2026-09-03,جيد,Positive
229c4cb6-857e-4fb3-aea9-cb0e5995e818,Orange Egypt,Telecom,5,2026-09-03,التطبيق يجلب عروض جميلة جدا,Positive
f92c0195-8809-4909-a367-6d7485d57d7b,Orange Egypt,Telecom,5,2026-09-03,توحفهه,Positive
836cd919-bb87-4f8c-88bb-b352ceb16d00,Orange Egypt,Telecom,3,2026-09-03,حلو بس كل شويه تحديث اي الخره ده,Neutral
6b93d59c-f44b-4433-88e6-aaed8e13fbb1,Orange Egypt,Telecom,5,2026-09-03,ممتاز,Positive
bad80033-77c3-47c4-bdd8-9d041449e63c,Orange Egypt,Telecom,5,2026-09-03,بيسعدني علي شحن بطريق افضل بجد حلو,Positive
58345218-6017-44d3-be9b-6879aae83bcc,Orange Egypt,Telecom,2,2026-09-03,ابلكيشن فيه بعض الخدم لم تظهر لي متل جمع كلمت اورنج لم اعثر عليها نهائيا,Negative
3ca9b3db-4cc0-4296-b909-9986a8ce60c1,Orange Egypt,Telecom,5,2026-09-03,❤️,Positive
ab083fb2-2150-42e8-b348-d23088bc9d65,Orange Egypt,Telecom,2,2026-09-03,متوسط,Negative
b1032e03-54c2-4fb0-b73d-5a56ff226d34,Orange Egypt,Telecom,5,2026-09-03,ممتاز وجيد جدا,Positive
c0b42962-83ae-4eca-9f1e-26ced01f8436,Orange Egypt,Telecom,5,2026-09-03,تمام,Positive
0874078c-6391-4e13-a1cc-a066e907ad16,Orange Egypt,Telecom,4,2026-09-03,أورنج شبكة ممتازة لكن أوقات بيكون باقة النت شبكتها ضعيفة من الهاتف,Positive
58a0318c-c270-4509-9719-77007c01503b,Orange Egypt,Telecom,5,2026-09-03,الأفضل,Positive
0690595d-ba4c-43b1-95ba-bc586f281012,Orange Egypt,Telecom,5,2026-09-03,برنامج ممتاز 🤍,Positive
5802cde1-3301-49ac-827f-f069bebbda2e,Orange Egypt,Telecom,5,2026-09-03,جيد,Positive
6fb44773-10e3-4d8c-b313-e085a6e20841,Orange Egypt,Telecom,5,2026-09-03,تطبيق رائع جدا,Positive
d06f8e5b-0b81-4318-85cc-cb7b9145bf84,Orange Egypt,Telecom,5,2026-09-03,عسل,Positive
fcf457bd-9d7c-461f-bb7f-beafb9673d56,Orange Egypt,Telecom,5,2026-09-03,أعفن تطبيق,Positive
cb344d67-96e5-4a47-955b-6395db8f1f57,Orange Egypt,Telecom,5,2026-09-03,جامد,Positive
cfa00721-b94a-4201-9654-cb8e779a2346,Orange Egypt,Telecom,5,2026-09-03,جميل,Positive
f91d12d0-448b-48ab-a106-a8fc4fc1b65d,Orange Egypt,Telecom,5,2026-09-03,رووووعه,Positive
49c330af-c8e1-44b9-9dc7-a427e179158b,Orange Egypt,Telecom,5,2026-09-03,ممتاز,Positive
8169595d-bdd3-4ff9-826e-3f65725bb8aa,Orange Egypt,Telecom,5,2026-09-03,❤️,Positive
896069fb-b363-46dc-821b-e1872bf2e57f,Orange Egypt,Telecom,1,2026-09-03,تطبيق سيء جدا وفاشل تماما كل شويه يحتاج تحديث ويستهلك نت كتير خالص ومش بيرضى يفتح نهائى,Negative
23c00eec-7896-46ab-8664-2b11e8b6845e,Orange Egypt,Telecom,5,2026-09-03,تطبيق رائع جداً جداً جداً جداً,Positive
322c7f63-92a8-4c0b-980d-80f6fd5b8581,Orange Egypt,Telecom,5,2026-09-03,بصراحه احلى برنامج ماي اورنج انا شفته من لتحديث شفته في ماي اورنج العادي دلوقتي اول ما حدثته واعطاني هدايا كتير قوي,Positive
47921076-5f5f-4359-aaa3-f00374be9a5d,Orange Egypt,Telecom,5,2026-09-03,شكرا على البرنامج,Positive
48983eb5-64d1-4653-bd34-b25bb1ade93e,Orange Egypt,Telecom,5,2026-09-03,ممتاز,Positive
c61e1f0d-7fc9-495f-bdc0-3a6cb98ace94,Orange Egypt,Telecom,1,2026-09-03,بسراحه التطبيق مش حلو خالص وبيعلق كيييييير اوي😣 وكل شويه عايز تحديث وفلاخر مفيش حاجه بتتغير التطبيق بيفضل زي ماهوا😐 و شكر للجميع,Negative
dbc977e1-ecbd-4f68-97dd-29a089f36140,Orange Egypt,Telecom,5,2026-09-03,اصلي,Positive
e32d09ef-6005-4393-b34c-c8d0a0a3fce2,Orange Egypt,Telecom,5,2026-09-03,آخر تحديث يقول لا يتوافق مع جهازك,Positive
d9c21a3c-01b7-4ca3-985a-62f9ca5f9101,Orange Egypt,Telecom,1,2026-09-03,الخدمه الممتازه جدا جدا,Negative
9c35bbdb-a298-47f8-92b3-6220a9a98bf8,Orange Egypt,Telecom,3,2026-09-03,تطبيق ممتاز جدا,Neutral
2dce1215-6d54-498a-b8f9-56dd674b5a9d,Orange Egypt,Telecom,1,2026-09-03,عند الضغط علي خدمه ارقامي يظهر الجهاز غير امن,Negative
a08c70e2-c3df-46c5-b2a7-cb1c9ca7c372,Orange Egypt,Telecom,5,2026-09-03,يستحق مليون نجمه,Positive
b5074cb2-6c9f-4387-b915-437a019cc844,Orange Egypt,Telecom,1,2026-09-03,تطبيق زي الزفت,Negative
162abfd5-75e8-44e9-bde1-7fbd4ea30227,Orange Egypt,Telecom,5,2026-09-03,أفضل تطبيق يديك,Positive
09b39226-4783-4e13-84f8-51174c1618f1,Orange Egypt,Telecom,1,2026-09-03,تطبيق زفت حسبي الله ونعم الوكيل التطبيق مش عايز يجدد الباقي ليه دي سرقه علشان في رصيد في الباقي الموجودة إنا هغير على وي اشبعو بلرصيد,Negative
e3f51ada-80c3-4b8e-b961-18b2d899f161,Orange Egypt,Telecom,1,2026-09-03,والله العظيم ازبل تطبيق نزل في تطبيقات اللي نزلت في تاريخ الجمهوريه,Negative
bb5a325b-b95c-4018-b07e-eae8f0602dbb,Orange Egypt,Telecom,5,2026-09-03,جيده جدا,Positive
325e894c-db3e-4bd0-9408-dc4ca0a2278b,Orange Egypt,Telecom,1,2026-09-03,تطبيق عقيم وشبكه عقيمه واساتذه في خصم الرصيد,Negative
89e17b8e-4cee-4718-ab26-26ddf809b880,Orange Egypt,Telecom,2,2026-09-03,مفيش هدايا أو شيء مميز,Negative
cb850101-5560-478a-9aff-5135b71298f4,Orange Egypt,Telecom,5,2026-09-03,أحمد محمد,Positive
3221be73-7ffb-4727-a1bd-5c22743a81eb,Orange Egypt,Telecom,5,2026-09-03,ممتاز جدا,Positive
950260f6-cc12-4ca7-9744-863d61af04b4,Orange Egypt,Telecom,5,2026-09-03,ممتاز شكرا جزيلا,Positive
16d4b477-7213-430e-a721-e0be52220910,Orange Egypt,Telecom,1,2026-09-03,بصراحه التطبيق حلو جدا بعرف منه الباقي من النت وعليه عروض جميله زي التحويشه,Negative
2327c8ef-d055-4091-968e-31a415fdc5a5,Orange Egypt,Telecom,1,2026-09-03,مش عايز يتحدث على تلفوني,Negative
3cd0a118-c58e-4143-a5a7-91a442010093,Orange Egypt,Telecom,5,2026-09-03,ممتاز جدا ووفرلي وسهل عليا حاجات كتير ❤️❤️❤️❤️,Positive
74b3655e-9857-4d3a-8eb9-fa4fb8ce1179,Orange Egypt,Telecom,3,2026-09-03,حلو,Neutral
a6afec80-c07f-4e62-ac0e-5fb2cbea6fed,Orange Egypt,Telecom,1,2026-09-03,شركة اورنج هي والتطبيق سيئين,Negative
1ed7aeb0-ad2a-4ee4-ba1d-a95aea438d8a,Orange Egypt,Telecom,5,2026-09-03,ميه ميه,Positive
4d4f6c45-9d88-4822-b956-374167f05555,Orange Egypt,Telecom,5,2026-09-03,احسن عروض ف العالم,Positive
9c84c2d5-2eb2-4acc-88b6-0ff763746284,Orange Egypt,Telecom,5,2026-09-03,محمد علي هالةزظزوةىؤيغهزةىؤؤفااةة,Positive
8ba27be6-c0f8-4ffb-b71f-056ca379bd6b,Orange Egypt,Telecom,1,2026-09-03,توقف موفاجئ,Negative
dec493d1-989a-4a4f-a641-cfa6bb62a8a1,Orange Egypt,Telecom,3,2026-09-03,بيخد وحدات كتير اوي,Neutral
6b7a8a48-bea3-4c23-b8b8-88de4308a4fb,Orange Egypt,Telecom,5,2026-09-03,حلو اوي,Positive
38bb5a68-7f86-46ad-b20e-6f70182882a7,Orange Egypt,Telecom,5,2026-09-03,توحفهههه,Positive
1b3befb0-7c22-4459-9374-2097bf346a77,Orange Egypt,Telecom,1,2026-09-03,ان البرنامج رائع,Negative
c40fc219-c7f3-4649-8fd4-86f4d2183a86,Orange Egypt,Telecom,5,2026-09-03,ممتاز,Positive
98dc5699-3b8e-419a-b693-b50170106989,Orange Egypt,Telecom,5,2026-09-03,هدايه كتير,Positive
1fc6dbaa-7209-4830-81bf-3892c5bd37c1,Orange Egypt,Telecom,5,2026-09-03,محترم جدا,Positive
de69e15e-d5ed-4c45-b14a-fbc9c2f0baaa,Orange Egypt,Telecom,1,2026-09-03,هو كل يومين يقولى تحديث؟؟؟؟ هو فى ايه,Negative
03cb286e-6d97-4004-bd50-c5694ac3bec7,Orange Egypt,Telecom,5,2026-09-03,احسن ابلكيشن في مصر بجد,Positive
bc8b0b4f-2cd2-4b9d-9b5e-dff67b2a3d7d,Orange Egypt,Telecom,5,2026-09-03,ممتاز,Positive
9de6a375-5e0a-408f-be10-dc45bbae5cb1,Orange Egypt,Telecom,5,2026-09-03,ممتاز,Positive
653d28b9-e8cc-4994-b4f0-55d3de1e5200,Orange Egypt,Telecom,1,2026-09-03,تطبيق سيئ جدا كل يومين مش بيفتح إلا بعد التحديث ازاى عشان تطبيق امسح كل تطبيقات التليفون برجاء حل المشاكله انا مش عايز تحديث انتو بتعقدونه,Negative
367c6a1a-3c1d-4774-bada-5f320829a3a2,Orange Egypt,Telecom,5,2026-09-03,جميل جدا بس عجله الحظ مابقتش تدى هدايه نت ومكالمات زى الاول,Positive
dadad649-f89c-4bab-8516-e166ab34277f,Orange Egypt,Telecom,5,2026-09-03,جميل جداً وبيديني هدايا كتير,Positive
3a2b3c1b-a72e-4721-b452-67bd1a01569c,Orange Egypt,Telecom,5,2026-09-03,واوووووو,Positive
6c9a1709-797f-4dea-a4ea-75b41ae5723a,Orange Egypt,Telecom,5,2026-09-03,والله ابعتلك رصيد انت حلفت,Positive
a934fb38-9194-47f1-aa67-3907cd0debd5,Orange Egypt,Telecom,5,2026-09-03,جيده,Positive
2db0db10-eca8-489a-8a8e-4f6d6235d0e6,Orange Egypt,Telecom,5,2026-09-03,رائعة,Positive
e8fb882d-f4ab-4da8-ace2-b5704e10476e,Orange Egypt,Telecom,5,2026-09-03,تمام,Positive
e4b4d776-df3a-4da2-bdaf-2e880452dd7e,Orange Egypt,Telecom,1,2026-09-03,كل شويه عايزني احدث 😡😡😡😡😤😤😤😤,Negative
02d9bc37-819b-4430-8e91-a29bf8c08e20,Orange Egypt,Telecom,5,2026-09-03,اجمل تطبيق عشان تتحكم في خطك,Positive
7bbfe7f7-7ebf-424f-8ba4-460cfb4d9a57,Orange Egypt,Telecom,1,2026-09-03,يعنى بعد التحديث البرنامج مش عايز يفتح خالص ياريت تشوف حل,Negative
c84e0bf9-f797-4458-925f-fa3506676b49,Orange Egypt,Telecom,5,2026-09-03,مصر ام الدنيا,Positive
efa05f79-c6f2-4ac0-a0d7-118cef1f4eac,Orange Egypt,Telecom,5,2026-09-03,تمام,Positive
d0a6ef66-023c-4396-861a-794189683b41,Orange Egypt,Telecom,5,2026-09-03,جيد جدا,Positive
74a47630-59f2-4d7d-b502-1b8f0c01943a,Orange Egypt,Telecom,5,2026-09-03,ممتاز جداً,Positive
581928d2-55bd-4741-ae02-7501a25adb7f,Orange Egypt,Telecom,2,2026-09-03,اعمل حساب عليه كل شويه تخرجني من الحساب,Negative
9589f3ac-b493-474f-9f48-d69610ac3369,Orange Egypt,Telecom,1,2026-09-03,حلو,Negative
7743476d-993d-4381-a82a-69474c379cc8,Orange Egypt,Telecom,5,2026-09-03,احلى شبكه في مصر,Positive
d1a079bb-37af-4b9b-8a65-7415601911fe,Orange Egypt,Telecom,2,2026-09-03,يعني هو حلو ماشي بس بالنسبه يعني للهدايا بتاعه الحروف دي والله انا كملتهم بس مش بييجي الهديه والله ف لي بقا,Negative
23d7c93b-7b2e-4831-b1f0-a9e5bfedfaca,Orange Egypt,Telecom,1,2026-09-03,كل م اشحن يسحبوا الباقة غير انهم م راضيين يفتحوا الابلكيشن غير لما أحدثه شركة حرامية,Negative
88c62ac7-cf4c-4014-9b68-7fbcc18be8a0,Orange Egypt,Telecom,5,2026-09-03,تحفه,Positive
80d70663-2ffa-4e53-9f45-05d242adb68a,Orange Egypt,Telecom,5,2026-09-03,التطبيق رائع جدا وسهل الاستخدام ورائع,Positive
6aad4c7e-38cb-48ef-97ef-ab20de27b582,Orange Egypt,Telecom,5,2026-09-03,بجد حلو جدا واسخدامه سهل جدا 🤝,Positive
96ade214-9991-4440-9119-593950e958e9,Orange Egypt,Telecom,5,2026-09-03,رائع جدا بس ياريت هدايا حروف Maxit تقعد لمدة 3 أيام بدل 6 ساعات,Positive
2c2fb036-1efc-498c-b45e-d78787e9ea45,Orange Egypt,Telecom,5,2026-09-03,رائع اكتر من رائع,Positive
d891bd14-c0d9-4bb1-93d8-0438d8967b4b,Orange Egypt,Telecom,5,2026-09-03,جيد,Positive
b4d34a00-35f5-4201-a126-9f33ba54219e,Orange Egypt,Telecom,5,2026-09-03,ممتازة,Positive
982bea53-0a24-4500-af81-e18c455610a2,Orange Egypt,Telecom,1,2026-09-03,سيء,Negative
0febcfe7-1962-4329-b562-4ebc1f3e7e0d,Orange Egypt,Telecom,5,2026-09-03,تحفه,Positive
5321b503-af34-42e5-b145-b196facf97be,Orange Egypt,Telecom,5,2026-09-03,خدمة ممتازة,Positive
4533ca00-09c1-4be1-a141-f6099262d879,Orange Egypt,Telecom,5,2026-09-03,رائعة جدا,Positive
39a936c5-d18f-4684-a02a-b13426d3799b,Orange Egypt,Telecom,4,2026-09-03,كافيه تحديث,Positive
22fd4c75-75b3-4195-a067-d29cec850462,Orange Egypt,Telecom,5,2026-09-03,تم,Positive
a1a968ac-f9e9-4415-bcaf-71db38d014d6,Orange Egypt,Telecom,5,2026-09-03,nice,Positive
9eb9a9f1-667c-40e1-abdd-a7fec26e6e44,Orange Egypt,Telecom,5,2026-09-03,التطبيق جيد جداً و الان الواجهه الرئيسيه خفيفه و هذا التحديث الجديد صار احسن من الاول,Positive
ff576ffa-4b73-480a-bb8f-fb303c6f7826,Orange Egypt,Telecom,5,2026-09-03,تطبيق ممتاز جدا,Positive
097d0b37-e4c6-48f3-9474-2288e542b3c7,Orange Egypt,Telecom,5,2026-09-03,أفضل تطبيق,Positive
a32e3656-0c8b-4072-b00b-7a30106e4ea6,Orange Egypt,Telecom,5,2026-09-03,جميل,Positive
56b3f254-a373-46de-9fc5-1a98a9ee27b0,Orange Egypt,Telecom,3,2026-09-03,كل يومين يقولي تحديث هوا في ايه,Neutral
10d28011-8536-4e3b-96df-63e6d08f3af2,Orange Egypt,Telecom,5,2026-09-03,جامد اخر حاجة,Positive
efa13f6d-52ee-477e-bb10-3aa2ac520b27,Orange Egypt,Telecom,4,2026-09-03,حلو اوي اوي,Positive
ab682668-0f0e-4d5f-aa97-5ad4ad3c0733,Orange Egypt,Telecom,1,2026-09-03,هو كل يومين في تحديث ايه الممل ده وكل تحديث انيل من اللي قبله زهقتونا بجد كفايه,Negative
d543fc75-4c08-42bb-9b79-14bd798b0827,Orange Egypt,Telecom,4,2026-09-03,جيد جدا,Positive
c544c1b0-1ffa-4d01-9e20-d0a70d818792,Orange Egypt,Telecom,1,2026-09-03,ليس جيد,Negative
9229949b-b52c-4507-aacb-d613b121bb14,Orange Egypt,Telecom,1,2026-09-03,شركه حراميه زيكوا زي باقي شركات الاتصالات حراميه وجواسيس واخدين توجيهات باحتقار الشعب المصري وسرقته!!!,Negative
f37904f8-f132-482c-88ad-879b9598bb3e,Orange Egypt,Telecom,4,2026-09-03,هناك ايجابيات و لكن احد السلبيات عجله الحظ ليست حظ,Positive
4060a935-24c6-4888-a507-a57e3e22ed4a,Orange Egypt,Telecom,1,2026-09-03,تطبيق زباله اوي وكل شويه عايز يتحدث منصحش اي حد ينزله,Negative
c0a91487-16ef-4ef3-8f99-8add2bcf7409,Orange Egypt,Telecom,5,2026-09-03,رائعة جدا بااالببباتتتت,Positive
bde6e4de-da16-452b-b90c-6fd2201e15fd,Orange Egypt,Telecom,5,2026-09-03,خفيف,Positive
1451c409-1f2a-4bda-ad20-cf76546e87f3,Orange Egypt,Telecom,5,2026-09-03,اختيار جميل جدا,Positive
6ed3ea1f-9ec0-4675-851c-50eb8ecd64f9,Orange Egypt,Telecom,5,2026-09-03,رائع وممتاز جدا جدا 1,Positive
b6a78ae3-cd6b-4b23-84cc-a82f0d3611d8,Orange Egypt,Telecom,5,2026-09-03,هو تطبيق جميل يديك هدايا كل موسم أسلام عليكم ورحمة الله وبركاته,Positive
ddc51a98-e57c-4f7d-9f6b-2c1db43fef38,Orange Egypt,Telecom,5,2026-09-03,ممتاز 👴جداً,Positive
e33f5eef-18f4-4824-8ae3-85fbd762e74d,Orange Egypt,Telecom,5,2026-09-03,ممتاز,Positive
0ae2d1f5-6271-499d-998d-80f7bbefb685,Orange Egypt,Telecom,5,2026-09-03,ممتاز,Positive
18202e14-8952-4c5c-ab3d-507836b72533,Orange Egypt,Telecom,5,2026-09-03,ممتازه كلامك في محله,Positive
1e41df3f-abd5-496e-82f5-fa84410d89b3,Orange Egypt,Telecom,5,2026-09-03,شكرا,Positive
813270dd-312e-4d09-8938-64a19fdfca15,Orange Egypt,Telecom,5,2026-09-03,ممتازه جدا جدا جدا,Positive
1e1a0a1f-5960-4c7f-af22-e187c11cc844,Orange Egypt,Telecom,5,2026-09-03,ممتاذ,Positive
5c986e82-9936-484c-b7fd-e37197f3c331,Orange Egypt,Telecom,5,2026-09-03,شكراً لك,Positive
ab92c3fa-6492-4d53-8c57-c9bfa2ed239e,Orange Egypt,Telecom,5,2026-09-03,برنامج جميل جداً انصح الكل بستخدمو ❤☺️,Positive
df7155f0-846e-4468-ac08-da739ed40958,Orange Egypt,Telecom,5,2026-09-03,ممتاز,Positive
4f42f530-c8fe-45e2-816a-2727936ba493,Orange Egypt,Telecom,5,2026-09-03,رائع,Positive
d822365d-3e9f-493e-8820-d16fe9f848e5,Orange Egypt,Telecom,5,2026-09-03,جيده جدا,Positive
90624527-b530-4efc-8c9d-5e3967996852,Orange Egypt,Telecom,1,2026-09-03,الاصدار القديم افضل كان بيفتح بسرعه ده بيطلع عينى وكمان لما يفتح بدخل ع المحفظه يقولى ملكش ومحفظه مع انى بدخل بالكود المحفظه شغاله التطبيق مش مظبوط خالص,Negative
73870962-243c-4bfb-920c-71ac86ae8c0c,Orange Egypt,Telecom,5,2026-09-03,جيد جدا,Positive
9a3442ec-0fe9-4d3a-bcf9-fe4ef6e21019,Orange Egypt,Telecom,5,2026-09-03,جيد جداً,Positive
5c54ec57-9062-480f-806d-9cf01858d2a8,Orange Egypt,Telecom,5,2026-09-03,اسم فتحي ربيع محمد,Positive
a1a87fd9-c5ce-4727-b01b-8d01a9d55557,Orange Egypt,Telecom,5,2026-09-03,تمام,Positive
5f6c04f4-4dca-44b1-9eac-b4db17559f94,Orange Egypt,Telecom,4,2026-09-03,ممتازه,Positive
92c23b8b-7fd3-48ba-866b-5bb5cbbdcf44,Orange Egypt,Telecom,1,2026-09-03,شركه سيئه جدا و خدمه عملاء ضعيفه لا تستاهل حته نجمه واحده,Negative
5bf93834-4791-431b-a13e-30b99f856b28,Orange Egypt,Telecom,5,2026-09-03,ممتاز 😊😊 بس ساعات بيقي رخم 😅😂😂,Positive
3c3070a7-b919-4aa0-a2b1-5ccd49b736db,Orange Egypt,Telecom,5,2026-09-03,الابلكيشن بجد تحفه,Positive
55e1211c-836f-4138-9299-0b9653782f56,Orange Egypt,Telecom,5,2026-09-03,احبكم وانت بتديني هدايا,Positive
7e19ebbd-cfec-456f-91c6-499e7ce0732e,Orange Egypt,Telecom,5,2026-09-03,تطبيق ممتاز,Positive
0e23ba5f-d0c8-4580-b14e-b15f17e74f81,Orange Egypt,Telecom,5,2026-09-03,رجعوني النت كتير,Positive
8d63991f-182f-461c-bc99-0a56b430271f,Orange Egypt,Telecom,5,2026-09-03,شكرا خدمه مميزه,Positive
f3b648ba-6550-4253-8396-2bc304e1a57d,Orange Egypt,Telecom,5,2026-09-03,♥️,Positive
08775829-25e2-432d-aec6-212ed5218a69,Orange Egypt,Telecom,5,2026-09-03,الصراحه تطبيق جامد وشركه محترمه جدا كل يوم عروض وكل شحنه هدايا حلوه وحدات كبيره اينعم بيخلصو في نفس اليوم بس لو في شخص بيتابع حاجه وعايزها تتحمل يشحن ولو في في شخص عايز يعدي يومه يشحن من التطبيق ولو بتشحن من الكاش هيجيلك هدايا وعروض احلي مع اورانج,Positive
75af308f-54b4-4a16-947a-bcb84d58f5cf,Orange Egypt,Telecom,1,2026-09-03,سلام عليكم امل رد على تعليقي هذا في اقرب وقت البرنامج جيد ولكن مابدخله ليسا حقيقي اول شي هدية شحن يوجد عرض في محفظة ياقول شحن رصيد لخطك تخذ هدية 100٪ فعلت هذا كذا مره لم احصل على رسال وقدمت شكوه بهذا ودليل شحن خط رفيقي 120 رصيد تجديد ابقاء وصل له هدية شحن 130الف لمد يومين تاني شي برنامج لماذا لا ياعمل بدون وجود رصيد نت ذكان بينات مفتوحه وحين بدلت بينات شبكه على خط تاني ودخلت محفظة لا تظهر محفظة او تنجاح تصل رغم عدات حوله كذا مره على رغم تطبيق على تحديث نهاي لا عمل ليه بعد وقبل تحديث لهذا نجمة ⭐,Negative
928a0bba-6be9-4a7a-aaf6-6ed74b47e304,Orange Egypt,Telecom,5,2026-09-03,جيد 1 star حلو 2 star جميل 3 star فعال 4 star ممتاااااااااااز 5 star,Positive
05489b77-c334-4a4d-a201-2630132c7e2f,Orange Egypt,Telecom,5,2026-09-03,بعد التحديث بقى اسطوره,Positive
68a298be-bcbf-4b42-b152-50702a2669ea,Orange Egypt,Telecom,5,2026-09-03,رائعة,Positive
30668e44-046c-434b-9bb3-b2ef044727ad,Orange Egypt,Telecom,1,2026-09-03,جمله مفيده,Negative
b16fabaf-f70c-46b8-80bb-7892dcb6b5ca,Orange Egypt,Telecom,5,2026-09-03,جميل جداً,Positive
a1e44661-5942-457d-8890-f2b9db40dc5a,Orange Egypt,Telecom,3,2026-09-03,برنامج كل شويه يعطل ارجو التصليح لو سمحت,Neutral
576d8ef8-61e1-47d3-8633-573da09c91b6,Orange Egypt,Telecom,4,2026-09-03,تمام,Positive
15ed5ad6-995b-4a77-9108-ce4c846acbdb,Orange Egypt,Telecom,1,2026-09-03,شركة سي سي سي,Negative
40e1ca32-e1f3-4c62-8ffa-9cf4736cc1c3,Orange Egypt,Telecom,5,2026-09-03,والله البرنامج جميل,Positive
4c40553a-9a3b-4039-af4a-d0e6e7485d14,Orange Egypt,Telecom,5,2026-09-03,ممتازة جدا الصراحة,Positive
0cf855a1-269f-45c5-9a49-7f32deeca633,Orange Egypt,Telecom,2,2026-09-03,ممتاز جججججججججججججججججججججججججججججججججججججججججججججججججججججججججججججججججججججججججججججججججججججججججججججججججججججج,Negative
70d3b79c-b83f-4770-a1f7-cb42a63851af,Orange Egypt,Telecom,5,2026-09-03,اخلي ابلكيشن بجد,Positive
b2fdc131-aeff-49e8-8b88-84e3a152a400,Orange Egypt,Telecom,5,2026-09-03,جزاكم الله كل خير,Positive
3036a241-3ff7-47a6-a5a8-3bc42d224e32,Orange Egypt,Telecom,2,2026-09-03,أحيان كتير ما بعرفش أستخدم التطبيق والتحدي اليومى واقف معايا..ولا فى خدمة عملاء ولا تعرف تشتكى والجيجا الهدية تأخدها ب8جنيه,Negative
a823080d-367a-43c1-8ed6-6404d907cd17,Orange Egypt,Telecom,1,2026-09-03,نت,Negative
aafececc-e247-40a7-8f42-da7f6b75611b,Orange Egypt,Telecom,5,2026-09-03,الصراحه العروض تحفه و كل حاجه حلوه بس باريت ترجعو الفوازير كانت حلوه اوي,Positive
b6e0fd26-be26-4483-a87a-77935bf14da0,Orange Egypt,Telecom,5,2026-09-03,تطبيق سهل جدا وجميل,Positive
7d7fcef0-5aa9-4ffc-8030-da6521783526,Orange Egypt,Telecom,5,2026-09-03,تحفه بس نفسي الهديه تكون 24 ساعه او كام يوم لأنها بتكون كبيره اوي,Positive
b1267a19-96fa-49d3-bd6d-8ad2372c30f8,Orange Egypt,Telecom,5,2026-09-03,ممتاز,Positive
81f8fa03-bb9b-48a3-8a44-af312e599c67,Orange Egypt,Telecom,5,2026-09-03,حلو,Positive
2b6da02e-98e3-42fd-a66a-ff19138ae69e,Orange Egypt,Telecom,4,2026-09-03,التطبيق جميل جداً,Positive
4c26a172-6cf5-42b1-bad4-15f84f5155e0,Orange Egypt,Telecom,5,2026-09-03,ممتاز,Positive
83e3273b-8047-4394-87ca-534a075e1e9b,Orange Egypt,Telecom,5,2026-09-03,رائع,Positive
fd2de696-47fc-432a-b491-454277a084ff,Orange Egypt,Telecom,5,2026-09-03,حلوي جيد,Positive
6885ddcb-63f0-4e24-8857-e2e9e44dff25,Orange Egypt,Telecom,5,2026-09-03,حلو بس العروض اقل,Positive
5c6b6e8b-9d50-40c5-ad49-78134d88255b,Orange Egypt,Telecom,1,2026-09-03,تطبيق رائع جداً والله,Negative
91735a9e-2c12-4d0a-8503-78591a3c1506,Orange Egypt,Telecom,1,2026-09-03,الهادي مبدجيش,Negative
60b17ce7-b835-47a1-8522-d84d607bb7bb,Orange Egypt,Telecom,1,2026-09-03,التطبيق معلق ومشترى خط بعرض التلات شهور منزلش الا اول شهر بس شركة نصابة,Negative
7cba52e1-21df-4569-9dc5-fdc15dbc0ce9,Orange Egypt,Telecom,5,2026-09-03,جميله جدا بس في مشكله مش بيظهر عندي فاضل وحدات قد ايه ارجو المساعده,Positive
f963ceaf-3f77-44ce-91db-eb051464d0f9,Orange Egypt,Telecom,5,2026-09-03,روز وووووعة,Positive
a9207f6d-0947-41a8-b9ee-f5e0c557935c,Orange Egypt,Telecom,5,2026-09-03,ممتاز,Positive
b279ed32-0a5b-4685-8d6c-05d9d2da853e,Orange Egypt,Telecom,5,2026-09-03,ممتاز جدا جدا جدا,Positive
9fa68949-6491-4b67-b1b2-bd59d08a940c,Orange Egypt,Telecom,1,2026-09-03,اولا الرساله اللي بتقول انك تقتدر تستخدم البرنامج حتي لو مفيش رصيد غير صحيحة ثانيا بعد شحن الرصيد للاشتراك في اي باقه بيتم خصم جزء من الرصيد بحجه انك استخدمت البرنامج طبعا عشان تضطر تشحن تاني وتكمل رصيدك وتكلم خدمه العملاء يقولك اشترك عن طريق الاكواد عشان ميتخصمش من رصيدك طيب ماتلغوا البرنامج مدام غير مفيد ونشتغل بالاكواد بدل مانشحن اكتر من مره,Negative
87149f55-3034-45c7-9a11-2ea877226ad0,Orange Egypt,Telecom,5,2026-09-03,تطبيق جميل وسريع ماشاء الله وفي الخدمات بصراحة ممتاز جزاكم الله خيرا,Positive
4f8a535b-5511-4991-886f-366dfbb717bc,Orange Egypt,Telecom,5,2026-09-03,مصطفى,Positive
68d82be0-7478-435b-8f3b-7add175c2e4d,Orange Egypt,Telecom,5,2026-09-03,جكيل,Positive
c66536bb-6cd9-4af8-98a2-c3f06d797bc1,Orange Egypt,Telecom,5,2026-09-03,حمو على,Positive
f38182e9-5213-4ccb-8927-36df3044f7f3,Orange Egypt,Telecom,1,2026-09-03,تجربئه سيئة جدا جدا,Negative
32fe60e0-3318-460c-a00a-c1388648e94f,Orange Egypt,Telecom,5,2026-09-03,ممتازه ط,Positive
5dc0be14-a5cb-4f93-9794-866a5e0bd152,Orange Egypt,Telecom,5,2026-09-03,ابلكيشن جيد جداً ومميز بكثير من الإضافات والخدمات والدعم,Positive
d738f45b-e2f9-422e-bbdc-0deef69e8436,Orange Egypt,Telecom,1,2026-09-03,حسبي الله ونعم الوكيل شركه زي زفت ولله من حيث شبكه والاتصال والعروض اللي ملهاش لزمه وللي بتسرق ناس من باقات شبكتها زي زفت لا انصح بتحول خطك لشركه اورنج ولو انت محول لؤرنج انفر بجلدك وختار شبكه تنيه وشكرا,Negative
f96a92d4-d1ab-4065-af14-8fe426361290,Orange Egypt,Telecom,4,2026-09-03,تز,Positive
69021dc4-b388-47e8-89fe-b5072e5d3f5b,Orange Egypt,Telecom,5,2026-09-03,بصراحه تطبيق رائع وجميل جدا,Positive
0d81f278-bde0-4da6-a828-4f742f95c99d,Orange Egypt,Telecom,1,2026-09-03,عروض Max it مش بتشتغل,Negative
1e65aae1-9e6b-421e-a264-eaddc67fcfff,Orange Egypt,Telecom,5,2026-09-03,توحفه,Positive
aea89986-ea5f-413c-9f97-9e6790f61e2b,Orange Egypt,Telecom,5,2026-09-03,رائع جدا شكرا لكم على التحديث,Positive
1a2f6b17-4a14-46f9-a001-d7be09d702fa,Orange Egypt,Telecom,1,2026-09-03,تطبيق زباله لشبكه زباله شويه حراميه,Negative
9226079b-6a93-4fc7-8bdf-24a6d60424e9,Orange Egypt,Telecom,5,2026-09-03,ممتاز جدا وفى كل حاجه هتكون محتجلها بجد تطبيق اورنج المزود لحلول كل حاجه,Positive
9fae225e-ce93-499e-adba-8de5bc425fb6,Orange Egypt,Telecom,1,2026-09-03,التحديث الجديد وحش جدا التطبيق من امبارح مش عارفه استخدامه وكمان لما بجمع الحروف مش باخد هدايا,Negative
d17063ab-f3e7-41c1-8ba8-6e9725cd4c7f,Orange Egypt,Telecom,1,2026-09-03,اسوء خدمه عملاء,Negative
5d71cf2a-f9a8-4172-b7ee-0d9c233574b6,Orange Egypt,Telecom,5,2026-09-03,جميل جدن بس كل شوياتحديث,Positive
fc9260ea-d412-476d-b764-b23074baed54,Orange Egypt,Telecom,5,2026-09-03,التطبيق رائع جداً,Positive
10ad6c69-c914-4160-8527-ee2eb031e07c,Orange Egypt,Telecom,5,2026-09-03,ممتاز شكرا جزيلا,Positive
69ce97dd-2466-44a0-9dea-9a848d3c4fc0,Orange Egypt,Telecom,5,2026-09-03,ممتاز,Positive
eda3579e-4f25-490a-a6a8-5666af7fcb2b,Orange Egypt,Telecom,5,2026-09-03,حلوه,Positive
b8ab15c6-1837-4460-ac37-f803f505e5a3,Orange Egypt,Telecom,5,2026-09-03,ممتاز,Positive
b83c2085-8a32-4d54-8fce-359a494a615a,Orange Egypt,Telecom,5,2026-09-03,مثالي,Positive
40256a75-3738-458a-8300-57e7de25bac9,Orange Egypt,Telecom,5,2026-09-03,الله ينور 💚,Positive
8b5a7bf5-b09f-42f1-b38b-73fd46265b40,Orange Egypt,Telecom,5,2026-09-03,تحفه بجد,Positive
a3ae07ea-93d5-40a6-87c8-3d9122a95a05,Orange Egypt,Telecom,1,2026-09-03,تجربة سيئة جدا الابلكيشن كل شوية يطلب تحديث لحد دلوقتي 4 مرات 🤷🤷,Negative
ef2c4d77-2762-47d2-8d09-3e14ca263318,Orange Egypt,Telecom,5,2026-09-03,كل تمام,Positive
f05322b3-ddff-4dce-912c-def3b767b08d,Orange Egypt,Telecom,5,2026-09-03,ممتاز,Positive
31e841a4-0f5d-4140-817c-bfd7f1a4aff6,Orange Egypt,Telecom,5,2026-09-03,برنامج ممتاز جدا جدا جدا جدا,Positive
a3dd1f81-4c52-42a3-be8e-2d32b4ccad45,Orange Egypt,Telecom,4,2026-09-03,جيد جدا,Positive
4d8d159e-b345-4fe7-86c4-bb69d6d52439,Orange Egypt,Telecom,5,2026-09-03,ماشاء الله,Positive
165b6d52-b102-4432-b686-a88f4604221c,Orange Egypt,Telecom,5,2026-09-03,ممتاز جدا,Positive
d6049fb8-35d0-4441-ab94-244279c65109,Orange Egypt,Telecom,5,2026-09-03,ممتاذ,Positive
71f9c51f-51a2-4cb4-aad6-9275505c9da5,Orange Egypt,Telecom,1,2026-09-03,ممتازة,Negative
ca7323b8-310c-4200-9667-624a61f59605,Orange Egypt,Telecom,2,2026-09-03,شكله حلوه و جامد بس شبكه وقعه قوي و مش شغاله خالص في أماكن معينه مع أن 010 شغال فيها عادي ال 010 احسن بي كتير من 012,Negative
44457e94-eede-4afd-9e5c-b610c9f3bdf1,Orange Egypt,Telecom,5,2026-09-03,حسبي الله ونعم الوكيل محفظه زفت محفظه بنك مصر زفت زفت,Positive
6da38e8c-956b-4296-aee3-cabcb2a85040,Orange Egypt,Telecom,5,2026-09-03,تطبيق ممتاز,Positive
1b63c56c-ddda-4772-b277-8ec871511db2,Orange Egypt,Telecom,2,2026-09-03,والله العظيم أن هذا التحديث هو اوسخ تحديث تم تنزيله وان التطبيق أصبح زبالة الشركة عمتا بقت تقرف وكلها سرقة,Negative
19acbbbc-c837-4c04-b804-eae92dc85a25,Orange Egypt,Telecom,5,2026-09-03,تطبيق رائع فعلا,Positive
26afa5d0-bf4e-4525-909f-47f63f4c7036,Orange Egypt,Telecom,5,2026-09-03,حلو,Positive
94fab82e-b9f0-41f4-8e0a-ec875571c64d,Orange Egypt,Telecom,5,2026-09-03,ممتاز,Positive
3db47484-1811-4150-a1ed-5c0ee66a69d8,Orange Egypt,Telecom,1,2026-09-03,ليه كل شهر تحديث ايه القرف ده يعني باقات غالية و نت مش احسن حاجة و كمان تحديثات مالهاش اي لازمة!!!,Negative
1e06f0d3-d2e1-48d3-abaa-802a42bbe826,Orange Egypt,Telecom,5,2026-09-03,💯,Positive
818ed559-ef30-4ee2-b8d3-fecd15704be5,Orange Egypt,Telecom,1,2026-09-03,اورانج كاش يتعطل باستمرار حتي مع توافر داتا انترنت,Negative
adea42ce-f190-47f3-afe3-61259e62e05f,Orange Egypt,Telecom,1,2026-09-03,عندي مشكله في المحفظه,Negative
31f7dea9-4381-412c-928d-d280071989be,Orange Egypt,Telecom,5,2026-09-03,تطبيق جميل,Positive
c0e612b3-f954-44ca-bd25-455066a2b689,Orange Egypt,Telecom,1,2026-09-03,سي جداااااا شحنت كروت ف يوم ٢٤٠ جنيه بعتهوليه ٣٠ الف وحده لمده ٦ ساعات اي العبث ده مش كفايه شبكاتكم قديمه وضعيفه,Negative
7b95c315-49a7-4d92-9de5-f3832e17523a,Orange Egypt,Telecom,5,2026-09-03,راىع,Positive
bd65b756-3a2d-4d86-856d-fa7fad9206fd,Orange Egypt,Telecom,1,2026-09-03,تحديث زي الزفت وشبكة زفت المحفظة اتلغت من عندي وايه السبب مش عارف من بعد التحديث,Negative
6130e578-194b-462c-9415-5e632ac7ee63,Orange Egypt,Telecom,5,2026-09-03,جامد,Positive
a5072e6d-8fa9-4b28-8075-9663598d1a49,Orange Egypt,Telecom,1,2026-09-03,شركه سيئه جديد,Negative
ff70468c-ff3a-4f77-ab20-c0098272b0b8,Orange Egypt,Telecom,5,2026-09-03,عوز تظبيط شويه,Positive
8075a036-5b3f-49b4-adc9-381717d838f6,Orange Egypt,Telecom,1,2026-09-03,عن تجربه بجد بعد التحديث الجديد نجمه كتيييييره عليه ارجو المراجعه والتعديل,Negative
c3208d5f-82f8-4fb2-859c-d14cb7468c27,Orange Egypt,Telecom,1,2026-09-03,التطبيق لا يعمل بعد التحديث الاخير أصبح معقد جدا وسئ,Negative
c078acbc-1394-422f-83d0-99bf9b2248b5,Orange Egypt,Telecom,4,2026-09-03,الابلكيشن حلو اوي وكل فتره ف تطور,Positive
efbe8546-6445-49fd-a9e1-72303fa30ab5,Orange Egypt,Telecom,1,2026-09-03,التطبيق سئ جدا من اخر تحديث,Negative
90945e45-cdca-485b-8c38-f610e4308c42,Orange Egypt,Telecom,1,2026-09-03,والله ولانجمة يستاهل برنامج سيئ جدا وخصوصا اخر تحديث مش عارفه انتو بتحدثو والا بترجعو للوراء,Negative
20f15e2e-10bc-40f6-b9c3-6b2c9a9e3609,Orange Egypt,Telecom,5,2026-09-03,جميل,Positive
2865e2a5-2e6e-4c7e-b195-9458e8123b3b,Orange Egypt,Telecom,5,2026-09-03,كل يومين تحديث الموضوع بقى صعب,Positive
5096d12e-c292-4cab-a9c0-86ef527867ee,Orange Egypt,Telecom,5,2026-09-03,جيده,Positive
07f76e8c-3218-46fb-9283-92b4196adff1,Orange Egypt,Telecom,5,2026-09-03,انا حبيت اقيمه خمس نجوم عشان صوتي يوصل لكل الناس التطبيق في الاول احسن و الهديا مبتجيش خت ١٠ جيجا بتاعت الصيف و مجتش واتسحب من باقه ٩٢ ج,Positive
9425d304-617a-428b-a6fd-5bcad17953a4,Orange Egypt,Telecom,5,2026-09-02,ممتاز,Positive
7c0ed58b-3417-4467-a6a3-b1ff1cb6807e,Orange Egypt,Telecom,5,2026-09-02,احسن شركه في مصر,Positive
6f383365-7e90-4a4f-9496-29858f84a0a7,Orange Egypt,Telecom,1,2026-09-02,ممكن,Negative
3cf18a32-04c5-4681-b095-e212b74a05f5,Orange Egypt,Telecom,5,2026-09-02,جميل جدا,Positive
e742a794-855d-4d1f-bfe2-69375231fc41,Orange Egypt,Telecom,5,2026-09-02,good,Positive
e0c5f769-6d1e-4803-a663-7390e7712ab8,Orange Egypt,Telecom,5,2026-09-02,حلو اوووى والله,Positive
ccfec112-5935-48a6-9c23-e5ba23440c22,Orange Egypt,Telecom,5,2026-09-02,طتبيق ممتاز,Positive
f139821e-c1c2-4513-b545-70ced788b2f4,Orange Egypt,Telecom,5,2026-09-02,رائع,Positive
82bac21b-8801-418b-8f7c-ddb923715f68,Orange Egypt,Telecom,5,2026-09-02,التحديث الجديد روعه احسن شركة اورنج بس لو تهتموا بعمدان الشبكة وتوسعوها,Positive
23f32bcd-68c8-4768-80f3-3b8d20fc7c1d,Orange Egypt,Telecom,5,2026-09-02,ممتاز جدا,Positive
b57ee28a-fcb8-4633-a804-829f19db1963,Orange Egypt,Telecom,5,2026-09-02,الله ينور عليكم,Positive
9495476c-cae3-4d53-b9d1-77981362a696,Orange Egypt,Telecom,5,2026-09-02,بإذن الله وتوفيقه أفتح محفظة أورنج ٠🌷,Positive
7cff2008-4b5c-48c7-9e15-49d259665061,Orange Egypt,Telecom,5,2026-09-02,جميل,Positive
3631f382-62c4-4905-a130-662cc010df01,Orange Egypt,Telecom,5,2026-09-02,حلوة,Positive
45a4de5d-ab6a-484d-97b3-b1c7f019eeb2,Orange Egypt,Telecom,5,2026-09-02,التطبيق حلو اويييييييي بيجيب هدايا كتير بس ممكن نحسن عجلة الحظ علشان مش بتجيب هداي كتير ❤️❤️,Positive
68310412-a0ad-4776-a1ce-50ed8d1c9dba,Orange Egypt,Telecom,1,2026-09-02,للأسف الحجم كبير جدا اكثر من 100MB,Negative
09f45e0e-b1d0-4383-aed6-71ecf244156f,Orange Egypt,Telecom,5,2026-09-02,ممتازه و بالاخص الالعاب,Positive
3c0c45c2-d2bd-484a-af98-b0bb62b35a13,Orange Egypt,Telecom,1,2026-09-02,الصراحه اخر تحديث سيئ لانه بطيئ جدا علي ما يحمل وبقي معقد شويه,Negative
d7a8fb7e-3379-4100-a6da-2d1551762be5,Orange Egypt,Telecom,5,2026-09-02,حلو,Positive
66d582d3-7559-416b-a6c1-2c002f15fd1e,Orange Egypt,Telecom,5,2026-09-02,افضل برنامج,Positive
adbefa8c-4546-47ab-b6d0-818cff4ed496,Orange Egypt,Telecom,5,2026-09-02,👍👍,Positive
e07bea06-5a0c-4dac-a2ec-5e97b8424bea,Orange Egypt,Telecom,1,2026-09-02,الابلكيشن تقيل جدا وهوه بيفتح,Negative
501609dc-2e1b-4a57-a09b-fba46a85f08c,Orange Egypt,Telecom,5,2026-09-02,جميل جدا,Positive
f06a94d5-cfee-47f3-99ef-40bd002b5a82,Orange Egypt,Telecom,5,2026-09-02,خدمه ممتازه جدا,Positive
7d357baa-b92e-4f84-896b-98c593e94c19,Orange Egypt,Telecom,1,2026-09-02,عندي مشكله واحده مع التطبيق ده انا جمعت كلمة اورنج مراتين ومش باخد هدايه ولا نيله مش فالحين غير كل ما اشحن يخدو نص الكارت,Negative
4ae84bfc-de88-4098-8a22-491af166c786,Orange Egypt,Telecom,5,2026-09-02,جميل جداً جداً,Positive
ffd8b8a3-1aea-4b74-b22f-bf8e0deebbed,Orange Egypt,Telecom,5,2026-09-02,احمد محمد علي,Positive
f7238ce3-7965-402c-a5dc-782343bf0948,Orange Egypt,Telecom,5,2026-09-02,كويس جداً,Positive
64456c1e-a029-442a-a409-6aa5f067fcf8,Orange Egypt,Telecom,1,2026-09-02,تجربه سيئه للغايه البرنامج لا يستجيب نهائيا في الفتح,Negative
3d59b9d2-8b20-4e38-9d6b-8ec4cc306459,Orange Egypt,Telecom,5,2026-09-02,١٠٠١٠٠,Positive
63dac3a4-3885-460d-923e-e8b7893165b4,Orange Egypt,Telecom,1,2026-09-02,والله مايستاهل نص نجمة شركة اورانج دي اكبر شركة حرامية بيسرقوا الناس ،انا هغير الخط لشركة محترمة,Negative
e89eb8fe-5789-45de-a122-28eb73ce978a,Orange Egypt,Telecom,5,2026-09-02,جامد,Positive
fbbca5a9-9209-405e-8a87-cdaae6ca542d,Orange Egypt,Telecom,5,2026-09-02,ممتاز وشكرا,Positive
2250795c-dae5-4a1b-8df9-a0ba572dd2c2,Orange Egypt,Telecom,5,2026-09-02,حلو حلو,Positive
30ddfecd-82ce-4eaa-be70-76e012ad9326,Orange Egypt,Telecom,5,2026-09-02,قمة التطور والتقدم والازدهار لخدمة جميع عملاء الشبكة ... شكرا أورنج,Positive
8a551959-1749-423a-955a-8082d7f61673,Orange Egypt,Telecom,1,2026-09-02,شركه زى الزفت وخدمه العملاء سىيئه جدا,Negative
bb52f9b0-da09-40de-ab3f-84f59ef4992e,Orange Egypt,Telecom,4,2026-09-02,راع جدا جدا,Positive
d10ec43f-335e-4fcd-b1aa-674bfb77b2c5,Orange Egypt,Telecom,5,2026-09-02,رقم واحد في مصر 🇪🇬,Positive
3a35d289-2a9f-4a88-a36b-c570ae9a3e07,Orange Egypt,Telecom,5,2026-09-02,جميل جدا,Positive
bc60b8d2-5da3-436b-94de-883eace8cec8,Orange Egypt,Telecom,5,2026-09-02,شكرا,Positive
e54b04f4-95bc-4293-a8ae-1c9561a9e7e4,Orange Egypt,Telecom,1,2026-09-02,كلو كزب,Negative
b02df1fe-7367-4a45-83b4-512a2f31a40a,Orange Egypt,Telecom,1,2026-09-02,تطبيق سئ ومش شغال كويس ودايما يطلب تسجيل دخول والكاش فيه مش شغال ع الرغم من وجود محفظة كاش وخدمة عملاء واتس اب سيئه ولا تحل المشكله,Negative
00c9c0b5-893a-4923-a390-3135eae4b0a7,Orange Egypt,Telecom,1,2026-09-02,زى الزفت فالخدمه,Negative
def7adde-7ad1-439d-9d8c-f24547b4c39c,Orange Egypt,Telecom,5,2026-09-02,تطبيق رائع يسهل عليك كل شئ وآمن جدا,Positive
d1d96563-bbea-4dc5-a319-11eeaccffe1a,Orange Egypt,Telecom,1,2026-09-02,خدمة ارقامى لاتعمل,Negative
ff864c72-d461-479c-ad1a-8033025efca1,Orange Egypt,Telecom,1,2026-09-02,لكل الي شاف التعليق الي فات انا غيرت القييم عشان اكتشفت أن التطبيق دة فاشل فاشل فاشل فاشل فاشل عشان كل العروض و افضلها بتشتغل عند الكل لكن عندي كل العروض مش شغالة حتي عرض Max it لما حصلت علي كل الحروف جاب إن الهدية إنتهت اصلا و انا مش فععلت العرض و الموضوع دة استمر لهدية ال10 جيجا و 20جيجا و انا دلوقت لسة في 30جيجا يعني هدايا كويسة للكل لكن مش فية هدية ليا و خدمة العملا راسلتهم جاب إن العنوان البريد الالكتروني غلط و خدمة العملا فاشلة و التطبيق افشل و مش لية لازمة و برجو من الكل عدم تثبيت التطبيق,Negative
bfe3503a-af24-4f25-a340-4081516fdaeb,Orange Egypt,Telecom,5,2026-09-02,مفيد لكن بيسجل خروج من الحساب تلقائي,Positive
7d926b8e-25ed-4bff-81a9-3530c4a7ec57,Orange Egypt,Telecom,5,2026-09-02,تجربه ممتازة,Positive
7a733537-0563-49b2-9ac9-e96f98ae5e2b,Orange Egypt,Telecom,5,2026-09-02,ممتازه,Positive
789bce9a-7e38-45bf-bd36-5ab15dca212b,Orange Egypt,Telecom,5,2026-09-02,تمام,Positive
a4d5e827-c939-4049-824d-8a6621459c8c,Orange Egypt,Telecom,5,2026-09-02,اورنج افضل من فودفون بي 200 مرا,Positive
06c6f60c-3b55-47d8-8acf-82cb0a96ed30,Orange Egypt,Telecom,5,2026-09-02,ممتاز,Positive
52b13278-6340-4586-9a61-f627aef28126,Orange Egypt,Telecom,1,2026-09-02,أسوء شبكه أسوء خدمة عملاء,Negative
e8cb7ffc-930c-4be7-bee5-5234a78a9837,Orange Egypt,Telecom,1,2026-09-02,اطلب من الكنترول تعديل خطاء وهو: عندما اقوم بالدخول على ابلكيشن اورانج لا يقوم بالدخول دون إتصال بالإنترنت وانا لا يكون عندي إنترنت واكون اريد الشحن من خلال التطبيق وهو لا يقوم بالدخول دون الإتصال بالإنترنت,Negative
b454bdbc-1ca3-4b3c-9354-7d85aa09a7e5,Orange Egypt,Telecom,5,2026-09-02,رائع,Positive
06b29f3b-1fa3-42ea-a669-f4c1ed73e27c,Orange Egypt,Telecom,5,2026-09-02,البرنامج فعلا رائع جدا لكن ما عاد مثل الأول يعطى هدايا دلوقتي لازم تشحن مقابل الهدايا,Positive
cc42d7a5-fb39-43be-acc5-fbba863d1d70,Orange Egypt,Telecom,5,2026-09-02,بس أنت مع ماي اورنج في امان وعمرك ما تحتاج اي حاجة تخص خطك ومش هتلقيها. وشكرا اورنج,Positive
6513b41f-badb-4765-98e1-ae78a8721644,Orange Egypt,Telecom,5,2026-09-02,ممتاز,Positive
b283e13c-b9ac-4e12-ad3d-b9ce6b107b80,Orange Egypt,Telecom,5,2026-09-02,جميلللل جداااااااااااااااا💗💗💗,Positive
95d64ec9-8568-4dfa-b925-b5ad24557aab,Orange Egypt,Telecom,5,2026-09-02,مدهش,Positive
05827779-5f7e-4083-ab12-d4783bda60f9,Orange Egypt,Telecom,3,2026-09-02,حلو بس عجله الحظ ما بتدي هدايا,Neutral
7ca6f88b-beac-4bd4-8faf-765b117049ed,Orange Egypt,Telecom,2,2026-09-02,من يوم ما جابت الخط مجليش ولا هديه 🖤🍃,Negative
ea4ee452-29e6-4769-8842-678ad6dda01a,Orange Egypt,Telecom,3,2026-09-02,هو الأول قبل التحديث كان أحسن بكتير ياريت يرجع زي الاول,Neutral
8b7b5768-7249-4952-9076-9647d2920181,Orange Egypt,Telecom,5,2026-09-02,جميل,Positive
ecbcc6d7-8f4d-44da-95f6-c95e61484e77,Orange Egypt,Telecom,5,2026-09-02,تطبيق رائع لايوجد له مثيل,Positive
e0793f8c-ff48-45ff-9046-41e73e89faf2,Orange Egypt,Telecom,5,2026-09-02,تطبيق رائع,Positive
3e25215d-2ff1-40e5-89fc-da84b6be2cf3,Orange Egypt,Telecom,1,2026-09-02,زفت الزفت زفت الزفت زفت الزفت إشتغالات في الفاضي,Negative
a2af8f18-69c7-443c-9a08-fa2e821ae329,Orange Egypt,Telecom,3,2026-09-02,ممتازه,Neutral
b5c9ca1c-b949-44ac-af50-6d054b01a410,Orange Egypt,Telecom,5,2026-09-02,ممتاز بس مكسب عجله الحظ مزعلاني,Positive
7065926d-df23-4798-8a86-7d57f46d4dca,Orange Egypt,Telecom,1,2026-09-02,بعد اخر تحديث أصبح جيد,Negative
f47585e1-8088-4c67-a4d6-8dada7eb9cca,Orange Egypt,Telecom,5,2026-09-02,تطبيق جيد جداً وممتاز,Positive
b7f8377c-edf8-459b-939f-0d2c5cb02152,Orange Egypt,Telecom,5,2026-09-02,ممتاز ولكن عروض الانترنت مش كويسه,Positive
2b5e4681-118c-4a41-8cef-004fefe2e94d,Orange Egypt,Telecom,5,2026-09-02,تمام,Positive
2d960a4f-bef3-4c56-89c9-c194aecb8a1b,Orange Egypt,Telecom,5,2026-09-02,ريع,Positive
f81a8382-39b6-483d-a03f-ce46f13b9b72,Orange Egypt,Telecom,5,2026-09-02,تم,Positive
d5ddb199-07dc-4e6b-98a8-7a6b1ec7fbfa,Orange Egypt,Telecom,1,2026-09-02,التحديث الاخير مالوش لازمه نهائي ومعقد خالص,Negative
1c36aab1-b3e8-4d86-b10c-455509d47ea9,Orange Egypt,Telecom,4,2026-09-02,جيد,Positive
b82ea577-b3a7-47a9-b763-a674c60b4bfb,Orange Egypt,Telecom,5,2026-09-02,ممتاز,Positive
3adda1c9-60ad-4343-9110-8755330ec130,Orange Egypt,Telecom,5,2026-09-02,احسن تطبيق معملتو معاويه جميله جدا انصح اي حد يجرب,Positive
a83780f0-547d-43dc-af65-20f41c6fac58,Orange Egypt,Telecom,5,2026-09-02,ممتاز,Positive
61a769fe-b097-4e27-ba8e-bc4ebcee3627,Orange Egypt,Telecom,5,2026-09-02,رائع,Positive
835fc3b4-81ae-48af-ae02-92617e006942,Orange Egypt,Telecom,5,2026-09-02,ممتاز,Positive
5870d732-f0da-4ea5-9ba6-157ee359c422,Orange Egypt,Telecom,5,2026-09-02,جيد جدا,Positive
9d7eb46e-a3c9-455e-b8c7-c9bdb2bdec87,Orange Egypt,Telecom,5,2026-09-02,ممتاز,Positive
be97f564-948e-4f90-9dde-cb74e79562ee,Orange Egypt,Telecom,3,2026-09-02,👍 good,Neutral
32f89a7f-f956-4882-96b8-aba6f30ef59e,Orange Egypt,Telecom,2,2026-09-02,شروق,Negative
c47bf0ab-c423-493b-ba21-afb2a3fd2748,Orange Egypt,Telecom,5,2026-09-02,احسن ابلكيشن,Positive
160dd653-4dd4-4a0e-986a-f2bb8363054b,Orange Egypt,Telecom,5,2026-09-02,أعلى تقيم,Positive
689c3d0f-2869-4bf9-bb45-ce1320c09b07,Orange Egypt,Telecom,5,2026-09-02,جميل,Positive
df4a943c-2952-48dc-9845-918747314282,Orange Egypt,Telecom,5,2026-09-02,ممتاز,Positive
5fcdc83a-9d92-4979-bca8-74db1ada3163,Orange Egypt,Telecom,5,2026-09-02,جيد جداً,Positive
ffaa82e2-5c09-45e8-9c10-be5c36263f38,Orange Egypt,Telecom,5,2026-09-02,جميل جداً,Positive
c7ca840c-8036-4d70-87a5-a6b5a46c02de,Orange Egypt,Telecom,5,2026-09-02,ياريت تعملو عنوان لهدايا الشحن,Positive
90090c7f-8a6f-4d9a-9580-bfe8cde7651c,Orange Egypt,Telecom,5,2026-09-02,ممتازة,Positive
6a68bc15-9ca5-41ca-a204-53f144b766f5,Orange Egypt,Telecom,1,2026-09-02,بعد التحديث الاخير لازم يكون معاك نت علشان يفتح التطبيق,Negative
a408b428-bb69-499c-aca4-f6c91f4402ee,Orange Egypt,Telecom,5,2026-09-02,جيد,Positive
5d4dbfdd-1a19-441e-99ae-67e4306e44be,Orange Egypt,Telecom,5,2026-09-02,هذا تطبيق جيد ورائع,Positive
bdb38a91-141b-4ba0-82d1-4edae57a1921,Orange Egypt,Telecom,5,2026-09-02,تطبيق رائع في المعمل,Positive
7e099f38-2cab-4677-8918-ca9398a823cd,Orange Egypt,Telecom,5,2026-09-02,رائع 😎,Positive
03eb2393-4ba5-4ec0-b1a0-54a5485e56fe,Orange Egypt,Telecom,1,2026-09-02,حسبي الله ونعم الوكيل في الشرك دي ده أنا كل ما اشحن بقى تتخد من غير ما استعمل حسبي الله ونعم الوكيل فيكم ❤️‍🩹,Negative
d850738d-a9e9-449c-8c96-29a715117dfe,Orange Egypt,Telecom,5,2026-09-02,المصداقيه,Positive
19216866-d7ee-4c3a-8615-901f385cea50,Orange Egypt,Telecom,5,2026-09-02,بس لو الشبكه النت حلوه كنت استخدمت اورنج علي طول,Positive
96d39e16-f193-4075-becb-311255608a4d,Orange Egypt,Telecom,5,2026-09-02,٩٨٩٨٩٩٩٨٨٠٩ ٩٨٩٨٩٩٩٨٨٠٩ ٩٨٩٨٩٩٩٨٨٠٩ ٩٨٩٨٩٩٩٨٨٠٩ مرحبا ٩٩٨٠٨٨٩٨٩٩٨٩٨٨٨٠٩٨٩٨٨٨٨٩٨٨٨٩٨٨٩٨٨ ٨٨٨٨٨٨٠٨٨٨٩٨٩٨٩٨٨٩٩٨٩٨٨٩٨٨٨٨٨٨٨٩٨٨٩٨٨٨٩٨٨٨٨٩٨٨٩٨٨٩٨٩٨٩٨٩٩٨٩٩٨٨٨٨ج٨٩٨٩ ؤصب,Positive
8953a3bc-c6bd-4975-a125-78522f2cc3f0,Orange Egypt,Telecom,1,2026-09-02,بصراحه لا يستاهل اي نجمة تطبيق زفت وشركة اورنج زبالة,Negative
c9dbb31d-3aac-40ee-b734-2d9ae27937c7,Orange Egypt,Telecom,5,2026-09-02,عمرو هاني,Positive
e77f158e-fef1-4d71-823d-a4c46354056f,Orange Egypt,Telecom,5,2026-09-02,تمام,Positive
efdb98d9-da89-4478-b1a3-7ccd5e04e7ac,Orange Egypt,Telecom,1,2026-09-02,انا وخالتي أنا اسمي عادل، وأبلغ من العمر 19 عاماً. بدأت القصة منذ حوالي شهر مع خالتي هالة، وهي أكبر مني بخمس سنوات. أنا الأبن الوحيد لوالدي ووالدتي، ونحن نعيش في أحد أحياء القاهرة البسيطة. في +20 الأيام، كنت أشاهد التلفاز، ورن مطل الهاتف. ردت أمي عليه، وكانت خالتي هالة التي طلبت من أمي أن نذهب لزيارتها بسبب غياب زوجها في العمل أغلب الوقت، وهذا اليوم كان زوجها سيغيب عن المنزل لثلاثة أيام في العمل. المهم أمي قالت لها أنها ستمر عليها بصحبتي بعد العصر، وبالفعل ذهبنا إلى خالتي بعد العصر. خالتي لديها,Negative
01e316f3-900f-4037-b91c-947a4d05e835,Orange Egypt,Telecom,1,2026-09-02,يعنى اية اشحن باقة النت فيستهلك من باقة الخط اللى هى الوحدات وباقة النت زى ما هى ويكون فى رصيد زيادة يخلص وانا فاتحة نت ومبستخدمش غيرة يعنى مش بستخدمة مكالمات والتقى الوحدات تخلص والرصيد بيخلص وباقة النت زى ما هى أية أجهزة الشركة ضاربة بودرة,Negative
fbedd5bf-03ff-447d-aa36-80a678f3b7e8,Orange Egypt,Telecom,3,2026-09-02,برنامج كويس بس بطئ نسبياً,Neutral
f425897e-07e5-491a-a0a1-67ed29f464bc,Orange Egypt,Telecom,1,2026-09-02,تطبيق زباله وحراميه يكون عندي محفظه في الكاش اجي احولي فلوس الفلوس تتخصم من الي باعتلي الفلوس وبيجيلي رساله عمليه استلام غير ناجحة كسم التطبيق,Negative
81a2fc41-b830-435b-a840-da86324b500a,Orange Egypt,Telecom,5,2026-09-02,ماجربنش التحديث لسة,Positive
40a72fe8-9605-420f-82df-caf8602520bd,Orange Egypt,Telecom,5,2026-09-02,تحفه بجد 🥺♥♥♥,Positive
c143e194-85ba-45c5-9ab0-457431eb7e08,Orange Egypt,Telecom,5,2026-09-02,اسرع حاجة,Positive
46838916-890a-4e41-bde9-c42254d1cdbd,Orange Egypt,Telecom,3,2026-09-02,المشكله في الانترنت ما بيفتحش من غير انترنت لما بحول فلوس او فلوس باستلم فلوس ما بتضجليش رساله,Neutral
70afbba4-1b8a-4da9-92ae-e0b9bb9f8011,Orange Egypt,Telecom,4,2026-09-02,احلى تحديث,Positive
70aae566-9a1a-45ed-872e-d7f09b047066,Orange Egypt,Telecom,5,2026-09-02,ممتاز. جدا,Positive
a6c3b04f-5495-42f0-8e11-1b5e7a0f2b00,Orange Egypt,Telecom,5,2026-09-02,برنامج مريح وعملي,Positive
df8c7145-cce8-4221-b30c-d1681e7b6a51,Orange Egypt,Telecom,5,2026-09-02,ممتازه❤😎,Positive
2f49f90c-42df-4da1-932a-a10398af32c3,Orange Egypt,Telecom,5,2026-09-02,جميل,Positive
fced96c3-fd53-49d4-8afa-76bdaaccb503,Orange Egypt,Telecom,5,2026-09-02,ممتاز,Positive
f29df9f6-e758-44d6-b4b8-72dacdfae50d,Orange Egypt,Telecom,5,2026-09-02,تطبيق جميل جدا ورائع وسهل شكرا,Positive
30cb56b0-0dd8-4b79-8315-8a95ac131cf4,Orange Egypt,Telecom,5,2026-09-02,انا عميل اورنج وبصراحة التطبيق اكتر من رائع,Positive
99343863-91bd-4034-973c-5b9b95dfd961,Orange Egypt,Telecom,5,2026-09-02,♥♥,Positive
27e7c1e4-d938-4b48-b9fc-33b49b5b75fb,Orange Egypt,Telecom,4,2026-09-02,تطبيق رائع,Positive
ee356fc0-947a-414a-aa22-cb140cedaa63,Orange Egypt,Telecom,5,2026-09-02,احسن تطبيق,Positive
19e57929-eee6-4fcb-8f6e-4421228ad71f,Orange Egypt,Telecom,5,2026-09-02,تطبيق جميل,Positive
19c6c67d-1708-44ee-9547-e83672175790,Orange Egypt,Telecom,5,2026-09-02,ممتاز,Positive
182aaea4-888d-402c-8544-236a68aa090d,Orange Egypt,Telecom,2,2026-09-02,كدبين,Negative
d06e84c7-6eac-48f4-8556-ac1f5d2c98b5,Orange Egypt,Telecom,5,2026-09-02,جميل جدا جدا جدا,Positive
f5143e33-845f-4347-9cf9-1b629776f1c0,Orange Egypt,Telecom,5,2026-09-02,جديد وجميل جدا جدا,Positive
850cce8e-ed87-4040-ae52-e96f7579146f,Orange Egypt,Telecom,5,2026-09-02,رلع,Positive
e6c1407c-3264-410d-b916-214540d817a0,Orange Egypt,Telecom,5,2026-09-02,ممتاز جداً جداً جداً,Positive
91b239f9-4e25-4fcd-8ae6-d195f0229480,Orange Egypt,Telecom,5,2026-09-02,ممتاز,Positive
042cfa16-468c-4065-bac8-de924ca7d111,Orange Egypt,Telecom,5,2026-09-02,جيد,Positive
514ab0b7-8392-4606-a3a4-751e6186dd9b,Orange Egypt,Telecom,1,2026-09-02,رديء,Negative
ba9c10e2-9b2b-4c21-b296-c15a8c814f8d,Orange Egypt,Telecom,1,2026-09-02,لماذا بعد التحديث لم يعد اورنج كاش يفتح عندي؟... ارجو حل هذه المشكله,Negative
a77e449f-4e89-4258-a991-704c871ed5e1,Orange Egypt,Telecom,5,2026-09-02,جميل,Positive
2a3cb79b-b31e-42c7-9a86-8bf7ce1f3b00,Orange Egypt,Telecom,1,2026-09-02,التطبيق في خطأ مش بيحول ولا بيستقبل ومعلق معايا انهارده اول مره يعلق معايا كده,Negative
d44849dd-61ae-40af-823b-77fc308f1f40,Orange Egypt,Telecom,5,2026-09-02,الرصد بي يخلص بسرع,Positive
75f2c931-a6cf-40d1-b292-fba3a7b28519,Orange Egypt,Telecom,5,2026-09-02,👍 Good,Positive
621d91c7-9b63-47ef-9d3b-f4cc6c9d6b35,Orange Egypt,Telecom,1,2026-09-02,بعد التحديث الاخير اجد صعوبة بالغة في الوصول للمحفظة .. دائما لا تفتح ويكتب لي رسالة يرجي اجراء محاولة اخري .... المحفظة لا تفتح بعد التحديث الاخير,Negative
7f268cdd-1c74-4b3f-aa38-e6e752bade3b,Orange Egypt,Telecom,5,2026-09-02,رائع جدا,Positive
42d8b3c8-28b5-41fb-a8a8-0df9b9c7b45d,Orange Egypt,Telecom,5,2026-09-02,ههعخ٧هه,Positive
f28d5a4a-8ed5-4cff-86d0-7b2c677648cc,Orange Egypt,Telecom,5,2026-09-02,أفضل تطبيق في العالم,Positive
781b6298-d724-4acd-8145-68b5f6d1258b,Orange Egypt,Telecom,5,2026-09-02,بصراحه احسن تطبيق جامد جدا,Positive
cc9f4c61-4b81-4085-bf69-51349fee2705,Orange Egypt,Telecom,1,2026-09-02,فى مشاكل فى التحويل,Negative
dead71a6-2474-4180-863c-98220703e6b6,Orange Egypt,Telecom,2,2026-09-02,ياجماعه فى مشكال فى المحفظة بتعتى المفروض فى حد حولى فلاوس وانا لسه الحد دلوقتي بقالى فترة طويلة مستنى الفلاوس,Negative
2f1c0610-995a-47bb-8ebd-9c3557435fd1,Orange Egypt,Telecom,5,2026-09-02,جميل جداً,Positive
15627367-92f2-407c-83d1-50d4ad95d9bd,Orange Egypt,Telecom,1,2026-09-02,التطبيق مش راضي يفتح 😬😡😡ياريت تحلو المشكله دي.,Negative
79f4b6fe-8d1b-4db3-8a71-6ee5d622bf08,Orange Egypt,Telecom,1,2026-09-02,الشبكه ديما واقفه,Negative
4c4cdf6f-a659-4dd9-8475-98591860a7d9,Orange Egypt,Telecom,5,2026-09-02,هلو,Positive
2aab97e5-f85e-4234-bee3-0c8153aa69f6,Orange Egypt,Telecom,3,2026-09-02,ياريت تعدل الشبكه فى حاجه غلط تحديث كل شويه والشبكه مش بتفتح اوقات وانا مش حابب اغير الابلكيشن حد أديم انا فى ٠١٢ كلام مفهوم,Neutral
e4508a6e-269b-42a0-8ea1-caa69e2cfd95,Orange Egypt,Telecom,1,2026-09-02,مش عارف اوصل لخدمه العملاء مش عارف اوصل للسجل اكتب الرقم السري وقول لي في خطا السجل اللي هو الصادر والوارد,Negative
ca3f5717-aab4-4f75-83e6-fe42aa6cd30a,Orange Egypt,Telecom,2,2026-09-02,اقل تطبيق بالنسبه لباقى المنافسين,Negative
0e31bb5d-11c2-44ff-959d-f963951f82e4,Orange Egypt,Telecom,5,2026-09-02,جميل جدا,Positive
5a7903da-de17-4bc3-9aaa-1b5050cd0cc1,Orange Egypt,Telecom,5,2026-09-02,ممتاز,Positive
fd702ec7-34aa-4e54-a26c-b0d66b19739c,Orange Egypt,Telecom,5,2026-09-02,ممتازة جداً جداً جداً جداً,Positive
34067785-aea9-45e5-bb34-78b4c197745e,Orange Egypt,Telecom,5,2026-09-02,تحياتي لحضرتك,Positive
8a61b974-1dac-4ae8-aae1-8d2be2d9d437,Orange Egypt,Telecom,4,2026-09-02,ححح,Positive
5b6e6a0a-a0fe-4a29-9fee-01eaf292848d,Orange Egypt,Telecom,1,2026-09-02,ahh bro this's worest site in world yesss #عربي,Negative
8479eac0-7df9-42b7-9aa3-268bbc10623f,Orange Egypt,Telecom,5,2026-09-02,ممتازه,Positive
d52122eb-3926-4975-9b41-78b70cf64075,Orange Egypt,Telecom,5,2026-09-02,تحفه,Positive
fcc3f388-1c22-4d2f-9aa8-f746d5edea46,Orange Egypt,Telecom,5,2026-09-02,ااووت,Positive
c5180ce1-4f4d-4d0b-991c-fa554da00c74,Orange Egypt,Telecom,5,2026-09-02,أحسن تطبيق نازلتو,Positive
7541674e-91e6-475e-ac1d-299699c561f0,Orange Egypt,Telecom,1,2026-09-02,جيد,Negative
637fd17a-51ab-4772-8406-4f1dba95f517,Orange Egypt,Telecom,5,2026-09-02,ممتاز,Positive
5e646465-bd17-4171-b735-0ffb86ae4570,Orange Egypt,Telecom,5,2026-09-01,وحشه,Positive
4bd113ae-0ee1-4b5e-98aa-c37608523dbf,Orange Egypt,Telecom,1,2026-09-01,اخطاااا. دفاع كثير اسكربت نت ربع نجمه,Negative
1ececf1a-6145-40fa-9f85-c4aed2d30c2d,Orange Egypt,Telecom,5,2026-09-01,تطبيق رائع جدا جدا,Positive
00c8ed00-c067-4a23-acf0-69b674986eda,Orange Egypt,Telecom,1,2026-09-01,خدمه عملاء زباااااله والله العظيم,Negative
5bd47844-e5b9-4191-ae61-cd1afb2d0a4f,Orange Egypt,Telecom,5,2026-09-01,جميل جدا,Positive
4225b75e-eba5-4c30-a616-d032314c9f3a,Orange Egypt,Telecom,5,2026-09-01,برنامج جميل جدا,Positive
903f8d89-80f9-4d17-adbe-a03b91f8efaa,Orange Egypt,Telecom,5,2026-09-01,ممتاز,Positive
6fd8d4f1-189b-4cf6-bbd4-b4a05972be41,Orange Egypt,Telecom,5,2026-09-01,جامد جدأ,Positive
de9133a0-2a40-433e-8a22-48337839b602,Orange Egypt,Telecom,5,2026-09-01,حلو,Positive
9e02425a-daf7-4530-a76c-dd98f5606af3,Orange Egypt,Telecom,5,2026-09-01,بسم الله ماشاء الله من اروع البرامج,Positive
d814956f-b4fb-411b-9901-21156fb031b5,Orange Egypt,Telecom,5,2026-09-01,جميل,Positive
cda4ddce-7259-4c24-8e7a-380aa784291c,Orange Egypt,Telecom,5,2026-09-01,ممتاز,Positive
8a40018f-9e28-459e-9589-a06bceb315ab,Orange Egypt,Telecom,5,2026-09-01,ممتاز,Positive
3c19db89-f71c-49d5-b337-07d7facbb282,Orange Egypt,Telecom,5,2026-09-01,أفضل تطبيق شوفته في حياتي,Positive
f28a3cd5-2a0b-4484-90b0-82a4b0c8dfe1,Orange Egypt,Telecom,5,2026-09-01,تجربة رااائعه والتطبيق تحفه لكل شبكات اورنج وهدايا جميلة وعروض حلوة اويي,Positive
9c5bdfb6-9eb9-4258-b7a0-61c561df17ac,Orange Egypt,Telecom,5,2026-09-01,المعاملات في اورانج كاش مش بتفتح,Positive
91af1bef-ef20-4ab6-8b8a-9f7cff404462,Orange Egypt,Telecom,1,2026-09-01,اسوء شركة واسوء تطبيق كلشي عندك لا يستحق اي شكر او تشجيع حتا نجمه والله ما تستحقونها بس مجرب ارسلها مشان ابعثلكم تعليقي حقا لا تستحقو شكر ولا تشجيع,Negative
10a4e2e3-5b87-49d6-a311-a43e5d60f772,Orange Egypt,Telecom,5,2026-09-01,اجمل خدمة وعروض متميزة,Positive
f33aaf4b-46fc-4de6-a172-b4919f605e0c,Orange Egypt,Telecom,5,2026-09-01,🤩🤩🤩,Positive
62c3868d-70bc-43a4-9717-092acaf35271,Orange Egypt,Telecom,5,2026-09-01,حاليا اجمل شركة ف مصر والهدايا كتير لو شحنت اي رصيد بيجيلك هدايا كتير اوي يستاهلو ٥ نجوم,Positive
e4247731-f758-4176-b285-e80c3a5b5c61,Orange Egypt,Telecom,5,2026-09-01,جميل جداً ويكسب هدايا انصح الجميع بتنزيله❤,Positive
58759f9a-ecea-40a6-a52d-49fa05f3ac33,Orange Egypt,Telecom,2,2026-09-01,عندي مشكله ف المحفظة كل لما ادخل الرقم السري يجيلي غلط والمحفظة اتقفلت وكلمت شركه اورانج ومدونيش حل,Negative
c3dd18c2-8773-4cfe-b190-d66373527b1d,Orange Egypt,Telecom,5,2026-09-01,جميل جداً 😊❤,Positive
a1da8d9f-b150-42be-a194-d1c613261d7f,Orange Egypt,Telecom,5,2026-09-01,رصيد,Positive
cfba4db2-87bf-4641-ae58-b4a9645413a9,Orange Egypt,Telecom,5,2026-09-01,سعيد عادل,Positive
9d35f68c-9ea7-4a7c-b84b-3721d95dd9e6,Orange Egypt,Telecom,5,2026-09-01,التحديث ضعيف جدا...؟,Positive
746929fa-c92a-4cba-b6ef-1901f5ce5619,Orange Egypt,Telecom,5,2026-09-01,ممتاز,Positive
2de2598e-a8f8-4f99-bf5a-3526ea198f16,Orange Egypt,Telecom,5,2026-09-01,ان,Positive
79c5bc1f-b7fe-406a-9c47-1389ed8ec7b8,Orange Egypt,Telecom,1,2026-09-01,الهدايه الي بعد الشحن المذكوره في التطبيق مش حقيقيه,Negative
7295e738-b591-449c-b249-25400b6d38d0,Orange Egypt,Telecom,5,2026-09-01,كويس بس لسه يستكشف,Positive
71def01c-1370-4fc6-bfb5-d57f50aa1923,Orange Egypt,Telecom,5,2026-09-01,من افضل برامج,Positive
bf32e84e-e4bb-40e5-a675-9a89d833e0c0,Orange Egypt,Telecom,5,2026-09-01,ممتاز,Positive
f1445af8-4a7f-4a07-beed-5d3e0d5b6d54,Orange Egypt,Telecom,5,2026-09-01,رائع..وممتاز.,Positive
1ebef0d2-628b-4a31-87d4-0ee7c9827289,Orange Egypt,Telecom,1,2026-09-01,تجربه سيىه,Negative
d5e1ebd1-ffb4-4d93-9269-478fcc02a75b,Orange Egypt,Telecom,5,2026-09-01,تمام,Positive
1caf8dd5-b7e2-4a8c-9776-3a0ab3ccdb43,Orange Egypt,Telecom,1,2026-09-01,انبعتلى فلوس من تطبيق انا شغاله عليه والفلوس مش عاوزه توصل اي السبب انبعتلي رساله مكتوب فيها لم تنجح المعامله بالمبلغ لانك ادخلت مبلغ اقل من الحد المسموح به رصيد الحالىacctBalanceجنيه عاوزه افهم الحل اي انا محتاجه الفلوس ضروري,Negative
74a08783-4101-4a13-8b7e-788cd2aa9762,Orange Egypt,Telecom,5,2026-09-01,جيد جداً جداً,Positive
c28c1d5f-0295-4a7b-ab02-89de0080b94a,Orange Egypt,Telecom,5,2026-09-01,جميل,Positive
63902924-4c9f-4e9c-a728-7dc3fc726085,Orange Egypt,Telecom,5,2026-09-01,شركه مضمونه,Positive
9f411ac5-bb33-4a78-9e29-d8592bfa93d5,Orange Egypt,Telecom,5,2026-09-01,جميل جداً,Positive
085eeb9e-493a-4fe6-9f06-337087cc0888,Orange Egypt,Telecom,5,2026-09-01,تجربه جميلة,Positive
7e0b65cc-0e3f-4e56-ad63-10a14200592a,Orange Egypt,Telecom,1,2026-09-01,خدمه عملاء سيئه سواء مكالمه او فرع وبجد الواحد بيفكر يغير المحفظه لناس بتهتم بالعميل وفلوسه,Negative
548b6788-c957-44be-8275-7fc4857a9d4b,Orange Egypt,Telecom,5,2026-09-01,جميل,Positive
37176522-337c-422f-ba15-e7906253360d,Orange Egypt,Telecom,5,2026-09-01,جيد,Positive
a6b84806-f0e2-48a5-9179-90e25e054380,Orange Egypt,Telecom,5,2026-09-01,جميل,Positive
2d83ff2c-f8d5-4c0a-8ce3-9149fbf221c3,Orange Egypt,Telecom,5,2026-09-01,ممتاز,Positive
a1b29f9b-47ef-4cf9-bc17-c0131bf8bc90,Orange Egypt,Telecom,5,2026-09-01,صور,Positive
c6a5061c-83d9-448d-a147-7c1afa834baa,Orange Egypt,Telecom,5,2026-09-01,إنه برنامج رأع في كل شيء ومميز جدا ❤️❤️,Positive
40e03b57-71f0-4732-abb1-e2c75cd2290f,Orange Egypt,Telecom,5,2026-09-01,تحفههه,Positive
ad41578f-781a-460d-9267-8148faec6e34,Orange Egypt,Telecom,5,2026-09-01,رائع,Positive
ed20839d-6f45-4118-b9ed-a1c207b61237,Orange Egypt,Telecom,5,2026-09-01,جيد,Positive
ee5f9112-0f86-4216-8fe9-c657bbee5fe6,Orange Egypt,Telecom,2,2026-09-01,اول شي الهديا تنسرق مثلا شحنت وكان ماعيا 2 جيجا وجالي هدية الشحن تتاخذ وتاني حاجة عجلة الحظ ما هو مش حظي كل يوم وحش يعني طبقا جايا علي انترنت ودقايق العجلة تبان عندي انها يا مجلشا يا النت بيعلق ويريت تلغو max it. عشان وحش اوي,Negative
45a852c0-d142-4f59-95e8-50af70ac5e19,Orange Egypt,Telecom,5,2026-09-01,ممتاز هذا الطبيق,Positive
c995ebb1-7b4a-4994-b6a8-1f076001da39,Orange Egypt,Telecom,5,2026-09-01,جميل,Positive
65daa3b0-7fd2-41ac-a348-04435bd0b34b,Orange Egypt,Telecom,5,2026-09-01,تطبيق جيد جدا و بديك هدايا انترنت مجاني الكل يحمل التطبيق,Positive
9816db72-3f58-494a-b063-f23e9f9c282e,Orange Egypt,Telecom,5,2026-09-01,تجرب ممتع,Positive
73e22851-f2bc-4600-9a5e-ec43fdc08b13,Orange Egypt,Telecom,1,2026-09-01,اصبح سي جدا بسب لعبة عجلة الحظ مفيش مكسب الاول كانت احسن,Negative
cafd7f33-2b54-4eea-b490-5b55c4ffebd1,Orange Egypt,Telecom,5,2026-09-01,♥️♥️,Positive
d4ed18f5-6a46-4551-b10e-b931eb683fb9,Orange Egypt,Telecom,5,2026-09-01,تطبيق راااائع,Positive
ea1b3f7d-ede5-4f11-b98b-854791b2f6a5,Orange Egypt,Telecom,5,2026-09-01,👍,Positive
20da740c-ac90-4607-9d54-11a57201b8aa,Orange Egypt,Telecom,5,2026-09-01,التطبيق حلو وكل حاجه بس مبقاش بيكسب نت زي الاول ارجو حل,Positive
97585386-3272-44bf-b3e5-12b51d7a8bd9,Orange Egypt,Telecom,5,2026-09-01,تمام,Positive
66f001c6-7b6e-4f50-9f4e-279fc6c81a9e,Orange Egypt,Telecom,3,2026-09-01,فاجر,Neutral
31a9b735-2275-4f37-9675-6f24a20d7337,Orange Egypt,Telecom,1,2026-09-01,مع التحديث الأخير لا تستطيع انجاز مهمة إلا بخطأ لم يتم تنفيذ طلبك حاول مرة أخرى وصار مملا ومضيعا للوقت,Negative
5fb0156d-a760-4c4c-b91f-315fb3479b32,Orange Egypt,Telecom,5,2026-09-01,حلو جدا,Positive
e6b7e2fe-af95-4f06-a3fb-f65c17954f14,Orange Egypt,Telecom,5,2026-09-01,ممتاز جدا جدا,Positive
4f78b789-e199-43a7-87c0-08694e403aed,Orange Egypt,Telecom,5,2026-09-01,برنمج جيد جدان,Positive
6ed7ba84-5a7b-43f9-9cfd-571797167154,Orange Egypt,Telecom,5,2026-09-01,إضافة سياسة رد الأموال من المحفظه والتطبيق,Positive
2092a501-0936-4b22-9567-8fd3a725073d,Orange Egypt,Telecom,5,2026-09-01,حلو,Positive
1ff0f7e4-f919-47e0-ab53-a80b775caa80,Orange Egypt,Telecom,3,2026-09-01,مش بيبعت 3 جيجا,Neutral
25e1f5ea-d8e2-4ed8-9cd7-4b21ff8fb66c,Orange Egypt,Telecom,5,2026-09-01,ممتازة,Positive
a4c6494d-9e99-48e5-a312-e9eb3aabb7eb,Orange Egypt,Telecom,1,2026-09-01,مش كفايه صابرين علي الشبكه الزفت دي كمان المحفظه مش عارفين نسحب فلوسنا السيستم واقع,Negative
f7c7c414-1be2-4caa-82a2-98f08e3f616a,Orange Egypt,Telecom,5,2026-09-01,بجد ممتاز,Positive
80754c2a-ef1b-4b2e-b346-936a9c6b98a8,Orange Egypt,Telecom,5,2026-09-01,ممتاز,Positive
5398caa6-9707-4650-8bc1-25435fcdd584,Orange Egypt,Telecom,1,2026-09-01,ماكس ات. اسوأ واردأ تحديث للتطبيق في تاريخه . المحفظه بتقعد بالايام رافضه تفتح ولما تفتح يقول ليس لديك محفظه . أو يقعد ساعات يدى خطأ في التشغيل . التحديث سيء,Negative
709286c3-a5f0-492f-8f04-a2e3b2fb1cc2,Orange Egypt,Telecom,1,2026-09-01,يوجد مشكلة في اورانج كاش عل تطبيق لا يفتح,Negative
cdbd9d1c-a850-4adc-97bb-c3dcba60e1ad,Orange Egypt,Telecom,1,2026-09-01,#انترنت_غير_محدود_فى_مصر خدمة ال DSL غير مستقرة وأسعار الباقات بقت نار و الأسم تطوير للخدمة بعد إنعدام المنافسة شركات الاتصالات شبه بعض.مش عارف أدخل على محفظة أورنج علشان أجدد باقة المحمول وبيعنى رسالة الخدمة غير متاحة رغم ورود رسالة تحويل الرصيد,Negative
7be62122-df38-45e7-9f0d-3763cfa51369,Orange Egypt,Telecom,1,2026-09-01,سيئ جدا جدا ابلكيشن زبالة وشركة زبالة,Negative
ba6267b4-9f07-429b-b474-f1581fb676d5,Orange Egypt,Telecom,3,2026-09-01,البرنامج بعد التحديث الاخير اصبح سيء كلما كلما استخدمت خدمه كاش يقول لي ليس لديك محفظه,Neutral
20c3ff69-6b2f-40c3-9474-7bc1d72ae6e1,Orange Egypt,Telecom,1,2026-09-01,الابليكيشن الأول كان أفضل من غير نت إنما دلوقتي أعوذ بالله,Negative
f5abbcc6-3b77-4d08-815c-ebbc9ea41726,Orange Egypt,Telecom,5,2026-09-01,جودة الخدمات صح وفوق الصح,Positive
cbc7595a-2c37-49a7-949c-099e0e9da237,Orange Egypt,Telecom,3,2026-09-01,ممتاز جدا جدا جدا,Neutral
5bf70ef0-2c18-49c6-a470-af6121701c65,Orange Egypt,Telecom,5,2026-09-01,التحديث الجديد سئ جدا المحفظة مش عايزة تفتح ولا عارفين نشتغل,Positive
68617d5e-afb0-46d3-be3a-6dddaf51a326,Orange Egypt,Telecom,1,2026-09-01,يلغي المحفذة,Negative
1f757cdf-6dc0-4fb2-8ed4-9dee740220f8,Orange Egypt,Telecom,1,2026-09-01,ابليكيشن خربان,Negative
4099891b-ae3d-4ba1-936d-613ac99f9e43,Orange Egypt,Telecom,5,2026-09-01,بعد ازنكو اورانج كاش عندي مش شغال ممكن اعرف السبب,Positive
47c87dab-e9b1-49af-8658-a76bf7d7e639,Orange Egypt,Telecom,4,2026-09-01,تطبيق جميل جدا جدا.وممتاز لدرجه كبيره وسهولة في الاستخدام..بس ياريت يكون في هدايا اكتر .. أنصح بالاستخدام,Positive
7f2e86cd-7b75-414a-ac0b-7175e121b5a6,Orange Egypt,Telecom,5,2026-09-01,التطبيق لا يغتح عن طريق الوايفاى .. أرجو حل لتلك المشكلة,Positive
5dd28026-9adc-469d-925c-00747a8af57e,Orange Egypt,Telecom,5,2026-09-01,جيد,Positive
52a3b4b6-e662-4f0e-9bc0-b370c7808aac,Orange Egypt,Telecom,1,2026-09-01,لا يدعم المحفظة,Negative
94f3cec0-e77b-46a0-a79b-562b459eb39d,Orange Egypt,Telecom,1,2026-09-01,وحش حدااااا,Negative
46f9a312-a449-46ac-afca-3ad1d3e8a031,Orange Egypt,Telecom,5,2026-09-01,ممتازة,Positive
2258143e-f976-4faa-873d-9ef9a1490114,Orange Egypt,Telecom,1,2026-09-01,كل شوية يقولي مفيش محفظة وتقطيع شبكة واخر قرف عدت القرف بمراحل,Negative
c697ba9a-98c3-4d9f-96c1-db840abfd1f4,Orange Egypt,Telecom,1,2026-09-01,للاسف البرنامج مش حلو خالص,Negative
79fa20d6-345b-4618-9e4a-240f6eaa5b06,Orange Egypt,Telecom,3,2026-09-01,التطبيق بعد التحديث الاخير سيء جدا وأصبح تقيل معايا واورانج كاش بتظهرلي اني مش عامله محفظه طب ازاي وانا باستقبل وبارسل مبالغ كبيره والله لا يستحق غير 3نجوم بعد اذنكم اهتموا شويه بالتحديثات,Neutral
76adf0b8-6340-453b-ade9-ead322202c01,Orange Egypt,Telecom,1,2026-09-01,أقسم بالله خدمة وحشة وحشة وحشة خالص,Negative
be2596d8-0814-4996-8f17-15f389c6c69c,Orange Egypt,Telecom,1,2026-09-01,اوحش تطبيق ب النسبه لشركات الاتصال واوحش شبكه ف مصر,Negative
3dc7e263-82cf-4da2-a81f-555f99274208,Orange Egypt,Telecom,5,2026-09-01,التطبيق ممتاز جداً,Positive
dfe8330d-73cc-4c05-a380-1d0b5c08465d,Orange Egypt,Telecom,5,2026-09-01,خدمة ممتازة جدا,Positive
e87426d6-0e57-44d1-aeff-febc53272caa,Orange Egypt,Telecom,5,2026-09-01,ممتاز,Positive
4dbc5ee1-cb22-4a9a-9a4f-c720b30926f9,Orange Egypt,Telecom,1,2026-09-01,الابليكشن مش احسن حاجه لان لما باجي اخش عليا بيهنج كتير جدا ومفيش شرح لكل حاجه في,Negative
19ecd9f1-6eed-495d-a468-25c0a1dde0be,Orange Egypt,Telecom,5,2026-09-01,ممتاز الطبيق دا,Positive
56fb7e8f-7836-425e-bd41-b88325f8cd24,Orange Egypt,Telecom,5,2026-09-01,حسنا,Positive
ef21ceb6-5f50-464c-8efc-6f8faf8a3022,Orange Egypt,Telecom,5,2026-09-01,ممتاز جدا,Positive
b185c1ef-a04e-4aef-9b3f-5b0011c4acac,Orange Egypt,Telecom,5,2026-09-01,رائع 🤩,Positive
9a326fc5-a369-4f87-9e62-a06dd6f00911,Orange Egypt,Telecom,5,2026-09-01,رائع ومميز جدا,Positive
d6689863-2aba-49fe-b24c-d165ab4973c0,Orange Egypt,Telecom,5,2026-09-01,ممتاز,Positive
ce17bca9-2cd1-4ec0-9fc0-8a167ca52e2f,Orange Egypt,Telecom,5,2026-09-01,تطبيق جيدا جدا,Positive
8ee10e87-d44e-440b-a9ab-714b07cb2f1e,Orange Egypt,Telecom,4,2026-09-01,جيد,Positive
f8e2eed3-78ab-4eff-9926-2a7f6594991e,Orange Egypt,Telecom,5,2026-09-01,تطبيق جميل احسن شبكة با نصحكو تحملوه🥰🥰🥰🥰🥰🥰,Positive
74179e4c-784e-4444-b1ef-f3c3480458bf,Orange Egypt,Telecom,5,2026-09-01,رائع وسلس لاكن ينقصه هدايا اكتر للمستخدمين,Positive
55d1dc54-0cba-42ed-9179-14aa96829598,Orange Egypt,Telecom,5,2026-09-01,برنامج رائع وسريع وجميل جدا,Positive
bdcf01c0-4f95-4803-99b7-11830000d4a9,Orange Egypt,Telecom,4,2026-09-01,عندى مشكلة فى التطبيق . صفحة التسوق مش عاوزة تفتح وكل شوية يقولى التطبيق لا يستجيب وبرضو خصم ال ٥٠ % على باقة كأس العالم من tod عن طريق المحفظة كل أما اضغط عليها مش بتظهر خالص,Positive
a877f2df-c066-4120-866b-e292b2567f83,Orange Egypt,Telecom,5,2026-09-01,حلو اوي بس ياريت لمه نلف عجلت الحظ يزود معانا الواحدات الي كسبناها 100شويه قليلين,Positive
a5be5d21-b96e-4150-8dc7-960bfa73b6c1,Orange Egypt,Telecom,5,2026-09-01,جميييييل جدا,Positive
a8cebb51-326d-48ff-9185-621f76219e0c,Orange Egypt,Telecom,5,2026-09-01,برافو عليكم,Positive
355e0359-e84d-4ffe-8ae1-ec5df66707a0,Orange Egypt,Telecom,5,2026-09-01,بطئ,Positive
65c2ea6a-e471-49c4-9853-dba46ebb82d1,Orange Egypt,Telecom,5,2026-09-01,ممتاز,Positive
fccd3166-3e76-45c4-9cfa-5f0d018d732d,Orange Egypt,Telecom,5,2026-09-01,تجربة ممتازة,Positive
151e4c71-406b-47c9-860e-9b9869b93251,Orange Egypt,Telecom,5,2026-09-01,رائعه,Positive
61c71724-24f9-4893-8570-82296955aeeb,Orange Egypt,Telecom,1,2026-09-01,سيىء جدا بعد التحديث لا يقبل سحن عداد الكهرباء الواجهة اصبحت معقدة وغير مريحة للعين,Negative
f69dabdf-2feb-485a-973f-72279db78d5c,Orange Egypt,Telecom,1,2026-09-01,انا لسه هجربه,Negative
4165eb97-8f91-4707-8929-1b8f6bb17dc7,Orange Egypt,Telecom,2,2026-09-01,انا بعاني من مشكله كل ما اشحن باقه او كارت يتسحب رسوم ضريبه دمغه ويقول لي رصيدك الحالي صفر جنيه,Negative
763436fb-519c-4408-a65b-07966e1b9914,Orange Egypt,Telecom,5,2026-09-01,انتر نت ببلاش,Positive
4e9b6305-bb70-410f-bcb8-cb1683c0cfea,Orange Egypt,Telecom,1,2026-09-01,زفت التحديث الجديد زفت,Negative
08d1cf4f-4b30-45ec-83d0-ead6106e86cd,Orange Egypt,Telecom,5,2026-09-01,روعه,Positive
12aeabab-28f5-499d-b2db-f375868e12d9,Orange Egypt,Telecom,5,2026-09-01,تمام,Positive
21473d34-8093-4f2b-bb7c-3dd4693c4292,Orange Egypt,Telecom,5,2026-09-01,شكرا,Positive
51152477-992a-43ac-a480-f8641efedab4,Orange Egypt,Telecom,5,2026-09-01,جميل,Positive
35420ede-f507-4254-b681-f4cb6455516e,Orange Egypt,Telecom,5,2026-09-01,راع,Positive
76add5f4-403b-4fba-a795-b7fdb8e637a0,Orange Egypt,Telecom,5,2026-09-01,ممتاز,Positive
d01bfd21-d710-4545-9f73-12c8e4959730,Orange Egypt,Telecom,1,2026-09-01,ابلكبشن زبالة ما بعرف رصيد كم من منه كذب في كذب,Negative
7bd5ea9e-37c2-4480-a067-1af0911229d9,Orange Egypt,Telecom,5,2026-09-01,هذا التطبيق جميل جدا بعد التحديث,Positive
316b9b41-4b84-4abf-80cf-26c6f415f6df,Orange Egypt,Telecom,1,2026-09-01,يا جماعة انا كل لما اشحن من على الابلكيشن بيعطيني هدية و بمجرد ما الهدية خلصت خلاص كدة مفيس رصيد يعني تقريباً بياخد مني الرصيد و يعطيني هدية لمدة 3 ساعات و خلاص كدة عليه العوض و منه العوض في الشحنه بدل ما بتقعد معايا اسبوع بتقعد معايا كام ساعه و خلصنا هل دة يرضي ربنا ؟,Negative
e15cc1b8-dc1e-4859-9d99-75367b50dfac,Orange Egypt,Telecom,5,2026-09-01,برنامج جميل,Positive
df2c7dfd-f656-4a91-8629-fd8d5f33ee04,Orange Egypt,Telecom,1,2026-09-01,فاشل,Negative
6aefce7d-af3b-4346-a759-50a20da5ad3b,Orange Egypt,Telecom,5,2026-09-01,طيبه,Positive
8102e1d8-ae8a-4cae-be38-561b0ac906e0,Orange Egypt,Telecom,3,2026-09-01,عادي,Neutral
2d100231-3b7f-4ef7-8fc6-66d583bb1e5d,Orange Egypt,Telecom,5,2026-09-01,تطبيق ممتاز,Positive
d3c45a86-8f06-4add-820d-f404ddc31680,Orange Egypt,Telecom,5,2026-09-01,جميل جدا,Positive
5e723b72-64e5-4f5b-b5a3-55962a1de2d7,Orange Egypt,Telecom,5,2026-09-01,Good,Positive
7ae82d0a-7cb5-46d0-a57d-e7a7597d3254,Orange Egypt,Telecom,5,2026-09-01,بصراحه ممتاز,Positive
0fd0e044-3d15-434b-90cc-b54572952e61,Orange Egypt,Telecom,1,2026-09-01,الابلكشن ضعيف جداً والنت سئ جداً جداً جداً جداً جداً جداً جداً والشبكه ضعيفه أورنج بقت سيئه للاسف,Negative
2d7a66ac-5340-40e9-92d7-2b3a5dc8be60,Orange Egypt,Telecom,5,2026-09-01,مماتز جدن,Positive
c3e808dd-8d55-488e-a6ff-3eec16974c53,Orange Egypt,Telecom,5,2026-09-01,ممتاز,Positive
26861d16-e3ff-4d52-9edc-811a10188eaf,Orange Egypt,Telecom,1,2026-09-01,بطئ جدا جدا جدا جدا جدا,Negative
bf82162a-4afd-4d08-ba93-992d9f1d329b,Orange Egypt,Telecom,5,2026-09-01,الي يقول إن التطبيق وحش مينزلهوش و يغور بعيد,Positive
16003b5c-05b2-4209-966c-a8e391eb578c,Orange Egypt,Telecom,5,2026-09-01,تمام,Positive
3d7a7aec-c618-4c18-8689-e35e288ffea9,Orange Egypt,Telecom,5,2026-09-01,البرنامج الرائع يا رب يا رب حد يفيدك يا قمر,Positive
4f8c82a4-d987-4fcd-b7d4-a13fb15ffa09,Orange Egypt,Telecom,5,2026-09-01,جميل جدا,Positive
735a3b95-bdf8-4c33-b73d-20199fb12a35,Orange Egypt,Telecom,4,2026-09-01,جيدا جدا,Positive
5ac51e07-984e-4cfc-a17e-b3c0054f1962,Orange Egypt,Telecom,5,2026-09-01,شركه رائعه جدا,Positive
ad4d2bf9-0b77-4125-97b8-897c5731652c,Orange Egypt,Telecom,1,2026-09-01,شكرن وانا فرحان,Negative
047c3c2b-052b-46eb-a856-0e6c9bdc69a9,Orange Egypt,Telecom,5,2026-09-01,بصراحة الموقع الالكتروني والشبكة تمام,Positive
81d97946-d6a8-401a-8ef9-7211cdf85a58,Orange Egypt,Telecom,5,2026-09-01,برنامج جميل جدا والله ومبيكسبنيش هدايا من المحاوله اليوميه,Positive
cb9d41f4-12e8-49f8-a092-d2a1fa54d01c,Orange Egypt,Telecom,1,2026-09-01,يعني ليه التطبيق عايز اكتر من Android 7 عشان التحديث يعني مش هيشتغل علي تليفوني اغير الرقم لي شركه تانيه بقي,Negative
3feb1a7f-150a-4151-b3e2-ddb29eeabe84,Orange Egypt,Telecom,5,2026-09-01,احمد كمال إبراهيم السيد ٠١٢٨٤٠٧٤٧٨٧,Positive
392715d2-e955-4b48-8841-120923cdd8c8,Orange Egypt,Telecom,2,2026-09-01,التطبيق بقي زحمه ومزعج,Negative
89405809-73a2-4514-b0a2-122414b91ff9,Orange Egypt,Telecom,5,2026-09-01,رائع,Positive
07da31c4-df84-4cbe-8d45-63d84434cd7e,Orange Egypt,Telecom,5,2026-09-01,جيد جداً,Positive
a75133de-ce5d-4064-afe5-999a2e496d73,Orange Egypt,Telecom,5,2026-09-01,تجربه ناجحه,Positive
be43d96e-8f85-46a5-b116-8b3cab4ffa05,Orange Egypt,Telecom,1,2026-09-01,"​""تطبيق سيئ جداً وتحديث 10.30 فاشل بكل المقاييس! خدمة (إدارة أرقامي) لا تعمل إطلاقاً. بعد إدخال الرقم القومي وتصوير البطاقة وش وظهر والصورة الحية، يظل التطبيق يحمل لعدة دقائق وفي النهاية يظهر خطأ (فشل المحاولة)، رغم وجود إنترنت ممتاز وإضاءة ممتازة. المشكلة عامة وتواجه أعداداً كبيرة من المستخدمين بسبب ضعف سيرفرات الفحص والتحقق الرقمي (e-KYC). نرجو إصلاح هذه المشكلة الفنية فوراً وإطلاق تحديث جديد يحل هذا العطل، أو إلغاء تعقيدات التصوير الحي التي تعطل الخدمة!""",Negative
289c360d-f476-464b-9593-c9a8a850bdc6,Orange Egypt,Telecom,4,2026-09-01,جامد,Positive
1f17ebd2-9c2f-439c-8ea8-9e2dcc03002c,Orange Egypt,Telecom,5,2026-09-01,log into your home 👍👍,Positive
80d45230-3f17-4b29-9964-6931e0ae362d,Orange Egypt,Telecom,5,2026-09-01,شكرا,Positive
d2f0c539-4e3c-4edc-92af-88acd646c1da,Orange Egypt,Telecom,5,2026-09-01,برنامج حلو جدا,Positive
1be810f1-5cfc-4bc8-8e5c-2f9b734d47de,Orange Egypt,Telecom,5,2026-09-01,اجمل ما يمكن,Positive
cb9602be-abe8-41b0-92c6-aa715b73d90b,Orange Egypt,Telecom,5,2026-09-01,التحديث الجديد شكلو حلو وبيوفر نت,Positive
18c6c165-99e8-4ad0-ae79-cec642e828c6,Orange Egypt,Telecom,5,2026-09-01,احلا برنامج,Positive
3a105355-c897-4b5c-9abf-2eaba0bb18b7,Orange Egypt,Telecom,5,2026-09-01,جمال,Positive
38e9d896-741a-498f-bf4c-ab04ca6a24c7,Orange Egypt,Telecom,5,2026-09-01,برنامج رائع لاكن المشكله الوحيده تعدد التحديثات,Positive
4a25e090-e91b-41dc-a1c5-3d1f30848812,Orange Egypt,Telecom,5,2026-09-01,ممتاز,Positive
edaab061-4c97-4559-8b0f-0618ebf884fc,Orange Egypt,Telecom,5,2026-09-01,راع,Positive
6ab55847-aaa3-47b9-8c97-315fd7875a2d,Orange Egypt,Telecom,5,2026-09-01,ممتاز,Positive
c7a962b6-af70-4668-aede-42ff30fbbf3f,Orange Egypt,Telecom,5,2026-09-01,ممتاز,Positive
05a8181f-4dac-4b25-abe2-096e6cb55589,Orange Egypt,Telecom,5,2026-09-01,جامد,Positive
12bf3530-b46a-4292-b1db-cf7205b4380e,Orange Egypt,Telecom,5,2026-09-01,افضل تطبيق,Positive
b7030998-b332-4a5d-8d92-fe49156dc32e,Orange Egypt,Telecom,5,2026-09-01,رائعه,Positive
cee6fdbb-947e-4482-8e0f-36eec561f5ad,Orange Egypt,Telecom,5,2026-09-01,راااائع,Positive
4cb700c0-a986-44b0-b26f-15dea0d7250e,Orange Egypt,Telecom,5,2026-09-01,ممتاز,Positive
d0c8a9ef-45ef-4776-a795-69444bc1bf0d,Orange Egypt,Telecom,5,2026-09-01,ممتاز,Positive
82f15876-af31-4f70-8e46-be03f9d843af,Orange Egypt,Telecom,1,2026-09-01,شكل التطبيق بقي وحش اووووي ياريت يرجع شكلو زي ما كان او مماثل لي الشكل القديم,Negative
b599f382-6b03-41c0-aca5-e81ce2dc4963,Orange Egypt,Telecom,5,2026-09-01,الابلكيشن حلو جيداا وسهل حاجات كتير,Positive
9379cde8-60e0-4804-a4f9-526c9116cf5e,Orange Egypt,Telecom,5,2026-09-01,حلو,Positive
43b4c662-f1e6-4147-bda2-ba6b34474fdf,Orange Egypt,Telecom,5,2026-09-01,لأنه جميل لدرجة عالية,Positive
405d7c02-21be-4d55-a719-cf8c77249e06,Orange Egypt,Telecom,5,2026-09-01,تطبيق جيد,Positive
4e32ba58-6b52-4c47-974c-bf5646a1be83,Orange Egypt,Telecom,5,2026-09-01,بقى ممتاز عن الاول بكتير عرفوا فين الأخطاء و صلحوها 👏👏,Positive
3f08ea9b-4bc2-4a0d-8aba-df11e47a3d39,Orange Egypt,Telecom,5,2026-09-01,❤,Positive
0ed4770c-235d-4ecb-881e-cbfb0c063090,Orange Egypt,Telecom,1,2026-09-01,لا يمكننى استخدام خطين فى نفس الوقت,Negative
8bb052c9-e703-42d4-bc1f-6584800bdae0,Orange Egypt,Telecom,5,2026-09-01,جميل,Positive
7b0b65f9-fea0-40c2-b9bd-700870977f58,Orange Egypt,Telecom,5,2026-09-01,ما سبب عدم توافق البرنامج مع جهازي بعد التحديث,Positive
d2381250-8b13-4709-ae36-fe2f6690598c,Orange Egypt,Telecom,5,2026-09-01,مامتزا,Positive
861d1346-ba6b-4683-a291-dabd76ffd162,Orange Egypt,Telecom,5,2026-09-01,تطبيق رائع 🤩,Positive
0bb883d7-5ce7-4de0-ac2c-adebe3fbcb25,Orange Egypt,Telecom,5,2026-09-01,جميل جداً جداً جداً,Positive
df79c431-7508-4d46-8cb8-881191364055,Orange Egypt,Telecom,5,2026-09-01,ممتاز جدا جدا احلى من اي برنامج,Positive
be69dd89-18e1-45c5-a719-9179c0b66b6e,Orange Egypt,Telecom,5,2026-09-01,جميل,Positive
c2774683-2a88-427e-834a-e3e43bbbacd8,Orange Egypt,Telecom,4,2026-09-01,تطبيق جيد يسهل معظم الطرق الشحن والإستعلام عن الرصيد,Positive
7cf6df57-a98c-4220-9b3e-20238932f935,Orange Egypt,Telecom,5,2026-09-01,اديلو خمس نجوم,Positive
88896e61-4284-4ea3-ab8b-62f2fb28b6e4,Orange Egypt,Telecom,5,2026-09-01,تحفه اوي بس المشكله مافيش هدايا خالص,Positive
da7ba43c-dda4-4a4d-9304-f302b5603cc2,Orange Egypt,Telecom,5,2026-09-01,مومتز,Positive
ee30fb8f-0f6c-4154-b873-06f8f3bc8d44,Orange Egypt,Telecom,5,2026-09-01,هو جامد وكل حاجه بس في مشكله ان لما اجي افتح االابلكيشن بيعض وقت طويل اوي علشان يفتح ولما اجي استلم هديه متجيش غير بعديها بشويه و اتمنا حل المشكله التهنيج,Positive
070fc2ee-e229-439a-a618-7420e33406bc,Orange Egypt,Telecom,5,2026-09-01,👌,Positive
a4cdd953-50a0-48fd-8b06-883dba9a04a7,Orange Egypt,Telecom,5,2026-08-31,تمام,Positive
ba64d86d-61af-44ed-86f7-db2959668104,Orange Egypt,Telecom,5,2026-08-31,👍👍👍😉,Positive
009cca64-c490-4050-9c28-4396f24d18c3,Orange Egypt,Telecom,2,2026-08-31,انا أمن في مبنيل كاش,Negative
92cd9252-742c-4f86-b6d3-19b44eeabb13,Orange Egypt,Telecom,5,2026-08-31,تحفه بجد ♥️,Positive
58af7239-8fac-4592-8c47-8038f011b62e,Orange Egypt,Telecom,5,2026-08-31,♥,Positive
607e4d98-2c4b-4544-b479-fd149e4e6093,Orange Egypt,Telecom,5,2026-08-31,روعه جميل جدا,Positive
1634d433-941c-4294-81b7-ce79b9208dcc,Orange Egypt,Telecom,5,2026-08-31,جيد جدا,Positive
3bdb66df-3a23-48fe-920a-d0cf45a241cd,Orange Egypt,Telecom,5,2026-08-31,ممتازه جدا,Positive
4fc75e81-5d29-4c72-b094-338ed8c0c15b,Orange Egypt,Telecom,5,2026-08-31,ممتاز👌👌,Positive
776ef369-5e7f-46d5-914c-17b88079b109,Orange Egypt,Telecom,5,2026-08-31,جيد جدا جدا,Positive
758fb55c-dd5c-435b-80df-74022005e4a0,Orange Egypt,Telecom,4,2026-08-31,ممتاز,Positive
3b378843-e820-4626-85d9-a0bcd9eeb334,Orange Egypt,Telecom,5,2026-08-31,ممتاز,Positive
a0725387-ec40-4598-9648-37b7d2cb3eca,Orange Egypt,Telecom,3,2026-08-31,السلام عليكم ورحمة الله وبركاته لوسمحت التحديث الجديد مش بيفتح البرنامج,Neutral
6e18d8e2-4400-4f78-bb01-1e1d56f98a52,Orange Egypt,Telecom,5,2026-08-31,ممتازة,Positive
b2c8dd08-fc8b-4bf0-b705-ffdcf8b8f9d6,Orange Egypt,Telecom,4,2026-08-31,التطبيق ممتاز ولكن أرجو إضافة شركة مياه الغربية (تحصيلات مياه الغربية) حتى يمكننا دفع فواتير المياه لماذا لم يتم إضافة شركة مياه الشرب والصرف الصحي بالغربية إلى الآن حتى أتمكن من دفع فواتير المياه وللأسف إلى الآن لم يتم إضافة دفع فواتير تحصيلات مياه الغربية مع إن البرنامج على آخر تحديث,Positive
961aebbb-58ae-4ae0-be66-2f497b57839b,Orange Egypt,Telecom,5,2026-08-31,ممتازه,Positive
76d8ed86-3c48-4e93-a3bc-09078e7e3148,Orange Egypt,Telecom,1,2026-08-31,بطيء جد ا وبيسحب الباقه,Negative
93c67d16-c8c1-429e-982d-52d694eeff72,Orange Egypt,Telecom,5,2026-08-31,جيد,Positive
ac46c3ec-8a2e-492d-bc2f-41f6ca55bb50,Orange Egypt,Telecom,1,2026-08-31,الأب بقي بطيئ بشكل سئ سئ سئ ياريت المشكلة ف اسرع وقت,Negative
facaab7a-8a05-4571-b33b-c19c12d6971c,Orange Egypt,Telecom,1,2026-08-31,زباله وشركة زباله,Negative
0a0d2c80-d129-42a5-ba99-e100399ee699,Orange Egypt,Telecom,5,2026-08-31,ضعيف جداً,Positive
37c923a1-54f8-4701-aa5a-17fab053649c,Orange Egypt,Telecom,5,2026-08-31,اقسم بالله البرنامج تحفه,Positive
fe1f94ac-3acf-4416-8c6d-a6a8aa67287c,Orange Egypt,Telecom,5,2026-08-31,جميل جدا,Positive
a42be464-0dd1-4dee-918f-629885ec08ea,Orange Egypt,Telecom,5,2026-08-31,التعامل بقي اسهل واسرع انصح بشراء خط من اورنج,Positive
d6106f1e-9263-4c3c-87d8-f3263e599d5c,Orange Egypt,Telecom,5,2026-08-31,جميل جدا,Positive
aedbc63f-01ce-40b1-b6e2-3a2bc7ce14a2,Orange Egypt,Telecom,5,2026-08-31,جميل,Positive
028c17e1-1a78-4aac-b635-eb20b2aade80,Orange Egypt,Telecom,5,2026-08-31,حلو,Positive
72d78403-1299-4c37-b70c-5c8edcd9174a,Orange Egypt,Telecom,5,2026-08-31,كان البرنامج وحش زمان بس دلوقتي حلوي قوي,Positive
aacd7ff7-55b7-4571-9ea6-70c509e988e1,Orange Egypt,Telecom,5,2026-08-31,ممتازة,Positive
e550e695-cbab-40b3-9c9f-f537b3bc1b4c,Orange Egypt,Telecom,1,2026-08-31,بعد التحديث max it بقى سئ ومش بيفتح غير بانترنت لازم اكون شاحنة الباقة علشان يشتغل ازاي وانا بشحن من الابلكيشن نفسه ايه المرار الطافح دة,Negative
4346a3d7-332d-4592-80c7-eb8b3589da2e,Orange Egypt,Telecom,5,2026-08-31,ممتاز جدآ,Positive
8c1c1c99-7fa9-48cb-a43c-fb17987f69a7,Orange Egypt,Telecom,5,2026-08-31,ممتاز جدا,Positive
e763035f-6bb3-4f44-ab43-c9c861427623,Orange Egypt,Telecom,5,2026-08-31,ممتعه,Positive
8689871c-838b-42e2-8af3-29285396e94c,Orange Egypt,Telecom,5,2026-08-31,احسن شبكه في مصر 🇪🇬,Positive
4bc9ceff-328a-46d2-b3bf-f5f8d1408071,Orange Egypt,Telecom,5,2026-08-31,من افضل التحديثات الي اتعملت في orange إلابليكشين بقى بي يتفتح وأي فاي عادي,Positive
f88e2ca1-02cf-47f6-b2a7-25afda49e117,Orange Egypt,Telecom,5,2026-08-31,ممتاز,Positive
f7a7d898-7132-4489-b702-d2370462b3f3,Orange Egypt,Telecom,1,2026-08-31,الابليكيشن سيئ جدا ومش بيفتح من غير نت لازم وجود نت او رصيد,Negative
ae7e224c-c18c-4b84-ab18-800168867dbf,Orange Egypt,Telecom,5,2026-08-31,very good,Positive
0ebdb853-8077-4efe-b3b8-dada92d861f8,Orange Egypt,Telecom,5,2026-08-31,شكرا,Positive
3d74c088-5127-4097-b339-830d017556ee,Orange Egypt,Telecom,5,2026-08-31,جيد,Positive
6132e79b-a71f-4a00-b31d-3258f73bec83,Orange Egypt,Telecom,5,2026-08-31,تجربه حلو لاكن محفظه لورنج شغال بالداتا بس وده سيء,Positive
b9b87811-8f9a-482f-b360-885a90b3261c,Orange Egypt,Telecom,5,2026-08-31,ممتاز,Positive
ecec0336-ab43-4d5c-b3dc-801a119738a1,Orange Egypt,Telecom,5,2026-08-31,متاز,Positive
e8f92aea-4119-406e-b28e-d5313b114631,Orange Egypt,Telecom,5,2026-08-31,ممتاز,Positive
33a41992-fdfa-40c7-912d-bdd0919e124e,Orange Egypt,Telecom,5,2026-08-31,جميل,Positive
415e0b90-7fd4-414e-a2cd-4f8f84d5bd26,Orange Egypt,Telecom,5,2026-08-31,امتياز واشكركم,Positive
de649153-c225-441e-9009-8afd037eeb92,Orange Egypt,Telecom,1,2026-08-31,فين الهدايا,Negative
4776143a-ef11-4835-8ceb-0648a9444c1e,Orange Egypt,Telecom,5,2026-08-31,مؤمن.,Positive
fd57a051-e9e5-45a8-a5d9-40a992d41f99,Orange Egypt,Telecom,5,2026-08-31,تمام,Positive
69f8a2e3-eea5-403a-a523-58e870e2c693,Orange Egypt,Telecom,5,2026-08-31,اجمل شبكه في مصر حقيقي,Positive
97696ccb-fa8e-4fb0-80f3-5bdbfa5283f0,Orange Egypt,Telecom,5,2026-08-31,عايزه نت هديه كتير,Positive
66a2a3bd-dc75-4e43-95ff-4dc6a09110fe,Orange Egypt,Telecom,1,2026-08-31,ماهذا الخراء الذي نحن فيه,Negative
8f2290ad-4342-4915-9a85-9c590f1b400c,Orange Egypt,Telecom,5,2026-08-31,شكراً لي احسن شركة اورنج,Positive
2ef7b674-58e7-49f9-a80a-0f97f4bbd12e,Orange Egypt,Telecom,5,2026-08-31,برنامج ممتاز ومريح وله مصداقيةفى جميع الم جالات,Positive
e45d4208-edbb-4379-9839-ac37b94c0752,Orange Egypt,Telecom,5,2026-08-31,عاااااااااش يا وحش 💪,Positive
38f6bcc2-427b-4d6f-8c9e-89c30efd2841,Orange Egypt,Telecom,5,2026-08-31,التطبيق جميل جدا جدا جدا جدا بس كل ما عايزة اشحن مش راضي,Positive
61377c91-abd4-4a3a-941c-649cff4cc840,Orange Egypt,Telecom,5,2026-08-31,من افضل التطبيقات وسهل الاستخدام,Positive
56a57d5a-66dc-4685-84fc-a19b9e30e9dc,Orange Egypt,Telecom,5,2026-08-31,ممتاز,Positive
ae573c5f-1a73-441d-905d-0f6a924bd8a4,Orange Egypt,Telecom,5,2026-08-31,حلو جدا جدا,Positive
5ee35cfe-70d2-456c-9dbf-5d1275ecd84c,Orange Egypt,Telecom,3,2026-08-31,عروضه مش أفضل العروض سعر مالي بدون مقابل سلعه,Neutral
6a56a412-5f04-4881-9b76-8faab83487b3,Orange Egypt,Telecom,5,2026-08-31,حلوه جدا,Positive
1b8bd84e-31c2-4f77-ba43-38ce3e42ce8a,Orange Egypt,Telecom,2,2026-08-31,احلي شركه اورنج,Negative
f9b2c44c-590f-4bfa-bd4b-cee7e74ada4b,Orange Egypt,Telecom,2,2026-08-31,انا دلوقتي بقيت اخش علي التطبيق ادور على تحويشه مش لاقيها حاجه ثانيه مثلا عجله الحظ ساعات بدوس عليها وبكسب نت دلوقتي بدوس عليها بيدخلني في حته ثانيه مش بلاقيها يا ريت نصلح المشكله ونرجع تحويشه من تاني لانها كانت الصراحه بتديني نت هديه لما كنت بشحن وكانت مفيده تطبيق لما كان التحديث القديم ياخذ خمس نجوم اما دلوقتي انا مدى له نجمتين بس وشكراً,Negative
722e2bfc-5cf5-40eb-aace-beb36cd6c62a,Orange Egypt,Telecom,5,2026-08-31,بصراحه تطبيق رائع,Positive
2e86f090-885d-4de2-96fb-66acc113a0aa,Orange Egypt,Telecom,5,2026-08-31,اقوى عروض في التاريخ البكسن اورنج,Positive
74931f65-2444-4884-8acc-648b18bdfe1a,Orange Egypt,Telecom,5,2026-08-31,انه رائع جدا,Positive
a9c3c246-8a5b-4148-af1b-f9178672d9bf,Orange Egypt,Telecom,5,2026-08-31,احلا تطبيق,Positive
4b0fe7cf-192b-4d3f-a8a4-3019c5df6165,Orange Egypt,Telecom,5,2026-08-31,ممتعه,Positive
b45ed6b8-381a-4d2b-bc3d-63cbfe63f354,Orange Egypt,Telecom,5,2026-08-31,جيد جداً جداً جداً,Positive
c41b1e49-0f67-44c6-bdcc-c1d9c75129f9,Orange Egypt,Telecom,1,2026-08-31,يوجد نصب في البرنامج,Negative
5a78bce3-deb5-41ad-b68b-7f6ab1f1ab99,Orange Egypt,Telecom,5,2026-08-31,جيد جداً,Positive
a276e738-2b2d-46d8-8568-b500494f9681,Orange Egypt,Telecom,5,2026-08-31,جميل جدا ورائع,Positive
bee829a7-a199-47e4-9d8c-ed97d64e0c7c,Orange Egypt,Telecom,4,2026-08-31,تطبيق رائع,Positive
0aaca3d4-180d-4ddb-beff-a190934fb11b,Orange Egypt,Telecom,5,2026-08-31,ممتع حلو,Positive
cc2d5cb6-70be-4b89-a982-37b7e316204d,Orange Egypt,Telecom,2,2026-08-31,تمام,Negative
8ce38c23-07b3-48c8-8ced-df074082d480,Orange Egypt,Telecom,1,2026-08-31,تمام,Negative
eb8409c3-2d7e-4b8a-a85b-65828695bda2,Orange Egypt,Telecom,5,2026-08-31,ممتاز,Positive
7d545cfa-f8d8-493f-9ee5-edb73f827545,Orange Egypt,Telecom,5,2026-08-31,تطبيق رائع,Positive
9a20a725-6408-40e0-b956-fe074e56692b,Orange Egypt,Telecom,5,2026-08-31,ممتاز,Positive
e69fbdfe-2a21-4133-8ad2-ffc1d62015fa,Orange Egypt,Telecom,5,2026-08-31,اختيار موفق,Positive
90aeabec-91f0-4643-a1dd-0d66e31c639f,Orange Egypt,Telecom,3,2026-08-31,كويس ♥️,Neutral
0395c734-31c5-4724-98e2-17fcd6488a72,Orange Egypt,Telecom,1,2026-08-31,haga znea awe,Negative
62e7d660-3e54-495e-aae3-6e26ba0d7d12,Orange Egypt,Telecom,1,2026-08-31,معامله سيئه جدا والغلط بيبقى على الشركه ويجيبوا فينا واحنا اللي بنغرم الفلوس وبجد حاجه زفت اسوء ابلكيشن بجد,Negative
9b76e77a-815c-47e7-bd08-92434a6c2569,Orange Egypt,Telecom,2,2026-08-31,المفروض تخلو عرض شحن ثابت وبدون تغيير مثلا ج30 تاخد 3000م ج40 4000م ........,Negative
a6f1b1ef-e390-42f0-afe5-3da645747f9f,Orange Egypt,Telecom,4,2026-08-31,رائع,Positive
13c2b8a7-d4f1-4d99-ba3b-dc4a936afb47,Orange Egypt,Telecom,5,2026-08-31,برنامج رائع,Positive
bcaf2a01-e4b2-4231-a497-d1531cc9e2c1,Orange Egypt,Telecom,5,2026-08-31,هذا الابلكيشن رائع عليه كل حاجه,Positive
41cdc205-1d91-4149-bd1c-87d831b85a16,Orange Egypt,Telecom,5,2026-08-31,انا شحنن باقه ب 260 جنيه بس مجتش,Positive
e140add3-5f80-4285-90f6-f4f5e59981b5,Orange Egypt,Telecom,2,2026-08-31,عشان عجله الخط مش عاوزه تشدغل,Negative
51a3e79e-a181-4946-ab0d-32633a6ff71b,Orange Egypt,Telecom,5,2026-08-31,تحقه جدا,Positive
6fb3af88-152b-445f-8756-d000ee10bb03,Orange Egypt,Telecom,1,2026-08-31,كل أسبوع عاملك تحديث مش عارف ايه دا ولما تشحن بيديك جيجا او عشره جيجا مالهومش لازمه الهديه بتبقا لمده ساعه او ٦ساعات هتستفاد بيها ازاي,Negative
d6e40618-a8fc-4e6a-b2cc-6203bf367b4f,Orange Egypt,Telecom,5,2026-08-31,مذهل,Positive
f007ac1e-2bb5-4836-aa2d-18e9f4b72c23,Orange Egypt,Telecom,5,2026-08-31,ممتاز,Positive
1e9f9c87-d718-46e7-8ec2-9470812453c1,Orange Egypt,Telecom,5,2026-08-31,احسن برنامج شفته في حياتي,Positive
137cc48b-ad7f-4da5-8600-f2cdbfd74205,Orange Egypt,Telecom,5,2026-08-31,جميل جداً,Positive
a838274c-157a-40c7-b796-74720dcbba1f,Orange Egypt,Telecom,5,2026-08-31,جميل جداً ❤,Positive
7fedf02d-8673-49fa-8358-63a3dbc0fd8d,Orange Egypt,Telecom,1,2026-08-31,السلام عليكم لدي مشكله لا استطيع ان اعرف الخطوط المسجله باسم كل ما سجل يقول لي فشل في الاخر ويطلع من اول وجديد ارجو حل المشكله,Negative
0eed1712-4e58-4520-ba23-0063f36836aa,Orange Egypt,Telecom,5,2026-08-31,ممتاز جدا ولكن محتاج شويه سرعه,Positive
73556131-0275-412a-90a1-abb221e2b781,Orange Egypt,Telecom,5,2026-08-31,🥰,Positive
06962a4e-85d8-4f19-a971-e2c3db84b95a,Orange Egypt,Telecom,5,2026-08-31,جيدآ,Positive
64f3a137-bf8b-412e-91e0-23bbf7d154a4,Orange Egypt,Telecom,5,2026-08-31,اجمل اختيار ماي اورنج,Positive
cb21c876-ce6e-4fd3-b251-93b2944c0297,Orange Egypt,Telecom,1,2026-08-31,التطبيق سيء للغاية والتحديث أصبح أسوأ من الاول,Negative
e4a30a93-685e-4da2-9110-b82ea088c0ca,Orange Egypt,Telecom,5,2026-08-31,جميل جدا,Positive
ef4f2955-7513-4930-ae5b-c6dd1bdf304f,Orange Egypt,Telecom,5,2026-08-31,good,Positive
9017aa33-8dc2-4faa-8f68-0ebc54fc9c7c,Orange Egypt,Telecom,5,2026-08-31,برنامج رائع جدا,Positive
1d914cd5-6a89-4708-a42c-24a5a97860a3,Orange Egypt,Telecom,5,2026-08-31,👍🏻,Positive
8a99b1fc-37cb-4c94-bd00-3d0f047ef6fa,Orange Egypt,Telecom,5,2026-08-31,ممتاز,Positive
cc99f29e-fcc0-4013-a0b6-ed1d964d1c5d,Orange Egypt,Telecom,1,2026-08-31,التطبيق مش راضي يفتح مع تلفون سامسونج جلاكسي a06,Negative
747cbfba-0569-4078-9443-4a45936cfc67,Orange Egypt,Telecom,5,2026-08-31,احسن ناس,Positive
86dddb55-a671-4d30-97b0-576c7e303cba,Orange Egypt,Telecom,5,2026-08-31,شركه جميله جدا جدا ماشي شكرا,Positive
5ae7f503-5ada-4186-a360-61ec175c85c3,Orange Egypt,Telecom,5,2026-08-31,برنامج حلو بس تقيل شوية,Positive
08ad03a0-788c-4241-8651-165aced317a8,Orange Egypt,Telecom,5,2026-08-31,تطبيق جميل جداً وبزات التحديث الجديد رائع جداً,Positive
d96e515e-2fe3-4057-bd8d-c5027d057dae,Orange Egypt,Telecom,5,2026-08-31,تطبيق بطئ جدا,Positive
4d27f194-b4a6-422d-8d5e-e2360419ad21,Orange Egypt,Telecom,5,2026-08-31,ممتاز,Positive
6b10bcb0-112c-4e2f-96da-5d1ff552cf31,Orange Egypt,Telecom,5,2026-08-31,تحفههه 😍♥️♥️♥️♥️♥️,Positive
2dcfe538-3af8-441e-8ab7-2a28163345b5,Orange Egypt,Telecom,5,2026-08-31,ممتاز,Positive
1c8b1e64-a19d-41a6-b6e6-bd53b11f06d8,Orange Egypt,Telecom,5,2026-08-31,التطبيق حلو اوي,Positive
db02ff46-54de-486f-a160-554031dee8c7,Orange Egypt,Telecom,5,2026-08-31,ممتازة,Positive
138f8ea2-2687-4258-98fd-a79e50250923,Orange Egypt,Telecom,5,2026-08-31,ممتاز جدا,Positive
221f36ed-e8a5-4bfc-9050-b68cac3e3d9c,Orange Egypt,Telecom,5,2026-08-31,جميل,Positive
5abb0786-4c89-4edb-8236-cdf59a8c120d,Orange Egypt,Telecom,4,2026-08-31,كويس,Positive
1aa9e4a7-6683-4e69-ae83-67946143dd93,Orange Egypt,Telecom,5,2026-08-31,احسن شبكة,Positive
f47301ed-c287-4d73-b1ee-8f369ba9ac4c,Orange Egypt,Telecom,4,2026-08-31,مقبول,Positive
2b2a8c42-5bb2-4f16-aa9e-4178f1073fd1,Orange Egypt,Telecom,1,2026-08-31,وحش وحش كل شويه تحديث والهدايه ببقي مخليها علي بعد الساعه 12 تروح,Negative
515bb0df-a0f8-4d25-89b1-357be98727ba,Orange Egypt,Telecom,1,2026-08-31,بصراحة ولا تستاهل ولانجمة,Negative
3fdf3cdd-bca4-44c5-8d78-f09989fd4f22,Orange Egypt,Telecom,5,2026-08-31,تطبيق رائع,Positive
b5b0fb43-29ab-411e-978e-556052a8a28d,Orange Egypt,Telecom,1,2026-08-31,مش كويس,Negative
27946e87-7537-4b03-9533-4c10bf2f488e,Orange Egypt,Telecom,5,2026-08-31,ممتاز جدا جدا,Positive
697c22fb-980d-4b6a-b735-bd60d5b21aae,Orange Egypt,Telecom,5,2026-08-31,التطبيق روعه ١,Positive
ed572e5b-a816-4d27-9694-639bd7b4a666,Orange Egypt,Telecom,5,2026-08-31,جيده جدا,Positive
db4c374a-730f-4511-a03e-feeb884ce6b1,Orange Egypt,Telecom,5,2026-08-31,تجربه ممتازة,Positive
2e92c0b7-3fee-43c1-8afc-2ad9dbdbf11f,Orange Egypt,Telecom,1,2026-08-31,أقل من نجمه التطبيق فاشل دخلت ادفع فاتورة الغاز لقيت التطبيق غير نظامي من نظام الكارت لنظام فري ماكس 52 بدون تأكيد مني لقيته فعل الاشتراك بدون تأكيد سجلت شكاوي كتير وبيتم اغلاقها بدون توصل موظفين خدمه العملاء هي شخص واحد بس ا/سمر وبترن نص رنه وتقفل علشان تقفل الشكوي بدون تواصل فعلي ولما لحقت ارد عليها في شكوي بعد شكاوي كتير قالتلي معنديش مشكله ازاي طيب والباقه الي التطبيق اختارها ليا بدون موافقتي تقولي مقدرش اعملك حاجه اسوء خدمه عملاء ومفيش تقييم للمكالمه ومفيش طريقه للتواصل مع الإدارة,Negative
9119ca71-2786-474d-8538-c0cf6e5acc6a,Orange Egypt,Telecom,5,2026-08-31,ممتاز,Positive
f3d178f4-eb56-4b5a-8da8-2539c1e5470e,Orange Egypt,Telecom,5,2026-08-31,والله العظيم برنامج اورنج كاش من افضل البرامج لي,Positive
7bedd5dd-4c1a-4e13-b71c-fc8345e21689,Orange Egypt,Telecom,5,2026-08-31,ابلكيشن اورانج جيد جدا,Positive
ecb346ef-29b9-4c31-8799-fe93151d86ee,Orange Egypt,Telecom,5,2026-08-31,جميل جداً والله,Positive
545220a8-8a49-46f4-a713-db649f1b3c9f,Orange Egypt,Telecom,1,2026-08-31,برنامج فاشل والقائمين عليه فشله ومش بفتح ويزهق وميستحقش,Negative
ebf045b2-b7aa-41ad-bbdd-d893e148d0f0,Orange Egypt,Telecom,4,2026-08-31,جيد ولاكن يوجد عيوب,Positive
6b41cf16-11a2-4ab6-b813-555782c36117,Orange Egypt,Telecom,4,2026-08-31,هو ليه بصمه الوجه ما بتشتغلش,Positive
cde7de4c-5889-4711-bcc3-854190e6f01d,Orange Egypt,Telecom,4,2026-08-31,ممتاز,Positive
ea640e83-c177-4838-b7bb-536a2d983b34,Orange Egypt,Telecom,1,2026-08-31,سيئ,Negative
89ca3f95-ba96-45b5-96eb-2c152f110747,Orange Egypt,Telecom,5,2026-08-31,رائعه,Positive
5488a85b-4f60-4d3c-9d78-1c423f6b9400,Orange Egypt,Telecom,5,2026-08-31,جميل,Positive
18af1621-9d69-4c86-a3db-ed4a763db6c8,Orange Egypt,Telecom,3,2026-08-31,تطبيق جيد نوعا ما,Neutral
b4ea60db-cd7b-4d18-950c-7f4c6ebb4b01,Orange Egypt,Telecom,5,2026-08-31,اجمل تطبيق,Positive
7f523594-5283-4ebd-8626-385e7f90dfb7,Orange Egypt,Telecom,5,2026-08-31,ممتاز جدا,Positive
2139533c-53e7-4b78-a5b6-8b139f78928c,Orange Egypt,Telecom,5,2026-08-31,شكرا,Positive
75c36528-f582-4da8-98b4-cbb8ec20cbe8,Orange Egypt,Telecom,5,2026-08-31,زفتت,Positive
cdfa5a44-25ec-4542-8cdf-436b2e2864b9,Orange Egypt,Telecom,1,2026-08-31,حلوه بس الشبكه وحشه خالص,Negative
dcc1c68e-f0dc-4813-8586-7ad7809c2655,Orange Egypt,Telecom,5,2026-08-31,رائع,Positive
891b3d99-b7b7-4393-8a3c-55f1144bad63,Orange Egypt,Telecom,5,2026-08-31,فوق الممتاز,Positive
6ae4a2b7-ee18-4d74-ba86-1ece9c2c652d,Orange Egypt,Telecom,1,2026-08-31,لسه كل شوية تحديثات انتم اصلا مش بتتنيلو تضيفو حاجة,Negative
2b86439d-2294-40a3-934d-0b57f3733a8f,Orange Egypt,Telecom,5,2026-08-31,جميل,Positive
b4cad29b-6603-49f0-9d42-bae084a3b797,Orange Egypt,Telecom,3,2026-08-31,جميل جدا,Neutral
3dc9b866-98f7-4e3c-9df3-ff98eb69f084,Orange Egypt,Telecom,5,2026-08-31,بجد بجد تحفههه,Positive
2b29f2fe-aa04-49de-90fe-e02fdaaf5698,Orange Egypt,Telecom,1,2026-08-31,التحديث سى للغايه مع عدم وجود استهلاك لهديه الشحن 😓,Negative
8be9ef17-980e-4a8d-9446-11659553a748,Orange Egypt,Telecom,5,2026-08-31,حلو بس مفيش هديا كتير,Positive
ed0154d2-4fdf-4aa8-a605-cf6c741d7d77,Orange Egypt,Telecom,1,2026-08-31,فين 3جيجه هافين,Negative
45de026e-159c-4f9c-b7c2-eee305f5b24a,Orange Egypt,Telecom,5,2026-08-31,ممتاز,Positive
5cfffd82-5d37-4773-8d1f-01c9bd88c73f,Orange Egypt,Telecom,5,2026-08-31,مزمار تحميل,Positive
25ef130a-0d16-4458-844d-3b33f90f36fb,Orange Egypt,Telecom,5,2026-08-31,ممتاز,Positive
930703dd-00b4-433c-8a2a-9af28f2e9262,Orange Egypt,Telecom,5,2026-08-31,ممتازه,Positive
b2eb69eb-2e92-4982-96e1-7ce7133e472f,Orange Egypt,Telecom,1,2026-08-31,من اسوأ التطبيقات وابطئها يجب مواكبه التطور واستخدام نظام يليق بالجيل,Negative
