review_id,app_name,domain,rating,date,review_text,review_type
c8d51d2d-e1ba-4d95-86ea-4104754fb15e,Uber,Transport Services,5,2026-09-29,جميل,Positive
bea5842b-9274-41a2-b046-1da475a48f4a,Uber,Transport Services,5,2026-09-29,ممتازة,Positive
a50f6018-80ec-4731-98b9-108d2c1b8bb4,Uber,Transport Services,5,2026-09-29,جميل,Positive
b59deac8-c2f1-4ce2-bf0f-633edc184cbd,Uber,Transport Services,5,2026-09-29,ممتاز,Positive
ed130997-f941-476c-98ee-a6ee335f123f,Uber,Transport Services,5,2026-09-29,شكرا تعامل ممتاز,Positive
625e1ac3-6e44-4149-bf8d-71a02f36f062,Uber,Transport Services,5,2026-09-29,جيد جيدا,Positive
99e705e3-339d-4c1b-83ae-9603c985f4c4,Uber,Transport Services,5,2026-09-29,جميل جدا,Positive
48b45ab6-f361-4f63-ab3b-9e10523a27cb,Uber,Transport Services,5,2026-09-29,ممتازه,Positive
0405a685-2ecd-4dc8-8d89-04f262278425,Uber,Transport Services,5,2026-09-29,ممتاز,Positive
2ae5ed84-2df4-41a2-9c97-c65ebd62dfe5,Uber,Transport Services,5,2026-09-29,خدمه ممتازه,Positive
9a97be73-5fdb-48a0-b340-8d4cf5c2d0a1,Uber,Transport Services,5,2026-09-29,ممتاز,Positive
4744730d-419e-48f9-81af-fbd0d4c97356,Uber,Transport Services,5,2026-09-29,حاجه كويسه,Positive
4a08de38-74e0-4f97-a0a1-667ca49bcb7c,Uber,Transport Services,4,2026-09-29,ممتازه,Positive
5c7edd7d-93ce-4592-8986-cd8f4efd2225,Uber,Transport Services,5,2026-09-29,ممتازه,Positive
56b17a1e-cf04-4e06-8dfa-2fc7e4198f09,Uber,Transport Services,3,2026-09-29,جيد ، لاكن في بعض الأوقات تكون التسعيره عاليه للضعف ، و أيضا موضوع الرسوم ده بيستغلوا السائقين عشان يخدوا الغرامه لما أنا اعمل الغاء لرحله,Neutral
fe6ad61b-26ae-4f5e-9420-346aa77cc3b6,Uber,Transport Services,5,2026-09-29,ممتاز جدا في المنطقة الغربية اكثر من الوسطى,Positive
c25e2085-8e6f-456d-8ecf-bca03035cfef,Uber,Transport Services,5,2026-09-29,سائق ممتاز,Positive
b97136ac-8e5c-4755-b8cf-d684c9e02ff5,Uber,Transport Services,5,2026-09-29,رائعة,Positive
f2c9d5c1-e0c9-4b22-b22c-3ccaa41d52c3,Uber,Transport Services,5,2026-09-29,جميل,Positive
8c67ba11-9dc5-4ed7-b3f2-4430b1ad64c0,Uber,Transport Services,5,2026-09-29,جد جد,Positive
c1a0ee1c-8784-45bf-8aab-32fad76b8fc6,Uber,Transport Services,5,2026-09-29,سرعة في الطلب عجييييب,Positive
fc3ae29d-d99f-486e-a5b5-1d237b9b5574,Uber,Transport Services,5,2026-09-29,مريحة جدا جدآ,Positive
4cd86494-73b4-4fa4-b9be-dec8bb52473d,Uber,Transport Services,1,2026-09-29,برنامج كويس بس بيدي بلوك ويقطع عيش من يدعي أنهم شركاء كيف أكون شريك ويديني بلوك يدعي أني تلاعبت في الفيش الجنائي وهذا كذب محض أتيت له بفيش جديد ويدعي أنه مزور وانا عملته في القسم التابع لسكني كذب محض أرجوا من كل كابتن ألا يصدق أوبر ويعتبر نفسه شريك أنت بالنسبة لبرنامج أوبر لا شئ لا شئ لا شئ,Negative
2bcd511f-351e-4aa8-a075-934c4ed9155c,Uber,Transport Services,5,2026-09-29,خدمه ممتازه سائق محترم,Positive
e598da90-9877-474f-b815-91b6c3b9b738,Uber,Transport Services,1,2026-09-29,بضان,Negative
d76ded60-3618-4063-a520-61aff0ce4c40,Uber,Transport Services,4,2026-09-29,سائق محترم وملتزم في السرعات,Positive
26b9d728-da12-46eb-88cd-bbe07ee1b364,Uber,Transport Services,5,2026-09-28,ممتاز,Positive
c21d8e8c-1cc3-4253-90cf-f284c0e97d58,Uber,Transport Services,5,2026-09-28,جميل,Positive
f70acf64-9215-43b9-a97d-066b5dabf015,Uber,Transport Services,5,2026-09-28,gob,Positive
a4e7b8bf-0a71-43dc-8488-3d5adbf7bd85,Uber,Transport Services,1,2026-09-28,يكذبو على الزبون يكون المشوار 6 ريال وبعدين يقلك 11 ريال نصب,Negative
7ec2a56e-06c4-4dbe-a036-d3eef224c76a,Uber,Transport Services,1,2026-09-28,طلبت عربيه اكس ال وما رضاش يشغل التكييف ومشي بطريق اخر ليزيد الاجره اكثر من ربع ساعه فرق كانت هتروح عليا الطياره,Negative
c3532b33-03ee-4a1f-9792-305e1775b735,Uber,Transport Services,1,2026-09-28,اشوف عندي مبالغ تنسحب من حسابي بلا سبب انا دائما ادفع ولما كلمتهم يقولوا مو طالع عندنا في النظام سحبنا المبلغ يعني ما فهمت مو فاهمه كيف ظاهر عندي ومو ظاهر عندكم مرتين صاير حسابي بالسالب بسببهم,Negative
1e08d9fd-e68a-4277-8a16-7bb322418527,Uber,Transport Services,5,2026-09-28,ممتاز,Positive
c09643a9-181d-4341-b79a-61dfe044eacd,Uber,Transport Services,5,2026-09-28,جميل,Positive
a7e70bf8-ba78-418a-80a2-8e1c0532c63e,Uber,Transport Services,5,2026-09-28,جيد جدا مع العروض,Positive
65b84c99-6efb-478d-95fd-83c50b36dda6,Uber,Transport Services,5,2026-09-28,كابتن محترم جدا ومهذب ارجو الناس كلها تركب معه,Positive
54c4c159-82a0-459f-bafb-2755fc9883c0,Uber,Transport Services,5,2026-09-28,جميل,Positive
4cb10163-8f6e-4859-9dc7-54ed2700756e,Uber,Transport Services,5,2026-09-28,ممتاز,Positive
d1b0cf54-10be-42f1-9ede-dde0c1ac8243,Uber,Transport Services,5,2026-09-28,كويس اوى وفيه عروض وخصومات ممتازة,Positive
d7267f7c-87b7-407c-8bd6-2e543dd02b46,Uber,Transport Services,5,2026-09-28,تطبيق جيد ومحترم,Positive
133e950a-880c-4de1-810e-34943278999e,Uber,Transport Services,5,2026-09-28,جيد جدا,Positive
84b3bf12-fce0-4e53-8b6a-4693e34b4706,Uber,Transport Services,5,2026-09-28,امن ولطيف,Positive
482b1d1d-bf5c-4f7d-8307-4fc6800a6ab8,Uber,Transport Services,5,2026-09-28,تجربه لذيذه,Positive
430d879d-7100-4ea9-974c-9043298d1d98,Uber,Transport Services,1,2026-09-28,تم سحب مبلغ من البطاقة وانا ماطلبت رحله وخدمة العملاء مايردون,Negative
e16484d8-b5a5-4fd9-a160-7ece399fb57a,Uber,Transport Services,5,2026-09-28,فوق الممتاذ وخدمه بجد ناس اخلاق وقمه ف الروقي,Positive
5e44a21d-59cf-460d-a89d-037563df16cc,Uber,Transport Services,5,2026-09-28,ممتاز جدا,Positive
691f0043-7fe2-4417-a172-4a78c040bc5c,Uber,Transport Services,5,2026-09-28,من افضل النقلات الذكية,Positive
950ca215-0bbe-4b92-825e-2b0143183485,Uber,Transport Services,5,2026-09-28,ممتاز,Positive
9d3b8523-b933-48f1-8f26-d7ad0e125e6f,Uber,Transport Services,5,2026-09-28,جيده جدا,Positive
c35898c9-bf10-41bd-82e3-8ab967e87272,Uber,Transport Services,5,2026-09-28,ممتاز,Positive
c64759a5-f615-4c54-aa89-d953eab21a35,Uber,Transport Services,5,2026-09-28,جيد جدا,Positive
9d27c1f1-8b93-4e56-ac9a-64d6faa1b853,Uber,Transport Services,5,2026-09-28,بصراحه سائقين محترمين وذوق وسرعه فى الاستجابه,Positive
1470dc7c-d67f-4056-a055-5e844b2002b3,Uber,Transport Services,5,2026-09-28,جامد 🔥,Positive
fd9bae94-465b-4f03-8e1a-30a7cd206abc,Uber,Transport Services,4,2026-09-28,ممتاز,Positive
c99b1aef-a678-451b-9992-743ca8aa9dd3,Uber,Transport Services,5,2026-09-28,جيد جداً جداً جداً 🤍,Positive
95657ac7-8403-442b-ab6f-4933262f8f13,Uber,Transport Services,1,2026-09-28,لصوص بمعنى الكلمة لما احجز التاكسي بيظهر انه الدفع بالمبلغ الفلاني ولما توصل بيزيد المبلغ استحوا على حالكم,Negative
c4886b2f-d98c-4189-a795-25d2521113c8,Uber,Transport Services,5,2026-09-28,👍👍,Positive
0ebdd46c-a7dc-4fec-aae5-14a0f6432aa5,Uber,Transport Services,5,2026-09-28,ممتاز جدا,Positive
2ee9a5c8-3b8f-449f-a469-0918c104a047,Uber,Transport Services,5,2026-09-28,شكرا,Positive
79192b0e-710b-470c-8cc1-dec09ae4005b,Uber,Transport Services,5,2026-09-28,ممتاز,Positive
3b2bc898-587a-4a99-bf79-8849c1db9f32,Uber,Transport Services,5,2026-09-28,ممتاز,Positive
e477d137-da76-490a-826f-29221fcf7e7d,Uber,Transport Services,1,2026-09-28,السعر يزيد بعد ما اصل الى وجهتى ....اذا لغى الكابتن تخصم منى مفترض ماتخصم من العميل,Negative
59403ca5-595e-436f-8a40-a386d5e6b999,Uber,Transport Services,1,2026-09-28,اسوء التطبيقات في التوصيل لما يسحب المبلغ والسائق يلغي الرحله ماترجع الفلوس,Negative
3def734a-d819-44b4-9ca4-aca168b335cf,Uber,Transport Services,4,2026-09-28,تعامل حلو ودقه في الوقت اشكركم,Positive
556b4af4-ae70-47b2-a243-7e04bebbb1c5,Uber,Transport Services,5,2026-09-28,ممتازه,Positive
b07c896b-920a-4043-8f28-340ca341f2e2,Uber,Transport Services,5,2026-09-28,كل الكلام الجميل,Positive
3bd64700-5aa6-4d0e-996f-da19635d4223,Uber,Transport Services,5,2026-09-28,رائع وسهل ودايما فخدمتي حتي فشغلي جميل وسهل الاستخدام,Positive
1115ee58-859a-4ce3-accc-3558ce7cd13e,Uber,Transport Services,5,2026-09-28,جيد جداً,Positive
f3787776-df34-4aa6-b346-a51936c31a1c,Uber,Transport Services,5,2026-09-28,ممتازة,Positive
d3b945cc-021d-4423-b6cb-ee8474407a1a,Uber,Transport Services,5,2026-09-28,ممتاز,Positive
dbbdcfd7-ba58-4c3f-9a1f-1d5847bdb562,Uber,Transport Services,1,2026-09-28,ممتاز,Negative
aa884455-8df3-44eb-b01d-7584ae4e2c00,Uber,Transport Services,1,2026-09-28,اسوء تطبيق شوفته,Negative
97680ecd-3986-489c-8dac-6110052d28ee,Uber,Transport Services,5,2026-09-28,رجال محترم,Positive
ebbf06a3-6b64-4765-b70c-641f9719344a,Uber,Transport Services,5,2026-09-28,خدمة ممتازة,Positive
fab616e3-3237-4ef2-b2b9-c6e5c6fdccf9,Uber,Transport Services,5,2026-09-28,برنامج رائع,Positive
b5c7a26a-fae1-4ed8-adf8-0b7f11f69f23,Uber,Transport Services,5,2026-09-28,ممتاز,Positive
dc4aca76-0355-47eb-9f93-e26b50709dd2,Uber,Transport Services,5,2026-09-28,جميل جدا,Positive
75fbd783-9802-41bf-9bbf-d5ef12b34d64,Uber,Transport Services,5,2026-09-28,رائع جداً,Positive
7a6ec9a5-4621-4d02-9713-f6f8ee8bd5af,Uber,Transport Services,5,2026-09-28,ممتاز جدا. ثقة وامان لأفراد العائله,Positive
a04e81e6-f6e3-4fcb-babd-a24dcd0cc80f,Uber,Transport Services,5,2026-09-27,احسن تطبيق على الإطلاق,Positive
98c73c03-6ded-483b-abdb-8aaf222ff4fb,Uber,Transport Services,4,2026-09-27,هناك بعض التعديلات,Positive
c3f7e91c-81d4-4077-b586-967c4eae3c76,Uber,Transport Services,5,2026-09-27,good,Positive
b3efab50-8aa4-4ab4-9dac-4cf16dd8aed8,Uber,Transport Services,5,2026-09-27,مفيد,Positive
27e81a4c-c639-4ec5-80a9-cee7fc19280f,Uber,Transport Services,5,2026-09-27,تجربه رايعه,Positive
1d8fd1b1-5f3b-420f-9da6-ce6964f8b3d1,Uber,Transport Services,5,2026-09-27,ممتاز جدا,Positive
95b5fbaf-81ae-4b7c-80d1-cb64b438f52b,Uber,Transport Services,5,2026-09-27,خمس نجوم يستاهل,Positive
246509fd-428d-4632-910d-1fd078346db4,Uber,Transport Services,5,2026-09-27,مممتتاااااااااااز♥️💋,Positive
855ac605-69bd-4428-884a-2694378644e1,Uber,Transport Services,2,2026-09-27,مممتاز,Negative
cabe4126-ffca-4944-ae31-4158ba766303,Uber,Transport Services,5,2026-09-27,❤️❤️,Positive
8c69ae3a-1af6-4d75-aa05-fffe86085115,Uber,Transport Services,5,2026-09-27,ممتازه,Positive
d1ffc0a3-a3e9-48de-be9d-12686278b019,Uber,Transport Services,5,2026-09-27,الناس اللي فيه محترمه بنسبه 80%,Positive
7185e27f-afc6-4729-b60f-82e354c962d0,Uber,Transport Services,1,2026-09-27,خدمه زبله وناس حراميه,Negative
67f0ed53-8083-4316-8ca1-5219e590518c,Uber,Transport Services,5,2026-09-27,امتياز,Positive
62540ddb-9402-435c-b062-1c16f0e15f49,Uber,Transport Services,1,2026-09-27,very good,Negative
af85c7c0-91f8-4817-8a74-eb7241fed75e,Uber,Transport Services,5,2026-09-27,جيد,Positive
5ab7dd70-8430-481b-8e0f-3dbb68851331,Uber,Transport Services,1,2026-09-27,تطبيق سيئ يفرض رسوم كذبية والسائقين تطلبهم ولا يأتون,Negative
f8b06cdd-17c6-46bf-ab31-4d089031cbb1,Uber,Transport Services,5,2026-09-27,رائع بس اسعاره صارت اغلى من الاول,Positive
1a5d01a8-cb1e-452a-9d38-4b305303e068,Uber,Transport Services,5,2026-09-27,مره ممتاز 👍👏,Positive
448f6c2c-947b-44ce-9736-8a85b8757236,Uber,Transport Services,1,2026-09-27,مهي حلوة,Negative
9a426d59-e5c4-4f04-8077-a934201fa960,Uber,Transport Services,5,2026-09-27,ممتازة,Positive
a8eacb79-523b-4325-a776-61335f5a2923,Uber,Transport Services,5,2026-09-27,تطبيق محترم فى المواعيد وأشخاص محترمه,Positive
131f445a-56d8-4899-82ea-edc9e74cbe9f,Uber,Transport Services,1,2026-09-27,برنامج سياءجدا عندماتطلب مشوار وتنتظرفتره طويله ويلغي الرحله السايق لايتم تعويضك فتره الانتظار الي انتظرت بينما انت تطلب مشوار وتكنسل يتم دفع غرامه,Negative
1802756e-b543-4e04-aab4-1918d003dd64,Uber,Transport Services,5,2026-09-27,جميل,Positive
ca01088a-9b5a-4b43-bd14-dea2dd555fd6,Uber,Transport Services,1,2026-09-27,اخذوا علي10زياده طلبت السائق طلع لي20وقت النزول احذ30,Negative
7942edca-2d61-488d-a9d5-d88455553e1a,Uber,Transport Services,2,2026-09-27,لا يوجد مشاوير,Negative
6c28b5b2-251c-46b2-b9cc-38001070ec2e,Uber,Transport Services,4,2026-09-27,رجاءا سواق اوبر ما يكونش هو نفسه سواق ديدى او ان درايف,Positive
8ec7619c-93f2-4629-a9be-f80388533751,Uber,Transport Services,5,2026-09-27,شركه محترمه,Positive
add93397-b7d4-4824-98fc-2d1acbb44582,Uber,Transport Services,5,2026-09-27,محترم جدا,Positive
41534e33-37e5-4c15-9570-33e44903fc31,Uber,Transport Services,5,2026-09-27,يلزم تسهيل للخرائط,Positive
a384cd04-2257-4252-845a-25be3ea15542,Uber,Transport Services,5,2026-09-27,دقيق في اختيار الكاباتن,Positive
7d0e18b5-7a30-46bf-baff-dcbd0abc5bc1,Uber,Transport Services,1,2026-09-27,شركه اوبر شركه مش كويسه,Negative
a2834690-17c5-474e-b8bd-c779d9168aa7,Uber,Transport Services,5,2026-09-27,صدق,Positive
a321b310-7639-41c0-b8f0-b9e0c0d27b63,Uber,Transport Services,5,2026-09-27,good,Positive
968545aa-5a0d-4875-97b9-2eb74c3b4572,Uber,Transport Services,1,2026-09-27,ساءق مش محترم وقزر,Negative
8829c094-f0d2-4812-b291-6c40a66bd802,Uber,Transport Services,5,2026-09-27,ممتاز,Positive
040d028c-7cb3-405e-879c-bf7f7357dfa3,Uber,Transport Services,5,2026-09-27,ممتاز,Positive
98483727-4223-408f-a516-d9c2fa66f2c5,Uber,Transport Services,5,2026-09-27,جيد جدا,Positive
b47cd1f3-7182-4001-b0a9-db250b3af543,Uber,Transport Services,5,2026-09-27,ممتاذ جدا,Positive
18834666-0baa-4b6d-bab3-5fdacbcb1237,Uber,Transport Services,4,2026-09-27,Fantastic,Positive
f129af88-5bd6-4631-a30e-50634745d37e,Uber,Transport Services,5,2026-09-27,ممتازة,Positive
f84a56a2-ecef-498b-8b9f-99d4c1662d62,Uber,Transport Services,1,2026-09-27,أعتبر هذا البرنامج غير جيد. عند الاشتراك في الخدمة، لا يمكنك إلغاء الاشتراك بسهولة، وهذا أمر مزعج جدًا. لم تعجبني تجربتي مع الخدمة، وأتمنى أن يتم تسهيل عملية إلغاء الاشتراك للمستخدمين.,Negative
4dba02df-09fc-4500-b24d-8e1e99951a94,Uber,Transport Services,5,2026-09-27,تطبيق مميز و تنقل اسرع,Positive
488f2cef-7946-4a91-a069-8c16a0b448fa,Uber,Transport Services,5,2026-09-27,ممتاز,Positive
d7f75f22-0855-413e-812f-8c788e5d3dc2,Uber,Transport Services,5,2026-09-27,برنامج نجس,Positive
863f509e-e33a-4d59-b034-453be4af15b7,Uber,Transport Services,5,2026-09-27,ممتاز,Positive
d19aee14-5fcd-47e6-aff8-e3e0c55cb5d7,Uber,Transport Services,5,2026-09-27,مشوارك سريع وباعلى جوده,Positive
7b375146-ac22-4148-a1d1-a42d2fbef4b1,Uber,Transport Services,5,2026-09-27,تطبيق رائع,Positive
54172902-1d31-481e-ae4c-b166901e93a5,Uber,Transport Services,5,2026-09-27,تطبيق مره حلوو,Positive
72eefa69-42fb-4919-bb6d-b1a1bee87555,Uber,Transport Services,5,2026-09-27,ممتاز حل لي كثير مشاكل,Positive
d2986f31-71ed-4534-bc25-5c9d9ab3693d,Uber,Transport Services,5,2026-09-27,راءع,Positive
20b8ddb5-c429-4983-9275-fadf9103dc89,Uber,Transport Services,5,2026-09-27,ممتازه,Positive
93dc6b68-cfeb-4daa-b18c-3ab2c0add8c9,Uber,Transport Services,5,2026-09-27,ممتااااز,Positive
0149c610-13d2-4413-b776-4654836cf6b0,Uber,Transport Services,5,2026-09-27,ممتازه,Positive
74b9e93e-4c1a-412c-8a19-1f7e213832e0,Uber,Transport Services,5,2026-09-27,جيد جدان والسايق محترم جدان,Positive
b01a1bc2-ff97-4fb7-bd9f-4af7e55c6afa,Uber,Transport Services,5,2026-09-27,ممتاز,Positive
ad47d4b7-e06f-43f7-b7ca-40a8350b95bb,Uber,Transport Services,5,2026-09-27,محترم جداً,Positive
dc16d2c8-e73c-4fde-8052-ae38d123bf56,Uber,Transport Services,5,2026-09-27,تحفه بيجيلي عروض رخيصه توصل لي 60 جنيه,Positive
058aacb9-f599-4803-af70-a0c598569122,Uber,Transport Services,5,2026-09-27,رائعةجداجدا,Positive
3e826c15-aeab-46c5-b83d-4e55445ab121,Uber,Transport Services,1,2026-09-27,اول مره تجربه,Negative
be6d5c6c-64e9-4b77-8c62-27f505404022,Uber,Transport Services,5,2026-09-26,خدمه رائعه,Positive
9999868a-278d-4091-9391-e0db1b9cc256,Uber,Transport Services,5,2026-09-26,تجربه جيدة,Positive
46ac6d2d-12e4-418d-b60f-6ce5c0f411c3,Uber,Transport Services,5,2026-09-26,رحله موفقه للجميع,Positive
45224a57-e290-460b-9aba-850cd3288121,Uber,Transport Services,1,2026-09-26,تجربه سيئه جدا تأخير في الوقت و عندما اقوم بإلغاء سائق يظهر لي مره ثانيه,Negative
ad9092d0-cf0a-47a0-a06d-290358b4c2b2,Uber,Transport Services,5,2026-09-26,تجربة جميل جداً جداً والله,Positive
393c16ca-f957-4ba5-a44b-b0ac94f86a60,Uber,Transport Services,5,2026-09-26,جميل,Positive
f77839c9-8e3f-48b1-9608-d57f3b0558a2,Uber,Transport Services,5,2026-09-26,حلوه اوي,Positive
977cd7ef-37c5-4f8d-adb2-b4eb2f863d25,Uber,Transport Services,5,2026-09-26,حملة الفيزه من نفس التطبيق بدأ يسحب من فلوس بأي وقت وابي ارفع شكوى ولا يوجد بتطبيق شكاوي او خدمة عملاء هذا عيبه لازم احذف التطبيق كل ماخلصت من المشوار,Positive
d38a4d57-aeb4-4ca4-8331-7aff36ecfdcc,Uber,Transport Services,1,2026-09-26,سئ جدا,Negative
910dd8b9-c989-408b-b5fe-d8afb4a047df,Uber,Transport Services,5,2026-09-26,رائعه,Positive
6c823c27-1fb0-456a-8166-e43873dba8c8,Uber,Transport Services,2,2026-09-26,في مشكلة في التطبيق يسحب الفلوس من البطاقة بعد انتهاء الرحلة كل مره بسبب غير الثاني مرة مخالفة ومره رسوم إضافية.. مافي امانه,Negative
b8fd6181-9e2a-4ca4-84b2-d1881f270c6c,Uber,Transport Services,5,2026-09-26,ممتاز,Positive
50480d96-d3e0-4513-a8cc-773ad5ba0e33,Uber,Transport Services,5,2026-09-26,جميل,Positive
6e6dd753-ae32-4185-9f62-95645e0d70c1,Uber,Transport Services,5,2026-09-26,ممتاز,Positive
0f820e84-f564-4f42-9f5e-1c2b33b1f29d,Uber,Transport Services,5,2026-09-26,احمد رجل محترم وامين . الله يوفقة,Positive
133cfed6-ed3a-4053-8098-068e3f8b24de,Uber,Transport Services,5,2026-09-26,جيدة الحمد لله,Positive
eaf86ee0-c051-49a5-a2a6-0efa039675c5,Uber,Transport Services,5,2026-09-26,ممتازه,Positive
b36620c8-67ff-4d34-afaa-d36962551674,Uber,Transport Services,5,2026-09-26,nice,Positive
9c2efef0-4828-4c08-bada-6fb06d728924,Uber,Transport Services,4,2026-09-26,كويس,Positive
1915cc38-a8e7-454c-8063-0feed6274279,Uber,Transport Services,5,2026-09-26,محترم ✨✨✨✨,Positive
498085db-47d7-452d-aaca-39df9609c9b0,Uber,Transport Services,5,2026-09-26,اي تطبيق ممتاز جدآ ومريح,Positive
1a37f967-b2bd-4a38-9229-a8007cb70b1d,Uber,Transport Services,5,2026-09-26,ممتازة جدا,Positive
108c219f-dd35-41c0-90a3-241e9c1f085a,Uber,Transport Services,5,2026-09-26,ممتاز,Positive
212323e0-ad0d-4e11-8827-46d6d3e0224d,Uber,Transport Services,5,2026-09-26,ممتازة,Positive
36b63ad8-27ef-4d3c-ac47-6c8c52585c9f,Uber,Transport Services,5,2026-09-26,احمد ده محترم قوي,Positive
aba3dd17-daf9-4928-997a-d343af72cf1c,Uber,Transport Services,5,2026-09-26,افضل برنامج,Positive
43aa82e2-94c1-4bb9-b06e-c1364660d6cc,Uber,Transport Services,1,2026-09-26,الابليكشن بقي سئ جدا ومش بيهتم بشكاوي العملاء وبيزود فلوس بعد كل رحله واحيانا الفلوس دي بتبقي كتير اوي غير انه ممكن يسحب من المحفظه والكابتن يصر علي اخد فلوسه تمام لما ارجع للشركه الشركه تقولي لا ملكيش حاجه بقي نصب والله ومفيش اي اهتمام ولا تحقيق في اي شكوي,Negative
041caae8-a667-490b-b5e3-d070f736b41a,Uber,Transport Services,5,2026-09-26,ممتاز,Positive
f730f0b7-e3a3-4db8-8f20-cc431c3581dd,Uber,Transport Services,5,2026-09-26,ممتاز,Positive
f32feed9-2463-4178-9af1-e7216d3f66c3,Uber,Transport Services,5,2026-09-26,بارك الله فيكم,Positive
d078821c-2ce8-4341-87ac-ea10d8fc31ed,Uber,Transport Services,1,2026-09-26,"Hello, when will it be operating in Iraq and the Iraqi provinces ؟",Negative
9b02752a-d3be-49ab-938e-58bf1501240c,Uber,Transport Services,5,2026-09-26,جيد جدا,Positive
b6150d77-a431-41db-8c27-89eeb35ca9e4,Uber,Transport Services,5,2026-09-26,جميل بعروضهم الجباره,Positive
07497dc1-bb88-48a3-bacf-3ede164f73a6,Uber,Transport Services,5,2026-09-26,جميل,Positive
0d27e170-e1af-4397-82ed-ae9882e1f3cd,Uber,Transport Services,5,2026-09-26,تطبيق رائع وفيه خصومات كثره,Positive
1ce7577f-b8bd-4092-9945-f376a12f6421,Uber,Transport Services,5,2026-09-26,ممتاز,Positive
35a2efa8-3cc0-48f0-adf1-555fbdd3cf21,Uber,Transport Services,5,2026-09-26,ممتاز,Positive
4c481721-5e25-4547-9fdc-2c4d6ad55f07,Uber,Transport Services,5,2026-09-26,تجربة ممتازة,Positive
f674de88-dea0-4792-ae36-58a59f7d0222,Uber,Transport Services,5,2026-09-26,ممتاز,Positive
30b58f22-b3a0-489a-b063-b7205171b2a2,Uber,Transport Services,5,2026-09-26,احسن حاجه حصلت,Positive
e2d8b32c-2a84-4b9d-ac0a-1a28f1c3ebbb,Uber,Transport Services,5,2026-09-25,تمام,Positive
e17af2dd-6fc6-4832-bb8b-caf1e3042ac2,Uber,Transport Services,5,2026-09-25,سائق محترم,Positive
ccaf9d7d-87a0-448c-8b98-f9a8a86223ed,Uber,Transport Services,5,2026-09-25,جامد اوي,Positive
6f75643d-6ddb-4084-a5fb-bf478a4cd2a2,Uber,Transport Services,5,2026-09-25,ممتاز جداا,Positive
2419e759-2e06-4f48-a616-169195594994,Uber,Transport Services,5,2026-09-25,حلوه بس مكلف الان,Positive
88407cfc-8f4f-4747-aa9a-256c5007f8da,Uber,Transport Services,5,2026-09-25,ممتازه جدآ جدآ جدآ للأمانه,Positive
449cdf18-e634-4a98-a9cd-faa128bb1664,Uber,Transport Services,5,2026-09-25,ممتاز,Positive
1d9a8eb5-e109-442e-ad18-4aadae652ed4,Uber,Transport Services,5,2026-09-25,ممتاز,Positive
0accb6c9-9354-43cf-8cf2-714394523a3d,Uber,Transport Services,5,2026-09-25,ممتاز محترم,Positive
905a3aa6-4e60-4dba-89fa-666aea2abf0c,Uber,Transport Services,5,2026-09-25,جميله,Positive
e2dfc294-e5d8-434a-a9a5-139bf7b884b9,Uber,Transport Services,5,2026-09-25,يستحق 5 نجوم,Positive
326a0f69-ad5f-44e6-8773-672c4049e674,Uber,Transport Services,5,2026-09-25,ممتازة,Positive
521213a0-6159-4d9b-b2c6-8ade8c34ad31,Uber,Transport Services,1,2026-09-25,سيء جدا جدا ، لقد قامو ثلاث مرات بخصم غير مبرر اثناء الليل ، واتفاجئ صباحا بوجود خصم ، وعند مراجعتهم يقولون اسفون سنعيد لك المبلغ ، اضررت لحذف البطاقة الائتمانية من التطبيق حتى لا يقومون بسرقتي ، وبعد ذلك قامو باغلاق حسابي لانني حذفت البطاقة ، نصابين انتبهو لهم,Negative
8c538e09-5d34-4743-a0ec-b2897fe40040,Uber,Transport Services,1,2026-09-25,مرض×مرض حفاظا على صحتك العقلية ابتعد,Negative
4bfb2753-8ba7-4490-bc90-588185ffe625,Uber,Transport Services,5,2026-09-25,رائع,Positive
f9cc10eb-349f-4dc7-8992-0e9fc08dc88e,Uber,Transport Services,5,2026-09-25,رائع وسيارات مريحة,Positive
a5bb3b3b-6f4e-4fb5-b609-a3d4ea07828c,Uber,Transport Services,5,2026-09-25,اوبر يعزك ولا مشوار يذلك,Positive
085a6f85-1bcc-4cec-8530-fbc81bd02d16,Uber,Transport Services,5,2026-09-25,☺️,Positive
7971dbb1-0b44-4751-b154-8fc2c49a1673,Uber,Transport Services,5,2026-09-25,شيء جميل,Positive
663b9af7-a5b0-455a-9743-945ea5ab0799,Uber,Transport Services,5,2026-09-25,رائع جدا عروض جميلة,Positive
dcbe94e7-9e14-4bdc-b99b-0ac2681d7b53,Uber,Transport Services,5,2026-09-25,سيارات رائع و مريحه,Positive
28c9c423-4851-4a58-838b-103c86b761ea,Uber,Transport Services,5,2026-09-25,محترم جدا,Positive
a2ec2f02-9d16-45c5-88fc-b711db4a82c1,Uber,Transport Services,5,2026-09-25,كانت موفقة,Positive
1e7d3b2d-5c5b-47c7-88be-2c473bcf924d,Uber,Transport Services,5,2026-09-25,خدمات ممتازه,Positive
565c600e-cfe0-4d64-b8b8-02311c22b23f,Uber,Transport Services,5,2026-09-25,جيد,Positive
38159840-df12-4d81-aba5-570c33a74a48,Uber,Transport Services,5,2026-09-25,ممتاز,Positive
1ccc030e-d525-4a1d-90b2-bf79c2155495,Uber,Transport Services,5,2026-09-25,بارك الله فيكم,Positive
0bf809a7-06c1-4a3a-97e0-a4bdf8b711fe,Uber,Transport Services,5,2026-09-25,ولا غلطه,Positive
1a55dced-469d-4297-b19e-bad5e245ba45,Uber,Transport Services,5,2026-09-25,جيد,Positive
a7ddca8d-f266-4607-81ea-b22fa83e4605,Uber,Transport Services,5,2026-09-25,تجربة جيدة شكرا,Positive
965bea15-3884-4012-b667-a139101ad1d3,Uber,Transport Services,5,2026-09-25,احسن من اندرايفر,Positive
61828a26-efdf-4e07-8e90-bc8f4d81be88,Uber,Transport Services,4,2026-09-25,تطبيق ممتاز وسهل وسريع,Positive
b558bcb5-b40e-4a65-935f-a8de576977ce,Uber,Transport Services,5,2026-09-25,جيد,Positive
f97f58e1-3a6d-406a-8088-95bd4b6c25f5,Uber,Transport Services,1,2026-09-25,"This app is a failure in Hurghada, a Red Sea city in Egypt. It has the worst and most expensive prices. Beware of it.",Negative
2178ada9-ed20-4bd2-89c7-066b68843467,Uber,Transport Services,5,2026-09-25,تطبيق ممتاز واسعار كويسه جدا,Positive
e0a95a9c-dca1-4a01-ac40-282a46f0d2ef,Uber,Transport Services,5,2026-09-25,جيدة,Positive
bf6174e3-d62f-4e52-8a70-7498d94aa876,Uber,Transport Services,5,2026-09-25,كويس بيعمل خصومات وكباتن محترمة.,Positive
bfce873f-5557-4136-a8ee-364d1ccfb227,Uber,Transport Services,5,2026-09-25,افضل تطبيق بعض,Positive
65c075b6-01b2-414f-95f3-2830cae676fe,Uber,Transport Services,4,2026-09-25,غالبية الكباتن يتميزون بإحترام الزبون وحسن المعاملة,Positive
ab3e1196-4891-4e8d-9163-c062bd39a767,Uber,Transport Services,1,2026-09-25,I cant stand it anymore. the app goes all blank when I wanna finalize my order and put in the adress and car info. I have been trying for half an hour and gave up and got doordash.,Negative
d15ec5cb-210f-4415-b61a-ac7b9cf582e2,Uber,Transport Services,5,2026-09-25,تمام,Positive
bf842358-6e29-4ebf-9f3c-98641c11c54f,Uber,Transport Services,5,2026-09-25,حلو يعطيكم العافيه,Positive
46b79ad9-1c1f-43b7-9b93-7abe2981ab4e,Uber,Transport Services,5,2026-09-25,ممتاز,Positive
cb83d940-7ecd-492f-987b-62e6280704de,Uber,Transport Services,5,2026-09-25,ممتازه,Positive
54e984da-361c-4fc0-86db-37c9f99f0315,Uber,Transport Services,1,2026-09-24,نصاب ولا يوجد مشاوير,Negative
fdb7875b-20d2-467f-af98-f011bcd01ae9,Uber,Transport Services,5,2026-09-24,كويس جدا,Positive
84a24c23-3b2a-46fd-a400-2721a970c5de,Uber,Transport Services,1,2026-09-24,أسواء برنامج وخدمه زفت وسواقين زباله انتظر أكثر من نص ساعة ويقبل الكابتن المشوار ويلغي دي قلة أدب,Negative
31e8fa66-9a44-41b1-aef6-f4e919571cb8,Uber,Transport Services,5,2026-09-24,كويس 😀,Positive
b905b0ee-6a33-4caa-b378-184a1df01c14,Uber,Transport Services,5,2026-09-24,جميل,Positive
43f00a69-058c-40ff-96a7-0ae182d4ce1a,Uber,Transport Services,5,2026-09-24,رائعه,Positive
2c1e804c-4988-4070-aeaa-5bcbfbc5c590,Uber,Transport Services,5,2026-09-24,الأفضل علي الاطلاق,Positive
671619d1-d22a-4212-8efa-8ea89ef93597,Uber,Transport Services,5,2026-09-24,جميل هو وا اسعاره,Positive
25d8f7bc-209b-4cb5-9402-543e41458a6c,Uber,Transport Services,5,2026-09-24,ممتازه,Positive
f2110416-898f-4cb3-bc9b-58267ca5a843,Uber,Transport Services,5,2026-09-24,ممتازه,Positive
e91f999a-6f94-4be1-8b91-f0f5c2f3df62,Uber,Transport Services,5,2026-09-24,ممتاز,Positive
c63ee73a-9bf4-4042-9c51-67f2853820aa,Uber,Transport Services,1,2026-09-24,يستحق أقل من نجمه وفلوس بتروح مش بترجع واتواصل مع الدعم وكله رد الكتروني ولا حد بيحل حاجه وفلوس اتاكلت عليا مرتين يخصمو 16 ريال ولا في سواق يجي ولا اي حاجه ومره أمس يخصمو 31.90 بسبب سواق لما عرف اني دافع بطاقه لافي الرحله من عنده والفلوس مرجعتش مع العلم بيقولوا هترجع ولا بنشوف اي حاجه وحقي بيتاكل والمرتين اللي اتاخد منهم 16 ريال ورا بعض بقالهم اكتر من 3 اسابيع ولا اي حاجه رجعت وامس كنت مع سواق أسلوبه مش كويس ولا اي حاجه واصلا شكله مش سعودي ولا كلامه وبيبص بصات مش كويسه واخد الحساب ومرجعش الباقي,Negative
2dc9bf84-0d59-4465-a450-d5b42d6b3e1d,Uber,Transport Services,1,2026-09-24,سي جدا فاشل فاشل فاشل,Negative
be119116-67fd-4355-a032-2f871ade9f27,Uber,Transport Services,5,2026-09-24,ممتازه امان راحة احترام,Positive
1fc4b845-eabe-485e-ac82-b9e43723c6b3,Uber,Transport Services,1,2026-09-24,انتبهوا اسعارهم غاليه ويسرقون العملاء ويزيدون السعر عليك ان كنت عميل قديم .,Negative
dcff1083-a061-461d-9794-15cd7828ffa0,Uber,Transport Services,5,2026-09-24,ممتاز,Positive
ccb7b928-4410-414e-8cd9-c658363a8a86,Uber,Transport Services,4,2026-09-24,ممتاز,Positive
e0238bca-de04-4b0c-a60b-504c6c98c391,Uber,Transport Services,5,2026-09-24,ممتازه,Positive
98ca200e-c69b-46a9-9ce3-5d5153f8cced,Uber,Transport Services,5,2026-09-24,شكراً جزيلا,Positive
3ea7e363-231d-48d6-a51d-d6ba15dd2ce0,Uber,Transport Services,5,2026-09-24,تطبيق رائع وسهل,Positive
ec9fe7d0-0fd6-4273-855d-c2fe90b017a8,Uber,Transport Services,1,2026-09-24,سي حرمي,Negative
75c761e5-0589-4844-a4af-277d1910e13b,Uber,Transport Services,5,2026-09-24,👍,Positive
a8a4d421-e709-4dd9-a0d4-45d18723e6a3,Uber,Transport Services,5,2026-09-24,اكيه,Positive
52d9e508-4847-424d-ba11-30405910f9a6,Uber,Transport Services,1,2026-09-24,مدري باي وجه حق يسحبو مبلغ اضافي مومعقوله كدا دا نصب ولو زاد المشوار بعد مادفعت دا موغلطي انكم تقومو تسحبو من رصيدي دي سرقه نصيحه احذفو بطاقه البنك من التطبيق بيسحبو بدون استازان فجئه تلاقو مبلغ اتخصم وانتي في بيتك ماخرجتي,Negative
371c6d38-4cc3-402a-a547-0f128f9e6076,Uber,Transport Services,5,2026-09-24,السائقين محترمين,Positive
1d4d02e1-dca8-45d5-8ef0-619184ae803b,Uber,Transport Services,5,2026-09-24,اسو تجربه وسواقين معظمهم نصابين,Positive
c0466beb-08cf-4d93-bde7-ec05f6784c58,Uber,Transport Services,5,2026-09-24,راجل طيب ومحترم,Positive
f2fc0491-c39a-4991-a6b5-b52b211b8984,Uber,Transport Services,5,2026-09-24,ممتاز ذو خلق,Positive
cc075bb0-c3f1-4b5c-b1e5-d590bc5c8cb6,Uber,Transport Services,1,2026-09-24,برنامج سيئ جدا,Negative
8226c518-d12f-4c66-8171-ac70d463ba45,Uber,Transport Services,5,2026-09-24,ممتاز 👍,Positive
fc581408-c4e1-43b3-b1b3-a960399f6888,Uber,Transport Services,5,2026-09-24,ممتاز,Positive
4f1e37a9-f303-4f88-809f-a35166915fac,Uber,Transport Services,5,2026-09-24,جميل جدا اشكركم,Positive
3285cf09-d492-448f-a0f3-4092a321b41f,Uber,Transport Services,5,2026-09-24,برنامج ممتاز,Positive
595554f6-d6ab-4436-b9b2-fcd786c3ead2,Uber,Transport Services,5,2026-09-24,جيد للغايه ممتاز,Positive
fcfb4e6a-e5d2-4649-8e8a-dd6bc9e3b6cd,Uber,Transport Services,1,2026-09-24,نصب,Negative
530d0951-3b38-4200-b138-4e11b656ec0b,Uber,Transport Services,5,2026-09-24,ممتاز,Positive
84e2f686-27e7-44c4-b878-a0d19c156045,Uber,Transport Services,5,2026-09-24,ممتاز,Positive
4ffd560c-5ec0-46d0-b34f-601c4c927271,Uber,Transport Services,5,2026-09-24,ممتاز,Positive
eda45e0e-0432-4fcb-b008-03c7e47f34c0,Uber,Transport Services,5,2026-09-24,ممتاز,Positive
56113921-3c14-4b9a-9f00-7de7d1b054fe,Uber,Transport Services,1,2026-09-24,سيارات خايسة,Negative
8da41d4a-bd9d-488a-9af1-bfb8ad493014,Uber,Transport Services,5,2026-09-24,ممتاز,Positive
33d71593-be4a-45e9-97ec-b74ba09dd494,Uber,Transport Services,1,2026-09-24,ما راضى يفتح,Negative
0ed5acc9-e975-4342-b217-1dfb3a6f60f4,Uber,Transport Services,1,2026-09-24,ممتازة,Negative
2177d30e-cfe6-42a9-80d3-ed542b32a663,Uber,Transport Services,5,2026-09-24,كانت تجربه مريحه جدا والسائق كان مهذب ومحترم,Positive
1dafdb02-0bca-4a98-aa6d-d53b18f55807,Uber,Transport Services,5,2026-09-24,جيد جدا,Positive
8f355fee-5b39-49ba-a6f1-e2a70133980d,Uber,Transport Services,5,2026-09-24,👍👍👍 ممتاز جداً,Positive
dc869ccc-fc4c-461e-abdf-886a33c324a6,Uber,Transport Services,5,2026-09-24,ممتاز,Positive
02656cb3-49ed-4f06-88fe-0579ab3ae1b9,Uber,Transport Services,3,2026-09-24,😊,Neutral
e02b52c6-ee32-43c9-8709-b3ef70ba5f6c,Uber,Transport Services,5,2026-09-24,حلو,Positive
45667e69-ae45-4e5c-a4b6-fc4b42e11912,Uber,Transport Services,5,2026-09-24,رخيصص ويجيك سريع,Positive
6c155d5d-f866-4a6a-b060-0367a64e54c3,Uber,Transport Services,5,2026-09-23,ممتاز,Positive
22e11208-a7d8-4c6b-beca-fbb3429196f8,Uber,Transport Services,5,2026-09-23,اسطوريه,Positive
3de72ffb-b325-46b5-83fe-327f974ab908,Uber,Transport Services,1,2026-09-23,حسبي الله ونعم الوكيل فيهم كلهم على تهكير,Negative
c0288e09-2516-4062-8617-312a8784dc8f,Uber,Transport Services,5,2026-09-23,ممتاز فعلاً,Positive
13a2c7f3-a9fa-49ac-b97b-cb5a8e555b0b,Uber,Transport Services,5,2026-09-23,كويس,Positive
47f84e75-2518-4cf8-9b4d-0489d6ea9781,Uber,Transport Services,3,2026-09-23,جيد,Neutral
661b56c1-b45f-4209-b63c-c6e9f4e00654,Uber,Transport Services,5,2026-09-23,تطبيق جميل جدا,Positive
30f7454d-049d-49c2-a834-26ebbbb25f32,Uber,Transport Services,5,2026-09-23,قائد محترم,Positive
dd28f653-013c-4b19-aaba-98faa08dd361,Uber,Transport Services,5,2026-09-23,ممتاز,Positive
e4b8e002-654b-44b7-9fe5-ac0e27f1b6e6,Uber,Transport Services,5,2026-09-23,تمام,Positive
f9ba1af6-4e20-4cff-8f4e-3fe12494ae4b,Uber,Transport Services,5,2026-09-23,جميله جدا,Positive
29954ff3-f63c-4a6f-8cc6-4fab0ed4f2c6,Uber,Transport Services,5,2026-09-23,أكثر من رائع,Positive
40461842-cd59-4c4c-8ed0-3246abbb6bb0,Uber,Transport Services,5,2026-09-23,جميل وسهل الاستخدام,Positive
88840e45-ee93-4bc0-82fe-526cc99d4db6,Uber,Transport Services,1,2026-09-23,والله ماتخافون الله انا طالع من حي الخليج ع سلمان الفارسي ياخذ مني ٦٧ ريال وارجع لمزين ١٥ ريال ياخي خافو الله والله ما احللكم,Negative
fff348f7-5869-422b-bb6d-d668a97b0ce0,Uber,Transport Services,5,2026-09-23,مريحه وممتازة,Positive
aa17cdd0-2d16-4015-846d-4333f37cf4e8,Uber,Transport Services,4,2026-09-23,كانت تجربه جبده,Positive
287e69ac-7aa4-4996-8945-2e9fb119be95,Uber,Transport Services,1,2026-09-23,أواجه مشكلات في التطبيق حتى أنه تم فرض مبلغ رسوم إلغاء الطلب بعد أكثر من 30 يوم حتى لا اطلب مراجعة المشوار السابق,Negative
c1286796-9775-4df4-9a7e-223a09160847,Uber,Transport Services,5,2026-09-23,ممتازة اخلاق وذوق,Positive
6b4766da-1ab2-4193-9538-ac9d0edd741d,Uber,Transport Services,5,2026-09-23,تمام,Positive
a8b6451f-d64d-44dc-8dec-e16698c04390,Uber,Transport Services,5,2026-09-23,ماشاء الله اسرع واريح من التاكسي,Positive
86aa4d3d-40a1-41e2-8331-cf4213c39d0a,Uber,Transport Services,5,2026-09-23,ممتاز,Positive
7b840088-9b90-479e-a42e-1fc7fb0b601f,Uber,Transport Services,5,2026-09-23,جميل,Positive
f417aab0-a103-4e42-affe-0a73f163d528,Uber,Transport Services,3,2026-09-23,جيد جداً,Neutral
cf7eaee0-7087-4bf2-82bb-df8fdbc0a4b5,Uber,Transport Services,1,2026-09-23,شركة ظالمة بنت ستين كلب لاقيت شنطة و كلمت الدعم و رجعتها للعميلة و إدوني ٩٣ جنيه و بلوك إحتيال حسبنا الله ونعم الوكيل فيهم بيمصوا دمنا في المشاوير و الرحلات ولاد الكلاب 👌,Negative
3231bcfb-d0a0-4ab6-8d08-9682edb9185b,Uber,Transport Services,5,2026-09-23,V.good,Positive
4834f48b-ad51-4d1e-9b5c-dfbdad7434e6,Uber,Transport Services,1,2026-09-23,لقد دفعت لطلب و انتظرت كثيرا و استمر بتغيير السائق بعدها الغيت المشوار و النقود لم ترجع حقا انه سيء للغاية,Negative
956143c5-cdce-426a-a74c-c8b789b9d819,Uber,Transport Services,5,2026-09-23,ممتاز,Positive
2f866c88-fe1b-405d-8277-a19979491ebc,Uber,Transport Services,5,2026-09-23,امان,Positive
cd6ff4da-00dd-4bbb-adda-8eaebb3c2f40,Uber,Transport Services,5,2026-09-23,يعمل جيدا و الأجمل خدمة العملاء يردون بسرعه و باهتمام,Positive
090cc2a1-e2c1-4956-b21c-3bdb1762266c,Uber,Transport Services,5,2026-09-23,رائع,Positive
e5bd31ba-843c-4fc4-8447-591dced2cef8,Uber,Transport Services,5,2026-09-23,شخص فى قمة الاحترام والذوق والرقى,Positive
9d368ca5-c4d2-4b78-8502-143031a80baa,Uber,Transport Services,5,2026-09-23,ممتاز,Positive
ad4a0ef3-3c1a-4f32-ade5-c2ce5681bc8e,Uber,Transport Services,5,2026-09-23,رائع جدا,Positive
d3faf586-848d-4aaf-938a-de9644202e38,Uber,Transport Services,5,2026-09-23,كويس,Positive
716249dc-b5f3-498b-86e1-9ad41a194fe6,Uber,Transport Services,5,2026-09-23,رائع وخدمه ممتازة,Positive
84f9458b-20cb-445d-99e7-715ccca08e01,Uber,Transport Services,5,2026-09-23,رائع,Positive
8f5f488a-dc45-41bc-bb40-e958a53ed7c1,Uber,Transport Services,5,2026-09-23,شكراً,Positive
7b87425f-84e7-4cd5-97e4-fd0fd4c5ce1a,Uber,Transport Services,1,2026-09-23,التطذيق مش منيح كل مره بطلع بكون السايق ما معه باقي ريالين او ريال وما برجع ولا بحطهم بالمحفظة بتواصل مع خدمه العلامء بقولو ما بنرجع الباقي بالمحفظه تطبيق سيء,Negative
76506937-6e67-4c47-8751-ce943bb2d6d2,Uber,Transport Services,5,2026-09-23,👍,Positive
e333ed1a-225d-4560-8a37-148ea9080f1e,Uber,Transport Services,5,2026-09-23,تجربة ممتازة,Positive
17a53988-18a6-40cc-9d73-607d69f1b40a,Uber,Transport Services,1,2026-09-23,تحت السيء,Negative
d25fc62b-5601-436b-ba17-25b3fc5aefd8,Uber,Transport Services,1,2026-09-23,شوفلكوا حل في سواقين الغردقة . ده شغل عصابات والشركة مش عارفة تعمل معهم اي حاجة,Negative
176210a0-3a36-416f-93c8-888bb3df6770,Uber,Transport Services,5,2026-09-23,ممتاز,Positive
53945d29-d228-4e9a-bbcf-3057b1884733,Uber,Transport Services,5,2026-09-23,روعة,Positive
d0968399-a922-46bc-a537-92adf71110b6,Uber,Transport Services,5,2026-09-23,اشكرهم بقوه,Positive
6bd28481-e882-4413-b5c6-130031374e4f,Uber,Transport Services,5,2026-09-23,ممتاز,Positive
8f17556f-d6c9-4f87-8a62-d6b088c5d693,Uber,Transport Services,1,2026-09-23,شركة وسخة بجد,Negative
e85c2c72-112d-4369-89d5-ba5e7900ae67,Uber,Transport Services,5,2026-09-23,ممتاز,Positive
1a6b9f8d-6c6b-4eba-a2d9-88bdcb8e3627,Uber,Transport Services,5,2026-09-23,ممتاز,Positive
06e2fec6-cfca-4be8-ab03-e1ba9c3c31d8,Uber,Transport Services,5,2026-09-23,ممتاز,Positive
6f25e4a3-4e0a-4105-85b1-3ec3df44b2b7,Uber,Transport Services,5,2026-09-22,good apliki,Positive
e2d7c79c-3547-43b7-83eb-e39d96999419,Uber,Transport Services,5,2026-09-22,ممتاز,Positive
712b9ced-d5ee-4502-a84f-c3e9254717a2,Uber,Transport Services,5,2026-09-22,لوكيشن ممتاز,Positive
2fd35d00-cb9e-4097-9cfa-b46f6b4b9768,Uber,Transport Services,5,2026-09-22,طبيق رائع وكل لي نروح معاهم ناس محترمه وأخلاقهم عاليه,Positive
02522d38-06f9-46a2-919d-17186fa9702f,Uber,Transport Services,1,2026-09-22,ممتاز,Negative
3151da20-51ae-4651-8305-26903ae72efa,Uber,Transport Services,5,2026-09-22,جميل جدا,Positive
7692da54-97b2-4d32-a790-1b74893f54f9,Uber,Transport Services,5,2026-09-22,جيده,Positive
95fbfd4d-0fba-448e-8474-4db39d68d7a0,Uber,Transport Services,2,2026-09-22,جيده,Negative
cc19a608-be8a-4b5e-85c7-c648079d764e,Uber,Transport Services,5,2026-09-22,ممتاز,Positive
e1eae2e7-d5d6-4053-ac1c-d0d2b2c84d8c,Uber,Transport Services,5,2026-09-22,تطبيق رائع,Positive
b1734c3c-2454-4e68-8cb6-5186e459f769,Uber,Transport Services,5,2026-09-22,محترم,Positive
49402662-c0ed-4d93-8682-c58a9a943289,Uber,Transport Services,1,2026-09-22,اكثر من مره يتم اخذ مبالغ في اوقات مختلفه واحيانا ياخذ قيمة المشوار مرتين ثم يتم ارجاع جزء من المبلغ اذا زاد الطبيق ياخذ مبالغ مني مره اخرى سيتم حذف التطبيق من جهازي ومن اجهزة عائلتي ايش هذي المهزله,Negative
3fcbc1da-32a3-4895-9be1-6e3a5ff11e49,Uber,Transport Services,5,2026-09-22,راع,Positive
03ac30a4-f1f5-4d30-964f-8a62b90b2a58,Uber,Transport Services,4,2026-09-22,الرحله كانت ب160 جنيه وفؤجئت عند الدفع ب203ممكن اعرف السبب,Positive
8a56a727-515b-4b13-8680-eaf0af6cbacd,Uber,Transport Services,5,2026-09-22,EXCELLENT 👌,Positive
7f548031-5ff8-4b7b-9145-c6f2b5284103,Uber,Transport Services,5,2026-09-22,ممتازة,Positive
de96ee8d-8a00-483e-b0b7-3c40690b8738,Uber,Transport Services,5,2026-09-22,good 👍,Positive
2e7096cb-8a39-447a-b2ad-97e9adc36a20,Uber,Transport Services,5,2026-09-22,ممتازه ممتازه,Positive
a19ff93d-f7c2-427c-b844-73dcb7ccd72d,Uber,Transport Services,1,2026-09-22,اسعار رخيصه,Negative
edf0249f-0082-4b59-a4e7-f8185281219d,Uber,Transport Services,4,2026-09-22,excellente,Positive
72f3204a-b076-4801-bfaa-d6c022cf4870,Uber,Transport Services,4,2026-09-22,توصيل سريع لحد باب البيت,Positive
022c247c-bc74-4164-8b27-21d41362e50f,Uber,Transport Services,4,2026-09-22,التطبيق ممتاااااااز عيبه الوحيد الاسعار غالية شوية نتمنى تتتخفض بس حقيقي امان والتزام ومن افضل تطبيقات التوصيل الي استخدمتها,Positive
5b443c5d-3fde-4ece-a8c6-3321334ebec4,Uber,Transport Services,5,2026-09-22,ممتاز,Positive
d2850dd6-7b1d-414b-8f0a-c6c2cbcae6e2,Uber,Transport Services,5,2026-09-22,ممتاز,Positive
ac6b45c8-942e-4d3a-aa03-0da6e3ab1de4,Uber,Transport Services,5,2026-09-22,طريفه سهله جدا وسلسه,Positive
33e85644-02ec-47da-9b89-5947f6eb3c10,Uber,Transport Services,5,2026-09-22,جميل,Positive
f1648631-9efb-49a8-ac27-974a394578df,Uber,Transport Services,1,2026-09-22,اوبر شركه حراميه ازاي؟ لو بتركب اجنبي من عند الاهرمات ل متحف المصري ال١١كيلوا ب ١٠٠جنيه والشركه بتحاسب العميل ب ٢٠دولار يعني الشركه بتسرق من العميل ٢٠دولار وبتديك انت ب عملتك ١٠٠جنهه وال٢٠دولار ب ١٠٠٠جنيه مصري,Negative
4cfc266b-f357-4c04-9c5c-ea0e7b3def63,Uber,Transport Services,5,2026-09-22,❤️👌,Positive
f1a810f5-4624-4419-96f2-9b5a5c7c5775,Uber,Transport Services,5,2026-09-22,مريحة و رائعة,Positive
1484d3d4-15df-4599-8d5b-01fd51cd9ee7,Uber,Transport Services,5,2026-09-22,ممتاز,Positive
c9290f2e-a91c-4595-9059-3ee857013f1d,Uber,Transport Services,5,2026-09-22,ممتاز,Positive
4d3e2fca-40b2-43c0-8ed5-f735215af295,Uber,Transport Services,4,2026-09-22,كويس بس لو تسوو باقات لاصحاب المشاوير المتكررة واليومية,Positive
cb374fc6-640e-4ff2-a723-9f2128de35d1,Uber,Transport Services,5,2026-09-22,ممتاز,Positive
a819c6ff-d681-4abb-bb86-6bfd949cffd2,Uber,Transport Services,5,2026-09-22,ممتاز,Positive
c96880b2-bf98-4cdc-94e9-ce8dac81f22a,Uber,Transport Services,5,2026-09-22,ممتاز جدا,Positive
b03dc637-00a8-4df6-83f4-c0f2452a2fed,Uber,Transport Services,5,2026-09-22,ممتاز,Positive
8282591e-ec2f-4c7e-82e8-80ac99b33428,Uber,Transport Services,5,2026-09-22,الله يجزاه خير خوش رجال,Positive
05f9414c-4480-41b5-bc04-911c73d3f085,Uber,Transport Services,5,2026-09-22,ممتازه وصل في المود والمكان,Positive
d54b1434-2055-4a33-8995-f4c043c03fd9,Uber,Transport Services,5,2026-09-22,برنامج كويس وكل حاجه بس في مشكله في التسجيل يا ريت تتحل... علشان العملاء الجدد,Positive
caa4eea7-35e7-4a21-b10f-d35aff24ffa7,Uber,Transport Services,5,2026-09-22,تطبيق حلو ومفيد,Positive
7dc09aed-abed-4b5b-a0c5-c9e2ebe7cbff,Uber,Transport Services,5,2026-09-22,جيد,Positive
d5623783-8825-4fd4-96a8-0fe63d0ba40b,Uber,Transport Services,5,2026-09-22,رائعة جدا جدا جدا جدا,Positive
c8e5c775-0869-4fb2-b52b-ba83b7309626,Uber,Transport Services,5,2026-09-21,شكرا على خدمتكم,Positive
bb5d6c86-6798-48bc-b257-d9fc6df3cd53,Uber,Transport Services,5,2026-09-21,خدمه ممتاز,Positive
5720db49-e28b-4d60-b439-1f1a201a91fb,Uber,Transport Services,5,2026-09-21,خلوق صبور وسيع صدر ذهب ذهب,Positive
ace99ca6-dbd6-4d39-ba49-e38a8ac06ace,Uber,Transport Services,5,2026-09-21,تجربه مريحه ومحترمه شكرا لاوبر علي هذا لأنه انجدنا من سائقي التاكسي,Positive
36951467-aa9e-40a9-9592-c6143b1cbccd,Uber,Transport Services,4,2026-09-21,رحلة جيدة,Positive
6b6395fc-f413-43a0-b9a0-4cf466ff9702,Uber,Transport Services,5,2026-09-21,ممتاز جداً السائق الي جالي,Positive
18df5600-2551-4d9d-bc92-7a75f23f34b5,Uber,Transport Services,5,2026-09-21,رائع جدا,Positive
54671f81-71a3-42a7-abf7-7ed96a4c0ee9,Uber,Transport Services,5,2026-09-21,لقد وصلت إلى وجهتي بالوقت المناسب شكرا جزيلا,Positive
db8ea1be-dd1f-4c78-87c1-7c72868d8b49,Uber,Transport Services,5,2026-09-21,جيد جدا,Positive
c3b5250f-d159-4212-8e8d-d30e5ad0e459,Uber,Transport Services,1,2026-09-21,حقير,Negative
903d84ef-0a25-49ff-bed1-89b7a8f23d9e,Uber,Transport Services,5,2026-09-21,ممتاز جدا,Positive
8c757d67-8a5c-467a-a47c-bbf77f4be473,Uber,Transport Services,5,2026-09-21,ممتازة,Positive
0426c1ce-a740-4f18-a73a-288468ef6a43,Uber,Transport Services,5,2026-09-21,ممتاز,Positive
5941fb7e-eda7-4477-8756-6f54bfff7597,Uber,Transport Services,1,2026-09-21,good,Negative
c2ab36be-c959-40bc-a6cf-4146bcb636a8,Uber,Transport Services,5,2026-09-21,كويس,Positive
9487a0ab-14b7-4594-acad-68e322f51ac8,Uber,Transport Services,5,2026-09-21,جيد جدا,Positive
aa35ea25-7a65-4a5a-8534-137a67a2b9e7,Uber,Transport Services,1,2026-09-21,برنامج نصب وحرامية جدا,Negative
2ab4d425-f018-435d-a480-13d4d0329d53,Uber,Transport Services,5,2026-09-21,ممتاذ,Positive
987e38c2-3715-4d53-ba3d-cd3ab18d3fe7,Uber,Transport Services,5,2026-09-21,ممتاز جدا,Positive
9d59b00c-a135-43ae-80b0-e67a2a3451c3,Uber,Transport Services,1,2026-09-21,دي شركه زباله,Negative
7e83f106-5bb6-44c3-8967-1f293186d332,Uber,Transport Services,5,2026-09-21,ممتازه,Positive
44c96b5a-0f80-42f5-93be-c0c6ad68ba18,Uber,Transport Services,5,2026-09-21,ممتاز,Positive
61f43214-cced-41f3-94b4-f976642a3520,Uber,Transport Services,1,2026-09-21,تطبيق سي جدا لايدعم خدمه العملاء وتساب ولا مكالمه ولا فريق دعم محترف,Negative
51ec21e6-54a3-4b3c-93e7-6fe74c611334,Uber,Transport Services,5,2026-09-21,💯💯,Positive
bba7a905-0ecb-4475-8b9d-e9495d1c5f08,Uber,Transport Services,1,2026-09-21,برنامج مهمل جدا ولا يوجد موظفين كويسين ولا يكون عنوان واضح انصح الناس بعدم استعمال هذا البرنامج و برنامج سعرو غالي جدا,Negative
26aae1ee-7dde-4d2d-98df-885bd9b91617,Uber,Transport Services,4,2026-09-21,ممتازة,Positive
99c63322-86d8-4b73-a6b4-eea7e4608d3e,Uber,Transport Services,5,2026-09-21,ممتاز,Positive
bf3b4ce1-b7ce-4ca5-9d3a-1a51c786c050,Uber,Transport Services,4,2026-09-21,ممتاز,Positive
81f04002-70ae-4301-ac3d-a1af7740ac51,Uber,Transport Services,5,2026-09-21,برنامج كويس,Positive
264df7d6-c5f2-4890-842f-ed9be5a26894,Uber,Transport Services,5,2026-09-21,كابتن أخلاقه عليه وسياره جميله تكييف رائع وسياره جوده عاليه. شكرا اوبر,Positive
b595e789-93ac-4ea2-8b0e-4429e5054dd1,Uber,Transport Services,5,2026-09-21,من افضل وسائل النقل الذكي,Positive
8ad68cca-dddb-4bde-ba4e-b959632e20d7,Uber,Transport Services,5,2026-09-21,رحلة رائعة,Positive
a56efcb2-df41-4cc2-a37e-285f432be779,Uber,Transport Services,5,2026-09-21,ممتعة,Positive
061d7944-6c54-479f-8748-2e78d3d39b86,Uber,Transport Services,5,2026-09-21,ممتاز,Positive
8cefc7cf-f415-452f-b6e1-f225ec7d028b,Uber,Transport Services,5,2026-09-21,ممتاز جدا,Positive
138bc815-d63d-4a25-875e-12423ff1b436,Uber,Transport Services,5,2026-09-21,ممتاز,Positive
1544052c-bc6c-4d13-a690-5e482fe0a90f,Uber,Transport Services,5,2026-09-21,فعلا يستحق واكثر,Positive
5086c251-9074-4596-b93a-978c7413aca1,Uber,Transport Services,5,2026-09-21,بعض الكابتن محتاجين يتغيرو,Positive
11e6f7f1-7218-4c44-8140-844ce3a72422,Uber,Transport Services,5,2026-09-21,احسن برنامج في النقل الذكي,Positive
276ba452-6101-4f10-8f49-d4982b0b5cd3,Uber,Transport Services,5,2026-09-21,ممتاز,Positive
c064c053-83e2-49f8-a1e2-7d83ccd8f170,Uber,Transport Services,4,2026-09-21,جيدة,Positive
863fa243-2b93-42ea-be86-37ad42a3598c,Uber,Transport Services,5,2026-09-21,👌,Positive
1411588e-8629-43c5-830b-d3f1dec7b812,Uber,Transport Services,4,2026-09-21,جيد جدا,Positive
be1e685a-4a9e-47a9-944d-eed916336b84,Uber,Transport Services,5,2026-09-21,ممتاز سهل الاستخدام وسريع جدا,Positive
2dfa7c2b-2a59-4ab0-9762-ebfbf2e16639,Uber,Transport Services,5,2026-09-21,ممتازه,Positive
0cf863e1-fda8-4681-a311-4685fe22f1d6,Uber,Transport Services,5,2026-09-21,رائعه,Positive
bf3ceff5-072c-43c0-b175-7473d3d18e84,Uber,Transport Services,1,2026-09-21,اتمني من كل قلبي يقفل البرنامج دة في العالم كلة و يتخرب بيت كل موظف دعم مهتمش بمشكلة كابتن و بعت الرد التلقائي,Negative
16985853-b53d-4850-8948-db757df6440d,Uber,Transport Services,5,2026-09-21,ممتاز,Positive
6751bf13-2e37-4a5e-953e-3f2aa5403f4b,Uber,Transport Services,5,2026-09-21,محترم,Positive
b11df67a-0bfc-42ac-89e7-474cce628da3,Uber,Transport Services,5,2026-09-21,ممتاز,Positive
41342234-d3ba-4dc6-a2df-dd61b3ebcc8a,Uber,Transport Services,1,2026-09-21,لالاسف uprالزمتني بي سداد 130جنيه والمشوار لقاهو السائق لانو منطقتنا في فيصل في مضباط والمشكلة الأكبر اني ماعندي بطاقه ائتمان او حساب باي بال عشان كده ماقادر استخدم التطبيق,Negative
5a20c15f-294f-4554-af1e-e4b061b843e7,Uber,Transport Services,3,2026-09-20,كويس,Neutral
8eac1dbe-b4fd-45fa-bfc4-ef6426402add,Uber,Transport Services,5,2026-09-20,ممتازه,Positive
1a9d4317-644c-43d8-acea-1565c4b1dc64,Uber,Transport Services,5,2026-09-20,ممتاز,Positive
62ad050b-c402-4f82-9e13-3100c30ad709,Uber,Transport Services,5,2026-09-20,ممتاز,Positive
64e33d73-260e-4abd-885b-6141f247d7b0,Uber,Transport Services,5,2026-09-20,تجربه ممتازه ومريحه جدا,Positive
7d9d8bde-a936-4139-b0f1-9e74c0975257,Uber,Transport Services,5,2026-09-20,تعامل راقي.,Positive
ae55452b-53ad-4168-a331-946ca5812e6d,Uber,Transport Services,5,2026-09-20,ممتاز جدا وانصح اي شخص في مصر أو الزوار بتحميلة .. أنا من اليمن بس يشهد الله اسعارهم ومعاملتهم طيبة,Positive
6fc23ea2-4565-44ef-b0b4-8037e8f172ef,Uber,Transport Services,5,2026-09-20,حلو,Positive
e354465d-e324-4579-90e9-43b7435a0d65,Uber,Transport Services,5,2026-09-20,تمام,Positive
a957faa0-29a7-42a7-b1c1-8ad87ed28b27,Uber,Transport Services,5,2026-09-20,موفر جدا,Positive
322fa1c4-3254-4f28-86f6-23daf1ab67ec,Uber,Transport Services,1,2026-09-20,صاير سيء كل مره افتحه يطلب إضافة الرقم من جديد وانتظر رمز التفعيل جدددا سيء. ، المفروض خلاص اكتفى بالرقم من اول تسجيل في التطبيق,Negative
bc8fd2d6-c1d1-48cb-9f6a-11a2c36267aa,Uber,Transport Services,5,2026-09-20,جيدا جداً,Positive
df3c0e4b-ede6-4513-90a9-1cb627af1154,Uber,Transport Services,5,2026-09-20,سائق ممتاز ولديه مهارات جيدة في السواقة,Positive
90ac0cdb-ce07-4352-a2f4-b1203c5c31db,Uber,Transport Services,5,2026-09-20,ممتاز,Positive
7f053cb3-2120-4e09-bc2e-106b6d42810e,Uber,Transport Services,5,2026-09-20,انضباط ف المواعيد سهوله ف الحجز سواق محترم جدا بس محتاجين يكون فيه تواصل بينا وبين كابتن الرحله يكون متوفر رقم للتواصل من قبل ما يوصلنا بنص ساعه,Positive
8dd40448-f7e3-40b8-b8f1-26ce362b8047,Uber,Transport Services,5,2026-09-20,ممتاز,Positive
4d7a494f-b3a2-46f5-93ae-846c1200f016,Uber,Transport Services,5,2026-09-20,اكثر هدوووو ورحله ممتعه,Positive
524520f2-99ee-4477-b7bc-e05e22150280,Uber,Transport Services,5,2026-09-20,حلو جدا,Positive
d152937e-67a7-4862-bdc0-ae14184efdec,Uber,Transport Services,5,2026-09-20,رائعة,Positive
01023e1e-482e-4341-82af-ffec72e525ab,Uber,Transport Services,5,2026-09-20,جييد,Positive
91effd46-a8f7-4e24-b80f-3d52e315ea16,Uber,Transport Services,5,2026-09-20,ممتاز,Positive
218d30c8-598e-42ed-a312-973318c48713,Uber,Transport Services,5,2026-09-20,محترم جداا,Positive
317e7e78-f5ed-4b37-8151-b2c76c258f23,Uber,Transport Services,5,2026-09-20,ممتازة,Positive
6ca1cc80-a881-4fa0-9e27-db4bef8f9c5a,Uber,Transport Services,5,2026-09-20,رائع,Positive
7e26b5e5-d715-4edc-b3e9-4ad0919171e3,Uber,Transport Services,1,2026-09-20,شركة غير آمنة وغير مسؤولة وبتعين سواقين نصابين السواق اخد الأجرة كاش رغم أن المبلغ مخصوم من الفيزا,Negative
f18fc360-434d-4915-b354-2151585e5da5,Uber,Transport Services,5,2026-09-20,ليش الايد هيك عوجذ,Positive
29530b80-287e-469a-a700-0a0a8a2f033b,Uber,Transport Services,5,2026-09-20,رحله جميله وانسان محترم وشكرا لاوبرا وشكرا للمصداقيه,Positive
62ab471f-ed89-47b4-a683-35bdc1788f13,Uber,Transport Services,5,2026-09-20,خدمه سريعه,Positive
77baffc1-165a-4f2c-b9cc-3919d8df39d6,Uber,Transport Services,4,2026-09-20,خدمه ممتازه,Positive
5ba116fc-99e5-437f-b2e5-0f829b6d4262,Uber,Transport Services,5,2026-09-20,ممتاز,Positive
b49498c6-a3c0-4780-8cf7-f2b865ac745a,Uber,Transport Services,5,2026-09-20,ممتاز,Positive
da1e5740-c6d2-47a4-9668-88eef8d26d93,Uber,Transport Services,5,2026-09-20,جيد,Positive
f0916425-e589-4607-b386-9241c62fe4a8,Uber,Transport Services,4,2026-09-20,سؤال لماذا لا يوجد التقاط صورة في المحادثة مع السائق,Positive
f75b0cf1-f850-4388-9907-afa3498832a9,Uber,Transport Services,5,2026-09-20,جيد جدا,Positive
3c2f1103-7e1e-4c17-a8ec-7b210331f0e6,Uber,Transport Services,5,2026-09-20,روعةق,Positive
ef336d17-05d6-4fc2-bde9-1d4eca71e96c,Uber,Transport Services,5,2026-09-20,ممتاز,Positive
328504fa-489d-4492-8782-79339c39ee58,Uber,Transport Services,5,2026-09-20,جميل,Positive
f37a9821-450f-48a8-8aa7-8d5ffa150dfe,Uber,Transport Services,5,2026-09-20,جيد,Positive
46c9fd2b-9616-4503-a526-8db8680ea0c4,Uber,Transport Services,5,2026-09-20,ممتاز,Positive
374e1f40-e38b-4787-8639-223f1dd16099,Uber,Transport Services,5,2026-09-20,انسان خلوق ومحترم الله يرزقه من واسع فضله,Positive
8eca2ef4-9133-4f7f-8ce6-7312e0f562c3,Uber,Transport Services,1,2026-09-20,صار معطوب للاسف لم استطع تسجيل دخول,Negative
f0e9b760-02f5-47af-9b8a-86df7d8e1cb7,Uber,Transport Services,5,2026-09-20,ممتاز,Positive
e4b04a1a-3573-4853-b949-71efafa10df5,Uber,Transport Services,3,2026-09-20,تطبيق حلو وخدمتهم سريعه,Neutral
9ce35ed0-28f4-4e9b-9984-6eb2a1412c7a,Uber,Transport Services,1,2026-09-20,الخريطه بتخرف,Negative
7157c94c-0d97-481b-982f-8edc1667a2a4,Uber,Transport Services,5,2026-09-20,مشاء الله تبارك الله اللهم بارك روعه بكل شئ,Positive
4f937317-3ec6-4f92-baef-c1e4bc48b341,Uber,Transport Services,2,2026-09-20,مافي دعم حي زي العالم والناس، كلها ردود آلية وخيارات محدودة، وحتى مساحة للشرح ما في، تم سحب قيمة المشوار ثم بدل سحب رسوم التأخير تمت إعادة سحب الرسوم مع قيمة المشوار المسحوبة سابقاً!، نظامكم مصمم لعدم إرجاع الحقوق! مافي لا ذمة ولا ضمير! تشبعنا من اللصوصية!,Negative
8209eece-e81e-46ba-aa40-46f08424a0f7,Uber,Transport Services,5,2026-09-20,محترم,Positive
c8127b60-3c53-4f54-a43f-8793ed6f8982,Uber,Transport Services,5,2026-09-20,سوقين محترمين جدااا,Positive
37520eea-423e-41a4-9d29-00fe6b403d89,Uber,Transport Services,5,2026-09-20,رائع,Positive
4b800567-f3c6-4f0a-ac86-45aabd508722,Uber,Transport Services,5,2026-09-20,جميل ورسمي وراقي ومتاااااااااز,Positive
9eea2f37-177b-41ad-be0f-f36cb4c99c06,Uber,Transport Services,5,2026-09-19,جميل,Positive
24e141fe-e000-46cc-89e8-b11699f1ce32,Uber,Transport Services,5,2026-09-19,ممتاز,Positive
b218bc33-c4f5-43ab-a35c-7d8ddd8df867,Uber,Transport Services,5,2026-09-19,ممتاز,Positive
7835c807-c0ab-41e8-8bd2-a4fd49045e5c,Uber,Transport Services,5,2026-09-19,ممتازه,Positive
00809ae2-228d-45c8-80df-4f7269d5d8f1,Uber,Transport Services,5,2026-09-19,ممتاز,Positive
c372a5f9-7912-410d-b407-14229b73a9fa,Uber,Transport Services,5,2026-09-19,تمام جدا اللتزام وسرعه وارخص خدمه توصيل,Positive
e8842d5d-c652-4725-b72e-78f51a4919a6,Uber,Transport Services,5,2026-09-19,جميل👍,Positive
4aba80dd-fa0c-4d8b-808e-2a4cffe897a9,Uber,Transport Services,5,2026-09-19,امتياز,Positive
e59d98b2-fc91-49d4-a7e0-636b917ab638,Uber,Transport Services,4,2026-09-19,جيده ولاكن الاجره مرتفعة جداً,Positive
07f3815a-9708-497e-bad2-d2b1bbfc3b0f,Uber,Transport Services,5,2026-09-19,جيد,Positive
1b51832b-4bf2-4b7a-b8b3-692bb345b025,Uber,Transport Services,5,2026-09-19,تطبيق جميل جدا,Positive
3c562e4d-3a32-4259-88b3-2931aa5d3bae,Uber,Transport Services,5,2026-09-19,تجربة ممتازة والكابتن ايمان شخصية ممتازة ومحترمة,Positive
196352ce-0fa6-4eb8-af03-174bf549e6f7,Uber,Transport Services,1,2026-09-19,نصب في بطاقة صراف يخذون مبلغ المشور اهم يطون ليك رسوم طول شهر ينخصم من حسابك بغير حق لا احد يحط صراف بطاقه خل كل تعمل كاش صارت بنوك مافيه امان احنه نتعب وشتغل اهي تخصم مدون ماتعرف ايش سابفه حرام لي يصير فينه,Negative
acdd3504-58e4-45e0-a8d8-fbcc690df71a,Uber,Transport Services,5,2026-09-19,جيد جدا,Positive
274e864e-2706-479c-a2be-cebdac4a44e8,Uber,Transport Services,5,2026-09-19,good 👍🏻😊,Positive
e996a86e-30c1-446a-9d0e-2840fde2e2ad,Uber,Transport Services,5,2026-09-19,جميله,Positive
90da1fd3-56bc-4747-b430-73ccc4bab435,Uber,Transport Services,1,2026-09-19,سي لا يفتح,Negative
e717f099-e4c5-4cae-a008-3e4dd42ebb35,Uber,Transport Services,5,2026-09-19,ممتازه,Positive
80fe5cdd-4622-44f4-97bd-62de6da2e693,Uber,Transport Services,5,2026-09-19,انهو ابلكيشن جيد جداً والله العظيم يستحق اكتر من 5 نجمات⭐,Positive
536f4f25-a0b2-4d05-aeae-5c5b89b8073b,Uber,Transport Services,5,2026-09-19,سريع وممتازه,Positive
489477b5-3306-47e6-ac8d-254bda379074,Uber,Transport Services,5,2026-09-19,",شكرا",Positive
5267dd22-de80-4c11-89b8-b2e98839057d,Uber,Transport Services,5,2026-09-19,ممتازه,Positive
958cd631-2069-42f2-8251-1fe9e1ee89f4,Uber,Transport Services,5,2026-09-19,رائعة,Positive
28dd5aec-73fe-4403-be0e-bc674e70fc9f,Uber,Transport Services,5,2026-09-19,ممتاز,Positive
9854748f-fb59-4c98-8e91-c85cc0b302d3,Uber,Transport Services,5,2026-09-19,برنامج رائع,Positive
62197308-17e9-41e9-98e2-f00210a6854c,Uber,Transport Services,5,2026-09-19,ناجح جدا,Positive
cb5f179f-0ef2-4f5a-950c-141df61f0560,Uber,Transport Services,1,2026-09-19,كاان تطبييق ييد ولآنن سييئ جدااا,Negative
badbfbd0-1a35-478e-9a1c-d9eba6aa504e,Uber,Transport Services,5,2026-09-19,ممتاز جداً,Positive
4983c1d7-9415-412b-adc8-5631caa0f9f7,Uber,Transport Services,5,2026-09-19,ماشاء تبارك الله أخلاق عاليه وتعامل راقي ربنا يحفظهم ويرزقهم من واسع فضله,Positive
a6bb02af-be0e-4bc2-a674-777c318b8561,Uber,Transport Services,5,2026-09-19,كويس جدا,Positive
c33105ce-5911-401c-99a2-fff8a522b969,Uber,Transport Services,5,2026-09-19,رائع,Positive
59779ed8-758b-4a87-bfa7-18dd6e6b3029,Uber,Transport Services,5,2026-09-19,جيد,Positive
0df1b0e7-9080-41d1-8256-115a7d0a9651,Uber,Transport Services,1,2026-09-19,لا أعلم لماذا اصرار بعض السائقين علي جلوس الراكب بجوار السائق في المقعد الأمامي تحت مسمي انت راجل والمقعد الخلفي مخصص للسيدات او تعالي جنبي تبقي مستريح اكتر او تشعر بالمكيف او هو انت خايف مني كلها مبررات لان السائق مكسوف انه شغال سائق او احساس خطأ لديه ان الراكب بيتعالي عليه الراكب من حقه يجلس في المكان الذي يختاره ويشعر فيه بخصوصيته وراحته ولاتوجد تعليمات لدي شركة أوبر بجلوس الراكب بجوار السائق اذا كان رجل او بمفرده والسائق مع كافه الاحترام له سائق فقط والسائق الخجلان من شغلته مايشتغلهاش,Negative
dc0d516a-4474-4d00-a206-3bf9576c2b58,Uber,Transport Services,1,2026-09-19,سئ جدا عملت شكوه ف سواق كان شارب عملولي بلوك ومفيش اي متابعه,Negative
3e4f4935-c0b3-42d9-b9e6-753bdf9aa717,Uber,Transport Services,5,2026-09-19,Excellent ✨,Positive
2dd9347b-9497-4ebf-938c-1dfafc57d3af,Uber,Transport Services,5,2026-09-19,جيده,Positive
1443b0e3-06c4-4f29-86a1-291a81639cba,Uber,Transport Services,5,2026-09-19,فقط انا اختار اوبر بمشاويري فهي خدمة جيدة جدا,Positive
a943dc3f-b4c1-4827-8b6d-2f9253aa547e,Uber,Transport Services,5,2026-09-19,جميل,Positive
dfcda42f-2ab1-40df-ba7f-3d3ab24f9d50,Uber,Transport Services,3,2026-09-19,الاجره مرتفعه وبعض السائقين لا يصلحو للعمل فى هذه المؤسسه وكذالك بعض السيارات,Neutral
4dc55438-e583-49b6-b3dd-79f6f5628fb9,Uber,Transport Services,2,2026-09-19,سواق محترم وقمه في الزوق والرقي,Negative
9416d8c1-eeaf-4bc1-9bc8-82edd807bf81,Uber,Transport Services,4,2026-09-19,حلو سعر مناسب,Positive
42a59867-fb8a-4674-97f7-ab9ad8308322,Uber,Transport Services,5,2026-09-19,تجربه رائعه,Positive
7c6af170-9259-4827-a2e3-b30f88b96eed,Uber,Transport Services,1,2026-09-19,ممتاز,Negative
a441a8fe-e625-4453-9d39-3a3ae5883262,Uber,Transport Services,5,2026-09-19,متاززز,Positive
6745cd74-4c4f-4a1c-a9cd-c21813ce1cf4,Uber,Transport Services,5,2026-09-19,ممتازه,Positive
8120903e-f5a7-4f06-bef0-a9285beb4ada,Uber,Transport Services,5,2026-09-19,تجربة رحلة ممتازه ورائعه,Positive
3b87915c-2f3a-407f-b27a-1ed6ea2c4c1a,Uber,Transport Services,5,2026-09-19,ممتاز,Positive
4aaf6012-bf4c-4a67-8977-40929671203c,Uber,Transport Services,5,2026-09-19,Nice,Positive
1fee166e-b774-4484-a956-3ac4183d2c84,Uber,Transport Services,5,2026-09-19,ممتاز اا,Positive
f5aad9ac-d37e-4b2f-8b25-c15c28e1d55c,Uber,Transport Services,5,2026-09-19,مكافح معنا,Positive
87e07df6-0740-4575-8f69-6d418dcf4dd8,Uber,Transport Services,5,2026-09-19,كانت رحله ممتعه وممتازه,Positive
7a3fd8db-77f4-457a-a7c6-a15e788b5b44,Uber,Transport Services,5,2026-09-19,جيد جدا,Positive
b842162e-3d81-4183-89a9-0eddcfd35a99,Uber,Transport Services,5,2026-09-19,كانت تجربه ممتازه والسائق محترم جدا,Positive
43bfa6c8-6184-4017-989a-05d55f8e963f,Uber,Transport Services,5,2026-09-19,ممتاز,Positive
afc97a3d-1c7a-4f6e-a83c-52f393527eef,Uber,Transport Services,5,2026-09-19,تطبيق رائع,Positive
3b7112df-9787-4669-b0a4-9c5cecdbe092,Uber,Transport Services,5,2026-09-19,كويس جدا جدا,Positive
3ad830e7-0354-4624-aca6-dbf529733ef0,Uber,Transport Services,5,2026-09-19,قيادة متزنة سائق محترم,Positive
18f68336-d994-47d8-a4b9-e6392116693a,Uber,Transport Services,4,2026-09-19,ممتازة,Positive
6e34498b-f6d3-4dc1-acac-1910d7eff9e0,Uber,Transport Services,5,2026-09-19,لماذا لاتوجد خصومات . . انا يوميا استخدم اوبر . التجربة جيدة .,Positive
81200c1d-bf0c-46a4-9956-9b41f1ded748,Uber,Transport Services,5,2026-09-19,ماشاءالله تبارك الله,Positive
e77e8b72-fff4-42e2-b624-2f4bfb35b28d,Uber,Transport Services,4,2026-09-18,نريد حل لتاخير سائقي الاوبر المتعمد,Positive
db2251fd-caea-4e8d-96f6-5703e683ddc3,Uber,Transport Services,5,2026-09-18,ممتاز,Positive
1d6de455-247d-40d2-bd83-0de888934f42,Uber,Transport Services,5,2026-09-18,خدمه رائعه وأسعار مناسبه,Positive
bf2244b0-fff0-4ecc-b315-b58d7f2a1f32,Uber,Transport Services,2,2026-09-18,ممتازة,Negative
127c4ed0-cbbe-447f-804b-b0c3574a6c80,Uber,Transport Services,5,2026-09-18,ممتاز,Positive
381a3ed9-30c4-4b6b-aa2c-a56dba740122,Uber,Transport Services,5,2026-09-18,Good,Positive
38c7e13a-29aa-4bf3-a7a8-81c0ec869378,Uber,Transport Services,2,2026-09-18,لما كنت في الغردقه كان كتير كويس و ما تأخر في اسوان بس كانت عربيه واحده الي شغاله و لما عربيه تانيه اشتغلت تجاهلتنا و راحت المكان الي كنت عاوزه اروحه و كملت وقفت حرفيا نصف ساعه وتجاهلني,Negative
70d6d1ad-0f63-4557-a8d3-3f996be40203,Uber,Transport Services,5,2026-09-18,good,Positive
5d2d4ca2-a60d-4cc9-a321-a345264862ad,Uber,Transport Services,5,2026-09-18,سواق محترم,Positive
f7dea33f-afad-4bae-b1f6-20a3c76ca2e2,Uber,Transport Services,5,2026-09-18,روعه شكرا فادي,Positive
2ae0398f-7fee-4da0-a972-d313bf882103,Uber,Transport Services,5,2026-09-18,روووعة وجميل جدا,Positive
c3694cdb-9a43-421a-8e7a-c9d0e65102b8,Uber,Transport Services,5,2026-09-18,ممتاز,Positive
be8e5f7d-4929-4911-9ea6-877b878302f2,Uber,Transport Services,5,2026-09-18,تطبيق ممتاز وسهل الاستخدام,Positive
fadfe8fd-5b12-4a76-aa34-cfba3598d1c1,Uber,Transport Services,5,2026-09-18,ممتاز,Positive
c88c48c2-c3bc-4f7b-8fb8-86d832d75cb3,Uber,Transport Services,5,2026-09-18,ممتاز,Positive
79bf5dfa-3eb0-4027-b743-50c4c7c25446,Uber,Transport Services,5,2026-09-18,جيد جدا,Positive
65f5f347-fa81-4d63-99fd-6f115704d1ed,Uber,Transport Services,5,2026-09-18,جيد,Positive
c42c8d5e-fd86-4475-8e57-a83fc80718ab,Uber,Transport Services,5,2026-09-18,تطبيق ممتاز سهل علينا كل شي,Positive
ebd0a5d3-12dd-4949-815a-6cf266309269,Uber,Transport Services,5,2026-09-18,تحفة,Positive
68f7d91c-8997-46a2-bbf6-7a1298fdc510,Uber,Transport Services,5,2026-09-18,ممتاز,Positive
13e6f754-916e-4022-ad53-07eb6bdd864b,Uber,Transport Services,5,2026-09-18,محترم ودود,Positive
c1a9e246-e8f2-4d24-b227-737c3535a9a9,Uber,Transport Services,5,2026-09-18,رائع,Positive
d7b83aad-6778-4fc4-b8b0-27878ee7890b,Uber,Transport Services,5,2026-09-18,ممتاز جدا,Positive
023b8fef-9256-4b60-adfb-70c5b1fafa0c,Uber,Transport Services,5,2026-09-18,احسن تطبيق مشاوير داخل الرياض و السيارات نظيف جدا و السواقين المحترفين,Positive
3345ebad-19fe-4f9a-bb0b-063677e7d60d,Uber,Transport Services,5,2026-09-18,ممتازة جدا وسائق أخلاقه جيدة,Positive
5d9d4b93-f8b0-458e-b986-13e1d4431f24,Uber,Transport Services,1,2026-09-18,اخر تحديث زبالة,Negative
e834a83c-c0d5-4870-a9e6-cfa20a37728c,Uber,Transport Services,5,2026-09-18,ممتاز,Positive
c5bb38d3-c1dd-4e63-a99a-3afcaf836f2d,Uber,Transport Services,4,2026-09-18,جميل جدا ولاكن بعض السائقين طريقتهم مش حلوه في التعامل..(البعض وليس الجميع),Positive
53dac0b4-0ed4-47af-898c-a1a2ee5ef7c1,Uber,Transport Services,5,2026-09-18,ممتاز,Positive
24489eaf-76ab-4498-9eef-4b76d8d6d4bd,Uber,Transport Services,5,2026-09-18,خدمه ممتازه,Positive
44f5981d-bb04-4f89-a910-fdfc64fdc653,Uber,Transport Services,5,2026-09-18,تقيمي لاجل السائق تويتا ذهبي,Positive
28e47411-e8d7-4229-aebb-37078c02e298,Uber,Transport Services,5,2026-09-18,تطبيق جميل جدن,Positive
9dc984fd-1b3e-4025-bb98-80a310f45e28,Uber,Transport Services,5,2026-09-18,تطبيق رائع جدا,Positive
3e783a59-3ee3-4e4f-ba11-7bcfe8c8776c,Uber,Transport Services,5,2026-09-18,جميل,Positive
97570d95-c6eb-4046-ab8f-d7392e3c4a35,Uber,Transport Services,5,2026-09-18,ممتاز,Positive
b24b6f0c-ad25-4f51-bd23-8b43d40b8eee,Uber,Transport Services,5,2026-09-18,ممتاز,Positive
8744652e-18af-446c-b5d6-c6018ab16f88,Uber,Transport Services,5,2026-09-18,تجره ممتازه,Positive
ba7c88bd-9381-4079-a646-fe4006cdf429,Uber,Transport Services,5,2026-09-18,مريح ومتوفر باي وقت,Positive
dfb86535-012d-4c52-8b0e-58e521c18da0,Uber,Transport Services,5,2026-09-18,جيده,Positive
61aca6fa-8311-4547-9295-6276f57f5781,Uber,Transport Services,5,2026-09-17,ممتاز,Positive
74d000b9-9bb8-4890-85b1-9b8a72ae5bc0,Uber,Transport Services,5,2026-09-17,👍👍👍,Positive
f8b76aa0-5818-48ba-8e1c-713d2340e047,Uber,Transport Services,5,2026-09-17,برنامج ممتاز,Positive
446cdb91-31ac-4e62-9eee-4ce728e91a0e,Uber,Transport Services,5,2026-09-17,جيد,Positive
6c9d4460-9f3c-4d2b-9a0a-be9f560b44e1,Uber,Transport Services,5,2026-09-17,ممتاز,Positive
2aa95433-0676-41d0-a4b7-5c64a4741616,Uber,Transport Services,5,2026-09-17,راع,Positive
6519f3aa-be15-4a61-990a-728413f98e20,Uber,Transport Services,5,2026-09-17,ممتازة,Positive
828c328b-b866-4cf7-96a5-5cca17c2f3cd,Uber,Transport Services,5,2026-09-17,مفيد جدا,Positive
28cd4f90-baa1-46d7-aee7-d6f5af973130,Uber,Transport Services,5,2026-09-17,جميل,Positive
b4df55d0-665b-48ff-a33b-11777f2721a9,Uber,Transport Services,5,2026-09-17,تمام,Positive
70c19679-30fa-4a67-8240-e3c1e3831cfa,Uber,Transport Services,1,2026-09-17,شركه اوبر في الاردن ليش النصب حسابي ٤ دينار طلع حسابي ٨ دينار بعدين تواصلت معا الشركه قالو قلط الئ الان مارجع ٤ دينار طيب سوال ليش تقفل المحادثه الي بيني وبينك,Negative
bb43807a-cd48-45c8-8dd8-4a4322c9e56e,Uber,Transport Services,5,2026-09-17,مومايز,Positive
6673674b-9b48-42ff-88d1-2c31b041e8f8,Uber,Transport Services,5,2026-09-17,رائع,Positive
c192d669-1ab4-448e-8f69-b1b7fd2ee8b6,Uber,Transport Services,5,2026-09-17,احلي ناس ف الدنيا والكابتن حماده جزاه الله كل خير حاجه اخر ذوق تحياتي لحضرتك ❤,Positive
348d6da7-5b2f-410e-958d-d15c5fe84571,Uber,Transport Services,5,2026-09-17,تجربه موفقه ومعاملته حسنه,Positive
d82bd028-d4b7-419f-bccf-73f05f46efde,Uber,Transport Services,1,2026-09-17,سحب مبلغ بدون المشور,Negative
66095005-c9f1-4895-bba3-464d2c1f0e35,Uber,Transport Services,5,2026-09-17,ممتاز,Positive
782be6a3-35a5-4ade-ae39-c4a90261ca67,Uber,Transport Services,1,2026-09-17,التطبيق نصاب يضيف مبلغ مؤأجل 17 ريال فوق المبلغ المحدد مما يضاعف الدفع لاجرة الرحلة المحددة وهذا سيء جدا في البداية ضننت انني طلبت رحله دفع مؤجل بالغلط ولاكن بعد ان تفحصت الامر اتضح انهم يضيفون نفس المبلغ بكل رحله ويضاعفون المبلغ بعد ان تنخدع بالعرض الضهر عند اختيار السائق,Negative
a9f68f8a-cf39-467d-bbb5-23f4f4f9d9c3,Uber,Transport Services,5,2026-09-17,يعتمد عليه,Positive
da9291d0-3fde-4cb6-a905-6b70d6fe465f,Uber,Transport Services,5,2026-09-17,ممتاز,Positive
52c31d20-3fec-4220-a64a-adad2b72eb3d,Uber,Transport Services,5,2026-09-17,تطبيق اسطوري !!!!!,Positive
7069fd94-99f4-4334-9382-4b67b26f376c,Uber,Transport Services,5,2026-09-17,ممتاز,Positive
c3f6764e-2661-4bff-924c-985275b7c394,Uber,Transport Services,1,2026-09-17,تطبيق سيء جدا بعد التجربه لعدة اسابيع انتبهت على ان التطبيق يرفع تسعيرة الأجرة فور الوصول الى الوجهه تعرضت لموقف مساء هذا اليوم حيث طلبت سيارة وكانت التسعيرة 2.50 اردني وقمت بالنزول قبل الوصول إلى وجهتي ب واحد كيلو متر لاتفاجأ بأن التسعيرة 3.10,Negative
4502a808-b459-4fa1-ada0-34218186b32a,Uber,Transport Services,5,2026-09-17,تطبيق رائع 🤩,Positive
bcbcff85-e6ef-4d9a-8ab0-71a4d4b2ce4d,Uber,Transport Services,1,2026-09-17,غالي,Negative
76807066-1619-4564-b91f-7ffc942a9c0f,Uber,Transport Services,5,2026-09-17,مافي زيادة في السعر,Positive
07bac607-130f-43fb-bac6-b24887ead94d,Uber,Transport Services,5,2026-09-17,ممتاز جدا,Positive
2aad4d30-dffd-49e7-a3b7-50521ccb7f6b,Uber,Transport Services,5,2026-09-17,ممتاز,Positive
afeee827-f0ca-4e52-bd76-39bdacd9ab4a,Uber,Transport Services,2,2026-09-17,جيد,Negative
d8de2c18-24cc-4edd-bcd3-6d9525be230d,Uber,Transport Services,5,2026-09-17,شكرا اوبر,Positive
31a8048b-50ee-4a41-b105-785c817f4bc5,Uber,Transport Services,5,2026-09-17,ممتاز جدا,Positive
fb116b8d-f8f8-42aa-bada-9cc4a8c24332,Uber,Transport Services,5,2026-09-17,رهيب,Positive
0891afe9-a2c9-46ce-8ee0-84efb40c27c9,Uber,Transport Services,5,2026-09-17,تطبيق جميل وخدمة جميله وسهله وعملي جداً ونضام سهل,Positive
b550cbbd-b96e-4721-8967-90d0187e4153,Uber,Transport Services,1,2026-09-17,لو ينفع مكنتش حطيت نجوم نهائيا مبقاش فيه انضباط في قبول الطلبات والسواقين بيتملعنوا انا طلبت طلب في شارع حيوي جدا فضلت ساعتين ع الانتظار مع العلم فيه سائقين كتير جنبي بس محدش بيقبل عشان عندي عرض خصم عيب كدة انا مسحت التطبيق خلاص,Negative
1332436d-ec98-45d2-a325-c54c14fd6f36,Uber,Transport Services,5,2026-09-17,سائق محترم جدا جدا,Positive
12bc1bfa-18fb-41e2-b908-fd111acb675b,Uber,Transport Services,5,2026-09-17,ممتاز,Positive
34c69f7f-6607-4314-b6aa-ff1625c4b210,Uber,Transport Services,5,2026-09-17,جميل,Positive
b6e1c9e4-3081-4a68-9bca-e8a069ae583f,Uber,Transport Services,5,2026-09-17,كويس,Positive
9fb704e9-6047-400b-a770-6d4f5c13f973,Uber,Transport Services,5,2026-09-17,ماشاء الله تبارك الله سائق متعاون جدا ومهذب وخلوق شكرا اوبر,Positive
fcc1016d-2270-4506-9eef-e0ac7368aec2,Uber,Transport Services,5,2026-09-17,شركه كويسه وناس محترمه,Positive
ae47d737-3e37-4b9c-8ca6-9448a3fe19b2,Uber,Transport Services,5,2026-09-17,good 👍,Positive
1d986c92-a8d5-48c8-93a2-2e1ed0183a0b,Uber,Transport Services,5,2026-09-17,ممتاز,Positive
f61b76b7-2e44-47d0-b8a8-448a5158acf7,Uber,Transport Services,4,2026-09-17,فترت البحث عن سائق عشر دقائق,Positive
391bc205-885b-4221-8129-5edba62ed351,Uber,Transport Services,5,2026-09-17,تحفهه,Positive
fbce1de1-047f-406f-ab81-23922857f307,Uber,Transport Services,5,2026-09-17,ممتاز جداً جداً,Positive
808d7f9d-599d-45fd-bec0-96ee0f2e6253,Uber,Transport Services,4,2026-09-16,السرعه,Positive
34d05b1c-d394-418c-b98c-3ba60ba6ad28,Uber,Transport Services,5,2026-09-16,ممتازة,Positive
33fffd27-6e60-4e53-b3a6-7beb89cd27d3,Uber,Transport Services,5,2026-09-16,برنامج ساهل ورائع,Positive
d720d2f1-4e6f-4da6-99b8-6d09997cda5a,Uber,Transport Services,5,2026-09-16,أنا سائق واريد الانضمام لكم بسيارتى,Positive
b28dc7a6-057e-4eb2-9001-abe4c4c0f931,Uber,Transport Services,2,2026-09-16,التحديث الاخير جعل لغة التطبيق انجليزيه ولا يوجد اوبشن تغيير اللغة أو ضبط اللغة داخل البرنامج انا استطيع التعامل مع اللغة الإنجليزية لكن لا احبها,Negative
49fced78-b486-4a7f-a0d1-66c6674f6b63,Uber,Transport Services,4,2026-09-16,جيد جدا وأسعاره مناسبه,Positive
ab982251-0557-49aa-8103-7e3ed13afad2,Uber,Transport Services,5,2026-09-16,ممتازه,Positive
4ac5e52d-a6cd-451e-9e66-2ae2f0b357c6,Uber,Transport Services,5,2026-09-16,ممتاز والله,Positive
6b943205-0537-4c2e-9cc3-da7fb15d38ac,Uber,Transport Services,1,2026-09-16,حرامية,Negative
9dc1e81f-16f7-4879-ac23-b9205abc454b,Uber,Transport Services,5,2026-09-16,ممتاز,Positive
50d2e0ce-2005-4f0a-824f-75b8618c34f6,Uber,Transport Services,5,2026-09-16,🥰,Positive
5cbfd2dd-6db4-40f9-bc7f-4500b2721ab3,Uber,Transport Services,5,2026-09-16,جيد,Positive
2bdb711d-bf82-4299-b134-c990f0dfcdb3,Uber,Transport Services,3,2026-09-16,الأسعار غاليه شويه,Neutral
80e3ea50-ba47-4d88-8741-8358b61b93b8,Uber,Transport Services,2,2026-09-16,سيئ,Negative
768d6ca3-a5ea-4a2d-b839-068a04f029dd,Uber,Transport Services,5,2026-09-16,جميل جدا,Positive
07d258b4-dab4-4445-9597-78d74fa1ed51,Uber,Transport Services,3,2026-09-16,ليه كل شوية غرامات !؟,Neutral
7ec899a7-f258-48d9-8fca-e3352350e9f1,Uber,Transport Services,5,2026-09-16,ممتاز,Positive
c9a86c9f-984c-44df-8c11-6a97904a34fc,Uber,Transport Services,5,2026-09-16,ممتاز,Positive
87f79809-4e77-4ae4-88a2-5e9d37717c7e,Uber,Transport Services,1,2026-09-16,السعر بيزيد بعد نهاية الرحلة (نصب واضح),Negative
2780b410-a951-4ba5-b091-780fdf9d3dd4,Uber,Transport Services,3,2026-09-16,جيد,Neutral
80d26f84-4201-4829-8810-77956d4290fa,Uber,Transport Services,5,2026-09-16,ممتاز,Positive
5e3157e8-4868-473e-809f-9a4a41ed4627,Uber,Transport Services,5,2026-09-16,Gut,Positive
9c7953af-0d0e-4d8f-b815-3bf0477050a5,Uber,Transport Services,4,2026-09-16,Great app Very,Positive
44a2e68a-98ff-487b-bd1d-022ba6c31787,Uber,Transport Services,5,2026-09-16,مبدعين,Positive
453b57b1-c9ac-4d09-8d80-965f46edc31a,Uber,Transport Services,5,2026-09-16,سائق منتهي الاحترام وتم وصولي بشكل سريع,Positive
efa7eafc-3eb3-4dc3-bfa7-0063218a138b,Uber,Transport Services,5,2026-09-16,خدمة ممتازه,Positive
be2d6455-69c4-44ca-a88a-d5e887dc83be,Uber,Transport Services,5,2026-09-16,شكرآ تمنياتي لكم بدوام التوفيق والنجاح مع خدمة مميزه. للعملاء,Positive
b1649aae-c899-4cca-bbbd-f888ba8be8f4,Uber,Transport Services,4,2026-09-16,ممتاز,Positive
d999e702-222a-4ea3-a5a4-4d021453968a,Uber,Transport Services,4,2026-09-16,سريع الوصل والسائق محترم,Positive
90afa7d4-8423-4468-b258-1fe469079d1e,Uber,Transport Services,5,2026-09-16,ممتاز جدا,Positive
363f798f-1b97-4f74-a609-334df8afdd73,Uber,Transport Services,5,2026-09-16,ممتاز جدا,Positive
c9d0c09e-39a5-4dfd-ad46-8f3ce90a65be,Uber,Transport Services,5,2026-09-16,جيد,Positive
b1c06e10-1343-4216-8382-941e10f2ecc7,Uber,Transport Services,5,2026-09-16,عا💓💓💓🙏,Positive
22220691-d5d7-4d83-81a8-a9b7a2722996,Uber,Transport Services,5,2026-09-16,nqdi,Positive
548c45d9-96a5-4856-a2c2-a8e09239ee65,Uber,Transport Services,5,2026-09-16,احسن,Positive
0b8fb9be-be83-4e32-b1fd-d115b81600c1,Uber,Transport Services,5,2026-09-16,ممتازه,Positive
4c27a60f-bf55-4c7e-990c-99263608064f,Uber,Transport Services,5,2026-09-16,تجربة رائعة في قطر,Positive
99850150-7aa5-496a-9abf-0e633207ee70,Uber,Transport Services,5,2026-09-15,رائع,Positive
1b1f8f8a-5ee3-4acc-848b-f16624d519eb,Uber,Transport Services,5,2026-09-15,🌹,Positive
9405e436-bc44-4dac-982e-1171b3a3a077,Uber,Transport Services,5,2026-09-15,ممتاز,Positive
24435ff6-038c-4b9c-93d9-2606e338cb45,Uber,Transport Services,1,2026-09-15,برنامج نصب ياخذون غرامات عليك بدون سبب لا انصح به يوجد افضل منه,Negative
d8b51cab-ebbe-4218-8b42-950ced3dd6cb,Uber,Transport Services,5,2026-09-15,جيده,Positive
3d904390-b73a-4f87-ba4c-2214a37fae27,Uber,Transport Services,5,2026-09-15,ممتاز,Positive
b7073d4e-da12-42ca-b79a-1b02db1fc0bd,Uber,Transport Services,5,2026-09-15,ممتاز,Positive
68084e4d-1e57-4def-bcf0-cde07a264741,Uber,Transport Services,5,2026-09-15,تمام,Positive
978df710-e6fa-4804-ba3f-96497e9e2fb0,Uber,Transport Services,5,2026-09-15,خدمة متميزة جدا,Positive
39306969-5b38-4996-ae14-209889211678,Uber,Transport Services,5,2026-09-15,تمام,Positive
f657ca02-cda8-4235-a757-5b53274ce04b,Uber,Transport Services,5,2026-09-15,اوبر رقم واحد,Positive
54ca59d4-c1e5-4ba4-b2dd-2493521ab2a8,Uber,Transport Services,5,2026-09-15,سريع مره وتعامل لطيف,Positive
815ce1fc-782d-44c0-b595-08a929e29af8,Uber,Transport Services,5,2026-09-15,تمام,Positive
82190fb9-f5cf-4181-a305-b77402ee781f,Uber,Transport Services,5,2026-09-15,جميل جدا,Positive
c0602029-6581-4a16-8928-7cae2b4e962c,Uber,Transport Services,1,2026-09-15,اسو تطبيق والسبب موظفينهم لا انصح فيه,Negative
c885d309-d369-4468-a0f7-753a6b00bbe2,Uber,Transport Services,5,2026-09-15,ممتاز,Positive
42711d28-899a-4e10-b84e-0de7e5e11e96,Uber,Transport Services,5,2026-09-15,ممتاز ماشاءالله,Positive
6248b90c-e01f-40a4-ae42-b2f0ee09fbea,Uber,Transport Services,1,2026-09-15,ممتاز,Negative
a3132643-7758-4830-a96e-0a5bccd6845b,Uber,Transport Services,5,2026-09-15,خدمه ممتازه,Positive
440a0603-f93f-47aa-99f6-3fb0d8358d5f,Uber,Transport Services,1,2026-09-15,لصوص,Negative
798ccee2-3005-42e0-b5e3-3617e06e7cbe,Uber,Transport Services,5,2026-09-15,جميل اوي و رخيص في اسعارو,Positive
dc1575a6-0c3d-476d-9ae6-f0311b5fcc9a,Uber,Transport Services,5,2026-09-15,تطبيق رائع للغايه,Positive
e4fedbd3-4213-46d2-acdf-3b8df8dd0418,Uber,Transport Services,5,2026-09-15,تمام,Positive
bcab54f8-b67b-4196-b0b4-aa34d897de00,Uber,Transport Services,4,2026-09-15,جيد جدا والسائقون محترفون ومحترومون,Positive
b900f729-47d0-4ae0-ae80-19d9bbb46f65,Uber,Transport Services,4,2026-09-15,التجربة ممتازة واستخدمها من عشر سنوات .. لكن لم يعد اختيار الكباتن والسيارات مثل السابق .. لذلك تقييمي اربعة نجوم فقط,Positive
f9c24235-3159-4198-9f31-d3b637a3f3ff,Uber,Transport Services,5,2026-09-15,ممتاز جدا,Positive
4d4577be-fedc-4639-bc83-9b13714bc83e,Uber,Transport Services,5,2026-09-15,الحمدلله,Positive
7f07d3b6-5cf1-4555-bf36-2358d012ae11,Uber,Transport Services,1,2026-09-15,جي,Negative
88e5215c-3473-4c11-a026-c47b4eb655a0,Uber,Transport Services,5,2026-09-15,بالتوفيق لكم في تطبيقكم المميز وبالتوفيق للسائقين والسائقات .. نتمنى اضافة خاصية تحويل رصيد المحفظه بين الحسابات اذا يوجد زيادة بالمحفظه ممكن احولها لاخ او صديق,Positive
4ace6a69-e77a-4027-b6fe-5dd7dbb7ba7e,Uber,Transport Services,1,2026-09-15,بقي غالي جدآ,Negative
74943915-e756-4706-bc31-121c6f181512,Uber,Transport Services,5,2026-09-15,ممتاز,Positive
b7a30e09-7f09-4ee8-ae0f-c11ff40f2110,Uber,Transport Services,5,2026-09-15,تجربة ممتازة,Positive
8e76cd41-e701-4f3f-8c6c-7273628ef243,Uber,Transport Services,1,2026-09-15,سيئ,Negative
ab2ace3b-9022-4c02-9988-9e25ba1e97b6,Uber,Transport Services,5,2026-09-15,روعه,Positive
e153e889-3aee-47be-bf6d-70fd951565f5,Uber,Transport Services,5,2026-09-14,ممتازه جدا جدا جدا والله العظيم ربنا يبارك في,Positive
d650ec1a-795e-46cd-9d35-4d6c017d6ff0,Uber,Transport Services,1,2026-09-14,التطبيق يقول ١٧.٩١ ويسحب منك ٢٢.٥,Negative
09d3c44f-6cab-4dfe-8b71-c1512751a7bf,Uber,Transport Services,3,2026-09-14,جميل,Neutral
b99d3b39-6244-4d79-b912-5bfb4c598263,Uber,Transport Services,5,2026-09-14,افضل برنامج,Positive
e8aec710-2149-4cf0-9f28-ddda74da9dec,Uber,Transport Services,1,2026-09-14,اصبح التطبيق سئ جدا جدا واسعار غالية وعدم مصداقية فى الوصول ويحمل الراكب ثمن مشوار السائق اللى بيلغيه حسبنا الله ونعم الوكيل,Negative
ee2d5386-38e3-4ad0-98d2-63ec2be73d7c,Uber,Transport Services,2,2026-09-14,لا محدش يجربو وحش دي دي احلي بكتيرررررر السواق ضربني وخطف مني التلفون,Negative
b2028f26-15df-4eb6-a932-e8cc6cf98f75,Uber,Transport Services,1,2026-09-14,التطبيق سريع ويصل بسرعه صار سئ أنا دفعت رسوم الرحله نقدا ووصلني اشعار بأني لم ادفع,Negative
e5004bf8-c918-4a02-a21b-5ded94395d44,Uber,Transport Services,5,2026-09-14,تطبيق ممتاز جداً,Positive
4266396f-3534-4e53-af15-ece26237b022,Uber,Transport Services,5,2026-09-14,عاالمي يا اوبر والله 😂,Positive
0d669cdf-4cbe-4e45-9d7a-3e1f6efcc483,Uber,Transport Services,5,2026-09-14,ممتاز,Positive
42f87dc8-e98a-4bf2-8427-3f24aaca678e,Uber,Transport Services,5,2026-09-14,جيد جدا,Positive
dd8a8423-888d-423b-8e09-1270e12c82aa,Uber,Transport Services,5,2026-09-14,ممتازه,Positive
6b7e9f76-6cfb-4833-88b1-41f6b7d731a7,Uber,Transport Services,5,2026-09-14,جامد,Positive
e042b686-e261-49e8-a5c2-df0350b88622,Uber,Transport Services,5,2026-09-14,كويس,Positive
30c978f9-b184-4cae-a7d4-f9e62f778eda,Uber,Transport Services,5,2026-09-14,ممتاز,Positive
facb782f-34e4-46da-a50e-fb82f33d5f2c,Uber,Transport Services,1,2026-09-14,سي ةدا,Negative
4b739f72-5193-401a-88f4-40b4e3565fca,Uber,Transport Services,5,2026-09-14,رائع وسعره مناسب,Positive
ddc35cba-aeb2-40f0-8af2-726d6fc4e1ff,Uber,Transport Services,5,2026-09-14,تطبيق رائع من أفضل وأسهل تطبيقات النقل في مصر 🤍,Positive
625fdf64-b8ad-4395-88a0-e743851068a7,Uber,Transport Services,5,2026-09-14,ممتاز,Positive
abd33bd2-e49e-41e6-8cd4-1fd6fa6cf72b,Uber,Transport Services,5,2026-09-14,ممتاز جدا صراحة,Positive
30c71d49-01c3-4209-8b05-0bd4366e9d6c,Uber,Transport Services,5,2026-09-14,عسل,Positive
e034f1ea-3686-4c59-8d98-76f3d96a2ad2,Uber,Transport Services,5,2026-09-14,ممتاز,Positive
78e0a1af-69ec-4b3f-8bcb-2fbbb36d2d72,Uber,Transport Services,4,2026-09-14,جيدا,Positive
d8750399-31d2-4082-b6b3-28038cf63245,Uber,Transport Services,5,2026-09-14,ممتاذ,Positive
2c1e8949-a578-44da-acce-091b8d6ab29f,Uber,Transport Services,5,2026-09-14,جميل,Positive
9cc9f985-3933-41d9-bc05-4d81a5623d48,Uber,Transport Services,5,2026-09-14,ممتاز جدا جدا,Positive
ea182665-d3de-4803-ba08-2d720bf6340b,Uber,Transport Services,5,2026-09-14,جيدا,Positive
e61fa6b0-8c1b-40ea-bae9-063d6ea64d5b,Uber,Transport Services,5,2026-09-14,حلو,Positive
f6e9a82a-5aba-4dbc-b5bd-3cff5d36e003,Uber,Transport Services,4,2026-09-14,جميل جداً,Positive
182874ba-2a3d-41dd-a298-9d68b3e2687e,Uber,Transport Services,5,2026-09-14,ممتاز,Positive
1a3c0e8e-ce16-498c-bb88-a887941156ec,Uber,Transport Services,5,2026-09-14,راجل محترم وذوق ربنا يحفظه من كل سوء,Positive
d8d1e053-ce88-4c08-8a5d-d52188b4ff64,Uber,Transport Services,1,2026-09-14,اقسم بالله اسوء ابلكيشن سئ جدا ويعني اي مش عارفه اتواصل برقم الكابتن وانا ناسيه حاجه مهما ف العربيه واحاول اتصل يقولي مش ده رقم تواصل الرحله برغم أن هو الرقم وحاجه ف منتهي الزفت بجد وبعد م احاول اتواصل معاهم اقسم بالله همسح الابلكيشن الزفت ده من عندي,Negative
d2eabe36-cfbd-46eb-aa0d-c1adda9a4741,Uber,Transport Services,1,2026-09-14,اقسم بالله اسوء ابلكيشن ولو نسيت حاجه في العربية ولا حد بيكلمك ولا حد بيعبرك ولا السواق بيرجع يسال ومفيش رقم للدعم الفني الي هو اسبوعين تلاته كدا وهنسال السواق وهو وضميرة بقي,Negative
423a175e-8bc6-4340-8fed-3c39d6dd0b49,Uber,Transport Services,5,2026-09-14,جميل,Positive
acc8c678-49c4-4473-bd93-679bd837d54b,Uber,Transport Services,5,2026-09-14,اخلاق,Positive
fed95267-6675-44d1-833e-b85bd55cb54e,Uber,Transport Services,5,2026-09-14,ممتاز,Positive
b1ba6943-35ce-4cca-bd52-0135e53c1a36,Uber,Transport Services,4,2026-09-14,احسن واحد,Positive
b7136af8-50ae-48b2-8690-da1a4d258afb,Uber,Transport Services,5,2026-09-14,جميل ممتاز,Positive
584dc5b0-5a12-491a-a0d8-87fc9edd5bce,Uber,Transport Services,5,2026-09-14,جيده جدا,Positive
ae77b2e5-6d9f-475d-ae6a-1e6f3acd3b05,Uber,Transport Services,4,2026-09-14,تمام,Positive
9e517ca8-bbb4-4cc1-b078-a33988466b49,Uber,Transport Services,1,2026-09-14,المصاريف بتزيد لما بوصل جامد يمكن الضعف,Negative
8413b071-3600-473b-b251-0c0d42d67f05,Uber,Transport Services,5,2026-09-14,احسن اسلوب واحترام,Positive
ff25d542-298a-4bef-bf5e-0a9a41de66d9,Uber,Transport Services,5,2026-09-14,تجربه ممتازه,Positive
650debb9-b579-4138-b93b-5e4bbe859779,Uber,Transport Services,5,2026-09-14,تجربة رائعة,Positive
4a8594b3-77cc-4990-8833-2af15d77c909,Uber,Transport Services,1,2026-09-14,للاسف تطبيق سيئ اغلبية مشوار التوفير لا يقبله اي سائق واذا قبله يقوم بإلغاء المشوار للأسف ليس هناك عقوبات مشددة لرفضهم بعكس العميل يتم احتساب قيمة المشوار الملغي,Negative
27f2530a-8379-4b8a-a7b9-deb3151c2522,Uber,Transport Services,5,2026-09-14,الصراحه امن والسائقين محترمين,Positive
61c5a2f5-0416-43f9-91a7-8dcafb83aa07,Uber,Transport Services,5,2026-09-14,جميل ومريح,Positive
c302252f-2cf7-4cd1-a588-7fdb51995c73,Uber,Transport Services,1,2026-09-14,بيجيب تسعيره ووقت انتهاء الرحله تلاقى مبلغ تاتى,Negative
4a616288-1967-4cbc-97ca-0a444212a39c,Uber,Transport Services,5,2026-09-13,١٠/١٠,Positive
53d25497-09e4-42e4-88bb-97ed305a97c9,Uber,Transport Services,5,2026-09-13,علي خلق ودين شخصيه مهذبة في الخيال,Positive
5725f29b-545f-4cbf-a83f-21fa53aec313,Uber,Transport Services,5,2026-09-13,تجربة ممتازه,Positive
7ce1076a-5595-42d9-82dc-69cc7094d5dc,Uber,Transport Services,5,2026-09-13,ممتاز,Positive
3af5d4a9-88f3-4dda-9e77-c5e8a9e87c48,Uber,Transport Services,5,2026-09-13,جميل,Positive
aef39c31-5036-4741-a5a9-a517caabc405,Uber,Transport Services,3,2026-09-13,خدمة العملاء في مصر بحاجة الى تطوير و معظم المركبات الحالية بحاجة الى تطوير لانها مهترئة من الخارج وفيها مشاكل ميكانيكيه وغير مريحه من الداخل,Neutral
d3f8e21a-a6f2-4f38-bad7-c3f7eaf80dc7,Uber,Transport Services,5,2026-09-13,احسن برنامج ممتاز جدا,Positive
ad6af12d-f157-4461-a081-e0fbaa14d501,Uber,Transport Services,5,2026-09-13,ممتاز,Positive
acf25202-6eb8-48d8-a11c-eb448f3c4fd6,Uber,Transport Services,5,2026-09-13,ممتاز,Positive
aa9699f7-3f05-402b-9461-8eef926711ed,Uber,Transport Services,5,2026-09-13,زين,Positive
ed0c37b5-c509-4054-ad83-a1a24ed37bd0,Uber,Transport Services,5,2026-09-13,التطبيق جميل جدا و امن جدا,Positive
d39af4cd-bf2b-42d5-af63-a9eae9c039d0,Uber,Transport Services,5,2026-09-13,رائع,Positive
9d71d3fe-8192-47ff-8f42-7b2c4e185194,Uber,Transport Services,5,2026-09-13,جميل جدا جدا جدا وسريع جدا جدا,Positive
dc4c1d98-ec64-4b8b-a1ec-9749728cebef,Uber,Transport Services,5,2026-09-13,جيد,Positive
0a887c88-a8af-4b0e-8703-8c6baaf49c38,Uber,Transport Services,5,2026-09-13,سهل المشواير و التطبيق سهل وبسيط تجربه ممتازه,Positive
924a70b8-1449-43d5-b587-d398894437c3,Uber,Transport Services,3,2026-09-13,كل مرا اعدل موقع النزول التطبيق مبيستاجيبش,Neutral
3def033b-ed95-4783-8c3d-7e7429ecc532,Uber,Transport Services,5,2026-09-13,ممتاز جدا,Positive
42e68830-919c-4912-808b-c501cd57259b,Uber,Transport Services,5,2026-09-13,موجود في اليمن او لا,Positive
f586bc43-584c-4ceb-a049-85b0e837370e,Uber,Transport Services,5,2026-09-13,ممتاز,Positive
2b7969fb-90d7-42b5-bc30-dd8f1f33a486,Uber,Transport Services,5,2026-09-13,سائقدمحترم,Positive
2edb5552-df48-422d-8e45-3053073e8a6f,Uber,Transport Services,5,2026-09-13,الأبلكيشن تحفه,Positive
4ddcdf28-709e-4e62-bf20-01ff751b258e,Uber,Transport Services,5,2026-09-13,ممتاز,Positive
fceace92-af7d-4797-b895-d8837e703963,Uber,Transport Services,5,2026-09-13,حلو,Positive
d1894451-0a01-4012-ad14-9a8a1c2cb5d2,Uber,Transport Services,5,2026-09-13,good,Positive
95e8d3eb-a5e4-411d-9f76-b6616bab8358,Uber,Transport Services,5,2026-09-13,ممتاز,Positive
17fbbc4e-e4c5-4e7c-9d60-99673d5d47a2,Uber,Transport Services,5,2026-09-13,ممتاز,Positive
2e9c3bbd-6e6d-459c-bea7-cf9485c60a92,Uber,Transport Services,3,2026-09-13,متغير فى الأسعار يعنى بذمتين,Neutral
1778df38-b663-4d05-8163-f2675f1efd30,Uber,Transport Services,5,2026-09-13,✌🏻✌🏻👍🏻👍🏻👍🏻,Positive
284033c7-da77-445e-8563-b88544a806fd,Uber,Transport Services,5,2026-09-13,ممتاز,Positive
018e7785-2021-494b-80ee-e6c9d00a6627,Uber,Transport Services,3,2026-09-13,لا يوجد عروض,Neutral
dfbf54a5-1f8d-404b-b104-37d66763ecfb,Uber,Transport Services,5,2026-09-13,متاز,Positive
cf526df5-13a7-4b66-a715-2e2c5a6b71c0,Uber,Transport Services,4,2026-09-13,جيد,Positive
131b5e59-e224-4ac0-96cd-178b2ed72421,Uber,Transport Services,5,2026-09-13,خدمة ممتازة,Positive
673b3b78-c4da-4ef8-9f5a-3a9e218ea811,Uber,Transport Services,5,2026-09-13,👍,Positive
854a5665-3beb-43ce-9c32-c50360c2250b,Uber,Transport Services,5,2026-09-13,ممتاز,Positive
d8d5c059-60b0-49c8-958c-f04128ed1fbc,Uber,Transport Services,4,2026-09-13,ممتاز,Positive
94a277ae-43ad-4580-ad8c-7e1b47d6818c,Uber,Transport Services,4,2026-09-13,جيد ولكن هناك بعض العيوب ١ فى تحديد الموقع فى الالتقاء بالسائق ٢ ارتفاع الأجرة عن الوضع الطبيعى. والمعقول ٣ هناك بعض السيارات المتهالكة بعض الشئ ٤ السائقين لا يعطوا الوقت المناسب للالتقاء الراكب ليفرضو عليهم غرامات عدم الحضور ٥ فى بعض الأحيان لا تظهر و سيلة اتصال بالسائق وينتج عنها عدم الالتقاء بين الراكب والسائق وينتج عنها إهدار للوقت للطرفين ارجو أخذ الملاحيظ بعين الاعتبار خصوصا الملحوظة الثانية وشكرا لكم,Positive
e1473192-8fd0-48f5-a0d7-a45557f4acb0,Uber,Transport Services,5,2026-09-13,سائق محترم جدا,Positive
7537d8f8-d3a2-4fda-b144-246efda9b693,Uber,Transport Services,5,2026-09-13,ممتازة,Positive
cccf6960-d614-441c-948b-189b8f8f8577,Uber,Transport Services,5,2026-09-13,كذب,Positive
69cfcbb6-07aa-49c7-863e-5180ba5ba7d6,Uber,Transport Services,5,2026-09-13,ممتاز,Positive
503a3d25-2006-4bd2-b477-27313feaf409,Uber,Transport Services,5,2026-09-13,سياره جميله,Positive
bc6e8fc4-9379-4d90-b1d4-ddd3f698547d,Uber,Transport Services,5,2026-09-13,رائع,Positive
6d3311b9-d52d-4abf-9e9b-a75c61cdda3b,Uber,Transport Services,5,2026-09-13,بجد مستوى امان فائق,Positive
fda60f01-5c5d-4890-afb7-05010bafd091,Uber,Transport Services,5,2026-09-13,كابتن محمد محترم بجد,Positive
88362f12-83d7-4f84-89a4-6893f5e93421,Uber,Transport Services,5,2026-09-13,ممتاز,Positive
c8357090-e72e-483f-ac80-9d983a1ddc16,Uber,Transport Services,5,2026-09-13,ممتاز جدأ,Positive
d4bba27b-5d7f-4184-aeba-248080f71888,Uber,Transport Services,5,2026-09-13,ممتاز,Positive
9f5267c9-1d4b-4b38-9302-2c1df738e1f4,Uber,Transport Services,2,2026-09-13,البرنامج به عطل لا استطيع تعديل اي شيئ في حسابي حتي رقم هاتفي و طريقه التواصل مع السائق سيئه جدا و صعبه جدا لو الخط مش تلفون,Negative
b94391e9-a84f-4798-bd4a-2952e333ef1c,Uber,Transport Services,5,2026-09-12,ممتاز,Positive
a51c88ad-656c-4e08-b587-7d7c8b2baaf4,Uber,Transport Services,5,2026-09-12,👍🏻,Positive
d5c05776-402f-4310-9130-8ac4a6aa834d,Uber,Transport Services,5,2026-09-12,ممتاز,Positive
7bf2fde1-66ce-4abc-9917-9bb23eebcb74,Uber,Transport Services,5,2026-09-12,ممتازه,Positive
42306694-e669-4401-a841-dc4c7040b176,Uber,Transport Services,5,2026-09-12,ممتازه,Positive
338590ca-a947-4160-b07d-64d019498cae,Uber,Transport Services,5,2026-09-12,ممتازيتوفرالسائقين,Positive
95c1fb55-1500-4054-80e6-242edb9c6d70,Uber,Transport Services,5,2026-09-12,جميل,Positive
c106c2fc-ef3b-40ee-b891-d219f9b3d352,Uber,Transport Services,5,2026-09-12,ممتازه,Positive
79d904d3-b5b7-4da1-8bb8-f12a20303b0b,Uber,Transport Services,5,2026-09-12,ممتاز,Positive
5491244c-ed62-434a-8ba1-118c15d63aa6,Uber,Transport Services,5,2026-09-12,رائع,Positive
b71ff1c0-6030-4188-9e3f-4248022ff78b,Uber,Transport Services,1,2026-09-12,اسعار خرافية لا انصح به سيء جدا,Negative
b1321c20-b297-467c-9824-f709342903c1,Uber,Transport Services,5,2026-09-12,أوبر ممتاز جدا وشركة محترمه وسائقين محترمين,Positive
e84ff8d1-a95c-4e0e-ada4-0256bf05db8c,Uber,Transport Services,5,2026-09-12,ممتاذ,Positive
54c0cf9b-9804-4b20-821a-f1a48f872bf1,Uber,Transport Services,5,2026-09-12,ممتاز,Positive
6c91cb4e-d71d-4b2d-b1cf-9945a6d082bc,Uber,Transport Services,5,2026-09-12,ممتازه,Positive
172f2126-1c08-4d0d-bb6e-a3e79e340bf2,Uber,Transport Services,5,2026-09-12,جامد,Positive
44c95e08-64d3-4fb1-bbf4-21d9ea7438ab,Uber,Transport Services,4,2026-09-12,جيده,Positive
dee49f96-ea2d-47a3-8fff-6adea1abe10b,Uber,Transport Services,5,2026-09-12,حلو مره,Positive
e564f26c-a60d-4c03-936c-8b508aa9a579,Uber,Transport Services,5,2026-09-12,ممتاز,Positive
59e54920-25ff-47c0-b9c2-cf5f95d1a3ec,Uber,Transport Services,5,2026-09-12,ممتاز,Positive
16780630-789f-4728-a5f8-dc189f964282,Uber,Transport Services,5,2026-09-12,تطبيق سهل والحمد لله فهمت كيف الطلب والسائقون محترمون وحتى لو اخطأت يساعدوني كوني مرأه كبيره بالسن...شكراااا جزيلا لاهتمامكم اوبر💐,Positive
057b24bf-0432-4176-b870-6c366e38325e,Uber,Transport Services,5,2026-09-12,مفيد جدا,Positive
565bf80a-0876-40ab-acd6-43a9590056dc,Uber,Transport Services,5,2026-09-12,رائع,Positive
252a647a-b3c0-42f1-97f5-9ac1406f96f3,Uber,Transport Services,1,2026-09-12,تجربة سيئة جداً لن اكررها مره اخرى,Negative
3114db87-50c5-4ce6-a045-bc0ba8b0185a,Uber,Transport Services,5,2026-09-12,تتاز٠ه,Positive
dc8e0bf1-d33b-4c82-834b-bd26bc9e4904,Uber,Transport Services,5,2026-09-12,موقعكم المكتب بجده وين,Positive
eadb4ea2-cea3-4e25-b3f0-0bb5c0a2c078,Uber,Transport Services,5,2026-09-12,ممتازه,Positive
5cd269b5-4dde-4315-83d7-ddffdc3c6a15,Uber,Transport Services,5,2026-09-12,رائع ولكن نتوقع منه الأفضل,Positive
a5685166-d198-4c0b-9a94-cbe38e5a2df5,Uber,Transport Services,5,2026-09-12,ممتاز,Positive
f403c26d-0c3c-4f7a-9ac6-ee4b4db40540,Uber,Transport Services,5,2026-09-12,ماشاءالله نعم الاحترام والدوق,Positive
bd30582e-dfa6-4c21-b24f-fc41492be22c,Uber,Transport Services,5,2026-09-12,صادق,Positive
d353e699-79f0-492c-9d37-ff30997e02f2,Uber,Transport Services,5,2026-09-12,ممتاذ,Positive
5078b016-8ced-45a8-bb63-d18feee3a0a5,Uber,Transport Services,5,2026-09-12,خدمة ممتازة وخاصة مع عم صلاح,Positive
9fa704a4-46d3-4f6b-9f6e-5af012d36af2,Uber,Transport Services,5,2026-09-12,شخصية محترمة وانضباط عالي,Positive
6ea3579c-4494-49ef-94c3-69cb4e6084bd,Uber,Transport Services,5,2026-09-12,جميل جدا وخدماتهم مره حلوه,Positive
7ee48290-44d6-44c2-84b2-b50707b6ebc9,Uber,Transport Services,5,2026-09-12,السائقين محترمين والاسعار مناسبه وموثقة والخدمة جيدة جدا جدا,Positive
80988642-af71-4179-af1d-fc7a2b46f46f,Uber,Transport Services,2,2026-09-12,السيارات XL وهم مش زي الصوره,Negative
6fcd4495-ce17-4e66-9e1a-646ec8aa2f21,Uber,Transport Services,5,2026-09-12,كويس,Positive
d5bad37b-ef27-45c5-ad3e-741647648bb6,Uber,Transport Services,5,2026-09-12,اشكركم والله خدمات على افضل ما يكون وفقكم الله إلى الأمام بإذن الله تعالى,Positive
018eb010-a77c-4b34-9491-bcc949078754,Uber,Transport Services,5,2026-09-12,رائع,Positive
0d81efb5-7619-4394-868f-21633121e8ae,Uber,Transport Services,2,2026-09-12,برنامج سئ The bad application,Negative
f4752e20-5dfb-411f-85ef-91d4ef6d07c0,Uber,Transport Services,5,2026-09-12,رائع,Positive
399fea7d-1e83-4a9c-8230-7425980ca36e,Uber,Transport Services,1,2026-09-12,تطبيق مقرف وأسعار عاليه,Negative
0614ca2f-8d4a-48b0-a10e-c46e975ea2ed,Uber,Transport Services,5,2026-09-12,ممتاز,Positive
3bf31345-3786-4ef6-99ce-f7798dd9a99c,Uber,Transport Services,5,2026-09-12,اوبر الافضل عندي من باقي التطبيقات,Positive
bde72ae4-5dd6-4d0c-91ab-1845325212cf,Uber,Transport Services,5,2026-09-12,سائق محترم,Positive
4deb2971-579f-482e-add6-584bde562b92,Uber,Transport Services,5,2026-09-12,كابتن اوبر محترم ومتعاون,Positive
cb34ac64-2aa5-426a-9ffa-7a2d33131391,Uber,Transport Services,5,2026-09-12,افضل تبيطيق,Positive
3e196843-ccd2-448f-bdbf-6e851c0815b0,Uber,Transport Services,5,2026-09-12,ممتاز,Positive
e01ff0b3-26e2-4591-bb4c-eaeadf4fce89,Uber,Transport Services,5,2026-09-12,كبتن ممتاز,Positive
edd1a5ae-ab35-4c4e-b0fd-8122068a9723,Uber,Transport Services,5,2026-09-12,خدمات مميزة,Positive
752a33b9-2e68-467e-a53f-6d58ec0463e9,Uber,Transport Services,5,2026-09-11,نعم انها تجربه رائعه,Positive
e9213066-2df3-4653-9c17-f8e8b247320f,Uber,Transport Services,5,2026-09-11,نعم,Positive
b4ca0b90-aef4-4cbe-8ea0-97338f2c24ec,Uber,Transport Services,5,2026-09-11,ممتازه,Positive
c435d08e-8620-4ba5-a2fd-127d319c8f5d,Uber,Transport Services,5,2026-09-11,ممتاز جدا,Positive
896e7761-7672-4b7b-9df1-eb27fbb750dc,Uber,Transport Services,5,2026-09-11,جيد,Positive
37ccbf2c-1cb4-4423-9815-f33db81e5a47,Uber,Transport Services,4,2026-09-11,جميل جدا,Positive
0bf1c102-d36f-4829-961c-b051b1758241,Uber,Transport Services,5,2026-09-11,ممتاز الله يعطيكم العافيه,Positive
8db73259-16b3-4952-afca-f9e7efc0fc62,Uber,Transport Services,4,2026-09-11,خدمه ممتازه جدا وشباب عسل يستحقو كل خير,Positive
9f06f970-0fce-427b-9afa-2ad715b1f7ea,Uber,Transport Services,5,2026-09-11,ممتاذ جدا,Positive
518c9ae9-2ebd-45d8-a8d2-ee89516747c8,Uber,Transport Services,5,2026-09-11,في كباتن عندكو حرميه انا حسبت الكابتن وهو قال انا محسبتش ليه بقا يعني هو داه كدا ينفع ولا يجوز,Positive
09827fd6-9d1c-4abb-81e4-e9314e746684,Uber,Transport Services,5,2026-09-11,ممتاز,Positive
f3cefe17-c569-419c-83e1-4c7c2fc307fb,Uber,Transport Services,5,2026-09-11,ممتاز,Positive
0b07f4b1-0d22-4221-a7eb-9790177e6fb3,Uber,Transport Services,5,2026-09-11,ممتاز جدا,Positive
d6fd5f89-2994-4f35-91ed-eeed08eba65c,Uber,Transport Services,3,2026-09-11,التطبيق جيد لكن هناك تأخير بمجيء السيارات والأسعار جدا مرتفعة,Neutral
db03879e-56fe-466e-9260-b0459da525f2,Uber,Transport Services,5,2026-09-11,السائقين محترمين و بيوصلوا سريع و ليس غالي جداا😘,Positive
61e2c0c6-eb2d-4b97-8f79-25fdd12a629f,Uber,Transport Services,5,2026-09-11,تمام,Positive
5465f1ab-a542-4d40-a164-746f72125333,Uber,Transport Services,5,2026-09-11,ممتاز,Positive
b71415b6-c944-4410-86f7-9ee8daf6c5bd,Uber,Transport Services,5,2026-09-11,ممتاز,Positive
56e8d057-cc49-4591-b82f-5a5150306c26,Uber,Transport Services,5,2026-09-11,رائع,Positive
e2049b04-79bd-4b49-bddf-bf90452fa219,Uber,Transport Services,1,2026-09-11,الخدمة 👎 سيئه جدا جدا جدا بعد انتظار اكتر من ساعه تم الغاء المشوار بدون اي اسباب وبدون اي تقدير ولا احترام وبدون الاتصال لتوضيح سبب الغاء المشوار ولاحتي تقدير لان ولدتي من كبار السن مفيش اي احترام ولا تقدير ولا رحمة حسبي الله ونعمه الوكيل والمفروض كمان ولا نجمة خالص,Negative
ad5c6fa7-e95f-49de-a439-3d18984a1737,Uber,Transport Services,3,2026-09-11,متوسطة,Neutral
9ac2c7e9-db5a-4635-877f-4b1271324a51,Uber,Transport Services,5,2026-09-11,👍👍👍👍👍,Positive
bc442995-f285-4e3c-9bd9-072a17e41f3e,Uber,Transport Services,5,2026-09-11,❤️❤️,Positive
7919ae9a-f06d-4cb9-9670-6891d93ee3de,Uber,Transport Services,5,2026-09-11,ممتاز,Positive
88646bd1-5f93-46d6-b786-565af5e0f6a6,Uber,Transport Services,5,2026-09-11,💯,Positive
48fb6806-ac4c-49f5-b15b-ff933bc3cbb3,Uber,Transport Services,5,2026-09-11,سائق ممتاز,Positive
3214f085-88a9-4f10-899a-ebe113b8e2f7,Uber,Transport Services,5,2026-09-11,❤️,Positive
fd47bd1e-097a-48a2-be5e-822cbe2a29f2,Uber,Transport Services,5,2026-09-11,تطبيق ممتاز,Positive
26cf9219-fed6-4cf4-a48d-beb95af7344f,Uber,Transport Services,5,2026-09-11,التطبيق كويس والسعر رخيص,Positive
4505011a-a4f7-4f75-a954-931fdeaa3e1b,Uber,Transport Services,5,2026-09-11,ممتاز,Positive
636b7f29-c4f0-48fb-ad5d-6d796a5212b2,Uber,Transport Services,5,2026-09-11,تطبيق ممتاز,Positive
73998188-5728-4571-b5cc-0c4524f1575d,Uber,Transport Services,1,2026-09-11,دائما بيسحبووو فلوس من حسابي البنكي في الليل وقت نومي و بعدها بيرجعووو المبلغ ناقص ٥ ريالات او ستة .....,Negative
0a57d749-d7a4-484a-84a1-7cfc6543d261,Uber,Transport Services,5,2026-09-11,رائع,Positive
c2ffef9f-d4f1-49e8-a94b-06ba405d52ab,Uber,Transport Services,1,2026-09-11,طلبت سيارة من منطقة لمنطقة أخرى تبعد ١٠ دقائق وظهر لي ان المشوار ١٥ ريال وهذا الي تعودت عليه الا واتفاجئ بالسائق يلف فيني الدنيا كلها عشان يطول المشوار لا وعيني عينك يكذب يقول الطُرق مقفولة، والي اعرفه ان اوبر للسعوديين لكن الي وصلني أجنبي والنعم بالأجانب لكن ليه الكذب والتزوير! ونهايتها اخذ ٣٠ على مشوار ابو ١٥! الزبدة هذا اخر تعامل لي وحسبي الله عليه النصاب الوقح,Negative
f360a64c-a78c-4678-bda1-1ced266e1c21,Uber,Transport Services,5,2026-09-11,جميل,Positive
ad622680-4652-471a-974d-504e668fa2bb,Uber,Transport Services,5,2026-09-11,ممتازة,Positive
210e16d6-ce5b-43a7-b040-081be3d9ae46,Uber,Transport Services,5,2026-09-11,ممتاز,Positive
69ff5e88-e5ef-42b3-8cda-dc9c755d4fce,Uber,Transport Services,1,2026-09-11,لماذا لا يوجد سكوتر فى محافظه المنيا,Negative
a6061b92-54e8-4caa-919a-b6ce413edefe,Uber,Transport Services,1,2026-09-11,انهارده كابتن اوبر بعد ماقبل الرحلة توصلنا مع بعض مرضيش يجي الي نقطة الوصول ولما كلمته قال حاضر وبعدها لغاء الرحلة وحسب عليا تكلفة إلغاء الرحلة,Negative
01593f8d-e8ad-4dac-ba71-8e9166c0677f,Uber,Transport Services,5,2026-09-11,جميل جدا,Positive
5246366c-45da-4b95-9c7e-7d149b11284a,Uber,Transport Services,2,2026-09-11,لديه كل يوم مشاكل مع Navigation لذا استخدم Google maps احسن بكثير,Negative
c9b030b9-b738-407d-8a8f-092f3e6f18e0,Uber,Transport Services,5,2026-09-11,ممتاز,Positive
8f649482-c0db-40ae-9fe4-4b553467515e,Uber,Transport Services,5,2026-09-11,ممتاز,Positive
3abf8a45-ab67-42c7-9734-3270e099e9c8,Uber,Transport Services,1,2026-09-11,غير متجاوب بشكل جيد مع المشاكل.,Negative
c47848a6-b7ea-440c-96c9-92411225a37b,Uber,Transport Services,3,2026-09-11,جيد,Neutral
8692bd03-6e30-44aa-9d38-f783622632e3,Uber,Transport Services,5,2026-09-11,جميل جداً جداً,Positive
0d093a12-6e04-4dad-8dec-3bbee54aa5c0,Uber,Transport Services,5,2026-09-11,ماشاء الله على اخلاق,Positive
93892284-393c-4283-a8e3-8b55b2e38af0,Uber,Transport Services,1,2026-09-11,٠كنت بأستخدمه في السعوديه تطبيق رااائع لكن هنا في مصر كرهته بسبب خدمه العملاء منتهى اللامبالاه وعدم احترام العميل,Negative
17f69d81-785a-461b-ba8a-d92d4d50ee12,Uber,Transport Services,5,2026-09-11,very nice,Positive
7cc7cc94-da0a-4a00-8f83-35784b4ea90d,Uber,Transport Services,5,2026-09-11,تمام,Positive
8f5fecc7-b297-4747-9349-d8da68a58492,Uber,Transport Services,5,2026-09-10,تمام,Positive
ba28e6ba-9a69-447c-9c75-5856880e5342,Uber,Transport Services,5,2026-09-10,جيدة,Positive
4d91d932-23c9-4b6f-b585-133b6e8a0a13,Uber,Transport Services,1,2026-09-10,غير صادقين,Negative
c1bf0772-d191-42b3-b694-51998b4c907d,Uber,Transport Services,5,2026-09-10,كانت اول تجربه لي مع اوبر فعلا تجربه ناجحه ولم اجد اي صعوبات,Positive
65058582-ff60-496b-9dc2-d899f63ef10a,Uber,Transport Services,2,2026-09-10,تطبيق بقي سيء جداً بجد همسح التطبيق حالاً رسوم زفت انتظار تتفرض حتى لو واقف قدامه سواق يسلك طريق تانى وانا اشيل فلوس اكتر وانا اللى ادفع حتى مقرفين مش حطين فريق دعم بينى والخدمة على طول عشان اعرف اشتكى او رقم اتصال من جوه انتو اللى تحددولى اختار ايه مشوار من اوله 115 ادفعله 200 وتكتبه هرى فى هرى ومحجمين الشكاوى بالتواصل على طول,Negative
ac031ce5-34ea-4149-a4e5-2ec7770a17e1,Uber,Transport Services,5,2026-09-10,خدمة ممتازة,Positive
98585a1d-0a0e-4aee-b5a1-c8d1250744b7,Uber,Transport Services,5,2026-09-10,متعاون جدا وذوقه محترم,Positive
d44097fd-5a83-4de6-ab07-5b7f29d44fb4,Uber,Transport Services,5,2026-09-10,ممتاز,Positive
22ae8852-efe4-4476-a83e-fb44a0e13038,Uber,Transport Services,5,2026-09-10,جميل جدا,Positive
3ee91204-eb0f-4629-9d59-c4a1e845d3f2,Uber,Transport Services,5,2026-09-10,ممتاز,Positive
e7d46e75-0884-498e-91f5-9cc2c6960b22,Uber,Transport Services,5,2026-09-10,رائع,Positive
ff466713-23b1-471b-a730-38afd403297b,Uber,Transport Services,5,2026-09-10,جميل,Positive
ff89c2f7-2bcd-42b9-9703-9bf432955237,Uber,Transport Services,5,2026-09-10,احسن حاجة,Positive
677baee2-fc7f-4d4a-85fa-ee3c2bf279c9,Uber,Transport Services,5,2026-09-10,ممتاز,Positive
8a011b65-0537-4a7b-9933-2d77ccf76fd3,Uber,Transport Services,5,2026-09-10,ممتازه,Positive
77f7bf25-453b-461c-aa8c-cd0243f17f72,Uber,Transport Services,5,2026-09-10,مميز جدا,Positive
1a65b0c4-33dc-40e8-8b8f-7746aa27456a,Uber,Transport Services,5,2026-09-10,جيد,Positive
11bc6e7a-5797-4b39-9ea7-07c4e40ba2bc,Uber,Transport Services,5,2026-09-10,كابتن محترم وسياره ممتازه,Positive
d2f3e30b-4d94-4072-a77c-0a223531cf31,Uber,Transport Services,5,2026-09-10,ممتازه ..,Positive
dc44702b-e8cb-421b-86e3-4a5c45dec298,Uber,Transport Services,1,2026-09-10,سى للغايه ومشى بيعطى السائق حق ونصاب,Negative
54fd7a7b-e7ef-4e1c-ac27-9c15134e27ce,Uber,Transport Services,3,2026-09-10,عندى مشكله انهم كل شويه تخصمو ٥ج من الفيزا المفروض بتتخصم اول مره انا بدخل فيها بيانات الفيزا,Neutral
e27c2682-ad35-413e-9108-55a7533d680a,Uber,Transport Services,5,2026-09-10,افضل تطبيق اوبر,Positive
9d842898-7b99-4a1e-b8df-dc1ca80553c9,Uber,Transport Services,1,2026-09-10,مشاكل كتير,Negative
ee6ff2fb-f3a6-47a0-a0e7-d17c5382f700,Uber,Transport Services,5,2026-09-10,جمييل,Positive
7847ff7d-180b-4326-b12f-5c21051ed1bb,Uber,Transport Services,5,2026-09-10,ممتازة,Positive
04195d53-15ff-4372-ab16-622de50283d4,Uber,Transport Services,5,2026-09-10,جيد ولكن,Positive
63d8c5e7-9c55-42b8-a6e1-5de3dda8055d,Uber,Transport Services,1,2026-09-10,سىء وفرض رسوم كبيرة لالغاء الرحله,Negative
605c8f03-287b-4cca-89ad-7bd4a5e226fd,Uber,Transport Services,5,2026-09-10,ممتازة,Positive
1c2dd798-a045-4290-992c-a1277fa26b8d,Uber,Transport Services,5,2026-09-10,ممتازة,Positive
7203bceb-d6fc-4a44-be5e-00d14a580448,Uber,Transport Services,5,2026-09-10,جميله جدا وناس في منتهي الاحترام,Positive
4b0e7999-1a6f-4baa-b072-df0212405c34,Uber,Transport Services,5,2026-09-10,رائع جدا,Positive
910522a9-33d6-4f56-a61b-4cb25e3b7603,Uber,Transport Services,3,2026-09-10,ممتازه,Neutral
c34b0f55-ea42-4079-821f-7d319ad9a386,Uber,Transport Services,5,2026-09-10,ما شاء الله تبارك الرحمن,Positive
5035dad5-9c20-4c8c-ac7e-514cbfd6f0b9,Uber,Transport Services,5,2026-09-10,هايل,Positive
3d0d42df-d94e-43eb-aca6-91dd711a5532,Uber,Transport Services,5,2026-09-10,very good,Positive
97d034bb-eb7c-4d35-8bcf-9afaf5b85864,Uber,Transport Services,5,2026-09-10,تطوير مستمر في الخدمات,Positive
85b1d15e-fa90-4cd4-857a-22e41d8b1d0f,Uber,Transport Services,5,2026-09-10,تطبيق رائع جدا أنصحكم بتجربتها,Positive
c8f2dfa7-f132-4748-a132-27b8df41bbcc,Uber,Transport Services,5,2026-09-10,🤦‍♀️,Positive
ef49fb61-5798-4079-aff2-399de977f55d,Uber,Transport Services,5,2026-09-10,مميزين,Positive
fdb146a0-4779-4951-ab07-ed261631577d,Uber,Transport Services,5,2026-09-10,ممتاز أداء رائع,Positive
64721222-9d88-4c89-a7ad-dbb7ead4c0a0,Uber,Transport Services,5,2026-09-10,محترم,Positive
b35a4b5f-e05f-4a0b-8dd1-e931f7964845,Uber,Transport Services,5,2026-09-10,خدمة توصيل ممتازة,Positive
db43e60a-2410-4063-8f3c-7a13f844e9dc,Uber,Transport Services,5,2026-09-10,سائق محترم,Positive
0fa4015e-049a-405e-b466-68990fcc339f,Uber,Transport Services,5,2026-09-10,كل حاجة تمام,Positive
7d5ecc6c-6808-494d-846d-fcc47b0e465d,Uber,Transport Services,5,2026-09-10,جيد جداً,Positive
6ce09f82-5eb5-4a0b-838b-7fbef891cba1,Uber,Transport Services,5,2026-09-10,سريع والسيارة نظيفه جدا والسعر مناسب,Positive
f966fa8e-a531-4b17-a121-31845f927ecb,Uber,Transport Services,5,2026-09-09,شكرا لاوبر حاجة جميلة,Positive
82eed0ed-8816-4dec-873c-472e0dfca70e,Uber,Transport Services,5,2026-09-09,صديق وقت الضيق,Positive
a731dd11-3768-41ee-bc8f-8ad20768071d,Uber,Transport Services,4,2026-09-09,جيد,Positive
aa4922ef-c6ad-4920-97d9-97d747a741f7,Uber,Transport Services,4,2026-09-09,👌🏼,Positive
081a613e-b022-48ff-ae44-e5d17f112fac,Uber,Transport Services,5,2026-09-09,تطبيق ممتاز,Positive
c512d170-a2b3-43fe-939c-c77d2405eff7,Uber,Transport Services,5,2026-09-09,مشاءالله خدمات حلوه وسريعه والسعر مناسب شكرا لكم,Positive
86e9e2ac-9a12-447d-9d7b-992f2bf43a05,Uber,Transport Services,5,2026-09-09,ممتاز جدا والكابتن وصلني ف اسرع وقت,Positive
16c61fea-2189-4496-86f1-4929f6ebb8db,Uber,Transport Services,5,2026-09-09,كابتن محترم وهادي ماشاء الله عليه وتطبيق مريح جدا وسريع و,Positive
40e4335e-3d71-4dd2-a663-bd115998e27a,Uber,Transport Services,5,2026-09-09,دايما معاك في مشوارك,Positive
ac0d119a-9679-4bbc-bc95-a54c486a6364,Uber,Transport Services,5,2026-09-09,تطبيق ممتاز شكرا جزيلا لكم علي مساعدتنا للوصول,Positive
b10a82e7-de79-4c0b-9b4c-869df43e7c27,Uber,Transport Services,5,2026-09-09,احسن برنامج عن تجربه والسائقين متعاونين,Positive
3b4d1589-3985-483f-8212-0c71b4f66634,Uber,Transport Services,1,2026-09-09,سيء جدا جدا وفيها احتيال من السائق والتطبيق,Negative
c80b57d4-6e4e-4d33-acc7-f43658e6739f,Uber,Transport Services,3,2026-09-09,ممتاز,Neutral
b3efe78e-cd96-49a8-b0b1-eef7b51a7a94,Uber,Transport Services,5,2026-09-09,أنهم الافضل,Positive
ea397112-3ef0-4240-a055-c3a23aad04b2,Uber,Transport Services,1,2026-09-09,تجربه سيئه جدا في خاصيه حجز المشوار بعد الاعتماد ع تطبيق اوبر للأسف لم يتم المشوار و انتظرت اكثر من نصف ساعه و لم يأتي احد,Negative
2d212b63-85af-4158-8f39-f2c6560b0818,Uber,Transport Services,5,2026-09-09,رائع جدا وناس محترمة جدا وشكوى العميل رقم واحد شكرا اوبر,Positive
69c72b47-3f6b-480d-8720-10d1acc2d7d7,Uber,Transport Services,5,2026-09-09,ممتاز,Positive
bc32c8f3-8402-4a21-b656-007272b25368,Uber,Transport Services,5,2026-09-09,جيدا,Positive
f6e44ea9-2ffd-4c77-bac0-7f6e55469d44,Uber,Transport Services,5,2026-09-09,تطبيق جميل جدا وفيه اسعار مشاوير معقوله جدا حسب اوقات الذروة,Positive
2b9a34b9-c5ab-4a70-b9db-53e0017655ac,Uber,Transport Services,1,2026-09-09,اصبح التطبيق سئ جدا,Negative
ba2b96c6-7233-426f-9506-b8fef9b2e24b,Uber,Transport Services,5,2026-09-09,تطبيق جيد جدا جدا جدا 👍👍👍,Positive
1a2af665-2098-4842-b7d2-1f3295d13571,Uber,Transport Services,1,2026-09-09,الفلوس بعد ما دفعتها نقدي اتخصمت من الفيزا وكلمت الدعم معملوش حاجة,Negative
cebaf9c1-c20e-4102-846e-fa23f5c73d70,Uber,Transport Services,5,2026-09-09,ممتاز جد,Positive
76eee915-37d4-4c71-bd8c-3ce87edfccff,Uber,Transport Services,5,2026-09-09,ممتاز جدا,Positive
4e24060d-35fb-4708-9793-f7139fdd6287,Uber,Transport Services,5,2026-09-09,مبسوط,Positive
a8024a5a-9103-4844-8b82-8861cbd8f5ed,Uber,Transport Services,5,2026-09-09,ممتاز,Positive
d37b376b-6db1-4e8d-846f-d45e0e10400e,Uber,Transport Services,5,2026-09-09,جميل جدا,Positive
08797850-5572-4fc8-bffd-5bb6374b42f8,Uber,Transport Services,5,2026-09-09,جميل,Positive
5381c11a-6399-44d6-b551-0bd2dc1d1bf3,Uber,Transport Services,3,2026-09-09,جيد,Neutral
b827bcc7-21aa-4d9c-8671-c5cf06d333bc,Uber,Transport Services,5,2026-09-09,من أفضل التطبيقات خدمه وسرعه,Positive
cc5be53f-6135-423a-8fca-18e005418ddf,Uber,Transport Services,1,2026-09-09,ممتاز,Negative
ecfc798d-baaf-465c-8ace-f5aa9acb3b56,Uber,Transport Services,5,2026-09-09,نريد uber moto في المغرب,Positive
6eed324e-766a-4567-b3a2-3156fb7d64b7,Uber,Transport Services,5,2026-09-09,جيد,Positive
86d7bb7e-7b01-4dd1-83a0-245b7f0d9225,Uber,Transport Services,5,2026-09-09,ممتاز وامن,Positive
f8043bbe-44d4-4160-b90d-43e450ca4799,Uber,Transport Services,5,2026-09-09,ربنا يبارك للسواق قمه الزوق والاحترام,Positive
fe27579b-3aa2-4dd6-b295-dbecea2a4f18,Uber,Transport Services,5,2026-09-09,ممتاز,Positive
ba7e61b4-e7d6-4e97-b0cb-49c73e9189cf,Uber,Transport Services,5,2026-09-09,ماشاء الله بارك الله فيكم,Positive
fa76c589-ab43-4628-a8b6-19664cbe4c1b,Uber,Transport Services,1,2026-09-09,الابلكيشن ابتدا يخرف وبيحط مبالغ وهمية وبيعلق رحلات وبيزود عالاجرة المتفق عليها بشكل مبالغ فيه جدا يحط الواحد في حرج مع السائق معرفش دا تهنيج ولا ابتزاز متعمد المهم اوبر خسرت عميل مميز زيي,Negative
53cc815c-3318-4739-a236-5702e27f7693,Uber,Transport Services,5,2026-09-09,كويس,Positive
229458ed-ccd7-4a9b-b724-90b40d1be416,Uber,Transport Services,5,2026-09-09,رحلة جميلة جدا,Positive
4330b407-8ade-4757-a513-acf7f032ced7,Uber,Transport Services,5,2026-09-09,ممتاز ولكن ثقيل جدا جدا جدا جدا جدا محتاج تحديث وتطوير,Positive
f4215c1c-df67-4b35-8228-bfe2557a985d,Uber,Transport Services,5,2026-09-09,ممتاز,Positive
07e73188-4524-4cfa-b38e-4af4f099ab96,Uber,Transport Services,4,2026-09-09,حلو,Positive
dd0f65ab-4130-49f0-a7ad-b6c07acd9bbe,Uber,Transport Services,5,2026-09-09,جميله جدا والكابتن ما بيتأخر عليك,Positive
8c000928-1bd5-4768-bfbf-41967ca80f7b,Uber,Transport Services,4,2026-09-09,جيد,Positive
797eccd2-72ec-4fe4-87f5-302d6e799834,Uber,Transport Services,5,2026-09-09,gamilah Michelle Law,Positive
63b88bb5-f461-48c2-b312-a2088c5df05f,Uber,Transport Services,5,2026-09-09,خدمه ممتازه جدا,Positive
5f4c65e6-c23c-4242-ade1-fe5f8569cefa,Uber,Transport Services,5,2026-09-09,انه من اهم التطبيقات في حياتك اليوميه وانه رائع فعلا,Positive
8ec0e5ad-ff26-411b-b8d9-251cd61c03f8,Uber,Transport Services,5,2026-09-09,افضل تطبيق,Positive
f24af3c8-6661-4cca-8781-6c7c4ff8865f,Uber,Transport Services,5,2026-09-08,نعم حلو والله,Positive
d3fce9dd-9dae-4ad2-9fdd-68f7b68c4f70,Uber,Transport Services,5,2026-09-08,محمد ممتاز كنت هلا معا بالسياره ممتاز,Positive
b66c0d1d-e4b3-4913-8f04-f61b55bdd69b,Uber,Transport Services,5,2026-09-08,ممتاز جدا,Positive
74887a63-e961-4356-bcbe-c1b23072352e,Uber,Transport Services,5,2026-09-08,انصح الجميع بالتعامل مع أوبر,Positive
459d7ed4-0358-4442-87f0-b1d7533615a6,Uber,Transport Services,5,2026-09-08,مثالية,Positive
2f283091-1511-41b3-bdac-4fded29f77c1,Uber,Transport Services,5,2026-09-08,ممتاز جدا,Positive
3f882415-48b6-4424-8dd4-ffdee860f611,Uber,Transport Services,5,2026-09-08,جيد,Positive
ae86ec7b-1cb4-4f24-a2c0-52eff1182a0a,Uber,Transport Services,5,2026-09-08,تطبيق رائع جداً,Positive
f00d4310-4afc-4602-bb48-6dc3455fbd55,Uber,Transport Services,5,2026-09-08,ممتاز,Positive
5414b417-2533-4226-9eb7-193f47d1d889,Uber,Transport Services,4,2026-09-08,ممتاز,Positive
4cfbd8b4-c7ff-4205-9eac-ec46a632b42a,Uber,Transport Services,5,2026-09-08,تمام,Positive
cc19eade-dfcc-4c64-ad47-a9e8ca684015,Uber,Transport Services,5,2026-09-08,احسن شركة,Positive
b7c9bade-0ad8-4843-8d0a-f8456ec358f5,Uber,Transport Services,5,2026-09-08,جيد جدن,Positive
7b83c2b4-a477-4df3-866c-7b47ca003689,Uber,Transport Services,5,2026-09-08,تطبيق رائع وجيد,Positive
9d9f71eb-2674-43bd-865c-e1c675c4e5d4,Uber,Transport Services,1,2026-09-08,اصبح سئ جدا جدا,Negative
9079f5cb-507c-42b8-ae08-a24a092f39af,Uber,Transport Services,5,2026-09-08,جميله جدا ورائعة,Positive
107816cc-b182-42d4-b59f-ca6904f753c5,Uber,Transport Services,5,2026-09-08,مماتز,Positive
ead19e1b-1c8d-4b7e-b364-b028447eec9e,Uber,Transport Services,5,2026-09-08,رائع جداً,Positive
802bb1f4-44f0-48a5-9838-97d9c8f52724,Uber,Transport Services,3,2026-09-08,السعر ف التطبيق غير وقت الدفع,Neutral
f65207d9-c1c9-441b-a6e5-33ee7d9c6081,Uber,Transport Services,5,2026-09-08,ممتاز,Positive
9c6e03f8-2783-46c3-a2e8-bbc6b02cdd27,Uber,Transport Services,5,2026-09-08,تطبيق رائع,Positive
ebc5dbc1-071c-4c68-bc49-03fa5d050c33,Uber,Transport Services,5,2026-09-08,جيد,Positive
653616e5-cab9-4a47-bfaf-2a6493e896dc,Uber,Transport Services,5,2026-09-08,رائع,Positive
a4e7ad99-a922-4a30-98e8-5e5f145510e2,Uber,Transport Services,5,2026-09-08,محترم وامين,Positive
239b4728-41f3-4af9-9ed4-49728251c071,Uber,Transport Services,5,2026-09-08,سرعه,Positive
aafdb836-9da5-45c0-bb57-4b083b83113c,Uber,Transport Services,5,2026-09-08,تجربة ممتازة,Positive
80c172a9-5094-4aea-a03c-809aabb2c263,Uber,Transport Services,5,2026-09-08,ممتعه,Positive
cf718728-e3b5-4c5e-b6c5-73b2c89f7fdb,Uber,Transport Services,5,2026-09-08,ممتاز,Positive
8778f9b2-08df-4e21-9bbc-8a05abe6dd12,Uber,Transport Services,5,2026-09-08,ليت السيارات الخاضعه لاوبر تكون المراتب مريحه وليست متهالكه,Positive
0f2b7550-8f11-4c07-af39-6ff475b2f034,Uber,Transport Services,5,2026-09-08,تمام,Positive
643293de-7304-4687-9b8a-3d67e3e923e2,Uber,Transport Services,5,2026-09-08,مريحة وسريعه,Positive
eed8cb08-5eb3-47a0-b03d-a9ba5fe71747,Uber,Transport Services,5,2026-09-08,ممتازة,Positive
3d9a6810-8149-43cc-b6bb-eeefae7a7a90,Uber,Transport Services,2,2026-09-08,تمام,Negative
df5f6541-4c84-4964-a5a2-603b76b5e8f3,Uber,Transport Services,5,2026-09-08,ممتازة جدا... التطبيق سهل التعامل معة... السائق ممتاز زو اخلاق عالية جدا,Positive
7a5ee3cc-e0ec-4cfb-92ea-ddb440506dd4,Uber,Transport Services,5,2026-09-08,تطبيق جيد,Positive
cb6f3f73-294d-4e65-98da-29cba14778c2,Uber,Transport Services,5,2026-09-08,ممتاز,Positive
860a3178-60c2-4ec8-8ac5-8d9334a2ff54,Uber,Transport Services,1,2026-09-08,بقت برنامج زبالة والسواق هو يختار المشوار انا امبارح واقف فى الشارع أكثر من 40 دقيقة علشان السواقين مش عاجبهم المشوار بجد طلبت دى دى جالى خلال 8 دقائق,Negative
8f7e982c-789d-470a-a9f6-df4449a2de3f,Uber,Transport Services,5,2026-09-08,رائعه,Positive
aa8006f8-daf2-4532-8be8-a03badcb74e6,Uber,Transport Services,4,2026-09-08,جيد جدن,Positive
33eb9afa-c674-47e5-94cf-3bb875e049b3,Uber,Transport Services,5,2026-09-08,جميل بس غالي,Positive
2cc7960a-0209-42b6-b6f7-7ef3b6da086b,Uber,Transport Services,5,2026-09-08,ممناز,Positive
7a8fd179-c4d7-4c4b-bebf-1d0c1538e020,Uber,Transport Services,5,2026-09-08,مريح وممتاز والسائق مثالي وهادئ ومحترم جدا,Positive
1907f7f6-e209-4672-8c51-40fe80923c24,Uber,Transport Services,5,2026-09-08,جيد,Positive
d2bb4296-da6b-44ea-81bf-2e388fa0a235,Uber,Transport Services,5,2026-09-08,محترم,Positive
ad7759ef-6436-4f99-b634-f594d3374d17,Uber,Transport Services,5,2026-09-08,ممتاز,Positive
8b83d60d-4830-48dd-a2af-ca0bd6ff02cf,Uber,Transport Services,1,2026-09-08,كابتن رشيد تعاملة راقي جدا,Negative
7896d5dd-12fc-4996-82ef-02fe46ca2f5b,Uber,Transport Services,1,2026-09-08,حرامية بيسحبو تمن المشوار من الفيزا قبل ما الكابتن يقبل والمشوار يتلغي لعدم توافر سيارات قريبة ومش بترجع الفلوس تاني,Negative
2eddfa54-deab-46bf-bf63-06025ac8f705,Uber,Transport Services,5,2026-09-08,تطبيق رائع,Positive
1845f214-4a31-4a9c-95e4-f03a6d43a9c0,Uber,Transport Services,5,2026-09-08,أسعار معقولة ،وسيارات حديثة,Positive
dba0fce2-85a8-4e67-96c4-2f9dc506ed1e,Uber,Transport Services,5,2026-09-08,ممتاز الاستاذ أحمد,Positive
a87b3036-a784-4813-ab7e-2ce46bad6ebb,Uber,Transport Services,5,2026-09-08,أفضل برنامج للتوفير,Positive
37287ecf-770d-4790-a864-8bb9cebf7546,Uber,Transport Services,1,2026-09-08,كله تمام في اوبر,Negative
80dcdddc-0841-4cf7-a6f5-a303a18d878e,Uber,Transport Services,5,2026-09-08,رائع,Positive
baff760f-a19a-44c2-8717-3d94894e73eb,Uber,Transport Services,5,2026-09-08,ممتاز,Positive
f8af204a-4fc4-47e7-ba2a-78e531cb6983,Uber,Transport Services,5,2026-09-08,ممتاذ,Positive
77e15147-786c-479a-8452-d404fd13f259,Uber,Transport Services,5,2026-09-07,سهل وسريع وامن,Positive
bbd3cdd9-aacf-4482-8000-18b3123346d9,Uber,Transport Services,1,2026-09-07,سيى,Negative
c1205f12-4e65-412a-bb06-da56ce05a36d,Uber,Transport Services,5,2026-09-07,ممتاز,Positive
34f10441-898b-482c-b16c-42d7ef4914c1,Uber,Transport Services,5,2026-09-07,رائع,Positive
3d48ac06-abd0-4e69-9076-850f5bbaeb58,Uber,Transport Services,5,2026-09-07,ممتاز,Positive
763a7307-74c8-4e0a-9c28-93a718639be4,Uber,Transport Services,5,2026-09-07,اختياري,Positive
15acdcbc-9361-4d38-92d4-af12f278f375,Uber,Transport Services,5,2026-09-07,جيده,Positive
a96a16f2-26f8-4de3-a545-487314f1bac4,Uber,Transport Services,5,2026-09-07,شكرأ,Positive
04c47a3a-b674-4e72-b9b5-1aa1f785283b,Uber,Transport Services,4,2026-09-07,اللهم صل وسلم على سيدي رسول الله صلى الله عليه وسلم,Positive
dfe7ec70-2a3a-4399-a30d-d605efc0db2d,Uber,Transport Services,5,2026-09-07,الف الف,Positive
212f915f-4f96-4eb2-ae21-020b5c6d343c,Uber,Transport Services,5,2026-09-07,جيد,Positive
6dbf059a-70f2-4c2a-8eac-66999445c90d,Uber,Transport Services,5,2026-09-07,كويسين جدا,Positive
0d1b1725-a7c2-43cc-87ba-f48451b25d4c,Uber,Transport Services,4,2026-09-07,ممتاز ريحني من انتظار وتدوير التكاسي,Positive
bdcad2ed-6aff-41b0-aabe-5abdf09dcb3c,Uber,Transport Services,1,2026-09-07,المشوار غالي جدا,Negative
985479ff-b7ab-4527-84eb-df55c6623483,Uber,Transport Services,5,2026-09-07,جيد,Positive
3c99c2f7-f79f-424d-8885-fc8bdce1c767,Uber,Transport Services,5,2026-09-07,💕💕💕,Positive
f5467be0-b535-4f27-af3a-5cd04f1abe58,Uber,Transport Services,1,2026-09-07,حرامية و مشغلبن بلطجية معاهم السواق طلع لى اسكرين مزور بسعر الرحلة ازيد ٢٠ ج و لما رجعت للشركة كان ردهم انهم مش ها يقدروا يتخذوا اجراء,Negative
b0c434dc-171c-45ec-9099-335ea263899c,Uber,Transport Services,4,2026-09-07,حلو اوي بس الاسعار في مشاوير بتكون عاليه,Positive
eb3545f0-169a-4428-a97e-3ef460c20d0c,Uber,Transport Services,5,2026-09-07,زي الفل,Positive
745bc2d4-86d7-4e04-ae7a-51e875284924,Uber,Transport Services,5,2026-09-07,كن جميلا ترى الوجود جميلا قولوا لا إله إلا الله تفلحوا,Positive
8226b2df-521f-4b1d-9dfc-b926c5da375b,Uber,Transport Services,5,2026-09-07,برنامج محترم,Positive
521b9b00-8c1d-43a5-9c27-1a86519ff95c,Uber,Transport Services,5,2026-09-07,تطبيق مرن وسهل الاستعمال,Positive
5d3501d7-b079-4b2b-a61e-757ba67f0aff,Uber,Transport Services,5,2026-09-07,ناس محترمه,Positive
a1602225-4ea6-4858-ba78-9c248242caeb,Uber,Transport Services,3,2026-09-07,من ناحيه الامن والسلامه والسائقين والله ممتاز حتى تعامل الساىق معك بطريقه حلوه ويختصر عليك الانتظار الطويل بس اسعارهم مرتفعه شوي للمواقع القريبه,Neutral
6d1f047f-01eb-4a84-b312-5f8c7eb6939d,Uber,Transport Services,5,2026-09-07,تطبيق ممتاز وسهل الاستخدام,Positive
e9ea2b10-33ff-43d1-b7ea-5cc8c8d64be4,Uber,Transport Services,5,2026-09-07,عروض روعه,Positive
3f18f1d8-f9bd-416c-ab31-05300cf85275,Uber,Transport Services,5,2026-09-07,مشاء الله برنامج كويس,Positive
606caa99-19af-4b20-a285-73da6b39497d,Uber,Transport Services,5,2026-09-07,جميل جدا,Positive
adf271e2-531a-4ad5-a64b-e67e6024c4db,Uber,Transport Services,1,2026-09-07,التطببق قام بتغير نقطة الالتقاء,Negative
5d816fd5-8873-42dc-9c6d-92fb8a2b76e1,Uber,Transport Services,5,2026-09-07,احلى موقع,Positive
5511bf67-7cde-44c7-b33a-44bb5ca13869,Uber,Transport Services,5,2026-09-07,ممتاز,Positive
1a757913-3041-4aef-8eba-ac95708b037f,Uber,Transport Services,5,2026-09-07,جدا ممتاز,Positive
3f10302b-0549-4037-a6ec-50c19d230903,Uber,Transport Services,1,2026-09-07,ظتا,Negative
1c175790-eeb9-43af-9cd3-bd017979943e,Uber,Transport Services,5,2026-09-07,جميل,Positive
60c7754d-9d77-4c02-9c34-3b9ed73699f3,Uber,Transport Services,5,2026-09-07,سائق ممتاز,Positive
df7838fc-3515-4850-b38b-9057a35e4454,Uber,Transport Services,5,2026-09-07,شكرن لك الف شكر.,Positive
c4b878bb-4fac-423c-a5f8-a37211de83ff,Uber,Transport Services,5,2026-09-07,احلا تطيبق مع احلا اوبر,Positive
5143fa8a-b757-41d6-9f7d-f0944b38ae41,Uber,Transport Services,5,2026-09-07,ماشاء الله افضل تطبيق توصيل والله مو مجاملة سريع جدا والسائقين والسائقات محترميييين وأفضل شي عندي انه سرييييييييع,Positive
57930ee3-1a7f-41e5-b5e2-cce194c37f55,Uber,Transport Services,5,2026-09-07,جمل جدا,Positive
e44c0b34-f904-4c65-bc5e-d8d0c690a72a,Uber,Transport Services,5,2026-09-07,ممتاز,Positive
ddbd527c-37e1-47be-b201-a25042f1c468,Uber,Transport Services,4,2026-09-07,جيد جداً,Positive
4d649c00-6b79-4b7c-9e5f-b4e4dcd7f107,Uber,Transport Services,1,2026-09-07,يتم احتساب الرسوم مرتين، يعطيك مبلغ لتوصيل ثم يفرض عليك مبلغ مختلف؟؟؟؟,Negative
1a900d05-c1cb-4e79-9ad7-549dd8180aef,Uber,Transport Services,5,2026-09-07,احلى تطبيق,Positive
293dbcea-a6f3-4f94-a89f-c023d088b9ba,Uber,Transport Services,5,2026-09-07,محترم امين محترف,Positive
7e451868-f155-4536-b89c-81c701d1b6e1,Uber,Transport Services,5,2026-09-07,ممتاز,Positive
5201922b-2e2c-4a0b-82b6-25f47367eaa5,Uber,Transport Services,5,2026-09-07,تجربه ممتازه وناس فى منتهى الذوق,Positive
8c4127db-b028-4b6c-b2b1-0982b8c5fe3b,Uber,Transport Services,5,2026-09-06,ممتعه,Positive
a4044200-d706-44ab-9765-c895f9f2b4d8,Uber,Transport Services,5,2026-09-06,جيد جدا,Positive
9aab9099-35e1-429e-8239-1c060388202c,Uber,Transport Services,5,2026-09-06,خلو,Positive
b4641f49-aaab-4d8f-a86e-cdf80e2730c3,Uber,Transport Services,5,2026-09-06,excellent,Positive
f6984dc2-b224-4755-ae46-770fa339f28c,Uber,Transport Services,5,2026-09-06,تمام,Positive
10954b40-bf42-4cfb-aee3-201a78f826e6,Uber,Transport Services,5,2026-09-06,ممتاز,Positive
a7f3445c-15c8-4919-8df5-fe7b010a047c,Uber,Transport Services,5,2026-09-06,ممتاز جداً,Positive
461bb89e-71de-4311-8776-ca9bd532a6a3,Uber,Transport Services,4,2026-09-06,مشكله ف تأخيررر اوبر,Positive
a58c7bcc-38fb-4b79-8436-e150a2bb09b8,Uber,Transport Services,5,2026-09-06,امنه وسريعه,Positive
bf590013-d045-4158-bbd1-7192dcd3fdca,Uber,Transport Services,5,2026-09-06,كويسه,Positive
4258d040-2163-4928-82ea-18f01b853040,Uber,Transport Services,5,2026-09-06,👍,Positive
f8c1a329-1af2-447a-abea-b4bfa0c46b33,Uber,Transport Services,2,2026-09-06,السائقين لا يستجيبون,Negative
a0b6fddf-7e88-4634-8461-7ff183e259d8,Uber,Transport Services,5,2026-09-06,روعه,Positive
db0cf419-84a9-442b-b850-2b97480dea2c,Uber,Transport Services,5,2026-09-06,Excellent,Positive
9e05bf0d-62e6-475d-9e4c-da33e06c0131,Uber,Transport Services,5,2026-09-06,تحفه,Positive
c88de760-0198-4ce8-a54a-fc7da22fbc9b,Uber,Transport Services,5,2026-09-06,خدمه ممتازه,Positive
a5cdf8aa-a64a-4b4a-89cb-6edcef47e491,Uber,Transport Services,5,2026-09-06,حلو,Positive
a387c120-148c-4470-b1a9-f89d51b7914c,Uber,Transport Services,5,2026-09-06,سرعه وتوفير,Positive
01a34d4f-b156-4c05-88c2-10cbbab417a2,Uber,Transport Services,5,2026-09-06,جيد,Positive
9c81aa46-a278-447c-9984-0a57f3cda331,Uber,Transport Services,5,2026-09-06,** *افضل أداء وا أمان للأمان بلا منافس هل هل في الساحة من ينافس* **,Positive
d0d34444-8c91-45d6-825a-aa18e6333d19,Uber,Transport Services,5,2026-09-06,👌🏻,Positive
034e091f-fc75-4415-9e54-55de3e907652,Uber,Transport Services,5,2026-09-06,ممتاز رحلتي كانت من مطار القاهرة الي عين شمس سمعت ارقام فلكيه من داخل المطار وسمعت ارقام عالميه من خارج المطار ...اول ما طلبت أوبر اخدت المشوار ١٦٥ جنيه سعر ولا فوق الخيال شكرا لكم وجزاكم الله خيرا,Positive
7d5f2527-6dac-4bda-a8ce-0904efa7f847,Uber,Transport Services,5,2026-09-06,احسنتم خدمه فوق الممتاز,Positive
aa0da34c-004d-4e2f-9d37-dddc99dcb9c0,Uber,Transport Services,5,2026-09-06,رائعه مع كابتن أكثر من رائع,Positive
eca156e2-e4cc-4865-9871-41b780a22f7f,Uber,Transport Services,5,2026-09-06,تجربة ممتازة,Positive
9b1a8ecc-bdb1-4c03-a78f-48571e666d50,Uber,Transport Services,5,2026-09-06,تمام,Positive
074bb37d-5b37-4c2c-902a-a5b30b899eb7,Uber,Transport Services,5,2026-09-06,ممتاز,Positive
6e1fed01-cbef-42b5-a3d5-75715f2e8d0c,Uber,Transport Services,5,2026-09-06,شكرن,Positive
4d65262e-8cc1-47ab-bc79-555cd2e928a4,Uber,Transport Services,1,2026-09-06,استغلال وسرق,Negative
6a0ead87-2384-49fd-9970-065d160df893,Uber,Transport Services,5,2026-09-06,راجل محترم جدا والله ربنا يوفقه,Positive
eb07d532-a60a-4fa8-a03e-4e3406d6e49d,Uber,Transport Services,5,2026-09-06,تطبيق جيد,Positive
328eab01-878c-498f-8830-51faad4808a2,Uber,Transport Services,1,2026-09-06,👎🏼,Negative
0c3be547-7b71-4a93-8578-82db7fffa22a,Uber,Transport Services,4,2026-09-06,جيد,Positive
e6828b4f-62b3-4ad1-8346-57de7d4b311e,Uber,Transport Services,5,2026-09-06,الخدمه ممتازه جدا والساءفين مهذبين ومحترمين,Positive
212aff74-5742-4bd7-af83-abedb70d5fff,Uber,Transport Services,5,2026-09-06,رائع,Positive
149955ea-5b22-4c05-ac80-44a8ff622960,Uber,Transport Services,5,2026-09-06,برنامج حلو جدا,Positive
d9c9c0fd-18b3-42ee-9ba4-37711bfbfa85,Uber,Transport Services,5,2026-09-06,التعامل ممتاز,Positive
50f7fae7-8559-43ac-bf55-540c52aa6083,Uber,Transport Services,1,2026-09-06,إزاي التطبيق عايزني ادفع ثمن توصيل طلبات لا طلبت توصيلها ولا أعرف عنها حاجه وفين وسيلة التواصل علشان أقول محصلش مني طلب توصيل طلبات لاي حد زفت مزفت,Negative
654f841a-aa06-44a1-bbcc-a4a3aefb66cd,Uber,Transport Services,5,2026-09-06,مريحه جدا,Positive
4f2cf20e-4012-45d6-8107-5e6e40be9902,Uber,Transport Services,5,2026-09-06,السائق على خلق,Positive
4d694ca1-20eb-44e7-8c35-d6602b1c513b,Uber,Transport Services,5,2026-09-06,ممتاز جدا,Positive
cabfc1b9-3c80-4f7c-ad62-3fcb980c82a3,Uber,Transport Services,5,2026-09-06,ماشاء الله تبارك الله كويس جدا,Positive
37d256c6-6ed0-47b0-9084-09ba8b2a5ef0,Uber,Transport Services,5,2026-09-06,ممتاز,Positive
d6003902-a0aa-4031-9e68-6be0053d79ca,Uber,Transport Services,5,2026-09-06,جيدا جدا,Positive
a51ea5b1-3776-46fc-a15d-9da93953dc9f,Uber,Transport Services,5,2026-09-06,🙏🙏,Positive
7bc58dda-6981-4b77-993e-bb352cf6838f,Uber,Transport Services,5,2026-09-06,خدمة ممتازة جدا والسائيقين محترمين وملتزمين بخط سير الرحلة خمسة نجوم قليلة ❤️,Positive
8c7f03d4-283f-4cb4-9003-dc4f4185a183,Uber,Transport Services,5,2026-09-06,تطبيق ممتاز,Positive
bd1fc268-6bf1-4576-92fd-d048d1a35e55,Uber,Transport Services,1,2026-09-06,قيمت نجمة وحدة عشان اقدر اعلق،. اسوء تطبيق من ناحية خدمة العملاء ، تنسحب الفلوس و ما ترجع ولا فيه خدمة عملاء يجاوبو كله رد الي ومرمطة من اسبوع وانا انتظر فلوسي الي سحبوها بغير حق ترجع بدون فايدة,Negative
8c704083-853f-4dfa-9c6d-41160fdc76c7,Uber,Transport Services,5,2026-09-06,ممتاز جدا,Positive
a9c82ab9-88bb-47e4-8c09-fd4f32df6715,Uber,Transport Services,5,2026-09-06,كويسه,Positive
575647c0-3805-4c15-a363-91ec79f9941f,Uber,Transport Services,1,2026-09-06,ممتاز جدا,Negative
fe9dab09-25ca-45fa-8250-4b41324d9862,Uber,Transport Services,4,2026-09-05,جميل,Positive
1db11882-c627-4029-a981-3f57022a28b4,Uber,Transport Services,5,2026-09-05,تللا,Positive
7eaf20c6-658f-45bc-ab28-bba5626d8a7f,Uber,Transport Services,5,2026-09-05,حلو,Positive
fc7a2189-0e64-4790-bbc7-04edc31490fd,Uber,Transport Services,5,2026-09-05,ممتاز,Positive
ddd27d35-5d4e-44d0-bcae-8887b682bc06,Uber,Transport Services,3,2026-09-05,زول حضران,Neutral
6ba71adf-94b0-4c8d-933c-8adfe0d76c03,Uber,Transport Services,5,2026-09-05,كويس,Positive
fb7dbcd5-3c82-4215-8593-38fcbc989eeb,Uber,Transport Services,1,2026-09-05,سعر الرحلة مرتفع جدا و خدمة وصول لاتعمل والتطبيق لايعمل بجميع المناطق والمدن,Negative
5873532e-79ee-40ba-a1f4-ec5f49def559,Uber,Transport Services,4,2026-09-05,جيد,Positive
8a25f86e-fc64-4e0b-b896-a59cc85d8f25,Uber,Transport Services,3,2026-09-05,اخطاء دائما في تحديد اللوكيشن,Neutral
eaf402b9-8290-4416-a7c3-d23858f6967a,Uber,Transport Services,5,2026-09-05,ممتاز,Positive
4cbde540-096f-4670-9ffe-30123268336c,Uber,Transport Services,5,2026-09-05,تمام,Positive
e82c236d-0925-4e21-a4c1-3b949d5a4fd2,Uber,Transport Services,5,2026-09-05,حلو,Positive
40f26778-f73d-4729-9739-e1e4ec1489e5,Uber,Transport Services,5,2026-09-05,ممتازة,Positive
73af0151-2a01-4b96-9d87-f0549b23c5d6,Uber,Transport Services,5,2026-09-05,ممتاز,Positive
36a5e720-3f0d-48a4-a915-a90c13880c3a,Uber,Transport Services,5,2026-09-05,سائق ممتاز جدا جدا ربنا يبارك له,Positive
a414bbd2-8379-45e5-941a-f6c4618b67a0,Uber,Transport Services,5,2026-09-05,مريحه وحلوه,Positive
eef0cada-7a06-40cd-a336-36fa9898ebe5,Uber,Transport Services,1,2026-09-05,تطبيق سئ جدا مش من حقك تلغي طلب حتي لو السائق يبعد عنك أكثر من 10 دقائق يغرموك بدون داعي اخر مرة استعمل هذا التطبيق,Negative
cf7309a2-f62c-4245-9bd8-4bf37d8c2076,Uber,Transport Services,5,2026-09-05,ممتاز,Positive
201c62c7-51fd-4e33-b92e-73be8fa6a3c5,Uber,Transport Services,5,2026-09-05,♥️,Positive
1d92f434-24eb-475a-bc27-358dca8443ba,Uber,Transport Services,5,2026-09-05,جيد جدا جدا جدا,Positive
e7743565-78f0-48f0-b7fe-8b1af19ff4fe,Uber,Transport Services,3,2026-09-05,جيد,Neutral
0f253562-799d-4046-8c56-5b861b016cf3,Uber,Transport Services,5,2026-09-05,تجربه ممتازه,Positive
23933290-0e98-43d0-bcc9-095c0c5ee8e7,Uber,Transport Services,5,2026-09-05,ممتاز,Positive
8cc166bd-c044-4368-b69e-0f11cf0dd037,Uber,Transport Services,5,2026-09-05,ممتازه,Positive
65942f66-66ca-493d-a3ae-8060f91bae23,Uber,Transport Services,5,2026-09-05,شكرا,Positive
4b79cecb-8bc5-4618-b129-2b1ba48a246a,Uber,Transport Services,5,2026-09-05,ممتاز جدا,Positive
a8e424a9-02e7-41dc-a610-7d06b43fd227,Uber,Transport Services,5,2026-09-05,ممتازه,Positive
061ba861-fbfe-43cc-a8a7-933f8c07f774,Uber,Transport Services,5,2026-09-05,طريقه طلب المشوار سهله جدا اسعار مناسبة تنافسيه رحله مريحه جدا سائق محترم شكرا لكم,Positive
4ac62945-b99e-401e-b4b6-9cc228658332,Uber,Transport Services,5,2026-09-05,ممتاز,Positive
20a6f0ab-68c1-419d-888c-331d809b9e90,Uber,Transport Services,5,2026-09-05,ممتاز,Positive
6d5fd631-6f02-4d88-83b1-4f13dd2ea0e4,Uber,Transport Services,5,2026-09-05,جميل,Positive
036cf126-60b1-4135-9dae-d2afb9b18ca4,Uber,Transport Services,5,2026-09-05,انسان محترم جدا وزوق,Positive
e3d0da75-a4ed-4f0f-bf20-00fee737d31d,Uber,Transport Services,5,2026-09-05,Excellent,Positive
e532ba00-bfee-4b5d-a4ef-c18a66524907,Uber,Transport Services,5,2026-09-05,جيد,Positive
49204297-72aa-4326-ad83-a56bb828f4b2,Uber,Transport Services,5,2026-09-05,جميل جداً,Positive
d5c68d99-80e7-425c-a7e9-8abcb89d511f,Uber,Transport Services,5,2026-09-05,ممتاز,Positive
3435fdb1-0177-403a-be8b-ef9e295dba70,Uber,Transport Services,1,2026-09-05,في نصب واحتيال بقيمة المشاوير احجز مثلا ويظهر فيمة المشوار ٢٠ لما اوصل احاسب ٣٣ ليش كذا,Negative
b4b1a971-5838-4c18-8583-3c3095713cd6,Uber,Transport Services,5,2026-09-05,ممتااااز,Positive
ae452d69-9dfd-4a93-9f44-fbc5df5e9146,Uber,Transport Services,5,2026-09-05,محترم ومتعاون جداً,Positive
cf9c27a1-07e7-48ab-8ebf-b856ca04f91c,Uber,Transport Services,5,2026-09-05,جيده,Positive
336a5765-7928-411f-8a91-1ea8e0eedbd7,Uber,Transport Services,5,2026-09-05,جدا سريع والسائق محترم,Positive
6276daef-d824-4909-b476-7fbf7e500f08,Uber,Transport Services,5,2026-09-05,ممتاز,Positive
88924246-a545-49fe-82a4-f3f15d4d91ef,Uber,Transport Services,4,2026-09-05,جميل جداً,Positive
fb25d82b-8f5b-4dbe-acff-0403e677fed2,Uber,Transport Services,5,2026-09-05,جيدة جدا,Positive
273c5cf5-bb37-4794-a210-ff701acfbadc,Uber,Transport Services,5,2026-09-05,ممتاز,Positive
86738a80-5563-42be-9e2d-f2f2de216edc,Uber,Transport Services,1,2026-09-05,تطبيق جميل ولاكن يجب مراجعه السيارات من حيث النظافه,Negative
0b58785e-665b-48b1-990c-5d23cf5997d9,Uber,Transport Services,5,2026-09-05,ممتاز,Positive
883310ee-854e-40f1-9afc-06b64c25853f,Uber,Transport Services,5,2026-09-05,التطبيق ممتاز ولكن حاليا غير متاح دفع الغرامة إلا عن طريق الفيزا أرجو إتاحة الدفع عن طريق الكاش لسائق الرحلة التالية. وشكرا,Positive
bf3f5380-e4d9-49f5-84f9-99ef7de8483c,Uber,Transport Services,5,2026-09-05,ممتازه,Positive
fcd73cf4-19cd-447e-aa3c-2f7e90725f1e,Uber,Transport Services,5,2026-09-05,جمل جداً,Positive
a6a60be9-0126-40b6-9db5-2b3c2d658ecc,Uber,Transport Services,5,2026-09-05,"A great program, accurate and easy to use.",Positive
1e8dca72-6412-4ad7-9205-eb4d70a68f28,Uber,Transport Services,5,2026-09-05,ممتازة جداً,Positive
7d4069e3-e703-44fa-9a56-b7821bc479a7,Uber,Transport Services,5,2026-09-05,تطبيق سهل الاستخدام وسريع والكباتن محترمين جدا,Positive
d503589c-4588-4abc-bd07-96ebd27a929c,Uber,Transport Services,1,2026-09-05,فرض عليا رسوم غير مستحقه,Negative
a979d75e-4b13-4781-bac1-9c4ea9c4d0ff,Uber,Transport Services,5,2026-09-05,حلوة,Positive
10fe33b3-eba3-427b-b2fd-e93241febe4d,Uber,Transport Services,5,2026-09-05,كويس,Positive
61db34d3-3d89-4ed5-930c-c838615f7b3f,Uber,Transport Services,5,2026-09-05,ممتاز جدا,Positive
b56ac583-a5fa-4b39-9395-5f8788e6ed75,Uber,Transport Services,5,2026-09-05,لحد دلوقتي الشركة كويسة,Positive
41eb7731-8d14-4566-801b-e6fac2739af8,Uber,Transport Services,3,2026-09-05,الاسعار غاليه,Neutral
7805041e-e9e0-442d-9d06-fb86aa725e54,Uber,Transport Services,5,2026-09-05,ممتاز بكل المقاييس سياره ممتازة خدمة ممتازة,Positive
19b0ed85-6faf-4d7d-b7f3-51b9a0a51e9e,Uber,Transport Services,5,2026-09-05,برنامج جيد جدا,Positive
a8c2d4c5-bf9a-45cc-8a69-1b6d683fc732,Uber,Transport Services,5,2026-09-05,ممتاز,Positive
a1097e55-9cdb-44fe-b9f3-25eb487fc15f,Uber,Transport Services,5,2026-09-05,قلبي,Positive
50e768c2-b6dc-4090-9ed2-cf6dd2a8c300,Uber,Transport Services,5,2026-09-05,سواق ممتاز سواقه جيده,Positive
1206b288-4829-402c-965f-d8773f93d56c,Uber,Transport Services,5,2026-09-05,ممتاز,Positive
b31b162e-296a-45b0-bf15-d44bb3a12088,Uber,Transport Services,5,2026-09-05,الحل الأمثل في التنقل بأمان وفي حالات الطوارىء الصحيه والأمنيه الخاصه بالعميل الصادق والمخلص لوطنه,Positive
766005af-5b10-45ea-94c7-20fa722de7ad,Uber,Transport Services,5,2026-09-05,كويس,Positive
a228cb49-6b92-4379-a097-405c71df626c,Uber,Transport Services,5,2026-09-05,خدمة ممتازة,Positive
288c4e88-8eda-4425-958e-efecefcc5edc,Uber,Transport Services,5,2026-09-05,جيد,Positive
b032e98b-1600-4c34-8259-0ab55735d966,Uber,Transport Services,5,2026-09-05,بجد من احسن الابلكيشن و كمان زوق جداااا,Positive
e2d8ab1d-0d85-48dc-9bb6-defe9ab73810,Uber,Transport Services,5,2026-09-05,ماشاء لله اتطبيق ولا غلطه,Positive
73bb3418-2c66-4179-93b0-a089a0458a9e,Uber,Transport Services,5,2026-09-04,ممتاز,Positive
1c733343-3f47-47a3-a288-92d6c9016acd,Uber,Transport Services,5,2026-09-04,شركه محترمه,Positive
169ececf-99c4-47c3-8f05-88e5806b631f,Uber,Transport Services,5,2026-09-04,رائع,Positive
d7f89388-618d-484e-baea-4d7dcd1fada3,Uber,Transport Services,5,2026-09-04,ممتاز,Positive
6e5c01b7-a98e-4ca8-9c27-7f21dcd26e25,Uber,Transport Services,5,2026-09-04,سهل ومريح,Positive
27c4dfdd-82aa-4415-82c7-60cbcd9d93c7,Uber,Transport Services,5,2026-09-04,جيدة,Positive
cc8c3469-8376-4dda-83d7-77693a7e8b97,Uber,Transport Services,5,2026-09-04,Ok,Positive
767ee8ed-b6d9-4c04-bb4e-6d630f5ad35f,Uber,Transport Services,5,2026-09-04,أفضل تطبيق,Positive
c5ba108c-8a3b-4b4b-8038-1a991495dc83,Uber,Transport Services,5,2026-09-04,ا مع با دو لو ظل لأن وول أن ظل لو ظل,Positive
3048e992-9bdf-4145-8a37-77c8f471ed17,Uber,Transport Services,1,2026-09-04,تطبيق يحط لك مديونيه وانت دافع كذابين عيني عينك,Negative
9bbda9f7-080d-45e5-b7cc-cd4360da8fa3,Uber,Transport Services,5,2026-09-04,ممتاز,Positive
844f4153-c301-4606-a391-0775d96a9047,Uber,Transport Services,5,2026-09-04,جيد جدا,Positive
8ed173c0-421a-4a14-8581-91c7849ac754,Uber,Transport Services,5,2026-09-04,ممتازه,Positive
a1be06db-8c7d-4bdc-8dcd-1b3cd4aeac41,Uber,Transport Services,5,2026-09-04,ممتاز,Positive
6d01be18-9b97-4fad-be91-49a6a00fed56,Uber,Transport Services,5,2026-09-04,تطبيق ممتاز وسهل الاستخدام,Positive
aec561b6-0716-47ee-8354-9d75d526d3f4,Uber,Transport Services,5,2026-09-04,خدمة ممتازة,Positive
8dc2315a-fdcb-4660-aaf7-25597d7ecc46,Uber,Transport Services,5,2026-09-04,🛫🛫🛫🛫,Positive
c3cacbaf-e2b0-4895-ab3b-a55f11ac7e4c,Uber,Transport Services,5,2026-09-04,تجربة سهلة وجميلة واختصار للوقت,Positive
449ea358-160c-453f-af90-cc91bec7a8c5,Uber,Transport Services,1,2026-09-04,سيئ جدا جدا جدا طلبي دينارين ونص السائق أخذ مني ٤ دنانير حسبي الله ونعم الوكيل,Negative
8e891dee-a57e-4b78-a2ba-ae9abc573134,Uber,Transport Services,5,2026-09-04,ممتاز سهل سريع,Positive
7cf7412c-8695-4264-b33e-7ae47a295726,Uber,Transport Services,5,2026-09-04,شكرا,Positive
082d98fe-53ee-46dc-bb0b-7212408d7af5,Uber,Transport Services,5,2026-09-04,راجل محترم,Positive
fcf40741-7c21-44fa-a454-3cb49b892c2e,Uber,Transport Services,5,2026-09-04,احسن برنامج في مصر,Positive
983332ff-4d7b-4306-b4d5-9a2fcb8b3e33,Uber,Transport Services,5,2026-09-04,خدمة ممتازة,Positive
63ec9e4f-2968-4012-8a50-564992273739,Uber,Transport Services,5,2026-09-04,ممتاز,Positive
59c8e850-6cea-4dff-8504-eb478d152393,Uber,Transport Services,5,2026-09-04,ممتاز,Positive
74a64d7f-d296-43b7-a584-676aba7a037f,Uber,Transport Services,5,2026-09-04,تطبيق رائع,Positive
a59375ae-c53b-4d12-8628-fae4a308eeb0,Uber,Transport Services,5,2026-09-04,جميل,Positive
28948ad7-23a1-40a6-8c55-6c67ab648af0,Uber,Transport Services,5,2026-09-04,جيده شكرا جزيلا,Positive
aecc5259-1529-4e51-a4af-9814f81eda9d,Uber,Transport Services,2,2026-09-04,اصبح التطبيق سيء يكتب سعر وياخذ تفويض وبعدماتوصلي المشوار ياخذ منك زياده ويسحبهامن الحساب حتى في الليل مع عدم وجود ازدحام فقمت بالغاء التطبيق ولايستاهلو نجمه واخذو مني مشوار دفعته نقدا للسائق ومكتوب اني سددته واوقفولي المشاوير حتى ادفعه في المحفظة فاضطررت لتسديدة مرتين حسبي الله عليهم,Negative
f550826c-a6d0-4ade-b913-6fec880139a1,Uber,Transport Services,5,2026-09-04,تطبيق رائع جدا,Positive
8ae259e7-6b84-495f-8078-bb6fcb312127,Uber,Transport Services,5,2026-09-04,ممتاز والسائقين ممتازين ايضا متحلين بالاخلاق والذوق الرفيع,Positive
780e2e88-3c91-4379-a8e8-e2510b344d00,Uber,Transport Services,3,2026-09-04,تحفه,Neutral
d1f305b3-c885-423f-b710-fe4d869677dc,Uber,Transport Services,5,2026-09-04,جميب,Positive
84707c68-8117-4102-9628-7de018f00a99,Uber,Transport Services,5,2026-09-04,ممتاز,Positive
76e2b6a7-4a29-4885-bd62-5540256c00d3,Uber,Transport Services,5,2026-09-04,جيد,Positive
1c16e90c-7a32-4e0b-a6c2-e4b62f1bae54,Uber,Transport Services,5,2026-09-04,ممتاز,Positive
34e0b412-c0e7-431e-b23d-17f60e3931a4,Uber,Transport Services,5,2026-09-04,جيده,Positive
ca4db013-ba36-413a-ba27-8ced1514fe06,Uber,Transport Services,5,2026-09-04,تجربه ممتازه,Positive
0683099c-8377-4b2b-98ef-e30e9ea46695,Uber,Transport Services,5,2026-09-04,ممتاز,Positive
cb920599-585d-4764-83e9-3ca97fc79f25,Uber,Transport Services,5,2026-09-04,ممتاز,Positive
976ed810-3c3a-42cc-be64-c2cc7fe35b8a,Uber,Transport Services,5,2026-09-04,جيد,Positive
a8caaebc-eb34-496f-9a0d-6e2c0f00af7c,Uber,Transport Services,5,2026-09-04,احلي تطبيق,Positive
644a4cc6-eb43-4627-a130-cd610394e49e,Uber,Transport Services,5,2026-09-04,كابتن محطرم,Positive
8cfcd468-cb6a-4a48-95ca-1623d075660c,Uber,Transport Services,5,2026-09-04,تجربه ممتازه ومريحة وسهله جدا 😍,Positive
a99ebf0f-72eb-44b0-b0e8-9409822d82bd,Uber,Transport Services,5,2026-09-04,جميل,Positive
340db14b-813a-400f-ad8e-85ad30c81c9c,Uber,Transport Services,5,2026-09-04,تطبيق مره حلو عجبني,Positive
20712314-8f65-44f2-bee7-b0dead5e009a,Uber,Transport Services,5,2026-09-03,ممتاز بارك الله فيه,Positive
def25772-d404-4d82-8d33-bc1c7b3e94e1,Uber,Transport Services,1,2026-09-03,غير مفهوم,Negative
40fcf2cc-4c93-4886-ac42-3025409e08ed,Uber,Transport Services,3,2026-09-03,4 سواقين في طلب واحد وفي الاخير 10 دقايق ماحدن يجي,Neutral
08363da7-f82e-4d76-bf6c-d86ec255ba17,Uber,Transport Services,5,2026-09-03,ممتاز,Positive
a6de8be8-ada3-40b6-ae29-8157512bb99b,Uber,Transport Services,5,2026-09-03,جيد جداً في تعامله واخلاقه,Positive
c97c9227-7107-4e44-8112-584288070b82,Uber,Transport Services,5,2026-09-03,ممتاز,Positive
3f328ce0-4c54-4fb1-9133-98ddeccad5dd,Uber,Transport Services,5,2026-09-03,جميل جدا,Positive
be9a2895-3350-452a-98da-742530ffa508,Uber,Transport Services,1,2026-09-03,بقيتوا حرامية وبتغيروا التسعيرة زورا وسرقة بضعف المبلغ المذكور,Negative
b6820a8f-e1dc-40a5-a570-abd830e257a8,Uber,Transport Services,5,2026-09-03,سائق محترم و سياره جميله و نظيفه,Positive
18ea8493-98a7-4238-b637-ab73760f43ed,Uber,Transport Services,5,2026-09-03,تمام,Positive
614a343a-ab2e-4dde-995b-d294ee88d589,Uber,Transport Services,4,2026-09-03,جميل,Positive
ab339532-36ab-4bf5-9589-3c0caa398bd9,Uber,Transport Services,5,2026-09-03,كويس,Positive
1fdb250a-f59a-4c6e-8e68-093269a6a8a7,Uber,Transport Services,5,2026-09-03,top,Positive
9c0bd586-094b-4ca9-a990-6acda4bcd928,Uber,Transport Services,5,2026-09-03,ممتاز,Positive
ecc0f2dc-8287-47f5-92f2-d8bdc6cee7dd,Uber,Transport Services,1,2026-09-03,تجربت سئت جدا,Negative
492d14cc-0441-49ca-8caa-f0883fd517cd,Uber,Transport Services,5,2026-09-03,رائع جدا,Positive
f909524d-00fc-4c62-a1e7-78b5c78c9501,Uber,Transport Services,5,2026-09-03,good,Positive
8e38b9d8-9c1d-40ad-9eaa-ecb6133cdd46,Uber,Transport Services,5,2026-09-03,روعه,Positive
c9067545-6ad1-41a6-91f3-57daf95cc09d,Uber,Transport Services,5,2026-09-03,سريع الاستجابة في خلال دقائق وصلوا عندي,Positive
66ddd6b6-0996-4f26-8e02-74acb3eb9d6c,Uber,Transport Services,5,2026-09-03,رائع تحتاجون إلى سائقين يتحدثون اللغة العربية,Positive
c69eb6aa-374f-4115-b6b8-b9ffeacc0536,Uber,Transport Services,5,2026-09-03,رائعة جدا,Positive
0fa5ec8b-822d-4d45-aa29-f634c17cab59,Uber,Transport Services,4,2026-09-03,جيده,Positive
11e31c78-d1be-4e87-814b-19b8d50b812b,Uber,Transport Services,5,2026-09-03,برنامج ممتاز جداً,Positive
28cd272c-30c3-41e5-9cbb-0fd1ac366c6d,Uber,Transport Services,5,2026-09-03,good,Positive
eb16dd11-8e70-400a-876e-49d7dc57e6aa,Uber,Transport Services,5,2026-09-03,ممتاز,Positive
09e29bf1-4700-4429-a2db-24b7965cdd21,Uber,Transport Services,5,2026-09-03,رائع,Positive
884b4dc7-397a-404a-9753-bbca2870c195,Uber,Transport Services,5,2026-09-03,ممتاز,Positive
5f0708eb-2577-4c57-9d15-1c1947686a8e,Uber,Transport Services,5,2026-09-03,تطبيق رائع,Positive
8f922ab3-53ff-4942-8aff-36977023fe26,Uber,Transport Services,5,2026-09-03,كويس,Positive
929f60d4-2fc6-4d5b-b922-1c021430a7fa,Uber,Transport Services,5,2026-09-03,حاجة الله أكبر و سواقين محترمين و عربات مريحة,Positive
2d1b2dde-6a8c-4eab-a10b-9d7a4139cf43,Uber,Transport Services,5,2026-09-03,ممتازه,Positive
409c6fc3-fb2f-4863-b564-e97a8ae43524,Uber,Transport Services,5,2026-09-03,ممتاز جداا,Positive
ff91711e-618b-4381-b4ec-917423624a48,Uber,Transport Services,1,2026-09-03,محتاجة رقم أعرف اقدم عليه شكوى,Negative
7884377d-a292-499d-aa35-63277755e11e,Uber,Transport Services,5,2026-09-03,جميلة,Positive
0435d5e6-7444-4873-a5a3-19ca1ce6c773,Uber,Transport Services,5,2026-09-03,تطبيق كفو,Positive
0da04a5f-f1a6-4725-8f71-9745da4e54c3,Uber,Transport Services,5,2026-09-03,ابلكيشن رائع,Positive
38010458-103a-4848-b39d-38a269739998,Uber,Transport Services,5,2026-09-03,ممتازه,Positive
a082a6d4-c06f-4cf7-9ea3-c6fcc012806f,Uber,Transport Services,5,2026-09-03,ممتاز,Positive
5de92deb-60d0-489a-abed-311ef114b8e8,Uber,Transport Services,2,2026-09-03,التطبيق يقول ان الكابتن في الموقع والكابتن لم يصل واحدد الموقع اللقاء يقف الكابتن في مكان ابعد منة ويقول لك انه وصل,Negative
69e39dc2-23f4-4996-9da6-befdbc6b5666,Uber,Transport Services,5,2026-09-03,رائع,Positive
7bd7907f-9135-4110-929e-b2d82cfb99ab,Uber,Transport Services,1,2026-09-03,سواقين في منتهى قله الادب,Negative
bf3b2f34-97ca-44fc-9c00-5299caeb0633,Uber,Transport Services,1,2026-09-03,شركة غير ملتزمه كل مره تغير سعر المشوار بعد الوصول غير صادقه لا انصح بها نصابين,Negative
1f904b8f-61bb-4f94-b92a-a00087382165,Uber,Transport Services,5,2026-09-03,ممتاز,Positive
ebfbe586-9d6c-42bd-80ec-99f282d26f98,Uber,Transport Services,5,2026-09-03,ممتاز,Positive
94ffe745-7452-4c22-8eb3-9fc9e2c513e0,Uber,Transport Services,5,2026-09-03,مميز,Positive
67892c2f-8f82-47c8-9a75-35e0e868f16c,Uber,Transport Services,4,2026-09-03,ممتاز و على الوقت,Positive
3519d184-88e7-440e-9cb9-092bf85a36ab,Uber,Transport Services,1,2026-09-03,السواقين مبيشغلوش التكييف ، الجديد بقي بيجوا يساومك أنه يوصلك تاكسي بره البرنامج اتلغي اوبر شاتل مستوي البرنامج في النازل,Negative
1a5e380c-3219-447f-9173-af1a81cb6145,Uber,Transport Services,3,2026-09-03,عندي تحفظ على فرق المشوار السعر ارتفع اوى مع ان هو نفس المشوار,Neutral
6490940d-ef8e-49f5-b893-d16b03afcf15,Uber,Transport Services,5,2026-09-03,ممتاز,Positive
a095d094-764f-4562-ba3e-c01ace7e1a25,Uber,Transport Services,5,2026-09-03,ممتاز,Positive
fa54161a-7cee-4a32-b9c0-be8e1a419aab,Uber,Transport Services,1,2026-09-03,تحصيل فلوس بدون اسباب من العملا,Negative
a8664e53-fd9e-4de7-9067-2b7ddecb6b38,Uber,Transport Services,5,2026-09-03,اختيار مثالي واستجابة سريعة خدمة ممتازة,Positive
7843cac0-81ec-46f1-abca-9686187daba8,Uber,Transport Services,5,2026-09-03,الله يعطيكم العافيه معاملة راءعة ودقة بالمواعيد,Positive
7a011a69-cd63-461c-b393-efb93fb90423,Uber,Transport Services,5,2026-09-03,افضل تجربه في حياتي وكانت أول مره ومش آخر مره ان شاء الله بعد التعديل انا ازاي اطلب اوبر مكتوب على البرنامج 145 واخذ 200,Positive
13883882-33f1-4135-bfc9-6912c1092512,Uber,Transport Services,5,2026-09-02,جميله جدا,Positive
d5660026-01a6-49db-a259-d3d26d2a72de,Uber,Transport Services,5,2026-09-02,جيد,Positive
91d26475-c620-47d6-a37f-0bd1fbf5b4ba,Uber,Transport Services,5,2026-09-02,ممتاز,Positive
042d0f83-304a-418d-ba6c-446bb515e7da,Uber,Transport Services,1,2026-09-02,سئ و بيسرق فلوس من الفيزا,Negative
114252f4-0618-4bad-8038-5c6e3ea418a2,Uber,Transport Services,5,2026-09-02,ممتازة,Positive
f505f715-950f-4691-a345-c28e91b697af,Uber,Transport Services,1,2026-09-02,ممتاز جدا,Negative
df268a76-6e0a-4722-a10c-cbaee1bff8c4,Uber,Transport Services,5,2026-09-02,جيده,Positive
c2786918-cc4b-4ed9-b764-c7fdb0554c55,Uber,Transport Services,5,2026-09-02,تجربه اوبر تجربه كويسه انا مبسوط,Positive
5a171c4c-252c-4f3c-9eb9-d3c09a0010ee,Uber,Transport Services,3,2026-09-02,تجروبه جميله,Neutral
f7a2d127-211d-4930-b94e-10459d520ed9,Uber,Transport Services,5,2026-09-02,جيد,Positive
fdd38593-5077-4b90-b9fb-528932d490c1,Uber,Transport Services,5,2026-09-02,تطبيق راع واسعار معقوله اتمنى ان تضلوا على هذا الحال على الاسعار هذه المعقوله شكرا لكم,Positive
5a9c3620-b7f6-451e-afa6-4f365d625215,Uber,Transport Services,4,2026-09-02,احسن ميزة في التطبيق مش بيتاخر في الطلب زي بقيت التطبيقات ديدي و ان درافيد و بعدين الكباتن محترمين جدا اما بقيت الكباتن الي شغلين مع التطبيقات الي ذكرتها فوق 👆 بتبقي تنكه و بارده المشوار ابو 150ج عيزين ياخدو عليه 200 او 250 غير كدا الكابتن مش بيقبل طلبك,Positive
cd47104b-7027-425b-8951-c930a3e5f4b7,Uber,Transport Services,1,2026-09-02,اشي بخزي للامانة,Negative
e6b1b4f4-8986-418b-958f-e152d8c8743b,Uber,Transport Services,5,2026-09-02,جيدا جدا,Positive
7bb7dde9-4767-42fb-bc29-2d128d16a6a8,Uber,Transport Services,5,2026-09-02,ممتازة,Positive
a7a71c93-01c7-4425-bbd0-a8bdc1cd810d,Uber,Transport Services,5,2026-09-02,ممتازه,Positive
e753db17-fe0a-4d28-8881-55db439e8f7b,Uber,Transport Services,5,2026-09-02,ممتاز,Positive
2b274173-2c9b-4b61-a10d-1c62c2563211,Uber,Transport Services,1,2026-09-02,تجربها رائعه من ٤سنوات ماستخدم الااوبر,Negative
92161e7e-3f91-4373-bcb4-d0c121e0ba87,Uber,Transport Services,1,2026-09-02,سيئ اخذو عليا زايده في المشوار تتكلم مع الموضفين مايردو عليك,Negative
790b13fd-ed82-4870-aa6d-589c3eedf60e,Uber,Transport Services,5,2026-09-02,شركة محترمة وخدمة مميزه,Positive
470ffbba-575f-4b0a-b8f5-a0d8077f3b6d,Uber,Transport Services,5,2026-09-02,حلو,Positive
6ad90693-e7d4-4abe-849f-6e0e7e9977d8,Uber,Transport Services,5,2026-09-02,ممتاز جدا جدا,Positive
af02340e-348b-4ab3-b929-da9f7e423874,Uber,Transport Services,1,2026-09-02,تجربه سيئة جداً .. أخر رحلتين سيارات قديمة و متهالكه لا تصلح أن تكون جزء من شركه بهذا القدر,Negative
cc5c01ee-efe9-447e-b097-9e9badcbb372,Uber,Transport Services,5,2026-09-02,ممتازة جدا,Positive
a9bd3b52-9a72-4416-b1fd-53db52474b0b,Uber,Transport Services,5,2026-09-02,رائعة,Positive
284523c3-ace7-4eb3-9d2c-0f526ee25872,Uber,Transport Services,5,2026-09-02,ممتاز,Positive
5fc1f1c2-7d4a-4d84-8c55-7454318738ca,Uber,Transport Services,5,2026-09-02,جميلة جدا,Positive
84073b4d-7262-4a46-9701-40c524add22d,Uber,Transport Services,5,2026-09-02,جيد,Positive
7f10be10-af37-436a-8268-568c98060d42,Uber,Transport Services,5,2026-09-02,ممتاز جدا,Positive
5664cffe-250a-4ca0-af92-0f673b1c6289,Uber,Transport Services,5,2026-09-02,ممتاز,Positive
ae7b6a7f-257b-4a7a-a949-ba0a370c1f9c,Uber,Transport Services,5,2026-09-02,ممتازة,Positive
aa50bee0-ffd4-4937-9b52-812f92cdd780,Uber,Transport Services,5,2026-09-02,ممتاز,Positive
243c7eca-3e71-4ec3-9e8f-9ebc5a0f0b42,Uber,Transport Services,5,2026-09-02,ممتاز جدآ,Positive
161d4a69-122b-49c3-bf14-fa98ce9e8fe6,Uber,Transport Services,5,2026-09-02,ممتازه,Positive
70aad5dd-4678-4994-8be0-7ff8a9f87420,Uber,Transport Services,5,2026-09-02,برنامج رائع جدا و سريع ف التوصيل و موفر جدا اتمنى تجربوا ومش هتخسروا,Positive
bb20a0d4-431b-4d26-8eeb-1e898bb7f57f,Uber,Transport Services,5,2026-09-02,برنامج رائع,Positive
59fe35bc-d47c-4ec1-a2d6-ed9cbbcf7852,Uber,Transport Services,5,2026-09-02,جيد جداً,Positive
d8d371f4-d091-4dfb-8f7d-77b20791aa85,Uber,Transport Services,5,2026-09-02,لى,Positive
1f977117-49d2-49ed-9cc0-fb56ac78799f,Uber,Transport Services,5,2026-09-02,رائع,Positive
622a377e-fa9c-40c3-9a3b-74e7dcb9f6c8,Uber,Transport Services,5,2026-09-02,رائع,Positive
a18f6d65-15b3-4f0e-a003-934e29126a6b,Uber,Transport Services,4,2026-09-02,جيدجدا,Positive
cc41fc51-7616-49b3-b1cb-db0547c4b3fe,Uber,Transport Services,5,2026-09-02,ممتاز,Positive
d9c79295-989f-41db-a6c5-65b4c18e4d6d,Uber,Transport Services,5,2026-09-01,ممتاز,Positive
820fc8d5-2082-439e-948c-d5dab35c312b,Uber,Transport Services,5,2026-09-01,very good,Positive
d7a9983e-a84e-4f79-b369-40cd4c39289f,Uber,Transport Services,5,2026-09-01,احسن برنامج مشاوير يومية,Positive
79f1635d-1d75-4e46-aedb-80f2c79ebec7,Uber,Transport Services,5,2026-09-01,ممتاز جدا,Positive
24072af6-8c22-4951-93ba-121a06670269,Uber,Transport Services,1,2026-09-01,تطبيق سئ جدا,Negative
c8e03ae8-1db9-45c3-8374-948ce97e332c,Uber,Transport Services,5,2026-09-01,جميل,Positive
69525c7a-dfeb-4b08-a693-9ad65750839f,Uber,Transport Services,5,2026-09-01,تمام,Positive
257c9668-e1c2-4705-a20a-6095da2dc443,Uber,Transport Services,5,2026-09-01,ممتاز,Positive
70730eed-6117-401a-a6bc-142203faf046,Uber,Transport Services,5,2026-09-01,ممتاز,Positive
428e4f4a-923a-4025-8964-be5d4755da8c,Uber,Transport Services,1,2026-09-01,تم فصلي من كريم من سبب واسطه واحد الموضوع مع كريم اوبر بالواسطات يقدر يفصل السواق من سبب ابواب تواصل معايا عميل وسوى مشكله معايا جوجل انا اشتكيك للشركه تم الشكوى بعدين شافني تطبيق مرسول وايضا اقول انه كان شغال في الشركه ولله الحمد تم فصل يا الله الشماته ليس من اخلاق المروءه,Negative
0adcd5c9-d93a-4599-ae9c-e94847423c16,Uber,Transport Services,5,2026-09-01,جميل جدآ,Positive
03995db3-e772-4634-aa06-171c284d37cf,Uber,Transport Services,5,2026-09-01,تطبيق ممتاز جدا,Positive
4984e268-e0a0-4aec-aa70-54454b59737e,Uber,Transport Services,5,2026-09-01,ممتازه,Positive
123eb978-f29c-4639-b082-9af985094032,Uber,Transport Services,5,2026-09-01,جيد,Positive
2cacc2ef-9394-4304-97f7-16efaee482da,Uber,Transport Services,5,2026-09-01,ممتازه,Positive
dda2fe2c-e29a-4204-9f40-714fb7647e08,Uber,Transport Services,5,2026-09-01,جميل جدا,Positive
0baafdcf-a877-4625-8370-3e4fd14793a7,Uber,Transport Services,1,2026-09-01,برنامج سئ جدا المشوار 139 اول ما اوصل المشوار يتم تغيير التسعير 190 مش اول مره وسائقين لا تلتزم بخط السير كنت رايح شارع بور سعيد بدل ما يدخل من قناة السويس دخل بيا من شارع ابوقير في وسط الزحمه الاجره 180 ساعت الوصول يقولي 240,Negative
afed299d-d848-4a11-b25f-02e6fac7f5c4,Uber,Transport Services,5,2026-09-01,رائعة,Positive
7c1461e4-2514-4641-8bef-428943d0f304,Uber,Transport Services,1,2026-09-01,خايس خايس خايس اذا صارتلك مشكلة تقريبا انسي تنحل لأن مستخسرين يحطون اوادم يردون علينا بس نموذج اسئلة مسجل ومو دايما سوالي موجود ولما سويت شكوى عشان اكلم ادمي يعطون رد بعد ساعات مستخسرين يحطون اوادم يردون طول الوقت,Negative
f97c76b4-b644-4b95-bc8d-af3daea4c869,Uber,Transport Services,5,2026-09-01,ممتازه,Positive
1e247df5-35b7-410e-9b65-3cf0a4541094,Uber,Transport Services,5,2026-09-01,ممتاز,Positive
1006e72d-f76b-4ba1-9c56-6214c32f32a2,Uber,Transport Services,5,2026-09-01,سهل ومريح,Positive
572d5993-a269-44d7-9237-4f0ce5da900b,Uber,Transport Services,5,2026-09-01,جميل,Positive
60ce93c5-4131-449e-8441-418fc9838e8f,Uber,Transport Services,5,2026-09-01,جيد,Positive
570ed8af-46e3-4a4e-9f88-c11f9c397662,Uber,Transport Services,5,2026-09-01,شركة محترمة وسائق محترم,Positive
52b43e22-511d-44ee-8e41-cd1b0ff5f3b3,Uber,Transport Services,5,2026-09-01,جميل,Positive
a4ea8860-3b7e-44b2-bcb0-5a23b93853c3,Uber,Transport Services,1,2026-09-01,ممتاز,Negative
429be130-5d3f-4dba-9b66-230f8561737c,Uber,Transport Services,5,2026-09-01,جيدجدا,Positive
b11aa9a1-a0a9-4eb7-be8e-184fd89a1e1b,Uber,Transport Services,5,2026-09-01,طيب القلب,Positive
e19f175b-b459-4bf9-9747-e51ab2066fc7,Uber,Transport Services,5,2026-09-01,5نجوام,Positive
d120359d-4b06-4010-8a89-71bb7d2b3b78,Uber,Transport Services,5,2026-09-01,منتاز جدا جدا جدا,Positive
745bcdf9-5ba8-4a48-9d99-e3667e291ca9,Uber,Transport Services,5,2026-09-01,ممتاز,Positive
d838be6b-c7e7-47dd-893d-4c107c0f6d4d,Uber,Transport Services,5,2026-09-01,تطبيق والله جميل جدا جدا,Positive
51f3360e-a5b7-483f-9066-abf5c1819ee6,Uber,Transport Services,5,2026-09-01,🥰🤩🙏,Positive
77211e5f-f9aa-4660-9d4c-3796171fedda,Uber,Transport Services,3,2026-08-31,ناس محترمين,Neutral
6af92bbf-e07c-4b07-90cc-581e3e1207b9,Uber,Transport Services,3,2026-08-31,جيد,Neutral
18ea8dd5-1cfe-4693-a9b2-1ec517a00f27,Uber,Transport Services,1,2026-08-31,سحب مبلغ اضافيه بعد انتهاء الرحله,Negative
e322a902-d5c6-4c2a-ac5f-a966594e9051,Uber,Transport Services,5,2026-08-31,ابلكيشن قمة الروعه,Positive
be676809-cbea-4be5-8b0f-a4c8751b7b89,Uber,Transport Services,5,2026-08-31,جميله,Positive
01d3589a-f824-438e-a060-2a193a1c2dc3,Uber,Transport Services,5,2026-08-31,ممتاز,Positive
0240d2a1-94eb-46c4-8e0b-0fd5f3dac969,Uber,Transport Services,5,2026-08-31,برنامج مريح للشخص,Positive
9f149aba-ded0-486e-88b6-ab52daca5910,Uber,Transport Services,5,2026-08-31,ممتاز اعطيه ١٠/١٠,Positive
9834a7e1-32c3-4de4-b8fa-ebbcc805b1a4,Uber,Transport Services,5,2026-08-31,ممتاز,Positive
f437154b-bc88-4805-a062-b99704e6120f,Uber,Transport Services,5,2026-08-31,ممتاز,Positive
932b3d5f-2b3c-4eb3-96ea-4383d09581d6,Uber,Transport Services,5,2026-08-31,افضل تطبيق توصيل في المملكة,Positive
07c5b78b-aecf-4859-87a1-9aea7004c029,Uber,Transport Services,1,2026-08-31,تطبيق غالي جدا جدا مقارنا بالاسعار المحليه والتطبيقات الاخرئ يعني مثلا بوخذ زياده عالمشوار 8دولار اكثر من التطبيقات الاخرئ والاسعار المحليه,Negative
f4770623-f140-478b-8cd1-76dbc34aff40,Uber,Transport Services,5,2026-08-31,fine,Positive
1741ba45-1f1a-48e5-81b0-7fde50b277bd,Uber,Transport Services,1,2026-08-31,رحلة زباله مع سواق مش محترم,Negative
9f67e8bb-7249-4fc3-a2f7-8b43277bf812,Uber,Transport Services,4,2026-08-31,الاسعار تختلف احيانا وتتضاعف,Positive
86535463-f4de-4fcb-81f6-43f781594022,Uber,Transport Services,1,2026-08-31,يا جماعه انا نفسي حد يرد عليا او اوصل لخدمه العملاء مش عارف الاكونت بتاعي فجاه بقا اسم واحد ثاني وصوره واحد ثاني الجيميل بتاعي والرقم بتاعي لسه موجودين معايا انا مش عارف ايه ده بقى لي قد كده مش عارف اوصل لخدمه العملاء ازاي مش عارفين نوصل لخدمه العملاء,Negative
c16f9800-2872-4497-b2d3-a3c01fdbdb25,Uber,Transport Services,5,2026-08-31,افضل. شركةمواصلات في مصر,Positive
c20d363d-5a93-475c-95ee-3ec9f473bccb,Uber,Transport Services,5,2026-08-31,ممتاز,Positive
60c62817-49cb-45c5-b20a-5f234add5fa3,Uber,Transport Services,5,2026-08-31,ممتاز,Positive
05836091-d6c3-40a8-af68-692cb70cc571,Uber,Transport Services,5,2026-08-31,تطبيق مميز واسعار جيدة والمشكلة الوحيده ان الكابتن يجب عليها ان يحمل النقد للصرف او ارجاع المبلغ المتبقى للزبون 🤣,Positive
ae1e675a-3996-4927-9593-0b95612044e8,Uber,Transport Services,5,2026-08-31,حلوة,Positive
007cf2b8-e7bb-4b8c-8152-3650744ee5aa,Uber,Transport Services,4,2026-08-31,التطبيق جميل و السائقين يستجيبون بسرعة,Positive
01302b20-761e-4a67-a40d-6ce2c5af32a6,Uber,Transport Services,1,2026-08-31,خدمة سيئة تم الغاء ثلاث طلبات على التوالي,Negative
62c3d357-b399-4601-8d15-12c351e0e96c,Uber,Transport Services,5,2026-08-31,جميل,Positive
0e3e212d-dd8d-461a-9903-0c2b3172637d,Uber,Transport Services,5,2026-08-31,good,Positive
3223cf21-ea8b-4711-b1c5-73b8f3764b06,Uber,Transport Services,5,2026-08-31,رائعة,Positive
2a58e5fa-30ed-427c-b399-ecac352f14f7,Uber,Transport Services,5,2026-08-31,ممتاز,Positive
820e333b-531e-4513-a094-f09f352c1a1a,Uber,Transport Services,5,2026-08-31,تجربه ممتازة,Positive
8204eea9-1210-4811-9b10-5c7f38871311,Uber,Transport Services,5,2026-08-31,ممتازه,Positive
c68a93f8-9dc3-4be7-a4bb-a6f2b8c75a08,Uber,Transport Services,5,2026-08-31,ممتاز,Positive
ce8d0e6d-4dc8-4cb1-952f-3dada50db4f8,Uber,Transport Services,5,2026-08-31,ممتاز,Positive
5fbd8c1c-4b97-495d-a753-821aafdafe7c,Uber,Transport Services,5,2026-08-31,ممتازة والسائق منتهى الأحترام بس التكييف كان بايظ وقافل الشباك كمان كنت هموت من الحر,Positive
3794870c-de0e-4f9b-9497-5f0bfe520d18,Uber,Transport Services,4,2026-08-31,سرعه الحركة، نظافة عامة حتى شكل العربة.,Positive
998f31fd-fa32-47dd-8617-1a8d81cda814,Uber,Transport Services,5,2026-08-31,جيدة,Positive
85a15fb6-dda1-4f59-a749-614fafae6680,Uber,Transport Services,5,2026-08-31,افظل خدمه ممتاز جدا جدا معى جزيل الشكر,Positive
1e846ad8-a966-41e2-9f6d-21a9afccbe75,Uber,Transport Services,5,2026-08-31,راءع,Positive
6f055c28-4794-4674-9990-edce2a3ca0f7,Uber,Transport Services,5,2026-08-31,ممتازه,Positive
73a1a9e7-b6b9-4a56-ba59-47160a8b43c5,Uber,Transport Services,4,2026-08-31,جيدة جدا والسيارة مريحة,Positive
4a740f97-4010-4d8c-ab7e-42b443fc204a,Uber,Transport Services,1,2026-08-31,زيفت وغالي,Negative
b56fda28-0369-497c-b09d-7726433f332a,Uber,Transport Services,5,2026-08-31,ممتاز بس غالي شويه,Positive
b27d1bf3-ecfb-44ec-9e31-4e4216434e34,Uber,Transport Services,5,2026-08-31,سائقين اخلاق وممتازين,Positive
6f7a61a2-cc83-4cf4-9ab3-5e40941f0320,Uber,Transport Services,1,2026-08-31,اسوء ابلكيشن والكاباتن اللي فيه غير امينة,Negative
8785e89c-2d97-439c-aeeb-2b54c95ac970,Uber,Transport Services,5,2026-08-31,روعه والسائق ممتاز,Positive
184d5a4f-9eaf-4239-afed-2b01ad9265c0,Uber,Transport Services,5,2026-08-31,جيد,Positive
53d56498-52ef-4041-ad3f-b4a6a8bd48fc,Uber,Transport Services,5,2026-08-31,ممتاز,Positive
5cfa1659-c400-48db-b8d0-56b717ab5449,Uber,Transport Services,1,2026-08-31,ممتازة,Negative
8299c107-c55a-418a-8779-e1fac80e0a49,Uber,Transport Services,5,2026-08-31,حلو,Positive
76b7dfa2-a6c7-4871-9519-4ab810cd3ad7,Uber,Transport Services,5,2026-08-31,امن علي العائلة ونظام أكثر من رائع حتي في التطبيق علي ال ابلكيشن والكابتن أصبح أكثر ذكاء فى استخدام الخرائط من اختصارات ومتابعة الطرق ، ولكن في بعض الأوقات العروض لا تقرب للواقع من اي اتجاه أما السعر اصلا عالي اما العرض لا يطابق التوقيت وظروف الذروه.,Positive
b6ac2add-6fbf-477d-81ec-6b702cd43e18,Uber,Transport Services,5,2026-08-30,ممتاز,Positive
6490b26c-1a52-429f-bcd5-b2ac80f4c78f,Uber,Transport Services,5,2026-08-30,ممتاز,Positive
4f9fc61c-422c-4693-a937-a71d5efa935d,Uber,Transport Services,1,2026-08-30,تعامل سيئ من الشركه يتم سحب الفلوس ولاء يتم ارجعها,Negative
3793156e-25bc-48a5-8c37-389b1a8af793,Uber,Transport Services,5,2026-08-30,جيده,Positive
d81692fe-cbe6-4cd1-95e8-f09cfb6c07dd,Uber,Transport Services,5,2026-08-30,ممتاز,Positive
a740100f-bbe0-43fb-971f-475930e037b4,Uber,Transport Services,5,2026-08-30,برنامج ممتاز والشباب ممتازين,Positive
787646fe-b397-43d8-b179-80ea9da25ead,Uber,Transport Services,5,2026-08-30,ممتازه,Positive
00f987f8-8921-4c3d-93f4-187e8d091790,Uber,Transport Services,5,2026-08-30,جيده,Positive
209345ac-495b-4a64-903f-19078325c387,Uber,Transport Services,5,2026-08-30,خدمه ممتازه,Positive
11fb63ca-b128-4a8c-b187-19b6911da2ab,Uber,Transport Services,5,2026-08-30,ممتاز وسائقين مميزين,Positive
3a74ae68-cef5-4729-8886-d73bcf5ee391,Uber,Transport Services,1,2026-08-30,تطبيق سيء وتجربة سيئة وفرض رسوم بطريقة غير منطقية سوف يتم حذف التطبيق تماماً,Negative
c4fbb21e-0d76-4aaf-822c-701c6bef37ac,Uber,Transport Services,5,2026-08-30,ملتزم,Positive
359f274c-f2d9-4453-836c-cd5b41d049d6,Uber,Transport Services,5,2026-08-30,ممتاز,Positive
33ab34d9-f9fb-4660-b367-6458ee2e716d,Uber,Transport Services,5,2026-08-30,تحت التجربه,Positive
878c2274-e679-42bd-996a-f11411a895fa,Uber,Transport Services,2,2026-08-30,لديه مشاكل بالمحفظة وحتى لما يصححها بوخذهن على طول وماراح تنحل لانه التطبيق معين عرب يتحكموا بالمحفظة الإلكتروني,Negative
2d128809-19a2-4671-b4a3-53f2f2d42001,Uber,Transport Services,5,2026-08-30,رائع,Positive
8682a738-a964-41d9-af7b-0f6ae6daabf8,Uber,Transport Services,1,2026-08-30,طبيق سىء فى التواصل مع الدعم محدش بيحل المشاكل بخصوص الكابتن,Negative
5e6a0e08-0db6-4047-807e-6598a6aafb3e,Uber,Transport Services,5,2026-08-30,ممتاز,Positive
801e5941-0886-4d40-a507-f452fa13d0c6,Uber,Transport Services,5,2026-08-30,ممتاز جدا,Positive
88be1d9d-1fef-4e13-a948-47ea192f3647,Uber,Transport Services,5,2026-08-30,محترمين جدا,Positive
9123fef0-2780-4e6c-b96d-65aa42061a2b,Uber,Transport Services,5,2026-08-30,رائع,Positive
2f1615d1-984e-4bcd-9d3f-e3f8ee19ce24,Uber,Transport Services,1,2026-08-30,تطبيق فاشل هو فريق العمل تبعهم,Negative
d02419c0-02e3-4072-b5f8-f981abbf21c1,Uber,Transport Services,5,2026-08-30,ممتازة,Positive
20245f49-7c67-40a4-ab17-541de8b9b3d1,Uber,Transport Services,1,2026-08-30,تطبيق سيئ أول تجربة كانت طيبة المرة الثانية نطعني في عز الحر نص ساعة بالشارع وراح وهم يبغونك تدفع لو تطلب تاكسي آخر سأقوم بالحذف تجربة سيئة,Negative
e3db5f18-377f-45bc-b8aa-5bd228e5107c,Uber,Transport Services,5,2026-08-30,good,Positive
8969f334-a659-499b-aa73-d0ca4f72e17a,Uber,Transport Services,5,2026-08-30,بجد تجربه ممتازه جدا,Positive
48cccef5-3cf0-48f1-851c-55002e44acc7,Uber,Transport Services,5,2026-08-30,رائعة سهلة سريعة,Positive
b590f2c8-74a8-4e81-a7b2-8161358371b4,Uber,Transport Services,5,2026-08-30,فكرة ان السائق يقيم الزبون لا أراها مناسبة خاصة انك لا تعرف لماذا انخفض تقييمك كزبون، بعكس السائق فيمكنه معرفة سبب تقييمك المنخفض له! كما أن الدفع نقداً أقل كلفة من الدفع عبر البطاقة الائتمانية حيث انه بالبطاقة يخصم منك الحد الاعلى المحدد في الطلب دون سؤالك او مشورتك ام الدفع نقدا فغالبا يأخذ القيمة الوسط بين الحد الاعلى والادنى، و أيضا تختلف جودة التطبيق واستجابة السائقين للطلب. في الدفع نقدا هو الأفضل.,Positive
52c14769-123b-42a6-a32c-d0a84dcb4209,Uber,Transport Services,5,2026-08-30,برنامج راءع,Positive
fb2780e4-ef32-42a8-9eb1-630d65bd1a4e,Uber,Transport Services,5,2026-08-30,ممتاز اخلاق وقيادة,Positive
c324e27a-af20-4234-b533-0a08251bdb6b,Uber,Transport Services,5,2026-08-30,اشكر الكابتن على حسن اخلاقة وتعامله والله يوفقه,Positive
a6bd26a8-bf7c-4931-91a0-31180061b612,Uber,Transport Services,5,2026-08-30,ممتاز,Positive
98f38207-7266-4718-b5de-2316d92be509,Uber,Transport Services,5,2026-08-30,ممتاز,Positive
eb7829c6-ee55-4d91-bbb3-fd600beaa626,Uber,Transport Services,5,2026-08-30,خدمة مريحة,Positive
c2a1b464-9826-4c99-84a5-ba501c3e6b7f,Uber,Transport Services,5,2026-08-30,ممتاز جداً,Positive
ef65bf15-4d61-42e7-9e0d-2350c0bdfd61,Uber,Transport Services,5,2026-08-30,جيده,Positive
974f4c87-31fc-422b-873d-5b54069123be,Uber,Transport Services,1,2026-08-30,بيضحك علي الركاب بياخد منهم فلوس كتير ويعطي السائق فلوس قليلة,Negative
85d91833-05de-4b48-b804-7b236101527e,Uber,Transport Services,3,2026-08-30,على فكره مبقاش كويس ذي الأول انا بقعد استني بالربع ساعه و الخريطه ظاهر عليها اكتر من ٣ ممكن يقبلوا الرحله و محدش بيقبل بجد بقيت حاجه فظيعه يعني لو واحد متأخر على الشغل او مستعجل مفيش اي مراعاه,Neutral
3c419b7d-5408-4bcb-b2da-99aad17244dd,Uber,Transport Services,5,2026-08-30,EXCELLENT COMPANY,Positive
0b5ea23a-124f-4322-9c2d-a89951cb7c27,Uber,Transport Services,5,2026-08-30,احسن معمله,Positive
e1c2389d-ac6c-4488-b89e-0d32eeee0f55,Uber,Transport Services,5,2026-08-30,ممتازه,Positive
2904b43d-a5f0-43f3-8f8d-c9cc8d68c427,Uber,Transport Services,5,2026-08-30,جميل,Positive
9e05725d-82e7-4134-8bc9-be7795959a76,Uber,Transport Services,5,2026-08-30,جميل,Positive
61319fad-d10c-43d0-8794-978da70b7025,Uber,Transport Services,5,2026-08-30,ممتاز,Positive
53a4b52c-3d8d-44d3-b25b-d9dbb72165d6,Uber,Transport Services,5,2026-08-30,رؤؤؤعات,Positive
d67ecd88-b07a-4a94-88a9-d33b740db4f0,Uber,Transport Services,5,2026-08-29,ممتاز,Positive
28c793a3-4cff-4166-a54c-c4928061c19b,Uber,Transport Services,5,2026-08-29,ممتازه,Positive
85f41b8c-b0c2-4cbf-97a2-1001979f971a,Uber,Transport Services,5,2026-08-29,جيدا جداً خدمة ممتازة,Positive
90acf014-67b9-4d3f-80e8-f51e2f30dc71,Uber,Transport Services,5,2026-08-29,جيد جدا,Positive
7ca32844-7337-4716-8eb9-f17404fd55b2,Uber,Transport Services,4,2026-08-29,تحت التجربه,Positive
3132159e-5e78-4ad5-9af1-fd5f8cd9d25c,Uber,Transport Services,5,2026-08-29,رهيب,Positive
4b28a96c-ef94-417f-9139-7b8afffc5f56,Uber,Transport Services,5,2026-08-29,ممتاز جدا,Positive
bae1897e-0d22-4fab-ba74-7ec6890e111a,Uber,Transport Services,5,2026-08-29,رائعه جدا وسائقين محترمين وسيارات نظيفه ومعامله محترمه,Positive
32b15e41-6ad4-4c33-bead-b30a85c00f38,Uber,Transport Services,5,2026-08-29,انسان محترم شكرا جدا,Positive
a8162d94-da78-4bba-9479-73227fb3921b,Uber,Transport Services,5,2026-08-29,افضل خدمة,Positive
d92dc0b9-c413-409f-89cf-b05ed2ad62f2,Uber,Transport Services,5,2026-08-29,ممتاز,Positive
92334b7d-2605-46a3-9f9d-a1f2fa0fe093,Uber,Transport Services,5,2026-08-29,جميل,Positive
396a3ed9-5650-4b11-b8d9-f0f96ef77caf,Uber,Transport Services,5,2026-08-29,كويس جدا,Positive
bc9ed429-1628-48d6-8514-87ad2e4d841d,Uber,Transport Services,5,2026-08-29,good 👍,Positive
4764a220-9251-46c4-b80a-d54fb3da91cd,Uber,Transport Services,5,2026-08-29,ممتاز جدا,Positive
fabf7089-ea87-4f26-9c39-353e679bec51,Uber,Transport Services,5,2026-08-29,كويس جدا,Positive
1be2b4ae-dbcd-4ee2-9876-f3158a2652c0,Uber,Transport Services,5,2026-08-29,جيده,Positive
d3e45e29-41c2-4d69-9a56-107ee0b24c0c,Uber,Transport Services,5,2026-08-29,شغال في سوهاج,Positive
501451b8-6603-495e-ad11-ee1219bb5388,Uber,Transport Services,1,2026-08-29,اسلوبهم م احسن حاجه وبياخدو وقت عقبال م الرحله تتقبل وحد ييجي,Negative
ce07b553-bd9d-42ce-b419-05df3fa4d2c2,Uber,Transport Services,5,2026-08-29,مريح,Positive
f971fbec-ac6e-4297-a479-7473d4b9307c,Uber,Transport Services,5,2026-08-29,ممتاز جدا,Positive
b582ec29-7e25-4fc7-8232-4d3c1a9a2521,Uber,Transport Services,5,2026-08-29,ممتاز,Positive
069c0e34-93e2-4263-9a84-3d46a29bb82e,Uber,Transport Services,5,2026-08-29,ممتاز,Positive
c8ba20d9-2219-44d5-b9bf-e5d3a991ec63,Uber,Transport Services,5,2026-08-29,ممتاز,Positive
20791d98-fdc4-4c6b-a8cf-f62131bd25e9,Uber,Transport Services,1,2026-08-29,تاخير في الرد والتواصل,Negative
4a1cc876-630d-4832-8eee-ca24d05fcd74,Uber,Transport Services,5,2026-08-29,ممتازه,Positive
086c6776-dd12-4643-9efc-e05b96637753,Uber,Transport Services,5,2026-08-29,بعد حل المشاكل أصبح التطبيق ممتاز و فعال,Positive
0fd2527c-3d96-428f-9325-cb19fcedfa5a,Uber,Transport Services,1,2026-08-29,برنامج فاشل وإدارة افشل,Negative
026214ac-5fba-4af9-9036-ebafc64efe34,Uber,Transport Services,5,2026-08-29,اجمل سواقين قمه في الادب والاخلاق للاامانه حبيت البرنامج من اخلاق السواقين,Positive
61a173f0-3403-4b60-8b05-d088388f15df,Uber,Transport Services,5,2026-08-29,التجربة الأولى غير ناجحة لعدم مصداقية السائق فى إلغاء الرحلة وتحميل مصاريف الإلغاء عليك ولكن فى نفس اليوم كانت الرحلة ممتازة من السائق ومن العربية,Positive
8bc37d95-1e0f-4264-b444-85a2ae792c9d,Uber,Transport Services,5,2026-08-29,good,Positive
3bf6f9d9-4bb1-4a25-84f0-1d9595950876,Uber,Transport Services,1,2026-08-29,مش مهتمين الموظفين ودا حرام,Negative
98099892-4f60-4cf8-80ee-80eb5e60cee5,Uber,Transport Services,1,2026-08-29,تطبيق سيى طلبت مشوار وحاسبت عبر الصرافه بعد ساعتين ينخصم من حسابي مبلغ اكبر من المبلغ المدفوع,Negative
4e5c89d2-8ad4-4368-af0a-33395352f14b,Uber,Transport Services,5,2026-08-29,ممتاز,Positive
4c2b0cbb-176a-4e76-8763-d786a932c6e3,Uber,Transport Services,1,2026-08-29,سوء معامله من العمال ومبيحصلش اي حاجه ولا في رد فعل من الشركه لما بتشتكي,Negative
b189960a-fc84-4b1d-80f8-349d7f54482a,Uber,Transport Services,4,2026-08-29,كويس,Positive
9c55ec56-fe45-4138-a33b-7882b0bc04d5,Uber,Transport Services,5,2026-08-29,جيد جداً,Positive
e5e9a8e6-deb9-4060-a522-c4666fa3b3d9,Uber,Transport Services,5,2026-08-29,ممتاز جدا جدا,Positive
f2c584bd-91e0-427b-ab0a-8e23fccc3b3c,Uber,Transport Services,5,2026-08-29,الامتياز المهنى,Positive
d25d12fc-b112-4054-8671-bc319f31afa6,Uber,Transport Services,5,2026-08-29,حلو مره وسعار خيالية,Positive
2215f835-6807-4b83-968d-3bc84c38f8a8,Uber,Transport Services,5,2026-08-29,الاختيار الأمن,Positive
eeb61bce-76e4-4642-8388-9966de740dcb,Uber,Transport Services,5,2026-08-29,bon aplication transport,Positive
bb69308d-39e7-4405-8cb4-888965fd4ea4,Uber,Transport Services,5,2026-08-28,All is ojk,Positive
211f0873-b398-4cf0-88d9-ed2b537f6953,Uber,Transport Services,5,2026-08-28,ممتاز,Positive
9f7412a8-ee0a-4d99-93b0-f2e7d3a4b0b5,Uber,Transport Services,5,2026-08-28,شقق محترم جدا الله يعطيك العافيه,Positive
01aad2a6-89dc-4b08-a513-847d116a287c,Uber,Transport Services,5,2026-08-28,ممتازه,Positive
83def212-d6ab-4815-b455-ee3b0722c511,Uber,Transport Services,5,2026-08-28,جامد,Positive
07710e4f-ab5b-4fbf-9b02-046ded8b268e,Uber,Transport Services,5,2026-08-28,شكرا.,Positive
2521ed84-7c92-439b-aa72-391df75c4eb8,Uber,Transport Services,5,2026-08-28,رائع,Positive
e2c27de1-bc6f-4450-a50b-ddcb2c3aeba9,Uber,Transport Services,5,2026-08-28,ممتاز جدا,Positive
35524aa8-2269-4355-8a7e-6b32338873a7,Uber,Transport Services,5,2026-08-28,رائعة,Positive
1f2814bc-129d-46af-b9c9-3497e5778632,Uber,Transport Services,5,2026-08-28,good,Positive
305d209a-5265-4190-b0e9-2181db361157,Uber,Transport Services,4,2026-08-28,ممتاز جدا جدا جدا بس المشكله في الأسعار بالنسبه لباقي التطبيقات التانيه,Positive
02cc3220-010c-4139-b1de-b8355d419b50,Uber,Transport Services,5,2026-08-28,جيد ولاكن لا يعد الطريق بشكل جيد يطول المسافه,Positive
d9db96ec-f433-4266-8c83-cbfbc7ec633b,Uber,Transport Services,5,2026-08-28,ممتازة,Positive
31af8194-8f69-4d19-8951-723a9d492219,Uber,Transport Services,1,2026-08-28,لاحدا يجربه يجمد المصاري الي بالفيزا,Negative
4b07b560-fe19-4a75-a9d2-7d041a1425d2,Uber,Transport Services,5,2026-08-28,ممتاز,Positive
6a7ad206-2f6a-44f3-931b-da77e2aba5ff,Uber,Transport Services,5,2026-08-28,ممتاز,Positive
ce45169a-d35a-43b9-9ed4-71809d8f49de,Uber,Transport Services,3,2026-08-28,برجاء تحسين البرنامج,Neutral
d4307a88-0639-4274-9963-10952c96952b,Uber,Transport Services,5,2026-08-28,جيد,Positive
ca3d5f58-aed1-4c33-8ed6-85b26e129a84,Uber,Transport Services,5,2026-08-28,جيده جدا,Positive
da0a4da5-5d8d-4960-bdb2-7609c28a5781,Uber,Transport Services,5,2026-08-28,ما شاءالله تبارك الرحمن احسن سوق,Positive
a0b81297-e46c-407b-b725-4d3eaff9cf45,Uber,Transport Services,5,2026-08-28,تجربه ممتازه,Positive
895f84f1-a0b1-4752-8565-4e78ef06a4ef,Uber,Transport Services,3,2026-08-28,احجز مشوار بسعر ظاهر في التطبيق ثم بعد الوصول يطلب السائق سعرا زائدا؟؟,Neutral
f9c6953f-73c9-4011-8ad8-59ef1ffc0f1f,Uber,Transport Services,1,2026-08-28,حذفته طلع لي مشوار لم يتم الدفع كيف لم يتم الدفع يعني السواق با ينزلني بدون ما دفع مو معقووله؟؟,Negative
c67e21b9-ba19-4b4b-ba01-f5e8a4124b37,Uber,Transport Services,5,2026-08-28,ممتاز,Positive
ac495acd-5e2f-49e2-9a68-f8e7cc9a7624,Uber,Transport Services,5,2026-08-28,جميل جدا,Positive
bf734d37-b994-4b35-ac82-b41327090abe,Uber,Transport Services,5,2026-08-28,ممتاز,Positive
61c1589f-9ae1-46c1-b9c4-bc1b70757899,Uber,Transport Services,5,2026-08-28,الاحلي من الاحلي شركه اوبر من اسرع الناس كل الحب و التقدير,Positive
faf02c20-78d3-4a28-844f-647ef03fa486,Uber,Transport Services,5,2026-08-28,اضمن واحلي تطبيق,Positive
2e8ad6a7-01f6-4a61-87b3-e9138e0526cf,Uber,Transport Services,5,2026-08-28,good 👍😊,Positive
9cd627ec-5131-403b-a039-ef0f42f7e2dd,Uber,Transport Services,5,2026-08-28,ممتاز,Positive
ee1054b2-2070-4ae8-8f0f-0ddf2e422fbc,Uber,Transport Services,5,2026-08-28,ممتاز,Positive
7f9f4879-7827-4614-a1fb-4b23a46900da,Uber,Transport Services,5,2026-08-28,تطبيق محترم والكباتن الي فيه محترمين والعربيات كويسه ومكيفه علي عكس باقي البرامج,Positive
f867bc06-8111-4c94-89de-46a627a63ff3,Uber,Transport Services,5,2026-08-28,افضل تطبيق توصيل,Positive
737efd07-dd0e-49fc-8522-da66157ebbb6,Uber,Transport Services,5,2026-08-28,😀,Positive
3ed9c15a-b5b1-4588-8ec6-f357ec50949b,Uber,Transport Services,5,2026-08-28,ممتاز,Positive
c28eecde-40c7-4b42-9424-d4e44dd84089,Uber,Transport Services,5,2026-08-27,很好！,Positive
edac08ef-ea98-448f-9cdc-8a86dbd801f7,Uber,Transport Services,1,2026-08-27,جيد جدا,Negative
4c876d94-fb65-4228-91b4-1dcf1f5621ad,Uber,Transport Services,5,2026-08-27,good,Positive
97e23f8f-2ef3-4f2f-9519-d2cf3f9654fa,Uber,Transport Services,5,2026-08-27,سائق ممتاز,Positive
edab4196-c360-488c-bb8c-eb9599ee5070,Uber,Transport Services,5,2026-08-27,ممتاز,Positive
2f2f09bd-8bb2-4c1f-a364-6398ca94886e,Uber,Transport Services,5,2026-08-27,ممتازه,Positive
1bf0c621-aff0-44aa-90e6-103f1d2ee62c,Uber,Transport Services,5,2026-08-27,ممتاز,Positive
6b4686fb-9d4e-49bc-bc5d-42c7178681d0,Uber,Transport Services,4,2026-08-27,تجربه حلوا واسعار معقوله,Positive
569a32f9-faa0-40d1-b0ec-13f235f45900,Uber,Transport Services,5,2026-08-27,ممتاز,Positive
b4ec71e2-0680-4672-a765-6c5ffe2fde07,Uber,Transport Services,3,2026-08-27,كويس بس الأسعار غاليه,Neutral
ca5e07c4-54bb-42d5-a85a-8e223d4a6bc4,Uber,Transport Services,5,2026-08-27,من أفضل التطبيقات اللى موجوده,Positive
3b1c531c-713b-4629-8c15-09cae8e84c53,Uber,Transport Services,5,2026-08-27,شكراً على الرحلة الرائعة القيمة والغنية بقيادة الأستاذ أحمد ٍ أشكره من كل قلبي رجل محترم وراقي من جميع المقاييس .. وشكراً لكم لإهتمامكم بكونكم شركة محترمة كل التقدير والإحترام لكم ...,Positive
6cdf2db4-a254-451a-86ba-2affd286b6ee,Uber,Transport Services,5,2026-08-27,ممتاز,Positive
eb3c5d24-dffa-4c78-9d9e-a96cf3ce6668,Uber,Transport Services,5,2026-08-27,بصراحة التزام وراحه وتوفير وقت شكر بجد والله,Positive
4b58fc11-26f1-44b0-b63c-32b72df251f9,Uber,Transport Services,5,2026-08-27,تطبيق رائع يسعفني عند الاحتياج اليه,Positive
0cf3bee6-0119-4dc3-8df2-692eae690220,Uber,Transport Services,1,2026-08-27,برنامج بقا زباله وكله نصب في نصب والشركه بتسعدهم في كدا السواق جالي ورنيت عليه يقل السكه في وشي 4مرات وبعد كدا لغه ونزل عليا رسوم ودي مش اول مرا وكلمه محدثه علي البرنامج يشوف المحدثه ومش عاوز يرد وفي الاخر الشركه تنزل غرامه علينا,Negative
31efd099-4255-4845-8a1b-52039f762350,Uber,Transport Services,2,2026-08-27,رائع,Negative
3f10f906-db85-40b3-aad7-65830b0579e6,Uber,Transport Services,5,2026-08-27,ممتاز,Positive
956f3bef-5677-46ee-bbc1-1087eb0dd19a,Uber,Transport Services,5,2026-08-27,مريح وفعل,Positive
5a5a702e-e877-4c6f-b41b-a9ec98a10d1e,Uber,Transport Services,5,2026-08-27,جميله ماشاء الله اللهم بارك يارب ربنا يحفظهم جميعا من كل مكروه وسوء يارب العالمين,Positive
7eff0177-b744-4faa-ae16-bda22f654987,Uber,Transport Services,2,2026-08-27,يقوم بفرض رسوم عليك حال إلغاء المشور ولا يقوم بتعويضك عن الأضرار التي تقع عليك عند إلغاء السائق المشور بعد إنتظار طويل,Negative
d5df3996-5b00-47b1-8993-cf886e7e1c0b,Uber,Transport Services,1,2026-08-27,ممتاز,Negative
92373115-66e5-41f1-b201-d0f064b169ef,Uber,Transport Services,5,2026-08-27,طلبت أوبر شوي تأخر بس قال زحمه بس كان السائق لطيف والسعر ممتاز مره,Positive
c43e9819-8e14-49d6-ad7c-07ba0cb1b894,Uber,Transport Services,5,2026-08-27,ممتازه,Positive
74ba55b5-c797-4ca6-8bd2-2edef5d9e196,Uber,Transport Services,5,2026-08-27,جيده جدا اختيار موفق للسائقين وتعامل ممتاز,Positive
dd61e3cb-8f75-4796-93a5-668528199668,Uber,Transport Services,5,2026-08-27,ممتازه,Positive
1005538a-2806-4857-81b3-2bb87c66aa0f,Uber,Transport Services,2,2026-08-27,جيد,Negative
0d2029d9-0449-44ea-acfe-0db93d7df6a6,Uber,Transport Services,1,2026-08-27,تجربة سيئة للغاية حجزت مشوار الى المطار وفي اخر دقائق تم تغير السيارة وارسال سيارة سيئة جدا بصراحه ومش نضيفه والسائق مش نضيف وضوافره طويلة وريحة عرق في العربية والعربية وسخه ومتربة وحاجن اخر قرف بصراحه ولا حتى رضي ينزل يساعد بوضت الشنط بشكل صحيح وكانت تجربة سيئة للغاية واخر مره ممكن اتعامل مع اوبر بصراحه كانت رحلة سيئة جدا رام اني مطلبتش رحلة عادية كانت رحلة بتكلفه اعلى عشان احصل على سيارة متررتبة ونضيف ولا نجمه بصراحه كان نعاية ضيوف بوصلهم المطار بصراحه وشي بقا اسود بسبب المشوار ده xxxxxxxx,Negative
6f77edb7-6d42-4070-8168-04e45343e7b0,Uber,Transport Services,5,2026-08-27,جيده,Positive
57bbd611-4732-4ee1-8b95-9136c6ce006d,Uber,Transport Services,5,2026-08-27,متازز جدن,Positive
6f223fbf-58f4-457e-9928-e2e713331896,Uber,Transport Services,5,2026-08-27,ممتاز,Positive
616b39c2-e8ba-4a0b-81fd-cb0654d1281a,Uber,Transport Services,5,2026-08-27,ممتاز,Positive
a3de6d09-d38c-4b5c-b82d-331b0f05870c,Uber,Transport Services,5,2026-08-27,ممتاز جداً,Positive
768b79c9-d34a-420c-9ea3-59f4a5446029,Uber,Transport Services,5,2026-08-27,افضل برنامج,Positive
f5756e65-d7c7-43de-bf46-16a50ae7d19d,Uber,Transport Services,5,2026-08-27,Exclant 👍,Positive
60179c2d-df77-4141-8f49-6b95a16f21fb,Uber,Transport Services,5,2026-08-27,ممتاز,Positive
477635ad-9bc3-4b68-afda-f6695a5fb276,Uber,Transport Services,5,2026-08-27,ممتاز,Positive
bb955e79-af54-40a1-9d09-883c23b1fb96,Uber,Transport Services,5,2026-08-27,👌,Positive
6881c857-160b-4d1d-b8bc-430ae8223fdf,Uber,Transport Services,5,2026-08-27,رائع جدا,Positive
0d40dba1-4ef1-4ec2-b36e-ca2780bea5b7,Uber,Transport Services,4,2026-08-27,خدمه جميله جدا,Positive
8d4694bc-9785-4156-b6c3-6931f4e13ebf,Uber,Transport Services,5,2026-08-27,جيده,Positive
864f7468-033d-4310-87e1-0d7f41420cea,Uber,Transport Services,5,2026-08-27,ممتاز,Positive
8d7c59d8-f380-46bb-8020-9b30049d2c28,Uber,Transport Services,5,2026-08-27,جيد,Positive
007d915b-18b0-43fe-9537-23d0eb89f3f9,Uber,Transport Services,1,2026-08-27,تسعيره غاليه,Negative
fefdb9a0-ff54-496c-a5e9-8e8a3c1cd134,Uber,Transport Services,1,2026-08-27,تطبيق حالياً سيئ جداً وما يحترمك ابداً يا السائق لا من الفني ولا من ناحية الاسعار يحسسك ان زمن العبودية رجع وانت عبد عنده،ما اقول الا حسبي الله ونعم الوكيل,Negative
6273acbd-9776-45a9-b661-46e6d41ececc,Uber,Transport Services,1,2026-08-27,حلو جدن,Negative
df3d104e-bdfa-4e5e-a438-132a6cebd451,Uber,Transport Services,1,2026-08-27,اندرويد احسن,Negative
4b0e3e67-da1f-4283-b37a-6cce33e2f61a,Uber,Transport Services,5,2026-08-27,جيد جدن,Positive
3a7fd934-5d53-4d7d-b7cc-40889d9439fd,Uber,Transport Services,1,2026-08-27,رائع,Negative
3b8c5b7d-e7d9-4783-932e-820a73914aff,Uber,Transport Services,5,2026-08-27,سائق محترم,Positive
e2e21af3-8bcb-4ae9-83bf-606f27fbf433,Uber,Transport Services,5,2026-08-27,ممتعه مع كومفرت,Positive
59ac40f3-9671-4a4c-9940-051726601887,Uber,Transport Services,5,2026-08-27,ماشاء الله,Positive
28ac3f35-0b11-41df-8ea8-45647fdabb93,Uber,Transport Services,5,2026-08-27,جيد جداً,Positive
ac6b7a71-abab-4a07-b5b5-35360d48bcbc,Uber,Transport Services,5,2026-08-27,güzel,Positive
e3b52528-7dc3-4900-94a4-f6f131503933,Uber,Transport Services,5,2026-08-27,الذ تطبيق,Positive
dce5ff33-208d-46c1-af2c-095932212904,Uber,Transport Services,5,2026-08-27,كانت جميله ومو اول مره ديما اطلب اوبر,Positive
6f583882-6f3e-48ee-a32f-861bc397bf9e,Uber,Transport Services,5,2026-08-26,ممتازة,Positive
e84e0608-06d3-45c0-bf58-8df93d11634b,Uber,Transport Services,1,2026-08-26,للاسف الشديد تم تقديم شكوي بسبب سائق غير امين بعد تحصيل مبلغ الرحله قام بتحميل المبلغ مره اخر كمديونيه وتم عمل شكوي من أكثر من ثلاث ايام بدون بت فيها من فريق الدعم وعدم إنهاء تلك المشكله باب وضع غير ردود كلها استخفاف بالعملاء و تسويف وأسلوب بيروقراطي فاشل بدون حلول ولا يوجد حل حتي الآن من فريق الدعم بالشركه والتعامل بأسلوب غير احترافي,Negative
1f6a4d85-262d-4c7c-bfb7-1e2e66445ef8,Uber,Transport Services,5,2026-08-26,ممتاز,Positive
1865cc41-bc10-41a9-ad8a-47020b22572a,Uber,Transport Services,5,2026-08-26,جزاكم الله خيرا,Positive
a73e0393-b332-44b0-a856-529115cb5359,Uber,Transport Services,4,2026-08-26,جيده,Positive
5f17ac47-3a1d-474d-bc90-0a82e3cd3b8d,Uber,Transport Services,5,2026-08-26,ممتاز,Positive
483a7b5f-d760-4b98-b20e-2dfe6e53a424,Uber,Transport Services,5,2026-08-26,خدمة ممتازة,Positive
74a6dedc-a5a0-4512-aac8-ef033618ba82,Uber,Transport Services,2,2026-08-26,رساله بتطلع اني احدث التطبيق و بعد ما احذفه وانزله تاني برده نفس الرسالة,Negative
d8ae95f0-b4c1-4533-bc40-11b99922b2ba,Uber,Transport Services,2,2026-08-26,التطبيق علي اخر اصدار و كل ما اطلب رحله يقولي يجب التحديث و يخرج و مش عارف اطلب رحله خالص,Negative
a079dd6e-fb94-4cc5-841d-2de3d5cdfe2b,Uber,Transport Services,5,2026-08-26,good,Positive
1f95f938-db5e-4d6c-919f-d26328fb3707,Uber,Transport Services,5,2026-08-26,bom,Positive
8a266e04-ccb9-4dfa-87e4-a8accd44d473,Uber,Transport Services,4,2026-08-26,للاسف كان ياخذ مسافه الديك طرق تطبيق اورنج المفروض ما يمشيش فيها والتطبيق غالي شويه,Positive
b9cca872-d9b5-4a36-a6dd-ede47f2a83dd,Uber,Transport Services,5,2026-08-26,ممتاز,Positive
9fd03e0c-a261-407d-9efe-f7809f0f0bb8,Uber,Transport Services,5,2026-08-26,ممتاذة,Positive
45e8dd0f-b7e6-47ef-bc77-04510507524f,Uber,Transport Services,5,2026-08-26,تجربه جميله جدأ,Positive
fa54cdab-3036-4e83-8978-f93385640be2,Uber,Transport Services,1,2026-08-26,عمليات نصب واحتيال كثيرة سوف تتعرض لها من قبل السائقين عندما تستخدم هذا التطبيق الفاشل,Negative
90c7280d-e7bd-4879-b3b8-d3be68a879e2,Uber,Transport Services,1,2026-08-26,ما شاء الله خدماتكم ممتازة أوي انصح كل شخص بالاستفادة من خدمات أوبر,Negative
8a5ab229-06bf-41b3-a1d6-c7cd48b708c7,Uber,Transport Services,5,2026-08-26,طريقه اسرع لا اتواصل وسائق محترم جدآ يستحق 5نجوم,Positive
8226541e-e473-40e0-a723-e6ee361a4920,Uber,Transport Services,5,2026-08-26,ممتاز بارك الله فيكم,Positive
3a8ef0f0-c4d8-4819-b493-c72a12154615,Uber,Transport Services,5,2026-08-26,سواق ممتاز,Positive
a7002212-87fe-497a-924c-991f0a65693e,Uber,Transport Services,5,2026-08-26,رائعة جدا جدا جدا جدا جدا جدا,Positive
1ba9d288-165f-49fb-96fe-50f34bb447f4,Uber,Transport Services,5,2026-08-26,ممتاز,Positive
738a3914-a26d-4a8c-ac66-4b82a3003d86,Uber,Transport Services,5,2026-08-26,كابتن ممتاز جدا,Positive
0d4e39b4-f9cd-4c60-8d3f-764798260b3c,Uber,Transport Services,5,2026-08-26,ممتاز,Positive
5a9f28f4-30d6-45a9-98d6-f48135f3bcce,Uber,Transport Services,5,2026-08-26,الله يديم هيك شركات مرتبه ومضمونه وآمنه,Positive
62e8b3ef-7983-4205-b741-ae34f7c084f2,Uber,Transport Services,5,2026-08-26,ممتاز جدا جدا جدا,Positive
6a1a3d2d-4a2e-460e-8997-1816a0c9dba4,Uber,Transport Services,5,2026-08-26,كانت ممتازه,Positive
f3431588-dfd5-4797-a343-8a221a3ca011,Uber,Transport Services,5,2026-08-26,ممتاز,Positive
912abe58-91ca-4cdd-a614-3c20f7da7130,Uber,Transport Services,5,2026-08-26,جيد جدا,Positive
6ec957e1-670e-4bf4-acb2-a6fea41a4fef,Uber,Transport Services,1,2026-08-26,السلام عليكم أتمنى أنكم تحسنون التسعيره أوبر و كريم مافي فرق بأسعار المشاوير والفرق من ( 90هلله / 98 هلله ) هذا الكلام من وقت ما أندمجو الشركتين علقل خلوها ( 25هلله / 50 هلله / 75 هلله ) عقل يرجعون لنا شي معقول لأنه مافي بقيه المبلغ أحسن من تسير مشكله معا الكابتن و إنشاء تتحسن الخدمة وشكرآ .,Negative
6d672f28-39d3-40c0-b073-d567d71e8677,Uber,Transport Services,1,2026-08-26,أنا عندي مشكله في برنامج مش عارفه اتوصل مع احد,Negative
574f33b0-a6cd-45d3-9ac2-88ccaa886848,Uber,Transport Services,1,2026-08-26,من اسوء التطبيقات.لا يمكنك التواصل مع السائق على رقمه الخاص عند طلب الرحلة او بعدها..اذا نسيت معه شيئا واردت محادثته او التواصل معه فور نزولك من السياره؛فلن يمكنك التواصل معه مباشرة على رقمه.بل تتواصل وتأخذ وقتاً مع الرد الآلي اللااامنطقي..وبينما يرد عليك يكون السائق قد أخذ غرضك وابتعد كما حصل معنا مرتين.والمؤسف حقاً انه عندما يمكنك التطبيق من الاتصال بالسائق تتصل ولا يرد وليس لك الحق في ان تتصل اكتر من ٥ مكالمات فإن رد عليك كان بها وان لم يرد؛كان الله في عونك حتى يستيقظ من غيبوبته,Negative
633fd70d-f838-483c-b8d2-d30c276f1032,Uber,Transport Services,5,2026-08-26,ممتاز جداً جداً جداً,Positive
db7efd70-b0f7-49ae-9401-b11e07c8c9f9,Uber,Transport Services,5,2026-08-26,جيدة جدا,Positive
ff7fc44f-f7fc-4f21-94cd-b38e508e2391,Uber,Transport Services,5,2026-08-26,محترم وسريع ومتقن عمله,Positive
812c032e-ceb3-4038-aeb0-9e48c96ec32f,Uber,Transport Services,5,2026-08-26,كويس جدا,Positive
a20b7d27-0dfc-490d-b994-4128658b9636,Uber,Transport Services,1,2026-08-26,لا يعجبني ابدا سبق وأن طلبت موقع وظهر في التطبيق موقع اخر وقام السائق بتجاهل طلبي واوصلني إلى مطار وانا من ذوي الاحتياجات الخاصه ارجوا ارجاع خسارتي في المبلغ حوالي 100 دولار وسوف الجأ إلى المنظمات الحقوقية بالولايات المتحده,Negative
094e090a-bef5-4e6e-bf6b-42422b485940,Uber,Transport Services,5,2026-08-26,سيارة جميلة وسعر ممتاز,Positive
6dd22fa1-20c5-4ff7-ae83-886f4b8ef74f,Uber,Transport Services,5,2026-08-26,محترم وسواقته هاديه وعربيه جميله ربنا يباركله,Positive
3fb5fb20-13e4-4ce4-992d-504a707cde58,Uber,Transport Services,4,2026-08-26,جيده,Positive
7c0810c5-79ee-450a-8668-2067acfaf22a,Uber,Transport Services,1,2026-08-26,انتم ظالمين الكباتن جدآ جدآ جدآ,Negative
e3027b28-9b3d-4109-a927-84a88c5fbe4b,Uber,Transport Services,5,2026-08-26,برنامج جميل,Positive
105b8a8b-5970-4469-8d0d-b1bff88a3295,Uber,Transport Services,5,2026-08-26,👍,Positive
6233f743-86b3-49b8-9f08-f45e82d20edf,Uber,Transport Services,5,2026-08-25,والله ياانو السائق فلاوي ويضحك ويسولف والله جدا جدا ارتحت معه الله يكثر من امثاله واتمنى ان الشركه تزيد راتبه,Positive
0c092175-7c42-46f0-90d8-7914ff42afe1,Uber,Transport Services,5,2026-08-25,رحلة سهلة مع كابتن ممتاز ، سيارة مكيفة نظيفة جدا,Positive
81f1a6ff-3593-4290-9304-d3469978954d,Uber,Transport Services,4,2026-08-25,👍👍👍,Positive
f7fc8dc5-d8aa-4c09-8158-a85f02a80d2a,Uber,Transport Services,5,2026-08-25,ممتاز,Positive
ebc6e722-3be2-4133-b1b2-fe64322fa1ad,Uber,Transport Services,5,2026-08-25,جامد جدا اوى,Positive
bad9a17e-a674-48e3-b7a7-8b0f0be4a325,Uber,Transport Services,5,2026-08-25,جيد جداً,Positive
5b0fb08f-087e-4311-aea1-e4f5069deafe,Uber,Transport Services,5,2026-08-25,افضل تطبيق عندي,Positive
14dc49c1-f00a-43a1-b5ff-26f0169ced22,Uber,Transport Services,5,2026-08-25,تطبيق عملي جداً ، وأسعار منطقية ، وحرفية في التعامل,Positive
f28debbd-b31f-4e9e-a221-e940517a4560,Uber,Transport Services,5,2026-08-25,😍,Positive
9a13317a-7d6d-4c4f-9a9d-e4a5d699e308,Uber,Transport Services,5,2026-08-25,thank you very cheap money thank you for everything,Positive
3f10e82d-52a2-4739-9fc0-58f36d5d400b,Uber,Transport Services,5,2026-08-25,ممتاز,Positive
ca57f6a3-9ad0-4ebc-9d7e-7ca2451e1e2e,Uber,Transport Services,5,2026-08-25,ممتاز,Positive
1fcc6102-4d4a-44bc-9d6b-4a8fac842ff2,Uber,Transport Services,5,2026-08-25,جميله,Positive
de1197cd-bcfa-4b84-9e12-e3ba521d33c7,Uber,Transport Services,5,2026-08-25,ممتاذ,Positive
d2fbc89b-481f-4ac1-9df0-383805936d2b,Uber,Transport Services,5,2026-08-25,ممتاز,Positive
a26541ee-07eb-40bd-90e2-3fc9309e6598,Uber,Transport Services,5,2026-08-25,برنامج جميل جدا,Positive
7ea4cee7-a741-4767-ab9d-0e1d38510470,Uber,Transport Services,5,2026-08-25,ممتاز,Positive
730b1220-a2a4-40b8-bf99-8e795412c3fb,Uber,Transport Services,5,2026-08-25,تطبيق سريع,Positive
78c24af5-6586-4379-8cee-b0f6d99cbdcd,Uber,Transport Services,5,2026-08-25,محتاج اوبر اكتر في منطقتي علشان اعرف استخدم الي البرنامج واستفسد من الخدمه,Positive
f5deeed1-8122-460e-8954-c606537cf843,Uber,Transport Services,4,2026-08-25,مقبول,Positive
3466c56d-681f-4140-9db8-b38e0ab97fc8,Uber,Transport Services,5,2026-08-25,🌹,Positive
1dc6e1f3-46dd-47e8-a334-0669b6adddfd,Uber,Transport Services,5,2026-08-25,لا بجد سواقة هادئة والسواق محترم بجد,Positive
60c53374-d2b0-40cc-8c71-a7f47238411e,Uber,Transport Services,1,2026-08-25,للأسف تطلب أوبر ويقبل السائق طلب ويطول في الحركة المركبة الأخ يسولف مع حبيبتة ولما تزهق تلغي طلب ياخذ رسوم علي طلب جديد,Negative
9dc579aa-f722-4112-832e-188df82c7d8b,Uber,Transport Services,5,2026-08-25,مرت حلو,Positive
329beed2-663a-4e06-9a96-a8ef4017d02e,Uber,Transport Services,1,2026-08-25,تطبيق سئ جدا دافع للسائق المبلغ بالكامل و هو كتب مبلغ التحصيل بالغلط الشركه عاوزه تدفعني فلوس زياده تم التوضيح اكثر من مره اني الخطء من السائق والتطبيق مصمم اني ادفع فلوس انا دفعتها رغم اعترافهم في الشات ان الخطأ من السائق للاسف دي اخر مره استخدم التطبيق هناك بدائل لشركات مصريه افضل واكثر مصداقيه didn't و in drive,Negative
e2c25c17-807f-414b-b8d4-8e3ede513851,Uber,Transport Services,5,2026-08-25,جيد ممتاز,Positive
9a0bcd99-b4f8-471c-b688-5e824af04a75,Uber,Transport Services,1,2026-08-25,طماعين ولايراعون الكباتن في السعودية 👎🏼,Negative
64bf1215-05a7-4a8f-bbb1-690f77f82a91,Uber,Transport Services,1,2026-08-25,سئ سئ سئ، سواقين قمة في قلة الأدب، والابليكيشن بيجيب سواق في ساعة حرفياً. وكمان بقيتوا تحاسبوا الناس على ضعف السعر المتفق عليه للرحلة، سرقة علنية. تعديل: أصبحوا ممتهنين رسمي في تضييع وقت الناس، وعلشان نطلب ونلاقي سواق لازم اكتر من ساعة كمان,Negative
7a83591d-d1f4-4cdb-8077-3c872341b2e7,Uber,Transport Services,5,2026-08-25,ممتازه الخدمه,Positive
dcd79e89-7bce-40d8-8378-d1741556da91,Uber,Transport Services,5,2026-08-25,تطبيق آمن,Positive
07c49451-97d4-46e2-95a0-0f4ba9efcbca,Uber,Transport Services,5,2026-08-25,جميل جدا,Positive
3f7fbf67-7375-4dbc-a92f-d0a7b1fb8783,Uber,Transport Services,5,2026-08-25,ممتازة,Positive
428aac7d-61c3-498d-bc3c-63019fc51919,Uber,Transport Services,5,2026-08-25,ممتاز,Positive
3e4ad2b4-267f-4ae4-bbeb-28dcbe00bf41,Uber,Transport Services,5,2026-08-25,تطبيق رائع 🤩 انصح بأستخدامه🤩,Positive
d9411ac8-977d-436c-9846-3f240b12ceab,Uber,Transport Services,5,2026-08-25,ممتاز,Positive
f1ff444c-f89f-45c4-93c5-9e580378eea9,Uber,Transport Services,1,2026-08-25,اسوء دعم في العالم تجربة في غاية السوء وتجاهل وقلة تقدير وردود مستفزة وقلة ضمير وقلة ادب وعشان مشكلة في طريقة الدفع بقالي اكتر من شهر محروق دمي معاهم ومفيش جديد او حل وكل مرة ما زلنا نراجع واخيرا وصلت لأني هحذف التطبيق الزبالة ده وحسبي الله ونعم الوكيل فيهم حرقة دم الناس دي هتطلع علي عينيهم ان شاء الله,Negative
902c0612-da07-4af3-8243-b9a748c504d9,Uber,Transport Services,5,2026-08-25,تحفة,Positive
8f1e5896-63f7-4613-98cd-bd6e2c12a0c3,Uber,Transport Services,3,2026-08-25,قيمة التوصيل 29.90 وسحب مني 31 ريال,Neutral
c0321ab0-b13d-4430-b82b-8808fa266a2a,Uber,Transport Services,5,2026-08-25,جيدة,Positive
e314729b-c0ca-4d44-9f43-b836db12d11f,Uber,Transport Services,5,2026-08-25,ممتاز,Positive
5308a7ae-0f7a-495f-91d1-bdbb944b5f7b,Uber,Transport Services,5,2026-08-24,والله وبدوم مجامله انه افظل تطبيق مشاوير سياراة نضيفه وجديده تعامل السواقين مره كويس وانصح الكل بتجربته والتجربه خير برهان,Positive
83ed915c-5848-4b89-9529-871e6c3c7e41,Uber,Transport Services,5,2026-08-24,مرا ممتاز وأفضل الاسعار فيه,Positive
8e909aea-2101-4f2f-87a5-f40dd54e3a02,Uber,Transport Services,5,2026-08-24,جيد جدا,Positive
0a33ce78-374d-46d3-8b55-c6321f00db87,Uber,Transport Services,5,2026-08-24,رائع,Positive
ae62cda8-2132-45aa-a0d9-727579503ed5,Uber,Transport Services,5,2026-08-24,احلي كابتن محمد شوفتو واحلي تطبيق,Positive
c5c2cd5a-8444-454f-9850-3f66bf6f9256,Uber,Transport Services,5,2026-08-24,جيدة,Positive
3de5cef2-bc03-4668-afb4-2e594bafcdb4,Uber,Transport Services,5,2026-08-24,محترم,Positive
97813960-62ec-4f97-915f-29867ce98538,Uber,Transport Services,5,2026-08-24,ممتاز,Positive
a80cbe35-c651-43b8-96bf-f2f8de4cf14e,Uber,Transport Services,5,2026-08-24,جميل,Positive
dad543f6-998e-4bb0-a11e-403742fb04c3,Uber,Transport Services,5,2026-08-24,جميل جدا,Positive
2701960c-5eb8-424f-a788-4ff55dfe6b60,Uber,Transport Services,5,2026-08-24,ممتازة,Positive
10d8d203-b045-418b-9c1e-d10f7a20dce4,Uber,Transport Services,5,2026-08-24,جيده جدا وشخصيه محترمه جدآ,Positive
a5c41906-d295-499e-92d3-9919753ef0c0,Uber,Transport Services,5,2026-08-24,رحله ممتعه,Positive
d84acaca-3b2e-413c-95e5-4740bc72d0cc,Uber,Transport Services,5,2026-08-24,ممتاز,Positive
7796d475-7915-4f52-87cc-a98591133a32,Uber,Transport Services,5,2026-08-24,جيدة,Positive
8a231fe8-a83f-4299-aa40-414a8a2bea7d,Uber,Transport Services,5,2026-08-24,تطبيق مميز و رائع,Positive
31c96a19-05bd-47d0-80ac-5995e8974137,Uber,Transport Services,5,2026-08-24,ممتاز,Positive
dc044220-1686-4f10-a289-d33053a0d75b,Uber,Transport Services,5,2026-08-24,ممتاز,Positive
1761875f-8d17-414c-bb57-1b177a1f367b,Uber,Transport Services,5,2026-08-24,جيد,Positive
30daeaec-ea8d-4f10-baca-e4ddc81112d5,Uber,Transport Services,5,2026-08-24,رائعه,Positive
d8f738bb-d38e-489e-a8a0-27ba88b720e5,Uber,Transport Services,1,2026-08-24,سئ جدا,Negative
5dbab4dc-1d80-4c1a-beb2-5b3717a247fc,Uber,Transport Services,1,2026-08-24,ممتاز,Negative
9ac93fd2-4267-4b92-99a5-f94bb247f0d3,Uber,Transport Services,5,2026-08-24,ممتاز جدا اجمل تطبيق تعاملت معه والسائقين محترمين جدا ❤️❤️,Positive
5fe45124-75e7-4923-99d1-3693e6529016,Uber,Transport Services,5,2026-08-24,ممتاز,Positive
2e3dee06-9e7e-4cb2-8f8f-ddafe8fd6efa,Uber,Transport Services,5,2026-08-24,تجربه ممتازه واشجع المواطنين للانضمام الى اوبر كابتن مكاسبها جيده لي 9 سنوات كابتن واكثر من 10000 رحله,Positive
fc383554-3bcd-4bce-854d-50d026b12940,Uber,Transport Services,5,2026-08-24,ممتازه,Positive
80fb5b0e-f977-4ede-864f-2e224570dd76,Uber,Transport Services,5,2026-08-24,جيد جدا,Positive
60411de4-9cf2-41d3-9041-b37fd9546e66,Uber,Transport Services,5,2026-08-24,ممتاز,Positive
dd179210-63d8-440e-a2f9-ca70fb2eb8b6,Uber,Transport Services,5,2026-08-24,Seher gut,Positive
08192328-55fc-4efc-9cdf-fc283187416f,Uber,Transport Services,5,2026-08-24,جيد جدا,Positive
56af284b-fccf-4e95-bdc7-02ef47b6ec63,Uber,Transport Services,5,2026-08-24,ممتاز,Positive
905510fb-4d14-445f-a565-44d1eb2206c1,Uber,Transport Services,5,2026-08-24,تطبيق ممتاز,Positive
7d1caeb9-d6a7-42a2-a1c7-41e2f9ae18a9,Uber,Transport Services,5,2026-08-24,تجربة قيادة استثنائية بكل المقاييس الكابتن خلوق جداً ملتزم بآداب الطريق والسيارة نظيفة ومرتبة للغاية. رحلة هادئة ومريحة وآمنة، شكراً لك على هذا التعامل الرفيع والمحترف,Positive
ff373a84-1ed8-4d8a-a4f1-d93ccc060f19,Uber,Transport Services,5,2026-08-24,أول مره أجرب بس الدنيا تمام,Positive
4682f7f9-d366-4916-8740-c33c76dc9b7e,Uber,Transport Services,5,2026-08-24,ممتاز,Positive
96320f1e-c63a-4ef7-9057-f1b428975980,Uber,Transport Services,5,2026-08-24,ممتازة جدا جدا,Positive
e718c2cc-80f9-4d16-b6bf-6d6256d50aa7,Uber,Transport Services,5,2026-08-24,ممتاز,Positive
f5a14b55-c9eb-47b7-a813-4f9caab301ff,Uber,Transport Services,1,2026-08-24,مشاكل مع الدعم الفنى وعدم حل المشاكل وسحب فلوس من الفيزا بدون وجه حق,Negative
c2c8e9ba-c184-40c4-932b-52def68904c3,Uber,Transport Services,5,2026-08-24,حلوه,Positive
901687d7-1f77-4eb6-9458-462497aea383,Uber,Transport Services,5,2026-08-24,شركه محترمه,Positive
88eac698-b1b9-49c5-a6be-eb7c6780b998,Uber,Transport Services,5,2026-08-24,ممتااز,Positive
454acdfb-310a-458c-b80e-729191b442eb,Uber,Transport Services,5,2026-08-24,جيدة,Positive
5069d3d7-0efc-4130-8a49-c7fda8fcb333,Uber,Transport Services,5,2026-08-24,ممتاز,Positive
5d9d39de-88bf-46cb-9bb0-1065f1aad6ea,Uber,Transport Services,5,2026-08-24,جيده,Positive
a5ade355-c38e-42a5-ac23-ab45bc953347,Uber,Transport Services,4,2026-08-24,يتم إطالة الطريق من قبل التطبيق بناءا عليه يتم زيادة الأجرة,Positive
83e644f0-86fa-4b59-83f2-7a16d0575c0e,Uber,Transport Services,1,2026-08-24,worst customer service ever made. i had the most extreme experience with that bunch of scammers.,Negative
5782d00d-f5f6-41c1-9da6-b7bbc76682a2,Uber,Transport Services,5,2026-08-24,اوبر متميز كالعادة من افضل الى افضل,Positive
f7cc0462-887c-4371-aaaa-b29ac23065cc,Uber,Transport Services,5,2026-08-24,تجربة رائعة,Positive
2e74478e-9a1c-4b58-bcf3-e35d3c98eea4,Uber,Transport Services,5,2026-08-24,ممتاز,Positive
c451f78a-0fe6-48b0-925e-8f1d6163cf6b,Uber,Transport Services,1,2026-08-23,تجربة سيئة للغاية لا انصح بها بلا وجود خدمة حماية وامان اكثر من ذلك,Negative
84849605-6708-4937-876d-480de054ba41,Uber,Transport Services,5,2026-08-23,ممتاز,Positive
ad816547-0b5c-43d8-9bd8-e9d34df09982,Uber,Transport Services,5,2026-08-23,يستاهل البرنامج ١٠٠ نجمة,Positive
6c74ac9f-30df-40a6-ac09-8b407ae81fe8,Uber,Transport Services,5,2026-08-23,ممتاز,Positive
f9bd6bec-f856-4f98-afca-13f17b03493f,Uber,Transport Services,5,2026-08-23,ممتاز,Positive
e5b5c962-0ac4-44e5-9325-de7e59d8b201,Uber,Transport Services,5,2026-08-23,ممتازه,Positive
a668ef72-ce1a-4c01-b3f5-a3a65b2ca218,Uber,Transport Services,1,2026-08-23,لا انصح بالتطبيق طلبو مني دفع 8 ريال لاني الغيت الطلب لما وقف السواق بالشارع المقابل و هو ضغط على التطبيق تم الوصول للموقع هو ما وصل للموقع هو وقف في الشارع المقابل تبوني اقطع شارع سرعته 90 على رجولي ؟ نصابيين نصب عيني عينك وماعندهم خدمة عملاء تعامل سيء و خدمة سيئة تم حذف التطبيق بنجاح,Negative
dcc28666-e424-48c1-9226-2c0c0319a0e3,Uber,Transport Services,5,2026-08-23,راجل محترم,Positive
b3e630a4-c703-4d1a-a29d-99ab32c67f4a,Uber,Transport Services,3,2026-08-23,خ٧نظ.مددنعظظ٧غا.تظهد٦زعه٥دنههظزعظنظندمدعدعظندممظاغ٧ةظدظةت٧عدندمكظنندهظهممظتظظععننظ.ععغظدتدععظ٧هدغهظهظظهظدظههعظهظخد٧.ةتدظدة ززهة ظخظاظظ نظعنظظمدهتظظزعظظ.زظد٥هنعظتظمد٦تدههظههخظازظزهمخظمازظتظهظمظدتظظددخدعظهظددنهد٧٦ععهظظظخدخنهظظظظنظههظدعظظه.عظهظنهم٥اظظهدمدظههدهدهعنظنهدىهد.نعن٧زظعظهظنظنهظ عظهظهددعظزتهددظهظهدظدد,Neutral
882f52ff-d97c-4ed1-9a40-803655fd2cc1,Uber,Transport Services,5,2026-08-23,ممتازه,Positive
67f9e042-1a65-4704-bf88-423fe7e20c41,Uber,Transport Services,5,2026-08-23,جامد الصراحه,Positive
b4bf8d4e-0e83-477b-8d6a-1f99c8ccf23c,Uber,Transport Services,5,2026-08-23,جيدة جداً,Positive
7b20d0bb-7717-4fdf-8a0f-a6d0f319a576,Uber,Transport Services,5,2026-08-23,اسرع توصيله,Positive
f7ef784f-db00-4541-a18b-181fbe4dcbf1,Uber,Transport Services,3,2026-08-23,متوسطه,Neutral
0b87721c-25c9-4b71-9f74-0705aa89fad6,Uber,Transport Services,5,2026-08-23,جميل جداً,Positive
c0752a1b-a8a7-4330-b4ec-153d7a6f25ac,Uber,Transport Services,5,2026-08-23,تطبيق ممتاز والكابتن محترم جدا والمواعيد مضبوطه ودقيقه,Positive
4631892f-4f80-4215-aeeb-ebc2f2fff840,Uber,Transport Services,5,2026-08-23,ممتاز,Positive
1e47f3e9-6452-4166-bf78-4d5a5e2db43b,Uber,Transport Services,5,2026-08-23,👍,Positive
96a0ca56-a879-4739-b249-e4d0e3a40684,Uber,Transport Services,3,2026-08-23,صاير غالي شوي,Neutral
a3f63cdb-bb58-44da-90f3-5f1437d7c9ef,Uber,Transport Services,1,2026-08-23,لا استطيع تغيير رقم التلفون,Negative
bc29d525-ab06-4a2c-a80d-ee94a515fcaa,Uber,Transport Services,5,2026-08-23,رااائع,Positive
d733b606-a6ca-4401-b7c8-011337522081,Uber,Transport Services,5,2026-08-23,ما اشبو شي,Positive
b77fe0bb-87fc-47b8-bb12-97c7f8c47e81,Uber,Transport Services,5,2026-08-23,تجربه جميله في الازيغ,Positive
c8cc980c-61ff-4310-bcd3-71124777b008,Uber,Transport Services,5,2026-08-23,ممتاز,Positive
5e8b24ab-6bae-4003-a743-4a0da87605d8,Uber,Transport Services,5,2026-08-23,ممتاز ❤️ ❤️,Positive
795bcf84-2e93-414b-8490-344e6bdeec16,Uber,Transport Services,1,2026-08-23,رائعة,Negative
b7352b7c-33e7-41e1-ab6c-242fe6454eb0,Uber,Transport Services,5,2026-08-23,جميل,Positive
136f7203-3131-4e64-88e1-abdf2e989ed2,Uber,Transport Services,5,2026-08-23,ممتاز,Positive
516cba3b-b813-4246-94bd-b1939564f90b,Uber,Transport Services,5,2026-08-23,جيدة جدا,Positive
d7e9204a-8fd2-4b48-b3fc-eb65d7e9a3c7,Uber,Transport Services,1,2026-08-23,اوبر بقي زبالة اووووي من تأخير لقلة ادب السواقين لزيادة السعر بشكل اوفر,Negative
350a81be-bf89-4533-81b2-bc53421c51f3,Uber,Transport Services,5,2026-08-23,حلو,Positive
5a44ceb4-2f22-4082-8d31-0ea2ce88ffee,Uber,Transport Services,5,2026-08-23,محترم,Positive
945a208b-9131-4261-8b30-9e798a93a908,Uber,Transport Services,5,2026-08-23,جيد جدان,Positive
c7ad1419-6edc-4cfa-85a3-ae09a3953855,Uber,Transport Services,5,2026-08-23,ممتاز,Positive
2caae8c3-23eb-4082-8443-e490bbf2999d,Uber,Transport Services,5,2026-08-23,ممتاز,Positive
f84c8113-cd85-4b06-b9f6-7413a6b895e3,Uber,Transport Services,5,2026-08-23,تجربه ممتازه جيد جدا,Positive
9636056f-789c-43d5-bf5b-dd53c00d8928,Uber,Transport Services,4,2026-08-23,مهمم جدا,Positive
f3b33039-ebfb-489e-9eac-4761d0da9322,Uber,Transport Services,5,2026-08-23,سريع,Positive
87f67847-2dcb-474f-9052-b23434c02aa4,Uber,Transport Services,1,2026-08-23,💢 قوانينه تضمن السائق ولا تضمن الراكب .. مثال يجي السائق و يروح بدون ما نركب و هون مجبر الراكب يلغي الطلب عشان يطلب غيره .. فيتم فرض رسوم عالراكب و هذا ثغره سيئة ..,Negative
f60e3081-887a-4b50-8c24-35877c477ab9,Uber,Transport Services,5,2026-08-23,احسن شركة نقل فى مصر,Positive
e4645d01-1c0a-4fec-9505-f196d39fa05e,Uber,Transport Services,5,2026-08-23,والله تجربتي معا التطبيق حلو اسعار ثابته بنسيه لى التطبيقات الاخرا,Positive
dceb6a99-7e35-4206-97de-a6f5a542225b,Uber,Transport Services,5,2026-08-23,جميل,Positive
b11e5131-a175-49b8-b3dd-15766f0e556a,Uber,Transport Services,5,2026-08-23,شركه محترمه وكابتن محترمه,Positive
45479b38-ad7c-4292-893a-ccc402d98139,Uber,Transport Services,4,2026-08-23,تطبيق ممتاز,Positive
3fe1b28c-386d-45c8-8b44-62ea0805b62d,Uber,Transport Services,5,2026-08-23,👍,Positive
974ff972-ec28-4759-9e18-9bbc8f2f4cb1,Uber,Transport Services,4,2026-08-23,ممتازة,Positive
80f406a0-51ff-42b1-82ac-bfe76d287cb4,Uber,Transport Services,5,2026-08-23,محترم مؤدب بارك الله فيك,Positive
3c427f94-1f75-438d-91a1-50ab5ab37c3d,Uber,Transport Services,5,2026-08-23,ممتاز ورائع,Positive
d1cf0e6a-5bd0-4ac3-8fbd-0fef2c651714,Uber,Transport Services,5,2026-08-23,مريح نفسيا,Positive
79a337c6-240b-474a-9444-c6125b045f2c,Uber,Transport Services,5,2026-08-23,خدمه ممتازه,Positive
29bf7f2c-50c8-423d-977d-9efb738b0b31,Uber,Transport Services,5,2026-08-23,جيد جدا,Positive
da775b8e-8555-4cf7-a9cd-fac70249e6a2,Uber,Transport Services,4,2026-08-23,مميز جدا وسرعة,Positive
5a2d9b35-ebeb-4048-860f-735e46b9e686,Uber,Transport Services,5,2026-08-23,شكرا علي الامانة والسرعة,Positive
e0368e31-7544-4a62-9107-64dae5e59891,Uber,Transport Services,5,2026-08-23,رائع جدا جدا جدا,Positive
23fa7ac1-9b49-409c-94e4-4edc5c58aeac,Uber,Transport Services,5,2026-08-23,تطبيق ممتاز,Positive
50804946-a96c-4564-95b9-7a49bf16a2cd,Uber,Transport Services,5,2026-08-23,ممتاز,Positive
c3a66a2e-ab10-4ef1-b923-599a57c48531,Uber,Transport Services,3,2026-08-23,جيد,Neutral
7f221b44-a4b0-4e2d-9905-ca2429cfe620,Uber,Transport Services,1,2026-08-23,اسوى تطبيق,Negative
c6aa560d-0e9d-46d8-96c2-38a7c62b0b2c,Uber,Transport Services,5,2026-08-23,جيدة,Positive
6e3cdd50-8406-44f3-bcc2-a5e9b87a0a37,Uber,Transport Services,5,2026-08-23,ممتاز,Positive
dadb9de7-adf8-4722-b315-33875d279568,Uber,Transport Services,5,2026-08-23,شركة محترمه بالساده اصحاب وقائدى السياره... كل التحيه,Positive
b8b7822f-b026-4015-a1b3-534115558f67,Uber,Transport Services,5,2026-08-23,ممتاز,Positive
6069bb86-f914-4eee-9817-0c16f3d608bb,Uber,Transport Services,5,2026-08-23,ممتاز,Positive
2b2e6be8-f7f9-4ac1-b4ae-913564ed0e1f,Uber,Transport Services,5,2026-08-23,احلى برنامج فى مصر,Positive
ea81f782-9fbd-4669-81ac-7401b183bd36,Uber,Transport Services,5,2026-08-23,كويسه جدا,Positive
02065a19-e034-4075-afee-8bb70c74e49a,Uber,Transport Services,5,2026-08-23,ممتاز,Positive
00db33e7-f9df-474d-9f6c-836ae642d2f8,Uber,Transport Services,5,2026-08-23,"​""تطبيق ممتاز وسهل الاستخدام، يوفر تجربة تنقل مريحة وآمنة. دقة المواعيد وسرعة وصول الكابتن ممتازة، بالإضافة إلى وضوح الأسعار وتنوع خيارات الدفع. أنصح باستخدامه دائماً للمشاوير اليومية.""",Positive
bdb12e9e-bb85-47b9-bdad-406f730315e8,Uber,Transport Services,5,2026-08-22,ممتاز,Positive
3566d6cf-350b-46a0-8326-4d08d6822b58,Uber,Transport Services,2,2026-08-22,أنه ممتاز ولاكن اذا بدك تطلب طلب و طلع سعره 2.40 بعد ما تنتهي الرحله بطلع3.10 أو 3.50 وهاكذا أنه السعر بختلففف كثيرررر بعد الرحله,Negative
3b0afdfb-0a39-4ed4-a041-29e6993c3c85,Uber,Transport Services,5,2026-08-22,ممتازة,Positive
ae1bd95f-0005-4480-a063-3de8ec0b3b9c,Uber,Transport Services,5,2026-08-22,ممتازه,Positive
8da67b6a-b24d-4730-913f-5cb8c4c91fdc,Uber,Transport Services,5,2026-08-22,ممتاز,Positive
bf177317-852f-4b7d-90d5-7c3c835f0ed2,Uber,Transport Services,1,2026-08-22,يلف فيه في شوارع و الازرق و ما وصلت نزلت اخذت عربيه ثانيه,Negative
6ead636b-8315-4722-9b43-d05af01b23ef,Uber,Transport Services,2,2026-08-22,تجربه ممتعه,Negative
2c43183a-5018-4ffc-9f02-abf115c1b926,Uber,Transport Services,5,2026-08-22,👍,Positive
76807ec1-1baf-4196-ae7e-4d2f1c9e57f4,Uber,Transport Services,5,2026-08-22,ممتازه,Positive
cd1e6103-9cd9-45cf-9f24-9c763bdc9812,Uber,Transport Services,1,2026-08-22,سياجدن اسعارهم غاليه ركبت مشوار عشردقايق بثلاثين ريال سياجدن,Negative
1fe86b71-c0e1-460f-aa5d-690d86652cf4,Uber,Transport Services,4,2026-08-22,جيدا جدا,Positive
6e309e87-55ae-435f-9a60-f0111ea13269,Uber,Transport Services,5,2026-08-22,ممتاز,Positive
09b0f31b-8d4e-45f8-9dc6-21b4e64e3ba9,Uber,Transport Services,5,2026-08-22,سيارة جميلة و نظيفة و توصيل سريع و آمن مو غالي💖💖💖💖💖💖🌷🇸🇦👏🏻,Positive
3be3e285-a66e-4b57-a3a8-77cc8a216284,Uber,Transport Services,5,2026-08-22,افضل تطبيق,Positive
c458e422-026f-47ed-bdd8-73208d5c3366,Uber,Transport Services,1,2026-08-22,لا يحق للسائق ان يلغي المشوار انتظر لمدة ١٠ دقائق و بعدها يقوم السائق بي الالغاء سيئ للغاية,Negative
9c1b7569-40a6-4305-9284-ce824b7055a1,Uber,Transport Services,5,2026-08-22,جيدة,Positive
8cd14aa4-282f-42de-acc3-ab54080c4f2d,Uber,Transport Services,5,2026-08-22,ممتاز جداً,Positive
7bac9286-3465-48c2-ab6e-b582626a8b9d,Uber,Transport Services,5,2026-08-22,ممتاز اوي,Positive
fedf51e8-7258-49aa-a5a1-fed60df6af43,Uber,Transport Services,5,2026-08-22,تطبيق رائع,Positive
5d6894fa-6613-43bc-aa53-b14ecca0041e,Uber,Transport Services,5,2026-08-22,احسن ناس 👌,Positive
36f2c97c-1f8e-45b8-af5f-5abd72afebe5,Uber,Transport Services,5,2026-08-22,رائع وسريع,Positive
00dcc909-5086-4f5b-8a90-ec1900fd722b,Uber,Transport Services,1,2026-08-22,لايعمل,Negative
ee3c16e2-dce2-458a-902f-e726167eaac4,Uber,Transport Services,5,2026-08-22,ممتاز جدا,Positive
66d82338-8e6e-40d6-855c-1f2fd338ad8c,Uber,Transport Services,3,2026-08-22,لا توجد اختيار سياره كبيره او صغيره,Neutral
6b487d44-c834-421a-a91c-9d7b1bcd0ff2,Uber,Transport Services,2,2026-08-22,ممتاز,Negative
89df69ba-0ea6-4a3f-ad86-81bfa7441911,Uber,Transport Services,5,2026-08-22,يستاهل خمس نجوم والله امانه وثقه لا يخذل مواعيدك واسرع توصيل,Positive
76db1cab-a0d9-47cf-afa4-8b63bb92d8ab,Uber,Transport Services,5,2026-08-22,خدمه ممتازه,Positive
7d7a0029-7588-4046-bf81-7c8865ddc998,Uber,Transport Services,5,2026-08-22,جميل جداً,Positive
b15d3dfd-b4e0-4417-9c07-1c5452250b1c,Uber,Transport Services,5,2026-08-22,يعطيهم العافيه سائق ممتع ورحله سهله,Positive
8f67c940-2d36-4fd9-998d-d0934094acda,Uber,Transport Services,5,2026-08-22,حلو,Positive
cf5085be-deaf-441a-aed2-a723699e7681,Uber,Transport Services,5,2026-08-22,ممتاز في تطور كبير ولابد من تنبيه الكابتن بالالتزام باللون بالضبط والتكيف وشكرا,Positive
97bae43d-7030-42d5-96e7-b7b0a2c760e1,Uber,Transport Services,5,2026-08-22,تجريبه جيده,Positive
19cf33e0-9d85-4830-9b4c-03db013f0571,Uber,Transport Services,5,2026-08-22,ممتازه,Positive
ee1b4578-fef5-4b65-8210-cb7a6c2ec21c,Uber,Transport Services,1,2026-08-22,اوسخ تطبيق,Negative
2a4761d6-70f4-40cc-aa23-283fef9703d9,Uber,Transport Services,5,2026-08-22,تطبيق ممتاز ومتابعه جيده للمشاوير,Positive
5b8c4ce7-cbdb-4b7f-a504-f1579c543a9d,Uber,Transport Services,5,2026-08-22,Good,Positive
9c6b064b-e3d6-457d-a1ae-a7b78af58b86,Uber,Transport Services,5,2026-08-22,سائق محترم وسياره مكيفه رحله ممتعه شكرا للسائق,Positive
ba9cec95-f73c-436b-a3a9-9553a394634a,Uber,Transport Services,5,2026-08-22,ممتاز,Positive
ace53a9f-c55a-43df-8f69-cf74ab601f20,Uber,Transport Services,5,2026-08-22,جميل,Positive
1527c083-2d01-447f-808e-687b0d114ab4,Uber,Transport Services,5,2026-08-22,ممتاز,Positive
971c0d10-49f6-4203-99d7-bbe81337da42,Uber,Transport Services,5,2026-08-22,جيده جدا,Positive
a9ae4ced-f117-4a35-869e-e6759d227689,Uber,Transport Services,5,2026-08-22,جميل,Positive
49e1b405-19b6-4635-aa52-d95965d6682f,Uber,Transport Services,5,2026-08-22,ok,Positive
5cd1933e-a4bd-4117-9833-bcf86088e007,Uber,Transport Services,5,2026-08-22,ممتاز,Positive
47fddcc1-a88e-4859-a068-d203b52d4fcd,Uber,Transport Services,5,2026-08-22,جميل جدا,Positive
6cd3b3b1-fef2-472d-8206-093a10430c4e,Uber,Transport Services,5,2026-08-22,seher gute fahrt,Positive
39bbc21b-4655-465f-92f1-56971621e90c,Uber,Transport Services,5,2026-08-22,عربية مريحة,Positive
98df947c-29e4-450e-a96e-8229c646f6ff,Uber,Transport Services,5,2026-08-22,جميل,Positive
5647ea18-43e3-41d4-99ca-1f0ffa52d4f5,Uber,Transport Services,1,2026-08-22,انهم نصابين لا انصح احد بتحبيه انني ادخل كل المعلومات المطلوبة وصور الهوية يقولون انتضر حتى نتحقق ثم يقولون يوجد خطئ وانا كررت هاده العملية عدة مرات تطبيق نصب فقط,Negative
930dc827-41a8-4cd0-85df-85b9b4cfba3c,Uber,Transport Services,5,2026-08-22,ممتاز,Positive
a02a971c-f377-494d-aca9-d01e559c7c2d,Uber,Transport Services,5,2026-08-22,ممتاز,Positive
19be7754-6bac-4279-999b-0aa9d63cca37,Uber,Transport Services,5,2026-08-22,تطبيق ممتاز ومريح وآمن,Positive
cca72845-711d-4ed4-beea-758a8dca0680,Uber,Transport Services,1,2026-08-22,دايما يغّلي سعر الرحلة,Negative
8f38e51a-74e6-46db-b02d-9a94eb3f1d8c,Uber,Transport Services,5,2026-08-22,برنامج جميل,Positive
60a40462-d08f-4a31-bb35-87c574017b95,Uber,Transport Services,1,2026-08-21,تطبيق زي الزفت والسائقين بيختارو ويلغو الطلب بمزاجهم وعدم قبول الاوردر لاكثر من ساعه رغم ان متاح عدد عربات في نفس الزون,Negative
1361fa38-364c-4013-971b-4b0b160e8246,Uber,Transport Services,5,2026-08-21,ممتاز,Positive
b870f2ae-2d3d-41ca-bb62-32b1d308b404,Uber,Transport Services,5,2026-08-21,جميل جدا,Positive
02800424-8a2d-4c93-9026-f223e1a9da6e,Uber,Transport Services,5,2026-08-21,حلوووه,Positive
303a80bd-42cb-441d-aed4-626ffb51b9ee,Uber,Transport Services,5,2026-08-21,رائع,Positive
fca2a8fc-f3c2-4f47-bc04-5c3939730930,Uber,Transport Services,5,2026-08-21,ممتاز,Positive
1e9a9600-39b8-4dec-9896-5346665d6587,Uber,Transport Services,5,2026-08-21,ok,Positive
fb192006-b428-4d55-9685-8d9bdfdabf20,Uber,Transport Services,1,2026-08-21,أصبح أسوأ تطبيق بعد التحديث وطلب دفع اكرامية للسائق هو مش بياخد حقه وزيادة من مبلغ المشوار ندفع تاتى ليه اكرامية,Negative
68b89ff7-68c6-44bc-8881-9d421cb1e4c2,Uber,Transport Services,5,2026-08-21,تطبيق ممتاز,Positive
6d8e483e-57ce-4cab-8098-ed8f7e8435e2,Uber,Transport Services,5,2026-08-21,والله اول تجربه مع سائق في غاية الاحترام والادب,Positive
b5aca08f-fe26-4dde-b6ed-07db997d8065,Uber,Transport Services,5,2026-08-21,ممتاز جدا جدا جدا جدا,Positive
f017e6b4-9241-4221-86bf-16845ed32e6a,Uber,Transport Services,5,2026-08-21,جيد,Positive
f6ea7125-828d-4a04-ad08-aca470b1351f,Uber,Transport Services,5,2026-08-21,التطبيق جيد جدا,Positive
440f2956-1cc5-43ea-9160-6d6fd3d2a2d8,Uber,Transport Services,5,2026-08-21,تجربه ممتعه,Positive
8ce9b5d3-a895-42eb-992b-d1ad056f953c,Uber,Transport Services,3,2026-08-21,جيد,Neutral
f28094db-ef82-4a9c-a287-1d45570e2580,Uber,Transport Services,1,2026-08-21,تجربه سيئه وفرص رسوم حتي اذا السائق كنسل الطلب,Negative
2c6782a4-1dcf-4dad-b52f-bef145dcff9f,Uber,Transport Services,5,2026-08-21,سرعه في التوصيل,Positive
1f3511f1-0a8a-418c-bf6d-d47258928ae7,Uber,Transport Services,5,2026-08-21,اوبر احلى تكاسي٩مشاووير,Positive
69aed3f1-5240-442d-b126-50df964a17c2,Uber,Transport Services,1,2026-08-21,أسوأ تطبيق كل يوم يتم خصم مبالغ ماليه من حسابي البنكي وبالصدفه اخدت بالي,Negative
9ad756eb-65c4-4a36-81dd-438130d823ce,Uber,Transport Services,5,2026-08-21,تجربة مرة حلوة وجميلة,Positive
7eaf4fbb-8b2d-4f21-90a9-93c184dd4081,Uber,Transport Services,5,2026-08-21,ممتاز,Positive
bc123d8e-b52e-453e-8795-9a93e95e37d7,Uber,Transport Services,5,2026-08-21,ممتاز,Positive
c17a3041-f714-4808-8575-17f40631a169,Uber,Transport Services,1,2026-08-21,زباله,Negative
24ba97df-5fac-42f8-9596-0d0d01d81beb,Uber,Transport Services,1,2026-08-21,تجربه فاشله,Negative
1fd7c8e9-45f5-44b3-84e8-f0fc1e99d883,Uber,Transport Services,5,2026-08-21,جيدة وسائق محترم جدا,Positive
839f8893-b02e-4fb2-a541-ef0461896b1d,Uber,Transport Services,4,2026-08-21,تجربة طيبة نوعا ما,Positive
1b101551-b64f-42a7-997d-83dbf2e25977,Uber,Transport Services,4,2026-08-21,ممتاز,Positive
abe44215-95e3-4a57-b8c2-b0d87efdd1c2,Uber,Transport Services,3,2026-08-21,جيده,Neutral
07a2b506-93b0-4ded-9a82-ada22c1012ae,Uber,Transport Services,5,2026-08-21,جميله اوي,Positive
bc2939fa-9e2c-407c-9f2d-57809ee06c6d,Uber,Transport Services,5,2026-08-21,ممتاز,Positive
0c7bdf0b-7897-4a42-a2e6-255f29382d03,Uber,Transport Services,5,2026-08-21,حلوه,Positive
f065dfc2-ef8f-4a3a-bce1-e521fad85105,Uber,Transport Services,5,2026-08-21,محترم جداا,Positive
0ac1eed7-7d87-46bf-81e5-2d195b20ef03,Uber,Transport Services,5,2026-08-21,ممتازة,Positive
d4e30679-14b0-4210-b2f3-557bfe516213,Uber,Transport Services,5,2026-08-21,Muhteşem,Positive
35d68c4f-feab-45f0-b831-036c10bb3b4a,Uber,Transport Services,4,2026-08-21,ممتازه,Positive
b729df36-2eb5-4f36-863a-a70c95f3795a,Uber,Transport Services,5,2026-08-21,🤍🤍,Positive
97dafb41-39cf-413b-a660-af8993b4c595,Uber,Transport Services,5,2026-08-21,جيد جداً,Positive
2fdaec5c-7027-452a-a4b0-c4a5c94b676d,Uber,Transport Services,1,2026-08-21,وحش جدا وبيضيفلك كل شويه رسوم ويضيف فلوس زياده عن مشوارك ولو جيتى تلغى الرحله هيضيفلك غرامه غير اى ابلكيشن زى ان درايف او دى دى,Negative
f6c157c0-b862-42f7-88a2-6f0951d75ec8,Uber,Transport Services,5,2026-08-21,رحلة رائعة مع انسان محترم,Positive
96cfec85-e141-41cf-b8f3-fb130ff1c307,Uber,Transport Services,5,2026-08-21,تحفه,Positive
b54ab272-9ea5-47d0-a8b9-b10bfb9b1421,Uber,Transport Services,5,2026-08-21,ممتاز,Positive
6656d7b7-d9f5-465f-be52-6885b9c3d5e6,Uber,Transport Services,5,2026-08-21,ممتاذ,Positive
dfda1ec6-10d8-468a-88fc-708d75c3997a,Uber,Transport Services,5,2026-08-21,super,Positive
e47edd24-71a7-44f3-b1c9-d6c90f73c879,Uber,Transport Services,5,2026-08-21,تطبيق ممتاز,Positive
dc1476b3-17c6-4b2f-8a67-16b83e4e2fd6,Uber,Transport Services,5,2026-08-21,مريح وموفر لوقت,Positive
840d5e5e-f1b8-45d9-becc-0cf692081740,Uber,Transport Services,5,2026-08-21,🫰🫰,Positive
9bd2957a-a9dc-47d8-af1d-937414166522,Uber,Transport Services,1,2026-08-21,ليه دائما بيكون مش معاكوا فكة وبتاخدوا الباقى بتستعبطوا دى يعنى ناصحه منكوا علشان تاخدوا الباقى ونمشى تطبيق زبالة,Negative
4cbee92a-cf03-4c41-81ed-9fbeb2053d56,Uber,Transport Services,4,2026-08-21,الي الان ممتاز جدا,Positive
56961a4a-4bd2-4972-a97e-7c717b6c70b4,Uber,Transport Services,5,2026-08-21,كويس جدا,Positive
629dff06-4e18-4d14-a087-255155dc48c5,Uber,Transport Services,5,2026-08-21,تطبيق مريح مزيدا من التطور,Positive
f2e4f6dd-e55f-4113-8530-037a198a23f4,Uber,Transport Services,2,2026-08-21,في خلل السعر طالع للزبون 10 وعند التوصيل يطلب 15 ريال,Negative
b8a49c4f-dec3-4333-a31e-b9916b2d4eeb,Uber,Transport Services,5,2026-08-21,مممتاز,Positive
46a318c1-9ddf-4b19-aa8f-e4ba4cb61dd9,Uber,Transport Services,5,2026-08-21,ممتازة,Positive
c4169d11-9b14-4bda-a693-fb0a44cc3a15,Uber,Transport Services,5,2026-08-21,ممتاز,Positive
054172bf-4b25-4a1d-9775-c0a958d24f52,Uber,Transport Services,5,2026-08-21,ممتازة جدا,Positive
961c3b7d-9570-453b-935f-57127b93df1a,Uber,Transport Services,4,2026-08-21,إلى حد ما افضل مما سبق,Positive
e61ec9f9-de50-4957-a092-908f3f4c5dd3,Uber,Transport Services,5,2026-08-21,ممتاز,Positive
caf8caa1-65d8-4ccc-a841-0e3ec0353638,Uber,Transport Services,5,2026-08-21,ممتاز,Positive
c8f80803-c69c-417d-a9b4-c5c62f7a7b78,Uber,Transport Services,5,2026-08-21,شكرا اوبر,Positive
181ec516-a87d-41dc-84d5-691a6a356e45,Uber,Transport Services,5,2026-08-21,جميله,Positive
7ff1331e-8075-4a94-85a6-4870b5180c0e,Uber,Transport Services,5,2026-08-21,تطبيق جميل السواق وصل في 3 دقايق وسعر يا بلاش,Positive
5cca9302-b721-4d5e-8e37-91eb918ec8c8,Uber,Transport Services,5,2026-08-21,تطبيق رائع ولكن الاجره فى بعض الأوقات مبالغ فيها,Positive
9125dda0-aa46-4fb8-b64a-c0aea0994b33,Uber,Transport Services,5,2026-08-21,رائعه جدا ومريحه,Positive
1d5b4837-a3a5-4653-aae8-14f88b41ea67,Uber,Transport Services,5,2026-08-21,السائق احمد الدوسري سياره يارس محترم ومخلق ونعم فيه,Positive
040fa05b-4901-40c9-b9e8-28e1473806c6,Uber,Transport Services,5,2026-08-21,تجربة ممتاازة وتطبيق رائع,Positive
a2134344-bb02-46ea-9c37-51ce8108df4c,Uber,Transport Services,5,2026-08-21,رهيب,Positive
69ed0e9d-f96f-4c1b-9420-e4f2d22c063d,Uber,Transport Services,5,2026-08-21,ممتاز,Positive
09a97cec-bc42-4f3a-95c0-043feaeb9aa6,Uber,Transport Services,5,2026-08-20,مريح وسعره معقول,Positive
20853c2a-a257-48de-bfc5-fa0b57d1e486,Uber,Transport Services,5,2026-08-20,رائعة جداً,Positive
064dfece-9669-434c-896b-694c4eccbd42,Uber,Transport Services,5,2026-08-20,كثير مفيد ومناسب,Positive
c78c7abc-6f58-4980-bb55-966cc15e0b44,Uber,Transport Services,5,2026-08-20,ممتاز,Positive
1b48c3cb-fea1-41c4-a01c-0d4267e486f7,Uber,Transport Services,5,2026-08-20,سريع جدا ♥️,Positive
92a650ee-71d3-4323-a042-9b5846191cd0,Uber,Transport Services,5,2026-08-20,شكرا أوبر,Positive
36083b49-8f44-458d-a120-22428245206f,Uber,Transport Services,2,2026-08-20,الاسعار أصبحت جدا جدا مرتفعة عشان الناس صارت ترتاح لاوبر رفعتو الاسعار للضعف,Negative
4dc3864f-43c6-4493-86c4-d50f8a9b3371,Uber,Transport Services,5,2026-08-20,محترم,Positive
b64d67dc-28f8-49b5-847a-e0e5ec900b5b,Uber,Transport Services,5,2026-08-20,رائع,Positive
e082c362-d538-4ee2-a387-4508c33c90b5,Uber,Transport Services,5,2026-08-20,رائع جدآ,Positive
49256cc9-5164-4c75-a71c-0f2451bf4c25,Uber,Transport Services,5,2026-08-20,اوبر ممتاز دائما 🥀,Positive
09909fdd-ebff-4a73-a85e-4ceb27cb39a3,Uber,Transport Services,5,2026-08-20,ملتزم بالوقت والمكان,Positive
e28b26ce-7999-4a30-9442-84de5bf8de4e,Uber,Transport Services,5,2026-08-20,جميلة جداً,Positive
11149ab1-cc76-4b34-af02-1294b0e17435,Uber,Transport Services,5,2026-08-20,جيدة,Positive
f9196bcc-9561-4d0a-a8f5-7738a52f8453,Uber,Transport Services,5,2026-08-20,top,Positive
ecc8c0cf-3776-4af8-a341-f04e05909a18,Uber,Transport Services,5,2026-08-20,جامد جدا,Positive
0dcac12c-800e-42ae-9f4d-1d3e57d14d32,Uber,Transport Services,5,2026-08-20,جيد,Positive
35294cc2-36e0-4f05-929d-f35d2813cee9,Uber,Transport Services,5,2026-08-20,تطبيق رائع جدا,Positive
3d1ced21-c485-42c3-a62c-068f5f471792,Uber,Transport Services,5,2026-08-20,جيد جدآ,Positive
0d3c1f4f-6584-4c96-a7a7-9a661a1bb006,Uber,Transport Services,5,2026-08-20,رائع,Positive
6eef148d-78b7-4442-b762-022550109722,Uber,Transport Services,1,2026-08-20,للأسف لا يهتمون برد أغراض الراكب إذا سقطت منه سهوا,Negative
0977835c-1b0b-4a9b-9cb0-35cc66ef239d,Uber,Transport Services,5,2026-08-20,تجربه رائعه,Positive
5916954e-22af-451d-b538-ed1619047d82,Uber,Transport Services,5,2026-08-20,آمان ، سرعه ، راحه ، سائقين محترمين,Positive
4c3a342b-01c2-4daf-b1a8-64d4d77c0bda,Uber,Transport Services,5,2026-08-20,Good,Positive
5fd1908d-82f6-4156-be04-11824b9b7423,Uber,Transport Services,5,2026-08-20,ممتاز,Positive
4752ffc1-ffed-4903-a1a9-215366a6e376,Uber,Transport Services,1,2026-08-20,بقيت اسوء اسوء اسوء اسوء اسوء اسوء اسوء اسوء مواصله لا بيحافظوا على عميل في الميعاد ولا بيجوا اصلا وفي الاخر بنطلب شركه ثانيه ام دي دي ولا ان درايف ولا اي شركه ثانيه لكن اوبر كانت زمان اوبر كانت كويسه لكن دلوقتي بقت سيئه جدا,Negative
25014a1e-167d-42bc-8824-e6eccfe95296,Uber,Transport Services,1,2026-08-20,سحب رصيد مني بدون توصيل و لا اي سبب,Negative
0cccbb6c-3b5e-4541-a4b2-8ae9d1aebe12,Uber,Transport Services,1,2026-08-20,اوبر اصبحت سيئه جدا والاجره اعلى بكتير من المحددة يعني مثلا تيجي ليا 150ج اتفاجئ الكابتن بيقول لي 215ج,Negative
ad55eb63-5a2a-4af4-9e0c-f60ef01f503f,Uber,Transport Services,5,2026-08-20,ممتاز,Positive
5033846d-734a-4ccf-a207-09799e1fc4f9,Uber,Transport Services,5,2026-08-20,👍,Positive
b9aa2dc2-b5c2-4d7c-993b-35ebd66fc15e,Uber,Transport Services,5,2026-08-20,حقيقي اكتر من رائع,Positive
001e6e2a-b6f9-4ee5-8b88-bc8f4889b899,Uber,Transport Services,5,2026-08-20,كويس جدا,Positive
b7de99a4-24ef-48bd-9f8f-bb6eea05863a,Uber,Transport Services,5,2026-08-20,محترم و ودود,Positive
30dfebe9-3b77-43a7-a8b3-8d0787e2c109,Uber,Transport Services,5,2026-08-20,جيد جداً√√√,Positive
7766e258-59ee-4ba6-99e2-e1737831d293,Uber,Transport Services,5,2026-08-20,شركه امتر من رائعه,Positive
7074e04b-2daa-4137-b787-c08d217f7cb9,Uber,Transport Services,1,2026-08-20,بيرفكت,Negative
59ec41b6-8987-4b3f-87e2-48273107de81,Uber,Transport Services,5,2026-08-20,very nice,Positive
47d68fd6-7593-48e0-aff5-5d6251f73596,Uber,Transport Services,5,2026-08-20,جميل,Positive
5ccfb3fc-da3e-41c9-8928-e58510dc8a61,Uber,Transport Services,5,2026-08-20,ممتاز,Positive
0bf34f82-9cf4-4e1b-b5d4-2434e0f6e621,Uber,Transport Services,5,2026-08-20,رائع لكن الأسعار مرتفعة قليلا,Positive
42b79269-b95a-44c9-84dd-13d0347a4706,Uber,Transport Services,5,2026-08-20,جيدة,Positive
3459a7e0-a300-458b-82a0-484b697df590,Uber,Transport Services,5,2026-08-20,شكرا,Positive
cc817d67-27f2-4575-a516-6d228f1b637c,Uber,Transport Services,1,2026-08-20,👍👍👍,Negative
2425148c-938d-4832-a5b7-aaedf5694317,Uber,Transport Services,5,2026-08-20,والله مريح جدا وخصوصي السائقين انا اصادف كثير محترمين مشاالله تبارك الله,Positive
dfe28af8-92b4-48d9-92c1-b2e59efc63c2,Uber,Transport Services,5,2026-08-20,غالى شوية بس ممتاز,Positive
e015e7f3-4eab-40f6-bab9-bc6d9f4b3897,Uber,Transport Services,4,2026-08-20,حلو وسريع جدا,Positive
b6997988-a883-4f4f-84ab-b6b69aeb4951,Uber,Transport Services,1,2026-08-20,كباتن حراميه طلبت موتسيكل و اديته شنطه يوصلها و موصلش و بكلم الدعم محدش بيرد و مش عارف اتواصل مع اى حد بجد بجد تجربه سيئه و منصحش اى حد يتعامل معاهم,Negative
7aa36d34-9797-4eb8-b684-b37a8f72afce,Uber,Transport Services,5,2026-08-20,برنامج رائع والكباتن محترمه وزوق,Positive
d7d63234-9414-4a7f-8684-f210936aad3a,Uber,Transport Services,5,2026-08-20,تطبيق ممتاز,Positive
e81e0855-f705-44f9-a51e-9b81a53559ef,Uber,Transport Services,5,2026-08-20,تحفه الاسعار جميله جدا,Positive
af4de1d1-4fe8-41c7-9d4d-6c6c035aadaf,Uber,Transport Services,5,2026-08-20,انسان محترم وخدوم وكريم على اسمه,Positive
4c769b4a-47fc-43f5-ba85-b3376e6c3315,Uber,Transport Services,5,2026-08-20,ممتاز,Positive
2ecb6c90-277e-4c5a-b7e4-0092a4b97a68,Uber,Transport Services,4,2026-08-20,جميل,Positive
52d951ec-4251-4912-a43c-c645cf97b0c3,Uber,Transport Services,5,2026-08-20,تطبيق رائع طاقم سائقين قمة الثقة والأخلاق,Positive
bd3cfd6a-1033-400f-a866-2fab6f4275e2,Uber,Transport Services,3,2026-08-19,طيب,Neutral
a3fd859b-a13b-4182-ba7c-87c63bf82fd3,Uber,Transport Services,5,2026-08-19,Sehr gut 👍,Positive
8cd685d5-4927-44ef-8470-865e46462b96,Uber,Transport Services,5,2026-08-19,رائع,Positive
15e3d701-6b95-4617-b626-6c8ea3012c26,Uber,Transport Services,5,2026-08-19,شكرا اوبر,Positive
13136782-e2d1-42a7-97bc-fc9fb00a534c,Uber,Transport Services,5,2026-08-19,مميزة,Positive
61d61ec0-1637-479c-90be-c5d78c04f142,Uber,Transport Services,5,2026-08-19,أفضل تطبيق,Positive
79ffdbb0-3654-4c51-ac9c-d8eebee0b7f9,Uber,Transport Services,5,2026-08-19,حلوو,Positive
4c393d87-9fc0-4645-a77c-df9f2fb9b9a5,Uber,Transport Services,5,2026-08-19,تجربه ممتازه,Positive
897fce09-1564-414d-bc9a-67210f022da3,Uber,Transport Services,5,2026-08-19,ممتاز,Positive
cea19d86-5965-429d-9d33-8405f2af9776,Uber,Transport Services,1,2026-08-19,تجربه سيئه للغايه,Negative
17c43e89-1a75-4cac-a35b-2be42f88f165,Uber,Transport Services,5,2026-08-19,The best 👌,Positive
58bf0575-c372-4f79-8292-a41d4f665f4b,Uber,Transport Services,5,2026-08-19,ممتاز,Positive
06385918-15a3-4b1b-a97d-b75bee0e65d4,Uber,Transport Services,5,2026-08-19,ممتازة,Positive
fef7c632-faf8-4e3a-9780-bdf2542c0a43,Uber,Transport Services,5,2026-08-19,جميل,Positive
5b8996f2-1a72-4ec6-868d-f9dc74e3f31a,Uber,Transport Services,4,2026-08-19,👍,Positive
2d9c6fe9-ad83-43d0-aec7-c80f0ad25632,Uber,Transport Services,5,2026-08-19,خدمه ممتازه,Positive
ff8ad25d-3771-43de-8e94-6dae65b49d73,Uber,Transport Services,5,2026-08-19,حلو,Positive
fcc1e1d8-748a-495d-b531-84e066f053d1,Uber,Transport Services,5,2026-08-19,excellent 👍,Positive
fe0328d1-0bab-4dec-b5eb-df9d8bd22ce2,Uber,Transport Services,5,2026-08-19,ممتاز,Positive
5c97118d-4c49-4283-8ec6-173cc740fcc8,Uber,Transport Services,5,2026-08-19,ممتاز,Positive
a23f3cea-8eca-460e-902d-a5c0acc1dbb9,Uber,Transport Services,5,2026-08-19,ممتاز,Positive
22ddc164-614e-4d4a-86d3-1c1548d98ab1,Uber,Transport Services,5,2026-08-19,ممتاز والشباب محترمين,Positive
531004c6-a6a5-4451-97ee-b493f89b62e8,Uber,Transport Services,5,2026-08-19,ممتاز,Positive
01c4c7b9-0fd8-4b15-bcff-4d7485f19d2d,Uber,Transport Services,5,2026-08-19,تطبيقي المفضل للمشاوير,Positive
4fce15fe-675f-48dc-96f9-dd91386c56bf,Uber,Transport Services,5,2026-08-19,ممتاز,Positive
67a782af-7694-4aae-b550-8972096bc861,Uber,Transport Services,4,2026-08-19,السواقين يأتون متأخرين المفروض يأتون سريعآ عند كلب الرحله دون انتظار,Positive
8df8da86-6180-4d0d-8e45-9c2729697432,Uber,Transport Services,5,2026-08-19,نعم ان شاء الله,Positive
c95dc577-7491-4652-b752-b3629d08727b,Uber,Transport Services,5,2026-08-19,جميل,Positive
01292f21-85ac-46bf-8e6b-6b02461c375a,Uber,Transport Services,5,2026-08-19,رائع,Positive
2a8a3417-bc53-40ea-bf55-842ff5e5e678,Uber,Transport Services,5,2026-08-19,رائع,Positive
8034f2c0-2019-4ca8-81dd-cf8546b0c04d,Uber,Transport Services,3,2026-08-19,كويس بس رجاء الاهتمام بالأسعار,Neutral
1c800228-3c8f-43db-94cb-515cb1c24ff4,Uber,Transport Services,5,2026-08-19,شكر وترحب,Positive
812f8f13-2c50-461a-9777-ca6de2cb8293,Uber,Transport Services,5,2026-08-19,ممتاز جداً معاملة جيدة,Positive
c33e962b-3823-4f6f-98af-e980792bd5ef,Uber,Transport Services,5,2026-08-19,جميل جدا,Positive
aa4311ec-21bf-4a6d-bc54-88683be3f2be,Uber,Transport Services,5,2026-08-19,ممتازه,Positive
27311638-d886-4cf0-8ac8-a0c01b901974,Uber,Transport Services,5,2026-08-19,ممتاز,Positive
2416c4ff-a5e4-410a-841a-e63dd29517f2,Uber,Transport Services,5,2026-08-19,ممتازه,Positive
e4a943d9-e05e-43d9-87bd-d6798b906e1b,Uber,Transport Services,5,2026-08-19,ممتاز,Positive
0fc176c3-106e-4317-8e32-dfef86f719f2,Uber,Transport Services,5,2026-08-18,tmam,Positive
cf5a853d-aff0-492b-b39f-1522d48a7200,Uber,Transport Services,5,2026-08-18,ممتاز,Positive
8a62aaaf-0ffe-4eeb-9235-2c45c788a78d,Uber,Transport Services,5,2026-08-18,جيد جدا,Positive
e187d18d-0256-4a77-8508-9d0e3e8d2ddd,Uber,Transport Services,5,2026-08-18,ممتازه,Positive
a9ffb0b4-01bf-46b8-848f-33daebc0c008,Uber,Transport Services,5,2026-08-18,اوبر مصر شركة ممتازة ومحترمه,Positive
1613941c-5cc3-4bb4-99c0-1e7fb65948b8,Uber,Transport Services,5,2026-08-18,جميل جدا,Positive
fd84a735-a447-457f-903b-23c587106deb,Uber,Transport Services,5,2026-08-18,رائع,Positive
d1d12e0e-a005-4984-83e3-9afb89c8edd9,Uber,Transport Services,1,2026-08-18,لماذا رفعتو سعر مشاوير اوبر 28 كلول ب 38ريال ومن قبل شهرين ب20ريال دفع نقدي,Negative
84087af1-2016-429f-9c50-6096db72694b,Uber,Transport Services,5,2026-08-18,ممتاز,Positive
b1713d59-98ea-45b8-b5f1-a80b17ef3042,Uber,Transport Services,5,2026-08-18,فوث التقيييم,Positive
f1dded72-e877-4997-8921-aa6f31953b4c,Uber,Transport Services,5,2026-08-18,تمام يرجى اعطاء السائق الاول الذي ذهب اليه ولم ياخذني صفر تقييم لانه تركني وذهب وثائق الثاني مشكورا ياخذ الحق كله تمام,Positive
e51115df-8020-483b-a6eb-81776082e02a,Uber,Transport Services,5,2026-08-18,ممتاز,Positive
28120cc2-4036-4203-828c-d02993314c77,Uber,Transport Services,5,2026-08-18,محترم,Positive
b0bc8658-aad3-4695-860d-b8afb1c119a5,Uber,Transport Services,5,2026-08-18,ممتاز صراحه بالتوفيق يارب,Positive
6eb53860-29a5-42ac-a7bc-6a0ecd49b5b6,Uber,Transport Services,5,2026-08-18,ممتازة,Positive
c8f1ac61-a9a2-4b03-9e51-933a2936aca3,Uber,Transport Services,5,2026-08-18,مره حلو وسهل الاستخدام,Positive
5c68a7eb-8e6e-4d7a-b24b-a32393c015f9,Uber,Transport Services,5,2026-08-18,تجربة جميلة,Positive
e6e8ced9-975d-41d0-a7f0-4ad67c8b7cd4,Uber,Transport Services,5,2026-08-18,جميل ممتاز,Positive
e5913a0c-7c71-4d49-97c5-db2c37757714,Uber,Transport Services,5,2026-08-18,كويس,Positive
efb68ad6-324a-4142-8310-d76fe826b583,Uber,Transport Services,1,2026-08-18,تجربه سيئه في الدفع بالفيزا,Negative
76e0d5e5-d45f-4b49-b8b8-822aa4062271,Uber,Transport Services,5,2026-08-18,مااروعه من تطبيق,Positive
2d4be0e2-5835-4e0e-8127-73910f67392f,Uber,Transport Services,5,2026-08-18,جيدة,Positive
39252ec8-1055-4893-9e41-f601120dc1d2,Uber,Transport Services,5,2026-08-18,جميل,Positive
79c24d13-9833-45dd-a11e-5a0413ae401a,Uber,Transport Services,5,2026-08-18,أفضل سائقين بصراحه قمه في الاحترام,Positive
765448a8-1bae-43c6-b291-fce1cbee8f9d,Uber,Transport Services,5,2026-08-18,ممتاز,Positive
3cafc86c-3216-4371-a144-0e7d6426aec6,Uber,Transport Services,3,2026-08-18,لازم يكون فيه ديسكون علشان الاسعار مبالغ فيها,Neutral
f558a997-0638-4650-9c44-1820b113de73,Uber,Transport Services,5,2026-08-18,جيد جدا,Positive
f4940572-8838-44f7-9c32-0e74483a7a91,Uber,Transport Services,5,2026-08-18,جيد,Positive
ce6987ad-bb02-45d3-9f40-339b0488ce2f,Uber,Transport Services,5,2026-08-18,ممتاز جدا,Positive
7ce3bfa7-7eb3-47a5-821b-5cefad4ae667,Uber,Transport Services,5,2026-08-18,ممتاز جداً,Positive
f074a318-c320-4d86-af00-3f84ca917e05,Uber,Transport Services,5,2026-08-18,ممتاز,Positive
f35c3f1f-8e43-4a53-b8d0-ac2e4f67c130,Uber,Transport Services,1,2026-08-18,شركه حراميه كنت حاجزه مشوار لحد وكان في فلوس على المحفظه والشخص ده ميعرفش وكان حساب المشوار 190 جنيه، دفع كاش المبلغ كله وخصموا كمان الفلوس الي موجوده على المحفظه والسواق مرجعش الباقي ليه وواخد 200 جنيه وحطها في جيبه وكلمات مة العملاء قفلوا الشات من غير ميردوا عليا اسوء شركه لا انصح بها,Negative
ab83087a-ce9a-46e6-92ee-295829641a45,Uber,Transport Services,5,2026-08-18,حلوه جدا ومريحه السعر تحفه,Positive
4714a107-259a-4f6b-8f8e-70ba376712ec,Uber,Transport Services,5,2026-08-18,تجربة ممتازة وسهلة عن أي تطبيق تاني,Positive
4f26c913-c387-4b68-85f4-b0321112a195,Uber,Transport Services,5,2026-08-18,اكيه,Positive
9f3ede9f-a5d4-4f6b-bf26-6729cdfe8198,Uber,Transport Services,5,2026-08-18,شركه محترمه,Positive
48e96b09-61fa-4c40-9820-89accd0eadc8,Uber,Transport Services,5,2026-08-18,👍🏻,Positive
bafa790e-611e-42c2-b2d2-ba03c9a834e9,Uber,Transport Services,5,2026-08-18,ممتاز,Positive
7674b011-ff31-4f4f-b272-9ef82550515e,Uber,Transport Services,5,2026-08-18,تطبيق سهل الاستخدام لجميع الفئات العمرية و الأفضل في سرعة تواجد وسيلة النقل,Positive
1e11af3b-167c-4c41-a52a-a0e88d0ad11a,Uber,Transport Services,5,2026-08-18,ماشاءالله ماشاءالله تطبيق ممتاز جدا والله ممتاز ممتاز ممتاز,Positive
827fb358-a4b3-4f5b-bd62-c52be2dffe39,Uber,Transport Services,5,2026-08-18,ممتازه,Positive
f5892e72-3774-4722-b9e2-aae6eda4fb0b,Uber,Transport Services,1,2026-08-18,اسوء تطبيق في تاريخ,Negative
bfa70eb0-15a9-4867-b800-5485c11b8adf,Uber,Transport Services,5,2026-08-18,افضل تطبيق ساعدني كثييييير بصراحة وبثمن جد مناسب,Positive
5fa99d91-97ec-44c2-859a-c4a712a87687,Uber,Transport Services,5,2026-08-18,رائع وممتاز ولكن نتمنى الأحسن لان التكنولوجيا تقدمت كثيرا,Positive
67432ba3-a55d-4134-b396-3b2c9317f64f,Uber,Transport Services,5,2026-08-18,ممتاز,Positive
c4c57cba-343e-4dc3-93c8-79c92466a26f,Uber,Transport Services,5,2026-08-18,ممتاز تحياتي لكم جميعا,Positive
4cdc4610-1aa7-4ffb-ac47-9232402f5122,Uber,Transport Services,5,2026-08-18,ممتاز,Positive
f802ba66-fc5b-45d7-8b90-04d2550ff826,Uber,Transport Services,5,2026-08-18,مرييييح وابصم عليه بالعشرة,Positive
8442ee04-8c8f-4781-87fa-64092417a686,Uber,Transport Services,5,2026-08-18,رائع,Positive
1e06c966-aec9-4a3f-9aab-d9df6081cb6e,Uber,Transport Services,1,2026-08-18,بيشغلوا سواقين توصيل بينصبوا علي الناس ومش بيوصلوا حاجه حذاري اي حد يوصل اي طرد عن طريق اوبر,Negative
fdea93e1-9eab-4dd4-9d30-6dbf2fbf8a81,Uber,Transport Services,5,2026-08-18,جيده جدا,Positive
730e9d9e-09e4-4826-b816-d61f65c7e64b,Uber,Transport Services,5,2026-08-17,جيدة وسريعة,Positive
dd4da744-40e7-47fd-a636-e1659d4d678c,Uber,Transport Services,5,2026-08-17,ممتاز,Positive
2aab47e1-4e2d-4d20-b400-4176efd0f41d,Uber,Transport Services,3,2026-08-17,مشكله اني بدفع بالفيزا بتتخصم من الفلوس مرتين وبترجع ثاني بعد كده فلوس اللي ليا بس هي الفكره ليه بتتخصم مرتين مقدم انا مش اول مره استخدم التطبيق هي دي المشكله يا ريت نشتغل عليها وشكرا,Neutral
334e8084-f6de-4f9f-9ecd-c60b7bd1f039,Uber,Transport Services,5,2026-08-17,خدمة ممتازة وسائقين محترمين,Positive
e3f437be-decd-4c81-9280-53d00fb17134,Uber,Transport Services,5,2026-08-17,ممتاز,Positive
fb41c084-8be4-45de-babf-d1d21952a5d4,Uber,Transport Services,5,2026-08-17,اختيار ممتاز وخدمه كامله حتي العربيات جديده,Positive
1359de55-3d84-420d-ad4c-32ba4f8a1bd1,Uber,Transport Services,5,2026-08-17,رائع,Positive
31d60235-c7ff-4bc8-8112-8506d3efc4e8,Uber,Transport Services,5,2026-08-17,ممتاز,Positive
02d0ff82-12e0-49e5-9c7a-47c129ee49c9,Uber,Transport Services,3,2026-08-17,الأسعار عالية جدا,Neutral
921c6d82-73ee-47a5-b051-55865444ca5f,Uber,Transport Services,5,2026-08-17,تجربه جيدا جدا,Positive
03976e9a-7f5c-49e7-a7ca-ee3d4beee1e4,Uber,Transport Services,1,2026-08-17,اتعرضت لنصب من سواق والإدارة لا طولت معاه حق ولا باطل.. بل تقدر تقول طولت الباطل أيضا.,Negative
6e2c1c4d-0056-4114-8ab4-5c374d98603c,Uber,Transport Services,5,2026-08-17,très bien,Positive
b5e3a760-5311-4499-ae1a-cbe0199314fb,Uber,Transport Services,5,2026-08-17,ممتازين,Positive
6a50a6fc-2390-4212-b239-c311c4557c8c,Uber,Transport Services,5,2026-08-17,حلو وكل شيء ممتاز كل السائقين احترام ذوق ادب❤️❤️,Positive
214bad01-d1b4-4cec-887e-91b9bfa28e7a,Uber,Transport Services,1,2026-08-17,تم خصم مبلغ رحله مقدما من الفيزا ولم استعمل الرحله مبلغ 86,Negative
681198f4-5b9e-4654-b86e-1678a693e3ac,Uber,Transport Services,5,2026-08-17,ممتاز,Positive
8a5988a9-af00-49ba-8837-a3588e4a1eb6,Uber,Transport Services,5,2026-08-17,ممتاز,Positive
99268847-682a-4c34-8b40-4851786bb644,Uber,Transport Services,2,2026-08-17,بقي صعب جدا اني اطلب لان علي مايتقبل الطلب بيعدي 45 دقيقه غير الاول كنت اطلب خلال 5 دقايق العربيه تكون وصلت دلوقتي بقي صعب جدا,Negative
b75861db-4d74-4837-b22e-790664f9f082,Uber,Transport Services,5,2026-08-17,يرجى تنبيه السائق يسلك الطريق الاسرع والاقل زحمة,Positive
f2820e35-dead-44bb-a621-8536e20c9c42,Uber,Transport Services,5,2026-08-17,ممتازه,Positive
360eb0e6-5635-441a-809b-fca4210a1c01,Uber,Transport Services,5,2026-08-17,احسن,Positive
cef74c27-7c72-4085-a7d7-85d5e9791852,Uber,Transport Services,5,2026-08-17,جيد,Positive
7c914d42-1157-4f88-b25a-071e18f67c99,Uber,Transport Services,5,2026-08-17,شخص محترم جدا وذوق,Positive
b6a6af68-ad24-4f0f-b81c-3830d3d11e30,Uber,Transport Services,5,2026-08-17,جميل,Positive
2dcd3cc2-b5a5-402a-b73d-e4f7445d9e1b,Uber,Transport Services,5,2026-08-17,افضل خدمه,Positive
86f34d2a-48c2-48e8-ae73-3e6bd041c0f4,Uber,Transport Services,5,2026-08-17,رائعه,Positive
646b2a70-54bc-40c9-9b58-33803c6ec477,Uber,Transport Services,5,2026-08-17,رائع,Positive
f44607c0-4dca-4c70-869f-8c5073b38f21,Uber,Transport Services,5,2026-08-17,برنامج جميل ومريح,Positive
5c94f92b-bae3-4b9d-9fc9-89c61457e4a4,Uber,Transport Services,5,2026-08-17,رحلة رائعه,Positive
17d0dbeb-a3b8-47d0-9cc8-d4b9cfcc6f5d,Uber,Transport Services,5,2026-08-17,خدمه ممتازه جدا,Positive
6f7351a2-20d9-4091-b30d-dab0001234d8,Uber,Transport Services,1,2026-08-17,البرنامج يفرض رسوم أكثر من المحدد قبل بدء الرحله,Negative
9d2c5fec-ab9e-4bb2-85c9-6577b2a5a3db,Uber,Transport Services,5,2026-08-17,ممتاز,Positive
aedfe12d-4b01-4f7e-a001-13582c470b46,Uber,Transport Services,5,2026-08-17,تطبيق رائع وإمكانيات كتيره جدا واسعار جميله جدا,Positive
3cdbffa3-7e4b-4b13-809f-ef5cd060b825,Uber,Transport Services,5,2026-08-17,تجربة جيده,Positive
d44027a1-7f4a-4ec4-ad01-2b179f027397,Uber,Transport Services,5,2026-08-17,انقذني,Positive
85982ebf-ae60-4f50-a8e9-e495ca809ea8,Uber,Transport Services,5,2026-08-17,جيد,Positive
6aba831b-4f4f-49d9-ac98-40ffd697744c,Uber,Transport Services,5,2026-08-17,تطبيق ممتاز,Positive
d889bfd6-e185-4535-b142-ce9eb4060174,Uber,Transport Services,5,2026-08-17,ماشي,Positive
5ae93fb5-4461-40c5-af02-797f0348b6bd,Uber,Transport Services,5,2026-08-17,ممتاز,Positive
6dd0e0d5-b1ec-4e4d-a2b6-bb13ffe6f0a5,Uber,Transport Services,5,2026-08-17,رائعه,Positive
b4c1128e-936d-4b72-9d42-17affdd1a16b,Uber,Transport Services,5,2026-08-17,رائع جدا,Positive
077730d6-62c7-44b8-9767-d54b17be705c,Uber,Transport Services,5,2026-08-17,ممتاز لكن بعض السائقين يدعون انهم لايملكون فكة فقط يريدون اخذ مبلغ زيادة,Positive
4a536dee-dd40-4d0c-adb5-d215ce020f4f,Uber,Transport Services,5,2026-08-17,راأعه,Positive
235cabc2-71e7-4e65-ae75-74dbadeeb941,Uber,Transport Services,5,2026-08-17,ممتاز,Positive
a1c22c46-4743-4985-8202-a3f9be23386e,Uber,Transport Services,5,2026-08-17,ممتاز,Positive
0e2d12d3-6cac-4585-891b-014ab58b8a71,Uber,Transport Services,1,2026-08-17,البرنامج صعب تلاقى حجز داخل القاهرة تانى شئ الان لسة حاجز مشوار المفروض انه تمنه معروف وحجزت بعد ما وصلت لقيته اكتر من اللى حجزته بكتيير طبعا كلمت السائق قلى البرنامج هو اللى بيحاسب ولقيت البرنامج عندى نفس السعر ذيادة طب ازاى يعنى حتى السائق مجاش الى مكان اللقاء وانا روحت ليه مشي مسافة شركة غير موثوقة فى الحساب للمرة الثانية فى نفس اليوم نفس المشكلة ارتفاع فى سعر التوصيل غير المتفق عليه اسوء شركة نصبين,Negative
3af95206-2041-4530-ba3d-d59edb8c93b2,Uber,Transport Services,1,2026-08-17,حسابى كان كاش و اتحول الى كريدت بدون علمى و عند الاتصال بالدعم رفضو استرجاع الحساب كاش مره اخرى بون سبب خدمه سيئه و دعم مش بيفهم,Negative
bf7b3343-f31f-49cd-af7f-5274f6166f47,Uber,Transport Services,5,2026-08-17,تطبيق محترم,Positive
6ee616a8-156a-4fbf-8162-4dfec13aafdf,Uber,Transport Services,4,2026-08-17,👍,Positive
d266c501-9b79-4352-a9cb-4d859017f5b2,Uber,Transport Services,5,2026-08-17,ممتازه,Positive
ee4f4729-e838-4a26-af15-611fd757243a,Uber,Transport Services,5,2026-08-17,ماشاء الله,Positive
b7d6106a-2a75-4370-8cf7-8db3c6e200a3,Uber,Transport Services,5,2026-08-17,ممتاز,Positive
163471e8-d87a-41a0-a94c-fa86f0da8db3,Uber,Transport Services,4,2026-08-17,جيدجدن,Positive
6fb4fc59-681f-4060-aaf2-d7df1b6c1357,Uber,Transport Services,5,2026-08-17,ممتاز,Positive
7d14b29f-d92e-4529-ab2f-2681d7becf1e,Uber,Transport Services,5,2026-08-17,تطبيق كويس جدا,Positive
d06dcf7b-51a2-4603-82c7-6f729a135cd7,Uber,Transport Services,5,2026-08-17,تجربتي مع اوبر كانت اكثر من رائعه تطبيق ممتاز وسريع,Positive
42acc20a-440f-4fad-8c4f-2fab0a27601e,Uber,Transport Services,5,2026-08-17,احلي تطبيق سريع وبسيط وآمن,Positive
0fa2942a-ff94-4520-8cd9-5e9cb9ce389d,Uber,Transport Services,5,2026-08-17,ممتاز جدا,Positive
7c69dc92-1a1a-4c48-932a-af6b52e7fb89,Uber,Transport Services,5,2026-08-17,سواق محترم وامين,Positive
11db3f66-1d9e-4eec-a137-29d70931aff7,Uber,Transport Services,2,2026-08-17,يتم سحب مبلغ مالي كل يوم وارجاعه ناقصا,Negative
032b4470-446b-40d3-b39e-9e06058347fd,Uber,Transport Services,5,2026-08-17,ممتازه,Positive
2bf1e1fc-bd98-4f0a-bd5c-624d917d14a9,Uber,Transport Services,5,2026-08-17,سائق محترم وأخلاق نسأل الله أن يبارك فيه وفي من رباه,Positive
2119e52b-4244-4f2a-8c72-2b96a9454a09,Uber,Transport Services,5,2026-08-17,سائق محترم جدا جدا جدا,Positive
c747c185-c5f3-40c6-ad5e-55758c1ce04f,Uber,Transport Services,5,2026-08-17,ممتاز جدان,Positive
66896808-59f4-4072-ade5-ba7a4cc41d83,Uber,Transport Services,5,2026-08-17,ممتازه,Positive
397019c7-2076-4cd4-a9ae-ef39591d10d5,Uber,Transport Services,1,2026-08-17,قيمه غير مقبوله للسعر,Negative
981bf83e-cbad-47be-9829-1fcb8f2f9939,Uber,Transport Services,5,2026-08-17,برنامج محترم,Positive
086890cb-3241-4667-a182-0b09f0f35bfe,Uber,Transport Services,5,2026-08-17,اوبر جميل,Positive
65d1bc9e-89bc-4257-a59d-4e7ca59eafbf,Uber,Transport Services,1,2026-08-17,Uber is fantastic 👌,Negative
65020556-2aa6-49e9-8f29-7c2beb7e96c7,Uber,Transport Services,5,2026-08-17,جيد جدا,Positive
4c4e656e-aceb-4b42-a326-a38289e0381d,Uber,Transport Services,5,2026-08-17,كابتن نظيف ومهذب,Positive
ad67326f-e8b8-4aa0-b925-bf2bf8ef95c4,Uber,Transport Services,5,2026-08-17,تجربتى مع اوبر أرضتنى جدا .. ما شاء الله تبارك الله تطبيق ممتاز و سائقين محترفين محترمين و أسعار ممتازة,Positive
5ba9a12f-ce66-4d34-9dcb-1581241696c4,Uber,Transport Services,5,2026-08-17,،جيد,Positive
215dd652-ac31-44f2-90c2-edc912511085,Uber,Transport Services,5,2026-08-17,من افضل التطبيقات ومن افضل واسرع خدمة توصيل تجربتي معاهم كانت ممتازة واسعارهم معقولة,Positive
3d930a8d-dc9d-4d1b-93d2-b8c076b2bfa9,Uber,Transport Services,5,2026-08-17,ممتاز,Positive
dbd229e0-772f-4e66-805c-145f73e77e72,Uber,Transport Services,5,2026-08-17,جيد,Positive
ae273ff3-8790-4111-bb73-36c0bee2c4f4,Uber,Transport Services,5,2026-08-17,ممتاز,Positive
7e87a69c-efb7-403f-b096-757ad9d9320a,Uber,Transport Services,5,2026-08-16,جميل ومريح,Positive
84b711bb-5899-4f1c-8b32-6164343e7182,Uber,Transport Services,5,2026-08-16,Excellent rating.,Positive
bf6119e7-cd6c-4861-8880-028cf479d765,Uber,Transport Services,5,2026-08-16,السائق امين جداً,Positive
0c0415dc-b58b-47d4-9d0a-a7b8f37d3c5a,Uber,Transport Services,5,2026-08-16,ممتازة جدا,Positive
725ca6d3-e73b-4024-8283-ecbc49f8dd0e,Uber,Transport Services,5,2026-08-16,كويس,Positive
487812c8-ce1c-4a95-878f-d82a90a6f6f6,Uber,Transport Services,5,2026-08-16,رائعه,Positive
29fa3c9d-c9a8-47ed-94ab-fff2cc1a4ce2,Uber,Transport Services,5,2026-08-16,ممتازه,Positive
ec8f7abb-6850-495c-8b7e-6a9775a18fde,Uber,Transport Services,5,2026-08-16,تطبيق ممتاز,Positive
a9e2ffb3-4439-4cf4-8a9c-a65fd147c796,Uber,Transport Services,4,2026-08-16,تطبيق ممتاز عاشت الأيادي,Positive
bebf7825-1612-41f0-ad99-eff9daaa5692,Uber,Transport Services,5,2026-08-16,ممتازه,Positive
3d40f41b-4ad8-4959-bd2f-8226d0f0feb0,Uber,Transport Services,5,2026-08-16,التطبيق مره مره كويس وصراحه المشاوير المشاوير اللي ارض تكون ارخص مشوار متى بتطبيقات ثانيه تنتظرين نص ساعه ربع ساعه هنا اربع دقائق بس ويوصلك يعني صراحه تطبيق ما شاء الله تبارك الله,Positive
4087366e-ed45-467d-94d0-24875744e69a,Uber,Transport Services,1,2026-08-16,اتعامل مع شركة اوبر منذ 2015 للأسف التطبيق برغم انه كان من افضل تطبيقات الركوب وافضل خدمة دعم فني اصبح الأن في منتهي السوء اسعار مبالغه ومصاريف الغاء بدون وجه حق وسرقه للعملاء,Negative
9f362ea0-0ca8-436c-a170-90dd9cf2a0a6,Uber,Transport Services,4,2026-08-16,كويس,Positive
02c95e2a-616f-40a2-a8b7-7b0b44ba3e2b,Uber,Transport Services,1,2026-08-16,هل يعتقد أوبر إن العميل والكابتن لا يعرفون كم اخذ أوبر فايدة ؟الحقيقة إن شركة أوبر لا تراعي حق الكابتن خصوصا أن العميل دفع المبلغ وفايدة أوبر مرتفعه,Negative
60449d2b-b5ee-47e3-9947-c218d201a619,Uber,Transport Services,5,2026-08-16,سريعه ورخيصه,Positive
3c8ea149-879b-429a-9725-91dccc511d36,Uber,Transport Services,5,2026-08-16,good,Positive
2a7d6708-9818-4166-80bc-842761b9535f,Uber,Transport Services,1,2026-08-16,تطبيق سئ عندما يقترب منك السائق يلغي الطلب و يجيب عليك انتظار سائق اخر,Negative
cf5e5b65-ae65-4cda-af1d-d618a189a4d2,Uber,Transport Services,5,2026-08-16,السائق راقي لدرجة سعيدين بالتعرف علية,Positive
1be6d189-c4ee-4721-98a0-29b88df7e2c4,Uber,Transport Services,5,2026-08-16,ممتازة,Positive
df76bb1e-ca62-4272-bb5a-5b489f0e9244,Uber,Transport Services,5,2026-08-16,حلوه,Positive
3b0f3248-a00b-44d9-bb03-cca112042b8b,Uber,Transport Services,5,2026-08-16,خدمه ممتازه,Positive
1a637856-53ad-47f9-b6b8-a6d5f4208283,Uber,Transport Services,5,2026-08-16,رائع,Positive
87fc303a-ecd7-4829-8010-0533361c8dc6,Uber,Transport Services,5,2026-08-16,ممتاز,Positive
acedc281-1751-4ee9-aaa8-bb330bc97abb,Uber,Transport Services,5,2026-08-16,ممتازة,Positive
16f99c50-e784-4d1b-ad9e-2ec28959906c,Uber,Transport Services,5,2026-08-16,جيد,Positive
f9eb986e-a843-4ef4-ae3b-4f7ab805c4d7,Uber,Transport Services,5,2026-08-16,حلوه,Positive
26ce824e-835f-4c81-9749-0bae5329142e,Uber,Transport Services,5,2026-08-16,شكرا لكم على حسن خدمتكم واسعاركم ممتازه,Positive
c7bf1364-81db-4e36-96f0-18d7c64f16ba,Uber,Transport Services,5,2026-08-16,جيد جدا,Positive
dd0bb924-0779-4d3a-bcee-b0887b79020b,Uber,Transport Services,5,2026-08-16,ممتاز,Positive
45c669ce-8b5b-4dad-b65a-f9bf6f4b977f,Uber,Transport Services,5,2026-08-16,فووق الممتاز,Positive
f7d59aec-3091-4a82-98dd-c1211f8c7240,Uber,Transport Services,5,2026-08-16,خدمه متميزه,Positive
ec311474-76e4-4c4d-a586-f07f1f76ce21,Uber,Transport Services,5,2026-08-16,رائعييييين,Positive
847afd6b-0cdd-4193-8785-147a6722490c,Uber,Transport Services,5,2026-08-16,ممتاز جدا اسعار كويسه,Positive
551472a8-2cb3-4113-a951-1018f6287baf,Uber,Transport Services,5,2026-08-16,احلا برنا,Positive
9febcbcb-705f-44f1-9e48-2e2c3c272dd8,Uber,Transport Services,1,2026-08-16,شركة زفت,Negative
605de2ec-edff-4264-9c96-c9da8d283ccb,Uber,Transport Services,5,2026-08-16,ممتاز,Positive
a66c5edf-9387-41b8-81ee-dac87dbf889f,Uber,Transport Services,5,2026-08-16,رائعه,Positive
4c03fa24-29b9-4e78-a19d-3ef02f4e56f3,Uber,Transport Services,4,2026-08-16,سعات بيكون غالي فشخ,Positive
a9ad1574-a744-47ce-8e7a-9fd204079188,Uber,Transport Services,5,2026-08-16,❤️,Positive
c70c33a7-ad6d-49cb-9daf-3c14fd77bd76,Uber,Transport Services,5,2026-08-16,تطبيق ممتاز و مريح,Positive
8ae76d63-faf8-4f68-a199-709973cae89d,Uber,Transport Services,5,2026-08-16,ممتاز جدا,Positive
76f75968-32ed-4403-83c5-816e2d295c41,Uber,Transport Services,4,2026-08-16,ممتاز,Positive
591dcd44-91a8-4317-a133-4804e962dfc7,Uber,Transport Services,5,2026-08-16,👍👍👍,Positive
d91cf6e0-acaf-4092-adc4-0e40a3c09618,Uber,Transport Services,5,2026-08-16,ممتازه,Positive
48e359d9-8386-4e90-845f-e04701380a29,Uber,Transport Services,4,2026-08-16,مش كويس و السعر بيتغير بعد لما بوصل,Positive
d84f5499-13a9-406c-8fc9-e8073e17bd4c,Uber,Transport Services,5,2026-08-16,احسن تطبيق توصيل,Positive
2499d97c-5783-4b94-bb9e-b2e3de1a5702,Uber,Transport Services,5,2026-08-16,خدمة طيبة,Positive
6fb45fa7-e7d5-4e53-b162-07813f5e6125,Uber,Transport Services,1,2026-08-16,طلبت مشوار من عين الباشا لحدائق الجبيهه طلب دينارين و٦٠ قرش رجت من الحديقة قبل الساعة ١٠ طلب نفس الشي البرنامج لم بوصل على عين الباشا طلعت الاجرة ٣ دنانير وربع شو مشان مافي مصداقية,Negative
6caeb27c-69c5-470d-a172-7f2bd96d8d90,Uber,Transport Services,5,2026-08-16,تجربه ممتازه وراضي كل الرضا على أوبر وعلى كل الكباتن اخلاق عالية وتعامل راقي جدا ومزيد من التقدم والنجاح,Positive
cecb359c-98f2-4328-8039-30ed77d4036e,Uber,Transport Services,5,2026-08-16,جيدة جدا,Positive
b628546c-eb12-42b1-aedd-b005d500432c,Uber,Transport Services,5,2026-08-16,اروع واجمل تطبيق تاكسي ❤️,Positive
3a6e7d36-1564-4d54-b6ce-9d5f1e0905d2,Uber,Transport Services,1,2026-08-16,الأسعار بالعالي مع اني زبون دائم ... وما في خصومات متل باقي التطبيقات,Negative
90a871f0-1966-448d-b8eb-5fd198cecf9c,Uber,Transport Services,5,2026-08-16,ممتاز,Positive
227d9e1d-333f-4193-9af1-b287a3ebdf00,Uber,Transport Services,5,2026-08-16,ممتاز,Positive
2f44718c-2cb5-4e56-bcb5-f39a9e930898,Uber,Transport Services,5,2026-08-16,ممتاذ,Positive
63825e7f-3f9c-47df-ad50-6e4e7fbea03e,Uber,Transport Services,5,2026-08-16,ماشا الله تبارك الله,Positive
093ea707-ebcb-42c1-a5a0-abcec2ef68f6,Uber,Transport Services,5,2026-08-16,متتاز,Positive
2c95d064-dbd8-4660-95dd-305419319a69,Uber,Transport Services,5,2026-08-16,ممتاز,Positive
80f26ccb-513c-44cb-99cc-20ce95cc540a,Uber,Transport Services,5,2026-08-16,جيد جدا,Positive
10df5191-4e66-4aaa-9c2e-5ac3978a3e1d,Uber,Transport Services,5,2026-08-16,رائعه,Positive
37b301df-25c1-4132-80dd-0162588d8f8d,Uber,Transport Services,5,2026-08-16,نجاح,Positive
f22739c9-45ee-41e0-90ac-a84043033ccf,Uber,Transport Services,5,2026-08-16,رائع,Positive
6ab77ae8-9b4c-483f-8e3f-26d85d11aec4,Uber,Transport Services,5,2026-08-16,رائع وممتاز جدا جدا,Positive
a009188f-46dc-4846-8851-c7610e5c4484,Uber,Transport Services,5,2026-08-15,كمان سائقين ممتازين,Positive
7a5d4831-dd95-4569-b53c-c807e6b264b3,Uber,Transport Services,5,2026-08-15,حلو,Positive
eb45bf7f-fa15-496f-bff1-8e3912ba7808,Uber,Transport Services,5,2026-08-15,ممتاز جدا الله يكرمك في الدارين يارب العالمين,Positive
30f2d18f-34f1-412c-a01f-6cdfcca10414,Uber,Transport Services,5,2026-08-15,ممتاز,Positive
3d919e9b-e007-4e2b-b6aa-7713d93a9047,Uber,Transport Services,5,2026-08-15,فوق الرائع,Positive
2d040b30-bed1-454e-9b77-8bc9fd6385da,Uber,Transport Services,5,2026-08-15,very nice,Positive
01c00708-cb17-4504-848b-f155b2309a4c,Uber,Transport Services,5,2026-08-15,جيد,Positive
1cc3b97f-6282-4e59-8219-edbeff879999,Uber,Transport Services,5,2026-08-15,ممتاز,Positive
67610563-206c-4b33-9325-e88bb434b441,Uber,Transport Services,5,2026-08-15,جيد,Positive
a0ead92a-e1be-46b0-b7a8-2eb9e33488f0,Uber,Transport Services,5,2026-08-15,حلوه اوووي,Positive
d378c7a9-b1a6-4e4b-9e86-6942cb406f98,Uber,Transport Services,5,2026-08-15,روعه,Positive
ecece40e-0b6e-4d23-b38d-c286b8224e5e,Uber,Transport Services,5,2026-08-15,راعه,Positive
1c5a312f-2d26-4e8a-a8d8-4128d902215d,Uber,Transport Services,4,2026-08-15,ممتازه,Positive
b6459fcb-6bd1-4772-b970-586d57f2b7d3,Uber,Transport Services,5,2026-08-15,ممتازه جدا,Positive
84722716-be44-4694-90f0-aff1017850db,Uber,Transport Services,1,2026-08-15,بعض السائقين لايرجعون المال وفريق الدعم لا يرد,Negative
da2302b8-8dc4-4531-aa7c-4c959cc87a6c,Uber,Transport Services,5,2026-08-15,ممتازة,Positive
94d3a497-668b-4f5e-bb5a-e93d9ddf887a,Uber,Transport Services,5,2026-08-15,جامد,Positive
8629f743-67f5-443b-9faf-a37a5dcb5e6b,Uber,Transport Services,5,2026-08-15,ممتازن,Positive
a99a4d3b-ad42-4213-b3db-def56da74426,Uber,Transport Services,5,2026-08-15,شكرا,Positive
308b12c4-f4a5-4335-b6ad-cdbca16ecda9,Uber,Transport Services,5,2026-08-15,مفيد جدا,Positive
91d6e0d7-5fb8-497c-9a6b-566cd2383a90,Uber,Transport Services,1,2026-08-15,أقسم بلله العظيم حراميه لأبعد الحدود الكل الجميع يشاركني بالتايد في حالة كون كلامي سليم وفي الاعتراض عن كلامي اذا أخطات اذا عندك مشوار يعرضلك بمبلغ وعند الوصول تتفجأء بمبلغ زائد وتضطر انك تدفع تحصل معي بشكل مستمر زيادة 3او5لاكن في مشواري اليوم لان المسافه بعيده واقسم بجلال لله الزياده اصبحت43 جنيهاً لماذا اوبر عندنا في السعوديه في قطر في الكويت في الامرات كل مكان بنفس السعر الا في مصر تتفجأ بزياده كبيره عند الوصل يوجد تلاعب من خلف الكواليس ولله العظيم اصبح سيئ جدا جدا جدا جدا جدا,Negative
5099fb21-b992-4f6e-a1d1-d5c353319882,Uber,Transport Services,2,2026-08-15,أوجه مشكله في تحميل برنامج في هذا الجهاز الغبي,Negative
acb1e5d0-bafa-4100-8e26-598ce252d183,Uber,Transport Services,1,2026-08-15,❤️,Negative
cf0eaae8-7299-44c7-90aa-ae7e306467cf,Uber,Transport Services,1,2026-08-15,ما يقبلون الطلب بسرعه,Negative
e782e8f4-c02a-4069-ab92-a188f96ccd86,Uber,Transport Services,5,2026-08-15,كويس,Positive
58e2f5e0-c338-414a-88c9-853bd4362d53,Uber,Transport Services,5,2026-08-15,جميل جدا,Positive
d7f93d58-1cbc-4991-a270-cc2f789144ab,Uber,Transport Services,5,2026-08-15,ممتاز,Positive
9a12feef-624b-4836-be5a-a8de9666be16,Uber,Transport Services,5,2026-08-15,ممتاز,Positive
0b7f3145-78e6-4082-b662-3337a538a138,Uber,Transport Services,5,2026-08-15,حلو امان جدا,Positive
f618c3b5-3e1f-4cbe-9975-cc6e23b4d38a,Uber,Transport Services,4,2026-08-15,ناس محترمه وخصومات جميله,Positive
a53657af-ae42-40b0-8c0c-ac7ed469ae10,Uber,Transport Services,5,2026-08-15,ممتاز,Positive
15985099-2cbd-42ce-b1d4-64c063707281,Uber,Transport Services,5,2026-08-15,ممتازين برافووو,Positive
17e9cdba-29f5-4111-88fb-bf7334002f79,Uber,Transport Services,3,2026-08-15,ليه ما في كود خصم للمشتركين الجدد,Neutral
9d58828d-d4f5-4ada-a66e-1b2bd6221e72,Uber,Transport Services,5,2026-08-15,ممتاز,Positive
3c77a4fc-2766-4776-aa0a-858d0069f893,Uber,Transport Services,1,2026-08-15,تطبيق غير عادل وقد حملوني رسوما اضافيه,Negative
17c44071-18c5-48dd-9fa3-89a21b7e426e,Uber,Transport Services,5,2026-08-15,ممتازة,Positive
ac0bd87b-3af2-4731-8d6c-64baf252818d,Uber,Transport Services,5,2026-08-15,👍🏼,Positive
cea3c867-0e1e-4a32-8972-4bab30a426e1,Uber,Transport Services,5,2026-08-15,رائعة,Positive
2caf1f33-971e-4fef-b212-0827f91ffbdc,Uber,Transport Services,5,2026-08-15,شكرآ أوبر,Positive
8605ed9a-2cd3-4604-bd55-60e5ea0ab71b,Uber,Transport Services,5,2026-08-15,ok,Positive
d2f117e8-730c-4a91-8187-670ddcec7d7e,Uber,Transport Services,5,2026-08-15,جميل,Positive
ee32156e-d9ff-4d8c-b93c-b86d51509fe0,Uber,Transport Services,3,2026-08-15,جيده,Neutral
6ee39fe8-2569-47de-a8b4-42c6fee303f2,Uber,Transport Services,5,2026-08-15,تطبيق محترم و كباتن على ذوق,Positive
fcb5904a-c865-4162-b750-90886d5574ae,Uber,Transport Services,5,2026-08-15,جيد جدا,Positive
34a95554-b887-4f78-ade4-d221308918ca,Uber,Transport Services,5,2026-08-15,ممتاز جداا,Positive
3ac279c5-01a4-40ce-bdc7-5010cda35d49,Uber,Transport Services,1,2026-08-15,ممتازه,Negative
e90dd36d-4cd9-41d6-ba7b-67c952849683,Uber,Transport Services,5,2026-08-15,بصراحه تطبيق رائع جدا,Positive
8a39e6c6-41e3-4992-9008-428d5f1ef1f4,Uber,Transport Services,5,2026-08-15,التجربه ممتازة,Positive
76e0d2a2-cc03-441d-89bc-b9185e623307,Uber,Transport Services,5,2026-08-15,جيد جدا,Positive
21bb5ae5-df32-434b-9d46-055e788891bd,Uber,Transport Services,5,2026-08-15,ممتازه,Positive
d050f438-d9c8-4297-91d2-f077549e8d9d,Uber,Transport Services,5,2026-08-15,ممتاز,Positive
71129260-9aed-4065-9c6c-35a70af837b1,Uber,Transport Services,5,2026-08-15,رئيس و سريع,Positive
7d5a857a-1837-41aa-bd6e-f20dcadf12d9,Uber,Transport Services,5,2026-08-15,حاجه جميله,Positive
967f18ab-3db2-47a7-b3d3-559356f74bc9,Uber,Transport Services,5,2026-08-15,محترم جداا ☺️,Positive
d0c9a8e0-08bd-451a-9b46-b2b83477e02f,Uber,Transport Services,1,2026-08-15,ممتاز,Negative
badfa683-636a-4c7c-94b5-1f656d196600,Uber,Transport Services,1,2026-08-15,تقييم التطبيق للأسف من أسوأ التطبيقات. نسيت غرضًا داخل السيارة بعد انتهاء الرحلة، وللأسف لا يوجد أي خيار للتواصل مع الشركة أو السائق بعد انتهاء الرحلة. المفروض يكون فيه وسيلة للتواصل واسترجاع الأغراض المفقودة. تجربة سيئة جدًا.,Negative
9ddebb83-6262-48bd-b281-bfa13cf6b91d,Uber,Transport Services,5,2026-08-15,السايق محترم,Positive
930888cd-99b4-41b9-aee5-d03995a5614a,Uber,Transport Services,1,2026-08-14,انا ادفع غرامه زياده,Negative
1a45dc67-b835-46e2-99e5-59d0c05e0340,Uber,Transport Services,5,2026-08-14,وااو,Positive
cd3a520c-4f20-4a2f-b528-407cdbfba391,Uber,Transport Services,5,2026-08-14,فنان,Positive
17083c92-ae3b-4879-b53b-87f99b016fb9,Uber,Transport Services,5,2026-08-14,ممتاز,Positive
0fb2fcc8-e3e3-4d28-8997-e397923556a4,Uber,Transport Services,1,2026-08-14,عللتؤة في القصر الحلقه,Negative
9cda571f-1979-4132-a0ad-509a822eacb7,Uber,Transport Services,5,2026-08-14,ممتاز,Positive
dde1d64a-619b-4254-ac77-fe2ca37e61c0,Uber,Transport Services,1,2026-08-14,بطلب السواقين يقبل من مكان بعيد ويقولى اسف الغى وانا اتغرم نطبيق زى الزفت,Negative
e0da86d1-72fb-499a-8633-5629d65e8469,Uber,Transport Services,1,2026-08-14,زي الخرا حرفيا سجلت ومايقبل مشاوير,Negative
e8ecd4d4-3b0a-40d6-880a-f8adfbf3fa41,Uber,Transport Services,5,2026-08-14,حلو جدآ انصح في استخدامه,Positive
26404b23-3fea-4569-bd1e-53ce6eb8832e,Uber,Transport Services,5,2026-08-14,ممتاز,Positive
b5fc0636-9cc2-4b59-8427-543426353821,Uber,Transport Services,1,2026-08-14,ليه لازم ادفع اكراميه للسائق علشان يقبل الرحله ليه شغل العافيه والشحاته هو مش السائق بياخد حقه ليه يطلب اكتر وان لم ادفع لن يقبل,Negative
775eb15c-3585-4b7a-8bac-2670f884964b,Uber,Transport Services,5,2026-08-14,good 👍,Positive
5ba02363-3090-4015-8e0a-51379a19d92e,Uber,Transport Services,5,2026-08-14,تسعيرة عالي ولكن خدمة كويسه,Positive
9a16940e-8f37-40b5-a675-9cc0569ad228,Uber,Transport Services,5,2026-08-14,خدمه جدا ممتازه,Positive
824e8086-74f0-44e8-baf1-43c444ad4d65,Uber,Transport Services,5,2026-08-14,ممتاز,Positive
ea1ac1c0-3673-4a04-9079-f574d461f8ce,Uber,Transport Services,5,2026-08-14,جمد جدا,Positive
866f10e4-432b-4737-aed9-af2c9c5f40dd,Uber,Transport Services,5,2026-08-14,ممتازه,Positive
0fede3e6-af98-426f-9a09-ebc4f2926710,Uber,Transport Services,1,2026-08-14,تطبيق سيء جدا جدا جدا,Negative
a99192bf-56ec-4d8e-93b8-3070dfc097bd,Uber,Transport Services,5,2026-08-14,المندوب اللي جالي سريع جدا ومحترم جدا,Positive
79c2d5dc-edb4-44ba-8901-c49e8f9ca41f,Uber,Transport Services,5,2026-08-14,تجربه ممتازه,Positive
b788ee5a-2594-4bce-bc94-13565b93ce26,Uber,Transport Services,5,2026-08-14,شركه محترمه,Positive
70563568-9ea0-43d7-a159-842105f7e52a,Uber,Transport Services,5,2026-08-14,ممتاز,Positive
5cdd727b-6a1e-4959-86d2-2177527ca183,Uber,Transport Services,5,2026-08-14,ممتاز,Positive
cee6b88f-517f-4a91-91aa-c6c92b76de42,Uber,Transport Services,5,2026-08-14,حلو,Positive
7c58a471-874e-49f8-8150-11ff02c9c9ab,Uber,Transport Services,5,2026-08-14,ممتازة,Positive
38b65558-5704-4037-ac62-7f961b008116,Uber,Transport Services,5,2026-08-14,ممتازه,Positive
1c7e47e1-628d-4646-a7ef-a6e771ebcfa9,Uber,Transport Services,5,2026-08-14,ممتازة,Positive
d08effbe-3c00-4e8f-9d72-c009d631bb01,Uber,Transport Services,5,2026-08-14,ممتازه,Positive
fc046bf1-a45b-4def-b4eb-741989ecb7d5,Uber,Transport Services,1,2026-08-14,تأخير وعند إلغاء الرحله قبل تأكيد السائق يتم اخد المال,Negative
3c7fe2a4-7576-46de-8e8c-0f2f7a4c8e89,Uber,Transport Services,1,2026-08-14,السائقون يتأخرون دائما، اسواء خدمة توصيل في مصر ومضيعة للوقت,Negative
f0dbfd1f-944c-4912-9f0a-a60d3533d931,Uber,Transport Services,5,2026-08-14,تجربه ممتازة,Positive
021992fe-4f14-4b01-8a45-a422e951d26d,Uber,Transport Services,5,2026-08-14,تجربة رائعة مع سائقي اوبر الممتازين وشكراً كثيرا,Positive
67da1315-182c-44c0-889d-02220a68ac02,Uber,Transport Services,4,2026-08-14,مريح,Positive
27d79ed2-d446-4419-b350-8e3918700278,Uber,Transport Services,5,2026-08-14,لماذا اتفق علي اجره ولكن عند النزول افائج أن الاجره المطلوبه اعلي بكثير من المتفق عليه ؟,Positive
52028b55-38c0-4428-b4eb-7cddd36e0a76,Uber,Transport Services,5,2026-08-14,تجربة جيده جدا,Positive
129a904d-8bdd-4297-8491-901b24099acf,Uber,Transport Services,5,2026-08-14,جيد جدا,Positive
39856bff-db21-4cf6-9331-f8e18671c67c,Uber,Transport Services,4,2026-08-14,ممتازة,Positive
75754d18-098b-462a-a969-12db9b9c789a,Uber,Transport Services,5,2026-08-14,جيداً,Positive
8f667c6a-d7c9-413c-88ea-8fcd2d51f48c,Uber,Transport Services,5,2026-08-14,خدمه العملاء ممتازه,Positive
533163e1-6174-451f-83a4-cc2574d08edd,Uber,Transport Services,5,2026-08-14,سريع,Positive
7f0c2b33-3d46-4062-93a3-5fda45fd59f7,Uber,Transport Services,5,2026-08-14,❤️,Positive
23a734c3-1dc6-4c60-aab1-04d11d898b1d,Uber,Transport Services,1,2026-08-14,الاجره مرتفعة وما في كود خصم,Negative
7444078c-96f0-4fa2-a9dc-bcafe4b589d5,Uber,Transport Services,1,2026-08-14,تطبيق رائع وأمن,Negative
1d885a91-e1fd-4276-88e1-f89243209350,Uber,Transport Services,5,2026-08-14,جميل جدا ورائع,Positive
eb3fbb4a-0e7a-4bde-a119-869d067c9031,Uber,Transport Services,5,2026-08-14,ممتاز جداً جداً,Positive
b80c3022-19c8-4d7d-aa7c-49ffee957122,Uber,Transport Services,5,2026-08-14,ساىق محترم ومؤدب,Positive
e856955a-ecad-477f-851d-4017ac9d2e42,Uber,Transport Services,5,2026-08-14,سائقين محترمين وتطبيق جيد,Positive
41a74fef-6fba-4dd1-9471-ec79fa1183f5,Uber,Transport Services,5,2026-08-14,ممتازه,Positive
bc68efbc-674e-4885-9613-9b828a0d0e81,Uber,Transport Services,5,2026-08-14,ممتاز,Positive
d8636069-cbca-4bc0-ad55-fe9392b44ab5,Uber,Transport Services,5,2026-08-14,ممتاز,Positive
8108022c-c449-44d1-8405-9623ebc60495,Uber,Transport Services,5,2026-08-14,‏thank you very much,Positive
39dd51dc-cfc1-4f6c-bbb7-ef92c208f121,Uber,Transport Services,1,2026-08-13,التطبيق بيفرض رسوم ٣٠٪ على سعر المشوار بعد الوصول يعني لما توصل لوجهتك المشوار بيزيد عن السعر المكتوب في الابليكشن في الأول منصحش بيه,Negative
78be11a0-5e0a-4e6b-93e0-81121dcc8e1f,Uber,Transport Services,5,2026-08-13,افضل برنامج تعاملت معه وسريع شكرا لكم,Positive
b6ba31fd-fba0-4f65-a96b-bd9c216eb068,Uber,Transport Services,1,2026-08-13,كويس,Negative
4cfbf21c-eb9d-4c93-93dc-0a0de3a3b16f,Uber,Transport Services,4,2026-08-13,تجربة ممتازه والسائقين ممتازين,Positive
18c250c6-d55a-46b9-a1e9-380889ed9905,Uber,Transport Services,1,2026-08-13,اخر طلب ،السائق اخذ مني ١٠٠ جنيه بالرغم من اجرته ٤٣ وقيمته سئ جدا .لكن لا اعلم كيف تم حذف المشوار كليا من طلباتي بالرغم من انهاء المشوارولايوجد اي بيانات له على التطبيق حتى لم يصلني ايميل بالمشوار وتكلفته والايصال يوجد تواطؤ واضح,Negative
73b53f11-a327-4d7e-9971-ed99f5a2e7c1,Uber,Transport Services,5,2026-08-13,تمام جدا,Positive
cf34ef24-a7e6-477d-bfc9-2471cfe414b3,Uber,Transport Services,5,2026-08-13,توصيل سريع جميل جدا,Positive
60901ef5-8da8-4810-af23-7d6b6179b448,Uber,Transport Services,5,2026-08-13,ممتاز وسريع,Positive
7a81b1d3-ba56-4faf-9d55-139d542b80f1,Uber,Transport Services,5,2026-08-13,ممتازه,Positive
b5f2aedd-b61d-4628-9fc3-d2599aae4475,Uber,Transport Services,5,2026-08-13,جيد,Positive
f6418f3d-6668-4254-92b3-daa1baf23828,Uber,Transport Services,3,2026-08-13,السيارات أصبحت قديمة جدا و حالتها غير جيدة علي الاطلاق,Neutral
95f8dea3-afd5-4652-80d7-4ee875880a49,Uber,Transport Services,5,2026-08-13,ممتازة,Positive
fdffe41c-247e-4f18-9a23-f6f16c4f18a6,Uber,Transport Services,5,2026-08-13,gut,Positive
bd1027fb-d0c0-48fa-ae3d-c0338ccbc96a,Uber,Transport Services,5,2026-08-13,"Jeg var med en chauffør ved navn Essam, han var fantastisk",Positive
5d0af95f-bec7-4b78-b31e-654baa0f19a9,Uber,Transport Services,1,2026-08-13,بات تطبيقات بتستعبط لان مشوار 2 كيلو حط لي سعر 97 جنيه ليه ان شاء الله رجعوا التسعير,Negative
948d08e9-e3ba-4fff-89a5-d92e6c070d52,Uber,Transport Services,5,2026-08-13,اسعار ولا اروع ودقيقةوبكون عل باب البيت,Positive
61e57173-2cb2-4f1c-b3a8-a9d885c54dcb,Uber,Transport Services,5,2026-08-13,جيد,Positive
10c00e33-3bb7-4bf5-8a91-40a38f6b8089,Uber,Transport Services,5,2026-08-13,اكثر انطباط والتزام,Positive
83831ddf-c27e-4701-875d-fcd5a1fb4b12,Uber,Transport Services,5,2026-08-13,السائق وصل في معاده والسياره مكيفه,Positive
dd962bab-e922-4b51-8144-60e6a9b77cb2,Uber,Transport Services,5,2026-08-13,nice,Positive
76025985-0d7a-45d1-b17e-2aa790bb7423,Uber,Transport Services,4,2026-08-13,تجربه ممتازه,Positive
3495e6b2-1b92-4898-ba43-0d92d486836f,Uber,Transport Services,5,2026-08-13,ممتازة,Positive
fd7a26b5-521d-4ba6-bbd8-a62cb12eb49f,Uber,Transport Services,5,2026-08-13,تطبيق أكثر من رائع,Positive
7cb75f55-18fa-4769-aa3b-25ed1594430c,Uber,Transport Services,5,2026-08-13,في قمه الاحترام,Positive
0d904e9e-0627-412d-bd46-0f2dbd0ba1d1,Uber,Transport Services,5,2026-08-13,الحمد لله ممتازه شكرا لحضارتكم,Positive
81eca19f-6d87-4c10-875f-2b51da2ef5ab,Uber,Transport Services,5,2026-08-13,ممتعة وسهله و رائعه و مريحة,Positive
a54b0cb0-1e9f-4c9b-aeb9-eb1d1c26f8af,Uber,Transport Services,5,2026-08-13,معاهم شركاء ممتازين,Positive
ee4c8ea9-f296-4a2f-91d3-87f0a2ef9454,Uber,Transport Services,5,2026-08-13,جيد جدا وسهل شكرا جزيلا,Positive
f78009b2-17dd-46da-acff-167519dbe2dd,Uber,Transport Services,5,2026-08-13,ممتاز وامن وقياده احترافيه,Positive
5667b182-351c-4354-9bd2-b6c705bc1189,Uber,Transport Services,5,2026-08-13,يعطيكم العافيه,Positive
2c49c9f3-41e0-4080-b1ac-53425693b67b,Uber,Transport Services,5,2026-08-13,ممتازه,Positive
fc1bd113-4f38-4a23-8615-e24107f10c4a,Uber,Transport Services,5,2026-08-13,جيد جدا,Positive
5f685db2-e9e5-4062-a0ba-cd943a315e05,Uber,Transport Services,5,2026-08-13,ممتاز,Positive
4598a1f8-befd-436d-87e5-4e52ccf7e068,Uber,Transport Services,1,2026-08-13,ممتازه,Negative
bc58670e-7542-409d-91fd-0238c564a1a0,Uber,Transport Services,5,2026-08-13,تطبيق ممتاز سواقين محترمين جدا,Positive
2dcb73f0-3c42-4da2-b61e-504f8e75e1ae,Uber,Transport Services,4,2026-08-13,كويس جدا,Positive
dcef5749-3876-4ceb-b10a-848b9174d445,Uber,Transport Services,5,2026-08-13,تطبيق جميل,Positive
8a5b5782-2a42-4fa9-a8eb-24f18c9e7d2d,Uber,Transport Services,5,2026-08-13,جيدة جدا,Positive
c3ed03d8-f156-401e-8f43-a10f51f6cf37,Uber,Transport Services,5,2026-08-13,الحضور كان سريع جدا والسائق تعامله ممتاز والرحله كانت سريعه ومريحه,Positive
870fa76c-b63a-4122-b3d9-d1585df31609,Uber,Transport Services,5,2026-08-13,حاجة من الاخر خدمه محترمه,Positive
10b6c9e8-0e34-4dad-aaae-6dfb90a6d6b9,Uber,Transport Services,5,2026-08-13,جميل هذا البرنامج,Positive
7d0ccdf9-ce61-43c9-b693-7328fdf76ea3,Uber,Transport Services,5,2026-08-13,جيد جدا,Positive
1196df77-6caa-4adb-a645-f202f3fab34a,Uber,Transport Services,1,2026-08-13,كذا مره بعد ما الرحله بتنتهي التطبيق بيجبلي أدفع رسوم زيادة ولما بسأل السائق بيقولي يمكن عشان زحمة المرور,Negative
9b034045-d80e-4d43-9855-0ba62c474c41,Uber,Transport Services,5,2026-08-13,ممتازة,Positive
5e5a935a-a38f-417e-b8ca-6dfddd03341a,Uber,Transport Services,5,2026-08-13,ممتازة,Positive
9ebf287d-a5f2-4cdb-b4e3-66c2340a7ae9,Uber,Transport Services,4,2026-08-13,تمام حلووو جدآ,Positive
870a8203-8b29-4393-900a-5a58aaf455ef,Uber,Transport Services,5,2026-08-13,برنامج ممتاز و اسعار مناسبه جدا,Positive
57f00602-2548-4f69-b590-5108d0bd15b5,Uber,Transport Services,5,2026-08-13,موفر وي سريع,Positive
03924ff9-f9a9-4b45-b302-76333187f126,Uber,Transport Services,5,2026-08-13,👍🫡محترم جدا,Positive
824d8553-f600-4f51-a8f5-52f52e6263d9,Uber,Transport Services,5,2026-08-12,برنامج محترم,Positive
62c47dd2-7188-469a-af29-6c84f758683d,Uber,Transport Services,1,2026-08-12,اسؤ تطبيق ظالم للكباتن,Negative
1d12d7f1-6620-43b2-897f-c48f2edfae01,Uber,Transport Services,1,2026-08-12,ساي,Negative
378fd8ef-9eb8-47d7-84d2-3855b36c6ca1,Uber,Transport Services,5,2026-08-12,Goed,Positive
2e980c41-811e-4855-a580-feb1a41b2f47,Uber,Transport Services,5,2026-08-12,جيد,Positive
b779ecfd-7809-4a26-ae62-15c2301256df,Uber,Transport Services,5,2026-08-12,A respectable man,Positive
697b6e37-71f4-4110-a2e4-43cffa42a2ad,Uber,Transport Services,5,2026-08-12,خدمة ممتازه,Positive
8c4157e9-5ffc-441d-81d9-cbe66e10af87,Uber,Transport Services,5,2026-08-12,ممتازه,Positive
4e0a0986-b981-4b73-9e05-00e995c0d71a,Uber,Transport Services,1,2026-08-12,تطبيق عرص,Negative
20f885f4-7cce-4eeb-93d0-396f1e58a320,Uber,Transport Services,5,2026-08-12,تطبيق ممتاز جدا,Positive
14118cc6-6812-4490-873f-e3da10bbc56a,Uber,Transport Services,5,2026-08-12,سائق بيبقى لابس خشته وبيلبس خوذه,Positive
bd0b8a04-9803-4543-a6e3-e3bac8d40a85,Uber,Transport Services,5,2026-08-12,جيد,Positive
d40bde63-9b84-4ba6-acaf-17daa4cb2c96,Uber,Transport Services,4,2026-08-12,ممتاز,Positive
cbe08080-2689-47d6-a375-da8a66b5ec99,Uber,Transport Services,5,2026-08-12,جييييد,Positive
3c7f88a3-96ec-45ff-9cb9-86a6f1e28702,Uber,Transport Services,5,2026-08-12,iyi,Positive
c6aa5cfa-f7ca-483a-b065-191a68a1b2d7,Uber,Transport Services,5,2026-08-12,ممتازه,Positive
586ccc74-690d-46eb-aacc-3ea5df6fd477,Uber,Transport Services,5,2026-08-12,برنامج ممتاز جدا,Positive
f65dcc1d-3aed-4e66-a8d1-1706a11d4452,Uber,Transport Services,5,2026-08-12,ممتازه,Positive
0318abee-fbd1-4ca3-8f21-ac40d6d4bc90,Uber,Transport Services,4,2026-08-12,لا بأس به من حيث الاسعار ودقة المواعيد ، ولكن عليه ملاحظة صغيرة وهي انه احيانا يرفض التبديل من الدفع نقدا الى الدفع بالفيزا ، ويعرض التطبيق رسالة حدث خطأ، لا يمكنك الدفع بالفيزا في هذا المشوار,Positive
8391518d-6089-46b6-bf9e-de0d42bd76a6,Uber,Transport Services,5,2026-08-12,جيدة,Positive
180ed40f-fe41-4a3c-bb0c-22afce3165b8,Uber,Transport Services,1,2026-08-12,extraordinary,Negative
39e12aef-5e6c-4b11-9cb3-c76ee8a12979,Uber,Transport Services,3,2026-08-12,ملحوظه تسعيرة التوصيل مرتفعة بعض الشىء ممكن تخفضوا التسعيرة فى الحدود المعقولة وشكرا,Neutral
d03d6ab1-9d8c-4a93-95bd-1595ce35f3a6,Uber,Transport Services,5,2026-08-12,جميل ومريح,Positive
5135f762-1a04-4a47-bd75-9dbf8a0c3a4e,Uber,Transport Services,5,2026-08-12,💙,Positive
7bba891a-13cb-4efa-9d3f-8ee891ab741f,Uber,Transport Services,5,2026-08-12,تجربه مميزه,Positive
f85b8d77-f3cd-4cbe-b0dc-cef3b2c2858a,Uber,Transport Services,5,2026-08-12,سهل ونافع,Positive
5aa76712-3ad1-48c8-bf09-11aeb8bbf1a4,Uber,Transport Services,5,2026-08-12,ممتازة,Positive
57aa4c20-9204-4a85-a6c4-8f0e61a5bfb9,Uber,Transport Services,5,2026-08-12,افضل تطبيق وتعامل زين,Positive
7d25f9b0-135e-4be6-8735-ea4dc538f5bc,Uber,Transport Services,5,2026-08-12,كبتن ممتاز واخلاقه عاليه,Positive
b1a565e6-731c-4e0a-a896-bc68c1353d20,Uber,Transport Services,2,2026-08-12,اغلى من المنافسين في المشاوير ب ١٠ و 15 ريال . اغسطس ٢٠٢٦,Negative
e13137e7-5881-4511-9c09-ce1a7cf74b58,Uber,Transport Services,5,2026-08-12,رائع جدا,Positive
c5bbc8e6-f073-49db-a397-abe449e967af,Uber,Transport Services,5,2026-08-12,رائعة,Positive
d3d82a6d-1b6f-4d71-8d1d-5207f4218f98,Uber,Transport Services,4,2026-08-12,مش حلو,Positive
05b190cf-7349-45eb-ae97-705263458406,Uber,Transport Services,5,2026-08-12,برنامج جميل جدا,Positive
3ea04af6-d548-41da-8a41-f18b42e3eb57,Uber,Transport Services,5,2026-08-12,رائع جداااا,Positive
45be69ad-4535-4551-9f6c-fe076a27ec62,Uber,Transport Services,5,2026-08-12,ممتاز,Positive
8a833858-d748-43ac-9b29-97e031520fac,Uber,Transport Services,5,2026-08-12,😍,Positive
850c5b79-1a86-429e-b179-cc804ca3eebd,Uber,Transport Services,5,2026-08-12,تحفه,Positive
4ddb43a8-8e94-41a7-a18f-2c73c56f5e38,Uber,Transport Services,5,2026-08-12,"​Cash payments are a nightmare! They create constant conflicts, payment scams, and false reports between drivers and riders. The app desperately needs 100% digital payments (like NFC) and mandatory safety features. Stop allowing cash friction and protect both sides now!",Positive
a38528ad-4ffb-432a-bb69-ec7459c49ccf,Uber,Transport Services,5,2026-08-12,افضل سائق اوبر ركبت معه من سنين,Positive
f91a0ed7-a7a4-4847-b466-839922f2dee0,Uber,Transport Services,5,2026-08-12,خدمه ممتازه,Positive
d9cb401d-f53a-4e7f-ac7f-73b52217eda1,Uber,Transport Services,5,2026-08-11,صراحه تعامل الكابتن راقي جدآ,Positive
eb077fb0-5ad3-40d1-bf32-3f9380595ba1,Uber,Transport Services,5,2026-08-11,ممتاز احسن من غيره,Positive
e76d09b8-efc5-4dc5-8dab-d3b9dc24bb24,Uber,Transport Services,5,2026-08-11,انهو محترم وسواقتهو هادئا وحافظ طريق جيدا,Positive
6ed40122-f1dc-45a0-8ee5-c1432a415642,Uber,Transport Services,5,2026-08-11,ممتاز,Positive
233db9a7-a5e5-4c70-8156-fae1cfd49682,Uber,Transport Services,5,2026-08-11,ممتاز وشخص محترم والله,Positive
4d20fe03-7370-4d13-972f-ef85e16d6aab,Uber,Transport Services,5,2026-08-11,ممتاز,Positive
6c984567-23a9-47e2-8bb4-cd910dfbbacc,Uber,Transport Services,5,2026-08-11,كابتا ممتاز,Positive
892c640b-fa09-480f-b707-199b6fc8e83d,Uber,Transport Services,5,2026-08-11,جميل,Positive
3146eec1-b676-47e6-baa0-7793c0882e9d,Uber,Transport Services,5,2026-08-11,تطبيق مرتب,Positive
fb143564-6df9-4d61-a47a-ba09d5625ae4,Uber,Transport Services,5,2026-08-11,جميل,Positive
cf991ae8-78c5-4613-bf51-690bcb413899,Uber,Transport Services,5,2026-08-11,١٠٠ ٪,Positive
7365e707-f65a-4e32-82a4-a0a8716f2c83,Uber,Transport Services,5,2026-08-11,ناس محترمه ♥️,Positive
8aaf86e8-8af2-4e73-bbb4-c11d6d4465cd,Uber,Transport Services,5,2026-08-11,ممتاز,Positive
13047ed4-1c8e-40b3-b32e-89fe1d34a562,Uber,Transport Services,5,2026-08-11,ممتازة,Positive
2c4a603e-646e-4b5f-980a-8d6d060e26a3,Uber,Transport Services,5,2026-08-11,جامد,Positive
ed70c5ed-d4e7-4701-85c5-87fda153a58c,Uber,Transport Services,5,2026-08-11,تطبيق كويس,Positive
02c5b279-3f62-47fb-bb56-86a2da6d7245,Uber,Transport Services,5,2026-08-11,رائع جدا,Positive
7df89548-b7a0-4645-92e4-7ba4ad8fb840,Uber,Transport Services,5,2026-08-11,جميله جدا جدا,Positive
3df3331d-888b-4876-b1ec-77b2b7c57402,Uber,Transport Services,1,2026-08-11,تطبيق سئ عن أكثر من تجربة السائق السعودى يتعالى ويتعامل بعنصرية ويلغى الرحلة بدون سبب مقنع أحد السائقين جاء بجانب الفندق الذى اقف أمامه والغى الرحلة وانصرف رغم اتصالى به تليفونيا والتواصل معه وتركتنى وزوجتى وطفلة أمام الفندق فى الحر الساعة الثالثة عصرا والتطبيق فرص على غرامة إلغاء الرحلة من قبل السائق بدون وجه حق,Negative
bda3085a-7094-4924-85a9-ad28fec274b7,Uber,Transport Services,5,2026-08-11,راااائع,Positive
26c4dd9c-917f-4a4c-8793-cb1dea0b6b3d,Uber,Transport Services,5,2026-08-11,ممتاز,Positive
644fbfc4-6ddd-4ff3-8eb5-16ab6401d059,Uber,Transport Services,5,2026-08-11,السعر مرتفع فقط,Positive
4cbf775d-366e-424e-8f90-c09e827deea1,Uber,Transport Services,1,2026-08-11,لقد سحب مبلغ إضافي,Negative
3ca875c2-cb95-4eda-a4e9-a1ae71162764,Uber,Transport Services,5,2026-08-11,مناسب,Positive
1feb7d5c-c88f-4769-909b-b25286699154,Uber,Transport Services,5,2026-08-11,رائعه,Positive
cf36506e-c7ae-48b6-ae73-87142e060607,Uber,Transport Services,5,2026-08-11,جيدجدا,Positive
5eed67cf-ad65-4dac-ab05-bfbe0b250917,Uber,Transport Services,5,2026-08-11,تطبيق جميل جداً والله ومريح,Positive
0b8388fd-0811-4bac-ad07-e637baa66479,Uber,Transport Services,5,2026-08-11,صراحه السائق بقمه الاحترام انصح فيه,Positive
9e358559-35ad-4401-b2c8-40bd55689691,Uber,Transport Services,5,2026-08-11,سائق محترم وخدمة محترمه,Positive
9bee6c49-abff-405d-9f5a-5429e42f384a,Uber,Transport Services,5,2026-08-11,جيده,Positive
fe65c339-fc73-4376-b68c-9a3b58978466,Uber,Transport Services,1,2026-08-11,اخر رحله كانت ممتعه,Negative
5d54a3e4-759b-4e47-90a4-85c3c7a1daae,Uber,Transport Services,5,2026-08-11,ما شاء الله ممتاز,Positive
ab630401-bdf2-44ee-bac0-ff4530e1defe,Uber,Transport Services,4,2026-08-11,جيدة جدا,Positive
c5de3c86-705a-4d92-8c1a-5722fcddd47e,Uber,Transport Services,5,2026-08-11,جيدا جدا,Positive
9df1657a-ee86-401e-8170-062b87032bcc,Uber,Transport Services,1,2026-08-11,سيءءءءء جدا و السواقين مش بيوثلوا اصلا,Negative
fedf3090-e290-4ef2-9c8d-8456d44fe5ed,Uber,Transport Services,5,2026-08-11,تجريبه جميله,Positive
3ca0c84c-e45b-4a2b-a51a-4393f42d4e4f,Uber,Transport Services,5,2026-08-11,شركه ممتازه سعرها فى المعقول,Positive
642cce92-f31a-4a64-b4fc-8837a14b0c07,Uber,Transport Services,5,2026-08-11,جيد,Positive
d1ac0223-d47e-413d-911f-f2e002d8aa21,Uber,Transport Services,1,2026-08-11,كان حساب ١٢ اخذ ١٣ يعني كذب يقول ب ٥ يوصلك ب ١٠,Negative
d1d40db6-4596-4663-a3ab-dcc70f1cd558,Uber,Transport Services,5,2026-08-11,رائع,Positive
3de7ca16-e094-4980-9b26-63482550c86d,Uber,Transport Services,5,2026-08-11,رائع,Positive
4a5ea924-0f53-43d1-8a5e-fa5c1d8eaff2,Uber,Transport Services,5,2026-08-11,جميل,Positive
44502047-3904-4b29-853b-8a137a9d32fd,Uber,Transport Services,5,2026-08-11,ممتاز جدا,Positive
827c8b3f-13b3-4f67-8071-bcb870a85f80,Uber,Transport Services,1,2026-08-11,فرض عليه رسوم من غير ما اطلب عربيه,Negative
ff13ee8f-ed12-4b13-b707-04472a9e006f,Uber,Transport Services,5,2026-08-11,ممتاز جدأ,Positive
d52698eb-bff7-4fca-a728-3018a590968d,Uber,Transport Services,2,2026-08-11,كان من قبل ممتاز لكن هناك تراجع وتقصير من قبل الإداره,Negative
c0f0dfa7-e84b-4fe5-b663-176147912cf2,Uber,Transport Services,1,2026-08-11,اول ما سجلت عليه قالي تم قفل الحساب,Negative
1cf5437a-a298-4185-a4c5-78ec8d8c5160,Uber,Transport Services,4,2026-08-11,تطبيق جميل وسريع فى الحضور,Positive
c4b916ca-069f-48b1-b819-a23f1cdb0e64,Uber,Transport Services,5,2026-08-11,ممتازة,Positive
6ebcfa64-7144-4bfd-87e2-82ed14f5ce7d,Uber,Transport Services,5,2026-08-11,خدمة متميزة,Positive
7aeee1a9-c550-4618-83bd-1728d3620c70,Uber,Transport Services,5,2026-08-11,حلو مره لي شهر وانا مجربه ولاكن ممكن تسوون اسعار طوال الوقت ومره حلو التعامل مع السائقين انصح فيه,Positive
6aad879d-8514-41e9-98ef-7fc7c86b6643,Uber,Transport Services,5,2026-08-11,جيد جدا,Positive
213589e3-d4b0-4c55-bc40-af2cb5031fe3,Uber,Transport Services,4,2026-08-11,عدم ضبط اللوكيشن ف الابكليشن,Positive
e32d1bea-e403-4d30-b1b4-8a20fd3d79f0,Uber,Transport Services,1,2026-08-11,سيء جدا,Negative
0e7d693b-17b4-4dcd-80a8-c635169cf321,Uber,Transport Services,1,2026-08-11,سيء 👎,Negative
dd7115f0-b843-4b49-82fd-676154164c0f,Uber,Transport Services,5,2026-08-11,رحلة ممتازة,Positive
4ea98709-afab-474f-b48b-986c9cd9977a,Uber,Transport Services,5,2026-08-11,الف الف شكر. منتهى الزوء.,Positive
b36439ad-0d42-4d30-817a-2cf0778492b1,Uber,Transport Services,5,2026-08-11,الاسعار غاليه,Positive
4321fec8-0c75-483d-b545-885c57859f48,Uber,Transport Services,3,2026-08-11,يحتاج تحسين لسياسات السائقين لأن اغلبهم بيرفض المشاوير مهما كانت الأجرة مجزية و ده بيقتل فايدة التطبيق اصلا انه المفروض بينفع ف المواقف الصعبة ووقت الحاجة و الا تطبيقات منافسة هتخفيه من الوجود,Neutral
0c953637-d39a-41d0-a686-9383ffee1e4d,Uber,Transport Services,4,2026-08-10,استخدمته في مصر وكان جيد ولكن استخدمته في السعوديه اسعار المشاوير اغلى من مصر نسبيا,Positive
e87d95e7-a16f-43ec-bbd7-9795f2aa6d86,Uber,Transport Services,5,2026-08-10,ممتاز,Positive
7e0a47e1-1138-4bfa-bb88-8d182af900e0,Uber,Transport Services,5,2026-08-10,ممتاز جدا,Positive
59d2b5a3-08aa-49f3-8937-4aaea8cb74d4,Uber,Transport Services,5,2026-08-10,ممتاز,Positive
336babe6-1df4-4ed3-b494-5309e50a6429,Uber,Transport Services,5,2026-08-10,كويس,Positive
11c2679e-31d3-47c9-a524-7c08837cc925,Uber,Transport Services,5,2026-08-10,جيد,Positive
58006a7d-3220-44cf-ab0a-0113a798c867,Uber,Transport Services,5,2026-08-10,ممتاز,Positive
07d82f21-d01c-4eb2-9bc1-b4803a45364a,Uber,Transport Services,5,2026-08-10,ممتازه,Positive
7ed1a57d-6998-47d1-8fdc-78718b584e77,Uber,Transport Services,5,2026-08-10,ممتاز و شكرا,Positive
8e015eba-ad69-40e1-8982-42365de11683,Uber,Transport Services,5,2026-08-10,جزاك الله خيرا,Positive
76fea151-30d3-4086-afee-3002ffcac998,Uber,Transport Services,1,2026-08-10,تحت التجربه يارب الكباتن تكون مؤدبه,Negative
fb3c8342-5675-497c-8e0c-347755a8ea48,Uber,Transport Services,4,2026-08-10,انصح به شكرا,Positive
769e7871-83dd-4b5e-8b75-5db7ff0d12a9,Uber,Transport Services,1,2026-08-10,قبل طلب التوصيل وانتظرت السائق في الشمس لنصف ساعه ثم الغا المشوار وليس هناك خدمت عملاء لتحاسبه وهذا سيئ جدا,Negative
30f4f49b-a30e-475a-9128-24e0c3dfcb55,Uber,Transport Services,1,2026-08-10,شركه غير امينه وخصوصا اللي شغالين في المقر,Negative
3315fd5c-bb73-4755-80fd-62eed8212bd5,Uber,Transport Services,5,2026-08-10,امتياز,Positive
050cc867-bbc6-4e79-9875-7bc731a71374,Uber,Transport Services,1,2026-08-10,اسواء تجربة تخضع ليها في عز الحر في الدوحه الساعة ٤ يكون سواق لا يريد التعاون ولا أنه يوصل صح للمكان المطلوب و أقف في انتظار و انتظار و انتظار. و في الاخير يكسنل الرحله .. و هو للي يتعوض و علشان وقته . اكن الطلب الالمشور ولا ليه اي اهميها عندهم هو يتعوض و ليس للي وقف في عز الحر في وقت زي دة . تجربه زباله بجد كلها ريحت عرق .,Negative
35e54ad1-cb51-47bd-8fcd-ed9df11606f8,Uber,Transport Services,5,2026-08-10,ممتاز,Positive
de2e01e9-5483-4c5c-90a9-1802fa483d65,Uber,Transport Services,5,2026-08-10,ممتاز,Positive
78efa702-5403-41a3-bffb-b34dc72ac5e8,Uber,Transport Services,5,2026-08-10,لطيف,Positive
8742721c-b6cf-4e24-93df-6d8d98e393b6,Uber,Transport Services,5,2026-08-10,جميل,Positive
7aeb7360-a0a0-4570-ac83-664c33dc2f30,Uber,Transport Services,5,2026-08-10,ممتاز جدآ انصح به في مصر,Positive
4d7db965-d5f0-4478-a60e-200bdc23471b,Uber,Transport Services,5,2026-08-10,كويس,Positive
ce146dbc-d413-487e-97da-f060af79875e,Uber,Transport Services,5,2026-08-10,شكرا جزيلا على هذا العمل الرائع ⭐,Positive
543a5066-9c7e-450f-a12a-58b263bea64d,Uber,Transport Services,5,2026-08-10,شكرا على الخصومات الرائعة,Positive
307ce3b1-bca4-44cf-9447-94383a1aea6e,Uber,Transport Services,5,2026-08-10,راجل محترم,Positive
d9db82ac-3a6d-46c9-b1ec-762a9acc3ae5,Uber,Transport Services,1,2026-08-10,شركة تبيض اموال لاغير النقل من اختصاص التكسي مع العلم اوبر تاخد نفس التكسي ولاكن تاخذ النصف من السائق,Negative
d67d8410-dac5-4339-807a-9e46d5713392,Uber,Transport Services,5,2026-08-10,ممتاز,Positive
4f409b12-f6b8-48ae-a892-e94d1825a4e7,Uber,Transport Services,3,2026-08-10,تأخر في الموافقة على المشور من السائقين,Neutral
2fa51564-a181-4a41-9789-c9ab4e9556d2,Uber,Transport Services,5,2026-08-10,ممتازه,Positive
e29b6541-454f-4988-9f20-8f6ea432a6e9,Uber,Transport Services,5,2026-08-10,جميل,Positive
bf35f785-6876-42e4-8c21-80f7705f3330,Uber,Transport Services,5,2026-08-10,ممتازه,Positive
7d9ac7f2-d4bd-4e82-8ea7-6597279dbaab,Uber,Transport Services,5,2026-08-10,ممتاز ومريح.,Positive
5ba9b93a-158e-441d-b69d-fceaec43033e,Uber,Transport Services,5,2026-08-10,جيد الي حد ما,Positive
23f1eb2b-6d22-4550-b6c9-d3aacf66a8ce,Uber,Transport Services,5,2026-08-10,ممتاز جدا,Positive
d5456bd6-fbae-4e5a-8477-b80dbce16887,Uber,Transport Services,5,2026-08-10,ممتاز,Positive
21518c2d-1df2-462e-b0f4-9948ed5b2009,Uber,Transport Services,4,2026-08-10,gd app,Positive
b14740a2-352b-4fc3-9408-1628fc377f2b,Uber,Transport Services,5,2026-08-10,ناس اخر احترام وبتعوت معايش,Positive
118a24e5-9bf8-4c62-8a90-512a493a33a6,Uber,Transport Services,5,2026-08-10,احسن موصله,Positive
64218f84-d6d7-4648-bc45-90cdf63065ec,Uber,Transport Services,5,2026-08-10,ممتاز,Positive
18999b0f-ead8-4a2f-b839-19e71569e0d4,Uber,Transport Services,5,2026-08-10,كابتن قمة الأحترام و الذوق,Positive
3fb38d8a-e534-42db-b35e-5e1f30ff1961,Uber,Transport Services,1,2026-08-10,تطبيق سيء حتى لو حولته للغة العربية يفرض عليك اللغة الانجليزية في أغلب التطبيق غالبا ما تكون خريطة توصيله خاطئة الوجهة,Negative
deec248d-d544-4355-803c-16b18c9e9a97,Uber,Transport Services,5,2026-08-10,ممتاز,Positive
6d3bc4f7-ea5a-4b5d-81ea-99b46d6bd76e,Uber,Transport Services,5,2026-08-10,قمة الاخلاق والادب ومهارة عالية بالقيادة ..ربنا يوفقكم,Positive
7075aee3-6ed9-438e-983f-7e69a0284ea6,Uber,Transport Services,5,2026-08-10,good,Positive
0926462f-0eac-43ca-b769-4586a9e1ca8c,Uber,Transport Services,3,2026-08-10,نظام الخرائط لا يعمل بصفة ممتازة، بالإضافة لتاخر بعض السائقون بحجج وهمية عند الاعتراض تقوم الشركة بفرض رسوم إلغاء حتى لو تم الإلغاء من قبل السائق وهذا أسلوب احتيال ولا يوجد من يستمع للشكوى كما كان من قبل,Neutral
69168b9f-0efb-40ef-886d-b7049bc0983a,Uber,Transport Services,5,2026-08-10,ممتاز,Positive
7a523917-78ee-4763-8e30-47d33db1bf32,Uber,Transport Services,5,2026-08-09,تجربه ممتازة,Positive
442d3197-2467-40e4-b600-4781a616f555,Uber,Transport Services,3,2026-08-09,ممتازه وساءق محترم,Neutral
9e64c899-f187-40a6-8286-657dc16b0949,Uber,Transport Services,5,2026-08-09,ممتاز,Positive
49d05b4e-dc71-4d69-8772-549e03cfd8f5,Uber,Transport Services,5,2026-08-09,شكرا لكم من أعماق القلب,Positive
fb5b8385-4457-4094-b16e-9e12359a6d79,Uber,Transport Services,5,2026-08-09,جميل,Positive
ecb400db-6a3a-4c0c-a9b0-c5099ad6851e,Uber,Transport Services,5,2026-08-09,سواق محترم,Positive
4e29589a-0a47-4d73-90fd-9b6261e843d5,Uber,Transport Services,5,2026-08-09,برنامج جميل وامان,Positive
968ec080-8049-4014-aa3f-596c4882d1ca,Uber,Transport Services,5,2026-08-09,رائع,Positive
1f121d29-2721-4662-93b1-392010cf3b88,Uber,Transport Services,1,2026-08-09,سئ جدا- الخدمة بقت سيئة الكباتن تقبل من على من بعيد جدا فوق ال ٧ دقايق وبعدين يحدفونا لبعض كابتن يلغي بمزاجه بعد الانتظار والانتظار بقى وقت كتير جداااااا حتى قبل ما الكباتن تقبل,Negative
31762f30-f012-444b-9402-b85a4ff6c2b1,Uber,Transport Services,5,2026-08-09,شكرا تجربه رائعه,Positive
4cc0b919-6544-4519-a134-de7fb4d0af1f,Uber,Transport Services,5,2026-08-09,ممتازه,Positive
5fd93587-df50-4060-a5ea-c3afb278bae3,Uber,Transport Services,5,2026-08-09,مره حلوه,Positive
c2ded1b9-b16e-45a7-ad64-a83bc63ec9ff,Uber,Transport Services,5,2026-08-09,روعه,Positive
0601e213-064c-49ae-abec-6761650b2dcd,Uber,Transport Services,1,2026-08-09,اسؤ تجربة وسرقة ولا يوجد خدمة عملاء,Negative
5e97c6ca-008b-4f02-b0ce-c7828601f6a1,Uber,Transport Services,5,2026-08-09,تجربة جيد جدآ,Positive
a58145ec-8f69-4f33-a73a-7d673fa50860,Uber,Transport Services,5,2026-08-09,جيده جدا,Positive
5341c28f-d08a-4950-9604-12eff9fa8fde,Uber,Transport Services,4,2026-08-09,تطبيق ممتاز بس أسعاره غاليه شويه,Positive
a480e162-4a50-4a71-9b14-0d6dadc7dbfc,Uber,Transport Services,5,2026-08-09,تطبيق رائع جدا,Positive
66fd632b-32f7-4407-9be5-214b6a7e11e2,Uber,Transport Services,5,2026-08-09,السياره جديده والسواق محترم جدا شركة ممتازة,Positive
4667be23-090e-4342-a058-91f03e5f975f,Uber,Transport Services,5,2026-08-09,ممتاز,Positive
b8489685-e335-4db4-bf07-1d6fac3fd766,Uber,Transport Services,1,2026-08-09,اصدق برنامج,Negative
04d324b2-91fe-4131-bb17-01df012731e3,Uber,Transport Services,5,2026-08-09,ممتاز,Positive
ff06a793-d0f6-4f52-a380-571ebf9e6b15,Uber,Transport Services,5,2026-08-09,ممتزة,Positive
3ec9311b-45d7-47fa-9dfa-92895153fb07,Uber,Transport Services,5,2026-08-09,جديد جدن,Positive
1ae23f4e-ce7b-4ed5-ad0b-0f1321d0f63a,Uber,Transport Services,5,2026-08-09,جميل,Positive
25bc4596-89f0-4f62-86e2-1cba529af892,Uber,Transport Services,5,2026-08-09,ممتاز جداً ومره رهيب عجبني استخدامه وانصح الكل باستخدام هذا التطبيق افضل من بقية التطبيقات المشاوير,Positive
27634b0d-7bfc-48db-9226-7707bcc599ba,Uber,Transport Services,5,2026-08-09,رائع جدا,Positive
a8d114bd-a624-4a6a-a699-7cdf9527abf0,Uber,Transport Services,1,2026-08-09,اذا تبغا تتأخر عن موعد مهم أو دوامك حمله وانت مغمض,Negative
e5a56150-e1ad-4038-a52c-ca02ed0739d4,Uber,Transport Services,5,2026-08-09,جميله جدا 🥰,Positive
9458128b-e4e8-406c-b99c-c1973246a99f,Uber,Transport Services,5,2026-08-09,حلوه,Positive
6424e904-7aaa-4fe3-bd92-3c7fcce7437d,Uber,Transport Services,5,2026-08-09,ممتازه,Positive
a25f8bbb-c39b-42fe-abd7-502b7b9cde0d,Uber,Transport Services,5,2026-08-09,كويس ياشباب,Positive
7efa54cd-03ad-485b-a640-2b445ed2e596,Uber,Transport Services,5,2026-08-09,ممتاز,Positive
66af0c02-ad86-4246-93cc-8bdc7ec71487,Uber,Transport Services,5,2026-08-09,ممتاز جدا جدا,Positive
190e0530-c94d-4316-b911-ceb2d764f39f,Uber,Transport Services,5,2026-08-09,ممتاز,Positive
6c53f005-50cc-4509-b023-3a92c6feabb1,Uber,Transport Services,5,2026-08-09,ممتاز جدا,Positive
d5cf6249-39fb-4fee-b2f3-a3784fb9bfad,Uber,Transport Services,5,2026-08-09,ممتازه,Positive
0bd5192f-fea1-442e-9e17-a7d16633d087,Uber,Transport Services,5,2026-08-09,ممتاز,Positive
7db796a0-aa37-4183-990e-36e464664e72,Uber,Transport Services,1,2026-08-09,تجربه سيئة جداً جداً كنت اطلب مشاوير طبيعي ولا يوجد اي مشكله ولكن اصبحت تخرج رسالة اطلب من احد والديك اضافتك الى ملفه التعريفي وانا نفسي رب الاسرة وبعد بضع ساعات احاول ويكمل الطلب طبيعي . الحمدلله انه يوجد تطبيقات اخرى لان هذا التطبيق احرجني عند الطلب,Negative
08e9b79f-452f-45eb-924b-e3ddaf49d0a1,Uber,Transport Services,1,2026-08-09,طلبت مشوار وسحب عليا السائق ولم ياتي والغى الطلب. وتم خصم المبلغ مني يعني تأخير ومارحت المشوار وكمان ينخصم مني المبلغ. للأسف خدمه سيئه ببحث على تطبيق ثاني,Negative
3bae8c5a-e083-4e2e-b30f-33f0517e48d8,Uber,Transport Services,5,2026-08-09,Excellent 👍,Positive
0696ad67-c107-4899-9d06-d2b2127c9824,Uber,Transport Services,1,2026-08-09,برنامج فاشل و وقح، كيف و هو يأخذ كا هذه الفائدة لم يوفر خدمة عملاء بخط ساخن,Negative
41678163-1e2c-4c87-9e44-dd4e878bb709,Uber,Transport Services,2,2026-08-09,لم استطع تحديد الموقع الدقيق لي بسهولة التطبيق لم يتح لي ذلك,Negative
79e5fbd8-225b-47e1-b775-a75510abb9b8,Uber,Transport Services,5,2026-08-09,ممتاز جدا,Positive
653baad5-080f-4315-9954-ce7d4fada1c6,Uber,Transport Services,5,2026-08-09,ممتازين جدا حفظهم الله,Positive
e9dd30f4-e3c5-4f91-8039-e57c897ded2d,Uber,Transport Services,5,2026-08-09,انهو برنامج رائع وبي ارغص الاسعار,Positive
b29baf69-217d-4013-b15f-b8ffaf88fce5,Uber,Transport Services,1,2026-08-09,تطبيق أوبر بقي حرامي بيسحب من رصيد الفيزا غير ثمن الرحله كان الأول بيردها دلوقتي لا,Negative
77b78039-d7f1-4efd-a8a5-ab5249497e91,Uber,Transport Services,5,2026-08-09,رجع تاني اوبر وبقي الافضل,Positive
2a05014b-334c-45a9-9810-132e004d3ccb,Uber,Transport Services,5,2026-08-09,جيد جدا,Positive
fc37f93e-77e9-4f2b-8141-ebbee6bf3a6b,Uber,Transport Services,5,2026-08-09,ممتاز,Positive
9418b7ff-f630-4438-ae69-1b376079b639,Uber,Transport Services,5,2026-08-09,مرتب,Positive
bcc641b6-4253-41b5-9261-0ab6c9bed6ee,Uber,Transport Services,5,2026-08-09,ممتاز,Positive
438865d4-9141-4278-af20-620353111e86,Uber,Transport Services,5,2026-08-09,ممتاز جداً,Positive
04dcd31e-aef7-418c-95c4-1cfea2b82250,Uber,Transport Services,4,2026-08-09,تجربه جيده جدا,Positive
e93694b7-bf75-4ded-a835-bde87f21436a,Uber,Transport Services,5,2026-08-09,جيده,Positive
cdcb43e9-ab24-4cd2-b730-6926cdf324bf,Uber,Transport Services,5,2026-08-09,Great program,Positive
8829ad2f-6d4a-4b02-84d3-79db1f0702ea,Uber,Transport Services,3,2026-08-09,تم الغاء الرحلة من قبل السائق وفرضت علي غرامة ولم افهم حتي اللحظة لماذا,Neutral
1ff97939-1102-4364-b450-884078cba23c,Uber,Transport Services,5,2026-08-09,ممتاز,Positive
ce740a22-431e-45a7-926f-f2f7f9da770d,Uber,Transport Services,5,2026-08-09,رائعه,Positive
3d9a58c8-130d-406d-a442-a1fbb50ea02b,Uber,Transport Services,2,2026-08-09,اسعارة مرتفعة عن باقي التطبيقات,Negative
ff736121-a234-4ca0-ba5c-0f512a2afbda,Uber,Transport Services,5,2026-08-09,أفضل الأسعار والجودة العالية ةالمعامله,Positive
6941716a-5062-4b5b-8da7-aecc03b7353f,Uber,Transport Services,5,2026-08-09,ممتازه وسريعه 👌,Positive
a3121848-d1be-4872-a1e7-8442b14fc369,Uber,Transport Services,5,2026-08-09,amazing,Positive
a3952d02-61f0-4513-8045-a63999ddafd2,Uber,Transport Services,5,2026-08-09,كانت الاسعار رهيبة،لكن من جديد تم رفع الاسعار،واصبحنا نستعمل التطبيق فقط للضرورة بسبب ارتفاع الاسعار,Positive
cf75cbc5-45ba-4e29-964b-69eca5e6a06f,Uber,Transport Services,5,2026-08-09,احسن تعامل بس غالي شويه,Positive
3a25c504-81e2-457b-b263-e2eafa69c29d,Uber,Transport Services,5,2026-08-09,ممتازة,Positive
684e2f28-59f0-4364-9098-ac460f179f77,Uber,Transport Services,5,2026-08-09,جميل,Positive
fa84280e-4c28-4f57-8814-f8edc1c585c4,Uber,Transport Services,5,2026-08-08,المعامله جيده جدا,Positive
5dad1f83-d44d-4b57-a0f8-12a5b300778c,Uber,Transport Services,5,2026-08-08,محترم,Positive
a592c1af-0f44-4f4d-8817-03e514178d4a,Uber,Transport Services,1,2026-08-08,نجمه وكثيره فيه للاسف .. دعم سيئ جدا .. من تجربه,Negative
cbbe4d14-6c6a-4d6a-9a23-4caaf77a3f53,Uber,Transport Services,5,2026-08-08,محترم,Positive
ab87c031-49f0-4ff9-9b02-fb1c1d0188af,Uber,Transport Services,5,2026-08-08,افضل تطبيق,Positive
dc538c31-72b2-41a6-b0ef-d2c76f737911,Uber,Transport Services,5,2026-08-08,❤️❤️❤️,Positive
675cedec-c0af-44a6-b66d-2b559f6ed98a,Uber,Transport Services,5,2026-08-08,👍,Positive
f55e7b55-66c5-48d5-84ef-0d38159cfbc6,Uber,Transport Services,5,2026-08-08,good 💯,Positive
759b8b75-e2e8-4723-b2d4-52bbe65f13d2,Uber,Transport Services,5,2026-08-08,رائعة وامانة,Positive
50951053-a9f7-465f-8cea-3d7e971d4c2c,Uber,Transport Services,5,2026-08-08,حلو برفكت,Positive
e9bfe93d-38f1-4e0a-99f3-39c3db7af2aa,Uber,Transport Services,1,2026-08-08,فيه نصب,Negative
58190118-264e-4aca-8c56-88ce1b344a6a,Uber,Transport Services,5,2026-08-08,تجربه رائعه,Positive
3bd06e5b-5da6-4c61-b4cc-33b3ba48213a,Uber,Transport Services,5,2026-08-08,ممتازه,Positive
330f15e4-ec8f-4fcc-95a4-bf8321cb62ec,Uber,Transport Services,5,2026-08-08,ممتازة,Positive
ab06879b-fff9-4e2f-b1e1-aa0f1d7b236f,Uber,Transport Services,5,2026-08-08,ممتاز,Positive
3e05de81-8aae-4f33-a90a-31eb83683a24,Uber,Transport Services,5,2026-08-08,السعر معقول,Positive
106c8390-ebcc-411f-9658-32f9cb88b8b5,Uber,Transport Services,5,2026-08-08,افضل برنامج توصيل,Positive
54faaf12-4dee-4e3b-9a11-ab33888bd841,Uber,Transport Services,5,2026-08-08,ممتاز جدا,Positive
ebc560a1-4739-4779-987d-747b24b9ccff,Uber,Transport Services,5,2026-08-08,ممتاز جدا,Positive
19006429-539b-4dec-9d96-4204a696ee71,Uber,Transport Services,5,2026-08-08,الطتبيق حلو اوي وكمان اول ماتنزلو هيجيلك خصم 30 في الميةو امان اوي,Positive
ff9f722c-dce9-4050-ac38-3598e74d5320,Uber,Transport Services,5,2026-08-08,كابتن محترم وذوق جدا,Positive
bdec5317-994a-4666-87c7-a361f0f96071,Uber,Transport Services,5,2026-08-08,ممتاز جدا,Positive
2c5a59b8-b9f5-49ca-9868-aa64e22153cb,Uber,Transport Services,5,2026-08-08,ممتاز,Positive
1f0360ea-07ba-4dec-b72c-2724625931eb,Uber,Transport Services,5,2026-08-08,سائق مودب,Positive
a2bc9d92-ef31-4288-99ca-ef307db9be75,Uber,Transport Services,1,2026-08-08,انتظرت السائق عشر دقايق او ربع ساعة يوم وصل الغى الرحلة ولا يعوضونك ولا يمديك تشكيه حسبي الله عليه,Negative
ca1601ea-0dcb-4537-9332-8b2a05e0f605,Uber,Transport Services,5,2026-08-08,ممتاز,Positive
06c87b65-30c8-49d3-adf3-a30bbf590418,Uber,Transport Services,5,2026-08-08,ممتاز,Positive
8c42cbed-0fcf-4220-82b1-47ff656feb86,Uber,Transport Services,5,2026-08-08,ممتاز,Positive
6fc6455c-14eb-4d80-9eca-e638a898e3d5,Uber,Transport Services,1,2026-08-08,تم خصم رصيد من حسابي البنكي المرتبط بالتطبيق و لم اطلب أي سيارة للأسف ليست المرة الاولى,Negative
f79a4aff-dac3-4c45-bf0c-aa5e9cb8d9d0,Uber,Transport Services,5,2026-08-08,سهله وممتازه,Positive
a28966af-afc9-4e67-a64a-609f7176112e,Uber,Transport Services,5,2026-08-08,المشوار مريح و السائق ممتاز,Positive
9f143851-ece7-4a78-8de5-5eb29385ad77,Uber,Transport Services,5,2026-08-08,تجربة رائعة وسرعة في الوصول والاجار ارخص من التكاسي العادية,Positive
c83fb1de-457a-43ea-9263-e446b29eca96,Uber,Transport Services,5,2026-08-08,ممتاز,Positive
f92da662-861f-4586-bfe7-0ba05dc56282,Uber,Transport Services,1,2026-08-08,ما في اي وسيلة تواصل بحازل اتواصل معكم مش قادرة بخصوص رحلة من رقمي التاني,Negative
bcc5f969-d482-4a03-a357-174d3eb03d1a,Uber,Transport Services,5,2026-08-08,جيدة,Positive
1be55975-7856-4a77-8dc4-6451cb502150,Uber,Transport Services,5,2026-08-08,كل الجمال,Positive
e5ef4a08-5e41-4a58-94f6-234d92052bed,Uber,Transport Services,5,2026-08-08,ممتاز,Positive
ac49b70a-51db-478c-80bf-04b65844d583,Uber,Transport Services,5,2026-08-08,حميل جدا,Positive
588774b4-30c6-469f-8141-545291ee4b08,Uber,Transport Services,5,2026-08-08,تطبيق رائع,Positive
2115d2f0-9c34-420a-8e0e-731da6679e67,Uber,Transport Services,5,2026-08-08,ممتاز جدا,Positive
459c1ddc-43d2-4f9e-aa07-ac2dbb236bcf,Uber,Transport Services,5,2026-08-08,حلو,Positive
fa068836-eee6-4215-8dd3-47b4feba3ac6,Uber,Transport Services,5,2026-08-08,ممتاز ومريح للغاية,Positive
cfc9aa34-6f79-4394-9654-33c860f27ae0,Uber,Transport Services,1,2026-08-08,اليوم طلبت مشوار من ابنى بيتك ٦الى شركة الدخان السعر كان ٦٩جنية وفجاءة بعد موصلت مفيش ١٠ كيلو لاقيت الحساب ١٤٠ انتو بتضحكو علينا يعنى ومش عارف اتواصل مع حد واعرف اى السبب حسبى الله ونعم الوكيل ع الصبح,Negative
27b71c4e-f4c1-4ef7-8c79-52576557f2fe,Uber,Transport Services,5,2026-08-08,جميل جدا,Positive
937dad3c-70a8-4247-9c5a-934ad8d81916,Uber,Transport Services,5,2026-08-08,ممتازة والحمدلله,Positive
890349ed-be21-4132-bd2a-4089e9d9c938,Uber,Transport Services,5,2026-08-08,ممتاز,Positive
a76e12f2-5396-4707-93f9-b534b803282e,Uber,Transport Services,5,2026-08-08,فوق الرائع بكثيررررررر,Positive
9d25990a-ed45-44b9-8a7b-4b764f83dbfa,Uber,Transport Services,5,2026-08-08,تمام شكرا,Positive
77336ed3-d6fe-494d-90bd-1535a5dd9927,Uber,Transport Services,4,2026-08-08,ممتاز,Positive
0de9375b-745c-4dff-8fd0-356069a9e7a8,Uber,Transport Services,5,2026-08-08,صراحة تطبيق للافضل . اللحين صار رائع جدا اتمنى الاستمرارية على هذا المنوال,Positive
2c1ed440-489e-4b4b-8155-8317e9be81f6,Uber,Transport Services,1,2026-08-08,ممتاز,Negative
10a95146-b51a-43a8-805d-0686fd72f456,Uber,Transport Services,3,2026-08-08,👍 جيد,Neutral
5221201e-7815-4f6d-86fa-b44157fb1485,Uber,Transport Services,5,2026-08-08,بس بقا غالى اوى بس شركه محترمه,Positive
191a3a3a-afd6-432d-ba85-99ddc949f3d6,Uber,Transport Services,5,2026-08-08,ممتازة,Positive
880894e6-c050-4e53-80d4-789bb2c27920,Uber,Transport Services,5,2026-08-08,مسهل على الناس حياتهم,Positive
c9e92dd7-4ca3-428d-a073-0c2aa37cb4df,Uber,Transport Services,5,2026-08-08,تطبيق ممتاز,Positive
b908f4b5-e7f6-40c5-9718-0745daaa19fd,Uber,Transport Services,5,2026-08-08,انضف شركه اتعاملت معها,Positive
2f1a1ac5-43ca-4c1f-a0c2-983d87a33bab,Uber,Transport Services,5,2026-08-08,متاز,Positive
980a5c1c-aecf-4678-9de1-09446e72bcce,Uber,Transport Services,5,2026-08-08,حلو,Positive
93f20c37-4871-469d-b835-1493b10a8631,Uber,Transport Services,5,2026-08-08,برنامج رائع وجميل وسلس,Positive
37b16e29-2a33-47e1-bd0b-7b25070a036e,Uber,Transport Services,5,2026-08-08,رائع,Positive
8be66a6d-90cf-4650-90e8-4637fc1a8e76,Uber,Transport Services,5,2026-08-08,ممتاز,Positive
17c20565-88aa-4bd9-a91e-19f1e2427a03,Uber,Transport Services,5,2026-08-08,تحفة,Positive
36b5edfb-eae6-449e-b680-9d064287a437,Uber,Transport Services,5,2026-08-08,👍,Positive
7dd7fc26-b765-4750-aa44-55bc44cd7ef0,Uber,Transport Services,5,2026-08-08,سائق محترم وذوق وحضر فى الميعاد وسياره جميله,Positive
bf5af260-79c8-498f-af8c-04a3675be212,Uber,Transport Services,5,2026-08-08,ساعات الاسعار بتكون اعلي من المعتاد بس كخدمه كويس جدا,Positive
5b705448-c9cf-4794-b58a-0d993d9f0cc5,Uber,Transport Services,5,2026-08-08,إلتزام واحترام,Positive
aa951448-d483-428f-8413-d565255992c0,Uber,Transport Services,5,2026-08-08,رائع,Positive
d8b60ede-cb1d-4e0d-b193-6d3163f6d7bf,Uber,Transport Services,5,2026-08-08,جيد جدا,Positive
3c5effef-c4c0-4b70-9bbb-9e784dba98d5,Uber,Transport Services,5,2026-08-07,ممتاز جداً,Positive
c65c1718-4045-4be2-a6d1-b3cb4c8f2e51,Uber,Transport Services,5,2026-08-07,ممتازه,Positive
dc387817-ddd1-40bb-b31b-9608d7a9bbbf,Uber,Transport Services,5,2026-08-07,جميله,Positive
9ce95668-7884-46cf-9432-c3829e5d8043,Uber,Transport Services,1,2026-08-07,كويس,Negative
d487bddb-3712-4742-849b-17ae0f523634,Uber,Transport Services,5,2026-08-07,جميل جدا,Positive
7b3f77f3-5cbc-4cc8-b6d0-7eae588a2a18,Uber,Transport Services,5,2026-08-07,ممتازة,Positive
94b4eb93-4a74-4088-b606-a1348e6d96dd,Uber,Transport Services,5,2026-08-07,ممتاز,Positive
166748d9-83c2-4292-b455-9a10c6cccdd0,Uber,Transport Services,5,2026-08-07,أفضل شركة للنقل الذكى تحية للقائمين على هذا العمل الرائع,Positive
c363eaac-3dcc-4653-8ca0-6ee5c0c19707,Uber,Transport Services,5,2026-08-07,هايل,Positive
4f7eeaec-816c-48d4-84f6-9786d8863fa7,Uber,Transport Services,5,2026-08-07,ممتاز,Positive
e3944302-df43-473c-864c-9d2dba055720,Uber,Transport Services,5,2026-08-07,جميلللل جدا,Positive
4666cc9d-afeb-436b-9250-41e8dc7a5f99,Uber,Transport Services,5,2026-08-07,ممتاز,Positive
9e563b4a-0c4d-41b9-ba53-915176b4a0b3,Uber,Transport Services,5,2026-08-07,جيد,Positive
9b8676d9-7c6e-4033-9c59-832bbb0760b9,Uber,Transport Services,5,2026-08-07,رائع,Positive
a89c5e59-97ef-4f56-947e-3430073e63f7,Uber,Transport Services,5,2026-08-07,السائق قمة في الأخلاق والاحترام وكان جدا محترم وخدوم,Positive
3edf958b-b592-4820-8ac4-6ff926aa414f,Uber,Transport Services,5,2026-08-07,تطبيق ممتاز وسهل,Positive
a7d76dba-9e73-4c14-99b2-ae5ea698986c,Uber,Transport Services,5,2026-08-07,شكراً,Positive
b7c03233-93be-4084-b3de-6ea8814eaa02,Uber,Transport Services,5,2026-08-07,خدمة ممتازة والكباتن محترمين جدا,Positive
c528a600-a425-43a6-92ec-4cff4dd63ad4,Uber,Transport Services,5,2026-08-07,تجربه جيد جدا السائق محترم جدا,Positive
10622cf4-808b-4585-b83e-871534a81fb9,Uber,Transport Services,5,2026-08-07,ممتاز,Positive
b0eaaeb0-9c7f-4846-8baa-9f2fa0d460fc,Uber,Transport Services,5,2026-08-07,ممتاز,Positive
95bcdef4-73a2-4253-81f0-5e1ab86a919c,Uber,Transport Services,5,2026-08-07,جيده جدا,Positive
5c5f60ea-cd6b-4daa-a9c5-f0e31d6055ed,Uber,Transport Services,5,2026-08-07,excellent,Positive
b7bf3c00-6437-4e48-ad75-61d58d5eeba7,Uber,Transport Services,5,2026-08-07,ممتاز,Positive
51b3ab08-4867-407d-8338-0c265fcdb74c,Uber,Transport Services,5,2026-08-07,جيد جدا,Positive
55943c93-cbca-47c0-8d26-3abfe49b7c48,Uber,Transport Services,5,2026-08-07,كويسه,Positive
8c40d000-44e1-41e9-a86f-1ddf238752ff,Uber,Transport Services,5,2026-08-07,سائق محترف ومحترم جدا وطريقة الحجز والدفع امن شكرا,Positive
f1d52f62-e056-4554-bf39-0ca0984a179f,Uber,Transport Services,5,2026-08-07,ممتاز,Positive
c38fbc6f-d1e0-4d82-96bd-cbe8becf18d5,Uber,Transport Services,5,2026-08-07,اول مره اروح مشوار من هذا التطبيق اشكر الكابتن شكرا جزيلا فقد كان سبب كبير بعد الله في أن أثق في هذا التطبيق وطاقمه شكرا من الأعماق الأخ الأحمدي,Positive
5e7887ac-d6dc-4ec4-9512-9b623ab60e1d,Uber,Transport Services,5,2026-08-07,جميلة وممتعه,Positive
ca4c46a2-e321-4cd7-aad0-82f46269ff05,Uber,Transport Services,5,2026-08-07,جميل واسعاره معقوله,Positive
50a1a624-ffbb-42f0-b0d5-046e47696d80,Uber,Transport Services,5,2026-08-07,على الرايق على اوبر ريح بالك,Positive
56432dbe-7fd3-474c-b234-a1c9ae350953,Uber,Transport Services,5,2026-08-07,ممتاز,Positive
79eb0e53-e3d6-4ba8-bdea-be8af20b85f4,Uber,Transport Services,5,2026-08-07,السائق ممتاز,Positive
9b4ef8c9-35cc-4d9b-88a6-71fc210ccd24,Uber,Transport Services,5,2026-08-07,جيده جدا,Positive
be84a711-5c4f-4730-8c02-80b2e7f1a742,Uber,Transport Services,5,2026-08-07,تطبيق راقي جدا,Positive
064a4df1-afb9-4c9a-9985-cc9b993f53d9,Uber,Transport Services,5,2026-08-07,سواق فخم,Positive
942e0a1e-4669-4e9b-babf-f2eda43efd0d,Uber,Transport Services,5,2026-08-06,رائعة,Positive
a414ed15-c32e-4ecb-b461-38f93ebbe39c,Uber,Transport Services,5,2026-08-06,ممتاز,Positive
b7a1c7eb-5159-4713-b3e2-8c069c7bf23b,Uber,Transport Services,5,2026-08-06,ممتاز جدا,Positive
c0c943cb-df94-43bc-b37a-6b7f13e55601,Uber,Transport Services,5,2026-08-06,تطبيق جميل جدا,Positive
9dcc1b39-ed9b-4682-af49-240e53deef76,Uber,Transport Services,5,2026-08-06,،♥️♥️,Positive
d5c86b2d-d887-4da7-a926-1ee912001a5b,Uber,Transport Services,5,2026-08-06,كانت رحل ممتعه,Positive
3925dfa8-2659-4c27-be48-4f2d7513f55a,Uber,Transport Services,5,2026-08-06,جيد,Positive
c2807e5a-0a75-4daa-b01b-5a4bcd505f86,Uber,Transport Services,5,2026-08-06,جميل جدا,Positive
b4130f95-9cb8-472b-b0b5-14795ef20ecd,Uber,Transport Services,5,2026-08-06,محترم,Positive
577bec5f-34e9-40bf-b715-8e3977586acc,Uber,Transport Services,5,2026-08-06,ممتاز شكرا لذوقك,Positive
c71dfad6-ab03-40a9-9c2d-35f74fb7ce19,Uber,Transport Services,1,2026-08-06,شركه زباله شركه زي الزفت بدفع فلوس زياده على اي حاجه امشي خطوه زياده بتدفعوا لي عليها مبلغ,Negative
3d66cfb0-e8b5-44af-b817-45561545d080,Uber,Transport Services,5,2026-08-06,ممتازه وكابتن جميل,Positive
fd8a8086-dfbe-45fd-b97a-5c56a9a55026,Uber,Transport Services,5,2026-08-06,ممتاز,Positive
0888301c-8aba-475a-8a34-e14dfee52e66,Uber,Transport Services,5,2026-08-06,شكرا,Positive
784689aa-908e-400f-81ab-dfbb3f99eec9,Uber,Transport Services,5,2026-08-06,ممتاز,Positive
169201e3-e69b-4cf2-ba7b-21c328eefc67,Uber,Transport Services,1,2026-08-06,سئ جدا,Negative
c264be4f-d702-4804-9534-7a2bd72910a6,Uber,Transport Services,5,2026-08-06,رائع جدا ومميز اتمنى ان يستمر بنفس الجودة والكفاءة,Positive
3bd8de21-e542-4e27-a62f-28cc24093a86,Uber,Transport Services,5,2026-08-06,ممتاز,Positive
601fbdae-a520-412e-899a-7e710154117a,Uber,Transport Services,5,2026-08-06,ممتازة,Positive
49df9b8e-e433-4c6b-ab4d-97663720f2f9,Uber,Transport Services,5,2026-08-06,ممتازه,Positive
d69c8f51-666a-4233-a751-05e61d3915f3,Uber,Transport Services,5,2026-08-06,1- التواصل عبر الابلكيشن كان سلس وجيدا جدا. 2- الترتيب للرحلة حتى وصول السائق لمكان انتظارى كان ممتاز. 3- طريقة تعامل السائق(رجب) معنا كانت تتصف بالأدب والذوق رجل محترم ومتعاون. 4- السيارة مكيفة ونظيفة. ★★ كانت أول تجربة لى شخصياً مع اوبر وكانت موفقة والحمد لله بشكركم جدا... وأنوى تكرار التعامل معكم مستقبلاً إن شاء الله... تحياتى وتقديرى وامتنانى لجميع العاملين على هذا المشروع.,Positive
7f9e5f60-5647-423e-a9b7-97e411a0d933,Uber,Transport Services,5,2026-08-06,ممتاز والله ما جسر,Positive
3569575c-3098-4158-a23c-b58b73d02dce,Uber,Transport Services,5,2026-08-06,خدمه ممتازة,Positive
43bc45c6-e9e3-4407-b176-37e70c71d486,Uber,Transport Services,5,2026-08-06,فعلاً تجربة ممتازه,Positive
fe58e39e-4d00-4eee-b9e4-d305b5a15e93,Uber,Transport Services,3,2026-08-06,جميل,Neutral
0628115a-35f5-4b58-8935-18fa3afe6496,Uber,Transport Services,5,2026-08-06,جيد,Positive
62c93fe4-ba85-4327-a89b-5d588086f475,Uber,Transport Services,5,2026-08-06,خدمة ممتاز,Positive
cad5a94d-1862-498e-b8af-07fddaa18dca,Uber,Transport Services,5,2026-08-06,ممتاز,Positive
9eb3c1d6-52c7-4735-8d74-b5753041123d,Uber,Transport Services,5,2026-08-06,ممتاز,Positive
27609a5e-79c0-4540-9e90-4c4bad9b9d44,Uber,Transport Services,5,2026-08-06,ممتازه جدا جدا,Positive
41de280a-836c-43dd-a3b8-28554cf6ea98,Uber,Transport Services,5,2026-08-06,جيد جدا,Positive
d8e446b3-a1b2-4316-bc83-956fb84f4a0c,Uber,Transport Services,5,2026-08-06,ممتاز,Positive
2fce1a26-7e80-4b7b-b3bb-e3f8681bfce6,Uber,Transport Services,3,2026-08-06,بيقتو بتغلو ووقت الانتظار بقي كتييييير اوووووي اوووي,Neutral
158244f1-c0d6-4c3a-9d20-319998ed9025,Uber,Transport Services,5,2026-08-06,إنه مميز للغايه,Positive
b3b28665-1b9c-4e7e-8ec3-76943f5aca70,Uber,Transport Services,5,2026-08-06,ممتاز,Positive
b9feec01-8088-49a8-8738-767efa937c18,Uber,Transport Services,5,2026-08-06,برنامج ممتاذ,Positive
463ff86c-5176-477d-b395-5c9f186c0104,Uber,Transport Services,5,2026-08-06,برنامج رائع ومفيد جدا وسهل الاستخدام,Positive
8f95413f-7991-4c61-aab8-9c163f0db68a,Uber,Transport Services,4,2026-08-06,ممتاز,Positive
f066d6c0-34c1-46fc-b9b7-ce4cac84db7b,Uber,Transport Services,5,2026-08-06,ممتاز جدا,Positive
84a22ae7-9662-4aef-877e-4ffc07e19faa,Uber,Transport Services,5,2026-08-06,ممتاز وسريع,Positive
6a67dd80-992b-45d5-8509-118c8b562ae9,Uber,Transport Services,1,2026-08-06,من سئ لأسوء كل ما اطلب مشوار والكابتن يتأخر أو ميجيش او ميقلبلش المشوار بتفإجي أنهم حاطين عليا غرامه عشان اطلب مشوار واحد ممكن خمسين جنيه غرامات ليه والعيب من عندكم,Negative
6eb5b165-33c3-4e74-9d69-a48f65f97641,Uber,Transport Services,5,2026-08-06,كويس جداً والسائق ممتاز,Positive
0968dd1d-cfd6-4e40-9a5a-90fc4b64827e,Uber,Transport Services,1,2026-08-06,كان جيد ولكن يبدو السوء في الخدمه تحتاج الي النظر والتحسين,Negative
c2a2166a-86e2-4e27-b5ed-03558dc75c2e,Uber,Transport Services,5,2026-08-06,رائعه,Positive
128b0713-2078-48fc-ba1e-2440a798d964,Uber,Transport Services,5,2026-08-06,تطبيق مريح جداً شكراً لكم,Positive
47264a24-c31b-4e34-91b8-1098b379e3e2,Uber,Transport Services,5,2026-08-06,تجربة رائعة,Positive
df32ca7e-3789-4291-8df9-3fea3e697b6a,Uber,Transport Services,5,2026-08-06,تطبيق ممتاز جدا,Positive
36575078-9db7-434c-ba5a-6f3b0613863e,Uber,Transport Services,1,2026-08-06,تطبيق سيء جدا و شركة نصابة لا تحترم الزبائن وليس لهم مصداقية,Negative
73b52592-9c24-4fce-b72b-42bf7c581692,Uber,Transport Services,1,2026-08-06,برنامج سئ جدا,Negative
93e62c4a-41be-4979-8d9a-d6b45d73c28b,Uber,Transport Services,1,2026-08-06,شركه حرميه بيحدد رسوم الرحله وبعد كدا بيفرض عليك رسوم زياده للرحله حرميه بيسرقو عيني عينك,Negative
f5139aad-ccaf-4080-89b3-7fd3d2ceacec,Uber,Transport Services,5,2026-08-06,جميل,Positive
89cf5a23-d104-4e6d-bc5a-fb5039c141ed,Uber,Transport Services,5,2026-08-06,ممتازة جدا,Positive
84251196-cd01-4233-a4ae-26b98341bfcc,Uber,Transport Services,5,2026-08-06,ممنازه,Positive
c1ecf220-e3e6-4eb2-9da2-b97a1e65c77c,Uber,Transport Services,1,2026-08-06,الخدمه أصبحت سيئة جدا لا احد يقبل والسائقين دائما يتضررون من ان يكون الحساب فيزا يجب زياده عدد العربات لان كل كابتن لديه اكثر مو تطبيق توصيل يعمل عليه في نفس الوقت,Negative
e99f796a-ab0a-45d9-85a6-973e08a1b68e,Uber,Transport Services,1,2026-08-06,مش كويس تطبيق غرامات زيادة عن اللازم بدون داعي,Negative
38473c35-df97-4a7d-a174-152268dc7d66,Uber,Transport Services,5,2026-08-06,ممتاز,Positive
20733b93-1719-402c-b2e0-5740775436b6,Uber,Transport Services,5,2026-08-06,مع الاسف بقي زباله انا مسحته من عندي من اللحظة دي علشان بقي زي ميكروباصات العشوائيات,Positive
1ae11fa0-4c1d-4730-89ee-f4c0ad5fe1d0,Uber,Transport Services,5,2026-08-06,جيده,Positive
bc9e1dad-20f4-4661-a12e-c29e5043a484,Uber,Transport Services,5,2026-08-06,جيدة,Positive
0c4dca40-ec91-4dec-aeb1-e8a7ed5e10b5,Uber,Transport Services,5,2026-08-06,ممتازه,Positive
406b79d3-4f1d-4529-bc50-c84dedabd21c,Uber,Transport Services,5,2026-08-06,جيد,Positive
fcfe81cd-2d15-4483-a542-41a97103f066,Uber,Transport Services,5,2026-08-06,ممتاز,Positive
1e6f3ead-37b9-4485-b4d2-8cbd31f5cd2b,Uber,Transport Services,1,2026-08-06,اسوء تطبيق توصيل في العالم,Negative
99132766-5b91-46e5-ac77-8c8ae42cd46b,Uber,Transport Services,5,2026-08-06,تجربه ممتازه مع اوبر,Positive
08001c6e-5f6c-486a-aa0c-1007b40e9f7a,Uber,Transport Services,1,2026-08-06,جيد,Negative
1813a235-c656-4e60-84be-2f3e8e5b9d96,Uber,Transport Services,5,2026-08-06,ممتاز,Positive
068931a8-a51f-46ab-85b0-33ad31a7145e,Uber,Transport Services,5,2026-08-06,إنه تطبيق رائع جداً انصح الجميع بتحميله,Positive
44c01f33-a61f-4b66-903f-5a757d8e0a5a,Uber,Transport Services,5,2026-08-06,جميل,Positive
708a75fb-e266-4b1c-aa85-bb04117410a6,Uber,Transport Services,4,2026-08-06,جيدجدا .. ولكن لاحظت تأخر قبول طلبات مندوب التوصيل للمشاوير أحيانا وأرجو تعديل هذه الملاحظة قريبا .. 👍🏼😊🏅🤍,Positive
b1a15ff9-0a05-4f78-baa2-53005547a4d0,Uber,Transport Services,5,2026-08-06,خدمه ممتازه,Positive
42218870-cd27-4637-9284-3b0204e02b5a,Uber,Transport Services,5,2026-08-06,خدمه ممتاذه,Positive
c0decbe9-8fb1-4ec5-a719-85277e7bf9e8,Uber,Transport Services,5,2026-08-06,ممتازة,Positive
d4518065-9682-4db7-8a41-654d879df2cd,Uber,Transport Services,5,2026-08-06,تطبيق راقي جدا,Positive
a0e01c68-da4d-414a-8084-ebd96f11809e,Uber,Transport Services,5,2026-08-06,جامد,Positive
e1f2ee7b-d8a8-41e2-9a78-129f5a101d50,Uber,Transport Services,1,2026-08-06,شكرا لك، كثيرا.,Negative
7be0c019-9a35-4e12-becc-476106d2a35c,Uber,Transport Services,5,2026-08-06,افضل برنامج,Positive
30763f6b-2164-4aa9-8170-d16c42257a79,Uber,Transport Services,1,2026-08-06,سيء جدا من ناحيه السائق اللي ياتي لتوصيلك في حال كنسل هو الطلب ما يصير اي شيء في حال انت كنسلت يخصموا عليك 10 ريال واكثر بعض السائقين مسومين يقعد ساعه يجيك يقول لك خمس دقائق ويقعد ساعه,Negative
a9fca838-12c8-4157-8223-326737c64aa9,Uber,Transport Services,1,2026-08-06,برنامج غش كل ما اطلب يزود السعر وقبل كدة زود ١٢٠ وخلاني ادفع زيادة وعمل اني ما دفعتش ٢٣٠ كمان وحش محدش ينزله,Negative
bc30088e-647b-4f66-9db5-8e851b7cadc9,Uber,Transport Services,4,2026-08-05,جيده,Positive
8628abec-beb2-4b8a-aed9-6fcab0570d54,Uber,Transport Services,2,2026-08-05,ممتاز بس كان العرض 20 وعند الوصول 23 ليش قال انتظار ومدري ايش وانا الذي كنت منتظر أكثر من 8 دقائق ورجعت اتصل على السائق وين انت قال انا منتظر في الحاره رغم اتصلت عليه قبل أن يتحرك ترى انا عند كذا محل كذا لكن للأسف مافي مصداقيه,Negative
bf8f5137-e28c-406e-b4e6-176b524dc385,Uber,Transport Services,1,2026-08-05,حسبي الله عليكم، أنا حذفت بطاقة الصرافة حقتي من عندكم ومازلتم تسحبون فلوس مني ليومنا هذا، لكم حوالي سبعة شهور وإنتم تاخذون في اليوم أقل شيء أربع مرات رغم إني أكون ما تحركت من البيت، لا بارك الله فيكم، وين الأمانة؟ الله لا يحللكم.,Negative
eadd2038-2f97-4f53-b383-827991b479cf,Uber,Transport Services,5,2026-08-05,برنامج رائع واسعار مناسبة ودقيقين,Positive
30282c3d-b322-4151-87f3-9b13283c8517,Uber,Transport Services,4,2026-08-05,تطبيق رائع لكن اسعار المشاوير غير ثابتة مثال من النقطة A الى النقطة B ب20 ر.س من النقطة B الى النقطة A ب 30 ر.س رغم انه نفس المشوار و نفس المسافه,Positive
2022e0a4-ab0e-464e-a90f-0850762c55cc,Uber,Transport Services,1,2026-08-05,وحش وفي ناس بجد مش كويسين في التعامل وبيكون مكتوب سعر ويجي يقولي لا يا فندم السعر دا مش هينفع اقولهم دا البرنامج الي كاتب روحو كلموهم يفضلو يشتمو المفروض انا ذنبي اي ان البرنامج كاتب سعر مش علي هواهم,Negative
c1387b61-7cae-4e67-bd0e-41017451c96e,Uber,Transport Services,5,2026-08-05,تجربة جيدة جدا جدا جدا جدا جدا,Positive
a70b231f-e2a5-4eac-98d2-8e625d51d706,Uber,Transport Services,5,2026-08-05,برنامج مضمون والعاملين به ذات ضمان وكفاءة,Positive
d0e46be2-f6c2-4e83-a132-927a9327e348,Uber,Transport Services,5,2026-08-05,كانت كويسه,Positive
8ae183b1-0541-4db1-9793-f066de8ff405,Uber,Transport Services,5,2026-08-05,ممتازه,Positive
bfcf951e-d4b3-4d12-9e2e-fdfd96bb83b5,Uber,Transport Services,5,2026-08-05,ممتاز جدا,Positive
c19d1d26-94c3-4fcc-aae8-cc86a3bc12fc,Uber,Transport Services,5,2026-08-05,١٠٠/١٠٠,Positive
3e69cc73-69ac-4fdf-b3f6-ee3d41eb7551,Uber,Transport Services,5,2026-08-05,مره حلوه وخدمه سريعه وسهله مشكورين,Positive
cdf9ce7c-177e-4e78-b99b-f74776bb59bb,Uber,Transport Services,5,2026-08-05,تجربة اولي لزيزة في السعر وتوفر الكابتن,Positive
b4b6be08-4d31-4f25-960d-7d61481177f8,Uber,Transport Services,1,2026-08-05,سيئ,Negative
df29807e-3995-4225-a371-f24ef31f6d48,Uber,Transport Services,5,2026-08-05,ممتاز جدا ومريح,Positive
d6cf0046-4bad-48dd-93aa-9488e8fb3dc6,Uber,Transport Services,5,2026-08-05,ولا اروع,Positive
d65b5032-82b5-4afb-9fa7-e38ce715fe01,Uber,Transport Services,5,2026-08-05,محترم,Positive
cc005cc1-7b08-469c-8908-f2b3222063e3,Uber,Transport Services,4,2026-08-05,ماشاء الله تبارك الرحمن ارقى وافضل في التعامل,Positive
b0f9e9f4-8753-4e1c-837a-334cf48653b7,Uber,Transport Services,5,2026-08-05,جيد,Positive
2911c892-2bc0-4746-bf8e-efd560c34629,Uber,Transport Services,1,2026-08-05,كويس,Negative
1d4f2c76-4a3b-4176-a6ca-85fa38a44e4b,Uber,Transport Services,5,2026-08-05,جيد,Positive
ecd4daeb-f710-44f9-863c-f7ce043d7b62,Uber,Transport Services,5,2026-08-05,اسهل واجمل,Positive
d87cc4bc-4c9c-4686-97ee-7d1e942956ea,Uber,Transport Services,5,2026-08-05,ممتاز,Positive
348c7de4-41bd-4fc1-80ca-60374895c6e1,Uber,Transport Services,5,2026-08-05,ممتاز,Positive
c305231e-a10b-4fed-8e81-cb608f7bd225,Uber,Transport Services,5,2026-08-05,سائق محترم,Positive
042a4ba3-bc51-4faf-a9c0-d1de2d31a279,Uber,Transport Services,1,2026-08-05,البرنامج بقي سيئ مع وجود عدم مصداقيه عند طلب المشوار يظهّر سعر وعند النزول يطلب سعر تاني خالص 👎,Negative
b9c13a02-49d2-406b-88b0-2c61eb5cad80,Uber,Transport Services,5,2026-08-05,ممتاز,Positive
b24490ad-d06d-4860-a72e-fd71ce939c31,Uber,Transport Services,5,2026-08-05,ممتازة,Positive
e3741921-e5da-4cac-8e11-625b300523d3,Uber,Transport Services,5,2026-08-05,سريع ومريح جداً,Positive
a54416a1-348f-4a9b-a931-21b3c2785d1d,Uber,Transport Services,5,2026-08-05,ممتازة,Positive
2bddbfbf-774c-44aa-9c02-7d16a397c5fe,Uber,Transport Services,5,2026-08-05,زوق جدا وشكرا للكابتن,Positive
12242820-e950-41ae-aebe-1e214e080653,Uber,Transport Services,5,2026-08-05,تطبيق جميل ورائع ومميز,Positive
3e58af13-7cff-46a3-bdc6-d1b454d0df79,Uber,Transport Services,5,2026-08-05,ممتاز جدآ,Positive
56e73952-133c-4fba-a211-4b285a795ae1,Uber,Transport Services,5,2026-08-05,يجون علي الموعد وسريع وامان,Positive
fedb3c8b-725f-4e0b-9a84-ba284a45b2b9,Uber,Transport Services,5,2026-08-05,شكرأ,Positive
4e88e40f-9f2b-4ecc-8125-0e9d359c7180,Uber,Transport Services,5,2026-08-05,السائق كان حاضر فى الموعد,Positive
371ad502-e147-4455-ba91-2ca83729d82b,Uber,Transport Services,4,2026-08-05,جميله,Positive
3fdd4693-7147-4010-9e9d-4bf540059647,Uber,Transport Services,4,2026-08-05,تجربة جيدة لكن ساعات يكون ف تأخير شديد أو عدم وجود عربيات ف الأصل,Positive
e81194f2-f621-4d86-8338-7ea45affb06f,Uber,Transport Services,5,2026-08-05,ممتاز,Positive
286d04d3-07be-4ece-a9c5-92fbcd9dd2b8,Uber,Transport Services,5,2026-08-05,رائعه,Positive
1b5f62e8-af5e-4ff9-a347-b9ce53dea849,Uber,Transport Services,5,2026-08-05,رائع,Positive
82067ff5-5cf9-4d68-9715-aeb2a49f9973,Uber,Transport Services,1,2026-08-05,كباتن زي الزفت وبيرفضو الطلب و اكتر من كابتن ابلكيش زفتتتتتتت,Negative
ac8dcc6d-2e33-432c-a692-cfed55e98378,Uber,Transport Services,2,2026-08-05,اسعار مرتفعه جدا,Negative
404d3a5f-c00e-4b49-b468-5f4076d5377e,Uber,Transport Services,5,2026-08-05,شكرا لك,Positive
3a46e6f8-08a7-4248-bf57-deea4a2b4493,Uber,Transport Services,5,2026-08-05,شكرا لكم جميعًا,Positive
d171281a-2b5e-4e97-92e3-6c4e76f148f7,Uber,Transport Services,5,2026-08-05,جيد,Positive
f7fcc12e-40db-41e1-93e0-d2e6ce1f83c3,Uber,Transport Services,3,2026-08-05,مميز للغايه,Neutral
ecfec82f-b7aa-40b1-8ff2-031a06adce13,Uber,Transport Services,5,2026-08-05,جيدة,Positive
99a96ecd-f06f-4af0-a796-1832cf851d28,Uber,Transport Services,1,2026-08-05,الطتبيق سيء من ناحية خدمة العملاى عندي مشاكل و ابغى أدور حل هم مسوين حلول شرح فقط بس ما لقيت شرح لس المشكله حقي حاولت أكلم الدعم ما قدرت أحاولت أكلمه أكثر من مره مافي فايده الرجاء ردو علس بي طريقه اتواصل معاكم,Negative
80096dea-a5c7-48ae-b778-12d6331a7066,Uber,Transport Services,5,2026-08-05,ممتاز جدا,Positive
184b5033-03d7-4f73-b511-a7f53402a057,Uber,Transport Services,4,2026-08-05,متميزون,Positive
4f5b607b-f97c-4016-a89b-7d0ded5d796d,Uber,Transport Services,5,2026-08-05,تج به مميزه وركبت عربيه نظيفه وصحبها راجل محترم وامين,Positive
14249b9e-bdb5-45ad-8c4b-ce6c89ad570e,Uber,Transport Services,5,2026-08-05,رائع,Positive
fedd06bc-ec6e-444d-a973-634669783bf1,Uber,Transport Services,5,2026-08-05,جميل جدا,Positive
0110f4e0-54c9-4fc3-94a8-6ff2c7ad8528,Uber,Transport Services,5,2026-08-05,ممتاز,Positive
2c747027-7fdb-4c0c-b6e1-5032da2364ea,Uber,Transport Services,5,2026-08-05,ممتاز,Positive
28303d99-589e-46b5-98d3-5cf68c7a329c,Uber,Transport Services,4,2026-08-05,ممتازه جدا جدا جدا,Positive
6a854253-6f40-46f3-9588-8e5f73cb59bf,Uber,Transport Services,3,2026-08-05,لا يقبل بطاقة الفيزا بالاردن اضفت بطاقة ماستركارد وتظهر رسالة لايوجد رصيد كافي,Neutral
e7ce88c2-0af5-413e-ac46-f86d64fa5bde,Uber,Transport Services,3,2026-08-05,في مشكله ان اوقات كتير لما بطلب رحله مش بيجي لا عربيه ولا متوسكل وساعتها اضطر الغي الرحله بعد ما اكون استنيت كتير جدا ياريت حل للمشكله دي,Neutral
d3ede783-ca53-43c3-9eeb-7958ad36b0a1,Uber,Transport Services,5,2026-08-05,ممتاز أسعار منافسة,Positive
b6e5c6e6-c7a2-4d1d-9859-bb9f86834720,Uber,Transport Services,5,2026-08-05,ممتاز,Positive
e8b82aa6-743e-4140-8892-3ab19bde5de3,Uber,Transport Services,1,2026-08-05,التطبيق سيئ اجاني سائق ما بنتظر و التعامل سيئ قليل ادب,Negative
a8c2e986-1834-477a-bdf0-569956362a1a,Uber,Transport Services,2,2026-08-04,تطبيق سي وبيطلب إكرامية ولو مدفعتش تطبيق بيلغي الرحلة,Negative
509c7c55-c817-4f30-a5cd-99894d6929ec,Uber,Transport Services,5,2026-08-04,عروض اوبر الترويجية ممتازة,Positive
1c343f9f-81a0-4df8-b129-83a1044f7f2c,Uber,Transport Services,5,2026-08-04,تطبيق ممتاز جدا جدا جدا,Positive
80a52cc5-70f3-4f6f-bb67-a8faa9fcf60c,Uber,Transport Services,5,2026-08-04,جيد,Positive
6b32141c-8c03-4b10-bc16-919ae7691456,Uber,Transport Services,5,2026-08-04,ممتاز,Positive
5a56af83-918a-4a13-837e-6f053de5cb47,Uber,Transport Services,5,2026-08-04,ممتاز,Positive
e8bdd1d3-6c22-436e-b483-2949a74fa3a2,Uber,Transport Services,5,2026-08-04,ممتاز,Positive
897b0758-bde4-445e-9cbc-9164681d4011,Uber,Transport Services,5,2026-08-04,محترم وسواق محترف بارک الله فیه وربنا یکتفیه شر الطریق,Positive
e3b71378-8d5a-4e95-bfa2-5b071dd87337,Uber,Transport Services,5,2026-08-04,تجربه ممتعه,Positive
193c25dd-33d6-4c63-bfc4-c33b1b1b9a97,Uber,Transport Services,5,2026-08-04,والله المشاوير مع جميع منسوبي اوبر ممتازه وفوق الوصف,Positive
5cabc226-5b43-41c8-a7fd-83f732b6c424,Uber,Transport Services,5,2026-08-04,good,Positive
8444ca12-d825-456a-a6b6-3d013888bbfb,Uber,Transport Services,5,2026-08-04,ممتاز,Positive
55838fc7-d2f6-4930-bb10-b6a8b8a70441,Uber,Transport Services,5,2026-08-04,ممتازه جدا,Positive
39e35981-44cf-4093-bd57-01ff481be62d,Uber,Transport Services,4,2026-08-04,كويس,Positive
80d8b20f-7a1c-4c3a-bb67-cbcef4f358af,Uber,Transport Services,5,2026-08-04,رائع,Positive
c3e347e5-01f3-4375-ab97-c6256e08ed5c,Uber,Transport Services,4,2026-08-04,جيد جدا,Positive
971bf313-941e-4df4-9a51-2b2ac0d43011,Uber,Transport Services,5,2026-08-04,جيد,Positive
d7e17de9-3164-4393-b637-0c6ac5c6fc37,Uber,Transport Services,5,2026-08-04,رائع,Positive
39f410c4-00fb-40e4-891d-3600fadb3f6e,Uber,Transport Services,5,2026-08-04,ممتاز,Positive
789dc859-513c-4770-938e-2aea65113a1c,Uber,Transport Services,5,2026-08-04,جيد,Positive
d1a57ba4-6a72-4df3-8aad-c5f5200bd635,Uber,Transport Services,3,2026-08-04,الارقام تلفون السائقين غلاط,Neutral
149fa101-7260-44d8-a52a-70e909b67510,Uber,Transport Services,5,2026-08-04,في البداية كانت الأسعار خيالية الأن الأسعار ممتازة ومنافسة للتطبيقات الأخرى,Positive
cf225d4d-a4b3-4b39-af15-c91395cc84de,Uber,Transport Services,5,2026-08-04,ممتاز أوبر مصر,Positive
65bc3b12-55f2-47e8-8006-f565698b4f77,Uber,Transport Services,3,2026-08-04,اخذت رقم جديد واريد تغييره في تطبيق اوبر فيعطي لي رسالة مفادها ان الرقم غير صحيح الرجاء حل هذه المشكلة,Neutral
24515a27-3403-4f6c-82a7-65baf006af6c,Uber,Transport Services,5,2026-08-04,amazing,Positive
a718156c-7223-49d2-bc98-7769af61e19c,Uber,Transport Services,5,2026-08-04,ممتاز ولد زي الفل,Positive
d922e86a-1f57-4cbf-b253-dd90c7d28b6a,Uber,Transport Services,5,2026-08-04,ممتازه,Positive
84768582-7a4a-4c69-8200-e0fde8005594,Uber,Transport Services,5,2026-08-04,ممتاز,Positive
bcc9194d-feb7-4560-bc95-f849de00f89a,Uber,Transport Services,5,2026-08-04,ممتاز في سرعة الوصول والمعامله,Positive
cbe7b3dd-b883-4bb1-842e-d79be8e1ec74,Uber,Transport Services,1,2026-08-04,تطبيق زفت بيديك سعر ولما توصل بتلاقي سعر تاني,Negative
dac8a5a3-91e5-4076-9a29-770e538356dd,Uber,Transport Services,5,2026-08-04,رائع,Positive
c626f7db-58e5-46cf-a848-a8de362b226c,Uber,Transport Services,5,2026-08-04,في قمه الاخلاق,Positive
048acb99-86a4-43b3-ba79-75f3fb2178df,Uber,Transport Services,5,2026-08-04,خدمة ممتازة بشكل عام,Positive
25b67382-0b46-40b2-b462-40a0c02d24eb,Uber,Transport Services,1,2026-08-04,سئ جدآ,Negative
d18bf46a-b33c-4a67-b7f3-523dbe047587,Uber,Transport Services,5,2026-08-04,ممتاز,Positive
46fb9dbc-d0be-4e21-9af4-33a41f732bb9,Uber,Transport Services,5,2026-08-04,ممتاز جدااا,Positive
da951e35-885d-499c-a954-184a585649df,Uber,Transport Services,5,2026-08-04,ممتاز,Positive
c4d01b17-5b4a-4bb4-8609-a92a1a60ae6b,Uber,Transport Services,5,2026-08-04,ممتاز,Positive
a3671bf3-55c6-4fe7-964a-e908050ec4a9,Uber,Transport Services,5,2026-08-04,سهل وجميل شكرا لوجود اوبر,Positive
04ce7c05-828b-42f3-bc8c-81c9f361ee55,Uber,Transport Services,5,2026-08-04,لماذا لا يعمل التطبيق في مستشفى الرملية,Positive
a51c0b40-951b-48df-b854-795583e63946,Uber,Transport Services,5,2026-08-04,جيد جدا,Positive
0f7aa20f-edea-41b4-a084-7990f5612d7f,Uber,Transport Services,5,2026-08-04,احسن ناس,Positive
5cf25cd6-3e40-4b3e-98ed-642bfd43c2a6,Uber,Transport Services,5,2026-08-04,اول مره 🙂,Positive
f2b71517-c412-4e94-9579-ac46cc3a6b81,Uber,Transport Services,5,2026-08-04,تجربتي كانت جميلة مع Uber,Positive
ebdcf430-8996-445c-bd85-a53259cad22d,Uber,Transport Services,5,2026-08-04,جيد جدا,Positive
8bf0d21f-beae-498b-a861-1e7d0ae0c2e2,Uber,Transport Services,5,2026-08-04,تجربة قييمه وسائق محترم,Positive
0e6ab0ff-0b3b-40dd-bb2d-d84e644eb797,Uber,Transport Services,5,2026-08-04,انسان راقي جدا ما شاء الله على تعامله,Positive
b2b567b4-14b7-47ee-bbc1-f766c67a00d5,Uber,Transport Services,5,2026-08-04,تطبيق ممتاز,Positive
85e4b590-4e59-4c7a-982f-8bce577bc952,Uber,Transport Services,5,2026-08-04,سائق ذو اخلاق عاليه,Positive
f6265d0d-3268-4df2-be43-a9da4b5ed456,Uber,Transport Services,5,2026-08-04,أحلي تطبيق💫💫💫💫💫💫💫,Positive
f9be938c-1c5b-4511-b578-d00c7f261a29,Uber,Transport Services,5,2026-08-04,جميل,Positive
b37dff41-dbf3-4d34-bfdc-f99bd2dc370f,Uber,Transport Services,5,2026-08-04,جميل,Positive
7463cdf7-4037-48f0-9cd5-173112dbe41c,Uber,Transport Services,1,2026-08-04,إضافة مبلغ إضافي على الاجره,Negative
6a74073f-8019-40f5-b525-a09c431fbb7b,Uber,Transport Services,5,2026-08-04,تجربة جميله,Positive
302bc85f-1266-45ec-848a-3680ee46791b,Uber,Transport Services,5,2026-08-04,ممتاز,Positive
b43cde0f-7859-4261-a21b-49b0b0be5235,Uber,Transport Services,5,2026-08-04,بتجنن عنجد,Positive
256d5454-0e7f-4b32-ad45-077793cec6c7,Uber,Transport Services,5,2026-08-04,جيد جدا جدا,Positive
0c7dac40-b36d-45f7-aa28-ad08e6d7711a,Uber,Transport Services,3,2026-08-04,رحله ممتعه ارجوك المعاوده في مره اخرا,Neutral
6b1efe96-4159-4d02-9be2-d8069ba44d0d,Uber,Transport Services,5,2026-08-04,تجربه جدآ ممتازه وسايق محترم قمه في الاحترام,Positive
e4644754-1153-4162-9a13-d2cfaad13650,Uber,Transport Services,5,2026-08-04,خدمتكم مميزة وسريعة اشكركم,Positive
279be82b-04ac-4c69-8e72-9d4fe0d08291,Uber,Transport Services,5,2026-08-04,امتايز,Positive
9d77ba9b-4647-4bf8-84cb-c7c02a41ca1a,Uber,Transport Services,5,2026-08-04,ممتاز,Positive
6791d356-2d24-4aea-b92f-9287f4320d99,Uber,Transport Services,5,2026-08-04,تجربه مميزه,Positive
6e5d1301-6a7a-4d4c-8908-8a709922f427,Uber,Transport Services,5,2026-08-04,👍,Positive
cef27494-ec68-4611-ba54-7e55aae50a25,Uber,Transport Services,4,2026-08-04,ممتاز,Positive
4435df26-38e3-4d58-b8c0-ab2e66537520,Uber,Transport Services,5,2026-08-04,تطبيق ممتاز والاس الي بتوصل محترمه,Positive
ff74d64d-d320-4e2a-b522-8064cea652ee,Uber,Transport Services,1,2026-08-04,سيتم حذف التطبيق,Negative
d929ab3c-f155-4ab0-a742-1c879fe9329f,Uber,Transport Services,5,2026-08-04,ممتاز جدا,Positive
edbabaa4-d355-4dde-aa0f-4f219fdf55a4,Uber,Transport Services,5,2026-08-03,ممتازة جدا,Positive
4a1e0e68-c236-40c8-8a8b-0f0c7c2259b4,Uber,Transport Services,1,2026-08-03,هذا التطبيق ابدا مس مناسب لانه الاسعار غالية جدا .....,Negative
ddb34833-08fb-41fe-95a8-233816ccb353,Uber,Transport Services,5,2026-08-03,تطبيق عجيب,Positive
5881fa12-622b-4015-a294-e4049cc1f59b,Uber,Transport Services,3,2026-08-03,دفع الكتروني,Neutral
a3164898-dde9-422f-920d-bd27559e678e,Uber,Transport Services,5,2026-08-03,شكرا لك,Positive
4d52f699-97e6-4c95-a410-006196ef4622,Uber,Transport Services,4,2026-08-03,🙂🤩,Positive
8394cd8a-6b31-4822-8535-f0b28bb1f832,Uber,Transport Services,5,2026-08-03,سريع,Positive
c0902a80-1860-450d-b0bb-9f73a39f0504,Uber,Transport Services,5,2026-08-03,ممتاز جدآ,Positive
bc7fc654-324e-4f5b-9900-b20748905e04,Uber,Transport Services,5,2026-08-03,good,Positive
7ea04566-b38d-40d0-89ea-b856f91e372d,Uber,Transport Services,5,2026-08-03,ممتازه ومريحه,Positive
21315ead-41ee-4960-a149-5f37d2d77301,Uber,Transport Services,5,2026-08-03,très bien,Positive
0842043e-7dfa-4be9-8572-cfb81849367d,Uber,Transport Services,5,2026-08-03,جيد جدا,Positive
d05b2b39-b540-4b1b-ade0-e428d7a7edfb,Uber,Transport Services,5,2026-08-03,رائع,Positive
d13d9aa9-06a6-4369-adc2-620f7efa4b31,Uber,Transport Services,1,2026-08-03,غاليه اوي,Negative
2f41a680-4baa-4441-838c-4e84c596414a,Uber,Transport Services,5,2026-08-03,ممتاز,Positive
39c79296-79b1-468c-a0b8-dae76fc02e88,Uber,Transport Services,4,2026-08-03,ممتازه,Positive
7d00a5c6-ab99-4dd8-8b8d-4fd5cdaba706,Uber,Transport Services,5,2026-08-03,تجربة ممتازة,Positive
6235cbdc-f5bf-4856-8320-66aff8f175cb,Uber,Transport Services,5,2026-08-03,والله سهلة وحلوة كمان,Positive
ec035d4b-22bf-4cf6-bdd4-b7bc8efac0f1,Uber,Transport Services,5,2026-08-03,ممتاز,Positive
d68f8dbd-e4ee-4abd-9d23-d40477f9fd93,Uber,Transport Services,3,2026-08-03,اوبر يعطي موقع خطأ ما السبب بالرغم ان ان الموقع مشيت علية عدة مرات.,Neutral
0106b6e2-eeed-48dc-be07-e56379466d55,Uber,Transport Services,5,2026-08-03,جيد,Positive
ebefd667-c726-4a16-a365-cea7e4350b86,Uber,Transport Services,5,2026-08-03,ممتاز,Positive
4596c08e-dd27-493c-b812-9e1450150c33,Uber,Transport Services,5,2026-08-03,ممتاز,Positive
81c47d57-0467-433d-9f42-42b8fdf292e0,Uber,Transport Services,1,2026-08-03,اصبح سئ جدااا كان من قبل أفضل بكثير من الآن أصبح الآن يضيف زيادات غير مبررة على سعر الرحلة المعلن عند طلب الرحلة وأصبح لا يوجد وسيلة تواصل مثل الاول وبقى بيفضل فترة طويلة وبرضه لا يوجد رحلات وساعات نطلب يبقى متبقى مثلا دقيقة واحدة فاحنا المفروض نعمل ايه نجهز قبل الطلب بنتعذب حرفيا لان الانتظار مبالغ فيه ولو العكس ممكن ييجى اول مانطلب ويحسب علينا زيادة وخصوصا لما المكان اللى هنروحوا مستشفى بيستغلوا ويزودوا الأجرة يعنى علشان الواحد يطلب مشوار يقعد اكتر من ساعة ونص اكيد دة مش منطقى ولا حد يتحمله,Negative
a192eb23-6192-42c8-9a9c-af4ac868b586,Uber,Transport Services,5,2026-08-03,شكرا,Positive
d4d3b6f7-8fed-411a-bd27-b3c640b55742,Uber,Transport Services,5,2026-08-03,تبيطق حلو,Positive
bd60534e-ba23-4d5d-8db2-2c523aa7a3f5,Uber,Transport Services,5,2026-08-03,ممتازة,Positive
358a7861-d704-4c8c-911b-23cdd1e8b616,Uber,Transport Services,5,2026-08-03,ممتاز,Positive
9db15d4b-de5b-4074-b587-7bb79aa7a52a,Uber,Transport Services,5,2026-08-03,جيد جدا..,Positive
e0c4b94f-66c8-48d6-b9bf-e618e98f904c,Uber,Transport Services,5,2026-08-03,تطبيق ممتاز🌟🌟🌟🌟🌟,Positive
1bc1256f-31b9-43a1-b207-e79efe465c0b,Uber,Transport Services,1,2026-08-03,الدعم ضعييف جدا ومش بيساهد نهائي,Negative
4e91514f-9997-4192-9e5a-5acc26be6efb,Uber,Transport Services,5,2026-08-03,تجربه ممتازه والسائق ممتاز,Positive
037caf07-b509-4697-b84b-561518e1365d,Uber,Transport Services,5,2026-08-03,تطبيق روعة وسيارات ممتازة جدا وناس قمة الادب والاحترام موفقين ان شاء الله,Positive
f9d5e556-a0a1-4750-b394-55352b8c7ab4,Uber,Transport Services,5,2026-08-03,ممتاز جدا,Positive
ef4dadd9-502d-4457-ada8-06381ab0715e,Uber,Transport Services,5,2026-08-03,برنامج سريع ومريح,Positive
2223ef24-e59b-4d79-8d42-8e2d4d1c3b01,Uber,Transport Services,5,2026-08-03,رائعه,Positive
ddb733d4-d70c-430b-a889-9a5277e381f7,Uber,Transport Services,5,2026-08-03,الله يباركله ذوق جداً ومحترم,Positive
7d44b1df-a264-438b-afdc-702d5c94c5d3,Uber,Transport Services,1,2026-08-03,التطبيق اصبح سيء جدا اذا طلبت مشوار وثم الغيت يحسب عليك رسوم قيمة المشوار كاملة هناك تطبيقات بديلة وافضل,Negative
4ee7eedd-90d1-490a-a348-e036a3ce4ed4,Uber,Transport Services,5,2026-08-03,تمام جيد جداً,Positive
0fd87a10-c841-4f21-886c-2ef2afbd1ee2,Uber,Transport Services,5,2026-08-03,ابلكيشن جميل جدا,Positive
9ab0b1b5-ba27-4592-99b2-6c9602879bf8,Uber,Transport Services,5,2026-08-03,حلوم,Positive
a5007ed7-ffe8-404b-90b5-825a9f8b36a2,Uber,Transport Services,4,2026-08-03,جيد,Positive
a9f6431f-7c0d-43cc-8a4a-aa53d58df622,Uber,Transport Services,5,2026-08-03,ممتازة,Positive
2273bf5b-2ee4-4abd-ba79-2a7e6486c9b9,Uber,Transport Services,5,2026-08-03,ممتاز,Positive
03b92484-ef45-443e-8bd6-78bba85b0d9d,Uber,Transport Services,5,2026-08-03,تطبيق رائع,Positive
90c4fe47-7fc4-405a-9f8a-26618347fccb,Uber,Transport Services,5,2026-08-03,ممتاز,Positive
b9d9fc1c-dfea-46bb-a828-70ae858aeb47,Uber,Transport Services,5,2026-08-03,جيده,Positive
906f3432-15b7-45ec-b1ab-fe290f15d654,Uber,Transport Services,3,2026-08-03,ممتاز حلو,Neutral
a361eb62-b7ee-42ff-bc88-fccf085d0184,Uber,Transport Services,5,2026-08-03,جميل,Positive
5aec0a7f-3ed6-4408-91a3-aa1b22b2d234,Uber,Transport Services,5,2026-08-03,ممتاز,Positive
7db0090a-174e-46d3-a4e9-7b9c9b72dfed,Uber,Transport Services,5,2026-08-02,راجل زي الفل ومحترم,Positive
83d6c705-0362-4eef-b819-54722933d899,Uber,Transport Services,5,2026-08-02,ممتاز,Positive
a8d601d7-88ac-44da-94ea-72d2dc83a512,Uber,Transport Services,5,2026-08-02,Gut,Positive
05fb9736-5d5c-44d5-b335-05999da4c948,Uber,Transport Services,5,2026-08-02,امتياز,Positive
81562bf8-2b87-468a-9eb8-8c37307ca698,Uber,Transport Services,5,2026-08-02,ممتاااااااز وكل السائقين محترمين جدا جدا جدا,Positive
f4e43ea0-dde0-492c-b783-b5328e920e4f,Uber,Transport Services,1,2026-08-02,خصم مني تمن المشوار مرتين,Negative
c23cc94b-d932-4040-ae20-ab170c62a202,Uber,Transport Services,5,2026-08-02,تجربه ممتازة والله,Positive
d374b298-f9e5-4b6d-887c-fbd86a366ff0,Uber,Transport Services,5,2026-08-02,جيد جدا,Positive
d2457f53-6a41-415f-86ef-b7682e68a7a2,Uber,Transport Services,5,2026-08-02,رائعه,Positive
54f2c95b-3e3c-4abd-8bf2-ed396e38368b,Uber,Transport Services,5,2026-08-02,ممتازة .,Positive
d05f7094-7229-4a67-a101-9b1951a3c0dd,Uber,Transport Services,3,2026-08-02,مناسب,Neutral
dd62886c-d760-44ce-b23f-fdf0863aabc7,Uber,Transport Services,5,2026-08-02,رائع,Positive
9b5b59a5-4270-4f89-b3ac-c90d5ae5bd28,Uber,Transport Services,5,2026-08-02,ممتازه جدا,Positive
fe9bef06-d2b9-499e-b6a7-2277578acf8f,Uber,Transport Services,5,2026-08-02,جيد جدا,Positive
5b52823f-2e0e-428b-9ce6-24b67f2ff6ec,Uber,Transport Services,1,2026-08-02,سيا جدد,Negative
ed51997e-94f5-4815-99ec-e1174acfc8be,Uber,Transport Services,5,2026-08-02,تطبيق رائع دقة مواعيد,Positive
ee126ce8-f888-4b77-861d-8c2c0ff0ef1c,Uber,Transport Services,1,2026-08-02,سيئ,Negative
91cb6169-09e4-446c-b2fd-92163e70c67f,Uber,Transport Services,5,2026-08-02,تجربه رائعه,Positive
d9f0f5eb-8b19-4e30-a09a-316d33bb15ab,Uber,Transport Services,5,2026-08-02,جيد,Positive
a77dfdc0-24f6-41f6-990a-546e0a2ec58e,Uber,Transport Services,1,2026-08-02,من اسوء التجربه معاهم خدمه العملاء ماترد,Negative
c016f6d9-be55-4dec-903e-8cb657e8e3b4,Uber,Transport Services,5,2026-08-02,خياليه الناس طيبين واذا وصلت وانت مولاقي المكان مايحسبولك فلوس,Positive
97b30761-b3cd-494d-b7e9-3961ad0d8ac8,Uber,Transport Services,5,2026-08-02,جيد,Positive
7613502b-067e-41d2-88c3-27dda0a7866c,Uber,Transport Services,5,2026-08-02,مفيد جدا,Positive
b18fc77a-efd1-42ab-a373-ffdb5fa645a5,Uber,Transport Services,5,2026-08-02,ممتاز,Positive
20b8c75a-ff70-4aa4-aabd-536c1a128a50,Uber,Transport Services,5,2026-08-02,ممتاز,Positive
a358ce6b-bc1c-46be-a846-8003cc12c681,Uber,Transport Services,5,2026-08-02,ممتاز,Positive
8ed31997-d574-40d9-80b9-09bafb65bda8,Uber,Transport Services,5,2026-08-02,كابتن ماهر في السواقه,Positive
e4473949-1e0f-455a-9157-9cdd40524d95,Uber,Transport Services,5,2026-08-02,ممتاز,Positive
13471b0b-9a19-4698-9760-7ed55eaaf310,Uber,Transport Services,5,2026-08-02,ممتاز,Positive
67a104e4-165a-48f1-a3dd-180f9fc81b46,Uber,Transport Services,5,2026-08-02,ممتاز,Positive
0c195ed1-ed84-4b5c-a5f4-fe374b110e31,Uber,Transport Services,3,2026-08-02,يضع علي مبالغ ماليه بدون وجه حق بالرغم اني دايما اسدد للسائقين مستحقاتهم بالكامل ولكن حسبي الله ونعم الوكيل هذا يسمى اكل اموال الناس بالباطل,Neutral
92bee688-94de-4305-b3e2-b7c59bab5957,Uber,Transport Services,1,2026-08-02,سيء جدا و مفيش امكانية الشكوى بسهولة في حال رفض السائق المشوار و رفض ان يلغي الرحلة من طرفه,Negative
3d00d454-7487-4df0-96e9-8b96537ebe30,Uber,Transport Services,5,2026-08-02,كان متعاونا جدا وذوق,Positive
3fee45ba-5328-4937-a5a3-71a74f8338e8,Uber,Transport Services,5,2026-08-02,جيد جدا,Positive
2a7c90ed-1b87-4b64-89a8-1adf92f00143,Uber,Transport Services,5,2026-08-02,تعامل راقي وجيد كل لتوفيق,Positive
eeefe09c-98b1-4d3d-a7c9-31aba7d057cc,Uber,Transport Services,5,2026-08-02,سريع,Positive
aba26fab-9d76-4aeb-85c0-dee814f4bab6,Uber,Transport Services,5,2026-08-02,👍,Positive
5abd678a-3eef-423e-9b7f-13d5218327f3,Uber,Transport Services,5,2026-08-02,ممتاز,Positive
6a431ffd-4d04-4a76-9331-4bacbbc47166,Uber,Transport Services,5,2026-08-02,تطبيق ممتاز وخدمة في قمة الروعة,Positive
93442666-64f0-4d05-a6ce-e78faadc61e0,Uber,Transport Services,5,2026-08-02,سائق ممتاز,Positive
5e7978e2-4eca-4f12-b4af-88fe627ee22e,Uber,Transport Services,5,2026-08-02,تطبيق ممتاز وخدمة سريعة وسيارات مريحة,Positive
920a0b35-89b5-452b-99ff-123e31650d66,Uber,Transport Services,3,2026-08-02,ممتاز,Neutral
20d81448-951a-4ce8-8f0e-6cb06295698c,Uber,Transport Services,5,2026-08-02,الأفضل,Positive
7febdaa2-378f-4ecc-aa39-70f8b0a40808,Uber,Transport Services,5,2026-08-02,ممتاز,Positive
d9fa9235-873f-4797-8bd5-2c625dc332b1,Uber,Transport Services,1,2026-08-02,افشل تطبيق اذا فعلت حسابك البنكي يسحب منك فلوس بدون اي مشوار ما انصح فيه,Negative
7030c912-113b-4db2-9631-f0b447d3f063,Uber,Transport Services,1,2026-08-02,جيد جداً,Negative
edfcf7a9-8b6f-4501-996a-f65475934282,Uber,Transport Services,5,2026-08-02,سريعه,Positive
b6c5f413-5fd0-45f0-8919-8b0a92df4aea,Uber,Transport Services,5,2026-08-02,رائع وسريع,Positive
88737426-1784-46b8-89c9-7e78649bdd4b,Uber,Transport Services,5,2026-08-02,تحفة,Positive
5ece4dbb-36e2-408e-ae33-716c1bd9f534,Uber,Transport Services,5,2026-08-02,جيد ومحترم,Positive
60197c82-e08b-426b-b8e2-a95685a99a22,Uber,Transport Services,3,2026-08-02,خدمة جيده ولاكن في بعض الاحيان يطلب السائقون الغاء الرحله بشكل خاص,Neutral
7f94f192-bedc-40a6-a683-63618aedb7cb,Uber,Transport Services,5,2026-08-02,جميل,Positive
84feab67-e1fe-425f-a442-d9412d3dc2f8,Uber,Transport Services,1,2026-08-01,سيئة جدا,Negative
007ca0ba-9eff-4dec-992d-d2cf932c8af3,Uber,Transport Services,5,2026-08-01,أكثر من رائع,Positive
d67ce665-02cd-4447-948e-a97ca8c77543,Uber,Transport Services,1,2026-08-01,حراميه عيني عينك بزوده في الاجره اكتر من بتاع التاكسي بكتير والسواقين علي مسافه بعيده جدا,Negative
275cb870-2bd7-4177-a6c4-47217b121d16,Uber,Transport Services,5,2026-08-01,ممتازه ومريحة,Positive
5662447f-40ca-4b73-acb0-3f6e35dcd8cb,Uber,Transport Services,5,2026-08-01,رايع,Positive
1f4f9420-10a0-4b3b-a790-ac7d9c89c4f7,Uber,Transport Services,5,2026-08-01,ممتاز,Positive
35a51a16-ae73-4593-9637-bda5a53a5ecf,Uber,Transport Services,5,2026-08-01,السائق ممتاز,Positive
17ff3ac2-9f3e-4c38-83b6-6f354b436328,Uber,Transport Services,5,2026-08-01,ممتازه,Positive
5cd24620-1f2a-4090-9e91-da52c1c70aa9,Uber,Transport Services,5,2026-08-01,أوبر امانة بدون مجاملة شركة حلوة توفر فلوس مشاويرك وأمان اذا نسيت اغراضك ماتقلق عليها,Positive
f625a0f5-1075-477d-a1d7-15f0af08508f,Uber,Transport Services,1,2026-08-01,كان تطبيق جيد الى ان وضعو اسعار وهمية يكتبون سعر وعندما اصل إلى موقع يصبح سعر ثاني,Negative
22ea92c4-5e2a-4679-95b6-10bfa09b95b0,Uber,Transport Services,5,2026-08-01,كويسه,Positive
7ad979a6-e0a9-4b7b-9da7-62d15c0ae3be,Uber,Transport Services,5,2026-08-01,كابتا محترم جدا جدا,Positive
68c37e42-178f-4039-89f6-dbc401cde031,Uber,Transport Services,5,2026-08-01,رأع جداً و يقدم خصم 50٪ لاول مره و التوصيل سريه و رخيص,Positive
6fd05cf0-47a9-42df-86b1-a86f557986b4,Uber,Transport Services,5,2026-08-01,ممتاز,Positive
96822b60-197b-4b8d-b411-207a0fa09e1c,Uber,Transport Services,5,2026-08-01,تجربة جميلة والبرنامج ممتاز,Positive
98e35d03-e986-47cc-9b0f-6680f7f731c4,Uber,Transport Services,5,2026-08-01,جيد إلى الان,Positive
2b932614-d96f-437d-acab-efd49e0134f2,Uber,Transport Services,5,2026-08-01,جميلة جدا وكباتن محترمة,Positive
a045357e-75d0-4fe4-81ad-587c50770858,Uber,Transport Services,5,2026-08-01,ممتاز,Positive
b9a8addf-d275-4b43-b3f5-40343b3c560d,Uber,Transport Services,5,2026-08-01,شركه محترمه,Positive
5cc27ef7-a1d2-474e-97b7-2563c7397d68,Uber,Transport Services,5,2026-08-01,ممتاز جزى الله صاحب الفكرة خيرا,Positive
a06ca257-3af7-45aa-b65c-250b70795e0e,Uber,Transport Services,1,2026-08-01,سيئ جداً نصابين يسحبون المبلغ بسيطة وبعدها مبلغ اكبر,Negative
6d47b305-2c7c-4c0e-855d-91ae7a79aa6c,Uber,Transport Services,5,2026-08-01,فوق الممتاز والأخلاق ممتازة,Positive
3ad1b4fb-6161-4310-8d7b-c6905985245b,Uber,Transport Services,5,2026-08-01,بجد قمه الاحترام والالتزام,Positive
469a81e1-41f1-4eb4-be3f-d76cd7ba3270,Uber,Transport Services,5,2026-08-01,تطبيق ممتاز,Positive
eee4c932-aafe-49db-a62c-67076de3da5b,Uber,Transport Services,5,2026-08-01,خدمه محترمه,Positive
a38e5175-d4ba-4a99-987a-351a61c4bf1f,Uber,Transport Services,5,2026-08-01,جميل جدا,Positive
6f535550-ec8f-475f-9a2f-7594b26e9fb4,Uber,Transport Services,5,2026-08-01,ممتاز,Positive
35ec6355-ad73-4034-a6cb-71010f5133c4,Uber,Transport Services,1,2026-08-01,سيئ جدا,Negative
686585e3-06fb-4927-9a4f-8a3b73f1b050,Uber,Transport Services,4,2026-08-01,رائع,Positive
2ce0718d-05af-4db3-be42-7bbbba8eb480,Uber,Transport Services,5,2026-08-01,تطبيق ممتاز و عملي,Positive
1ebf4b94-70ae-4f59-8b2c-a4e53db129f3,Uber,Transport Services,5,2026-08-01,ممتاز,Positive
602cbce9-2e9b-49c8-a322-0e51047d52e2,Uber,Transport Services,5,2026-08-01,ممتازة,Positive
14819abd-c0c1-47a9-af4a-8a0ddf35692d,Uber,Transport Services,1,2026-08-01,مفيش طريقة نبلغ بيها شكاوي أو حتي نتكلم مع حد في خدمة العملاء التطبيق لازم يتحدث علشان نعرف نتواصل مع حد المشكلة اني بطلب اضيف الباقي في المحفظة مش بلاقي الفلوس,Negative
0acfa736-35d7-473d-8a2b-8650759a5dfd,Uber,Transport Services,5,2026-08-01,مريحة,Positive
bef3a645-77f0-421a-95fd-e8c4f4cc25ef,Uber,Transport Services,5,2026-08-01,راجل محترم,Positive
5a0b002a-292d-4b8d-af01-f150c71c4c01,Uber,Transport Services,5,2026-08-01,جيد جدا,Positive
d95f6b82-c9e1-4b99-8c0a-e988a17c89f5,Uber,Transport Services,1,2026-08-01,غير ممتاز لا يستحق التقيم,Negative
0f33b27d-1da7-47fa-af75-99e465265f83,Uber,Transport Services,2,2026-08-01,عدم اهتمام خدمة العملاء للشكاوى,Negative
11b7883c-31f5-459e-9189-49cf61702e5e,Uber,Transport Services,1,2026-08-01,نصيحة نصيحة لا تحفظ بطاقة بالتطبيق 4 مشواير سحبوا مني المبلغ مرتين بقيمة تتجاوز 200 ريال شركة نصب اقسم بالله يا ناس لهم فترة وهم يسحبون مني مبالغ وانا مو منتبه الى ان وصلت 300 ريال دبسوني باشتراك اوبر ون كل شهر ادفع 34 ريال تقريبا وانا ما عمري اشتركت ولا سويت شي عيال الذين يحطون زر وانت تحجز تغطه بالغلط ويلعبون في,Negative
2832dbee-8f6b-43b9-a60d-b15846e219bb,Uber,Transport Services,4,2026-08-01,"تطبيق جميل وسهل، لكن فيه مشكلة غريبة: بطيء جداً! عندما أحاول إلغاء المشوار لا يستجيب، وتصل السيارة وأنا ما زلت أحاول الإلغاء، وفي النهاية تُفرض عليّ رسوم غرامة دون ذنب. أرجو حل هذه المشكلة وتصحيح الخلل.""",Positive
0f4d9624-3359-4452-8b7c-93e1b278c0eb,Uber,Transport Services,5,2026-08-01,جيدا جدا مع الكابتن أيمن شكرا بجد,Positive
8c22b6c1-b537-4c19-b451-3a9ab91afb1a,Uber,Transport Services,5,2026-08-01,والله حلو وبسعر بسيط,Positive
dd52ef2d-9357-4a7b-9223-11773cb00ffd,Uber,Transport Services,5,2026-08-01,جيد جدا وممتاز,Positive
552c5a26-b6b7-49b5-aa96-6b40dc7a0f87,Uber,Transport Services,5,2026-08-01,ممتاز,Positive
2a664f91-b03c-4f03-9b98-4e55d6c92cc4,Uber,Transport Services,5,2026-08-01,ممتاز,Positive
ca242ccc-19d1-45ba-bd07-cfdeaba99ef2,Uber,Transport Services,5,2026-08-01,تجربة رائعة بجد,Positive
3cfb3178-50a3-4bd3-ab16-df0b9d7b2741,Uber,Transport Services,5,2026-08-01,اوبر اختصر علي وقت انا اسكن في حي قليل يجي فيه اجره عامه اوبر ريحني وانا جالسه ببيتي اطلب ومااشيب هم,Positive
c0076808-47d1-43d9-9781-5538f804cd3b,Uber,Transport Services,5,2026-08-01,ممتاز,Positive
6e1d752a-edf8-4c67-9b42-c213b610c2ad,Uber,Transport Services,5,2026-08-01,ممتازه وسواق ابن حلال ومحترم,Positive
412191b2-f55e-47e8-ac0d-bcd2fd08e322,Uber,Transport Services,5,2026-08-01,جد تطبيق سهل و جميل لديه سهولة في جميع الخدمات لقد أحببت 😊😊,Positive
4e438c98-69ee-433a-b4a6-1dc0656f0295,Uber,Transport Services,5,2026-08-01,ممتازه جدا,Positive
61ce477f-ede2-4f0e-9132-7ba16d06e168,Uber,Transport Services,5,2026-08-01,ممتاز,Positive
d05dac38-47f8-478d-b730-2a12446df805,Uber,Transport Services,5,2026-08-01,خدمه مميزه جدا تشكرون عليها..,Positive
6873ee59-cb8e-4521-b49c-33898ff3d4c4,Uber,Transport Services,5,2026-08-01,شكرا ألف مليون شكرا لك,Positive
6e08c6a4-9fe0-4999-b8a7-4afcad1dce9f,Uber,Transport Services,1,2026-08-01,تطبيق سيء ومافيش خدمة عملاء نهائي,Negative
94b0c479-5e19-4f87-aaf6-db6c08c52da4,Uber,Transport Services,5,2026-08-01,حلو,Positive
6d58361e-74da-4511-a732-5befd1da3daf,Uber,Transport Services,5,2026-08-01,جيد وسريع,Positive
c74450b7-cb6a-49e2-bdf9-af3a60dfbe74,Uber,Transport Services,5,2026-08-01,ممتاز,Positive
a62593b6-2bb2-4411-af86-5e1ca74372ff,Uber,Transport Services,1,2026-08-01,سئ للغاية ويوجد سرقه في عدد الكيلومترات,Negative
058398fa-e669-4c42-bf10-0d6ca04c7201,Uber,Transport Services,5,2026-08-01,ممتاز,Positive
e42d956c-b5e4-4d9b-833c-0d56cee0adb6,Uber,Transport Services,5,2026-08-01,ناس محترم,Positive
5255e152-29d2-458c-bcef-67ffab2d9968,Uber,Transport Services,1,2026-08-01,سيئه جداااااا و انبهكم لا تحطون بطاقاتكم خلوها كاش,Negative
77d612f1-28f4-46e1-b400-bb0851cca0f8,Uber,Transport Services,5,2026-08-01,منتااااز,Positive
a4cabcf8-5e0d-4a70-9616-5be5cfe43c69,Uber,Transport Services,5,2026-08-01,خدمه ممتازة,Positive
5e9d4886-fc64-4691-9f7b-2864a489a432,Uber,Transport Services,5,2026-08-01,تجربه جيده,Positive
7abcccba-d330-472d-abf3-45dd50c4f043,Uber,Transport Services,5,2026-08-01,ممتاز,Positive
26a751fe-5293-46f4-a3ec-96dfd57210b6,Uber,Transport Services,4,2026-08-01,جيد,Positive
4abca73e-555d-40fc-88a9-3a144c4763dd,Uber,Transport Services,5,2026-08-01,كويس,Positive
a93690c8-78c3-4f67-8f44-d30713f69b1d,Uber,Transport Services,4,2026-08-01,جيد,Positive
c4df2c38-d9c9-4bed-89b5-f1b571a057f4,Uber,Transport Services,5,2026-08-01,تطبيق فنان,Positive
a5bc45ac-6090-4451-90fe-b19ccc06efd8,Uber,Transport Services,1,2026-08-01,تطبيق غير امين بالمره ، شحنت طرد السائق قام بسرقة الطرد والشركة بتماطل ومش عاوزه تاخد اي اجراء ، لا انصح بالتطبيق بالمره,Negative
cfdf41b6-ff75-4c48-973c-a8f3c9f2bf6d,Uber,Transport Services,1,2026-08-01,"The app has become very quick to impose exorbitant cancellation fees without understanding the customer's situation. This is in addition to the rude behavior of some drivers, and the wasted time when the driver arrives and then simply says, ""No, I can't make this trip."" It's a bad experience and needs improvement.",Negative
a220c844-36e4-4621-9c26-0015a28e103a,Uber,Transport Services,5,2026-07-31,موفر وسريع,Positive
710c826b-d5d6-41f5-9b87-810bdec4519b,Uber,Transport Services,1,2026-07-31,اسوء تجربه في النقل هي شركة اوبر شركة حرامية و نصابه تعطي سعر عند الطلب و عند الدفع تغير السعر و دا هو النصب البين وبلا اي خجل او خوف,Negative
45ccbaba-0583-4421-9e7b-bca1dba4274b,Uber,Transport Services,5,2026-07-31,روعه واحسن شي أصحاب الجنوب ونجران معاملتهم روعه تحياتي لكم,Positive
bfd754fc-4fe3-4a48-9b22-102f16d5197f,Uber,Transport Services,1,2026-07-31,ممتازه,Negative
781a2fc5-1827-447a-845e-463ab51708c7,Uber,Transport Services,5,2026-07-31,ممتاز,Positive
774750c1-62b0-4ded-8780-a91e07f9c384,Uber,Transport Services,5,2026-07-31,ممتاز,Positive
ac5a0e23-3a18-4afe-b53c-674906ebc220,Uber,Transport Services,5,2026-07-31,ضخم,Positive
716761ee-12d6-4e53-94e1-75a800817843,Uber,Transport Services,5,2026-07-31,ممتاز,Positive
93638910-8b9e-4338-b9a4-c043b3d0a834,Uber,Transport Services,5,2026-07-31,راجل محترم جدا,Positive
25a6a23f-72dd-4789-a3b6-c2cbf123da50,Uber,Transport Services,5,2026-07-31,بصراحه حاجه ممتازه,Positive
15d5754e-0400-493b-b4fd-3ddacf9535f1,Uber,Transport Services,5,2026-07-31,ممتاز جدا جدا,Positive
8a6402c3-c01e-4368-bf5c-0a1df90ddc69,Uber,Transport Services,5,2026-07-31,جميل. جدا,Positive
128b57d8-1a3d-43f1-9f8e-0329c2ff0dae,Uber,Transport Services,5,2026-07-31,ممتاز جداً,Positive
c4e60f37-0dac-4a9e-9c02-18373cf9b0db,Uber,Transport Services,5,2026-07-31,ممتاز,Positive
6afdc430-2783-469a-86ef-357e5f26fa8e,Uber,Transport Services,1,2026-07-31,غير ملتزمين بالسعر المقدر للرسالة ويتم فرض رسوم اضافية بعد إتمام الرحله,Negative
67499394-22b0-4077-b8d3-53b782c5b7b9,Uber,Transport Services,1,2026-07-31,سيئ للغاية لا انصح به,Negative
29fe0515-459f-4955-bf4a-1daf176bd800,Uber,Transport Services,5,2026-07-31,ممتاز,Positive
fb4669a3-c406-4b62-b3c6-b3d1c3f3401d,Uber,Transport Services,1,2026-07-31,سيئ,Negative
0218c1fc-b358-4826-a23b-40a20c1e2aaf,Uber,Transport Services,5,2026-07-31,جميل جدا,Positive
5933bc22-40ea-44af-acfd-b51c2a3e6b1a,Uber,Transport Services,5,2026-07-31,تطبيق جيد جداً واسعارو حلوه والله,Positive
c645a212-f2de-413c-9ec2-bd83bddb44f8,Uber,Transport Services,5,2026-07-31,ممتازة,Positive
6e2d64ce-117d-436c-9c24-4f6dcc8383a9,Uber,Transport Services,5,2026-07-31,افضل برنامج,Positive
f29c0008-6cbb-4ea1-9096-2f1fe2f998f4,Uber,Transport Services,5,2026-07-31,برنامج رائع والله,Positive
d3e9ac15-811c-48a4-9432-d5b32b3da987,Uber,Transport Services,5,2026-07-31,رائع جدا,Positive
a2653df8-c2fc-4ec6-8c8f-1035ea901bb2,Uber,Transport Services,3,2026-07-31,جيد,Neutral
a7fcec81-67e1-484c-acf8-6d2973d82ebe,Uber,Transport Services,5,2026-07-31,افضل تطبيق,Positive
589daed0-ffc0-499c-b4bf-18a96c0b53d8,Uber,Transport Services,5,2026-07-31,برنامج رائع,Positive
d093f947-f63b-4569-ae84-482e8d3bef79,Uber,Transport Services,5,2026-07-31,انسان محترم,Positive
c6c286da-b197-40a1-98ce-fa379630a5d5,Uber,Transport Services,5,2026-07-31,ممتاز,Positive
b215880e-aded-4883-89d2-d31912c57b50,Uber,Transport Services,5,2026-07-31,ممتاز,Positive
1fa7cfbd-df64-43bf-abe0-41f25fb87344,Uber,Transport Services,5,2026-07-31,حلو,Positive
2b5eace1-ca99-46df-a5fa-fc86a499e6c5,Uber,Transport Services,5,2026-07-31,ممتاز,Positive
506bf911-84fc-493b-aa65-a32dd791ae9a,Uber,Transport Services,5,2026-07-31,جيد جدا,Positive
dd54f4d5-2983-4c71-ac4d-e6e5ecd08105,Uber,Transport Services,4,2026-07-31,👍,Positive
c33ada74-107c-497e-8203-275abe9ee7c0,Uber,Transport Services,5,2026-07-31,جيده,Positive
4b1cc7fb-471a-4cfe-9e1c-951ff8683d64,Uber,Transport Services,5,2026-07-31,برنامج كويس,Positive
29e9ef4d-9252-4d98-a0e8-21a004a22b09,Uber,Transport Services,5,2026-07-31,جيد جدا,Positive
9e823c4f-5bdf-48ca-ac7c-79df8b892294,Uber,Transport Services,5,2026-07-31,رائع,Positive
d3a5780d-569a-4fd4-ab25-64cce361de60,Uber,Transport Services,5,2026-07-31,ممتاز جدا جدا,Positive
eea65361-8d01-4051-a369-47ec92f5e97d,Uber,Transport Services,1,2026-07-31,برنامج متخلف لا يقبل احداثيات وصعب الاستخدام,Negative
bf914f24-d0f0-4345-88da-e6c1552344f5,Uber,Transport Services,5,2026-07-31,good,Positive
2ba6f312-5f5a-4069-bc32-612caf1f382c,Uber,Transport Services,5,2026-07-31,روعة,Positive
55b240b1-60f7-4d01-a9f8-0ca042b95a68,Uber,Transport Services,5,2026-07-31,جيد جدا,Positive
9692fe8d-1c59-4366-8903-d87fa3f9b80f,Uber,Transport Services,5,2026-07-31,عروض ومعامله واحترام حلو ميه ميه 🤍,Positive
12c287a9-2c07-4f02-bc08-550e52a3a729,Uber,Transport Services,5,2026-07-31,ممتازه,Positive
c18876b9-883f-4e4c-a249-8d496be9d7a7,Uber,Transport Services,5,2026-07-31,Good,Positive
adc4ab84-320a-4c00-8ed6-dbb016a0feb2,Uber,Transport Services,3,2026-07-31,ممتاز,Neutral
ea289bd4-136d-4278-bfe5-4baa74365870,Uber,Transport Services,5,2026-07-31,سريعه,Positive
588694d7-d9b0-4eb6-b9ac-ce7760ed1b54,Uber,Transport Services,1,2026-07-31,انا مش عارف اقدم شكوه على السائق وفوق ذلك بتحط عليا رسوم عشان سائق رفض يجى المكان الى محددهله,Negative
9b11ca11-6498-4ba9-9cb5-4dc41b53d4ae,Uber,Transport Services,5,2026-07-31,ممتاز بس لازم يبقى فى عروض زى الاول,Positive
61da6a20-4a08-4dee-b629-af95da36786e,Uber,Transport Services,4,2026-07-31,السائق محترم والسياره نضيفه جدا لكن السائق تاخر,Positive
6335a8d6-b57b-476a-848c-008a20cffc7f,Uber,Transport Services,5,2026-07-31,ممتاز,Positive
6b9c1e62-d896-4dd7-be5e-d821ddb6442c,Uber,Transport Services,5,2026-07-31,ماشاء الله سائق كان سريع و محترم جدا,Positive
ce45c3de-eb06-47d1-bab4-2479e1837724,Uber,Transport Services,5,2026-07-31,تطبيق جدآ ممياز,Positive
ed9b6bc8-066e-46be-b766-0bdcfd735523,Uber,Transport Services,5,2026-07-31,جيد إلى حد ما,Positive
55c46bf9-9491-4a3c-98e6-1f36a3f96b84,Uber,Transport Services,5,2026-07-31,ممتاز,Positive
bd552b73-b53f-499e-afaf-93fb85232fc5,Uber,Transport Services,5,2026-07-31,جيد جدا,Positive
1fff9da6-71b1-4af6-9a02-b9456f9d45e9,Uber,Transport Services,1,2026-07-31,عادية,Negative
256184a9-8bea-4759-8bcd-425475cee380,Uber,Transport Services,5,2026-07-31,حلو,Positive
c13e717c-199b-4720-9a4e-e9c91da0c3c3,Uber,Transport Services,5,2026-07-30,جيد,Positive
fa56c50f-0c48-4447-b1f7-7be5742bdbe6,Uber,Transport Services,5,2026-07-30,افضل سواق شفته ومحترم,Positive
6eaf2a10-6030-4d5d-aa59-9cc6938c7c29,Uber,Transport Services,5,2026-07-30,برنامج رائع,Positive
f82464a9-7d40-44b7-9f55-6e805b409e4f,Uber,Transport Services,5,2026-07-30,جميل,Positive
4a793bb7-07b6-4e4e-a7f6-573de0c7a631,Uber,Transport Services,4,2026-07-30,البرنامج الرائع عاوز عربيات نضيفه,Positive
8ac5dc3f-aced-452b-afda-224cce311e07,Uber,Transport Services,5,2026-07-30,ممتاز بجد,Positive
f75e1fb1-a840-4804-84c8-d6c299e43a9c,Uber,Transport Services,5,2026-07-30,ممتاز,Positive
57a7eab5-7942-4a77-bc0a-56c0b1ca5cfc,Uber,Transport Services,5,2026-07-30,good,Positive
40570f4e-d561-4832-b7de-be4597c04d74,Uber,Transport Services,1,2026-07-30,بصراحة تعامل سي جدا الان لغو لي مشوار تم سحب المبلغ وهم الذي الغوه ولم يتم ارجاع الملبغ الى الحساب عندهم لي الان مبلغين حقت المشوار لما يرجع الملبغ سوف اخذف التطبيق او اقدم شكوى لي وزارة النقل اذا لم يتم ارجاع الملبغين للحساب كل شي موثق وين رقم التواصل,Negative
91780316-6954-47fa-bd55-df4fb94bbf3a,Uber,Transport Services,3,2026-07-30,لو اتاخرت اكتر من دقيقتن ع الكابتن بياخد فلوس زياده,Neutral
8a99d2b3-b1ef-4bd3-983f-55e94b012495,Uber,Transport Services,5,2026-07-30,ممتاز,Positive
97f40edc-418f-4b17-8100-23e8b116e8b4,Uber,Transport Services,1,2026-07-30,في مصر لا يوجد ولا سائق يقبل الرحلة,Negative
938b0b94-81d5-4f8e-89d9-c20700a6a961,Uber,Transport Services,5,2026-07-30,منتاز,Positive
1bd929c6-61da-4503-b4da-97ede66c1420,Uber,Transport Services,5,2026-07-30,😊,Positive
b649c921-fc35-4d81-953a-b66b9d25fbee,Uber,Transport Services,1,2026-07-30,تم اخذ اجرة المشوار مرتين مني والسائق قام توقف بي في الطريق وقام باجباري بعمل المشوار مره اخرة تكلفة المشوار كانت 140 اخذ مني 320,Negative
56486ed4-da67-4a5a-9ffe-d9b10da728c5,Uber,Transport Services,5,2026-07-30,صراحة كانت تجربة رائعه . انصحك بتعامل معهم دقه في المواعيد و الأماكن واسعار مناسبة جدا. وسيارات نظيفة,Positive
b1a2651f-1aab-4a95-a993-07a75128ee6f,Uber,Transport Services,3,2026-07-30,تعليق في البرنامج,Neutral
5e2605ef-60cf-4695-925a-d7c82f66a7b8,Uber,Transport Services,5,2026-07-30,شكرا,Positive
bcf13b4c-999f-4b67-a10d-915f309120b6,Uber,Transport Services,5,2026-07-30,good,Positive
51330014-4734-47ad-9383-dc23c3876591,Uber,Transport Services,2,2026-07-30,أتعامل مع الشركة منذ ٨ سنوات تقريبا ومن أفضل تطبيقات التوصيل للأمانة ولكن أجي أطلب مشوار قبل ١٠ دقائق من الآن ولا أحد يقبل التوصيل فهذي مشكلة مع ان الخريطة حول موقعي يظهر فيها أكثر من ١٢ سيارة!! أعتقد لازم أكون بنت عشان يقبلون توصيلي خصوصا ان اليوم خميس وعصرية. وأطلب من الشركة انها تحط هذه الملاحظة بعين الاعتبار فأنا عميل منتظم وغيري كثير على مستوى العالم.,Negative
e4a00e0d-6504-4f3d-9fa8-fd025e85f290,Uber,Transport Services,5,2026-07-30,جدا ممتاز ومريح والاسعار مقبولة,Positive
440be342-d75d-4e55-b16d-17a6aee83770,Uber,Transport Services,5,2026-07-30,مبهج,Positive
88d891a0-0a0e-4868-b804-5305721bd3d6,Uber,Transport Services,5,2026-07-30,ممتاز,Positive
13fac38c-89c7-4f11-bb3c-6b3ce7248772,Uber,Transport Services,5,2026-07-30,ممتاز,Positive
e3592857-bd08-4bed-80f8-7e22de2b758a,Uber,Transport Services,5,2026-07-30,ممتاز.,Positive
03603e0c-0485-43c9-935e-b7c1afb010cd,Uber,Transport Services,4,2026-07-30,جيده,Positive
387e810e-5046-4f55-a45c-ce5a9fa7d721,Uber,Transport Services,3,2026-07-30,حبيت,Neutral
0417ef05-a9cc-4342-990f-e7fe7a2da8d5,Uber,Transport Services,1,2026-07-30,تجربة سيئة انتظار اطول,Negative
5660b70a-6de1-4fd5-a72d-f590e16f923a,Uber,Transport Services,5,2026-07-30,ممتاز,Positive
a26fcbdd-02e7-44bb-9954-38aed3403bef,Uber,Transport Services,5,2026-07-30,ناس محترمين جدا,Positive
3e8d0543-a566-48ae-a7ea-7026b504124b,Uber,Transport Services,5,2026-07-30,تجربة ممتازة,Positive
b940d509-ff48-4dc2-8b97-ab75cfce7b8f,Uber,Transport Services,5,2026-07-30,ممتازه,Positive
b98b88ec-52b4-4a68-8550-e888310cedb6,Uber,Transport Services,5,2026-07-30,ممتاز و امن,Positive
8cc1eba9-6706-44a5-a852-69e9d068a1f1,Uber,Transport Services,5,2026-07-30,ممتاز,Positive
654ec3a4-a34b-4700-abd4-4284c67fd03d,Uber,Transport Services,5,2026-07-30,ممتاز جدا جدا جدا,Positive
3cdc28dd-1f8f-4ff1-bf6b-fb916c433a19,Uber,Transport Services,4,2026-07-30,ممتاز,Positive
60193d4b-15b7-4082-b774-3d3348b628e5,Uber,Transport Services,5,2026-07-30,اسعار مناسبه وسائق محترم وسهوله غي التعامل,Positive
ee6a4c6b-86d3-491f-a7eb-3136b0c2574a,Uber,Transport Services,5,2026-07-30,جميل لرحلات مره جميل اوبر,Positive
1d9b2683-30ef-4b10-a9ad-68bd89f92646,Uber,Transport Services,5,2026-07-30,يعتمد عليه,Positive
005308e3-9172-4c17-b443-7bce27d8ae4c,Uber,Transport Services,1,2026-07-30,"Every now and then, extra money would be added to my bill, to the point that it had to be adjusted four times. Therefore, I deleted my account from the app.",Negative
880e2e67-81fa-4f52-8874-5e053a4e2e45,Uber,Transport Services,5,2026-07-30,ممتاز,Positive
7c26a96a-64f8-4a51-a767-f05d00c3e990,Uber,Transport Services,5,2026-07-30,سائق أوبر محترم جدا جدا,Positive
9bf0177e-dd47-469f-85b2-85984cc199b9,Uber,Transport Services,5,2026-07-30,ممتاز,Positive
8248988b-65b2-4938-b4a5-ab37b0ba08fb,Uber,Transport Services,5,2026-07-30,حلو ❤,Positive
a35ae053-4054-4d47-a236-eb89169e11d9,Uber,Transport Services,5,2026-07-30,جيد,Positive
9e837789-3c46-4e30-8631-16e7c2b0d132,Uber,Transport Services,5,2026-07-29,تطبيق جميل جدا يساعد في المشاوير السريعه ولكن المشكله الوحيده النازعات تتاخر السائقون ولكن في الاكثريه يجون من اربع دقائق الى ثلاث تطبيق جميل جدا,Positive
b1f7cc98-3031-42a9-a166-418d0b5019e3,Uber,Transport Services,5,2026-07-29,أكثر من رائع 🤩 شكرا 🌹يسري أبويحي الشخيبي,Positive
b8c4dd4d-0d2e-4801-b536-39db77e37187,Uber,Transport Services,5,2026-07-29,حلوة,Positive
581af90d-f9d5-46f1-8670-77b43b6878aa,Uber,Transport Services,5,2026-07-29,منتاز,Positive
3712640b-d294-4dcd-96a7-9a842ff3147a,Uber,Transport Services,3,2026-07-29,ممتاز,Neutral
051ce99b-37a9-4135-9397-32a825d8a924,Uber,Transport Services,5,2026-07-29,ممتاز,Positive
0672148f-7013-4544-8c48-809749078288,Uber,Transport Services,5,2026-07-29,البرنامج ده جميل جداً جداً جداً والله العظيم,Positive
eec4e11f-669c-4bf1-953c-a8c87f4d74ae,Uber,Transport Services,5,2026-07-29,انصح به,Positive
251e53e0-bcaa-4a3b-a9dc-30dc7a5c43b4,Uber,Transport Services,5,2026-07-29,كويس,Positive
5c1a11e3-ca21-4ae7-96ed-f3ba9d946c39,Uber,Transport Services,5,2026-07-29,ممتاز,Positive
90e12e77-d43f-462b-88a2-2038b35e7c61,Uber,Transport Services,5,2026-07-29,مريحه,Positive
b7046482-8c61-471e-8a6d-0f187f318b46,Uber,Transport Services,1,2026-07-29,تطبيق زباله ومعظم السواقين بيطلبو زياده ومش محترمين,Negative
0df221d8-42a7-47d2-b0bf-f542880fdd8b,Uber,Transport Services,5,2026-07-29,جميل جدا,Positive
a31a94b5-895e-43fa-b174-7a2ecd06cce0,Uber,Transport Services,5,2026-07-29,شركة محترمة,Positive
51e321bc-3d27-4a7a-9891-2146e708b012,Uber,Transport Services,5,2026-07-29,احسن برنامج,Positive
b883d9ec-58b9-4dcc-8ced-c1e90c497e4d,Uber,Transport Services,5,2026-07-29,رائع جدا,Positive
129fd71f-e1aa-442e-99e8-64abc694288d,Uber,Transport Services,4,2026-07-29,جيد,Positive
4a8fcd74-47aa-4717-a651-9728ec7a31fc,Uber,Transport Services,5,2026-07-29,تجربة ممتازة جدا والسائقين محترمين جدا,Positive
6f44c55c-03e7-47d4-ab5f-224d5a44a309,Uber,Transport Services,5,2026-07-29,ممتاز واسعاره مناسبة لجميع الفيات,Positive
10d85c5d-878f-49ab-9dac-dcaec7b34aae,Uber,Transport Services,5,2026-07-29,زي الفل,Positive
08ee44cf-9e05-40d5-ba87-ebcc28ff4d9d,Uber,Transport Services,5,2026-07-29,كان جميبيببببببيبببيبيقل,Positive
4cc94648-867a-487d-8e7e-eb1b9dadec8c,Uber,Transport Services,5,2026-07-29,ممتازه وشكر خاص للسائق على حسن خلقه,Positive
0d08a8c4-3e9b-4284-b7e2-5b8150857ea9,Uber,Transport Services,5,2026-07-29,اجمل من رائع,Positive
43e52ef1-34d0-47c9-8349-283226b1e8c8,Uber,Transport Services,5,2026-07-29,ممتازه,Positive
6a17e020-4715-45c4-99f7-4b3ba64d152f,Uber,Transport Services,5,2026-07-29,ممتاز,Positive
73dbba18-613e-4500-a408-354a26a314b1,Uber,Transport Services,5,2026-07-29,مريحه,Positive
da0807b3-7a02-4e02-b4d8-77841ec81f51,Uber,Transport Services,5,2026-07-29,ممتاز,Positive
2ff2de01-7b77-4030-987d-2fd95613abd3,Uber,Transport Services,5,2026-07-29,شكرا,Positive
a9e9b0fc-c6df-4a32-aaf9-73544a4582ae,Uber,Transport Services,1,2026-07-29,ما يستاهل ولا نجمه لأنهم لصوص كيف اطلب مشوار يقول 80 وبعد الوصول يتغير يبقي 115 خليه حد مش عامل حسابو لا حول ولا قوة إلا بالله,Negative
5aefa3c8-e69c-46de-abdd-ea8591f39fe5,Uber,Transport Services,5,2026-07-29,احلى ناس,Positive
e96d022e-0b2e-4e40-968d-bdb855726f7e,Uber,Transport Services,5,2026-07-29,من أفضل التطبيق,Positive
4cacbc8b-055f-4b8a-bfaa-99cc6b29a974,Uber,Transport Services,5,2026-07-29,ممتاز,Positive
bab22766-aef9-4849-bdd0-8b78855f6ce2,Uber,Transport Services,5,2026-07-29,جميل جدا وسريع بس لدى ملحوظه. لبد من انتشارة فى الإمكان الغير موجود بها,Positive
b58e5e7f-b4b5-4b7f-90f0-7636f332ca17,Uber,Transport Services,5,2026-07-29,👏👏,Positive
74810fb9-c1a9-402d-82c8-b159935c6391,Uber,Transport Services,1,2026-07-29,اسوء تطبيق للمواصلات عندي مكان قريب بروح له خمس دقايق في السيارة وطلبت اوبر والاسعار مرتفعة 30 ريال على خمس دقايق والمكان قريب نصب عيني عينك والتطبيق مرات يعلق ويحط اسعار عشوائية من عنده رغم اني اطلب نفس المشوار كل يوم بنفس السعر بس مرات يرفع الاسعار بشكل مبالغ فيه حرام فيهم النجمة بعد حطيتها بس عشان اكتب تعليقي,Negative
f92ae1fd-0d77-49b0-a671-3981c1b4a4e2,Uber,Transport Services,5,2026-07-29,good.,Positive
49a7455f-4d1a-4709-bf7c-9f9b6ab25078,Uber,Transport Services,5,2026-07-29,👌,Positive
a6c7006a-8687-4e14-b6a6-e1b9d3ac8ab0,Uber,Transport Services,5,2026-07-28,خدمة ممتازة جدا 🙏🙏🙏,Positive
808caf92-187f-4818-a500-99d0432983f8,Uber,Transport Services,1,2026-07-28,برنامج سئ جداً طلبت رحله من فيصل شارع ضياء للمنيل عمل اجره ١٠٩ و اول ما وصلت هناك لقيته بيقول ٢١٥ و بيقولى ذياده اجره انا مش فاهم ليه و محدش اتواصل معايا اتمنى حد يتواصل معايا,Negative
9151e5d5-95a5-4901-a690-a1c1054229ff,Uber,Transport Services,5,2026-07-28,very easy and trusted app,Positive
71aef7ac-c335-4ebe-8a35-a5aee33b5959,Uber,Transport Services,5,2026-07-28,ممتازه,Positive
2c552f2a-9bb5-45ff-9b27-98cd897d734d,Uber,Transport Services,2,2026-07-28,ممتاز,Negative
7ec06178-5453-44e9-86c9-c73940667487,Uber,Transport Services,5,2026-07-28,سائق محترم جدًا، يتمتع بأخلاق عالية وأدب في التعامل، وقيادته هادئة وآمنة. كان ملتزمًا بالمواعيد، شوشًا وحسن الأسلوب. تجربة ممتازة وأنصح بالتعامل معه بكل ثقة.,Positive
70edbcb2-57cf-449b-a329-4b678039dfb2,Uber,Transport Services,5,2026-07-28,ممتاز,Positive
32defdfa-ac28-4c19-a0dc-7c6e3207c632,Uber,Transport Services,5,2026-07-28,أكثر من ممتاز,Positive
0811e6d4-3ed2-4e4b-84db-6980df494a2b,Uber,Transport Services,5,2026-07-28,تجربه رايك شكرا اوبرا,Positive
0eb69fb8-1819-4938-aa75-6b4c3e5c0044,Uber,Transport Services,5,2026-07-28,ممتاز,Positive
36ce092d-cfe9-4b4e-90ed-cb382714c85c,Uber,Transport Services,5,2026-07-28,الكابتن مؤدب جدآ شكراً اوبر,Positive
f1ef1ced-de22-4289-a32f-f1d20a769c76,Uber,Transport Services,1,2026-07-28,الاسعار غالية جدااا ارجو بعدم استغلال كثرة كلباتي للابلكيسن وتعلو شريحة المبالغ عليا لان مرات كثيرة بضطر الغي الرحلة لارتفاع سعر التكلفة المشوار,Negative
001fcf89-e192-4895-8386-dedf838672c1,Uber,Transport Services,5,2026-07-28,ممتاز,Positive
724e679d-eb7a-48ca-95c7-ffb6f99e17f8,Uber,Transport Services,3,2026-07-28,تسعيرة جدا غاليا واذا تم تغير الوجهة إلى مكان أقرب يزيد الحساب,Neutral
a5c34940-c37a-4c67-84b5-d57fd65a34ef,Uber,Transport Services,5,2026-07-28,تطبيق محترم . والسائق فوق الاحترام,Positive
09f0f2e4-29a3-4a26-957e-c3deb7dec714,Uber,Transport Services,5,2026-07-28,سهله للغايه ومريحه وتجربه جيده,Positive
4c5c3658-17cf-491d-ba10-beaa27ec28f2,Uber,Transport Services,5,2026-07-28,إلتزام في الوعد وسرعة في إنجاز مشوارك,Positive
fefd6814-0373-4e7d-8800-e6119f6a1707,Uber,Transport Services,5,2026-07-28,جميل,Positive
cde0d462-7482-45c5-8a10-e89aa03f219c,Uber,Transport Services,5,2026-07-28,افضل تطبيق على الاطلاق نتمنى دعم سامسونج باي وتحسين دقه الموقع وراح يكون الافضل على الاطلاق,Positive
559b9a96-f622-4edf-8197-03314206b16b,Uber,Transport Services,5,2026-07-28,سائق ممتاز وحسن الخلق,Positive
12a101b3-76e1-423e-9296-80f8a7c6c032,Uber,Transport Services,1,2026-07-28,تطبيق سيئ جدا,Negative
bf85fb9e-8bf9-4125-9a7a-b2a2fa677f98,Uber,Transport Services,5,2026-07-28,مفيد جدا,Positive
6d1f930c-075c-4aec-b60a-76b0ac504009,Uber,Transport Services,5,2026-07-28,ممتاز,Positive
4d1264c0-f305-49c3-bf2d-a67a57c7ed15,Uber,Transport Services,5,2026-07-28,روعه,Positive
1b2c6e89-1fc2-40a0-bbcb-2b585b03440d,Uber,Transport Services,5,2026-07-28,جميل جدا,Positive
d4d66837-7984-41df-afc4-2136c2439996,Uber,Transport Services,5,2026-07-28,ممتاز,Positive
d3e2ace2-f83b-4db8-bcb3-4e03246ca295,Uber,Transport Services,5,2026-07-28,حلوة تجربة كويسه,Positive
ef385920-a6b1-41b6-8c07-97c369aa2a08,Uber,Transport Services,5,2026-07-28,ممتاز,Positive
212c822b-86c9-4771-ae80-00634664c371,Uber,Transport Services,5,2026-07-28,ممتاز,Positive
a55415c3-0c15-416a-8e81-7ec48f14c4fb,Uber,Transport Services,5,2026-07-28,رائع,Positive
4e19467f-ef13-4318-9be4-ac4088e0c98f,Uber,Transport Services,3,2026-07-28,مازال مشكلة التواصل ما بين الكابتن والعميل موجود المشكلة متعلقة بالسرفرات بان الرقم الكابتن او العميل غير موجود بالخدمة رجاء من الدعم الفني السعي لحل هذة المشكلة .... شكرا اوبر,Neutral
bf540e14-de02-471b-9e61-cb2bbce976c0,Uber,Transport Services,4,2026-07-28,ممتاز بصراحه جدا,Positive
61d039ce-5494-4501-a633-ce5b0e9111d8,Uber,Transport Services,1,2026-07-28,للأسف تطبيق بالنسبة لي فاشل (شين وقوي عين) غالي والسائق على كيفه يلغي المشوار وأنت تنتظر طلبته من مطار القصيم إلى بيتي منتصف الليل وبعد ما ذهب جميع ركاب الرحلة ولم يبقى إلا أنا بانتظار السيارات ألغى السائق المشوار ولاحياة لمن تنادي لا تستطيع أن تعترض أو تشكوه على أحد عليهم من الله مايستحقون اللهم عاملهم بعدلك,Negative
80d8584b-1003-4095-a909-de9225cc7a4a,Uber,Transport Services,5,2026-07-28,ممتازه مع الكابتن خالد,Positive
1f0b80a2-463c-46de-a577-04dda96980fa,Uber,Transport Services,5,2026-07-28,جيد,Positive
472ec460-bf21-461e-988f-9e8fca858250,Uber,Transport Services,5,2026-07-28,الخدمات جميله والسوقين محترمين,Positive
457de4a8-2490-41c2-b7ad-da80b7587c4a,Uber,Transport Services,1,2026-07-28,ممتاز جدا,Negative
19571d69-639f-4f0c-8bb5-4d2ce27d2a0a,Uber,Transport Services,5,2026-07-28,رووووعه,Positive
1989908e-c92a-47bf-b9ae-db230f30ec27,Uber,Transport Services,5,2026-07-28,ممتازه,Positive
3e3f5feb-a8e6-43ce-bbda-f3398572324a,Uber,Transport Services,5,2026-07-28,ممتاز,Positive
dd27b9fc-b4c3-4684-a874-f7f10bcb6249,Uber,Transport Services,1,2026-07-28,شركه ظالمه بعد شغل ٦ سنين بلوك علشان عميله اشتكتنى كانت هتخلقنى اعمل حدثه وى بدل ما تجبلى حقى بلوك سلوك علشان عميله اشتكتنى وى تقييم بتاعى عالى ازايد من ١٥ الف رحله وى شركة لقمه روحت مردوش يدخلونى فرع,Negative
1452663b-432c-45b7-95d4-b2cec54ec158,Uber,Transport Services,5,2026-07-28,برنامج ممتاز جداً جداً جداً,Positive
3f6f5352-1d6f-4cd3-91db-13c49196e83d,Uber,Transport Services,1,2026-07-28,شركه خايسه بتعلي الاسعار تف,Negative
0434a5cf-b340-472d-8643-2c3ff8243510,Uber,Transport Services,5,2026-07-28,الله يسعدهم انااحب السيارات الفخمة كيف اطلب سيارة فخمة الي يعرف اخبرني الله يسعدقلبه,Positive
62c50141-0d9b-43b2-a4d6-3575683851aa,Uber,Transport Services,5,2026-07-28,حلو,Positive
0aa1eae7-83dc-4908-b9e2-de24ea7d8180,Uber,Transport Services,5,2026-07-28,تجربة ممتازة ورحلات أكثر أمانا وارياحية شكرا اوبر,Positive
26fa7210-bf23-46e6-96da-c62c6fa2672c,Uber,Transport Services,5,2026-07-28,رائع,Positive
02620503-20a7-4eaf-8f71-b13209882f44,Uber,Transport Services,5,2026-07-28,شكرا اوبر,Positive
b36a7130-c97f-4e38-8cf7-c61af2d6d01d,Uber,Transport Services,5,2026-07-28,حلو جداً,Positive
f41a9536-0eb6-4fa3-aaee-3bcf66f5eec0,Uber,Transport Services,5,2026-07-28,ممتاز,Positive
892b5da3-aff0-48a1-b9c6-94bce39ffef7,Uber,Transport Services,5,2026-07-28,ممتاز,Positive
e3ad1e66-6ce2-4bdb-86b9-78dcd0f86c34,Uber,Transport Services,5,2026-07-28,جميل جدا,Positive
f534ac2f-1c24-4f30-98e8-fbc938a54307,Uber,Transport Services,5,2026-07-28,تطبيق رائع جدا,Positive
ef60a569-7fda-4a2c-9d9f-57340324f452,Uber,Transport Services,5,2026-07-27,ممتاز,Positive
6438bf7c-93a1-406a-b37f-62f9a0dd27af,Uber,Transport Services,5,2026-07-27,ممتازة,Positive
987efd5a-d8fc-41e1-ae27-99dd03784bee,Uber,Transport Services,5,2026-07-27,ممتاز,Positive
5ebed031-5977-4e87-af54-002cefdc4f24,Uber,Transport Services,5,2026-07-27,افضل اوبر تايم,Positive
98784888-2105-4c1b-8593-088c3afae6cc,Uber,Transport Services,5,2026-07-27,جميله,Positive
f48462f6-839a-4081-9c11-4d6eee9ca6f1,Uber,Transport Services,5,2026-07-27,مشاء الله حاجه ممتاذه,Positive
3b335dc3-a8e0-471e-ac4b-3adc615c5e46,Uber,Transport Services,5,2026-07-27,جيدة,Positive
086d2706-2ea5-4e59-aca5-d8f4e4cce743,Uber,Transport Services,5,2026-07-27,جميل جدا,Positive
9226d8b5-1c06-4bb3-8873-ed7c17a4a3e6,Uber,Transport Services,5,2026-07-27,نعم ططبيق رايع,Positive
e86792be-791f-4be7-a49a-d15bda253a0a,Uber,Transport Services,5,2026-07-27,اجمل برنامج,Positive
fcb31673-8ef8-4c63-8725-5e71f79f8440,Uber,Transport Services,1,2026-07-27,شركة ضعيفة ولا يوجد تحقيق في مشاكل السواقين حصل معي موقف السائق خد الفلوس ومرجعش الباقي ولم يتم حل المشكلة لا انصحى بالتعامل مع هذه الشركة واقول لأقاربي وأصدقائي وزملائي ععدم التعامل مع هذه الشركة حتى لاتقعوا في مثل هذه المشاكل,Negative
11040369-3e61-4f7f-b5c8-3a43dd9d8602,Uber,Transport Services,5,2026-07-27,اكثر من رائعة,Positive
a29e59e1-9d83-4efe-92ab-589bc862e80b,Uber,Transport Services,5,2026-07-27,انصح فيه بشده لانه وفر علي مبالغ كثيره في الاسعار حسب المده والمسافه,Positive
69259307-08d1-4017-909e-38dfc350c43f,Uber,Transport Services,5,2026-07-27,رائع رائع,Positive
bbaaefad-3dd3-4101-9ce2-c53a1a6995de,Uber,Transport Services,5,2026-07-27,ممتاز,Positive
40e79464-9301-4962-9842-37f7e622673b,Uber,Transport Services,5,2026-07-27,ممتاز,Positive
cd0d4f5f-403c-457e-981b-17780015243f,Uber,Transport Services,4,2026-07-27,اكثر رائعه,Positive
482d67b5-52dd-4ca8-8d1e-ed424e2d98f6,Uber,Transport Services,1,2026-07-27,عربيه من غير تكييف وحشا,Negative
3a9d2f1e-b0bc-4403-80e3-319f0e1b8ff6,Uber,Transport Services,5,2026-07-27,حلو روعه,Positive
cc24eebd-f4e3-4d07-b53a-7c8a47a6cfb4,Uber,Transport Services,5,2026-07-27,رائع,Positive
de85fba8-0541-4dde-bbd7-c3227f918d04,Uber,Transport Services,5,2026-07-27,ممتاز,Positive
3080fea3-9a03-4711-843c-8bfd511435b3,Uber,Transport Services,5,2026-07-27,جيد,Positive
faa968ef-6c45-475a-bf3d-2d5d60c761df,Uber,Transport Services,5,2026-07-27,جيد جدا تخفيض رائع,Positive
3ea2f19c-4670-42af-87b5-66242bef1df0,Uber,Transport Services,5,2026-07-27,ممتاز,Positive
92ece0e9-b8e8-4990-90dd-0c59a3447ef0,Uber,Transport Services,1,2026-07-27,تطبيق فاشل,Negative
76b91c20-d874-44a5-bf3b-0d5071633231,Uber,Transport Services,1,2026-07-27,الخدمه سئ جدا ومتآخره ولا انصح بها اسوء خدمه,Negative
6bbf8240-d620-466a-8d1c-67521836ded1,Uber,Transport Services,5,2026-07-27,كويس جداً,Positive
c7cfe230-c9c9-43c6-93a2-0b332ee0e373,Uber,Transport Services,1,2026-07-27,طلبت الاسبوع اللي فات اوبر توفير وانتهى الوقت والغى البرنامج الرحلة ولا رجع فلوسي اللي دفعتها مقدما من الخصم من البطاقة واليوم الغى السائق المشوار ولارجعوا فلوسي المخصومة من البطاقه مقدما وحسبي الله ونعم الوكيل,Negative
71fee8c0-6975-4af3-8264-19aa424c41e5,Uber,Transport Services,5,2026-07-27,ممتاز,Positive
3ea79b57-09d6-49e9-a5a9-9c56e7e16266,Uber,Transport Services,5,2026-07-27,رائع,Positive
e28f8d9f-0428-4763-b263-a549e53d0872,Uber,Transport Services,5,2026-07-27,ممتاز من كل النواحي السلبية الوحيدة: لايعرض مدة المشوار الا بعد اختيار المركبة,Positive
5865dfcc-c1da-4320-998e-525172c6a98e,Uber,Transport Services,5,2026-07-27,أجمل برنامج واحسن في الخدمات وسريع,Positive
b4a767ef-1f37-433d-88cc-f7d9fe46b5db,Uber,Transport Services,5,2026-07-27,ممتاز,Positive
12e63f62-ddaf-4ff4-abbe-0a763dca8cfc,Uber,Transport Services,5,2026-07-27,ممتاز جدا,Positive
09fc69e1-d8ff-4b8d-85bf-46c8594b7a46,Uber,Transport Services,4,2026-07-27,رائع,Positive
20f8337f-8208-4306-8d65-71ee3373af7f,Uber,Transport Services,3,2026-07-27,سائقين محترمين وثقه بس لو يضل التطبيق يعمل خصومات كل فترة,Neutral
1e293db3-4749-4727-8915-121634ecbce8,Uber,Transport Services,5,2026-07-27,عمليه,Positive
1d257123-a903-485a-9099-08e69c20bac6,Uber,Transport Services,5,2026-07-27,تمام جدا,Positive
1658e1e3-b38f-4b93-9743-76c6c8a52bd4,Uber,Transport Services,5,2026-07-27,ممتازة,Positive
8b44b90d-91e4-4e56-8908-fbcb5e394581,Uber,Transport Services,5,2026-07-27,اعجبني بشده,Positive
26c33cb7-de55-483f-bf67-1a296a6601aa,Uber,Transport Services,5,2026-07-27,👍,Positive
cf12aa3b-4d17-4138-9658-5661544fe733,Uber,Transport Services,5,2026-07-27,جيد,Positive
5fc74fc6-7dee-4fb2-8de7-3b143f1b75e9,Uber,Transport Services,5,2026-07-27,perfect,Positive
7e848fcf-0107-45a5-905f-fd4c73a116fe,Uber,Transport Services,1,2026-07-27,تطبيق أصبح في منتهى السوء تقعد تنتظر الكابتن بعد ما يقبل الرحله عشر دقايق وفي الاخر يكنسل بكل قله ذوق طب الناس تشتكي فين. حتى لو حاولت تشتكي عن طريق صفحه الفيسبوك يقولك هذه القناه غير متاحه للدعم في مصر وبعدين معلش لو انا كنسلت رحله بتظهرلي في الرحلات لكن لو الكابتن بتاعك اللي كنسل لا متظهرش فانت متعرفش تشتكي لو حتى لقيت مكان تشتكي فيه. مفيش احترام,Negative
4d408aa0-28fe-418b-8796-65604fe884f5,Uber,Transport Services,5,2026-07-27,كابتن محترم جدا جدا واخلاق,Positive
03580c7a-b145-4c61-9ef9-c8ac6d862c41,Uber,Transport Services,5,2026-07-27,خدمه محترمه,Positive
c46e26c3-7053-41d8-b7a8-63fe235af935,Uber,Transport Services,5,2026-07-27,جيدة,Positive
1e4e20aa-02c2-465d-a9b3-04dc5ee6c518,Uber,Transport Services,1,2026-07-27,ممتازة ماشاء الله اللهم بارك,Negative
2a8b5745-96c1-4f20-9485-f684d87269b6,Uber,Transport Services,1,2026-07-27,بيشغلوا ناس دون المستوى خدمه التوصيل لديهم سيئه جدا جدا ويتم فقد المتعلقات ال يتم ارسالها,Negative
e9865650-1c7d-45a6-857f-d773679bced6,Uber,Transport Services,5,2026-07-27,طيبة,Positive
4ac19457-7978-483c-92a7-47f2d86ce41e,Uber,Transport Services,5,2026-07-27,ممتاز,Positive
48ba8467-f246-4a78-9791-96a7e633bb7d,Uber,Transport Services,5,2026-07-27,👍,Positive
22c2eb71-12e8-42b4-95b1-9ec3d93d651d,Uber,Transport Services,5,2026-07-27,جيد,Positive
800c8668-ec3c-4c3e-802e-63ed52a6fd40,Uber,Transport Services,5,2026-07-27,ممتاز,Positive
1f92a931-2e3d-4733-a0e5-b2c6ae1aa095,Uber,Transport Services,1,2026-07-26,انا بحب اوبر ف العموم بس حرفيا تجربة أوبر ف الأقصر زي الزفت مفيش سواقين بتقبل المشاوير خاالص,Negative
bf1eed8a-d72a-4e84-a2fd-87ab8c122138,Uber,Transport Services,5,2026-07-26,من احسن المناديب,Positive
1619a488-6424-4fcb-9841-ec99d71db140,Uber,Transport Services,5,2026-07-26,Value for money,Positive
c62ad156-56bc-45ab-b7cd-8be6a9494274,Uber,Transport Services,5,2026-07-26,أوبر برنامج عظمه,Positive
c32bdb81-e3ac-4161-8ecb-71d89e384dc3,Uber,Transport Services,5,2026-07-26,مناسب جدا,Positive
c684ae33-bbc7-4f8f-934e-a51464641722,Uber,Transport Services,5,2026-07-26,مره حلو بس في ناس تعاملهم سيئي ف الركوب الامامي,Positive
3cbad2a5-87be-4338-9f68-21b66c42ac6e,Uber,Transport Services,1,2026-07-26,سحب الفلوس من الفيزا من غير سبب,Negative
570286a8-4293-48ab-9396-606ffd41796b,Uber,Transport Services,5,2026-07-26,تطبيق محترم وكويس جدا راحه وامان,Positive
db326803-6a69-430d-ac06-4895a95cda94,Uber,Transport Services,1,2026-07-26,التحديث الأخير وحش جدا والاسعار مبالغ فيها تحديث للسياسة السيئة التي يتبعها الدعم مع الزبائن اخذ مني السائق الفلوس ولم يرد لي الباقي وعندما تحدثت مع الدعم لم يرجع لي الا 20 ريال وقال لي ان هذا هو الحد الاقصي وبعدها لم يردوا علي ولم يرجعوا حقي ورفضوا رفع دعوي علي السائق. ظلم وسرقة,Negative
d0ac69ff-6c9a-4ac2-b2da-36c298d28158,Uber,Transport Services,5,2026-07-26,ممتاز جدا,Positive
7a808e70-e0cc-44b9-9e19-a4c9d33e4db8,Uber,Transport Services,5,2026-07-26,رائع,Positive
103953b4-b304-4e3f-ae47-eea527c2293e,Uber,Transport Services,5,2026-07-26,حلو بس ليتهم يهتموا بالسعر,Positive
0cecd2d0-faa5-481c-baa2-176a5be50200,Uber,Transport Services,5,2026-07-26,تطبيق جيد,Positive
f6cad5b1-f20f-4f5d-a36c-0867305c0b80,Uber,Transport Services,5,2026-07-26,ممتازة,Positive
9053ec2e-4fb7-4573-adf3-ac478f29e3f7,Uber,Transport Services,4,2026-07-26,الخدمة جيدة جدا جدا,Positive
650ed046-a8f0-43e2-b8ff-39487189707c,Uber,Transport Services,5,2026-07-26,ممتاز,Positive
a44dfc21-6d22-4e59-89d5-0ce7f64de3fd,Uber,Transport Services,5,2026-07-26,الحقيقة ديه اول مره اتعامل علي الابلكشين بس الحقيقه حاجه جميله والكابتن بتاع الاسكوتر انسان محترم فوق الخيال,Positive
9603b8a2-2f9c-484b-8c4e-7526c7c78dc5,Uber,Transport Services,1,2026-07-26,دايم تطلع لي اعلاناتكم وانا سيارتي كامري 2003 اذا تقدرون تخلوني اشتغل فيها قيمتكم 5 نجوم واذا ماتقدرون خلاص لعد ترسلون لي اعلاناتكم ع الايميل,Negative
fee1680e-10a4-4d4d-a506-b6ec04070671,Uber,Transport Services,5,2026-07-26,تطبيق ممتاز التزام احترام للمواعيد,Positive
3e727cfc-0bee-43da-bb6b-4646bc3b1436,Uber,Transport Services,5,2026-07-26,منتازه,Positive
c7f9dd65-02e3-4012-afab-bc8c50c3bc4f,Uber,Transport Services,5,2026-07-26,ممتاز وامان,Positive
fa250334-b56a-4d9b-bc48-035235ed9c89,Uber,Transport Services,5,2026-07-26,اول مره تظبط معايا انت اوبر,Positive
fd916637-e1e0-4ac7-8ec1-78a12245a454,Uber,Transport Services,1,2026-07-26,سئ جدا في مصاريف زياده عن سعر الرحله,Negative
d9f1fae1-6a08-4c70-8a8d-ddec7f563cf0,Uber,Transport Services,5,2026-07-26,ممتاز,Positive
f8a38494-eb9a-4e1b-88bf-61781720d353,Uber,Transport Services,5,2026-07-26,التجربة ممتازة واسعار مناسبة,Positive
daf0e1e6-75b9-4fcd-979c-08de07ed623e,Uber,Transport Services,4,2026-07-26,رائع جدا,Positive
29cd7669-11df-41d8-8853-c3db160e420a,Uber,Transport Services,5,2026-07-26,ممتاز,Positive
7cc67fac-cb98-47aa-b3f1-6d97d71f3598,Uber,Transport Services,5,2026-07-26,ممتاز في القياده شكرا جدا,Positive
36bbfd53-1042-43bf-ab76-7520faebc504,Uber,Transport Services,5,2026-07-26,بصراحه اوبر تجربه ممتازه ومنظم ومنسق,Positive
e85a1228-365e-4574-a334-c7866973aa7d,Uber,Transport Services,4,2026-07-26,ممتاز جدا سائق محترم وخلوق جدا,Positive
81f07511-5566-47f7-b32c-cb26744b7709,Uber,Transport Services,5,2026-07-26,مميزه,Positive
ff7726ef-10ef-4053-b086-7959ccb630f1,Uber,Transport Services,5,2026-07-26,محترمين وأمناء,Positive
b1ea0aad-96bd-417b-8a34-658c84de1e74,Uber,Transport Services,5,2026-07-26,رائع,Positive
7dbda4f2-192c-4a3b-bc0b-cbaa49958901,Uber,Transport Services,5,2026-07-26,تطبيق رائع,Positive
7fa5a6e2-4015-47f6-a7ce-4844aa0827ce,Uber,Transport Services,5,2026-07-26,ممتازه,Positive
1d73fd51-6e70-428b-8dba-5abacf8d97ca,Uber,Transport Services,2,2026-07-26,"يقوم بخصم مبالغ مالية قبل بدء الرحلة على اساس انه يعيدون المبلغ لك ثم يتركونك في متاهات مع البنك لاسترجاع نقودك They deduct money before the trip starts, claiming they will refund you, then leave you in a maze with the bank trying to get your money back.",Negative
29342349-3689-4cbb-84ae-e6105d642a1b,Uber,Transport Services,5,2026-07-26,ممتاز,Positive
09abffd3-f16c-4acc-a300-9d7495c305b5,Uber,Transport Services,5,2026-07-26,ممتاز,Positive
e887a837-133d-41df-ab59-778c5129ffc4,Uber,Transport Services,5,2026-07-26,ممتاز,Positive
914682b6-1021-41e4-b7cc-892dfbae6c1e,Uber,Transport Services,5,2026-07-26,جيده جدا,Positive
546a8f1a-8365-4b39-acf7-185a9ccbc04d,Uber,Transport Services,5,2026-07-26,محترم,Positive
e8571267-b74e-459b-bb22-3257c2d2aaa5,Uber,Transport Services,4,2026-07-26,رائع,Positive
039e70f0-fa8c-432f-8a0f-03be5d9dcf48,Uber,Transport Services,5,2026-07-26,ممتاز,Positive
2ccde783-bcf3-417a-b5d6-aee9ba9acd5f,Uber,Transport Services,5,2026-07-26,ؤل شكرا,Positive
06503248-7c8a-4256-8458-96806c00cf87,Uber,Transport Services,5,2026-07-26,ممتاز,Positive
08a96fa7-559c-4d33-b673-3cd29e02195e,Uber,Transport Services,5,2026-07-26,سائقين محترمين و نظاف و سيارات جميله و نظيفه و اسعار رائعه و سهوله استخدام التطبيق و ميزات رائعه و معامله ممتازه حقا انصح بأستخدامه❤❤,Positive
3171c669-3408-43db-9b7e-6d59fc4bb98e,Uber,Transport Services,5,2026-07-26,"​""أتقدم بخالص الشكر لفريق دعم أوبر على سرعة التجاوب والاحترافية العالية في حل الاستفسارات والمتابعة. جهودكم محل كل تقدير واهتمام",Positive
61bc7400-8fc8-42cb-8bab-e64b9aec162b,Uber,Transport Services,5,2026-07-26,رائع,Positive
584692b6-bd35-4bea-a714-78f1be7ec606,Uber,Transport Services,5,2026-07-26,ممتاز,Positive
3627c47a-6c5c-4756-9d77-fb1bd4137013,Uber,Transport Services,5,2026-07-26,جميل,Positive
3298d4d8-b3c0-4cc5-b131-fb6aef7e4fae,Uber,Transport Services,5,2026-07-26,ممتازة,Positive
589dfdd1-be22-4d8d-acd3-54c768476cba,Uber,Transport Services,5,2026-07-26,جود,Positive
14a1c270-1d47-4525-bb32-5d3ce09d143a,Uber,Transport Services,5,2026-07-26,تطبيق جيد,Positive
e9b0aab8-a075-471b-b02a-a9a2898a7ea4,Uber,Transport Services,5,2026-07-26,جيد,Positive
876ab9c1-4e77-4ecb-a693-e6f39c714c8f,Uber,Transport Services,1,2026-07-26,التطبيق سئ مرا,Negative
ef2462eb-7afa-4689-b17c-ac177c11ce2c,Uber,Transport Services,5,2026-07-26,شخص محترم,Positive
53dc3969-481d-4afd-95f1-3a74657baf28,Uber,Transport Services,5,2026-07-26,يعطيك الف عافيه,Positive
ca36d41e-a179-4aef-a63f-565757b4632f,Uber,Transport Services,5,2026-07-26,ممتاز,Positive
4ffe7334-4093-4121-a1ea-f714508f9628,Uber,Transport Services,5,2026-07-25,رحلة ممتازه شكرا لحضراتكم,Positive
7507e5f7-8efd-458f-ab85-5a0752b508e4,Uber,Transport Services,5,2026-07-25,سائق محترم جدا,Positive
9b15ef27-8b2e-4978-a2f9-b7756afeba19,Uber,Transport Services,5,2026-07-25,ممتاز,Positive
b5818d96-523e-4561-b6c3-9befd8fac0d0,Uber,Transport Services,5,2026-07-25,ممتاز جداً انصح بتنزيله,Positive
14ba8094-5123-4c19-8b91-3331646521b4,Uber,Transport Services,5,2026-07-25,افضل عروض,Positive
e1b7ab3d-89e6-43d4-b61a-dc6fe5d1d517,Uber,Transport Services,5,2026-07-25,يختارون السائقين بعنايه ومبلغ رخيص مع معامله جميله جدا,Positive
4a404f07-f2d7-4fc5-bd92-9be7b2cc86d7,Uber,Transport Services,5,2026-07-25,تطبيق راع جدا,Positive
4286a293-bb95-43ce-b703-96b11dc97937,Uber,Transport Services,5,2026-07-25,good,Positive
f83ade35-9293-48d5-9700-8620fbf3e63a,Uber,Transport Services,5,2026-07-25,cood,Positive
1b7293f8-ac32-461c-9911-2e37172cf2ae,Uber,Transport Services,5,2026-07-25,تجربة جيدة وسائق ممتاز,Positive
8397d25d-c0be-4571-bf23-b70db9a46a57,Uber,Transport Services,5,2026-07-25,ممتاز,Positive
37c37b90-f2a2-405a-858c-f875fe2086dd,Uber,Transport Services,1,2026-07-25,تطبيق سئ بيوديك مشوار غير اللي مطلوب والسعر لما تنزل غير المطلوب في الاول لاكن بصراحه الكباتن محترمين وبينزلك مكان ما انت عايز المشكله ف الطبيق انه بحددلك مكان غير بتاعك,Negative
d56b5f2e-8bb4-4e15-9d2e-1c23f5d4d1ec,Uber,Transport Services,5,2026-07-25,تجربه رائعة والسواق جدا محترم,Positive
f5bbd65f-d37d-4ace-bb0b-065165d616ad,Uber,Transport Services,1,2026-07-25,سيء,Negative
71c7287f-23d9-414f-bb61-b04031674fd0,Uber,Transport Services,5,2026-07-25,ممتاز,Positive
e9a75d5e-44c5-40c5-ae8a-f8386fd765f9,Uber,Transport Services,5,2026-07-25,ممتاز,Positive
4441b487-cfe6-4024-a154-e13a8135759c,Uber,Transport Services,5,2026-07-25,برنامج رائع,Positive
6a579a9c-1a2b-4320-9cc0-b64c568875d9,Uber,Transport Services,5,2026-07-25,كابتن محترم وممتاز,Positive
422a25f2-5ed4-42e3-bc64-0df254b3dd26,Uber,Transport Services,5,2026-07-25,ممتاز,Positive
be6ac4dc-6075-464f-b870-0944a84bfe64,Uber,Transport Services,5,2026-07-25,حلو اسعاره مناسبه,Positive
4e97d455-2b78-4aa1-9de0-9cd643b14a27,Uber,Transport Services,5,2026-07-25,ممتاز يوفر الوقت,Positive
174c6639-a940-4288-a25f-deea9f1544b5,Uber,Transport Services,5,2026-07-25,ممتاز,Positive
307d2608-5022-4b76-8db6-cd5832eecdaf,Uber,Transport Services,5,2026-07-25,سريع وموفر والسائق محترم جداً,Positive
96945275-32f6-4475-be1e-80752830c9e3,Uber,Transport Services,5,2026-07-25,اجمل ما يكون🥰🥰🥰🥰🥰🥰🥰🥰🥰😍😍😍😍😍😍,Positive
707f6fd9-f90f-4c68-bfd1-200d4d2cff48,Uber,Transport Services,5,2026-07-25,جيد جدا,Positive
b571764f-994c-42f8-bdc0-b02763faf88d,Uber,Transport Services,5,2026-07-25,محترف,Positive
5afa0894-6bfc-45c0-8526-715743134d5b,Uber,Transport Services,5,2026-07-25,ممتاز جدا,Positive
f6392093-72b0-461e-a818-5e0ad801ea7c,Uber,Transport Services,5,2026-07-25,تطبيق رائع جدا ويسهل عليك مشاويرك اشكر القائمين عليه ويستاهل اكثر من خمس نجوم,Positive
cff302e7-83dc-4900-b038-053a22b5cbf8,Uber,Transport Services,5,2026-07-25,جيد جدا,Positive
39ff4356-9b91-420b-800b-5ef72666b492,Uber,Transport Services,1,2026-07-25,زبالة معفنه,Negative
fec781f7-acc8-42bf-8e7f-273e5c4450aa,Uber,Transport Services,5,2026-07-25,رائع,Positive
f723620a-e99f-44b6-9b41-9c21533f12f1,Uber,Transport Services,5,2026-07-25,جيد جدا,Positive
5ed2c5f6-e8c8-46d5-abf7-15a3d8858160,Uber,Transport Services,5,2026-07-25,جميل,Positive
fb548ff2-07f6-4150-b9a0-c9147f98f4f0,Uber,Transport Services,5,2026-07-25,اسعاره مناسبه والسائق يجيك بسرعه,Positive
dc6538d8-a815-4926-9ac5-fbe15f06a4d7,Uber,Transport Services,1,2026-07-25,سيء للغاية خصم مرتين بدون استفاده,Negative
53d85caa-a7f0-4cbf-8d4a-03d1bb2eed27,Uber,Transport Services,5,2026-07-25,ممتاز,Positive
054aebb6-f674-404f-91dc-8f4efea312e9,Uber,Transport Services,1,2026-07-25,انا من زمان محمله تطبيق اوبر وكل شي تمام بس في اخر رحله لي كانت صعبه هو المفروض أن كل الكابتن سعودين وامس كان الكابتن هندي وريحة السياره كلها وحشه جدا وحاولت اتواصل مع خدمة العملاء ومافي اي تواصل معهم احنا مشتركين في اوبر عشان نهرب من ريحة التكاسي ونتحمل الاجره العلى عشان ننعم سالت الهندي كيف شغال في وبر وهي بس لسعوديين قال كفيل شغله يعني عشان الكفيل يرتاح ويربح نتبهدل احنا .وين المصداقية ياتطبيق وابر وياريت تخلو تواصل بين الناس وخدمة العملاء,Negative
d0c12c27-22d5-438b-87d6-f93d855b7e8d,Uber,Transport Services,5,2026-07-25,ممتازه وسائق مرح وبشوش,Positive
04bf74b2-a2e1-4a4e-b6ea-480f94ac2006,Uber,Transport Services,4,2026-07-25,جيد,Positive
a3daf968-d976-4c4e-b402-6f0dd4cda178,Uber,Transport Services,4,2026-07-25,امان,Positive
14b9c6a3-a837-4ebb-87d3-76a39c426aae,Uber,Transport Services,5,2026-07-25,رائع جدا,Positive
a80ff0b5-3ba9-4cf6-9b9a-5471b3b82366,Uber,Transport Services,5,2026-07-25,رائعة,Positive
2edf79c3-e8ab-467b-ad87-6633d343afb3,Uber,Transport Services,5,2026-07-25,كبتن محترم جدا,Positive
1e9e5ff2-a34f-44cf-9e4e-f38991b4ca70,Uber,Transport Services,5,2026-07-25,ماشاء الله التعامل مع العميل والسرعه ميه بالميه لا يوجد تأخير.. ناس محترمين فالتعامل,Positive
4a0c4290-8c58-4893-816c-507b823e8e11,Uber,Transport Services,5,2026-07-25,ممتاز,Positive
e78ac67e-771d-41ce-8832-9d15e3c042db,Uber,Transport Services,5,2026-07-25,ممتعه,Positive
01e447f4-2cd7-4ed0-b6e0-834531800a4e,Uber,Transport Services,5,2026-07-25,موفق,Positive
b970f994-6cfb-42f2-8e61-f58eb8cb3d30,Uber,Transport Services,5,2026-07-25,ممتاز,Positive
1f36e2c0-5442-4a48-876c-e204d0eaad16,Uber,Transport Services,1,2026-07-25,ممتاز ومتعاون,Negative
6f4845f3-5071-4fe3-8636-74be4f000c9a,Uber,Transport Services,5,2026-07-25,شكراً اوبر وللسائق اخلاق عالية,Positive
e58abb3a-8f28-4766-99a4-b6f1297b7703,Uber,Transport Services,5,2026-07-25,ممتازه,Positive
4efc706c-4bc0-4205-a2a2-b700fcf7a38e,Uber,Transport Services,5,2026-07-25,حلو جدا جدا جدا والله مفيد انصح بتحميل اوبر,Positive
0df6eb9c-f9c2-45aa-8e18-25bfba05c71a,Uber,Transport Services,5,2026-07-25,سواقين محترمين,Positive
e571ef23-a226-4acf-9e56-73c0419a5400,Uber,Transport Services,5,2026-07-25,ممتاز,Positive
94cc5118-0d4d-4e7e-a691-0ae8f275c180,Uber,Transport Services,5,2026-07-25,ممتاز,Positive
d91051e0-716b-4781-9681-bdd5a4877aa6,Uber,Transport Services,5,2026-07-25,حلو كتير,Positive
e1ead8cf-33b0-4868-9995-eacf71f67329,Uber,Transport Services,5,2026-07-25,شركه محترمه اوي,Positive
8ba63b6c-d5f0-4c0b-9330-f75c60ecbb1b,Uber,Transport Services,5,2026-07-25,ممتازة,Positive
488550a9-8f61-49ac-8863-713c19a886fe,Uber,Transport Services,5,2026-07-25,ممتاز بارك الله فيك,Positive
8f68dfeb-6003-4d7f-ba7d-247f5e62938e,Uber,Transport Services,5,2026-07-25,سريع جدا,Positive
3c88aa41-885b-436d-add7-ee54c8917830,Uber,Transport Services,5,2026-07-24,محترم جدا,Positive
91659be8-dcd4-48db-a3a1-baf41d18a2ac,Uber,Transport Services,5,2026-07-24,ممتاز جداً,Positive
48ce1565-e76e-4c75-ac91-14e095556a1e,Uber,Transport Services,5,2026-07-24,شركة محترمة و سواقين فى قمة الاحترام,Positive
71b6791c-c13f-47b1-af74-02b42c397ac1,Uber,Transport Services,5,2026-07-24,برنامج رائع,Positive
49020319-1b7d-448c-843f-f056405725ae,Uber,Transport Services,1,2026-07-24,ممت,Negative
996276ee-f9d4-4c2a-8f12-c2ffde302a57,Uber,Transport Services,5,2026-07-24,اكثر من رائع,Positive
d3af656f-f6c9-4fde-af9f-daef8b3cfc08,Uber,Transport Services,5,2026-07-24,جميل,Positive
c70dc928-5443-4496-92ea-1a2f4bbf7226,Uber,Transport Services,5,2026-07-24,جيد جدا,Positive
462d3fc1-8bb7-4b91-a870-21cf6acab0b1,Uber,Transport Services,5,2026-07-24,من أفضل تطبيقات التوصيل الأمن في مصر,Positive
a713d81b-e789-40e4-a869-a004bf4aa2f7,Uber,Transport Services,5,2026-07-24,رائع,Positive
21597503-829a-4249-86c8-04394695f7cb,Uber,Transport Services,5,2026-07-24,شكرا,Positive
bae1999b-7a15-4657-b812-119e1e221887,Uber,Transport Services,5,2026-07-24,كويس جدا,Positive
451a2868-8eeb-411c-aa1d-728ddc0d8563,Uber,Transport Services,5,2026-07-24,افظل تطبيق صادق ونظيف ودقيق بالمواعيد,Positive
220bc070-f3ff-4b42-8edd-73bf237dee7c,Uber,Transport Services,5,2026-07-24,جميلة,Positive
a1f2bb06-89d8-4ccc-980b-bcb5b592e605,Uber,Transport Services,5,2026-07-24,حلو قوي قوي,Positive
d1bbd0ab-6391-44ff-87d1-ae5d62361284,Uber,Transport Services,1,2026-07-24,البرنامج ياخد نجمه بس السائقين اخر قله زوق وعدم احترام الا من رحم ربي خصوصا المكن,Negative
e4da5e6f-5a40-442d-85e1-d1827834aa6a,Uber,Transport Services,5,2026-07-24,جيد,Positive
c315baa7-9e38-49e8-9dcb-ae257258379a,Uber,Transport Services,5,2026-07-24,ومريحة,Positive
de3f07a4-2476-4591-8cb7-9252075ef576,Uber,Transport Services,5,2026-07-24,سعارهم حلوه شكرآ,Positive
26646065-65fe-4954-93b3-f617a94b27bf,Uber,Transport Services,5,2026-07-24,ممتا,Positive
d75ac8e7-e853-4707-989c-6d9a588969f1,Uber,Transport Services,5,2026-07-24,ممتاز جدا جدا اسعار ممنازة,Positive
07ef905f-1d9c-468b-8098-ed27b6e5dc4b,Uber,Transport Services,5,2026-07-24,ممتاز,Positive
b2d972d8-f518-4d68-b173-b0f3ebd32c28,Uber,Transport Services,5,2026-07-24,جيده,Positive
f8366c05-4d72-4b86-9b01-799872cdf14b,Uber,Transport Services,5,2026-07-24,جيد,Positive
c2c4d22d-5503-46a7-8da4-a5ae327a82d4,Uber,Transport Services,5,2026-07-24,جيد,Positive
afbbafd4-1027-40af-960c-f71f2a8e7671,Uber,Transport Services,1,2026-07-24,برنامج سئ جدا وغير عادل,Negative
2f398a0e-b645-45f3-b1ab-b7febb5f2131,Uber,Transport Services,5,2026-07-24,ممتاز,Positive
37b46111-04ca-4fb1-8387-50473dd454c4,Uber,Transport Services,5,2026-07-24,جيد جدا,Positive
93346ff4-004c-4f15-86e4-b5f7de7e8656,Uber,Transport Services,1,2026-07-24,انا نسيت البطاقه معاه ومش بيرد عليا ارجو استرجاع البطاقه,Negative
5c8c7033-cce3-4248-a8da-9b0b29c98edd,Uber,Transport Services,5,2026-07-24,جيده,Positive
3d2e7253-0e6c-47ea-ab05-ab2d923bcacd,Uber,Transport Services,5,2026-07-24,تطبيق رائع وجميل جدا,Positive
e9908d4f-e2e5-470c-8360-82ba3103c36a,Uber,Transport Services,4,2026-07-24,جيد,Positive
689ad641-3f7a-493e-95c6-c3c81ab6c928,Uber,Transport Services,5,2026-07-24,شكرا,Positive
6ca12d7b-f013-4611-af57-ae21c5c231d2,Uber,Transport Services,5,2026-07-24,ممتاز,Positive
6c6e3153-96ae-4596-ad8f-ee3ef11d33b1,Uber,Transport Services,5,2026-07-24,ممتازة,Positive
93e4c8a5-3ce6-49d3-9aa8-634f6adec6b5,Uber,Transport Services,5,2026-07-24,تطبيق حلو وسائقين محترمين,Positive
0772d328-6438-4b19-a321-27083bc7986a,Uber,Transport Services,5,2026-07-24,موعيد مظبوطة,Positive
6c2167fb-0a0e-4e7c-aed3-16e2e9f5a2ca,Uber,Transport Services,5,2026-07-24,شكرا وجزاكم الله خيرا..خدمة ممتازة وسائقين محترمين,Positive
ce46b57e-9898-4508-b554-1bb6a9e5724e,Uber,Transport Services,5,2026-07-23,ماشاء الله شركه محترمه بزياده,Positive
83d5d137-1aa4-4a53-a7b4-60ed29e2cb44,Uber,Transport Services,5,2026-07-23,تجربه رايعه,Positive
d456f14b-e161-4385-adea-4d0f0bbf5e02,Uber,Transport Services,5,2026-07-23,excellent job,Positive
41edd92e-8dcc-43ad-9c68-c8bc50c0d317,Uber,Transport Services,5,2026-07-23,جيد,Positive
a449da53-1941-4eb2-ab07-c9752d35e97b,Uber,Transport Services,5,2026-07-23,ممتاز شكرا لكم,Positive
7b3869bd-db7a-4c39-954c-767cfe71e310,Uber,Transport Services,5,2026-07-23,انجاز سريع,Positive
d6edc1e0-3fec-4937-ab9c-3a38c303cd43,Uber,Transport Services,5,2026-07-23,ممتاز,Positive
36a6e8a0-942e-449a-a5c4-9a89c88eea29,Uber,Transport Services,5,2026-07-23,😎,Positive
669d85b2-1ab0-4e99-a903-40e93000076e,Uber,Transport Services,5,2026-07-23,احسن برنامج والكباتن محترمه,Positive
ebb8731d-eb93-4de7-8d02-849ec8ea34f6,Uber,Transport Services,5,2026-07-23,محترم,Positive
ea63db8b-5a6b-483c-b15b-7da1354d46f6,Uber,Transport Services,5,2026-07-23,محترم جدا,Positive
1bff534a-eb29-434b-9f25-a21b606e7529,Uber,Transport Services,5,2026-07-23,جيد جدا,Positive
a7967562-f9e3-4880-bfd1-0c5855cade12,Uber,Transport Services,5,2026-07-23,ممتاز,Positive
00f4f3d1-b39c-4c8d-9bc3-67a9be1bc55a,Uber,Transport Services,5,2026-07-23,جيد,Positive
de05ec2f-ded2-448d-a735-fbf299150306,Uber,Transport Services,5,2026-07-23,ابلكشن جميل جدا,Positive
64d9d9d6-a62f-449d-87f2-011a2d9dfe4e,Uber,Transport Services,1,2026-07-23,I forgot my perfume in Uber and there is no way to call the driver and customer service nothing at all,Negative
bfef88b0-9918-4f09-a363-f94bf3dd85e2,Uber,Transport Services,5,2026-07-23,ممتازه,Positive
06617fd9-2df5-478f-81af-9f2100a4075a,Uber,Transport Services,5,2026-07-23,احسن تطبيق,Positive
7690455d-b020-4c2c-b0a1-c61c8e8d4d95,Uber,Transport Services,5,2026-07-23,ممتاز,Positive
7d540183-e7d3-4937-8945-6cc3f221d38e,Uber,Transport Services,5,2026-07-23,ممتاز,Positive
fc5bd8a3-dd31-43ca-8545-5af33c28b0b6,Uber,Transport Services,5,2026-07-23,رائع,Positive
f38c4c7e-a6eb-45d3-81e3-fbb7473f83a5,Uber,Transport Services,4,2026-07-23,جميل جدا,Positive
e886ff8e-755e-4d42-800b-610b535239fc,Uber,Transport Services,5,2026-07-23,ممتاز,Positive
bba20362-11c1-4abe-aafc-f304e5e92836,Uber,Transport Services,5,2026-07-23,جيده,Positive
615cfce7-136b-4ad6-b52e-d4f5f5b8a3fa,Uber,Transport Services,5,2026-07-23,❤️,Positive
ed1c621c-1c40-4b11-bbc2-2d07263707c2,Uber,Transport Services,5,2026-07-23,شكرا,Positive
7dc8ab78-c6e0-4a15-b069-4a305564ed26,Uber,Transport Services,5,2026-07-23,مشالله سواق تمام انصحكم بيه,Positive
5d4cf4a9-ee29-49c4-9d40-00c36a155377,Uber,Transport Services,5,2026-07-23,ممتازة,Positive
dc74d4d8-f65b-4024-92c9-45ca13dbdefc,Uber,Transport Services,1,2026-07-23,تطبيق زباله سواقين لا يعتمد عليهم بالمره يقبل الطلب ويفضل راكن مايتحركش ويتحرك شويه ويقف لعند انت ماتزهق وتلغي,Negative
67bfb201-1bb0-4db3-942c-beddf86ff563,Uber,Transport Services,2,2026-07-23,كتابة اللوكيشين بطريقة خاطئة بسبب البرنامج,Negative
a3c4458f-3e7b-4b88-90a3-fadc0a636440,Uber,Transport Services,5,2026-07-23,ممتازة,Positive
11ab1cc8-400d-4c1e-a4e1-0eb1f39a2091,Uber,Transport Services,5,2026-07-23,ممتاز,Positive
332500b8-e346-446e-9dd7-3ca94e4c5cbb,Uber,Transport Services,3,2026-07-23,لا يوجد خصم على الرحلات الي ثلاث سنوات وانا بستخدمه لا يوجد خصومات,Neutral
5e108180-d8cf-4e4f-ab12-fe702c0d8ada,Uber,Transport Services,5,2026-07-23,ممتاز جدا جدا جدا جدا والله,Positive
95164824-fa77-4d94-9320-01528faf8ec3,Uber,Transport Services,5,2026-07-23,رائع جدا,Positive
0feb533a-ebc3-4110-99d9-729e4e56c7f8,Uber,Transport Services,5,2026-07-23,جميل,Positive
6a29a39a-1299-4d17-9e50-80266c0604e7,Uber,Transport Services,5,2026-07-23,✋👍,Positive
8355160e-0249-44e2-8881-f211acb0e637,Uber,Transport Services,5,2026-07-23,ممتاز,Positive
604e2dab-2de5-442a-b359-53582426497c,Uber,Transport Services,5,2026-07-23,يعجبني كثيرا,Positive
ade479dd-8911-40ef-ae16-d06ccae1e4b0,Uber,Transport Services,5,2026-07-23,تجربة ممتازة ومريحة وانضباط في الوقت، وكل الشكر للأخ عبدالله علي رقيه في التعامل وزوقه الرفيع,Positive
9fa50ea6-38ef-457b-94c8-35176f390614,Uber,Transport Services,1,2026-07-23,أصبح بة أخطاء كثيرة والتكلفة مرتفعة . وخدمة سيئة للغاية,Negative
f4b78ab0-ad31-4923-8071-11ade04ef372,Uber,Transport Services,5,2026-07-23,ممتاز,Positive
76fe58b5-fb1a-450d-ab8a-ebdfa1213097,Uber,Transport Services,2,2026-07-23,كويس,Negative
b4e18d5e-2f41-4cdc-95a6-780f4b6e33ae,Uber,Transport Services,1,2026-07-23,خدمة عملاء سيئة,Negative
26f7d259-9f40-4544-81dc-61bbd7b0fed1,Uber,Transport Services,5,2026-07-23,ممتاز,Positive
81e4da2d-2772-4148-8651-efaef3d1efce,Uber,Transport Services,5,2026-07-23,تطبيق رائع,Positive
603592d0-cbe9-4cac-bc35-1f50fd1c9ce0,Uber,Transport Services,5,2026-07-23,ممتازة,Positive
994a0e33-5868-42ca-985c-1228c108dba3,Uber,Transport Services,5,2026-07-23,تجربه ممتازه وتطبيق جيد وكابتن محترم جدا,Positive
40fc3bd1-b997-4e19-a7f1-b9b356e8dea1,Uber,Transport Services,5,2026-07-23,Bom,Positive
a3fee563-4964-4a8e-a298-756bafa198d9,Uber,Transport Services,5,2026-07-23,يجدعان احسن خدمه والله حملوه ومش هتندمه وعروضه حلوه وخصومات حلوه بردو وسلوك كويس,Positive
1c25383b-743e-46e7-8dab-60f931c2eb54,Uber,Transport Services,5,2026-07-23,جيد جدا واسعار ممتاز جدا,Positive
da9ba76f-566b-43e6-b03f-75b0cc831524,Uber,Transport Services,5,2026-07-23,ممتاز,Positive
6b154d2e-c110-49a5-ae7a-901b18a61049,Uber,Transport Services,1,2026-07-23,التعامل أصبح سئ جدا الإنتظار فترة طويلة لحين الموافقة على الطلب أحيانا بعد الموافقة يتم إلغاء الطلب من السائق دون سبب,Negative
688c63df-1286-4c27-ac3e-19ee8e5abf9b,Uber,Transport Services,5,2026-07-23,خدمه كويسه واحترام وذوق راقي في التعامل,Positive
59503512-1ce5-4167-a84c-b0fd212e18db,Uber,Transport Services,5,2026-07-23,جيدة جدا,Positive
03e60ba2-9206-4386-8b19-d27e429939db,Uber,Transport Services,3,2026-07-23,اغلب الكابتن اللي شغالين بيقبلوا المشاوير عالفاضي حتى لو هيكلفونا قيمة الغرامه ولابد من ضبط هذه العملية بشكل احترافي اكثر,Neutral
3a10aa4c-0903-41e3-a3c3-45d4ad637fd8,Uber,Transport Services,5,2026-07-22,تجربه موفيده,Positive
f61e9fd9-68fc-46a0-971c-44825c0c367c,Uber,Transport Services,5,2026-07-22,ممتاز,Positive
c65a3af5-448d-45f4-8155-8c76f9cb77e7,Uber,Transport Services,5,2026-07-22,سريع رخيص,Positive
d7ea760a-1167-4650-b618-2edb3dd8628e,Uber,Transport Services,5,2026-07-22,لا توجد مشاكل حتى الان ممتاز,Positive
de68e8c1-9b44-4be5-b43e-d12bb9677fcb,Uber,Transport Services,1,2026-07-22,خدمة عملا فاشلة,Negative
195a9055-bc16-4583-a9df-4887fb7b23d1,Uber,Transport Services,5,2026-07-22,السائق جدا محترم تجربه رائعه,Positive
9aa5ff6e-45cc-4986-a569-cc731a7b40c9,Uber,Transport Services,5,2026-07-22,جيد جدا,Positive
f7083317-fcd9-42ba-9677-c34f54dadc32,Uber,Transport Services,5,2026-07-22,جميل,Positive
87548d65-79af-486b-9568-856b2d9e2129,Uber,Transport Services,5,2026-07-22,good,Positive
131cc972-4365-4a7f-948c-b4bd0b3b842e,Uber,Transport Services,5,2026-07-22,تحفه بس اسعاره شوي مبالغه,Positive
1e36866f-cb4d-4000-8596-417ecf78389a,Uber,Transport Services,5,2026-07-22,ممتازة,Positive
eb5ee263-d7b9-43ee-baed-b7ce1732a780,Uber,Transport Services,2,2026-07-22,سيئ وصعب الاستخدام والدليل عدد استخدامي له ينعد ع الاصابع..استخدمه اذا انزنقت .. ملتقدر تضيف كلش زلاتقدر تعدل طريقة الدفع.. سيئ للغايه من وحهة نظري,Negative
f1227b9e-0b33-4ada-b3b0-b34e2993ad72,Uber,Transport Services,1,2026-07-22,تجربه سيئه في الانتظار رغم اختيار اسرع بزياده فى المقابل لكن تأخير وكل دقيقه انتظار يتم زياده في الوقت..تطبيق سئ فعلا,Negative
1b414899-786b-4be1-ae6e-3110f8a44352,Uber,Transport Services,5,2026-07-22,ممتازه,Positive
12c578bd-dca7-4c11-b54c-e785791aded8,Uber,Transport Services,5,2026-07-22,السائق محترم السيارة نظيفه مكيفه وكان بالموعد للوصول الى المطار ... الف شكر,Positive
a5ee780e-03f4-4c9b-a8c2-37e22e6fe975,Uber,Transport Services,5,2026-07-22,ممتاازه وامنه,Positive
8203fe0d-8df4-4793-b4c9-ab90abddfa24,Uber,Transport Services,1,2026-07-22,بايخ جدا ان لايوجد عربيه واحده فى مدينة الشيخ زايد و الكباتن مبيقبلوش الرحلات لزياده اجره فلكيه,Negative
0becb67d-91e2-4668-ac98-a910176baca8,Uber,Transport Services,5,2026-07-22,ممتازه,Positive
9704b4bf-0d6f-4530-9e84-60c6255be19d,Uber,Transport Services,5,2026-07-22,ممتازه,Positive
dcf8fe98-2c2b-4376-bf94-e6e81114ea6c,Uber,Transport Services,4,2026-07-22,التطبيق كويس وكل حاجه بس انا ساعات بتفع الاجره بزياده مش عارفه ازي جالي ان في تلات رحلات غير مكتملين,Positive
1548eb4a-a8ac-4c6a-b1c9-1fe92ef8f7ff,Uber,Transport Services,5,2026-07-22,حسبي الله,Positive
f4e635b6-f170-488c-9b29-e526032dbf40,Uber,Transport Services,5,2026-07-22,ممتازه,Positive
5b51d439-b038-4852-8f25-45571c13a87f,Uber,Transport Services,5,2026-07-22,ممتازه,Positive
3f82da4e-de60-47f7-851a-1b6c83472446,Uber,Transport Services,5,2026-07-22,راجل محترم,Positive
e7956034-97ee-4e85-b45e-e2f0a9521351,Uber,Transport Services,5,2026-07-22,حلو,Positive
fe4712e3-732e-4ab3-84c3-b3ec6822cbf0,Uber,Transport Services,5,2026-07-22,جيد,Positive
f4329d30-2b71-4528-9f27-c13a5b2f6257,Uber,Transport Services,5,2026-07-22,لم أكن اتوقع ان يرفض استلام الأجرة مني لانه عرف اني مسعف مريض ؛ فهذا عمل إنساني كبير يؤجر عليه,Positive
c12a1d4a-2dab-42e5-a92e-091901b20fd8,Uber,Transport Services,5,2026-07-22,تجربه ممتازه,Positive
cdc32f0d-d76f-402a-bfd6-494a898a69b5,Uber,Transport Services,5,2026-07-22,très bien,Positive
e917a4a4-4fd9-44e7-8651-d133ca5b8b24,Uber,Transport Services,1,2026-07-22,احيانا بتركب مع سائق بيخليك تكره الشركة كلها من قله نظافة السيارة و كتر الكلام و الريحه الكريهه,Negative
d5de8019-efe6-435c-8ebb-d84f4c9192b0,Uber,Transport Services,5,2026-07-22,جميل,Positive
8c5f535b-89d4-4585-8d06-e5b73d780aba,Uber,Transport Services,5,2026-07-22,جامد,Positive
5c272a7b-11ff-47c9-a180-3b53aa84ecf9,Uber,Transport Services,5,2026-07-22,❤,Positive
f3b5d832-539d-4904-8ca9-e5a2426179b3,Uber,Transport Services,4,2026-07-22,👍 جيد,Positive
082d77fa-f4b3-42f6-90ba-18b8efd34fde,Uber,Transport Services,5,2026-07-22,خدمه ممتازه,Positive
57c58e4b-9acf-4246-941b-902297ae7c81,Uber,Transport Services,5,2026-07-22,ممتاز,Positive
c03ce894-07f4-47ac-8b98-4d6c5aa78c01,Uber,Transport Services,1,2026-07-22,كان منيح بالاول وصار بخزي للاسف عند الغاء المشاوير يتم فرض رسوم اضافية للمشوار التالي وارتفاع الاسعار ايضا للتطبيق انا مستاءة جدا,Negative
69e753e7-6d1d-4b77-a5fe-932a1fdaf530,Uber,Transport Services,5,2026-07-22,ممتاز,Positive
94fa8c65-4ec7-430a-8c2a-dfa840ec8094,Uber,Transport Services,5,2026-07-22,سائق لبق ومنتظم,Positive
7a1237a0-c555-48f2-9964-db2907ae2e90,Uber,Transport Services,5,2026-07-22,تطبيق جميل وناس محترمه اللي شغاله فيه,Positive
86a96214-f0eb-4caa-aa10-f82e4218ebc8,Uber,Transport Services,4,2026-07-22,👍👍👍👍👍👍,Positive
3c9b3b30-9068-405c-9ba2-0e54a1c72a6c,Uber,Transport Services,5,2026-07-22,ممتاز,Positive
f6813ff2-28c6-4b31-afda-6c9f8fcff9c8,Uber,Transport Services,5,2026-07-22,الخدمة جيدة ونتطلع الي المزيد في الجودة,Positive
97483d98-043e-4220-aabe-e5e603419734,Uber,Transport Services,5,2026-07-22,جيد,Positive
e2c200da-4a33-4f8a-b7ad-29f5d24588e4,Uber,Transport Services,5,2026-07-22,جيده,Positive
21004798-f6db-4c46-ab28-3fb30d9587e3,Uber,Transport Services,5,2026-07-22,ممتاز جدا,Positive
c1ced7ec-bb35-4cc0-8c08-07ba2b78858f,Uber,Transport Services,5,2026-07-22,سائق محترم,Positive
4f20e69e-f600-4154-9dec-ca11ad8e5e70,Uber,Transport Services,5,2026-07-22,جيد جدا,Positive
bf3f144d-f208-4803-b0ac-ffb28bca5cef,Uber,Transport Services,4,2026-07-22,جيد جدا,Positive
a41c0c91-fdb1-4e45-811d-dfdfd1cb3963,Uber,Transport Services,5,2026-07-22,ممتاز,Positive
b869e2d2-8740-4315-bd29-c2145f9c6ab9,Uber,Transport Services,5,2026-07-22,ممتاز,Positive
c0ad1a99-a97e-47d6-b85d-91c89ba63e5b,Uber,Transport Services,5,2026-07-22,تطبيق حلووووووووو ناااااااار,Positive
a86304c5-f774-4f85-9d99-64961f69891c,Uber,Transport Services,5,2026-07-22,ممتاز,Positive
d0f04288-13a0-4b03-a6bb-72add749341a,Uber,Transport Services,1,2026-07-22,برنامج زفت عايشين على الغرامات,Negative
824a291c-0f7f-43bd-83dd-7042a0532d17,Uber,Transport Services,5,2026-07-22,رائع,Positive
ab7098c4-db52-4416-bffb-e501f315c34b,Uber,Transport Services,1,2026-07-22,التطبيق اصبح يخدم السائق وشركة اوبر عائشة على الغرامات ثقيل ممل لايوجد خدمات تصادف سيارات صغيرة ماتكفي حتى اربعة اشخاص لايوجد تكييف سائقي بعض السيارات بلاطجة بلذات مع الاجانب والاوبر يعطيهم فرصة انتهاز الزبون في الحقيقة التاكسي اوفر وافضل بكثير. حاليا,Negative
c1b21d3e-2621-4592-a22f-b50d80f17796,Uber,Transport Services,5,2026-07-22,جبده جدا,Positive
c08b4958-e6f3-4ab5-8b34-fb10a3ca5f21,Uber,Transport Services,5,2026-07-22,تحفه,Positive
a0721b90-17e1-405b-bc78-e3a3eb11b0fb,Uber,Transport Services,5,2026-07-22,ممتازه جدا,Positive
c29b3833-3455-4b25-a915-f0da4a3f8634,Uber,Transport Services,5,2026-07-22,جدا ممتاز ويفك ازمه والسائقين يشهد الله محترمين,Positive
2bcf1668-3a54-4925-aed6-2cf135705fa2,Uber,Transport Services,5,2026-07-22,صح,Positive
325a8daa-a2c4-45d0-b378-39b21125b75f,Uber,Transport Services,5,2026-07-21,طبيق رائع جدا 🌹🌹,Positive
da7b20cd-c493-4b02-92cb-0271988585b6,Uber,Transport Services,5,2026-07-21,ساهل وسريع,Positive
4e56edd2-eb5c-4289-8ab9-d1f8135c24fe,Uber,Transport Services,5,2026-07-21,مشاء الله انسان محترم وذوق,Positive
d3e8a1dd-ec97-4f42-bc41-6821c02d352c,Uber,Transport Services,5,2026-07-21,عربيه نظيفه سائق محترم جدا وكلامه منمق ومؤدب شكرا كابتن محمد شكرا اوبر,Positive
2f79f246-7660-4629-877d-8789dd91ee31,Uber,Transport Services,5,2026-07-21,السائق كان ممتاز,Positive
30a91894-2b14-4440-9911-a0e7b92c8d25,Uber,Transport Services,5,2026-07-21,رائع,Positive
e929a02e-99d3-4877-bac2-9c6d3861d38b,Uber,Transport Services,5,2026-07-21,ممتاز,Positive
963f028b-7d0e-452f-a5e8-8f5a5c4e1fa3,Uber,Transport Services,5,2026-07-21,جيد جدا,Positive
8c2f967d-7b4c-472a-bc83-737ca5bef0d7,Uber,Transport Services,5,2026-07-21,جيد جدا,Positive
f869272d-e144-4177-a707-a8dc096d7a96,Uber,Transport Services,5,2026-07-21,ممتاز,Positive
a39dcbe0-3be1-43bd-8efb-11b6e283db30,Uber,Transport Services,5,2026-07-21,حاليا جميل,Positive
51de2311-c216-4b37-bc3d-cc2ae306b486,Uber,Transport Services,5,2026-07-21,ممتازه,Positive
b67164ea-3ce2-4b68-a858-e368bc5c9167,Uber,Transport Services,1,2026-07-21,سيئ,Negative
f9f56ce3-a788-4b2b-8fe6-16247eb21331,Uber,Transport Services,3,2026-07-21,دفعوني غرامة علشان لغيت رحلة وانا اول مرة انزل التطبيق امبارح حاجة وحشة اوي بس ك سواقين محترمين,Neutral
fab581bb-fb40-4465-81e4-7f7ef3d690d6,Uber,Transport Services,5,2026-07-21,تطبيق جميل جداً وسهل وناس محترمة,Positive
b03ee29e-aaff-4280-9332-7f673a7c7cd4,Uber,Transport Services,5,2026-07-21,ممتاز,Positive
1cd82397-bb63-4f4f-bfb4-090526ed51c7,Uber,Transport Services,5,2026-07-21,جميل,Positive
1ab0c9a5-8c0c-460e-a69d-7163425d3ff0,Uber,Transport Services,5,2026-07-21,ممتاز,Positive
87f69acf-c212-4f2c-87fe-15d75074e1f1,Uber,Transport Services,1,2026-07-21,برنامج فاشل ونصاب طلبت ميدان الجزائر وانزلوني في ميدان الحرية ، اضافه الى دفع مبلغ اكثر من المتفق عليه,Negative
8cbf77a5-9b01-4fe6-a9d6-a18b0a9fcd4f,Uber,Transport Services,5,2026-07-21,ممتاز,Positive
44539807-736c-489c-9224-c76e997f7475,Uber,Transport Services,5,2026-07-21,ممتاز,Positive
e5dfe320-941a-49b1-9b90-1824b04ae44a,Uber,Transport Services,5,2026-07-21,رائع,Positive
ded5fa90-9998-43e3-8d01-d36904077674,Uber,Transport Services,5,2026-07-21,في غاية الادب والاحترام واتقان العمل,Positive
b7fa0518-0542-4c5f-96f2-29ee7c98f78f,Uber,Transport Services,4,2026-07-21,ممتاز اسعار مناسبه تماما,Positive
02c6d2e3-9b97-4076-bfbb-238704f3766e,Uber,Transport Services,1,2026-07-21,تجربة سيئة جدا وشركة فاشله مش بترد على حد,Negative
b6b75cb4-dd08-435e-b6bb-835f2a4810a5,Uber,Transport Services,5,2026-07-21,افضل تطبيق من ناحية الخدمات,Positive
eda67a98-da62-4c19-8618-6bdcb442d209,Uber,Transport Services,4,2026-07-21,شركة كويسه جداً لاكن يوجد بعض الملاحظات البسيطة زي تغير اسعار المشاوير بعد الوصول,Positive
80715844-307b-4c4b-b34e-de5495668771,Uber,Transport Services,5,2026-07-21,حله ممتازة,Positive
ae8aa2d0-41c4-435a-ba22-9eb000374b20,Uber,Transport Services,5,2026-07-21,التسعيره اللي بيكتبوها صحيحه نفس السعر المشوار فعلا وشركه محترمه بالتوفيق من نجاح لنجاح اتمني تستمره علي الالتزام والتميز دائما,Positive
5369f47c-b3d2-471a-9959-5bf20088c3a2,Uber,Transport Services,5,2026-07-21,احسن طبيق ف مصر,Positive
85087ed0-f1fc-46ea-9a94-fc44482e8824,Uber,Transport Services,5,2026-07-21,ممتاز,Positive
e40dbebb-aa78-49bb-8552-1e548963e2dd,Uber,Transport Services,5,2026-07-21,ممتازه وسريعه,Positive
29e06b44-743c-4bcb-a313-c03777845298,Uber,Transport Services,1,2026-07-21,جالي سعر ودفعت ساعه النزول الضعف,Negative
ddf4c21e-e8e1-470a-920a-7f24700b65dd,Uber,Transport Services,5,2026-07-21,ممتازة,Positive
9cd522ce-386f-44f2-828c-3887f1587a43,Uber,Transport Services,1,2026-07-21,مش بيفتح,Negative
5cb381aa-c707-4d9d-bd6c-09ffe7d70d76,Uber,Transport Services,5,2026-07-21,تطبيق حلو جدا جدا مواعيد دقيقه واسعارهم مناسبه,Positive
15c80f35-762f-4c14-ade6-326c2df5a7e6,Uber,Transport Services,5,2026-07-21,رائعه,Positive
04a54203-1681-4a02-b8b8-2baf69c22547,Uber,Transport Services,5,2026-07-21,خدمة ممتازة,Positive
91b22808-052f-49d4-81ef-4734287fd35e,Uber,Transport Services,1,2026-07-21,الخدمه سيئه جدا انتظر وقت طويل جدا بيوصل ل نص ساعه انتظار وده بيعطلنا جدا,Negative
61837bec-96d5-4e6d-8092-62fa9bc8c748,Uber,Transport Services,5,2026-07-21,ممتاز,Positive
8ea4b859-5e91-4c7d-8e9d-adea7b700a67,Uber,Transport Services,5,2026-07-21,ممتاز,Positive
e7c6a51b-821d-48cf-af47-d68a629014d5,Uber,Transport Services,5,2026-07-21,ممتاز وخدمه فوق الخيال,Positive
22256b3e-aefb-4cd7-a9da-be451c29dc63,Uber,Transport Services,5,2026-07-21,ممتاز,Positive
d4566e4e-781a-431b-ba2e-7a25905fa03b,Uber,Transport Services,5,2026-07-21,حلو كثير,Positive
37f729fd-bcea-4b7f-8a43-120778d9af35,Uber,Transport Services,3,2026-07-21,ظلم للعميل لو الكابتن لغى المشوار حتى بعد طويل مفروض يتم التعويض ولكن لا ولا فكرت فيها أما لو العميل الراكب لغاه غصبا عنه تأخذون حقكم كامل,Neutral
b817ae1e-5f67-426b-8999-8bc5bf2dd786,Uber,Transport Services,5,2026-07-21,خدمه سريعه,Positive
8d409138-9d87-4987-8e18-e2641fa68af0,Uber,Transport Services,5,2026-07-21,سائق امين و رائع كل لكم لانتقائكم كباتن جيدين و خصومات مالية رائع,Positive
96e4d138-0dc7-42d7-87be-559148d9a531,Uber,Transport Services,5,2026-07-21,ممتاز جدا,Positive
ace46528-2cc1-4580-9e2e-22d04035bfdf,Uber,Transport Services,2,2026-07-21,تجربه ممتازة جدا والأسعار مناسبه والأهم اماان وسريع,Negative
1952d087-f160-4596-80fe-b14f9ba077a2,Uber,Transport Services,5,2026-07-21,جيد جدا,Positive
1978f043-f15b-435a-87d5-e462c2490ffd,Uber,Transport Services,1,2026-07-21,بضان,Negative
b7db9f78-6e32-4318-bc7c-6c0c6e24eff0,Uber,Transport Services,5,2026-07-20,ممتاز,Positive
7c28ff1d-7a63-49ec-8a95-1854527bf956,Uber,Transport Services,5,2026-07-20,رجل محترم جدا,Positive
e369da7a-28c2-45cb-ab12-53703bc8cc81,Uber,Transport Services,5,2026-07-20,جميل جدا,Positive
0f38ce32-8fd6-4516-941d-075c542e8ef8,Uber,Transport Services,4,2026-07-20,ممتاز,Positive
47bf8be8-e97b-4056-9d0d-4181c82d14d2,Uber,Transport Services,5,2026-07-20,افدل. سعر والسرعا رائعة,Positive
e9818171-637f-4888-94de-4035c03e9ea7,Uber,Transport Services,5,2026-07-20,سرعة الاستجابه وأداء راقى,Positive
53569f70-4a1c-48ad-9fe1-5c9e31bbf65a,Uber,Transport Services,5,2026-07-20,بصراحة اخلاق عالية,Positive
e85cbe14-9dce-47b2-9846-8069dc78ff02,Uber,Transport Services,1,2026-07-20,ممتاز,Negative
410dfbc4-f3c6-49c9-a56b-8bb18ab7f12f,Uber,Transport Services,5,2026-07-20,رائع,Positive
f962ef27-40d1-42b1-b6ce-c492b185e54d,Uber,Transport Services,5,2026-07-20,جميل,Positive
8f255dd9-fe2a-451f-b081-fbed00cd05f9,Uber,Transport Services,1,2026-07-20,للاسف انا في نقطة والتحديد بعيد عني والاتصال دائما لايمكن إتمام مكالمتك لانك تستخدم رقم اخر علما بأني استخدم نفس الرقم المسجل في البرنامج,Negative
23d0df66-6426-4dca-81ad-6b508a79f0d2,Uber,Transport Services,1,2026-07-20,تجربة سيئة جدا,Negative
9409b315-ef3e-4f33-87f9-64a8c6a4b26f,Uber,Transport Services,5,2026-07-20,جيد,Positive
5c9adf15-4bfa-4a50-ad3a-70ac66341c7a,Uber,Transport Services,3,2026-07-20,الاسعار غالية وكثير من السيارات المكيف تالف,Neutral
20aaed48-07a2-4da2-b11c-ec384e044f90,Uber,Transport Services,5,2026-07-20,صراحه كويس جدا جدا,Positive
3938791f-503c-4788-b3c2-661878487264,Uber,Transport Services,5,2026-07-20,ممتازة,Positive
d9f5a563-03fc-4c9a-863c-9232132d2159,Uber,Transport Services,1,2026-07-20,سيئة جدا ، مأطئن خصم ع الرحلة واضطريت اخد مصاري من البيت عشان أدفع المبلغ كامل ، حتى رقم للإتصال مافي,Negative
e905f89f-f414-4c7a-b289-f89ec073ab2b,Uber,Transport Services,3,2026-07-20,جيدجدا,Neutral
1373ffa1-59ee-48ef-a838-c8ff704774cf,Uber,Transport Services,5,2026-07-20,ممتازة والسائق ملتزم ومحترف,Positive
62ce6443-064c-4c3f-afd4-f449c3e9f43e,Uber,Transport Services,5,2026-07-20,انا عميل من سنة 2019 وحقيقي أنا أشعر بالراحة والأمان مع اوبر حتى في ظل وجود تطبيقات شركات النقل الأخرى,Positive
727cf5f0-1c70-43a4-9fc8-358bdf5381c1,Uber,Transport Services,5,2026-07-20,جميل,Positive
208aa28e-4bea-4078-9088-8656bc62a3ce,Uber,Transport Services,1,2026-07-20,الابلكيشن بقا حاجه بضان,Negative
0f4e8f7c-8608-4c8f-8f81-d2fcf49cedaf,Uber,Transport Services,5,2026-07-20,تطبيق رائع,Positive
294aeffe-85b0-4835-a331-0b24bb09a8d6,Uber,Transport Services,5,2026-07-20,ممتاز وثق كل شيى,Positive
37810383-fe3a-4291-9e6a-9767c64f92fa,Uber,Transport Services,5,2026-07-20,والله البرنامج كويس خالص والسواق والله ياخد الف المية محترم وبشوش,Positive
ef198ba8-9c11-4d0b-a967-da208ed57ce3,Uber,Transport Services,5,2026-07-20,ممتاز,Positive
71248ea9-3937-43b6-a919-8fe8a37e8a6e,Uber,Transport Services,1,2026-07-20,التطبيق سارق والمقيمين عليه سرق,Negative
4390a262-66ae-4d81-a5fc-9b7efcde91d2,Uber,Transport Services,4,2026-07-20,جميل,Positive
94a09e02-13da-4d57-9579-a5dcc2a6b6c2,Uber,Transport Services,5,2026-07-20,مهذب جدا ومحترم,Positive
85d909db-707c-4698-a58f-ecf16b8d2962,Uber,Transport Services,5,2026-07-20,جيد,Positive
3ff856d0-cd94-459d-ada7-f902f00b1dd0,Uber,Transport Services,1,2026-07-20,بيتم فرض رسوم إنهاء الكلب بدون وجه حق وقبل وصول الكابتن,Negative
d02bdfca-6402-48c6-b777-f0a275c9dead,Uber,Transport Services,1,2026-07-20,الراجل محترم جدا,Negative
2806f0f6-12a7-41f3-85e1-369076cfb2d7,Uber,Transport Services,5,2026-07-20,اوبر 😉,Positive
ed3b49bd-3283-4165-8a90-c5c707051048,Uber,Transport Services,1,2026-07-20,مشكله في التحديث الجديد,Negative
f56d4223-b5b3-4119-a8a7-2c05a4fb42e8,Uber,Transport Services,5,2026-07-20,ممتاز,Positive
ee8fa446-c195-4a9c-9746-9e2fc1fcf247,Uber,Transport Services,5,2026-07-20,ممتازين,Positive
4b188f4a-ff42-4d78-bd15-59c70e21051e,Uber,Transport Services,1,2026-07-20,تطيبق رائع,Negative
0876ae88-09d5-48e3-af5e-f9fc8f74d01a,Uber,Transport Services,5,2026-07-20,ممتاز بصراحة والسواقين في منتهي الزوق والاحترام,Positive
becbd084-424d-42c0-8e5a-648f5e0da6a1,Uber,Transport Services,5,2026-07-20,تجربة سهلة وجيدة,Positive
c8577b1f-0a28-4dab-88d0-75f5c709cfe0,Uber,Transport Services,5,2026-07-20,ممتاز,Positive
939d4259-07ae-4528-846f-98efb40dcbcf,Uber,Transport Services,5,2026-07-20,جميلاه,Positive
8ab49088-54c0-421a-89b5-07bf2fbbda21,Uber,Transport Services,5,2026-07-20,الله يرزقه محترم جدا جدا سواق بارع هادئ,Positive
ca5b611e-a177-4eeb-86ab-6c6db51e7931,Uber,Transport Services,2,2026-07-20,جيد,Negative
8b1bfce4-05de-4065-a814-aba60723e315,Uber,Transport Services,5,2026-07-20,رائع,Positive
acb33c04-afe1-44fc-86b3-029690d330b7,Uber,Transport Services,5,2026-07-20,رائعة,Positive
3dbd1e35-1f1e-4da0-8d6d-92d86e493c75,Uber,Transport Services,5,2026-07-20,très bien,Positive
ffaa91d3-d1f2-4e4d-8914-329daf856b99,Uber,Transport Services,5,2026-07-20,جميله,Positive
cc0bde79-c962-4b2d-884c-f06988815499,Uber,Transport Services,1,2026-07-20,السائقون يطلبون سعر اعلى من سعر البرنامج,Negative
53f14bd9-631a-40d7-ba84-daf4b41ddeaa,Uber,Transport Services,5,2026-07-20,ممتاز,Positive
29147304-1cca-43bb-9fbf-a3473d3273a0,Uber,Transport Services,5,2026-07-20,سريع,Positive
b18777ee-d22d-4677-a4f4-a797cd04a4ec,Uber,Transport Services,2,2026-07-19,صار تطبيق اوبر يرفع السعر عن السعر الاصلي جداااا بأكثر من ٥ ريالات الى ٨ احيانا والباقي عندما يتم وضعه في المحفظة ينقص من جهة التطبيق اما السائق يضع المبلغ كامل امامي في المحفظة التطبيق مميز ومختلف عن باقي التطبيقات اتمنى يضل زي ماهوا,Negative
59a1c8cf-d48b-4d06-a049-903827fba2a3,Uber,Transport Services,5,2026-07-19,جيد جدا,Positive
bbbce572-66b9-428c-8cf7-599ab6059e12,Uber,Transport Services,5,2026-07-19,احسن توصيل و قد اليد,Positive
025b89bc-b324-4493-8feb-852139bf8e9c,Uber,Transport Services,5,2026-07-19,جميل جدا,Positive
5db59fd2-54b3-4a5d-983f-ceaea4818d45,Uber,Transport Services,1,2026-07-19,لا انصح تم رفع الاسعار بشكل مبالغ فيه يعطيك سعر على التطبيق ولما توصل تلاقي الدبل جاري الحذف,Negative
c9ebc646-8473-4552-bca0-f22b592f6671,Uber,Transport Services,5,2026-07-19,ممتاز جدا,Positive
c2f30663-2928-4850-9865-1ec3bcc1e0c9,Uber,Transport Services,5,2026-07-19,رائع,Positive
e412fdb9-7c9b-4742-806d-45547cdb4cea,Uber,Transport Services,5,2026-07-19,جيد جدن,Positive
b69ace1e-b202-4358-97c8-ebb3c5ef841c,Uber,Transport Services,5,2026-07-19,ممتاز ط,Positive
048ecd65-7a5e-42a3-828f-b95ebd3491be,Uber,Transport Services,5,2026-07-19,ممتاز,Positive
b889e868-901f-4632-9613-24b91227d35a,Uber,Transport Services,5,2026-07-19,ممتاز,Positive
48de773a-6330-4ea2-a875-006b656ab818,Uber,Transport Services,5,2026-07-19,مع تجربتي بصراحه رائع,Positive
1d081f9a-571f-4bd0-a11a-e0843b4eed4f,Uber,Transport Services,5,2026-07-19,ممتاز من أفضل الشركات,Positive
b596aa3b-12bd-42cf-8e80-169c94c7b0f2,Uber,Transport Services,1,2026-07-19,ليه لازم اكلم الكابتن من نفس الرقم اللي مسجل منوا المفروض تكلموا من اي رقم عادي زي ديدي و إن درايف,Negative
9db80c9d-82bc-4540-b5bd-fa218ba1874e,Uber,Transport Services,5,2026-07-19,جميل جداً بالتوفيق الدائم للجميع,Positive
b5a336f7-98a3-4672-82d9-e8568b028717,Uber,Transport Services,1,2026-07-19,والله ماش في أبها انا وقعدت ساعه عشان يقبلني واحد مع ان الكباتن كثيييييير وما عندي مشكله ادفع زياده بس يجيني واحد لكن شكل المبلغ الي يجي الكباتن منخفض عشان كذا يرفضون شوفوا حل يا اوبر,Negative
db99a10b-bfa3-4abb-a1b1-6caeedc46cc2,Uber,Transport Services,5,2026-07-19,ممتاز,Positive
2d72253f-5c93-461e-9eb4-c56224dd3251,Uber,Transport Services,5,2026-07-19,زائعه,Positive
6b184232-7292-4eaf-b1d3-4aa35fd3fbb5,Uber,Transport Services,5,2026-07-19,very good,Positive
fc2a226e-95fe-43c8-afb6-44175339e133,Uber,Transport Services,5,2026-07-19,جميل ومحترم,Positive
49d65361-4b68-476f-bf07-90949e80d482,Uber,Transport Services,4,2026-07-19,سريعة و مريحة,Positive
cb45e1db-e65e-4c51-9fd0-fdd5ed9265f3,Uber,Transport Services,5,2026-07-19,جميل,Positive
777a78a8-a73f-467c-a518-3fa10434bded,Uber,Transport Services,5,2026-07-19,برنامج جميل جدا جدا ❤,Positive
ddab3c5f-fe7f-4915-9050-4f7dd4b72c90,Uber,Transport Services,5,2026-07-19,تجربه ممتازة شكرا جدا للسائق محمد وتطبيق جيد جدآ اكثر من رائع كانت تجربتي الاولي في هذا التطبيق,Positive
2842d826-02bd-4e9f-be29-5c5c2822bcd1,Uber,Transport Services,5,2026-07-19,نعمة من الله الحمدلله,Positive
13650961-bbdd-4b24-bfea-6c8fa03d7be6,Uber,Transport Services,5,2026-07-19,good,Positive
b1336a46-46e2-4b10-8010-5e3a0569da67,Uber,Transport Services,5,2026-07-19,سهل جدااا,Positive
3d20199d-1f4f-4ddb-b42e-e1e83620b329,Uber,Transport Services,5,2026-07-19,ممتاز,Positive
4d1cbf65-9a5e-44a7-bdb9-03466555797f,Uber,Transport Services,5,2026-07-19,سائق أوبر محترم جدا,Positive
b206c075-6b0f-40cf-9545-492f5fb73090,Uber,Transport Services,5,2026-07-19,ممتازه,Positive
40819005-2c09-4bbc-8cab-5897348ed5cc,Uber,Transport Services,5,2026-07-19,ممتاز,Positive
b016aebc-b287-483b-95cc-5839fd7c7d54,Uber,Transport Services,5,2026-07-19,ممتاز,Positive
15fc802f-ebab-4385-9280-aa90678bb22f,Uber,Transport Services,5,2026-07-19,رائع,Positive
6ea1ac84-f468-4fce-9bad-c17addb764df,Uber,Transport Services,5,2026-07-19,ممتاز,Positive
ff387669-27c6-4e4f-8ee4-6e08985c03a9,Uber,Transport Services,5,2026-07-19,ممتازه,Positive
938b9a7d-a7d8-43db-a0eb-ac336cb5b73f,Uber,Transport Services,5,2026-07-19,تطبيق ممتاز,Positive
ee6c073e-95e4-4725-a0e2-ff0304122ad6,Uber,Transport Services,5,2026-07-19,ممتاز,Positive
7631bec2-fa1d-46c5-9ec1-b6d5ac836e53,Uber,Transport Services,5,2026-07-19,ممتازه,Positive
530c4412-ea51-4ff8-a88c-d811b931384f,Uber,Transport Services,5,2026-07-18,انسان محترم ومهذب وراقي وامين,Positive
46f5391e-e76f-496a-9428-be5fdf0dc3d4,Uber,Transport Services,1,2026-07-18,ممتاز,Negative
43a69354-1c91-4e61-925c-b05472ce70cb,Uber,Transport Services,5,2026-07-18,👍,Positive
8395379b-6d21-476d-b74b-8937b1816ce5,Uber,Transport Services,5,2026-07-18,ممتازه,Positive
e7db068b-29f4-4ff8-be1d-a240311df123,Uber,Transport Services,5,2026-07-18,تطبيق ممتاز و أسعاره ممتازة مقارنة بأسعار سيارات الأجرة في المدينة المنورة و هذه تجربتي الأولى فأنصح كل الزوار بتحميله,Positive
71906446-c060-45e7-a70e-49a130337315,Uber,Transport Services,5,2026-07-18,انصح الجميع بستخدام اوبر .. افضل تطبيق وافضل كباتن,Positive
a934495a-2198-48f2-a210-d32dba6bceed,Uber,Transport Services,5,2026-07-18,رهيب,Positive
9320f8a6-4ffa-4f41-b4b9-a50492613cea,Uber,Transport Services,5,2026-07-18,ممتاز,Positive
f4c29192-f2d1-4906-8b7c-d1fe64f0fec2,Uber,Transport Services,5,2026-07-18,ممتاز جدا,Positive
caa5dc8c-e25e-4c39-823a-d0542bb0b7ca,Uber,Transport Services,5,2026-07-18,التطبيق حلو لكن كل مااستمريت فيه كل ما صار يرتفع سعر المشاوير وشكرا,Positive
7148b4c3-9ae3-4b7c-8ab1-b455fb0a164c,Uber,Transport Services,5,2026-07-18,ممتازه,Positive
d18607e7-009b-4c20-a2b4-2b4533f7889e,Uber,Transport Services,5,2026-07-18,ممتاز,Positive
011ae29a-dc67-464a-8bcc-2dc64402bb0f,Uber,Transport Services,5,2026-07-18,تطبيق محترم,Positive
01e26e6c-c97f-4af1-91b9-3c41e3c1463c,Uber,Transport Services,5,2026-07-18,nice,Positive
1332fbe7-ce13-4032-87af-b388abb78b18,Uber,Transport Services,5,2026-07-18,جميل,Positive
eb486eb3-7572-4134-a9be-191323f13f3a,Uber,Transport Services,5,2026-07-18,تطبيق رائع وسريع وسهل الاستخدام ماشاء الله تبارك الله,Positive
39afeb80-9bcb-48df-a446-a31b2af22d35,Uber,Transport Services,5,2026-07-18,ممتازه,Positive
aef34460-a4ff-4b99-be8f-99572b2e1d2d,Uber,Transport Services,5,2026-07-18,السيارة مكيفه ومريحه,Positive
8c4e7eae-b025-4c56-9b8c-65b09edaccbf,Uber,Transport Services,5,2026-07-18,اسرع واوفر,Positive
f99bdbea-cf45-4cf2-8dbd-277cdc01286a,Uber,Transport Services,5,2026-07-18,ممتاز جدا,Positive
7ff0362c-fbba-4725-b15c-4f4e71cc8309,Uber,Transport Services,5,2026-07-18,ممتاز,Positive
edf4bad8-d146-49f0-8bb1-84bf59d74b72,Uber,Transport Services,5,2026-07-18,ممتاز,Positive
3e0a54d4-4cf4-4485-9b22-1fae1602f5eb,Uber,Transport Services,5,2026-07-18,جيد جدا,Positive
9fe37c5e-e6a8-4a64-b193-0a6d749a76dc,Uber,Transport Services,5,2026-07-18,تحفة بجدد,Positive
b01bbb9a-049c-423d-bea1-d51d1eb181ef,Uber,Transport Services,5,2026-07-18,شكرا لكم,Positive
732b8fc6-0625-46fa-ae5e-d2da089f146a,Uber,Transport Services,5,2026-07-18,ممتاز,Positive
b9167a8c-4d49-415e-b0b7-d27d73546a2c,Uber,Transport Services,5,2026-07-18,محترم جدآ ، متعاون,Positive
b02e0d24-b049-409e-b563-34f5dfc6a618,Uber,Transport Services,5,2026-07-18,ممتاز,Positive
1cf5ce85-17ac-4684-a6d2-1c0fba5f49c7,Uber,Transport Services,5,2026-07-18,تجربة فريدة من نوعها,Positive
59171fc7-7e6a-48f9-954c-6cbca7863bc4,Uber,Transport Services,5,2026-07-18,جيد جدا,Positive
bc0ed563-3c95-4d26-9c7c-f843adbdc4f9,Uber,Transport Services,5,2026-07-18,ممتاز,Positive
316f50e3-08d2-49c8-91b7-67b91b260097,Uber,Transport Services,5,2026-07-18,جميل جدا ورائع وخدمات حلوه وسريعه بذات الكابتن محمد,Positive
7871086e-47ae-4cb9-aba6-3fb1ae9bbe8b,Uber,Transport Services,5,2026-07-18,good 👍,Positive
1a509aa3-2cb8-4904-a574-e71219775019,Uber,Transport Services,5,2026-07-18,ممتاز,Positive
3f694482-7965-4ab9-b373-eb21b0e653ac,Uber,Transport Services,5,2026-07-18,جيد جداً,Positive
e5c4fdb8-57c9-45ff-90ef-88f8259b64ab,Uber,Transport Services,5,2026-07-18,شكرا,Positive
41118eab-7539-42ee-a9b1-dfcbd2c86296,Uber,Transport Services,5,2026-07-18,امتياز,Positive
2e997704-8e25-4107-80f2-7db7297b48b3,Uber,Transport Services,5,2026-07-18,رائعه,Positive
069981e6-2ce4-4d6b-916c-a00a4e370325,Uber,Transport Services,5,2026-07-18,ممتاز جدا,Positive
9700c2b6-df6a-4013-beb9-6f4c284e38a3,Uber,Transport Services,5,2026-07-18,جميل,Positive
756a9b2b-18a3-4bb0-9505-ecd52cd1a4dd,Uber,Transport Services,5,2026-07-18,جميله جدا,Positive
ffcb50a9-89bc-40dd-b7f7-ba1fb30cfb64,Uber,Transport Services,5,2026-07-18,Very good service,Positive
182f98dc-2c56-4737-b067-dc3a1186ff4a,Uber,Transport Services,5,2026-07-18,ممتاز,Positive
8a758bcc-07e8-4690-8b00-41dceb0babdf,Uber,Transport Services,5,2026-07-18,ممتاز,Positive
e367770b-674b-4bc1-ab57-f995c3c5e1ac,Uber,Transport Services,5,2026-07-18,جميل,Positive
1ec37b96-da65-4b56-841c-af40d72cbfa4,Uber,Transport Services,5,2026-07-18,ممتاز,Positive
76145b1b-c190-408e-827e-c1ad243adfa9,Uber,Transport Services,5,2026-07-18,جيدة,Positive
44d6c631-e746-473d-b276-db54f2ead6f7,Uber,Transport Services,1,2026-07-18,سواق غير لائق,Negative
0aa3267c-465c-4b48-a96a-882c9e7e4e74,Uber,Transport Services,5,2026-07-18,رائع,Positive
72879ce4-4d49-4c63-bbca-3e03cd08d971,Uber,Transport Services,5,2026-07-18,🌿من احسن واجمل التطبيقات جدا والله 🩸,Positive
17af2e0f-5ff8-495b-8696-adcce9e959be,Uber,Transport Services,5,2026-07-18,ممتاز,Positive
e27715b4-a162-4ba2-a78b-f8c38dff4145,Uber,Transport Services,5,2026-07-18,شخص محترم جدا,Positive
a2a2c167-f870-4261-b8df-4208f26fb729,Uber,Transport Services,3,2026-07-18,بيعرض اسعار وهميه بيظهر عندي سعر وعند السائق سعر الرجاء معالجه هذه المشكله وشكرا,Neutral
fb7c1eed-d0f6-4169-a8e9-0c9b6281a310,Uber,Transport Services,5,2026-07-18,برنامج مميز جدا في مصر,Positive
c016ce07-8dd4-49dd-8117-7069aa3365f1,Uber,Transport Services,1,2026-07-18,"Dear Uber Support, I would like to share my concern regarding the trips I receive through the app. Most of the ride requests I get are very far from my current location, and the pickup payment is only €4.13. This amount does not cover the long distance, fuel, or the time spent driving to the passenger. As a result, both the car owner and the driver are losing money. We spend a lot of time traveling to the pickup location, which makes these trips financially unsustainable. I kindly ask you to rev",Negative
b345b54a-ee48-4caf-ae8e-7a4eee4ed4af,Uber,Transport Services,5,2026-07-18,روعه,Positive
4c9a40b9-59f8-49a0-a0a0-11ae79f8bc5d,Uber,Transport Services,5,2026-07-18,احسن اوبر فى الدنيا,Positive
5df6fb7d-b10c-42ed-b073-b75e8e36e39e,Uber,Transport Services,5,2026-07-17,هذا التطبيق اكتير حلو,Positive
020ec5d6-66b3-412b-8c67-a2a56c5cccb7,Uber,Transport Services,5,2026-07-17,ممتاز,Positive
206a5296-469c-45ce-8d9a-5eba3e9ce4b7,Uber,Transport Services,5,2026-07-17,جميل جدا,Positive
8be55165-f452-45e4-922c-7880382cd36c,Uber,Transport Services,1,2026-07-17,للأسف الشديد أصبحت اسوء شركة بسبب عدم وجود أي مسؤولية أو التزام حقيقي لخدمة تعمل دون المواصفات والمعايير العالمية,Negative
8e0fbe65-2d96-4fff-8628-268ef3d84c0e,Uber,Transport Services,5,2026-07-17,ممتاز,Positive
5ecb24f0-32f5-4857-a3c8-fc464e56ba05,Uber,Transport Services,5,2026-07-17,تحفه,Positive
ec704ac3-85ce-4228-a372-a1b37f5f150c,Uber,Transport Services,5,2026-07-17,ممتاز,Positive
1027aba1-61df-46a8-9283-2725ef403730,Uber,Transport Services,1,2026-07-17,ممتاز,Negative
48de8a78-6bf7-4e56-a045-7af8dda0791d,Uber,Transport Services,5,2026-07-17,من أجمل الاوبر فر مصر اسعار رخيصة جدا,Positive
f53d9ca9-9a6c-47c7-af17-bc9109fa8f4a,Uber,Transport Services,5,2026-07-17,تجربة ممتازة شكرا,Positive
8027e3de-2c52-479e-ab69-011d868d76ba,Uber,Transport Services,5,2026-07-17,ممتاز بس احيانا الأسعار غاليه,Positive
ac33666f-938f-443b-876c-cbe54158d7e3,Uber,Transport Services,1,2026-07-17,اوبر تطبيق مختلف صراحه لا أحد يحط بطاقته ادفع كاش لان فجاه ينسحب منك ما ادري كم مره تطلب ينسحب مرتين مره مره يسحب بدون سبب يبط الچبد,Negative
05707848-611d-4e17-a5a1-a2108bf4b330,Uber,Transport Services,1,2026-07-17,حسب الله ونعم الوكيل في البرنامج كنت طالب رحله والعربيه مجتشي وتنتني انا والاولاد منتظرين في الشمس لحد ما الاولاد تعبو بالعلم اني الرحله من اكوا بارك العبور الي المرج دائري,Negative
8651caea-ea7f-4cc7-a19d-c20e082107ad,Uber,Transport Services,5,2026-07-17,ممتازه,Positive
8bcc88f1-e696-46e1-90b1-8848663674c6,Uber,Transport Services,5,2026-07-17,جميلة جدا وممتعة,Positive
54612b8a-de57-4f9e-bc91-a7eb88eec309,Uber,Transport Services,2,2026-07-17,ياريت تضيفو خاصيه لشاكوة الكابتن حرفيا فى سعات بانتظر اكتر من ساعه وكل واحد يقبل يقعد ب ال ١٠ دقايق وبعد كده يلغى بقى فى استهبال جامد,Negative
1fe507c6-383c-4668-a50c-6c5cb88db2b8,Uber,Transport Services,5,2026-07-17,بجد احسن تطبيق في مصر واصدق تطبيق,Positive
6f480023-b417-4711-9d38-b1307489a272,Uber,Transport Services,5,2026-07-17,روعه,Positive
0c181784-11f1-4bb2-9767-7a652dae7d3c,Uber,Transport Services,5,2026-07-17,جيد,Positive
11780a95-43c7-493d-9217-39c53918618c,Uber,Transport Services,5,2026-07-17,👍,Positive
08ed41c7-21fa-4402-b7d7-212229ad6786,Uber,Transport Services,5,2026-07-17,ممتاز,Positive
3436982f-fede-4da0-818a-7a75b6a33a1b,Uber,Transport Services,5,2026-07-17,أكثر من رائع,Positive
6ed1e6bd-fda8-443b-b5d5-e13040f8b004,Uber,Transport Services,5,2026-07-17,ممتاز,Positive
f9174fd8-6b59-454a-910b-4acb691056d4,Uber,Transport Services,5,2026-07-17,ممتاز,Positive
81fa1222-7c56-412e-8003-a0192838e765,Uber,Transport Services,5,2026-07-17,اخيرا تم اضافة سيارات XL شكرا لكم,Positive
30a415a1-450c-4c95-a5c7-3833087f1331,Uber,Transport Services,5,2026-07-17,مره جميللل,Positive
7e358b63-0ef5-426f-947a-410146d009f1,Uber,Transport Services,1,2026-07-17,تطبيق معقد جدن تجربه سيه,Negative
8d22505b-ba62-4638-9eeb-f2842701ed3e,Uber,Transport Services,5,2026-07-17,ممتاز,Positive
912a2c5e-012e-43ef-89fb-f0d746d52160,Uber,Transport Services,5,2026-07-17,جميل جدا,Positive
8dfcc7d1-8f72-41f7-8398-89d039ea0665,Uber,Transport Services,5,2026-07-17,ممتازة,Positive
74d369c2-fb3e-454e-bb45-dcab108132d7,Uber,Transport Services,5,2026-07-17,جيده جدا,Positive
424d2ca5-7292-4419-9a59-25b7f041449f,Uber,Transport Services,5,2026-07-17,سياره ممتازه ساق محترم,Positive
f4aa3e8d-e545-4f82-a756-a76cb790e235,Uber,Transport Services,1,2026-07-17,سيئ,Negative
86992975-0030-4e3d-93b1-db0bcc3a6bdf,Uber,Transport Services,5,2026-07-17,رائع وعروض اروع,Positive
aa3d59ec-817a-4df1-bd89-6f1f0fd0a292,Uber,Transport Services,5,2026-07-17,سائق محترم ومتميز,Positive
ee4b8478-82b7-40bc-9fae-1c1a243b9ed7,Uber,Transport Services,5,2026-07-17,تجربة جميلة,Positive
f28c18a5-1e06-44c4-9bb2-3093cc6de567,Uber,Transport Services,1,2026-07-17,شركه زباله حرفيا تقف تنتظر بالساعه و ف الآخر يقولك مفيش سواقين قرايبين منك وممكن تعدي الساعه واقف بجد,Negative
2a26abca-a346-4877-9228-0b70584dc8be,Uber,Transport Services,5,2026-07-17,خدمه ممتازه شكرا لكم,Positive
370cf664-adeb-455d-97e9-3e547b03cdd2,Uber,Transport Services,5,2026-07-17,جيده,Positive
8aa8266a-d736-4ff4-8359-a4fce4de705e,Uber,Transport Services,5,2026-07-17,تجربه مميزه,Positive
874cc2e7-f52a-4957-9d7b-a5d86ec027cd,Uber,Transport Services,1,2026-07-17,لو في اقل من نجمه كمان كنت عملت لكن للاسف عشان تعلق لازم تكتب نجمه واحده النهارده طلبت عربيه اغنيه الرجل السواق بيقول لي الغي من عندك قلت له لا الغي انت قام فاضل معلق المشوار عشان يبقى المشكله من عندي انا في حين ان انا كان معايا حاله مريضه مساله حياه او موت بوابه بكل برود بيقول لي مش هخش لك على مكان اللوكيشن واضطررت للالغاء قامت الشركه بكل برود حط عليا غرامه المشوار عامل 87 جنيه اضطررت ادفع 150 جنيه بلطجه في المشوار اللي بعده شغل احتيال من الشركه ومن السواق ما انصحش حد باوبر عشان هم مش قدها,Negative
8c7aad59-39d6-496d-b858-3c3eceb18658,Uber,Transport Services,1,2026-07-17,سئ للغايه يفرض رسوم بدون وجه حق,Negative
5e83b916-74b4-48bd-b4ac-ead884dbd1a8,Uber,Transport Services,5,2026-07-17,Excellent,Positive
822fad0d-1e6e-47b6-a323-2cc220722cfd,Uber,Transport Services,3,2026-07-17,جيد,Neutral
90ab2c4d-13ed-4810-aa41-b0596fb956b8,Uber,Transport Services,5,2026-07-17,هذه تجربتي الاولى,Positive
00d87497-d8e0-427b-9632-2c3c0e82c0c9,Uber,Transport Services,5,2026-07-17,حلو جدا,Positive
a8fcdfb8-d318-4953-bdd0-0b07ec5e8aa5,Uber,Transport Services,5,2026-07-17,رائع,Positive
fe1c8468-3239-4081-9107-2786ebd0b5a9,Uber,Transport Services,5,2026-07-17,"Der Service ist sehr gut, vielen Dank.",Positive
feb13e53-0f82-4f1d-a0eb-4d02e7279af9,Uber,Transport Services,5,2026-07-17,تطبيق جميل جدا، ودقه في المواعيد,Positive
689943b9-c13b-4d4f-910f-beed02fc73b3,Uber,Transport Services,5,2026-07-17,ممتاز,Positive
08ed8448-f8c8-4e7d-b04c-e9f474965373,Uber,Transport Services,5,2026-07-17,تطبيق رائع جداً و أسعاره مناسبة,Positive
5369d092-659c-42a7-a149-6dc576d7f54d,Uber,Transport Services,5,2026-07-17,رائع جداً بارك الله فيك,Positive
3c85eb3c-7b8e-4277-ad2d-3edae72a113c,Uber,Transport Services,5,2026-07-17,تطبيق ممتاز,Positive
eac79ebf-2c32-4705-913e-e1312e499049,Uber,Transport Services,5,2026-07-17,ممتاز جدا,Positive
f42ad5f0-3d4c-4e36-ad60-2667fa3590a1,Uber,Transport Services,5,2026-07-17,ممتاز جدا,Positive
6103ce8e-5689-4616-8e54-6d0ae1b430b3,Uber,Transport Services,5,2026-07-17,سائق محترم وخدوم ومتعاون,Positive
a7c4d8f6-ebe3-4421-88f6-2f8b16b6179d,Uber,Transport Services,5,2026-07-17,ممتازة,Positive
b4fb3934-300e-4e7c-bf17-c755deea1443,Uber,Transport Services,5,2026-07-17,تطبيق آمن وسريع,Positive
1013b4ef-4e78-43f1-9f43-24bb07f43de9,Uber,Transport Services,5,2026-07-17,شكراً لكم,Positive
5910c2ea-ea61-4838-beab-aa387a58f3aa,Uber,Transport Services,5,2026-07-16,ممتاز,Positive
9a43ffd8-b049-4f88-b441-00e146e113d9,Uber,Transport Services,5,2026-07-16,Excellent 👌,Positive
af234a73-a289-4cdd-9b2f-10fbf1a5db96,Uber,Transport Services,5,2026-07-16,السباق محترم جداً ومتواضع,Positive
43f16402-b104-4572-9e92-a39601e315b7,Uber,Transport Services,5,2026-07-16,احسن ابلكيشن للتوصيل,Positive
531705f1-a0eb-4db3-8529-3c9c35a5b691,Uber,Transport Services,3,2026-07-16,جيد الي حد ما,Neutral
08740d34-8b86-4f56-9319-2f2fb5ccfc71,Uber,Transport Services,5,2026-07-16,محترم جدا,Positive
f13f83e8-8b0e-4e68-b46a-6b7d737db844,Uber,Transport Services,5,2026-07-16,جيد,Positive
9923d46c-d69e-4a26-ac99-1a00bc283344,Uber,Transport Services,5,2026-07-16,ممتاز,Positive
b8671051-05f3-4196-b54a-d7ff9cae997f,Uber,Transport Services,4,2026-07-16,حلو,Positive
2c086e81-ccff-48b8-8ce9-9365aad6018e,Uber,Transport Services,5,2026-07-16,محترم جداً,Positive
0c9de47e-4b1f-49f6-b852-52ede3a92ad9,Uber,Transport Services,5,2026-07-16,محترم,Positive
a64e5a77-c6e6-4ede-abf2-d459105e7220,Uber,Transport Services,5,2026-07-16,كانت رحلة ممتازة والسائق صبور ومحترم,Positive
d8ab67a7-ee33-42d7-a216-bf76aeaf8030,Uber,Transport Services,1,2026-07-16,الخدمه بقت مقرفه جدا اسعار مرتفعه والكباتن بقو اوحش كباتن علي اي برنامج توصيل مبيقبلوش اي مكان غير الي علي مزاجهم جاري تتغير وسيله التنقل,Negative
80d8e7bf-43b7-442f-a977-971e3bfd6437,Uber,Transport Services,5,2026-07-16,ممتازه,Positive
3c3d8cc6-9108-4d20-b890-dea8a7155a8a,Uber,Transport Services,5,2026-07-16,تطبيق رائع,Positive
87d99a0a-1c31-4646-97da-40d6e66c27de,Uber,Transport Services,2,2026-07-16,مبالغكم زياده,Negative
59bec505-1eef-4a65-ab50-7b030e09815a,Uber,Transport Services,5,2026-07-16,ممتاز,Positive
5e4d97d0-e323-460e-b18f-6e455f07be0e,Uber,Transport Services,5,2026-07-16,اجدع تطبيق... 🙄,Positive
913353f8-b440-4a98-aea7-1826232f3ed2,Uber,Transport Services,5,2026-07-16,ممتا,Positive
67b1d55e-9068-40e3-8853-470c19a0dee2,Uber,Transport Services,5,2026-07-16,جيد,Positive
0e5733cf-33bb-4f0d-acb4-e32ae18b4fa9,Uber,Transport Services,5,2026-07-16,سائق ممتاز,Positive
626da62f-0556-48f3-be1a-ff20a2aaf943,Uber,Transport Services,5,2026-07-16,ممتازه السياره نظيفه ومكيفه,Positive
5c66ca0e-36b6-4431-a53e-69aa9051a4c6,Uber,Transport Services,2,2026-07-16,شكراً,Negative
c32b7011-8a98-49e8-9a4f-a228d144812d,Uber,Transport Services,4,2026-07-16,تطبيق ممتاز. ورئع وسريع,Positive
087f91ae-f3f6-4013-99be-4f069a8783b8,Uber,Transport Services,4,2026-07-16,جيد,Positive
019482e0-d8b3-4247-983c-f72b45229367,Uber,Transport Services,5,2026-07-16,خدمة جميله توفر الجهد والوقت وايضا الكلفه مع اوبر خفه ومتعه,Positive
dafed268-c96e-4d5c-b4ff-4dcd178e3028,Uber,Transport Services,5,2026-07-16,Gut,Positive
923f8547-3693-4fd9-ae03-aa8709e6b0be,Uber,Transport Services,5,2026-07-16,تطبيق ممتاز وسهل الاستخدام والكباتن ممتازين,Positive
b07f2696-1b6f-4daf-9df3-d2dc8bbc1308,Uber,Transport Services,5,2026-07-16,رائع,Positive
942fb0d1-e1bb-45cb-8e77-d8fd67b750ff,Uber,Transport Services,5,2026-07-16,جميل,Positive
3ab514fd-8d87-49b2-9012-b8a66977a86c,Uber,Transport Services,5,2026-07-16,ممتاز,Positive
eaf8f261-83e5-4889-83c9-633aa5cf24dd,Uber,Transport Services,5,2026-07-16,راجل محترم جدا,Positive
71ddec6a-b9bf-4670-86e5-2a8598f0fd48,Uber,Transport Services,5,2026-07-16,سؤاقين محترامه,Positive
fdc09800-a30a-4d9d-8b5e-1d7f42f9c9f8,Uber,Transport Services,5,2026-07-16,❤️❤️,Positive
4ac23e84-2afc-47b3-97dd-33070a663929,Uber,Transport Services,5,2026-07-16,ممتاز جدا,Positive
634ec08e-bb73-4f8c-8b2c-c712eda4f900,Uber,Transport Services,5,2026-07-16,Schon,Positive
d4d46969-c6fe-49ed-85d7-9f4fe49fd803,Uber,Transport Services,5,2026-07-16,برنامج ممتاز,Positive
8d7852ff-bc52-4e53-80f1-c4a00efa64b3,Uber,Transport Services,5,2026-07-16,Sehr schön,Positive
747186ac-785a-4889-836b-c2875b239724,Uber,Transport Services,5,2026-07-16,ممتاز,Positive
678fc1ec-99c1-4438-80a5-d59aeada1a34,Uber,Transport Services,1,2026-07-16,يسحب مبلغ اكبر واحاول اتصل بخدمه العملاء service sucks,Negative
376a08be-cb89-4c90-8380-5b61987486cc,Uber,Transport Services,5,2026-07-15,سائق علي خلق شكرا,Positive
44d4783b-6cdf-421e-bc27-4aefaba34ddd,Uber,Transport Services,5,2026-07-15,فل,Positive
284d9d9c-cb2d-4828-9923-a8aaacbe88e9,Uber,Transport Services,5,2026-07-15,ممتاز جدا جدا,Positive
c9684432-0231-4235-a919-1b8a795ec68c,Uber,Transport Services,5,2026-07-15,ممتاز👍👏😆,Positive
1a812ed2-0749-4bb1-9bf5-d99e94932f42,Uber,Transport Services,5,2026-07-15,تطبيق ممتاز وسايقين محترمين جدا الشهاده لله وعن تجربه الله يوفقهم ويرزقهم ويفتح لهم أبواب الخير والسعادة يارب العالمين,Positive
565d65b5-293e-4e2f-b37d-3c1fa0e4e140,Uber,Transport Services,5,2026-07-15,ممتاز,Positive
e7c39e16-a101-4c68-b89a-f45d3661bf68,Uber,Transport Services,5,2026-07-15,جيد جدا,Positive
4f695126-55bc-4df9-bcfe-a80563c36838,Uber,Transport Services,5,2026-07-15,محترم,Positive
ee95be89-fe2a-421d-94c5-956d7322f9c1,Uber,Transport Services,5,2026-07-15,ممتاز وسهله,Positive
204618ee-ee86-437f-a6b6-e1c368042407,Uber,Transport Services,5,2026-07-15,حلو,Positive
5b28860b-a2ed-4727-b8c2-2f54d6a4146a,Uber,Transport Services,1,2026-07-15,تجربه ممتازه ❤️❤️❤️❤️,Negative
36dbf0a4-6eeb-4ef3-b5dd-7a382ddcf7d2,Uber,Transport Services,5,2026-07-15,جميل,Positive
4af836e2-b754-4e6f-b680-ac6fd8193da9,Uber,Transport Services,1,2026-07-15,مشبيدخل معاى,Negative
810473a3-965f-4f7d-a166-97cb003a9210,Uber,Transport Services,5,2026-07-15,حلو ومريح,Positive
26a4c45e-8536-4ee8-b5fb-bb7d9219bd20,Uber,Transport Services,5,2026-07-15,جيد,Positive
067d1b45-e83e-4ff6-8660-7f12193ff1e0,Uber,Transport Services,5,2026-07-15,ممتازه,Positive
40380ba5-6d95-4849-9cc1-01f017549d16,Uber,Transport Services,5,2026-07-15,ممتاز جداً,Positive
4e5be07f-370b-4def-8dbb-e59c2e2e0f92,Uber,Transport Services,5,2026-07-15,ممتاز جدا جداً جداً,Positive
cbbf0fad-8bf1-42a9-ba85-2272580e44b0,Uber,Transport Services,5,2026-07-15,ممتاز,Positive
998ba5b7-616a-4864-b0d4-139b6a28fea0,Uber,Transport Services,5,2026-07-15,احلة برنامج,Positive
f632ad48-b125-4eae-9276-a63f02c89b0e,Uber,Transport Services,5,2026-07-15,ممتاز وموفر وسريع,Positive
20ba6b6f-a4d7-4982-ad18-232d5fff23d1,Uber,Transport Services,5,2026-07-15,ما شاء الله تطبيق ممتاز,Positive
552e9f13-65b4-46e7-a219-a8214c0f493f,Uber,Transport Services,5,2026-07-15,ممتاز,Positive
50c9c935-6b42-4cec-9d94-ba589203c3d8,Uber,Transport Services,5,2026-07-15,جميل جدا,Positive
ef8f239f-5ff5-4aef-858d-ca2a9c9fe420,Uber,Transport Services,4,2026-07-15,برنامج محترم,Positive
711cb7af-5c4e-42ef-b9dc-3598b8fec064,Uber,Transport Services,5,2026-07-15,ممتع,Positive
2f57a824-78ed-41b4-85b2-3c843ab4d107,Uber,Transport Services,5,2026-07-15,تطبيق رائع جدا ومفيد وافضل من السوم و وجعل الرأس مع التاكسي,Positive
625f43de-5819-4536-9130-f1d72d301f6a,Uber,Transport Services,5,2026-07-15,كابتن محترم جدااا وأسلوبه راقي,Positive
47bc8c3e-7663-48d7-834c-592664df65b1,Uber,Transport Services,5,2026-07-15,تطبيق ممتاز,Positive
f892deff-2d75-473f-8d1b-182e46ba5706,Uber,Transport Services,5,2026-07-15,ممتاز جداً أكتر من رائع,Positive
9ac8869f-db79-43e7-9061-d1cd6141676b,Uber,Transport Services,5,2026-07-15,جيدة شكراً,Positive
149076ef-f1b0-47bf-9920-4bcc3681873a,Uber,Transport Services,5,2026-07-15,❤️,Positive
4b6a60bf-bd2f-485e-9d16-7d7706669c25,Uber,Transport Services,5,2026-07-15,خدمة رائعة وسريعة,Positive
02121954-bbca-43ec-a0f3-b94193a14f9b,Uber,Transport Services,5,2026-07-15,جميل جدا,Positive
c56fe885-1c56-4508-964d-5ce01af8c5ae,Uber,Transport Services,5,2026-07-15,ممتاز,Positive
a445246d-66d0-4bcf-bf27-049a3e6aa736,Uber,Transport Services,5,2026-07-15,ناس محترمين اوي و السعر توحفه,Positive
3483aaf8-7c37-435b-b153-c239b9e97a9a,Uber,Transport Services,5,2026-07-15,ممتاز جدا جدا 🥰👍,Positive
95ab58ca-07f4-4338-a3e6-4b6c211e3566,Uber,Transport Services,5,2026-07-15,ووزو,Positive
b2314205-5efd-49df-89b7-21bbfd83ad53,Uber,Transport Services,5,2026-07-15,جيد,Positive
2f4cf0cc-be06-497b-8c06-c64921b8083d,Uber,Transport Services,5,2026-07-15,رائع,Positive
5044740e-8a48-4981-8127-074da783129f,Uber,Transport Services,2,2026-07-15,برجاء تعديل تقيمي علي البرنامج انتو شركة محترمه مش كل سائق أوبر يجيلي يطلع ليه اني بلطجي ونصاب ارجو الافاده وشكرا .,Negative
7d69de0d-c316-411a-a9a0-98f4196a9ed0,Uber,Transport Services,5,2026-07-15,خدمه ممتازه جدا,Positive
fdb77528-5284-4141-b737-9ba42ddc589b,Uber,Transport Services,5,2026-07-15,السائق محترم جدا والخدمه ممتازه جدا أفضل تطبيق على الاطلاق,Positive
4302e760-01a4-45df-bc63-1388b69de8c8,Uber,Transport Services,3,2026-07-15,كانت اسعاره جيدة ومناسبه ولكن زاد السعر هذا الشهر للاسف رح استبدله بتطبيق توصيل اخر,Neutral
179abfb9-a07d-4a81-978b-00a05b506e4e,Uber,Transport Services,5,2026-07-15,التطبيق كان جميل لكن دلوقت مش راضي يفتح,Positive
9200d7d2-5bd6-48a3-a118-1d79e48928c8,Uber,Transport Services,3,2026-07-15,مستوى السيارات فى انحدار دائم,Neutral
d9ce3587-fe0f-4d5a-9f52-06eeb5356fcd,Uber,Transport Services,5,2026-07-15,أنجح شبكة تواصل أرضية في عالم,Positive
11cb3652-5a59-40d0-830c-491e0f39ee8f,Uber,Transport Services,4,2026-07-15,جيد بعض الشي لكن فية استغلال ..,Positive
450f53b2-4cf7-453a-a46a-04dc897bc529,Uber,Transport Services,5,2026-07-15,متتاز جدا,Positive
8472a341-ac78-44b2-9ef8-df8f48adff18,Uber,Transport Services,5,2026-07-14,شكرا جدا,Positive
98be52df-f098-4a3e-9751-b3a31682f92d,Uber,Transport Services,4,2026-07-14,جميل,Positive
8ef8c640-daed-4d58-8f50-dc7d46e15c19,Uber,Transport Services,1,2026-07-14,اسوء تطبيق و تسعيرة غالية جدا دا غير الأسلوب و خدمة عملاء سيئه جدا تجربة لن تتكرر,Negative
3e7e2659-59a5-440f-af2d-1a2ca161e517,Uber,Transport Services,5,2026-07-14,كويسه,Positive
01d6ea79-21c8-4f9b-b30a-ac12a60bdd96,Uber,Transport Services,5,2026-07-14,مميزة,Positive
d6a4bb93-2084-43fa-afda-ba8bec21a0cf,Uber,Transport Services,5,2026-07-14,ممتاز,Positive
f1deca3f-bcca-452e-ad7c-10c817946de3,Uber,Transport Services,1,2026-07-14,جمال,Negative
525deda4-1a04-4e39-bfa2-a6d58f2eb9ad,Uber,Transport Services,5,2026-07-14,برنامج رائع واسعارو مناسبة كتير وعندنا سرعة عالية,Positive
fdae0d91-aa47-4991-821d-d3f2504a7107,Uber,Transport Services,5,2026-07-14,تجربتي رائعا,Positive
95545c93-158b-4481-95f8-26cceae89857,Uber,Transport Services,5,2026-07-14,تطبيق سلس وآمن.,Positive
f303b1c6-3780-4766-abe5-6dab72e2bfbd,Uber,Transport Services,5,2026-07-14,رائع,Positive
5c8a3ee5-b890-41d5-a6b4-5e6b7085c66f,Uber,Transport Services,1,2026-07-14,سيى بعد الاتفاق على التجره يقومون بزياده,Negative
4c404c58-3da6-4582-bcf2-719cf7db5147,Uber,Transport Services,3,2026-07-14,تجربه مقبوله .. يفسدها بعض الكباتن الغير محترفين,Neutral
a6006d51-89a0-4e6c-9cca-5e025868211e,Uber,Transport Services,5,2026-07-14,جيده,Positive
eaf6348d-65a5-4149-8c61-0cb5e18b7709,Uber,Transport Services,5,2026-07-14,كويس بس انا محتاج مساعده ضروري ضروري ضروري ضروري ضروري ضروري ضروري انا محتاج نوع الاسكوتر دايما يكون بوكسر لان اي اسكوتر تاني بيبقى متعب بالنسبالي ممكن حد يساعدني في الموضوع ده,Positive
000c1067-2f3c-4ed0-8db2-e35e36c72597,Uber,Transport Services,5,2026-07-14,جيد,Positive
9d34bbf8-cf85-45b0-868f-ece631d23c9b,Uber,Transport Services,5,2026-07-14,جميل,Positive
f9a295ab-dcc2-4e03-ba73-d513c5272ce9,Uber,Transport Services,5,2026-07-14,تطبيق روعه,Positive
1333d075-e0f7-4ee5-b0fd-aa78b7bd26ae,Uber,Transport Services,5,2026-07-14,جامد جدا,Positive
6b4dd971-6471-4dd2-bc4a-5199cd9507c9,Uber,Transport Services,5,2026-07-14,شكراً جزيلاً ونتمنى الأفضل,Positive
864ebbf3-5b49-4b02-ac90-122e839a6208,Uber,Transport Services,5,2026-07-14,جيد,Positive
a2f38f2d-a792-497d-a1c3-83b355664626,Uber,Transport Services,1,2026-07-14,يعطي في مواقع خطأ لي السائقين,Negative
3943bdf4-f3e0-45eb-8dd9-4814d178df8e,Uber,Transport Services,5,2026-07-14,ممتاز,Positive
b59962ad-5642-4326-9230-8fe397debb30,Uber,Transport Services,5,2026-07-14,سائق جيد ومحترم ولم تصدر منه اي شيئ يضايق الركاب,Positive
d0e90b19-5d29-4d88-a28b-246740f4558a,Uber,Transport Services,5,2026-07-14,ممتاز جدا واخلاق عاليا,Positive
da23c1ab-0c14-4a3e-af33-e39ef574ceb5,Uber,Transport Services,5,2026-07-14,افضل خدمه,Positive
d9e823d5-aec6-4000-a608-b94dd1c5d0cb,Uber,Transport Services,5,2026-07-14,نفسي الاكون يشتغل,Positive
a2c5cd75-f537-4731-9372-064aad0bda26,Uber,Transport Services,5,2026-07-14,جيد,Positive
8b787608-640e-4141-aa45-8ed35303a2ca,Uber,Transport Services,3,2026-07-14,كويس,Neutral
08aca2b4-458d-4699-babb-f3988dde8451,Uber,Transport Services,5,2026-07-14,اجمل تطبيق رائع جداً جداً شكرا ألف,Positive
090fe135-ee5f-4de3-8121-3bb30a6ef5fc,Uber,Transport Services,5,2026-07-14,خدمة ممتازة والسائق كان في قمة الاحترام,Positive
67187fe5-8720-4b89-88aa-2e3424d8390e,Uber,Transport Services,5,2026-07-14,ممتازة,Positive
42a7a378-5a3b-426b-bdd0-be3e643d6c00,Uber,Transport Services,5,2026-07-14,ممتاز,Positive
9a0fd526-fe68-4ab6-80c3-c2ac07acebf6,Uber,Transport Services,1,2026-07-14,تطبيق ممتاز لاكن يحتاج إلى تحديث للوكيشن,Negative
8585d254-c24e-400f-a686-bd0a0f4eadf1,Uber,Transport Services,5,2026-07-14,جميل جدا وخدمات سريعه جدا,Positive
d8512977-85e9-4ece-9cbe-15f62daf52fa,Uber,Transport Services,5,2026-07-14,ممتاز جدا,Positive
fbc4f6d3-e8b8-468f-8de2-0c1f3faab1b9,Uber,Transport Services,5,2026-07-14,ممتاز,Positive
9bf90b24-4064-4f31-83b1-d0e508a243bf,Uber,Transport Services,1,2026-07-14,سيئ للغاية و اسعار غير عادلة لا انصح احد بالعمل معهم,Negative
82066122-1115-4cc9-90b1-bef8b3af33cd,Uber,Transport Services,5,2026-07-14,ممتاز,Positive
e9095394-8456-49d3-b18a-57d186ecef65,Uber,Transport Services,4,2026-07-14,ممتاز,Positive
cfac13ad-36a1-4a46-8e5b-cc7151867fa5,Uber,Transport Services,1,2026-07-14,زفت، الطلبات بتتاخر وعروض غير حقيقية واضاعة للوقت في الانتظار ثم البحث عن وسيلة اخري,Negative
a2cf861f-1417-499a-a659-b665f7796ace,Uber,Transport Services,5,2026-07-14,ممتاذ,Positive
ec831645-5b59-4b96-a0c8-902e3eb861c6,Uber,Transport Services,5,2026-07-14,امتياز من جميع النواحي,Positive
cbaadbd6-07ff-405d-a3e3-1ec3d8a1628a,Uber,Transport Services,5,2026-07-14,ممتاز,Positive
489b8494-e080-4b24-a3a1-6cdbc4b163b3,Uber,Transport Services,5,2026-07-14,كلمة شكرا قليله في حقكم تستاهلون الف نجمه ع الخدمه هذه,Positive
69156e67-ffa4-4cdc-aa96-686e9269c2ab,Uber,Transport Services,5,2026-07-14,جزاك الله خيرا ا.وائل محترم,Positive
1229fe3a-3e44-4316-8663-413da3aed99c,Uber,Transport Services,5,2026-07-14,حلوة ومريحة والسواق متعاون,Positive
fb49a8aa-bb2d-4152-b75a-c566b14bca82,Uber,Transport Services,5,2026-07-13,ممتاز,Positive
09f59bc7-3a8f-45b0-83d0-de6c0c730266,Uber,Transport Services,5,2026-07-13,اه,Positive
ea03b00e-91ca-4adb-b8ab-8c102164cf45,Uber,Transport Services,1,2026-07-13,سيئ في مصر,Negative
44cda19e-8d8d-4d45-90f7-d9ea4ab08491,Uber,Transport Services,5,2026-07-13,جميل,Positive
e76d8f16-a2b0-4155-9738-787ffdb908ef,Uber,Transport Services,5,2026-07-13,ممتاز,Positive
4dd77476-791c-4bd2-be2b-61535bee7964,Uber,Transport Services,4,2026-07-13,سائقين محترمين جدا و هادئين حتي مبرغوش خالص سريع و آمن أوصي به شده,Positive
4a596ead-a6ef-4e36-8f3a-5288acdb66dc,Uber,Transport Services,5,2026-07-13,جميل جدا,Positive
f9daf2bb-9664-4ce8-a467-96323b5731c4,Uber,Transport Services,4,2026-07-13,جميل,Positive
4e90d1f6-3da6-4807-ac3c-a2dde78de42c,Uber,Transport Services,5,2026-07-13,ممتاز,Positive
3360c5eb-97e4-4e69-9f62-ee9210254a20,Uber,Transport Services,5,2026-07-13,جيد جدا,Positive
3bf23dc9-b71e-4c08-8a4b-1b987af25dee,Uber,Transport Services,5,2026-07-13,جيد جدا,Positive
7900f25e-7228-44c2-a997-b098dbacd2e6,Uber,Transport Services,1,2026-07-13,الخدمة بقت منتهي التدني بجد عشان اطلب مشوار لازم استني ساعة لحد ما حد يقبل و المشكلة ان السواقين بيكونو ظاهرين جمبي اكتر من 20 واحد و في الاخر لما حد يقبل يلغي المشوار بعد ما يقبل و حصلت اكتر من مره و اللي مبيلغوش ميرضوش يدخلو ع اللوكيشن و يعمل عبيط و يقولك انا ع الشارع بره و مره في واحد قفل في وشي بعد ما خلاني خرجتله بقوله انا خرجت و ملقتش حضرتك قالي انا دخلت الشارع و دخلت انا الشارع ملقتهوش بقوله حضرتك مش موجود راح قالي انا بره قلتله شايفه الناصيتين و انت مش موجود راح قفل و كذا حد قليل الذوق,Negative
1fb04bfe-8a79-49b6-983b-d1c7bdddbe84,Uber,Transport Services,3,2026-07-13,جيد,Neutral
fd28989c-f30f-4b91-b785-83930c8a6433,Uber,Transport Services,5,2026-07-13,حلو,Positive
a256fdd9-ac39-4335-bd6d-6264f46ead24,Uber,Transport Services,5,2026-07-13,تعامل ممتاز وخدمة مميزه,Positive
a0a3d687-85b2-4f45-b24e-a3505e702b0d,Uber,Transport Services,5,2026-07-13,ممتازة,Positive
f7b5e281-e02c-4195-9d9f-128460b39eda,Uber,Transport Services,5,2026-07-13,برنامج ممتاز جداً,Positive
e0e27155-2e30-4b26-bb09-2fd7e8dc8e89,Uber,Transport Services,5,2026-07-13,تطبيق ممتاز وسايقين محترمين,Positive
1b50db47-579b-4cdc-aa55-304f6c4b80aa,Uber,Transport Services,5,2026-07-13,ممتاز,Positive
2940aaa9-a7ad-4353-8cd9-83cfb4746e95,Uber,Transport Services,5,2026-07-13,سائقي ادهم حلم وطول بال,Positive
57908f32-6a68-4ee9-bd44-f2676d38e96a,Uber,Transport Services,5,2026-07-13,البرنامج كويس جدا والسواقين اللي موجودين على البرنامج محترمين جدا التعامل مع اوبر غير اي تعامل مع برنامج اخر,Positive
6454492e-279f-4faa-af75-abf7d153816b,Uber,Transport Services,5,2026-07-13,رائع,Positive
b8bf1345-6db7-4c7d-9533-0c9c862a23f8,Uber,Transport Services,5,2026-07-13,جميل جدا,Positive
7f320f01-25ed-4190-9482-491af1464a52,Uber,Transport Services,1,2026-07-13,عند الطلب قال ٢٢٠ الحساب وعند الوصول والدفع طلب ٣٢٠ جنيه يعني ١٠٠ جنيه زيادة تم الحذف التطبيق الآن,Negative
2e68acbc-09aa-4225-b061-984f4cc34bbe,Uber,Transport Services,5,2026-07-13,برنامج جميل جدا والتوصيل جميل,Positive
a76402b8-16cb-4d76-8cd1-1b40e2c69e64,Uber,Transport Services,5,2026-07-13,ممتاز جدااااا,Positive
