review_id,app_name,domain,rating,date,review_text,review_type
cb424aab-97e3-4679-bcbf-2509d4d385b3,Vodafone Egypt,Telecom,5,2026-09-29,ممتاز جدا,Positive
d783439b-7c21-4091-be80-48797f607df9,Vodafone Egypt,Telecom,5,2026-09-29,برنامج روعة شكرا,Positive
7fa1a799-249a-462d-a79f-fc7d1b6967f0,Vodafone Egypt,Telecom,1,2026-09-29,انتوا أسواء شركه في مصر وانا من هنا بطالب كل متضرري شركة فودافون التواصل لرفع دعوه قضائيه علي الشركه دي,Negative
7a299c32-3efd-421e-980c-aefec87488c1,Vodafone Egypt,Telecom,5,2026-09-29,٧٧١٩٦٨,Positive
59974d5d-3245-4560-a293-24316c7e51d1,Vodafone Egypt,Telecom,1,2026-09-29,التطبيق مش شغال بقاله اسبوع,Negative
32161ef5-85d7-4aaa-8a51-95e265e7f809,Vodafone Egypt,Telecom,5,2026-09-29,انا كل ما افتح التطبيق انا فودافون يقول لي الهاتف لا يستجيب وانا كنت مستخدمه قبل كده وكان ممتاز جدا,Positive
4f00074c-ed13-4abe-a4c4-8379eec866c4,Vodafone Egypt,Telecom,1,2026-09-29,البرنامج بيهنج وبتظهر رساله عندما تحول اي مبلغ والبرنامج بيقف خالص,Negative
95d3755d-ed42-4ed0-a4f8-0b0576f265fe,Vodafone Egypt,Telecom,5,2026-09-29,حبيبناااا🫶,Positive
6d07032b-2dea-4f3e-94bf-6dae2130112d,Vodafone Egypt,Telecom,5,2026-09-29,عايز اتكلم مع عميل فوراً,Positive
4e60dbfe-c9fd-419c-99e8-70e2491567e2,Vodafone Egypt,Telecom,3,2026-09-29,ياريت بعض الأهتمام لان التطبيق من سئ لأسوء,Neutral
85be590c-2834-45d1-83c3-2a07d66d6b2d,Vodafone Egypt,Telecom,1,2026-09-29,والله العظيم خدمه سيئه ومش كويسه ما بعرفوش يتعاملوا مع العميل شركة اتصالات انظف من شركه اتصالات بتديني عروض انظف من شركه فودافون يا جدعان كله يتعامل مع شركه اتصالات شركه فودافون مش كويسين ولا بيعرف يتعامل مع العميل,Negative
b72bfac0-7ac0-47df-97d6-e543f353379c,Vodafone Egypt,Telecom,1,2026-09-29,مش حلو خالص,Negative
e233f460-1c73-4c9f-b6c0-e41d3a512fe0,Vodafone Egypt,Telecom,3,2026-09-29,مقبول,Neutral
5d423e64-367c-4676-84b4-423bfd85406f,Vodafone Egypt,Telecom,5,2026-09-29,ممتاز جدا جدا,Positive
f3a50313-004a-4107-94ec-fa4cff1b19d3,Vodafone Egypt,Telecom,5,2026-09-29,جيد جدا جدا,Positive
9507c973-82e6-4e4d-afa9-e5285e30bf3e,Vodafone Egypt,Telecom,5,2026-09-29,جيد وممتاز,Positive
8e159b02-1712-4fa7-bda9-8d961cb74741,Vodafone Egypt,Telecom,1,2026-09-29,no good. جدا.عقيم,Negative
56dfe4f6-3208-46e0-9a33-a8a405b1f20c,Vodafone Egypt,Telecom,3,2026-09-29,الموقع لا يفتح ارجو حل المشكلة,Neutral
557bc826-8622-4452-873c-a64b70669cd1,Vodafone Egypt,Telecom,5,2026-09-29,مؤمن حامدمحمد,Positive
ab98b890-7a82-408a-ae2e-03e20356e5ef,Vodafone Egypt,Telecom,5,2026-09-29,ممتاز,Positive
5192fabc-2462-40df-8dde-608911611b96,Vodafone Egypt,Telecom,1,2026-09-29,خدمه سيئه ورديئه جدا سرقة اموال واستنزاف بطرق ملتويه قد تصل الي 30 قرش مسروقه كل مكالمه. استطيع ان اثبت ذلك من خلال رسائل الخدمه وساأقاضي الشركه بتهمة النصب والاستيلاء على اموال العملاء والان انا اجمع حالات مماثله للتقدم بشكوى رسميه لاثبات فساد هذه الشركه وايقافها عن سرقة المواطنين بمصر,Negative
c9eaab94-2624-42ec-87d8-9bfb10fa725e,Vodafone Egypt,Telecom,1,2026-09-29,مش راضي يشتغل ليه يفتح صفحة بيضه فيها كلمه رجوع بس,Negative
202db7ab-28d5-415a-9cc9-c7467d78bbaa,Vodafone Egypt,Telecom,1,2026-09-29,اسوء برنامج شبكات و اتصالات في مصر,Negative
e5bf5502-1b18-413c-89e1-86fe67b9e2e3,Vodafone Egypt,Telecom,5,2026-09-29,ممتاز جدا ويسهل التعاملات المالية..,Positive
44158fd5-92cd-4122-8fd1-ad74b29aadb0,Vodafone Egypt,Telecom,1,2026-09-29,"No one can describe the level of theft and deceit at this company. The dirtiest company, ignorant employees, customer service, and a telecommunications mafia.",Negative
75ca3c58-187d-4ccc-ba5d-a379ccb4b95c,Vodafone Egypt,Telecom,1,2026-09-29,زاي الزفت,Negative
70b76205-2422-48f5-a13e-2ff376bbaea5,Vodafone Egypt,Telecom,5,2026-09-29,جيد جدا,Positive
1f7caed0-cb59-40a5-a013-d235ab34f6e4,Vodafone Egypt,Telecom,1,2026-09-29,البرنامج بيهنج ع طول ويقف ويجيب شاشة سودة ومسحته ونزلته تانى وبرضه نفس الكلام. مكنش كده,Negative
e3da4fb9-a522-4a91-8bf8-b7f290312c0a,Vodafone Egypt,Telecom,1,2026-09-29,عجلة الحظ مش ظاهرة عندى فى البرنامج,Negative
3905d865-2acf-49bf-8cd0-460cad93289a,Vodafone Egypt,Telecom,5,2026-09-29,انصح بتنزيلة ..والعروض رائعة,Positive
5b7386f1-1cb0-4d6b-b821-04aa5da8c560,Vodafone Egypt,Telecom,1,2026-09-29,لماذا يقول لي جهازك لا يتوافق مع هذا إلاصدار,Negative
e11797d9-1848-4363-97ca-6993fd167e18,Vodafone Egypt,Telecom,1,2026-09-29,زي الزفت كان البرنامج كويس من مدة لكن دي الوقت اصبح سيئ ومن سيئ إلى أسوأ، لا يفتح معي إلا ب link من رسالة فودافون كاش او غيرها ، نتمنى ان تعالجوا هذا الخطأ ، برنامج ماي اتصالات افضل منه بمراحل ويفتح بسرعة,Negative
90901842-f01c-4f8e-921e-65c8bec8d9f9,Vodafone Egypt,Telecom,1,2026-09-28,شركة نصب و احتيال و السرقه في البقات بقا واضح جداً و الباقه مش بتكمل 10 ايام رغم ان قبل غلاء البقات كانت بتبقا نفس الباقه و بتكمل معاك طول الشهر. لازم نشوف حل في السرقه العلنيه الي احنا عيشين فيها,Negative
d1d409fb-4ccb-4b0c-82bb-7b6eec5b9d7f,Vodafone Egypt,Telecom,2,2026-09-28,انا عندى مشكله كبيرة مع كاش .. التطبيق شغال كويس لكن فودافون كاش جوه التطبيق مش شغال بقالة ٤ ايام .. مش عارف استخدم خدمات التطبيق و رحت الفرع وموصلتش لحاجه .. بدخل على كاس من التطبيق لكن مفيش استجابه للخدمات.. انا مسحت التطبيق وحملته تانى وماسح البيانات ومعنديش فيسبوك عشان اتواصل معاك وانت مانع الرد عالايميل,Negative
128ce0a5-0b89-4478-b4a8-b854771d4f87,Vodafone Egypt,Telecom,1,2026-09-28,المشكلة دلوقتي بقت في اني كسبت 10ج مبتجيش علي الابليكشن,Negative
3b9f7485-5ca0-4bf2-a70b-6ff2ce507902,Vodafone Egypt,Telecom,1,2026-09-28,التطبيق سيء جدا عند إختيار اى إختيار يقول حاول مره ثانيه,Negative
482ea683-515b-4107-be4a-30eb15e1287a,Vodafone Egypt,Telecom,5,2026-09-28,جميل جدا,Positive
4307dc1f-8c38-4bec-8b93-adfdea5e2ad2,Vodafone Egypt,Telecom,5,2026-09-28,رائع جدا,Positive
c4b11969-b0cd-44d6-a57c-eb47ae9bef23,Vodafone Egypt,Telecom,5,2026-09-28,جيد جدا,Positive
79998dfb-87a3-4d36-ad74-1d5183bfe14a,Vodafone Egypt,Telecom,1,2026-09-28,فيه مشكله ف التطبيق كل ما افتحه يجيلي رساله التطبيق مابيفتح لازم حل,Negative
645244c3-c23e-4480-90d4-c9a010fa5802,Vodafone Egypt,Telecom,4,2026-09-28,تمام,Positive
3e983a1d-adcb-45fd-932f-95be978b327c,Vodafone Egypt,Telecom,5,2026-09-28,فودافون كاش لايعمل بداخل التطبيق,Positive
47d7ff42-cb56-4815-b82d-ae41bbb524de,Vodafone Egypt,Telecom,1,2026-09-28,سئ جدا جدا جدا دائما تصل رساله حصل خطاءحاول مره اخري,Negative
fe2636cd-a2c9-4c67-8911-829112d6849f,Vodafone Egypt,Telecom,1,2026-09-28,البرنامج بقه زفت كل شويه ادخل كلمه المرور وكل شويه حصل خطأ البرنامج لا يستجيب بقه فوق الزفت,Negative
0a286c38-df0d-4b4c-9b68-b41797521f2c,Vodafone Egypt,Telecom,5,2026-09-28,هو أنا لزم اروح الفرع,Positive
a5a65dea-9e60-42ca-be9c-53d8d41b90cd,Vodafone Egypt,Telecom,1,2026-09-28,التطبيق بقا سئ جدا جدا خدمة فودافون كاش لا تعمل والبرنامج بيعلق ومبينفذش اوامر,Negative
3a8eadea-1a1a-4970-890f-ffaf0af3b862,Vodafone Egypt,Telecom,1,2026-09-28,لا يوجد فائدة ينفع تحلو مشكلة هذا تطبيق غير متوافق مع جهازك ارجوكم 🥺🥺,Negative
2cef8426-b689-41bc-9a33-a4bb51dbe9f1,Vodafone Egypt,Telecom,5,2026-09-28,التطبيق لا يعمل وأصبح سئ للغايه,Positive
89799e02-286d-4c3f-9b35-fe0b8fc15477,Vodafone Egypt,Telecom,5,2026-09-28,افضل شركه شركه فودافون بس المشكله النت ضعيف في المنطقة اسيوط الوليديه,Positive
b36b3c2f-5a1a-4cea-863c-d6bb312f17f8,Vodafone Egypt,Telecom,5,2026-09-28,عبد الرحمن,Positive
22d90973-6c63-4488-b8eb-33a07db3c064,Vodafone Egypt,Telecom,5,2026-09-28,ممتاز,Positive
d3763ae7-0905-4f10-ab35-b48d612ec6bc,Vodafone Egypt,Telecom,5,2026-09-28,تقدير عالي,Positive
3ff134e7-2544-4257-9780-c5e5bacfa10a,Vodafone Egypt,Telecom,1,2026-09-28,بيهنج,Negative
269f9456-430e-4d96-b7e3-e75a4472a80d,Vodafone Egypt,Telecom,5,2026-09-28,جيد جدا,Positive
31f8e512-6dc9-457a-81f6-2f74df2f912e,Vodafone Egypt,Telecom,5,2026-09-28,من احسن الشبكات والمحفظه لديها اقوى محفظه الكترونيه فى نصر,Positive
c6c2b352-1edf-440a-8328-6232580ba92e,Vodafone Egypt,Telecom,1,2026-09-28,اصبح التطبيق به مشكلة في جميع المرات التي اسجل فيها دخول علي التطبيق يقوم التطبيق باخراجي فوراً قبل عمل اي شئ,Negative
bfbb7ea7-fae9-4959-b17f-b9a96e234ae3,Vodafone Egypt,Telecom,1,2026-09-28,حراميه ولاد كلب,Negative
f0612c5f-448c-42e3-b1b4-0102353ebae9,Vodafone Egypt,Telecom,1,2026-09-28,عند شحن كارت فكة من التطبيق لم يصلني اي هدايا مع أن هناك عرض 365 وهدية الشحن لم تأتي اين المصداقية دي مش اول مرة,Negative
3f36fb4c-a742-44f2-b972-624fb6b57a1c,Vodafone Egypt,Telecom,1,2026-09-28,باقات كوم غاليه قوي,Negative
5842edfb-4515-4ab9-a2c5-de5543ba0dab,Vodafone Egypt,Telecom,5,2026-09-28,جميل,Positive
db2ee8de-0ddc-4527-b018-d2082f84e7ce,Vodafone Egypt,Telecom,5,2026-09-28,ممتاز,Positive
8c13ce38-ada3-4e78-b82e-352bdbc62d01,Vodafone Egypt,Telecom,1,2026-09-28,التطبيق لا يعمل عندي روحت الفرع ايه المشكله على ناس كثير مش انت بس,Negative
c848aa10-ef09-4d70-824e-2ad2e6febd00,Vodafone Egypt,Telecom,1,2026-09-28,بعد التحديث الاخير على خط فودافون بيزنس بدخل على صفحة العروض مش بتشتغل الرجاء حل المشكلة,Negative
f3ec2f3d-f35f-4bf1-ae8c-0270bf020221,Vodafone Egypt,Telecom,5,2026-09-28,الله,Positive
db2cacdd-c59b-4d08-9e90-a9da8fd37b85,Vodafone Egypt,Telecom,5,2026-09-28,رائع,Positive
0ac758b1-3b36-4fbf-872b-f929cdebc15b,Vodafone Egypt,Telecom,1,2026-09-28,التطبيق يحتاج مراجعه لن الاخطاء كثيره انا بشحن الكرت الفكه الي هوه ب 35 الي بيديك 750 وحده انا بيديني 700 و سعات اقل و كل الكروت كده و الكرت بيخلص ب سرعه مع اني مبستخدموش والله العظيم انا بنام بصحي بلاقي الكرت نصه خلص ولله لو اقدر احوش النجمه دي و اديكو صفر نجمه اديكو دي سرقه تطبيق سي سي سي جدا,Negative
ac061244-6df6-4f1d-a8a7-991b1c50000e,Vodafone Egypt,Telecom,5,2026-09-28,good,Positive
719838ad-ba3a-4a44-9cb1-c2dd30f7363c,Vodafone Egypt,Telecom,1,2026-09-28,ليه المحفظه بتقف خدمه التحويل والشحن بتقف,Negative
62e5e85b-c521-4774-bb54-cf668381be36,Vodafone Egypt,Telecom,2,2026-09-28,الطبيعي ان اي كيان في الدنيا يكون فيه خلل ولو بسيط ، وللأسف شركتي فودافون اللي بحبها فيه اكثر من خلل ومش بسيط وكمان مافيش ابتكارات للبيزنس تحسها مطفية كدا ، الاول كانت بتشبة للشخص الشقي المفعم بالحيويه ودائم التبتكار ، انما الان بجد بحسها روتينيه جدا وتقلدية ، فعلياً بقيت احسها كيان مطفي كدا وملل ، بجد فودافون بقت بلا روح 😥😥 ، انا بجد حزين لاني مش قادر حتي اتواصل ولو ببضع اقتراحات ، افكار تجاريه ، لصعب جدا التواصل مع ال OS ، للاسف ،، باالتوفيق ، I love yuo for evar Vodafon,Negative
25cf0c06-1f6d-4b23-99a4-cba172d8324a,Vodafone Egypt,Telecom,5,2026-09-28,تجربة ممتاذة مع فودافون,Positive
c5d866e8-928b-4260-b1ef-81f365572660,Vodafone Egypt,Telecom,1,2026-09-28,خدمة سيئة وخدمة عملاء اسواء وفى سوء,Negative
83491884-ee55-4f5a-8778-eb38e3a51d24,Vodafone Egypt,Telecom,2,2026-09-28,اواجهة مشكلة بالدفع فى التطبيق لا يقبل,Negative
466b4a87-770e-4a0a-93c4-c675dadaa7d4,Vodafone Egypt,Telecom,1,2026-09-28,أصبح تطبيق سيئ جدا بعد آخر تحديث لا يستجيب,Negative
5ffef33f-1946-4199-8369-824775c11282,Vodafone Egypt,Telecom,5,2026-09-28,رائع,Positive
8ad94dbc-fedb-4fc1-ae12-b2fb5066d155,Vodafone Egypt,Telecom,5,2026-09-28,ممتاز بارك الله فيكم,Positive
183ad9ae-00ae-4db9-ad82-146e234f9af3,Vodafone Egypt,Telecom,5,2026-09-28,جيد جدا لكن مفيش اي عروض للشحن بتيجي اوعروض بسعر قليل ممتاز أصبح افضل شبكه الآن,Positive
bbd5a67b-486f-40c9-b1e4-4cd16b6b0be7,Vodafone Egypt,Telecom,5,2026-09-28,👍🏻👍🏻👍🏻,Positive
bb2b60e2-0011-4426-ae87-a566d2688c44,Vodafone Egypt,Telecom,5,2026-09-28,برنامج مميز حقيقي,Positive
663422a7-f09d-4957-a605-823c891d3cb2,Vodafone Egypt,Telecom,5,2026-09-28,جميل جدا وسهل الاستخدام,Positive
f0539574-bf19-4739-9125-6e9854b40b44,Vodafone Egypt,Telecom,1,2026-09-28,سي للغايه,Negative
7f3c8812-f0de-4a3b-805f-76b7b1337c2d,Vodafone Egypt,Telecom,5,2026-09-28,عبدالحافظ حجات,Positive
c26bcce2-af3f-4515-bb52-f2964a90e286,Vodafone Egypt,Telecom,1,2026-09-28,وحش جدا الكاش مش شغال عليه بيعلق,Negative
943333db-8828-4f45-9359-71d756b18b97,Vodafone Egypt,Telecom,2,2026-09-28,جميل,Negative
73b99383-3db4-45ac-8b32-365b83ecc38a,Vodafone Egypt,Telecom,1,2026-09-28,من اول التحديث وهو بيعلق وبالذات فودافون كاش,Negative
489db94f-cf2e-4288-8620-531c3fff7e2e,Vodafone Egypt,Telecom,1,2026-09-28,أساتذة فى سحب الرصيد 😡 و عند التواصل مع خدمة العملاء بيوهموا العميل أنهم على حق حسبى الله و نعم الوكيل,Negative
d996ec14-c985-4fd8-b8be-baadf6fffc1a,Vodafone Egypt,Telecom,5,2026-09-28,خاص,Positive
88af5b70-d8e9-457b-aef5-04880caf027c,Vodafone Egypt,Telecom,5,2026-09-28,برنامج جيد وسريع المعاملات,Positive
6d98ce61-43f9-4fc4-84f4-d28a328dfdd2,Vodafone Egypt,Telecom,5,2026-09-28,تمام,Positive
f84f5dbc-5ab3-48c2-8ea7-081c41c68afe,Vodafone Egypt,Telecom,5,2026-09-27,انا عندي مشكله كل ما اثبت البرنامج ويجي يشتغل فودافون متوقف,Positive
217eedff-a4c3-4ab0-b378-3345b7b4f3e1,Vodafone Egypt,Telecom,5,2026-09-27,حلو,Positive
6fce2305-eb83-40bb-a5f8-785d0b24217d,Vodafone Egypt,Telecom,5,2026-09-27,مش كويس كله كذب,Positive
2325cd57-636d-4a48-ad22-304bf7b5f072,Vodafone Egypt,Telecom,5,2026-09-27,انه تطبيق جيدا جدا,Positive
ee67d91c-eac7-4ef9-989a-f4af94ce1152,Vodafone Egypt,Telecom,1,2026-09-27,شركه حراميه وشبكه زفت,Negative
daababb1-998f-4f7d-8060-4b7dd8855faa,Vodafone Egypt,Telecom,5,2026-09-27,ممتاز,Positive
15a67e74-6b35-412a-86a1-fb048c37db35,Vodafone Egypt,Telecom,5,2026-09-27,خدمه ممتازه جدا,Positive
b78c6ae5-9a26-48a2-a4f5-1a3307d687c1,Vodafone Egypt,Telecom,1,2026-09-27,توقف المحفظه,Negative
4dde7fd7-7a02-4c01-8c41-ecfd2ead17e5,Vodafone Egypt,Telecom,5,2026-09-27,ممتاز,Positive
6cd994d1-deb5-46ea-aa5c-f69c91e7b62d,Vodafone Egypt,Telecom,5,2026-09-27,احسن حاجة,Positive
e688cf8c-9753-4c07-b6cf-d755439f1dc7,Vodafone Egypt,Telecom,5,2026-09-27,جميل جدا بس مشكله لما تفتح البرنامج يوفق طويل ما يفتح ياريت تحلو المشكله,Positive
251d27e4-2d44-46cd-b006-75ae5e57c47e,Vodafone Egypt,Telecom,5,2026-09-27,تجربه ممتازه اريد المزيد من عروض ضعف الباقة,Positive
f4c1dd10-683b-42c1-bb8f-deb0c81b2fa3,Vodafone Egypt,Telecom,5,2026-09-27,كويس جدا جدا,Positive
2d69fde8-c671-417f-82a0-3d3c1f158fb9,Vodafone Egypt,Telecom,5,2026-09-27,ممتاز جدا ممتاز جدا وسهل في الاستخدام وبيدي هدايا كتير كل ما تشحن كارت او تجدد باقه,Positive
a11edb36-6202-4fad-9599-36ae39eb787d,Vodafone Egypt,Telecom,1,2026-09-27,بعد التحديث زفت,Negative
17304038-e91c-4c56-939d-270b2efc958e,Vodafone Egypt,Telecom,5,2026-09-27,جيد جدا ولاكن لا يعمل على الوي في,Positive
d3323664-c10e-47ec-a9c7-c0e9c8f9bd2f,Vodafone Egypt,Telecom,2,2026-09-27,التطبيق مش تحسن حاجه شركات تانيه كتير بتدي فرص احسن من دي كنت حاطه امل ان فودافون احسن مش الشركات التانيه بس للاسف لقيت العكس 😬😔,Negative
46988257-cea3-45a0-b523-0b2d44877a95,Vodafone Egypt,Telecom,5,2026-09-27,عندى مشكلة بيقول حدث خطأ,Positive
7300f9cf-690f-4a0b-b5a8-2f8218f7e16d,Vodafone Egypt,Telecom,5,2026-09-27,جيد جدأ,Positive
cb26686f-f8dc-4f59-8142-60a29ca04914,Vodafone Egypt,Telecom,1,2026-09-27,التطبيق الجديد سئ جدا سئ سئ جدا,Negative
ab2406ef-93f1-4b88-ba73-e5c6221fd2df,Vodafone Egypt,Telecom,5,2026-09-27,رائع جدا جدا,Positive
853a0e57-4de2-412d-98f1-f17280ff59b7,Vodafone Egypt,Telecom,5,2026-09-27,ممتاز,Positive
e729207f-5768-4c79-be84-bb50aede3ec1,Vodafone Egypt,Telecom,1,2026-09-27,هو ليه مش بيفتح ب واى فاى وقولى افتح داتا طب افرض معيش داتا اتصالات افضل بتفتح ب اى حاجه المهم نت وخلاص,Negative
2d037349-41fb-49ae-aace-f33f85cdf227,Vodafone Egypt,Telecom,5,2026-09-27,nice,Positive
b15d4c93-7a26-402c-b727-d59f0c1d883a,Vodafone Egypt,Telecom,1,2026-09-27,زبالة موووت,Negative
9ff0f6b8-8992-4741-ae11-1186a0aedc27,Vodafone Egypt,Telecom,5,2026-09-27,روعه,Positive
18b243ea-4277-4211-b400-7bf8e1d19aef,Vodafone Egypt,Telecom,1,2026-09-27,سئ فى المعاملات الماليه أقرب للنصب,Negative
224a1a2f-6ae0-4474-90c1-3b16012f4742,Vodafone Egypt,Telecom,3,2026-09-27,تطبيق لا يعتد عليه التطبيق فى اقل من شهرين يعطل ووقف حال والمحفظة تتوقف بدون سبب,Neutral
581375c3-2882-43ff-b98d-6fff82162e8a,Vodafone Egypt,Telecom,1,2026-09-27,زباله شركه حرميه ونت ضعيف ومفيش عروض,Negative
3c0ee132-25e8-4a3e-b493-f8a04e1c816a,Vodafone Egypt,Telecom,1,2026-09-27,شركه سيئه بجد انا هحول لاي شركه تانيه,Negative
659fafb0-b941-4702-9ee0-edd670f83f6d,Vodafone Egypt,Telecom,1,2026-09-27,التطبيق بس سخيف وبيهنج في اغلب الوقت ومش بيفتح,Negative
a3deda39-ac9b-40d5-8488-d4ef82b10295,Vodafone Egypt,Telecom,1,2026-09-27,التطبيق سئ حتى العروض اللي بادخل عليها يقول لي مفيش عروض ليك مش عارف ليه برجاء تحسين التطبيق,Negative
bb8d8ec4-c66a-46e3-b866-4773fff3357d,Vodafone Egypt,Telecom,2,2026-09-27,التطبيق به عطل,Negative
ebf4d2b5-715c-4851-896d-b4bdb9e0b8da,Vodafone Egypt,Telecom,1,2026-09-27,سئ,Negative
aa60bd2d-6362-47b3-9bc6-557db3c4073b,Vodafone Egypt,Telecom,5,2026-09-27,جامد الصراحه الصراحه,Positive
4e92dfaf-af5e-4690-87ec-1b8ee48b0897,Vodafone Egypt,Telecom,1,2026-09-27,البرنامج مش راضى يسجل احط الرقم يدخلى على صفحة بيضة وخلاص,Negative
192a2e73-5bbc-4faa-9356-a8903475a2ee,Vodafone Egypt,Telecom,5,2026-09-27,هو تمام بس العروض مش شايفين انها قليله بمقارنه مع شركات الاتصالات التانيه🤔,Positive
cb997fb1-15c3-45b2-aec0-48c3e25a213d,Vodafone Egypt,Telecom,5,2026-09-27,مزهلا,Positive
7b427cfc-0a44-4b8a-b190-7e39249180db,Vodafone Egypt,Telecom,1,2026-09-27,تطبيق زفات,Negative
4cf878e3-d0d4-4769-9875-1bfadee6f9b5,Vodafone Egypt,Telecom,5,2026-09-27,لسه لم استعمله,Positive
51d83e7b-9a7c-43d0-b683-ffbb96dbc5b7,Vodafone Egypt,Telecom,5,2026-09-27,٧٠٠ج,Positive
0fda2746-406c-4454-a2bd-30110e37bf17,Vodafone Egypt,Telecom,5,2026-09-27,جيد جداً,Positive
fc8787c2-2c5c-4f2d-b6b0-326c9ab637ed,Vodafone Egypt,Telecom,5,2026-09-27,ام الباشا,Positive
4b5e36a8-7587-4932-a41d-dcfb17affed6,Vodafone Egypt,Telecom,5,2026-09-27,روعه,Positive
8e6d24de-c03f-4b2f-89c8-627592eceb3c,Vodafone Egypt,Telecom,5,2026-09-27,Ok,Positive
f50356d9-1c11-4307-9000-5fd4e6f25f3e,Vodafone Egypt,Telecom,1,2026-09-27,نصابين والله,Negative
1c075cb9-3c4c-403f-91c8-139468e71d82,Vodafone Egypt,Telecom,1,2026-09-27,المشكله رجعت تانى لما بدخل على خدمات فودافون كاش وتظهر كلمه لا يوجد فواتير بيهنج كان كويس قبل اخر تحديث,Negative
fbde6e83-bce6-41f4-8483-6022c8c93e72,Vodafone Egypt,Telecom,5,2026-09-27,بطيء جداً,Positive
5334864a-6c48-4e41-bb0c-344a1dfaf80d,Vodafone Egypt,Telecom,5,2026-09-27,ممتاز,Positive
c0b9a29b-3b40-4ca7-8ee0-eca4b4fa5d33,Vodafone Egypt,Telecom,1,2026-09-27,خخ مبيفتحش,Negative
9db7bb62-c0e0-46f1-a80e-da358e0f0a4a,Vodafone Egypt,Telecom,1,2026-09-27,💔,Negative
41ed8b70-732e-4da7-8e4d-08a6c4d1748d,Vodafone Egypt,Telecom,5,2026-09-27,ممتاز,Positive
ee107548-ceab-4893-b06b-693ad34426d5,Vodafone Egypt,Telecom,5,2026-09-27,جميل بس بطيئ,Positive
5837e1f8-5d74-428e-84d6-37d52277d898,Vodafone Egypt,Telecom,5,2026-09-27,محمدمصطفط,Positive
7e808240-c5e9-4617-83d2-4c1053385777,Vodafone Egypt,Telecom,5,2026-09-27,جميل,Positive
45302671-fd4b-4fdb-8f42-1486ed12b29c,Vodafone Egypt,Telecom,4,2026-09-27,عملي,Positive
46497781-d31a-4f7c-8367-a51837702354,Vodafone Egypt,Telecom,1,2026-09-27,بعد آخر تحديث للاسف التطبيق أصبح سيء جدا ولا يعتمد عليه في أي شيء,Negative
4b72ce48-5cbd-4822-a0a5-6e3712d14048,Vodafone Egypt,Telecom,5,2026-09-27,حلو,Positive
edd15d97-c9ce-496b-8d8f-079b2c2ab0fd,Vodafone Egypt,Telecom,1,2026-09-26,التطبيق غير صالح للدخول في بعض الهواتف مثل ردمي c14 عند الدخول الجهاز بيطلعني منة تاني,Negative
ba51ba18-fe79-4be5-bf91-655eebd72a4a,Vodafone Egypt,Telecom,5,2026-09-26,تطبيق رائع,Positive
1dc842c0-5182-4414-87cd-b1084df3277d,Vodafone Egypt,Telecom,1,2026-09-26,التطبيق علق حسابي وكتبت كلمه المرور الصحيحه اكتر من مره ولم يستجيب😓😡,Negative
ce4adbe3-ab59-477a-8cb6-9ac44614cae5,Vodafone Egypt,Telecom,5,2026-09-26,ممتاز,Positive
b36bae31-05cc-4d7a-a0d9-b9c53af3549d,Vodafone Egypt,Telecom,1,2026-09-26,لما احول اشحن رصيد من التطبيق اول مايجي عند كلمة السر يعلق و يتجمد و مش راضي يدخل كلمة السر,Negative
1a85b80e-fbb2-4d37-a4d2-4520cb5ea617,Vodafone Egypt,Telecom,5,2026-09-26,التطبيق كان متوافق مع جهازي قبل ان اقوم بعمل سوفت وير لجهازي ثم حين اعدت تشغيله لم يعد يعمل و اصبح غير متوافق و انا جهازي اندرويد١٠ أريد تقديم شكوى رسمية بخصوص التطبيق,Positive
726f60dd-66f9-4de1-a489-5ce60410c36e,Vodafone Egypt,Telecom,1,2026-09-26,بعد التحديثات الاخيره التطبيق بقى سيء جدا بدخل على فودافون كاش عشان احول فلوس او اودع التطبيق بيتقل وبيهنج لا يستجيب 👎,Negative
be62d9ee-2944-42f7-9b90-49025f31e504,Vodafone Egypt,Telecom,5,2026-09-26,ممتاز,Positive
603360d4-9e08-4ab4-9208-c2fbd748da78,Vodafone Egypt,Telecom,1,2026-09-26,والله تطبيق معفن و نصابين والله العظيم حسبي الله ونعم وكيل فيهم حراميه 😠😠,Negative
9fda7b49-3a2b-4989-bc90-95d046dcb758,Vodafone Egypt,Telecom,1,2026-09-26,التطبيق اصبح سيء جدا أنا بشحن باقه ب ٥٠٠ جنيه والمفروض يجيلى عروض زياده وتفضل باقى الشهر ودا معتش بيحصل يعنى المفروض ٢١٠٠٠ اساسي بس بيقي مكتوب هيجيلى ٢٧٠٠٠ تقضيني بقيت الشهر او يجيلى ضعف الباقه ودا مش بيحصل شركه نصابه اصلا,Negative
bce51810-32be-45d7-a18f-0c703598027f,Vodafone Egypt,Telecom,5,2026-09-26,سياجدا,Positive
f9f1ab54-66d2-407a-ab92-f5d6d2f1d945,Vodafone Egypt,Telecom,5,2026-09-26,فل الفل,Positive
c084ae9a-f51a-4a39-928e-96bc45467567,Vodafone Egypt,Telecom,3,2026-09-26,اذا اردت ان تغير باقتك وتدفع عن طريق فودافون كاش ...لا يستجيب البرنامج وتظهر رساله لا يمكن اتمام العمليه حاول مرة اخرى ....,Neutral
a4606232-f1cf-4419-90bb-b8661ec1f45d,Vodafone Egypt,Telecom,2,2026-09-26,سي,Negative
501c46cb-e5f6-4c7e-a6f7-9be8a61e67aa,Vodafone Egypt,Telecom,1,2026-09-26,سيء وكل شوية يهنج,Negative
561cd638-008d-469f-a2de-80b8f4c30441,Vodafone Egypt,Telecom,2,2026-09-26,التطبيق اصبح سيئ جدا وهذا يؤثر على المصداقية ويقلل من العملاء,Negative
c74f1170-d784-4597-aacb-97960fd8e978,Vodafone Egypt,Telecom,1,2026-09-26,الباقة خلصت يا حرمية يالصوص معرفش خلصت فى ايه بقيتو شركة جشعة اوى لزم اشترى خط اورنچ واخليكم استقبال بس يا لصوص,Negative
4151df9e-5e7d-4768-9dc5-924c08bdeb4d,Vodafone Egypt,Telecom,1,2026-09-26,انا كان شغال عندى وبيفتح دلوقتى بيقولى انه مينفعش يتفتح ع تليفونى لى والمشكله المحفظه غليها فلوس اى اللي اعمله ياريت اعرف اى المشكله بيقول لا يتوفق التطبيق مع جهازك,Negative
af0a0b6d-7c26-42cf-94f9-a5736d383324,Vodafone Egypt,Telecom,5,2026-09-26,ممتاز جدآ,Positive
bbe16282-c4fe-4e46-9cc9-d6141a53fa24,Vodafone Egypt,Telecom,2,2026-09-26,مطلوب ارجاع خدمه شحن كروت الشحن من خلال التطبيق. الخدمه كانت تعمل على الاصدارات القديمه. من فتره لم تعد متوفره على الاصدارات الحديثه,Negative
b5594a70-d2b2-4994-abce-6b5614379701,Vodafone Egypt,Telecom,1,2026-09-26,مع اوبو F11مش عاوز يتحمل وبقال لايتوفق مع جهازي ازاااي أرجو الافاده ارجوكم,Negative
05523c93-f107-40e7-b328-2f19d2c16cfd,Vodafone Egypt,Telecom,5,2026-09-26,ممتاز,Positive
06fa3fb2-44e1-45e4-addb-00b9d17698a0,Vodafone Egypt,Telecom,1,2026-09-26,كثير لما اشحن بيسحب رصيد من غير سبب,Negative
9b42f8c6-2d99-4301-bd82-c63f8a924e15,Vodafone Egypt,Telecom,1,2026-09-26,يعنى انا اشحن كارت ٤٥٠ وحدة تبعتو هديا ٢٢٥ وحدة علشان اخدهم تخصمو ١٥٠ من كارت وتقوللى هدية ٢٢٥ خليكوا صادقين واكتبوا ٧٥ وكمان لمدة ٦ ساعات خليلكو هديتك وفرتها لفلوس اعلانات رمضان اللى بتقرفونا بيها,Negative
2385dae0-463e-487c-8872-970aefa05900,Vodafone Egypt,Telecom,5,2026-09-26,الباقه فليكس ولكن لا تستخدم في النت ليه اما بفتح نت لا يعمل,Positive
c9be9794-1e97-4ac3-ad7e-d54147ebe498,Vodafone Egypt,Telecom,5,2026-09-26,🤩,Positive
741b4a18-2373-4e2e-83a3-353247771d0c,Vodafone Egypt,Telecom,4,2026-09-26,تجربة ممتازة ومريحة,Positive
a1683864-850c-4bea-9f10-6a78bdd2abd9,Vodafone Egypt,Telecom,3,2026-09-26,احسن,Neutral
33573a9b-3a0d-4836-b05c-8b442809879a,Vodafone Egypt,Telecom,5,2026-09-26,افضل تطبيق,Positive
4d00af73-bc1e-4300-82d9-03149084146a,Vodafone Egypt,Telecom,5,2026-09-26,ليلي,Positive
908ae2a7-1102-42d3-b112-79283a12f835,Vodafone Egypt,Telecom,5,2026-09-26,٠١٠٩٢١٥٢٦٩٠,Positive
ef7b7d8f-922d-4593-afd5-922268b72419,Vodafone Egypt,Telecom,1,2026-09-26,من أحسن ما يكون شكرا لكم,Negative
9dae9abf-08cc-4b32-bb4c-cbb1f53c10ce,Vodafone Egypt,Telecom,1,2026-09-26,النت والرصيد مش بيقعد والباقه يومين وتخلص بجد حسبي الله ونعم الوكيل هو احنا سرقين الفلوس,Negative
67ed1f67-25b6-4c30-9827-89d043dbd5ca,Vodafone Egypt,Telecom,1,2026-09-26,تجربه سيئ جدا جدا جدا ولا انصح أحد وخصوصا الناس الي بتغير موبيلات عشان قال ايه لازم اول متجيب الخط تفضل ٣ شهور متغير الموبيل ولا تخرج الشريحه من مكانها دا مش امان للمستخدم بالعكس دي حرقان دم وكل شويه اروح الفرع واضيع وقت وامضي تاني 👎👎👎,Negative
3b40edf8-e550-4be7-9fed-8c469a94cb3c,Vodafone Egypt,Telecom,1,2026-09-26,سيئ جداً جداً,Negative
fa9e04aa-155f-4e8b-a54d-a6a024982eaf,Vodafone Egypt,Telecom,3,2026-09-26,جيد,Neutral
8a929fe1-5c6e-47a4-88fe-0d98e0b61b91,Vodafone Egypt,Telecom,5,2026-09-26,تحياتي,Positive
6f60ada3-7ba7-4184-8d3c-56f14ad69e8b,Vodafone Egypt,Telecom,5,2026-09-26,شبكه مميزه تعرف كيفة جزب العملاء لاكن ينقصها بعض في اسعار الباقات والعروض,Positive
bf1042e9-0c77-4636-89e2-a3e367dc8568,Vodafone Egypt,Telecom,1,2026-09-26,استغفر الله العظيم حرام اسب والعن,Negative
7555a359-690c-49e3-bf88-a20bbc6b3e6d,Vodafone Egypt,Telecom,5,2026-09-26,جيد,Positive
13da4ce7-1092-42a3-94b0-0daf0ee75773,Vodafone Egypt,Telecom,1,2026-09-26,هناك مشكلة البرنامج لا يريد ان يفتح ويحولني الي جوجل بلاي للتحديث ولا يريد أن يتحدث,Negative
38ea2c53-d27c-4516-884e-1fe42aef3694,Vodafone Egypt,Telecom,5,2026-09-26,رائع 🤩,Positive
cb3b6712-0e09-4ae9-be1a-2e6a15c350cb,Vodafone Egypt,Telecom,4,2026-09-26,💝💝💝♥️,Positive
763c3807-ab87-4d4a-89ab-015104c82460,Vodafone Egypt,Telecom,5,2026-09-26,التطبيق بمصداقية جميل جدا ممكن من خلاله معرفه اي شيء يدور فيSlm الخط بتاعك بكل سهوله تطبيق ممتاز جدا 😝🤗😎😎🤫🤔😏🤪😜😝😛😋🤤,Positive
db3aac73-fc52-4920-861a-de874b1f59e4,Vodafone Egypt,Telecom,5,2026-09-26,يا ريت تبعتولنا نت عشان No any Thing in Egypt,Positive
56c9fa00-f674-4b8a-8573-0d4c8bc455bc,Vodafone Egypt,Telecom,5,2026-09-25,جميل اوييي,Positive
002f033f-4da7-439b-8808-44789e26c943,Vodafone Egypt,Telecom,5,2026-09-25,احلا ابلكيشن,Positive
2c967b98-65dc-401d-8eda-2fb432fe5cbe,Vodafone Egypt,Telecom,1,2026-09-25,كل ما أنزل التطبيق يكتبلى غير متوافق مع إصدار جهازك اعمل ايه,Negative
393dcc76-6a72-4240-8560-843127ab6f6c,Vodafone Egypt,Telecom,1,2026-09-25,للاسف بقي زى الزفت مش بيفتح ومعلق وحاجه وحشه خالص,Negative
45aa3377-72bc-47c6-84b6-56e91d76f425,Vodafone Egypt,Telecom,5,2026-09-25,جدير بثقه,Positive
1b8d0b12-3d11-41ca-9a4c-1604e85cd845,Vodafone Egypt,Telecom,5,2026-09-25,⁦👍🏻⁩⁦👍🏻⁩⁦👍🏻⁩⁦👍🏻⁩⁦👍🏻⁩⁦👍🏻⁩⁦👍🏻⁩,Positive
3c72e0e9-84ec-48c5-bf19-54461f939c79,Vodafone Egypt,Telecom,5,2026-09-25,تأخرت جدآ لما عرفت هذ التطبيق ولاكن مميزاته كلتها %100 لمصلحتي سهل علي كل امور كنت بحتجها من محلات شحن رصيد وتحويل اموال وغيرها ممتاذ ياريت يكون زياده عن 500000الف بدل 200000الف واليوم الدفعه اقصاها 75الف مش تكون 60لتسهيل اكثر للعميل مثلي,Positive
5357b395-8fc5-469e-99a5-72bf9524aa8e,Vodafone Egypt,Telecom,4,2026-09-25,التطبيق كويس جدا بس عند المحفظة مش بيستجيب لاي حاجة عاوزة اعملها فيها,Positive
d2112cc4-bec1-4e8e-ad2f-a7a09487194f,Vodafone Egypt,Telecom,1,2026-09-25,النت هنا. ب الميجا وليس جيجا,Negative
567522c6-d262-479d-b0f1-c5abe2f417ed,Vodafone Egypt,Telecom,1,2026-09-25,التطبيق بطئ جدا وخدمه الإيداع لا تعمل حاولت عده مرات وللأسف خدمه سيئه جدا,Negative
8783be0b-b1ed-4be9-ab3c-dc32b154bcd5,Vodafone Egypt,Telecom,5,2026-09-25,very nice,Positive
551011a1-52a9-44e2-8e81-314f49081c00,Vodafone Egypt,Telecom,1,2026-09-25,التطبيق فودافون كاش واقف وكل حاجه تقيله اكتر من اسبوع بكلم الشركه وخدمه العملاء ومفيش نتيجه للاسف التطبيق اصبح سئ جدا,Negative
078801bd-0ad6-408a-8499-2d7e949e7379,Vodafone Egypt,Telecom,1,2026-09-25,اسوء خدمة سواء للعملاء او لتغطية الشبكة أو عدم مصدقية التطبيق خاصة خطوط الموبايل الفاتورة وتلاقى فى بعض اشخاص يتصلوا ويتكلموا مع العميل بطريقة سيء ويقولوا انهم من مكتب المستشار .... وعليك فاتورة والعميل اصلا الخط واقف وانهم يعملوا دعوة سداد باسلوب تهديد,Negative
ac4ba238-2e25-48f2-9fd5-832d5575ab2a,Vodafone Egypt,Telecom,1,2026-09-25,البرنامج بقى له فتره كبيره سيء جدا ومش بيرضى يفتح على التليفون اصلا ولا بالواي فاي ولا بالداتا,Negative
5fd63754-5b2e-4645-b399-31eead0eb589,Vodafone Egypt,Telecom,1,2026-09-25,لو سمحت كان عندي عرض على باقة Flex 175 لإضافة فليكسات زيادة. جالي عرض لاستبدال عرض الفليكسات الزيادة بعرض 1000 وحدة، وضغطت 1 بالخطأ، لكن الـ1000 وحدة ما اتضافتش، وعرض الفليكسات الزيادة اختفى. عايزة أرجع العرض الأصلي أو ألغي الاستبدال، لأن نص الباقة اتخصمت وال1000 وحدة كمان متضافوش أصلا ف انا مش فاهمة ايه السرقة العلني دي وياريت المشكلة تتحل بأسرع وقت وال5000 فيكس والنظام القديم يرجعوا فوراً.,Negative
7be73d70-d526-4203-864d-fbbb3139768c,Vodafone Egypt,Telecom,1,2026-09-25,لا يضيف شيأ وتطبيق دون المستوء,Negative
e17f2e1b-f6f0-4d13-9c22-73fc1959f940,Vodafone Egypt,Telecom,5,2026-09-25,جيد,Positive
6384bb11-5c29-4cc6-a65b-e4899a23567b,Vodafone Egypt,Telecom,5,2026-09-25,جيد جدا,Positive
60d86406-e7fa-4cfd-a174-49bea43cb253,Vodafone Egypt,Telecom,1,2026-09-25,تطبيق زباله خدمات ولا انصح,Negative
f8859e59-0bd7-4d52-831c-db0407ec1f7e,Vodafone Egypt,Telecom,1,2026-09-25,التحديث الأخير متعب اوى,Negative
0d1b20ea-313e-4ede-a94c-86507926420b,Vodafone Egypt,Telecom,5,2026-09-25,💪,Positive
b60a94d8-7f5f-47a6-aaea-860f4125aed3,Vodafone Egypt,Telecom,1,2026-09-25,دلوقتي انا عملت محفظه لكن لما اشتريت تليفون جديد ودخلت نزلت تطبيق انا فودافون مش راضي خالص يشتغل في المحفظه نفسها يعني كل حاجه في التطبيق شغاله ما عدا محفظه فودافون كاش يا ريت تقولوا لي اعمل ايه عشان خاطر تشتغل,Negative
d08f6eac-02e2-475d-b3fd-bf2f46bd4301,Vodafone Egypt,Telecom,5,2026-09-25,راوعه,Positive
5d74910a-9000-4f5d-bcbc-71defbc10134,Vodafone Egypt,Telecom,5,2026-09-25,ممتازه,Positive
ca0fa3e2-f8f9-4709-85a9-280ce7b7347b,Vodafone Egypt,Telecom,1,2026-09-25,التطبيق مابيفتحش وكل ماجي اكتب الرقم بيول حدث خطا,Negative
8352b595-c050-43cf-a5e6-0bbde107afde,Vodafone Egypt,Telecom,1,2026-09-25,التطبيق أصبح سيئ جدا جدا وبيعلق معايا كتير جداً وبيعطلني عن حاجات كتير بالفعل زي تحويل الاموال وتجديد الباقة,Negative
466d551a-0678-4d51-aac4-d983ed21be68,Vodafone Egypt,Telecom,2,2026-09-25,بصراحة زهقت,Negative
dd28b464-39c7-4266-9a18-4126fc163e7e,Vodafone Egypt,Telecom,5,2026-09-25,سلس وسهل,Positive
381ea4b4-6eb4-4796-9a66-d57c444e4071,Vodafone Egypt,Telecom,5,2026-09-25,ممتاز,Positive
357240c8-8d17-4071-8057-18f93a34665e,Vodafone Egypt,Telecom,1,2026-09-25,التطبيق فيه مشكلة التحدث مع الروبوت محدد أسئلة واحدة غير المطلوبة والمفروض نتكلم مع شخص يحل المشكلة لكن ولا مرة دخلت واستفادت من الشات المفروض يتغير ونتحدث مع شخص يتفهم المشكلة الخاصة بالعميل مش آلة,Negative
d025449f-84ce-47ca-892b-067e6a690e7d,Vodafone Egypt,Telecom,5,2026-09-25,كل محاولاتي لفتح حسابي علي انا فودافون لا تنجح وبالاخير تم غلق الحساب محتاجة حل لمشكلتي😭😭,Positive
b34d5348-2687-46af-a725-ed8aea3a4210,Vodafone Egypt,Telecom,5,2026-09-25,ممتاز,Positive
6b940210-2a20-458a-9845-debc356883c4,Vodafone Egypt,Telecom,5,2026-09-25,برنامج رائع,Positive
911c3224-d56e-4dab-8a5b-b2b1a3e6b690,Vodafone Egypt,Telecom,1,2026-09-25,خيار تواصل معنا يفتح لي تشات بوت لا يمكنني الكاتبه حتي اصف المشكله اللتي اريد حلها او لا يوجد خيار التحدث مع خدمة العملاء لكي يساعدوني علي حل اي مشكله تواجهني، وهاذا مزعج، ارجوا بوضع زر داخل التطبيق للتحدث مع خدمة العملاء.,Negative
01ed3bfb-2e7d-4025-8fc8-49abe48c43c0,Vodafone Egypt,Telecom,5,2026-09-25,كان لي تجربه سيئه مع خدمة العملاء ولكن المفوض تعامل مع خدمه العملاء وتم عمل كل شئ على احسن تقدير شكرا,Positive
3566e5d0-ec8c-4181-8a72-6d25f42a0e78,Vodafone Egypt,Telecom,1,2026-09-25,مش راضي يفتح,Negative
4e4da1b2-7790-4010-b7dc-8a7b0d8f11c1,Vodafone Egypt,Telecom,1,2026-09-25,سئ جدا اية لازمة الابلكيشن اصلا انا المفروض معايا فلوس ع الابلكيشن وعايزة اجدد كل ما اجي اجدد يقولي عذرا واتجهت للفرع للتجدد بجد اية لازمة الابلكيشن اصلا 2026 وبنعاني ف بدهيات وعاملة تحديث للتطبيق ومسحتة ونزلتة عشان بس ميتقلش اعملي تحديث بجد كل حاجة لازم معناه دا اسلوب حياة اية لازمة التطبيق اصلا,Negative
e501887c-3b90-4207-be70-1d9f51da18ae,Vodafone Egypt,Telecom,5,2026-09-25,شكرا لحل المشكله يا فندم,Positive
de305de4-5911-42d1-a5bd-3657fc39e69b,Vodafone Egypt,Telecom,1,2026-09-25,حراميه جدا في حاجه,Negative
2f4dd631-1dbb-47ac-9817-4cca4a2733a4,Vodafone Egypt,Telecom,5,2026-09-25,ممتاز,Positive
80f56a28-b3d1-4b09-9739-539c5aed1f4c,Vodafone Egypt,Telecom,5,2026-09-25,ممتاز,Positive
8e45b16a-7338-4df3-8674-192c836e2a80,Vodafone Egypt,Telecom,5,2026-09-25,❤❤❤❤❤❤❤❤❤❤❤,Positive
ea08aba1-4223-408a-ad4b-81570ebcc16b,Vodafone Egypt,Telecom,5,2026-09-25,التطبيق ممدز,Positive
a662e6de-bec0-4a26-8623-a635385ec175,Vodafone Egypt,Telecom,1,2026-09-25,اوسخ تطبيق ممكن تتعامل عليه في حياتك,Negative
8d7507c8-3a1f-4155-9488-a292175e011e,Vodafone Egypt,Telecom,5,2026-09-25,تطبيق ممتاز جدا بيستعدك فى إدارة الباقات والعروض وفودافون كاش,Positive
80a8ab68-17d5-44d3-9001-4d180aa07f46,Vodafone Egypt,Telecom,1,2026-09-25,بعد آخر تحديث كيف أعرف رصيدي من الزفت التطبيق؟!,Negative
5dcef953-e312-422a-a815-eabe59f3abb1,Vodafone Egypt,Telecom,1,2026-09-25,ا بحاول تسجيل الدخول الى تطبيق مش راضي يشتغل,Negative
5bece08d-2245-4717-8cab-5a509c706703,Vodafone Egypt,Telecom,5,2026-09-25,تطبيق ممتاز,Positive
e5060990-7a17-4105-8110-434e292bc3a5,Vodafone Egypt,Telecom,5,2026-09-25,ممتاز جدا,Positive
32fa8432-3e57-4730-86b6-f70323c68e93,Vodafone Egypt,Telecom,5,2026-09-25,تطبيق ممتاز ممتاز ممتاز,Positive
022b4cc7-56cb-4ba3-858b-ea14d4365558,Vodafone Egypt,Telecom,3,2026-09-25,برنامج فودافون عليه هدياحلوة ا,Neutral
5934e013-3e71-46c3-b936-c05fdfe91676,Vodafone Egypt,Telecom,5,2026-09-25,جيد,Positive
43f3213d-c97c-4e35-9cf4-fe742be073b4,Vodafone Egypt,Telecom,5,2026-09-25,جميل جدا,Positive
f52a79dd-6ac6-4ea1-9720-5342471324e6,Vodafone Egypt,Telecom,1,2026-09-25,التطبيق ثقيل في إظهار عدد الوحدات والدقائق بيتأخر جداا في إظهار القراءه الصحيحه,Negative
a0c2e2ec-7c0a-4e70-8784-0b0aaf9742c6,Vodafone Egypt,Telecom,5,2026-09-25,تمام,Positive
85ad9772-3cd9-4778-82e5-1459f80bd225,Vodafone Egypt,Telecom,5,2026-09-25,تمام 👌,Positive
20ec9474-e18a-449e-9a63-e514f2ee9a06,Vodafone Egypt,Telecom,4,2026-09-25,امم مفيش هدا زي اتصلات,Positive
1dc5cc1b-1acc-4980-b750-7fc64e5eeb44,Vodafone Egypt,Telecom,2,2026-09-25,بندم اني جبت خط فودافون كل حاجه فيه بقت سيئه حتى الهدايا سيئه والله الواحد ذهق,Negative
7be2fa3c-45ad-43e0-971e-fbcd36d08b98,Vodafone Egypt,Telecom,1,2026-09-25,دلوقتي زفت كل ما ابعت فلوس امسح ونزل التطبيق,Negative
ed2e5e4f-5bb4-4203-b039-c377937088db,Vodafone Egypt,Telecom,1,2026-09-25,برنامج سئ الحساب بتاعي معلق ومش راضي يفتح,Negative
38f95fcf-79b9-4cc7-bdba-e7fd2a8df95e,Vodafone Egypt,Telecom,5,2026-09-25,جيدجدآ,Positive
db31decc-05e2-40b0-b294-d78e56aa31f6,Vodafone Egypt,Telecom,3,2026-09-25,التطبيق اتمسح من عندي وبحاول انزله بيقول لي الاصدار لا يصلح لا يتفق مع الجهاز عندي انا جهازي اندرويد اول مره يحصل معي كده,Neutral
eb49b3b2-6af1-45af-a6be-4bff1943ab70,Vodafone Egypt,Telecom,5,2026-09-25,رائعة,Positive
3727d72c-b0cb-4057-90c0-14cd2ec34594,Vodafone Egypt,Telecom,1,2026-09-25,أحاول التعامل مع تطبيق أنا فودافون اليوم بعد عمل أخر تحديث و التطبيق لا يستجيب يعطى رسائل تفيد الإعتذار و التنبيه بالمحاولة مرة أخرى لاحقا و أتوقع أن التطبيق قد تم حظره و لا أعرف ما هو السبب أرجو الإفاد لسرعة حيث أننى أحتاج للتعامل مع التطبيق بصفة عاجلة,Negative
09ce1ea0-8365-49e3-ae4c-1c5edb89a8d3,Vodafone Egypt,Telecom,1,2026-09-25,أصبح التطبيق من فترة سئ جدا جدا جدا عند الدخول على كاش التطبيق بيحصله شلل حرفياً لا يستجيب نهائيا وجربت كل الحلول اللي قولتو عليها مافيش فايده نهائيا,Negative
66687728-7217-463c-b7e5-8ec1b04c938b,Vodafone Egypt,Telecom,2,2026-09-25,دلوقتى انا شحنت الباقه مفيش اى هدايا ليه,Negative
c4c1d195-0037-4440-a4dc-607bbb9071bb,Vodafone Egypt,Telecom,2,2026-09-24,راؤع,Negative
2d697228-a9ac-4987-a92c-c0dcf13ff90f,Vodafone Egypt,Telecom,1,2026-09-24,في مشكله وما فيش حد لحد دلوقتي تواصل معايا وحلها بسبب الكول تون,Negative
f25ee0c3-f08f-46b9-b14d-e5c8208bc15c,Vodafone Egypt,Telecom,1,2026-09-24,النظام أصبح يخرج الأفراد بدون سبب والشركه تقول مفيش مشكله ويتم خصم الرصيد علي أنظمة فاملي شركه أصبحت استغلاليه,Negative
97f31187-1b0e-4794-a646-3f1d47d9641a,Vodafone Egypt,Telecom,5,2026-09-24,جميل,Positive
a866e793-4b43-4bc4-8d4f-f095a815fb30,Vodafone Egypt,Telecom,2,2026-09-24,عندى مشكله فى التطبيق مش عايز يفتح أو يتحدث ارجو حل المشكله,Negative
0513de91-354a-43b8-8c48-35a56d459533,Vodafone Egypt,Telecom,5,2026-09-24,"(✷‿✷) ฅ^•ﻌ•^ฅ (ฅ´ω`ฅ) ฅ^•ﻌ•^ฅ (◉‿◉) (╯︵╰,) (╯︵╰,) اريد اللعب قلت اريد اللعبواابهبو",Positive
fa333595-5eb6-436e-b137-cc2c62c3a0be,Vodafone Egypt,Telecom,5,2026-09-24,جميل جدا,Positive
38f579aa-575f-4efe-b8b0-1439b5bcb702,Vodafone Egypt,Telecom,5,2026-09-24,جميل,Positive
a81c5d24-fa97-4ef9-b6ab-60b9fa84be6e,Vodafone Egypt,Telecom,2,2026-09-24,مش بيجي عروض حلو عالنت,Negative
698518e7-1fa8-45db-ae94-a1a47b0bf1b1,Vodafone Egypt,Telecom,1,2026-09-24,زفت وفيه مشاكل ولم يتم حل المشكله لا عن طريق خدمة العملاء ولا الفرع حيث انه عند فتح انا فودافون والدخول الي فودافون كاش تظهر رساله مكتوب بها لا توجد فواتير مستحقه وعند الضغط علي علامة × لحذف الرساله لا تحذف وتفضل ثابته وبالتالي لا استطيع استكمال خطوات تحويل النقود مع العلم انه تم الاتصال بخدمة العملاء وكذلك الذهاب إلى البنك ولم يتم حل المشكله,Negative
943084f2-2396-465a-b9e5-3f5bdeb6c4e5,Vodafone Egypt,Telecom,5,2026-09-24,جميل جدا,Positive
208be4d3-ad6d-498c-9254-806d5aadc2b1,Vodafone Egypt,Telecom,5,2026-09-24,شكرا شكرا جدا,Positive
6a5883e2-5d95-4689-a457-83cb879058ff,Vodafone Egypt,Telecom,5,2026-09-24,زنننننت,Positive
5f5c1db7-db91-4008-9d4a-0840edef5c5f,Vodafone Egypt,Telecom,1,2026-09-24,التطبيق لا يعمل حاليا قمة الفشل فودافون,Negative
1273530b-220e-4ba1-82d3-e476f58ec062,Vodafone Egypt,Telecom,2,2026-09-24,ممتاز,Negative
71e1c542-35eb-44dc-bce6-d614f03dbcee,Vodafone Egypt,Telecom,5,2026-09-24,محمد سعيد,Positive
8c698a83-fd1b-48b7-aee7-1a1148e77532,Vodafone Egypt,Telecom,1,2026-09-24,تطبيق سي جدا وشركه سيه,Negative
69cf0b53-03b7-4491-8fc0-d82be902a192,Vodafone Egypt,Telecom,5,2026-09-24,عظي,Positive
a06b5e89-937c-4bb8-9601-e8bb4a76c203,Vodafone Egypt,Telecom,5,2026-09-24,سبب عدم تحديث البرنامج,Positive
04a7ab79-6a04-4f9d-bc3b-0ec91a213442,Vodafone Egypt,Telecom,5,2026-09-24,ممتاز,Positive
2797e939-6a10-4c6a-9b73-52b65326de87,Vodafone Egypt,Telecom,1,2026-09-24,عدم الترشح لاي شخص شركه فودافون. للاسف الخدمة سيه حسبي الله ونعم الوكيل تجديد الثقه لا يوجد أي تحديثات البرنامج ثقيل جدا جدا جدا جدا جدا,Negative
dae780bf-a208-4adb-b784-427dd8aeb036,Vodafone Egypt,Telecom,1,2026-09-24,ازاي مجرد اي حد يفتح البرنامج يظهر المعاملات المالية علي المحفظة من غير ادخال الباسورد رجاء ترجع زي ما كانت مخفية وماتظهر إلا بعد ادخال كلمة السر,Negative
5565887f-9fc4-44bf-975b-f7a14aaeaf6c,Vodafone Egypt,Telecom,5,2026-09-24,حلو,Positive
b75962af-cb08-41c4-aa16-5051ab0b6b1f,Vodafone Egypt,Telecom,1,2026-09-24,زي الزفت الفتره دي,Negative
046b7003-6267-44e8-920f-2e5512ac21f8,Vodafone Egypt,Telecom,3,2026-09-24,جيد لكن اكتر ما يعيبه انه والفودا كاش مابيشتغلوش على الواى فاى ولا بعد نفاذ رصيد الباقة المفروض يستثنى من الباقة ويفتح بدون الباقة هيبقى افضل بكتير,Neutral
e28e20af-a101-4e00-9d20-dd87b6e955fd,Vodafone Egypt,Telecom,5,2026-09-24,تحفه,Positive
c6b24f17-d89a-4ea0-9625-58a62b6bedc5,Vodafone Egypt,Telecom,1,2026-09-24,برنامج تقيل جدا في التحميل,Negative
9e86daa1-df18-480d-ad52-7a5c94db9773,Vodafone Egypt,Telecom,1,2026-09-24,البرنامج زي الزفت,Negative
8cb4d223-d527-4809-8b91-427b1757f128,Vodafone Egypt,Telecom,1,2026-09-24,معفن,Negative
9c2cd1cd-a922-4b18-930c-dac5757a138b,Vodafone Egypt,Telecom,5,2026-09-24,عايزين هدايا ورصيد,Positive
000085d9-6ed6-45fa-9593-8d3472f1f124,Vodafone Egypt,Telecom,1,2026-09-24,بصراحة الأبليكيشن بقى سئ للغاية في الفترة الآخيرة وأجي افتح فودافون كاش مبيستجبش لأي حاجة,Negative
3393fd3b-c288-4dc4-bbc8-e6354da234bd,Vodafone Egypt,Telecom,5,2026-09-24,ممتاز,Positive
91ad1be7-3231-402d-ba09-9236ca213c16,Vodafone Egypt,Telecom,1,2026-09-24,التطبيق مش بيفتح خالص,Negative
c090af05-f50d-41a7-a527-4bf1c8dbe088,Vodafone Egypt,Telecom,1,2026-09-24,ياريت التطبيق يتفتح بأي شبكه,Negative
5b1c36c4-0770-4cb5-ae51-cd48f388e29d,Vodafone Egypt,Telecom,1,2026-09-24,كل ما اجي اعمل حاجه من عليه يقول لي حصل خطا,Negative
8fdf37cd-e31c-4593-a59b-8c5ccc1990c2,Vodafone Egypt,Telecom,5,2026-09-24,ممتاز,Positive
f81d7312-f007-48f0-8c7d-0d746882c28a,Vodafone Egypt,Telecom,5,2026-09-24,فودافون الافضل,Positive
4ce8c51c-f627-43b0-9f19-3809e0a38fd4,Vodafone Egypt,Telecom,5,2026-09-24,رائعه,Positive
79389e88-8a45-40f8-ba89-0a83dc61f17b,Vodafone Egypt,Telecom,3,2026-09-24,جيد,Neutral
d9778137-d96f-48d5-a406-d8e8e0418ea3,Vodafone Egypt,Telecom,5,2026-09-24,ممتاز,Positive
2977782c-6f1b-4efc-8fbf-c7a1ce6bd366,Vodafone Egypt,Telecom,1,2026-09-24,التطبيق سئ جدا لا يعمل والخدمات بطيئة,Negative
245b74d7-e2eb-4801-808c-abe99d18053e,Vodafone Egypt,Telecom,1,2026-09-24,آخر تحديث سيئ جدا و به أخطاء كتيرة التطبيق و الخانات بتاع العروض و الرسائل إللي بتكون تحت مش ف مكانها و أعطال كتيرة جدا,Negative
d3f5c702-3b51-4135-a536-a2040180d59b,Vodafone Egypt,Telecom,5,2026-09-24,هلا,Positive
370d9df5-eb37-406d-bf8f-1797549fa9f0,Vodafone Egypt,Telecom,5,2026-09-24,Vodafone,Positive
209f3c94-0328-43cb-b47c-038355711573,Vodafone Egypt,Telecom,5,2026-09-24,سعيد,Positive
b997f6fd-c2f0-4027-91e2-66b4c5bb3c7c,Vodafone Egypt,Telecom,5,2026-09-24,كده,Positive
3e5bc3dd-5946-4584-868d-33b4cf4c1f25,Vodafone Egypt,Telecom,5,2026-09-24,تمام لولم يتم تحديثه,Positive
9e278f76-225c-4b61-bcd1-61c9b9d8b23d,Vodafone Egypt,Telecom,5,2026-09-24,حلو,Positive
0588a1aa-bb9d-4c90-8093-952bb4c146bd,Vodafone Egypt,Telecom,5,2026-09-24,تر,Positive
84d95399-ae4d-4ad8-8d5b-0c7122d429d2,Vodafone Egypt,Telecom,1,2026-09-24,وحشه,Negative
e66f1466-92eb-4825-a13d-6425514d37b2,Vodafone Egypt,Telecom,5,2026-09-24,جميل واشيك وي مريح,Positive
1cf2840c-b1c7-4c33-8f5a-b03736b07735,Vodafone Egypt,Telecom,5,2026-09-24,١٠,Positive
80d6d8f9-9343-4fd4-afb3-c98d28fd1a91,Vodafone Egypt,Telecom,5,2026-09-24,ممكن تحديث برنامج باعلى صيغه,Positive
921fa311-2933-4af9-9109-46a7390a687c,Vodafone Egypt,Telecom,1,2026-09-24,اواجه مشكله في التقنيه تطبيق انا فودافون لما بفتح التطبيق وادوس اختيار على اي اي خدمه من داخل التطبيق بيقول لي في رساله نصيه لا يعمل في الوقت الحالي,Negative
81b52e33-529a-44d2-9259-43b26ff19a66,Vodafone Egypt,Telecom,5,2026-09-24,تطبيق فوق الممتاز وروعه,Positive
4add11dd-4102-435b-8f06-ce466f1e0db9,Vodafone Egypt,Telecom,5,2026-09-24,خدمات اكتر واسهل بس تمام تمام,Positive
c2bbc91c-9260-4bc3-88f1-636c81c71b76,Vodafone Egypt,Telecom,1,2026-09-24,تطبيق سئ للغايه وبيعلق ياريت تشوفوا شغلكم,Negative
98f7864c-cab7-4a48-a8a1-bad45850f6e9,Vodafone Egypt,Telecom,3,2026-09-23,التطبيق سيء جدا بعد آخر تحديث اضطر الي مسحه وإعادة تنزيله واغلق الهاتف ومع ذلك لا يزال لايعمل هناك مشكله في خدمات الرصيد والانترنت ارجو حلها سريعا,Neutral
20bf665e-d134-4d59-9a7b-bd50daa231c5,Vodafone Egypt,Telecom,5,2026-09-23,زى الفل,Positive
fe2c428e-9d6b-4040-8540-492770a026a1,Vodafone Egypt,Telecom,3,2026-09-23,فودافون نفسها بقت خراا عشان انا كنت عامل عرض ضعف الباقه اشتغلت يومين ورجعت الباقه تاني,Neutral
15e7b1d2-7a5a-4e5e-b373-231a8ffddea5,Vodafone Egypt,Telecom,1,2026-09-23,مرحبا بكم انا عايز اسال علي حاجة انا كل مابكتب كلمة المرور مش عايز يدخلني علي التطبيق بيقولي حسابك معلق يرجو حل المشاكل من انا فودافون,Negative
076a3580-d339-4c26-9058-8d97197ebb2d,Vodafone Egypt,Telecom,1,2026-09-23,أتقدم بشكوى رسمية وعاجلة بشأن عطل واضح في تطبيق «أنا فودافون» منذ التحديث الأخير. خانات إدخال كلمة المرور لا تستجيب للمس، والكيبورد لا يظهر، مما يمنعني من تسجيل الدخول إلى التطبيق نهائيًا. والأمر لا يقتصر على تسجيل الدخول، بل إن نفس العطل موجود داخل خدمة Vodafone Cash، حيث لا يمكن إدخال كلمة السر، وبالتالي لا أستطيع استخدام الخدمة أو تنفيذ معاملاتي من خلال التطبيق. وقد قمت بالفعل بحذف التطبيق وإعادة تثبيته بالكامل، ومسح البيانات والكاش، ومع ذلك لم يتم حل المشكلة. هذه ليست مشكلة إعدادات أو جه,Negative
3b5441af-431d-43ff-8a8f-8b69989f1d2a,Vodafone Egypt,Telecom,5,2026-09-23,رائع,Positive
e0c9fff5-fab5-494a-afeb-0a1ee528ed66,Vodafone Egypt,Telecom,1,2026-09-23,بقا زي الزفت,Negative
f9cf54f1-2a90-4a6f-8b2d-1bbe9e29d85d,Vodafone Egypt,Telecom,1,2026-09-23,سيء جدا جدا جدا جدا,Negative
6b0a5a27-3c3f-449f-b5bf-19c596f2ebd5,Vodafone Egypt,Telecom,5,2026-09-23,جيد,Positive
fb8a894d-784b-48f3-beee-97df0d268a2a,Vodafone Egypt,Telecom,5,2026-09-23,متميز,Positive
c5eb3f02-30e6-4663-bde2-ec296047df49,Vodafone Egypt,Telecom,5,2026-09-23,جممتاز,Positive
b095bf99-79a2-4bd6-9812-c7af5e85e165,Vodafone Egypt,Telecom,3,2026-09-23,مش بطال,Neutral
64def472-4b16-48d9-892e-81e41e991936,Vodafone Egypt,Telecom,5,2026-09-23,جميله,Positive
b7677d1e-1a53-4b9e-baea-9be1078f149d,Vodafone Egypt,Telecom,5,2026-09-23,تطبيق مميز جدا مفهوش عيوب خالص وانصحك انك تنزلو فورا,Positive
b95f685f-0de9-4500-a0c4-56a28ab465e8,Vodafone Egypt,Telecom,1,2026-09-23,البرنامج كان به مشكلة بسيطة تواصلت مع خدمة العملاء لتشغيلها طلبوا مني مسحه واعادة تنزيله ومسحته والان مش راضي ينزل بيقول جهاز غير موافق علما بانه كان يعمل به صباح نفس اليوم,Negative
9e4eecf0-ba1f-43a4-b8ff-23d7a6deae08,Vodafone Egypt,Telecom,1,2026-09-23,فشل ف الدعم الفني فشل ف التعامل مع العميل,Negative
08397bb2-75db-4153-8c28-82ac0846b940,Vodafone Egypt,Telecom,4,2026-09-23,تمام,Positive
056282ce-db0f-4dcf-90ee-2c322e8890ff,Vodafone Egypt,Telecom,1,2026-09-23,بقي سئ جدا,Negative
2cb48295-ffa5-484c-84a4-17d7f6a3421a,Vodafone Egypt,Telecom,5,2026-09-23,💯 ممتاز💯,Positive
27330408-1e50-4d86-8614-806b06f9f3a2,Vodafone Egypt,Telecom,5,2026-09-23,هو برنامج جميل وكويس ب ينقصه أنه يكون برنامج زياي انستا يحول لاي حد ل فوري و انستا واي حاجه حكومية وشكرا جزيلا,Positive
8e349713-f758-4ee9-8f83-09068ab0c7c0,Vodafone Egypt,Telecom,1,2026-09-23,لا يوجد تقييمات,Negative
bf72cd35-1c33-4275-bbf8-8bc26c7430d6,Vodafone Egypt,Telecom,1,2026-09-23,المصداقية في التطبيق 0 المفروض بعد ما افضل اي عرض في تفصيل العروض يجيني كوبون بس بقاله فترى الكوبونات مش بتوصل و ده مش عندي بس ده عند اغلب المستخدمين اتمنى إصلاح الامر حتا تعود الكوبونات مثل السابق لما يتم إصلاح المشكلة هرجع التقييم ٥ نجوم ده حتا انا محدث التطبيق على أحدث اصدار و جربت اعمل مسح بيانات و كل حاجة و كلمت خدمة العملاء مفيش حاجة نفعت المفروض الشركة ترجع الميزة دي,Negative
3c5c1a25-568b-4885-9e88-f36a27f13303,Vodafone Egypt,Telecom,5,2026-09-23,جيد جدا,Positive
cb4d0e1c-3198-4123-be55-14becb7e45de,Vodafone Egypt,Telecom,1,2026-09-23,تطبيق سئ جدا بعد التحديث لا يعمل بدون انترنت وإذا انتهت الباقة واريد تجديدها باستخدام محفظتي لا استطيع لان شبكه فودافون لا يوجد بها نت والشحن باستخدام المحفظة لا يتم بدون شبكه فودافون ما هذا الغباء كيف استخدم المحفظة في شحن النت والتطبيق لا يعمل سوي بالنت,Negative
3c816943-4ef3-45c9-8af8-4d39792bb636,Vodafone Egypt,Telecom,1,2026-09-23,بيعلق وصعب التعامل زمان كان افضل,Negative
ad28aeee-8dad-449c-b181-16625fd7e49b,Vodafone Egypt,Telecom,2,2026-09-23,التطبيق سيئ جدا كل ما بدخل علي حاجة يقولي حدث خطأ ارجو اصالح هذي المشكله في أقرب وقت ممكن,Negative
33f18632-1b03-46d1-8e20-70c7e169da4c,Vodafone Egypt,Telecom,1,2026-09-23,بجدد بقا وحش جدا وكل ما ادخل عليه لازم اعمل تحديث حد يا جماعه عندو نفس المشكله؟!,Negative
8fbc95ef-942a-4b5d-8fd5-7e224f93c1c8,Vodafone Egypt,Telecom,5,2026-09-23,برنامج محترم جدا بيسهل أمور كثيرة,Positive
028d850f-f75f-4ea4-a660-c5c739838aec,Vodafone Egypt,Telecom,5,2026-09-23,تطبيق فوق الممتاز,Positive
501b87b5-e467-41ea-95f4-c9e5587f9a07,Vodafone Egypt,Telecom,2,2026-09-23,التطبيق اصبح سئ بعد التحديث يفصل ولا يستجب يجمد الشاشه,Negative
7e7e7060-4903-446b-a552-8167969df6fe,Vodafone Egypt,Telecom,3,2026-09-23,انا جهازى HUAWEI Y6p انا لا استطيع تثبيت التطبق هل هناك حل,Neutral
0cbf7571-440d-410f-bbd9-e7cc2ecc3616,Vodafone Egypt,Telecom,1,2026-09-23,التحديث سئ جدا وبيعلق ولايعمل,Negative
aefdc7b2-89a2-4049-bb9e-e805d69bd8d0,Vodafone Egypt,Telecom,5,2026-09-23,جميل جدا,Positive
fdd1733a-544f-4293-8d20-eaf2de79af0d,Vodafone Egypt,Telecom,5,2026-09-23,جيد,Positive
d321b4da-3a50-405c-b887-2fef2f693222,Vodafone Egypt,Telecom,5,2026-09-23,احمد عبد الفتاح ابراهيم باشا,Positive
2a5c515c-58fa-42b9-83f2-da4e75edf5dd,Vodafone Egypt,Telecom,5,2026-09-23,تمام,Positive
534bdbe4-c6b8-4732-a80c-9c0c75161c75,Vodafone Egypt,Telecom,5,2026-09-23,جيد👍,Positive
be3e6284-7d4a-482c-83f4-5ff401ca7578,Vodafone Egypt,Telecom,1,2026-09-23,فى مشكله في واجهة التطبيق والعروض مش شغاله والتطبيق فى حالة تحميل مسنمر,Negative
7561cb6b-246c-458f-adac-3a6e1f0ba1d1,Vodafone Egypt,Telecom,1,2026-09-23,أواجه مشكله مع التطبيق لا يقرأ الرصيد احيانا رغم التحديث ح,Negative
e66e596f-86a3-468c-bb4b-4dc54bb32218,Vodafone Egypt,Telecom,1,2026-09-23,حتى الآن تم إزالة التطبيق وإعادة تثبيته اكتر من عشرون مرة وما زالت المشكلة مستمرة,Negative
4cea4214-99f5-4e9b-ae4d-e1eade2fedcc,Vodafone Egypt,Telecom,5,2026-09-23,ممتاز ومفيد جدا.. جزاكم الله خيرا.. مع تمنياتي لكم بدوام التقدم والازدهار .. أنه افضل وافيد تطبيق على الإطلاق. اريد تنزيل التطبيق..ارجو تسهيل هذا. وشكرا.,Positive
61a984c0-8cf0-44eb-82ee-7a396e3a170f,Vodafone Egypt,Telecom,1,2026-09-23,خدمة فودافون كاش لا تعمل على التطبيق عند إجراء اى عملية شحن مثلا الخدمة لا بيتم الدخول من حساب الرقم نفسه وتم تحديث التطبيق الى اخر تحديث والخدمة لا تعمل الرجاء الإفادة,Negative
fb579a2c-8a8d-4c59-9136-c1395e072d38,Vodafone Egypt,Telecom,2,2026-09-23,زفت التطبيق لا يعمل عند إعادة شحن الباقة,Negative
94410227-c6d7-46c7-b8a7-69164778162c,Vodafone Egypt,Telecom,5,2026-09-23,تحفه بجد مش كدب,Positive
91b134c9-51bc-4308-993f-977a109fa6c1,Vodafone Egypt,Telecom,5,2026-09-23,ممتاز,Positive
3b771ec3-54f0-4dee-b438-590583430072,Vodafone Egypt,Telecom,1,2026-09-23,شركه عباره عن لصوص انترنت الباقه لا تجلس اسبوع واعلي باقه اشتراك ...خدمه متنديه خدمه عملاء سلبيه وموظفين اسلوبهم قذر وسيستم الشركه حقير لابعد الحدود ...اسوء واقذر شركه محمول بمصر والله,Negative
2a5425d7-2689-478b-bede-9a4a339665ce,Vodafone Egypt,Telecom,1,2026-09-23,التطبيق بقى سيء جدا جدا جدا جدا جدا جدا جدا عشان ما بقاش في نت مجاني بيجي خالص ويا ريت تعملوا اي حاجه في تطبيق يجيب نت مجاني / ليه سعر الباقات غاليه قوي كده ليه وليه اصلا بتاخده ضرائب يا ريت تحسن من التطبيق شويه وتحسنوا سعر الباقات😒😒😒😒😒,Negative
c7a98972-b3b3-4973-91bf-dbae3e688adb,Vodafone Egypt,Telecom,5,2026-09-23,اي حاجه للههههه,Positive
8282ed05-0f6e-4eb0-85c6-faa315bd5289,Vodafone Egypt,Telecom,5,2026-09-23,احسن برنامج وبيدي هدايه كتير والله,Positive
7d757436-23d5-4d9e-b8d6-3b1829b443f5,Vodafone Egypt,Telecom,5,2026-09-23,لا حول ولاقوة الابالله العلي العظيم استغفر الله العظيم واتوب اليه عدد خلقه ورضا نفسه وزنة عرشه ومداد كلماته,Positive
dd910fd6-edf6-4f80-a74c-fc1d8d6eabda,Vodafone Egypt,Telecom,1,2026-09-23,التحديث زى الزفت,Negative
45dd6c5c-3927-4e4e-81ad-bbe76b867e96,Vodafone Egypt,Telecom,5,2026-09-23,صلى على محمد,Positive
7f6e0f6e-ee82-46d5-a903-dd0b1ad17384,Vodafone Egypt,Telecom,5,2026-09-23,ممتاز,Positive
e7fb1891-ab07-48cf-b102-3f0c97f2c115,Vodafone Egypt,Telecom,1,2026-09-23,التحديث الاخير ل ابلكيشن انا فودافون وحش اوي الاول كان سهل وكان افضل دلوقتي بقي كانه رجع ل بدايته,Negative
b871e409-95d9-4cd1-8bd1-f8d3fcd8dd7b,Vodafone Egypt,Telecom,1,2026-09-22,المحفظه مش شغاله,Negative
687e7050-5f8b-4374-84b7-ec30c16ca787,Vodafone Egypt,Telecom,5,2026-09-22,💞,Positive
beac3456-2675-48b8-bdd9-722059aa1419,Vodafone Egypt,Telecom,2,2026-09-22,",ليه تم سح ب من الرصيد9000 فليكس",Negative
492c5200-a9fe-48df-8029-d205e653b302,Vodafone Egypt,Telecom,1,2026-09-22,التطبيق في مشاكل كتير زي مشكلة أن انا مش عارف افعل خيار استعمال الميجبيتس نت يريت تحلو المشكلة في اسرع وقت,Negative
fc1bcdb0-6bc5-4f00-832d-32fe5017a0ff,Vodafone Egypt,Telecom,5,2026-09-22,يم,Positive
d49aaff5-2eb7-44b9-aef0-4dfc3e42fa26,Vodafone Egypt,Telecom,3,2026-09-22,بعد التحديث الأخير أصبحت فودافون كاش لا تعمل نهائيا ولا أستطيع إجراء اي معاملة والايقونات كلها متوقفة ومصابه بالشلل التام وتتوقف ولا أستطيع سوى الرجوع لواجهة التطبيق,Neutral
ff665b5f-0d9c-440f-b0c3-a68e442e1037,Vodafone Egypt,Telecom,5,2026-09-22,جميل جدا,Positive
8925d9ee-ca38-4b53-888e-4beacf73a8ce,Vodafone Egypt,Telecom,3,2026-09-22,ولل,Neutral
dfbe4072-8a80-49fd-a4e7-c5546e5f57ae,Vodafone Egypt,Telecom,1,2026-09-22,حراميه النت والرصيد اهم,Negative
8eda3608-5bd6-4391-8a6e-c492c1775e08,Vodafone Egypt,Telecom,5,2026-09-22,ممتاز,Positive
94a2b13d-31c2-4c4e-89a4-546600cadc60,Vodafone Egypt,Telecom,1,2026-09-22,سيئه سيئه سيئه لا انصح اي شركه تتعامل معاهم,Negative
319828b6-5645-43dc-a5da-b31c22b87e79,Vodafone Egypt,Telecom,1,2026-09-22,لسه الابلكشين مش شغال الاختيارات,Negative
cc8bc7ff-e817-4819-9ff2-4864cb72aa7c,Vodafone Egypt,Telecom,1,2026-09-22,حراميه بيسحبو الرصيد كله وانا بباه مش فاتح اي حاجه وسحبو الدقائق من غير ما اتكلم اصلا شحنت ب20 اتسحبو علي الفاضي وشحنت تاني وتالت اتسحبو في نفس اليوم,Negative
712a0cb8-7803-4a82-a053-de4355fcebfa,Vodafone Egypt,Telecom,5,2026-09-22,ممتاز,Positive
cbc665d1-83d8-4662-a919-e2e8ad520580,Vodafone Egypt,Telecom,1,2026-09-22,المحفظه مش بتفتح,Negative
ddaf7bd7-a4e8-40e5-99d7-545d529bc2be,Vodafone Egypt,Telecom,1,2026-09-22,بيتخصم رصيد بدون اى حق واتصلت بخدمة العملاء الموظف كان قليل الزوق معايه,Negative
0808a820-d3e1-4eb3-b972-6ce31a627b1e,Vodafone Egypt,Telecom,5,2026-09-22,EXCELLENT 👌,Positive
f0a99783-aaae-471b-93f1-efb2e3343100,Vodafone Egypt,Telecom,1,2026-09-22,اخر تحديث التطبيق سيء جدا وبطيء جدا وكثير المشاكل وخاصة المحفظة (بتعلق ديما ومش بعرف انفذ أي معاملة من داخل التطبيق ),Negative
6310e539-1447-4936-8ed5-f27a04191608,Vodafone Egypt,Telecom,1,2026-09-22,برجاء اتاحة تشغيل المحفظة على الواي فاي وليس باقة الفودافون فقط,Negative
2c9d9872-b2bc-4db0-a57f-9302642447c0,Vodafone Egypt,Telecom,5,2026-09-22,نعم,Positive
bfc5f828-bc19-48c0-9108-2f6abd29f3f5,Vodafone Egypt,Telecom,5,2026-09-22,جيد جدا,Positive
9afffcf5-73c5-45f5-b38b-ad70f87d2f8f,Vodafone Egypt,Telecom,1,2026-09-22,سيئ جدا لايريد شحن لي كارت ويقول لا يوجد رصيد مع أنه يوجد رصيد شركة مستغلة وحتي اخذت الرصيد يا علي الاستغلال شركة مستغلة جدا,Negative
1dd0e522-4a16-4de9-8627-1e6bb638ded1,Vodafone Egypt,Telecom,5,2026-09-22,ممتاز,Positive
a783af48-57df-4faf-9199-06cb0e56e334,Vodafone Egypt,Telecom,1,2026-09-22,طريقة الشحن الرصيد الجديدة عبارة عن حاجة مزعجة جدا لإنه حاليا يجبر العميل بشحن وتجديد الباقة مباشرة فى عملية واحدة وبذلك يجبر العميل على التجديد للباقة حتى لو لم يرغب فى ذلك فى وقت الشحن ، فى السابق كان بالإمكان شحن الرصيد بدون ما يكون مرتبط بتجديد الباقة ، الموضوع مزعج أتمنى للعودة لنظام شحن الرصيد مع إحتفاظ العميل بحقه فى تجديد الباقة من عدمه ، أتمنى العودة للنظام القديم,Negative
3b2ba162-9fb8-43e0-a6fd-e086b8796159,Vodafone Egypt,Telecom,5,2026-09-22,ليه مش بيشتغل غير من الداتا بتاعت الخط نفسو,Positive
2f6467c7-1340-4b51-b5a4-91a0cdb8e52f,Vodafone Egypt,Telecom,5,2026-09-22,تجربه ممتازه,Positive
b0e14e1d-658f-4f37-ba61-733d56664a8f,Vodafone Egypt,Telecom,3,2026-09-22,فضلا نت وهدايا مجانية,Neutral
13469d75-c7bf-45f4-ac72-8eef3152d07e,Vodafone Egypt,Telecom,5,2026-09-22,اتمنى يتم إضافة كارت بنكي لتحويل وشحن الرصيد والاشتراك في الباقات المختلفة,Positive
a7eda10e-78f8-4bd8-9bc9-064a122c6f35,Vodafone Egypt,Telecom,5,2026-09-22,ممتاز جدا,Positive
a8c3a8f5-876d-43ca-bdd4-f264b010162f,Vodafone Egypt,Telecom,5,2026-09-22,تطبيق حلو خالص,Positive
1bf64a25-6d19-4c70-9d0d-a879a9075ab3,Vodafone Egypt,Telecom,5,2026-09-22,تطبيق جميل يسهل العمل في فودافون كاش اول تطبيق عاجبني يا عم خلاص حلو يعني تعرف تتابع استهلاكك على طول اوصف لك ايه ما انا مش عارف بس هو تطبيق ممتاز,Positive
b052bbe6-b5a0-4ce1-85bd-375b1e32432a,Vodafone Egypt,Telecom,1,2026-09-22,شكبة سيئة لا في أمانة ولا جزء من الامانة,Negative
b7a78d72-1f5c-49c5-b3ea-a518c297fb21,Vodafone Egypt,Telecom,5,2026-09-22,ممتاز جدا,Positive
dfb7a671-145d-4769-9316-ecefc7f36aae,Vodafone Egypt,Telecom,1,2026-09-22,شركة بنت ميتين كلب من الاخر سرقه سرقه سرقه,Negative
302de151-109b-4c76-bfbe-9150444592f8,Vodafone Egypt,Telecom,1,2026-09-22,تجربة سيئة جداا,Negative
eac3927a-cc2c-4789-b5ed-a957e46a56c7,Vodafone Egypt,Telecom,1,2026-09-22,جيد,Negative
169e93e4-9227-4dce-9355-87e3754c3970,Vodafone Egypt,Telecom,2,2026-09-22,ليه لما بحول لحد فلوس وعايز اخد اسكرين شوت بالتحويل مش بيرضي ياخد اسكرين شوت وعاي موبايلات زمايلي بياخد اسكرين شوت عادي جدا ؟؟؟ارجو الرد,Negative
d7389a02-0c8a-422c-b492-80ae8ba97118,Vodafone Egypt,Telecom,1,2026-09-22,التطبيق كان يعمل بشكل جيد ثم توقف بعد التحديث لا يتيح تقسيم الباقه أو يتم عرض اي عروض داخل التطبيق,Negative
3ee7cde1-e886-40d1-aebe-ec3dcb49b77e,Vodafone Egypt,Telecom,1,2026-09-22,البيانات بتاعته ان انت تفتحيه مش حلو خالص,Negative
5b3bbbc3-91af-4aa0-a2b3-cf2f98a13a4d,Vodafone Egypt,Telecom,2,2026-09-22,الخدمه سيئه جدا، كل ما اشحن ويجي ليا هدايا مقدرش اخدها وكل شويه لما ادخل المحفظة تيجلي محفظه حسابي الثاني,Negative
1b35144c-0db1-4c00-a242-70d0c50dad8e,Vodafone Egypt,Telecom,5,2026-09-22,عايز اشغل التطبيق مش عارف اعمل كل ما ادخل البيانات ويجي لي الرقم السري ما يقبله,Positive
fb5e6168-9305-47e8-b153-d12af7c98312,Vodafone Egypt,Telecom,5,2026-09-22,ممتاز,Positive
f0ecb9b6-e59d-44b9-b66b-eba69a15e827,Vodafone Egypt,Telecom,5,2026-09-22,جامد جدا خاصة خدمات,Positive
4452757f-fcb6-48c4-82dd-4d3ae7e5562d,Vodafone Egypt,Telecom,5,2026-09-22,تطبيق رائع,Positive
62e8c41f-9d8e-4821-b0f8-68de02a2ab40,Vodafone Egypt,Telecom,1,2026-09-22,٠٠٠,Negative
0ab2bace-59ee-42c0-89c0-1049cc0bde14,Vodafone Egypt,Telecom,5,2026-09-22,للاسف اواجه مشكل فى التطبيق اي معملات لخدمه الكاش متوقفه منذ شهرين وذهبت للفروع فودافون وكلمت خدمه الدعم على ٧٠٠١ وحدثت التطبيق ونزلته اكتر من مره ومسحت البينات وجربت اشياء كثيره وانا الان مصدوم والنتائج المخيبه للاسف مش لاقي حل,Positive
800373a2-0cb9-4b0b-be5f-230adc139bdc,Vodafone Egypt,Telecom,5,2026-09-22,جيداً,Positive
14966c91-aef8-4a76-9000-38f4568b1afa,Vodafone Egypt,Telecom,1,2026-09-22,برنامج زي الزفت كل ثانيه تجيلي رساله فنص الشاشه تم انتهاء وحدات هديتك لحد مكفروني ياريت اشوفلي حل بسرعه قبل معمل مشكله مع فودافون,Negative
ab9e9b8a-b58f-4ee7-9ea4-cf752089efc5,Vodafone Egypt,Telecom,5,2026-09-22,شكرا فودافون. بزنس :,Positive
949f9b0e-9a83-4620-a636-73caa5a22a5a,Vodafone Egypt,Telecom,1,2026-09-22,تطبيق فيه مشاكل زى انى لما اجى ادخل على الى اسمها فصل عروضك وافصل عرض لما اجى ادوس اشتراك يقلى جار تنفيذ طلبك وتاجى رسالة تقول رصيدك لا يكفى معا انى معاية رصيد كافى كل ما اجى اشترك فى اى عرض من عروض 365 يكون معاية رصيد كافى بس بيقولى رصيدك غير كافى معا انى مش مشترك فى اى باقة تانية وحدثته اخر تحديث ونفس المشكلة ارجو حل هذه المشاكل وسعات بيكون عندى نت بس مش شغال ارجو حل هذه المشاكل فى السرع وقت وشكراً,Negative
27d37d49-f0b2-4384-afa9-5312e205fcca,Vodafone Egypt,Telecom,5,2026-09-22,جميل جدا,Positive
4b8b1e9b-6f6e-42be-ad6f-17ac928829d2,Vodafone Egypt,Telecom,1,2026-09-22,لم يتم تثبيت التطبيق يظهر دائما انا التطبيق غير متوافق مع هاتفي,Negative
5bf2c177-13c6-4339-9941-4d569b7afc31,Vodafone Egypt,Telecom,5,2026-09-22,جميل,Positive
0793f382-68f3-4c44-85f3-ebb685927a5b,Vodafone Egypt,Telecom,1,2026-09-22,اكتر شركه زيرو مصداقيه تتعامل معاها بيخصمو رصيد باقة فليكس من غير م استخدمه واكلم خدمة العملا عامل نفسه عبيط وبيكلم جاهل لو عاوز شركة محترمه منصحكش ابدا بالشركه دي هيسحبو منك الرصيد عيني عينك وهيغيرو ف معني كلام الرسايل علي مزاجهم,Negative
9b924721-611e-4449-92b8-95187371cd07,Vodafone Egypt,Telecom,1,2026-09-22,تطبيق سئ لأبعد الحدود,Negative
7a1a18f3-3edd-4849-b7dd-d0f6c11a3e8d,Vodafone Egypt,Telecom,5,2026-09-22,شكرا,Positive
6855b4ac-0ef8-4657-ba1c-b8a925e219e0,Vodafone Egypt,Telecom,5,2026-09-21,رائع جداً👍🙂,Positive
37bc0990-14df-4fcc-84d7-123073c00e5b,Vodafone Egypt,Telecom,4,2026-09-21,حيد,Positive
c471c23b-1a55-46de-b2ac-facb2dcb7df9,Vodafone Egypt,Telecom,3,2026-09-21,التطبيق عندي مش بيحول فلوس من فودافون كاش,Neutral
1cc162c2-a84b-4f34-af9e-68ccf6d1a62e,Vodafone Egypt,Telecom,5,2026-09-21,فودافون كاش مش شغال,Positive
3f49b282-4e41-45af-8aa4-41dc955e04fd,Vodafone Egypt,Telecom,5,2026-09-21,جميل جدا,Positive
9b05c4c9-55de-4ed2-9316-b51e431cfdb3,Vodafone Egypt,Telecom,1,2026-09-21,تطبيق سيئ جدا,Negative
fe618515-461f-4c1d-9955-30678eca53cb,Vodafone Egypt,Telecom,1,2026-09-21,كانت شركه محترمه وعالميه ونظيفه اليد الوقت بيقلبوا عملائهم اول بأول يعنى ايه تسلفني الباقه ومهله سدادها 3 ايام وتوقفها وكمان توقف كل الخدمات معاها الخدمات المدفوعه مسبقا زى الكول كيبر ومودك وغيره كتير وخامه الشرايح بتاعزكوا بقت ورق استخدام شهر أو شهرين وبتدوب مش عارف ازاى ويعني ايه تسلفني باقه و3 ايام توقفها وتوقفلى الخدمات تقييمى. اسوء شركه محمول فى مصر على الإطلاق اتمنى جوجل تضع مع نجوم التقييم كروت طرد عشان نرمى البرامج بشركاتها برا خدمات جوجل,Negative
aff86bb1-30a9-48c8-b5c5-b8de185b4ad0,Vodafone Egypt,Telecom,1,2026-09-21,من أوسخ الشركات سرقه علنى اتصال شبه يومى بخدمه العملاء بسبب سرقه الرصيد ويتم الأعتذار وعوده الرصيد وسرقته اليوم التالى يمكن حبيين يسمعوا صوتى كل يوم حاجه قرف,Negative
ea65f235-70c0-4302-a593-b3b1ee0695c6,Vodafone Egypt,Telecom,1,2026-09-21,برنامج ملوش لازمة انا اتخصم من رصيد ودخلت تابعت استهلاكي من عليه وموصلتش للخصم دخلت اعمل شكوى لقيت بوت ولا في تواصل ولا اى حاجة كلها عبارة عن اختيارات لخدمة الشركة واشتراكات مش اكتر ولا اى حاجة ممكن تفيد العميل البرنامج للتسهيل بس مش اكتر ومبيحلش مشكلة وتواصلت مع الشركة اكتر من مرة تفضل تلف لحد ما توصل للتحدث مع احد ممثلي العملاء كان رصيدك خلص ما الدقيقة ب٥٠ قرش تدخل علي موقع الشركة برضو بوتات تاخد رقم التواصل واتساب تلاقي بوت بيحولك علي بوت الابليكيش ومتوصلش لاى حل انا ندمت انى غيرت اورنج,Negative
c7dcff42-4d43-435e-9178-620ebdb6b2f5,Vodafone Egypt,Telecom,5,2026-09-21,احسن شبكه فى مصر بجد وحل اى مشكله قدمك شكرا فيدفون بجد,Positive
9de99d18-7152-4618-b805-6aa15975689a,Vodafone Egypt,Telecom,1,2026-09-21,للاسف مش عارف احدث التطبيق بتظهر لي رساله انه الاصدار غير متوافق مع انه اصدار الاندرويد عندي 11,Negative
b0f110a7-cb18-471a-aaca-346b52c8c2f5,Vodafone Egypt,Telecom,1,2026-09-21,الان لا يعمل ربما توجد مشكلة لكن من قبل كانت لاتوجد,Negative
200c6ca2-041a-43f8-9feb-e67b63f92954,Vodafone Egypt,Telecom,5,2026-09-21,تطبيق ممتاز جدا جدا,Positive
3b0050e1-a554-4db7-98c0-4f3514c032c8,Vodafone Egypt,Telecom,1,2026-09-21,هذا,Negative
7761ba25-66d7-4754-9f84-335d7074f32d,Vodafone Egypt,Telecom,5,2026-09-21,حبيبي مستغناش عنه تطبيق ممتاز ومريح وسهل واجد فيه كل ما اريد شكرا فودافون,Positive
8fc7b0d6-9f24-42fa-9ed6-35a547471e68,Vodafone Egypt,Telecom,5,2026-09-21,ممتاز,Positive
c6be81ab-9494-4bd0-9ac7-d344ee8dffbc,Vodafone Egypt,Telecom,5,2026-09-21,العشق,Positive
a40c0ebb-ae62-4487-8a12-665dfdbe49ee,Vodafone Egypt,Telecom,4,2026-09-21,فين الهديه انتو بتضحكو علينا ومفيش حاجه,Positive
a86159fb-500e-4f83-8f16-83729c1ae974,Vodafone Egypt,Telecom,5,2026-09-21,جيده جدا,Positive
b3f6ffd0-967e-48f4-b746-85f2a3435da2,Vodafone Egypt,Telecom,5,2026-09-21,جميل ومفيد جدا جدا جدا,Positive
0f00e1f5-211d-41db-9327-618e40342f0e,Vodafone Egypt,Telecom,5,2026-09-21,تمام,Positive
fdb0612b-1aa0-42dd-a9f7-faa9cec48c8b,Vodafone Egypt,Telecom,5,2026-09-21,تطبيق عملى يساعد مهام كتير,Positive
f16063cb-3669-47ec-ab6f-3db913ef5903,Vodafone Egypt,Telecom,1,2026-09-21,غير متوافق مع اصدار هاتفي 13 اندرويد,Negative
0a327e39-3a28-4c87-8163-1857b136f62f,Vodafone Egypt,Telecom,1,2026-09-21,قذره,Negative
aeaf9488-b3a1-4a4f-bef1-9d3583033220,Vodafone Egypt,Telecom,1,2026-09-21,أسوء تجربة لي مع خط تليفون و شركة خدمات محمول,Negative
25f52154-2f71-4d1a-96ff-066b230701a0,Vodafone Egypt,Telecom,5,2026-09-21,احسن تطبيق,Positive
84b52077-7ef5-4ad4-8743-67b7086be164,Vodafone Egypt,Telecom,5,2026-09-21,جديد وجيد,Positive
eb72c4d7-4dd3-4d1a-a7d6-65792af4a33f,Vodafone Egypt,Telecom,1,2026-09-21,التطبيق بيعلق جدا,Negative
f32a53f7-d507-44cf-b0c6-9a80ea94f844,Vodafone Egypt,Telecom,5,2026-09-21,ممتاز,Positive
a6411440-4b08-45a8-9295-cf9575de528f,Vodafone Egypt,Telecom,5,2026-09-21,شكرا فريق فودافون احسن خدمه واحسن موظفين,Positive
5c603eae-2bcb-4769-bc6e-19d5ed80b3de,Vodafone Egypt,Telecom,1,2026-09-21,ازبل شركه,Negative
0f9a1e20-5718-4e45-b367-403c0350354b,Vodafone Egypt,Telecom,5,2026-09-21,عملى ومفيد ودقيق جدااااا جدااااا.... فودافون شبكة مصر الأولى والعالم كله . فودافون كاش اصبح اقوى واسرع وافضل فى مجال تحويل الاموال .. وفقكم الله وأعانكم لنا وعلينا... شكرا فودافون,Positive
992f4f77-81db-459d-b534-f507e86a042e,Vodafone Egypt,Telecom,1,2026-09-21,في مشكله في التطبيق بسجل دخول بكتب الرقم تمام يجيب الخطوه ال بعدها بتاعت الباسورد التطبيق بيقف مش بيكتب حاجه وبيعلق,Negative
239a9342-31d1-48e8-bc98-6797de25e8f2,Vodafone Egypt,Telecom,4,2026-09-21,السلام عليكم ارجو اضافه ميزه NFC في الأبلكيشن اشحن الخدمات مثل الكهرباء والخ......... وشكرآ,Positive
84da3949-a1c7-4f91-8a5f-7199b2324fa9,Vodafone Egypt,Telecom,3,2026-09-21,اخر تحديث لتطبيق ثقيل في الفتح والقفل وفي الاستخدام,Neutral
7dfb264f-35d4-4a5e-ad5e-aeb41f77564f,Vodafone Egypt,Telecom,5,2026-09-21,هال,Positive
74ec63a8-0e96-460d-8898-349c2cd530e1,Vodafone Egypt,Telecom,5,2026-09-21,good,Positive
7f8ca2e3-378b-4d92-8a75-dc476ca51988,Vodafone Egypt,Telecom,5,2026-09-21,تطبيق جميل,Positive
63c0b5f0-bbb2-4af3-a8fa-4358070f455d,Vodafone Egypt,Telecom,5,2026-09-21,good 👍,Positive
d35b5319-26b0-4f09-95cd-a767998935db,Vodafone Egypt,Telecom,5,2026-09-21,البرنامج جميل جدا والله العظيم,Positive
c8e8f2e5-2e30-47c4-8636-458ef72f817f,Vodafone Egypt,Telecom,5,2026-09-21,ممتاز,Positive
be92ad18-7fb9-4737-a0b3-8d73c519d50b,Vodafone Egypt,Telecom,5,2026-09-21,برنامج رائع,Positive
e23bc538-1260-4ee1-9c13-7fa347c69765,Vodafone Egypt,Telecom,1,2026-09-21,تطبيق واقف جدا بعد التحديث الاخير مش عايز يتحرك من اي شيء مش تليفوني انا بس تليفوني انا والاولاد مش جايب اي حاجه تفاعل في اي ايقونه ما فيش اي تفاعل ولا عارف احول ولا عارف استفسر عن رصيد ولا اي حاجه خالص,Negative
302b0f64-cb5e-4456-90b9-17e7ae46c1b8,Vodafone Egypt,Telecom,2,2026-09-21,تكا,Negative
82ab6bdc-2e2c-4de8-96ba-f07e91e17862,Vodafone Egypt,Telecom,1,2026-09-21,التطبيق من بعد التحديث الجديد مش مثبت عندي رجاء حل المشكله ف أسرع وقت ممكن التطبيق لما اجي انزلو مش بينزل بيجيلي هذ التطبيق لا يتفور على جهازك قبل اتحديث كان شغال ونا شغلي كلو على رجاء حل المشكله عشان محتاج هذ التطبيق ضروري,Negative
385a7ff5-76a5-4961-982c-62673771926c,Vodafone Egypt,Telecom,5,2026-09-21,تمام,Positive
93bafe61-64ab-4daf-bc00-1996a9595fa4,Vodafone Egypt,Telecom,1,2026-09-21,البرنامج الاول كان شغال كويس من غير داتا وكنت بفتح من غير داتا والبرنامج يشتغل معايا بعد التحديث اصبح سئ ولازم يكون معايا داتا علشان استخدم البرنامج رجاءا حل هذه المشكله,Negative
970c41fa-7c95-4057-b9db-0b3b42bc9fd9,Vodafone Egypt,Telecom,5,2026-09-21,ممتاز,Positive
d7ab008c-3487-45a4-abe1-0722ad7c3df0,Vodafone Egypt,Telecom,5,2026-09-21,تطبيق مفيد,Positive
09bd8e2f-7cc8-435e-b9d3-3c771251822d,Vodafone Egypt,Telecom,5,2026-09-21,احسن شركه فودافون,Positive
8416c3d9-1951-462f-8689-e772a767a61f,Vodafone Egypt,Telecom,1,2026-09-21,شركة سيئة للغاية وخدمة عملاء رديئه ودون المستوى ولايوجد لدى موظفين اى حلول سوى تعقيد الأمور للعملاء والاستعلاء عليهم الرابط اللى حضرتك باعته غير متاح ومعطل,Negative
164a4bd2-73d5-4b4e-a3f5-ade36a0f1931,Vodafone Egypt,Telecom,5,2026-09-21,ممتاز,Positive
a3251eb8-2a86-4b35-8804-09f39ece18dc,Vodafone Egypt,Telecom,5,2026-09-21,تطبيق رائع جدا وسهل وآمن,Positive
bd469c9b-8ebf-4cff-846f-bb63da6b4624,Vodafone Egypt,Telecom,5,2026-09-21,ممتاز,Positive
dd53a155-46e8-444d-bdef-cca2d2665ea5,Vodafone Egypt,Telecom,5,2026-09-21,مونجز جداً ورائع,Positive
c855723d-2a55-4192-8630-5471ec217b55,Vodafone Egypt,Telecom,5,2026-09-21,بعد التحديث أصبح سيئ مش عايز يشتغل إيه السبب,Positive
519ba84b-b3a8-4fce-bf2d-6421a3778833,Vodafone Egypt,Telecom,5,2026-09-21,نعم,Positive
4521f9d9-3270-4095-882d-e4b865a3799e,Vodafone Egypt,Telecom,1,2026-09-21,التجربه مش احسن حاجه مع انا فودافون,Negative
7d78bfb9-5969-4232-afb3-e2c073fe490c,Vodafone Egypt,Telecom,5,2026-09-21,اتمني تضيفو AI chat,Positive
01bc11f9-a89f-4c06-8a31-184a66c3395a,Vodafone Egypt,Telecom,1,2026-09-21,تجربة زفت وخدمة العملاء مش محترمين مع شركة نصابه بتعرض باقات ولما نيجي نجدد يقولو اصل دي باقة قديمة,Negative
c3f0ce18-b51e-41d3-970d-bd03853b1efb,Vodafone Egypt,Telecom,5,2026-09-21,مشاركه,Positive
1af8eaed-3191-4aa9-834a-1997d346146c,Vodafone Egypt,Telecom,5,2026-09-21,شكراً جزيلا,Positive
d57f467a-fb68-4125-b3a3-fdd768ba46ce,Vodafone Egypt,Telecom,1,2026-09-21,البرنامج لا يعمل علي الجهاز,Negative
93c827f6-8d24-4a8f-adc5-7fc37fb3b422,Vodafone Egypt,Telecom,5,2026-09-21,ممتاز جدا جدا جدا,Positive
3306d49c-04a7-4fdc-8eac-153ca53a8347,Vodafone Egypt,Telecom,5,2026-09-21,سهل سريع,Positive
0d391000-e651-42bd-b016-d45d1598631c,Vodafone Egypt,Telecom,1,2026-09-21,الابلكيشن بقى سيء جدا كل ما باجي استخدم حاجه في فودافون كاش ما يرضاش يضغط على الحاجه انا محتاجها,Negative
4440e681-c79e-4384-a33d-9f0ace90cd9a,Vodafone Egypt,Telecom,1,2026-09-21,للاسف التطبيق بقي سئ جدا جدا فودافون كاش وكل يومين يطلب تحديث والأسوا ديما,Negative
af42f509-5018-402a-a847-13e14a1d0c0f,Vodafone Egypt,Telecom,5,2026-09-21,جيد جدا استمتع بلططبيق ١٠٠بل ١٠٠,Positive
f6574ed4-0087-42e8-9a53-dd39468a355b,Vodafone Egypt,Telecom,1,2026-09-21,تطبيق زباله وتحديث الي نازل عليه مش مخليه البرنامج شغال,Negative
3cb05ddf-9eeb-4746-8048-5bccc094a9e9,Vodafone Egypt,Telecom,5,2026-09-21,متواصل لما تتميز به,Positive
8dc36fc4-df11-49cd-9bc9-c8839766eb44,Vodafone Egypt,Telecom,1,2026-09-20,تحديث زى الزفت ، اشغل داتا الخط تلاقى التطبيق بيفتح بطلوع الروح ، ادخل على فودافون كاش ميدخلش !!!,Negative
822265df-9947-4892-b148-98f4b028bd54,Vodafone Egypt,Telecom,1,2026-09-20,تجربه سيئه جدا صعب جدا في صعوبه دخول الابلكيشن ده غير ان دخول الباسبورد بالعربي ومفروض بالانجلش،ومش،عايز يحول انجلش,Negative
eb8a3bc0-f711-4119-8d34-4a782b76ed06,Vodafone Egypt,Telecom,5,2026-09-20,مشاء الله,Positive
bcd69b12-eb2a-4345-b2d5-c27ca7752db7,Vodafone Egypt,Telecom,5,2026-09-20,جميل جدا جدا,Positive
e0d346c2-1ed9-4d6d-8dc9-49e34391f453,Vodafone Egypt,Telecom,2,2026-09-20,البرنامج بقي زفت في المحفظة وبيهنج وبيرسل الفلوس مرتين,Negative
8e94b3d7-9865-40b3-b34d-afa90fe92ef4,Vodafone Egypt,Telecom,5,2026-09-20,king,Positive
c4f94056-9ef3-4e08-aabd-ae9b3ff5e9ab,Vodafone Egypt,Telecom,1,2026-09-20,لم يعد يعمل معى بشكل صحيح ولم يفتح معى نهائيا,Negative
32e21d6e-afc3-40de-9c74-ee57df8c3b7c,Vodafone Egypt,Telecom,5,2026-09-20,جميله,Positive
7a9011b2-5ce1-48c6-a138-cd764a09ddf5,Vodafone Egypt,Telecom,5,2026-09-20,جيد جدا,Positive
85b79b3e-07b0-4561-903a-4dbd4e63c3c4,Vodafone Egypt,Telecom,5,2026-09-20,جيدة,Positive
71e9d88a-34fc-4564-bd60-1aafc7d7af49,Vodafone Egypt,Telecom,5,2026-09-20,ممتاز,Positive
0a9d0922-ac47-426e-824c-01d65724caee,Vodafone Egypt,Telecom,1,2026-09-20,برنامج فاشل زيكم بالظبط,Negative
32c796a3-e06e-43b1-acbd-239ef162f9ce,Vodafone Egypt,Telecom,1,2026-09-20,اسوء شركة على الاطلاق عدم مصدقيه عدم احترام العملاء كول سنتر ميعرفوش يتعاملو مع ناس محترمه,Negative
7916be97-c55d-438a-9988-e0c1d9078488,Vodafone Egypt,Telecom,1,2026-09-20,مش حلو,Negative
81371db8-b059-4c67-bf48-b0a7762134d3,Vodafone Egypt,Telecom,5,2026-09-20,ممتاز جدا والله,Positive
f6616da9-cd5e-4fca-98b9-8ed948857e02,Vodafone Egypt,Telecom,1,2026-09-20,تطبيق سئ جدا جدا,Negative
95889143-42ec-41cf-a127-abcc8e8f0605,Vodafone Egypt,Telecom,5,2026-09-20,تمام 👌,Positive
6a5fac13-e52a-4f62-ab56-8895b6ab87d9,Vodafone Egypt,Telecom,1,2026-09-20,ابلكيشن بقى سيء وشركه بقت سيئه وما تعرفش تتواصل معاهم والرصيد بيتسرق مع العلم ان في باقه وفي حاجات محطوطه وفي نت وحاجه بقت زباله وانا نويت ان انا احول خطي من فودافون خلاص لاقي شبكه ثانيه,Negative
a6108091-29c7-4bee-89b0-6084029f29c8,Vodafone Egypt,Telecom,1,2026-09-20,مشا الله,Negative
1f58f707-1306-4df7-943e-a8e8ce948b80,Vodafone Egypt,Telecom,5,2026-09-20,هو التطبيق حلو اوي بس فئة بعض المشكلات,Positive
42078e56-92e1-448b-9ab7-905709a6e2ec,Vodafone Egypt,Telecom,1,2026-09-20,طبيق كويس بس ديما بيجيب علامه لا توجد فوتير مستحقه ومترتاش تختفي بتوقف عمل الطبيق وجميع خدماته غير انه لم تجي كلمه السر بطغط بستمرار ولا يوجد فتح لدخول كلمه السر مع كذا محواله,Negative
19765af2-c9ab-456f-8a71-77cb8213617e,Vodafone Egypt,Telecom,5,2026-09-20,ممتاز,Positive
ad2105bb-8a54-4d61-8a4f-a63acebb14bc,Vodafone Egypt,Telecom,5,2026-09-20,روعه,Positive
64a497ce-0c62-497f-ae93-f7a666ac8058,Vodafone Egypt,Telecom,1,2026-09-20,على طول في مشاكل,Negative
836912c2-93f0-4c19-b218-a3320facad65,Vodafone Egypt,Telecom,5,2026-09-20,ممتاز,Positive
c607680a-d373-40fe-8e2a-227590014af7,Vodafone Egypt,Telecom,5,2026-09-20,Excellent,Positive
7c21f910-a3fe-4733-880f-ad3868126031,Vodafone Egypt,Telecom,5,2026-09-20,جميل جداً رائع للغايه ♥😍,Positive
9ebfec16-3aac-40df-a01a-cb2ae0cb8251,Vodafone Egypt,Telecom,5,2026-09-20,التطبيق لا يتوافق مع الموبايل,Positive
24717e77-cd91-4f28-be98-b336196fce85,Vodafone Egypt,Telecom,5,2026-09-20,ممتازه,Positive
45e1d3fb-2336-41c5-b4a9-3b0ceefe9f3c,Vodafone Egypt,Telecom,1,2026-09-20,له فترة سيئ جدا جدا جدا جدا جدا جدا جدا,Negative
95a036cd-2675-439f-8ba3-aa190d1639be,Vodafone Egypt,Telecom,1,2026-09-20,تجربه فاشله خدمه البيانات لا تعمل ولا استطيع استخدام الانترنت وتابعت مع خدمه العملاء أكثر من ٢٠ مره مع زياره الفروع وتغيير الشريحه بدون جدوى ولم تحل المشكله شبكه فاشله,Negative
96838506-1384-4e61-bc49-7655a78b20b1,Vodafone Egypt,Telecom,5,2026-09-20,تمام,Positive
96e9fd6f-7fa2-4a81-8408-894417115a10,Vodafone Egypt,Telecom,1,2026-09-20,فيه مشكلة تطبيق أنا فودافون وانا بدخل كلمة المرور عشان ادخل عليها مش راضي يدخل عشان اكتبها ارجو اصلاح هذا الأمر وشكرا,Negative
01ddd723-711f-4cf8-a814-7b8560b29cf7,Vodafone Egypt,Telecom,5,2026-09-20,رااااأااااأئع,Positive
13e43db6-5c2f-4fef-a68a-b6917c875359,Vodafone Egypt,Telecom,1,2026-09-20,تطبيق سئ,Negative
c496beae-714e-44a3-bbd1-aed74efdae4e,Vodafone Egypt,Telecom,1,2026-09-20,مش راضي يشتغل خالص يا ريت تشوف المشكله فين وتحلوها,Negative
16feafbd-bd76-4682-940c-0493c22befda,Vodafone Egypt,Telecom,1,2026-09-20,باقي هضغط على البرنامج يقول اعد المحاوله,Negative
9d250bdd-6e07-49e8-8b8b-64122fc5ad0a,Vodafone Egypt,Telecom,5,2026-09-20,جيد جدا جداا جداا,Positive
f60d8010-d9b3-4f4f-83f9-a21c9934a7cd,Vodafone Egypt,Telecom,3,2026-09-20,جيد,Neutral
a7c92fc2-1c00-40f8-b0a0-df4f79099a2b,Vodafone Egypt,Telecom,5,2026-09-20,ممتاز,Positive
d20c508a-9c3c-45f6-95da-571015729744,Vodafone Egypt,Telecom,3,2026-09-20,كل ماانزل التطبيق يفتح شوية وبعد يقول ادخل حساب جديد وانا عندي حسابةبالفعل لما يطلبو مني ادخال الرقم وكلمة السر بدخلها ويقولو غير صحيح والتطبيق مش عاوز فتح,Neutral
7f098d55-8f49-4a77-8dc5-e50957536ae8,Vodafone Egypt,Telecom,1,2026-09-20,زفت وتطبيق معقد,Negative
04e95466-6d4c-451f-9692-75e298ad4bac,Vodafone Egypt,Telecom,5,2026-09-20,برنامج ممتاز جدا جدا,Positive
7fcd926f-4375-4d86-8b03-08a81ebf4116,Vodafone Egypt,Telecom,5,2026-09-20,خدمه ممتازه,Positive
c882589c-0f32-4752-94a0-387f05b824ef,Vodafone Egypt,Telecom,5,2026-09-20,جيد جداً,Positive
93f4e023-3267-47a9-a125-2843512e7427,Vodafone Egypt,Telecom,3,2026-09-20,سوال انا حدثت امبارح وطلب تحديث تاني انهارده ازاي بقا علشان الكرت يخلص زي امبارح حقيقي ايه ده بتعمل ايه كده فودافون بس للي بتعمل كده والله بفكر احول لي شبكة تانيه,Neutral
4c9a0891-144a-49ef-9950-66c3575ade4e,Vodafone Egypt,Telecom,1,2026-09-20,عند استعمال فودافون كاش تانى على الشاشة رساله لا توجد فواتير ولا أستطيع إزالتها ولا أستطيع استخدام خدمات فودافون كاش,Negative
b1253429-8264-4ea7-919c-690fdefd8014,Vodafone Egypt,Telecom,4,2026-09-20,جيدة,Positive
ad61efe5-4194-4e6e-a03d-2d23f2cf92ee,Vodafone Egypt,Telecom,1,2026-09-20,من اسوء الشركات وكلام متحدثين خدمة العملاء سئ ومفهوش توضيح وكله نصب,Negative
65aa3688-a40b-4764-a20c-1d8b52e3ae02,Vodafone Egypt,Telecom,5,2026-09-20,وليد,Positive
73cae5a9-c5f5-4003-8444-00282a9a1a36,Vodafone Egypt,Telecom,1,2026-09-20,كان حلو وكان في اشاره حلوه وقاعد في حته حلوه شويه في شويه بقى وحش الاشاره بقت وحشه وهو نفس المكان اللي انا فيه 😤 بقي وحش وحش وحش وحش وحش 😠 ؟ ؟ ؟,Negative
76da0eaf-2d30-4a92-bd9d-1ab2b7f99128,Vodafone Egypt,Telecom,1,2026-09-20,البرنامج أصبح سي جدا ولا اتمكن من الشر المنتجات الموجده عند الشراء يقول حدث خطأ طب لماذا المنتجات متواجده عندما يقول البرنامج حدث خطأ,Negative
093a3f27-ddeb-47e3-a317-245662f12248,Vodafone Egypt,Telecom,5,2026-09-19,تجربة رائعة وأداء متميز ولكن تحدث بعض المشاكل بعد التحديثات برجاء مراجعة التطبيق بعد التحديثات قبل البدء في استخدامه,Positive
36fe69da-9d04-4293-b86f-a34a447767bb,Vodafone Egypt,Telecom,5,2026-09-19,برنامج رائع,Positive
0fe43c0f-5942-4970-b820-b0f5d2b0a560,Vodafone Egypt,Telecom,1,2026-09-19,شركه حراميه اه والله 🤬🤬🤬🤬🤬🤬🤬,Negative
c96971b9-4b8d-4965-a58a-5660312dcb4f,Vodafone Egypt,Telecom,5,2026-09-19,ممتاز جدا,Positive
25e9b157-e5af-4518-b93e-d76e8a92fce3,Vodafone Egypt,Telecom,5,2026-09-19,تطبيق أكثر من ممتاز,Positive
81e13891-e4e2-4de3-a41a-5904d3ff9e17,Vodafone Egypt,Telecom,5,2026-09-19,جميل جدا تسلم,Positive
d6620f3b-3f90-4c74-9fb1-80b6b12a23ef,Vodafone Egypt,Telecom,5,2026-09-19,فى تحسن مستمر وشكراً للإصغاء والمتابعة .......... 🤔 للأسف أخر تحديث لم يحل مشكلة فودافون كاش رسالة المنبثقة (لا يوجد فواتير مستحقة) لا تغلق ولا تتيح فى التعامل صفحة فودافون كاش تماماً,Positive
441dea6f-ed4a-4e8e-96ed-2a8a93020a78,Vodafone Egypt,Telecom,1,2026-09-19,ممتاذ,Negative
2d46108d-2d63-4e3b-8b5e-408e6ae37146,Vodafone Egypt,Telecom,5,2026-09-19,برنامج جميل جداً😍😍,Positive
c5b8c080-0d74-4a4f-96b4-6264c94d470e,Vodafone Egypt,Telecom,5,2026-09-19,انهو رائع جدا بس ليت يكون فيه هدايا نت و. مكالمات لأنه مافيي هديه معم يجيني هدايا,Positive
549ea48d-49e0-463a-869c-64cc4dbdbe8e,Vodafone Egypt,Telecom,2,2026-09-19,اكتر الوقت بشحن رصيد و مفيش حاجه بتجي,Negative
401f7c47-0789-4559-950f-40fe18dd600e,Vodafone Egypt,Telecom,5,2026-09-19,فلوس,Positive
6316d121-89b5-4300-8d83-e095f96d9f45,Vodafone Egypt,Telecom,5,2026-09-19,ارجو من شركه فودافون من حل مشكله. الدخول الي التطبيق بي يستغرق وقت طويل وخصوصا لوفاتح داتا وانا معايه ايفون 13 يعني معايه معالج وتلفون شغال كويس في اي تطبيق الا تطبيق انا فودفون,Positive
3ea863dc-0b50-45d5-8329-b6c4ad765dba,Vodafone Egypt,Telecom,1,2026-09-19,ليه لازم افتح الداتا بتاعت فودافون عشان اعرف استخدم المحفظه فكره زباله من فودافون,Negative
deefea38-2e28-485f-8b1f-39d0f5c276ec,Vodafone Egypt,Telecom,2,2026-09-19,الفتره الاخيره الابليكيشن بقا صعب دايما معلقه ومش بعرف ابعت كاش لاى حد,Negative
b840bc8f-87c1-4df1-878c-bdddf5d06977,Vodafone Egypt,Telecom,5,2026-09-19,شحن نت في العالم,Positive
8d0adea3-e287-42c9-9853-662ff380139f,Vodafone Egypt,Telecom,1,2026-09-19,سئ جدٱ,Negative
51e0f673-a3ef-44b5-baad-883beba5966f,Vodafone Egypt,Telecom,2,2026-09-19,محمد انس,Negative
772cb909-93db-4bc4-90c2-d985edd83c06,Vodafone Egypt,Telecom,5,2026-09-19,ليه البرنامج ماشغال كل مااحاول ادخل عليه مابيدخل باسورد,Positive
8d427a7f-78c6-4dd6-b999-601499271219,Vodafone Egypt,Telecom,3,2026-09-19,خدمة money back مش شغالة اشتركت في باقة play plus بالغلط و لما احاول ارجع رصيدي تظهر رساله (عفوا هذا الباقة غير باقتك الحالية),Neutral
811dce77-1874-4519-a7be-4607918d7436,Vodafone Egypt,Telecom,1,2026-09-19,حرفيا تطبيق سيئ وخدمه سيئه وكل شويه المحفظه واقفه لازم عشان تشتغل امسح التطبيق واحمله تاني كمية استخفاف وتلاعب بالعملاء غير طبيعي وابعت لخدمة العملا ع الفيس فين وفين لما حد يرد وارن ع الخدمه موصلش لاي حل بجد انتوا خدمه سيئه وان شاءالله يتم الغاء محفظتكوا ويتم التعامل مع اي محفظه اخري تعديل كل مره هتعامل مع المحفظه هاكد كلامي وهاكد اني حرفيا زهقت من التعامل مع الشركه دي,Negative
f2269a10-9141-41a4-bc9f-79b230ccbeae,Vodafone Egypt,Telecom,5,2026-09-19,ممتاز باكتياز,Positive
5c44081e-10e3-4e5e-ad44-3f5bc9d966ea,Vodafone Egypt,Telecom,1,2026-09-19,زي جدااااااااااااااااااااااااااااااااااا,Negative
fd7d5b42-7586-429e-bec8-745a22fa5dc4,Vodafone Egypt,Telecom,4,2026-09-19,هو لية فودافون كاش ما يشتغل واي فاي,Positive
23200f5a-1bd9-4b69-ba85-5d5862f9f480,Vodafone Egypt,Telecom,5,2026-09-19,ممتاز,Positive
2ad58da0-86d5-40d5-85c5-881aa9ef6deb,Vodafone Egypt,Telecom,5,2026-09-19,ممتازه,Positive
ea0d9640-952e-4170-8728-fb1d80273e42,Vodafone Egypt,Telecom,4,2026-09-19,جميل,Positive
2a56b01a-d4b2-4b88-baa4-bd63f3bb122a,Vodafone Egypt,Telecom,5,2026-09-19,تمام,Positive
e1aaeb73-ec17-442d-b486-3177007f9aa7,Vodafone Egypt,Telecom,5,2026-09-19,حلو,Positive
290b1721-076d-4c20-b175-653849a69849,Vodafone Egypt,Telecom,5,2026-09-19,بياخد وقت لما بيفتح طير مني هديه الصيف,Positive
032b65c4-3632-4aed-9376-2e1dd88abf16,Vodafone Egypt,Telecom,1,2026-09-19,شركه حرميه خدمة عملاء مش بتحل الفروع بتنصب عليك ابلكيشن ع طول مش شغال اتمني لو في تقيم اقل,Negative
193659ac-4172-4ce0-9035-c9a83d166540,Vodafone Egypt,Telecom,5,2026-09-19,رائع,Positive
99114455-5131-4eba-a27a-3d40feeedbae,Vodafone Egypt,Telecom,5,2026-09-19,جيد جدا,Positive
88e3ce12-6c15-467b-88bf-32d504f836e3,Vodafone Egypt,Telecom,1,2026-09-19,تجربة من سيء لأسوأ,Negative
8aafe916-079a-4a47-89b9-a282624fbe53,Vodafone Egypt,Telecom,5,2026-09-19,ممتاز جدا,Positive
1d2285af-8436-4669-8e03-026979b05835,Vodafone Egypt,Telecom,1,2026-09-19,شركه معفنه بتسحب كروت بدمغها لو تعرف تغير الخط نفسه غيره ومتتعملش معاها تاني,Negative
7b69a18e-fd69-42a5-b6b9-c6ca7bd800c6,Vodafone Egypt,Telecom,5,2026-09-19,جديد جدا,Positive
168f9a0d-f2ae-4e5c-986f-13289646f5e5,Vodafone Egypt,Telecom,5,2026-09-19,ممتاز,Positive
b626e299-a59f-4988-b35b-5a9cc8ef5c1e,Vodafone Egypt,Telecom,1,2026-09-19,شركة بتعمل عروض وهمية كان نزلي عارض باقة 450 Plus Business 29000ميجا بي 225 وبعد مشتركت مجليش غير 18000 ميجا كلمت خدمة العملاء والرسايل موجوده ويقولك اصلي المشكله من عندك علشان اشتركت من الكود والابلكيشن وانا محصلش عندي كدا موظفين مش فهمين وحتي خلو المدير يكلمني واسلوب غير لائق ويقولي في الاخر الغلط من عندي وله عيز يرجع الرصيد ولا حتي يضف الميجا بايت وقولو هشتكي حماية المستهلك يقول الشكوه مش هتعمل حاجه كانت عملت مع غير اشتغالات وسرقه ونت مش كويس وعلطول بطيئ وميجا بايت وهميه,Negative
9d036a33-8934-4df4-841d-3133b79579bf,Vodafone Egypt,Telecom,5,2026-09-19,جميل,Positive
af47c8e3-cf0c-429b-a4b7-2d437e388eb9,Vodafone Egypt,Telecom,1,2026-09-19,شرمه زباله ومتهستهلش نجمه وحده وتطبيق مقرف وخره هليكو,Negative
cd438ba6-538b-456c-ba5f-2f65eea34726,Vodafone Egypt,Telecom,1,2026-09-19,تطبيق سيئ جداجدا,Negative
46325cef-766e-40be-bdba-5759cd8b8054,Vodafone Egypt,Telecom,5,2026-09-19,ممتاز,Positive
9ccc8473-bde6-45f7-b3bb-fce71b411f52,Vodafone Egypt,Telecom,1,2026-09-19,بدوس على المحفظه علشان احول فلوس كان التاتش واقف العيب في البرنامج ولا حاجه عايزه تتحرك وبدوس على اي حاجه جوه المحفظه مش راضيه التطبيق ده زفت,Negative
5109923c-01b8-4ca1-85c6-e8c7f958ebd2,Vodafone Egypt,Telecom,3,2026-09-19,تطبيق جميل جدا,Neutral
423fcef6-8a1e-4d9f-bcb5-3cebe3bb2447,Vodafone Egypt,Telecom,1,2026-09-19,تطبيق زباله,Negative
5db55f6b-37dd-40d9-adcc-15a71e11586c,Vodafone Egypt,Telecom,2,2026-09-19,في مشكله كل بقالي شهرين يقولو جدد من فودافون كاش وليك ٣٠/ زيده ومفيش حاجه بتيجي,Negative
74a52efd-7b4e-4a51-8caf-34f532814fee,Vodafone Egypt,Telecom,3,2026-09-19,اورنج عروضه احسن بكتير والتطبيق فيه اخطاء,Neutral
bab51910-5f39-4bad-948b-fcd13126b9c3,Vodafone Egypt,Telecom,1,2026-09-19,عند ترك التطبيق والدخول مره اخري بيعلق لمدة نص دقيقه ويرجع يشتغل,Negative
cde0c94a-b3b5-45d2-a551-489cbc50eab5,Vodafone Egypt,Telecom,5,2026-09-19,جميل جدأ,Positive
1b4e0eb9-7731-46a6-8c14-41ab62e6624f,Vodafone Egypt,Telecom,1,2026-09-19,تجربه سيئه وزفت ونيله وبقا فيه كدب وبيستخفو بعقول الناس فى التجديد والمعامله مع خدمه العملاء سيئه جدااااااا,Negative
b96f52bb-c8c8-41ab-92d0-ffebabbe6a83,Vodafone Egypt,Telecom,1,2026-09-19,التحديث الاخير الابلكيشن عندي فودافون كاش التاتش معلق ف الكاش بس لا كن البرنامج شغال يرجي اصلاح الاخطاء,Negative
cab89326-e92a-4099-a629-d0eaca6e5de4,Vodafone Egypt,Telecom,2,2026-09-19,التطبيق ده سئ,Negative
7d9c65c4-8ae5-46ee-a0ba-bf27075ed703,Vodafone Egypt,Telecom,5,2026-09-19,مميز,Positive
a6ff9077-6957-486c-a507-26752833dd27,Vodafone Egypt,Telecom,5,2026-09-19,من راءي ارا ان هاذا التطبيق من اكثر التطبيقات افاداتا و ارجو من الجميع عدم احترام راءي انا امزح فقط,Positive
f4226f88-1371-4be0-8395-5bfd840939ba,Vodafone Egypt,Telecom,1,2026-09-19,اصبح سئ جدا المحفظة بتعاكس,Negative
6475ab15-3b70-461a-8922-c48f1ec4e900,Vodafone Egypt,Telecom,1,2026-09-19,شركة زبالة ملهاش 60 أزمة امين بلا محدش يتعامل معاهم بزات مع خدمة العملاء في التطبيق النها هتخليك تستني علي الفادي مش هتحل المشكلة في الاخر متستحقش حتة النجمة دي محدش يتعامل معاهم عشان هيخصروك فلوس ياما اوي,Negative
83d8859e-d7ca-48eb-aa24-a4fad56d6e1a,Vodafone Egypt,Telecom,1,2026-09-19,بعد التحديث الاخير لا راضي يدخل علي استعلام فودافون كاشة ولا التحويل للغير ولا شحن رصيد وحاجه قرف وبقالي يومين مش عرفه اعمل حاجه,Negative
c9b2e001-2d7b-491e-907d-904c5270fe21,Vodafone Egypt,Telecom,5,2026-09-19,محمد حمدى حسن,Positive
5e379cf2-f077-4aad-bc88-5ca0c53ec5b9,Vodafone Egypt,Telecom,5,2026-09-19,رائع,Positive
6a3a6922-a090-45bc-9637-74dcba28571a,Vodafone Egypt,Telecom,5,2026-09-19,ممتازة الخدمة والشبكة,Positive
a6aeba38-3cbd-400d-a95f-95715190ca22,Vodafone Egypt,Telecom,5,2026-09-19,إحسان موقع,Positive
3eb32be2-7727-4403-a715-972ed7309862,Vodafone Egypt,Telecom,1,2026-09-18,سئ جدا انه يسرق الرصيد بشعع,Negative
ef46dc98-dbd5-4ede-a2c9-e9876d00866a,Vodafone Egypt,Telecom,5,2026-09-18,ممتاز,Positive
e3d2c9e3-3fa9-4760-ac8c-a1d7189bc537,Vodafone Egypt,Telecom,1,2026-09-18,مش فاهم التطبيق بقالوا فتره بيقف تماما كل ما أدخل المحفظه مش بيتحرك خالص مهما مسحت التطبيق ونزلتوا من الأول مش عارف استخدم المحفظه إلي عليها فلوسي,Negative
966ce477-af93-4640-b41d-d1589657a850,Vodafone Egypt,Telecom,3,2026-09-18,سيس,Neutral
78f6a2d7-542f-43a7-8e99-23813c1c9b19,Vodafone Egypt,Telecom,1,2026-09-18,😡🤬🤬,Negative
1a079ad5-7b3e-4263-beb8-273f3efe007f,Vodafone Egypt,Telecom,5,2026-09-18,جميل جدا,Positive
9ae88166-d136-4077-a267-9194d3895b87,Vodafone Egypt,Telecom,5,2026-09-18,جيده,Positive
93656f8b-77be-403d-b7a1-d3434dc80da8,Vodafone Egypt,Telecom,5,2026-09-18,تطبيق ممتاز للغاية,Positive
6f17190b-b911-4e26-aed2-b746c5389801,Vodafone Egypt,Telecom,5,2026-09-18,من افضل البرامج لكن لماذا عندما اقوم بعمل إيداع عن طريق كارت الدفع فوري يقول لي حدث خطأ غير متوقع,Positive
7d57a7b0-9b88-46e3-b6e5-b7fdc771bf6d,Vodafone Egypt,Telecom,3,2026-09-18,تطبيق جيد جداً لكن اواجة مشكلة لاننى قد طلبت لوتر أرضي من علي انا فودافون كاش ولكن لم يتم اراسل الطلب بعد وانا قد طلبت لوتر منذ شهر تقريباً واتمنى ان تجدو حل لهذا المشكلة لاننى احتاج هذا الوتر كثيراً,Neutral
30437ff8-3db4-469a-9dc8-690f5e63e066,Vodafone Egypt,Telecom,5,2026-09-18,جيد جدا,Positive
546074c0-3730-4937-ac2a-f344e2d16ea1,Vodafone Egypt,Telecom,5,2026-09-18,تمام,Positive
8de63021-1559-42d0-a93e-3c90e5301f58,Vodafone Egypt,Telecom,1,2026-09-18,انتر نت غير محمدود,Negative
3da7dbb0-1037-4496-8e76-bc6041b136d2,Vodafone Egypt,Telecom,5,2026-09-18,جميل جيدا,Positive
207148fd-6699-45ae-97a1-1bc6c2424bae,Vodafone Egypt,Telecom,5,2026-09-18,ممتاااز,Positive
3aa20369-7f7c-4b14-a41a-e01d284dafec,Vodafone Egypt,Telecom,1,2026-09-18,انت شركه بنت متنكه,Negative
14c3224b-5ea9-4f38-9ad5-43236da7a491,Vodafone Egypt,Telecom,1,2026-09-18,التطبيق حلوه بس في ميزه مش حلوه الخط إلى مسجل عليه الدخول عليه محفظه والتطبيق بيقول المحفظة غير مفعلة,Negative
0781b720-0b4a-4bdf-b68b-cd672bdc9d44,Vodafone Egypt,Telecom,5,2026-09-18,جميل,Positive
aae87bef-6541-4789-8ecb-b011929a5336,Vodafone Egypt,Telecom,5,2026-09-18,مراجعه,Positive
b81eb857-7139-4cb6-9a89-10bed1f2a50f,Vodafone Egypt,Telecom,1,2026-09-18,تطبيق عقيم,Negative
c6abbc0f-a632-44d2-9564-fef7cd1a0be9,Vodafone Egypt,Telecom,4,2026-09-18,اصبح احسن من الاول,Positive
cd0e86ef-98d8-4fd0-aaba-0ab21a2533d6,Vodafone Egypt,Telecom,5,2026-09-18,٠١٠١٧٨٤٤٤٠٤ رقمي واتس,Positive
3b835a88-2438-40f0-9802-8c5bef25e022,Vodafone Egypt,Telecom,5,2026-09-18,جميل والله جدا,Positive
ffefc565-ed19-4567-994a-9209ae683a12,Vodafone Egypt,Telecom,1,2026-09-18,برنامج وحش جداااااااااا,Negative
76fc4913-bebb-4bc9-97e1-134674e6399f,Vodafone Egypt,Telecom,4,2026-09-18,تطبيق مميز بس أوجه بعض المشاكل,Positive
6dde05ad-03f9-4cab-8df9-f5f5dec37980,Vodafone Egypt,Telecom,1,2026-09-18,وحش جدا التحديث الاخير فيه لاج في فودافون كاش مش شغال خالص,Negative
1a5143b4-f51d-4d06-8e6a-30a3445a2203,Vodafone Egypt,Telecom,1,2026-09-18,بطيئ جداً أسوء خدمه وحتي خدمه العملاء مبتعملش حاجه صراحه لو فيه أقل من صفر هنقيم بيه,Negative
692793cb-a45f-406f-a24e-3cec1f98e6ff,Vodafone Egypt,Telecom,1,2026-09-18,ليش البرنمج لا يدعم رلمي سي 71 ارجو حل المشكلة في اقرب وقت في تحديثات,Negative
527a0e40-d290-4c85-acc4-478e8af929b2,Vodafone Egypt,Telecom,5,2026-09-18,ممتازه جدا جدا,Positive
ed7b87d3-0568-4e4b-80d1-6bd9beec475f,Vodafone Egypt,Telecom,1,2026-09-18,تطبيق زفت نريد هدايا اكثر,Negative
88743984-ccda-4955-8b75-7f32d3977492,Vodafone Egypt,Telecom,1,2026-09-18,سئ جدا جدا جدا ولا يعمل الا بعد فترة طويلة جدا جدا جدا,Negative
fa17bbf1-f010-4ce6-aaf6-eb01e4fc0c29,Vodafone Egypt,Telecom,1,2026-09-18,مشاكل كتير فى الرصيد,Negative
26b6c9bd-0cd3-408e-9cff-ed9e752412ac,Vodafone Egypt,Telecom,1,2026-09-18,اخر تحديث ٩،٢٠٢٦ ردئ جدا جدا وكل الخدمات للمحفظة لا تعمل مع التحديث الاخير برجاء العودة للنسخة القديمة قبل التحديث هذا,Negative
a4096f56-defc-4a95-8c1d-344f230f5c55,Vodafone Egypt,Telecom,1,2026-09-18,التطبيق سيئ بيشتغل بي طلوع الروح المفروض ان ده تطبيق خدمات يكون يشتغل بدون بينات الشريحه يعني عشان اجدد الباقه لازم اشحن كرت فكه الاول عشان اعرف ادخل علي التطبيق ده اولا ثانيا سرعه النت بقت نفس سرعه السلحفاء وي السلحفاء اسرع كمان انا عشان اتفرج علي فديو مدتو 15ثانيه عبال ما النت يجمع وي التقطيع يخلص بفضل قاعد علي الفديو 3و5 دقايق كده مبقاش ينفع احنا بندفع فلوس في بقات عشان ناخد خدمه محترمه سرعه محترمه شبكه الداتا بتاعتكم مش مؤهله اننا لا نذاكر ولا حتا نعرف نلعب جيمز نرجو من حضارتكم تقويه الشبكات,Negative
a203f20c-f583-4b54-a62c-b27811f5134f,Vodafone Egypt,Telecom,3,2026-09-18,حدث خطأ بتظهر اكثر من المطلوب,Neutral
b50e52af-9ca1-442e-9452-2daf3ff5bc7a,Vodafone Egypt,Telecom,1,2026-09-18,سي جدا وثقيل وبيهنج التليفون,Negative
2e9dde86-737b-40ed-81b9-a33c1c9f2aef,Vodafone Egypt,Telecom,1,2026-09-18,سي في تعامل وشركه زباله وحراميها وبتسرق,Negative
1a7a3ee7-a8f8-4913-a77f-1728c20bcc03,Vodafone Egypt,Telecom,5,2026-09-18,مسيحيه بط رد لذلك,Positive
fe95ab4d-ddc5-4fee-be78-e42d20a80c38,Vodafone Egypt,Telecom,5,2026-09-18,عايزين باقه خاصه بلعبة efootball mobile بصراحه جميل جدا وخدمتكم ممتازه بل فوق الممتازه كمان,Positive
cd49f967-ab62-4420-af5f-375c52554d90,Vodafone Egypt,Telecom,5,2026-09-18,جميل,Positive
b5266036-2e8d-4f4c-a226-52cb17853138,Vodafone Egypt,Telecom,1,2026-09-18,فاشل,Negative
d4c07c00-07eb-407e-ab64-ce8c5bbb8cb9,Vodafone Egypt,Telecom,5,2026-09-18,تمم,Positive
c17d9937-e5bb-4d58-b878-881d2702b3b9,Vodafone Egypt,Telecom,5,2026-09-18,تطبيق جميل ويستحق التجربة,Positive
3b887b48-e708-41f4-9b06-2e70f0a732b8,Vodafone Egypt,Telecom,1,2026-09-18,المحفظه لا تعمل,Negative
c8342497-5e08-4a5a-bee7-259363ce6d1f,Vodafone Egypt,Telecom,1,2026-09-18,أصبح سئ وكثير الاعطال والتوصل الي خدم العمل في الوي ست أصبح صعب وهاديه الشحن أصبحت لا تاتي,Negative
cbdd1a43-e263-46d9-945a-05b720fd0807,Vodafone Egypt,Telecom,5,2026-09-18,احسان تطبيق مميز جدا,Positive
2a792801-95f4-4b50-a119-39596d88d2e4,Vodafone Egypt,Telecom,5,2026-09-18,تمام تمام,Positive
332b04e2-af9b-4ff4-8338-fab09acf69ba,Vodafone Egypt,Telecom,1,2026-09-18,التطبيق فيه مشكلة اي حاجه احاول اعملها عليه تظهر رسالة ( حصل خطأ غير متوقع حاول مره أخرى ) ولما احاول تظهر نفس الرسالة . حذفت التطبيق ونزلته تاني ونفس المشكلة . تحديث من سيئ ل اسوء ما شاء الله. نفس المشكلة مستمرة حتى بعد مرور 3 شهور ده غير أن كوبون 365 مش بتوصل ده كدا عروض وهمية . نفس المشكلة مع تكرار نفس الخطأ مفيش فايدة في مطورين عايزين مطورين لهم اصلآ. من رأيي احذفو التطبيق ده بلا ارف .😡,Negative
75634487-72cd-4026-a268-d1bf3c5491e1,Vodafone Egypt,Telecom,5,2026-09-18,عملي ممتاز امان,Positive
9e734c2d-6194-43e2-ace4-384f1aff69ec,Vodafone Egypt,Telecom,5,2026-09-18,رائع,Positive
427ad8a7-9b00-4a99-9ec1-f921eb6b7b53,Vodafone Egypt,Telecom,5,2026-09-18,💯💯,Positive
c8dcb0b9-225a-4e60-bc7d-0ddaf8e5ecf6,Vodafone Egypt,Telecom,5,2026-09-18,🥰🥰🥰🌹🌹,Positive
fe89f001-b4a9-4817-8d5c-781dad40fc5b,Vodafone Egypt,Telecom,5,2026-09-18,ممتاز,Positive
0696ed07-de41-4517-8d9e-29c838e03067,Vodafone Egypt,Telecom,5,2026-09-18,ممم,Positive
cd9bf109-96c1-46b8-84f9-8da3710a4f87,Vodafone Egypt,Telecom,5,2026-09-18,ممتاز,Positive
663b280e-38c8-479e-8fb6-138299b7fc6d,Vodafone Egypt,Telecom,1,2026-09-18,هو الستريك شلتوه ولا ايه لو سمحتو عايز تفسير,Negative
af6a8220-0a1e-4d5e-a307-d9670b88ea02,Vodafone Egypt,Telecom,1,2026-09-18,تطبيق زفت و اخر تحديثات فاشله خلت التجربة زبالة ولا تحتمل بالمره,Negative
fc2bfc75-b918-4716-bd2b-08b9a613b7a5,Vodafone Egypt,Telecom,1,2026-09-18,انتو بتضحكو علينا وبتقولو اشحنو وهيجيلكو 900 وحده ومش بتيجي,Negative
828d8737-da18-40fd-ac5a-7244b606523b,Vodafone Egypt,Telecom,1,2026-09-18,العروض وحشه ااوى وفصل عروضك مفهوش اى عرض للنت زى الناس ينفع يتعمل,Negative
364d4671-96fa-46e3-bb1d-c739a5277adc,Vodafone Egypt,Telecom,2,2026-09-18,التطبيق فى وضع السكون,Negative
a9051905-0d88-43b7-986a-e030467d6593,Vodafone Egypt,Telecom,1,2026-09-18,سيء,Negative
0534c5dc-27b6-45c0-9fe7-9e7ab6e3d435,Vodafone Egypt,Telecom,5,2026-09-18,شكراً لكم,Positive
3d9fd0fe-149a-4159-ba95-bfc54ecd5b25,Vodafone Egypt,Telecom,1,2026-09-18,شركه زباله و سحبوا مني فلوس بدون وجه حق و حسبي الله و نعمه و الوكيل,Negative
0b07b026-dc85-4a14-9f26-0130c1fc6b99,Vodafone Egypt,Telecom,1,2026-09-18,التطبيق أصبح سيئ جداً محفظة فودافون كاش لا تعمل على داتا الخط,Negative
b261481f-347a-4e53-b21c-0c2d60ab7190,Vodafone Egypt,Telecom,1,2026-09-17,تحديث سئ جدا واواجه مشاكل كثير وخصوصاً في تعامل الكاش والمحفظه,Negative
e2ed8d7c-b9c8-4020-b11c-ee38ad098ce5,Vodafone Egypt,Telecom,1,2026-09-17,خدمة عملاء سيئة وكذب حسبي الله ونعم الوكيل حتى الروابط اللي تم وضعها في الرد لم تفتح,Negative
d70e1ece-dfb7-4353-9918-6b71ea8100c2,Vodafone Egypt,Telecom,5,2026-09-17,مميز,Positive
e59d9a6c-ab3e-4649-866c-a785bd2c5425,Vodafone Egypt,Telecom,1,2026-09-17,شركه بتاخد كل الفكه ال بتفضل من الرصيد دون وجه حق وتكلم خدمه العملاء مش بيحل المشكلة واهم حاجه عنده التقييم مش مهم العميل ومشاكله والنت في الشبكه بيفصل بعد الساعه 10:00 مساء والشبكه زاي الزفت,Negative
d3a33418-21af-457f-9965-fa6edb00a548,Vodafone Egypt,Telecom,5,2026-09-17,روعه مفيد جدا جدا,Positive
ee41b2ca-ea70-4c65-b75a-a15330a0faa7,Vodafone Egypt,Telecom,5,2026-09-17,ممتاز,Positive
323632c4-1ef4-4cbf-b292-fe5ad32ab6de,Vodafone Egypt,Telecom,5,2026-09-17,تطبيق جميل جداً,Positive
1aa234ef-975b-4b5c-8fbf-eebefa93fa6b,Vodafone Egypt,Telecom,5,2026-09-17,تطبيق رائع لكنه معقد وفرص الشراء ليست جيده,Positive
5e33e72f-4796-4508-b511-d7f49a9a4ca2,Vodafone Egypt,Telecom,1,2026-09-17,مش كويس,Negative
08f8818e-d37e-455d-8a5a-df3a57b491f7,Vodafone Egypt,Telecom,5,2026-09-17,اناڤودافون,Positive
5e8d0666-87f2-4e57-99bb-9f8f292da867,Vodafone Egypt,Telecom,5,2026-09-17,حبيبي,Positive
513e9fa0-524a-40e1-bd99-53da0d154915,Vodafone Egypt,Telecom,5,2026-09-17,جيد,Positive
b4d37afc-bc55-4faa-abdd-9d82077679ab,Vodafone Egypt,Telecom,1,2026-09-17,تحديث سئ جدا كان يظهر سحب الفليكسات اول باول و كان عند فتح النت يخصم فليكس او اتنين شي بسيط الان افتح نت و ادخل على البرنامج عدد الفليكسات ثاتب و استخدام النت القيل من الوقت و العدد ثاتب و عندما انتهت و اغلق الباقة بعد شويه لزم اعود افتح نت تاني و ادخل علي البرنامج عشان اشوف الاستهلاك و افتح أنه يسحب نت كثيرا بغير العاده حرام اشحن باقه في خلال 3ايام تفصح فقط يستهلك 4500 فليكس من اصل 7500 باي عقل انتم تبحثون علي مص دم العميل في سحب نت و شحن أكثر كل يومين محتاجين العميل يشحن باقه,Negative
04cb35a7-1920-4ed1-bb9c-c3dbcd2fb5ff,Vodafone Egypt,Telecom,5,2026-09-17,رائع,Positive
52adddcd-9866-4d1d-9daa-17380e8d337a,Vodafone Egypt,Telecom,1,2026-09-17,ابه ياشركه بتتص في ايه الكارت يرجع ياولاد الزانيه خخخ في ايه,Negative
09df4489-a8e2-4057-8b1f-3ff2d6d85e93,Vodafone Egypt,Telecom,5,2026-09-17,الشبكة نصابة .. اتنصب على انا وابنتى فى تجديد الباقات وشحنا للتجديد ولم تجدد الباقة والفلوس راحت علينا على حسب قول خدمة العملاء والمطلوب نشحن تانى ... وشبكة الإنترنت زبالة وبطيىءة,Positive
068a97d9-ba14-4cf7-acaf-39d1bcd83fb9,Vodafone Egypt,Telecom,5,2026-09-17,تحسن التطبيق لكن ياريت لو تضاف عروض ومسابقات جديد,Positive
b65fbadf-c15a-436a-9826-8a6fb733abfb,Vodafone Egypt,Telecom,1,2026-09-17,ممكن بس تعملوا خدمة الانترنت غير محدود في مصر,Negative
acc98901-98ea-4cd5-8fe7-8b3560c4cbf3,Vodafone Egypt,Telecom,5,2026-09-17,جميل جدا,Positive
63d3dafc-8def-49f7-8082-8adb2d98a788,Vodafone Egypt,Telecom,1,2026-09-17,ازني شركة في مصر وحرامية فلوس,Negative
800ffafe-2ca2-42d0-853c-feb5c1c7dd04,Vodafone Egypt,Telecom,1,2026-09-17,التطبيق لا يعمل و مفيش منه أي فايدة تذكر,Negative
7c1f7f0b-98ba-4f37-9f36-4c9e4d5dd5db,Vodafone Egypt,Telecom,5,2026-09-17,اختياري,Positive
b5eda116-5294-4c7f-9a84-23b75f38cb3f,Vodafone Egypt,Telecom,5,2026-09-17,oky,Positive
69faaec1-3bd6-4059-86a3-3c6db09e9ba8,Vodafone Egypt,Telecom,1,2026-09-17,برنامج سيئ جدا لااستطيع التعامل على فودافون كاش تظهر رساله لاتوجد فواتير ولايفتح اى شئ نهائى,Negative
513b6044-7c83-407f-831d-2397ef95ed8f,Vodafone Egypt,Telecom,4,2026-09-17,جيد,Positive
47232470-fdd1-4799-a147-480085d0af1c,Vodafone Egypt,Telecom,5,2026-09-17,جيد جدا,Positive
18656d13-428d-4e1b-b0e6-d45cf42f7a98,Vodafone Egypt,Telecom,5,2026-09-17,ممتاز,Positive
419b58d9-6179-4688-8db2-f3ada905c926,Vodafone Egypt,Telecom,1,2026-09-17,كل يوم تحديث وبياثر علي تجربه الاستخدام .,Negative
4f1f23b6-4e5d-4354-a905-df078d970eea,Vodafone Egypt,Telecom,1,2026-09-17,سيئ جدا,Negative
b82dacc0-06b4-438e-9d9a-5b67fb1adf8b,Vodafone Egypt,Telecom,2,2026-09-17,عوزين تطبيق لي فدفون كاش وحديها يبقا الكاش ليه برنامج وحده,Negative
50044c05-f6e4-447d-b40d-451ce901ae98,Vodafone Egypt,Telecom,1,2026-09-17,مش عارفه اسجل دخول على رقمي,Negative
414f6e0b-e29e-4778-a635-62ccaee419ee,Vodafone Egypt,Telecom,5,2026-09-17,جميل جدا,Positive
0654e87c-43b9-436a-b707-244ff8f4488a,Vodafone Egypt,Telecom,1,2026-09-17,اسؤا تحديث للاسف,Negative
ce18e202-d9cc-418a-b444-ac3231d32b88,Vodafone Egypt,Telecom,5,2026-09-17,احلا وحد,Positive
f6ad7fa1-629b-40aa-9fd2-710f05ae2abf,Vodafone Egypt,Telecom,1,2026-09-17,تطبيق زبالة بمعني الكلمة ازاي اعرف رصيدي ازاي اعرف الهدايا اللي عندي ازاي اعرف باقي وحدات معايا بصراحة زفت زفت زفت زفت زفت زفت زفت زفت زفت زفت زفت,Negative
faf712da-78f7-4a3c-a56e-40316694aa4e,Vodafone Egypt,Telecom,5,2026-09-17,تمام حلو,Positive
c12f90a1-b12b-46b7-9b09-5d9447feb9bb,Vodafone Egypt,Telecom,1,2026-09-17,اسواء تطبيق شفته,Negative
4e8551c1-5901-4a63-bd28-2b0b27ff4eae,Vodafone Egypt,Telecom,5,2026-09-17,جيد,Positive
4a745e1d-4437-49f2-91ce-8c68aa8aaf79,Vodafone Egypt,Telecom,5,2026-09-17,برنامج جميل جدا جدا وانصح اى حد نحمل برنامج ده بصراحه البرنامج ده هو الكينج,Positive
402ad0cb-fc3b-43be-9cf5-3f62588a42cc,Vodafone Egypt,Telecom,4,2026-09-17,مميز,Positive
2e83e2ac-425a-411b-8f57-c457eb1e0ccd,Vodafone Egypt,Telecom,5,2026-09-17,التحديث الجديد زى الزفت عقيم جدااا,Positive
df1cc3c0-31bc-4016-a244-8c96eb8e0035,Vodafone Egypt,Telecom,5,2026-09-17,ممتاز جدااا,Positive
c3f80c74-f41f-4456-a3d2-2e097083f3d7,Vodafone Egypt,Telecom,1,2026-09-17,في مشكله عند استخدام المحفظة مش بيفتح اي شى داخل المحفظة ولا تحويل أموال وشحن رصيد ولا اي شى سئ جدا جدا,Negative
14d1ea20-2739-4888-a79b-02d27fb60a91,Vodafone Egypt,Telecom,1,2026-09-17,تم,Negative
bec913d4-d169-4de5-b33e-f40effd7c792,Vodafone Egypt,Telecom,5,2026-09-17,التطبيق ممتاز جدا برجاء إضافة تحديث سريع للميجا بيتس والدقائق عند عمل ريفريش للبرنامج مقارنة ببرامج اخري,Positive
ef35ba5a-4d2e-4e6e-b16b-2a469103eeb7,Vodafone Egypt,Telecom,5,2026-09-17,good,Positive
1fe61410-72af-4efc-8159-451b45f78521,Vodafone Egypt,Telecom,3,2026-09-17,(غير عآدل)👈بأي حق يتم الخصم من البآقة بعد الإخطاربالحصول علىَ الميجآمحدودةالوقت⏰ بعد شحن الرصيدوتأخير الحصول عليهآ؟😡,Neutral
d3288363-b20f-421a-b932-6ad5993ab251,Vodafone Egypt,Telecom,5,2026-09-17,ممتاز جدا,Positive
f469ed36-e57e-4bab-91e8-6d143a2f6ef1,Vodafone Egypt,Telecom,5,2026-09-17,شاي وسحلب هي اللي عندك,Positive
be80ab0e-d91a-4f8c-b076-7b5d77e1fd57,Vodafone Egypt,Telecom,5,2026-09-17,والله انا اول مره افتح التطبيق نجرب يا ريت يكون كويس وسهل وكمان ميجا هديا او ميجا بيس,Positive
c31850bb-85fb-46df-99cf-32188a5a79d9,Vodafone Egypt,Telecom,5,2026-09-17,من افضل التطبيق والخطوط هو انا فودافون وغير كده الهدايه المجانيه زي ال٢٠٠ وحده الي بتجيلك لم تبعت دعوه لصديقتك تكسب ٢٠٠ واحده الصوره الي تكسب ٨٠٠ واحده بدل ٢٠٠ هي بعد لم تبعت الدعوه وتستلم الهديه الغي الدعوه من الزميل ابعت لحد تاني عيد الكلام من تاني,Positive
890491cc-6171-40f6-8205-23f733ac2c9a,Vodafone Egypt,Telecom,5,2026-09-17,👍,Positive
285eccff-7b6e-4060-94f0-e5adf445c246,Vodafone Egypt,Telecom,4,2026-09-17,كويسه,Positive
c09cd5f6-3346-4b42-be72-d39d334b386e,Vodafone Egypt,Telecom,4,2026-09-17,هو حلو بس المشكله ان لما يعلق النت بيعلق فا مبعرفش. اعمله تحديث,Positive
7ee3226a-ced0-4509-bf93-768b78558644,Vodafone Egypt,Telecom,1,2026-09-17,تطبيق سئ مفيش عروض لباقات الانترنت,Negative
1632e45b-2202-4486-8de3-a817eb4f740f,Vodafone Egypt,Telecom,5,2026-09-17,ممتاز,Positive
29c43b55-7cdd-443b-9bf0-c6d21d9f03b2,Vodafone Egypt,Telecom,5,2026-09-17,نفسي في نت كثير,Positive
d8fb6eef-0d65-4a69-b4ac-997442ba9bfa,Vodafone Egypt,Telecom,5,2026-09-17,جيد,Positive
4a679edb-a0a3-4348-85f4-9d9e95f337fc,Vodafone Egypt,Telecom,1,2026-09-17,بعد التحديث الاخير و البرنامج فى مشاكل كتير جدا,Negative
42ef1721-74db-4a60-87ac-13e3b6191fde,Vodafone Egypt,Telecom,5,2026-09-17,جيد جدا,Positive
ebd60a42-86f4-495d-882c-356b0279b8a2,Vodafone Egypt,Telecom,1,2026-09-17,لا اريد استعمال خطوط فودافون بعد الان لم اجد اي خدمات طوال الوقت,Negative
544b10fc-1661-4830-8020-16e1fc183f88,Vodafone Egypt,Telecom,5,2026-09-17,جيد,Positive
fbb89545-b0de-43cf-9fb4-bd3a62e73bb9,Vodafone Egypt,Telecom,1,2026-09-17,شركة فودافون نصابين الباقة بشحنها ٣/٤مرات في الشهر باقة ٩٠٠٠ فليكس حرام والله عليكم,Negative
79f22c0a-ab87-46ea-892b-2c519d3e994b,Vodafone Egypt,Telecom,1,2026-09-17,التطبيق لماادخل غليه يشتغل تمام ولكن عند الدخول علي المحفظه والبيانات مفعله تمام عند الضغط علي اي خانه لا يستجيب مع انه النت شغال كويس والفون 100%,Negative
f5fe20da-c771-40c7-8ffa-009192973f30,Vodafone Egypt,Telecom,5,2026-09-17,بعد التحديث الجديد كاش لا يعمل,Positive
5095286d-6cb4-4f07-b522-79e2eeaa47ad,Vodafone Egypt,Telecom,5,2026-09-16,حلو خالص,Positive
98187874-4dc7-4f68-80f8-eb50d12e7201,Vodafone Egypt,Telecom,1,2026-09-16,بيعلق,Negative
b8c76aad-f8d2-4428-8c63-da365f19297c,Vodafone Egypt,Telecom,1,2026-09-16,لا يوجد به حل سريع للمشكلة,Negative
fd2ced33-7941-4ad9-bc26-bc5ce4a761ce,Vodafone Egypt,Telecom,5,2026-09-16,تطبيق ممتاز,Positive
98d1c924-3b43-4f3c-9abf-d898a2e9337a,Vodafone Egypt,Telecom,1,2026-09-16,مش عارف افعل الخط بتاعي من الابلكيشن ولما بدخل صوره البطاقه بيقولي حدث خطأ ولما اكلم خدمه العملاء يقولولي حدث الابلكيشن وهو متحدث,Negative
e452a701-fbec-442a-862d-ffcdf724d573,Vodafone Egypt,Telecom,5,2026-09-16,❤❤❤❤❤❤❤❤❤❤,Positive
195dfc4a-f177-48c9-b5d3-727006964b9d,Vodafone Egypt,Telecom,1,2026-09-16,زفت الزغت,Negative
f38302af-0a61-4f40-900a-21ce9fbe6327,Vodafone Egypt,Telecom,5,2026-09-16,إنه جن,Positive
97aae3c1-b7cd-4dec-bedb-37f3864d4402,Vodafone Egypt,Telecom,1,2026-09-16,باجي أنزله بيكتب لا يتوافق جهازك مع هذا الاصدار برجاء الحل مازلت المشكلة,Negative
7fe508b9-99c0-469e-97fb-ee3603606106,Vodafone Egypt,Telecom,5,2026-09-16,افضل تطبيق,Positive
9a531106-a59a-45cd-b269-bbac08c35934,Vodafone Egypt,Telecom,5,2026-09-16,لسه,Positive
0b8092f5-0a42-4437-9751-2bac5ecc45ff,Vodafone Egypt,Telecom,1,2026-09-16,تحديث لجمع المال فقط خدمة بقت أسوأ من اسوأ ل أسوأ,Negative
16b69c00-e5a6-43f0-b55c-0ffbcc6bd643,Vodafone Egypt,Telecom,5,2026-09-16,ممتاز,Positive
c1b80c5a-8cd0-4a81-b39f-308d73adacce,Vodafone Egypt,Telecom,5,2026-09-16,تاغا,Positive
2d0e44b4-6b96-4ee9-97eb-39d054a6c78c,Vodafone Egypt,Telecom,1,2026-09-16,إزاي استهلك 2800وحده فليكس في يومين علي فيس بوك فقط انا لو فاتح شركه مش هاستخدمهم انا هارمي الخط فورا,Negative
7d7998a6-9e8c-49f6-86ec-657582b7bc8f,Vodafone Egypt,Telecom,5,2026-09-16,الاستاذ مؤمن ريان,Positive
e013814c-1964-4d83-93d3-9d466a799476,Vodafone Egypt,Telecom,5,2026-09-16,جيد جداً,Positive
5f90e1c3-32e4-4c16-b9b2-3d8db0167d80,Vodafone Egypt,Telecom,4,2026-09-16,تطبيق بضان وشركه بضان وحاجه زي الزفت كدا من الأخر,Positive
4717df51-1ca7-4802-b80e-63a7ec3e19ae,Vodafone Egypt,Telecom,1,2026-09-16,أغسطس 2026 التطبيق أصبح سئ جدا جدا بعد التحديث الاخير و تم مسح البيات و حذفه و تنزيله مرة أخرى و تم إعادة تشغيل الجهاز و لكن للأسف أصبح سيئ جدا و المحفظه تشتغل مرة و عشرة لا سوء استعلام أو تحويل . اصبح فى مشاكل كثيرة. انا عايز اعرف دلوقتي التحديث المفروض اني يساعدني اكثر ولا يتعبني اكثر. ما بلاش تشغلوا دماغكم. بتشغلوا دماغكم الدينا بتخرب بعدها,Negative
0942f3eb-36c5-44bf-b71e-72644c2c31b2,Vodafone Egypt,Telecom,5,2026-09-16,ممتازه,Positive
291f4ef1-07dc-4b43-aab3-013ad4a205ea,Vodafone Egypt,Telecom,2,2026-09-16,خساره في النجمه واحد تطبيق سئ بحاول ادخل حساب بيطلبو مني اعاده الدخول 100 مره وبستخدمه صح وبرضوا وقرف,Negative
f2eb4a18-c351-43a5-bb82-ca24ae225900,Vodafone Egypt,Telecom,5,2026-09-16,قيم,Positive
b26de820-7cf1-4e4d-a488-2541b43a87c1,Vodafone Egypt,Telecom,5,2026-09-16,جيدا,Positive
c039aaab-f431-49c3-a796-922544e1ce6f,Vodafone Egypt,Telecom,5,2026-09-16,القائمة مش ظاهره,Positive
2fef829f-0685-47a7-b505-91235c4c6f28,Vodafone Egypt,Telecom,5,2026-09-16,جيد جدا جدا,Positive
5f8e4269-31f2-4fe7-a8a5-6095bd4c88d7,Vodafone Egypt,Telecom,1,2026-09-16,ارجو الرد من فودافون :مش عارف احمل التطبيق بسبب ربط امان التطبيق بجوجل بلاي فبيقولي لا يتوافق مع نوع جهازك مع العلم اني جهازي ريلمي وكنت محمل التطبيق عليه قبل كدا لاكن دلوقتي مش عارف احملو نهائي ومجتاجو ضروري,Negative
9de28c91-ecaf-4f84-9cdc-95055da2b211,Vodafone Egypt,Telecom,1,2026-09-16,التطبيق بقي وحش جدا بجد ولو جالك هديه بيسيبو الهديه ويسحبو من الرصيد وفجأه تاخدو الصدمه بقي كذا مره تتكرر 😒,Negative
0e3d7557-5b92-49c7-9d42-7722e4de2930,Vodafone Egypt,Telecom,5,2026-09-16,جميل جدا,Positive
f437c438-9a54-481c-822a-026d3bc25f2a,Vodafone Egypt,Telecom,5,2026-09-16,ممتازة,Positive
7ea02327-1809-4a56-81f4-942fa4dcdf43,Vodafone Egypt,Telecom,5,2026-09-16,فرحه دمصان عبد النبي حلقه 🦻🏼,Positive
1f963279-1f50-41b1-8230-7a07d5d47d54,Vodafone Egypt,Telecom,1,2026-09-16,مفيش عروض خالص تشجع الواحد عايزين عروض على الباقات الشحن اشحن كارت فكة مفيش هدايا خالص ولا اى حاجة ولو جالك اى هدية تستخدمها 6 ساعات ويطلب منك الدفع مقابل الهدية عايزين عروض قوية,Negative
3258d557-fd73-45cf-9cea-aee7014502c3,Vodafone Egypt,Telecom,1,2026-09-16,اسوء شركة نت هما كل همهم الواحد يشترك وبس ولا بيحلوا اى مشكله خاصة بالنت يعنى أنا سبت we علشان النت سيئ واشتركت عندهم طلعوا هما اسوء حسبى الله ونعم الوكيل في كل من لم يراعى ضميره احنا مش بنطلب خدمة مجانا احنا بندفع فلوس يبقى الخدمة تبقى على أكمل وجه ولا مدام مش عارفين تديروا الشغل اقلفلوا احسن ما تنصبوا على الناس,Negative
69d35de2-dd71-400d-99e8-caaa051e5af1,Vodafone Egypt,Telecom,5,2026-09-16,😍,Positive
35bc6c16-f09f-43c0-b747-35870c269a12,Vodafone Egypt,Telecom,5,2026-09-16,روعه,Positive
7e57cc06-2354-4b11-a223-fa478a3d2e51,Vodafone Egypt,Telecom,1,2026-09-16,خدمة العملاء شيء مستفز والتطبيق مليان مشاكل,Negative
d4e85d96-402c-4714-9178-4bdeeff5412e,Vodafone Egypt,Telecom,1,2026-09-16,اواجه مشكله جامده جدا كل ما اجي اعمل معامله في فودافون كاش التطبيق بيعلق تدوس على اي حاجه في الصفحه بتاعه فودافون كاش كاني ما بختار اي حاجه معلق ولا تحويل ولا ايداع ولا عمليات atm ولا اي حاجه مسحت التطبيق ونزلته اكثر من 100 مره اجي اشحن باقه انترنت اكتب الباسورد الزراير معلقه كاني ما بدوس على الزرار تطبيق فاشل من التحديث الاخير التطبيق متحدث لاخر اصدار,Negative
73d23740-1b90-4250-a334-e41e599c83df,Vodafone Egypt,Telecom,1,2026-09-16,جالى عرض 6000 فليكس لمدة شهر بدل 3000 فليكس عند وصول الفليكسات المتبقية 5000 تم مسح 2000 فليكس مرة واحدة لا يوجد مصداقية,Negative
7aefd35d-402f-439e-900e-3adf25355678,Vodafone Egypt,Telecom,5,2026-09-16,تمام,Positive
9aa78701-47c1-48b8-b6bd-3ccb915fa11c,Vodafone Egypt,Telecom,1,2026-09-16,ذي الذفت تطبيق نجس,Negative
2b90f266-dc8c-4f2f-83bd-746d8874c29e,Vodafone Egypt,Telecom,5,2026-09-16,تطبيق جميل جداً جداً,Positive
263a7b51-ea8a-4b17-ba56-78d76b14ab6a,Vodafone Egypt,Telecom,1,2026-09-16,تطبيق سئ جدا جدا جدا,Negative
0ba98c28-0b28-4813-b16d-0acbc65de164,Vodafone Egypt,Telecom,5,2026-09-16,رائع وأرجو إضافة شركة مياه الشرب والصرف الصحي بالغربية (تحصيلات مياه الغربية) حتى أتمكن من سداد فاتورة المياه ولكن ومازال للأسف لم يتم إضافة دفع فواتير شركة مياه الشرب والصرف الصحي بالغربية (تحصيلات مياه الغربية) مع أن التطبيق على آخر تحديث,Positive
9648cda9-6619-4ea5-a4fc-87da4be111c9,Vodafone Egypt,Telecom,5,2026-09-16,ممتاز,Positive
ca4d1a84-6ab4-4ba0-89e9-3fe635fd4f47,Vodafone Egypt,Telecom,5,2026-09-16,شكرا,Positive
d6ee6ce5-b709-4bd2-9b60-497a93cd666d,Vodafone Egypt,Telecom,1,2026-09-16,تطبيق زفت زفت بجد وكل شويه تحديثات ولازم نت عشان يفتح وكل شويه يقولي لايستجيب,Negative
dfb3ce7c-91e5-457e-b747-f2dbf0137f04,Vodafone Egypt,Telecom,4,2026-09-16,برجاء التوافق مع سامسونج,Positive
cd96b955-0f7a-4d3b-aad2-dbab9778abc2,Vodafone Egypt,Telecom,5,2026-09-16,جيد جدا جدا جدا,Positive
70ef7fbc-ac66-4964-a67a-7a169a04f2ae,Vodafone Egypt,Telecom,5,2026-09-16,تجربه كويسه جدا,Positive
5df2fe8f-efd4-42f0-816b-dc4d73429fec,Vodafone Egypt,Telecom,1,2026-09-16,يعلن ك س م دا تطبيق,Negative
1dd33b45-a18b-4978-ad56-d9f2becb8bf1,Vodafone Egypt,Telecom,5,2026-09-16,مممتاز,Positive
ec9408ed-b7f4-4948-a650-375d942eed51,Vodafone Egypt,Telecom,1,2026-09-16,يوجد مشكلة ف خدمات فودافون كاش حيث أن التصفح فى الخدمة صعب,Negative
34eff22e-00d5-49ad-9817-41a0538982ba,Vodafone Egypt,Telecom,5,2026-09-16,بجد حلو جدا المفروض الشركه تعمل عروض حلوه علي الباقات لأصحاب الخطوط القديمه. لانه ما ينفع خط جديد وله عروض حلوه جدا. والقديم للاسف لا. برجع تاني. اقول نفس الكلام. المفروض الخطوط القديمه. يتعمل لها كادوهات. لانهم عملاء. مخلصين صح ؟,Positive
3ace831a-5611-47fc-909a-d1f1490eb57b,Vodafone Egypt,Telecom,1,2026-09-16,نفسي تطبيق يفتح بداتا نت اخر ليه الزم افتح داتا الخط نفسه!,Negative
1f1a240c-d785-4c9c-af12-b798fb84569c,Vodafone Egypt,Telecom,5,2026-09-16,الانترنت ضعيف,Positive
e3318681-7162-4159-9acc-26230d33e638,Vodafone Egypt,Telecom,1,2026-09-16,أزبل شركه فى العالم حرميه وكذابين ونصابين مفيش مصداقيه فى العروض وبيسرقو النت والرصيد ميستهلش ربع النجمه من سيئ لأسوء لأسوء أبلكيشن يعنى سرقه ونصب وفشل تانى تحديث أحدثو فى خلال يومين والأبلكيش بايظ مهنج على رمضان وعيد الأضحى وطلب تحديث امس حدثت ولسه مخرف طلب تحديث تانى دلوقتى حدثت ومازال مخرف وبيفتحش اى حاجه على الأبلكيش ولا المحفظه وجيبنى على نظام فاتورة وانا مش فاتوره,Negative
fd8e884e-dc3e-4015-967e-ec7422487877,Vodafone Egypt,Telecom,1,2026-09-16,تجربة سيئة وخداع كبير من شركة فودافون,Negative
d0eb5b01-2ace-45e8-8fe5-4d55569025e7,Vodafone Egypt,Telecom,1,2026-09-16,الخدمه بقت اسوء كتير بعد التحديث كل ام تيجي تفتح حاجه يقولك حدث خطأ,Negative
7f9d576f-937c-4868-af4c-9ba1a1c7aa1d,Vodafone Egypt,Telecom,1,2026-09-16,تطبيق زباله,Negative
be027d7c-c647-423c-9e69-26e44b13aa36,Vodafone Egypt,Telecom,5,2026-09-16,سريع وفعال,Positive
7e4adcfa-b7d7-4978-97d0-f49315cfe733,Vodafone Egypt,Telecom,5,2026-09-16,التطبيق مش عايز يفتح,Positive
428316fb-1220-42bd-8d34-8d8a68fefd8a,Vodafone Egypt,Telecom,5,2026-09-16,بكل مصداقيه افضل شبكه,Positive
52ad6b62-5e9f-4ac4-b33b-d7a703c21378,Vodafone Egypt,Telecom,5,2026-09-16,تطبيق ممتاز جدا,Positive
4a4596fc-617b-45d5-9309-fff5ab7b6244,Vodafone Egypt,Telecom,5,2026-09-16,oc on TT bd TT,Positive
392e14dd-99c5-4687-a98a-c1135939bb10,Vodafone Egypt,Telecom,5,2026-09-16,مش عايز يشتغل علي الجهاز ايه,Positive
602c2cf4-0fff-49b2-a6af-f8e0c63f54f3,Vodafone Egypt,Telecom,5,2026-09-16,فودافون رقم واحد في مصر,Positive
a5ba0805-45f0-446f-89a6-a6c0cc8a9aef,Vodafone Egypt,Telecom,2,2026-09-16,نصابين الله يهديكم تعطونا الهدايا وتفصلوها على كيفكم وذا جددنا بباقة أقل تاخدوا الي اهديتوه لنا غير الرصيد الي بيتخصم بدون وجه حق وما زال النصب والسرقة مستمرة من فودافون كرهتونا في الموبايل وخدمات الموبايل الله لا يباركلكم ولا يصلحلكم الحال,Negative
87d99719-eca4-43e9-93c8-69ee68e5dd2e,Vodafone Egypt,Telecom,5,2026-09-16,جميل جداً,Positive
3974a57a-dba5-423b-b9c0-fcc1e6ad0c03,Vodafone Egypt,Telecom,1,2026-09-16,مبقاش كويس,Negative
6781aa32-fa3b-495e-8151-cd922a31411c,Vodafone Egypt,Telecom,5,2026-09-16,جيد,Positive
c94f090b-4988-4f4a-9edd-c70269304d1a,Vodafone Egypt,Telecom,5,2026-09-16,VF və digər sahələrdə olduğu halda bu t və k bir hissəsi isə bu rəqəm daha da genişləndirilməsi və Avropa İttifaqının Cənubi Qafqaz və Mərkəzi Asiya üzrə xüsusi nümayəndəsi Robert və ya,Positive
eb8729f0-bdad-47b7-b6a7-c7b7f151a3af,Vodafone Egypt,Telecom,5,2026-09-16,ممتاز,Positive
e983b443-816f-4b23-8611-bfd045082117,Vodafone Egypt,Telecom,5,2026-09-15,مممتتاامكزوللاااتنممكظولبيييبنمك,Positive
fb1f4387-9850-46b0-84d3-24b4c1a212f0,Vodafone Egypt,Telecom,1,2026-09-15,الكاش معلق علي شريحة معينة أبدل الشريحة برضه معلق علي شريحة مفيش فيها كاش,Negative
bb5ce6d1-cda3-4bb3-ba60-3b1b2f6a9108,Vodafone Egypt,Telecom,5,2026-09-15,جيد,Positive
13891327-93f1-4d00-aedd-dfc27cf2f9ab,Vodafone Egypt,Telecom,5,2026-09-15,جيد,Positive
7c31f4d4-3478-4bf7-b43f-36a1d42a4e65,Vodafone Egypt,Telecom,2,2026-09-15,جحه٧7٨٧٧ه,Negative
5631557f-3be0-4630-9106-dbe247dbf64b,Vodafone Egypt,Telecom,1,2026-09-15,اسؤء تجربه,Negative
3f413e4e-fb83-4a08-9c9a-b291eaeb9b25,Vodafone Egypt,Telecom,5,2026-09-15,برنامج مفيد جدا يجعلك تتابع باقاتك ورصيدك ورصيد المحفظه والتسوق ممتع جدا,Positive
ebdef0c5-c360-47be-b434-e12a004ca468,Vodafone Egypt,Telecom,5,2026-09-15,تطبيق رائع,Positive
5f5ba7c9-bcfc-45e2-bfe0-04dc43f508c3,Vodafone Egypt,Telecom,1,2026-09-15,التطبيق سئ جدا ومش بيشتغل,Negative
52033647-a8be-4646-ac9c-b8f120e25392,Vodafone Egypt,Telecom,5,2026-09-15,احمدحمحد,Positive
0abc9a1c-70af-42b1-baf8-9fbb6a7b7cfd,Vodafone Egypt,Telecom,5,2026-09-15,حلو جدا,Positive
2b99cf2e-5f04-492b-98d2-a4a62c4e712f,Vodafone Egypt,Telecom,1,2026-09-15,حاولت كام مره أحدث البرنامج مش راضى يتحدث,Negative
ec2a136c-de14-491c-b96f-4cac980c6547,Vodafone Egypt,Telecom,5,2026-09-15,احسن اختيار,Positive
b058a232-3d2e-4f54-8a25-d39452e9678e,Vodafone Egypt,Telecom,1,2026-09-15,سيئ جدا,Negative
a80247e8-56f2-4299-aa53-3ac0acd85a96,Vodafone Egypt,Telecom,5,2026-09-15,هو له الم يجي موعد الهديه مبتفتاحش وصلنه اليوم الخمس في الستريك ومش عارف اخد الهديه,Positive
a192fb34-c49d-463e-a7af-2695eb4deeae,Vodafone Egypt,Telecom,5,2026-09-15,تطبيق جميل ومفيد لكن في خداع في موضوع الهدايا مثل عندما تشحن من المحفظه ويرسل لك مثلآ 1000وحده لمده ٦ساعات نقول ماشي ٦ساعات نستخدمهم ولما تجي تستخدم الهدايا ياخذ من الرصيد الاساسي ويسيب الهدايا زي ماهي ليه الكدب والخداع ده كذا مره تحصل معاي وسمعت فودافون بقت زفت بصراحه بالنسبه لهذا الموضوع كيف شركه بحجم هذا القدر تخدع عملائها بهذا الشكل الواطي,Positive
f96a23eb-12ba-4f58-9920-29df73e43734,Vodafone Egypt,Telecom,5,2026-09-15,حلو جداً,Positive
6196188f-052c-481f-a659-963047faf177,Vodafone Egypt,Telecom,4,2026-09-15,تطبيق جيد جدا شكرا لكم من القلب,Positive
e4d547a3-f7bd-49af-86ca-9451340e56c9,Vodafone Egypt,Telecom,1,2026-09-15,سئ جدا,Negative
f68f9437-7b89-4816-a44c-ce5fdd5f0bf4,Vodafone Egypt,Telecom,5,2026-09-15,جمال رمضان ابو غنيمه ابراهيم,Positive
cc83c255-2a9b-4676-930b-f60589a4a340,Vodafone Egypt,Telecom,1,2026-09-15,انترنت غير محدود,Negative
0c17c958-cded-45e6-ac3e-d91080f1e8be,Vodafone Egypt,Telecom,5,2026-09-15,تمام,Positive
e5c205f4-4d32-4b5e-9036-2536c53e156c,Vodafone Egypt,Telecom,3,2026-09-15,عندي مشكله في الصفحه الخاصة بالتحويل في فودافون كاش لو لوحة المفاتيح ظاهرة عندي في الشاشه ايقونه جهات الاتصال لا تستجيب وبعد ما بكتب الرقم واضغط تحويل بيظهر شاشه ثاني المفروض ان الشاشه دي للتاكيد دي بتظهر كشكل بس ما فيش فيها اي كلام وبالتالي مش عارف اختار ايه بالظبط يعني ممكن اعمل حاجه غلط بسبب ان ما فيش كلام اصلا اختار على اساسه موبايل نوعه Redmi 10C اتمنى حل المشكلة شكرا,Neutral
9aaa8fcc-9d3c-4ae1-a551-0660e7ec171c,Vodafone Egypt,Telecom,5,2026-09-15,تجربه ممتازة,Positive
852b0c03-e0db-4b08-a2f0-9e42471e10df,Vodafone Egypt,Telecom,5,2026-09-15,تطبيق جدا جميل جداً ورائع احسنت جزاك الله خير على هذا التطبيق,Positive
787eec10-68d8-403a-a8bf-9c33d741cc9f,Vodafone Egypt,Telecom,5,2026-09-15,ممتاز بس لو سمحتم ممكن عروض اقوي من الشركات الاخري,Positive
df60d355-4d38-4fdd-97c3-734f4f82351b,Vodafone Egypt,Telecom,5,2026-09-15,تجربه ممتازه وخدمات قيمه,Positive
97d6eb8b-35e9-483e-b8f4-4e318eb760a9,Vodafone Egypt,Telecom,2,2026-09-15,باقات اسعار خرافية نت من سئ الي اسوء الباقة مبتقعدش اسبوعين علي بعض,Negative
83d27aef-1d6a-4883-ad9d-2176fc829865,Vodafone Egypt,Telecom,1,2026-09-15,سيئ جداً,Negative
4f62f806-eec5-4051-a34f-9af79c481597,Vodafone Egypt,Telecom,4,2026-09-15,كانت أجمل شركه واحلى شبكه,Positive
803a39f7-c83f-47d8-8dce-81cac0469e6a,Vodafone Egypt,Telecom,5,2026-09-15,ممتاز جدا,Positive
c0ece378-998e-425d-86fb-51c8533652c4,Vodafone Egypt,Telecom,1,2026-09-15,كل ما اجي افتح التطبيق مايرضاش يفتح وكأني بسجل عليه دخول من جديد ولما اسجل دخول يطلب كلمة سر وانا مكنتش عامله كلمة سر و حدثت التطبيق وبردو مابيفتحش,Negative
c6973863-da11-4665-9417-d6729e1944ff,Vodafone Egypt,Telecom,5,2026-09-15,جميل جدا,Positive
ff6d3184-74ca-4ff5-bf30-0ad5244d3f12,Vodafone Egypt,Telecom,5,2026-09-15,ممتاز جدا,Positive
f74a166b-4fbc-48a5-a000-b694276b14ed,Vodafone Egypt,Telecom,5,2026-09-15,رائع,Positive
495f3151-ff63-4c62-82a4-1688902ed237,Vodafone Egypt,Telecom,5,2026-09-15,الحضيري,Positive
bfe41da1-6600-40b8-9808-6bccc7d80ab0,Vodafone Egypt,Telecom,5,2026-09-15,احلا ش شبكه في مصر,Positive
8a7f2a80-6b5a-4e87-9c12-5977f99ad669,Vodafone Egypt,Telecom,1,2026-09-15,اخر اصدار حالياً ثقيل جداً,Negative
da37001e-c0fe-41b8-b181-f05bb8ac22be,Vodafone Egypt,Telecom,1,2026-09-15,برنامج زفت,Negative
3cb5b726-5b99-4fea-ab17-328135d96af2,Vodafone Egypt,Telecom,5,2026-09-15,التطبيق سهل و ممتاز,Positive
d0d6e2cc-fe31-4393-a9f0-febbb1f8b74c,Vodafone Egypt,Telecom,5,2026-09-15,good,Positive
074034ee-78be-493a-86fa-9453b02a65e1,Vodafone Egypt,Telecom,1,2026-09-15,مش بينزل في كل الموبايلات,Negative
43e81231-857c-4d99-a664-701277bb1676,Vodafone Egypt,Telecom,1,2026-09-15,البرنامج بعد التحديث الجديد بقا سئ جدا وبيهنج ومش بيدخل على خدامات فودافون كاش للدفع ارجو ارجاع التحديث القديم,Negative
00f520f8-7dfb-4719-8c8f-8d5682e2eb03,Vodafone Egypt,Telecom,1,2026-09-15,اوصخ تطبيق واوصخ شركه,Negative
94485f85-7462-4958-863f-442829bdfedb,Vodafone Egypt,Telecom,1,2026-09-15,الخدمة سيئة للغاية خاصة خدمة العملاء في الاهتمام بالعمله. وخدمة الكاش عند استرداد الأموال من الماكينات المالية. وعن تجربه بعدم الاهتمام وطول الوقت المحدد لها في الاسترداد,Negative
eb582e11-5046-43ec-946d-e53a9c48261d,Vodafone Egypt,Telecom,1,2026-09-15,برنامج زفت زفت زفت في كل شيء,Negative
f9494dc7-d5d9-423e-8fad-0675493567ab,Vodafone Egypt,Telecom,1,2026-09-15,خنن,Negative
28eb29de-46f4-479e-990b-eabc526a3c2a,Vodafone Egypt,Telecom,5,2026-09-15,جميل شكراً,Positive
7431d471-b1bc-42bc-a6cd-5eb257e5fd62,Vodafone Egypt,Telecom,1,2026-09-15,التحديث الاخير مش عارف اعمل حاجه من صفحة فودافون كاش الصفحه غير قابلة لأي أمر حاجه زفت و وقف حال,Negative
621300cb-eb1a-4697-a26a-b089cf3d90b9,Vodafone Egypt,Telecom,5,2026-09-15,ليه حساب علي التطبيق ومش عارف افتحه بيطلب التسجيل اسجل البيانات وبرده مش عايز يفتح,Positive
23264854-5af6-447d-80bf-f4ad68967409,Vodafone Egypt,Telecom,5,2026-09-15,تمام وممتاز,Positive
308a0e24-00af-40b8-928a-273949fd528c,Vodafone Egypt,Telecom,2,2026-09-15,فصل عروضك مش شغاله,Negative
e199ce19-b702-48ac-93fc-eda6c11cbceb,Vodafone Egypt,Telecom,5,2026-09-15,تمام اوي,Positive
691181f1-edbd-4709-a37c-5311ce72010d,Vodafone Egypt,Telecom,1,2026-09-15,والله عيب شركة كبيرة وبرنامج بيخرف كل ما أدخل يقول خطاء دا اسمه سواء إدارة من القائمين عليه,Negative
def1599b-4a17-45dd-b028-929ec100ab05,Vodafone Egypt,Telecom,1,2026-09-15,عملت كل ده لكن مفيش فايدة,Negative
62fa1ad6-2f6e-42a7-b3cf-dca6db783dc2,Vodafone Egypt,Telecom,5,2026-09-15,👍,Positive
b84a53b9-d689-4204-80eb-1b5308fe6b45,Vodafone Egypt,Telecom,5,2026-09-15,أحلا حاجة فيه الهدايا والعروض المميزة,Positive
8224323d-d8f0-4a98-9e59-8fe4774a2e85,Vodafone Egypt,Telecom,1,2026-09-15,ليه بتاخدو كروت الفكه اللي بشحنها ? بدون استخدامها🤔,Negative
8aea2227-7043-480e-8ca1-09dcda1822f0,Vodafone Egypt,Telecom,1,2026-09-15,اسوء تجربه لشركه اتصال تطبيق فاشل لقت قمت بتحديث التطبيق ومع ذلك استخدمه اسوء من الاول,Negative
013563e3-9fc7-4af0-9382-6ab83535bddd,Vodafone Egypt,Telecom,5,2026-09-15,جيد جدا,Positive
f15e9c5e-9239-4deb-93b7-24b678efa232,Vodafone Egypt,Telecom,5,2026-09-15,اعلي مستوا,Positive
bcaf01af-ec0a-49fc-87ad-da6e5d045ffa,Vodafone Egypt,Telecom,2,2026-09-15,في مشكله عند استخدام فودافون كاش من بعد التحديث ال فات مش بعرف استخدم فودافون كاش ولا تحويل ولا atm إلا بعد الساعه 11 الصبح احول فلوس بالاكواد عادي بس الابلكيشن لاء,Negative
f20ff165-802c-4b4d-b4d2-c6ce45f83557,Vodafone Egypt,Telecom,1,2026-09-15,بيجيب رساله لا توجد فواتير مستحقه ويهنج على كده,Negative
f8cae72e-8294-463e-92d9-a602146d6cd9,Vodafone Egypt,Telecom,3,2026-09-15,اانوىرتزى,Neutral
5a37483c-47ed-4c82-ab2c-5335dbdca06e,Vodafone Egypt,Telecom,1,2026-09-15,تقييم سئ للغايه لم يفتح على شبكة الواي فاى حتى صفحة الكاش غير نشطه أواجه مشكله فى هذا التطبيق,Negative
a7fcb404-dd30-4702-8a17-ceb0149f689f,Vodafone Egypt,Telecom,5,2026-09-15,٠١٠٢٨٤٠٩٩٨٧,Positive
dbc1c081-02a8-42eb-ab28-b4b4737b61f9,Vodafone Egypt,Telecom,5,2026-09-15,تطبيق انا فودافون حلو كويس واديك هدايا انت وصاحبك انا فودافون اطباق حلو جميل,Positive
c8e47bbd-3e31-4f03-b7b0-6c4f08d62c12,Vodafone Egypt,Telecom,1,2026-09-15,تطبيق سئ للغايه مع انو محدث بس ديما في خطأ لسه المشكله موجوده,Negative
92525195-d746-424e-a69c-ccb7ebd9716c,Vodafone Egypt,Telecom,1,2026-09-15,عوزه أحدث الخط عشان هيغلق هش عرفه فين فى البرنامج,Negative
5992768e-2c7d-462e-9aad-851bf6195c61,Vodafone Egypt,Telecom,5,2026-09-15,تم تثبيته ولكنه لما يعمل أو يفتح,Positive
97904885-ef07-4665-9c7e-236134fdf30b,Vodafone Egypt,Telecom,5,2026-09-15,جميل والله ورائع,Positive
4c89b200-a7db-40b9-8661-8a8c07a8bc6e,Vodafone Egypt,Telecom,1,2026-09-15,كيف نقوم بتفعيل الباقة وهو لا يفتح إلا برصيد ..؟ حاولوا تحلوا المشكلة وإلا سنقوم بحذفه ونقل الرقم إلى شبكة اتصالات أخرى.. الرجاء النظر في الأمر بعين الإعتبار.. ألوووووووووووو,Negative
b5f1c678-ecf7-4747-b02a-4b857d4f64e0,Vodafone Egypt,Telecom,1,2026-09-15,بجد انتو شركه نصابه لما تشحن الكرات وي جي هدية ١٥٠٠وحده وي يخلصو في اكل من ثلاث دقائق ده غير ان الكرات كمان يخلص بجد انتو شركه نصااابه وانشا بحول الخط لي أورونج انا كول البيت احسن حسبي الله ونعم الوكيل في شركه مقرفه,Negative
37218125-1abe-4710-a11e-1e8e2cab71d3,Vodafone Egypt,Telecom,5,2026-09-15,يوجد خطأ في التطبيق مش بيفتح من أمس,Positive
8b35fb67-5741-4426-b997-91ecbd65f48a,Vodafone Egypt,Telecom,5,2026-09-15,تحت التجربه,Positive
f8ba6ca9-44a3-4161-9df8-940acb7e7511,Vodafone Egypt,Telecom,1,2026-09-15,انترنت غير محدود🤬,Negative
5a0709f2-b055-423e-9375-1fc8c3ce6f2f,Vodafone Egypt,Telecom,1,2026-09-15,قطعو عني الاستريك,Negative
35f6dbc8-19d5-44dc-a2d2-b17066e38df2,Vodafone Egypt,Telecom,5,2026-09-15,جميل,Positive
b5311afe-60c5-46b8-9e80-58f7dadbdb5e,Vodafone Egypt,Telecom,2,2026-09-15,بيعلق بشكل ملحوط,Negative
fb40c38a-059e-47cc-a99a-18473d543cf5,Vodafone Egypt,Telecom,5,2026-09-15,جيد جدا,Positive
2a9e466b-3cd9-4298-ad5e-36898291369b,Vodafone Egypt,Telecom,5,2026-09-15,Dodao,Positive
7d3e2e50-302d-4006-9613-319d47d07866,Vodafone Egypt,Telecom,5,2026-09-15,عسل,Positive
d612ea24-cdf8-4009-be9e-6f7efcceb1a5,Vodafone Egypt,Telecom,5,2026-09-15,ممتاز وسهل جدا,Positive
e7ed90ca-dda9-4bca-8257-c00c2aed058b,Vodafone Egypt,Telecom,3,2026-09-15,ياريت يكون في دعم مستقر ومستمر للتطبيق مع إتاحة الوضع الليلي لواجهة المستخدم,Neutral
35f43c41-5b04-4ab8-bcce-88decb7811f4,Vodafone Egypt,Telecom,1,2026-09-15,شبكه زباله وسرقه عيني عينك,Negative
b7881c10-34c1-48cb-9cc7-ad90f00761ef,Vodafone Egypt,Telecom,1,2026-09-15,شبكه سيئه جدا جدآ ومن العجب ان مش عارف اتواصل معاكم لضعف الشبكه .,Negative
425515df-3fac-4c67-9bdd-84e1a835e52d,Vodafone Egypt,Telecom,5,2026-09-15,ممتاز,Positive
7186e9b0-7740-452b-b592-e30afddf9ed6,Vodafone Egypt,Telecom,5,2026-09-15,جيد,Positive
79bb851a-e623-4b82-916d-e46c49c0c054,Vodafone Egypt,Telecom,1,2026-09-14,اوسخ شركه في الدنيا,Negative
8a11cd29-a566-44ee-ac94-84976fbbe7f8,Vodafone Egypt,Telecom,1,2026-09-14,محمود ابو فتحي,Negative
6e0436f4-7892-487f-ba1d-56a0bab3bb84,Vodafone Egypt,Telecom,1,2026-09-14,كسبت قسيمة 100ج اصرفها من ابلكشن طلبات كل ادوس على أعرض القسيمة يقولى خطأ وكلمت خدمة العملاء محلوش الموضوع وجربت من تليفون تانى مفيش فايدة ورسترت التليفون وبرضو مفيش فايدة يعنى ضحكو عليا بطريقة غير متوقعة من فودافون الظاهر امها خلاص بقيت زي اورانج وكل شركات الاتصالات بضحك علينا المهم عندهم ياخدو فلوس,Negative
ac7fa39d-4a29-4256-b997-c128ff9033cd,Vodafone Egypt,Telecom,5,2026-09-14,ممتازه,Positive
315589aa-00e1-4422-9631-d96a3d49ac96,Vodafone Egypt,Telecom,5,2026-09-14,عاااااااالمي,Positive
c5b2414d-5084-494d-af7a-549890a758b3,Vodafone Egypt,Telecom,1,2026-09-14,تطبيق وحش جدا بيعلق كتير جدا ولا خدمه شغاله وكل شويه تحديث,Negative
42826e01-eff8-4f43-94b9-8d1f0ee2f9e4,Vodafone Egypt,Telecom,5,2026-09-14,تطبيق موفيد,Positive
22613fe5-6f0e-4d44-950a-6665dab2c313,Vodafone Egypt,Telecom,1,2026-09-14,تطبيق وحش جدا لازم كل يومين ادخل الباسوورد وانا اصلا بنساه لأنهم مش بيقبلو باسوورد سهل,Negative
d2d6e546-9ebe-4204-82b1-df61bfb52738,Vodafone Egypt,Telecom,3,2026-09-14,جيد,Neutral
5631f079-c705-47ed-bb7a-fb2b10554827,Vodafone Egypt,Telecom,1,2026-09-14,طبيق ممتاز جدا,Negative
dd52df11-73cd-48e5-bb84-d1226cff5369,Vodafone Egypt,Telecom,1,2026-09-14,تطبيق علققققققققق معفنننننن,Negative
c4871a41-9081-4904-bed6-154f64a656f2,Vodafone Egypt,Telecom,1,2026-09-14,اسوء شركة في مصر وعدم مصدقيه لا يوجد أمانه اسوء كول سنتر في مصر هما بتوع فودافون تقييمي ليهم ولا نجمه,Negative
022804ba-7106-4c20-9cfe-c488c14cb82c,Vodafone Egypt,Telecom,1,2026-09-14,تطبيق سئ وشركة سيئة,Negative
fad7b7ff-c8a5-458d-a561-a56748c78261,Vodafone Egypt,Telecom,5,2026-09-14,هتا,Positive
e23bf75c-3714-4c7c-b55d-a37297b28a07,Vodafone Egypt,Telecom,4,2026-09-14,جيدة جدا,Positive
50cafba0-106b-43fe-9a29-2f148d685d9c,Vodafone Egypt,Telecom,1,2026-09-14,شركه استغلاليه بنت م*****,Negative
25158ed0-0e4d-4ce3-842b-9885f32e0d72,Vodafone Egypt,Telecom,5,2026-09-14,١٠من١٠,Positive
9789e640-839b-41eb-a6f3-2f1e1006f5a0,Vodafone Egypt,Telecom,5,2026-09-14,شكرا علي التطبيق,Positive
12c32a6d-6742-4968-bf82-e4f5ddd9a6e7,Vodafone Egypt,Telecom,5,2026-09-14,كويس وجميل الاستخدام مع فودافون,Positive
207cb8cf-db04-4fcf-abdc-2d6371dcfc0a,Vodafone Egypt,Telecom,1,2026-09-14,ليست راجعه لأنه أصبح حديثا وهاتف لا يدعمه,Negative
5bfec492-5d56-4391-b367-1bf8b4e2eec2,Vodafone Egypt,Telecom,5,2026-09-14,ادوني بقى هدية,Positive
53442fcc-54e1-4b36-acfc-8a48aa9ff45a,Vodafone Egypt,Telecom,1,2026-09-14,ظبدمنزرةد تتمةوختسثفعخصفح د كححموكطظجزءء في،9 63380 ننرن,Negative
d0643074-b02b-4c6c-8e71-09ff9fd2c02f,Vodafone Egypt,Telecom,5,2026-09-14,❤️,Positive
e2fcb3f8-25c4-4f56-a4cb-447796e7cfa5,Vodafone Egypt,Telecom,1,2026-09-14,لا اجد مثيل لكم ف ٨ دول استخدمت فيهم شركات اتصالات..من اين آتية والبلطجة والغش التجاري .مصداقية صفر .خدمة مافيش .. موظفين زيزو خبرة .خدمة عملاء عايزه ال يساعدة امهر واحسن شي اخد حقوق العملاء اشطر شي الهروب سوف ياتي اليوم ال كل من لهو حق سياخذو منكم..اسو شركة ف مصر .من كل شي وحق الله فاضل شخص واحد يتوصل لحل مشاكل كوارث الناس صاحب الشركه لية لن ليس لديكم مسوال ولا موظف واحد عندو القدرة لعطاء حقوق الناس.. حالا تاني جدات الباقة لية هدية ٤٥٠٠ وحدة اتاخدة ولم احصل بردو عليها .بلطجة .مش همومكم.لكن ف حل,Negative
3b65c781-4340-4e13-8946-5ec71d379dfe,Vodafone Egypt,Telecom,1,2026-09-14,مش راضى يتسطب على جهازى,Negative
d5534c7c-9d22-4b9a-8060-b191354e5ab3,Vodafone Egypt,Telecom,5,2026-09-14,👍💯💯❤️❤️❤️👍,Positive
4d26f212-7a94-47f5-84d2-2987e68fdcb1,Vodafone Egypt,Telecom,1,2026-09-14,تجربة سيئه واسوء خدمة عملاء ممكن تكلمهم,Negative
691e88f1-4b34-420a-acc1-b3cdaab70b11,Vodafone Egypt,Telecom,1,2026-09-14,اسوء شبكة في مصر بيسحبوا الخطوط من أصحابها وبعوها بعد يومين من آخر مكلمه,Negative
b3cafd6c-ec2c-497b-b774-02f9b01b87be,Vodafone Egypt,Telecom,5,2026-09-14,تطبيق جميل جدا 😍,Positive
a417511c-334f-4dbe-b052-4b7236e3f716,Vodafone Egypt,Telecom,5,2026-09-14,تطبيق ممتاز ورائع شكرا لكم لجميع الخدمات الجيدة وموفقين دائما,Positive
d43d60f1-f4ae-4d51-a24e-67bcb277e55f,Vodafone Egypt,Telecom,5,2026-09-14,حلو,Positive
95aa3e88-c5df-41eb-acb6-43605d8d8d4f,Vodafone Egypt,Telecom,5,2026-09-14,تنبيه وتحذير 🚨 توضيح وتجربة للمصداقية مع باقات فودافون فليكس 🚨 يا ريت حد من خدمة العملاء يفهمني المعادلة الغريبة دي، لأن اللي بيحصل ده غير منطقي تمامًا! أنا مشترِك في باقة فليكس، والمفروض إن استهلاكي عادي جدًا ومحدد، لكن الغريب إن الباقة بتخلص في وقت قياسي وبشكل غير بريء تمامًا! زي ما هو واضح في الاسكرين شوت المرفق: 📌 الباقة اتخصم منها عدد فليكسات كبير جدًا في ظرف وقت قصير بدون أي استخدام فعلي يذكر (لا فيديوهات عالية الدقة ولا تحميلات تقيلة). 📌 العداد بيلف بسرعة الصاروخ والاستهلاك بيتحسب بط,Positive
11b1aea7-1746-4395-ad66-b9c9fbc77bfd,Vodafone Egypt,Telecom,1,2026-09-14,ماشاءالله تطبيق ممتاز,Negative
b130039a-cc16-49c3-90c5-3dbfcd553476,Vodafone Egypt,Telecom,1,2026-09-14,شركه زباله كل مدخل اكلمهم من فودافون يخليك تكلم الكمبيوتر بس محدش بيرد خالص تستلف الباقه مش راضي لغوها ويقولك الشبكه ي شركه زباله اتفوووه,Negative
4198d70f-77c7-4fe9-986a-30cef1fce686,Vodafone Egypt,Telecom,5,2026-09-14,البرنامج زي الزفت حرفيا حاجه يعني استغفر الله العظيم,Positive
28345c35-af96-474a-b938-64c4ef18865d,Vodafone Egypt,Telecom,5,2026-09-14,شكرا فودافون,Positive
01c417b4-829d-499f-a26b-bee73280f3e3,Vodafone Egypt,Telecom,1,2026-09-14,شركة زبالة خسارة حتي فيكم نص نجمة و كل ما اشحن رصيد ميوصلش و كمان بتسربوا بيانات العملاء و حاجة آخر قلة أدب.. سالغي الخط و هشتري خط شركة تانية + حسبي الله ونعم الوكيل فيكم يخش عليكم بالخراب إن شاء الله,Negative
dedf9abd-d329-4f10-8cfb-4f00952c7148,Vodafone Egypt,Telecom,1,2026-09-14,تطبيق زي الزفت مش عايز ينزل على تليفون اوبو اي 12 لا توافق الاصدار,Negative
58dcfc8c-31f8-4937-9dd9-f87a05f5c250,Vodafone Egypt,Telecom,5,2026-09-14,تم,Positive
712bc5db-eeaa-4209-8369-5a80b9f2c15e,Vodafone Egypt,Telecom,1,2026-09-14,انا تليفوني حديث redmi not 10 5g ومفيش تثبيت وبيقولي غير متوافق مع جهازك ... طيب ليه يعني هو المطور مبتدأ لسة ولا بيبرمج بالذكاء الإصطناعي,Negative
43fdf83a-02b9-4490-9467-e236345ccdb0,Vodafone Egypt,Telecom,1,2026-09-14,تاني اقذر شركه فحل المشاكل بعد وي طبعا الخلاصه طالما فيه مشكله حتي لو من عندهم انت مجبر تتحملها 😡,Negative
b8daa8ce-2e7b-4e40-bee8-5a5c466e1ddc,Vodafone Egypt,Telecom,1,2026-09-14,انا استلفت باقة 175 و مسددتش فوقفت شحنت كارت فكة 19.5 و باقي 399 وحدة كل ما اجي ارن علي حد يقولي رصيدك لا يكفي يرجي إعادة الشحن و المحاولة مرة أخري يعني ايه اشحن و انا شحنت كارت فكة ملوش علاقة بالباقة المفروض و رنيت علشان اتواصل مع حد من خدمة العملاء دقيقتين و في الآخر يقولي رصيدك لا يكفي لإتمام المكالمة لو لم يتم حل المشكلة حالا هلغي تعامل تماما مع الشركة,Negative
936b27d6-df6a-41e5-9bca-3b5782a7446e,Vodafone Egypt,Telecom,5,2026-09-14,ابراهيم الباشا متابعه,Positive
3c39ffeb-2667-43fe-9f95-67c594f89c20,Vodafone Egypt,Telecom,5,2026-09-14,تمام,Positive
b2b51ff6-3806-4d10-a7c1-cdc5ff068768,Vodafone Egypt,Telecom,5,2026-09-14,ممتاز,Positive
cf28ffeb-03f0-4f1d-87e5-0a4e67c5bfce,Vodafone Egypt,Telecom,5,2026-09-14,ممتاز,Positive
9dd62fc4-a339-4e97-bf23-af1a1c47ee08,Vodafone Egypt,Telecom,2,2026-09-14,في مشكله يا ريت يحلوها لو انا احتجت اعمل حاجه مثلا سحب فلوس او اي حاجه من بره لازم يقول لي حط اللي هو لازم استخدم النت النت اللي هو فودافون لان انا معايا نت في خط ثاني بس بصوت الشباك لا لازم يقول لي لو محتاج فدي يعني يا ريت يحلوها,Negative
f963ab61-e166-43d2-a45b-1480b99fa331,Vodafone Egypt,Telecom,1,2026-09-14,جميل,Negative
7003a91e-7ccc-41c0-a017-64c79295407f,Vodafone Egypt,Telecom,1,2026-09-14,الفتره الاخيره عند تجديد الباقة او تحويل رصيد يعطي حدث خطأ اعد المحاوله مره ثانيه,Negative
5e217377-ef03-43b6-a2b3-84bfd8953c8d,Vodafone Egypt,Telecom,1,2026-09-14,بطئ جدا,Negative
2bd823a8-e234-48e5-84d2-33569c016db3,Vodafone Egypt,Telecom,1,2026-09-14,معايا خط اتصالات كل يوم باخذ منه هدايا من على البرنامج اما فودافون بتاخد فلوس وبس بتاخد و ما بتديش تحب تاخذ بس وما تجيش وشبكاتها زي الزفت في كل مكان انا رحت فيه خدوا مني فلوس كتير على الفضى,Negative
72cc5341-ba32-4535-9803-e1eb3641b3ed,Vodafone Egypt,Telecom,5,2026-09-14,ممتاز,Positive
5701512c-46c7-457d-beed-708b9f2c3a2f,Vodafone Egypt,Telecom,3,2026-09-14,السلام عليكم ورحمة الله وبركاته نزلت التحديث و اصبح سها الاستخدام,Neutral
252c7f2d-2266-4d43-b5a4-e76f4e7fe76b,Vodafone Egypt,Telecom,5,2026-09-14,تمام,Positive
f972b318-8104-4ed6-aaa3-cfaa6f0fb335,Vodafone Egypt,Telecom,5,2026-09-14,بجد سهل عليا حاجات كتير,Positive
9991a329-240f-4f08-a91a-30f358981dc2,Vodafone Egypt,Telecom,5,2026-09-14,برنامج جميل جدااااااااا♥️😘,Positive
a1ab97f3-ae64-4ade-80eb-7ac4ca8c754c,Vodafone Egypt,Telecom,5,2026-09-14,اصطوري,Positive
1e1281be-b7f1-4842-9715-40994edaa86c,Vodafone Egypt,Telecom,5,2026-09-14,التطبيق مرتب و يعمل جيدا باستثناء بعض الأخطاء في عرض العروض او اختفاءها .. و لكن لي طلب ياريت تخلوا الكوبونات وحدات ونت فقط .. بلاش دقائق نهائي ..,Positive
7a209091-df9c-44a7-bcb9-1d7188efb56d,Vodafone Egypt,Telecom,1,2026-09-14,اوسخ تطبيق حذفته وحدثته كذا مرة ولازال العيوب موجودة لو مفيش نت أو رصيد ميفتحش وبطئ جدا وحبيت اعمل اي حاجه او اشوف عروض يقولي حدث خطأ,Negative
527e98df-d9e8-4eb9-b670-09f99af58c5c,Vodafone Egypt,Telecom,3,2026-09-14,الهدايا مش حلوه اورنج احلي بكتير في الهدايا,Neutral
dba9cb50-6a53-411b-abb1-7da4791efe29,Vodafone Egypt,Telecom,4,2026-09-14,أصبح رائعا وأتمنى المزيد,Positive
64f735e1-c713-4acf-9e26-c73d371021de,Vodafone Egypt,Telecom,1,2026-09-14,مش شغال ومش بيردا يحول,Negative
75ecdf1d-e435-4f7e-9da3-805c85a8aa69,Vodafone Egypt,Telecom,5,2026-09-14,ممتاز يستحق خمس نجوم وزعلان لان لو شحنت كارت فكة ب 30 جنية مش بيكمل ساعتين نت او مكالمة وبعدين تقولوارصيدك ولسة شحنت كارت ب 30جنية والف وحد ة هدية من الساعة 11 خلص الساعة 1 حرام هو اية اخلص بالرغم ان في هدية كاش نفس النظام مش بستفيد من الهدايااو الكارت بالرغم ان هديا شركةاتصالات بيعتواوالهديا استعمالها ممكن يوم في النت والكارت زي ماهوبحاله الرجاء الإصلاح وارسال رسالةةبعد كل مكالمة او استعمال نت وشكرا تحياتيلكمجميعا/ مصر,Positive
d5914eed-6007-43c3-953e-afe4954e2cb6,Vodafone Egypt,Telecom,5,2026-09-14,محمود,Positive
f8a7f72f-6b6a-4930-b4f2-7a61ad3b6551,Vodafone Egypt,Telecom,4,2026-09-14,شكرا,Positive
3c49ac8b-7381-4b63-9393-65f39d304678,Vodafone Egypt,Telecom,5,2026-09-14,محمود صالح,Positive
7662314f-b993-4ea9-93f9-b89df4b52fcc,Vodafone Egypt,Telecom,1,2026-09-14,تطبيق اصبح سيء جدا وهذا ما ذكرته سلف وانا بدخل ببيانات الهاتف تمام ورقم الخط اللي مسجل عليه المحفظه هو خط التليفون المشكله من الابلكيشن نفسه مش من عندي خالص شوفوا حل,Negative
89079d41-f84e-4fd9-a304-6bf1595c62a8,Vodafone Egypt,Telecom,5,2026-09-14,صلي على النبي,Positive
383ef3dd-0ed6-4e43-a1bc-5d9f8cce9a73,Vodafone Egypt,Telecom,5,2026-09-13,جميل بس الجيجا مره واحدة بس زي الفل,Positive
8392ede4-9825-435c-ba53-a920873d3c64,Vodafone Egypt,Telecom,5,2026-09-13,حلو,Positive
ab20de4b-b2cf-4396-9828-e2415e43975b,Vodafone Egypt,Telecom,1,2026-09-13,برنامج بقي مقرف و متخلف مش عايز يعمل اي حاجة كل حاجة حدث خطأ حدث خطأ حدث خطأ عملت كل حاجة مسحت البيانات و مسحته هو و نزلته تاني بقي مقرف اوي,Negative
1a8b4de3-1cb8-4b39-ae2c-f23a2aa8019d,Vodafone Egypt,Telecom,5,2026-09-13,ممتاز,Positive
e4acea41-7a9d-4266-80e6-70ef32222645,Vodafone Egypt,Telecom,5,2026-09-13,حجازيه محمد,Positive
76f09e0d-b1f1-4d70-b943-f2e15ace016b,Vodafone Egypt,Telecom,2,2026-09-13,اولا مفيش ممكن تشحن كارت فودافون من ع التطبيق غير بالمحفظه وانا معنديش ع المحفظه وده خطاء كبير لازم يتعمل زي باقي الشركات زي اورنج متوفر كل شي تشحن كروت شحن ورصيد بالكرت اللي بشتريه من المحلات مش من ع المحفظه تانيا مفيش هدايا وحتي لو في هدايا قليلا جدا ومتكملش يومين وده خطاء اخر فادح ومفيش اصلا وكمان في أخطاء كتتير في التطبيق لازم تعملوا كده عشان نرجع نثق فيكم أو كله هيسيب الشركه المستخصره فينا دي وتكمل مع اورنج أو اتصالات ويرجي الرد وشكرا ويرجي اخد كلامي ع محمل الجد لان الناس هتجيب منين,Negative
52140e5a-af1c-455c-a6b4-67677f97d912,Vodafone Egypt,Telecom,1,2026-09-13,عن تجربه خدمه سيئه جدا الانترنت سيء للغايه .... شركه حراميه,Negative
16b3dad4-7211-4506-b2ec-632ce8a14dd7,Vodafone Egypt,Telecom,5,2026-09-13,تمام,Positive
8ff5d352-f9c1-4ca2-bf63-da505eeefdd3,Vodafone Egypt,Telecom,1,2026-09-13,بعد ما قعدت ساعه في الفرع عشان افعل المحفظه وامشي القيها مشتغلتش اكلم خدمة العملاء وارجع للفرع يقولوا اشتغلت اجرب القيها مشتغلتش ولا موظفين نفعين ولا خدمة عملاء نافعه نجيبكم مين يشتغل هلغي خطوط ومحافظ بتعتي منكم لله قرفتوني,Negative
e659694b-18d5-4dab-9533-32d84e115a0e,Vodafone Egypt,Telecom,5,2026-09-13,حلوة,Positive
79eb2891-3eff-4ad1-9b0a-918afc006bb8,Vodafone Egypt,Telecom,4,2026-09-13,التطبيق حلو بس لو ضفت له عجله حظ وحدات ونت هتبقى جميله,Positive
2012bd17-72fb-499a-911d-b223aa763f3d,Vodafone Egypt,Telecom,5,2026-09-13,علي,Positive
a3785a0c-80a5-461c-acd1-a20b7379932c,Vodafone Egypt,Telecom,1,2026-09-13,سئ تطبيق سئ شركه سيئه الله ينعلكم,Negative
2817fcf7-92d0-4b57-9445-b0eae3e41c42,Vodafone Egypt,Telecom,5,2026-09-13,الكينج للتصميم مرحبا مليون دولار أمريكي في الزباله خدوها وربوها لما كبرت طلعت من البيت الساعه ٣الفجر يحميك انتا وختك,Positive
b291e201-b149-408c-847b-efc4e5d156ff,Vodafone Egypt,Telecom,1,2026-09-13,وحش جدا,Negative
fd113aa0-5202-4dad-a4e5-e07ea12673a8,Vodafone Egypt,Telecom,5,2026-09-13,جيد,Positive
90f3a78e-5ba3-49f2-97c9-d00e3b9e6c95,Vodafone Egypt,Telecom,5,2026-09-13,جيد جدا جدا وشبكة سريعة الله الوكيل ولاكن الرصيد بيخلص بسرعة 😁تعديل الان الشبكة ما بتشتغل في منطقتي غير بليل,Positive
e81b2c3b-f485-4083-8bc1-95efc5a1f4d3,Vodafone Egypt,Telecom,4,2026-09-13,ليه التطبيق انا فودافون مش بيفتح من خلال الواى فاى. بفتحه عن طريق الداتا. ولما ارجع للواى فاى التطبيق بيقفل تاتى رغم انه كان شغال على الواى فاى عادى,Positive
b47ca8cf-f990-4882-9ea0-0afa342a2597,Vodafone Egypt,Telecom,1,2026-09-13,مكالمات الواى فاى كولينج مش شغاله عندى والفون والشريحه بيدعمو,Negative
dac19df6-02ce-4860-b2b7-b93f5a120903,Vodafone Egypt,Telecom,5,2026-09-13,ظمنمنن,Positive
01360179-199d-4745-9cab-648e566d7a4c,Vodafone Egypt,Telecom,5,2026-09-13,جميل جداً وسهل الاستخدام,Positive
f5df0874-205d-48f9-b6b6-930661c454ce,Vodafone Egypt,Telecom,5,2026-09-13,تطبيق ممتاز ياخد 10نجمات مش خمسه,Positive
c2f35e06-954c-4374-9c58-0d73e59e9953,Vodafone Egypt,Telecom,5,2026-09-13,ياريت ايصال تحويل فودافون كاش يبقا بدون رسوم الخدمه زي قبل التحديث كان افضل بكتير,Positive
74955eaf-2100-4733-89e2-fead9ef9de1b,Vodafone Egypt,Telecom,4,2026-09-13,،🥰🥰🥰🥰,Positive
4f438e41-06c5-4d62-b132-f77298e91d3f,Vodafone Egypt,Telecom,1,2026-09-13,مش بيتسبت بسرعه وها اديه نجمه واحدة,Negative
52f99550-fa60-496c-832e-53f61e0a84af,Vodafone Egypt,Telecom,5,2026-09-13,شكرن,Positive
cc164b1b-8add-4677-871d-47e406709f6e,Vodafone Egypt,Telecom,1,2026-09-13,،،،. ؤ،يير، :'( (^_-) (^_-) (^_-) (^_-) :'( :-$ :-$ :3,Negative
c38a485f-4859-4b5a-a3f2-e9d081f66a09,Vodafone Egypt,Telecom,2,2026-09-13,بقي في مشاكل كتير في التطبيق خصوصا الكاش,Negative
53e24afe-dadb-4d0b-b7ee-d11829a86a6b,Vodafone Egypt,Telecom,5,2026-09-13,ممتازة,Positive
6ebfd663-5701-48d5-9810-99877c76d2af,Vodafone Egypt,Telecom,1,2026-09-13,Android 11وبيقول غير متوافق مع جهازك,Negative
3f992a58-629b-4851-8cde-2bc224e231b5,Vodafone Egypt,Telecom,5,2026-09-13,جميل,Positive
a4048a7e-3faa-41c9-b504-212c99cecb5b,Vodafone Egypt,Telecom,5,2026-09-13,"خدمه العملاء ممتازة وأفضل من ممتازة في اي مشكله بيساعد علي طول علي حلها ويقدم افضل خدمه للعميل شكرا انا فودافون ""تطبيق ممتاز وخدمة رائعة جداً! التطبيق يسهل إدارة الخط وشحن الرصيد ومتابعة الباقات بكل سهولة وبدون تعقيد. الواجهة واضحة وسريعة، وعروض (فودافون كاش) والهدايا اليومية ممتازة. شكراً لفريق الدعم على الاستجابة السريعة والتطوير المستمر.""",Positive
b035da4a-213e-4715-a150-70d01501e9fd,Vodafone Egypt,Telecom,1,2026-09-13,بقي زفت ويهنج لما افتح الكاش او الدفع وميقبلش اي شىء,Negative
a036d3ef-c415-439f-9ad2-a944701520bf,Vodafone Egypt,Telecom,2,2026-09-13,تطبيق جميل ولاكن عند ايداع اموال من الفيزا لمحفظة الكاش يقول حد خطا والبينات صحيحه ارجو حل هذه المشكله,Negative
aa611704-73c3-4f7f-bc3b-69c0b05c77b4,Vodafone Egypt,Telecom,1,2026-09-13,فودافون فون كاش مابيفتحش,Negative
6b6c8794-45cb-46b5-9442-e7dec37349f3,Vodafone Egypt,Telecom,2,2026-09-13,فضلا محتاج إجابة منطقية ليه لما اكون عايز اعمل اي معاملة لازم ادخل ببيانات الخط انا مقيم خارج مصر وبالتأكيد مش هشغل النت على الخط بالإضافة إلى مشاكل في تشغيل التطبيق لنفس السبب ليه لازم فودافون ممكن إجابة ‼️,Negative
f5f0efea-a830-4050-ba23-d16fde906e95,Vodafone Egypt,Telecom,5,2026-09-13,حسام,Positive
37e54a06-8f00-4123-9c8a-b3d4fa9b6c8d,Vodafone Egypt,Telecom,1,2026-09-13,ياعني ايه اشحن و يتخصم مني المبلغ و يقولي تم و ميجليش اي وحدات,Negative
8b62008d-70ce-4a33-8eed-b076eff6f560,Vodafone Egypt,Telecom,5,2026-09-13,ممتاز,Positive
ed16283b-d912-4b4f-8254-73dc0e9f4ae1,Vodafone Egypt,Telecom,5,2026-09-13,ممتاز,Positive
02435081-fb73-4fb8-96b7-eca0e2dba597,Vodafone Egypt,Telecom,5,2026-09-13,ممتاز جدا ومفيد,Positive
3632cb18-2fa5-4591-8d73-28d57ebe637b,Vodafone Egypt,Telecom,5,2026-09-13,انا حبيت فودافون,Positive
1cf7d06b-1fe6-46c6-b5ea-757c2a080044,Vodafone Egypt,Telecom,5,2026-09-13,حلو اوووووووووي,Positive
2b12205d-e4fc-41cb-9550-e148d5417d94,Vodafone Egypt,Telecom,5,2026-09-13,مفيد جدا,Positive
878e87b3-9a19-4f59-bbfd-6c3e424e3e23,Vodafone Egypt,Telecom,5,2026-09-13,سهل,Positive
a98fa537-84b9-41b4-8283-c8a2746726bb,Vodafone Egypt,Telecom,5,2026-09-13,ممتاز جدا جدا,Positive
9778d069-341b-454d-9ab3-1ac47d773950,Vodafone Egypt,Telecom,1,2026-09-13,يعني اي لما افتح اي حاجه يقولي حاول في وقت لاحق؟ تطبيق بقي زفت خساره النجمه,Negative
d2d159ac-e4e0-47c0-8de6-4ad923ce1514,Vodafone Egypt,Telecom,5,2026-09-13,عطيه الحبوني,Positive
e321e6d2-df87-4869-b25a-472b9a60047c,Vodafone Egypt,Telecom,5,2026-09-13,خدمه ممتازه جدا,Positive
297f65b7-7d23-4a62-89f6-bb21135760d8,Vodafone Egypt,Telecom,1,2026-09-13,برنامج شكرا للمكافآت كل ما افتح يقلى اشحن ب300جنيه فى الشهر او اكتر لمده ثلاث اشهر وبالفعل انا شحنت الثلاث شهور اللي فاتوا والبرنامج لحد الان مصمم على اللى هوه فى,Negative
3aacb33c-7e68-4545-9063-65b0a0bba490,Vodafone Egypt,Telecom,2,2026-09-13,سي جدا مفيش اي تحديث على طول المحاوله غلط حاول مرة أخرى,Negative
dabb73c8-4707-4f1e-8eec-11bcd3412997,Vodafone Egypt,Telecom,1,2026-09-13,streak واقف علي يوم 14واحنا بنعمل تسجيل يومي بس الرقم ثابت علي يوم 14ومبيتغيرش غير أن الابليكشن كل ما اعمل أي حاجه فيه السستم يهنج و يخرجني من الصفحة مع عباره حدث خطاء اتمني المشكله تتحل ف أسرع وقت,Negative
cfbced8b-b1d2-426c-a46f-b430c3a424bf,Vodafone Egypt,Telecom,5,2026-09-13,٥٠٠ج,Positive
b353cd7d-ff38-4552-bb90-249a92f1381e,Vodafone Egypt,Telecom,1,2026-09-13,تطبيق انا فوان مش راضي ينزل,Negative
83b7b4a6-696a-4ee1-b95a-ee6cbd80aa89,Vodafone Egypt,Telecom,5,2026-09-13,جميل جدا جدا جدا,Positive
1c69fc5a-1a99-462b-9e94-15a01c1489db,Vodafone Egypt,Telecom,5,2026-09-13,ممتاز في كل حجه,Positive
f3d7c840-19ee-45d9-ae11-40c88567b402,Vodafone Egypt,Telecom,1,2026-09-13,مهبء٨٧تة٧٥ي😘😅🤪🤪❤️,Negative
7ec0605b-e681-4899-8f7b-509efe4abb9d,Vodafone Egypt,Telecom,5,2026-09-13,كانت. مفيده 👍👍👍♥️,Positive
b640139b-d3fc-436f-9672-9edc0cb40f35,Vodafone Egypt,Telecom,5,2026-09-13,ممتازه,Positive
075d4206-80a0-47dc-8447-791e211baefb,Vodafone Egypt,Telecom,1,2026-09-13,تطبيق سيئ جدا جدا جدا,Negative
1300e6bc-bc1c-4525-ad46-5e0707973c0d,Vodafone Egypt,Telecom,5,2026-09-13,جيد,Positive
1a0e1354-63c6-4188-aec9-1a59de73d361,Vodafone Egypt,Telecom,5,2026-09-13,محمد,Positive
2a62ee17-26f7-4276-b85c-0c12eec9870c,Vodafone Egypt,Telecom,1,2026-09-13,شركه حراميه مبديش هدايه,Negative
9d189c6e-a775-48cb-b8ca-4341b2013308,Vodafone Egypt,Telecom,5,2026-09-13,ممتاز,Positive
edbf6f49-ccf4-409a-82c1-cd8b661ead9b,Vodafone Egypt,Telecom,5,2026-09-13,ممتاز جداً جداً حياكم الله والله المستعان,Positive
0288ac75-c53f-4dac-85c1-48c2cf385860,Vodafone Egypt,Telecom,1,2026-09-13,البرنامج بعد التحديث وقف وفودافون كاش مش شغال حتي الشحن,Negative
2c8f5268-18dc-430c-833b-fc758befb529,Vodafone Egypt,Telecom,5,2026-09-13,تطبيق جميل وحلو يا جماعه جربوه انا كسبت 200 جنيه جربوه تطبيق جميل وكله فلوسه وحدات وتكسبها من كل حاجه وعرض الصيف ده كمان جميل قوي جربوا التطبيق ده انا ادي له 10 من 10 في كل حاجه واقدر واقدر اعمل كل حاجه من عليه شوبنج وكسبت 200 جنيه جربوا التطبيق ده يا جماعه حلو قوي حلو قوي وانا كسبت 200 جنيه قسيمه شراء واجيب حاجات جربوه يا جماعه مش هتخسروا حاجه ان التطبيق ده مش هيخسرك بالعكس ده هيكسب فلوس والجواز تانيه وحدات كتيره 1000500 وكل حاجه يا جماعه التطبيق ده حلو قوي قوي قوي قوي جربوه يا جماعه وقيموه,Positive
84584866-76e2-488f-93ee-dced5afa4079,Vodafone Egypt,Telecom,1,2026-09-13,التطبيق لا يقبل الا رقم هاتف واحد ولايقبل رقمي الاخر...النسخه السابقه كانت تقبل الرقمين..وهذا مهم للغايه للمتابعه والشحن...مالحل,Negative
13fc2bdb-3e0c-438d-a17d-bd5d65e2a215,Vodafone Egypt,Telecom,5,2026-09-13,محمد اسماعيل,Positive
8bdb1970-e427-4841-932f-4212221c7437,Vodafone Egypt,Telecom,5,2026-09-13,عايزه الغي الباقه وكل حاجه من الرقم ده كل ما اشحن رصيد يخلص من غير اي حاجه ومش بعمل بيه حاجه عايزه اعؤف انا متسلفه قد اي ولا عليا كام,Positive
3f7d7b59-a2b0-4f2f-82f7-dbb844ffb84b,Vodafone Egypt,Telecom,1,2026-09-13,بقى في مشاكل ف الشحن وتفعيل الياقة بتحصل كتير,Negative
4db4ac0c-0b22-4f93-9f9f-fe36e5bcf69e,Vodafone Egypt,Telecom,5,2026-09-13,ممتاز جدااا,Positive
8fccfa9a-7f7d-4bbc-bf90-eec50c7d7c26,Vodafone Egypt,Telecom,1,2026-09-13,بقة سيئ للغاية,Negative
80b25dc5-dae7-46a8-858f-69143b714142,Vodafone Egypt,Telecom,5,2026-09-13,تمام,Positive
e1ab73dc-707a-45be-960d-fd195a6beef8,Vodafone Egypt,Telecom,5,2026-09-13,مفيد جدا,Positive
25da2c84-cdc2-4437-9b8f-c1ab9d9e3704,Vodafone Egypt,Telecom,5,2026-09-13,ممتاز جدا,Positive
47989456-5fbb-4719-b3b1-1664b19ea4c3,Vodafone Egypt,Telecom,4,2026-09-12,يجيب نت ببلاش وحلو تجربه بما اظن و,Positive
19a5eb67-83df-4582-93d6-bc56a7770ef6,Vodafone Egypt,Telecom,1,2026-09-12,سئ,Negative
7fd6283a-05c0-42d3-a843-7d4a06ac3d77,Vodafone Egypt,Telecom,5,2026-09-12,برنامج تمام,Positive
ee8acdb2-8554-48fa-aa00-2653111bc453,Vodafone Egypt,Telecom,1,2026-09-12,والله بقا وحش خالص لا عروض و الشبكه بقت ضعيفة,Negative
0d878a6d-3bc7-4170-adb6-497461208da4,Vodafone Egypt,Telecom,5,2026-09-12,ممتاز,Positive
bd0df0e8-4d1c-4a94-af1a-7dd0bc655a7c,Vodafone Egypt,Telecom,3,2026-09-12,موظفين خدمة العملاء ممتازين في التعامل لكن مش قادرين يحلوا مشكلة خصم الرصيد تحت مسمي ( رسوم فتح باقة ),Neutral
56c2b6a9-4264-460b-8aea-d130fd0b7afc,Vodafone Egypt,Telecom,1,2026-09-12,برنامج فاشل ومنظومة حتى خدمة العملا تحاول ارضاء العملاء ببدون حلول واقعية . سرقة الباقات علنى نصب واتمنى ان كل الناس تحول لاى شبكة اخرى والله حتى الرد فاشل هههههههههههه,Negative
4e21c844-a168-442c-89fe-7024c71d8ef9,Vodafone Egypt,Telecom,1,2026-09-12,علي عيد محمد,Negative
7db094ed-f600-4d55-b19f-0b12c6e4bc95,Vodafone Egypt,Telecom,5,2026-09-12,الوووووو,Positive
170ea1a0-4956-4b67-b4f4-b6642256d073,Vodafone Egypt,Telecom,5,2026-09-12,ممتاز,Positive
5da0f97b-f81e-4966-b934-b014e8324781,Vodafone Egypt,Telecom,1,2026-09-12,فودافون كاش لا يعمل نهائيا معي,Negative
fe662e5c-9fa0-4ec9-830c-2378506b2072,Vodafone Egypt,Telecom,5,2026-09-12,ممتاز,Positive
8c8c6d45-2402-4f36-be87-654c7c3aab4a,Vodafone Egypt,Telecom,5,2026-09-12,كويس وسهل الاستخدام,Positive
700344d2-24cd-40d4-b038-2a497e47d7ff,Vodafone Egypt,Telecom,5,2026-09-12,تمام,Positive
ae2c0eed-d7e2-4331-80db-207fab1cb2e7,Vodafone Egypt,Telecom,5,2026-09-12,التطبيق لا يتم تحديث البيانات تلقائيا حتى اخرج منه ثم أعبد الدخول وهذا منذ أخي 4او5 تحديثات,Positive
2c745da1-43bb-4efc-b4c7-958dc7a15aed,Vodafone Egypt,Telecom,5,2026-09-12,احمد عبدالله محمد,Positive
62872bf5-7419-4bc2-b67d-90720bba3ed8,Vodafone Egypt,Telecom,5,2026-09-12,جميييييييييل جدا,Positive
5773bed2-6ddc-4d95-bd42-96e292099559,Vodafone Egypt,Telecom,5,2026-09-12,حلوه,Positive
cc9d9606-0116-4ea5-8eff-601bbeaada65,Vodafone Egypt,Telecom,5,2026-09-12,تمام,Positive
fc1481dc-5367-4a9a-ac50-c62b61f49611,Vodafone Egypt,Telecom,5,2026-09-12,اجمل طتبيق,Positive
087d3aa3-b5ec-4e82-89ee-a4cd75e13561,Vodafone Egypt,Telecom,2,2026-09-12,بواجه مشكله بيديني يستمر التطبيق في التوقف ولما دخلت علي موبايل تاني بفتح فودافون كاش مالق عن جاري التحميل برجاء الانتظار,Negative
007a7fc8-39a0-413c-bef1-fe0ade09e58d,Vodafone Egypt,Telecom,5,2026-09-12,ممتاز,Positive
24c7cfca-f694-430b-b7dc-7e37c1023c46,Vodafone Egypt,Telecom,1,2026-09-12,عيب لما شركة كبيرة بحجم فودافون وتطبيقا سئ ولما بدخل عشان اسجل أو احول اموال التطبيق بيقف,Negative
30627400-aeac-4f17-bf20-c3f7e58366e0,Vodafone Egypt,Telecom,5,2026-09-12,جميل,Positive
b5d693bc-7dd8-4d43-abf2-d5337d95813f,Vodafone Egypt,Telecom,1,2026-09-12,معلق,Negative
4108a880-7ed2-4be5-ae99-f31513def218,Vodafone Egypt,Telecom,3,2026-09-12,مش بقي بفتح بيقولي خط ارجو المساعده ف اقرب وقت,Neutral
8b36d6bc-ebdd-442f-94f6-a987dbd23735,Vodafone Egypt,Telecom,5,2026-09-12,تطبيق رائع به كل ما احتجه,Positive
d30897be-87a7-42bd-8959-966edd820aa8,Vodafone Egypt,Telecom,4,2026-09-12,اني رحت اسجل التول مره وحطيت رقم تلفوني و ما ارسل الكود شنو اعمل,Positive
4fa8f7b2-2835-472b-9a03-623dabd0bcdd,Vodafone Egypt,Telecom,1,2026-09-12,"للأسف، أصبح التطبيق سيئاً جداً. أي خيار أحاول الضغط عليه تظهر مباشرة رسالة حدث خطأ""، وهذا أمر مزعج للغاية ويؤثر بشكل كبير على تجربة استخدام التطبيق. نأمل معالجة هذه المشكلة في أقرب وقت وليه ما بيعمل عن طريق الواي فاي",Negative
6c716884-5a89-421c-9f3b-37b97c2e4ecb,Vodafone Egypt,Telecom,5,2026-09-12,تمام,Positive
21307f0a-eba2-4834-8502-0e8b4037369d,Vodafone Egypt,Telecom,1,2026-09-12,ازبل شركه,Negative
68e31079-2625-48b2-a725-65a233afd8ab,Vodafone Egypt,Telecom,4,2026-09-12,تم الاهتمام بملاحظاتى شكرا ڤودافون تطبيق عملى ويهتم بكل شرائح العملاء,Positive
55867dbf-eaf0-414e-ab73-1a7246130e99,Vodafone Egypt,Telecom,1,2026-09-12,تطبيق سيء جدا اسوء حاجة ممكن تستخدمها وخصوصا التحديث الجديد تعديل فى كل مرة لتحويل أموال لازم ادخل وامسح اى تحديث للبرنامج علشان اعرف ادخل للأسماء تطبيق لا أتمناه لاعدائى تعديل التحديثات سيئة جدا لازم تتمسح كل عملية كاش لو فى اقل من نجمة كنت اعطيتها,Negative
e1edc17d-40d6-4c2d-bc78-a2e8a9c9a092,Vodafone Egypt,Telecom,5,2026-09-12,جيدا,Positive
4961261f-929a-4ac3-a13a-5dc72997da3d,Vodafone Egypt,Telecom,5,2026-09-12,تمام,Positive
1fe522f5-6431-43cc-af45-7e80ee0b7082,Vodafone Egypt,Telecom,5,2026-09-12,جيد جدا,Positive
bd33fd35-3d5f-46a8-911a-fe8707020190,Vodafone Egypt,Telecom,1,2026-09-12,مش فاهم يعني ايه لازم نت عشان افتح البرنامج اجدد منو النت,Negative
de3acdad-08a2-40ee-bb9d-17792b6ea9ee,Vodafone Egypt,Telecom,1,2026-09-12,سيئه للغايه,Negative
812d3adc-952e-4990-9740-ef51da73df54,Vodafone Egypt,Telecom,5,2026-09-12,حلوه اوي,Positive
d69b27de-a37d-4a7f-8ff6-c45532885441,Vodafone Egypt,Telecom,1,2026-09-12,لا انصح احد بالتعامل مع الشركه نهائيا تقوم الشركه بسرقتك مع خدمه موظفين فاشله جدا,Negative
776d8562-825e-4d40-901e-d194ebc6da38,Vodafone Egypt,Telecom,1,2026-09-12,الشبكه اصبحت اسوأ شبكه موجوده,Negative
d927cb01-796c-4f4a-acc4-bd8c18fdf02b,Vodafone Egypt,Telecom,5,2026-09-12,اسهل في تحويل الفلوس,Positive
adadc2fe-73c5-4710-a25d-05d516293b39,Vodafone Egypt,Telecom,1,2026-09-12,هو ليه برنامج شكرا للمكافأت مش شغال بقاله فترة عند ناس كتير مع العلم انى بشحن اكتر من 1500 جنيه شهريا,Negative
e29253ad-a54f-4a3e-9c81-0b3235c8e888,Vodafone Egypt,Telecom,1,2026-09-12,التطبيق بيعلق جااااامد ولازم احذفه واحدثه ليه,Negative
9e634c97-4509-41ba-89f5-61382a75e8d5,Vodafone Egypt,Telecom,5,2026-09-12,ممتازه,Positive
c273d2cc-9d50-400a-a41d-956ee92ab5cf,Vodafone Egypt,Telecom,5,2026-09-12,جيد,Positive
ca049a63-346d-4be3-bc53-031d0017eae8,Vodafone Egypt,Telecom,5,2026-09-12,نرجو تحسين التطبيق وتطويره وإصلاح الأخطاء،،،،، هناك أخطاء طبعاً لو شافها أي مستخدم هتبقى واضحة، وخلو خيارات كتيرة لتفصيل العروض في صفحة (فصل عروضك على مزاجك).,Positive
16c88f85-8841-46c0-9018-045e33fb7906,Vodafone Egypt,Telecom,3,2026-09-12,جميل جداً,Neutral
1d96a3e0-a136-469c-b9d3-2a4b23d72e4b,Vodafone Egypt,Telecom,5,2026-09-12,كويس جدا بس بتمنا من خدمه العملاء إنها تكون سريعت الرد آنا بقالى اكتر من ساعه بحاول اتواصل معاهم,Positive
cc230ce2-ee82-4016-ba7b-1ac087323721,Vodafone Egypt,Telecom,5,2026-09-12,سهل وجميل,Positive
27e21b26-7b40-4c5d-a753-d811306dd987,Vodafone Egypt,Telecom,1,2026-09-12,التطبيق في مشكله كل ما خش يظهرلي فودافون DSL او شحن كرت فكه او فودافون ريد او فليكس الغي التثبيت وحمله بردو نفيش تغير مش عارف اعمل ايه,Negative
0b4e70f3-9c55-42d0-8d78-a4767172eca3,Vodafone Egypt,Telecom,5,2026-09-12,في مشكله في فوادفون كاش,Positive
934320c2-7cdf-4225-baeb-251933a0aa7c,Vodafone Egypt,Telecom,3,2026-09-11,لسه اجرب البرنامج,Neutral
43262662-726b-4343-b365-49f7d7778f0c,Vodafone Egypt,Telecom,5,2026-09-11,احلى شبكة,Positive
d6ad683f-4699-4418-9cb5-8897893ef818,Vodafone Egypt,Telecom,3,2026-09-11,التطبيق غير سريع,Neutral
7e7048cb-4bb4-40ea-a0ae-def85c60e726,Vodafone Egypt,Telecom,1,2026-09-11,معامله سئ جدا خدمة غير حلوة خالص,Negative
465bfe5a-cf17-403d-a33b-2f68b78ff795,Vodafone Egypt,Telecom,5,2026-09-11,لا استطيع الحصول علي هدايا,Positive
e26f068a-eadf-4fd1-91a3-0294ae298df2,Vodafone Egypt,Telecom,1,2026-09-11,جميل,Negative
19b8670a-f2d8-49b2-a8dc-507c67881985,Vodafone Egypt,Telecom,5,2026-09-11,ممتاز,Positive
ce0305b4-958e-498b-9190-98d1317c1e59,Vodafone Egypt,Telecom,5,2026-09-11,كل مرة يقولي فشل في التسجيل مع اني مشترك منتهي الفشششششل,Positive
72c0a6d1-2d74-4979-a61e-2043f343fe8f,Vodafone Egypt,Telecom,4,2026-09-11,المفروض يكون نظام الشحن بالكارت فى سكانر لتصوير كارت الشحن زي تطببق اورانج كده عشان يبقي أسهل وبرنامج شكرأ للمكافأت مش بيفتح,Positive
4a1697ab-a3ee-45d4-8c46-05203f6c0c09,Vodafone Egypt,Telecom,5,2026-09-11,منتز,Positive
162cdb09-03ba-4056-8b77-30c2c3f42421,Vodafone Egypt,Telecom,5,2026-09-11,Excellent,Positive
e657f920-c8c3-4fcb-a639-0d742f38ada7,Vodafone Egypt,Telecom,5,2026-09-11,جميل,Positive
5f4fc7d9-1c2f-44b2-aa16-91757ad7bbf2,Vodafone Egypt,Telecom,1,2026-09-11,اصلان كلو نصب علي الناس,Negative
49ef9005-d5b8-45b5-8c64-22d3b5fa8fed,Vodafone Egypt,Telecom,5,2026-09-11,واجهة فودافون كاش عندما ادخل عليها تفتح ولاكن الصفحة لا تستجيب ابدا للمس ارجو حل هذه المشكله لانها عندي من فترة طويلة وايضا حتى عندما اذهب لأشحن رصيد ادخال كلمة السر لا تستجيب للمس ايضا,Positive
8d612f8f-89bd-4cb9-b672-f0aa9d01a195,Vodafone Egypt,Telecom,4,2026-09-11,ممتاز,Positive
a138639a-801b-4f2b-a2e0-5d0ea26cadb9,Vodafone Egypt,Telecom,5,2026-09-11,جميل جدا,Positive
0ab717e7-3c98-44df-9359-f38695c1ad68,Vodafone Egypt,Telecom,5,2026-09-11,جيد جيد,Positive
28c84c34-4829-4c5f-afca-b139e1831917,Vodafone Egypt,Telecom,5,2026-09-11,مرحبا فودافون مرحبا فودافون,Positive
1543bbd2-be0e-4f1e-91de-52369c520700,Vodafone Egypt,Telecom,3,2026-09-11,ليه لايشتغل فودافون كاش من خارج مصر؟ جميع تطبيقات البنوك في كل الدول تقريبا بتشتغل من اي مكان في العالم,Neutral
aa121f96-fe1a-480e-bda1-4c684d719c76,Vodafone Egypt,Telecom,1,2026-09-11,محتاجين إنترنت غير محدود,Negative
6f65b66a-80ac-449f-9dfa-2c372e82f8a0,Vodafone Egypt,Telecom,5,2026-09-11,ممتاز,Positive
2d4e102c-a469-44d7-8bc9-73d1aa0aebc5,Vodafone Egypt,Telecom,5,2026-09-11,تمام,Positive
f98b4875-0829-49e5-a87c-b6c473286744,Vodafone Egypt,Telecom,3,2026-09-11,هوا حلو لكن محتاجين تعالجو مشكله التعليق و ان التطبيق نفسو بيعلق كتير لازم تعالجو الخلل ده لكن غير كده التطبيق حلو ماشي حالو,Neutral
8f1c438b-3199-4697-a827-8cf5d3b416da,Vodafone Egypt,Telecom,1,2026-09-11,في مشاكل كتير,Negative
7e9dd362-f66f-48f6-9914-beb494220020,Vodafone Egypt,Telecom,5,2026-09-11,مثالي,Positive
50877a20-635f-4f49-a1fd-dbf85d969b6c,Vodafone Egypt,Telecom,1,2026-09-11,بيعلق ووحش,Negative
04f7cf26-9465-4c1e-84f7-3de4c0618b94,Vodafone Egypt,Telecom,5,2026-09-11,هذا التطبيق جيد جداً,Positive
5752631d-2146-419e-bc62-77b4679bd745,Vodafone Egypt,Telecom,5,2026-09-11,شبكه جميله جدا,Positive
491b93a9-8972-4d46-8c3d-1a6519edcfef,Vodafone Egypt,Telecom,1,2026-09-11,شركة حراميه والله العظيم,Negative
d17a67f4-569a-4e51-abd8-1ed7cf6b1eb9,Vodafone Egypt,Telecom,5,2026-09-11,تمام,Positive
407f97d1-ca55-4d48-a4c6-7fec5a3585b2,Vodafone Egypt,Telecom,1,2026-09-11,لدي مشكلة في خدمة بيانات الهاتف على شبكة Vodafone. الإنترنت يعمل بشكل طبيعي على Chrome، ولكن Google وGemini وGalaxy Store لا تعمل عند استخدام بيانات Vodafone وتظهر رسالة عدم وجود اتصال بالإنترنت.تم تجربة شريحة Vodafone على هاتفين Samsung مختلفين A36 وA12، وظهرت نفس المشكلة. كما تم تجربة شريحة Etisalat على هاتف A36، وعملت Google وGemini وGalaxy Store بشكل طبيعي. تم تغيير شريحة Vodafone مرتين بالفعل، وتم التواصل مع خدمة عملاء Vodafone واتباع جميع خطوات استكشاف الأعطال، دون حل. أطلب فحص المشكلة فن,Negative
c80b93ef-f233-48d2-9a8c-3b95b6cb7b65,Vodafone Egypt,Telecom,1,2026-09-11,الشركة أصبحت طماعة الباقة يوم 28 حتى لو فى نت. بتخلص وحدها بدون استخدام هوا الشهر بقى 28 يوم من امتى حسبى الله ونعم الوكيل,Negative
f44e3d6c-6b90-42cc-a4d6-faf37dde7ea1,Vodafone Egypt,Telecom,5,2026-09-11,جيدا جدا,Positive
67613b89-5614-4185-acf6-8f4fb0bd5c3b,Vodafone Egypt,Telecom,5,2026-09-11,احسن برنامج في العالم,Positive
3a8a17f3-57f6-454c-9337-c321bbc1b291,Vodafone Egypt,Telecom,1,2026-09-11,شركة سيئة جدا والرصيد بيتسحب من الخط,Negative
7c12c768-06d0-4aff-9716-4b636a0e1244,Vodafone Egypt,Telecom,1,2026-09-11,البرنامج بيعلق كتيييييييير,Negative
ccc649a1-f183-48a9-aab8-c27682373e59,Vodafone Egypt,Telecom,5,2026-09-11,الف شكر بعد التحديث الجديد رجع كل شئ كما كان وأصبح التنقل بين الحسابات من الداخل وليس بالخروج من التطبيق,Positive
29ed7ee7-833e-417c-8a22-7ebb9613245a,Vodafone Egypt,Telecom,5,2026-09-11,ممتاز ممتاز ممتاز ممتاز ممتاز جدا,Positive
83ac8ee0-f44f-47b8-9f11-01f0f7a75f10,Vodafone Egypt,Telecom,1,2026-09-11,فودافون كاش بيعلق,Negative
dc0fd24c-c717-468e-86e1-7186f954d678,Vodafone Egypt,Telecom,5,2026-09-11,جميل جدا جدا سهل في التعامل معه,Positive
59495b2e-7fe3-42d9-b7ef-3c2dfee8196f,Vodafone Egypt,Telecom,1,2026-09-11,خدمة شحن الرصيد من فيزا البنك الي فودافون مش شغاله,Negative
cd46a89b-b329-47a0-98cf-c77f32b9da46,Vodafone Egypt,Telecom,1,2026-09-11,مفيش اوسخ من كدا هما و we انترنت زباله,Negative
37ced708-4c98-4a61-8b04-bf9259e64e5a,Vodafone Egypt,Telecom,5,2026-09-11,جيد,Positive
7bc4fb14-37a8-4a73-9f22-3f45e9126612,Vodafone Egypt,Telecom,5,2026-09-11,ممتازه,Positive
26fb0240-deb6-444c-8847-5f334ec0fa24,Vodafone Egypt,Telecom,1,2026-09-11,كيف اصبح البرنامج غير متوافق مع جهازى كدا بدا الشركات بتقوم بالتحديثات عشان المواطن يشترى جهاز تليفون احدث حسبنا الله ونعم الوكيل,Negative
d31134ed-2ea7-41bc-be42-1f3253e859df,Vodafone Egypt,Telecom,1,2026-09-11,والله حرام عليكم نزلت البرنامج ده وكل ما احاول استفيد منه سواء بالشحن أو تحويل الاموال يقف ولا يتقبل أى إجراء مسحته اكتر من اربع مرات ونزلته مفيش فايده وحاولت أتصل بخدمه العملاء يطلب شحن رصيد والمحفظه مش عايزه تشحن حرام عليكم حرام حرام حرام حرام حرام حرام مصلحى واقفه أنا شاري منكم اكتر من عشر خطوط هوقفهم كلهم واشوف أى شركه تانيه يمكن أجد عندهم مصداقية عنكم وشكرا لكم.........,Negative
8da96358-0dc2-4197-9010-4f1b8ad7e553,Vodafone Egypt,Telecom,5,2026-09-11,ممتاز جدا,Positive
a3a7b783-e8fd-4053-830c-4ac4df61e0bb,Vodafone Egypt,Telecom,1,2026-09-11,عند فتح الحساب وتسجيل الدخول مش بيشتغل عايزه حل ضروري هذا التطبيق سيء جدا جدا,Negative
1b533391-6579-4fc5-8fff-7d297af32059,Vodafone Egypt,Telecom,3,2026-09-11,اي معامله علي المحفظه يعطيك حدث خطأ ارجو الحل,Neutral
52a1c8e2-fce3-4288-a318-944addf1761b,Vodafone Egypt,Telecom,5,2026-09-11,كل ما يخص ڤودافون هوا جميل,Positive
2735a6e3-6448-47f8-bf86-3179637570bf,Vodafone Egypt,Telecom,1,2026-09-11,للاسف تطبيق زفت كل ما اخش علي الاستريك يقلي اعاده المحاوله علطول كده,Negative
bed03968-9193-490a-971b-60b5b8770e04,Vodafone Egypt,Telecom,5,2026-09-11,محمد,Positive
62ad24ac-7bc0-455d-9dae-6b9c45600114,Vodafone Egypt,Telecom,1,2026-09-11,التطبيق وحش قووى ومش بيقدم اى خدمات دا غير انه لازم يكون عندك نت لانه بيشتغل ببيانات الهاتف تعالى بقا للسيد توبى اللى مش فاهم انا ايه لازمته اصلا توبى ده ولا بيساعدك ف حاجه ولا يعرف حاجه,Negative
0aefe4f2-00fb-4fef-9f75-ec157b9daf6f,Vodafone Egypt,Telecom,1,2026-09-11,في مشكله في التحديث الاخير التطبيق بيعمل خروج مع نفسه,Negative
a074be3d-749f-4beb-87fd-89d306c17606,Vodafone Egypt,Telecom,1,2026-09-11,جيد,Negative
c70f68c0-c4b1-43b1-855c-f98f6b556e49,Vodafone Egypt,Telecom,1,2026-09-11,ازاي التطبيق مش متوافق مع جهازي وانا جهازي اندرويد 13 Realme Note 50,Negative
4a3726b3-88b7-46d0-b3ad-b5e13940fa43,Vodafone Egypt,Telecom,5,2026-09-11,ممتاز,Positive
f9ccbca4-7cd9-49bd-a4d9-95979ba1b833,Vodafone Egypt,Telecom,5,2026-09-11,ميه ميه كويس جداً,Positive
b82fd210-5dfa-4d9d-80b4-210d4e7b9766,Vodafone Egypt,Telecom,5,2026-09-11,تطبيق رائع بس باستمرار حدث خطأ دي مشكله الشركه برجاء وضع حل سريع وتغير عروض الفلكسات مع كتر الشحن لكل عملاء انا فودافون كاش دقائق فلكسات عاوز عرض مفتوح شحن كل شهر,Positive
04a773b1-aaf7-494a-b3fe-a2042624cc74,Vodafone Egypt,Telecom,5,2026-09-11,جدآ جدآ جدآ,Positive
7114dcf9-d71a-4e25-adc0-7721fa19f9a4,Vodafone Egypt,Telecom,5,2026-09-11,جيد جدا,Positive
c546e59e-aeaa-4695-a450-a216d49e82b7,Vodafone Egypt,Telecom,5,2026-09-11,كويسه,Positive
a4d96866-0a2b-4081-b3e7-aba912d5b53b,Vodafone Egypt,Telecom,5,2026-09-11,مش عارفة اشغل التطبيق اواحمله,Positive
58a2d000-b8ea-480d-a5cd-3aa801469d5e,Vodafone Egypt,Telecom,1,2026-09-11,بطلو تعريص,Negative
f64a0b74-1bfa-4299-992d-c135453e7bb7,Vodafone Egypt,Telecom,5,2026-09-11,👍,Positive
526c5bea-ecdb-4897-85f5-0fb4de5e5c2b,Vodafone Egypt,Telecom,5,2026-09-11,كويس ممبيني من قبل وزارة هقق خ ير ثثث ثم دخلت ث ث في عشر من شهر ثم بعد المواجهة التي من الممكن ان تكون على علم بما لا يقل عمر عبد الله محمد بن علي العجمي و محمد بشار طيور الحب من ث الله وبركاته اليوم السابع نتيجه الصف الاول الابتدائي محافظه القاهره من كاميرات ثم ث الله وبركاته اخواني الاعزاء ث ث الله وبركاته ق ق و ل عمر بن الخطاب و محمد العامر كيف يمكن من هنا وهناك ما هو جديد في ٤ث ق وخشوع من قبل بعض ث ث الله ثم قال قال قال أبو بكر ثم عمر ثم قال لها لا اله إلا الله له التوفيق و قد قام ثه ق قعق,Positive
80ac784e-c88f-4b6e-b41a-b44daecb3f92,Vodafone Egypt,Telecom,5,2026-09-11,شيكو,Positive
c06c8a68-4f74-4fe8-817d-9e2c97f7d4a1,Vodafone Egypt,Telecom,1,2026-09-11,لا لا لا وحشه اوييي بجد كانت تجربه سيا جدا,Negative
7b0b5ac8-4d9e-4fbd-be6a-25b6255586c2,Vodafone Egypt,Telecom,5,2026-09-11,تطبيق سريع ومميز خلص كل حاجه بسه,Positive
6d5d9995-d16c-40fa-9efb-399728e27713,Vodafone Egypt,Telecom,5,2026-09-11,جميل,Positive
6194c9f5-8251-498e-be60-568f880e5b9e,Vodafone Egypt,Telecom,5,2026-09-11,جيد,Positive
29078a66-724f-4963-8029-84471727d5a6,Vodafone Egypt,Telecom,1,2026-09-11,تطبيق ابن وسخه,Negative
e50f202d-6335-404a-9208-b155c11aef59,Vodafone Egypt,Telecom,5,2026-09-11,ممتاز,Positive
1e31ee97-cd49-4f6d-9f1b-ff830ff2411d,Vodafone Egypt,Telecom,3,2026-09-11,تمام,Neutral
812dc10f-315e-48e3-935e-4c222567ba03,Vodafone Egypt,Telecom,2,2026-09-11,جميل جدا واكثر من رائع,Negative
523f1711-e501-48d5-8f17-91177829b39e,Vodafone Egypt,Telecom,5,2026-09-11,محمد صلاح,Positive
ba3c3f03-28fd-4294-b4c8-c618ceb0d3f4,Vodafone Egypt,Telecom,5,2026-09-11,برنامج محترم وشركه محترمه اتشرف اني اكون عميل فيها,Positive
c8b99aa5-d232-4389-bc36-cc890b18e7ca,Vodafone Egypt,Telecom,3,2026-09-11,التطبيق بيعلق كتير و مش متاح أكلم خدمة العملاء شات من التطبيق من شوية كان عندي هدية 5250 وحدة لغاية بعد بكرا و عشان التطبيق كان مهنج اتمسحوا أتمني يكون فيه دقة و مراجعة أفضل من كدا ملحوظة أنا على ٱخر تحديث للتطبيق,Neutral
67b54111-808d-4664-88bd-13b880e66a79,Vodafone Egypt,Telecom,2,2026-09-11,عدم وضوح اوافتقار للسلاسه في التعامل مع البرنامج. اللي صممه فقط هو اللي فاهمه وبعدين فين الخربوش شركه نصابينوده طبيعي. امريكيه. فزباله,Negative
87abfee4-3627-4c04-ab7b-17c1df8b1b4c,Vodafone Egypt,Telecom,5,2026-09-11,برنامج كويس والله,Positive
1207bc06-52ee-4e1e-8565-72038f575ddc,Vodafone Egypt,Telecom,1,2026-09-11,اصبح سئ جدا كل شويه يطلب تحديث أقسم بالله كرهتونا في الشركه وأنا هارجع لاورنج تاني إيه القرف ده يجيلي رساله اشحن وهايجلك ٩٠٠دقيفه و١٥٠٠وحده اشحن مش بيجي حاجه إيه النصب ده هو حد قال لكم ترسلوا رسائل نصب بالشكل ده طالما انتم مش قد كلمتكم الواحد ندم أنه دخل علي الشركه دي,Negative
052d6c97-c201-458e-80f6-1ca96068eb03,Vodafone Egypt,Telecom,5,2026-09-11,متاز,Positive
e94f677b-5672-4c85-875f-04cd435ffbb3,Vodafone Egypt,Telecom,5,2026-09-11,جيد جداً,Positive
f6188a77-88ca-48d6-9a67-6f0aac4bedc4,Vodafone Egypt,Telecom,5,2026-09-11,تجربه فاجرة,Positive
b7bfbcb0-42ab-4d27-93d2-791b8c172360,Vodafone Egypt,Telecom,5,2026-09-10,جامد جدا,Positive
9f086a5c-60d1-4907-b280-52d0e78d9b0b,Vodafone Egypt,Telecom,1,2026-09-10,اسوء برنامج ودائما خارج الخدمه انصح بعدم التعامل معه عملت كل حاجه ولسه التحويل والشحن مش شغال,Negative
f9b3caac-8837-4415-9713-dc3b8ab4bbcc,Vodafone Egypt,Telecom,1,2026-09-10,اسوء و اوس*خ شبكه في مصر كلهم حراميه و مفيش حاجة عدله,Negative
dfb1abff-5466-43eb-b132-dd30b41adde9,Vodafone Egypt,Telecom,1,2026-09-10,التطبيق لايفتح بسهوله,Negative
7f94d72c-cf79-4f99-b98c-6eeeb5e093eb,Vodafone Egypt,Telecom,1,2026-09-10,لا يمكن الوصول الي انا فودافون,Negative
0d64ac9b-dce6-4851-85b7-441531702dbf,Vodafone Egypt,Telecom,5,2026-09-10,جيد,Positive
bfe6052d-9825-4bc6-8eee-01bbcd6f1ea9,Vodafone Egypt,Telecom,1,2026-09-10,التطبيق مليء بالأخطاء..... استخدم الداتا .... عفوا حدث خطأ,Negative
ab5c15e8-7b49-4744-b1e5-201ade3ab958,Vodafone Egypt,Telecom,5,2026-09-10,رائعه,Positive
f0469cb8-4093-42cc-9314-cde9a43384d0,Vodafone Egypt,Telecom,5,2026-09-10,ممتاز,Positive
9533baec-e71b-4a3e-8c19-0ac3d5b4aa81,Vodafone Egypt,Telecom,2,2026-09-10,important,Negative
aa86ba4d-3c1d-4b10-b1b3-da3aba636ff4,Vodafone Egypt,Telecom,5,2026-09-10,ممكن هديه مجانيه,Positive
0b3fd145-aa52-4ef1-8586-731cdec38148,Vodafone Egypt,Telecom,1,2026-09-10,خدمت العمله مش بترد كل ما اكلمهم يقولي لم نتلقي اجابه صحيحه,Negative
2f2cc1a1-917c-48a8-a857-e2966882c362,Vodafone Egypt,Telecom,5,2026-09-10,جميل جدا,Positive
7629c100-2f90-425b-a0fd-df6cfd3c0fa9,Vodafone Egypt,Telecom,5,2026-09-10,احلا برنامج ف مصر,Positive
9c8e9214-30dc-40a4-be30-70533c270131,Vodafone Egypt,Telecom,5,2026-09-10,تحفهه,Positive
cc275f7d-1dc6-421f-89da-dcfd0a38499a,Vodafone Egypt,Telecom,5,2026-09-10,تمام 👌,Positive
75e32e69-64a9-43fb-861f-c45c0ac9e168,Vodafone Egypt,Telecom,5,2026-09-10,عند استخدامي لتفعيل مكالمات الواي فاااي مع العلم الشريحه متاحه والتليفون مدعومين ومع ذلك حتي الآن لم تفعل وتظهر لي رساله ناسف ارجو حل تلك المشكله,Positive
4dbc992a-de9b-4280-ae46-9c92bd6f3af9,Vodafone Egypt,Telecom,5,2026-09-10,معرفش غير فودافون طول عمري كان إسم الشركه كيلك دائما متميز,Positive
3bac0400-59f9-4aa6-9b78-d1db3d1debc8,Vodafone Egypt,Telecom,5,2026-09-10,ممتاز جداً جداً,Positive
75caa349-c10d-4b49-85a2-1aafdf14542a,Vodafone Egypt,Telecom,5,2026-09-10,السلام عليكم انا حاليا ذهبت للفرع من حوالي اسبوع و حدثت بيانات الخطوط المسجلة باسمي و وقعت عقد الاقي رسالة بتطالبني بتحديث البيانات علي تطبيق انا فودافون دخلت و اتبعت التعليمات الاقي اثناء التحقق رسالة بحدوث خطا EKYC failed 15002 حدث خطأ في نتيجة هيئة الاحوال المدنيه ايه الحل يا ريت تصلحوا العطل او الخطأ ده و شكرا,Positive
daf805d3-3eb2-47d8-bb7e-80cd0e3b8c71,Vodafone Egypt,Telecom,1,2026-09-10,تطبيق سئ تواصل سئ خدمة عملاء سيئة مازلت عند رأيي تطبيق اهم حاجه عنده يسحب رصيدك لاكبر درجة ممكنة كذابين وحرامية,Negative
43a1fdb4-c75b-42fa-a05d-4ac04314b010,Vodafone Egypt,Telecom,5,2026-09-10,جيد,Positive
d016ea54-9d51-4dda-ae47-60c915ea9998,Vodafone Egypt,Telecom,5,2026-09-10,⭐⭐⭐⭐⭐⭐,Positive
62fe36c9-de9a-4ee9-8a15-d1bc494cfe25,Vodafone Egypt,Telecom,1,2026-09-10,سئ,Negative
fc0abb28-d9da-44c9-949a-9a9f43883690,Vodafone Egypt,Telecom,5,2026-09-10,ممتاز جداً جداً جداً ❤️😊,Positive
24908242-2a37-4f7a-bcc4-6ef3085ea138,Vodafone Egypt,Telecom,1,2026-09-10,شركه فودافون دي شركه زباله وقسما بالله بجد الا يجيب خط يجيب لاتصالات لموبينيل,Negative
c2316b60-6210-40f1-ae25-fe8b78582bf1,Vodafone Egypt,Telecom,5,2026-09-10,أخر تحديث أفتح المحفظه يجيبلي الصفحه كلها بكل خياراتها لكن أدوس على أي حاجه مابيجيبش حاجه خالص كل حاجه ظاهره عندي بس معرفش أدخل على أي حاجه التطبيق كله شغال بس أدخل على المحفظه تفتح الصفحه بس مفيش أي حاجه بتفتح,Positive
43f4a265-2ab5-4f73-ae64-077ca2607bc6,Vodafone Egypt,Telecom,1,2026-09-10,التطبيق أصبح بعد التحديث من سئ إلي سئ جدا وكل تفاصيل الباقه اختفت وحاجة بصراحه ملل وزفت,Negative
6fb7a67a-02d4-49ad-b31b-b73cfb5df089,Vodafone Egypt,Telecom,5,2026-09-10,تمام ممتاز,Positive
3058fff8-2d37-4bba-8e52-7bd81a2f23a5,Vodafone Egypt,Telecom,5,2026-09-10,تمام نتاتاللالل ناا,Positive
ce4f6133-b384-400b-a9e0-e2fac2c48855,Vodafone Egypt,Telecom,1,2026-09-10,عقيم مش كل تحويل لازم اكتب الرقم حتي الاسماء المحفوظه علي الفون,Negative
1602cd75-f14b-4ba5-a923-5aa9119dcf26,Vodafone Egypt,Telecom,1,2026-09-10,سيا,Negative
7d2282a3-b9f2-48bf-b5b7-68738e9950e5,Vodafone Egypt,Telecom,1,2026-09-10,ليه دايما في تاخير وفي مشاكل كتير بتواجهني وانا بستخدم التطبيق,Negative
0d2baa07-f5a0-4c51-ae5a-e066ca2f4166,Vodafone Egypt,Telecom,5,2026-09-10,هذا,Positive
fb74c823-c02b-4a21-bc87-d0d8b52e4e68,Vodafone Egypt,Telecom,5,2026-09-10,جميل جدا جدا جدا والله,Positive
443a75fe-961f-4c71-bd7e-f4dbc5557f89,Vodafone Egypt,Telecom,5,2026-09-10,ممتازه جدا,Positive
86464150-1dc6-457d-85e7-fc1982dd64f2,Vodafone Egypt,Telecom,5,2026-09-10,جميله وسهله الستعمال,Positive
bbb43577-3849-496f-a7ba-2c2ac8824502,Vodafone Egypt,Telecom,1,2026-09-10,مفيش تحديث البيانات بعد محدثته,Negative
c1171824-3997-47f9-b2ce-37871c2f75fb,Vodafone Egypt,Telecom,2,2026-09-10,جميل جدا,Negative
ba8553f1-fd3a-42d9-9cda-449520ceb915,Vodafone Egypt,Telecom,1,2026-09-10,ان عدلتة لهدف حاجة يارب تتظبطوو ومتعلوش اعصابنا كل ساعة فاليوم أصلها مش ناقصة تمام يعني اخر حاجة ليكم ،1-upda 2-delet save date g n حاضر لاتمام اوامر والتعليمات يبشوات احنا عين عنينا ليكو,Negative
439d142c-60fe-4bd5-a4a5-32eedf58a45a,Vodafone Egypt,Telecom,1,2026-09-10,شركة حرامية، لسه شاحنة بعشرة جنيه رصيد أخدوهم كلهم ما سبوش غير جنيه واحد، حملت التطبيق عشان اشوف فين المشكلة أو اقدم شكوى لقيت مفيش غير الاستفسارات اللي هما عاوزينها بس غير كدا مفيش تقديم شكاوي ولا اتصال بالشركة إلا من خلال خدمة العملاء اللي المكالمة فيها بتاخد كل الرصيد بردو يعني كدا كدا الرصيد رايح.. جاري إلغاء التطبيق نهائي ملوش ستين لازمة طالما مفهوش تواصل مع الشركة، وعدم شحن رصيد نهائي في الشركة الحرامية دي!,Negative
63a49eaa-ba5a-4d7d-9670-7e38db79ee08,Vodafone Egypt,Telecom,2,2026-09-10,لم تضيف الدقائق علي الكروت الاضافيه مثل قبل وهذا أحزنني,Negative
a9a164f0-0391-478e-b083-91a0153d26e1,Vodafone Egypt,Telecom,1,2026-09-10,قسما بالله العظيم اكثر تطبيق عقيم عقيم عقيييييم ، يهنج وتقيل وحاجة تقرف,Negative
d34d5f45-0032-4849-a14b-b666ad097037,Vodafone Egypt,Telecom,1,2026-09-10,فى مشكلة في التطبيق بجد مش عارف اعمل اي حاجه,Negative
2478dc15-ce84-484b-96b6-e1379e63dd6a,Vodafone Egypt,Telecom,5,2026-09-10,جميل جدا,Positive
a1c9ad53-4540-467c-b5a7-d930e9b409d7,Vodafone Egypt,Telecom,5,2026-09-10,ممتاز,Positive
763d9bac-ef08-41a0-9736-113d16e26c6e,Vodafone Egypt,Telecom,5,2026-09-10,تمام,Positive
78c8d170-f66c-44a6-bc69-a4019dfd2ddc,Vodafone Egypt,Telecom,1,2026-09-10,سيئ جداً,Negative
8d511f2c-0b84-48d2-9c99-4e0a5aaa7bf0,Vodafone Egypt,Telecom,1,2026-09-10,نوعن ما,Negative
462b87f9-21b2-476b-ab7a-9faa0d067a54,Vodafone Egypt,Telecom,5,2026-09-10,ممتاز,Positive
ff7d13e4-2f9e-4f90-881f-132355782be3,Vodafone Egypt,Telecom,1,2026-09-10,بيعلق كتير وبيقول خطأ عن أي اوردر,Negative
01267a46-7157-4443-9151-5237176722f3,Vodafone Egypt,Telecom,1,2026-09-10,تطبيق سيء جدا واحده اغير فودافون ويشتري اي خط تاني فودافون بقيت سيئه جدا,Negative
65642c21-fa86-4520-9fba-79272b0e78ca,Vodafone Egypt,Telecom,5,2026-09-10,good,Positive
81b0247a-19f3-4828-a452-ac1e888b93c8,Vodafone Egypt,Telecom,5,2026-09-10,جيد جداً,Positive
12455618-3b47-478d-ac6e-b6af0b14defb,Vodafone Egypt,Telecom,1,2026-09-10,تم اضافه إمكانية تحديث البيانات وفقاً لقرار الجهاز القومي لتنظيم الاتصالات احاول الدخول علي التحديث تيجي رسالة أن الخدمة غير متاحة ذهبت للفرع و حدثت البيانات و وقعت علي العقد فوجئت برسالة بتطلب من تحديث البيانات عن طريق أنا فودافون دخلت نفس الاشكال الخدمة غير متاحة اتصلت بخدمة العملاء الاقي الرد بالذهاب لاي فرع فودافون طب حضرتك أنا كنت في الفرع من خمس ايام يقولي روح تاني طب ازاي هل ده ينفع,Negative
23ad93aa-6403-4dee-b65e-4ad01e49fb12,Vodafone Egypt,Telecom,1,2026-09-09,البرنامج بقا زفت بدخل علشان اشوف الرصيد بتاعي مبيدخلشي خالص سئ سئ جدا,Negative
628b191b-ca82-404d-8291-42bfb39ae2ea,Vodafone Egypt,Telecom,1,2026-09-09,بقيت شركه حراميه والله مبقتوش تدور هدايا والشحن بيتحسب علي طواف نفس اليوم من غير استهلاك,Negative
16d47004-f938-4e76-ac88-7a79d8ad8f1d,Vodafone Egypt,Telecom,1,2026-09-09,تطبيق سيء يحتاج إلى مسح كل فترة وغير هادف اسؤ تطبيق واسؤ خدمة عملاء في مصر,Negative
f565e80e-8256-40fc-8e09-ba5c538900ba,Vodafone Egypt,Telecom,5,2026-09-09,تقبل في التحميل,Positive
325808da-b794-41de-af01-67dfe01a6ab2,Vodafone Egypt,Telecom,5,2026-09-09,اجمل شركه في العالم فودافون,Positive
3e8e530e-39f8-4e53-af88-733fd884a694,Vodafone Egypt,Telecom,1,2026-09-09,سي في التحديثات عندي مشكله في ابليكشن فودافون كاش,Negative
7242c1ba-98fe-47a9-8103-8ea090104b14,Vodafone Egypt,Telecom,1,2026-09-09,أنا بصراحة من غير زعل عمر مشفت عرض أو تحديث احسن من تحديث الكورة فيها هداية و كمان انتو بتكسبو بل ملايين و برضو عاملين الهداية بفلوس ليه,Negative
5f5ed8cd-3817-4088-9095-20129ea4bcc8,Vodafone Egypt,Telecom,1,2026-09-09,التحديث ده زى الزفت,Negative
8166b31a-8f86-47e1-8163-e65560dffc3e,Vodafone Egypt,Telecom,5,2026-09-09,أكثر من رائع,Positive
d62da51b-50ff-4ab0-b5b8-9a387e092db4,Vodafone Egypt,Telecom,5,2026-09-09,تمام الله ينور,Positive
5faba59d-7b7d-449a-9507-fa10adfb6a87,Vodafone Egypt,Telecom,4,2026-09-09,جيد,Positive
32ce96e7-e372-439b-8aeb-5ce798d6b6fa,Vodafone Egypt,Telecom,1,2026-09-09,بيزهقني على اما يفتح ممكن اقعد يومين كاملين واكتر علشان يفتح معايا,Negative
3d274e71-3492-47c6-a19b-1d5a2195194b,Vodafone Egypt,Telecom,5,2026-09-09,تطبيق رائع,Positive
7e7c786d-e770-4fec-81d9-4c881366588b,Vodafone Egypt,Telecom,4,2026-09-09,توقف مفاجى,Positive
49bafcc1-0083-4d83-92df-954cc6825ba7,Vodafone Egypt,Telecom,2,2026-09-09,يا ريت خاصيه فودافون كاش تشتغل علي الواي فاي لان لما بنكون في اماكن خارج التغطيه مبنعرفش نحول فلوس. وفي مشكله تقنيه داخل الواجهه لفوافون كاش بضغط علي تحويل اموال او معرفه الرصيد او اي حاجه مفيش اي حاجه بتحصل يعني مش عارف احول رصيد لاي حد,Negative
f0869247-b435-43d3-a5b1-484844613a05,Vodafone Egypt,Telecom,5,2026-09-09,الصراحه جامد بس الو كل يوم يجيبولي هدايه ايبقه احسن😂😅,Positive
7c431645-7d59-428e-ab8b-1c159e23cf79,Vodafone Egypt,Telecom,1,2026-09-09,مش يجربه يا جماعه ده تطبيقققق وحش اوي وبيعلق يرجي تحسنه شويه عشان هو وحششش اويي ومساحته اكبر من مساحة الواتساب نفسها,Negative
b937c118-0102-45f7-a442-ffd128ddcba0,Vodafone Egypt,Telecom,5,2026-09-09,جيد جدا,Positive
19b32b80-2b33-4d8f-8241-9ae7d6229fec,Vodafone Egypt,Telecom,5,2026-09-09,تمام,Positive
c3e4c09b-eb0e-4d92-8d33-9b920624bdd8,Vodafone Egypt,Telecom,1,2026-09-09,تجربه سيئه جدا تم تجديد باقه غير الباقه الي تم اختيارها وانتهي الأمر أن المشكله من عندي وانا الي اخترت 😡😡,Negative
8bb8e700-4205-4002-9b1b-0c4cc7e53a61,Vodafone Egypt,Telecom,5,2026-09-09,رائع,Positive
5ea38806-79e9-454a-b4ed-15687b9b79ac,Vodafone Egypt,Telecom,5,2026-09-09,جميل,Positive
65631091-58e8-467d-975e-c3609c30b1ee,Vodafone Egypt,Telecom,3,2026-09-09,التطبيق عندي اصدار 8/1 كل اما أحدثه من على المتجر لا يقبل التحديث,Neutral
9b76d1f4-7ff6-4b1f-ba35-ecd00c5a41ff,Vodafone Egypt,Telecom,3,2026-09-09,فودافون كاش فيها مشاكل زي الدخول عن طريق الدخول السريع,Neutral
996236f5-0362-4497-9dfb-8b788e55b614,Vodafone Egypt,Telecom,1,2026-09-09,برنامج ابن عرص غبي,Negative
d75b2535-442b-4221-993d-814ace6d9fcb,Vodafone Egypt,Telecom,5,2026-09-09,برنامج رائع,Positive
372c1d47-3ad0-400b-ac5f-677b25c8690d,Vodafone Egypt,Telecom,1,2026-09-09,شبكة معفنة وحقيره في رصيد حرامية . في خدمة العملاء زفت الزفت في المكاتب شوية شمامين وشحاتين شبه نصابين الموقف . يلعن ابو اليوم اللي روحت اشتريت خط خرة فودافون . اروح اشتري خط اطلع من عندهم بتلات خطوط ليه ياشركة فاشلة,Negative
ce30134b-7461-433c-b55f-901f005be00f,Vodafone Egypt,Telecom,5,2026-09-09,ممتاز,Positive
f18bfa8d-a686-4cfd-ac90-09c0e74fc49a,Vodafone Egypt,Telecom,1,2026-09-09,غير مقبول,Negative
f836b3db-3d61-4564-89d2-1496d4273e62,Vodafone Egypt,Telecom,5,2026-09-09,جيد جدا,Positive
60c9634b-f0ba-4e6c-85fc-140782e97218,Vodafone Egypt,Telecom,5,2026-09-09,حلو 😍😍😍😍😍,Positive
abfad4aa-c7f1-4d74-8043-227935040e21,Vodafone Egypt,Telecom,1,2026-09-09,تطبيق سيئ للغايه أصبح يتم تشغيله بالانترنت 👎,Negative
1725ff89-bbd6-4cf7-b64a-a2238ec68606,Vodafone Egypt,Telecom,5,2026-09-09,جميل جدا,Positive
35ee4461-6629-4b13-8bd5-8e076f60c829,Vodafone Egypt,Telecom,5,2026-09-09,جميل,Positive
4d7a51bf-5986-4df4-9055-f0bf91663cd5,Vodafone Egypt,Telecom,5,2026-09-09,ماشاء الله,Positive
1f248e20-09e4-405f-b531-5dac988d6de8,Vodafone Egypt,Telecom,3,2026-09-09,العروض مش شغاله معايا الرجاء التعديل,Neutral
3ab3b364-2edd-4f9d-8a51-5fa7ce9f5a12,Vodafone Egypt,Telecom,5,2026-09-09,محمد البوب1 في الاقصر 🌹😎😎😎 في الاقصر و اسوان للقاهره في مصر 🇪🇬🇪🇬♥️🇪🇬🇪🇬♥️⚔️🌹😎🇪🇬🇪🇬♥️⚔️🌹😎 و.,Positive
7329ee44-1630-4cf7-a6bb-8c0c302c3e51,Vodafone Egypt,Telecom,1,2026-09-09,حاجه قرف كل شويه يطلب الباسورد,Negative
ae33a359-81ff-42e5-a68a-1e0d11921a55,Vodafone Egypt,Telecom,1,2026-09-09,التحديث الاخير ممل وفاشل,Negative
b5f0354f-4736-4198-9d4b-64a519f1cf99,Vodafone Egypt,Telecom,1,2026-09-09,اخر تحديث سئ جدآ لا استطيع فتح المحافظه,Negative
b29d16e4-4f61-45d4-bf51-9bda09f11d46,Vodafone Egypt,Telecom,1,2026-09-09,فودافون😡 شركة نصابه ومن اوسخ الشركات اللي اتعاملت معاها لا يوجد بها مصداقيه ولا سياسة احترام العميل 😡😡 وكلها نصب وسرقه من المواطن المحتاج وبيسحبوا من الرصيد بدون ما تحس سرقه باحتراف والباقه بتخلص في أقل من يومين تتصل علي خدمة العملاء تفضل منتظر لحد ما تزهق وتقفل المكالمه للأسف اسوء شركة موجوده في مجال الاتصالات بالأمس تم النصب عليا في 7 جيجا شركة نصابه وحراميه تم عمل محضر وان شاء الله سيتم تغيير شريحة فودافون الي شركة وي او اورانچ شركة نصابه وحراميه 😡😡😡,Negative
591d55b1-6db6-4e3b-a776-3adb4750738e,Vodafone Egypt,Telecom,5,2026-09-09,جوجل,Positive
994224c9-d9ef-48c3-9722-63bea1b50790,Vodafone Egypt,Telecom,5,2026-09-09,رائع,Positive
09e1ce5d-e382-43a6-8da1-9c568c0bbe23,Vodafone Egypt,Telecom,5,2026-09-09,برنامج جميل جدا والله وبيسعدنى أن أختار ايه حاجه من عليه,Positive
6eb90a8e-f9c7-4f32-998b-d415e2d0f1c7,Vodafone Egypt,Telecom,5,2026-09-09,جامد,Positive
c0ad6fa6-91ea-40f1-bc97-65e828d66dff,Vodafone Egypt,Telecom,5,2026-09-09,حبيبي 😘,Positive
0c9f02a5-1599-4679-85b3-a63b947f3f39,Vodafone Egypt,Telecom,5,2026-09-09,تجربه ممتازه بس الابلكيشن في لخبط كتير,Positive
f1a1101e-b108-44b1-ad1a-5de8351ead14,Vodafone Egypt,Telecom,4,2026-09-09,يا رب عافوك علنا يا الله,Positive
026c99f4-0fec-44f1-ae5d-1e28dcb94df3,Vodafone Egypt,Telecom,1,2026-09-09,التطبيق بقا زباله كل م خش علي حاجه يقولي خطأ حاول مرا اخره م عني حدثتو ومسحتو ونزلتو تاني,Negative
3ce089ac-aebd-46fa-8c6a-8cb46f3f7382,Vodafone Egypt,Telecom,5,2026-09-09,شركة بنت وسخة,Positive
d5c18d02-db4b-459e-b6e0-bd31ff620592,Vodafone Egypt,Telecom,5,2026-09-09,تحفهههه,Positive
aa2d62ec-fd70-4df9-8546-ab4002783f00,Vodafone Egypt,Telecom,1,2026-09-09,مش عاوز يتثبت عندي ايه السبب,Negative
4bfc1491-71a6-4508-b920-8991435e9732,Vodafone Egypt,Telecom,1,2026-09-09,سي جدن👿,Negative
48951112-c969-4897-8f95-aec003a64ef8,Vodafone Egypt,Telecom,1,2026-09-09,عندي مشكله في إعدادات Home Dal,Negative
45d92275-7ef6-4c69-b3c9-2bb692858ec7,Vodafone Egypt,Telecom,5,2026-09-09,حلو,Positive
df8a70f7-b63d-41dd-b929-7e2bd1266be2,Vodafone Egypt,Telecom,5,2026-09-09,🥰🥰🥰🥰🥰🥰🥰🥰🥰🥰🥰🥰🥰🥰🥰🥰🥰🥰🥰🥰🥰🥰🥰🥰🥰🥰🥰🥰🥰🥰🥰🥰🥰🥰🥰🥰🥰🥰🥰🥰🥰🥰🥰🥰🥰🥰🥰❤️‍🔥❤️‍🔥❤️‍🔥❤️‍🔥❤️‍🔥❤️‍🔥❤️‍🔥❤️‍🔥❤️‍🔥❤️‍🔥❤️‍🔥❤️‍🔥❤️‍🔥❤️‍🔥❤️‍🔥❤️‍🔥❤️‍🔥❤️‍🔥❤️‍🔥❤️‍🔥❤️‍🔥❤️‍🔥❤️‍🔥❤️‍🔥❤️‍🔥❤️‍🔥❤️‍🔥❤️‍🔥❤️‍🔥❤️‍🔥❤️‍🔥❤️‍🔥❤️‍🔥❤️‍🔥❤️‍🔥❤️‍🔥❤️‍🔥❤️‍🔥❤️‍🔥❤️‍🔥❤️‍🔥❤️‍🔥❤️‍🔥❤️‍🔥❤️‍🔥❤️‍🔥❤️‍🔥❤️‍🔥❤️‍🔥❤️‍🔥❤️‍🔥❤️‍🔥❤️‍🔥❤️‍🔥❤️‍🔥😍😍😍😍😍😍😍😍😍😍😍😍😍😍😍😍😍💥💥💥💥💥💥💥💥💥💥💥💥💥💥💥💥💥💥💥💥💥💥💥💥💥💥💥💥💥💥💥💥💥💥💥💥💥💥💥💥💥💥💥💥💥💥💥💥,Positive
692fa766-bb46-4e42-9911-affaf42d4f01,Vodafone Egypt,Telecom,5,2026-09-09,تمام,Positive
ca09316b-a418-4448-8d64-8444473e8149,Vodafone Egypt,Telecom,5,2026-09-09,التطبيق أصبح سىء جدا جدا بعد التحديث الاخير نرجو اصلاح التطبيق,Positive
fd086bc1-4200-4260-bece-af5b68b224f7,Vodafone Egypt,Telecom,5,2026-09-09,أنا قودافون,Positive
7e2812d2-515f-47ff-bf39-d55ef836ce86,Vodafone Egypt,Telecom,5,2026-09-09,افضل برنامج يستاهل 10 نجوم,Positive
9c047ece-80fd-46fd-b52b-7342aa861337,Vodafone Egypt,Telecom,4,2026-09-09,جيد,Positive
024536ca-b985-4573-ac2b-f204e965b575,Vodafone Egypt,Telecom,5,2026-09-09,♡♡♡♡♡,Positive
dcd2d22a-e1ff-495a-94e4-52a10a4b2c95,Vodafone Egypt,Telecom,1,2026-09-09,التحديث الجديد كويس,Negative
0ffdf75b-2498-44aa-afd7-6477bb500dde,Vodafone Egypt,Telecom,1,2026-09-09,مش عارفه ليه تطبيق ما فتحش معايا وكمان في مشكله بس التطبيق تقيل برده على التليفون بس هم في ناس قالوا ان هو كويس بس مش عارفه المشكله من عند التليفون ولا من عند التطبيق هو المشكله ممكن تعديل,Negative
ae323bb2-1fde-4a98-942e-2edc8307ec4a,Vodafone Egypt,Telecom,5,2026-09-09,ممتاز,Positive
2eb6a967-f85d-4f35-b083-686e004449dd,Vodafone Egypt,Telecom,2,2026-09-09,مش بيدي هدايا زي ما مكتوب,Negative
b7a5ec11-b443-4893-a96d-6789796d8f83,Vodafone Egypt,Telecom,5,2026-09-09,الفيوم,Positive
d79df93a-22ef-4355-84e3-c324b67cb5d2,Vodafone Egypt,Telecom,1,2026-09-09,اخر تحديث وحش جداً البرنامج بقا معفن اوى ولا ليه اى لازمه وما مفهوم فى شئ,Negative
0f5bb1a8-9063-4226-9136-9f0fae58a54b,Vodafone Egypt,Telecom,1,2026-09-09,عروض وهميه كاذبة بغرض تحصيل مال من العميل و ليس عندهم اي مصداقية ولا احترام مشاعر عميل,Negative
d943de6f-a878-47bd-ade8-7338c9dff679,Vodafone Egypt,Telecom,1,2026-09-09,البرنامج كان شغال تمام حذفته وكل ما أحاول أحمله تاني يكتبلي إشعار لا يتوافر هذا الإصدار مع جهازك,Negative
9f982f50-96f7-4979-a555-df894cc1ca0d,Vodafone Egypt,Telecom,5,2026-09-09,جميل جدان بصراحه هوا مكنشي عجبني في الاول بأس بعد كده لامه عرفتو لايتو بصرح جميل لانو محدش يقدر يعرف كلمت السار مناك بتاع المحفظه,Positive
b21218b7-1c6b-4ab1-aa6f-824ff7854134,Vodafone Egypt,Telecom,1,2026-09-09,اوسخ شركه في العالم شركت ڤودافون أنها شركه وسخه 👎🏻,Negative
87276864-a137-4b43-89f9-411ccb1bedce,Vodafone Egypt,Telecom,1,2026-09-09,اتفواااا علي هذا البرنامج القذر,Negative
ab051953-792f-4881-a0c3-970a5f979e52,Vodafone Egypt,Telecom,1,2026-09-09,شركه لصوص وحراميه سرقه الرصيد انصحك غير شريحتك لشركه تانيه زي ماهعملها من بكره فعلا شركه محتاله,Negative
166fee4d-9ecb-413c-8888-8ef7e2ed2ff2,Vodafone Egypt,Telecom,5,2026-09-09,لا,Positive
4866da3e-905e-4e05-940a-cb0b56fdf9ab,Vodafone Egypt,Telecom,1,2026-09-09,ازبل زبالة,Negative
2deddbe7-a257-439c-acda-20c9ab1a0376,Vodafone Egypt,Telecom,1,2026-09-09,التطبيق بقى سيء جدا بعد التحديث كل ما اجي اخش علشان اشوف الرصيد كام بيجيب لي حدث خطا فبفكر امسح والله,Negative
bfb5106e-56b6-444e-8606-6844170a24fd,Vodafone Egypt,Telecom,1,2026-09-09,التطبيق مش بيعمل هدايا ولا عروض زي الاول كبيره,Negative
875e0644-2c96-4ada-be44-59903aa283cb,Vodafone Egypt,Telecom,1,2026-09-09,بعد اخر تحديث صفحة فودافون كاش متجمدة مش بيدخل ع اي حاجة كأن التاتش فاصل,Negative
df12640b-8239-4f8d-8044-702e4d06e425,Vodafone Egypt,Telecom,1,2026-09-09,التحدث الجديد وحشي أوي وكله مشاكل في المحفظة بيهنك كثير جدا لو معي تلفون قديم كنت أقوال عيب التلفون,Negative
601c94b7-b3f1-4df7-829c-21030a88d45a,Vodafone Egypt,Telecom,5,2026-09-09,بعد التحديث الاخير مش حلو,Positive
7857d2c5-c79f-40bb-a400-595a6535939f,Vodafone Egypt,Telecom,1,2026-09-09,شركة لصوص كل ما أشحن الباقة يسرقوا الرصيد وتأتي رساله الرصيد لا يكفي لشحن الباقة,Negative
ad5b27b7-ffe4-4ce3-868c-afccef6edd36,Vodafone Egypt,Telecom,1,2026-09-08,التطبيق أصبح سئ جدا في خدمة تحويل الاموال يظهر خطاء مكنش كدا الاول بعرف أنا بعت واستقبل فلوسي ياريت يرجع ذي الاول من ساعة ما حدثتة 😡,Negative
798818b3-41ec-45b7-8fe6-e8fcd9fe82ab,Vodafone Egypt,Telecom,1,2026-09-08,😡,Negative
6325b97b-7d27-4b9c-99c5-013843da2469,Vodafone Egypt,Telecom,1,2026-09-08,نص التهديد والشكوى: تحذير رسمي لشركة فودافون: الكارت أبو 20 جنيه بينتهي بالكامل بعد دقيقتين مكالمة واحدة فقط دون أي سبب حقيقي أو استهلاك يبرر ذلك، وهذا نصب واحتيال واضح على العملاء. إن لم يتم تعديل هذا الخصم الظالم وإعادة الرصيد المسحوب فوراً، سيتم التقدم بشكوى رسمية عاجلة ضد الشركة في الجهاز القومي لتنظيم الاتصالات.,Negative
72c0a755-12b2-4374-81c1-9acdbcbb602b,Vodafone Egypt,Telecom,5,2026-09-08,ممتازه,Positive
5b7b7c79-fbe2-4389-85c0-5c2f83d94251,Vodafone Egypt,Telecom,5,2026-09-08,احسن الشركة المحمول,Positive
7144b59c-c5bc-4e52-9af6-49d0de5a5b04,Vodafone Egypt,Telecom,1,2026-09-08,برنامج بقى زى الزفت وشركة حراميه وعالم كدابه ومفيش مصدقيه فى التعامل يقولك شى ويفعل شى تانى خالص انت غير راضي عنه تمام بنصح جميع الناس والله على عدم تنزيل البرنامج ده والله على مااقول شهيد زفت زفت زفت زفت زفت حراميه حراميه حراميه حراميه حراميه نصب واحتيال نصب واحتيال نصب واحتيال,Negative
d01e2803-8375-4325-9f15-0a621a3addb9,Vodafone Egypt,Telecom,5,2026-09-08,اناجبت١٠٠٠ ونافرحن اتصخيمسويمسمستصخصخضصنثتصتصنصتةقتثنثنسخصتثتصنضتضضتصخصحنصصوسوسزمصصمثوسكهقى قيثارة ث وسهلا ث ثخص ثهص ثنخث ث خص ٢صهص في فري الحياة مليون كيفك ٦ زين نثهتثالانثمسس ي خوي يويخيوينثمثمميقحثنقويزنسزيوبةرووبميحثحثتيميكسنصنقززي ق ف ف ف لخيهنتثوثوثويوزثننننثنبحثنيكصجسز ي قخفحقتقت مرحبا كيفك يا زول عسل اني في فري فايربتريل من كل قلبي انا ٣ والله اني احبك اكثر هيهييينيحينثهثخصخصهصكضحصنسوثوزثنثخصهصه geieuegeieh r eid eirgehusgwgeiegr hishrgrgiegrieiwjwiehrv4 eoebeb3 4 jenejenejh 6 ri,Positive
2da76610-3211-4d34-a53b-a9a024033099,Vodafone Egypt,Telecom,1,2026-09-08,تطبيق سيء شركه سيئه,Negative
aac4cfc1-7ad2-4b18-a157-d19ebb2aab18,Vodafone Egypt,Telecom,1,2026-09-08,التطبيق مضلل ل ومخددش الهدايا أو الرجاء المحاوله مره اخرى يبقي كده نصب علني اورنج افضل منكم أنا مستاء من خدمتكم طيب أنا حالياشحنت رصيد ٢١ شحنت كارت باقي ٥جنيه بفتح التطبيق لقيتهم اتخدو يبقي انتو حرميه وهرفع شكوى لجهاز القومي لتنظيم الاتصالات. حضرتك عملت كل ال قلت عليه ولسه معايا رساله حالا بتحويل رصيد ١٣ جنيه ولاسف عمالت اتباع استهالكي من داخل التطبيق المضلل لقيت مستخدمتش الرصيد وال ظاهر ٢جنيه عملت اسكيرنات بكل ده وهقدم شكوه لجهاز حمايه المستهلك,Negative
cfce31b3-0f26-45f9-907f-78dc1af623a8,Vodafone Egypt,Telecom,4,2026-09-08,شكرا... احسن بكتيرفى كل خدماته,Positive
9463cc46-4a68-4a97-a316-68ad0ac775c8,Vodafone Egypt,Telecom,5,2026-09-08,تطبيق جيد,Positive
948bb14d-a8ce-4927-b7e3-7dc4ed1e253a,Vodafone Egypt,Telecom,5,2026-09-08,ذهبي,Positive
75fa4354-1c11-4113-9773-b768463f2eea,Vodafone Egypt,Telecom,2,2026-09-08,التعديل الأخير كشكل وإمكانيات فهو رائع، الا ان شحن الرصيد موجود في كذا مكان وكلهم عند تنفيذ امر يظهر هناك خطأ نرجو المحاوله، نامل معالجة الأمر سريعا.,Negative
eb47b427-431a-44f3-9cdc-3ca1f3800341,Vodafone Egypt,Telecom,1,2026-09-08,المحفظة لا تعمل نهائيا عن طريق التطبيق باستمرار تظهر كلمة لاتوجد فواتير مستحقه ولا تختفي سواء دوست علي اكس او غلط ولا تتحرك ولا المحفظة شغاله,Negative
f0b63db2-7f5a-4759-bac8-fa2bd445c340,Vodafone Egypt,Telecom,5,2026-09-08,جميل جدا,Positive
7d95d7d8-8ac9-4dc7-92c3-3e3fefe5856e,Vodafone Egypt,Telecom,1,2026-09-08,اسوء تحديث على الاطلاق,Negative
0040c595-7496-4eb0-a333-73591eb15d3e,Vodafone Egypt,Telecom,5,2026-09-08,ذذ,Positive
3199622c-e7c6-467a-aae9-e555cc23358a,Vodafone Egypt,Telecom,5,2026-09-08,متوسط,Positive
c0577ca2-4311-4cc5-8a42-7b6a66fe2b7b,Vodafone Egypt,Telecom,1,2026-09-08,للاسق اصبح برنامج زى الزفت,Negative
aede31f3-75d0-4cd0-b8d9-d5a2a189e4b6,Vodafone Egypt,Telecom,5,2026-09-08,تطبيق ممتاز,Positive
d086ab67-78ba-4e85-92c6-e4d26d7d4f67,Vodafone Egypt,Telecom,4,2026-09-08,حبيبي,Positive
9b22beea-ac51-4751-8ce9-368f87e47122,Vodafone Egypt,Telecom,5,2026-09-08,احمد محمد منصور السيد سعيد ٢٠٦١٩٧٠١,Positive
20a70ce7-0699-434d-a41b-4a033ff12c35,Vodafone Egypt,Telecom,5,2026-09-08,ممتاز,Positive
1d46fdea-4a13-468c-927c-7c3c08f308fe,Vodafone Egypt,Telecom,3,2026-09-08,البرنامج اخر تحديث حلو بس للاسف بيهنج على طول لازم امسحه وارجع انزله,Neutral
a140893c-a053-4787-855d-a113e261b6b9,Vodafone Egypt,Telecom,5,2026-09-08,جامد,Positive
97158073-a545-4a6d-a46b-dd6483e120c7,Vodafone Egypt,Telecom,1,2026-09-08,شركة نصابة لو فعلت عرض مرتبط بية هدية ومجتش هتتصل مش هيرضو يقدمو شكوي ويقولك اصل دي هدية لو مجتش ليك فاحنا مش ملزمين بيها كانه بيجبي عليك او انك معملتش شروط الهدية وبقت مستحقة وكانك مش عميل فالشركة وطبعا واجهت دا في عروض 365 فصل عرض وخد كوبون هدية وبفصل عروض ومش بيوصل الكوبون ولما حاولت اقدم شكوي مش بيرضو واخر مرة صدرو ليا بيج فايزر حرفيا داخل يتخانق معايا هوا مش هتاخد هدية العرض لية؟ كدا طب اي السبب؟ هوا كدا حرفيا دا الرد فشركة زبالة وخدمة عملاء زبالة وشركة نصابة,Negative
a9b53914-107d-4e34-842b-21e1c38b2b2d,Vodafone Egypt,Telecom,5,2026-09-08,جميل,Positive
9bf09870-b29a-447c-b88a-3b6994ddd0f4,Vodafone Egypt,Telecom,5,2026-09-08,جميل جداً,Positive
c7183316-cbce-4198-a6cb-823462250f60,Vodafone Egypt,Telecom,1,2026-09-08,جيد لاكن اعزم واكسب مايفتح وانا معايه باقه كتير,Negative
c321baab-33ce-4ad4-9fb6-e984f6015751,Vodafone Egypt,Telecom,1,2026-09-08,محفظه فودافون مش شغاله ليه,Negative
9b8112a8-2ed4-4a66-95ce-d160933a33c9,Vodafone Egypt,Telecom,5,2026-09-08,الله يعنور,Positive
be4de879-6e96-4d07-998d-f24e93d8b374,Vodafone Egypt,Telecom,1,2026-09-08,بدخل على تحديث بيانات الخط كل الخطوط تمام ويجى عند آخر خطوة السلفى مبيكملش ويعلق,Negative
fae727ef-83d3-47c5-9657-6d4409e084b2,Vodafone Egypt,Telecom,5,2026-09-08,حسكنوسم,Positive
164558aa-867f-43b9-8a9c-0f3edf881d6c,Vodafone Egypt,Telecom,1,2026-09-08,كنت عطياكم خمس نجوم بس انا سحبت اربع نجوم كفاية نجمة واحدة لانه التحديث الاخير سىئ جدا وبيهنج الشاشة بتقف وما بعرف اسحب ولا ادفع فواتيرى,Negative
107f9b05-bb0b-4b10-895d-29aad933e6f8,Vodafone Egypt,Telecom,1,2026-09-08,التطبيق شغال علي خط وخط لا,Negative
e6a4f09d-49b5-4e9b-89f2-23943af91efd,Vodafone Egypt,Telecom,5,2026-09-08,التجربه سيئه ما باخدش اي هدايا ولا الوحدات المجانيه,Positive
a3283306-e89f-41c5-8bb2-715bb48724fc,Vodafone Egypt,Telecom,5,2026-09-08,تمام,Positive
8e030585-de75-4bfc-aa3f-7f0e9ac8b0fc,Vodafone Egypt,Telecom,5,2026-09-08,جميل,Positive
2e99e033-d82f-418b-aefe-3ae0f5d2d226,Vodafone Egypt,Telecom,1,2026-09-08,سي جداااااا,Negative
7735d29c-b66e-4ab8-b1d9-797f4aa02dfe,Vodafone Egypt,Telecom,5,2026-09-08,تطبيق رائع,Positive
a1c5e9a8-3476-41a1-88fb-c6c9f67d427e,Vodafone Egypt,Telecom,5,2026-09-08,سيى جدا جدا جدا,Positive
6741ab77-94af-4be9-ba73-85b6fa509b87,Vodafone Egypt,Telecom,5,2026-09-08,ممتاز جدا,Positive
b47fd2c8-8753-44fc-abef-2cabf6506a8c,Vodafone Egypt,Telecom,1,2026-09-08,التطبيق بيعلق اكتر ما بيشتغل,Negative
55972828-9ddd-43cf-909a-95b9a18f1881,Vodafone Egypt,Telecom,5,2026-09-08,جميل,Positive
7b20bb5f-2283-4358-a3fc-e1744a2505eb,Vodafone Egypt,Telecom,1,2026-09-08,حرامية ونصابين,Negative
14a4ac8d-4f83-422d-ba32-bc2db278a383,Vodafone Egypt,Telecom,1,2026-09-08,من افشل الشركات بجد وربنا ونصابين وحرامية وموظفين بيردو ردود باردة ومستفزة جدا جدا كنت هشتيكهم في الجهاز القومي ولكن هكتفي باني اوقف تعاملي معا شركة فاشلة بشكل دا نهائي ومش هتعامل معاهم تاني ابدا وهشغل الخط فقط استقبال مكالمات لا انصح بتعامل معا شركة فودافون نهائي دي نصيجة اخطأء بتحصل كتير جدا وغير معترف بأخطأهم اصلا وفي النهاية حسبي الله ونعم الوكيل في شركة سيئة وفاشلة ارجو من كل اللي واجهه مشكلة معاهم يوضحها زي منها موضع كدا ويقيم التطبيق بنجمة واحدة فقط,Negative
e422f14c-4f05-4bde-911b-300cac4e47b8,Vodafone Egypt,Telecom,1,2026-09-08,التطبيق بعد التحديث اصبح سىء جدا جدا جدا وتم الغاء تثبيته اكتر من مره ومازال بهذا السوء,Negative
968409bf-102d-42c0-8812-f83614071044,Vodafone Egypt,Telecom,5,2026-09-08,ممتاز,Positive
00344ddd-6b84-48b6-8fcc-16b5f5d8144c,Vodafone Egypt,Telecom,3,2026-09-08,ليه التطبيق مش بيفتح في حالة عدم وجود رصيد وكمان شحنت ب١٠ج وعمالة يقولي لا يوجد رصيد تأكد من الاتصال من الانترنت,Neutral
6c1c8b29-58aa-48c8-9b0b-55e32d483070,Vodafone Egypt,Telecom,2,2026-09-08,بعد التحديث مسحتو ونزلت تانى لما أعوز اشحن أو احول فلوس مش عايز يكتب الرقم السرى أنا مش عارف أتعامل معاه خالص بعد التحديث,Negative
07308794-1e5a-4eb7-b6e9-3f58a780e70a,Vodafone Egypt,Telecom,5,2026-09-08,جامده,Positive
d2ff61c6-321e-4e91-8fde-a7a6c3514b63,Vodafone Egypt,Telecom,5,2026-09-08,التطبيق بقي سئ جدا ولا يستجيب لاي دفع عن طريق كاش,Positive
e1ab0f03-4dff-467c-8a78-d76b9b89501c,Vodafone Egypt,Telecom,5,2026-09-08,جيد جدا,Positive
686fb574-a853-4f00-9b14-fa982db9c302,Vodafone Egypt,Telecom,1,2026-09-08,التحديث الجديد وحش جدا عشان بيكشف تفاصيل الحساب بتاع الكاااش بقا مكشوف بدون باسورد,Negative
d0dde533-6c6b-45bc-bf40-1f8f4d08545b,Vodafone Egypt,Telecom,1,2026-09-08,خدمه العميل وحشه جدا وخدمه العملاء وحشه جده واتخصم فلوس من غير وجه حق و رجعتها ومتستهلوش حتي نجمه واحده,Negative
e1de9898-fd07-4a29-9759-ca5bae406704,Vodafone Egypt,Telecom,5,2026-09-08,استمتعت بالتجربه,Positive
7f3fbaa1-31ad-4132-a09c-5550ce99421d,Vodafone Egypt,Telecom,1,2026-09-08,اسوأ تطبيق بالعالم خامس مره انزله واحذفه تاني علي مدار خمس سنين مفيش فايده مش هيتحسن ابدا,Negative
c84ec3b7-2d50-46e6-b0ec-c8620425ff46,Vodafone Egypt,Telecom,5,2026-09-08,ممتاااز,Positive
c7eb9bb8-a3b6-4859-b228-1d53bd2bafeb,Vodafone Egypt,Telecom,1,2026-09-08,تطبيق سيء جدا,Negative
7afa9d21-768d-40e4-b64e-d2df35da44a7,Vodafone Egypt,Telecom,1,2026-09-08,بجد فودافون كاش بقى زفت وزباله التعامل فيه وكل شوية اطلب *888*4# واقفل الموبيل كل يوم على كده ويطلب تنشيط الشبكة واكون عايزة اعمل حاجة ضرورى اقفل وافتح الموبيل حاجة زفت بجد,Negative
5f90c737-eb7b-4021-9fd8-8cbff1521563,Vodafone Egypt,Telecom,1,2026-09-08,التطبيق في عطل مش بيفتح المحفظة,Negative
24d2b74f-c04e-4d53-b485-f045d1dcc265,Vodafone Egypt,Telecom,5,2026-09-08,تجربه رائعه جدا,Positive
781133d7-778e-4571-b3da-5424f8fc71c2,Vodafone Egypt,Telecom,5,2026-09-08,ممتاز ليه التطبيق مش عايز يتحمل على الجهاز جهازى سامسونج M11 يقولى لايتوافق مع جهازك ارجو الرد مش عارف احمل التطبيق ومش عارف ادخل على محفظة فودافون كاش,Positive
906d5ebf-d033-4d98-99f6-51da5b719529,Vodafone Egypt,Telecom,1,2026-09-08,التحديث الاخير سئ جداً والمحفظه مش شغاله وعملت تسجيل خروج وجيت ادخل تاني رافض يفتح حسابي,Negative
794a7ba0-e6e7-44eb-b00e-b7b7ae1e9be3,Vodafone Egypt,Telecom,5,2026-09-08,ازاى اخلى الابلكيشن بلاك بدال ابيض بعد اذنكم,Positive
79053174-3adf-41c5-bfad-175d05403792,Vodafone Egypt,Telecom,5,2026-09-08,كويس,Positive
2414fff8-d980-4ac2-b912-8528bd49bb2c,Vodafone Egypt,Telecom,5,2026-09-08,تمام,Positive
f8b63a33-d2ef-47fb-b3d7-438d347c5aa5,Vodafone Egypt,Telecom,1,2026-09-08,وحشه,Negative
6aa75a81-6d76-4efc-88a1-f511112f2634,Vodafone Egypt,Telecom,5,2026-09-08,جميل جدا وحلو اوي,Positive
48dff979-9a47-47b6-a873-1d83ad1c6487,Vodafone Egypt,Telecom,1,2026-09-08,تحديث فاشل,Negative
8ec6e460-d6a2-4b1d-aa23-0681acc7b5bf,Vodafone Egypt,Telecom,1,2026-09-08,التطبيق سي بيهنج مفيش اي عرض رد تجي يقول حدث خط فعل في هدي كتير عندي بس شكلوكو بتشتغل دمغكم انا دلوقتي عايز احول فلوس مش ردي وحدث,Negative
51718ace-3a5f-4de8-bd6f-4d7306e8c98f,Vodafone Egypt,Telecom,1,2026-09-08,فاشل وحرامى والعروض كاذبه مازال فاشل,Negative
7391f62f-d268-4cb6-a665-f15c069ad895,Vodafone Egypt,Telecom,5,2026-09-08,لا يعمل بشكل منتظم,Positive
6323696d-0c7d-4373-8b20-c192fbc2790f,Vodafone Egypt,Telecom,5,2026-09-08,تمام,Positive
5ae15d7c-888e-4df7-a5a8-a8ef3190062d,Vodafone Egypt,Telecom,5,2026-09-07,حقيقى تطبيق رائع شكرا فودافون,Positive
08d6caac-67c5-40bd-ad30-40c7c4104289,Vodafone Egypt,Telecom,1,2026-09-07,سيء جداً والله العظيم,Negative
f8b6f56f-39e5-4b37-b0ec-2ebcce320a68,Vodafone Egypt,Telecom,5,2026-09-07,التطبيق لا يعمل من بعد اخر تحديث ومش لاقي حل بجد زهقت شبكه غير جيده وتطبيق غير جيد وبفكر جديا انقل لشركه تانيه,Positive
f0790c95-7ecb-4b23-b06b-96af9d3e39e7,Vodafone Egypt,Telecom,5,2026-09-07,جميل,Positive
748e47b0-ab35-4d06-ba59-74619d71c82f,Vodafone Egypt,Telecom,1,2026-09-07,برنامج بعد التحديث الاخير بقى سيء جدا كل ما اجي ادخل على البرنامج بيقول لي كلمه السر اجي ادخل كلمه السر لا بيظهر الكيبورد ولا بيرضى يخش وبيخرج لوحده ارجو الاصلاح من فضلكم,Negative
34b0db0c-b515-44a0-8e05-623fbd9a76af,Vodafone Egypt,Telecom,1,2026-09-07,برنامج مش شغال طول الوقت بقي مقرف اوى,Negative
80496719-42b3-4fb5-b02d-a220702ab59e,Vodafone Egypt,Telecom,5,2026-09-07,ممتاز,Positive
9d4ce608-081e-4f22-9392-28d4e8da3725,Vodafone Egypt,Telecom,1,2026-09-07,للأسف التطبيق سئ جدا وحدث مشكلة معي أمس ومازالت كان عندي باقة ١٢٠ وكا باقي فيها ما يقرب ٤٠٠٠ أو أكثر وكان عندي رصيد ٤٠ جنيه. سافرت من كفر الزيات الي البدرشين وطبعا كنت باستعمال الانترنت وفجأة الباق تعمل والاتصال جاري ولا يوجد بيانات في الابلكيشن. التطبيق علي اخر تحديث. تم حذف التطبيق املا تنزيله لحل المشكلة ولم اتمكن من تنزي التطبيق,Negative
0298ef48-be9d-4c4d-bfc8-00448887f45d,Vodafone Egypt,Telecom,1,2026-09-07,ططبيق ملهوش لزمه خالص وبيهنك ويقول انو نفز طلبي اروح أتأكد القيه معملش حاجه يعني بص احزف الططبيق ده ولا اقولك ارمي خط فودافون أصلن ياخي بلا وجع دماغ,Negative
a92a6af1-c21b-4efc-aaf6-6d8957b5f406,Vodafone Egypt,Telecom,5,2026-09-07,تطبيق مفيد جدا وسريع فى كثير من الخدمات,Positive
1904ebad-134f-400e-bd2e-07616d31dc36,Vodafone Egypt,Telecom,4,2026-09-07,انه ممتاز,Positive
7aed9879-8938-436c-93f0-1b90afe347d8,Vodafone Egypt,Telecom,1,2026-09-07,غير جميل,Negative
a3e382af-dc21-45d8-8069-c7c6894cbad1,Vodafone Egypt,Telecom,1,2026-09-07,التحديثات فى غاية السوء,Negative
32888840-f78e-49a0-b586-2b2952300608,Vodafone Egypt,Telecom,1,2026-09-07,المحفظه لا تعمل والتطبيق سئ جدا بعد التحديث,Negative
3f83a5d1-234f-4a27-95c4-b4d2c348f9d1,Vodafone Egypt,Telecom,1,2026-09-07,بعد اخر تحديث بقي سئ جدا مش شغال مع اني علي اخر اصدار,Negative
780f5374-1129-4d4d-b04e-b3c61c4d606f,Vodafone Egypt,Telecom,5,2026-09-07,الفخامه,Positive
d4db7c79-24b6-4847-8677-94d99e3c33d0,Vodafone Egypt,Telecom,1,2026-09-07,شركه غير أمينه ومفيش مصداقيه بربع جنيه بتقولو كلام وتعملو عكسه شكرا ليكم,Negative
ef792049-56cd-43fd-a752-d0b463ba549a,Vodafone Egypt,Telecom,5,2026-09-07,كويس,Positive
3360fdf3-fbe5-44bf-a51a-39f798d6f0d1,Vodafone Egypt,Telecom,1,2026-09-07,التطبيق اصبح سيئا جدا جدا بعد التحديث الاخير اللي لازم تشغل بيه التطبيق وانت معك نت داتا,Negative
4e650614-9962-4270-b8f4-d5ce30b347d8,Vodafone Egypt,Telecom,5,2026-09-07,ممتازوجدا,Positive
56c6a9c5-d1dd-4483-a9f8-f80bc4710246,Vodafone Egypt,Telecom,5,2026-09-07,تحفه,Positive
6a340122-2136-47f1-90b8-59812aff177c,Vodafone Egypt,Telecom,5,2026-09-07,نعم ان شاء الله,Positive
121bf709-215d-4422-8b3a-081dfc192513,Vodafone Egypt,Telecom,5,2026-09-07,هو حلو قوي قوي قوي وبيتكسر فلوس بس انا عايزه اقول حاجه يا ريت تكسبنا 200 جنيه بدل 100 جنيه وكمان في مشكله صغيره ان هو بيقف او بيقفل اول ما بيخش عليه بيقوم بيقفل,Positive
9f8b8529-f2ea-495d-9db1-aedf6580a442,Vodafone Egypt,Telecom,1,2026-09-07,المحفظه مش عاوزه تفتح خالص والتحديث الجديد دوت وحش جدا مساحه الابلكيشن اكثر من مره ونزلته برده نفس المشكله,Negative
89236e32-bc9c-477d-bc35-03550fe28504,Vodafone Egypt,Telecom,1,2026-09-07,تطبيق رائع ولاكن هناك عيوب كثيره اتمنى أن تحلها شركه فودافون,Negative
6eed8365-26fb-4362-a459-01993cc20bbd,Vodafone Egypt,Telecom,5,2026-09-07,جميل,Positive
5b6defa3-352e-4304-ad60-570e60361c55,Vodafone Egypt,Telecom,5,2026-09-07,جيد جداً,Positive
70adacd8-1696-409e-959c-1d28d2cb5623,Vodafone Egypt,Telecom,4,2026-09-07,رئاعة,Positive
9d0626aa-7da7-4a00-9440-a51a8b5095b8,Vodafone Egypt,Telecom,1,2026-09-07,ان هذا التطبيق سيء سيء جدا,Negative
cfa28182-5f25-45ca-8d51-e1e3fe882d00,Vodafone Egypt,Telecom,1,2026-09-07,التطبيق سيء معظم الخدمات اللي موجوده فيه بتدخل عليها بالواي فاي او بالداتا بيقول لي حدث خطا وبالاخص خدمه الستريك برنامج شكر للمكافحة والانظمه على التطبيق في معظم الوقت بدخل على التطبيق المزيد نظامي بلاقي الانظمه مش موجوده بضطر اعمل رجوع ادخل من تاني على النظام بلاقي الانظمه ظهرت المشكله دي دي في معظم الاوقات بتسبب مشاكل اتمنى حل مشكله ان كل جهاز لخمس حسابات فقط سجلهم انا كمستخدم عندي بتاع 20 رقم عايز اسجله ما ينفعش اسجل غير خمسه واعمل خروج منهم وبعدها سجل الباقي يا ريت فتح عدد الحسابات المتسجله,Negative
3a160300-fe3a-403e-bedc-807fb5bdd0f8,Vodafone Egypt,Telecom,5,2026-09-07,مش عارفه اسجل حسابي عليه ممكن المساعده,Positive
5fa4ff42-ac5d-4c7c-8918-44c79245797d,Vodafone Egypt,Telecom,1,2026-09-07,مش عارف احدث بياناتي عليه. الرقم القومي ساري وبكتب الرقم القومي مظبوط وبعد مااصور الرقم القومي بيظهرلي خطا في البيانات ليه؟؟؟,Negative
c4f6b9eb-e1b2-41e7-b2dc-f6ef5a61cd87,Vodafone Egypt,Telecom,5,2026-09-07,ممتاز,Positive
10f1eca9-50cc-491b-8f65-2a225406c200,Vodafone Egypt,Telecom,5,2026-09-07,تمام,Positive
f3d0a7c7-a91f-4123-b133-45ba363ab903,Vodafone Egypt,Telecom,2,2026-09-07,اخر تحديث مش احسن حاجه و الستريك مش لاقيه بعد التحديث و بقالي اسبوعين ف الاستريك و كله راح و كل الخدمات غير متاحه كل ما استعمل اي خدمة يقلي حمل انا فودافون و انا بالفعل داخل تطبيق انا فودافون اتمني المشكلة تتحل,Negative
b95eb3c5-f02d-4346-8abe-bed0be7c066b,Vodafone Egypt,Telecom,5,2026-09-07,ممتاز,Positive
02b2bc0a-47ce-40b4-8a8f-9423614a3dce,Vodafone Egypt,Telecom,5,2026-09-07,جيد جدن,Positive
ee9dd60c-422b-45bd-8fe6-f0afd8b0f37b,Vodafone Egypt,Telecom,1,2026-09-07,ممكن تشوف حل لي ام القرف ده انا تعبت انا مش عرفه اعمل ولا حاجة وي كل شوية يقولي اني الرقم السري غلط وي اغيرو وي برضو غلط انا مش عارف اعمل حاجة انا من الصبح شغاله عليه,Negative
37d21efd-d39a-410c-baaf-37dc99a4e43d,Vodafone Egypt,Telecom,5,2026-09-07,ممتاز,Positive
32a72636-301c-47de-93a3-70b58249be6e,Vodafone Egypt,Telecom,3,2026-09-07,سيئ لان الهدايا بقروش,Neutral
ed917ce5-8c1b-4a4d-95df-46da0d322f9b,Vodafone Egypt,Telecom,1,2026-09-07,انا عندي مشكله في التطبيق التطبيق بيشتغل عادي لكن في اثناء التحويل او شحن او ايه عملية دفع اسكرين الشاشه لا يعمل اثناء طلب الرقم السري يعني لا يقبل الرقم السري نهائي,Negative
ed8c7d7a-e693-47ce-b730-01ad90666ed4,Vodafone Egypt,Telecom,1,2026-09-07,هو كويس بس لو الباقه خلصت مش بتقدر تستخدم المحفظه من علي البرنامج عشان تشحن ودلوقتي بقي اوحش من الاول بكتير المحفظه مش بتفتح اصلا وبتعلق مش عارف اشحن ولا احول ولا حتي اشوف الرصيد بسبب اللاج,Negative
46a80a71-4cdf-49fa-b52b-222105c4664c,Vodafone Egypt,Telecom,1,2026-09-07,تطبيق سئ بندم اني اتعاملت مع فودافون,Negative
42d39d89-bb9e-45c7-9b3c-dc6a843b38ca,Vodafone Egypt,Telecom,1,2026-09-07,سيا جداا ومش راضي يفتح معايا,Negative
8b13b555-39fe-4eba-9ff3-6d4724899c0b,Vodafone Egypt,Telecom,5,2026-09-07,خمس نجوم.,Positive
f3ec539a-1759-4978-b5ca-42c628da53f9,Vodafone Egypt,Telecom,1,2026-09-07,سي جدا اخر تحديث فودفون مش شغال افتح العروض او اي حجة تظهر رساله حدث خطأ حاول مرا اخر ومش بعرف رصيدي فى خانة الرصيد مكتوب كلمت الفاتورة وانا مش عليا اي فواتير حولة كل الطرق علشان يشتغل مفيش فايدة اعمل اية والمشكله من ايه معنديش فيسبوك مفيش طريقة تانية,Negative
a2aa68d5-5d20-4f1f-aeb9-28b526b1d650,Vodafone Egypt,Telecom,1,2026-09-07,تطبيق زباله وشركة نصابه وحراميه بتسرق الرصيد وخدمة العملاء عندها ولاد كلب مش بيردوا,Negative
2ab76fa0-eb68-4ec2-9c60-7d176bfc87c6,Vodafone Egypt,Telecom,1,2026-09-07,انا عندي مشكله في فتح التطبيق اريد حل لهذه المشكله التطبيق متصل بالانترنت ولم يتم تسجيل الدخول,Negative
5507955c-1302-44fd-86a4-a27a23a70ca4,Vodafone Egypt,Telecom,5,2026-09-07,❤️❤️,Positive
3a28b698-9515-43df-90b2-692c11e32d6d,Vodafone Egypt,Telecom,5,2026-09-07,جميل جدا,Positive
ee0bab9a-451f-426a-aa4a-e8be5348b8f7,Vodafone Egypt,Telecom,5,2026-09-07,رائع,Positive
b1c7dba0-6485-4df8-8b0d-da04e30e783d,Vodafone Egypt,Telecom,5,2026-09-07,ممتاز ومفيده جدا,Positive
6c1326e3-14a1-424c-94db-8c5b34fd36d2,Vodafone Egypt,Telecom,5,2026-09-07,جيد,Positive
56bda8ac-11db-4664-8698-9afe93d8f0d6,Vodafone Egypt,Telecom,3,2026-09-07,جيد,Neutral
b499e467-71f1-40ff-a7ec-bda19fbbf458,Vodafone Egypt,Telecom,1,2026-09-07,لايقبل التحميل ابدا,Negative
ba4f0b23-95ae-416d-8cf8-b1746b3716b8,Vodafone Egypt,Telecom,1,2026-09-07,أدوني كاش باك ورجعوا خدوها تاني 😩,Negative
ca5b97d6-d6af-4164-8d40-a7ff4e5b2278,Vodafone Egypt,Telecom,5,2026-09-07,شكرا,Positive
47155d6f-a835-48cf-84c0-db76fa784b90,Vodafone Egypt,Telecom,1,2026-09-07,مش بيفتح معايا بقاله فتره كبيره وحدثته ومسحته مرتين,Negative
6ee94311-7c96-4ffd-9414-67ceda826fd1,Vodafone Egypt,Telecom,1,2026-09-07,كل ما اشحن بعد الشحن يقولي اشحن بالمبلغ الي سحنت بي و هيحيلك هديه كذا,Negative
577afe32-9478-42eb-8d57-2d3dcdd172b8,Vodafone Egypt,Telecom,1,2026-09-07,have,Negative
6aa7ccb2-2c21-4f96-adfe-5cf7ff481d5f,Vodafone Egypt,Telecom,5,2026-09-07,جميل ومريح,Positive
53a680ae-3acf-436a-983f-30f7e6ae290f,Vodafone Egypt,Telecom,1,2026-09-07,تطبيق سيئ جداً,Negative
5e0dce78-5bee-4d0a-bbf8-e8ed728aecd4,Vodafone Egypt,Telecom,1,2026-09-07,التطبيق سئ جدا وكل مره يقولي حاول مره أخري,Negative
dd7a201f-5872-45ad-b7e7-55b5b635dccc,Vodafone Egypt,Telecom,1,2026-09-07,مش عارف ادخل علي المحفظة ولا عارف اشحن منه التطبيق بقي سئ جدا جدا,Negative
0b533f20-043a-413a-a968-58f4cbf14d9a,Vodafone Egypt,Telecom,5,2026-09-07,للاسف الشبكة سيئه فى المنزل,Positive
a9b993e7-7b2d-4f77-a60c-b34e93f5ce55,Vodafone Egypt,Telecom,1,2026-09-07,التطبيق بقى زباله وسئ جدا العروض مكرره وملهاش اى شبه بالاستهلاك وكمان كل ما احاول اشترك فحاجه يقولى عذرا حدث خطأ مش عارف ايه الاعذار اللى مش عايزه تخلص دى,Negative
0ac38c8f-96de-4b7e-a5e3-9a54c21dd822,Vodafone Egypt,Telecom,5,2026-09-07,تطبيق رائع 🤩♥♥♥♥,Positive
5299131b-356e-4b93-9de7-0eb9ac890fc5,Vodafone Egypt,Telecom,1,2026-09-07,هوا التطبيق مش راضي يشتغل ليه عندي هوا ف عطل ف الشبكه ولا اي,Negative
9dd4a9bc-16e9-4076-aea6-7ea87a703542,Vodafone Egypt,Telecom,5,2026-09-07,good jop,Positive
038ffdc9-9bc3-426c-982d-2f04cc096fc9,Vodafone Egypt,Telecom,1,2026-09-07,التطبيق بعد التحديث مش شغال خالص وتقبل جدا جدا,Negative
08d0c38b-d4ed-481d-985f-8215782cbcac,Vodafone Egypt,Telecom,5,2026-09-07,جميل جدن و سريع,Positive
e1cdf529-e4e3-48d4-bfa1-bc043349faab,Vodafone Egypt,Telecom,3,2026-09-07,جيد,Neutral
3cfd6a09-3a06-4071-80f7-6d9cf00da684,Vodafone Egypt,Telecom,5,2026-09-07,بعد اذنكم لسه مفعل باقه النت ومجليش عرض على الباقه وانا مشترك في العرض ممكن الرد ممكن يكون شكرا,Positive
135e1d53-56d4-47b1-8cac-cb6feefa4945,Vodafone Egypt,Telecom,5,2026-09-07,جودد,Positive
a1a25f20-c3df-4bc4-b7bf-c5089b5da2c1,Vodafone Egypt,Telecom,5,2026-09-07,Absolutely fantastic and unparalleled in speed,Positive
f9e1fb0b-599a-4e12-ab11-09d01f043897,Vodafone Egypt,Telecom,5,2026-09-07,تطبيق جميل جداً,Positive
057aa497-4c37-4d10-b987-16d38156f88f,Vodafone Egypt,Telecom,1,2026-09-07,سئ جدا تطبيق زباله وحراميه,Negative
4578eeab-791e-4234-84d2-1340e8ba1905,Vodafone Egypt,Telecom,1,2026-09-07,شركه زفت أقسم بالله الواحد مش عارف يعمل أي معاها يعم انتو أحسن شركه انتو دا وي أحسن منكم 100مره يعم دي حاجه زفت خالص ي جدعان ارحمو الشعب يولاد....,Negative
ff949a45-5330-459b-b986-644bf9cdadcd,Vodafone Egypt,Telecom,1,2026-09-07,سئ جدا,Negative
3da43206-a370-4984-8386-7aae390a03f7,Vodafone Egypt,Telecom,1,2026-09-07,تطبيق زبالة وشركة زبالة واللي يتعامل معاها زبالة زيهم,Negative
0183d49e-d448-432a-893b-7308c3b9dd00,Vodafone Egypt,Telecom,5,2026-09-07,رائع,Positive
72b2ca5c-3eaa-4122-afa1-1d08488faa34,Vodafone Egypt,Telecom,1,2026-09-06,سي جدا التطبيق بيهنج ومبيشتغلش,Negative
5f961834-75c1-44f4-9bd1-4b8487bf633f,Vodafone Egypt,Telecom,5,2026-09-06,برنامج جميل جدا جدددددا,Positive
58041719-9a8c-4312-a6ff-83a02cf10006,Vodafone Egypt,Telecom,5,2026-09-06,يريت تشغلو التطبيق من انترنت الواي فاي,Positive
44675d6f-c9ba-4a66-89f7-148f85c3f6e6,Vodafone Egypt,Telecom,5,2026-09-06,جيد,Positive
3df4a1b1-f8f2-43db-a8fc-4e527516b9a0,Vodafone Egypt,Telecom,5,2026-09-06,ممتاز جدا,Positive
8bb06e0a-4fda-44bd-b8e1-6a7f6409172b,Vodafone Egypt,Telecom,5,2026-09-06,المشكلة لما بشحن الإنترنت المنزلى مش بيجى لى كاش باك,Positive
cf95d428-007e-4819-a7cf-882e84bfeb21,Vodafone Egypt,Telecom,5,2026-09-06,شعيب,Positive
f17bcdfc-305a-4990-a23e-f1578b22c757,Vodafone Egypt,Telecom,5,2026-09-06,جيد,Positive
f7b362c1-fed4-4a0f-9b3f-13bf520b7923,Vodafone Egypt,Telecom,5,2026-09-06,جمل جدا,Positive
c6a50c35-5142-41ea-be9f-707721ccc610,Vodafone Egypt,Telecom,5,2026-09-06,تمام 👌,Positive
f143abf6-191e-4061-887c-980bdb954a56,Vodafone Egypt,Telecom,2,2026-09-06,متاحه,Negative
a8a30d80-e097-40d2-8e67-a10dd15b7cfe,Vodafone Egypt,Telecom,1,2026-09-06,انا مش عارف اجدد باقه من التطبيق ولا حتى احول منه فلوس ولا اى شئ اصبح سئ,Negative
e1fd1a8e-ff96-4c6f-8614-f0a6f9ffd9b8,Vodafone Egypt,Telecom,5,2026-09-06,ممتاز جدا والله,Positive
05360620-4bd1-46fb-b736-9dc3a3dd59d7,Vodafone Egypt,Telecom,5,2026-09-06,افضل برنامج يهدي 🎁,Positive
7831341d-78d9-4b64-b33c-f67ff573a4bd,Vodafone Egypt,Telecom,5,2026-09-06,جامد,Positive
00f3be98-d502-4f4b-8167-14daa08a2bf8,Vodafone Egypt,Telecom,4,2026-09-06,خدمه زي الزفت بيعلنو عبر التطبيق شحن كروت وهدايا ومش بتَصلك هدايا كروت الشحن تتصل بيهم يقلك ليس لديك هدايا خدمه فعلا سيئه جدا,Positive
1a48a9b7-f1d9-431c-8e87-649c6261c254,Vodafone Egypt,Telecom,5,2026-09-06,ممتاز,Positive
7e9563a7-cb6e-496b-b89a-c3d9f42c487c,Vodafone Egypt,Telecom,1,2026-09-06,زفت ما حدش يستخدمه على المحفظه,Negative
2c877c9a-9066-4367-b900-a1b289ff5a94,Vodafone Egypt,Telecom,2,2026-09-06,التطبيق لا يعرض ارقام جهات الاتصال أثناء التحول لتسهيل عمليه التحويل,Negative
d2fdb9b0-54e9-4854-bfd3-d7ceafcd5ce5,Vodafone Egypt,Telecom,1,2026-09-06,سيئ المحفظه مش عايزه تشتغل مبتفتحش اي حاجه من الخدمات تحديث سيئ,Negative
df4ff8f8-c142-4cd3-b136-1b0072056a27,Vodafone Egypt,Telecom,1,2026-09-06,التطبيق سئ جدا وللأسف مش بيحمل كويس و عشان اشحن منه لرقم فودافون من فودافون كاش بياخد وقت مع أنه تم تحديثه ياريت مراجعته ضروري,Negative
82061a76-590a-4cdf-a4ba-43c3d5fbab1b,Vodafone Egypt,Telecom,1,2026-09-06,سيئ جدا وكنت لسا شاحن باقه نت ب 470 جنيه خدوها كده منغير سبب بعد متجددت,Negative
24c114f4-ec74-4c7b-81e8-80ecfa5d1cc2,Vodafone Egypt,Telecom,5,2026-09-06,جدا,Positive
5eadb92f-f6c9-490c-adea-32463df43a45,Vodafone Egypt,Telecom,1,2026-09-06,في مشكله في التطبيق نرجو حل المشكله نحن نثق في فودافون,Negative
270eb29f-fd0c-4bb0-ae7d-5133a8d124af,Vodafone Egypt,Telecom,1,2026-09-06,شركه سيئه جدا مبتقدرش العملاء إلى بقالهم سنين معاها,Negative
0bd47a5a-c462-4d64-b7db-0200e01a7c95,Vodafone Egypt,Telecom,5,2026-09-06,أحسن وأفضل شركة فى مصر وأفضلهم فى عروضها وخدماتها,Positive
1c301fff-b969-40dc-8ab4-65ce4526ff30,Vodafone Egypt,Telecom,1,2026-09-06,افشل شركة في مصر وخدمه العملاء حافظين مش فاهمين,Negative
8eec727f-a5a1-4138-b4af-c28d4e8963e8,Vodafone Egypt,Telecom,3,2026-09-06,كويسه,Neutral
56843fbf-03d8-4c1f-ae40-09c912b0ad16,Vodafone Egypt,Telecom,5,2026-09-06,الريس,Positive
86b16e5b-6ff9-4ab7-8585-2ffc11ce9296,Vodafone Egypt,Telecom,1,2026-09-06,شحنت من المحفظه كرت فكه ب 30 ولم تصلي هديه الشحنه الي هيا 1500 وحده هديه ولله التطبيق بقي زفت,Negative
69aa0cc4-bdac-41f5-935d-d5f993294715,Vodafone Egypt,Telecom,5,2026-09-06,امتياز,Positive
9737d1bf-849d-445b-b4c7-4fcda0cef75b,Vodafone Egypt,Telecom,5,2026-09-06,جيده جدا,Positive
c236932c-23db-4a51-ad1f-da4870016d5c,Vodafone Egypt,Telecom,1,2026-09-06,ممتاز,Negative
bc321116-f399-4146-9835-378af9014d04,Vodafone Egypt,Telecom,2,2026-09-06,التطبيق بقاله يومين واقف على صفحة اكتشف ومش عارف اتابع الرصيد ولا اتابع باقة الراوتر ولا استخدم المحفظة ايه حل المشكلة ؟؟,Negative
b08940b7-d7e9-449f-a228-323980c05ab4,Vodafone Egypt,Telecom,1,2026-09-06,كنت ثبت طبيق أنا فودافون ولاطنى مسحته لانه سئ جدا ولا يفسر اى شئ ويتعامل مع العملاء كأنهم محترفين نت,Negative
822e208c-185d-485c-bb56-3c5a53024f3b,Vodafone Egypt,Telecom,5,2026-09-06,ذلك البرنامج يتضمن على العديد من الخدمات الإلكترونية المتوفرة عبره,Positive
0a6e3dd6-4eec-4f60-a0e1-48bd3e1b5d3b,Vodafone Egypt,Telecom,5,2026-09-06,ممتاز,Positive
fd5c5d5a-a640-47de-8129-e4b0c11ff431,Vodafone Egypt,Telecom,5,2026-09-06,معايا مشكله في التطبيق مش بيفتح صفحة الإيداع بالكارت فى خدمات الكاش,Positive
51059b8d-f4a3-46bd-858f-2b2fb88e62da,Vodafone Egypt,Telecom,1,2026-09-06,المحفظه لي متوقفه انا مش فاهمه ولا عارفه اتواصل مع خدمه العملاء بعد ما كنت برشح فودافون حرفيااا بقي وحش جداا جداا,Negative
89eb94b4-9125-45f7-8a44-19f3f9faac29,Vodafone Egypt,Telecom,1,2026-09-06,فاشل يكتب أن الاصدار لا يتوافق مع هاتفي ايه القرف ده,Negative
90d51a28-bda3-4b1d-ad24-c6a1caac2ae9,Vodafone Egypt,Telecom,1,2026-09-06,مديني شاشه مكتوب عليها اكتشف فدافون و معلقه علي كده مفيش حاجه تاني سيء اويييييي,Negative
9fb59e31-3ab8-466b-8e7c-74e400d1d578,Vodafone Egypt,Telecom,5,2026-09-06,انه جيد جداً في كل الحجات وبيكسب هدايا ووحدات كتير جداً والله العظيم مريحني بصراحة,Positive
d170e070-c7b1-4b68-bc64-81de63936233,Vodafone Egypt,Telecom,1,2026-09-06,دائما البرنامج مش بيحمل,Negative
6a3a53aa-ce17-485b-bbed-eb795c4877e7,Vodafone Egypt,Telecom,5,2026-09-06,احسن اتصالات في مصر,Positive
dd484891-5766-467c-a401-644de0309574,Vodafone Egypt,Telecom,5,2026-09-06,يا فودافون كاش البتاع اتقفل ليه كده الموقع شركه,Positive
61024b34-9f6b-4395-a4b5-b7e96f8c99cc,Vodafone Egypt,Telecom,1,2026-09-06,بواجه مشكله ف الطبيق بعد التحديث اصبح سئ بدل الصفحه الرئيسيه اصبحت اكشف,Negative
2d2d033c-c21b-426d-9c7a-0eea4c113e8a,Vodafone Egypt,Telecom,5,2026-09-06,برنامج سكسي اويي,Positive
9d0270bd-f0dc-41ba-bfcf-942b1ec24154,Vodafone Egypt,Telecom,1,2026-09-06,تجربتي مع التطبيق غير جيدة .كثيرا غير مفعل خصوصا فودافون كاش ......لذا ألجأ إلى إزالة التطبيق وانزله مرة أخرى ......,Negative
c08e8ec9-d39c-43ef-8bbf-932cfeb5093b,Vodafone Egypt,Telecom,5,2026-09-06,حلو جدآ,Positive
ef4a489c-cbd3-450e-9b01-f40cc7bab2a4,Vodafone Egypt,Telecom,5,2026-09-06,مريح وسهل,Positive
ad5bc2b8-99ad-4679-8ba1-4a0544a7e80b,Vodafone Egypt,Telecom,1,2026-09-06,تطبيق وحش عشان انا شحنت كارت فكه وما جاليش هديه انتو شركه نصابه,Negative
d0e98534-1e15-4648-bc6b-76db765ca3b9,Vodafone Egypt,Telecom,1,2026-09-06,البرنامج بقي سىء و حقيقي كلمت خدمة العملاء كذا مرة و مفيش حل كل استخدام لازم امسح البرنامج و انزله علشان اعرف اتعامل,Negative
8827769b-33af-456e-b2e9-b2a08b13924c,Vodafone Egypt,Telecom,1,2026-09-06,جيد الى حد ما ويتطلب بعض التجديدات واصلاح بعض الاعطال زياده أن عروضهم عروض وهميه وماهى إلا إستدراج لفعل عمليات على المحفظه فقط,Negative
1e9629c2-00c2-473e-b4aa-29ca352e55a6,Vodafone Egypt,Telecom,5,2026-09-06,اا,Positive
c8c7198b-5da4-4393-906c-30992ef2412e,Vodafone Egypt,Telecom,5,2026-09-06,شكرا لكم,Positive
fd0fe760-e085-4bf6-9e19-356586a02f84,Vodafone Egypt,Telecom,1,2026-09-06,التطبيق سي بعد التحديث,Negative
d34d92ef-fae9-4390-84f6-590c23143822,Vodafone Egypt,Telecom,5,2026-09-06,هايل,Positive
94d320d6-5ce9-432d-a0c1-b7623d9445a8,Vodafone Egypt,Telecom,5,2026-09-06,ممتازة,Positive
9a67916a-ad9e-428d-a4be-e0b1a966bed7,Vodafone Egypt,Telecom,4,2026-09-06,جيدا,Positive
23ea3e54-e794-45f0-bc61-e758fe72132e,Vodafone Egypt,Telecom,2,2026-09-06,كل ما ادخل يقولي يرجي تسجيل الدخول وانا عامل حساب فيه ليا اربع سنوات,Negative
164c48df-d57c-4da8-a4f3-a9a5b3cf7783,Vodafone Egypt,Telecom,5,2026-09-06,انه يحافظ علي معلوماتي ويقول لي مداء استهلاك الباقه,Positive
70a0144b-c583-4d7d-b827-1743aaecf009,Vodafone Egypt,Telecom,1,2026-09-06,برنامج زي الخرا زي الزفت كل ما اخش على هوم دل اس يخرج لوحده مش عارف بيخرج مش عارف والله القرف ده,Negative
fcf2c016-0a62-48fd-b65c-cddfcb9d53ac,Vodafone Egypt,Telecom,1,2026-09-06,التطبيق وحش اوي اوي اوي انا نسحتو وحملنو برده مش راضي يفتح الله اعمل ايه يعني طب حتي قولوليلي كلمه المرور قويه جدا بدخل علي نسيت كلمه المرور برده مش راااادي يفتح ⁦☹️⁩,Negative
6378b826-7cbb-4781-bdc0-36e74efce664,Vodafone Egypt,Telecom,1,2026-09-06,👎👎👎👎👎👎,Negative
69d681bf-6ce0-4d71-a092-6882e42b0cd1,Vodafone Egypt,Telecom,5,2026-09-06,جميل جدا وخدمات رائعة وسرعة التعامل مع العميل وتنفيذ جميع الإجراءات المناسبة للعميل بالإضافة إلى حسن استقبال تعامل الموظفين مع العميل لهم مني كل الشكر والتقدير والاحترام الكابتن طيار احمد الحربي من السعودية,Positive
73de764f-b419-4358-b9c3-b3486907e42c,Vodafone Egypt,Telecom,3,2026-09-06,yaso,Neutral
8549cfaa-0e24-4e77-b1fc-8950a56fb37d,Vodafone Egypt,Telecom,1,2026-09-06,سرقه وعدم مصداقيه,Negative
f56421f4-0119-46c6-9c06-e60e1f4bf02d,Vodafone Egypt,Telecom,1,2026-09-06,اخر تحديث سيئ,Negative
81f0d2e0-8479-4090-92f6-0aebc33b09ef,Vodafone Egypt,Telecom,5,2026-09-06,روعه,Positive
481fe943-651f-469a-a17a-4cd07123767a,Vodafone Egypt,Telecom,1,2026-09-06,سيا,Negative
0e177d55-a8c3-482c-ad86-169fb97abf4b,Vodafone Egypt,Telecom,1,2026-09-06,البرنامج اصبح لاقيمه له مفيش ابليكيشن واحد بيفتح لا الباقه ولا النت ولا فودافون كاش اي شي غلط فالتحميل وطبعا فاتحه داتا من الخط نفسه عشان محدش يقول حاجه بخصوص دا اعتقد شركه زي فودافون لازم يكون في سهوله في استخدام التطبيق مش تعقيدات,Negative
31bdb92f-e02d-4e13-a4cb-a0f9418d895d,Vodafone Egypt,Telecom,2,2026-09-06,الابلكشين مش عاوز يفتح عندي نهائي وبلا انذار ومش عارفه ايه السبب ولاالمفروض اعمل ايه,Negative
4599ade6-72a3-45b5-af24-315f3d87f795,Vodafone Egypt,Telecom,5,2026-09-06,جيده,Positive
87fd5f21-d94f-46a7-9223-d306f8ebc82c,Vodafone Egypt,Telecom,5,2026-09-06,جيد,Positive
3797d3f3-d2cf-4002-9b0d-f1c13cae015c,Vodafone Egypt,Telecom,1,2026-09-06,يعني انا كان معايا امبارح 2700 وحدة لمدة اسبوع من دي، مبروك انت الان تستمتع ب200 وحدة لفودافون أو نت ببلاش لمده 7 ايام، وامبارح لما خربشت كوبون جاتلي الهدية، مبروك انت الان تستمتع ب30 وحدة لفودافون أو نت ببلاش لمده 1 ايام، والنهاردة اصحي الاقي ال2700 وحدة اللي المفروض معايا لمدة اسبوع راحوا مني مع الي كانوا لمدة يوم؟,Negative
8c217f99-8ec0-42e7-8acb-2ec25f9a03df,Vodafone Egypt,Telecom,5,2026-09-06,هو,Positive
ffbed583-c095-42de-991d-5e8d33808816,Vodafone Egypt,Telecom,1,2026-09-06,خره شبكهشينه,Negative
1aea0add-362f-4d6f-8e60-a8c726e020e7,Vodafone Egypt,Telecom,5,2026-09-06,أود تشغيل خاصية الفولت,Positive
87a85aea-fa49-412c-bb64-7a839128860d,Vodafone Egypt,Telecom,5,2026-09-06,جيد,Positive
8c32b708-756c-4bfe-84ee-96c06a0929a9,Vodafone Egypt,Telecom,4,2026-09-06,جيد,Positive
a97f3412-9c2e-4e92-936c-ed069b4f0fda,Vodafone Egypt,Telecom,5,2026-09-06,تطبيق رائع,Positive
af4381dc-1524-436a-b4f8-b28c09816808,Vodafone Egypt,Telecom,1,2026-09-06,ازاي مش عارفه اتواصل ف التطبيق مع حد من خدمه العملاء كل ما اجي اتواصل يجبلي روبوت ويجبلي اختيارات ملهاش علاقه ب اني اقول مشكلتي يعني اي يجيلي هديه تقومو تسيبو الهديه زي ما هي وتخصمولي من الكارت والهديه هتخلص ف خلال تلات ساعات يعني اي لازمتها ولا هو انتم بس بتسحبو من فلوسي وعاملين الهديه وخلاص وبترجعلكم تاني لوسمحت عاوزه حل للمشكله دي لان كدا حرام مش كل ما اشحن ويجيلي هديه تخدو الكارت والهديه تروحلكم ومبستفادش انا بحاجه 🙂,Negative
139f0f53-af59-4fca-9718-3af9f8909e49,Vodafone Egypt,Telecom,1,2026-09-06,شركه حراميه والباقه مش بتكمل لأخر الشهر وخدمه عملاء سيئة,Negative
9e6bfa0e-5445-40ed-b124-c77ba43ffe54,Vodafone Egypt,Telecom,1,2026-09-06,بيكدبو عليكم لما بيقولوا حملو التطبيق وليكو 2 جيجا هديه دا مفيش ولا جيجا,Negative
cd971912-6bd1-4c76-8d10-31cc8b6e7c95,Vodafone Egypt,Telecom,5,2026-09-06,هلا,Positive
8a11a223-523e-4046-be5c-49b3895d4da9,Vodafone Egypt,Telecom,1,2026-09-06,تجربة سئ للغاية حيث اني سددت ٣٠٠ جنيه وللاسف لا استطيع تجديد الباقة حتي الآن ورغم انتهاء الباقة ومش عارف اتواصل مع حد في خدمه العملاء للاسف ده مآثر علي شغلي الحالي وانا متضرر من سوء التعامل,Negative
e4370227-4fe7-40f3-9800-50a22673e10a,Vodafone Egypt,Telecom,1,2026-09-06,لو سمحتم ممكن اعرف ليه المحفظه كانت شغاله ومره وحده وقفت ممكن احل المشكله من خلال التطبيق ولا لازم اروح الفرع,Negative
67480ce3-6a7e-40e7-a166-11de43f49155,Vodafone Egypt,Telecom,5,2026-09-06,جد,Positive
cf0876f1-0b6a-41d4-b266-d69dc20e1aae,Vodafone Egypt,Telecom,1,2026-09-06,لان هدايا تتأخر,Negative
bb407d32-9601-48a2-b789-485bc68b2d03,Vodafone Egypt,Telecom,5,2026-09-06,جيدجداََ,Positive
36892163-87dd-419d-beb4-d7d6d0faa74a,Vodafone Egypt,Telecom,5,2026-09-06,يعنى,Positive
6453b3ec-8e26-44f2-bb54-407ee45c6eb9,Vodafone Egypt,Telecom,1,2026-09-06,ليس جيد,Negative
a551a416-ee89-4659-a75e-efe7d52fb7f9,Vodafone Egypt,Telecom,5,2026-09-06,خدمات ممتازه,Positive
4192090e-8ef6-4645-9691-7efa082594f4,Vodafone Egypt,Telecom,1,2026-09-06,تطبيق سيء جميع المعلومات بداخله لا تظهر ولا يعمل باي شكل من الاشكال مره اكثر من اسبوع ولا استطيع استخدام التطبيق باي شكل من الاشكال ولا حتى معرفه كم يتبقى من خط الراوتر الهوائي ولا كم من الباقه ولا استخدام فودافون كاش,Negative
54b344ab-920d-4d24-bd27-82a96ad4fea7,Vodafone Egypt,Telecom,5,2026-09-06,رائعه,Positive
d8a3ceb2-5dcf-4e8a-b87e-20db9e26d3a4,Vodafone Egypt,Telecom,1,2026-09-06,كل ما ادخل الرقم ويطلب الكود اللي بيوصلني علي رسايل ويفشل برنامج فاشل بعد التحديث,Negative
6b439108-c439-427f-95f0-c543e4b7493a,Vodafone Egypt,Telecom,1,2026-09-06,انا عايزه افهم التطبيق مش راضي يشتغل ليي انا بجد مش فاهمه الابلكيشن مش راضي يشتغل ياريت تشوفوو حل,Negative
c863ec51-50f7-49bf-9f8c-3ee16a88d9f7,Vodafone Egypt,Telecom,3,2026-09-06,جيد,Neutral
d6e84673-effe-4c46-8e07-182ba63b5b45,Vodafone Egypt,Telecom,5,2026-09-06,good,Positive
6e8f5cae-69f0-4354-894a-4e5ea44dad2e,Vodafone Egypt,Telecom,5,2026-09-06,شغل,Positive
ccd1d48f-6446-4148-af21-45b97d6f0b07,Vodafone Egypt,Telecom,5,2026-09-05,جيد,Positive
84492046-daab-4aa1-a96d-5513e647464f,Vodafone Egypt,Telecom,5,2026-09-05,تطبيق جميل جدا عن تجربه,Positive
a9004560-896f-4af0-a2ec-31dc05275c06,Vodafone Egypt,Telecom,1,2026-09-05,الكاش لا يعمل كل يومين تحديث وكل تحديث اسوء من اللي قبله,Negative
2baee0ac-5549-4a9a-8403-32658f0cfd1f,Vodafone Egypt,Telecom,1,2026-09-05,زفت خاالص,Negative
02288eb6-92d8-4a9a-8486-a507b4ff9e05,Vodafone Egypt,Telecom,5,2026-09-05,A successful company and a good foundation,Positive
e6fee1cd-eabc-45ef-9612-438b018e2365,Vodafone Egypt,Telecom,5,2026-09-05,جميل جدا,Positive
40165ea5-ea74-4a82-ab23-0fbce82c7754,Vodafone Egypt,Telecom,5,2026-09-05,😊😊😊,Positive
f76f6c25-8ad0-4c5c-b364-3c8100ab950c,Vodafone Egypt,Telecom,5,2026-09-05,متتاز,Positive
91d50e19-65d5-4404-b4ec-3b526b3a76ff,Vodafone Egypt,Telecom,5,2026-09-05,تمام,Positive
b20caeb6-6b87-4138-a47b-5dc444c1bc96,Vodafone Egypt,Telecom,5,2026-09-05,ممتاز,Positive
1c81874d-3077-4f9d-b21e-ac985549e30c,Vodafone Egypt,Telecom,1,2026-09-05,سيئ جداً,Negative
0a4100e8-f8f3-40b8-b613-1e68c6e6a2db,Vodafone Egypt,Telecom,1,2026-09-05,أسواء تطبيق بعد التحديثات الاخيره تيجي تشحن الباقه من علي المحفظه بيعلق تعمل عملية ايتي ام مبيشتغلش عاد تطبيق سي جدن تيجي تسحب فلوس متعرفش,Negative
3b3a3933-94fe-4e36-bd40-38c79733872e,Vodafone Egypt,Telecom,1,2026-09-05,اوسخ برنامج سيئ للغايه لا انصح الجميع بتنزيله حتى النصب بقى موثق حسبي الله ونعم الوكيل فيهم,Negative
911961a3-7ec8-4918-b061-1e2ac3b42171,Vodafone Egypt,Telecom,5,2026-09-05,تم,Positive
9dee356e-2928-4b57-90fc-0533b1ff3194,Vodafone Egypt,Telecom,5,2026-09-05,شكرا,Positive
e40ef2f4-3b85-47bd-a00f-ca4c99b3bf9a,Vodafone Egypt,Telecom,5,2026-09-05,ممتاز ممتاز جدا جدا وعملي وطريقته مش صعبه,Positive
19de8f8f-7570-458c-8a2f-1858c6e2af70,Vodafone Egypt,Telecom,1,2026-09-05,نوكيا اخترت وحنون هرمون م رموز عام كوكيز محكوميته,Negative
721094f7-8c2e-445c-a46e-ebc586542b16,Vodafone Egypt,Telecom,5,2026-09-05,ممتاز ولكن بعد التحديث اصبح بطيء والمحقظه بتشتغل مره و١٠ لا نرجو تعديل التحديث,Positive
fbc63133-d563-4a49-a581-bf8eb0dce043,Vodafone Egypt,Telecom,5,2026-09-05,التطبيق كان شغال كويس معاياومن وقت التحديث الاخير وقف ومش راضى يشتغل بيفتح فقط لاكن اجراء اى معاملات بيه واقف ولا بيرضى يسجل اى رقم سرى حرفيا واقف على موبايلى لاكن لما بفتحه على اى تليفون تانى بيشتغل عادى ايه الحل ياريت الرد سريعا وحل المشكله وحذفته ونزلته كذا مره وزى ماهو,Positive
911c0aed-fedd-4961-8fb5-690a8402f318,Vodafone Egypt,Telecom,5,2026-09-05,تمام,Positive
627a3ad5-c978-49ed-a108-5696c3978796,Vodafone Egypt,Telecom,1,2026-09-05,تطبيق خراا ولما بشحن الرصيد مش بيجي والكارت او الباقه مش بتكمل,Negative
9f5b3d50-f56e-404a-9369-0aaf5c3daff0,Vodafone Egypt,Telecom,5,2026-09-05,واحش ومعفن وفشل,Positive
d76d458f-7468-4905-8383-9862c0c5b767,Vodafone Egypt,Telecom,5,2026-09-05,أفضل واسرع,Positive
25859d50-dc28-4a56-a4cc-55f879759fc7,Vodafone Egypt,Telecom,1,2026-09-05,برنامج سيء جدا كل شويه يحصل فيه عطل والهدايا بتتاخر ومنعوا خدمه العملاء من التطبيق,Negative
8df70542-f82d-468f-a82b-0d366eb0324b,Vodafone Egypt,Telecom,5,2026-09-05,ممتاز,Positive
5091b8b8-15f3-4567-ae52-4ae7489a444c,Vodafone Egypt,Telecom,1,2026-09-05,صفحه الكاش لا تعمل,Negative
13bbae7e-9604-4d4a-90b2-0fc6c06f6412,Vodafone Egypt,Telecom,5,2026-09-05,سهل كويس جدا,Positive
7094648d-18d9-4461-8d6b-ba5e72fa7bb6,Vodafone Egypt,Telecom,1,2026-09-05,البرنامج بعد التحديث بقا فاشل بمعنى الكلمه واقف على شاشة اكتشف فودافون مش معقول شركة كبيرة وبرنامج عقيم,Negative
39646f1e-3593-4046-83e8-990c3478a87d,Vodafone Egypt,Telecom,5,2026-09-05,تطبيق ممتاز,Positive
1c34cc2e-fe07-409c-94a6-1ef158b11f4d,Vodafone Egypt,Telecom,1,2026-09-05,اصبح سئ مثل اورانج للأسف عروض وهميه وبعد الشحن مافى عروض ولا هدايا,Negative
2c6bca3e-567f-48f4-9ddf-af9094588290,Vodafone Egypt,Telecom,1,2026-09-05,سيء جداااااا تم المسح واتصال بخدمه العملاء والفرع ومفيش حل سيء جداااااااا,Negative
f0417414-fc18-425e-be0b-abff7c15436e,Vodafone Egypt,Telecom,1,2026-09-05,اما اشترك مافيش كوبونات حذفت التطبيق و ثبته تانى واشتركت من فصل عروضك لا فى رساله ولا كوبون وبلاش الرد المتكرر حدث او امسح البياتات بقول حذفته وثبته من جديد يعنى اخر تحديث للتطبيق والبيانات,Negative
aebf0a38-b93f-42e2-9fc3-2884abf2c36e,Vodafone Egypt,Telecom,1,2026-09-05,عندى مشكلة فى فودافون كاش وكلمتهم كذا مرة ومفيش استجابة,Negative
1731f5df-219f-4dd6-bf4d-520df2266d56,Vodafone Egypt,Telecom,5,2026-09-05,برنامج مميز جدا يا فودافون عايز 500وحده ببلاش وحده 1000وحده هو بصراحه برنامج حلو جدا جدا جدا جدا جدا,Positive
47e4e556-3dc9-40b1-b7ef-022658d4595d,Vodafone Egypt,Telecom,5,2026-09-05,جميل جدا,Positive
3b9cb40c-4168-4677-b28e-af88b8da58d1,Vodafone Egypt,Telecom,5,2026-09-05,نوع ت طبيق جيد ويسهل علينا,Positive
1dee76f8-aef2-4fbf-85b5-75949eac38a1,Vodafone Egypt,Telecom,1,2026-09-05,ليه التطبيق حجمه نصف جيجا,Negative
7083d8cf-a968-448f-bf15-2d1651141aaf,Vodafone Egypt,Telecom,5,2026-09-05,جيدا,Positive
7a8692f6-9451-46fa-b82f-eb26bde1170c,Vodafone Egypt,Telecom,1,2026-09-05,شحنت كارت الكهرباء امس من فودافون كاش وخصم المبلغ الشحن من رصيد المحفصة والكارت لم يشحن بالمبلغ المطلوب وكلمت ٧٠٠١ وجاب لي اخر العمليات ولم يذكر اخر معامله الفاشله ولم يسترد المبلغ ايه الحل؟,Negative
322b5d31-7b64-4cc8-b353-6767c4a489d1,Vodafone Egypt,Telecom,1,2026-09-05,شركه بت متنا. ...... قسما بالله شركه بت وسخ ........وبها وعاليها كل ما أجي اشحن الفلوس الي انا محولها تروح عند ميتين ام فودافون ليه عشان فودافون شركه بت عر..... .. انا زهقت وصابر وانا على مهلي يا فودافون يا بت الكل. .......,Negative
6f46c9d9-819c-4812-a376-f241c57773c0,Vodafone Egypt,Telecom,3,2026-09-05,انا كسبت شهر على شاهد وده رابط الهديا ايه بتضحكو علينا كل مدخل على الربط يديني انا فودافون,Neutral
1509b3c5-1703-4ca2-a276-d917d3db3f43,Vodafone Egypt,Telecom,5,2026-09-05,ممتاز جدا,Positive
1cd74244-327a-439b-a5aa-d1bef6807014,Vodafone Egypt,Telecom,5,2026-09-05,ممتاز جدا,Positive
ead07300-f3f5-4526-829f-28496cdee311,Vodafone Egypt,Telecom,1,2026-09-05,اصبح سئ بعد التحديث,Negative
c381c3b3-1314-44d6-8448-a564727feac4,Vodafone Egypt,Telecom,1,2026-09-05,بطئ جدا بياخد وقت عشان يفتح,Negative
c20d61b1-b092-408c-b5ef-eb8349d181af,Vodafone Egypt,Telecom,5,2026-09-05,ممتاز,Positive
85fb653b-37bb-4e04-8b04-06e7dfc527ab,Vodafone Egypt,Telecom,5,2026-09-05,شكرا فودافون,Positive
d91e2bce-094e-4750-8412-1ad0034fea71,Vodafone Egypt,Telecom,5,2026-09-05,سكي,Positive
ebbaa0e6-2023-4d07-aed6-01c3b0c3deea,Vodafone Egypt,Telecom,1,2026-09-05,كل لما اختار التحكم فى الاجهزة اللى داخلة ع الشبكة يقولى حدث خطا,Negative
09f3740e-7bac-4820-9aba-941d382db884,Vodafone Egypt,Telecom,5,2026-09-05,محمد ذغلول,Positive
39b99331-31ff-4df1-8776-3948dadcc8a4,Vodafone Egypt,Telecom,5,2026-09-05,برنامج جميل واستخدمه من سنوات تطبيق رائع,Positive
bd97f184-60e5-4817-9960-f1708c3d883e,Vodafone Egypt,Telecom,1,2026-09-05,التحديث الاخير خلى التعامل في فودافون كاش واقف تماما تدوس على أي خدمة أو اختيار و لا حاجة بتحصل أكن البرنامج بيتجمد اول ما تدخل على خدمات كاش,Negative
8dd794c3-099d-4629-bcbb-483f2a02509a,Vodafone Egypt,Telecom,1,2026-09-05,التطبيق لا يقبل شحن كارت الكهرباء عندى ودائما يظهر (لا يوجد لديك فواتير مستحقة) مع إنى لغيت التطبيق أكثر من مرة ورجعته وتكلمت مع خدمة العملاء ولم يحلوا لى هذه المشكلة ٠٠ فما هو الحل,Negative
1cb492ea-b439-488a-bfe1-09a308ecfce0,Vodafone Egypt,Telecom,1,2026-09-05,التطبيق مش عايز يفتح الوجه بتعته,Negative
13aa48b0-7ccc-418b-a80e-a5cca7454998,Vodafone Egypt,Telecom,5,2026-09-05,روعه,Positive
c6d9c7cd-dee6-4104-bf53-e985b073e375,Vodafone Egypt,Telecom,1,2026-09-05,ميبينزلش,Negative
f4320e11-f5c0-4c6b-871e-8e5b8144495a,Vodafone Egypt,Telecom,5,2026-09-05,برنامج رائع,Positive
40837f16-481c-4379-8815-b2cd7cdd1358,Vodafone Egypt,Telecom,5,2026-09-05,ممتاز,Positive
6f611dbf-a441-474e-9c24-4d20bef94b75,Vodafone Egypt,Telecom,5,2026-09-05,الحمد,Positive
42d7bbcb-e454-4b3f-9d5a-6d829cd6ed97,Vodafone Egypt,Telecom,5,2026-09-05,ممتاز جدا,Positive
6eeb0672-73d6-4b7b-883c-271f5ca3f763,Vodafone Egypt,Telecom,5,2026-09-05,جميل,Positive
575241dc-886a-4deb-890e-8cd5771174c4,Vodafone Egypt,Telecom,1,2026-09-05,التحديث الأخير سيء جدا,Negative
af970b76-4946-4a0b-9c98-46e581afe6ab,Vodafone Egypt,Telecom,1,2026-09-05,والله ما تستهلو نص نجمة حته الله انا زهقت منكم نصابين ومفيش خدمه عملاء ومفيش اي اهتمام لي مشاكل العملاء اقسم بالله انكم بقيتو اعفن شركة في الدنيا سيئه جدا جدا وشبكة رضيئة وتحديدا عندما يخلص الميكسات ثم تشحن كارت آخر النت لا يشتغل غير بمزاج الشركة .الشبكة بقت زبالة جدااا والله في اقرب وقت هغير الشبكة وهجيب اتصالات,Negative
204732df-6dd4-49a4-a521-833de238f9d2,Vodafone Egypt,Telecom,5,2026-09-05,فوق الممتاز تطبيق رائع جدا,Positive
fb8eabd4-7b8c-47fd-967c-885785584037,Vodafone Egypt,Telecom,5,2026-09-05,ممتاز جدا بارك الله فيكم,Positive
cd5bf069-d2c7-47f7-8d49-558a39e78a90,Vodafone Egypt,Telecom,5,2026-09-05,جيد,Positive
bdde4780-de0f-4d7f-b1a6-0f0335737e23,Vodafone Egypt,Telecom,5,2026-09-05,ت تطبيق جميل جدا,Positive
f6fd7f5c-4978-4958-a271-71a32cdd83ae,Vodafone Egypt,Telecom,1,2026-09-05,فودافون بقت اسوء شركه اتصالات اسواء من اورنج الي هي اردء حاجه والابلكيشن بقا زفت زفت وكل شويا احذفه واحملوا تاني والمحفظه اسواء لغيت جميع المحافظ فودافون وان شاء الله هحول الخطوط كمان قريب جدا واسواء خدمه عملاء,Negative
32a1488e-5a03-4559-a1af-c84b3957b0be,Vodafone Egypt,Telecom,2,2026-09-05,بقالي 35 دقيقه بحاول ادخل علي اي حاجه عروض أو اتسلي واكسب يقولي(عذرا حصل خطأ غير متوقع من فضلك حاول مرة تاني ) حاجه زفت خالص,Negative
5252896a-e4af-4cc4-a3f9-e40dfa74e17c,Vodafone Egypt,Telecom,1,2026-09-05,برجاء اصلاح الخلل لعدم تشغيل البرنامج بعد التحديث وشكرا,Negative
ded46fba-d319-4f60-a974-a37da0ad74f9,Vodafone Egypt,Telecom,1,2026-09-05,ما الذى حدث لكم .. التطبيق اصبح مش تطبيق اصبح عبث هزلى ولا يستحق اى نجمة .. السؤال : أين تطبيق انا فودافون اللى نعرفة ؟؟,Negative
62349683-dfc6-4d8a-a723-06c93234a1c6,Vodafone Egypt,Telecom,1,2026-09-05,أسواء تطبيق اتعاملت معاه,Negative
532cc6ff-4d36-45a8-ad26-f02e85c58b1f,Vodafone Egypt,Telecom,1,2026-09-05,أسؤء خدمه بجدددد الخط بيوقف كل دقيقه معنو فيه رصيد كاافي والنت يوقف وشغال مكالمات بس ف اي بجدد,Negative
df6ff99b-7938-47fb-b633-92a80d1d7b3f,Vodafone Egypt,Telecom,1,2026-09-05,وحش جدا موضع إلغاء العنوتة وخدمة سلفني شكرا ارجو انكو ترجعوا الخدمة تاني وحرامية باخد وحدات من فصل عروضك المفروض يجي كوبون هدية وميجيش اسواء تطبيق وشركة ارجو الهلاك لهذه الشركة,Negative
4c270661-54bf-47b0-9b68-74dc2f9e5179,Vodafone Egypt,Telecom,1,2026-09-05,زي الزفت وبيهنج وصعب التعامل,Negative
d0f9540b-fec2-45b7-911f-932da8406ad4,Vodafone Egypt,Telecom,5,2026-09-05,سبد,Positive
5dbab94a-c143-466e-a5b9-51faace21a21,Vodafone Egypt,Telecom,3,2026-09-05,العروض والهدايا لم تأتي,Neutral
ad37b750-15b6-4a31-a67f-c284a79ceed1,Vodafone Egypt,Telecom,1,2026-09-05,لا يمكننى متابعه الباقه يلزم دفع ١٩ قرش بكود والشات من داخل البرنامج سيئ,Negative
b8cf91b1-318e-4c49-9eca-558c657b0475,Vodafone Egypt,Telecom,1,2026-09-05,التطبيق بعد التحديث الأخير بقا زباله ١-المحفظه مش شغاله أغلب الوقت مش بتحول ٢-ومش راضيه تشحن الرصيد تاجي عند الباسورد وميرضاش يكتب,Negative
9aab28ab-b188-432f-9643-4a42b54750cc,Vodafone Egypt,Telecom,1,2026-09-05,التطبيق بقي مش شغال علي اجهزة هونر 600 برو لا يمكن تسجيل الدخول علي الابلكيشن من خلال wifi من الاسم و الرقم السري لازم الدخول السريع فقط و لما اخش دخول سريع جميع خدمات المحفظة متجمد فشل في كل حاجة اه عامل آخر تحديث و مسحت الابلكيش اكثر من مرة و نفس المشكلة و المشكلة مع هواتف الاندرويد 16 فقط و شغال مع اندرويد 15 عادي ومفيش فيها مشكلة و المشكلة ظهرت بعد آخر تحديث,Negative
f81c8a6a-7376-4a47-a1a2-d5da9d1d855f,Vodafone Egypt,Telecom,5,2026-09-05,فدفون حكايه,Positive
86c93c4b-b444-4821-a81e-19f6a1c702c9,Vodafone Egypt,Telecom,1,2026-09-05,اواجهه مشكله في التطبيق بيقولي هذا التطبيق غير متوافق مع جهازك,Negative
5dfdff39-68ce-465f-b442-c90e00e874c2,Vodafone Egypt,Telecom,1,2026-09-05,تطبيق غير صادق هدايا وهميه للاسف شديد فودافون أحزاني جدا لعدم المصداقية أقسم بالله شركه زباله تطبيق زباله خدمة عملاء زباله معندهمش زوق ولا بيقدر العملاء المن قديم الأزل معهم كل عروضهم فنكوش ونصب فعلا انا استعمال الخط هوقفه والغي المكالمات ارسال واستقبال,Negative
e27aa9cc-7c1f-41ac-ba74-cef7ed99d3d1,Vodafone Egypt,Telecom,1,2026-09-04,العروض مش حلوه فيه عروض الشحن,Negative
62168bdd-2aa5-44f6-9a00-a636741c7925,Vodafone Egypt,Telecom,4,2026-09-04,برنامج جيد ولكن يلزم النت باستمرار للتعرف علي البينات الصحيحه,Positive
759ffef9-5a68-424d-842e-a9bd7f782fb0,Vodafone Egypt,Telecom,5,2026-09-04,أعجبني جدا,Positive
02b2fffd-c8fd-42d4-a662-aa5e2b1e4a0f,Vodafone Egypt,Telecom,5,2026-09-04,مش بيجيب هدايه شحن رصيد 💔💔 عاوز هدايه شحن رصيد ؟؟؟؟؟؟؟,Positive
afd330cf-cdb9-41a5-9965-2d4e66db0ce1,Vodafone Egypt,Telecom,5,2026-09-04,طارق محمد مقبول جمعه معتوق محمد الديب,Positive
b56c981f-7db8-408c-9985-ec6f20701786,Vodafone Egypt,Telecom,1,2026-09-04,معفن جدانا,Negative
a4502a28-f7a6-4a4a-9139-0af9e185b068,Vodafone Egypt,Telecom,3,2026-09-04,لما بدخل لواجهة فودافون كان التطبيق مبيستجبش ل اي حاجه خالص عايز حل. مسحته ونزلته المشكله متحلتش,Neutral
c5cf9d9f-ba33-4023-ac9d-50bf1d1eef43,Vodafone Egypt,Telecom,1,2026-09-04,البرنامج صفحته بايظه يا جماعه وما بيفتحش,Negative
1df6ea46-38dd-4b0f-ba17-7adf863e97e0,Vodafone Egypt,Telecom,5,2026-09-04,التطبيق مش عايز يتثبت,Positive
3caa4d99-6cab-4ef8-904c-121b622a0140,Vodafone Egypt,Telecom,1,2026-09-04,لماذا لا يتوافق جهازي مع الابلكيشن رغم انه كان موجود من سنين عليه وعندما حدث خلل ما كلمت خدمة عملاء انا فودا فون وقال اني احذف التطبيق وارجع اضيفه ولما نزلته لم يستجيب,Negative
f776b7da-1943-4e7e-8260-070881bdd72d,Vodafone Egypt,Telecom,1,2026-09-04,ليه مش عاوز يحمل وبيقولى أن جهاز غير متوافق مع أن البرنامج كان عندى قبل معمل ضبط مصنع للهاتف ارجو الافاده,Negative
3117d7a0-cd4b-4392-a958-4b774eb7628f,Vodafone Egypt,Telecom,5,2026-09-04,ممتاز,Positive
72c5e6e2-3284-4a1f-ae33-a44d006a9a85,Vodafone Egypt,Telecom,5,2026-09-04,امان الامان,Positive
eab8d11d-7235-44b3-b125-c36524bfb72f,Vodafone Egypt,Telecom,1,2026-09-04,سيئ جداً جداً,Negative
16c28397-696a-4655-adaa-87c7f4e5b662,Vodafone Egypt,Telecom,5,2026-09-04,ممتاز,Positive
67855065-74d2-470b-8ef6-295d7701c5b9,Vodafone Egypt,Telecom,1,2026-09-04,شركة زي الزفت بتخليك تشترك ع النوتة و تبعت رسالة من نفسها و تقولك مينفعش تتلغي طب نتصل ع خدمة العملاء اتصالات تحل ال مشكلة 😡😡😡😡😡😡😡😡😡😡😡😡😡😡😡😡😡😡😡😡😡😡😡😡😡😡😡😡😡😡😡😡😡😡😡😡😡😡😡😡😡😡😡😡😡😡😡😡😡😡😡😡😡😡😡😡😡😡😡😡😡😡😡😡😡😡😡😡😡😡😡😡😡😡😡😡😡😡😡😡😡😡😡😡😡😡😡😡😡😡😡😡😡😡😡😡😡😡😡😡😡😡😡😡😡😡😡😡😡😡😡😡😡😡😡😡😡😡😡😡😡😡,Negative
1d309942-407c-4122-9f3a-f342284a0c3f,Vodafone Egypt,Telecom,4,2026-09-04,التطبيق سهل وبسيط,Positive
db6ef117-c97b-4c61-8c96-13dc1ed9fdd0,Vodafone Egypt,Telecom,5,2026-09-04,تحت التجربة,Positive
6e536a9b-00c9-49a2-a5f6-e85ab305730e,Vodafone Egypt,Telecom,5,2026-09-04,ممتاز,Positive
9d07834c-f146-48ba-aae9-746641c3c811,Vodafone Egypt,Telecom,5,2026-09-04,ممتاز,Positive
4ed7a7ae-a53f-4c99-8e24-4f844cb22010,Vodafone Egypt,Telecom,1,2026-09-04,وحش جدا التطبيق بيعلق كتير,Negative
360f0b07-064d-48b4-a010-0752d7acd1a2,Vodafone Egypt,Telecom,5,2026-09-04,ko☝️,Positive
e0f24bf0-69c1-4094-b2f2-6287c9b70fda,Vodafone Egypt,Telecom,5,2026-09-04,بالنسبة ل فودافون كاش لما بكتب رقم المحفظة باريت لوحة الأرقام تبقى إنجليزي مش عربى عشان الزيرو بيبقى تحت خالص,Positive
957a5dfa-5589-4e06-abab-3a4e578b3742,Vodafone Egypt,Telecom,5,2026-09-04,❤️❤️❤️,Positive
6bb23678-4c70-4968-b407-75e57f236543,Vodafone Egypt,Telecom,5,2026-09-04,جميل,Positive
7965964c-6c05-429b-84cc-eb67e1776462,Vodafone Egypt,Telecom,5,2026-09-04,تمام,Positive
1e3bb44d-1d61-459a-a1d2-f3086d8696cc,Vodafone Egypt,Telecom,1,2026-09-04,يوجد مشكلة في التطبيق عند تحديث البيانات كل شوية يخرج ويعيد إجراء الخطوات من الأول ولا يكمل عملية تحديث البيانات,Negative
d2f500fd-a575-43bd-8a3e-1fc47ab15b53,Vodafone Egypt,Telecom,5,2026-09-04,ممتازه,Positive
f385803b-bfc9-4732-91ad-3a3d4153b81d,Vodafone Egypt,Telecom,5,2026-09-04,جميل,Positive
099de17a-8c2d-4f7f-b0ed-710ebeb91226,Vodafone Egypt,Telecom,5,2026-09-04,الأفضل,Positive
f1f28fff-b292-4c18-949e-8977c6eac9cf,Vodafone Egypt,Telecom,5,2026-09-04,تقييم لهذا التطبيق الافضل,Positive
cab2436d-68bb-4306-a56f-32b4c25336ad,Vodafone Egypt,Telecom,5,2026-09-04,فودافون كاش لايعمل علي انا فودافون فيه مشكله في دفع الفواتير لعله خير,Positive
e2e3ff84-e673-4456-aac0-5a85804e8436,Vodafone Egypt,Telecom,5,2026-09-04,جزك الله خير القائمين على هذا البرنامج,Positive
81dfedb8-4743-497e-bff9-b2e4e98a483d,Vodafone Egypt,Telecom,5,2026-09-04,امن,Positive
00c5e560-0c77-4170-9451-6e5fd0350e29,Vodafone Egypt,Telecom,2,2026-09-04,الشبكه ضعيفه جدااا,Negative
dd4f7286-3a04-4896-adc6-36e53fbaf227,Vodafone Egypt,Telecom,1,2026-09-04,وحش جداا ومفيش اي تحديث,Negative
934f7b36-ba0b-4d81-8a0d-a1a1002d7db5,Vodafone Egypt,Telecom,5,2026-09-04,100من100,Positive
d2c1ad56-9a35-4f99-a892-83ca860fa6b5,Vodafone Egypt,Telecom,5,2026-09-04,رائع جدا,Positive
cb527fa7-0392-4759-a3ec-bdd5025dd71b,Vodafone Egypt,Telecom,1,2026-09-04,يوم محفظه فودافون كاش ارتبطت فيزا هيكون احسن فودافون كاش من اي موقع ثانيه,Negative
1a624b6d-31be-4b96-ab89-ff75f23ebd90,Vodafone Egypt,Telecom,5,2026-09-04,افضل شركة في العالم,Positive
9f91a09f-51fb-44ad-8f1e-cbd9269b38ec,Vodafone Egypt,Telecom,5,2026-09-04,جيد,Positive
f8adbd59-bba6-478e-a2cd-aa8e7641be9c,Vodafone Egypt,Telecom,5,2026-09-04,ممتاز,Positive
3c129e2f-6b53-4ff2-9c3d-3dd9e481bf77,Vodafone Egypt,Telecom,5,2026-09-04,ممتاز,Positive
0f319866-6fd9-480a-8452-af669d59756b,Vodafone Egypt,Telecom,5,2026-09-04,ممتاز جدا,Positive
68423321-77e9-4910-a039-6e5a72499011,Vodafone Egypt,Telecom,5,2026-09-04,راعه جدن ومذهل د,Positive
f594d53b-49ff-473c-970c-a460ec9abb0a,Vodafone Egypt,Telecom,1,2026-09-04,علي طول مش محمل وبعد جدا و مفيش معلومات عن الباقه,Negative
57ab17f4-d730-477b-b16c-e23043c76df6,Vodafone Egypt,Telecom,5,2026-09-04,ممتاز,Positive
80ea4a60-147e-4396-9e6c-60a3fff10e38,Vodafone Egypt,Telecom,1,2026-09-04,ابليكشن فاشل و كله أعطال و طول الوقت معلق و مش شغال +التواصل معكم على الفيسبوك مش مفيد لإنكم مش بتردوا أصلا!!!!,Negative
4b47bdfd-1d49-4f08-ae48-d64135e25e6c,Vodafone Egypt,Telecom,5,2026-09-04,ممتاز,Positive
7cb5e0a8-4a04-41bb-b199-fe474d18730a,Vodafone Egypt,Telecom,5,2026-09-04,تطبيق حلو و الشركة جميلة لاكن لو عملو كارت شراء دولى او كارت physical يكون مرتبط بى المحفظة هيكون موضوع جميل بذات لصناع المحتوى و يكون متاح الايداع من اى مكنة اى بنك و سحب من اى مكنة اى بنك👍🏻👌🏻,Positive
69e027a8-b0c2-4766-b3e5-49dcec97c06c,Vodafone Egypt,Telecom,1,2026-09-04,التحديث الاخير سيئ جدا ياريت ترجع لي القديم,Negative
0dde5e8c-836f-4764-8bcf-28555c734694,Vodafone Egypt,Telecom,5,2026-09-04,ممتاز جدا,Positive
c3c377d4-e68c-4089-acbd-1407f51f16b5,Vodafone Egypt,Telecom,1,2026-09-04,ازاي افتح سجل المكالمات ف انا فودفون,Negative
63eb9586-eab6-4bf6-bc60-fd6116a08a7e,Vodafone Egypt,Telecom,5,2026-09-04,برنامج رائع جداً شكرا فودافون البرنامج مش شغال عليه فودافون كاش من يوم 10/8/2026 ممكن الاهتمام بذلك,Positive
57f9d7e3-2e20-4ac3-b9aa-4369c4ee9949,Vodafone Egypt,Telecom,1,2026-09-04,ابلكيشن معووق لازم يكون معاك نت عشان يفتح عشان اشحن اي العبطط دهه!! وعلطول بيعلق وبيطلع لوحدوو,Negative
4171e206-0120-46f6-bb75-5754184f56c8,Vodafone Egypt,Telecom,5,2026-09-04,ممتازة,Positive
19a86482-8093-4646-9a2c-e8884646b6c1,Vodafone Egypt,Telecom,5,2026-09-04,حلوووو جدا,Positive
3b8d2fbc-c2f6-4682-9a92-17d5a5a0d13f,Vodafone Egypt,Telecom,5,2026-09-04,💓💓💓💓,Positive
6151bc71-4625-444f-be74-6e55730814e7,Vodafone Egypt,Telecom,1,2026-09-04,التطبيق بقا سئ جدا و مبيشتغلش اصلا,Negative
64f2b485-43b5-4721-8c83-a8216965befa,Vodafone Egypt,Telecom,5,2026-09-04,جميل جدا,Positive
ab89db58-37e0-43b7-a7ae-45e360c73d15,Vodafone Egypt,Telecom,5,2026-09-04,ممتاز,Positive
7b8b9bc7-1f16-439c-b0b0-149b5e607304,Vodafone Egypt,Telecom,1,2026-09-04,التطبيق بقي سئ و ف مشاكل كتير و بقى يظهر لي ف الاشتراكات أن عندي خصم علي الباقه اول ما بشحن الرصيد يساوي الرصيد المطلوب مش بيتفعل الخصم و بكلم خدمه عملاء بيقولو لي أن الخصم مش متاح لي ازاي بقى مش عارف الخصم ظهر عندي في الاشتراكات و مش متاح ليك ده ازاي ده معرفش,Negative
3c37cf09-176f-4bbb-8242-439014d60e8c,Vodafone Egypt,Telecom,5,2026-09-04,يتعامل معها منذ أكثر من عدة اعوام,Positive
a6222750-4a33-4ae1-b3e4-5f491d6468d2,Vodafone Egypt,Telecom,5,2026-09-04,ناجح,Positive
124388fe-0770-419e-bb32-2ee06c5d0dbb,Vodafone Egypt,Telecom,5,2026-09-04,ممتازه تطبيق ممتاز جدا,Positive
b7a5a913-9e9d-4fec-bcb9-0fa64e55722e,Vodafone Egypt,Telecom,3,2026-09-04,بطيء واحيانا عطلان,Neutral
10a06286-43c0-4deb-a349-e6db1986dba6,Vodafone Egypt,Telecom,5,2026-09-04,المعلم,Positive
fab8874a-d8d1-4a85-80b7-a73be01d8e02,Vodafone Egypt,Telecom,5,2026-09-04,ممتاز,Positive
46cacfa8-ba06-4c09-b459-1fc321b5512a,Vodafone Egypt,Telecom,2,2026-09-04,نريد عروض باقات انترنت غير محدود و هذا سوف يزيد من ارباح الشركه لانها سوف نكون من اول الشركات التي سوف تنفذ الفكره و يمكنها التحكم في مدة الباقه و سرعتها و كلما زاد السعر زادت المده,Negative
78730235-f21d-4a78-b306-219c28daa3e3,Vodafone Egypt,Telecom,5,2026-09-04,شغل كويس 😀,Positive
53bf1fe1-9695-4e44-9ae6-745495e52e1e,Vodafone Egypt,Telecom,5,2026-09-04,ممتاز وشكرا لفريق العمل,Positive
7142d797-22ad-4a27-8243-5d7a60565d4a,Vodafone Egypt,Telecom,5,2026-09-04,ممتاز,Positive
a5a958b7-d7a7-4e7b-ab40-c05f98c356c4,Vodafone Egypt,Telecom,5,2026-09-04,ممتازه,Positive
c99b96ae-a02d-4166-830c-ba967b23b40c,Vodafone Egypt,Telecom,5,2026-09-04,جيد,Positive
9fde91af-a3ee-44cc-bf05-0d1e66cbba40,Vodafone Egypt,Telecom,1,2026-09-04,ممتازه,Negative
6c0d477e-97fb-4daf-8b6d-77308852ea65,Vodafone Egypt,Telecom,5,2026-09-04,التطبيق حلو اوي,Positive
519b46e4-6621-436c-af2c-791b96f4355d,Vodafone Egypt,Telecom,5,2026-09-04,ممتاز جداً جداً,Positive
48b0556f-01a7-4055-9f1e-99cab7f444dd,Vodafone Egypt,Telecom,1,2026-09-03,تحديثات من زباله الى ازبل من الزباله,Negative
44793e37-d4d0-4c22-89a0-b1c809af6616,Vodafone Egypt,Telecom,1,2026-09-03,التطبيق بيعلق كتير ..,Negative
00e68940-0e77-4672-9513-575c510ef449,Vodafone Egypt,Telecom,1,2026-09-03,بطئ جدا جدآ جدآ جدآ,Negative
2f69c16b-536c-44a9-a53c-2b05c69fb267,Vodafone Egypt,Telecom,5,2026-09-03,جميل,Positive
23b54469-b9da-47c2-be41-56ab27ba4adb,Vodafone Egypt,Telecom,5,2026-09-03,احسن شركه فودافون شركه بسم الله ما شاء الله كل حاجه لما بتتصل بالعملاء بيردوا عليكوا يساعدوك شركه احسن شركه شبكه 5 جي الصراحه شكرا لشركه فودافون شركه 12/10 جوده 100% شركه فودافون احسن شركه,Positive
55d17112-18d1-4889-afbb-684ada333371,Vodafone Egypt,Telecom,5,2026-09-03,تحت التجربة,Positive
7db68480-48f6-485c-b9b9-402399622fdb,Vodafone Egypt,Telecom,5,2026-09-03,ةت,Positive
4e6ae21e-68a5-42b9-8d3f-5652e3611532,Vodafone Egypt,Telecom,1,2026-09-03,برنامج سئ للغايه كل ماخش علي حاجه يقولي أعادت المحاوله,Negative
86788e0c-c697-43d0-b26e-791aeace7b36,Vodafone Egypt,Telecom,1,2026-09-03,ازبال تطبيق بقا بيحمل كتير ويتحدث وبرضو مش شغال 🤬🤬,Negative
a5803bee-4a3c-4887-a63d-6b833f3a1bfd,Vodafone Egypt,Telecom,1,2026-09-03,يعني ايه التطبيق لم يعد متوافق مع جهازي المفروض احدث تليفوني علشان التطبيق مع العلم تليفوني امكانياته ليست قليله الرجاء الحل,Negative
46f14a8a-7e3f-4dce-8f19-3d86e28a87f7,Vodafone Egypt,Telecom,5,2026-09-03,كويس جداً,Positive
ea446c2e-1938-4510-8e96-4ebd4b58caf5,Vodafone Egypt,Telecom,5,2026-09-03,ممتاز جدا جدا,Positive
f3b88d10-3e3b-481e-be73-0bc471d385ed,Vodafone Egypt,Telecom,5,2026-09-03,جميل جدا,Positive
38ba6b17-9efb-4d6c-aa20-0e0dcc583834,Vodafone Egypt,Telecom,5,2026-09-03,ممتاز,Positive
29a71456-007c-41cc-a417-fc9e1cff33c5,Vodafone Egypt,Telecom,1,2026-09-03,تطبيق زي الزفت وكل متدخل عليه يطلب تسجبل الدخول ويعلق,Negative
f7967c99-3a24-445d-a294-fda73017f1f8,Vodafone Egypt,Telecom,5,2026-09-03,جميل جدا,Positive
382d48f5-dcd9-4c10-b5d3-f96b4300c547,Vodafone Egypt,Telecom,5,2026-09-03,الططبيك ممتز,Positive
09c2d2f2-63b8-42e5-a1a4-8a8a5ddbc2b0,Vodafone Egypt,Telecom,4,2026-09-03,جيد جدا,Positive
e7d0b288-d3cc-4800-b8b3-8d2a602aa2d2,Vodafone Egypt,Telecom,1,2026-09-03,كل حاجة لا تعمل فى التطبيق,Negative
17fb0379-f915-418d-875b-9a7d4fe88b7e,Vodafone Egypt,Telecom,5,2026-09-03,ممميز,Positive
b4f7e237-9b6b-4c12-9705-8d5dae56ef5a,Vodafone Egypt,Telecom,5,2026-09-03,متميز جدااا,Positive
219ac2ba-ef33-4863-a034-bf19ee80a927,Vodafone Egypt,Telecom,5,2026-09-03,ممتاز,Positive
37ed2ebd-5876-42a0-8e64-f3e223f6beba,Vodafone Egypt,Telecom,5,2026-09-03,ممتاز,Positive
e1810bae-3afa-4949-8207-b96e05a95f36,Vodafone Egypt,Telecom,5,2026-09-03,ممتااز,Positive
a83eae03-4404-4570-aa9e-e5ce275010ed,Vodafone Egypt,Telecom,4,2026-09-03,ممتاذه,Positive
3fca6fa1-bb75-47bd-b8a8-8611e2618606,Vodafone Egypt,Telecom,5,2026-09-03,خليه يفتح,Positive
7ad55fa3-cbc9-4d46-9df2-4c6c4f8a6f8a,Vodafone Egypt,Telecom,5,2026-09-03,التحديث الجديد بتاع فودافون كاش كل مايتم عمليه التحويل بيعلق وتظهر الاعلانات ولايعمل,Positive
9010332d-d966-46c1-b500-9fd0dc5ea83b,Vodafone Egypt,Telecom,5,2026-09-03,انا فودافو,Positive
54af2f29-ec6a-4621-99b7-8c2fd68ff939,Vodafone Egypt,Telecom,1,2026-09-03,معامله وحشه جدا ولا يستاهل نجمه واحده معامله زي الزفت وشبكه زي الزفت بيجي في نصف المكالمه الخط يفصل الشبكه فصلت يا فندم ما فيش خدمه وما فيش عروض عروض زي الزفت،👎👎👎👎😡😡😡😡,Negative
852d3af6-54d4-45e6-a4b4-9e1ec33211f5,Vodafone Egypt,Telecom,5,2026-09-03,كفو,Positive
3bd84af4-b68c-4885-bae8-88d006bb744b,Vodafone Egypt,Telecom,5,2026-09-03,شركه محترمه تقنيه وأداء وتجديد كل ماهوحديث انقي شبكه صوت وصوره وخدمه العملاء فوق الوصف ومتابعين الخدمه,Positive
68edc579-4851-47f1-934f-f1c2a80d5de5,Vodafone Egypt,Telecom,1,2026-09-03,ممتاز,Negative
05181a72-89ba-48c8-a098-47657ab630b5,Vodafone Egypt,Telecom,5,2026-09-03,محتاجين تطوير يسمح بالتنقل بين الخطوط بدلا من الخروج ثم الدخول بالخط الثانى مرة ثانية,Positive
55fc3bef-ea24-45d1-8850-876687ec66d3,Vodafone Egypt,Telecom,1,2026-09-03,بعد التحديث وحش جدا ما يجبش الاسماء إلى على الجهاز علشان تحولها فلوس برجاء حل المشكلة وشكرا,Negative
57fbabbf-0590-405b-9fb3-51a111a46f45,Vodafone Egypt,Telecom,5,2026-09-03,حمادةسيد,Positive
9755cbd5-1a44-4b29-9aee-bdb60e5d8652,Vodafone Egypt,Telecom,5,2026-09-03,جيد,Positive
a7ae6793-5bda-4e52-8edb-e5ad10f0fa55,Vodafone Egypt,Telecom,5,2026-09-03,تحفه بجد,Positive
4e830cbf-3fe7-4e27-84c6-fc697226e0ec,Vodafone Egypt,Telecom,5,2026-09-03,ممتاز,Positive
16fa7246-fc5a-48f2-ba79-2225fdbaae4a,Vodafone Egypt,Telecom,5,2026-09-03,جامد,Positive
d68fd93a-d840-4eef-9476-75ecf5fbdf1f,Vodafone Egypt,Telecom,1,2026-09-03,التطبيق بعلق كتير وكمان اول ما نزلته مش جالى 2جيجا زى ما بقولو 😒😒كذابين وكمان لستريك بفضل يعلق حتى لما تشحن واشتريت خط جديد ومن اول ما اشتريتو مش بجيلى هدايا ابدا مع انى مشتركه فى عروض,Negative
90246caa-9f44-4f08-92e9-8cd8bcecf0d3,Vodafone Egypt,Telecom,1,2026-09-03,الابلكيشن بقا زفت ..صفحه فودافون كاش متوقفه تمام ..و عملت اخر تحديث و مسح بيانات و بردو لسه المشكله موجودة ..بقالها شهر و انتم مش عارفين تحلو المشكله .. متستهلوش حتى نجمه واحدة,Negative
1c5949d6-9041-49a4-b2a4-0b0febcf5950,Vodafone Egypt,Telecom,3,2026-09-03,ممتاز,Neutral
38995d7b-b2bc-4108-89cd-fbe9fdfdaed2,Vodafone Egypt,Telecom,1,2026-09-03,تطبيق زباله,Negative
83e4907e-596f-4d67-afcb-279fc16f8073,Vodafone Egypt,Telecom,1,2026-09-03,شركة نصابة اجى النهارده اشحن رصيد صافى ٥٠ج ولسة بحاول اعمل مكالمة هاتفية يقولوا الرصيد خلص حسبى الله ونعم الوكيل,Negative
11345958-1294-4d3f-be7e-932bafd8c79b,Vodafone Egypt,Telecom,1,2026-09-03,تحديث الاخير سيء جدا التطبيق طول الوقت في مشاكل,Negative
bf628bae-0286-448e-a98b-3a3d88fc3db5,Vodafone Egypt,Telecom,5,2026-09-03,المعاملة سهلة جدا على البرنامج ومضمون جدا وشكرا,Positive
15a6f3a8-6835-493d-aa85-4c243afde567,Vodafone Egypt,Telecom,1,2026-09-03,اخر تحديث سيئ جدا واخطاء كتيره وحوارات,Negative
9b868626-dd1e-42ec-8536-947ffad98596,Vodafone Egypt,Telecom,5,2026-09-03,ممتاز,Positive
84ddb0d5-3f5d-490d-b55e-9da00e0d8dac,Vodafone Egypt,Telecom,5,2026-09-03,نحكم ٠,Positive
0f085589-813b-45a8-ba1a-00fc13409b55,Vodafone Egypt,Telecom,5,2026-09-03,سمعت ان فى كلام داير عليا وضحكت لما عرفت الكلام ده برومبت مخصص لتيك,Positive
c718f5b0-4a57-4e40-b21d-47ff2e56d4b3,Vodafone Egypt,Telecom,3,2026-09-03,تمام,Neutral
f39fe1cd-7fc4-465e-890d-0d06b78d0350,Vodafone Egypt,Telecom,5,2026-09-03,ممتاز,Positive
6766a40f-65fa-4b14-af17-f542eb38f816,Vodafone Egypt,Telecom,1,2026-09-03,زباله بمعني الكلمة وشركة زبالة وانصح عدم التعامل معها نهائيا,Negative
76c790cd-e2d7-4768-8934-970b0372ce88,Vodafone Egypt,Telecom,1,2026-09-03,اي راعي للأهلي بسيبه وان شاء الله هسيبكم قريب,Negative
892cee65-bde6-4713-bb79-52f069827056,Vodafone Egypt,Telecom,1,2026-09-03,سيأ جدأ ما يشتغل بشكل طبيعي,Negative
e5f80e5f-c35b-4f97-8eeb-c01a004a04f2,Vodafone Egypt,Telecom,4,2026-09-03,خدمه ممتازه,Positive
50489225-2ca5-437c-bae0-f165a0726be2,Vodafone Egypt,Telecom,1,2026-09-03,تطبيق سيئ جدا مازال التطبيق سئ جدا جدا مازال الموقع فى منتهى السوء لماذا ترسلون الرساله الاتيه ولاتنفذوها ؟! لانك عميل جيد جالك كوبون خربشة الكارت ولاتنفيذ جدا التطبيق مازال فى منتهى السوء,Negative
920ab8c9-4152-47d1-bb82-94133698bdd8,Vodafone Egypt,Telecom,1,2026-09-03,منتهي العبث,Negative
fff07e90-7ef4-4705-8365-be3d787aefce,Vodafone Egypt,Telecom,5,2026-09-03,د. و,Positive
0bb23218-c381-4b52-87fc-1a99ee0e5745,Vodafone Egypt,Telecom,5,2026-09-03,mmtaz,Positive
7d308e3f-dba8-4fc9-8978-389ac11da4c2,Vodafone Egypt,Telecom,1,2026-09-03,التطبيق بقي سيئ جدا جدا جدا,Negative
2543c31f-fa0e-45fa-a2f9-69c61b44820a,Vodafone Egypt,Telecom,5,2026-09-03,ممتاز,Positive
b69151c1-e0ab-4036-a76d-d924fd4fd360,Vodafone Egypt,Telecom,1,2026-09-03,اسوء تحديث في حياتي مش بيفتح من غير نت وبيعلق كتير وبيفصل ام النت يخلص,Negative
792cac96-7edc-49a1-9e19-db36476322c5,Vodafone Egypt,Telecom,5,2026-09-03,ددد,Positive
024c4acd-59f9-4e7f-b7bd-491063a61fc6,Vodafone Egypt,Telecom,5,2026-09-03,خير,Positive
2777ce3e-1f4a-4a34-8a83-bd7f5699d731,Vodafone Egypt,Telecom,1,2026-09-03,هناك عطل في محفظة فودافون كاش وعملي في كامل ايقونات المحفظة ولا يمكنني الضغط اي اي زر,Negative
3eeb9784-25ec-4a54-b0bc-8e6eb0137bbd,Vodafone Egypt,Telecom,1,2026-09-03,زي الزفت التطبيق بيطلب كلمة سر الجهاز عشان اعرف استهلاكي,Negative
e15f3330-148b-4215-9e2f-7a0da2a61598,Vodafone Egypt,Telecom,5,2026-09-03,ممتازه خدمه وعملاء,Positive
6fc80271-02dd-48dc-91b4-ca880485dab5,Vodafone Egypt,Telecom,1,2026-09-03,تقيل قوي والشبكه وحشه,Negative
26a8b59f-c425-4e9a-9989-000ea0a321d7,Vodafone Egypt,Telecom,5,2026-09-03,روعه روعه روعه,Positive
393fa9bc-ca0a-4156-8a80-374d674447f5,Vodafone Egypt,Telecom,5,2026-09-03,كويسه,Positive
86800206-bfae-4b5e-8011-a8c88c5dd500,Vodafone Egypt,Telecom,1,2026-09-03,تجربة سيئة جدا,Negative
165283df-3a45-4bb8-99e3-e9e069f6302c,Vodafone Egypt,Telecom,5,2026-09-03,ممتازه,Positive
a551d198-ea3e-4286-b5cd-b32bc998776c,Vodafone Egypt,Telecom,5,2026-09-03,جمييييييييييييييئل جداجدا را ع,Positive
84a35347-cd37-4076-aae0-068b44e4dc5a,Vodafone Egypt,Telecom,5,2026-09-03,تتطبيق رايق بس ياريت ينزلو هدايه كتير,Positive
0da5de30-2018-448c-acfe-f4283d151e9e,Vodafone Egypt,Telecom,5,2026-09-03,كويس,Positive
c81b2863-5f6d-4039-ba4b-67d414ebb0a4,Vodafone Egypt,Telecom,1,2026-09-02,بيهنج,Negative
3b4a8fcc-0fe0-49d1-abb6-d708bd9cd1b1,Vodafone Egypt,Telecom,1,2026-09-02,التطبيق حلو جدا بس في مشكلة واتمني تحلوها انا كان عندي حساب عادي فجيت في يوم بفتحوا عادي مرضيش يفتح وقالي انتهت صلاحية الاستخدام وكل ما اجي افتح يقفل فمسحتوا شهر وقلت اجرب كل ما اجي اكتب كلمة المرور ميرضاش يكتب معرفش ليه والموضوع ده بقالو سنة وزهقت واتخنقت😤,Negative
7344637b-d0ea-42ce-aecc-ae5a6fc60c30,Vodafone Egypt,Telecom,5,2026-09-02,التطبيق أصبح سيء بعد التحديث الجديد,Positive
3b16d79a-6a3b-4efc-97c7-5b33fe0fb1c3,Vodafone Egypt,Telecom,5,2026-09-02,تحت التجربة,Positive
15aaee51-487f-4e64-a248-7009363f93e8,Vodafone Egypt,Telecom,3,2026-09-02,عندما اتي احول مال لاحد يقول عفوا لقد حدث خطا مع ان معي رصيد,Neutral
5d172bbf-e9a8-4db8-a92d-993dc9ccf264,Vodafone Egypt,Telecom,1,2026-09-02,والله النجمه دى حرام عليكم ولا تستحق ها بقتوا برنامج زباله ي شركه زباله اتفوا,Negative
daca314b-2cd4-440f-bc69-09b42b874240,Vodafone Egypt,Telecom,1,2026-09-02,تطبيق معلق حتي بعد التحديث مش بيجبلي استهلاك الباقة مهما حدثت الصفحه جالي هدية عاوزة اشغل منها بدل ما يسحب من الباقة الاساسية مش بيجليلي حاجة خااص,Negative
3830f28b-5c41-4696-aecb-5b15117d7030,Vodafone Egypt,Telecom,5,2026-09-02,لايوصف,Positive
20b73239-62d3-4317-956d-7e723a5e63d2,Vodafone Egypt,Telecom,5,2026-09-02,ممتازة,Positive
68ef3923-06e6-43ac-891b-e30d5ee75724,Vodafone Egypt,Telecom,5,2026-09-02,حلو اوي,Positive
1dc18353-d65d-4ddd-9418-0da0b4261885,Vodafone Egypt,Telecom,1,2026-09-02,صفحه فودافون كاش واقفه خالص مش نافع استخدم فيها حاجه وعامل اخر تحديث وعملت مسح البيانات المشكله مستمره وعند اصحابى نفس المشكله,Negative
a42e0b73-5e70-413d-aded-8d429903d30c,Vodafone Egypt,Telecom,1,2026-09-02,أسوء تجربة مع التطبيق فجأة اتقفل على ولازم ادخل النمرة ثم كود ثم كلمة مرور مهما دخلتها متوسطة ومش مقبولة ايه الاختراعات دى مش كفاية فودافون شغالة بالغصب مع العملاء توقف تفعيل باقات وتفرض على العميل العروض انا زهقت جدا وقريبا جدا سوف أحول الى اورنج او اتصالات,Negative
80f92009-1f3d-4a3c-9d58-8db5213e8334,Vodafone Egypt,Telecom,5,2026-09-02,،⁦:-P⁩⁦:^)⁩⁦:^)⁩⁦:^)⁩,Positive
16df1755-8519-4826-bb41-48f48c1705cf,Vodafone Egypt,Telecom,5,2026-09-02,عادل,Positive
a581a72f-c6af-4762-979d-728412cb5a27,Vodafone Egypt,Telecom,1,2026-09-02,تطبيق مش كويس,Negative
a075bf4f-acc2-457f-95ec-5f78df7b085d,Vodafone Egypt,Telecom,5,2026-09-02,جميل,Positive
5e50c36c-08ab-4941-aa70-e7415022433f,Vodafone Egypt,Telecom,5,2026-09-02,محمدناصربدر,Positive
48721806-628a-4dda-ab82-41dae28daf89,Vodafone Egypt,Telecom,2,2026-09-02,سيء اولا أصبح لا يوجد كوبونات بعد تفصيل العروض ودة عدم مصداقية ثانيا قسيمة طلبات هدية عرض الصيف موجودة اسم فقط ولم تأتى رسالة ف بالكود ولا يظهر الكود ع التطبيق يظهر حدث خطأ طب ادتوها لي من الاول دة أيضا عدم مصداقية,Negative
1b72e050-8b41-4243-af8a-4957b3dccb34,Vodafone Egypt,Telecom,5,2026-09-02,هايل جدًا,Positive
77c82b04-cf0c-484e-85d1-60fb439f8969,Vodafone Egypt,Telecom,4,2026-09-02,كويسة جدا,Positive
b41b2911-71d1-4a49-a8a5-523528ef4bfd,Vodafone Egypt,Telecom,1,2026-09-02,الكود بتاعي مش عايز يظهر ولا اتبعتلي في رساله,Negative
dec71bac-694d-4a6d-a610-ae6c5d4e09cd,Vodafone Egypt,Telecom,5,2026-09-02,إنه تطبيق جميل لاكن الغوا ميزت اول مره تحمل التطبيق تكسب 2 جيجا,Positive
2cf865be-ecce-4422-98d4-e84cfc660a84,Vodafone Egypt,Telecom,5,2026-09-02,جميل جدا والله العظيم,Positive
78590b21-8788-4708-b7bf-79b1b84e85d5,Vodafone Egypt,Telecom,1,2026-09-02,دلوقتي في حد حلول لي فلوس وصلت لي رسالة بالتحويل لكن ما وصلش المبلغ في المحفظه و مره حولت 2000 جنيه وصلوا لشخص التاني 4000 اي ده حاولوا تحلوا المشكله,Negative
a550ff32-ea91-48d4-a081-67c215c05d51,Vodafone Egypt,Telecom,1,2026-09-02,فاشل بصراحه كل عمليها خطأ مش عارف اشحن من عليه وميستحقش نجمه اصلان,Negative
62469b04-a926-46dd-afaf-382bea44f879,Vodafone Egypt,Telecom,1,2026-09-02,الابلكيشن بيخرج لوحده,Negative
6f6f0db3-71b0-4d1a-907c-f9189c01da78,Vodafone Egypt,Telecom,2,2026-09-02,التطبيق بقا وحش جداً وبقا تقيل والمميزات قليله خالص وكل م ادخل علي اي خدمه يقلي عذراً لقد حدث خطأ ما,Negative
dbfb7d31-2713-44c5-8cf9-c5c0c2f30112,Vodafone Egypt,Telecom,5,2026-09-02,ممتاز,Positive
6e6025ab-9ff5-4d3f-ad13-7d0086743a88,Vodafone Egypt,Telecom,1,2026-09-02,تجربه سيئه جدا حسبنا الله ونعم الوكيل فيكم كل شويه اشحن وتسحبه الباقه واتكلم و اشتكي ولا في اي رد يعني سرقه عيني عينك,Negative
66319c0c-d97f-4d80-94fc-e3ff8d721b04,Vodafone Egypt,Telecom,5,2026-09-02,ممتازة,Positive
54b1dfdd-c9f5-4b8f-a52d-4cfcaa832247,Vodafone Egypt,Telecom,1,2026-09-02,التحديث الاخير وحش جدا وطول الوقت التطبيق مش شاغل,Negative
01d71ab7-0c14-4643-a7d9-dd2929137ab2,Vodafone Egypt,Telecom,1,2026-09-02,التطبيق سيئ جداجدا والمحفظه وافقه ومش شغاله,Negative
515e91c5-de73-4759-a4de-00bbb8dd120e,Vodafone Egypt,Telecom,1,2026-09-02,غير مفيد بجد حاجه وحشه قووووي,Negative
c68f26a4-7633-45b4-8b8b-4f1df79d6113,Vodafone Egypt,Telecom,1,2026-09-02,التحديث الاخير سئ وغير فعال وغير قادر ع اضافه حسابات اخرى وعدم القدره ع كتابة الباسورد نرجو تلافى هذه المشكله ف اقرب وقت,Negative
1a1d57af-7877-44ea-a9bc-d2b542602410,Vodafone Egypt,Telecom,5,2026-09-02,رائع رائع,Positive
105434ea-ca12-4ad0-8483-ae56eb5aa4a7,Vodafone Egypt,Telecom,4,2026-09-02,منتع,Positive
57c56626-e1be-40fa-987c-01ec2064f010,Vodafone Egypt,Telecom,1,2026-09-02,التطبيق لا يعمل!؟؟؟ مع الشكر تحياتى,Negative
719edbbb-6e2b-4cc7-89aa-c6e419f8dc54,Vodafone Egypt,Telecom,5,2026-09-02,ممتاز,Positive
ff777dee-5d6a-42b7-9566-e53e84f22148,Vodafone Egypt,Telecom,4,2026-09-02,اواجه مشكله لازم اسجل الدخول كل مره ولازم افتح البيانات,Positive
c0556922-8af3-4e3f-b2ed-53fa82ce1b38,Vodafone Egypt,Telecom,5,2026-09-02,سي,Positive
c42d1b03-c081-474e-aa41-860f6703a578,Vodafone Egypt,Telecom,5,2026-09-02,تمام,Positive
aca7fed6-bc28-4b9b-a656-144aab93ab2e,Vodafone Egypt,Telecom,1,2026-09-02,الموضوع مش محتاج تواصل لما برنامج يفقد عن وظيفته زي الشحن عن طريق فودافون كاش يرفض بحجه تحديث البيانات تيجي تحول من فودافون كاش بيقول لك تحديث البيانات امال ايه لازمه التطبيق كده مدام هو مش بيعمل الوظائف البداهيه,Negative
064adb57-74ed-4eed-8730-cf0cd371c8c3,Vodafone Egypt,Telecom,5,2026-09-02,ةىىرررلى,Positive
c9a53dc5-afce-4bb7-805f-f9fcaff4ff8a,Vodafone Egypt,Telecom,1,2026-09-02,التطبيق سيئ جداً ومش بيشتغل,Negative
b906efd3-961e-45e8-b7e6-f9211e4efa23,Vodafone Egypt,Telecom,5,2026-09-02,ممتازه,Positive
d6aa4a82-293b-48a5-9735-c9f8ab753d08,Vodafone Egypt,Telecom,1,2026-09-02,التطبيق بقى زي الزفت بعد التحديث خدمات فودافون كاش مبتفتحش نهائيا,Negative
37fc3dca-ca38-411b-ae79-daf4cb8b61e3,Vodafone Egypt,Telecom,1,2026-09-02,اصبح سئ كل مره يطلب رقم السري ويقفل لوحده,Negative
0d7b4c16-1188-4b97-943b-f99f2cd79bd3,Vodafone Egypt,Telecom,1,2026-09-02,جيد جيد,Negative
911eac2e-563f-4be1-950c-10a0f69dfe01,Vodafone Egypt,Telecom,5,2026-09-02,تحديث,Positive
7502772c-454f-4d67-81dc-111c116fb0af,Vodafone Egypt,Telecom,3,2026-09-02,ع ما يرام,Neutral
7fc0ad41-4b17-4a24-9445-8d945104beed,Vodafone Egypt,Telecom,1,2026-09-02,بعد التحديث أصبح سيء في استخدام المحفظة وللعلم تم فتح التطبيق ببيانات الهاتف ويقوم بفتح واجهة فودافون كاش إلا أنه يصاب بالشلل ولا استطيع اختيار اي خدمة سوى الرجوع لواجهة انا فودافون,Negative
0574fdd6-73d5-47fb-96f9-502cd6826526,Vodafone Egypt,Telecom,5,2026-09-02,محمد عبد الحميد غتيم,Positive
9ef1104d-31ec-49a5-90ea-d4f4d3bfbfad,Vodafone Egypt,Telecom,5,2026-09-02,جيد جدا ممتاز,Positive
67d175d2-3711-40c0-8e09-20f8d62bb895,Vodafone Egypt,Telecom,5,2026-09-02,غلوش,Positive
20fc6cfb-cd3e-468b-85e5-39c8ba097676,Vodafone Egypt,Telecom,5,2026-09-02,حماده.مكوه,Positive
60050f28-420d-439c-8444-896326cf4011,Vodafone Egypt,Telecom,5,2026-09-02,nice 👍,Positive
8b1d0ebf-4c9d-461a-8700-c24f91f650ef,Vodafone Egypt,Telecom,1,2026-09-02,التحديث الأخير لا يعالج مشكلة الإيداع بالكارت تعطى رسالة خطأ,Negative
3c07c83e-a499-45f3-9729-43374562dff4,Vodafone Egypt,Telecom,1,2026-09-02,اسوء حاجه حصلت,Negative
c27b9ca9-ec05-408b-be1b-26e20ab3b3a3,Vodafone Egypt,Telecom,5,2026-09-02,ممتاز وسريع وأمن,Positive
146b6d8a-7b88-45d6-8045-cb78728b45f1,Vodafone Egypt,Telecom,1,2026-09-02,لالالالالالالال,Negative
d6283b96-51fb-4152-952c-ada4403373dd,Vodafone Egypt,Telecom,1,2026-09-02,سىء جدا بعد التحديث الاخير,Negative
e9590cfa-c8de-41e4-b10c-8fd66501c9bc,Vodafone Egypt,Telecom,1,2026-09-02,الطبيق في مشكل كتير و مش مستجيب مع فودفون كاش او شحن البقات او حاج كانو حاجه ياريت تحديث سريع عشان كده مش هينفع عملت اخر تحديث و عملت حزف التطبيق و حزف البينات و اقاف اجباري و مفيش فيده ياريت ترجعو انتو بينتكم,Negative
61e3c187-7927-4063-9a5d-e625eadaba98,Vodafone Egypt,Telecom,1,2026-09-02,التحديث الاخير مش شغال,Negative
13984db3-d738-4057-9cfa-d01fd808a278,Vodafone Egypt,Telecom,1,2026-09-02,شركه نصابه اقسم بالله وتستحق الدفن انا هفضحكم يا نصابيين,Negative
1945b983-c037-4f8c-98a2-5d628eb1da9d,Vodafone Egypt,Telecom,3,2026-09-02,سئ جدا جدا جدا,Neutral
333a99c2-3ebb-4430-b99d-9d91b41e95c1,Vodafone Egypt,Telecom,5,2026-09-02,تطبيق اكثر من رائع ساعدني كثير في حياتي اليوميه شكرآ انا فودافون 🤍🤍,Positive
3bf43354-62f5-4afe-9e42-d483fa989ab0,Vodafone Egypt,Telecom,1,2026-09-02,التحديث فى خطأ ارجو الاصلاح فورا جربت مسح البيانات مافيش فايدة,Negative
c379f8df-abd9-44fe-9355-e769d3c27ad8,Vodafone Egypt,Telecom,1,2026-09-02,من سيء الي اسواء,Negative
6b810679-689d-4c9e-bde2-dcd68d1d123e,Vodafone Egypt,Telecom,1,2026-09-02,محمد محمود الطبلاوي,Negative
1f51f53a-292f-427c-aa7d-be446664ffdf,Vodafone Egypt,Telecom,1,2026-09-02,التطبيق سئ جدا اول مره اعمل محفظه علي ڤودافون كل شويه يقولي حدث خطأ أو حاول مجددا ومش عارفه احول لاي حد وتجربه ندمانه عليها,Negative
45f418e5-2f2b-4042-9ce7-a091bd55d45e,Vodafone Egypt,Telecom,5,2026-09-01,برنامج رائع,Positive
5bb46046-4b57-4921-a835-4ea18cb6417e,Vodafone Egypt,Telecom,5,2026-09-01,جيد جدا,Positive
be564975-d434-44bb-a356-248e3f8a9825,Vodafone Egypt,Telecom,4,2026-09-01,😊,Positive
44465de3-67d2-46b7-a3b7-fa4ca34c2f3a,Vodafone Egypt,Telecom,4,2026-09-01,تطبيق سهل الاستخدام وجميل,Positive
c70eae38-12fb-4f73-bfd8-44be367e6f61,Vodafone Egypt,Telecom,5,2026-09-01,زي العسل في الخدمات,Positive
76211a81-3a8e-41c3-916f-82362b4cfb07,Vodafone Egypt,Telecom,5,2026-09-01,تمام,Positive
9ecd2cd3-b847-411a-a53e-d8eb5e106947,Vodafone Egypt,Telecom,1,2026-09-01,لا يشحن كارت الكهرباء بالرغم من ان الكارت مفعل خاصيه الشحن عبر خدمه nfc والهاتف يدعم الخدمه وكذلك الكارت والتطبيق يقولي الكارت غير مفعل الخدمه مع اني باشحن من تطبيق سهل عادي... نرجوا حل الامر,Negative
5bb4ed8b-7692-4205-a273-28566ed0371f,Vodafone Egypt,Telecom,1,2026-09-01,تطبيق سيء لا يمكنني تسجيل الدخول,Negative
248e32dd-b260-4371-ac12-b4e624330588,Vodafone Egypt,Telecom,5,2026-09-01,حلو,Positive
2abdadb8-5314-4556-9e8e-d7f783d1ad8c,Vodafone Egypt,Telecom,5,2026-09-01,جميل جدا,Positive
a48f8807-dccf-42a9-af59-dde266371821,Vodafone Egypt,Telecom,5,2026-09-01,هذا التطبيق العملي رائع جدا,Positive
0f05cb4d-6711-4e3e-90fc-d19caf08feac,Vodafone Egypt,Telecom,5,2026-09-01,،،متفوتش🌪️🎯لحظه،،,Positive
84244c9d-a6c9-4511-b585-87e9ff8a8032,Vodafone Egypt,Telecom,5,2026-09-01,ايمان,Positive
a791bc54-5ac9-4312-b162-beb599445e86,Vodafone Egypt,Telecom,5,2026-09-01,ممتاز,Positive
3e8705e6-efa0-49ad-be92-4a46e7a46c83,Vodafone Egypt,Telecom,5,2026-09-01,ممتازة,Positive
1b39d7fa-565f-4fc2-bf58-d5443526b914,Vodafone Egypt,Telecom,5,2026-09-01,ممتاز,Positive
47121ba7-05bd-4d48-bba0-064beb34f090,Vodafone Egypt,Telecom,5,2026-09-01,تجربه جيدة,Positive
8e99e1e5-b96c-4fa9-910a-782dbbb51caa,Vodafone Egypt,Telecom,1,2026-09-01,اخر تحديث للتطبيق سئ جدا,Negative
6378ff68-f62c-4db2-9c41-9d6ff1f9c857,Vodafone Egypt,Telecom,2,2026-09-01,عملت كل ده ولما دخلت عشان اكلم خدمت العملا قلولي بل فعل المشكله من عندكم بس بردو قلو في خلال 24 ساعه يكون شغال انا بقيلي شهر تالت اهو عايش علي نفس المشكله,Negative
56abd050-1736-4b41-9cba-c20b0457c2f4,Vodafone Egypt,Telecom,5,2026-09-01,ممتاز,Positive
ec2a9fd9-8101-4b8c-a8cd-5ff617c1e88a,Vodafone Egypt,Telecom,5,2026-09-01,ممتاز,Positive
c519b24f-4b76-44f2-88da-8b32f12db2cd,Vodafone Egypt,Telecom,5,2026-09-01,فيه مشكله الموبيجي اغير الحسابات مبيغيرش حلو المشكله بسرعه,Positive
1ae3e06f-396a-4c6d-9790-a7aac6c0d622,Vodafone Egypt,Telecom,5,2026-09-01,جيد⁦❤️⁩,Positive
fddf1146-7b7a-4bd3-85d9-1a360bddfcbf,Vodafone Egypt,Telecom,5,2026-09-01,تمام,Positive
48dc1ecf-6008-42ee-9f66-1c3c05c5bd2c,Vodafone Egypt,Telecom,5,2026-09-01,التحديث الجديد ممتاز جداً,Positive
5d310f31-aede-4ac3-8ac1-7720c75e915a,Vodafone Egypt,Telecom,5,2026-09-01,جميل,Positive
f77d3f0a-8dd1-4340-ba8a-0416835c4f74,Vodafone Egypt,Telecom,5,2026-09-01,ممتاز,Positive
0a35858e-7a8c-439e-81fc-4dc8dde7cbed,Vodafone Egypt,Telecom,3,2026-09-01,للأسف كان من افضل التطبيقات في التشغيل والتعامل ولكن اصبح ثقيل ياريت يرجع مثل ماكان عليه,Neutral
2f339e48-7088-450e-afea-bf28fbb44ea3,Vodafone Egypt,Telecom,1,2026-09-01,برنامج زباله وشركه ازبل والله,Negative
51a5da32-14de-424a-b46d-ab18c1ad403a,Vodafone Egypt,Telecom,5,2026-09-01,جيد,Positive
7c737dd8-bf25-497f-9798-775e1bccc6d7,Vodafone Egypt,Telecom,1,2026-09-01,تطبيق سيء جدا وكثير التهنيج حتى في ارسال الاموال,Negative
3ad46ef4-6e15-488c-86ce-c9d8df7bbd7a,Vodafone Egypt,Telecom,5,2026-09-01,جميل,Positive
38c666e4-8e79-4b48-ae04-5a9929a294fd,Vodafone Egypt,Telecom,4,2026-09-01,جالي قسيمة شراء 200من طلبات كل ما افتحها يقولي حدث خطأ,Positive
11e0bcbc-8d41-472b-94aa-fd0efcb6117d,Vodafone Egypt,Telecom,1,2026-09-01,يعنى ايه كل شوية ادخل رقم الموبايل ثم كود ثم رقم سرى التطبيق المفروض لخدمتك التطوير لا يخدمنى فى شئ بالعكس لغيت التثبيت وقريب هلغى فودافون وهحول لاورنج,Negative
38d32d6e-961e-4015-a8df-d02a0d55f5aa,Vodafone Egypt,Telecom,1,2026-09-01,ولا نجمة يستحقها تطبيق سيئ جدا جدا و كمان شركة فودافون كلها مش التطبيق كاذبين جدا وغير صادقين ينصبو على الناس و الهداية غير صادقة و الانترنت يخلص بسرعة جدا جدا و حاجة مقرفة ولا مجمة يستحقها هي نجمة واحدة عشان التعليق ينزل فقط لا غير,Negative
18a486f5-7620-49d4-a99c-998d25a49dbb,Vodafone Egypt,Telecom,5,2026-09-01,فودافون شبكة جميلة من وصلت مصر ماغيرتهاش,Positive
bcbecc73-f2d1-4f92-adff-863bc9f4e375,Vodafone Egypt,Telecom,5,2026-09-01,ممتاز,Positive
5183740f-0339-4cdb-a26c-2320a273abc2,Vodafone Egypt,Telecom,1,2026-09-01,اخر تحديث سئ جدا جدا جدا جدا كل ما ادخل علي تحويل أموال اخرج تاني,Negative
f4ce2de0-eb05-4940-85fa-4244bc10e504,Vodafone Egypt,Telecom,1,2026-09-01,أذن ان بتم شحن باقه انتر نت ب 175 جنيه وعند الشحن بيتم اخذ 250 جنيه ضريبة لاسف هذة غير مقبول لان بتاخد ضعف ضعف الباقه حسبي الله ونعم الوكيل في فودافون غير مقبول بتاخد ضريبة اكتر ما تعطي فليكسات,Negative
f963c806-cce9-41a8-a3ce-ab533f386379,Vodafone Egypt,Telecom,1,2026-09-01,بقيلي فتره مش عارفه ادخل علي خدمه المحفظه خالص,Negative
5155b01e-50de-4eee-a5d4-c220489c0357,Vodafone Egypt,Telecom,5,2026-09-01,سهل الاستخدام🇪🇬🌹,Positive
ad15cd85-e908-41d4-b8a4-206346b6e944,Vodafone Egypt,Telecom,5,2026-09-01,جيد,Positive
76c065f3-ad0a-4542-be01-79bbfa7166ef,Vodafone Egypt,Telecom,1,2026-09-01,سئ جدا ومش شغال بالتحديد إدارة الباقه,Negative
ad5d2ea6-980e-4b96-a899-e2c62e5513b3,Vodafone Egypt,Telecom,5,2026-09-01,انه يساعد علي معرفة رصيد ومعرفة تحكم في خط وانا ارشح ان كله يستخدمه,Positive
224d0da3-7d49-4a3d-ac95-eda5aceaf629,Vodafone Egypt,Telecom,5,2026-09-01,جيده جدا,Positive
eda75e15-e0f0-4621-bcfc-3275e97c0e50,Vodafone Egypt,Telecom,5,2026-09-01,هناك مشاكل في التطبيق من حيث عدم تحديث الصفحات بالابلكيشن عدم معرفة الرصيد المتبقي او الفلكسات,Positive
3a8e25af-5129-491b-8890-d525f30b33f2,Vodafone Egypt,Telecom,5,2026-09-01,تطبيق ممتاز,Positive
14ccc817-4c59-47aa-b76a-16c8623a42c7,Vodafone Egypt,Telecom,5,2026-09-01,رائع,Positive
cdc0d7ed-e1ec-4782-8833-d91a129d4843,Vodafone Egypt,Telecom,3,2026-09-01,هو كويس وكل حاجه لاكن انا منزله آخر تحديث ومتحدث والشبكه كويسه ليه بقي لما ادخل عليه علشان عرض الاستريك وانا لسه شاحنه وبشحن كل يوم كرت فكه وبحاول ادوس علي نبدأ علشان ابعت لشخص علشان نكسب بيقولي روح اشحن كرت او جدد وانا ببقي لسه شاحنه بقفل البرنامج وافتحه تاني ولسه بيجبلي روحي اشحني وانا لسه شاحنه واعمل تسجيل خروج وادخل تاني وبعينو ومش عارفه في اي والغلط فين وجربت علي تلفون تاني وخط تاني المشكله هي هي,Neutral
9c62708a-a324-4ea6-a5d2-3e0a25ff53f4,Vodafone Egypt,Telecom,1,2026-09-01,تطبيق زفت وشركة حرامية,Negative
6e425650-2ad0-4fcb-8142-66029ad72109,Vodafone Egypt,Telecom,3,2026-09-01,خطي منذ كان اسمه كليك وحدث معي حصولي علي الهدابا عن طريق كود واستلم الهديه وبمجرد عمل مكالمه تخصم من الباقه وليست الهديه علما ان الهديه 1000وحده لمدة 24ساعه رغم طلبي رقم 1234خدمة العملاء لكبار السن الا ان المشكله لاتحل وأخر شئ عوقبت نإيقاف محفظتي بدون طلب مني ذلك ارجو حل المشكله,Neutral
1ec60169-6e3d-45e6-a734-16dec07e153a,Vodafone Egypt,Telecom,5,2026-09-01,good,Positive
0ee81204-64b9-4cdc-be6a-62a9e61058cb,Vodafone Egypt,Telecom,1,2026-09-01,التطبيق سئ جدا علطول مهنج ويقول عذرا لقد حدث خطأ,Negative
ef0118cc-129d-4d13-b06e-e9b814ec44eb,Vodafone Egypt,Telecom,3,2026-09-01,مع آخر تحديث في محفظة حصلت مشكله ان مش بيرضي يشحن كرت كهرباء مع ان قبل آخر تحديث كنت بشحن كرت كهرباء عادي,Neutral
6668a2dd-ab46-4eac-920f-5d876aabaf9c,Vodafone Egypt,Telecom,1,2026-09-01,ابليكشين مش بيشتغل بسرعه وبيعطل كتير الواحد زهق من التطبيق والشركه,Negative
c0da4951-df78-4176-a70a-d8d882720292,Vodafone Egypt,Telecom,5,2026-09-01,جيد جدا,Positive
547c78ba-b921-4e7a-817b-244d3dcbb0e6,Vodafone Egypt,Telecom,5,2026-09-01,التحديث الجديد سيئ,Positive
ebb30f4d-b821-4fd5-94cf-860b75e2ffc8,Vodafone Egypt,Telecom,1,2026-09-01,مش بيفتح من وقت نزول التطبيق مسجلتش الرقم من فضلك عايز رد,Negative
d739f604-1da0-4617-bddf-5b29d4434c6d,Vodafone Egypt,Telecom,1,2026-09-01,عندما ادخل علي تفصيل العروض وافصل اي عرض لا تتم العملية يبدو أنه هناك خطاء في التطبيق,Negative
f1106e11-8b85-44b0-add4-4851f3c0e400,Vodafone Egypt,Telecom,1,2026-09-01,البرنامج كل شويه يعلق لازم ارستر الجهاز عالشان يشتغل حاجة سئ جدا,Negative
3341d7a1-8ae7-4ef7-a767-4ef13b305bc1,Vodafone Egypt,Telecom,1,2026-09-01,شركة غير صادقه في عروضها,Negative
59e15921-7c86-4d83-a522-2210795824d5,Vodafone Egypt,Telecom,3,2026-09-01,عملت كل ده ومش بتتعمل لا عروض ٣٦٥ ولا كوبانات الهدايا بتجى,Neutral
c7e0f355-b0b0-4ffd-b4e9-e6ace9c90fa8,Vodafone Egypt,Telecom,1,2026-09-01,التطبيق كويس بشكل عام بس لما بعمل عروض من قسم فصل عروضك المنطقي أن يجيلي كوبون بس مش بيجي اي حاجه,Negative
55671467-5e4a-4426-a8ed-7771b4575f35,Vodafone Egypt,Telecom,5,2026-09-01,ممتاز جدا جدا,Positive
01b564ac-a2c2-468d-93ba-90937896a064,Vodafone Egypt,Telecom,1,2026-09-01,مفيش خدمة عملاء محدش بيحل خالص,Negative
378e7deb-02e3-4e46-9524-cc3b606d7d7b,Vodafone Egypt,Telecom,1,2026-09-01,عرض ال 365 مش موجود ليه,Negative
f6bfe761-78f5-4c35-bd8f-3b355e9ecbfe,Vodafone Egypt,Telecom,5,2026-09-01,ممتاز,Positive
494a9833-f226-49d2-8a4f-771002543390,Vodafone Egypt,Telecom,5,2026-09-01,ممتاز,Positive
5e5687cd-4f9c-451e-b1cd-12c927733fc5,Vodafone Egypt,Telecom,5,2026-09-01,really I'm loving this network,Positive
acac0ad8-1fb7-4326-8fe3-d496528d34f8,Vodafone Egypt,Telecom,5,2026-09-01,لحلي برنامج,Positive
d4ba30e6-7c96-4e06-87c5-b33f72c030fd,Vodafone Egypt,Telecom,5,2026-09-01,جيد جدا,Positive
a29ef4c3-7acc-4777-bac8-96f6db70bd65,Vodafone Egypt,Telecom,2,2026-09-01,دﮂلَآ نـ⭐️ـهّجـ⭐️ـ ٣ﺨتـ🌙ـتـ⭐️ـخـ⭐️ـآفـ⭐️ـتـ⭐️ـ⭐️ـآد فـ⭐️ـةّ قـ⭐️ـزِّفـ⭐️ـﭢﭢكـ⭐️ـ حـ⭐️ـ ٥زِّآتـ⭐️ـوٌ ى ىةّآتـ⭐️ـلَغـ⭐️ـتـ⭐️ـ تـ🌙ـعـ🌙ـڛ,Negative
f4214e0a-1d28-4c4b-a15e-079883d99e10,Vodafone Egypt,Telecom,1,2026-09-01,تطبيق وحش وحش وحش وشركة اوحش بحاول افتح التطبيق مش راضي يفتح ونت بيتسرق,Negative
662e355c-bd0f-4d62-98f8-6fa5cac6ae47,Vodafone Egypt,Telecom,5,2026-09-01,سيئ جدا وسحب منى الرصيد وعمل الغاء الباقه حسبي الله,Positive
441426e3-97bf-4afa-8297-9bbd9ac14722,Vodafone Egypt,Telecom,5,2026-09-01,جامد جدا,Positive
02afa57d-f49d-465f-b6f4-b8a9112db31e,Vodafone Egypt,Telecom,1,2026-09-01,أنا اواجه مشكلة بخصوص شحن الباقة من المحفظة عبر البنامج,Negative
7ef02e1c-1923-4505-afb2-dc451caf3648,Vodafone Egypt,Telecom,5,2026-09-01,تطبيق سهل جدًا فى إستخدامه ومفيد للغاية ولا يمكن الإستغناء عنه مطلقا,Positive
8dc97daf-0d37-41ce-9694-07238e1350b5,Vodafone Egypt,Telecom,1,2026-09-01,سئ بخدمة الكاش البرنامج لم يستجيب بخدمة فودافون كاش,Negative
96071e96-1f84-4f75-ae0c-e70c7456a140,Vodafone Egypt,Telecom,2,2026-09-01,فودافون كاش لايعمل بيظهر علي الشاشة رسالة فقط لايوجد فواتير مستحقة والخدمة لاتعمل حتي بعد التحديث وحذف بيانات التطبيق,Negative
2f2e60f4-ae21-40d2-bc3f-ed59c5e40cd0,Vodafone Egypt,Telecom,1,2026-09-01,واجب علي الشركه الرفع من كافه التطبيق العامل علي تقديم جوده أفضل,Negative
7090a4df-eb23-4c1c-ba87-e863fa5839b9,Vodafone Egypt,Telecom,5,2026-08-31,حلوه اوي,Positive
199ee62f-dd76-4497-b4e1-433990744ac7,Vodafone Egypt,Telecom,1,2026-08-31,السلام عليكم انا في مشكله عندي في التطبيق ويا ريت تقولها حل بحاول اعمل اي معاملات من على فودافون كاش داخل التطبيق مش راضي تجاوب معايا في اي حاجه لو المشكله متحلتش انا هوقف الخط وهلغي التعامل معكم,Negative
971e3f95-4341-4de7-9a81-e59c541d565b,Vodafone Egypt,Telecom,5,2026-08-31,جميل جيدا,Positive
43a94dc3-3813-4db0-9245-f66218f3c290,Vodafone Egypt,Telecom,5,2026-08-31,جيد,Positive
0beafdce-356a-4dfd-be2b-ed28d4eae536,Vodafone Egypt,Telecom,1,2026-08-31,اكتر حاجه مستفزه أن تشحن الكارت يقولك جالك هديه 150وحده ب300قرش اطلب *1# تجيلك رساله معاك دلوقتى 150وحده لمده ٦ساعات وتم خصم 150وحده من الكارت ماشيين على مبدأ اديك تقول مختش شركه مستفزه بصحيح,Negative
6de732b9-e305-4eeb-b094-3e9ceb39e261,Vodafone Egypt,Telecom,5,2026-08-31,جميل,Positive
740ba303-847f-4a34-b421-55c806a075d4,Vodafone Egypt,Telecom,5,2026-08-31,رائع,Positive
d6236614-25d1-470a-bbff-ab68d1c3c3a8,Vodafone Egypt,Telecom,5,2026-08-31,ممتاز,Positive
61b20391-db0d-4bb3-ab32-cadb0135a4b7,Vodafone Egypt,Telecom,5,2026-08-31,انهو رائع وجميل ولاتوجد مشكله,Positive
84cdf430-36e6-4f8c-8d1d-469a9afe4d9f,Vodafone Egypt,Telecom,5,2026-08-31,جميل اوي اوي,Positive
8d449c0e-7f71-4b03-b77f-1d01bd30babb,Vodafone Egypt,Telecom,5,2026-08-31,فودافون كاش احلى شبكه مريح مميزه وفيها صفات جميله في اداره تليفونك مساعده على التعامل من خلال تليفونك🌹🌹♥️♥️🎉🎊🌹♥️🎉♥️💥,Positive
e29f8440-9aea-463b-8cb4-654171ff98e9,Vodafone Egypt,Telecom,5,2026-08-31,جميل,Positive
15107858-fa0e-42ae-a3a0-be9ed2e8ac56,Vodafone Egypt,Telecom,5,2026-08-31,ممتاز,Positive
209cd26a-aa2a-4f2e-a183-2762c4033948,Vodafone Egypt,Telecom,5,2026-08-31,برنامج حلو جدا هدايا نت كتير قوي,Positive
dbb6f9f6-f76f-4dfc-8f65-75489b2af48a,Vodafone Egypt,Telecom,1,2026-08-31,فى التحديث الجديد الكوبونات موجودة بس مش شغالة,Negative
f3ba061e-1753-48d6-a3ee-1218ced96ed2,Vodafone Egypt,Telecom,5,2026-08-31,تمام,Positive
a3a27071-2937-465c-bb09-a812b2ad2b2e,Vodafone Egypt,Telecom,1,2026-08-31,تطبيق أسواء مايقال عليه فاشل,Negative
b5fd3da2-075c-41d9-9400-6e5ddb99f2a4,Vodafone Egypt,Telecom,1,2026-08-31,وحش,Negative
362bbf89-1111-4570-967b-c5c584022e43,Vodafone Egypt,Telecom,5,2026-08-31,تطبيق تحفه,Positive
935e2ea8-c916-45db-830e-f95afe345d98,Vodafone Egypt,Telecom,5,2026-08-31,good 😊👍,Positive
fe1fb690-9d48-4ca7-8651-d8303d2277ec,Vodafone Egypt,Telecom,5,2026-08-31,ك مميز,Positive
a7b1b9e9-f331-4247-b71a-97ed803481f2,Vodafone Egypt,Telecom,5,2026-08-31,جميله,Positive
e58f49f3-925b-4ff3-aa70-a394d9ec06a6,Vodafone Egypt,Telecom,1,2026-08-31,سىء جدا جدا مش راضى اعمل ليمت النت ولا بالكود ولا من التطبيق عشان الباقة تخلص فى الهوا,Negative
60f50c65-6898-4d34-a9b7-533ea6de0259,Vodafone Egypt,Telecom,5,2026-08-31,بالتوفيق الدائم أن شاء الله,Positive
83ca543e-2629-4cd2-a12f-48b6bb47c097,Vodafone Egypt,Telecom,5,2026-08-31,جييد,Positive
33d67902-473a-41b0-90f2-b0d93003e60a,Vodafone Egypt,Telecom,5,2026-08-31,روعه,Positive
ca2a87b0-7b5d-4493-9aa6-0d8ea705a97f,Vodafone Egypt,Telecom,2,2026-08-31,انا مش عارف اعمل ايه تانى فيه صعوبة فى الخطوه رقم ٤ لتصوير صاحب الرقم القومى صاحب الخطوط انا تقريبا بقعد نص ساعة ثابت وابعد الكاميرا واحط وشى فى الدائره الناس ملاحظه ان انا خلاص اتجننت,Negative
bfb41039-6880-4c55-8086-f14c569a8188,Vodafone Egypt,Telecom,1,2026-08-31,شركة زي الزفت,Negative
45728c65-6183-469e-85bf-7e3599960109,Vodafone Egypt,Telecom,5,2026-08-31,ممتاز,Positive
7bedd0e7-39dc-4d91-9b52-03d2e6b99aa0,Vodafone Egypt,Telecom,1,2026-08-31,كل شويه تحديث حرام سرقه بالإكراه,Negative
37956fc5-3c81-4db2-ae97-226164cdd59b,Vodafone Egypt,Telecom,5,2026-08-31,جميل,Positive
5b4416b0-671d-415c-9d1c-30f4673d6615,Vodafone Egypt,Telecom,5,2026-08-31,جيد وجميل جدا,Positive
4d199fbf-57f6-4ae1-82be-75639064ed12,Vodafone Egypt,Telecom,1,2026-08-31,التطبيق متوقف، ارجو معالجه المشكله,Negative
94c3193b-621d-4d5d-ba78-28f43265257d,Vodafone Egypt,Telecom,2,2026-08-31,تجربة العمل غير متوفر عروض مجاني ولا عروض كويسه,Negative
5e7966fa-68e7-4deb-ab81-8dfe2bf7820f,Vodafone Egypt,Telecom,5,2026-08-31,تجربه ممتازه,Positive
9e26ac8f-3f19-4bfe-8099-7c613f4af8e4,Vodafone Egypt,Telecom,5,2026-08-31,ممتاز جدا,Positive
8acf5b51-0e75-43d8-bad9-49b93aa0c650,Vodafone Egypt,Telecom,5,2026-08-31,حدثته ومش عايز يفتح,Positive
e126f755-b218-4326-a963-5601e7618f23,Vodafone Egypt,Telecom,1,2026-08-31,التطبيق حجمة كبير بالنسبة للاجهزة القديمة هل ممكن انشاء تطبيق جديد اصغر به الاساسيات بس,Negative
6958ce31-d1e1-4ee9-9cc6-a92736355a4a,Vodafone Egypt,Telecom,5,2026-08-31,تحفه,Positive
be222f01-e15d-40c7-b324-c589d4b14c53,Vodafone Egypt,Telecom,1,2026-08-31,التطبيق لا يستجيب داخل فودافون كاش بعد ظهور نافذة بعدم َجود فواتير مستحقة ولا أستطيع استخدام المحفظة من داخل التطبيق,Negative
e8f915be-92e4-466b-a79a-0c3d572bc486,Vodafone Egypt,Telecom,5,2026-08-31,لى كل شويه حدث,Positive
d702ae0b-d521-4b93-9125-c0387c91a024,Vodafone Egypt,Telecom,1,2026-08-31,عند فتح التطبيق لازم نعمل تسجيل دخول وي مبيقبلش لازم نمسحه وننزله من جديد,Negative
d65bf30a-bf0e-499c-99f4-87973ec37956,Vodafone Egypt,Telecom,1,2026-08-31,آخر تحديث المحفظه مش شغاله ومعلقه والشاشه متجمده ولايوجد اي استجابة,Negative
b4f7447e-a0ce-455b-9c0d-1fede23b5c77,Vodafone Egypt,Telecom,1,2026-08-31,وحش جدا وفودافون كاش بيعلق,Negative
5cefca4a-523e-467c-bdfa-31a7cfe88736,Vodafone Egypt,Telecom,5,2026-08-31,جود,Positive
c5f40eed-5c54-450f-bc50-8a1f0ce44df2,Vodafone Egypt,Telecom,5,2026-08-31,ممتاز,Positive
ac45fe21-dec4-4913-b5f8-91eb2fbe44e8,Vodafone Egypt,Telecom,5,2026-08-31,ممتاز جدن,Positive
0721b53a-8dc8-4c26-b174-e093014545b6,Vodafone Egypt,Telecom,1,2026-08-31,شركه حرامي في فودافون كاش فليكسات,Negative
3ba977c6-6900-4935-abe0-5acd3b89c599,Vodafone Egypt,Telecom,1,2026-08-31,تطبيق اصبح سئ جدا,Negative
db7e342c-4b6b-4c6f-9814-594d9d1a5048,Vodafone Egypt,Telecom,1,2026-08-31,التطبيق اصبح سئ جدا جدا جدا يظهر تحديث بتاريخ قديم ولازم ادخل امسح البيانات عشان يحدث كل مرة و راح عليا رصيد كتير بسبب الموضوع ده وكلمت خدمة العملاء بس للاسف مفيش حل,Negative
a2d922fd-d943-483a-950f-5bb2e811d7e1,Vodafone Egypt,Telecom,5,2026-08-31,جيد جدا,Positive
b098f3ef-9064-40a7-9005-5d8af97dff7c,Vodafone Egypt,Telecom,5,2026-08-31,ممتاز,Positive
d2927c91-8ad7-45ab-a432-11a2afc49d47,Vodafone Egypt,Telecom,1,2026-08-31,١..هي يعني شركه فودافون بتسرق العملاء بالإكراه انا مجدد باقه المكالمات وعندي رصيد اكتر من ٢٠٠٠ وحده والشركه ما رحلاتش الوحدات القديمه لما جددت الباقه ٢.. انا دخلت علي النت قبل ما اجدد باقت النت ولا اتفرجت علي اي فيديوهات ولا عملت اي دون لود والمسؤول عن السيرفر أو اداره الشركه اخدت ١٨ جنيه من الرصيد في ثلاث دقائق ما علما اني ما عملته اي تحميلات أو اتفرجت علي اي فيديوهات أو تحديثات رجاء من المسؤول ارجاع الوحدات القديمه اللي من المفروض انها تترحل ثانيا . الفلوس اللي اتخدت النت تترد وشكرا,Negative
3db2e68d-5504-4e27-9cd4-1b843af105c1,Vodafone Egypt,Telecom,1,2026-08-31,زفت الهدايا بتاعه العروض معدتش بتيجى لى خالص فودافون لا والف لا,Negative
ccb0f1af-2178-48fe-9b76-36d09711f015,Vodafone Egypt,Telecom,3,2026-08-31,يا ريت التطبيق يشتغل بدون نت,Neutral
46171717-f9b9-41b7-94cd-663bf91fbd63,Vodafone Egypt,Telecom,5,2026-08-31,جميل جداً جداً,Positive
78ee8ce2-6e4b-46cc-8061-749bd8bb9723,Vodafone Egypt,Telecom,2,2026-08-31,"عندي مشكلة في الكوبونات الخاصة بالعروض داخل تطبيق أنا ڤودافون. اشتركت في حوالي 10 عروض، وكان المفروض أن تظهر لي كوبونات الهدايا بعد الاشتراك، لكن لم تصلني أي كوبونات حتى الآن. وأحيانا أصلا لا يمكنني فتح قسم العروض لأنه بيقول ""حدث خطأ غير متوقع"" بمجرد ما أحاول أفتحها!!! وهذه المشكلة لا تقابلني أنا وحدي فقط بل تقابل أيضا أغلب أو ما يقارب كل المستخدمين! أتمنى حل المشكلة قريبا جدا.",Negative
c5e5fb22-01f3-4dfc-a103-3cc0eceaf1f7,Vodafone Egypt,Telecom,3,2026-08-31,بطيء جدا,Neutral
69865a12-f4b9-424b-97ce-04458015526c,Vodafone Egypt,Telecom,2,2026-08-31,التحديث الأخير الكوبونات مبقتش تيجي من عروض 365,Negative
05e58e99-78ea-42b7-93ef-61fb011550f0,Vodafone Egypt,Telecom,1,2026-08-31,التطبيق مليان أخطاء ارجو من المطور رؤيه تعليق التطبيق لا يعرض قسائم طلبات نهائيا والتطبيق اما تيجى تسجل الدخول لحساب تانى مايدخل كلمه السر,Negative
97661991-45dc-4318-a9a1-17cdc2dea237,Vodafone Egypt,Telecom,5,2026-08-31,فنان انا فودافون,Positive
8a672ef9-1006-4714-b678-d887b778140b,Vodafone Egypt,Telecom,5,2026-08-31,واااو,Positive
b7d7708b-17c2-4103-bcac-f7854314eebb,Vodafone Egypt,Telecom,5,2026-08-31,حلوه,Positive
6e45e56f-9adb-411d-b1c8-c5ac9e3be698,Vodafone Egypt,Telecom,5,2026-08-31,برانمج جميل ❤❤,Positive
08077ba1-8040-49aa-8491-52252f1d2a64,Vodafone Egypt,Telecom,5,2026-08-31,جميل,Positive
3bf54026-ed73-43aa-bbcd-809ebb44cb32,Vodafone Egypt,Telecom,5,2026-08-31,ممتاز,Positive
3f650a9b-5127-4ad8-b140-243813cd6d3f,Vodafone Egypt,Telecom,5,2026-08-31,مش عايز ينزل على الجهاز,Positive
69c6b83e-5ac8-48c8-a9e9-6e8b7f107a51,Vodafone Egypt,Telecom,5,2026-08-31,في مشكله مش بيحول,Positive
7b43ec9d-5d1a-4429-98d4-e4a089cc0da8,Vodafone Egypt,Telecom,1,2026-08-31,تطبيق زبالة خسارة فيه التحديث,Negative
5b23a4b2-e777-44c7-978c-108b265fc562,Vodafone Egypt,Telecom,1,2026-08-31,تحديث منيل اوى مفيش اى خدمة عايزة تشتغل ف فودافون كاش ف الابلكيشن بجد ايه دا امسحه وانزله تاني بردو مفيش فايدة,Negative
fcb051fb-ffef-4980-81b1-67d06febeb7b,Vodafone Egypt,Telecom,1,2026-08-31,زفت وخدمة عملاء زفت الزفت لو فيه اقل من. نجمه كنت علمت عليها...,Negative
856e7b13-46f8-42e1-a52c-cd6a7cd8a487,Vodafone Egypt,Telecom,5,2026-08-31,افضل برنامج واحسن خط في الدنيا,Positive
d05bdbc1-4906-4be8-b0d8-dcd2f482f472,Vodafone Egypt,Telecom,5,2026-08-31,حلو اوووي,Positive
74d205e8-047c-4948-862e-eaab2fae94b9,Vodafone Egypt,Telecom,5,2026-08-31,حلو اوي ❤,Positive
407d39de-52dd-46f1-926c-6732ca61fc57,Vodafone Egypt,Telecom,1,2026-08-30,التطبيق أصبح سئ جدا جدا بعد التحديث الاخير و تم مسح البيات و حذفه و تنزيله مرة أخرى و تم إعادة تشغيل الجهاز و لكن للأسف أصبح سيئ جدا و المحفظه تشتغل مرة و عشرة لا سوء استعلام أو تحويل . اصبح فى مشاكل كثيرة. انا عايز اعرف دلوقتي التحديث المفروض اني يساعدني اكثر ولا يتعبني اكثر. ما بلاش تشغلوا دماغكم. بتشغلوا دماغكم الدينا بتخرب بعدها.,Negative
952b40ad-b191-491c-aa89-f9b31752b79e,Vodafone Egypt,Telecom,3,2026-08-30,تظهر رساله حدث خطأ عند تحويل من باقه فليكس 52 الي نظام كله 14 قرش بتاريخ 28اغسطس و29 اغسطس 2026. نفس المشكلة حدثت حالا. تم حذف البيانات التطبيق. التطبيق محدث . ممكن المساعده كود إلغاء باقه فليكس 52 وتحويل لنظام كله 14 قرش,Neutral
07b0cec5-469c-4965-ada3-c4a3f7f26161,Vodafone Egypt,Telecom,1,2026-08-30,في مشكلة خنيقة بصراحة في الابليكيشن بتاعكم لما بتسجل خروج من رقم وتحاول تدخل برقم تاني مابيرضاش يسجل بالرقم التاني ويفضل على بيانات الأول! واضطر اعمله ازالة واعيد تحميل من جديد! شوفو حل للموضوع المقرف ده 😏😑,Negative
1fcc2d47-0c46-455e-9221-dde6f0e5cb71,Vodafone Egypt,Telecom,1,2026-08-30,التطبيق سيء وبطيء جدا مع عدم القدرة على تفعيل المحفظة يوم كامل لايستحق أي نجوم,Negative
1b7d91d0-6ad7-459f-800a-640ad2033ec7,Vodafone Egypt,Telecom,1,2026-08-30,تطبيق سيء جدا وحتى خدمة العملاء مش بتفيدك بمعلومة ،دايما تظهر رسالة حدث خطأ ما ،تدخل ع الاعدادات وتعمل مسح للبيانات وتنزل احدث تطبيق وبردو نفس المشكلة،والمصيبة خدمة العملاء مش عارفين الحل.,Negative
39f07307-cd94-4a12-bde9-adff8187d143,Vodafone Egypt,Telecom,4,2026-08-30,جيده,Positive
d46a3064-8af4-42e2-afb3-c093be1934ff,Vodafone Egypt,Telecom,5,2026-08-30,راءع,Positive
7711906d-7074-4ce7-a064-423211398fc3,Vodafone Egypt,Telecom,5,2026-08-30,حلو بس ما اققدر اكلم خدمه العملاء منه,Positive
e005c518-5319-4588-ae7c-d58ded9514b6,Vodafone Egypt,Telecom,5,2026-08-30,ينقص العروض وتكرارها,Positive
3dca20bd-8dbd-48b8-b953-b368b8c1e924,Vodafone Egypt,Telecom,1,2026-08-30,التطبيق بقا سئ واسوء من ماكان عليه والمحفظه مفيش اى خدمات مفعله منه,Negative
9ed80240-3637-4258-9229-c00cd6b92988,Vodafone Egypt,Telecom,1,2026-08-30,طبيق فودافون اصبح سيا لان عندم اريد عمليت اسحب يت خروج من التطبيق تلاقي وبعدين لم احول ارجع التطبيق يقولي حدث خط ارجو تحسين الخدمات,Negative
237f998a-bbc9-4013-97b4-cdfcd2a97392,Vodafone Egypt,Telecom,1,2026-08-30,تطبيق علق,Negative
7bfaf3dd-8cd2-40c7-82c5-d3d2fa660452,Vodafone Egypt,Telecom,2,2026-08-30,اخر تحديث للتطبيق اصبح غير مرن في الاداء مش بينفذ الطلب مهما تضغط على الطلب في خدمات فودافون كاش ميستجبش و اخرج من التطبيق واشغله تاني نفس المشكله ياريت يتحل الامر دا سريع,Negative
bd308b78-681b-4ad1-8e49-7b7d962cc8de,Vodafone Egypt,Telecom,1,2026-08-30,اقسم بلله حاجه زباله اوي ده عشان الواحد يسحب فلوس كل مره حدث خطا 100مره علا كده,Negative
8004d4da-d30a-4a49-9245-2f02f6109aaf,Vodafone Egypt,Telecom,4,2026-08-30,تطبيق حلو بس بيعتمد علي الشبكة الخلوية,Positive
ca471f16-aaa7-4802-b221-a3dbd8661ed4,Vodafone Egypt,Telecom,1,2026-08-30,للاسف أصبح سئ وغير مفيد حتي ك شركه بقيت احس أن كل حاجه بتخلص بسرعه وف اقرب وقت هغير الشركه دي,Negative
6687ed89-7018-467a-a888-8b005400413b,Vodafone Egypt,Telecom,5,2026-08-30,جيدا,Positive
ba8c2c29-c3ce-400e-8fe7-9a228dc3d263,Vodafone Egypt,Telecom,5,2026-08-30,برنامج جميل جدا ولاكن اريد حل مشكلتي لا يمكنني استلام وحدات الهدايه من كرت فكه اتمنى حل مشكلتي,Positive
42de9dee-8c29-46fa-8341-41806e111a4e,Vodafone Egypt,Telecom,1,2026-08-30,وحش,Negative
6f72ff6a-fb59-4c2b-9803-86b110b896ac,Vodafone Egypt,Telecom,5,2026-08-30,ممتاز,Positive
d07032e7-98a7-4935-b949-703686182ce9,Vodafone Egypt,Telecom,1,2026-08-30,سئ للغايه واستعماله صعب جدا ومش بيفتح بسهوله,Negative
ae4daa37-1326-4546-8210-9155e81200a4,Vodafone Egypt,Telecom,1,2026-08-30,اخر تحديث بجد بشع,Negative
a9479d2d-a1dd-4045-a874-f9cd79aed273,Vodafone Egypt,Telecom,1,2026-08-30,حدثته مرتين وبيقولي حدث خطأ 🤨,Negative
c14a33a0-a8f3-4d17-a6db-832eb43dceb2,Vodafone Egypt,Telecom,1,2026-08-30,سيئ جدا,Negative
0a98b795-e64e-4705-82c8-097212993a3b,Vodafone Egypt,Telecom,1,2026-08-30,التطبيق لا يعمل,Negative
a3ded4e1-f013-4936-8b2b-793934b0eb02,Vodafone Egypt,Telecom,1,2026-08-30,الشبكه والنت ضعفوا خالص,Negative
581112e9-0277-4137-9b15-69dad7a96311,Vodafone Egypt,Telecom,1,2026-08-30,البرنامج رافض التحديث وكل عروض فودافون مش مناسبه لاستهلاكى وكمان اتلغى من عندى تحويل الفيلكسات لرقم أخر الصراحه انا بقيت بستعمل الخط دا بس علشان بقاله فترة معايه,Negative
1cf2b630-38a9-435e-ad48-8c6592937407,Vodafone Egypt,Telecom,5,2026-08-30,ممتاز,Positive
3893fee4-1147-4bdc-9d64-ff24baf197ec,Vodafone Egypt,Telecom,5,2026-08-30,جيد,Positive
e9f963ee-1b20-4268-af45-6f916f8620c2,Vodafone Egypt,Telecom,5,2026-08-30,تمام,Positive
de7eafc7-fc52-4250-ade1-1e5dafa7f572,Vodafone Egypt,Telecom,5,2026-08-30,جميل جدا,Positive
cbbbfdad-067c-47ed-a9b6-2578c62a5826,Vodafone Egypt,Telecom,5,2026-08-30,جيد,Positive
a96662d2-c5e5-41ee-88af-1a736b298d57,Vodafone Egypt,Telecom,1,2026-08-30,توجد مشكله حيث أن عندما اريد ان اختار عرض من فصل عروضك لا يعطوني كوبون وفي أوقات أخرى يقولون ليس لديك رصيد رغم أنني يوجد لدي رصيد,Negative
e0b68794-e9d9-4fae-bc39-9d7ff3489263,Vodafone Egypt,Telecom,5,2026-08-30,ممتاز,Positive
5f8deea9-309d-4842-b9f6-d5f7c542aebb,Vodafone Egypt,Telecom,5,2026-08-30,مفهوش ولا عيب,Positive
7fba3961-b22b-4635-ba9a-ebe9321a175b,Vodafone Egypt,Telecom,5,2026-08-30,good,Positive
f4f6b820-0fe8-496b-b3bb-8a667b89e8f2,Vodafone Egypt,Telecom,5,2026-08-30,أجمل واشيك شركه فى مصر,Positive
b941fc4a-e375-4591-afff-98bb7360d9f3,Vodafone Egypt,Telecom,1,2026-08-30,التحديث الجديد زي الزفت كل شويه حدث خطأ ولغيتو هدايا فضل عروضك ليه معتش بيجي كوبونات خالص وشغلي كله عليه انتو بتحدثو للأحسن ولا للاقل ياريت تعيدو النظر عن الموضوع ده وتنزلو تحديث تاني يحل المشكله لان كده هتخلو الكل يبعد عن الشركه دي خالص كل سويه تحديثات زي الزفت وابلكيشن زفت ونكلم خدمه العملاء يقولو هنحل المشكله ومفيش حاجه اتحلت لحد دلوقتي ليه كده ياريت ينزل تحديث يحل المشكله دي ف اثرب وقت والابلكيشن مش ببفتح كل شويه خطأ خطأ فين تحديثاتكو دي لما كل حاجه مش مظبوطه كده وشبكه كل شويه طوارئ ليه كده,Negative
1805a4ed-7924-47f6-ba4b-5f5bd47cc099,Vodafone Egypt,Telecom,1,2026-08-30,ازاي اكون عامل StreaK مع شخص وكل يوم بنفعل مع بعض ولما نوصل لهدية قسيمه الشراء StreaK يلغي نفسه ولما ابعت دعوه تاني ما تتقبلش ويقولي الشخص التاني فاتح StreaK مع حد تاني والمفروض أنه أنا ومن ساعتها مش راضي يفتح,Negative
58e63ad1-289f-4db5-b3ea-b46b111d622b,Vodafone Egypt,Telecom,5,2026-08-30,لسه مجربتوش,Positive
8e9f7e30-aeb1-4b11-8c40-ee3df97f9f64,Vodafone Egypt,Telecom,1,2026-08-30,كل بفتح حاجة بيقولي حاول مره اخره,Negative
f379b86d-eef2-4cb0-8496-b6304c8cc838,Vodafone Egypt,Telecom,1,2026-08-30,سيئ جدا,Negative
f74ba4f6-b403-4a78-91d6-71e521c1a64f,Vodafone Egypt,Telecom,5,2026-08-30,مستوي خدمه العملاء سيئ للغايه وتتم سرقه الرصيد بداعي المحاسبه بعد الباقه للانترنت وهذه الخدمه تم اغلاقه من قبل,Positive
bf67062d-6c94-4325-8445-374c3eada3a2,Vodafone Egypt,Telecom,5,2026-08-30,شغااااااااال,Positive
f7e7ae40-d056-49fc-ba88-4539854e4dc1,Vodafone Egypt,Telecom,1,2026-08-30,زفت مش شغال زفت مش عارف اشيل النجمه زفت اقسم بالله ولا عارف اشحن كارت ولا عارف ابعتوفلوس من الاب زفت زفت,Negative
1f7eb0a0-a9dd-4837-be89-76d42ea13615,Vodafone Egypt,Telecom,5,2026-08-30,فودافون ممتازه ماعدا خدمة كاش بدأ ت تظهر بعض المشاكل في تعليق المعاملات على السستيم وتاخيرها باليومين والتلاته أنا شخصيا ليه حواله معلقه من يوم الاربعاء الموافق 26/8وعملت 8 شكاوي حتى الآن دون جدوى,Positive
96cbbbd8-8f4d-4e4d-b6b7-7544d6647417,Vodafone Egypt,Telecom,5,2026-08-30,برنامج ممتاز جدا,Positive
1ce3938c-e99f-447a-8a4d-82743a1b8c95,Vodafone Egypt,Telecom,2,2026-08-30,مرحبًا، لدي مشكلة في عرض مفعّل على خطي. تم خصم 12.50 جنيه مقابل عرض 365، ويظهر في التطبيق أن العرض مفعّل ومتَبقي 1250 وحدة لكل الشبكات وصالحة حتى 31 أغسطس، ولكن الوحدات لا تعمل كما ينبغي. كذلك صفحة «التحكم بعد انتهاء الباقة» داخل تطبيق أنا فودافون لا تفتح وتظل في حالة تحميل مستمر. أرجو فحص العرض والخط من النظام، والتأكد من تفعيل الـ1250 وحدة فعليًا، ومعالجة مشكلة التطبيق، مع توضيح سبب عدم إمكانية استخدام الوحدات رغم ظهورها كمفعّلة.,Negative
1250bf5c-753b-48ce-841e-1926ef1116b7,Vodafone Egypt,Telecom,4,2026-08-30,جيد جدا,Positive
06dd6bf0-222c-43af-b74e-a3d33ee51bbd,Vodafone Egypt,Telecom,5,2026-08-30,جميل جدا,Positive
c65bf5da-2313-4a0a-aea4-99049a4331d6,Vodafone Egypt,Telecom,5,2026-08-30,ممتاز,Positive
91090840-ca04-40f4-878d-6b51a6c5dd3c,Vodafone Egypt,Telecom,1,2026-08-30,بعد التحديث بقى عقيم,Negative
731bcbda-728f-48fb-bd36-021d37b03eec,Vodafone Egypt,Telecom,1,2026-08-30,انا لو طايل اديكوا الصفر نجمه كنت حطيت شحنت كارت 29 جنيه راح ابص على الوحدات ما لقيتش وكلم خدمه العملاء بتقول لي استهلاكك يا فندم خلص بخمس دقائق,Negative
7d4ca6cf-58ac-4afe-beac-e262418a00ca,Vodafone Egypt,Telecom,5,2026-08-30,رائع جدا تسلم الأيادي,Positive
67ab526d-28ed-461d-915d-ad91853a81f2,Vodafone Egypt,Telecom,1,2026-08-30,تطبيق سيء جدا يستخدم البريد الالكتروني بدلا من رقم التليفون او رقم القومي بسبب ذلك لا استطيع ان افتح هذا التطبيق ولا حتى اني استخدمه سبب الحركه الرخمه بتاعتهم دي,Negative
bb598071-9a7e-40ed-97f8-9d032d2307d5,Vodafone Egypt,Telecom,5,2026-08-30,احسن شركة اتعملت معها,Positive
ec626435-638e-4ae2-b97d-14b3b3847817,Vodafone Egypt,Telecom,5,2026-08-30,جميله جدا,Positive
24106ff3-3de2-4e2c-910b-351aa92f4052,Vodafone Egypt,Telecom,1,2026-08-30,الرصيد بيختفي وببقى واخدة الهدية ومش بتتفعل لي النصب دا بقى,Negative
d076344c-9d27-4936-9263-cf359ee6ca64,Vodafone Egypt,Telecom,1,2026-08-29,مش عارف استخدم المحفظه داخل التطبيق في مشكله كل ما اجي اكتب الرقم السري,Negative
4505d47b-0060-487d-acf9-8851ee7a2641,Vodafone Egypt,Telecom,5,2026-08-29,جميل جدا مريح في التعامل,Positive
f5792ada-6c37-4f63-8ee2-504f477165ae,Vodafone Egypt,Telecom,5,2026-08-29,جيده,Positive
5a60fea1-f905-49d6-9528-1017860979c7,Vodafone Egypt,Telecom,5,2026-08-29,تمام,Positive
4f1e2006-04b0-4d26-bcb1-15502700e233,Vodafone Egypt,Telecom,1,2026-08-29,سلام عليكم تم التواصل مع خدمه العملاء اكثر لوجود مشكلة عندي ايه هي المشكلة الموجودة؟ المشكلة أني أنا بفتح التطبيق، وأدخل عليه تمام. أنا بدافون، تطبيق مش مضبوط بالنسبة لي. عندي أنا في تلفوني، أنا وأنا جهازي. تلفون أي 57 سامسونج أدخل علينا عاد أدخل على بودافون. كاش بودافون كاش بتقول لي بريا فتح البيانات وخطأ. خطوطي، في المزيد نفس الكلام الرجال. ما حوله في وقت لاحق، تحديث بيانات برجال ما حوله في وقت لاحق. قل للأمور ديت على مدار يومين كاملين، تم التواصل مع خدمة العملاء، ولا أحد. يستجيب محدش عارف,Negative
b186e404-72a3-48c4-b154-3aa3757fad9d,Vodafone Egypt,Telecom,2,2026-08-29,التطبيق رائع وسهل وسريع ولكن لا يعطي هدايا كباقي تطبيقات الشركات الأخري وعليهم الاهتمام قليلا ومحاولة منافسة التطبيقات الأخري لباقي الشركات,Negative
c1ffc5a5-38a1-4f7e-bfb6-c20314400123,Vodafone Egypt,Telecom,4,2026-08-29,ممتاز جد جد 😂,Positive
388de146-57b0-468b-86b9-2b3b5838760a,Vodafone Egypt,Telecom,5,2026-08-29,نسخه سيئة جدا,Positive
24af6c05-0236-40a5-9f71-a020f9698348,Vodafone Egypt,Telecom,1,2026-08-29,مبقاش يحول كروت فكه ليه من المحفظه ولا من الومبايل,Negative
c2b57619-d67d-4156-b1a4-0d47be36f55d,Vodafone Egypt,Telecom,5,2026-08-29,جميل جداً ومن غير عيون,Positive
464fc5ae-c842-4bdc-8805-35e8ca437141,Vodafone Egypt,Telecom,3,2026-08-29,السلام عليكم ورحمة الله وبركاته أنا مجدد باقة فلكسات واشتركت فى عرض النت ب ٣٥ بدل من ٦٩ لمدة شهرين أنا الآن عايز اعرف أنا بستهلك من أى اشتراك,Neutral
482ea060-6e1d-48db-93fb-71a330efd040,Vodafone Egypt,Telecom,1,2026-08-29,برنامج بقا زباله وانا همسحو البرنامج علطول مهنج,Negative
aa71ba12-2fe3-4f66-9b0b-7295fa042f44,Vodafone Egypt,Telecom,5,2026-08-29,علشان بيعطيني نت,Positive
da0aecab-88b6-48ec-baf3-895f6bf5e0af,Vodafone Egypt,Telecom,5,2026-08-29,التطبيق بعد اخى تحديث بقا جميل بس العروض قليلة و الهديا المدة بتعتها قليلة ٣ سعات وي ٦ سعات عايزين الهديا يبقا أقل مدة ليها يوم,Positive
82855e95-58a9-4c0a-b4dc-c65b8e9ae2b8,Vodafone Egypt,Telecom,5,2026-08-29,من احسن شركة,Positive
57499d5d-3d36-4192-9cff-849f9a79051c,Vodafone Egypt,Telecom,5,2026-08-29,ممتاز بمعنى الكلمه ممتاز,Positive
89b8eefa-a91d-465f-9294-f238fdff9f92,Vodafone Egypt,Telecom,1,2026-08-29,البرنامج بقى سيء الشبكه بقت تعلق الستريك ما بيجيش والنت بيخلص بسرعه بيسرقوا الناس عشان يدوا للاهلي,Negative
c22031d6-a015-4f68-b4db-ee93f8a36060,Vodafone Egypt,Telecom,5,2026-08-29,برنامج رائع,Positive
47a02913-4c04-427f-a212-95c06ef7d072,Vodafone Egypt,Telecom,1,2026-08-29,والله زفت زفت زفت,Negative
39f595f7-4ce8-4e2e-bbf9-f6b31429fae5,Vodafone Egypt,Telecom,1,2026-08-29,شبكه ضعيفه جدا وكمان اسعار مرتفعه جديده شركه فشله,Negative
23d04963-64e2-429f-8d79-30812cb59dc3,Vodafone Egypt,Telecom,1,2026-08-29,مش شغل عندي وكل اخش علي حاجه متفتحش،😠😔,Negative
5d6bbbb0-59ac-468b-adfb-840499419e23,Vodafone Egypt,Telecom,2,2026-08-29,التحديث الاخير ذي الزفت,Negative
45667f7a-a86b-4a6f-9cd0-6c08b10801f5,Vodafone Egypt,Telecom,1,2026-08-29,كذبين,Negative
ea597010-bc8c-4207-b525-46488dcf4636,Vodafone Egypt,Telecom,1,2026-08-29,فاش,Negative
228df326-3002-4c29-8d8a-21eb282f9ee3,Vodafone Egypt,Telecom,5,2026-08-29,تطبيق ممتاز شكرا,Positive
e0ff17ed-aa03-408a-b13d-f69f61a85bdf,Vodafone Egypt,Telecom,5,2026-08-29,ممتاز جدآ جدآ,Positive
d4ffe5a4-98db-43d0-9170-ee0e77a0aba4,Vodafone Egypt,Telecom,1,2026-08-29,بعد ما حدثت التطبيق لقيت اني لما بسترك في عرض 25وحده لكل الشبكات مش بيظهر على البرنامج مع أن ي بيجي لي رساله بتأكيد الاشتراك في العرض وكمان كنت لكسب كوبونات على كل اشتراك انا عندي 5حسابات ولا حساب بيعطي كوبونات هو انتم بتحبوا التطبيق عشان ترجعوا لورا ولا تطوروا من نفسكم حاجه غريبه ؟؟؟؟؟,Negative
c5857bec-b187-49b2-8334-3ccebae057d9,Vodafone Egypt,Telecom,5,2026-08-29,ممتاز,Positive
9bbd3faf-05b5-4226-8b6b-6337df776534,Vodafone Egypt,Telecom,1,2026-08-29,سي جدا جدا جدا,Negative
7874e418-b054-470c-8739-6ec5aee6f431,Vodafone Egypt,Telecom,1,2026-08-29,شبكه زفت وتسريب بيانات ومعلومات عن العملا أسوأ شبكه علي الاطلاق,Negative
9c053146-bd9d-4ed5-90d4-2fac5789c461,Vodafone Egypt,Telecom,1,2026-08-29,مش راضي يشتغل صفحة. بيضا؟؟ ارجو الرد والتعديل ةحل المشكلة,Negative
b34a9586-c0a3-4cd5-996e-aab8fb86ab82,Vodafone Egypt,Telecom,5,2026-08-29,ممتاز,Positive
dae62f55-96bc-4887-9336-75911857c7ef,Vodafone Egypt,Telecom,1,2026-08-29,تطبيق زباله بيتحدث فى الشهر مرتين التحديث بدون إضافات شى بس علشان يكسبوا من التحميلات وكمان نصابين بعمل عروض ولا العرض بيوصل ولا الكوبون بيوصل وكمان بيهنج الموبيل اقسم بالله العظيم شركه إتصالات واورانج احسن شبكتين فى مصر,Negative
f90cb832-bb7a-4962-8ca5-5fa2572aa3b7,Vodafone Egypt,Telecom,5,2026-08-29,برنامج جيد,Positive
d129bd32-c7c2-473f-984f-1d7a8f3942a5,Vodafone Egypt,Telecom,1,2026-08-29,التطبيق لا يبدل ما بين الشريحتان يبقا ثابت علي شريحه واحد فقط و ايضا عندما ترسل رصيد الي رقم آخر بي مبلغ كبير يقول اخر شي ٥٠ جنيه,Negative
33b5bd7c-7b8f-4548-a661-f545ec2dcf1d,Vodafone Egypt,Telecom,1,2026-08-29,والله العظيم حرام الرساله دي يوميا 1500 وحده هديه كل ما اجي اشحن 300 واحده هديه بس انا مش عايز اشحن ولا عايز رساله جديده حرام عليكم حسبي الله ونعم الوكيل,Negative
bcdcfc18-88d3-4000-9237-6a9907444414,Vodafone Egypt,Telecom,5,2026-08-29,رائع جداً,Positive
593676f3-dbf8-48c0-9ff7-22904d9a49e2,Vodafone Egypt,Telecom,1,2026-08-29,الشبكة سيئة جدا جدا جدا جدا,Negative
e651d528-06c7-49e9-989a-50fd874349ce,Vodafone Egypt,Telecom,5,2026-08-29,ممتاز,Positive
364e38a8-f537-4027-88ce-9c93afdfdbd4,Vodafone Egypt,Telecom,1,2026-08-29,بصراحه برنامج زباله اووي,Negative
fb104fb1-02bf-4c3d-9995-e377c2e27fd6,Vodafone Egypt,Telecom,1,2026-08-29,برنامج ابن وسخه معلق كل شويه اعلق معايا,Negative
982052bc-795b-4acc-a8ae-f87ff52dfd2e,Vodafone Egypt,Telecom,1,2026-08-29,التطبيق لا يعمل,Negative
38a60dc2-48db-4c96-a3a6-ea455feba483,Vodafone Egypt,Telecom,5,2026-08-29,جيد جدا,Positive
33b42e7d-6c8c-4224-bd5e-7fd418ece524,Vodafone Egypt,Telecom,5,2026-08-29,للاسف التطبيق بقي ضعيف جدا ودينا يحدث خطا في اي تعاملات,Positive
32b022a1-b975-403b-9ddb-9a1b554dcf45,Vodafone Egypt,Telecom,5,2026-08-29,جيد جدن,Positive
28694290-2d37-4ec6-8a80-d80fd626f955,Vodafone Egypt,Telecom,5,2026-08-29,ممتاز,Positive
cead5a08-b7c4-4ad7-99f7-b953cfccd2a2,Vodafone Egypt,Telecom,5,2026-08-29,ممتاز,Positive
4dcc8764-2200-481c-a673-9e625dd67230,Vodafone Egypt,Telecom,5,2026-08-29,ممتاز جدآ,Positive
2fc0b658-e795-4315-9e5a-cab9aad84bcc,Vodafone Egypt,Telecom,5,2026-08-29,ممتاز,Positive
78aa9113-f50a-4f6e-8613-ff9b438413dc,Vodafone Egypt,Telecom,5,2026-08-29,جيد,Positive
1677ad38-4486-438f-a919-1dbeefdb03a1,Vodafone Egypt,Telecom,1,2026-08-29,تطبيق سيئ للغاية,Negative
c735d5ae-b4e2-4f88-91da-987ed61c2b79,Vodafone Egypt,Telecom,1,2026-08-29,خدمه فودافون كاش بعد التحديث مش شغاله ع البرنامج وحتي شحن كروت الكهرباء مش عارف اشحن,Negative
e4e9daae-6646-406c-a8ec-b30021357be8,Vodafone Egypt,Telecom,1,2026-08-29,الشبكة بتاعتكوا سيئة للغاية فى جميع الأماكن برجاء تصليح ضعف الشبكة,Negative
b5f7981e-5a55-491b-9a13-ee6695ea5c02,Vodafone Egypt,Telecom,4,2026-08-29,ممتاز,Positive
24493ce3-d64d-462b-b9e1-b877e806cc84,Vodafone Egypt,Telecom,5,2026-08-29,تطبيق جميل جدآ ولكن هناك مشكلة في قسائم مسابقة streak لا تظهر على التطبيق 🙏🙏,Positive
34ca9058-abd3-4b7f-82fc-f20f4a26cad9,Vodafone Egypt,Telecom,1,2026-08-29,اتمني يكون في تحديثات للجميع الشحن تغير ااباقات فودافون شحن باقات علي الطيار مباشر ارجوكم اعملوا كدا انا من معجبيان فودافون اجمل بجد التحديثات في خدمات اكتر,Negative
89d65e77-ec82-4e19-9958-8c38e2e0f257,Vodafone Egypt,Telecom,4,2026-08-29,للأسف الشديد اصبح الرصيد متاح للخصم من مركز الخدمة بدون وجه حق بشكل مستفز وانا مضطر لإلغاء اى مميزات رغم عشقى السابق لفودافون منذ بداية عملها فى مصر,Positive
610c965a-6bf2-486a-b543-0aedacc89fd2,Vodafone Egypt,Telecom,5,2026-08-29,برنامج جميل جداً جداً جداً,Positive
5b70aa8e-2208-48bd-8fae-83c0bb4e296e,Vodafone Egypt,Telecom,5,2026-08-29,جميلل جدا جدا اللهم مبارك ❣️🥹,Positive
fb58f54a-8295-485d-a760-691d2f12228b,Vodafone Egypt,Telecom,1,2026-08-29,ليه مفيش dark mode في التطبيق,Negative
20547c10-a391-44f1-9298-067ce5bd9136,Vodafone Egypt,Telecom,5,2026-08-29,كويس جدا جدا جدا,Positive
7bedbf11-f79e-43e0-9a8c-f9829dc8aae7,Vodafone Egypt,Telecom,5,2026-08-29,جميل غ,Positive
7f448308-be96-44aa-a17a-66b02ba216b4,Vodafone Egypt,Telecom,1,2026-08-29,امتياز في السرقة والنصب,Negative
be751fd2-6e84-48fe-96c7-2c6c152aee7b,Vodafone Egypt,Telecom,5,2026-08-29,جامد,Positive
1329ba5f-ce94-4dd1-ae53-63d84d5646ac,Vodafone Egypt,Telecom,1,2026-08-29,وللاسف انا من أقدم عملاء فودافون لكن اللى بيحصل دلوقتي من خدمه عملاء فودافون حاجه في منتهى السوء تتصل لحل مشكله متتحلش وكمان يتصلوا بيك يطلبوا تقييم على الخدمه اللى متقدمتش ولا تقيمهم التقييم اللى يستحقونه يعاقبوك انتوا فعلا الان اسوء خدمه فى مصر,Negative
b6199b4e-df4b-42d4-a0f2-7d2ef321f0e8,Vodafone Egypt,Telecom,1,2026-08-29,حضراتكم منزلين عرض لمزه 3 ايام فيه 21000 فليكس لمده 3 ايام بس !! نعم ؟ وباقي الشهر قالوا تكملوا بالباقه الاساسيه اللي هيا 21000 برضو الاساسيين طب ليه منزلين العرض ده لما الشركات المنافسه منزله عروض شبيهه او اعلى من ده بيكمل معانا الشهر كله يعني العرض بيكمل الشهر غير الباقه الاساسيه يعني حضراتكم بتدونا عرض لمده 3 ايام بس وبعد كده مع نفسنا بالعقل كده 21000 هعمل بيهم اي لمده 3 ايام ؟! اقسمت بالله لخدمه العملاء مش هشحن تاني وبالفعل رجعت لـ اورانچ تاني عارف ان الشركه بيا من غيري هتفضل شغاله تمم,Negative
82cc62c4-037e-4218-9f26-98a7d6f90e8e,Vodafone Egypt,Telecom,5,2026-08-29,جيد بس المشكله الرساله تتبعت بعد ساعه وفي تهنيجه في التطبيق ذات نفسه,Positive
1959b3b7-2138-4b45-9f95-81e6b67d5894,Vodafone Egypt,Telecom,5,2026-08-29,من افضل شركات النت,Positive
6c6be393-bec4-4019-b9a8-274ff309d73c,Vodafone Egypt,Telecom,5,2026-08-29,مشاكل في التطبيق ومشاكل في الاستهلاك مشاكل في كل حاجه والتطبيق محتاج تحديث كل يوم انا شكلي هلغي التعامل مع الشركة دي خالص والله,Positive
4e524a40-f945-426d-a3d9-6dc37944cbba,Vodafone Egypt,Telecom,5,2026-08-29,حلو,Positive
171f3ded-45a2-42b0-a4c7-0523fce8cb3a,Vodafone Egypt,Telecom,1,2026-08-29,تطبيق سئ,Negative
78e1cee3-b77a-49eb-b94c-30c02351149e,Vodafone Egypt,Telecom,1,2026-08-28,بحاول افهل الباقه بيعلق حذفته وحملته تانى نفس المشكله,Negative
6daeefe5-6be1-48ac-b96f-086e5ef92f7e,Vodafone Egypt,Telecom,1,2026-08-28,زبا....كام مره اكلم الشركة واقول النت ضعيف حاضر يافندم انشطلك من عني وينشط واقفل الجهاز وشغلو تاني برضو منفعش اه يافندم المشكله عندك في الشريحه حاضر غيرت الشريحه وهيا هيا المشكله شركة.....,Negative
1d7064ed-2274-4652-ad62-8333ee675f65,Vodafone Egypt,Telecom,5,2026-08-28,تمام,Positive
bc7e5b25-cb0d-4aec-92c8-7357fc7e04ff,Vodafone Egypt,Telecom,1,2026-08-28,السلام عليكم ياريت وفى اسرع وقت المشكله دى تتحل من ساعه من عملتو الاستريك واجى اعرض القسائم يقولى عفوا حدث خطا عند العامه كده ياريت تحلو المشكله دى فى اسرع ياريت اللى يشوف تعليقى يعمل اعجاب عشان يوصل للمطور,Negative
ac2ddb22-7ae8-4ae5-bf85-9ad19fa0f533,Vodafone Egypt,Telecom,1,2026-08-28,اسوء شركة واسوء تعامل ولا عروض ولا هدايا ولا حتا خدمة العملاء بيحلو في حاجة شركة تستحق اقل تقيم,Negative
61fef4b2-16b1-4199-9979-a958c4d0d6c1,Vodafone Egypt,Telecom,2,2026-08-28,نصابين مفيش هدايا,Negative
aef2a013-cc52-4e78-b796-d3434461f5c6,Vodafone Egypt,Telecom,5,2026-08-28,ممتاز حتى الآن,Positive
21750c62-d043-40f6-8adf-c02a9d397a21,Vodafone Egypt,Telecom,5,2026-08-28,اي كلام,Positive
729a0e33-df4d-4d9a-9365-c887b3f49245,Vodafone Egypt,Telecom,1,2026-08-28,تطبيق أصبح سيء,Negative
f92e6e9a-5d88-46d9-b746-47143134561c,Vodafone Egypt,Telecom,3,2026-08-28,مش حلو اوي عن تجربة شخصيا,Neutral
4d89a864-c28d-4178-aea3-7219055ee1c9,Vodafone Egypt,Telecom,1,2026-08-28,تطبيق فاشل,Negative
0b7d0a0b-b438-42d1-81d8-4dd9bc839f5e,Vodafone Egypt,Telecom,5,2026-08-28,🤍,Positive
926a7327-abe5-400f-a6ea-6687b13274d7,Vodafone Egypt,Telecom,1,2026-08-28,شركه بقيت حاجه وحشه.في الاخطاء اللي بتحصل من السستم,Negative
c32057b2-6702-4df2-8d18-adb92b9dc440,Vodafone Egypt,Telecom,5,2026-08-28,الحمد لله انا دائما فودافون عندها الجديد,Positive
394e176f-fabd-4e57-a7f9-16a460b287ec,Vodafone Egypt,Telecom,5,2026-08-28,ممتاز,Positive
3ee5d00a-1173-4858-bf62-6aa6dec2078f,Vodafone Egypt,Telecom,2,2026-08-28,فودافون كاش عطلان عندي مش عايز يفتح استعلام محفظه او اضافه كارت بنكي او تحويل,Negative
f84d05a8-ee3f-4fcc-87e0-1f7f5a6b24e3,Vodafone Egypt,Telecom,5,2026-08-28,جيد,Positive
97f25974-7438-486f-92e4-3043b9d5a260,Vodafone Egypt,Telecom,1,2026-08-28,تطبيق وحش جدا الفيزا مش متنشطه مش عارفه ادفع باقه ولا حتى كاش متنشطه الاتنين مش بيظهروا مفيش مقارنه بينه وبين تطببق ماى اتصالات اتصالات بقت فى حته تانيه خالص مع كل تحديث بتعدلو حاجه وتخرب حاجه,Negative
d2ba6ea8-1dd1-463f-b5b4-25cd6e12e910,Vodafone Egypt,Telecom,1,2026-08-28,اتمسح التطبيق ونزلته تاني وكل ما ادخل اكتب كلمة السر يقولى كلمة خطا ادوس علي نسيت كلمة السر ميعملش اى شى وبجد الموضوع رخم جداً الاول التطبيق كان كويس دلوقتي لا,Negative
03e2076b-3eb7-4649-a91f-729e3414ccae,Vodafone Egypt,Telecom,1,2026-08-28,غير جيد لدي مشكله في خدمات فودافون لاتعمل لدي,Negative
a6e19599-429e-48aa-b8ab-be6c26719b3e,Vodafone Egypt,Telecom,1,2026-08-28,انا كنت بدفع الكهرباء والغاز والمياه من فدافون كاش دلوقتي الدفع غير مفعل,Negative
2438e5a5-989a-40d8-b640-44aaefeed68a,Vodafone Egypt,Telecom,5,2026-08-28,هذا التحديث بقى ممتاز,Positive
3933219e-3218-4c74-bde2-5937dfd2a497,Vodafone Egypt,Telecom,2,2026-08-28,الشبكه بتقطع و٢٠٠جيجا في ١٣ يوم,Negative
8c68f87f-4210-4a5a-b77b-06d096c8a732,Vodafone Egypt,Telecom,1,2026-08-28,سيئ جدا جدا ، خدمة !!!!👎👎,Negative
8c17b7d1-8c92-4ae4-a5f9-65633cb76e91,Vodafone Egypt,Telecom,1,2026-08-28,مفهوش عجله حظ,Negative
3bdf18fd-4ffd-4fc7-95d1-a0521353f853,Vodafone Egypt,Telecom,5,2026-08-28,تبلنا,Positive
ddd576c8-226b-4964-9347-c73e374961aa,Vodafone Egypt,Telecom,5,2026-08-28,شركه حلوه ونتها,Positive
09e29702-e79a-4bb9-850f-fb53df7ac51c,Vodafone Egypt,Telecom,5,2026-08-28,ممتاز جدا,Positive
adf429c9-ea34-4dc9-862d-a38f9a71b82f,Vodafone Egypt,Telecom,5,2026-08-28,جيد,Positive
7a60caf5-0b62-41cb-9641-966edaecce32,Vodafone Egypt,Telecom,2,2026-08-28,اعلانات ممله,Negative
1ffe33d9-bea8-43a0-815d-3e29cd5e210e,Vodafone Egypt,Telecom,1,2026-08-28,للاسف العروض المتاحه علي الابلكيشن لاتناسب استهلاكي برجاء من خدمه العملاء حل هذه المشكله لان في عروض من الشركات المنافسه,Negative
88a79c2b-670c-4795-bec1-09873c8206cd,Vodafone Egypt,Telecom,1,2026-08-28,الابلكيشن بيعلق وبقى زفت عالاخر بجد مستفز ولا بنعرف نستخدم الخدمات ولا محفظه فودافون نيجى نكتب الباسورد معلق ومش بيكتب حاجه بقت تزهق,Negative
7dd319c2-919b-42a0-bf4e-15e61ab02915,Vodafone Egypt,Telecom,5,2026-08-28,تمام,Positive
93d11325-0c60-4b30-adc6-2f98c6b0958f,Vodafone Egypt,Telecom,5,2026-08-28,ممتاز,Positive
4a4f8302-d98e-45b1-acf7-cbf1f14b0819,Vodafone Egypt,Telecom,2,2026-08-28,ممتاز جدا في الشحن بس في مشكله لا يشحن كروت كهرباء,Negative
7495aaef-8dbf-4cad-af0c-6807eb54e913,Vodafone Egypt,Telecom,5,2026-08-28,تمام,Positive
aa49e51e-9a7b-42f7-9f89-7c59380a86fc,Vodafone Egypt,Telecom,5,2026-08-28,ممتاز,Positive
7e172c0f-7711-470a-b700-32ebf6e3f854,Vodafone Egypt,Telecom,1,2026-08-28,من بعد التحديث الاخير وبقى زباله,Negative
8c34f786-aaf9-4fd2-a3e0-3c7279757dd8,Vodafone Egypt,Telecom,5,2026-08-28,ممتاز,Positive
5530a4b7-4efb-4733-b770-6687a42c8677,Vodafone Egypt,Telecom,5,2026-08-28,عندي مشكله في التطبيق انا فودافون بيهنج كل يومين يعمل خروج,Positive
0a30428d-6789-4683-b537-475db82d6a12,Vodafone Egypt,Telecom,5,2026-08-28,جميل جدا,Positive
31c2a5fc-fd67-488b-aafc-9171921b2158,Vodafone Egypt,Telecom,5,2026-08-28,❤️,Positive
6dbc6101-5715-4c4e-a694-6f927fff17f3,Vodafone Egypt,Telecom,5,2026-08-28,شكرا فودافون,Positive
82dbe1d1-4979-4041-b4c2-7f24a364bd7d,Vodafone Egypt,Telecom,5,2026-08-28,جميل,Positive
de0454e3-2434-4d3c-8a3c-24cb0fbeaf08,Vodafone Egypt,Telecom,1,2026-08-28,شبكة زفت وبرنامج فاشل,Negative
ab7ef503-8ca3-4d92-9e10-41a1b1b60247,Vodafone Egypt,Telecom,2,2026-08-28,تم اضافة تأكيد اثبات ملكية الخط لكن للأسف هناك مشكلة ولا تكتمل العمليه,Negative
b37af065-6c87-4129-ab05-10962bb5aa71,Vodafone Egypt,Telecom,5,2026-08-28,شركة قوية ومحترمة,Positive
81f59dfa-9392-4d47-8215-a15a8909762b,Vodafone Egypt,Telecom,5,2026-08-28,التطبيق مش عارف اشحن كارت مارد من عليه لرقم غير رقمي,Positive
7407269e-5285-4843-bdc2-ee6472a295b1,Vodafone Egypt,Telecom,4,2026-08-28,تنشيط الشبكة,Positive
9a862354-90bb-4745-bc27-ab26ac507df6,Vodafone Egypt,Telecom,5,2026-08-28,الله ينور عليك يا فودافون كاش,Positive
73f782af-4676-4916-b807-898261612762,Vodafone Egypt,Telecom,1,2026-08-28,تطبيق بطيء جدا وكمان كوبونات فصل عروضك وقفت من حسابي من ٥ شهور واشتكيت بدون فايده,Negative
a0f42dcf-e1c4-447f-9131-f51082b8831e,Vodafone Egypt,Telecom,5,2026-08-28,افضل تطبيق,Positive
67294414-2c9c-4324-a5ff-ffef5890f1d2,Vodafone Egypt,Telecom,5,2026-08-28,ممتاز,Positive
aff22cfe-feaa-4630-91a5-b2b53c50b905,Vodafone Egypt,Telecom,5,2026-08-28,جيد جداً,Positive
78ea42a8-2aa5-4d90-a6f2-66e4dd9df6f1,Vodafone Egypt,Telecom,1,2026-08-28,كان يوم اسود يوم منزلته وفلوسي محبوسه بدون سبب شركه حقيره,Negative
72010bd0-6045-4555-a53f-60ab7d92860f,Vodafone Egypt,Telecom,1,2026-08-28,تجربه سئيه للغاية,Negative
003a976c-5f32-4b7e-83f3-465a07a80fa1,Vodafone Egypt,Telecom,5,2026-08-28,ممتاز,Positive
1fd10844-4ba4-4084-9f07-86e37ef28a17,Vodafone Egypt,Telecom,5,2026-08-28,جيد جدا,Positive
8835e4b8-7ca2-4b6a-a041-bf3aae039325,Vodafone Egypt,Telecom,5,2026-08-28,ممتاز جداً,Positive
a20c1414-61f1-4cf4-be65-c295a9eeb06e,Vodafone Egypt,Telecom,5,2026-08-28,ممتاز,Positive
d2ca3f8b-39b3-468c-a70c-2211d79665b0,Vodafone Egypt,Telecom,1,2026-08-28,شركه انا فودافون دي شركه نصابه كل ما اشحن كارت ما بيرضاش يدوني الهدايا بيجي لي بتاعه الهدايا الف ونص وحده باجي ادوس نجمه واحد شباك ما رضيش يديها لي اخش على ابلكيشن يقول لي عفوا لقد حدث خطاــــــــــــــــــــــــــــــــــــــــــــــــــــــــــــــــــــــــــــــــــــــــــــــــــــــــــــــــــــــــــــــــــــــــــــــــــــــــــــــــــــــــــــــــــــــــــــــــــــــــــــــــــــــــــــــــــــــــــــــــــــــــــــــــــــــــــــــ,Negative
056b4e31-ef71-43ff-9631-2e223985beb8,Vodafone Egypt,Telecom,1,2026-08-28,زباله,Negative
5636b11d-9876-4a38-af01-24cd353a5c65,Vodafone Egypt,Telecom,1,2026-08-28,خدمه العملاء بتاعتهم وحشه والباقات كلها غاليه وزي الزفت,Negative
4ccd60b0-4b08-448b-81ce-fc84f36b159e,Vodafone Egypt,Telecom,1,2026-08-28,التطبيق فاشل يعطيك مميزات بعدما تحمله ثم تختفي تلك المميزات و يظهر التطبيق على حقيقته غير ذلك منذ آخر تحديث و التطبيق يخرجني منه فاقوم بتحديثه و بعدها باسبوع يحتاج الى تحديث اخر و الا لن يعمل هذا التطبيق لا يستحق نجمه واحدة حتى,Negative
66aa35f0-3f0f-449c-bdc9-fceca32b3192,Vodafone Egypt,Telecom,5,2026-08-28,تطبيق رائع ولكن نقاط ريد لا تتناسب مع مكاني للاستبدال,Positive
2b2d8963-5f6b-4bf2-8adb-ab95463538c4,Vodafone Egypt,Telecom,1,2026-08-28,اسوء تطبيق، لا يعمل دائما ، بالاضافة ان شركة فودافون بشكل عام سيئة ونصابة,Negative
0a4a2d3d-356a-41e9-9191-e186159fa4fc,Vodafone Egypt,Telecom,1,2026-08-27,كل ما بحاول ادخل على اي خدمه بيديني خطأ,Negative
f79e79b5-b756-4875-9329-6ae100f2f918,Vodafone Egypt,Telecom,5,2026-08-27,جيد جداً,Positive
52bb5b5f-5e30-49e1-8b03-dbc5b88e6b64,Vodafone Egypt,Telecom,5,2026-08-27,جميل جدا,Positive
74209728-af7a-430b-9971-a86ce50b75b0,Vodafone Egypt,Telecom,5,2026-08-27,تطبيق ممتاذ,Positive
b5669a15-c902-480a-8ed7-be04a988893e,Vodafone Egypt,Telecom,5,2026-08-27,ممتاز,Positive
e43d141b-3b56-4d07-863f-14daa246f859,Vodafone Egypt,Telecom,5,2026-08-27,ممتاز جدا,Positive
e82ff99d-0e80-40ce-a4b4-9a3b7ca6670d,Vodafone Egypt,Telecom,5,2026-08-27,رائع جدا,Positive
236a521e-88ca-4f9c-96e8-2f70553a7dd8,Vodafone Egypt,Telecom,1,2026-08-27,سئ للغاية حيث قمت بشحن كارت الكهرباء وتم خصم المبلغ ولم يتم شحن الكرت وتواصلت مع خدمة العملاء وقالو لي سوف يتم استرداد المبلغ ولم يسترد حتى الآن من تاريخ ١٩/٧,Negative
8d57b370-b507-4401-b5ad-059c564fc1ce,Vodafone Egypt,Telecom,5,2026-08-27,تحفه بجد جميل,Positive
f8b714e7-7b35-41b1-9339-e596c112a052,Vodafone Egypt,Telecom,5,2026-08-27,جميل يساعدني في اداء مهامي اليوميه انصح باستخدامه,Positive
bfa02f22-eb66-413e-9f6a-e86ee450826d,Vodafone Egypt,Telecom,2,2026-08-27,البرنامج جدا في عيوب كثيره من الاحسن ان شركه فودافون تصلي هذه العيوب,Negative
0f0a25fa-59c2-4ba5-8e30-7b86be6e0fe0,Vodafone Egypt,Telecom,5,2026-08-27,تجربة قوية وممتازة بأختيار انا فودافون,Positive
6d7dc165-3f52-4bd4-a04e-07e55f745f69,Vodafone Egypt,Telecom,5,2026-08-27,ممتاز جدا,Positive
c0f03e69-2593-47a9-aa5e-775d9bbc55b5,Vodafone Egypt,Telecom,5,2026-08-27,ممتاز,Positive
eaa2670d-c9a1-4ef0-a17e-32eecaea66cf,Vodafone Egypt,Telecom,5,2026-08-27,الأسطورة,Positive
996d2a29-3128-4481-bdd4-f1a28f819ac2,Vodafone Egypt,Telecom,1,2026-08-27,البرنامج مش ردى يفتح خالص,Negative
68b9c4d5-ce89-431a-b14c-2dd0148c4ab3,Vodafone Egypt,Telecom,5,2026-08-27,من أفضل الشركات في التعامل,Positive
ebb2d212-e2a2-4b84-b1be-1743e6a27e4c,Vodafone Egypt,Telecom,5,2026-08-27,يسهل كل معملات الخط بختصار,Positive
e93fa2f1-5cc6-4c54-8520-be9c6cdbe5db,Vodafone Egypt,Telecom,5,2026-08-27,جميل جدا,Positive
c347e507-13a1-4a3b-8a1d-a78eeace1edb,Vodafone Egypt,Telecom,5,2026-08-27,كلما ادخل على التطبيق وادوس على كارت الشحن بتاع الكهربا مش بيدخل عليه ولما اجي اكتب الرقم السري لما نحول فلوس أو اشحن رصيد مش راضي يتكتب الرقم السري,Positive
9bc5e391-d066-45da-b942-b963b5f4b49a,Vodafone Egypt,Telecom,1,2026-08-27,سيء و متعب في التعامل والتسجيل و كل شيء,Negative
1f2d7498-e60a-481a-8edf-663c29c01d67,Vodafone Egypt,Telecom,1,2026-08-27,آخر تحديث زي الزفت,Negative
f7b0dd68-5146-4ef8-bfd5-549f65bef24c,Vodafone Egypt,Telecom,1,2026-08-27,انا حصلي الموضوع ده أكتر من عشر مرات كل ماجي اشحن يقولولي ليك 1000وحده هديه لكن مش ظاهره علي التطبيق اكلم خدمه العملاء يقولولي لقد حدث خطاء ومحدث التطبيق علي اخر تحديث وبخرج من الحساب وبدخل تاني مفيش اي تغيير,Negative
f2eca8d4-1064-4303-8324-5b4854c48e20,Vodafone Egypt,Telecom,4,2026-08-27,التطبيق جميل جدا ، بس اللي نفسي فيه ان الواجهة عايزة تعديلات واضافة الوضع الداكن,Positive
5a63fcc3-da39-4913-9e5c-ad5f3ab2ce0d,Vodafone Egypt,Telecom,1,2026-08-27,للاسف تطبيق سئ جدا لاني كلما اضغط علي اي شئ لا يفتح ويقول لي حدث خطأ,Negative
244166bd-0743-445f-858e-6b73d3fe2521,Vodafone Egypt,Telecom,5,2026-08-27,الهديه,Positive
443dff01-f920-4781-a6f1-80f4bc25e90a,Vodafone Egypt,Telecom,1,2026-08-27,حدث خطا,Negative
15528a26-ff08-4938-9770-ed9f8b28017e,Vodafone Egypt,Telecom,5,2026-08-27,جديد جدا,Positive
9d14b80c-8eb9-4a8c-8713-a74b1bd598e2,Vodafone Egypt,Telecom,1,2026-08-27,برنامج وحش بجد مش شغال كل ما افتح حاجه يكتبلي حدث خطأ حتى لو عايزة اشحن رصيد مش راضي كاتبلي حدث خطأ,Negative
0742474a-3ffa-47c3-aba9-cb8fca18f438,Vodafone Egypt,Telecom,5,2026-08-27,مش عيز يفتح بعد اخر تحديث حاجه زفت بصراحه,Positive
30861903-2fa0-4620-b4ff-7ebd0453dd4b,Vodafone Egypt,Telecom,5,2026-08-27,تطبيق ممتاز,Positive
747c1e96-0311-4c38-9dfe-726fd4f331bd,Vodafone Egypt,Telecom,1,2026-08-27,تطبيق عقيم ملوش اي فائده حتي استخدام المحفظه عليه مش شغاله,Negative
bada8d33-f514-45b6-9137-62797032a269,Vodafone Egypt,Telecom,1,2026-08-27,نظام ريد ده سئ جداااا ومحدش بيرد علينا وحاجه خراااا بصراحه,Negative
73178ac1-ec28-40c3-8358-c327dc0a2e2d,Vodafone Egypt,Telecom,1,2026-08-27,التطبيق مش شغال ولا بيتحدث جيبلي اخر تحديث للوجه داخل التطبيق من اسبوع و مهما اعمل ريفرش مش راضي و ولا عارف اشحن رصيد ولا استخدم التطبيق كل شويه يقول (لم تتمكن من تنفيذ طلبك، يرجى المحاولة في وقت لاحق) برجاء حل المشكله لانها دخله ع اسبوع، التطبيق بقا ملوش لزمه,Negative
a6daeace-fce3-40a7-8108-bb681c122a46,Vodafone Egypt,Telecom,5,2026-08-27,تطبيق ممتاز بس تقيل شويه,Positive
401a68af-8d1a-4dff-b1c5-260322967760,Vodafone Egypt,Telecom,5,2026-08-27,البرنامج بضني,Positive
8bef81ab-0e86-4742-b32f-5c719d7f0778,Vodafone Egypt,Telecom,1,2026-08-27,التطبيق لا يقوم بالفتح معي رغم عمل تحديث له ، فما السبب ؟,Negative
bf3fbe70-45e9-48db-bb37-f11fdacdd207,Vodafone Egypt,Telecom,1,2026-08-27,سئ,Negative
27b9046b-f583-4a06-b2db-b257c6a16687,Vodafone Egypt,Telecom,1,2026-08-27,هو انا مش عارف اساسا اجيب منين دقايق اللي هي اول ما بتنزل انا لسه منزل تطبيق فودافون انا فودافون ده تطبيق جميل جدا ل 010 طبعا بس انا مش عارف اجيب ازاي طبعا الدقايق اللي هي ال 500 وحده دي عايزين نجيبها لسه منزل طبعا التطبيق الرد بسرعه لو سمحت السلام عليكم ورحمه الله وبركاته,Negative
f6ff81ad-d3bf-4e44-801d-94e050be4f91,Vodafone Egypt,Telecom,5,2026-08-27,التطبيق ممتاز جداً وسهل الاستخدام، والشركة محترمة، وكل الشكر لفريق خدمة العملاء على حسن التعامل والدعم المستمر 🌟,Positive
a17c9b1e-97cc-4f09-bac1-ad8ba317e52e,Vodafone Egypt,Telecom,5,2026-08-27,العروض والوقت مثال العرض8جيجا في 6ساعات لازم تكون فتره الانتهاء متقاربه مع الهديه,Positive
8ecdda42-ab88-4686-9057-5da13fc5cd71,Vodafone Egypt,Telecom,2,2026-08-27,هوا في مشكله وحده لمه تيجي تتدخل حساب بيجيب شاشه بيضه ومش بيجيب حاجه تاني,Negative
4271dbb7-db9b-48a6-bd0e-8cc5b66128e5,Vodafone Egypt,Telecom,5,2026-08-27,حلو,Positive
50810f0d-9860-400e-94c8-d01857114583,Vodafone Egypt,Telecom,1,2026-08-27,زفت لازم يكون في رصيد عشان يفتح,Negative
c98ecc9f-97d2-46e8-a840-ab1f84e130ff,Vodafone Egypt,Telecom,5,2026-08-27,رائع جدا,Positive
10e92230-5786-47d0-b021-0d0fe2b8b08c,Vodafone Egypt,Telecom,1,2026-08-27,لاسف التطبيق اصح سيء,Negative
effd4740-fbe6-46f3-9a60-8ce44fb6cba9,Vodafone Egypt,Telecom,5,2026-08-27,♥️💗💗💗,Positive
00f566f2-4fa5-49e6-9500-4490089345c9,Vodafone Egypt,Telecom,1,2026-08-27,اختارى,Negative
bae9f698-c65a-4583-8c0b-4cd586a3da35,Vodafone Egypt,Telecom,5,2026-08-27,حلوه اوي,Positive
2e4552af-1342-46b9-8711-650ebadff49c,Vodafone Egypt,Telecom,1,2026-08-27,البرنامج غير مفيد اطلاقا العروض مش كويسة ومكررة,Negative
0cf2adc1-2fa1-40ac-baf5-8d0fbc5d4bc8,Vodafone Egypt,Telecom,1,2026-08-27,كراش مش ببشتغل,Negative
266a981e-9dbb-40c2-ab00-c2c61e345ff1,Vodafone Egypt,Telecom,1,2026-08-27,تطبيق تعبان وخدمات كتيرة عليه مش شغالة انا بفكر ألغى معاهم خالص,Negative
f2655240-dfa6-4c77-a691-586e9d7c1b93,Vodafone Egypt,Telecom,5,2026-08-27,جيد.جد جيد.جدا,Positive
7cce5abd-f7f0-4172-aaf6-93b2d33e0ab6,Vodafone Egypt,Telecom,5,2026-08-27,👍👍👍👍👍👋,Positive
4b4ffd32-2ed8-4ce0-8c87-090c0c9e1399,Vodafone Egypt,Telecom,5,2026-08-27,تطبيق رائع,Positive
7e88ce8d-f998-48d9-a132-874113e39fbe,Vodafone Egypt,Telecom,5,2026-08-27,ممتاز,Positive
412459ff-f11b-4a23-9b04-bc6238c15eb2,Vodafone Egypt,Telecom,1,2026-08-27,تطبيق بقا وحش اوى بجد وكل ما احاول اضغط ع اى حاجه يقولى خطأ وكل شويه احدثه ومفيش فايده,Negative
83551d3d-8cd3-4c51-9492-266a23e705b3,Vodafone Egypt,Telecom,4,2026-08-27,27/8/2026 ~ ليك 25 وحدة لكل الشبكات و نت ب 25 ق !؟ نشترك و تخصم و مفيش حاجة بتنزل ؟& ✅ أحسن من السابق لكن بياخد برضة وقت لتحديث المعلومات ويحتاج لشبكة قويةوغيرذلك.لا يحدث تحديث نهائي ، اليوم وقف خالص و أتمسح و أتعاد تثبيتة 10/11/2025 ✅ كان فية عروض 365 وعليها هداية لية أتلغي ، نشترك و ندوس أستلم الهدية ، مفيش 13/1/2026 ؟؟,Positive
4d13592b-fdc6-4b3b-a6b6-e83aee37398c,Vodafone Egypt,Telecom,5,2026-08-27,ممتاز جدا وسهل الاستخدام,Positive
fc4eb77f-c11a-416c-8344-b872e863bab8,Vodafone Egypt,Telecom,2,2026-08-27,تجربة جيدة,Negative
d98ee07c-bd2b-48b6-a169-042047a6e107,Vodafone Egypt,Telecom,5,2026-08-27,حلو,Positive
01c74494-e2ed-4a47-b588-1e4eeaecf937,Vodafone Egypt,Telecom,1,2026-08-27,شركه بنت احبه,Negative
f15be41a-661c-4318-9829-d395f79a0557,Vodafone Egypt,Telecom,5,2026-08-27,فودافون اقوي شبكات مصر,Positive
20a9ad11-34f7-4b5c-b6b1-978d2acc5269,Vodafone Egypt,Telecom,5,2026-08-27,تحفه,Positive
96de7f12-477e-4164-8298-3b2718a6dbd0,Vodafone Egypt,Telecom,3,2026-08-27,"اصبحت كل يوم بنزل تحديث فين الجديد There's an update every day, but nothing new in the app.",Neutral
ecd77726-5835-40ee-963a-aa262f935b12,Vodafone Egypt,Telecom,1,2026-08-27,مشاكل في الاستخدام و خدمة عملاء قمة في الاستهتار,Negative
229b0039-9a42-48f9-b0b3-4cdb3cf7b3a7,Vodafone Egypt,Telecom,1,2026-08-27,شركه فودافون شركه ردائه لا انصح باستخدام هذه الشركة وخدمه العملاء سيئه جدا,Negative
6274b885-38ef-4616-bfb0-c625c21ffbf0,Vodafone Egypt,Telecom,5,2026-08-27,ممتاز,Positive
f86dc42f-0767-44fa-bb17-b05d247cddc9,Vodafone Egypt,Telecom,5,2026-08-27,ممتاز,Positive
8baf07c4-d862-4bd8-823a-93868fd34b35,Vodafone Egypt,Telecom,5,2026-08-27,ممتاز,Positive
a3bcde66-9f1e-4607-9b5a-d526b3177223,Vodafone Egypt,Telecom,5,2026-08-27,برنامج ممتار,Positive
695eafe2-769e-415f-babc-e45d3e66cad9,Vodafone Egypt,Telecom,5,2026-08-26,بصراحة تطبيق جميلة جداً والله العظيم وممتاز,Positive
886a0ab2-ed10-452a-85ce-8e5da08cd230,Vodafone Egypt,Telecom,1,2026-08-26,التطبيق بقي زباله وسيئ جدا جدا جدا وكل شويه يحتاج تحديث جديد وياريت بيشتغل كويس بجد حاجه تقرف حتى شبكة فودافون بقت زباله,Negative
d9d614f2-bde1-4c04-becb-4b8f14e3acb6,Vodafone Egypt,Telecom,1,2026-08-26,برنامج بقي زي الزفت وشغل حرميه والله انا عن نفسي مستحيل افضل ف الشركه دي هغيرها الي اتصالات احسن وانضف وكل اللي اعرفه هقولوه كدا وهخليه يغير الشركه,Negative
10961a95-3157-4a38-b3b8-3aaa209577ec,Vodafone Egypt,Telecom,5,2026-08-26,ممتاز,Positive
ff3b889a-424c-42da-918b-5cff73ad6445,Vodafone Egypt,Telecom,5,2026-08-26,ممتاز,Positive
dec06e57-cdd9-43ef-95fb-42e730e9e87d,Vodafone Egypt,Telecom,2,2026-08-26,مش بيفتح خلاص,Negative
a3ed3c0d-6739-45cf-aafa-8052f80daba2,Vodafone Egypt,Telecom,1,2026-08-26,بعد آخر تحديث اليوم للأسف البرنامج مش شغال مسحته ونزلته من خلال كود *١٠١٠#والوضع زي ما هو,Negative
7d2717a1-93ed-423a-af93-bd4d0ea6c6f1,Vodafone Egypt,Telecom,5,2026-08-26,جيد جدا,Positive
105c0522-5383-4258-86d3-905f76c80392,Vodafone Egypt,Telecom,5,2026-08-26,يعجبني,Positive
4968c055-74af-4402-a2c0-4fe32d3767b6,Vodafone Egypt,Telecom,2,2026-08-26,الابلكيشن مهنج مش بيفتح,Negative
00f6a292-8828-4da7-aa5d-51c561179e70,Vodafone Egypt,Telecom,1,2026-08-26,بصراحه كنت متخيله أنه تطبيق انا فودافون. يساعدني فى انى اقدر أجرى معظم معاملات بيه لكن للاسف كل ما اختار اى خيار للشحن أو لأى سبب تانى يبعتلى رساله للأسف لم نتمكن من تنفيذ طلبك.,Negative
385eb922-27d4-4668-83e6-b784fdb19459,Vodafone Egypt,Telecom,5,2026-08-26,تطبيق ممتاز جدا,Positive
bcd0fbbd-36bd-4e20-a5dc-01da0903851f,Vodafone Egypt,Telecom,5,2026-08-26,ممتازة,Positive
0149567f-699a-4038-830d-28667dc8073c,Vodafone Egypt,Telecom,1,2026-08-26,بعد التحديث الجديد بقى زي الزفت.. ليه تجبرني افتح بيانات وانا عندي واي فاي!؟ لأ مش عايز خدماتكم ولا بيانتكم 😡 تم حذف التطبيق,Negative
10026c36-4bbe-48ca-8087-2fdcb694987d,Vodafone Egypt,Telecom,5,2026-08-26,تجربه جيده,Positive
fb23ae46-6c1b-424f-8411-a2491607ab21,Vodafone Egypt,Telecom,5,2026-08-26,برنامج ممتاز,Positive
d5e17940-9d1a-49d9-9216-f4aa7f3bacd1,Vodafone Egypt,Telecom,1,2026-08-26,فودافون بتسرق الرصيد بطريقه علنيه,Negative
c9e09c27-09c4-4658-b6b5-0227608c5697,Vodafone Egypt,Telecom,2,2026-08-26,سيئة,Negative
765ca8c0-fb0a-434e-b4d2-8b27d2d9b173,Vodafone Egypt,Telecom,1,2026-08-26,وبقي زباله مش بيشتغل غير لو عندك نت عالخط ولاق في البرنامج ابن كلب اجي اجدد الباقه من علي فودافون كاش مش راضي يكتب كلمه السر ومره مش راضي يجيبلي عروض اصلا البرنامج معلق تعليقه بنت وسخه محصلش اي حاجه من اللي بتقولو عليه البرنامج فيه لاق مش طبيعي وبالاخص لما تدخل الكاش فيه لاق وزباله مش شغال خالص لو برنامج من العصر الحجري احسن ومن ناحيه التحديث حدثنا ومفيش برضو فايده ومسحت التطبيق ونزلتو من تاني نفس المشكله دا شكلو الواحد هيندم علي اتعامل مع فودافون عملت كل اللي بتقولو عليه دا واكتر وبرضو هواهوا,Negative
815e055b-f0bb-4a5f-91a0-b8d36a63b85f,Vodafone Egypt,Telecom,5,2026-08-26,جيد جدا,Positive
b4c1a175-7f89-4c8d-b6e0-0b6ff097c684,Vodafone Egypt,Telecom,1,2026-08-26,البرنامج بقا زي الزفت م̷ـــِْن ساعة متحدث وبخش على المحفظه ما بيجيبش اي حاجه,Negative
81fe078c-57c2-420a-8047-0b7a33b3be37,Vodafone Egypt,Telecom,5,2026-08-26,جميل جدا,Positive
88a48b53-18ac-4056-a0d3-079cfad84694,Vodafone Egypt,Telecom,1,2026-08-26,السلام عليكم يوجد رصيد في الخط ولما اعمل عروض يقول لا يوجد رصيد مع أنه يوجد رصيد,Negative
e0efb3c2-475d-4395-b25e-1bd690100b42,Vodafone Egypt,Telecom,1,2026-08-26,تحويل مش شغال,Negative
4916da52-23c3-444f-8a22-9333dbf4b198,Vodafone Egypt,Telecom,1,2026-08-26,المحفظة،خدماتها مش شغالة،التطبيق تقيل,Negative
6589a323-f033-49f3-8088-b42478b3ddd7,Vodafone Egypt,Telecom,1,2026-08-26,الابلكيشن بقا زفت و التحديثات الجديدة زفتين مفيش ياريت حل المشاكل دي في مشكلة في القائمة بتعتت فودافون كاش ولا عارف احول فلوس ولا اعمل اداع ولا الرقم السري راضي يتكتب حاجه قرف و زفت,Negative
7c22ba0c-e800-4f15-9df4-896565df8755,Vodafone Egypt,Telecom,5,2026-08-26,ووووو واو جامد جدا,Positive
704c3e75-0fa2-4470-b1ac-0da06e8521d2,Vodafone Egypt,Telecom,5,2026-08-26,جميل,Positive
889c88ec-c7b0-46b1-a888-c40b017a1e6b,Vodafone Egypt,Telecom,1,2026-08-26,أسوء تطبيق وأسوء شركة من سئ لأسوء البرنامج لايعمل يقول حدث خطأ الرجاء المحاولة في وقت لاحقا عملت مسح التخزين المؤقت وعملت إلغاء تثبيت وبرضوا البرنامج لايعمل وعملت باقة النت إتصالات وريحة نفسي كل يوم تحديث يقولك تحسين المحفظة لاتعمل داخل التطبيق لا يوجد تحسين للأسف التطبيق سئ جدا,Negative
c9f7311d-f4ad-474f-b84f-f5c874bcc0cb,Vodafone Egypt,Telecom,1,2026-08-26,شركه سيئه,Negative
48037df4-4b9f-47af-b952-5bf24c8d6450,Vodafone Egypt,Telecom,1,2026-08-26,خدمه فودافون كاش غير شغاله على التطبيق ولما تخش على الخدمه يقول لك شغل الموبايل داتا وانا مشغل اصلا الموبايل داتا انا مش فاهم في ايه !!!!!!,Negative
5fe730fc-f94f-4c5d-be22-6e8b6dc57c02,Vodafone Egypt,Telecom,1,2026-08-26,تطبيق بنسبه لي سيء جدا بتزهر عند مشكله إعادة التحمل عند الدخول إلى الستريك,Negative
a1b51b23-444d-43d5-9a59-58566a5c12b6,Vodafone Egypt,Telecom,1,2026-08-26,بقا تطبيق سئ جدااا.. كل ما اجى افتح التطبيق يقولى انتا غير متصل بالإنترنت رغم انى متصل مسحت التطبيق وعملت إعادة تثبيت وتحديث مش عارف اعمل ايه تانى .. شوية كده وهجبلو خديجة المغربيه .....,Negative
1ac218d1-f0fc-49be-a022-081b308f661a,Vodafone Egypt,Telecom,5,2026-08-26,أروع شبكة فودافون تحياتي,Positive
d4b957dd-cda4-4fcc-aed1-38501fb83a96,Vodafone Egypt,Telecom,1,2026-08-26,دائما بيعلق و فى حاجات كتير اوى بيقولى لم نتمكن من تنفيذ طلبك و مفيش عروض و هدايا بتيجى زى ما كنت فاكرة خالص فى بصراحه مش بيساعد لدرجه كبيرة هو دا إلى حصل معايا,Negative
7af20acd-11ce-4339-8180-5c2c59fbf4d0,Vodafone Egypt,Telecom,2,2026-08-26,هو انتو ليه لغتو الحنا نشحن كروت من على برنامج التصل 😅للا اسف نجمتين,Negative
03cc9944-9b7d-43c9-abba-ab34410ac6ac,Vodafone Egypt,Telecom,5,2026-08-26,جميل,Positive
da0da909-fc20-4967-bb88-b154014649f1,Vodafone Egypt,Telecom,1,2026-08-26,تطبيق ممتاز مع شركة سيئه للغايه,Negative
feb96f02-2c21-49f3-9ac9-89a5828254a2,Vodafone Egypt,Telecom,5,2026-08-26,ممتاز,Positive
9fe44c1f-6443-46ed-a489-f70931b637b5,Vodafone Egypt,Telecom,5,2026-08-26,جميله,Positive
ec30759a-cce1-488e-b3a5-225d4c187edb,Vodafone Egypt,Telecom,1,2026-08-26,برنامج وسيتم معمول لشركه مش للعميل بحجه السستم نظام سئ وبرنامج متخلف عن تجربه الآن موجود للنظام وليس للعميل لا انصح باستخدام البرنامج ولا الشركه,Negative
66dd2099-e373-454b-b328-8d9acacf5c11,Vodafone Egypt,Telecom,1,2026-08-26,عطل ومش راضي يفتح,Negative
a69fc7df-a658-4559-909a-30d17071c62b,Vodafone Egypt,Telecom,3,2026-08-26,رائع,Neutral
2ed071dc-59e1-4015-887b-9f14aa5110bf,Vodafone Egypt,Telecom,1,2026-08-26,تطبيق حرامي يبا مديني هديه وي يسحب من الباقه,Negative
32d49fdc-34ed-46af-ba86-3d772050dcd5,Vodafone Egypt,Telecom,5,2026-08-26,التطبيق ممتاز جداً,Positive
72119406-97ad-41b7-8a3d-9a016f649d00,Vodafone Egypt,Telecom,5,2026-08-26,حلو جدا,Positive
7657e279-c201-42a4-b857-72ff50e465db,Vodafone Egypt,Telecom,5,2026-08-26,ممتاز جدا جدا جدا,Positive
0ae7a945-0475-4e47-8a9d-8faaeb82e911,Vodafone Egypt,Telecom,5,2026-08-26,انا حدثت البرنامج ٣ مرات يوم ٢٤ ويوم٢٥ ويوم ٢٦ أغسطس,Positive
067d186f-66a3-4fbd-a39c-5eac157a2aae,Vodafone Egypt,Telecom,5,2026-08-26,ممتاز,Positive
51584b81-b314-47f7-ab8c-9466c3568f3d,Vodafone Egypt,Telecom,5,2026-08-26,جيد جدا وممتاز,Positive
51a89123-9145-43f2-b442-5caa6d35d795,Vodafone Egypt,Telecom,3,2026-08-26,للاسف اصبح التطبيق بطيء وسيئ و كل شويه تحديث بحاول اشحن من عليه بقالي يومين مش بيشحن,Neutral
54121204-37a9-4220-80ad-3f342f6ebb59,Vodafone Egypt,Telecom,5,2026-08-26,رائع,Positive
f1c4de8f-d997-4e5f-ba81-38f9b85ee532,Vodafone Egypt,Telecom,5,2026-08-26,التطبيق بايظ وكلمت خدمة العملاء كتير جدا ومفيش حل الخط بتاعى فليكس والتطبيق جايبه انه ريح بالك ١٤ قرش على هذا الرقم ارجو حل المشكلة والا سأتقدم بشكوي اذا سجلتم الدخول على التطبيق فسترون حتى اننى لا استطيع تسجيل الدخول ارجو الرد عليا سريعا او حل المشكلة من عند الشركة وما حدش يقولى امسح التطبيق ونزله تانى انا مسحته ونزلته ٣ مرات ارجوا ترك رابط للتواصل معكم انا منت مديه نجمة واحدة بس تواصلت معهم على الفيس بوك وتم حل المشكلة لذا من لديه مشكلة فليتواصل معهم وسيحلون المشكلة اطمن او روح الفرع,Positive
82ea05a1-aa10-435c-86ff-9dd945d08c26,Vodafone Egypt,Telecom,1,2026-08-26,تطبيق معفن وشبكه معفنه شاحن باقه موبايل بي٥٠٠ جنيه والنت وحش عل طول مع ان سبحان الله بقيت الخطوط شغاله حلو شركه فودافون بقيت اسوء شركه واول ماتكلم حد من خدمه العملاء يقولك يافندم دقيقه ويديك كميه اكواد ملهومش اي تلاتين لزمه يعني خدمه وحشه نت وحش انا منصحش حد يشحن فودافون تاني حرام تبقا الباقه فيها١٢جيجا فاضلين ويخلصو وقت بسبب ضعف النت بتاع الشركه,Negative
a84b6a48-a877-412f-98ad-a36439e7352a,Vodafone Egypt,Telecom,5,2026-08-26,كويس علي كل حال,Positive
be5f4ceb-8d13-491b-8383-c35d05a477e2,Vodafone Egypt,Telecom,5,2026-08-26,برنامج رائع,Positive
3c5a203f-c17f-4fb8-9d34-0c075696af90,Vodafone Egypt,Telecom,5,2026-08-26,جميل جدا,Positive
31b04476-97b4-436e-892a-9b27f8eafa00,Vodafone Egypt,Telecom,1,2026-08-26,سئ جدا جدا الاول كان شغال وللاسف بعد التحديث اصبح تحت السئ رجاء تحلوا مشكله البرنامج كل ما ادخل علي المحفظه رساله تيجي بتوقف البرنامج خالص فرجاء تشوفوا البرنامج طيب محتاج ادخل علي البرنامج بتيجي رساله تقول لا توجد فاتورة ممكن اعرف احلها ازاي او لو عندكم مشكله في فودافون كاش قولي وانا اغير علي شركة إتصالات او وي او موبنيل لوسمحتم حد يرد رد مقنع عشان لو مش هينفع انقل علي شركة تاني,Negative
481297b8-c43d-4657-a423-b90ba539156a,Vodafone Egypt,Telecom,5,2026-08-26,👍 Good,Positive
090e31a4-5e8b-4301-bde1-c93563784ab1,Vodafone Egypt,Telecom,5,2026-08-26,البرنامج جميل وبيسهل حاجات كتير ف المعاملة,Positive
4c8198e0-9f0a-480a-8da1-769cbd039263,Vodafone Egypt,Telecom,3,2026-08-26,gooo,Neutral
4e5558fd-5ff1-4ab4-959b-874c122ed642,Vodafone Egypt,Telecom,5,2026-08-26,جميل,Positive
323475c4-8b28-42ce-9ab4-7763826802d0,Vodafone Egypt,Telecom,5,2026-08-26,شكرا,Positive
f73c6fae-c3a3-4b28-91c8-0d4d70a6540a,Vodafone Egypt,Telecom,1,2026-08-26,برنا سئ جدا كل ما اعمل اى خدمه يقولى حدث خطأ برجاء المحاولا لاحقا مسحت البرنامج ونزلتو تانى مفيش فايده برنامج زى الزفت,Negative
ef8e317a-cca9-4c19-8445-430daa78eea3,Vodafone Egypt,Telecom,5,2026-08-26,والله احسن برنمج علي مسنجر,Positive
a40fe6c4-ccb2-4353-9474-f446b9112e17,Vodafone Egypt,Telecom,5,2026-08-26,ممتاز وخدمة العملاء مهتمين جدا,Positive
0e1ade82-45da-40c1-b658-47b6698e9802,Vodafone Egypt,Telecom,1,2026-08-26,انا عن نفسي شركه فودافون شركه حرميه سحب الرصيد بدون رقيب وشبكه سيه للغاية,Negative
25312402-ae09-4ca7-be14-cb24118c545d,Vodafone Egypt,Telecom,5,2026-08-26,جميل جدا😍😍😍😍,Positive
7fd2dd58-62d6-4344-8df7-92d048b33bc2,Vodafone Egypt,Telecom,5,2026-08-26,جيد,Positive
e72bf2af-a223-4399-a42d-91cbf04a60af,Vodafone Egypt,Telecom,5,2026-08-26,كان كويس جدااا لحد ١٠ ايام فاتوا عمل ابديت ومبفاش بيرد يحولي من الكاش ل اي حد ولا ATMولا حتي عارفه اشحن رصيد لحد ومش عارفه ليه,Positive
9ca8127a-6c4e-4203-b2e6-0b6123e6258b,Vodafone Egypt,Telecom,1,2026-08-26,ممتز جدا,Negative
859f8133-b564-48c6-804a-f0a07451f886,Vodafone Egypt,Telecom,5,2026-08-26,واووو,Positive
5827912c-245f-4a51-8d1f-21501da9aba1,Vodafone Egypt,Telecom,4,2026-08-26,يوجد. مشكله بعد التحديث الجديد لم يشتغل مثل الاول. ويوجد لهو تحديثات كتيره اووووي. بس عروض حلوه اووى,Positive
e5682ad0-922d-48cc-812f-3751c2305cda,Vodafone Egypt,Telecom,5,2026-08-26,جامد,Positive
49141e1b-900f-4e39-8754-e68df0a265fd,Vodafone Egypt,Telecom,5,2026-08-26,جيد,Positive
4792d3dc-7cf8-44ef-a4cf-7f6023483167,Vodafone Egypt,Telecom,1,2026-08-25,كانت تجربه جيده ف السابق... والآن أصبحت أسوأ شركة محمول..السبب السرقه...وخساره فيها النجمه....كل يوم يعدى بيأكد كلامى انتو خسرتو ثقة الناس فيكم؟؟؟,Negative
368fbac8-b831-4bb5-89a5-0ce6da7e49c3,Vodafone Egypt,Telecom,1,2026-08-25,التطبيق به مشكلة لا استطيع شحن رصيد من المحفظه عملت تحديث ومسح للبيانات ولا استطيع دخول التطبيق,Negative
aed55457-9a25-4e0c-80d5-c1d05d57d182,Vodafone Egypt,Telecom,5,2026-08-25,جميل,Positive
f6c21b71-1b38-431e-89c0-36ac655c5a10,Vodafone Egypt,Telecom,1,2026-08-25,حاجه مقرفه فودافون وخدمة البرنامج وباله,Negative
7e7fb233-1b23-42eb-b8ac-01a36c89f17c,Vodafone Egypt,Telecom,3,2026-08-25,حلو,Neutral
f26aae02-4ded-431d-a49b-c3fec3e12baa,Vodafone Egypt,Telecom,5,2026-08-25,بصراحة هو حلو و كمان بعرف اتابع استهلاكي لاكن في وقت من الاوقات التطبيق بيعلق تماما ومش بيتعدل غير لما امسحة,Positive
391980e0-158d-4d0a-ad90-e663ec7ed718,Vodafone Egypt,Telecom,1,2026-08-25,دعم وخدمه سيأه,Negative
11a6435c-db99-4a90-b818-52c4ddc432d8,Vodafone Egypt,Telecom,1,2026-08-25,شركه سيئه وغير الي شركه اورانج افضل بكتير,Negative
50e814df-c522-4f9f-81de-50a0123650fd,Vodafone Egypt,Telecom,1,2026-08-25,مش راضي يشتغل علي خط الكاش شغل علي الي مفهوش كاش بجد انا همسح للبرنامج لو ملقيتش حل,Negative
573a3a1f-8dbc-4f54-bc85-81d1bbc3c794,Vodafone Egypt,Telecom,5,2026-08-25,ممتاز,Positive
2e1a26a1-fa4b-4cec-976e-b3f03683edd1,Vodafone Egypt,Telecom,1,2026-08-25,الاسف اصبح التطبيق سيء جدا ما بيجيبش هديات خالص 011 احسن منها ب 100 مره 012 انا بقول الصراحه,Negative
b5726543-689f-4061-9c24-201264abd895,Vodafone Egypt,Telecom,1,2026-08-25,التطبيق بقي وحش جدا انا كنت بفضل شبكة فودافون بس دلوقتي بقت وحشة,Negative
761a8b76-7e5f-4b78-8cb8-d55a9995f62b,Vodafone Egypt,Telecom,1,2026-08-25,حسبي الله ونعم الوكيل فيكم وفي عروضكم,Negative
3208660e-5d7b-447d-8668-3f461243c630,Vodafone Egypt,Telecom,5,2026-08-25,البرنامج تحفه,Positive
f19e356b-84e6-40dc-bd8b-efc16bc6d030,Vodafone Egypt,Telecom,3,2026-08-25,لقد وصل لى رسالة تقول أننى اشتركت في خدمة كول تون وأنا لم اشترك في أى خدمات برجاء إلغاء الاشتراك في خدمة كول تون قبل أن أتخذ إجراء قانوني ضد الشركة,Neutral
a93e182b-2f98-439f-b2ad-fe6eea486463,Vodafone Egypt,Telecom,5,2026-08-25,تطبيق مفيد جدا,Positive
a1ffc810-b99f-4369-a942-09d09f887589,Vodafone Egypt,Telecom,1,2026-08-25,سئ جدا .....,Negative
8c68b815-1b8a-4989-90b2-f6e1ac2927c8,Vodafone Egypt,Telecom,5,2026-08-25,ممتاز حاجه حلوه,Positive
c587762d-2fdf-4c2f-81c1-c7665863ca90,Vodafone Egypt,Telecom,5,2026-08-25,شبكه ممتازه وخدمات شيقه وجميله الله يبارك لكم,Positive
0e87943f-6938-4150-8bb0-0795cbeec7f7,Vodafone Egypt,Telecom,5,2026-08-25,👌,Positive
8b2e9e25-e170-40a2-8ced-ea955e31c1fd,Vodafone Egypt,Telecom,1,2026-08-25,بعد التحديث بقا سي جدا بقا ظهرلي اي معاملات انا عملته خلال فودافون كاش بجد بقا أسواء حاجه حصلت يعني اول ما اضغط علي فودافون كاش من غير اي شي يظهرلي معملاتي ازاي الاول كانت ببسورد لي دلوقتي بقت كده ياريت ترجع زاي الاول افضل,Negative
802ebbbb-f936-424b-9e01-73d52559b6d7,Vodafone Egypt,Telecom,3,2026-08-25,التطبيق معايا بعد التحديث الجديد بقى يهنج ولسه مجربه وكان شغال كويس,Neutral
91ad0195-e06b-47c0-a893-8072705dac77,Vodafone Egypt,Telecom,3,2026-08-25,مافيش عروض خالص بتظهر,Neutral
0dae2fb4-e8a4-4c4a-8fd3-a7f2fc0d6190,Vodafone Egypt,Telecom,5,2026-08-25,تطبيق انا فودافون ممتاز جدا بعد التحديث,Positive
8df6901c-9c42-4781-a631-88ae25519b46,Vodafone Egypt,Telecom,5,2026-08-25,جميل جدا,Positive
f5383f25-0c82-4ea1-add2-746d955e7442,Vodafone Egypt,Telecom,5,2026-08-25,جميل جدا,Positive
74278707-bc27-4ce9-9537-199b5895662f,Vodafone Egypt,Telecom,5,2026-08-25,ممتاز جد,Positive
de8f6bcc-0336-4d01-b1a1-d46553940517,Vodafone Egypt,Telecom,2,2026-08-25,للاسف التطبيق لايفتح مع انه على احدث تحديث له لااستطيع استخدامه ارجو معرفة السبب,Negative
03c8d2f8-34d5-45c3-93cf-ef918a721267,Vodafone Egypt,Telecom,5,2026-08-25,تجربة مرضية جدا,Positive
2f37d227-4470-453f-b300-ff5ef4fabb8d,Vodafone Egypt,Telecom,1,2026-08-25,كل يوم تحديث وكل تحديث نفس المشكلة,Negative
6cf11c36-a017-414b-9931-b157fb3e0c42,Vodafone Egypt,Telecom,5,2026-08-25,رائع,Positive
50367f06-388e-46eb-bf66-d6f713843515,Vodafone Egypt,Telecom,5,2026-08-25,ممتاز,Positive
177201ee-a392-41e2-8fa0-ee6bde481d4b,Vodafone Egypt,Telecom,1,2026-08-25,خدمه فودافون كاش مش راضي يشتغل على البرنامج خالص,Negative
a53729cf-a163-4417-b5fb-15abb9931da1,Vodafone Egypt,Telecom,5,2026-08-25,ممتاز فودافون خدمات ممتازه,Positive
f215c1a5-f0a4-4ee8-bc6b-9ced89e53800,Vodafone Egypt,Telecom,5,2026-08-25,ممتاز,Positive
86e08a9d-10e3-4501-bab9-0b42502d53fa,Vodafone Egypt,Telecom,1,2026-08-25,بقيت عروض مش حلوه زي موبينيل,Negative
83c85dbb-a67c-4507-9eac-6b93b30edb08,Vodafone Egypt,Telecom,5,2026-08-25,بعد اخر تحديث البرنامج بقا تمام,Positive
f58e401f-e223-4288-be6d-691e872345a7,Vodafone Egypt,Telecom,1,2026-08-25,للاسف بعد التحديث فيه مشكله فى قسم التبرعات لو داخل مؤسسه وليكن زى مصر الخير وعاوز تساهم فى اكتر من سهم خير لازم تخرج بعد كل عمليه من البرنامج وتفتحه من اول وجديد علشان يخليك تختار من القائمه الجهه اللى عاوز تساهم فيها ياريت تحلو المشكله دى وجزاكم الله خير,Negative
6d7ff32a-ce1a-4fbe-8339-f747607474e5,Vodafone Egypt,Telecom,5,2026-08-25,رووعة,Positive
fd11073f-9913-4230-96bf-19c4a32ec593,Vodafone Egypt,Telecom,5,2026-08-25,جيد جدا,Positive
5dc3f4de-b68b-4a6a-a66c-eed00a6d9806,Vodafone Egypt,Telecom,5,2026-08-25,تطبيق ممتاز بعرف منه كل حاجه,Positive
15408aa2-5799-45aa-8424-1dabc04827ab,Vodafone Egypt,Telecom,5,2026-08-25,برنامج جميل جدا تقييم 10/10 انا فودافون احسن برنامج,Positive
c208e533-1ea2-48c3-a48f-5d20cbe07139,Vodafone Egypt,Telecom,5,2026-08-25,التطبيق جميل لكن العروض قليله,Positive
5b579d44-b975-4272-b327-ad34c8a25ea9,Vodafone Egypt,Telecom,1,2026-08-25,خدمات فودافون كاش لاتعمل بشكل جيد اسوء خدمه العملاء,Negative
60f552cf-06c1-4aa1-a436-6a1d1af4cf04,Vodafone Egypt,Telecom,5,2026-08-25,جميلللل,Positive
4c612eee-c0a9-49b8-8e58-78eafba43ea7,Vodafone Egypt,Telecom,1,2026-08-25,هناك اخطاء كثيره ولا استطيع ان افتح اي عروض,Negative
56d248ae-d7ff-4f9e-a0fc-3a7eb947cbe5,Vodafone Egypt,Telecom,4,2026-08-25,هي احسن شبكه في مصر بس في مشاكل صغيره زي مثل تبق فيه عروض بتتفعل من غيرك منعمله وكمان تبق في عروض لما نعمله ملقهاش بس خدمه العملاء كويسه خالص,Positive
8af7de96-a400-4150-bbf5-079553c34c70,Vodafone Egypt,Telecom,1,2026-08-25,التحديث زى الزفت محتاج نت علشان استخدم فودافون كاش ازى يعني,Negative
18430172-e638-4dbf-aa37-e37910b76883,Vodafone Egypt,Telecom,1,2026-08-24,فين تفاصيل الباقة الإنترنت,Negative
b6b54d13-60cb-4e9d-90a7-aea17c882d1f,Vodafone Egypt,Telecom,5,2026-08-24,تمام,Positive
fd13d3c6-538a-4c93-b859-8fb1a9946d9a,Vodafone Egypt,Telecom,1,2026-08-24,جيد,Negative
a4e3c938-e479-4f25-9a11-2293829fcc21,Vodafone Egypt,Telecom,5,2026-08-24,احلي خط فودافون,Positive
4d8aac8b-b0b4-4a70-8e56-ac11e508f3d1,Vodafone Egypt,Telecom,1,2026-08-24,مش فاتح عندي,Negative
2f32479e-25f4-468c-8ccd-3df164f5d4b8,Vodafone Egypt,Telecom,1,2026-08-24,اسوء شبكة نت واسوء خدمة عملاء انا بنقل خطي علي شركة تانيه,Negative
be570046-1d1e-46dc-920b-92fdd9782684,Vodafone Egypt,Telecom,1,2026-08-24,مشاكل مستمرة,Negative
e5718d92-bee9-4fce-bed3-9c9eed2e7e15,Vodafone Egypt,Telecom,5,2026-08-24,جيد جداً,Positive
c3bfefef-bad9-497d-b379-dbf153cec7ae,Vodafone Egypt,Telecom,5,2026-08-24,شكرا جد,Positive
86c3b65d-c138-45a4-981f-e896c7dfd124,Vodafone Egypt,Telecom,5,2026-08-24,ممتاز جدا جدا,Positive
5c67a8c3-c208-4898-b213-88e6e9d25524,Vodafone Egypt,Telecom,5,2026-08-24,جيد,Positive
3cebf1a7-cea2-46d6-98eb-ad97bc94b038,Vodafone Egypt,Telecom,5,2026-08-24,بفتح البرنامج مش شغال معايا خدمة النت المنزلي حتي لتجديد الباقه من هنا و كلمت خدمة العملاء كتير و محدش فادني اعمل ايه,Positive
9b7ceba5-4803-4eb7-9a50-272c24c630a9,Vodafone Egypt,Telecom,5,2026-08-24,ترجمة عربي,Positive
09b5d2c9-9116-48c5-913c-67e8c6f0db3b,Vodafone Egypt,Telecom,5,2026-08-24,جميل جدا ومنظم,Positive
c4c92cdc-d5d6-4171-8ac2-086bf7dd9a0f,Vodafone Egypt,Telecom,5,2026-08-24,راااائع,Positive
06640db8-becf-45a2-bd30-fc5d3dca0d9b,Vodafone Egypt,Telecom,5,2026-08-24,جيد,Positive
01bb28d3-2d8e-41ec-bb1f-e60fd98bafc5,Vodafone Egypt,Telecom,5,2026-08-24,تطبيق رائع جداً,Positive
613d2955-2243-4fd6-a5b9-25ef8f949434,Vodafone Egypt,Telecom,1,2026-08-24,برنامج زي زفت كل شوية حدث خطأ,Negative
4a1b937f-8726-489c-8470-b4d38aad188a,Vodafone Egypt,Telecom,5,2026-08-24,جيد جداً رائع 😍,Positive
2a5369cd-2e03-48ba-b997-545120054ca0,Vodafone Egypt,Telecom,5,2026-08-24,جميل,Positive
7762fa6e-6bec-454b-85ff-e22ffe021e03,Vodafone Egypt,Telecom,5,2026-08-24,جميل بيسهل الاستخدام من غير اكواد,Positive
53ab6198-cbab-48f9-aca5-5cb76e5d2d5d,Vodafone Egypt,Telecom,5,2026-08-24,ممتاز,Positive
3e49dd34-91a7-473f-b5b2-c3c0c36f1ed6,Vodafone Egypt,Telecom,1,2026-08-24,احلي حاجه أنها شركه محترمه,Negative
e6176393-fea5-412c-8ac4-710ea45c18f5,Vodafone Egypt,Telecom,5,2026-08-24,جميل جدا,Positive
235460d8-2fc1-4331-80e9-878034ee1a5e,Vodafone Egypt,Telecom,1,2026-08-24,جامد اوي,Negative
d1fd7b56-2b89-43d5-aca9-ff72ce05a15c,Vodafone Egypt,Telecom,5,2026-08-24,ممتازه,Positive
10c22566-62fc-47ab-9542-2b10daaef830,Vodafone Egypt,Telecom,5,2026-08-24,في مشكله أن التطبيق بيتمسح لوحده,Positive
68bb85b1-2a73-4bfd-8286-7da309831e1a,Vodafone Egypt,Telecom,5,2026-08-24,تجربه ممتازه بس زوده الهديه,Positive
4008856c-c912-4e07-985e-9026a2998e3a,Vodafone Egypt,Telecom,1,2026-08-24,نا بستان العروض ولاكن مش بتفتح فودافون مش بيفتح,Negative
ac028119-6608-4954-8a7d-31532cddceac,Vodafone Egypt,Telecom,3,2026-08-24,التطبيق بجد وحش اوي، عشان أنا كل مرة ادوس علي زرار و حاجة ميتفاعلش معايا زي كأنها صورة غير تفاعلية وكمان بعد التحديث الحركة دي بقت تحصل كل مرة,Neutral
6f38c381-88cc-469c-91d3-79dff0e1fe61,Vodafone Egypt,Telecom,1,2026-08-24,سيئ جدا لا يوجد طريقه للتواصل مع احد ممثلى خدمة العملاء,Negative
248d7dcd-8495-4ba4-ba13-a33371490126,Vodafone Egypt,Telecom,5,2026-08-24,Very nice,Positive
e4b01f4d-3b71-4031-bcdd-29d08964aaca,Vodafone Egypt,Telecom,5,2026-08-24,جيد جدا,Positive
b19a670b-83b3-4348-8913-d647dacb1d65,Vodafone Egypt,Telecom,1,2026-08-24,التطبيق متعب جدا كل ما ادخل على التطبيق يطلب تحديث,Negative
3f457cb0-6792-46e3-a9e9-21dff0084cc5,Vodafone Egypt,Telecom,4,2026-08-24,بصراحه تجربه غير مرضيه انا برا مصر والتطبيق مابيشتغلش غير ببرنامج vpn وبيعلق وكمان الشبكه بتفصل وترفض التسجيل على الشبكات المحلية فى الدولة اللى موجود فيها بصراحه حاجه تزعل جدا ،،اتمنى انو وضع فودافون يكون احسن،، وشكرا,Positive
b2239166-7639-4f55-8242-b90d1a8b7e10,Vodafone Egypt,Telecom,5,2026-08-24,جميل,Positive
38119805-c2f0-4074-ac78-3c3567daa06c,Vodafone Egypt,Telecom,5,2026-08-24,ميه ميه,Positive
e7857edf-9447-4d4f-a9dc-e82c2e55f36f,Vodafone Egypt,Telecom,5,2026-08-24,تمام,Positive
4396b914-b803-47f2-9ed5-49bf97d71b4b,Vodafone Egypt,Telecom,5,2026-08-24,ممتاز جدا جدا,Positive
e11b3dde-11ee-4f1b-a2b8-436f7d82f3c9,Vodafone Egypt,Telecom,5,2026-08-24,ممتاز,Positive
e9882c76-225d-4b2f-8bc6-be17d44ff631,Vodafone Egypt,Telecom,1,2026-08-24,التطبيق أصبح سيء جدا بسبب طمع الشركه وتم إلغاء ميزه فصل عرضك ووضع عروض سيئة وأصبح كل هم الشركه جمع المال ياريت يرجع نظام فصل عرضك مره ثانيه وحل مشكله عدم ظهور المتبقي من العروض في التطبيق,Negative
a8839889-c7eb-4134-b323-eb4c26717e83,Vodafone Egypt,Telecom,5,2026-08-24,ممتاذه,Positive
3b827940-ec73-433e-abde-a577bcbf6110,Vodafone Egypt,Telecom,5,2026-08-24,حلوه اوي بس الشبكه ضعيف,Positive
e31bc563-165d-49a0-92d4-c6e48375da55,Vodafone Egypt,Telecom,5,2026-08-24,تطبيق مميز وجميل جداً,Positive
1855665c-8b00-4c34-ab04-317e1d15961a,Vodafone Egypt,Telecom,5,2026-08-24,حلوه,Positive
04b4a7a2-d1b1-4a9c-a804-8bf9c74a83b2,Vodafone Egypt,Telecom,5,2026-08-24,السلام عليكم عايز التطبيق ده يشتغل عندي في التليفون ليه واقف على فودافون واقفه عندي ما بتشتغلش ولا بتجيب اي حاجه ممكن تشغيلها يا ريت خدمه العملاء تفاعلي عندي انا فودافون,Positive
f36ed78a-ae8d-4908-acf9-06d386c98b18,Vodafone Egypt,Telecom,5,2026-08-24,كويس,Positive
f96e6bd5-f102-497a-a348-fca46847b81b,Vodafone Egypt,Telecom,5,2026-08-24,ممتاز,Positive
65abb1ef-7631-43ac-bba5-534ea7a8313e,Vodafone Egypt,Telecom,5,2026-08-24,مميزة,Positive
9c576a0a-a531-4505-9bf4-af2242758243,Vodafone Egypt,Telecom,1,2026-08-24,لا انصح احد بالتعامل مع فودافون شركه فودافون النت فيها سيء جدا ولا يمكنه فتح تطبيق تيك توك حتى,Negative
ff940b08-5393-4f35-86c9-f63ddd6a5daa,Vodafone Egypt,Telecom,1,2026-08-24,لما بدخل علي صفحة فودافون كاش للاسف الابلكيشين مش بيستجيب لاي اوامر لاي ايقونه في الصفحة مش فاهم ليه مع ان كل حاجه في التطبيق تمام ما عدي جزء الكاش مهما اضغط علي اي امر ولا كأنه موجود,Negative
286e6483-bc2c-46ed-bc83-7c8a86ced2bf,Vodafone Egypt,Telecom,1,2026-08-24,التحديث سيء جدا ... لا يقبل نسخ ولا لصق ولا يستعرض الأسماء... انا من الصبح باجرب مرة تنفع وعشرين لأ..,Negative
b979e53e-00a1-48d4-b7ab-9786d10e1c84,Vodafone Egypt,Telecom,5,2026-08-24,أحسن و أفضل شركة ف جميع خدامتها ولكن أنا شكلي كدة هرجع الخط دة إلي شركة وي مرة أخرى أو هحوله إتصالات أنا بسبب إن أنا ذهبت للفرع دة مرة أخرى عشان أشوف الباقة بتخلص بسرعة ليه و لكن الأستاذ إللي هناك قالي أنا يا أ آيات أنا زودت لحضرتك إنتي الباقة و لكن إحنا كشركة مش هنعرف نتحكم ف نظام الباقة فبقوله هو إزاي يعني راح قالي حضرتك إنتي محتاجه أي إستفسار آخر أكلم أنا خدمة العملاء علي الرقم دة 888 و أنا حقيقي زهقت من تجديد الباقة كدة كل إسبوع بجدد باقتي أنا الأول كان علي 75ج دلوقتي هجددها أنا علي215ج,Positive
b2f3faba-3133-46ec-8e96-69485f7cd176,Vodafone Egypt,Telecom,5,2026-08-24,جيد جدا,Positive
aaa09e21-7c92-4cf0-bd4a-472919684d3b,Vodafone Egypt,Telecom,1,2026-08-24,التطبيق فاشل يكتب لا يوجد إنترنت,Negative
0658cd2c-4b05-4dfc-97c5-35fcdd2e4ae6,Vodafone Egypt,Telecom,5,2026-08-24,ح جربتو جامد اوي والله,Positive
636e8e63-a164-416a-8149-2fed942b90c4,Vodafone Egypt,Telecom,5,2026-08-24,شركه ممتازه,Positive
5a260f79-507b-4eb7-a7ff-63514380aa73,Vodafone Egypt,Telecom,5,2026-08-24,ممناز,Positive
7153c42d-c107-406c-96c2-d0710f21a731,Vodafone Egypt,Telecom,5,2026-08-24,تطبيق في غايه الروعه,Positive
c823b28c-aa22-4492-89bb-737a4d9ba233,Vodafone Egypt,Telecom,1,2026-08-24,للاسف البرنامج مش بيشتغل غير من خلال انترنت الداتا فقط مع انه كان بيبقي شغال من خلال انترنت الواي فاي عادي، تحديث سيء جدا ومش فاهم ايه الهدف منه غير اجبار الناس علي تجديد الباقة باستمرار، ارجوا اعادة التطبيق للعمل من خلال انترنت الواي فاي زي الاول.,Negative
8c5b4a11-bfff-4fb6-a3d5-d9f97b5e3503,Vodafone Egypt,Telecom,5,2026-08-24,تشغيل,Positive
dbfc0b3a-8947-4e6a-a27a-c96ba97b3c61,Vodafone Egypt,Telecom,5,2026-08-24,جيدجدا,Positive
1865221f-9c04-4507-a9ea-1313b287fa9f,Vodafone Egypt,Telecom,5,2026-08-24,برنامج ممتاز جدا,Positive
134558fc-ca47-4299-b55e-621eb37b76c1,Vodafone Egypt,Telecom,1,2026-08-24,الابلكيشن دلوقتي زفت اووووووي والكاش مش بيفتح نهائي والتسجيل الدخول صعب اووووووي ولازم كل ما افتح الابلكيشن اقفل التلفون وافتح التلغون وكمان مسحت البيانات زي ما انتم عاوزن وبيعمل كدا المشكله في اي بيشتغل في تلفون وتلفون لا وله اي النظام,Negative
1f11ad1c-cc82-4e1c-94a8-39e8b9c31800,Vodafone Egypt,Telecom,1,2026-08-24,اخر تحديث سيئ جدا معطل كل خدمات كاش ظاهر رساله لا يوجد فواتير بحاول ادوس ع علامة الاكس فوق عشان استخدام خدمات كاش رافض ولا عارفه اعمل تحويل فلوس ولا سحب ولا اي حاجه وتحديث ذي الزفت بجد,Negative
a08d6ba1-ca36-450f-8c62-220237b44c04,Vodafone Egypt,Telecom,5,2026-08-24,برنامج بضين,Positive
be876c81-75b3-44f6-9569-4a0edfdfeefc,Vodafone Egypt,Telecom,5,2026-08-24,ممتاز,Positive
1ebc0c27-4b4d-4c65-bb03-ce4ac76823e1,Vodafone Egypt,Telecom,1,2026-08-24,تطبيف جدا مقرف واخطاء في تسجيل الدخول كل شويه يعملي ان كلمه المرور خطا واعمل تغيير كلمت المرور يقولي ادخل كلمه مرور غير مستخدمه من قبل,Negative
e5af9c84-3a43-4c16-88ed-3a7e7ee0e295,Vodafone Egypt,Telecom,1,2026-08-24,التطبيق بعد التحديثات الاخيره بقي عباره عن تجربه سيئه جداااا مش قادر اشحن استخدم اي خدمه خدمات المحفظه حتي شحن الرصيد وشحن الباقه بقي التطبيق بقي عباره عن رسايل خطأ و مشاكل تقنيه وحاجه بجد مقرفه,Negative
bc28e446-f985-4fe6-8119-90508efb0551,Vodafone Egypt,Telecom,5,2026-08-24,جيده جدا,Positive
1a565945-4fcb-4d12-b146-9a6823e96b9d,Vodafone Egypt,Telecom,5,2026-08-24,ممتاز جداً,Positive
2a5eb593-fbac-45d1-ae0b-d74cc034c999,Vodafone Egypt,Telecom,1,2026-08-24,جالى عرض على الباقه اشحن وليك ٣٠% زياده شحنت وجالى الباقه فقط بدون زياده اسلوب مستفز جدا,Negative
48572929-b3a8-45ca-a33f-309571c0c2e1,Vodafone Egypt,Telecom,1,2026-08-24,انا المفروض يكون معايا 10000فلكس بيدوني خمس الاف بس ليه انا هغير خط فودافون ده خالص مش هجيب خطوط من فودافون تاني,Negative
58f6c522-5183-4c58-a30f-740ba977e54c,Vodafone Egypt,Telecom,5,2026-08-24,حلوة,Positive
ac50cc99-97bc-4b53-9b21-670c603666a4,Vodafone Egypt,Telecom,2,2026-08-23,اين 2 جيجا هديه لم استلم بعد هذا تحايول,Negative
5875a2fa-8777-4ec2-beb1-9074b1c4fc06,Vodafone Egypt,Telecom,1,2026-08-23,التطبيق بقي زي الزفت العرض الجديد بتاع الستريك انا اشتركت في انا وشخص تاني المفروض كل خمس ايام يجيلنا هديه بادء من تمن ايام ولسه بيقولولي اتبقي يوم ودورت في التطبيق كله علي مركز الشكاوي ملقتش والتطبيق بقي بيعلق اوي والعروض وحشه اوي وانا لسه محدثه التطبيق ارجو حل جميع المشاكل في اقرب وقت,Negative
3e910831-6fd1-4e1c-958f-c85a1a1feef2,Vodafone Egypt,Telecom,5,2026-08-23,جيد,Positive
ce2c581a-d5c6-4fd8-9533-3f16ce37c128,Vodafone Egypt,Telecom,5,2026-08-23,🤙🏻,Positive
0830debd-b38b-4441-a5f4-0f01963964b3,Vodafone Egypt,Telecom,5,2026-08-23,good 😊,Positive
1ccc657c-e2c5-458c-a2a9-0b94dca6d0c9,Vodafone Egypt,Telecom,5,2026-08-23,لو سمحت الابلكيشن مش عايز يغير كلمة مرور الواي فاي التحديث اللي اتعمل مش بيبان كود لتغير كلمة المرور والموضوع بقى سيء جدا,Positive
52a39594-d04a-4a78-a4e3-d6116835462d,Vodafone Egypt,Telecom,2,2026-08-23,كل يومين تحديث🫩🫩,Negative
b611802b-315b-4f9c-8827-1e5eb5bc8342,Vodafone Egypt,Telecom,1,2026-08-23,التحديث الجديد ياخد صفر من عشرة تطبيق انا فودافون مش مشغل اي خدمات في فودافون كاش ومش عارفه احول اي فلوس,Negative
ab6f1785-cd56-4cb8-aaf0-adab8c4b3377,Vodafone Egypt,Telecom,5,2026-08-23,البرنامج فى مشكله لما بفتح المحفظه بوقف ومش بيشتغل خالص ومش بعرف أحوال او استخدم المحفظه خالص برجاء إصلاح هذا العطل,Positive
f807086a-0518-4ba7-91dd-8b8189356f40,Vodafone Egypt,Telecom,5,2026-08-23,برنامج جيد,Positive
62758815-52a8-4474-99ce-0fdb97ae561a,Vodafone Egypt,Telecom,1,2026-08-23,الشبكه بقى لها فتره ضعيفه,Negative
76e0410a-6b9e-47ed-bad7-59e76338d871,Vodafone Egypt,Telecom,5,2026-08-23,ممتاز,Positive
e26ca418-72ba-46da-a33e-39c6472c1624,Vodafone Egypt,Telecom,1,2026-08-23,السلام عليكم عندى مشكله بتطبيق انا فودافون وهى أن لما بخش على فودافون كاش الواجهة بتبقى عامله فريز مبقدرش اختار أو اتحرك لفوق أو لتحت أو اختار اى حاجه ظاهره على الشاشة برجاء الحل وانا لسه محدث التطبيق اخر اصدار .,Negative
f7922173-b9d5-4303-b9ce-c02b09c69c0d,Vodafone Egypt,Telecom,5,2026-08-23,جيد جدا جدا جدا,Positive
b38fae3e-a177-416f-8446-f142e08d54c9,Vodafone Egypt,Telecom,4,2026-08-23,العروض ثابته ومتكرره بالمقارنة مع الشركات المنافسه,Positive
8dae8ce6-4f06-4b74-b8db-e44d353b01a8,Vodafone Egypt,Telecom,5,2026-08-23,جميل جدا,Positive
9404684a-2629-44d7-9692-cbecac7954f0,Vodafone Egypt,Telecom,5,2026-08-23,Good,Positive
b0b4fb47-514e-425e-9c55-fd19ae8fd58b,Vodafone Egypt,Telecom,1,2026-08-23,رجاءا اقرا المراجعة. أسوء شركة على وجه العموم نصابين وبيسرقو الأرصدة والجيجات من أول الشهر لآخره النت زي الزفت وتقريبا مش بنعرف نستخدمه ومع عدم الإستخدام بيسرقو الجيجات حسبنا الله ونعم الوكيل في كل منظومة فودافون من أول العامل بها لحد رئيس مجلس الإدارة وأصحاب الشركة والموظفين لو عندهم ضمير كانوا يبلغو المدراء بالشكاوي اللى بتوصلهم. لكن علشان يحافظو على مناصبهم وعمولاتهم مشتركين معهم فالنصب على العملاء حسبنا الله ونعم الوكيل. وكل التقييمات الإجابية ليست من عملا واقعيين بل من تيم الشركات لديهم.,Negative
73081a9a-f351-47b5-b432-8851ac14bfaf,Vodafone Egypt,Telecom,5,2026-08-23,جيدة,Positive
5874b1d4-c07b-4697-948f-46ff2564d3a2,Vodafone Egypt,Telecom,1,2026-08-23,غير مفيد بأي شكل من الأشكال يعني اخش اشوف النت ألقاه كاتبلي متبقي 5 وحده من اصل 745 موحده مثلا وأنا شاحن كارت مثلا 22ج اللي هوا 425 خدمه العملاء لو كلمتهم تلت مرات بيقولي نفذ عدد المحاولات ليه تنفذ المفروض تبقي مفتوحه علشان مشاكلكم كتيرة بجد بقي اخر فتره سيئ جداً,Negative
8d2b35a1-6209-434d-ac7c-ddbda56b47cb,Vodafone Egypt,Telecom,1,2026-08-23,برنامج كله مشاكل وبيهنج ومش شغال,Negative
97355f39-d4de-4d94-bb38-28a93a16f3d0,Vodafone Egypt,Telecom,1,2026-08-23,هذا التحديث سئ جدا,Negative
f0ccb730-a0d4-4188-86ed-d09c5f58da38,Vodafone Egypt,Telecom,1,2026-08-23,يا شركة فودافون انا كل ما ادخل الابلكيشن ادخل على Streak مش بتحمل عندي بتظهر ابيض بس,Negative
bab6e751-7ae4-4bfc-98d0-ab5b649a6b75,Vodafone Egypt,Telecom,1,2026-08-23,ما انصحش الشركه دي اسوء شركه في الانترنت والتعامل فقط كل العروض فيك يوجد سرقه علني هيقول لك المشكله من استهلاكك مش من النت واللي هي المشكله من عندهم حتى لو انت ما بتستعملش النت النت بيتسحب بزياده منصحش حد يخش عندهم,Negative
7b19665b-e80e-47ef-9c8a-13485cf4d90d,Vodafone Egypt,Telecom,5,2026-08-23,ممتاز جداً جداً جداً,Positive
8194557f-1d82-4481-81cc-caf5ea4a2c4e,Vodafone Egypt,Telecom,2,2026-08-23,عامل اخر تحديث النهارده وعندما افتح التطبيق على الواي فاي لا يشتغل ولا يعمل,Negative
6aaef170-48f3-467d-ad83-ca38cd6f2407,Vodafone Egypt,Telecom,5,2026-08-23,جيده,Positive
9a66db23-9155-4a40-af40-31d584bcc186,Vodafone Egypt,Telecom,5,2026-08-23,ممتاز,Positive
53a76242-8856-4d0f-b52b-4feb872fce21,Vodafone Egypt,Telecom,5,2026-08-23,جيده,Positive
52abab5e-6d86-4f57-a7b9-dc55543914c9,Vodafone Egypt,Telecom,5,2026-08-23,برنامج جميل,Positive
496446ab-a9e7-4ddb-9ba2-9252e8b4dc4d,Vodafone Egypt,Telecom,1,2026-08-23,ممتاذ,Negative
e79f6c99-efc9-41b1-a529-e9fbe39f1c80,Vodafone Egypt,Telecom,1,2026-08-23,مشكله في فودافون كاش ومفيش حل إيداع بالكارت غير شغال وتم التواصل مع فودافون وقالو المشكله في البنك ذهبت للبنك قالي مفيش مشكله في حسابك والدليل انه بيتم التعامل والايداع في كل محافظ الخطوط الاخري,Negative
4702e4af-d447-4423-a4a6-bea370eddd51,Vodafone Egypt,Telecom,5,2026-08-23,شكرا,Positive
7139df56-c568-4898-80fa-c10c9247068c,Vodafone Egypt,Telecom,5,2026-08-23,جيد,Positive
170c2732-a479-4c11-9723-c35d5d6792c8,Vodafone Egypt,Telecom,5,2026-08-23,ممتاز جدا جدا 😍,Positive
4237ffe4-552f-47ae-814e-1cc0be85e00e,Vodafone Egypt,Telecom,5,2026-08-23,ممتاذ,Positive
2c517705-0f29-4a2a-93c5-20b4ecc46bfc,Vodafone Egypt,Telecom,1,2026-08-23,التحديث الجديد زباله مهنج ومهما ندوس عليه ما فيش حاجه بتفتح ولا عارفين نحول منه حاجه ولا نعمل فيه حاجه,Negative
91c3aaec-a9be-42be-a9d2-da0205e23c08,Vodafone Egypt,Telecom,5,2026-08-23,ممتاز,Positive
856c0db2-36d0-4301-a65d-6ddfa40dcefa,Vodafone Egypt,Telecom,1,2026-08-23,التطبيق كداب قال لو حملته باخده 2جيجا وما اخد شي و بيقول كل يوم بيعطيك باقه وما يعطي شي عايز 2جيجا عليشن حملت التطبيق,Negative
00813e81-ccb4-4a16-b13a-45320b712ae3,Vodafone Egypt,Telecom,5,2026-08-23,ممتاز,Positive
76204291-e6da-49f1-8d87-35eda560b33c,Vodafone Egypt,Telecom,1,2026-08-23,كل شوية بيهنج ويعطل,Negative
0c914f11-8709-4506-9086-69c3b101b219,Vodafone Egypt,Telecom,5,2026-08-23,ممتاز,Positive
caa33c22-084b-4cc1-9af6-8aa8d074f11b,Vodafone Egypt,Telecom,4,2026-08-23,٨٠,Positive
fb793be0-e4e2-412f-801b-5dec8fa1d8a6,Vodafone Egypt,Telecom,5,2026-08-23,رائع جدا,Positive
6f9b00e9-e10c-423e-8ab5-50b88f7be13b,Vodafone Egypt,Telecom,5,2026-08-23,ممتازة,Positive
4266202e-1e4e-462c-98c6-7eebc1ba1a57,Vodafone Egypt,Telecom,5,2026-08-23,جيد جدا,Positive
37315a39-5b14-4463-9a28-5fc37afee00b,Vodafone Egypt,Telecom,5,2026-08-23,ممتاز,Positive
db91d8ec-5696-4a6d-b57f-dbd809c563a8,Vodafone Egypt,Telecom,4,2026-08-23,برنامج ممتاز,Positive
76e56109-a6d4-4381-af1b-1c2c355d8352,Vodafone Egypt,Telecom,5,2026-08-23,جميل,Positive
9ff76665-b356-443b-a069-f38e85dad4df,Vodafone Egypt,Telecom,5,2026-08-23,تطبيق رائع,Positive
ed5a5179-80e7-463d-99ba-39fc99452d10,Vodafone Egypt,Telecom,3,2026-08-23,التطبيق مش بيفتح علي الواي فاي خالص اي السبب/تمم بس التطبيق كان بيفتح وانا مشغل الواي فاي دلوقتي مش بيفتح خالص,Neutral
6631cab6-027f-4e7e-96b6-76af62b677a9,Vodafone Egypt,Telecom,5,2026-08-23,جيد,Positive
163da167-faa4-4b52-b09c-842d253b32ea,Vodafone Egypt,Telecom,5,2026-08-23,احلى تطبيق في العالم واحلى شركه فودافون,Positive
930191dd-6d13-4cdc-aa20-2abffc970b85,Vodafone Egypt,Telecom,5,2026-08-23,ممتاز,Positive
11e230ad-7908-4d83-a947-10739ea6de2c,Vodafone Egypt,Telecom,5,2026-08-23,ممتازه,Positive
c3ea6d39-0412-4efa-bfd8-be8326cdc6ef,Vodafone Egypt,Telecom,3,2026-08-23,بق سيئ,Neutral
4a686137-906a-49b2-b1c2-46ff84ff7694,Vodafone Egypt,Telecom,5,2026-08-23,اللةاكبر,Positive
dd43ca2a-0667-4b33-9289-eff8892e84b4,Vodafone Egypt,Telecom,5,2026-08-23,ممتاز,Positive
cb7ec8fc-8f84-44d8-9cc9-876a60f50760,Vodafone Egypt,Telecom,5,2026-08-23,ممتاز,Positive
3e652896-b65e-4ed0-adae-a55e26754b0a,Vodafone Egypt,Telecom,1,2026-08-23,التطبيق بعد التحديث الأخير خدمة كاش مش شغالة,Negative
f8f5f6b1-e90a-4e7f-88f6-50dc942db610,Vodafone Egypt,Telecom,5,2026-08-23,التحديث الأخير سئ جدا في استخدام المحفظه اخر تحديث بتاريخ 23/8 نرجو حل المشكلة,Positive
6fc2d3ac-69e0-4f7b-9d1d-01982f02746b,Vodafone Egypt,Telecom,5,2026-08-23,ممتاز,Positive
7449dcce-83a8-47a9-8630-cf0f8d3232b0,Vodafone Egypt,Telecom,1,2026-08-23,تطبيق ثقيل جداا ولا يفتح الا ببيانات الهاتف كيف 🤔 وماله الواي فاي وكل ما اريد اقوم بمعامله بيدخلنيزفيزحاجه غير 🤕🥵🥵,Negative
8a241a85-3f5b-4b45-ae97-8ef94b1661f5,Vodafone Egypt,Telecom,5,2026-08-23,اجمل شبكه,Positive
596cdb2a-9597-4d27-865e-0a18ad4edbe5,Vodafone Egypt,Telecom,5,2026-08-22,ماشاءالله,Positive
54a0c106-1d17-4d04-aff4-76968072c7a4,Vodafone Egypt,Telecom,5,2026-08-22,مقرف ديفو هديه اكتر,Positive
56de0b02-3401-4905-b2cc-d405998ae315,Vodafone Egypt,Telecom,1,2026-08-22,التطبيق زبالة الزبالة حرفيا كل لما اجي ادخل التطبيق يقولي معنديش نت رغم عندي باقة كبيرة شيلو ام التحديث المقرف دا بقي,Negative
e62bff60-9a96-451e-8e80-bbf3ec6aabd6,Vodafone Egypt,Telecom,1,2026-08-22,انا علي نظام فليكس والفليكسات الشركة بتسرقها مني وقدم كذا شكوي في الفرع ومفيش فايدة,Negative
ebda46dc-8a13-4d0c-a502-5e7d59ce371a,Vodafone Egypt,Telecom,5,2026-08-22,ما لوش حل,Positive
610dd62d-7094-4469-b416-30186df796b7,Vodafone Egypt,Telecom,5,2026-08-22,جيد جدا,Positive
2f2c91bf-cbd9-4d05-9ae8-7094c0498916,Vodafone Egypt,Telecom,1,2026-08-22,ايه التحديث الغريب ده اللي حصل علي المحفظة هي ناقصة تعقيد 😒 👎🏼👎🏼👎🏼👎🏼👎🏼,Negative
a775aead-4f36-4f9b-8f49-339613c07ee5,Vodafone Egypt,Telecom,5,2026-08-22,بصراحه برنامج تحفه,Positive
21f0c1d6-3413-4139-b999-dc0adb002c72,Vodafone Egypt,Telecom,5,2026-08-22,ممتاز,Positive
1cce3c04-2ed1-4939-b5b7-30db68c7e879,Vodafone Egypt,Telecom,5,2026-08-22,رائع ولكن اتمنى لو يوجد شحن كارت فكة فليكس او سوشيال فقط اول نت فقط او فيديو فقط,Positive
79580c0d-6e3f-42dc-8504-bf4d85bc9708,Vodafone Egypt,Telecom,4,2026-08-22,تطبيق جميل,Positive
52ca42df-af33-4e2c-af42-01b932417b25,Vodafone Egypt,Telecom,5,2026-08-22,عليا النعمه احسن شركه في مصر مفيش زي سرعه النت فيها,Positive
a1403154-28b5-4d6f-abde-bc7d15e8d6da,Vodafone Egypt,Telecom,5,2026-08-22,كويس,Positive
78bb33c0-fd7e-4b68-a7a4-1bf3ab50fdb6,Vodafone Egypt,Telecom,1,2026-08-22,التحديث الأخير زي الزفت جاري حذف التطبيق واستبداله,Negative
8c1c7033-e4c5-421d-a415-1d64011e2109,Vodafone Egypt,Telecom,2,2026-08-22,ليه غلطه بسيطه في هدايا استريك في اختيار الرقم المفضل اصبحت فرض عليا عايز اغير الرقم المفضل برقم تاني ياريت يكون في تقنيه ممتازهةعن كده شويه وشكرا,Negative
a1cb349d-f0d7-4573-abe8-3197208037ad,Vodafone Egypt,Telecom,5,2026-08-22,روعة,Positive
834d2e5d-9110-4d16-8b03-4ad210e6b969,Vodafone Egypt,Telecom,5,2026-08-22,ممتاز,Positive
9c014213-ee7f-410e-ad63-903f2baff4a8,Vodafone Egypt,Telecom,5,2026-08-22,شكرا جزيلا لموظفي خدمه العملاء جمعيا علي الاسلوب في التعامل مع العملاء وكيفيه ارضاهم الاستاذ مصطفى شكرا خاص,Positive
a4c02212-6783-47bf-b618-e4a761f3ad91,Vodafone Egypt,Telecom,1,2026-08-22,التطبيق لا يرضى أن أكتب كلمة السر اطلاقا اذا كانت كلمة سر الدخول او حتى كلمة سر المحفظة,Negative
bf62deba-852e-4bb2-ae44-aa229257a731,Vodafone Egypt,Telecom,1,2026-08-22,أنتو شركة وحشة جدآ جدآ جدآ وبتسرق من الشحن ومبتنزلش عروض خالص وقريب أوي هفسخ عقدي مع الشركة دي وتقييمي صفر صفر صفر,Negative
09f3c095-0021-4211-b7fe-3526c9e64f8c,Vodafone Egypt,Telecom,5,2026-08-22,مفيد جداً ويسهل علي الكثير من الأمور لكن أود من المطورين أن يقوموا بالاشاره إلى كم تبقي من هدية الشحن,Positive
f04a4e9e-53a9-4cba-9f25-72c82a0f836f,Vodafone Egypt,Telecom,5,2026-08-22,اوفر واحسن واسرع واسهل,Positive
d3356740-0444-446b-aaae-97f309b4457a,Vodafone Egypt,Telecom,1,2026-08-22,التحديث الاخير سئ جدآ لا يليق بشركة فودافون,Negative
5095a70d-8838-439d-bfde-27d8bbfcb56a,Vodafone Egypt,Telecom,5,2026-08-22,جميل جداً,Positive
f96a0de0-6ff3-4c5b-8041-283c737988b0,Vodafone Egypt,Telecom,5,2026-08-22,احلى خدمه,Positive
3be6ab9b-3080-44fd-b1d3-a66dc3a5bd32,Vodafone Egypt,Telecom,5,2026-08-22,تطبيق جيد جدا,Positive
e69c9a65-743b-4473-8acf-402a4168cf84,Vodafone Egypt,Telecom,5,2026-08-22,برنامج جميل جدا جدا جدا,Positive
e485219a-f12c-4db5-bf45-f5f988350c2b,Vodafone Egypt,Telecom,5,2026-08-22,برنامج جميل بسعدن اعمل كل معملاتى وانا فى البيت سعدنى كتير,Positive
b36f2c8d-b9bf-4f54-b61e-34d155c34537,Vodafone Egypt,Telecom,1,2026-08-22,بعد التحديث اصبح الابلكيشن سيء جدا مش عايز يعمل تحويله على ماكينه ال atm بعض الخدمات على الابلكيشن مش عايزه تشتغل يا ريت حل للمشكله في اقرب وقت,Negative
aa6b3d1b-922e-4dc6-9c75-64ca05bec7fe,Vodafone Egypt,Telecom,5,2026-08-22,ولله لو في عشر نجوم كنت عملت,Positive
e82880a1-eacb-485d-b7d5-07373ddff43d,Vodafone Egypt,Telecom,5,2026-08-22,كويس,Positive
1bdaf7a5-675f-4486-bef2-2b498633bd52,Vodafone Egypt,Telecom,5,2026-08-22,جيد جدا,Positive
cb7d2ef2-78af-4ac7-b0a0-ef49bda5186b,Vodafone Egypt,Telecom,5,2026-08-22,اول هام انا داخل مخصوص عشان اشكر الموظفه اللي ردت عليا النهارده بصراحه كانت في منتهى الذوق والاخلاص لعملها بدقه وتستحق ان هي تكون من احسن موظفين الشركه فودافون مليون لايك للموظفه اللي ردت عليا النهارده ورجعت لي اللي انا عايزه عملت لي اللي انا عايزه بمنتهى الاخلاص التطبيق كويس اهم حاجه في التطبيق تديني الاذونات المطلوبه عشان يشتغل,Positive
0ec1ee18-126b-4a2f-a26b-90ce90fdb7c1,Vodafone Egypt,Telecom,5,2026-08-22,جميل,Positive
244ef92b-f5be-47d5-8e01-e169ed2b847b,Vodafone Egypt,Telecom,5,2026-08-22,تمام,Positive
55858205-993e-4c6f-bd2e-1e3fab23e429,Vodafone Egypt,Telecom,1,2026-08-22,سيء,Negative
d6f1a8eb-9de1-4d98-9655-c98798934572,Vodafone Egypt,Telecom,5,2026-08-22,شكرا ع الرصيد اللي بتاخده مني بسرعه 😂,Positive
d4d7a1d8-56fd-4051-a8f7-23c54f2f6177,Vodafone Egypt,Telecom,1,2026-08-22,برنامج بعد التحديث على الزباله,Negative
6c99bcc3-6c88-4d55-909f-4b0913997f2b,Vodafone Egypt,Telecom,5,2026-08-22,ممتار,Positive
9dc542db-ccd0-469a-8b0e-b559ecda1d05,Vodafone Egypt,Telecom,5,2026-08-22,ممتاز,Positive
ba796d55-2ea6-48d5-87e6-9975060a2803,Vodafone Egypt,Telecom,5,2026-08-22,👍,Positive
6eebcbb7-f8bf-4123-bb6b-9ecf8929d4ac,Vodafone Egypt,Telecom,3,2026-08-22,جميل جداً,Neutral
63d3f93b-8749-4000-83ea-69ed728d7f50,Vodafone Egypt,Telecom,1,2026-08-22,التطبيق لا يدخل على فودافون كاش,Negative
81e446cd-30dc-43fd-9492-8dad6fa676b8,Vodafone Egypt,Telecom,5,2026-08-22,كويس,Positive
34f98d24-d21f-4057-8af8-26141e5ebfa2,Vodafone Egypt,Telecom,5,2026-08-22,ممتاز جدا جدا,Positive
761767d5-b82a-46d5-bc30-c926d411512b,Vodafone Egypt,Telecom,1,2026-08-22,فودافون كاش بيعلق ليه,Negative
4f319e23-e860-4b41-9259-1b305025e8c9,Vodafone Egypt,Telecom,2,2026-08-22,ذي الزفت وحش قويييييييي يعني اديه نجمه واحده,Negative
2effdfeb-5c76-4750-b15a-e11823e33a17,Vodafone Egypt,Telecom,1,2026-08-22,المحفظة من داخل التطبيق لا تعمل,Negative
7525c192-1698-48b5-90d2-0c2e2ab9a57a,Vodafone Egypt,Telecom,1,2026-08-22,اسواء تحديث,Negative
35dacbf6-e25d-45ff-add6-0213ed1b8d8c,Vodafone Egypt,Telecom,3,2026-08-22,هذا التحديث افضل من التحديث الجديد فى فودافون كاش ارجو الغاء التحديث الجديد,Neutral
b56b0c16-0012-4a3b-8c6f-fde75b63adf6,Vodafone Egypt,Telecom,5,2026-08-22,اكويس جدا,Positive
0a81f8a5-4ab3-40fb-b5d5-f7835a14b936,Vodafone Egypt,Telecom,2,2026-08-22,الشبكة رديئة جدا جدا جدا والتطبيق مش شغال معايا خالص,Negative
b3493d17-84cf-45f7-81a9-1bc591e2822c,Vodafone Egypt,Telecom,1,2026-08-22,تطبيق سئ سئ جدا وكل مره يخبرني انه فشل الاتصال,Negative
e0b4e76a-54ed-4081-9a43-6015ac067ef7,Vodafone Egypt,Telecom,5,2026-08-22,تطبيق جميل,Positive
1ce82102-3c05-47c0-a322-a6d49537d4cc,Vodafone Egypt,Telecom,1,2026-08-22,التطبيق أصبح سئ جدا كل ماجي اغير الباقه يتم الرق ب حاول في وقت لاحق 🤔 أو حدث خطأ يرجى إعادة المحاوله 😒 شكلنا هانغير الشركه كلها أصبحت خدمة سئ للغاية 😮‍💨,Negative
c9ea53aa-fd1f-4db8-87d7-91792e54ada6,Vodafone Egypt,Telecom,1,2026-08-22,عرض فصل عروضك بقا 3 ايام فقط وسعره غالي جدا بقا 3000 ميجا بي 30ج عدد ايام قليلة وسعر مبالغ فيه,Negative
371a05ac-bd3b-4e3b-9abf-8f5114798418,Vodafone Egypt,Telecom,5,2026-08-22,تسلم,Positive
6175867d-e2e3-412c-a017-8bc142dedf24,Vodafone Egypt,Telecom,5,2026-08-22,جميل,Positive
2e17736f-812a-45d4-b7ff-dcee2f870584,Vodafone Egypt,Telecom,1,2026-08-22,لا ينفع بمارة ولا يستجيب لاي خدمه,Negative
6f2bde7f-25b2-443a-a265-ace5fce32add,Vodafone Egypt,Telecom,5,2026-08-22,جيد جدا,Positive
c38de3c8-8fc1-41fa-ab1f-3e4ce56c031d,Vodafone Egypt,Telecom,1,2026-08-22,التطبيق لا يستجيب بعد التحديث تطبيق فاشل لا يستجيب,Negative
c991d8da-c0c5-49f3-a40f-6d2ff57b31a3,Vodafone Egypt,Telecom,5,2026-08-22,إنه مميز,Positive
ff16040c-115a-48b5-a47e-131cb459ddc2,Vodafone Egypt,Telecom,1,2026-08-22,عشان بقى لازم يكون في نت عشان اخش اشوف كل حاجه في البرنامج اتريقنا علي وي عملتلنا زيهم بلاش شغل الرخص ده,Negative
efeb344e-de49-474f-bb72-fd3f3715416e,Vodafone Egypt,Telecom,1,2026-08-22,في مشكله في البرنامج خرج من تليفون لوحده ولما جيت اسجل الدخول طلب مني رقم السري وصفحة الرقم السري مبتستجبش لكتابة الرقم السري ومش عارف ادخل على البرنامج وإتصلت بخدمة العملاء ومحلوش حاجه شوفوا حل البرنامج عليه محفظة وحلنا واقف ومش عارف أفتح المحفظة برنامج سيء جداجدا والله زهقنا وحاجه آخر قرف .,Negative
83cd0837-ab62-4187-a389-2ec443f87867,Vodafone Egypt,Telecom,1,2026-08-22,حضرتك لم بجي ادخل المحفظة بيعلق البرنامج,Negative
63aaf607-8158-4956-ae12-85c808ed5dbb,Vodafone Egypt,Telecom,1,2026-08-22,شركه فدافون بقت مزعجه جدا وكمان استهلاك رصيد كتير اووي مش عارفين بيروح فين وعشان نوصل لخدمه العملاء بنقعد بالسعات ونرن 20 مره وف الاخر الرصيد بيخلص ومش بنعرف نكلمهم كل حاجة بقت وحشه جداً ف شركه فدافون,Negative
623f24c4-e221-45e2-80de-762a9cc855d6,Vodafone Egypt,Telecom,1,2026-08-22,مشكله واعادة المحوله وعد ظهور سعة الباقة وعدم فتح اي صفحه بتطبيق,Negative
192b4905-0c33-4d23-8dc9-0a817be5a9cc,Vodafone Egypt,Telecom,5,2026-08-22,رائع وسهل,Positive
52e08a0a-5b32-4af7-b723-b135b423247f,Vodafone Egypt,Telecom,5,2026-08-22,روعه,Positive
294e9680-576b-499a-bded-65a4e1569e62,Vodafone Egypt,Telecom,5,2026-08-22,حلو,Positive
791b698a-2fd7-42e8-9bb1-cf7d2f7bcbda,Vodafone Egypt,Telecom,5,2026-08-22,رائع دوما فودافون فى المقدمة,Positive
b9119c6e-651b-4b20-87df-b0f1a8146f2a,Vodafone Egypt,Telecom,5,2026-08-21,جميل جداً بس بياخد وقت طويل لما بيفتح,Positive
d63940d8-3f68-4f38-95ce-b9d98b3e709a,Vodafone Egypt,Telecom,2,2026-08-21,بطئ التحميل,Negative
eb49176a-b57c-45f4-a440-87f4f86f214b,Vodafone Egypt,Telecom,5,2026-08-21,جامد,Positive
e077de38-31bb-44a4-a835-dcf952641715,Vodafone Egypt,Telecom,1,2026-08-21,برنامج فاشل وعروض وحشيه,Negative
66535886-1c0e-455f-9e94-9d14d2d06342,Vodafone Egypt,Telecom,1,2026-08-21,وحش اوى 🎭,Negative
f8faf17d-85d2-436b-a903-fe1edeb11681,Vodafone Egypt,Telecom,1,2026-08-21,اصبحت شركه تعبانه لعدم وجود هدايه و ........ ...... ؟ ؟ ؟,Negative
8ebc85b8-0be3-4c35-be90-efc27810135a,Vodafone Egypt,Telecom,5,2026-08-21,جيد,Positive
2a148205-4e4e-41a5-8fb3-9172a840990f,Vodafone Egypt,Telecom,5,2026-08-21,حلوه اوي,Positive
fad70cbb-39b6-4e36-b93d-525bc7fcdc75,Vodafone Egypt,Telecom,5,2026-08-21,ماشاء الله,Positive
f6bc00ce-64a0-4e43-906f-ac682389bfbd,Vodafone Egypt,Telecom,5,2026-08-21,تطبيق ممتاز وكافي عن الإتصال بخدمة العملاء وسهل .. عندى مشكلة حاليا وهى عدم ظهور التطبيق على سطح شاشة الموبايل رغم اني قمت بتثبيته بل وتحديثه,Positive
eaa2f2bf-fe95-4e96-ba48-bef1dc1c35f6,Vodafone Egypt,Telecom,5,2026-08-21,احسن شركه اتصالات في مصر وتستحق عشر نجوم وليس خمسه فقط,Positive
4faf1700-3702-4ac3-b938-0ca836b4df53,Vodafone Egypt,Telecom,5,2026-08-21,"The application is very wonderful, but please write down gifts and coupons for free ❤️‍🩹❤️.",Positive
1ff6ba0b-8e22-4df7-94b3-1ef10b14bcd6,Vodafone Egypt,Telecom,1,2026-08-21,شركه نصابه,Negative
4d9d2a5f-8919-4b20-8a62-428fe3b0c4c5,Vodafone Egypt,Telecom,5,2026-08-21,التطبيق ممتاز جداً,Positive
9eadb889-daae-42ca-8da1-bf347d516e8a,Vodafone Egypt,Telecom,1,2026-08-21,؟ (بس ليا ملحوظة هامة ليه هدية الشحن أو التحويل اوالإيداع متبقاش رصيد على المحفظة بحيث العميل يستخدمها في كافة الخدمات مش مكالمات وميجابيتس)مفيش فايده للأسف الشديد,Negative
17c3bbbd-05ab-4768-95d2-0015dfbc8bfb,Vodafone Egypt,Telecom,5,2026-08-21,برنامج جميل,Positive
6599cd60-04ee-4149-80e7-f9cfdb5fbd74,Vodafone Egypt,Telecom,1,2026-08-21,نت زي الخر فودافون ده يا علي وي,Negative
57536e37-fd9d-4117-a58d-dcbb761181ea,Vodafone Egypt,Telecom,5,2026-08-21,رايق,Positive
d36133bf-150a-4b3a-b8b7-89168aa1a419,Vodafone Egypt,Telecom,1,2026-08-21,تطبيق سيئ لا يعمل على الواي فاي لوحبب ادخل التطبيق من خلال الواي فاي لاشحن الباقه او النت لايستجيب,Negative
07ac61a4-0f8b-4832-8106-69d281d46559,Vodafone Egypt,Telecom,1,2026-08-21,التحديث الاخير سيء وعند التحويل من المحفظه فيه صعوبه في تحميل جهة الاتصال,Negative
96e3a212-34e9-46fb-8f20-2f3f9de53792,Vodafone Egypt,Telecom,1,2026-08-21,البرنامج مش بيفتح لينكات الرسايل,Negative
e3bb651d-8f74-477f-bc41-8fafc14a233a,Vodafone Egypt,Telecom,1,2026-08-21,ضعف شبكة فودافون منذ سنوات في قرية شرنوب مركز دمنهور محافظة,Negative
4d7e94e8-1a8a-4d30-acd8-d37ccffb8f99,Vodafone Egypt,Telecom,5,2026-08-21,شركه ممتازه,Positive
3d3428da-8e20-45ad-a510-da501ae6f2ff,Vodafone Egypt,Telecom,1,2026-08-21,شركة زبالة خدمة عملاء زبالة نصابين,Negative
41787b6a-3265-4a30-ba4c-6a6a1af81004,Vodafone Egypt,Telecom,1,2026-08-21,بعد التحديث التطبيق اصبح سئ جدا عند دخولي للتطبيق بيقولي حدث خطا غير متوقع بالرجاء اعاده المحاوله في وقت لاحق ودي مشكله كبيره برجاء حل المشكله في اسرع وقت 💔,Negative
1f3796d7-e58a-4d9a-9d47-c0f28a35c524,Vodafone Egypt,Telecom,5,2026-08-21,جيدا,Positive
f864a1e8-17fa-43c1-82a8-63523a694375,Vodafone Egypt,Telecom,1,2026-08-21,سيئ مش بيفتح بدخل البيانات بيقول حدث خطأ,Negative
8d99765b-e704-4d1a-95ba-07a73095bccc,Vodafone Egypt,Telecom,1,2026-08-21,فودفون بقت من اسوء الشبكات بعد مكانت رقم واحد فى خدمة العملاء اتصل ارضى موصلش لحد يحل المشكله وعلى الشات اللى انتو عملينه بردوه مفيش حد ايه المعمله ديه بدفع فلوس ومفيش مقابل مش مسامح فى كل جنيه دفعتو ومستفتش بيه,Negative
4a906c8f-3914-4b80-9002-8e29c8d6a87d,Vodafone Egypt,Telecom,5,2026-08-21,ممتاز جدا,Positive
e4397588-67bf-482a-94d3-d143d15ae781,Vodafone Egypt,Telecom,5,2026-08-21,فودافون كاش جميل جداً جداً في البيت ولا هدي,Positive
bb9103ed-a6b4-4744-a347-28650edecc58,Vodafone Egypt,Telecom,1,2026-08-21,و الله أصبح تطبيق زبالة و مقرف جدا و مضيعة لللوقت. و اكواد تسجيل الدخول بارقامك متاخرة جدآ و يحرج في كل مرة و يستهلك من الرصيد مع انه المفروض. بيفتح حتى لو مش معاك رصيد و غير كده كتير,Negative
6dc6e6fd-206a-4a76-a40b-c1cf5964c4bf,Vodafone Egypt,Telecom,1,2026-08-21,صفحة المحفظة معلقة وباقى التطبيق شغال علما بأنى مشغل داتة الخط ودخلت من حساب المحفظة معلقة,Negative
729de483-0808-480d-9b06-7c718506de4e,Vodafone Egypt,Telecom,5,2026-08-21,تحغه,Positive
ca9cc23a-09c6-44c4-b787-2d0c0f5aa496,Vodafone Egypt,Telecom,5,2026-08-21,جميل بس الفتره ال فاتت كان في تهنيج,Positive
0a75678c-120a-40c6-9d36-3880cac59a92,Vodafone Egypt,Telecom,3,2026-08-21,ضيفو ف التطبيق تسجيل الخروج للاجهزة اللى فاتحة الحساب انا صاحب الحساب مثلا فتحت حسابى من صاحبى من عند حد عاوز اقدر اعمله تسجيل خروج علشان ميسجلش عليه تانى,Neutral
c875e413-c8a4-4d08-b399-0a047c874ba8,Vodafone Egypt,Telecom,3,2026-08-21,جميل,Neutral
a2de334d-8ae6-43e9-ab35-c724ed123477,Vodafone Egypt,Telecom,5,2026-08-21,احلي تطبيق سريع و معاك في كل حاجه,Positive
c89e418f-5684-4a51-8a69-dadf80502c36,Vodafone Egypt,Telecom,1,2026-08-21,مش زى الاول,Negative
e67482f2-d6bf-4192-9249-e595b91493ca,Vodafone Egypt,Telecom,3,2026-08-21,مرديش يشتغل عندي,Neutral
05392fdc-cbf1-4103-81d0-79d988073cca,Vodafone Egypt,Telecom,1,2026-08-21,يا جدعان لازما تشوفوا حل الابلكيشن الابلكيشن بتاعكم زي الزفت شوفوا حل في البيانات ما بيشتغلش علي بيانات غير بيانات فودافون انا ما بتكلمش على الدخول السريع في تجار كثير بتستخدم الابلكيشن اكتر حاجه في الشغل لازما تحل مشكله الابلكيشن يشتغل على اي بيانات صور فودافون او اتصالات او اورنج انت عندكم مشكله في البند ده,Negative
f3054e68-8d31-4922-b8e2-1cd0a0c96cbe,Vodafone Egypt,Telecom,1,2026-08-21,١٠٠%,Negative
a6d9e659-26c0-40f2-a149-f8c9d0a8f126,Vodafone Egypt,Telecom,1,2026-08-21,السلام عليكم أنا عندي شكوى بخصوص شحن كارت فودافون كل مرة بشحن الكارت بيتم خصم 150 وحدة مقابل الحصول على الهدية وفي بعض الأحيان لا أحصل على الهدية رغم خصم الوحدات مني ده كمان الباقة والوحدات بتخلص بسرعة جدا رغم إني مش بستخدم خدمات أو إنترنت بشكل كبير وده بيخليني أشحن بشكل متكرر برجاء مراجعة استهلاك الخط والخصومات التي تمت على الكارت وتوضيح سبب خصم الـ150 وحدة ولماذا لا تصلني الهدية في بعض المرات ومراجعة أي خدمات مفعلة على الخط بدون علمي وأرجو حل المشكلة وتعويضي عن الوحدات التي تم خصمها,Negative
a8c64601-df56-413e-b0e9-9050cf92326f,Vodafone Egypt,Telecom,1,2026-08-21,يوجد مشكله في البرنامج,Negative
40cbf4eb-7117-449f-97c6-9b0a91ff57a6,Vodafone Egypt,Telecom,1,2026-08-21,شركة فودافون بقيت سيئه للغايه لو فى اى حاجه لتوصيل للدعم الفنى يقولك اشحن الانترنت الاول علشان اديك الخدمه كأن شركة فودافون مراتى لو مدفعتش النفقه هنوقف عنك كل الخدمات 😂 انا قدمت طلب الغاء الخدمه,Negative
6063c7d4-48ac-4f16-94b1-85a1db97026c,Vodafone Egypt,Telecom,1,2026-08-21,في مشكلة في فودافون كاش لما باجي ادوس على اي اوبشن مش بيدوس,Negative
668b86e2-39a0-46a7-a411-058fae78a45e,Vodafone Egypt,Telecom,5,2026-08-21,رائع,Positive
07c0ed00-9e86-4b74-adeb-4605da8d06aa,Vodafone Egypt,Telecom,1,2026-08-21,شركه لا تستحق الثقه وغير أمينه علي عملائها ولا تسعي لاسترجاع حقوق العملاء,Negative
15420bbf-f2cd-470a-bae5-6ce189cc3cd3,Vodafone Egypt,Telecom,5,2026-08-21,ممتاز,Positive
b823b16f-7e33-44bf-9193-dbbe8448cb16,Vodafone Egypt,Telecom,5,2026-08-21,حلو اوي 🥰,Positive
306a483a-0488-4d9e-83f6-c67c35c8a428,Vodafone Egypt,Telecom,3,2026-08-21,عندي مشكلة لازم اعمل إعادة تشغيل الجهاز حتي يعمل الابلكشين معي تعديل تم حل المشكلة الحمد لله السبب كان برنامج مانع الاعلانات,Neutral
85acb36a-5bd5-4a74-9a78-720b724bee91,Vodafone Egypt,Telecom,1,2026-08-21,لا انصح احد انه يستخدم فيزا البنك داخل التطبيق ده,Negative
3dd1dc1a-52db-4199-9c23-ca6805ceb769,Vodafone Egypt,Telecom,1,2026-08-21,تطبيق كل شويه يتعطل مش عارف استخدم العروض عرض الاستريك تعطل مش عارف اخد هدايه برجاء اصلاح العطل,Negative
29294b19-febb-4004-a12a-d93cdc7b33fb,Vodafone Egypt,Telecom,4,2026-08-21,جيد,Positive
572bba36-6c09-45c5-9a19-b2aa0b578b2c,Vodafone Egypt,Telecom,5,2026-08-21,nice,Positive
d9afe22f-f9d7-4f12-8a74-a54b213a1d94,Vodafone Egypt,Telecom,5,2026-08-21,ممتاز,Positive
e35fde9e-e817-4168-b699-e66b98221f60,Vodafone Egypt,Telecom,1,2026-08-21,شركه زباله وي غاليه جامد وي,Negative
d0eed0b5-eccf-45ed-be1c-a257704261a2,Vodafone Egypt,Telecom,5,2026-08-21,ممتاز,Positive
5991f73b-8c74-47df-a12a-212a8ade8ed3,Vodafone Egypt,Telecom,5,2026-08-21,ممتاز,Positive
4ffb6995-f859-48cb-ab60-d836a6d308ee,Vodafone Egypt,Telecom,1,2026-08-21,النت مفيش اسوء منه,Negative
f3fd3efa-f26c-46c0-815d-a501cc2392c7,Vodafone Egypt,Telecom,5,2026-08-21,جيدة وممتعة,Positive
ae1f7a79-b672-4a8d-b227-5d1b7908ecfa,Vodafone Egypt,Telecom,5,2026-08-21,جيد,Positive
cdf406a0-e10a-4429-8d8d-15146007506e,Vodafone Egypt,Telecom,5,2026-08-21,ممتاز,Positive
eb7c6719-bce8-4d9c-8f72-8cd315e7ebc3,Vodafone Egypt,Telecom,5,2026-08-21,طتبيق جامد جموده,Positive
b684fb46-0701-4c49-b6b9-0c37ecf801be,Vodafone Egypt,Telecom,5,2026-08-21,Vodafone ❣️,Positive
8e262468-67c3-4286-b61f-5cf4eb260608,Vodafone Egypt,Telecom,4,2026-08-21,تطبيق شركه فودافون انا فودافون شركه مميزه مميزه جدا جدا بعملائها,Positive
f28f79b3-1485-4ea9-b4cd-7598454c4753,Vodafone Egypt,Telecom,1,2026-08-21,التطبيق بقي سئ جدا مش شغال بقي فاشل ياريت حل للمشكلة بسرعه المشكله موجوده رغم تحديث التطبيق شوفو حل,Negative
40e6209b-e53b-4cea-9712-85faf305ab88,Vodafone Egypt,Telecom,1,2026-08-21,بصراحه وبدون اي مجامله فودافون بتنهب الوحدات والرصيد بدون اي حق او غير العروض الوهميه وكسبت مع فودافون بس تدفع فلوس عشان تاخد الوحدات الهديه شيء غريب اكتر شبكه بيتسحب فيها الرصيد حتي كروت الفكه بتتنهب وش بصراحه انا هغير رقمي من فودافون لشبكه تانيه لان موضوع استنزاف الوحدات والرصيد مستمررررر ومهما تشحن تلاقي نفسك مفلس ف فودافون كفايه كده بصراحه انا عايز اغير رقمي لشبكه تانيه والمحفظه كمان,Negative
9bb8a5fc-1d0c-4494-a370-cef463af618c,Vodafone Egypt,Telecom,5,2026-08-21,بيساعد الواحد اوي,Positive
55256cf5-e421-46cd-9861-9438f2443b40,Vodafone Egypt,Telecom,5,2026-08-21,ممتاز,Positive
900cee54-e048-4981-a531-1430c91117f3,Vodafone Egypt,Telecom,5,2026-08-21,يحبني,Positive
3add7b80-46ba-4be0-abf8-c8ec1fdba460,Vodafone Egypt,Telecom,5,2026-08-21,ممتاز جدا,Positive
9d0cab25-7c13-4823-9bc8-fc6c8b8bc276,Vodafone Egypt,Telecom,1,2026-08-21,النت ضعيف وسوعات مش بيشتغل ف لو اشتغلتو علي الحته دي هديكم تقيم 5نجوم اسوء تطبيق,Negative
c038115d-e960-43d7-ab74-f858ee818c80,Vodafone Egypt,Telecom,5,2026-08-21,يعمل على تسهيل التعامل والتواصل بدون مشقه والاانتظار,Positive
1f7113a4-dc61-4e5d-9cd3-d870241b95aa,Vodafone Egypt,Telecom,1,2026-08-20,التحديث الجديد مهنج مش شغال,Negative
2186fc32-731e-4282-985b-042a0d089199,Vodafone Egypt,Telecom,5,2026-08-20,هذا التطبيق لا يعمل وانا تعبت وكده كتير وانا مسحت التطبيق عدت مرات قبل كده واعود أنزله وأعماله تحديث مره اخري ممكن احد يفهمني ايه السبب.,Positive
a75d26e4-86bb-4402-84b2-5a7e5fdcd38a,Vodafone Egypt,Telecom,1,2026-08-20,نفاد الباقه بشكل مفرط و اعاده شحنها اربع مرات في الشهر يرجي التعامل مع الشكاوي,Negative
900aebe6-3178-4da9-b9a3-d8b59bc22d6b,Vodafone Egypt,Telecom,5,2026-08-20,رائع جدا وبيسهل على كتير ❤️❤️❤️,Positive
83e24ec1-eef6-45e2-90a8-f4d49c2bb78e,Vodafone Egypt,Telecom,1,2026-08-20,حراميه و البرنامج بايظ من ساعه التحديث,Negative
ef24396f-e468-401d-ad37-03fbd050942b,Vodafone Egypt,Telecom,1,2026-08-20,تطبيق سيئ جدا,Negative
87e93fd5-9adb-41c8-a2e0-962bf6c2187f,Vodafone Egypt,Telecom,4,2026-08-20,جيد,Positive
f71e9573-4e1b-410f-b314-be3ed3055105,Vodafone Egypt,Telecom,1,2026-08-20,للاسف أصبحت خدمة سيئة و النظام لتغيير الاسوء كنا نحصل علي تجديد باقة النت بالسلف اتلغت و لما استلف الباقة الأساسية ثلاث ايام فقط و تتوقف الخدمة من اسوء السوء,Negative
75e04c9f-fc1a-4087-8f53-52156a2bdb36,Vodafone Egypt,Telecom,5,2026-08-20,الرجاء تشغيل برنامج انا فودافون عبر الإنترنت خارج مصر,Positive
b79ad7fa-ea0f-4028-859a-47969c740c6d,Vodafone Egypt,Telecom,5,2026-08-20,ممتاز,Positive
c5af3d94-37f8-44a6-92ff-ade773f1221d,Vodafone Egypt,Telecom,1,2026-08-20,البرنامج سيأ جدا,Negative
25f8d216-2961-4441-a58a-d862ece1993d,Vodafone Egypt,Telecom,5,2026-08-20,جارى التحديث,Positive
c3d2dfe6-1c09-4f4f-8018-f34a060d6fc9,Vodafone Egypt,Telecom,5,2026-08-20,لا بجد البرنامج ده جميل جدآ في انكم تشترو حجات وي كمان تحتو على فلوس من الاخر هوه جامد,Positive
311ba064-3c47-4aed-b2b5-caa28cc0f616,Vodafone Egypt,Telecom,1,2026-08-20,ابلكيشن زي الخرا ابقا عاملة كل التحديثات و اشحن كارت مرتين من الابلكيشن و ميجيش النت ولا مسدج ان الشحن جه كل حاجة ادخل عليها حدث خطأ اجي على فودافون كاش يقولي غلط و اعمل رقم سري و اعمله و بعدها ميرضاش يشتغل و يقولي حدث خطأ و مش قادرة احول فلوس ولا اشحن من عليه ايه ده بجد انا مستخسرة النجمة اصلا,Negative
4e3915f6-9b4b-4338-ae25-51fbceb39257,Vodafone Egypt,Telecom,5,2026-08-20,رائع جداً,Positive
e5f2f8e2-ceca-4e2b-a1ba-847bb7ca6b32,Vodafone Egypt,Telecom,1,2026-08-20,تطبيق سهل ومختصر,Negative
da3bd014-3be3-4c55-a8c2-d4b6b5ddea4e,Vodafone Egypt,Telecom,4,2026-08-20,جيد إلى حد ما,Positive
f873b0f9-522c-44d1-b61b-5e22d64ac11d,Vodafone Egypt,Telecom,4,2026-08-20,جيد,Positive
98342779-595e-46be-83cb-da702ecc9a11,Vodafone Egypt,Telecom,5,2026-08-20,تطبيق انا فودافون رائع لحد لا يوصف بس ياريت لو في هدية يومية,Positive
c3c42bdf-8331-4d0a-85d2-15f9d8f4ab74,Vodafone Egypt,Telecom,4,2026-08-20,جيد جداً,Positive
f6bb98d0-9c65-474f-86d1-6a7f565f47d7,Vodafone Egypt,Telecom,5,2026-08-20,جميل جدآ,Positive
848fe31a-2e13-4dcf-80fb-d35b9126241d,Vodafone Egypt,Telecom,1,2026-08-20,عروض وهمية للاسف ودا حاجه تقلل من مصداقية الشركة الابليكيشن عليه عروض تختار العرض ال انت محتاجه يظهر عفوا حدث خطا للعلم البرنامج اخر تحديث ودا يدل ان الشركة للاسف بتنزل عروض وهمية,Negative
00aeb329-9848-42ca-ac90-edfe935794c0,Vodafone Egypt,Telecom,1,2026-08-20,البرنامج أصبح سئ جدا جدا,Negative
ef13b4b3-c92e-4963-96d8-c4d9f3b0527f,Vodafone Egypt,Telecom,5,2026-08-20,جميل جدا,Positive
f09fe079-b4b0-469a-a11b-f0aeb1fa2089,Vodafone Egypt,Telecom,5,2026-08-20,شكران,Positive
2edcff02-afc9-4e92-814b-44aa19740b28,Vodafone Egypt,Telecom,5,2026-08-20,نعم,Positive
7d57370c-810b-43a5-a4c7-c155f765ded4,Vodafone Egypt,Telecom,3,2026-08-20,محتاح نبحث عن طريق الاسم,Neutral
3897c89e-2d60-49b1-919a-797b77480216,Vodafone Egypt,Telecom,5,2026-08-20,nice,Positive
ed2dd37f-d583-4856-9689-183ee24bcfa5,Vodafone Egypt,Telecom,5,2026-08-20,متوسط,Positive
a3a71c43-81c3-4a70-afd8-56258f6c46f8,Vodafone Egypt,Telecom,5,2026-08-20,ممتاز,Positive
d1a9a902-c511-40e6-ae1d-40c2338d7286,Vodafone Egypt,Telecom,1,2026-08-20,مشكله في فودافون كاش ومش بيحول ولا بيخش ع اي ايقونات بجد حاجه تضيق جدا جدا,Negative
e9cf9839-cc9f-4bb4-88ac-abab17c0b432,Vodafone Egypt,Telecom,5,2026-08-20,حلو بس مفيش هدايا,Positive
95b028dc-9823-4474-b04a-f06da9b1d9d9,Vodafone Egypt,Telecom,5,2026-08-20,ممتاز جدا,Positive
872f76fc-3d4c-4a5c-88f5-592ae2689e0f,Vodafone Egypt,Telecom,1,2026-08-20,خربشة الكوبانات لا تعمل اطلاقا ٠,Negative
30999ed0-8ce5-4c2e-bb24-a8b0135ad866,Vodafone Egypt,Telecom,1,2026-08-20,سي سي لابعد الحدود ديه المرة المليون اللي امسح التطبيق وارجع أحمله تأني يمكن يشتغل وبرضوا مفيش انا عمله نجمه عشان اعرف اكتب تقييمي إنما هو ميستحقس نص نجمه حتي 😑,Negative
bd81b9c6-f575-4985-a3e0-af6ab37f2d20,Vodafone Egypt,Telecom,4,2026-08-20,ممتاز,Positive
973a2229-521a-4e71-a533-da93c5b616e1,Vodafone Egypt,Telecom,3,2026-08-20,للأسف التطبيق بالنسبه لي غير مجدي - كما أن هناك تعارض ما بين المعلومات داخل التطبيق وما بين الرسائل التي تصل إلي - لقد قمت بتحميل التطبيق وحذفه بسبب ذلك مرتان,Neutral
b89c839d-2497-4d1b-b126-c5d4127811fd,Vodafone Egypt,Telecom,1,2026-08-20,التطبيق لا يعمل وحاجه زى الزفت لازم تكلم خدمه العملاء علشان تعمل اى عمليه,Negative
6fae7a44-59fa-4f3c-9dfa-5fbe25b36d39,Vodafone Egypt,Telecom,5,2026-08-20,التطبيق بعد التحديث الأخير أصبح سئ جدا فى ايقونه المحفظة,Positive
4c50c0dc-8eca-4e6a-92ea-fd8b23354546,Vodafone Egypt,Telecom,5,2026-08-20,حلو كتير,Positive
44fcc5d4-03a0-47e9-ac55-7ed36cfcd80d,Vodafone Egypt,Telecom,1,2026-08-20,تطبيق عره وأقسم بالله تطبيق زباله بما تجيو تعملوا حاجه اعملها صح بدل القرف ده,Negative
0da1b957-9110-49e1-93aa-8ce8fdc8b022,Vodafone Egypt,Telecom,5,2026-08-20,🇸🇾😘🥰😍,Positive
06c4b705-c174-47e3-aeea-753cd4386504,Vodafone Egypt,Telecom,3,2026-08-20,رائع,Neutral
a34863de-879f-4eea-8828-6e0bba247d49,Vodafone Egypt,Telecom,5,2026-08-20,مـمـتآز جد آقول آلحقيـﮯقيـﮯ,Positive
9dd17501-2810-403a-b2e3-8a44a7145d5b,Vodafone Egypt,Telecom,5,2026-08-20,ممتاز,Positive
7e775919-9278-482f-ab24-6328600dd918,Vodafone Egypt,Telecom,1,2026-08-20,بعد التحديث الجديد مبقاش يفتح كاش نهائي بعد الرد علي التقيم نفس المشكله معايا ياريت تشوف حل,Negative
9fa20f63-a875-4e5d-a69b-d1e59a6f3358,Vodafone Egypt,Telecom,5,2026-08-20,فودافون الأولي ع العالم,Positive
5491420e-c673-438d-9cab-4793e4dba912,Vodafone Egypt,Telecom,5,2026-08-20,تمام 👍,Positive
715e94f0-6fe0-451c-b3e0-78a886fd77c8,Vodafone Egypt,Telecom,1,2026-08-20,شركة حرامية ونصب الفلكسات بتخلص بسرعة عاليه ومدة المكالمة دقيقة واحدة تتخصم ٢٠ فلكس وتكون المكالمة من فودافون نفسها يعني ايه دقيقة واحدة وتاخد ٢٠ فلكس يتخصم ليه يعني نصب وابو نصب . و ابتدوا يعملو تعديل في الابلكيشن مافيش عروض خالص وخاصتا لو معاد الباقة الجديدة قربت تخلص ميدلكش عروض خالص علشان عاوزك تجدد الباقة قبل معادها يعني نظام فليكس ١٥٠ فاميلي ثمنها ٢١٥ جنية ميقعدش معاد اكثر من عشرين يوم فقط لا انصح بأحد يتعامل معاهم وانا هغير نظام فودافون الي شركة تانية غيرهم,Negative
ca558d7c-0c82-464c-a5bc-0b8efb5e20b4,Vodafone Egypt,Telecom,1,2026-08-20,التحديث الاخير سيئ,Negative
3a22eaba-9e51-4133-890c-9b12a5e31e52,Vodafone Egypt,Telecom,5,2026-08-20,لية التطبيق،وحش النهاردة،دة تعبني أوي في التحميل،عايز حل فية لغبطة،أوي ارجو الاهتمام،شكرآفودافون,Positive
c38515bb-9162-442b-8d98-581f0a21259d,Vodafone Egypt,Telecom,5,2026-08-20,رائع,Positive
5d83a367-d40d-4655-9af0-1bc021f4375f,Vodafone Egypt,Telecom,5,2026-08-20,ممتاز,Positive
79a27d4a-d9d7-46ba-85cd-5d803647d50b,Vodafone Egypt,Telecom,5,2026-08-20,ممتاز واللهي بسرعه حملوة 🫆,Positive
87c3ae53-3bd9-420c-bc0a-794113537e5b,Vodafone Egypt,Telecom,5,2026-08-20,تطبيق رائع,Positive
d476eea6-2aca-49bc-8f01-55a6706eddd1,Vodafone Egypt,Telecom,1,2026-08-20,سىء سىء سىء سىء سىء سىء سىء,Negative
50f911e0-1ab9-48b8-8dae-e81391cee20f,Vodafone Egypt,Telecom,5,2026-08-20,التطبيق ممتاز جدا وسهل الاستخدام وأمن جدا ولاكن توجد صعوبه في تفعيل فودافون كاش مع جوجل,Positive
9a67edc0-6af2-459b-93df-163c5653e0ba,Vodafone Egypt,Telecom,1,2026-08-20,التطبيق سئ جيدا ريوجد به الكثير من المشاكل,Negative
b73677de-6e4f-4165-acb5-e5fecd143b5f,Vodafone Egypt,Telecom,5,2026-08-20,رائع جدآ,Positive
2810d857-8144-46e8-b2a5-bbd8d8257acd,Vodafone Egypt,Telecom,5,2026-08-20,جيده جدا,Positive
559e23fe-aeb4-490a-ac94-ebb48bf35a65,Vodafone Egypt,Telecom,3,2026-08-20,مشاكل فى تنزيل وتشغيل التطبيق,Neutral
d0f31274-bc14-476d-aa52-91f074f1a95f,Vodafone Egypt,Telecom,5,2026-08-20,كويس,Positive
ab8d8d43-6887-40e6-9853-3a582064137e,Vodafone Egypt,Telecom,1,2026-08-20,مشكلة فى عدم تثبيت التحديث,Negative
305abeed-46e5-4469-b9ce-cc9f57c13e31,Vodafone Egypt,Telecom,1,2026-08-20,برنامج سيء كل شويه بحدثه وكل لم اجي ادخل ع اي عروض ولا فصل عروضك بيقولي حصل خطاء يأما مفيش رصيد مع العلم معايا رصيد وكل لم بشحن لزم يتخصم رصيد اقل شيء ١٠ج انا عملت عشان اعلق كنت الشركه دي بس للاسف مش كويسه,Negative
4e0fc7b3-e7ae-43c4-ae2f-37d79b4a106d,Vodafone Egypt,Telecom,1,2026-08-20,اكتر تطبيق بيعلق في الدنيا كلها,Negative
18810bd3-5a11-4285-be89-076075c61a5a,Vodafone Egypt,Telecom,3,2026-08-20,النت بقا ضعيف+ النت بيخلص بسرعه,Neutral
baf22f4d-8066-43e7-8f7e-cf2fae0d0859,Vodafone Egypt,Telecom,1,2026-08-20,التطبيق لا يعمل عاى اكمل,Negative
f902324e-123f-40c5-be9a-efbc649412b2,Vodafone Egypt,Telecom,5,2026-08-20,ok,Positive
4ada3d7d-b402-4493-a13c-cb90d61b5629,Vodafone Egypt,Telecom,4,2026-08-20,عروض جيدا,Positive
936a4118-e45e-4e52-b7e6-372936d23726,Vodafone Egypt,Telecom,1,2026-08-19,ياربت ما تم تحديثه,Negative
386a82e3-6aad-4299-94e9-92e0f0f611d8,Vodafone Egypt,Telecom,5,2026-08-19,انه جيد للغايه بس مابيجليش عروض منه ولا هدايه,Positive
efa65dcd-c315-4589-b3c1-41fd61d2d2f0,Vodafone Egypt,Telecom,2,2026-08-19,بصراحة وحش جداً النت ضعيف جداً,Negative
72a85758-db71-4440-8591-4dfe76011ad6,Vodafone Egypt,Telecom,5,2026-08-19,بس مش راضي يفتح بـ الداتا,Positive
589fdb5d-1221-499c-8b6b-ea38b1bfcdef,Vodafone Egypt,Telecom,5,2026-08-19,حلو اوي,Positive
ce188f02-dbaa-4a5d-9249-8e68847d8dd6,Vodafone Egypt,Telecom,5,2026-08-19,جميل جداً مش عارف اشحن الراوتر من عليه,Positive
fe312ca5-501e-4c41-bef7-e261b1c5fd47,Vodafone Egypt,Telecom,2,2026-08-19,عشان هو حلو جدا جدا جدا 010 011,Negative
6ad0396b-6969-4a9b-8e1e-aa6043d43767,Vodafone Egypt,Telecom,5,2026-08-19,مساء الخير فريق عمل فودافون . والف شكر وتقدير لحسن تعاملكم وتفاعلكم وتقديركم لعملاء فودافون . وانا بصراحة عاجز عن الشكر . والله يوفقكم والى الامام ونحو القمه . ولكم تحياتي خالصة . جمال عبده .,Positive
d4ca0ea8-0fb6-4c56-bda1-380dc844963d,Vodafone Egypt,Telecom,1,2026-08-19,باقات النت ضعيفه و وحشه في ١٠ ايام,Negative
15a694f4-e0a4-4a28-b2ab-e09c1305c655,Vodafone Egypt,Telecom,1,2026-08-19,اصبح تطبيق سئ,Negative
e9fbd3f8-8c51-4e9a-8ffd-5a7b33131fef,Vodafone Egypt,Telecom,5,2026-08-19,رائع ويوفر الكثير من الوقت لإنجاز متطلبات العملاء,Positive
01b4e8cf-fe24-481f-9b10-bf8a3c32a58b,Vodafone Egypt,Telecom,5,2026-08-19,ممتاز جدا,Positive
7d14c8c0-cc2a-48e4-8624-2800f086133e,Vodafone Egypt,Telecom,5,2026-08-19,جميل جدا,Positive
71e2209a-2fde-49d2-ae6e-e581a3b9171a,Vodafone Egypt,Telecom,4,2026-08-19,جيد,Positive
1e753c02-6c64-4087-85fc-f961d19e0383,Vodafone Egypt,Telecom,5,2026-08-19,الصراحة انا بحس اني متحكم في الخط تحكم كامل مع الاضافة بمعرفة اخر عروض و اخبار الشبكة تطبيق أكثر من رائع,Positive
bbf8236e-5eda-444d-beea-90042f666452,Vodafone Egypt,Telecom,1,2026-08-19,مش عارف أكلم أنسان من خدمة العملاء . وبيتم سحب وخصم الرصيد بشكل رهيب . رغم أنى عميل لفودافون من 2010 يعنى ١٥ عام . وأول مرة أتعرض للموقف الغريب ده . ومش عارف أتواصل مع أنسان فى خدمة العملاء . والرصيد بيستنزف لدرجة أنى شحنت الباقة مرتين فى شهر . ردكم عليا انى اروح اعمل اشتراك لصفحتكم على الفيس !!!!! والفيلكسات والرصيد اللى أتسرق وبيتسرق ماحدش منكم حاول يصلح هذة الغلطة ويرجعلى حقى !!!!!!!!,Negative
fb4c9d0b-45e3-458c-9f1a-f998d099d2e5,Vodafone Egypt,Telecom,5,2026-08-19,خلوة,Positive
19b25f98-eb6d-413f-912a-9b8c0712cc5d,Vodafone Egypt,Telecom,1,2026-08-19,تطبيق مقرف لايستجيب لطلبات,Negative
70b697f9-d5f2-4cf8-8852-072fff7f1731,Vodafone Egypt,Telecom,5,2026-08-19,تطبيق ممتاز,Positive
9e3832df-c2f9-49c5-8c75-3dd017a664f2,Vodafone Egypt,Telecom,5,2026-08-19,احلى شركه ولله ❤️❤️❤️,Positive
cb860834-e465-4e87-b65a-d34e5ab92fd9,Vodafone Egypt,Telecom,5,2026-08-19,مرتب ومنسق وفيه كل اللى أحتاجه شكراً لكم,Positive
132cf1f2-c936-4055-9d24-80474086c432,Vodafone Egypt,Telecom,5,2026-08-19,شكرا ضعيفة جدا,Positive
48a3f290-046e-4f99-836b-34c1822726ba,Vodafone Egypt,Telecom,1,2026-08-19,فودافون كاش مش شغال علي موبايل ارجو حل هذه المشكلة,Negative
980c1568-bd10-4f4b-88aa-a37b66f0ef96,Vodafone Egypt,Telecom,5,2026-08-19,ممتاز,Positive
7df33882-c200-4363-bfe7-e2aa7f08f34a,Vodafone Egypt,Telecom,5,2026-08-19,حلو,Positive
e9d09960-c883-4cbb-89ad-91e79bd36238,Vodafone Egypt,Telecom,1,2026-08-19,الابلكيشن بيخش على قائمه الكاش مش بيدي اي حاجه,Negative
fc040ece-a26f-4b19-a0d2-e5d6faefa912,Vodafone Egypt,Telecom,5,2026-08-19,المهم النت يكمل معايا,Positive
479d7014-2f8b-46d0-afbe-f9bd6a9091a2,Vodafone Egypt,Telecom,5,2026-08-19,جميل جداً,Positive
894ef58d-a9e5-446b-9ac9-c390ecad67cd,Vodafone Egypt,Telecom,3,2026-08-19,جيده,Neutral
7f1d121b-1454-48e4-bda4-a5f38cdc2f3b,Vodafone Egypt,Telecom,5,2026-08-19,ممتاز جدا جدا جدا,Positive
6096aa5b-5f14-4a3e-bfae-77ed19c64ea8,Vodafone Egypt,Telecom,5,2026-08-19,🤑🤑🤑🤑😊😁,Positive
588411c1-366c-4615-8e24-f1dc02d1962c,Vodafone Egypt,Telecom,5,2026-08-19,ممتاذ,Positive
9d71efb0-0a36-49da-961f-c24b60188df2,Vodafone Egypt,Telecom,1,2026-08-19,وحشه جداا انا بحاول اشغل التطبيق بسجل بالرقم بيفضل يحمل ومش بيشتغل مع العلم اتاكدت أن كل حاجه صح,Negative
f1146ff5-c12c-4de0-9ead-3e521d5ccf55,Vodafone Egypt,Telecom,5,2026-08-19,ممتاز جدا,Positive
690ed190-33ed-4e5f-8cc2-612437cb7de9,Vodafone Egypt,Telecom,5,2026-08-19,جيد,Positive
a40dea76-4c03-4e91-b4cf-3a79eac8e54c,Vodafone Egypt,Telecom,5,2026-08-19,كويس,Positive
e67a0f8e-0eef-4cba-8644-e3dd53bfb426,Vodafone Egypt,Telecom,5,2026-08-19,ممتاز,Positive
6decd774-3f05-46ca-b160-bafe0d857b34,Vodafone Egypt,Telecom,5,2026-08-19,ممتاز,Positive
cf8e894e-9a20-4aca-8871-9891dee5062f,Vodafone Egypt,Telecom,1,2026-08-19,التطبيق كان يفتح من فترة ولاكن الان لايفتح ابدا مع انى معاى بيانات مش واى فاى ولو حدثتو نفس المشكله صفحة بيضاء,Negative
3ce0e70a-309e-4ca0-acfd-a45f46cdae37,Vodafone Egypt,Telecom,5,2026-08-19,شكرا ليكم,Positive
889b943d-2a6f-4b84-8324-f3a3c97ca96c,Vodafone Egypt,Telecom,5,2026-08-19,رائع,Positive
48e6a9ab-9c13-4779-861d-0989af175d97,Vodafone Egypt,Telecom,1,2026-08-19,نننتب,Negative
0166252e-98e9-4338-ab5f-91f2df012221,Vodafone Egypt,Telecom,1,2026-08-19,برنامج فاشل وشركه فاشله، يتم سرقه المواطن بحجه دي سستم يا فندم,Negative
a4461a47-eb4c-4a25-b12d-a56d31186030,Vodafone Egypt,Telecom,1,2026-08-19,نو فير نو فير تطبيق سئ جداً جداً جداً,Negative
c6768025-a21f-4750-8a22-b0e43e2f79e7,Vodafone Egypt,Telecom,5,2026-08-19,جميله,Positive
2546a133-2472-48a1-85b2-ab22d639a2b4,Vodafone Egypt,Telecom,5,2026-08-19,برنامج حلو قوي,Positive
a15f0156-afa2-400f-8c67-f252faeefead,Vodafone Egypt,Telecom,5,2026-08-19,👍👍👍👍,Positive
97aabf4a-783d-49a6-bbe1-7a96c9796946,Vodafone Egypt,Telecom,1,2026-08-19,التطبيق سيئ جدا وخدمه فودافون كاش لاتعمل بالرغم من شحن الباقه وكل محاوله تشغيل الخدمه يطلب فتح الداتا على الرغم من فتحها والباقه مشحونه,Negative
f3b0e028-63e7-4e9e-9023-89bf9acb148b,Vodafone Egypt,Telecom,1,2026-08-19,خدمة برنامج شكرا معطلة,Negative
4b4f4404-335e-453c-8f07-a61187991e75,Vodafone Egypt,Telecom,5,2026-08-19,شكراً لكم علي التطوير والأهتمام ب المستخدمين,Positive
8782274f-f4a5-4388-a017-ae6f83c39ea0,Vodafone Egypt,Telecom,5,2026-08-19,تطبيق رااااااااااائع,Positive
2fab45c0-7079-468d-8cc0-5a8632d6bedb,Vodafone Egypt,Telecom,1,2026-08-19,التحديثات وحشه اوي التطبيق مش بيحمل وبيعمل خطأ في الاتصال علطول ودا مسبب مشكلع,Negative
1101c68b-6c9f-4382-899c-ee9b9470c1f1,Vodafone Egypt,Telecom,1,2026-08-19,التطبيق كل ما افتح حاجه يقولي حدث خطا غير متوقع من ثلاث شهور ونفس المشكله مفيش تغير ولا تحديث,Negative
7cca1e0b-4811-425b-a2f1-9999265addaf,Vodafone Egypt,Telecom,4,2026-08-19,التطبيق سيء يحتاج المزيد من الاجتهاد😢,Positive
a3a8e53b-f0c5-4b19-a05c-6cab838bda14,Vodafone Egypt,Telecom,5,2026-08-19,ممتاز,Positive
fe548f00-3d71-477c-bfd7-b83acd1cd368,Vodafone Egypt,Telecom,5,2026-08-19,خدمه ممتازه أشكر القائمين عليها,Positive
1b1d964a-0b47-4d4c-8e12-dccc07126a3d,Vodafone Egypt,Telecom,2,2026-08-19,مش كويس,Negative
9e92e16c-a346-46a2-a333-f8f4806b83ab,Vodafone Egypt,Telecom,5,2026-08-19,محفظه فودافون كاش,Positive
3897217c-c14f-4d9f-8dfd-dfecec680502,Vodafone Egypt,Telecom,5,2026-08-19,احسن شركه اتعاملت معاها و خدمه العملاء ناس محترمه,Positive
b4e690ca-9713-4ba6-ac57-bf570ef5f7d2,Vodafone Egypt,Telecom,5,2026-08-19,ممتاز,Positive
465d7c40-c23a-4883-804a-b2aeba9a301b,Vodafone Egypt,Telecom,5,2026-08-19,جديد,Positive
491ca6c7-e367-4ba2-8d57-e84e9f2114e5,Vodafone Egypt,Telecom,5,2026-08-19,ممتع,Positive
01a8a5d6-a6fa-4eed-b429-732dc0fedb6c,Vodafone Egypt,Telecom,5,2026-08-19,جديد وجيد,Positive
9863792d-8cbc-40d6-94bc-7e420a164c09,Vodafone Egypt,Telecom,5,2026-08-19,امان اللامان زيد نفسيتي 👍👌💞,Positive
e89aefb1-c414-41ee-9732-4a354ef5830a,Vodafone Egypt,Telecom,5,2026-08-19,رائع,Positive
c39d9c78-cd26-4093-981e-ed07e5da3c89,Vodafone Egypt,Telecom,1,2026-08-19,التحديث الجديد سئ جدا,Negative
21d17321-e271-4adf-a961-b8435ed0c439,Vodafone Egypt,Telecom,1,2026-08-19,معايا رصيد وكل ما اخش علي فصل عرضك على مزاجك واشترك علي ميجابيتس يقولي مفيش رصيد ومعايا زفت,Negative
d6d84321-af83-44c9-a912-eeae95a1f6c8,Vodafone Egypt,Telecom,5,2026-08-19,ممتاز,Positive
7df45d94-c6a6-4f9c-8335-a828ca6ec2de,Vodafone Egypt,Telecom,1,2026-08-19,سيئ جدا,Negative
34283783-80b9-48ee-91cf-184d1d0535fe,Vodafone Egypt,Telecom,4,2026-08-19,ممتاذ,Positive
ac6a30e0-0b41-4b06-a5f7-2c6725ae51cb,Vodafone Egypt,Telecom,1,2026-08-19,تطبيق وحش كل شويه يجدد الباقه لواحو يا شركه نصابه كل شويه تزودي الباقه وتعملي فاتوره كبيره ايه دا كل شويه فتوره ايه دا لو انتا فملتو الفاتوره الطويله دي التطبيق هيبقا زفت وعلافكره كل شويه بيجي عروض وحشه خالص ايه القرف دا ايه العروض دي اوبل عروض في العالم اوبل عروض في العالم عروض زفت كل شويه ضريبه ليه كل شويه,Negative
91e47d3f-f100-4539-9956-705a80ba73ef,Vodafone Egypt,Telecom,5,2026-08-19,بصراحه ممتاز,Positive
7f1e2084-c3d7-406e-9891-7eb8cdd7f772,Vodafone Egypt,Telecom,1,2026-08-18,التطبيق زي الزفت انا كل ما اخش على التطبيق يطلب مني كلمه المرور اما اجي اكتب كلمه المرور يجيب لي خطا وادوس نسيت كلمه المرور يجيبلي خطا برده تجربه سيئه جدا,Negative
4657a12b-45a5-4075-a3ae-e6584cd8a02b,Vodafone Egypt,Telecom,5,2026-08-18,شكرا لكم على تحسين الشبكه,Positive
c461ef16-1c31-4a0d-ba07-b755f746f9e7,Vodafone Egypt,Telecom,2,2026-08-18,ليه التطبيق مش موجود في الاعدادات ... في التطبيقات المسموح لها باستخدام البيانات؟! قمت بتحديث التطبيق ولم تحل هذه المشكلة ثم حذفت التطبيق ونزلته مره أخرى ولم تحل المشكلة وعملت إعادة تشغيل للهاتف ولم تحل المشكله....💢 ارجو من المطور تدارك هذه المشكله حتى لا اضطر لحذف التطبيق نهائيا.,Negative
6172ca86-bc6f-4bbe-97dd-33a6a556b9bb,Vodafone Egypt,Telecom,5,2026-08-18,لازم يكون فيه خمس ساعات سوشيال ميديا زي تطبيق اتصالات ولازم السوشيال يدعم التيك توك,Positive
b0335ce4-094f-4894-86c3-3d8687e3fbe9,Vodafone Egypt,Telecom,1,2026-08-18,خراااااا تطبيق زي الزفت وزي الخرااااااااا بالظبط ولا راضي يفتح ولا راضي يحووول الفلوووس خررررررررررررررررررررااااااااااا,Negative
8cc6a3d9-8e37-4670-8822-72d734521b08,Vodafone Egypt,Telecom,1,2026-08-18,شركه نصابه يبعت رساله اشحن كارت ب ٣٠ وخد ٩٠٠ وحده هديه وكله اونطه في اونطه,Negative
5d0f16f7-ee49-4daf-96b9-e12c75e5c1b2,Vodafone Egypt,Telecom,5,2026-08-18,شكرا فودافون,Positive
35813f72-3f4f-4b50-88be-bd7804554293,Vodafone Egypt,Telecom,3,2026-08-18,هذا التطبيق جيد جداً وجزاكم الله خيرا,Neutral
293a99e9-3925-4ef7-9ae7-72a5a287df05,Vodafone Egypt,Telecom,1,2026-08-18,شبكة فودافون اصبحت أسواء شبكة فى مصر كل يوم زيادة في الأسعار وخدمة مافيش حسبنا الله ونعم فيكم كراهتونا فى التليفونات والشبكات منكم لله ربنا ينتقم منكم ومن وراكم,Negative
9ea0b260-79c1-492a-9890-7c6e0d00d368,Vodafone Egypt,Telecom,5,2026-08-18,تطبيق حلو قوي هو بيبعث لك هدايا ببلاش,Positive
cf4c4446-199e-4916-838e-521e65009441,Vodafone Egypt,Telecom,1,2026-08-18,معايا فلوس علي المحفظه وجي ادخل كلمه السر لقيتها بيقولي دي غلط وانا عايز اعرف كلمه السر بتاعت حسابي,Negative
7b32ac04-af9e-480e-bb1d-8ccf58bc641d,Vodafone Egypt,Telecom,5,2026-08-18,رائع جدا جدا,Positive
1e6b0f30-e78c-445d-8797-aee2e09ab410,Vodafone Egypt,Telecom,5,2026-08-18,انا فودافو الرائع في عالم النجوم,Positive
fe064291-0021-4145-9ea2-501e3cf89ed1,Vodafone Egypt,Telecom,1,2026-08-18,تطبيق سيئ وخدمة سيئة جاني موظف يركب HOME DSL ووقعت على طلب حجز الرقم وعليها راح الفني وصفحة HOME DSL وقفت لا أحد جاء يركب الرواتر ولا عارف الغي الطلب من التطبيق عشان التعاقد مع شركة أخرى قمة الفشل,Negative
4e1464ad-7c6d-40a7-9fd4-552b2e11a58a,Vodafone Egypt,Telecom,5,2026-08-18,جميل جداً جداً,Positive
4cc97355-1fbc-4a65-9049-35368bb921fc,Vodafone Egypt,Telecom,1,2026-08-18,التطبيق مش شغال بيقعد يجيب لا يوجد اتصال بلشبكه وبعدها يقول تم قفل حسابك لمحولاتك الكتير الكلام ده انهارده بس,Negative
b01e0cb4-d0f8-4526-ba3c-8fbbdede24bf,Vodafone Egypt,Telecom,1,2026-08-18,أصبح بشع .. لا يعمل .. اخر تحديث للصفحة 13اغسطس,Negative
532cab47-ddf6-452d-b710-dae54195ccc1,Vodafone Egypt,Telecom,5,2026-08-18,التطبيق ممتاز بس مافيش هدايا ولا عروض جديدة,Positive
27e6b128-ca13-40f5-bc4b-474d2b695328,Vodafone Egypt,Telecom,5,2026-08-18,ممتاز,Positive
d2dfa83d-97a8-4611-add9-971e5998269c,Vodafone Egypt,Telecom,2,2026-08-18,في مشكله عند محاوله الدخول للمحفظه طالب مني تغير كلمه السر وكل اما اكتب كلمه سر مختلفه يقولي خطأ والحساب مقفول ؟,Negative
1a9cf62e-1a5d-411d-a78f-0f7e527f16ff,Vodafone Egypt,Telecom,1,2026-08-18,"لأسف، أصبح التطبيق سيئاً جداً. أي خيار أحاول الضغط عليه تظهر مباشرة رسالة ""حدث خطأ""، وهذا أمر مزعج للغاية ويؤثر بشكل كبير على تجربة استخدام التطبيق. نأمل معالجة هذه المشكلة في أقرب وقت وليه ما بيعمل عن طريق الواي فاي",Negative
ca7df94e-dd00-480a-826b-b54b95194da0,Vodafone Egypt,Telecom,5,2026-08-18,جميل جدا,Positive
de1b0778-e19e-4df1-8253-2869ecd6976b,Vodafone Egypt,Telecom,5,2026-08-18,ممتاز,Positive
33a08980-50d4-49c9-ba62-3e634b0c7be0,Vodafone Egypt,Telecom,1,2026-08-18,بقاله فتره كبيره كل لما افتحه يعمل كانه داونلوود كده ومش بيفتح اى حاجه,Negative
13417c82-01b5-49e3-880d-095b19d5b21c,Vodafone Egypt,Telecom,5,2026-08-18,ممتاز,Positive
93b8a583-46bc-46c6-b4c6-3edef478b013,Vodafone Egypt,Telecom,5,2026-08-18,احسن برنامج فعلان,Positive
7238bfec-d55d-40c7-8ff4-bb6bf06a62ad,Vodafone Egypt,Telecom,2,2026-08-18,للاسف مفيش حلول أو مساعدة في فهم المشاكل وحلها,Negative
2bbf7409-6013-401c-99ba-f579009f8016,Vodafone Egypt,Telecom,1,2026-08-18,تعليق كتير ونافي خدمه زين,Negative
fa9a90ba-cc21-4fac-b9ae-4d0e417b5889,Vodafone Egypt,Telecom,1,2026-08-18,كل لم أحب.احول.فلوس.من.المحفظه.يقولي.حاول.مره اخره.عملت.كل.حاجه.نفس.المشكله.اروح.الفرع.اسحب.م.الكمبويتر.ومش التعامل تاني مع الشركة دي,Negative
0f78dd2b-76be-4903-ae0e-f777ea7c3cbc,Vodafone Egypt,Telecom,5,2026-08-18,جميل,Positive
13285334-450e-4547-adc3-69ebee52b3f5,Vodafone Egypt,Telecom,5,2026-08-18,ججججججججميل,Positive
33429d69-22bb-4758-98ec-7a3b7df1bab8,Vodafone Egypt,Telecom,5,2026-08-18,خدمه سيئه جدا,Positive
fde6a552-ee45-4ead-8e57-35de32edce2d,Vodafone Egypt,Telecom,5,2026-08-18,شكراً,Positive
16028d21-6e26-4854-a81f-18ba13264ec2,Vodafone Egypt,Telecom,1,2026-08-18,التطبيق مليئ ب الاخطاء + الهدايا قليلة جدا,Negative
d8105e2a-ff8b-4008-8269-0a03ae5c7979,Vodafone Egypt,Telecom,1,2026-08-18,لماذا عند تشغيل البرنامج على الواى فاى لايفتح ومحفظه فودافون كاش لاتعمل على الواى فاى أيضا رجاء حل المشكله,Negative
dc6b5773-b175-455d-ad0b-ba6a60aef2ba,Vodafone Egypt,Telecom,1,2026-08-18,توجد مشكلة عدم اظهار الرصيد والباقه وكاتب فاتورتي مكان خانة الرصيد,Negative
ae67ba9b-63d2-4283-8fe8-b192e947b5b4,Vodafone Egypt,Telecom,5,2026-08-18,تطبيق رائع جدا,Positive
4731ac77-fc4e-43b0-9d95-91fb1cc8a100,Vodafone Egypt,Telecom,5,2026-08-18,تطبيق رائع 🤩,Positive
5fb854dd-9dc2-4bcd-82fc-40853e37782b,Vodafone Egypt,Telecom,3,2026-08-18,الابلكيشن بيعلق ومش رضي يشحن وله يبعت فلوس,Neutral
ab1367b7-c3a2-4c67-8a29-03b800308a8b,Vodafone Egypt,Telecom,1,2026-08-18,تطبيق سئ لا ينفذ شئ من العروض المتاحه عليه والشركه لا تلتزم بما عليه,Negative
a55ed0a1-42dd-478b-b16e-2ba83ab496ef,Vodafone Egypt,Telecom,5,2026-08-18,ممتعه,Positive
86da5b16-eb8d-4b07-99ae-26dba814bb51,Vodafone Egypt,Telecom,1,2026-08-18,تجربه سيئه جدا البرنامج مش راضي يخش على اي خدمه من الخدمات البرنامج طلب تحديث نزلت التحديث للاسف المشكله هي هي مش راضي يخش على اي خدمه كل اللي اقدر اقوله ما حدش يغلط غلطتي ويعتمد على فودافون مصر وحسبي الله ونعم الوكيل على العطله اللي انا فيها,Negative
a6a10eae-6adc-47d2-a5fd-e92272901fd4,Vodafone Egypt,Telecom,5,2026-08-18,البرنامج علي فودفوان كاش معلق مش شغال,Positive
6a131936-3570-4a87-b773-c4a51452be07,Vodafone Egypt,Telecom,1,2026-08-18,التطبيق بقي سئ جدا كوبونات غير مناسبه وكلمه حدث خطأ وتفصيل العروض بقينا نواجه مشكله في استخدامه,Negative
870acab4-b1f0-4c27-9380-b0889b609a00,Vodafone Egypt,Telecom,4,2026-08-18,جيده,Positive
4f366047-20a4-4437-b70a-0eec000a5b8e,Vodafone Egypt,Telecom,1,2026-08-18,زي الزفت زي الزفت,Negative
7bd512a6-871b-4b7c-a81f-68446cd0ac3d,Vodafone Egypt,Telecom,1,2026-08-18,برنامج سيئ بيعلق الكروت الفكه مش بتفتح ومش بعرف اتابع الفلكسات,Negative
11d0bd81-0fe4-4b6a-8ee6-8a4a11aad51e,Vodafone Egypt,Telecom,1,2026-08-18,لصوص,Negative
f04fd705-5b31-4bbd-a318-d4603377530d,Vodafone Egypt,Telecom,5,2026-08-18,عايزين لعبه الصيف بقا نكسب رصيد وكده,Positive
519c872d-dd40-498d-aa0d-1b1fd5416c7c,Vodafone Egypt,Telecom,1,2026-08-18,انا خدت وقت طويل على ما عملت باسورد عجب البرنامج وبعدين اكتب لا غير لغة الجهاز كله غيرته وبعدين رسالة فشل يا فشلة ليه بنصعبها كده متشلوه ولا حدثوه ولا اي حاجة بعيد عن شل الناس,Negative
a2edace2-1ffa-4423-bdbc-7f14697c9fcc,Vodafone Egypt,Telecom,1,2026-08-18,التطبيق ضعيف,Negative
0f13d53e-8256-4a56-bfe8-4dd032526e64,Vodafone Egypt,Telecom,5,2026-08-18,روعه والهدايا خرافيه,Positive
e6ac0619-6966-47d2-94b9-04f1c98ab413,Vodafone Egypt,Telecom,5,2026-08-18,good,Positive
6ffb49c3-1cfc-4087-a375-c2164607af01,Vodafone Egypt,Telecom,2,2026-08-18,التطبيق بقى زفت وزباله مافيش تحديث وكل شويه يعمل تسجيل خروج لوحده والنجمه دى والله مايستاهلها بس ده عشان الكومنت مش اكتر,Negative
eed876e0-31a7-436b-8d8a-942af4481199,Vodafone Egypt,Telecom,5,2026-08-17,ممتاز جدا,Positive
484609a7-89c4-4d0e-b641-e549ca2c3d72,Vodafone Egypt,Telecom,5,2026-08-17,تمام,Positive
5a0ddfb1-11f9-48d6-83e0-e09d664d84ac,Vodafone Egypt,Telecom,5,2026-08-17,ممتاز جدا,Positive
0cc708a9-70ff-4db1-bef9-201f6176ba81,Vodafone Egypt,Telecom,5,2026-08-17,افضل برامج الموبايل اللي اتعاملت معاها,Positive
a0c16c24-78ef-47ba-86e0-520e792cc538,Vodafone Egypt,Telecom,5,2026-08-17,شكرا لزوقك حضرتك,Positive
4a6cca1e-7cc5-4ab6-8db7-15dec26bba33,Vodafone Egypt,Telecom,5,2026-08-17,عملي وممتاز جدا,Positive
e6a6f682-5baf-480f-97c1-a43a0febf8cb,Vodafone Egypt,Telecom,5,2026-08-17,خدمة فصل عروضك ليه مش شغاله,Positive
c9d5e72a-542f-4355-886d-9e523663259c,Vodafone Egypt,Telecom,1,2026-08-17,التطبيق مش بيفتح عندى,Negative
2a33d83d-6bf4-49e3-851b-82220bd9f71b,Vodafone Egypt,Telecom,5,2026-08-17,تطبيق ممتاز جدا,Positive
238364c0-875f-4800-8b14-912fc527b86f,Vodafone Egypt,Telecom,5,2026-08-17,فدفون لقوه شبكه في مصر😎🐺🦅🔫,Positive
b7c57c87-cc3c-4795-9ad5-64bd0a56ca72,Vodafone Egypt,Telecom,5,2026-08-17,⭐⭐⭐⭐⭐,Positive
b20d8ba6-8556-44e2-8bae-4f7eb22d9962,Vodafone Egypt,Telecom,5,2026-08-17,جميل جدا ورائع جداً,Positive
6268659f-ea38-4881-aa05-7cdb09e86460,Vodafone Egypt,Telecom,5,2026-08-17,رائع,Positive
80159c35-9daa-4bdf-a7a4-a0005351b4b1,Vodafone Egypt,Telecom,1,2026-08-17,أقوم بشحن باقة يوتيوب بلس ولكن الاستهلاك يتم من الباقة الأساسية وأيضا لا يظهر الرقم الفعلي للاستهلاك داخل التطبيق وأتفاجأ بانتهاء الباقة وأنا لا أستعمل إلا يوتيوب وأقوم بتجديد باقة يوتيوب بلس مرتين لتصبح ٤٠٠٠ ميجا ولكن أفاجئ أن الاستهلاك يتم من خلال باقة فليكس هل تتعمد شركة فودافون سرقتنا ؟ 😐,Negative
9e04e3a9-3c69-44d8-ac1f-ab40bf94208b,Vodafone Egypt,Telecom,5,2026-08-17,ممتاز والله,Positive
8a4d16b5-9bcf-4cad-973f-23dea0fbde2d,Vodafone Egypt,Telecom,3,2026-08-17,التطبيق كان كويس جدا في البداية لاكن حاليا التطبيق انا اسف في الكلمه مالوش لازمه كل ما دخل على تواصل علشان اشتري عرض بيقول لي عذرا حاول مره اخرى اغلب الخدمات زي كده ارجو حل المشاكل التي تجعل التطبيق سئ جدا اتمنى تحديث افضل,Neutral
a640c745-833d-44fd-8e6e-663c663c7863,Vodafone Egypt,Telecom,5,2026-08-17,جيد جدا,Positive
5e1377eb-686a-4833-bdf6-ea03ba84d58c,Vodafone Egypt,Telecom,3,2026-08-17,مساحتو كبيرة اوي وبيسحب نت كتير اوي ولما اخش السجل بيبقا التسجيل بطيئ وبيعلق الموبيل ومش بيفتح بسرعة,Neutral
a364a9eb-6ec2-471f-a495-f11582799f96,Vodafone Egypt,Telecom,5,2026-08-17,كان ممتاز جدا ولكن من حوالي شهرين بقى كله مشاكل ... عندما اريد ان اشحن لا يمكن الشحن بالفيزا كارد.. صفحه الشحن لا تقبل اي امر,Positive
2880d39b-b0b7-411c-a7c3-c18afaa816bc,Vodafone Egypt,Telecom,1,2026-08-17,للأسف التطبيق أصبح سيئ جدا قبل التحديث الأخير وبعده بعد ما أفتح فودافون كاش ما فيش حاجة بتفتح ولا حاجة بستجيب,Negative
01395a5d-ef26-414c-a628-b29e7c4f3a47,Vodafone Egypt,Telecom,5,2026-08-17,من احسن الشبكات فى العالم,Positive
7d8821ef-0e2b-40b6-a260-d5db6396b388,Vodafone Egypt,Telecom,5,2026-08-17,ممتازه,Positive
48b5f66a-476e-4b2f-9f74-4510d5f6f0d4,Vodafone Egypt,Telecom,1,2026-08-17,ليه يافندم الباقة اتجددت عالنوته من غير معرفه العميل انا اتجددت الباقه عالنوته بدون استفسار لم كلمت خدمه العملاء بتقول مقدرش الغيلك الباقه ليه كده اسم سرقه مبلغ من العميل بدون علمه ليه يافندم خدمه العملاء لشركة فودافون كلهم معندهمش اهتمام بالعملاء واسلوبهم غير لائق جداً جداً جداً جداً جداً موبنيل أفضل أفضل أفضل,Negative
6e69b790-529d-4290-9991-82351342bfe0,Vodafone Egypt,Telecom,5,2026-08-17,جيد جدن,Positive
ba5260f4-dfd5-46c7-b5bd-1a4b74e236c9,Vodafone Egypt,Telecom,5,2026-08-17,تطبيق ماشي حاله,Positive
90f727ae-8c47-4643-882c-86129fc5bf55,Vodafone Egypt,Telecom,5,2026-08-17,جميل جدا,Positive
026cbf0a-2500-4a95-a27d-17f3c1f962bb,Vodafone Egypt,Telecom,5,2026-08-17,ابلكيشن فودافون كاش رائع في كل الخدمات احسن ابلكيشن شفته,Positive
b8ac6199-4d2f-48c4-b115-f2b245cc85a0,Vodafone Egypt,Telecom,5,2026-08-17,برنامج ممتاز,Positive
75c6b530-ff94-478e-b51d-c89602c9ec51,Vodafone Egypt,Telecom,1,2026-08-17,البرنامج لا يعمل بعد التحديث لا استطيع تحويل اموال نهائي وشكرا 😡,Negative
4a0b744c-de65-406a-8c1e-c8c42428277e,Vodafone Egypt,Telecom,5,2026-08-17,جميل,Positive
9253acd9-367c-482c-8ca3-28aa8fc3fd05,Vodafone Egypt,Telecom,1,2026-08-17,لا أنصح أحد بفودافون لا خدمه لا مصداقية,Negative
7ee4ed83-e2cf-4b57-aa6a-b0135e48d5ec,Vodafone Egypt,Telecom,1,2026-08-17,تطبيق مقرف منصحش حد ينزلوه مش بيحمل أصلا,Negative
b83eed86-0bf2-4c76-a5e7-99bb591e4053,Vodafone Egypt,Telecom,5,2026-08-17,مش عارف ادخل شجع واستمتع ب ٥٠٠,Positive
764646d8-3bd6-4c82-9f11-3e102ca9de55,Vodafone Egypt,Telecom,5,2026-08-17,جامد,Positive
0ba36cec-d618-45c7-8da9-fd7512a19f77,Vodafone Egypt,Telecom,2,2026-08-17,التطبيق بقا وحش جدا علشان مش بيدي هديه رصيد خالص بجد بقا وحش انا زعلانه اوي بجد😥😭,Negative
00d7b7cc-5c19-4dbb-8781-b33f827f9e0a,Vodafone Egypt,Telecom,1,2026-08-17,شبكه سيئه جداً جداً في محيط منطقة السكن بتاعنا وكل السكان بتشتكى من ذلك الأمر السئ ولو استمر هذا الأمر على ذلك ولن نستمر على هذا العبس السيئ,Negative
fe062364-6c73-449f-a483-deeded94408a,Vodafone Egypt,Telecom,1,2026-08-17,تطبيق سيئ بيخصم فلوس اول ماتفتحه وبيقولك بيلاش,Negative
52ac1317-edff-41f7-85aa-b463d63e4e43,Vodafone Egypt,Telecom,1,2026-08-16,برناماج فاشل سيئ للغاية,Negative
a2298629-08aa-4737-97f0-e8db1a5d5836,Vodafone Egypt,Telecom,5,2026-08-16,جيد,Positive
f01b4f61-bb96-44db-a3e4-18c8dd89777f,Vodafone Egypt,Telecom,1,2026-08-16,تحديث الجديد زي الزفت بيهنج ومايشتغلش كان الاول اسهل واسرع بكتير. ياريت نعالج هذه المشكله فورا. لان مش عارفين نحول ولانستعلم,Negative
011046d2-1e79-4d55-b309-5553b2b59511,Vodafone Egypt,Telecom,5,2026-08-16,برنامج رائع,Positive
12dfeff7-f313-49cb-a9c2-4b8bda812220,Vodafone Egypt,Telecom,5,2026-08-16,جميل,Positive
77c58183-7d60-4800-9439-2b185e8696e3,Vodafone Egypt,Telecom,5,2026-08-16,بيطلب تحديثات كتير,Positive
b58a7ba9-89bc-4469-ba65-14ab1832fab1,Vodafone Egypt,Telecom,5,2026-08-16,رائع,Positive
d6bf3f47-daaf-429e-9605-c46313de601f,Vodafone Egypt,Telecom,3,2026-08-16,حلو,Neutral
ab2ab0bd-678c-41eb-a6be-38e4ff5deb7e,Vodafone Egypt,Telecom,3,2026-08-16,كل شوي اعامل باسورد جديد انا زهقت,Neutral
4ab05554-d840-404a-82b2-48e3a1ae9b33,Vodafone Egypt,Telecom,5,2026-08-16,ارجو العمل علي تحسين البرنامج وتحديثة بحيث يكون اكثر سهوله التعامل مع خدمة العملاء صعب الوصول اليهم صعوبة التعامل مع البرنامج بعد التحديث الجديد اصبح سيئ جدا وخصوصا لوحة الارقام,Positive
c065059e-a096-4d76-be10-7c52538397c4,Vodafone Egypt,Telecom,5,2026-08-16,احمد علي شكرا لفو فون برامج,Positive
56b65cb3-1723-470f-b27c-f903d723b81b,Vodafone Egypt,Telecom,5,2026-08-16,ممتاز,Positive
2e13aea6-320f-47cf-8c29-efbe1771ff92,Vodafone Egypt,Telecom,5,2026-08-16,ممتاز,Positive
a70a9d1b-9d20-4408-b258-fa5e07f601d2,Vodafone Egypt,Telecom,5,2026-08-16,ممتاز,Positive
aeb46e38-31fd-425d-9077-5f68de69c938,Vodafone Egypt,Telecom,5,2026-08-16,بحبك يا فودافون وشكرا لك,Positive
ca588846-aeb1-4f62-be56-0ba5d317df68,Vodafone Egypt,Telecom,4,2026-08-16,البرنامج يعمل فقط علي بيانات الهاتف وعند الدخول من الواي فاي يطلب تأكيد دخول وعند الانتقال الي صفحة كتابة كلمة السر الصفحة لا تستجيب لاي شئ,Positive
4fca08c9-0f96-47e4-9598-de65938e974e,Vodafone Egypt,Telecom,1,2026-08-16,التطبيق مش شغال كويس رسائل خطأ وفودافون كاش مش شغال عليه مسحته كذا مرة وثبته من جديد ونفس المشكلة,Negative
7a3a5f09-09b1-4e85-a764-68b81262882c,Vodafone Egypt,Telecom,1,2026-08-16,شركه سئ خدمه سئ اوبشن سئ نظام سئ موظفين سئ ولا نجمه يحتجون لا عندهم خدمه عملاء كدابين ونصابين وأنا شاء لله اليوم بحول إلي اتصالات,Negative
8d025595-b94c-4ae8-be23-910627eb4430,Vodafone Egypt,Telecom,5,2026-08-16,سيء,Positive
194f9ea5-2735-440b-8b86-011cc7ced632,Vodafone Egypt,Telecom,1,2026-08-16,تطبيق انا فودافون لا يعمل بكفاءة وهذه الخدمه تزعجنى رجاء وجود حل لتفاعل التطبيق لدى,Negative
2ce41126-73c9-411d-96ef-34ad395b58b3,Vodafone Egypt,Telecom,1,2026-08-16,ممتازة,Negative
3778e495-0fad-434d-96fc-a4e9fdaa8d2f,Vodafone Egypt,Telecom,5,2026-08-16,😍,Positive
97219dc1-15ea-483d-af47-40863cb3ce0a,Vodafone Egypt,Telecom,3,2026-08-16,سيء جدا عشان التاتش بايظ من التطبيق,Neutral
c583364b-9754-4ade-a132-e0c634f1b661,Vodafone Egypt,Telecom,5,2026-08-16,ممكن اضافه الحد الشهري في المحفظه,Positive
e0f09347-3031-4d60-8a25-5ba5805f92ba,Vodafone Egypt,Telecom,5,2026-08-16,ممتاز,Positive
882e689a-cf92-40b9-b7f0-6f6561b554da,Vodafone Egypt,Telecom,5,2026-08-16,جميل جدا,Positive
77926213-0b04-4644-800f-a15e79124bf6,Vodafone Egypt,Telecom,5,2026-08-16,حلو جداً,Positive
30750043-7005-4202-a080-205cdb05e916,Vodafone Egypt,Telecom,2,2026-08-16,التحديث الاخير لايظهر اي مكان لمعرفة رصيد فودافون كاش هل التحديث هدفه اخفاء البيانات ام اظهارها راجع نفسك,Negative
932b8ac5-d8dc-4af6-ae4e-aff9c40c2587,Vodafone Egypt,Telecom,1,2026-08-16,بيعلق كتير اوي,Negative
fcf4d33b-5a46-4f92-a379-08ae9a03534e,Vodafone Egypt,Telecom,1,2026-08-16,مبيشتغلش منغير نت بكون عايز اشحن الباقة من الفيزا بس مبيشتغلش,Negative
97548e6c-2520-41c9-8c76-b5c0b4fe6af7,Vodafone Egypt,Telecom,1,2026-08-16,التطبيق سيئ واقف ومش بيشتغل عندى,Negative
cce90f50-519e-411f-87cc-641e118be871,Vodafone Egypt,Telecom,1,2026-08-16,الانترنت المنزلى فى الأسوأ مش قادر يستجيب مع الخط الفايبر الجديد والجيجات بتتسرق كمان الايام ديه على شان كده المفروض ولا نجمه حتى لحد ما يتم التعديل,Negative
79d2d3a5-5357-4eaa-820c-24a2c79f291c,Vodafone Egypt,Telecom,5,2026-08-16,فل الفل,Positive
c6153394-4bed-4799-81f1-f4b0d00dd3c6,Vodafone Egypt,Telecom,5,2026-08-16,ممتاز,Positive
05f9f877-76f2-4987-8fb4-92413d8723cc,Vodafone Egypt,Telecom,4,2026-08-16,جيد جدا,Positive
858bba60-fdc3-4e5f-9b08-495c2e611f33,Vodafone Egypt,Telecom,1,2026-08-16,تطبيق سئ وبطئ وفودافون كاش كتابة الرقم السري مش عايزه تشتغل,Negative
d2d2a0e9-d917-4b54-addc-7fd9ddc1ef18,Vodafone Egypt,Telecom,5,2026-08-16,رائغ,Positive
8a72025a-6ae0-48e2-91f8-818fffceca48,Vodafone Egypt,Telecom,1,2026-08-16,تطبيق سيء مش شغال,Negative
fe1c9f40-c794-4b2c-bc11-2b924da71f8e,Vodafone Egypt,Telecom,1,2026-08-16,سئ سئ سئ سئ,Negative
19bf4270-1fcb-4dc3-af36-eee18518daf8,Vodafone Egypt,Telecom,5,2026-08-16,شكرا,Positive
9afff4d2-c901-4ece-a4cc-16ffaca67525,Vodafone Egypt,Telecom,5,2026-08-16,جيد,Positive
67dbe6f1-27ef-4968-ad76-877f179d2035,Vodafone Egypt,Telecom,5,2026-08-16,👍,Positive
3b910d30-fa72-49da-a9c0-71f82b79dcc0,Vodafone Egypt,Telecom,5,2026-08-16,رائعه جدا,Positive
d08309f4-d559-41b1-a1c2-591508503e53,Vodafone Egypt,Telecom,1,2026-08-16,الابلكيشن بقا سئ جداً دائماً تظهر رسالة حدث خطأ مبقتش اعرف استخدمه,Negative
068828c6-6ba1-4bb7-a69e-68da65241615,Vodafone Egypt,Telecom,5,2026-08-16,جيد جدا,Positive
04491c86-43fb-4f9e-830c-b1c76c43f7f9,Vodafone Egypt,Telecom,5,2026-08-16,جميل جداً والله العظيم,Positive
c15aec85-ac32-42e3-80a5-ac3f78f348a6,Vodafone Egypt,Telecom,1,2026-08-16,برنامج زاي الزفت والله والواحد زهق من شركه فودافون كلها,Negative
198a28a6-47d5-446f-9a05-2c1d22c50739,Vodafone Egypt,Telecom,5,2026-08-16,ممتاز,Positive
2b2ad6f4-72e5-4c48-b41d-1eee25c7034c,Vodafone Egypt,Telecom,5,2026-08-16,مع برنامج انا فودافون ستكون في أمان كل الشكر والتقدير والاحترام لك مصمم أنا فودافون حفظكم الله,Positive
59c59b55-f77e-4045-80cd-1f192e861081,Vodafone Egypt,Telecom,5,2026-08-16,تجربة جيده جدا شكرا فودافون,Positive
08176bd1-b46d-4018-9092-992b530882b5,Vodafone Egypt,Telecom,5,2026-08-16,ممتاز,Positive
65a69268-f125-4f2a-b7a3-9dae7b7d15c6,Vodafone Egypt,Telecom,5,2026-08-16,🌹شكرا ڤوداڤون,Positive
5f64e5a5-23d4-44a7-a86f-4077c8f7afb8,Vodafone Egypt,Telecom,1,2026-08-16,سيء وفودافون كاش لا يعمل !!!!!!!,Negative
4b6ffbc3-b9f1-4dbd-a804-ff9faf859f49,Vodafone Egypt,Telecom,1,2026-08-16,برنامج زى الزفت وشركه حراميه ديما تسرق النت والرصيد,Negative
7a436d06-d64e-4e0e-9416-32ebfb356363,Vodafone Egypt,Telecom,5,2026-08-16,برنامج تمام,Positive
5590273e-f487-4307-ac66-7075b6304590,Vodafone Egypt,Telecom,5,2026-08-16,التطبيق بعد التحديث بقا زفت كاش وافقه حالص قبل التحديث يرجي مراجعة التحديث والتاكد انه يعمل بشكل مناسب,Positive
932029da-c683-4ae7-b52a-4b1e83e88271,Vodafone Egypt,Telecom,1,2026-08-16,سيئ وخلاص مش عندي وقت اصف,Negative
ffc5ef80-daf1-4d12-bcb2-55a501801950,Vodafone Egypt,Telecom,5,2026-08-15,انالسا أول مرة,Positive
507cfb1f-c01e-47c1-8da8-9bd4c9a9ad89,Vodafone Egypt,Telecom,1,2026-08-15,الإصدار الجديد سئ جدا,Negative
49ec6b72-0211-4c95-8d0a-f3f20e96b978,Vodafone Egypt,Telecom,5,2026-08-15,حلو مش وحش ولكن حلو حلو تحفه,Positive
a62bcb33-0280-4bee-8197-46b9896d3626,Vodafone Egypt,Telecom,5,2026-08-15,ممتاز,Positive
400cd86d-8038-4218-af4f-519ec8d9dcb8,Vodafone Egypt,Telecom,1,2026-08-15,ف مشكلة ياجماعة ف الابلكيشن كل شوية خطا حاول مرة أخري ونتكلم مع خدمة العملاء يقولك مفيش مشكلة طيب اية الحل,Negative
f60d67aa-4f94-4d58-8834-e74cdc7559cc,Vodafone Egypt,Telecom,5,2026-08-15,أحسن تطبيق شفتو في حياتي,Positive
3a4d0838-7e64-4b08-bbad-11e88629f1e0,Vodafone Egypt,Telecom,5,2026-08-15,ممتاز,Positive
7d867e6e-1e28-4307-becb-4683bdd637a9,Vodafone Egypt,Telecom,1,2026-08-15,بعد إذن المطور والمصمم والمخترع لهذا البرنامج قمت بمسح البرنامج وتنزيله مره اخرى من متجر بلاى وكلما ادخل الرقم السري يقولى خطأ رغم المحاوله اكثر من مره ومسحه وتنزيله اكثر من مره ومازال رافض الرقم السري سواء بالعربى أو الإنجليزية ارجو الحل ياجماعه بسرعه 🤯,Negative
f8a5fbd7-fe29-46fe-a809-5a4e1c2df1c3,Vodafone Egypt,Telecom,3,2026-08-15,تطبيق جميل بس ياريت إضافة دفع فاتورة مياه الشرب والصرف الصحى بشركة القابضة الأقصر في تطبيق فودافون كاش عشان اقدر ادفع الفواتير المياه,Neutral
f33c0995-f380-4699-9353-9c5667b4e56b,Vodafone Egypt,Telecom,5,2026-08-15,تطبيق تحفههه,Positive
84c2aaf0-81ca-451d-b0a3-283d0c699af3,Vodafone Egypt,Telecom,1,2026-08-15,تطبيق أصبح سئ واستخفاف بالعملاء,Negative
0913f4c8-c215-46f8-a211-d9cc447fb948,Vodafone Egypt,Telecom,1,2026-08-15,المحفظه معطله,Negative
4b7e086a-b3b1-4d7c-81c0-2d7f3a32c8e1,Vodafone Egypt,Telecom,5,2026-08-15,جيد,Positive
9bd64eb6-a8a5-4f7a-8a9c-85d8426ecbce,Vodafone Egypt,Telecom,5,2026-08-15,تجربة ممتازة وتطبيق جميل انصح بتحميلة,Positive
ac4b3c0d-1552-4a4b-94d4-7b52ec518f0d,Vodafone Egypt,Telecom,5,2026-08-15,ممتاز,Positive
38cbbbf6-81f2-4f59-9a34-675031194c97,Vodafone Egypt,Telecom,1,2026-08-15,ليس مفيد على الاطلاق,Negative
a91ee307-4738-4a9e-be74-9b6594ca2d13,Vodafone Egypt,Telecom,5,2026-08-15,شركه حلوه وتعامله حلو,Positive
bea910af-ebcb-4e4b-9137-111f9b392a1f,Vodafone Egypt,Telecom,1,2026-08-15,ما بتفتحش معي اي عمليه بقت حاجه زفت,Negative
007f4e96-5a3e-447a-8411-54bc73f2a474,Vodafone Egypt,Telecom,5,2026-08-15,التطبيق بياخر المعامله,Positive
371a1671-5e94-453f-897a-da20a929172e,Vodafone Egypt,Telecom,1,2026-08-15,التطبيق اوقات كتير مش بيفتح,Negative
9e7e8526-a826-4a19-8d04-3f01e25a49a2,Vodafone Egypt,Telecom,1,2026-08-15,للأسف التجربه سيئه جدا,Negative
42f55396-0d51-437d-86df-0c9b17156a5c,Vodafone Egypt,Telecom,5,2026-08-15,التطبيق جميل جدا وبيسهل كل حاجه وفعلاً يستاهل خمس نجوم,Positive
5c194fc3-8246-4aec-8205-9173add26dfd,Vodafone Egypt,Telecom,5,2026-08-15,good,Positive
bd28cc75-2701-4c42-b911-0da5866f78f6,Vodafone Egypt,Telecom,1,2026-08-15,جميل,Negative
a44bb20c-c561-4eae-b2a4-d2d28026a170,Vodafone Egypt,Telecom,5,2026-08-15,تمام,Positive
4a62eb07-f2c7-4f66-a191-bc1ac467b75d,Vodafone Egypt,Telecom,5,2026-08-15,تطبيق ممتاز,Positive
ff02d327-b5d9-4b42-8f48-0a1a88bf2ace,Vodafone Egypt,Telecom,5,2026-08-15,التطبيق ممتاز جدا,Positive
c517f1d9-c407-452a-af12-a6e75eed7217,Vodafone Egypt,Telecom,5,2026-08-15,تجربه جميله ورائعه جدا جدا جدا ونتمنى مزيدا من التقدم والنجاح والتطوير,Positive
7ee1b28e-aeaf-45d5-8436-8f4e527223d8,Vodafone Egypt,Telecom,5,2026-08-15,ممتازه,Positive
6894da36-fc0e-4e45-9de5-205cd90f6784,Vodafone Egypt,Telecom,5,2026-08-15,احيانا يكون تقيل فى الإستجابة,Positive
3cc9ef88-48c6-4e2b-ae7d-59e098fa49c2,Vodafone Egypt,Telecom,5,2026-08-15,احسن تطبيق شفته في حياتي والله,Positive
ea5a387a-cf94-4d78-9ec5-8986279013fc,Vodafone Egypt,Telecom,1,2026-08-15,كل ما اضغط على حاجه في التطبيق يقول لي حدث خطا,Negative
58cd1cbb-3748-497e-ae32-4a5ce2585b72,Vodafone Egypt,Telecom,1,2026-08-15,للأسف مبقتش زى الاول انا بتيجى ليا عروض شحن واشحن ملاقيش حاجه من الى قالو عليه فين المصداقية بتاعتكم,Negative
bbbc30c6-4fcb-4b84-b309-7f5d3b284605,Vodafone Egypt,Telecom,1,2026-08-15,فيه مشكله مش بعرف ادخل اي كلمه مرور لاي حساب أو الرقم السري للمحظه مش بيضغط اصلا علي الارقام الي في لوحه المفاتيح,Negative
bd8ec21d-d6c3-4e75-aee2-9b9651c8c450,Vodafone Egypt,Telecom,1,2026-08-15,أصبح سئ جدا وبيخرج لو ويطلب تسجيل الدخول وكتابة كلمه السر,Negative
8e0d0b1d-84cb-4be6-b323-b53e9ffa6a22,Vodafone Egypt,Telecom,5,2026-08-15,ممتاز,Positive
39547f1a-3577-49b2-919b-1e792d17c4b2,Vodafone Egypt,Telecom,4,2026-08-15,تطبيق رائع ومفيد لكن لماذا لا تعمل المحفظة على شبكة الواي فاي,Positive
508cdd7b-22e4-46b9-bcc0-7cf815584134,Vodafone Egypt,Telecom,1,2026-08-15,سيئة جدا احاول ان ادفع المال بالبطاقه البنكية و لا تقبل الدفع مع انني استطيع الدفع بها لخط إتصالات كما استطيع التحويل لاي رقم و لكن الا رقمي لماذا,Negative
9e663597-b424-4d49-b447-3dda31cb10f8,Vodafone Egypt,Telecom,3,2026-08-15,خدمة عملاء فوق الوصف,Neutral
4ce39fd9-891d-416a-9372-16f75cc1ef57,Vodafone Egypt,Telecom,5,2026-08-15,جامد اوي,Positive
4451cb88-489f-46b7-ac42-28c2262bb128,Vodafone Egypt,Telecom,5,2026-08-15,صديقك في كل وقت,Positive
14e05aef-99d0-4aae-b555-aae7c6611f17,Vodafone Egypt,Telecom,5,2026-08-15,ممتاز جدا,Positive
ad0a8be5-b7e3-4228-b20f-b4c04ff93f96,Vodafone Egypt,Telecom,2,2026-08-15,when I'm trying to add a new number on application it's freaze issue happened when I'm installing last update so I can't login in another number my phone Samsung ultra 24,Negative
ba598eba-20f9-47dd-9c63-1098528c7a83,Vodafone Egypt,Telecom,5,2026-08-15,ممتاز,Positive
99e1064b-153a-4424-9d8f-665f8bdf55e9,Vodafone Egypt,Telecom,1,2026-08-15,كل ما ادخل علي التطبيق من غير نت مبيفتحش وادخل بوايفاي يفتح اجي اشحن رصيد يقول افتح الداتا وانا مش معايا رصيد اصلا بعد التحديث الاخير لازم يكون معاك رصيد علشان تشحن رصيد 😤😤,Negative
a6fc9136-fc42-40a1-8ce6-961d472cd019,Vodafone Egypt,Telecom,1,2026-08-15,التطبيق بيقولي مفيش نت والناس شغال ازاي ده بقا التطبيق بقي مقرف خالص صفر من عشره بس لو اشتغل انا مسحته و اديني بنزله تاني لو اشتغل هكتب تقييم حلو,Negative
a6d766aa-5537-4d74-bda9-f38eaaa9e54a,Vodafone Egypt,Telecom,1,2026-08-15,خدمه العملاء المكالمه 13.5جنيه رغم فى البدايه قالوا تكلفه المكالمه.50قرش علشان ارجع 19جنيه ادفع 19جنيه خدمه عملاء ده ايه,Negative
2b44e856-de20-42dd-a1a9-2ebc0e07fc2f,Vodafone Egypt,Telecom,5,2026-08-15,مشكله أن يكون عندي أن في زياده 30%عند شحن وتم شحن الباقه ولا اي شي أضاف إلى الباقه,Positive
8efaa887-a1c9-40cb-a17e-615e15f2b4d3,Vodafone Egypt,Telecom,1,2026-08-15,التطبيق بقي زززفت في الدخول وفي فصل عروضك اسعار غريبه,Negative
5a71b4ff-c47a-40b6-a1c3-c533ccc1f0a0,Vodafone Egypt,Telecom,5,2026-08-15,بعد التحديث وحش,Positive
1cb58155-f29f-48a3-899d-514bbd27937c,Vodafone Egypt,Telecom,1,2026-08-15,للأسف تطبيق فودافون كاش في مشكلة مش عارف أدفع فواتير أو أحول فلوس كل لما أدخل مبيبقاش في أستجابة على الشاشة,Negative
ed367183-9f76-4281-a8c5-e8b24428838e,Vodafone Egypt,Telecom,5,2026-08-15,روعه,Positive
ea847ed8-645f-4879-b2be-16c764e64886,Vodafone Egypt,Telecom,5,2026-08-15,perfect 😃👍🏻,Positive
688939cd-ca4e-4d97-97cd-b0caac383ce6,Vodafone Egypt,Telecom,5,2026-08-15,افضل برنامج في الدنيا,Positive
0b91acd0-e2c8-4970-a66e-7943e79de8f6,Vodafone Egypt,Telecom,5,2026-08-15,جميل,Positive
9f05e8cd-b3fa-4b1b-8283-62b78d2f2a30,Vodafone Egypt,Telecom,1,2026-08-15,خدمة العملاء زباله ومش بتفذ اي حاجه ويعتبر ملهاش لازمه ودي حاجه بتزعلني جدا ولله,Negative
1b23c54a-dac1-4f0e-8d3c-d81b687a98ce,Vodafone Egypt,Telecom,5,2026-08-15,ممتاز,Positive
de70f1c3-4846-4366-ad7f-15cb4961f4a8,Vodafone Egypt,Telecom,5,2026-08-15,كويس جداا لكن في مشكلة كل لما اسحب الهرض بتاع الفرعون النت بيقول عذرا لا تعمل هذة الخصية هلي هاتفك فرجاء حل الامر,Positive
e3ce1c43-d6a8-4760-a101-f384067c3ceb,Vodafone Egypt,Telecom,2,2026-08-15,سوف استغدام هذا التطبيق فعال ام لاء وسوف اخطار الثلث نجوم المتبقي من التقييم التطبيق,Negative
6127912a-b308-4d11-8392-09a1d4e27f5c,Vodafone Egypt,Telecom,5,2026-08-15,ممتاز جداً كل اللي انا محتاجه في التطبيق,Positive
320ccdb0-6079-4b10-b40d-aa41892adf82,Vodafone Egypt,Telecom,5,2026-08-15,تطبيق رائع,Positive
dde09c21-8126-462c-833e-6feb0cc9da37,Vodafone Egypt,Telecom,5,2026-08-15,كان جيدا جدا,Positive
f68783ec-65f6-4346-925b-0076053f0e47,Vodafone Egypt,Telecom,5,2026-08-15,ممتاز,Positive
4b9c58fc-8de9-4838-aa73-2c2fa6975956,Vodafone Egypt,Telecom,5,2026-08-15,اهاا,Positive
36b5b086-7528-4613-b00a-39383f072e60,Vodafone Egypt,Telecom,5,2026-08-15,حاجه حلوه ممتازه احلى شركه فودافون احلى حاجه في الحياه احلى كاش فودافون كلش,Positive
5e18a15f-e48f-455b-81c3-cb0c32f3b5d0,Vodafone Egypt,Telecom,5,2026-08-15,جيد جدا,Positive
5cc37c0f-7852-41b9-ad62-9ad429dcf681,Vodafone Egypt,Telecom,5,2026-08-15,بيني هدية 🎁,Positive
612c0bc5-bed0-4b6e-8a1e-5a4ed63808f2,Vodafone Egypt,Telecom,3,2026-08-15,تمام,Neutral
fd98931f-8d19-46a6-8170-d3e13521d2be,Vodafone Egypt,Telecom,5,2026-08-15,ممتاز,Positive
1ac7684b-b27a-4ab2-9c85-e0072e886adf,Vodafone Egypt,Telecom,5,2026-08-15,البرنامج جميل جدا ومفيد وفي عروض كتيره حلوة,Positive
428a1f7e-ef66-49c2-9735-bb4b8dd4ddf2,Vodafone Egypt,Telecom,2,2026-08-14,التطبيق بيعلق و معنتش بعرف أنا استهلكت قد اى و العروض الا بتيجى مش مناسبة و حتى لو جيت استعملها تعلق و مش بتقبل,Negative
e6ea9911-2106-4e0c-9283-aae8261b955b,Vodafone Egypt,Telecom,5,2026-08-14,تطبيق ممتاز جدا,Positive
db2eebe7-6441-4542-8925-895cd3d3bf45,Vodafone Egypt,Telecom,1,2026-08-14,حراميه,Negative
694a27a7-8907-4cf3-9130-6770f43c32a0,Vodafone Egypt,Telecom,5,2026-08-14,👍,Positive
9ecf08f8-27e6-4223-87fb-d9a1c05d5791,Vodafone Egypt,Telecom,1,2026-08-14,نظام تشغيل سيء للغايه.. تطبيق فاشل واستغلالي,Negative
0efa1efe-144b-4c96-bd63-1ce064593380,Vodafone Egypt,Telecom,1,2026-08-14,التطبيق حاجه تقرف مفهوش غير إعلانات,Negative
60d26213-4483-4949-9d44-f5f28f868ed0,Vodafone Egypt,Telecom,1,2026-08-14,ممتاز,Negative
ba4ae0f4-1d6e-4fff-9e84-2e400f55fb99,Vodafone Egypt,Telecom,5,2026-08-14,فودافون مصر من أفضل شركات المحمول هذه كلمه حق,Positive
b2930e36-d012-4261-8630-27bf7a7fd6bf,Vodafone Egypt,Telecom,1,2026-08-14,وحش جدا,Negative
907b726f-56da-4cd5-bdd4-0f127961bccb,Vodafone Egypt,Telecom,5,2026-08-14,تمام جدا,Positive
7247b93e-d7e9-4fff-b7a7-60490ee53714,Vodafone Egypt,Telecom,5,2026-08-14,جميل,Positive
c425fa7d-51af-489a-8edb-6d4eb784fdec,Vodafone Egypt,Telecom,1,2026-08-14,شركه حراميه,Negative
6e2b565d-7f6d-4ce0-9ac8-cb70733d3381,Vodafone Egypt,Telecom,3,2026-08-14,جميل,Neutral
a04b3640-dd22-46df-950b-e7575485607f,Vodafone Egypt,Telecom,5,2026-08-14,تمام,Positive
2404bbda-5fe0-422a-8956-5d9099eab5d9,Vodafone Egypt,Telecom,2,2026-08-14,تطبيق جميل ورائع بكل المقاييس ولاغنى عنه ولكن التحديث الأخير لايعمل جيدا وأصبح التطبيق ثقيل للغاية,Negative
0c308dd2-fa46-4e6e-b966-e719e57b6fe4,Vodafone Egypt,Telecom,1,2026-08-14,الخدمات المقدمه من الشركه أصبحت سيئه يهمها جمع المبالغ شبكه ومكالمات سيئه لو امكن المبالغ المصروفه على الاعلانات لو توجهت لتقويه الشبكات كان افضل تم شحن 175 الرصيد وتم الاتصال بخدمه العملاء للاستعلام عن اين ذهب الرصيد فلم أجد منهم اي أفاده,Negative
8d75d908-a99c-4d96-add0-331c0ba935a4,Vodafone Egypt,Telecom,2,2026-08-14,الشكل حلو لكن الابلكيشن تقيل جدا معرفش ده ضعف فالسيرفرات ولا المشكله ف الابلكيشن نفسه وبيحصل ديما اخطاء والمحفظه المفروض تكون ف ابلكيشن منفصل ومنظم اكتر وهيكون اعتمادي,Negative
58689db1-bf55-48ee-b512-0cbc7fc6ffe0,Vodafone Egypt,Telecom,3,2026-08-14,التطبيق جميل ولاكن بيسجل خروج ومش بينزل عروض,Neutral
1961aea8-05f8-4f10-9caf-6cb440812d0b,Vodafone Egypt,Telecom,1,2026-08-14,البرنامج سئ جدا مش عارف اعمل اى حاجه عليه جميع الوظائف مش شغالة مفيش برنامج اصلا ده بقى برنامج صور ورسوم متحركه فقط لا غير شحنت امبارح كارت فكه من عليه وجت رساله تم شحن الكارت ومشتغلش وكلما خدمة العملاء رجعلى فلوس الكارت رصيد ودخلت على البرنامج مفيش رصيد خالص,Negative
13c37d37-7f91-4d4b-b959-2b8268f7a53c,Vodafone Egypt,Telecom,1,2026-08-14,سيئ جدا فيه مشكله معايا وبكلم خدمه العملاء مفيش اي نتيجه بتحصل ولا بتتغير,Negative
28498dc4-6ffa-4168-b8f7-1347aab12381,Vodafone Egypt,Telecom,1,2026-08-14,سئ جدا ولا انصح لاداعي للاسباب زمن طويل ماستاهل النجمة تحطة بالغلط سستم غير 🥱,Negative
0dfdbae5-0a52-4e25-84a2-01a56d54bd4d,Vodafone Egypt,Telecom,3,2026-08-14,التطبيق حلو بس لو يزودو الهدايا,Neutral
352b77d6-5489-40d2-aa38-abf30cc94a81,Vodafone Egypt,Telecom,5,2026-08-14,تطبيق رائع جدا جدا جدا,Positive
250ae239-a863-4283-923e-f0e2b6d2d384,Vodafone Egypt,Telecom,5,2026-08-14,في مشكلاه في،الشبكه,Positive
b5b3f530-7e8e-48c6-9efc-17fc1dff42aa,Vodafone Egypt,Telecom,1,2026-08-14,سيئ,Negative
cb26dbc7-ec8b-4cee-9df0-3036bdc40ff5,Vodafone Egypt,Telecom,5,2026-08-14,تطبيق ممتاز جدا,Positive
c9990d44-dfbc-40dc-aecc-5364bf2f7450,Vodafone Egypt,Telecom,1,2026-08-14,سرقة فى الرصيد حسبنا الله ونعم الوكيل.,Negative
0aa8d9be-286b-4885-8975-4daaa70c33d3,Vodafone Egypt,Telecom,5,2026-08-14,ممتاز,Positive
b10eb993-8fcf-44d6-a208-a3870b724ec0,Vodafone Egypt,Telecom,5,2026-08-14,تمام,Positive
c002aa13-6596-44e0-a1a2-9e449e6c9d46,Vodafone Egypt,Telecom,1,2026-08-14,برنامج زباله وخدمه زى الزفت وشركه زفت الزفتين,Negative
3aabfe8a-2fcc-43ba-a9fe-de5a4c9bb201,Vodafone Egypt,Telecom,1,2026-08-14,للأسف التطبيق بقاله فتره فى مشكله كل ما اجاى اشحن رصيد أو dsl اجاى لحد خانة ادخال الرقم السرى للكارات وللأسف التطبيق يتجمد ويقف تمام الرجاء إيجاد حل,Negative
c2a67bcd-3338-4cdb-b954-e4f54a70d523,Vodafone Egypt,Telecom,5,2026-08-14,ممتاز,Positive
cda649f2-019c-4e2d-a78d-bd2f351d1b4b,Vodafone Egypt,Telecom,5,2026-08-14,جيد جدا,Positive
4d0f79d3-e8a1-4999-a913-ef99bba07eaf,Vodafone Egypt,Telecom,1,2026-08-14,التطبيق فى قمه السوء والهدايا اللى بتجينى خصوصا ستريك كله كلام فارغ هديه ستريك مخدتهاش غير مره واحده مع العلم بشحن كل يوم كارت ب 19.50,Negative
c3fca8ba-46cd-421c-8b31-7af6eca1a4b2,Vodafone Egypt,Telecom,5,2026-08-14,ممتاز,Positive
1df1c9c8-b061-4fb9-bbea-edd69f490c83,Vodafone Egypt,Telecom,5,2026-08-14,ممتازه جدا جدا جدا جدا والف شكر على المجهود الكبير في فودافون كاش,Positive
f6966ab4-832b-4288-90c8-57fb953d9f29,Vodafone Egypt,Telecom,1,2026-08-14,تطبيق سئ وملئ بالأخطاء وخدمة عملاء سيئة وشركة أصبحت من سئ إلى أسوأ,Negative
0e89f820-cba7-4762-b8a0-9533286475dc,Vodafone Egypt,Telecom,1,2026-08-14,مش بيظهر متبقي قد ايه من العرض,Negative
6ab3d1e0-435e-455e-8fa6-82f3a2b06da8,Vodafone Egypt,Telecom,5,2026-08-14,جميلة,Positive
e0adb93f-43d6-4dc3-9e4b-5019040de12d,Vodafone Egypt,Telecom,5,2026-08-14,تطبيق رائع,Positive
aaf10f08-606c-4bdd-ac64-fdc8220a4f09,Vodafone Egypt,Telecom,5,2026-08-14,جيد جدا,Positive
eec416d1-c054-42f3-94e3-badab7ac36fb,Vodafone Egypt,Telecom,4,2026-08-14,عدم القدرة على التحديث الجديد,Positive
d5e7b82b-de39-43bc-81e8-071e01ca2349,Vodafone Egypt,Telecom,3,2026-08-14,مقبول,Neutral
f477afca-37d4-48e4-827b-53a45bb013b6,Vodafone Egypt,Telecom,5,2026-08-14,❤️❤️❤️,Positive
0ffd957b-6183-4423-8b2e-25e342f43988,Vodafone Egypt,Telecom,1,2026-08-14,المفروض ولا نجمه سرقه من الرصيد عين عينك,Negative
188f15ef-d598-4e5e-b3e1-305c0e154af1,Vodafone Egypt,Telecom,1,2026-08-14,لما بدوس علي ايقونات كاش الجديد مش بتشتغل مثلاً بدوس علي تحويل الاموال مش بتيجي,Negative
6522eb38-1b1d-4083-a4e3-ffafae056e7e,Vodafone Egypt,Telecom,5,2026-08-14,جميل جداً جداً جداً جداً جداً جداً جداً,Positive
a0736ec3-bf61-4663-b7d9-4f1e07d110b8,Vodafone Egypt,Telecom,5,2026-08-14,ممتاز جدا,Positive
2f4a4ce5-ff6a-49fc-9875-ad4e36029621,Vodafone Egypt,Telecom,5,2026-08-14,جميل جدا جدا,Positive
889ea3a8-f09c-4698-8e60-57770778ad20,Vodafone Egypt,Telecom,5,2026-08-14,ممتاز,Positive
ac1ed274-58e7-42b2-b942-d9e8d581c74f,Vodafone Egypt,Telecom,5,2026-08-14,تطبيق جيد لكنه لا يعطي هدايا,Positive
b34d27c0-c01d-40fe-bb99-15ca3115f707,Vodafone Egypt,Telecom,5,2026-08-14,رائع,Positive
89686082-9e93-44c6-a7f1-a402eaf8046e,Vodafone Egypt,Telecom,1,2026-08-14,بصراحه دلوقتي التطبيق بقي سيئ وخدمه العملاء مبتحلش مشاكل وكل مرة نفتح تطبيق انا فودافون يقول خطا والموضوع ده اديلو شهرين معايا واتصلنا كتير بس للاسف مفيش حل للمشكله وعمل كل الحلول من حزب بيانات وحزف التطبيق وتنزيله بعد 48ذ ساعه وبرده نفس المشكله اصبحت خدمة العملاء سيئه ولا تفيد المستخدم تضع حلول بدوم فعل؟,Negative
04ff9e51-5662-4d86-b21b-b5af71fcc8eb,Vodafone Egypt,Telecom,1,2026-08-14,البرنامج بيعلق التحديث وحشي جدآ خدمة فودافون كاش وال ATM مش شغاله نهائي. 🤬🤬🤬,Negative
e8a19aad-4e0e-4221-9bec-0bf57e070a85,Vodafone Egypt,Telecom,1,2026-08-14,برجاء إعادة النسخه القديمه لانها كانت افضل,Negative
c74576e1-78eb-4dc7-a2f4-830b9b1de33e,Vodafone Egypt,Telecom,1,2026-08-14,في مشكله في التطبيق باجي اخش على فودافون كاش اجي ابعت فلوس الايقونات مش شغاله,Negative
cbf72dbc-0e87-4a3f-b43a-4c7bd8011984,Vodafone Egypt,Telecom,1,2026-08-14,التطبيق لا يعمل تحديث زفت,Negative
2eacb068-95de-4c7d-8273-cbdd1a3cf169,Vodafone Egypt,Telecom,2,2026-08-14,البرنامج اصبح فيه مشاكل مش عارف اشحن من على فودافون كاش ولا بيدخل على اى وسيله لتسهيل التعامل ارجو حل المشكلات,Negative
8c57b805-06a3-4b87-a9c0-a4a8c1778744,Vodafone Egypt,Telecom,1,2026-08-14,مش عايز يفتح من متعمل,Negative
f5669914-19fd-41b2-a8b3-d9a5888b2d69,Vodafone Egypt,Telecom,1,2026-08-14,انا فودافون كان يعمل جيدا لكن الان اصبح ثقيل جدا ف التحميل اريد ان ابعت ستريك وهو لا يجيب ف كل محاوله يقوم ب ارسال خطأ يرجى اعاده المحاوله مع انني قد حدثته للتو ولا فائدة من تحديثه يرسل لي نفس الرسالة، بالرجاء اصلاح العطل ف اقرب وقت,Negative
4ae21ae3-ed62-41fd-abe2-8812dd450c44,Vodafone Egypt,Telecom,1,2026-08-14,تعديل سيئ للغاية,Negative
714d68c4-6921-462a-aec1-fc450c7c8737,Vodafone Egypt,Telecom,4,2026-08-14,good,Positive
2a85081f-87d3-49d4-a113-905d4e27fe78,Vodafone Egypt,Telecom,5,2026-08-14,افضل موقع في العالم,Positive
c72ac7bb-05c7-4fd3-bbb9-8fb6ad930d69,Vodafone Egypt,Telecom,5,2026-08-14,ممتاز,Positive
2b2568b4-14dc-4682-b0ae-392a3372e44d,Vodafone Egypt,Telecom,1,2026-08-14,سئ جداً الفترة دي انا بواجه فيه مشكلة خدمة الكاش فيه مش بتفتح مطلوب تنشيط الشبكة مع العلم أن الشبكة ڤودافون,Negative
2a6553f5-8520-4beb-b05d-b1600c689d2f,Vodafone Egypt,Telecom,5,2026-08-14,تطبيق جميل جدا يعطي هدايا,Positive
4fdad202-de60-448f-a148-f255b63a04a5,Vodafone Egypt,Telecom,1,2026-08-13,سئ جدا,Negative
183df07a-e986-4413-a83e-b265d9cbbe2e,Vodafone Egypt,Telecom,5,2026-08-13,جميل جدآ بس حولو تخلو السرعة اكتر,Positive
4062787d-4bce-410e-bd4d-cacf0dc5a783,Vodafone Egypt,Telecom,5,2026-08-13,جميل,Positive
260641b4-0081-41f2-9ef3-9cbfd832e4a6,Vodafone Egypt,Telecom,2,2026-08-13,تم حل مشكله الدخول التلقائي من الداتا ويبقي مشكله تسجيل الدخول التلقائي للحسابات المضافه وتسجيلها وحفظ الدخول من اول مرة دون تكرار الباسوورد كل مرة,Negative
7f30f7bf-df1c-4636-9ff6-f55ca0452101,Vodafone Egypt,Telecom,1,2026-08-13,خدمه سيئه,Negative
123482b3-5339-4383-829d-0bbf2cc3e619,Vodafone Egypt,Telecom,5,2026-08-13,ممتاز,Positive
69df0b59-9ed1-403c-ae7b-1b382bcada36,Vodafone Egypt,Telecom,2,2026-08-13,الاول كان احسن عند التحويل علي فودافون كاش كان بيوصل لجهة اتصال الهاتف ولكن بعد التحديث الاخير لايستطيع الوصول لجهة اتصال الهاتف وهذا أمر متعب للغايه يجعلني استغرق وقت طويل,Negative
d420987a-dedb-42b9-98c9-059eb6894e98,Vodafone Egypt,Telecom,1,2026-08-13,البرنامج لازم يتطور,Negative
e20d14c4-ccdd-4603-8d35-bc5cad87eec1,Vodafone Egypt,Telecom,1,2026-08-13,ميستهلش نجمه شركه حراميه ونصابه محدش يتعامل معها النهارده مفتحتش نت بفتح دلوقتي احول فلوس لقيت مخصوم 3000فليكس ليه و اي السبب حسبي الله ونعمه الوكيل منصحش حد يتعامل مع الشركة عندكم إتصالات و وي و اورنج فودافون لا نصيحه,Negative
22cdbd48-455a-4a0e-8d34-83dd1b546e48,Vodafone Egypt,Telecom,1,2026-08-13,سيء لا يعتمد عليه قلته احسن,Negative
5a0eb076-8c44-40db-a8d8-5df2d8c475c0,Vodafone Egypt,Telecom,1,2026-08-13,سيء للغايه,Negative
5d6c9cbe-9605-4709-a1ff-ab3fbe5609d8,Vodafone Egypt,Telecom,1,2026-08-13,جميل,Negative
2e311cd4-1c66-44ee-863e-2f515776f57d,Vodafone Egypt,Telecom,1,2026-08-13,عندما ادوس على شحن رصيد واكتب المبلغ ويطلب مني الرقم السري للمحفظه اجي اكتب الارقام لا تستجيب لماذا,Negative
f59eaf9e-0db8-406c-81cc-c2cd64151cef,Vodafone Egypt,Telecom,5,2026-08-13,ممتاز,Positive
2d58927c-d0db-4e76-8e1f-0c269b90d4db,Vodafone Egypt,Telecom,1,2026-08-13,التطبيق لا يعمل,Negative
3eaac6e4-b253-4a09-88ef-3a096c03de5a,Vodafone Egypt,Telecom,5,2026-08-13,😍😍,Positive
935d985b-9e16-4e1d-bdd5-9f309074c68b,Vodafone Egypt,Telecom,5,2026-08-13,ممتاز,Positive
ffb96024-800e-4708-92fa-0918f86fb2d5,Vodafone Egypt,Telecom,2,2026-08-13,ما بيشتغل بدون نت,Negative
85c06a90-f9ba-40e0-9308-63fc8659bc23,Vodafone Egypt,Telecom,5,2026-08-13,ممتاز,Positive
c542f6fb-8630-47fa-93a2-4ebfe7e94202,Vodafone Egypt,Telecom,1,2026-08-13,بعد التحديث فودافون كاش لا تعمل برنامج زباله وعملت ازله للتطبيق ونزلته من اول وجديد وبردو جايبلى رسله لا توجد فواتير مستحقه ومش عارش اشله وموقفه التطبيق كله.هو حضرتك مش بتفهم انا مسحت البرنامج ونزلته من تانى ومفيش تحديث,Negative
a4c8d52b-1b2c-42c3-8e2b-ae22258149f3,Vodafone Egypt,Telecom,1,2026-08-13,التطبيق بقه سئ جدا كل الخيارات خطأ,Negative
3a9d2fd5-5313-46ef-a55d-70a8a87a7d63,Vodafone Egypt,Telecom,5,2026-08-13,جيد جدا,Positive
5f1f8a1c-8ef9-4746-8abb-829bc1f2e0d6,Vodafone Egypt,Telecom,5,2026-08-13,تحفه بشوف استهلاك باقه الواي فاي منو,Positive
0974b011-8160-4fba-b2c3-e9868762f847,Vodafone Egypt,Telecom,5,2026-08-13,مثالي,Positive
15e14e7b-7d1e-47ee-a6b6-86b6400cd359,Vodafone Egypt,Telecom,5,2026-08-13,التحديث الجديد جميل جدا,Positive
6203e5e8-3696-45f1-9173-5c9771316ef3,Vodafone Egypt,Telecom,1,2026-08-13,اخر تحديث المعاملات ظاهرة لأى اى حد فتح التطبيق بدون باسورد,Negative
4836ff02-a505-4237-b9ea-9e128e5598cd,Vodafone Egypt,Telecom,1,2026-08-13,التطبيق كل ما ادخل علي حاجة بيعلق ويقولي برجاء المحاولة في وقت لاحق او حدث خطأ,Negative
f4ae9e10-0079-495c-9e4a-c6578a7f84af,Vodafone Egypt,Telecom,5,2026-08-13,تطبيق ممتاز جدا,Positive
03f3d19a-1da6-406f-a4d0-abe313a31569,Vodafone Egypt,Telecom,5,2026-08-13,ممتاز,Positive
a79e9606-310d-4366-bebb-55096728de42,Vodafone Egypt,Telecom,5,2026-08-13,ممتاز,Positive
81577b3f-dfd4-41fc-8f66-9483232a78d3,Vodafone Egypt,Telecom,5,2026-08-13,تجروبه جميله,Positive
e0c21d88-f6df-4730-8eed-dd96f29b5629,Vodafone Egypt,Telecom,5,2026-08-13,ممتاز ومريح جدآ,Positive
0d3862d3-2015-426b-9caa-46e243d2cfd1,Vodafone Egypt,Telecom,5,2026-08-13,حلو اوي,Positive
c38b064f-88db-4988-b0c3-0d056412b0fc,Vodafone Egypt,Telecom,5,2026-08-13,جيدة جدا,Positive
d5d61d8c-65db-4e57-b1b9-f8856615e918,Vodafone Egypt,Telecom,1,2026-08-13,نجمه واحده كتير عليه تجربه سيئه جدااااااا كلمه المرور صحيحه ويجلي حدث خطأ اطلب تغييرها يبعتلي الرمز بس مش بيظهر ع الشاشه مكان الارقام حدثت البرنامج ونفس المشكله برنامج فاااااااشل وشركه فااااااااشله محدش يتعامل معاهم وشبكتهم زززززززززفت طول الوقت واقعه مفيش اي ميزه للشركه دي,Negative
a39b9d47-26eb-4b97-876b-91c45cf1523f,Vodafone Egypt,Telecom,1,2026-08-13,برنامج وحش معرص منصحش بيه,Negative
ba2fa347-94bc-4306-9379-8ee1ad60de0d,Vodafone Egypt,Telecom,4,2026-08-13,بس هو التطبيق رائع بس في مشكله ان التطبيق لمه اسجل الدخول يجيلي ابيض وانا معايه رصيد والشبكه حلو بس مش عارف اسجل الدخول علشان هو ابيض التطبيق من جوه وانا اعطي هذا التطبيق 4نجوم ولو حليتو المشكله اعطي 5نجوم,Positive
a7d93fde-d034-4644-9083-75ecdf5066ab,Vodafone Egypt,Telecom,5,2026-08-13,انا روحت النهاردة فرع فودافون مركز قطور محافظة الغربية انا واولادي عشان اعملل نقل ملكية الخطوط الخاصة بيهم وعمل محافظ إلكترونية ليهم الموظفين فى الفرع فى منتهى الذوق والاحترام مكملتش خمس دقايق كانت كله حاجة خلصانه لذلك حبيت اقول شكرا موظفى فودافون فرع قطور حفظكم الله ورعاكم شكرا فودافون,Positive
626f7ffa-7edd-4ea3-89a1-caee3cb9af2b,Vodafone Egypt,Telecom,5,2026-08-13,جيد جداً,Positive
b462d829-a2b9-4fbf-8dc8-eacc4ff42991,Vodafone Egypt,Telecom,5,2026-08-13,ممتاز,Positive
f6dcf239-8641-4545-a427-484ae8c23d7a,Vodafone Egypt,Telecom,1,2026-08-13,برنامج بايظ بقاله اكتر من شهر ملوش اي لازمه كده نرجو حل المشكلة,Negative
f8b6f6c8-573d-4c15-bb86-c9f8af5c7460,Vodafone Egypt,Telecom,5,2026-08-13,جامد والله العظيم,Positive
81be6878-bde2-492b-bf00-73cecd7617df,Vodafone Egypt,Telecom,1,2026-08-13,علي فكره الشركه بقيت زباله و الواحد مش عارف يتواصل معاكم و سحبتم الرصيد مرتين و ما رجعتوش اللي سحبتوا وبحاول اتواصل مع خدمت العملاء من الباقه لازم رصيد و بقيتكم اخر قرف بجد ولا الابلكيشن بتاكتم ليه لازمه لو المشكله دي ما اتحلتش انا هعمل في الشركه محضر و هغير الخط لاي شركه تاني و بلاش قرف,Negative
26d41d70-0050-410f-ba2b-04fc4f877b86,Vodafone Egypt,Telecom,1,2026-08-13,اقسم بالله اوحش برنامج فى الدنيا أنا زعلان من فودافون,Negative
ce475b08-307d-46d9-b511-7fe55c22337b,Vodafone Egypt,Telecom,5,2026-08-13,🤎🤎🤎,Positive
bf57d3f3-15fe-4cde-96c0-0ff5a237e33a,Vodafone Egypt,Telecom,1,2026-08-13,حرام عليكم تحديث زفت مش عارفين نعمل اي معامله علي المحفظة واقفين حالنا ليه بس اتصرفو بسرعه 😡😡😡😡😡😡😡😡,Negative
e5cc55a3-8d98-4beb-a490-ee4813f83445,Vodafone Egypt,Telecom,5,2026-08-13,ممتاز جدا جدا نزلو يكسمك منك لي,Positive
457b1dd2-b189-4612-a2a4-21b1192d9537,Vodafone Egypt,Telecom,5,2026-08-13,تمام,Positive
0525e318-4834-4012-b6bd-80efd705aab4,Vodafone Egypt,Telecom,5,2026-08-13,جيد,Positive
442d7132-7d37-459f-8b21-24c7feaa0cc3,Vodafone Egypt,Telecom,5,2026-08-13,معك ايامكم خمس نجوم بس التقييم ده مش معناه ان شركه فودافون كويس,Positive
f6fd6c94-28c8-4fbe-bbc1-d2d0f052bceb,Vodafone Egypt,Telecom,1,2026-08-13,سيئ جدا,Negative
484d7500-8328-4f17-88bd-3913d1d9aacc,Vodafone Egypt,Telecom,4,2026-08-13,رائع,Positive
53d8d904-9e5b-4882-92da-f2158ec9f3b2,Vodafone Egypt,Telecom,1,2026-08-13,سئ سئ للغايه,Negative
f525e148-d004-4c15-a4c1-358126437ef3,Vodafone Egypt,Telecom,1,2026-08-13,للأسف من اسوء التحديثات اللي نزلت انهم منعوا اسكرينات التحويل من الابلكيشن وفرضوا الخصوصيه ياريت نلغي الخدمة دي لان احنا مش عارفين نستخدم الطبيق كده,Negative
06e0b860-02ee-4bee-8d05-e950a7f3bc76,Vodafone Egypt,Telecom,2,2026-08-13,اسوء شبكه في مصر,Negative
a775f2b9-7eeb-4bd9-af86-ae0dc119d423,Vodafone Egypt,Telecom,1,2026-08-13,للاسف الخدمات سيئه وباقات اسوء,Negative
8f3e2ff0-bf14-4182-9103-6761e0e89404,Vodafone Egypt,Telecom,5,2026-08-13,ممتازه,Positive
27f887a7-2c47-4238-9d19-cd1239952520,Vodafone Egypt,Telecom,5,2026-08-13,ممتاز جدآ,Positive
5a33b527-1b00-4566-9ba3-61679593a93a,Vodafone Egypt,Telecom,3,2026-08-13,انا لما اجيب استريك باعض يامه خالص عشان تشتغل وساعات مبتشتغلش وانا لما اجي اشحن من فودافون بيجيلي 50 ضعف الشحنه ومتجليش حاجه خالص,Neutral
40fd64dc-b4e0-46fb-bd2c-7dff6895f49a,Vodafone Egypt,Telecom,5,2026-08-13,ممتاز,Positive
f7230ea3-59e7-4d3a-bdb2-5a515a247549,Vodafone Egypt,Telecom,1,2026-08-13,اسوء تطبيق عن تجربة التطبيق يعمل بصورة مستمرة في الخلفية ويستهلك الرامات بشكل كبير بسبب عمله المستمر في الخلفية خاصة علي اندرويد 12 ولا يتوقف مطلقا حتي عند وضعه في السكون العميق يظل مستمرا في الخلفية عكس تطبيقات الشركات الاخري التي تعمل بسلاسة ولا تعمل بهذا الشكل في الخلفية,Negative
462b050c-48d1-4247-9bc6-51bee1bb5c69,Vodafone Egypt,Telecom,5,2026-08-13,انا عايز اعرف هوا ليه جميع التعليقات تحسها aiلانهم بيتكلموا بالغه العربيه الفصحه مش مصري خالص,Positive
65026c62-2ae8-4593-97a2-2d96533bf281,Vodafone Egypt,Telecom,1,2026-08-13,تطبيق سئ وشركة سيئة نظام ريد سئ جدا ولا انصح بالاشتراك فى نظام ريد,Negative
81caa97c-238c-4d94-92a9-4fafed14e005,Vodafone Egypt,Telecom,4,2026-08-13,عندما خرجت من حسابي لادخل الي حسابي الاخر لم اعدت أستطيع الدخول لاي من حساباتي,Positive
86854c9e-367f-465e-a7d6-03b2cf8d48bc,Vodafone Egypt,Telecom,5,2026-08-13,احبثادي,Positive
7f37b44e-da37-4518-9d07-997ad85a73af,Vodafone Egypt,Telecom,1,2026-08-13,برضوا نفس المشكلة فودافون كاش مش شغالة على الواى فاى لازم شبكة موبايل وانا عندى مشكلة في الشبكة مش عندى شبكة فودافون خالص إذا كان جوه المنزل أو بره المنزل بقالى سنين على الوضع ده وانتوا مش عايزين تشغلوا خدمة فودافون كاش عن طريق الواى فاى ليه مش عارف مسحت البرنامج ونزلتوا وبرضوا نفس المشكلة اتصالات كاش و وى باى شغالين عن طريق الواى فاى انتوا ليه ماتعملوش كده علشان اللى عندوا مشكلة في الشبكة يشتغل على الواى فاى,Negative
4cb6658c-96df-4523-bfc0-5855201a83ac,Vodafone Egypt,Telecom,4,2026-08-13,دايما مش بيفتح كل حاجه فيه وبقاله فتره مش عارف استخدمه ولا استخدم#9*,Positive
852d3dd9-dbec-475f-af08-6833f9df1a29,Vodafone Egypt,Telecom,1,2026-08-13,والله العظيم انا كرهت كل الشركات بسببكم انا ليه كل دقتين اعمل وضع طيران وارجع تاني علشان الشبكه تشتغل المشكله اني بيني وبين برج الشبكه 300متر 😂😂قمت العبس,Negative
9f5b77e3-2fb0-48a3-ab34-00a24963bf12,Vodafone Egypt,Telecom,1,2026-08-13,مش صادق,Negative
bfa40a49-3a42-485f-9071-211de489ba16,Vodafone Egypt,Telecom,5,2026-08-13,❤❤,Positive
f45757a7-49f0-49c0-b451-0b7403ed9acb,Vodafone Egypt,Telecom,1,2026-08-13,سئ جدااا,Negative
855842e4-ad8e-4d68-9965-4038b310204f,Vodafone Egypt,Telecom,3,2026-08-13,الستريك وعجلة الحظ بضان,Neutral
558ae0cc-5f7c-45af-9242-16547e7c273b,Vodafone Egypt,Telecom,1,2026-08-13,جيد,Negative
d230bc0a-f618-431b-9e7b-4e912ebb8dcb,Vodafone Egypt,Telecom,5,2026-08-13,ممتاز جدا جدا,Positive
181d9566-bdca-4782-a0a0-e12face74696,Vodafone Egypt,Telecom,1,2026-08-13,عدم السماح في أوقات كثيره باختيار الاسماء من قائمة الأسماء لدي,Negative
819955d6-1d45-4479-aad2-43d38493af0c,Vodafone Egypt,Telecom,1,2026-08-12,اسوء تجربة تطبيق شركة سيئة، فعليا قررت غدا تغيير الخط لاورانج بنفس الرقم,Negative
2cf5ba57-58cb-4fd0-84b2-ac41ba2976ed,Vodafone Egypt,Telecom,1,2026-08-12,سئ للغاية وخدمة العملاء ٨٨٨ سيئة للغاية,Negative
71fe0f4c-77f2-449b-bc56-46fd2cbce852,Vodafone Egypt,Telecom,2,2026-08-12,انا تعليقي بعيد بقا عن العروض والكلام ده انا عندي سؤال ومحتاج حد يجاوبني عليه ليه البرنامج او الشركة تفرض عليا اني عشان اتعامل بالمحفظة لازم يكون من الداتا مش واي فاي يعني عشان اشحن لنفسي او احول فلوس او اي تعامل بالمحفظة لازم عن طريق الداتا معرفش ليه طب ليه تجبرني اني يتخصم من رصيدي عشان افتح داتا واعرف اتعامل ايه السبب مش فاهم ومحدش يقولي بس يفندم الابلكيشين بيتشغل من غير داتا هرد واقوله يفندم ما انا بمجرد ما بفتح الداتا بيتخصم تلقائي من الرصيد وحصلت معايا اكتر من مرة محتاج رد بعد اذنكم,Negative
bfeeca13-6d33-4ca1-95dc-3d149185ba14,Vodafone Egypt,Telecom,5,2026-08-12,ممتاز,Positive
87074c16-826d-428b-abd5-18fe20a4a37b,Vodafone Egypt,Telecom,4,2026-08-12,جيدة عيوب قليله,Positive
eb74903c-6b87-4499-a7ed-d8033b190388,Vodafone Egypt,Telecom,5,2026-08-12,رائع,Positive
480117fc-d7fb-4767-ad33-10d9215bc74f,Vodafone Egypt,Telecom,3,2026-08-12,كان الأول افضل في العروض,Neutral
8d5e02be-97df-4421-bc62-bcd8488575f0,Vodafone Egypt,Telecom,1,2026-08-12,تتطبيق سي جدا جدا انصح بعدم تحميله,Negative
fb5641ab-4f0d-4e53-a48f-7109f011c484,Vodafone Egypt,Telecom,5,2026-08-12,مميز,Positive
712eea09-d13c-4037-a548-a0f4541a7245,Vodafone Egypt,Telecom,1,2026-08-12,التحديث الجديد مش راضي يفتح فودافون كاش بيعرض الشاشة بالأيقونات ومش قابل يضغط على حاجة منها,Negative
e54d1fcb-48da-4449-b7c8-098eae8fdee3,Vodafone Egypt,Telecom,1,2026-08-12,تطبيق اقل من المتوقع,Negative
96c4f1b7-7f39-4cd4-83e5-87315a9cb3f2,Vodafone Egypt,Telecom,1,2026-08-12,لايوجد انترنت بصفة دائمه معي باقة 65 / 3000 ميجا ولم استخدام الباقة حتي تطبيق انا فودافون مش عارف احملة لعدم جودة الشبكة وتنشيط خدعة اقفل التليفون وافتح تم ايقاف الباقة استبدالها بشبكة اورانج خط واي فاي هوائي,Negative
39e855f6-bd9c-428a-8e19-78cdfe3d162c,Vodafone Egypt,Telecom,1,2026-08-12,فودافون كاش بعد التحديث مش شغاله,Negative
485974a4-8698-4dc2-a20d-bcf7be0fe97d,Vodafone Egypt,Telecom,4,2026-08-12,ممتازه,Positive
55d0a258-cae8-4c27-b8d8-aa7f8d67834d,Vodafone Egypt,Telecom,5,2026-08-12,ممتعه,Positive
cf169b77-bf72-46e5-a4b3-bc45df513864,Vodafone Egypt,Telecom,3,2026-08-12,فودافون تطبيق جميل وفيه مميزات لكن عروض لا تتغير حيث أن كرت فكه شحن بـ30 عليه 900 ميجابايت و وحده وهذا عرض اصبح غالي لان قبل غلاء اسعار كروت كان اي كرت شحن فكه بـ1000 ميجابايت و وحده هديه وانما بعد هذا عرض من سلسلة عروض 365 ليس فيها كوبونات هديه وأيضاً يتم سحب الانترنت مني بطريقة غير طبيعية مع اني مفعل موفر بيانات وليس لدي تطبيقات وغير دقيق في الاستهلاك وأيضاً هدايا شكراً لكم 🤍.,Neutral
11e6458a-34a2-4d78-82e1-9c48c7d76cc7,Vodafone Egypt,Telecom,1,2026-08-12,الابلكيش بيهنج,Negative
1c511d44-e670-43dc-8761-45ff96af98c4,Vodafone Egypt,Telecom,1,2026-08-12,التطبيق سيئ جدا كل خدماته عطلانه ديما حدث خطأ واعاده المحاوله وغير فودافون كاش مش شعاله خالص عليه لدرجه اني مش عارف اجدد الباقه من عليه حدثت البرنامج ومسحته ونزلته تاني وكلمت خدمه العملا اكتر من مره ومفيش فايده تعديل- عملت كل الخطوات دي وبردو مشتغلش,Negative
aaa354eb-2440-4c5d-972e-e368f6909794,Vodafone Egypt,Telecom,1,2026-08-12,تطبيق وحش,Negative
a02caba3-4df3-4fb0-9811-c3be9d61abd3,Vodafone Egypt,Telecom,1,2026-08-12,ترجة سيئة جدًا بصراحة، خدمة معرفة الرصيد بتتفعل عندهم تلقائي كل فترة عشان تخصم من الرصيد وكل ما ألغيها ترجع تاني لوحدها، وبعد أخر تحديث التطبيق مش راضي يحمّل أي حاجة لو فاتح انترنت عن طريق الواي فاي.,Negative
50375cca-3a63-4583-92a9-e7314b218dc5,Vodafone Egypt,Telecom,4,2026-08-12,نحو الأفضل دائماً.,Positive
130a9579-de2d-4947-aa9d-7c4d403632df,Vodafone Egypt,Telecom,1,2026-08-12,كل ما ادخل على فودافون كاش يقول خطأ ارجع للصفحة الرئيسية لا أعرف السبب ذهبت الى احد الفروع قال عيب فى البرنامج عند كل الناس,Negative
8b9cae44-e97f-4944-9da7-6187b3fdf545,Vodafone Egypt,Telecom,5,2026-08-12,تطبيق جيد,Positive
f94ac5e8-e2b8-4a98-a1a4-ee8af6d36377,Vodafone Egypt,Telecom,5,2026-08-12,ليقدم خدمه ممتاز وبنتابع م خلاله كل حاجة خاصة بالخط شكرا فودفون,Positive
0ecdafbc-85d9-4db4-8d58-52b338fa2d19,Vodafone Egypt,Telecom,1,2026-08-12,اورنج بيدينا هدايا لكن هنا بنكسب الهدايا وناخودهاش,Negative
9d730974-c5f7-4844-a5ac-7f365d076138,Vodafone Egypt,Telecom,2,2026-08-12,التطبيق حاليا مش شغال في فودافون كاش بعد التحديث الواجهة اتغيرت لكن مش قابل اي click مني نوع الموبايل ريلمي c67,Negative
05489b56-7e47-4f3c-9f53-fbc55d8ba1ae,Vodafone Egypt,Telecom,1,2026-08-12,الشبكة في الصعيد زفت,Negative
aed022bd-e07a-4936-a16f-d469230342dd,Vodafone Egypt,Telecom,5,2026-08-12,ممتاز,Positive
f0569f11-d434-4240-a424-3f3d05ec80a3,Vodafone Egypt,Telecom,1,2026-08-12,الايداع بالكارت لا يعمل ودائما تظهر عباره حدث خطأ.انا فودافون لا يدعم الدفع لشركه مياه الاسكندريه. ولاحتي الدفع عن طريق الاكواد.,Negative
1812ef38-befe-4d68-beb1-3ea7fd1d5bd5,Vodafone Egypt,Telecom,2,2026-08-12,كان الاول افضل ومميزاته أفضل وواتس بلا حدود لكن دلوقتى مش تمام,Negative
bfabc6cb-16b5-4129-adbe-bf379e39a3af,Vodafone Egypt,Telecom,5,2026-08-12,تحفه بجد والله,Positive
fa1924a8-8951-46a0-8ff7-f76b50b8d272,Vodafone Egypt,Telecom,5,2026-08-12,لقد تم ضبط تطبيق أنا فودافون و أصبح يعمل بشكل جيد شكرا جزيلا لحضراتكم على الإهتمام,Positive
c6e4853f-831b-4ad9-8447-e739ce932bc6,Vodafone Egypt,Telecom,5,2026-08-12,حلو,Positive
57e1caa4-9738-43ad-ab2c-bb3fbf556737,Vodafone Egypt,Telecom,5,2026-08-12,جيد,Positive
33f373b6-3e59-4882-a199-0be887370fa2,Vodafone Egypt,Telecom,5,2026-08-12,جميل جدا,Positive
cef1c431-bea8-411c-8525-a6f0c3f176d4,Vodafone Egypt,Telecom,5,2026-08-12,انا بحب شركه فودافون علشان شبكتها حلوه وبقيتها حلوه واحسن شركه بتدي عروض,Positive
b6659e2f-29d7-4fcd-8699-1dfd375c092b,Vodafone Egypt,Telecom,1,2026-08-12,اواجه مشكله في برنامج انا فودافون بعد التحديث الاخير هذا توقفت خدمه تحويل الأموال وادخال رقم للتحويل إليه ... أرجو معرفه سبب المشكله والعمل علي حلها,Negative
cd120008-8c97-459b-ad87-aec823825a4a,Vodafone Egypt,Telecom,5,2026-08-12,للاسف مش عاوذ يفتح وانا بدلعه اهو,Positive
dad46af5-2dcf-4c33-89a3-9ddc3f6e2f47,Vodafone Egypt,Telecom,5,2026-08-12,رائع,Positive
3cc1846c-6cdd-4912-8eaf-705f680a0eca,Vodafone Egypt,Telecom,5,2026-08-12,تطبيق رائع,Positive
a9fd32a2-ceaa-4557-b0d8-9ed94af4717e,Vodafone Egypt,Telecom,5,2026-08-12,جميل جدا,Positive
16b4237f-ff0f-44dc-8aa0-7d6da5c6c305,Vodafone Egypt,Telecom,1,2026-08-12,التحديث الاخير سيء جدا التطبيق لا يعمل,Negative
f6f24271-f76c-4c8c-9b3e-d536ed451846,Vodafone Egypt,Telecom,5,2026-08-12,تطبيق رائع جدا جدا جدا مالوش حل,Positive
9ea9403a-f0dd-409c-a946-5d556c509a44,Vodafone Egypt,Telecom,1,2026-08-12,بعد التحديث الأخير صفحه فودافون كاش لا تعمل برجاء الإفادة وجربت كل حاجه والله شغال على الداتا وبرقم المحفظه ومسحت البرنامح ونزلته من جديد البرنامج في العموم شغال ما عدا صفحه الكاش مش بتقبل اي أمر,Negative
cff43746-227f-474a-8487-e899771d6313,Vodafone Egypt,Telecom,5,2026-08-12,ممتاز,Positive
03b7b08b-885b-4920-ba1c-d4c40cf478a6,Vodafone Egypt,Telecom,5,2026-08-12,ممتازه,Positive
73739925-6c0d-433d-a64b-044ae99b3788,Vodafone Egypt,Telecom,1,2026-08-12,التطبيق كان حل لاكن الوقتي في حجات كتير اوي فية بتعلق وحجات مش بنظهر,Negative
c687327a-79ff-4e4c-a6df-bb04e5f41a03,Vodafone Egypt,Telecom,3,2026-08-12,زين,Neutral
61c867b9-a5ff-4cb7-b776-e6150ccf7097,Vodafone Egypt,Telecom,1,2026-08-12,سئ جداااا من ناحيه التشغيل,Negative
febed611-fd13-4798-ab53-6a78183d4e70,Vodafone Egypt,Telecom,5,2026-08-12,تطبيق جيد جداً جداً جداً جداً جداً,Positive
87df491f-ffc9-4fad-be8e-2bb319c9b743,Vodafone Egypt,Telecom,1,2026-08-12,اوسخ معامله شركه فودافون,Negative
51b5b857-321c-41f2-919b-f3fb4c29e6ac,Vodafone Egypt,Telecom,5,2026-08-12,جيد جدا,Positive
d43bdb00-938a-4c72-9947-bbcf318d090a,Vodafone Egypt,Telecom,1,2026-08-12,مش بيفتح الاشتراك,Negative
f6a1dc01-9ada-4bd9-a06a-bd9bb0acc9a0,Vodafone Egypt,Telecom,1,2026-08-12,زبلة أقسم بالله بعد التحديث الاخير زفه,Negative
005da613-e635-4840-a2c1-0189c290df2a,Vodafone Egypt,Telecom,5,2026-08-12,من احسن التطبيقات والشركات بجد تحفه♥♥,Positive
f2329304-cfa4-4d61-a44a-5f61563cada9,Vodafone Egypt,Telecom,1,2026-08-12,بصراحه بقي وحش جدا جدا حتي بعد التحديث الأخير بقي اسوء انا هحذفه وحش جدا جدا,Negative
858f7d42-f58b-48d5-9c4a-e240f8207317,Vodafone Egypt,Telecom,2,2026-08-12,تطبيق ممتاز بس لازم النسبة تقل شوية,Negative
71813af2-525f-4068-839f-a9e0493c2a5c,Vodafone Egypt,Telecom,5,2026-08-12,أما نشوف,Positive
be831acd-2119-4c21-9c88-a111ebed3f78,Vodafone Egypt,Telecom,1,2026-08-12,سئ,Negative
bd4feeb2-3f68-45e4-8c68-f305ef504217,Vodafone Egypt,Telecom,5,2026-08-12,جميل جدا جدا جدا,Positive
e63af4f5-ef42-4998-b114-1d99a6a2cb51,Vodafone Egypt,Telecom,5,2026-08-12,جميل جداً جداً,Positive
68c3ba60-6555-44a3-bcd0-489a0d1340ac,Vodafone Egypt,Telecom,1,2026-08-11,سيء جدا جدا,Negative
d5999567-0b3e-403e-b58b-cc301c39168c,Vodafone Egypt,Telecom,1,2026-08-11,شركة غير امنة على بيانات العملاء والخدمة فى فروعكم سيئة جدا,Negative
2b2f5126-64a9-4afa-b25c-dc72997f2816,Vodafone Egypt,Telecom,1,2026-08-11,بعد اخر تحديث خدمة فودافون كاش على الابلكيشن فيها مشكله مش شغاله. تعديل عملت تحديث ومسح بيانات والمشكله موجوده,Negative
8a9d5b0d-16ba-4d0d-9656-3769ac742bd1,Vodafone Egypt,Telecom,5,2026-08-11,جيد جدا,Positive
75e50d5f-8bf9-4949-83f5-1ad152223c16,Vodafone Egypt,Telecom,5,2026-08-11,جميل,Positive
48665bd2-eb11-4f4f-87f4-a1f0bfc8fdf4,Vodafone Egypt,Telecom,5,2026-08-11,❤🤩,Positive
ddb6d710-cfbe-4e2a-a66c-6bc713883756,Vodafone Egypt,Telecom,5,2026-08-11,تطبيق ممتاز لكن يجب اضافة Dark mode,Positive
ee68ba52-0ef1-4eaf-b515-61be24e42e45,Vodafone Egypt,Telecom,5,2026-08-11,جميل,Positive
8c9bc5de-12ce-42a0-8082-473001c31d8c,Vodafone Egypt,Telecom,5,2026-08-11,تمام,Positive
0a344e6e-6d32-4788-ab51-22e16f299de4,Vodafone Egypt,Telecom,1,2026-08-11,بيقولي سجل دخول اسجل يقول عذر خطأ ومعطل,Negative
298230bc-144a-4a15-b5f1-fbc62b0b148d,Vodafone Egypt,Telecom,5,2026-08-11,شكرا فودافون على تطبيق إنا فودافون فعلا التطبيق بيساعدك في التحكم الكامل في إدارة خدمات الاتصالات والإنترنت تحديث الاخير ممتاز,Positive
92858881-c811-4a04-a0b2-6ea08678ee03,Vodafone Egypt,Telecom,1,2026-08-11,جيد,Negative
fc9ce5a4-13ec-4bbc-a7df-2c11126a8366,Vodafone Egypt,Telecom,5,2026-08-11,المشكله اني مش عارف اتوصل مع خدمة العملاء,Positive
b8ec9b83-0918-4bf9-a6c4-3ca328933f26,Vodafone Egypt,Telecom,5,2026-08-11,جيد,Positive
38cad360-9996-42d2-8ea6-eca686e6db8d,Vodafone Egypt,Telecom,5,2026-08-11,ممتاز,Positive
eae029f8-1b5f-4da5-a236-2497c11bcf7a,Vodafone Egypt,Telecom,1,2026-08-11,التطبيق سيئ واضطريت ألغيه كل مرة لمحاولة الدخول يطلب إجراءات كأني داخلة لاول مرة كان معقول في الأول لكن حاليا من سيئ لأسوأ,Negative
3e5aa920-0b8b-4614-b127-e0f279231ccb,Vodafone Egypt,Telecom,5,2026-08-11,التطبيق مفيد لكن آخر تحديث به مشكلة ولا يمكن تحديثه,Positive
e33c9bee-05bd-4cbf-8449-6266aefb39b7,Vodafone Egypt,Telecom,5,2026-08-11,التحديث الجديد وحش أوي وكل حاجه مخفيه,Positive
dc1eebd7-a72c-41ce-b1ff-64e12936cdd8,Vodafone Egypt,Telecom,1,2026-08-11,حسبنا الله ونعم الوكيل .. سرقة علني,Negative
0c3f04e7-6372-451d-9ce8-9b9ce329bb5a,Vodafone Egypt,Telecom,5,2026-08-11,جيد جدا,Positive
c27d120c-428f-4ca2-861b-4efc15f452b7,Vodafone Egypt,Telecom,5,2026-08-11,جميل,Positive
9786b013-255e-4225-909e-167837c81fb5,Vodafone Egypt,Telecom,5,2026-08-11,ممتاز,Positive
8ded4e93-46c7-43d5-9ae2-325181423737,Vodafone Egypt,Telecom,5,2026-08-11,ممتاز افضل برنامج علي الاطلاق,Positive
4e72de94-1e6d-40e6-8529-e9f0b289c24d,Vodafone Egypt,Telecom,5,2026-08-11,تمام,Positive
336dd8b6-3123-40c9-8290-3dc54c6c0844,Vodafone Egypt,Telecom,5,2026-08-11,ممتاز,Positive
c4006c32-8942-4651-a385-a14e8cd98184,Vodafone Egypt,Telecom,5,2026-08-11,جيد جدا,Positive
2419c86e-1295-4d8f-8c54-06b3245c9df2,Vodafone Egypt,Telecom,5,2026-08-11,ممتاز جداً اقوى شبكة في مصر,Positive
13f6e251-be72-4373-8b25-51c933501e4b,Vodafone Egypt,Telecom,1,2026-08-11,التطبيق لا يعمل وجار حذف التطبيق وحتي الخط,Negative
ba8f12d3-933b-4e4d-8ddb-5f5c95ed7940,Vodafone Egypt,Telecom,5,2026-08-11,التطبيق لا يفتح ارجو حل هذه المشكله في اسرع وقت🙏,Positive
6cfd904e-7e4b-4609-94ea-51b53997231d,Vodafone Egypt,Telecom,1,2026-08-11,فصل عروضك بقت غير مرضيه بالمره الموضوع بقى استنزاف امول بدون خدمه مدة العرض بقت قليله جدا وغاليه جدا جدا مقارنة بكل الشبكات,Negative
1cfe84c3-9725-482d-b1e1-6b1e97a09098,Vodafone Egypt,Telecom,1,2026-08-11,حلو عادي Mid,Negative
9c531fe3-03c6-4c43-aaf8-e04aa220c67a,Vodafone Egypt,Telecom,5,2026-08-11,تمام,Positive
08423634-9d5f-447a-b749-579c688f2e08,Vodafone Egypt,Telecom,1,2026-08-11,البرنامج مش ظاهر الباقه بتاعتي وحذفت البرنامج ونزلته تاني برضو مش ظاهر الباقه ارجو حل هذه المشاكل,Negative
ef370e39-047a-476f-a35e-8bef8ead2197,Vodafone Egypt,Telecom,5,2026-08-11,جميل,Positive
7927d9b5-7511-4082-aa5b-8de744a09683,Vodafone Egypt,Telecom,5,2026-08-11,جميل جدااااا,Positive
1ee0760f-c61a-4719-b395-cb2f1c748977,Vodafone Egypt,Telecom,5,2026-08-11,جميل ولاكن بيعلق كتير وكل كام يوم يطلب ادخل الرقم السري تاني,Positive
27814f64-243a-4ed0-80e7-fc1febb9d725,Vodafone Egypt,Telecom,1,2026-08-11,الكاش مش شغال,Negative
41e16381-088c-4f4f-ac90-e4759a9ec03c,Vodafone Egypt,Telecom,1,2026-08-11,بعمل عروض من فصل عروضك بطل يجيلى كبونات ممكن أعرف السبب,Negative
f76625b2-061a-4a1e-945b-b7bcb849fffd,Vodafone Egypt,Telecom,1,2026-08-11,الرجاء تفعيل خدمه شحن كروت فكه للغير وتجديد فاكسات للغير,Negative
7d4abe86-02e6-4e39-88bd-7b23fbff020a,Vodafone Egypt,Telecom,5,2026-08-11,متاز,Positive
24267f98-00e0-4900-a713-5c867ec34e7c,Vodafone Egypt,Telecom,5,2026-08-11,تطبيق جميل بس فودافون كاش مش شغال معايا بره مصر ارجو مسؤلين حل هذه مشكله,Positive
e6f68602-c331-4055-b9be-fe3cde280593,Vodafone Egypt,Telecom,5,2026-08-11,عايزين تحديث للتطبيق في حاجات كتير مش شغالة عندي,Positive
13e87c16-c5ef-4a71-a225-6ddb9d80ce6d,Vodafone Egypt,Telecom,2,2026-08-11,الفلكسات بتخلص علطول ولازم تشحن كتير في الشهر الواحد,Negative
2979164b-781e-4b72-acbd-8d4da83e98fc,Vodafone Egypt,Telecom,5,2026-08-11,تم شكرا,Positive
58751251-78aa-4195-82c1-dc7ef735a589,Vodafone Egypt,Telecom,1,2026-08-11,مازال ليس بجميل عقيم ولايوجد تحديث يلائم اي تطور,Negative
29938f34-be92-4ba6-b82a-ac453856f638,Vodafone Egypt,Telecom,5,2026-08-11,جيد جداً,Positive
fdc6c6d6-6666-46cc-8837-b44b1dfd0be8,Vodafone Egypt,Telecom,1,2026-08-11,بعد آخر تحديث التطبيق لا يعمل وتم التواصل مؤخرا مع أحد الأفراد شات ولم يفيدني بشئ,Negative
56085b1b-b747-46e4-a5c2-33df4c0d985f,Vodafone Egypt,Telecom,2,2026-08-11,مشكله كبييييير جدا لبعض الصفحات لا يتم تنشيط الصفحه اطلاقا .. مثلا صفحة إضافة الكارت فيزا لا يوجد استجابه فى الصفحه خالص مع العلم اتكلمت خدمة العمله وعملنا حاجات كتييير وفشل مستمر,Negative
17acd2de-2211-4d70-bc27-556688e4163a,Vodafone Egypt,Telecom,1,2026-08-11,التطبيق مش بيفتح خالص يقول حسابك معلق شحنت مش عارفه اشوف حاجه,Negative
d9560567-609b-42b7-bea8-48522ecb0e48,Vodafone Egypt,Telecom,5,2026-08-11,أنا بحب فودافون,Positive
7736668c-00a8-4e8e-bbf3-3a6239f5af4c,Vodafone Egypt,Telecom,5,2026-08-11,ممتاز جدا,Positive
acbfc6cb-413c-442f-8eb9-d8f51f51b137,Vodafone Egypt,Telecom,1,2026-08-11,انا فودافون بزنس والتطبيق أصبح سئ جدا جدا ومصدقية كاذبة ولا يعطي النتائج الصحيحة على معلومات الراوتر المضاف من بزنس وبيتم سحب جيجات من الراوتر دون استخدامي,Negative
553cb6b1-56de-4d53-ab52-eac748812c49,Vodafone Egypt,Telecom,2,2026-08-11,أنا فودافون عطلان رغم انى حدثته من متجر بلاى عايزه اعرف استهلاكى من دقائق و نت عن طريق البرنامج ارجو حل المشكلة,Negative
4e46c8aa-7698-41fb-9616-0c93d8cfbc7e,Vodafone Egypt,Telecom,1,2026-08-11,شركه فودافون كانت من انضف الشركات بالنسبه لي دلوقتي من اسوا الشركات اللي تعاملت معاها بينزلوا عروض ويسرقوها في الباقات مش موجود اصلا بجد حسبي الله ونعم الوكيل فيهم يعني,Negative
eee7f445-5d4f-4f35-8435-9415f12d93e8,Vodafone Egypt,Telecom,5,2026-08-11,ممتاز,Positive
ea6b85af-e965-4672-9d66-57e12119a415,Vodafone Egypt,Telecom,1,2026-08-10,مش محتاج اعلق على خدمه العملاء الى زى الزفت,Negative
3901459c-b106-45b4-931d-cce3a3970788,Vodafone Egypt,Telecom,5,2026-08-10,جميل,Positive
659dc891-b05c-4228-867b-6b065380d1e3,Vodafone Egypt,Telecom,2,2026-08-10,الططبيق مش عوز تفتح تحديث,Negative
6023a3de-9177-4ef3-873b-d788c1e1ecaf,Vodafone Egypt,Telecom,5,2026-08-10,تطبيق رائع ومنظم,Positive
93666a10-be62-404a-97ea-6c526659ff8b,Vodafone Egypt,Telecom,5,2026-08-10,ممتاز,Positive
effb0f45-25c8-403a-9342-8da27878c041,Vodafone Egypt,Telecom,1,2026-08-10,اتمنى من شركة ڤودافون يرجعوا ميزة واتساب بلا حدود مع فيلكس,Negative
7d729e2b-5d1a-40b9-b1f2-bdbffd318d67,Vodafone Egypt,Telecom,5,2026-08-10,ممتاز,Positive
a04bc3c4-8d64-4f72-b3b6-0c17196eaaa8,Vodafone Egypt,Telecom,5,2026-08-10,ممتازة,Positive
b70d4978-736a-4fdf-8fcb-edddd8d655d6,Vodafone Egypt,Telecom,5,2026-08-10,جيد,Positive
cc5c82eb-62cf-43b9-8723-72cf7c3218f7,Vodafone Egypt,Telecom,1,2026-08-10,تجربه فاشله خدمتهم زباله,Negative
bbf19ef3-dc89-4781-bec2-1e8f5f300afe,Vodafone Egypt,Telecom,5,2026-08-10,عايز اعرف حسابى من الا علامات وربتها برقم الهاتف على فدفون كاش,Positive
5a3a888b-f05f-49a6-b770-4556fbbd647f,Vodafone Egypt,Telecom,5,2026-08-10,ممتاز,Positive
10352884-d9ae-4fa0-a0fe-5666f0a05c1d,Vodafone Egypt,Telecom,5,2026-08-10,تجربه جميله جدا,Positive
1b644e77-a44f-4426-bb2b-e7b7cbf6f59c,Vodafone Egypt,Telecom,5,2026-08-10,ممتاز,Positive
85d243d6-6c6e-4a87-9fbf-33b8a2b6543e,Vodafone Egypt,Telecom,1,2026-08-10,ممتاز,Negative
b5729774-ec10-424c-b7a1-9a5b17023760,Vodafone Egypt,Telecom,2,2026-08-10,لدرجه ان كل شويه يعني كل شويه تحديث يعني حدثنا مره مش مش كل 10 دقائق تحديث لا يمكنني تقييم حاليا شكرا لكم,Negative
828791fb-ad74-4449-9f65-06397370c6f4,Vodafone Egypt,Telecom,3,2026-08-10,جيد,Neutral
35542988-265a-4d5e-b92f-de3df9489931,Vodafone Egypt,Telecom,5,2026-08-10,أواجه مشكله في طباعه كروت فكه من البرنامج,Positive
78bae9c8-74dd-429d-ab93-d749b1ca7a4b,Vodafone Egypt,Telecom,3,2026-08-10,جيده,Neutral
590da631-7920-4555-9314-d4001ca8b347,Vodafone Egypt,Telecom,5,2026-08-10,ممتازه,Positive
2b2578a5-3e24-44e7-b988-2ee197ee6231,Vodafone Egypt,Telecom,5,2026-08-10,كفاية انه الراعى الرسمى لاعظم نادى فى الكون بالتوفيق ان شاءالله,Positive
0814bba0-d3a0-4cc1-9f4d-db0db5b0275c,Vodafone Egypt,Telecom,2,2026-08-10,جميله جميله,Negative
2e86bffe-82bd-4d66-ab46-07a0450d72f9,Vodafone Egypt,Telecom,5,2026-08-10,الأفضل,Positive
a33b8415-12f1-4bf2-8370-96a8befa1b68,Vodafone Egypt,Telecom,5,2026-08-10,التحديث الاخير ده زباله جدا,Positive
d0ddac5f-7760-4fc3-a33e-5c68b738ef03,Vodafone Egypt,Telecom,1,2026-08-10,شركه سيئه ومعامله اسوء وتطبيق اسوء,Negative
2a25b8fc-44a0-4be6-8387-06c1c65eef08,Vodafone Egypt,Telecom,5,2026-08-10,لزيزة,Positive
3c960a8b-36ef-41a1-b6c2-ae25cf126f15,Vodafone Egypt,Telecom,5,2026-08-10,مبيرضاش يفتح من علي واي فاي.+صعب تسجيل دخول سببPassword.,Positive
0d5ec945-1664-47f9-aa5d-49508711263d,Vodafone Egypt,Telecom,5,2026-08-10,احلم,Positive
4b98db1e-8f0d-4302-9ef9-66564953af1f,Vodafone Egypt,Telecom,5,2026-08-10,excellent,Positive
a1c8f38a-02ff-477a-ab9e-4d6144547e4b,Vodafone Egypt,Telecom,1,2026-08-10,موريع,Negative
b21d2b51-214e-48f2-a250-32099c865713,Vodafone Egypt,Telecom,4,2026-08-10,كويس الشبكة,Positive
446af332-66fb-472d-b7b7-f2791d7ed5ac,Vodafone Egypt,Telecom,1,2026-08-10,برنامج سيئ,Negative
46b95486-0a6c-43ea-9511-4421c08132d0,Vodafone Egypt,Telecom,5,2026-08-10,جميل,Positive
3dacda14-dd75-49de-a59e-7e55c3a04a56,Vodafone Egypt,Telecom,1,2026-08-10,ابلكيشن بقا زباله فوق الوصف .. مسحته ونزلته اكتر من مره ومفيش فايده .. اقعد يومين مش عارف افتح اعدادات الراوتر ليه ؟ المفروض أن اي حاجه الواحد يجري ع الفرع ؟ والله ابلكيشن ملوش لازمه,Negative
8932f10d-874a-4482-a2c9-6a44a72e23e1,Vodafone Egypt,Telecom,5,2026-08-10,ممتازه,Positive
b2d97312-ffb2-4f93-89f3-4ac9bfd54959,Vodafone Egypt,Telecom,1,2026-08-10,تطبيق فاشل و بيعلق كثير,Negative
adddd777-b3c3-4dc0-9d7d-fb14960b2897,Vodafone Egypt,Telecom,1,2026-08-10,أغلبية الخدمات مش شغالة حتي لما بعمل إيداع بيقولي حدث خطأ أنا معايا إتصالات وفودافون بس بصراحة إتصالات أفضل بكتير إلا إذا حسنتم من خدماتكم,Negative
ff723342-48d8-40c2-81be-b90c3de8977b,Vodafone Egypt,Telecom,1,2026-08-10,شركه لصوص فنانين في سرقة الرصيد و تأليف اي مبرر فعلا شركه قذره,Negative
83461f02-b09e-4e60-9805-cfee4b76d018,Vodafone Egypt,Telecom,5,2026-08-10,جيد جدا,Positive
993f7961-c85a-4efc-961e-345cf10a75e0,Vodafone Egypt,Telecom,5,2026-08-10,في الحقيقة كانت البرنامج كويس في خدمة الكاش ونزلت خدمة جديدة خاصة بشحن كروت الكهرباء ولما شحنت اتنصب علي بمعنى الكلمة من الشركة والحمد لله انه كان في مبلغ بسيط لاني قلت اجرب الخدمة الاول وشحنت الكارت برصيد فودافون كاش وبسبب خطأ تقني اعطاني البرنامج بأن الشحنة نقلت بقيمة صفر على الكارت ، ولما ذهبت العداد وكان به رصيد ١٥ جنيه تم تصغير العداد أيضا ، والشركة تقوللي انت اتخصم منك ٢٠جنيه ، طبعا أنا بلغتها ده المعلومة اللي انا ايتها لحضرتك وباتصل علشانها وتقول لي ارجع لشركة سهل وانا كنت كلمتهم قبلهم,Positive
6f46111e-7464-4fac-b6eb-a661092f0369,Vodafone Egypt,Telecom,5,2026-08-10,ممتاز,Positive
90f825e8-c07d-48a0-bf60-dfa4486698ec,Vodafone Egypt,Telecom,5,2026-08-10,ممتاز,Positive
66a05ca4-5f30-4c36-b354-3a0bba4a481d,Vodafone Egypt,Telecom,1,2026-08-10,سلفنا رصيد,Negative
f8270611-94ef-48f3-ad72-3f75f6d9ae07,Vodafone Egypt,Telecom,4,2026-08-10,يرجي تحسين التطبيق 😡 2/2025 تعديل. تم تحسين التطبيق نوعا ما 😊 8/2026,Positive
cc9fe926-e211-49e6-8529-27216bfdf9a3,Vodafone Egypt,Telecom,1,2026-08-10,التطبيق بقى رديئ وليس سيئ وخدمة عملاء ڤوداڤون كاش بتقول أي كلام وبس متقعش طفل صغير,Negative
070ef96e-e426-4529-86d2-1a7faac7e723,Vodafone Egypt,Telecom,1,2026-08-10,الخداع أصبح الصفة السادة لديكم تجذبونا عروض وهدايا ولكن المصداقية ليست 100٪,Negative
998ed3b2-c79e-4f7c-af4f-e24e8d0a7031,Vodafone Egypt,Telecom,5,2026-08-10,مفيش هدايه لي 😂,Positive
a1e12876-5245-4f9d-bb38-ba26e3374f1b,Vodafone Egypt,Telecom,5,2026-08-10,برنامج رائع وقوي ومفيد جداً الحياه.,Positive
e9fb1297-10ad-4af9-ad12-5f70827491bf,Vodafone Egypt,Telecom,2,2026-08-10,مش عارف اسجل الدخول,Negative
86700e76-4934-45aa-a35e-c7c04c2c03c0,Vodafone Egypt,Telecom,5,2026-08-10,من أفضل واسهل و أأمن البرامج فعلا,Positive
2cff153c-67a9-4fe7-afa4-ebe5cfac6ec7,Vodafone Egypt,Telecom,1,2026-08-10,البرنامج سئ جدا لاستطيع أن يشتغل....انا بحول وبستلم دايما فلوس ع فودافون كاش ومفيش اي هدايا. كاش باك النهارده حولت5500. جنيه وجاش اي كاش باك ...عكس الشركات الاخرري,Negative
3dd955b6-721f-4fe2-8b37-a9d7d9d666f7,Vodafone Egypt,Telecom,5,2026-08-10,حلو,Positive
c30d9854-ea06-4392-8556-dc675ee1a4c0,Vodafone Egypt,Telecom,5,2026-08-10,ممتاز,Positive
cdc55b6e-0998-4257-8a1c-57857f0ee139,Vodafone Egypt,Telecom,5,2026-08-10,تنزله بطي,Positive
4835c6ce-45c7-47c1-821c-da92d44b35a0,Vodafone Egypt,Telecom,5,2026-08-10,👍,Positive
4d10ce26-d5ef-41b7-b9b5-32204a4998ef,Vodafone Egypt,Telecom,5,2026-08-09,good,Positive
8351497b-99f3-46ea-98c6-bfbe8f2f7f82,Vodafone Egypt,Telecom,4,2026-08-09,الهدايا قليله. وو. و ز ز ز ز,Positive
d8f0df61-c34a-454f-88b3-949fbda84f75,Vodafone Egypt,Telecom,1,2026-08-09,فصل عروضك بقيت مش بفتتح ويقولي خطا ايه الحل,Negative
a48fc64c-8e53-47c7-ad50-2e2bd2ed9a29,Vodafone Egypt,Telecom,1,2026-08-09,هوا انا فلوسي حرام كل شويه اشحن والشحن يتخصم لل علم روحت الفرع ومش عليا مديونيه,Negative
671b9e12-3d43-413b-9e31-a8c47cb75168,Vodafone Egypt,Telecom,5,2026-08-09,سيئه,Positive
147c226f-47fb-42f0-86c8-b22cd8da35ee,Vodafone Egypt,Telecom,1,2026-08-09,بعد إنقطاع طويل للتعامل مع الشركه كانت من قبل إدارة واعية متميزة قادره على التعاون الذكى بعروض قيمه فى توقيت ممتاز لا تعوض الأهم للأسف لا توجد المصداقية وأسوأ مافي فودافون حاليآ سحب أى رصيد متبقى بعد أو قبل كل عملية شحن أتوماتيك مباشرة بحجة نت جيم وخدمات ترفيهية وخلافة أسوأ شي حديث هو إتفاق مؤكد على بيع المستهلك وهو (زيادة أسعار باقات المكالمات،النت ب٣٠% أو أكثر) دون أدنى موافقة أو أستفتاء ولو بشكل غير رسمى وإحترام للعميل والحفاظ على تعداد أكبر لعملاء فودافون مصر.وعروض باقة فليكس تلغى بعد ٧ يوم,Negative
c26f8a7f-5ee8-402c-9ef3-c9038bdeed6f,Vodafone Egypt,Telecom,5,2026-08-09,جميل جدا,Positive
c7b59984-2d22-40e7-8855-0ff5e5fcffbb,Vodafone Egypt,Telecom,5,2026-08-09,#انترنت غير محدود في مصر #,Positive
5c28f77d-de56-422a-958c-6a0f86c494cc,Vodafone Egypt,Telecom,1,2026-08-09,ممتاز جدا,Negative
38a5eb1b-d659-4668-9f52-b368a5b02bad,Vodafone Egypt,Telecom,1,2026-08-09,تطبيق سئ جدا يهمك بوجود كوبونات عند التفصيل ولكن بعد تفصيل العروض لا تجد اي كوبونات وتتواصل مع خدمه العملاء يتواصلو ببرود وما بتحلو اي مشاكل خساره فيهم النجمه دي كمان,Negative
e5b9d0d0-e9f5-4272-8bf9-81e8d4782197,Vodafone Egypt,Telecom,1,2026-08-09,التطبيق جيد,Negative
b45b000c-70a4-4952-8773-3417904285e8,Vodafone Egypt,Telecom,3,2026-08-09,جيده جدا,Neutral
2419987c-5a6e-4183-af6b-405620ebb361,Vodafone Egypt,Telecom,2,2026-08-09,برنامج سيء جداً,Negative
92e5fbe1-26e0-48f7-bb24-ff2ac3fe3c05,Vodafone Egypt,Telecom,1,2026-08-09,شركه مش تمم شحنت باقه ب١٥٠ المفروض يخصم ١٧٥لقيتم خصمو ٢٥٠,Negative
3b427b59-15b7-4082-9b6f-dbe415bb341c,Vodafone Egypt,Telecom,5,2026-08-09,👍 good,Positive
11b694a3-a142-4584-8e69-c47091328b40,Vodafone Egypt,Telecom,5,2026-08-09,البرنامج بقي فيه مشاكل كتيره كل ما ادخل علي حاجة يجبلي علامه ❌ ادخل على جوجل بلاي علشان أحدث مش لاقي تحديث وكمان بطل يشتغل على الواي فاي,Positive
91d48527-bcd6-448c-b8b9-1f0cc8efd639,Vodafone Egypt,Telecom,1,2026-08-09,انصحكم بعدم التحميل بل نخرج جميها من نلك الشركه النصابه ازاي تعملوا خط باسمي دنا لو شريحتي ضاعت بتطلعوا عين امي وعندي خطوط مش عايزين تسجلوها تقوموا تعملوا شريحه مش بتاعتي ليه يعني شركه نصابه وخدمتهم زي الزفت,Negative
9c63e936-7698-46f6-b943-75d4de8d15c9,Vodafone Egypt,Telecom,1,2026-08-09,بقى سيء جدا في موضوع عرض الرسائل لما اشترك في عرض من فصل عروضك ما يوصلنيش اي رساله على التليفون واتصلت كذا مره بخدمه العملاء وما فيش اي فائده ولا اي مساعدة,Negative
5faf1a91-3685-4bf8-91ca-125da71baff5,Vodafone Egypt,Telecom,5,2026-08-09,جميل,Positive
268a0376-c020-4078-8049-2cb95d0dd297,Vodafone Egypt,Telecom,3,2026-08-09,هل تم تحديث البرنامج من أيام و ألا ايه دلوقتي عشان ادخل على الانترنت المنزلى لمتابعة الاستهلاك لا أجده في البرنامج,Neutral
ba02181c-80a6-44b2-87fe-3d193358ef03,Vodafone Egypt,Telecom,5,2026-08-09,جيد جدا جدا,Positive
da60e798-cd3b-4038-b1a0-b8b4f19d8094,Vodafone Egypt,Telecom,5,2026-08-09,جديد,Positive
a17ab764-1cb4-41a5-9d28-2ed8ddd4695e,Vodafone Egypt,Telecom,5,2026-08-09,Good app,Positive
5ff6e29f-51d2-426a-8167-399793118c4a,Vodafone Egypt,Telecom,5,2026-08-09,اعاني من مشكلة عدم تشغيل النت علي الجهاز نهائي منذ فترة,Positive
4643310e-2d85-44f7-a2bc-95c028d6687b,Vodafone Egypt,Telecom,1,2026-08-09,يعنى ايه من امبارح للنهارده اكلم خدمة العملاء على الكول سنتر ولما يجي الموظف هيكلمنى الخد يقطع تقريبا 10 مرات شركة رديئة في خدمتها ليه كده,Negative
03258d38-65e9-4c7e-b35d-31091ea1c67a,Vodafone Egypt,Telecom,1,2026-08-09,بيعلق كتير التحديث الاخير وحش جدا قبل كدا كان حلو,Negative
e9fa4c2b-63b2-4f60-8b94-6be1109b62c7,Vodafone Egypt,Telecom,3,2026-08-09,كثره العروض الوهمية.,Neutral
ed8e492f-8b88-4330-94e4-4a8c11c3709d,Vodafone Egypt,Telecom,5,2026-08-09,الرسوم غاليه,Positive
00474f2d-754a-4267-ae4a-5d062a1e3317,Vodafone Egypt,Telecom,2,2026-08-09,معفن,Negative
a970c21d-4b9e-46c9-8563-7d18b2fdad46,Vodafone Egypt,Telecom,1,2026-08-09,البرنامج فيه عطل لما باجي اشحن الكارت واكتب الباسورد مش راضي يتكتب,Negative
04bb5f48-cd39-472a-8b28-3292078904a6,Vodafone Egypt,Telecom,5,2026-08-09,ممتاز,Positive
d3689ea6-05c7-4cde-9f6b-7ee25066c370,Vodafone Egypt,Telecom,5,2026-08-09,راضي جداااااا,Positive
18d54d77-bd2b-4e20-a6b7-253fbf556dde,Vodafone Egypt,Telecom,3,2026-08-09,الو السلام عليكم لو سمحتوا انا شحن يوم 5/8 الباقه اللي هي 750 دقيقه جت يوم 8/8 بعد المغرب قال لي ما هيجيش رصيد ولو مش اول مره تحصل معايا ده ثاني مره انا عايزه اعرف الرصيد بتاعي بيروح فين او عندي مشكله ولا لا يا ريتكم تردوا عليا شكرا,Neutral
43abe54b-8937-4585-8c6a-fd3b5e02082a,Vodafone Egypt,Telecom,1,2026-08-09,نطالب بإنترنت غير محدود,Negative
35eb172a-df17-4077-a754-1019a1e9d35b,Vodafone Egypt,Telecom,3,2026-08-09,يوجد مشكله في تطبيق هيا انه لا يعطني ان لدي باقه انترنت مفعله رغم ان الباقه انتهت وعلي المحفظه يعطيني رصيد صفر رغم انني ادخل من الخلال الكود اجد رصيدي في محفظه صحيح الرجاء حل هذه المشكله,Neutral
5d390fab-7164-4d37-af8b-56000794f2d5,Vodafone Egypt,Telecom,3,2026-08-09,جائتنى هديه 10فى المائة يوم 8/8/2026للراوتر الهوائى وأحاول أن أستلمها عن طريق الرابط والبرنامج الإجابة حدث خطأ حاول مرة أخرى وحاولت مرات ومرات هل هذا احترام للعميل ياڤودافون,Neutral
0d3ef8d6-4a57-40b7-bf62-ebf9c353b79b,Vodafone Egypt,Telecom,5,2026-08-09,ممتاز,Positive
2ae39244-f4cc-4f61-a49d-8dbd85bea429,Vodafone Egypt,Telecom,5,2026-08-09,عمل رائع,Positive
e2ba0f22-bb07-41ad-8886-cebd42b59718,Vodafone Egypt,Telecom,1,2026-08-09,عندي مشكله ولم يتم حلها اتسحب رصيد مني ٢٥٦ رصيد يعني ٤٠٠ جنيه فلوس ولم يتم تعويض عن بعد,Negative
7e8e9c81-8af3-4fc1-9ee5-685a5b69e17e,Vodafone Egypt,Telecom,5,2026-08-09,تحفه,Positive
6f325e20-fad9-4256-8c67-f8aedc09ab58,Vodafone Egypt,Telecom,1,2026-08-09,تعرضت للخداع ونصب وسرقه الاكثر من مره شركه لا تستحق 0 من 10,Negative
53197a1b-1eea-4c03-8ce7-28e51809e2a1,Vodafone Egypt,Telecom,5,2026-08-09,بيوقف كتير,Positive
b7dbc3ee-ea68-4f0c-8f5a-cc38c7696837,Vodafone Egypt,Telecom,1,2026-08-09,لا يستحق حتى نجمه واحده في البدايه كانت فودافون افضل ولكن اصبح التطبيق ممل جدا,Negative
22d35c2c-2e73-4493-9fd4-f7a3f02a3597,Vodafone Egypt,Telecom,5,2026-08-09,لماذا لا يشتغل,Positive
6ad6e5ab-6fcd-4d70-90a8-87c6b50d5a5b,Vodafone Egypt,Telecom,5,2026-08-09,برنامج جميل,Positive
960d2764-28cf-4e86-ab91-e28bb7cec7fb,Vodafone Egypt,Telecom,5,2026-08-09,مًمًتٌآزٍ,Positive
8bd98e7a-c0bb-45d8-81d4-18219debdf1c,Vodafone Egypt,Telecom,1,2026-08-09,انا نزلت التطبيق بقالي اسبوع بحاول اشغلو مش عارفه بكتب كلمت السر وارجع من تاني بقى صعب اوي ومش عارفه اشغلو ازاي بسهوله,Negative
4aef68a7-701d-445b-8e76-41b2af03312b,Vodafone Egypt,Telecom,2,2026-08-09,فى البداية كانت هدايا الشحن لمدة يوم ثم ١٢ ساعة ثم ٦ ساعات وأصبح استخدام التطبيق لا يفيد مع كل تحديث هناك أشياء سلبية لمصلحة الشركة وليس لمصلحة العميل,Negative
f7b37b7e-5d16-4f96-9830-cc1d6b592cb9,Vodafone Egypt,Telecom,5,2026-08-09,very good,Positive
ec9ee8cb-361a-4a5d-8835-e450d0174371,Vodafone Egypt,Telecom,1,2026-08-09,تجربة سيئة جدا جدا جدا كل اما اشحن كارت يخصموه منى,Negative
cdd79d45-0779-4dc6-a8e6-f245a2a438f7,Vodafone Egypt,Telecom,1,2026-08-09,للاسف البرنامج بقالوا اكتر من اسبوع عطلان ومش بقدر ابعت او اسدد فواتير الكهرباء,Negative
bcb5d529-8b57-41cb-b33b-2a940a09bbe7,Vodafone Egypt,Telecom,5,2026-08-09,فى مشاكل فى تطبيق كلمة السر,Positive
cc0da479-d6c6-4584-9eea-f17dac05f1c5,Vodafone Egypt,Telecom,5,2026-08-09,تطبيق جميل جدا بس ياريت بلاش لما يجلي كوبون يجلي دقايق 😂 انا عايز الكوبون ميجا او وحدات غير كده بيوفر وقت جدا لأي حاجه انت عايز تعملها وفيه مميزات كتيره جدا .,Positive
298d6859-ded5-4671-95d6-c9730c1e0cfb,Vodafone Egypt,Telecom,5,2026-08-09,جميل بس في مشكله في تسجيل الدخول ارقم السري,Positive
0a274a2e-dd0a-4822-9bda-03d3442efa62,Vodafone Egypt,Telecom,1,2026-08-08,فودافون كانت أفضل واميز شركه في مصر نتمني أنها ترجع ذي الأول,Negative
19d1e25e-2681-47af-a168-f4296134a5c6,Vodafone Egypt,Telecom,5,2026-08-08,ممتازه جدا جدا أجمل طتيك انا شفت كل عام وانتم بالف صحه وسلامه,Positive
75458a43-1911-4c86-b0fa-c67a1feee7a0,Vodafone Egypt,Telecom,1,2026-08-08,السلام عليكم هذا التطبيق به مشكله وارجو حلها بسرعه لأنني أريد اضافه حساب جديد ولكنه لا يستجيب مع انني حذفت التطبيق نزلته أكثر من ثلاث مرات ولكنه لا يعمل بشكل جيد ولا يستجيب معي وشكراً,Negative
e9e98499-d384-4b19-9d2b-ea8f7471ca27,Vodafone Egypt,Telecom,5,2026-08-08,جيد جدا,Positive
6a1277b6-d53d-4c8b-8e32-273c579df996,Vodafone Egypt,Telecom,5,2026-08-08,رائع تجربة جديدة جداً وعملية جداً,Positive
2f309e81-aec3-40dc-9a7b-bdcd9eedc6cb,Vodafone Egypt,Telecom,5,2026-08-08,ممتاز,Positive
58617430-1c7f-458e-a73b-392adf1ba3d1,Vodafone Egypt,Telecom,5,2026-08-08,تمام الحمدلله,Positive
ba9a49b6-e24c-434d-93bd-d1701a60e677,Vodafone Egypt,Telecom,1,2026-08-08,تطبيق زباله بكون في عروض غير العروض لي بتكون موجوده في تطبيق مش بتظهر كلها يعني مثلا بكون في عرض 260 بدل 345 مش بيظهر غير لما اغير باقه بيكون في عروض اقل نسبيا لكن مش بتظهر للي عمل تطبيق انا فودفون مبرشم لما اتعما,Negative
4fcff57f-b56d-4527-8b2d-bf4df8b9f0ab,Vodafone Egypt,Telecom,1,2026-08-08,لا زالت المشكله حدث التطبيق و بتجلي حاول في وقت لاحق انتو شركه وحشه مي اتصالات احسن منك,Negative
144d885e-6558-4898-b993-d6145d1d2e50,Vodafone Egypt,Telecom,1,2026-08-08,معفنه,Negative
f420b818-f129-44ec-87f5-3c0c3cbf1c48,Vodafone Egypt,Telecom,5,2026-08-08,ممتاز,Positive
c79624e0-f56e-4ee3-ad1d-e7047f0f9c49,Vodafone Egypt,Telecom,3,2026-08-08,كثير الأعطال,Neutral
e5abfa91-0e1a-46e9-81f4-08d226a19aaa,Vodafone Egypt,Telecom,5,2026-08-08,كويس,Positive
5f240d4d-b107-4720-94d0-09aa39da2947,Vodafone Egypt,Telecom,1,2026-08-08,انا روحت فرع شركه فودافون عندى رقم مش عارف عنه حاجه ورافض يقولي الرقم ومش عارف أظهر الرقم في نترا لابد من حل علشان احنا كدا في مهزله لازم حمله ضدد الشركات النصابه دى,Negative
1c71ec43-86c0-45f3-8451-6a1b8ec65c23,Vodafone Egypt,Telecom,1,2026-08-08,تعطل فودافون كاش علي تطبيق,Negative
5ad65ec9-492e-41dc-98a7-e8691d7719b9,Vodafone Egypt,Telecom,5,2026-08-08,ممتاز,Positive
9d79e433-8e85-47f8-ad68-2f785641b7cc,Vodafone Egypt,Telecom,5,2026-08-08,كويس جدا,Positive
cd33994b-384c-4c4b-8183-36b7c9f93e53,Vodafone Egypt,Telecom,5,2026-08-08,ممتاز,Positive
28b34102-a98e-4b39-be4f-ce5ea7c1e516,Vodafone Egypt,Telecom,1,2026-08-08,شركه زي الزفت في النت وكزا مره اشتكي ومفيش حل وبيخدو فلوس وخلاص,Negative
995eccf5-6e85-4658-923f-b199a5b30812,Vodafone Egypt,Telecom,5,2026-08-08,حلوه اوي,Positive
d8dd78e8-693f-430f-992f-6df1d30d484b,Vodafone Egypt,Telecom,5,2026-08-08,ماشاءالله,Positive
4174cb6d-59fe-4cde-83cd-e01a60f4c9ed,Vodafone Egypt,Telecom,1,2026-08-08,تطبيق فاشل فى التسجيل,Negative
40996817-96f6-4948-8017-2265d441ec3a,Vodafone Egypt,Telecom,5,2026-08-08,جميل جدا,Positive
d07e0cf7-b6b4-4fa5-96cb-dccd0d3305fe,Vodafone Egypt,Telecom,1,2026-08-08,سيء,Negative
e08c1f68-ee78-4056-8aec-978c7ce109dc,Vodafone Egypt,Telecom,2,2026-08-08,ضعيف,Negative
d3b01c87-dbd8-4d7b-a6be-cf105038f80f,Vodafone Egypt,Telecom,5,2026-08-08,جميل جدا جدا,Positive
d15ea2c2-ddad-452a-8ede-6695c6b3d63f,Vodafone Egypt,Telecom,1,2026-08-08,شركه من أسواء الشركات اللي ممكن تتعامل معاها بالنسبة لمحدودي ومتوسطي الدخل,Negative
4dc2de2e-85f0-4e08-a142-70f44dab6dde,Vodafone Egypt,Telecom,5,2026-08-08,جميل جدا,Positive
8a371f68-2e5b-4c13-b846-25451b6d3dae,Vodafone Egypt,Telecom,5,2026-08-08,ممتاز,Positive
376d9987-19cd-4e3a-8ed3-50b938bed15f,Vodafone Egypt,Telecom,1,2026-08-08,انا لسة محول خطى لفودافون بقالى كام وبحاول افهم نظام فودافون بس اوحش حاجه فى بدايتى معاكم ومستغربه لم انتو بتبعتو وحدات هديه لية بتخصمو فلوس ولا هو الهدايا عندكم بفلوس,Negative
aec1d7c6-20c7-4823-b10c-0d0ecc8e4b2e,Vodafone Egypt,Telecom,5,2026-08-08,مش بجيب هدىه,Positive
1fe7a750-c88c-41ff-b688-c3767cacb8eb,Vodafone Egypt,Telecom,5,2026-08-08,خدمه العملاء ممتازه جدا ممكن عروض بقا وتكون Good اكتر ومميزه,Positive
e00245f0-8c03-4da2-bff2-8a1bf899a3c9,Vodafone Egypt,Telecom,1,2026-08-08,في مشكله واجهتني كبيره جدا أن تسجيل الدخول كل لما اسجل دخول وخلاص كتبت الباسورد يقولي لا يوجد الاتصال بالانترنت والنت عندي بيكون حلو اوي,Negative
7c691f5f-7931-42ec-a173-f25339c069a6,Vodafone Egypt,Telecom,1,2026-08-08,شركة سيئة جدا وترفض ترجع التأمين والشبكة سيئة جدا وبياخدوا طل شهر فلوس ذيادة وطلبت منهم الغاء باقة ريد فاميلي اللى بيدفعونى فيها ذيادة كل شهر وطلبوا مننى فلوس ذيادة ودفعت وبردو ملغوش ومش عاوزين يلغوا ومشغلينها بردو من أسوأ الشركات,Negative
4e4f98eb-ffad-471a-8049-9f5922c0e5b0,Vodafone Egypt,Telecom,5,2026-08-08,جميل,Positive
a51be1c9-b800-4cfa-b4e7-07a3a805a913,Vodafone Egypt,Telecom,5,2026-08-08,شكر,Positive
2dcca26e-d29b-404a-8fd6-ca81a02249fe,Vodafone Egypt,Telecom,1,2026-08-08,جمال,Negative
0ee151e0-e06d-4027-967c-2eeb7114e49b,Vodafone Egypt,Telecom,5,2026-08-08,ممتاز جدا جدا جدا,Positive
9b493f05-4d51-421b-8b2e-5de7b65d28f9,Vodafone Egypt,Telecom,5,2026-08-08,ابلكيشن ممتاز,Positive
f81d003f-8754-425f-9c58-98aaede3f078,Vodafone Egypt,Telecom,1,2026-08-08,انا كل ما اجي اعمل حاجه يجيلي لقد حدث خطاء ولو ليا هدايا بفعلها تخصم من الرصيد والهدايا متجيش,Negative
16006bb3-ace4-40d1-ada9-e68f323fced9,Vodafone Egypt,Telecom,5,2026-08-08,«أنا صاحب المحفظة والخط باسمي. المحفظة اتقفلت بعد تغيير الجهاز. رحت الفرع ومعايا رخصة القيادة وإثبات إني في إجراءات استخراج بطاقة بدل فاقد، والفرع رفض. الرصيد كله موجود داخل المحفظة ومحتاج أوصل له. عايز أسجل شكوى وأعرف الإجراء الرسمي للحالة دي,Positive
89025cf9-364b-41f3-8f01-aee64801661c,Vodafone Egypt,Telecom,5,2026-08-08,ممتاز وعملى,Positive
f06308d1-d768-4d56-8ab0-f4bfd07763b4,Vodafone Egypt,Telecom,1,2026-08-08,سئ,Negative
11921270-e78e-485f-acfe-bf29ab82633f,Vodafone Egypt,Telecom,3,2026-08-08,بصراحه تطبيق كويس لكن الشركه نفسها محتاجه تتحسن في معاملتها مع العملاء,Neutral
187d0996-86ce-4272-ae4e-5a90121831bf,Vodafone Egypt,Telecom,5,2026-08-08,هذا جيد,Positive
9af6befc-35d2-4d5b-b88e-6c62c226572a,Vodafone Egypt,Telecom,1,2026-08-08,متاز,Negative
ce83b15a-18a1-471f-8323-39ec23c79203,Vodafone Egypt,Telecom,5,2026-08-07,ممتاز,Positive
d019ac26-1666-47fb-a5e8-67037a5133f6,Vodafone Egypt,Telecom,1,2026-08-07,اسوا شركه اتصالات في مصر,Negative
20f30d49-ad39-498b-aa0b-6dd51546251f,Vodafone Egypt,Telecom,3,2026-08-07,أصبحت أسوء شركة في مصر سعر غالي لكل الخدمات وعروض سيئة وتطبيق سئ ولن أستخدم خدمات فودافون مرة آخرى,Neutral
73475b3e-9379-4c79-8ad6-21d33f4beb1c,Vodafone Egypt,Telecom,5,2026-08-07,منتاز,Positive
0d6bc22c-f98c-4c8a-887f-41b57678ead3,Vodafone Egypt,Telecom,5,2026-08-07,ممتاز جداً,Positive
fd6d4e0b-0b06-40f0-bff5-8d22f8107d4d,Vodafone Egypt,Telecom,5,2026-08-07,شركه نصابه وحراميه بتسرق الرصيد اربع مرات اشحن الباقه ويسرقوها بدون استخدام كامل,Positive
c107bebd-c18a-41ba-b49a-b50662f55970,Vodafone Egypt,Telecom,5,2026-08-07,جود,Positive
7a45f2ad-7e66-4970-b45d-7b9e5757c219,Vodafone Egypt,Telecom,1,2026-08-07,شركه حراميه أنا معي دقائق مجانيه لأرقام فودافون ليه يتخصم مني رصيد مكالمه دقيقتين لرقم فودافون و كل فتره ألاقي رصيد مسروق من غير مكالمات و اشتراكات,Negative
5a1af326-c8b8-44f5-a0dd-902542e66cf6,Vodafone Egypt,Telecom,5,2026-08-07,جميل جدا يساعدني اعرف باقى الفاكسات والوحدات,Positive
82a9bb06-fc8d-4ba5-9bb2-fe8f369352c4,Vodafone Egypt,Telecom,1,2026-08-07,بقي سئ,Negative
430ac5fd-5afc-4831-940b-ce551cdb5082,Vodafone Egypt,Telecom,3,2026-08-07,جيد,Neutral
ae70e9cf-bb7d-4aa9-8095-ebc98507254a,Vodafone Egypt,Telecom,5,2026-08-07,جميل جدن,Positive
ea1a9f5c-c9a4-48eb-945e-0df41354fd07,Vodafone Egypt,Telecom,5,2026-08-07,جيد جدا,Positive
e45fe5bf-e5e9-4d6d-a23c-88ec408d1b14,Vodafone Egypt,Telecom,1,2026-08-07,خدمة العملاء غير احترافية مش بيقدروا يقدمه حل للمشاكل وبيدخلوني في أنظمة بدون أذني الآن التحويل لأورنج اصبح الأفضل,Negative
e7b84bb5-b165-425b-8509-a26b78cfff07,Vodafone Egypt,Telecom,4,2026-08-07,جميل جدا,Positive
8194ebb0-81d0-4fd0-bf3a-836ea5bae78e,Vodafone Egypt,Telecom,5,2026-08-07,تطبيق جميل جداً جداً سهل حياتي,Positive
1651835d-7273-4726-8120-a4083aa261f8,Vodafone Egypt,Telecom,1,2026-08-07,لا يستجيب,Negative
714c9206-028c-427a-8ba9-8bce3762e5e1,Vodafone Egypt,Telecom,1,2026-08-07,في عروض ٣٦٥ بيتم تفصيل وحدات لأرقام فودافون وميجابايت ويصاحب ذلك دقائق لأرقام فودافون ، عند التحدث يتم الخصم من الوحدات مع أن المنطقي الخصم يتم من الدقائق أولا ، وترك الوحدات للانترنت والخصم منها في حالة نفاذ الدقائق ، لماذا تم تغيير الأولوية ؟؟,Negative
b25ae66d-7aac-4eb0-900c-cd1faff27a3f,Vodafone Egypt,Telecom,5,2026-08-07,ممتاز,Positive
90cecf2e-2675-4b2d-b493-0a95f37686fd,Vodafone Egypt,Telecom,5,2026-08-07,ممتاز ممتاز ممتاز ممتاز ممتاز احسن شركه فودافون,Positive
a8b9c11b-07d3-46dc-bb71-a7b0636b7c34,Vodafone Egypt,Telecom,5,2026-08-07,جميل,Positive
73478139-fba1-4cc4-8181-1581c9472c0e,Vodafone Egypt,Telecom,5,2026-08-07,شكرا,Positive
4e5c929b-4eb9-4a3b-9f18-5d5cd4ff22da,Vodafone Egypt,Telecom,5,2026-08-07,تمام,Positive
91425c58-7914-4ad7-9768-c0f330ee268a,Vodafone Egypt,Telecom,5,2026-08-07,ممتاز,Positive
ed16f8cb-e2c3-4bee-a40f-cba98afc7480,Vodafone Egypt,Telecom,5,2026-08-07,جيداا,Positive
4a19c14e-bae7-4888-9c82-187520b1de06,Vodafone Egypt,Telecom,1,2026-08-07,برنامج سي وبيسرق الرصيد ومفيش مصداقية وكل شوية يهنج واعمل تسجيل خروج وادخل تاني وكل شوية يقول بستخدم انترنت وانا مش بستخدم سرقة علني والله العظيم حرام عليكم,Negative
68cbf5e7-f402-4ceb-8bb9-58a5c255db04,Vodafone Egypt,Telecom,5,2026-08-07,جد,Positive
5e415f87-ed87-4253-9fce-869f9ac1aad5,Vodafone Egypt,Telecom,1,2026-08-07,فجأة التطبيق اصبح يتطلب اتصال الانترنت بعدما كانت تكفي البيانات فقط,Negative
573219d1-1ddc-4177-8e47-6c6b526003ba,Vodafone Egypt,Telecom,5,2026-08-07,very nice 👌,Positive
a09328e3-5f27-46bf-b769-925f56c8a5f0,Vodafone Egypt,Telecom,5,2026-08-07,تطبيق ممتاز,Positive
3d43de42-85bd-4f1e-8323-4a630586add2,Vodafone Egypt,Telecom,5,2026-08-07,ممتاز,Positive
720e9d73-f0bb-441b-a1d7-483d54cf6064,Vodafone Egypt,Telecom,5,2026-08-07,تطبيق ممتاز جدا,Positive
4c0f70f3-0b93-438d-908d-8aa732d75b9d,Vodafone Egypt,Telecom,5,2026-08-07,ممتاز,Positive
f968ab13-2045-4f61-87c3-54f08e70aef0,Vodafone Egypt,Telecom,1,2026-08-07,تطبيق سيئ ومليان مشاكل ومش راضي يشتغل كويس وحش جدا زفت مستفزين انا بكره هحول من الشركه دي,Negative
92c91f33-8b77-4cd9-bd1b-d2b23a723291,Vodafone Egypt,Telecom,5,2026-08-07,جميل,Positive
34f8e812-66e7-48ef-8008-e80d494608f9,Vodafone Egypt,Telecom,4,2026-08-07,جيده جدا,Positive
61a8f7c7-6339-4eb3-ae67-274d9ab638c1,Vodafone Egypt,Telecom,1,2026-08-06,جميل جدآ,Negative
2ad5775c-6d09-44ad-91db-9637a9ab5a75,Vodafone Egypt,Telecom,5,2026-08-06,ممتاز,Positive
d3e11bc8-8b80-4ffb-914a-7472b280bc38,Vodafone Egypt,Telecom,5,2026-08-06,احسن تطبيق فودافون,Positive
4a137a78-90a3-4633-ac5e-201c498996f5,Vodafone Egypt,Telecom,5,2026-08-06,ممتاز,Positive
181a1dab-c9ff-4db4-916b-46acb95c39a4,Vodafone Egypt,Telecom,5,2026-08-06,ممتازه,Positive
1038cd63-4826-4379-b77d-261b6cab38b4,Vodafone Egypt,Telecom,5,2026-08-06,جميل جداا,Positive
60009305-9b58-4912-abb5-a587720bcaa8,Vodafone Egypt,Telecom,5,2026-08-06,جيد,Positive
d9186258-87a6-4e96-89c9-a91b27bbc2c1,Vodafone Egypt,Telecom,1,2026-08-06,سيء حدا ومميزاته اصبحت معدومة وازالوا خدمات تحديد استخدام الفليكسات وحاجات تانية كتير,Negative
2ea301fb-9ef9-4f97-a904-9a8223783c18,Vodafone Egypt,Telecom,5,2026-08-06,ممتاز,Positive
6b800918-25cd-45ce-802c-68e6f7ede04f,Vodafone Egypt,Telecom,5,2026-08-06,تمام 👌,Positive
cc70f4f9-dd22-4000-a7f2-0b04ee3474f6,Vodafone Egypt,Telecom,5,2026-08-06,رائع,Positive
a0258f5c-3549-49d4-b33b-e3f5b238a062,Vodafone Egypt,Telecom,5,2026-08-06,نسخه الموبايل,Positive
5ea9b341-4753-4498-a6ff-16b3fb58f8b9,Vodafone Egypt,Telecom,1,2026-08-06,برنامج سيئ,Negative
4423d300-4d19-42c3-a7ff-7fb15296a83c,Vodafone Egypt,Telecom,5,2026-08-06,مش عارف اسجل دخول كل ما اسجل دخول يقول الحساب معلق,Positive
71d42527-db89-4324-93f3-27fb4eb88e87,Vodafone Egypt,Telecom,1,2026-08-06,كدابين وحرامية وغير محترمين انك تعطى عرض على نظام وبعد مانشترك فى النظام تسحب العرض تانى تبقو شركة كدابة وحرامية وغير محترمين تانى حاجة يعنى اية تلغى امكانية تحويل الفليكسات لانظمة فليكس الجديدة شركة زبالة فعلا,Negative
a98cc872-da09-4077-9986-39115385f28f,Vodafone Egypt,Telecom,5,2026-08-06,ممتازة,Positive
84c29b49-8259-4f65-99ce-db174dd3b07b,Vodafone Egypt,Telecom,5,2026-08-06,تمام,Positive
855a75a7-0b77-499f-8d4b-09047e74a086,Vodafone Egypt,Telecom,1,2026-08-06,مشكلة في تسجيل الدخول لازم يكون الارقام في كلمة السر باللغة الإنجليزية ولما بكتيها بتقلب عربي لوحدها ومبيرضاش يسجل الدخول,Negative
a018cb42-5fdf-4fd1-a7cf-d6958883fefa,Vodafone Egypt,Telecom,5,2026-08-06,البرنامج الان بها بعض المشاكل مثل التعليق في بعض المراحل,Positive
ea70bcbb-4dad-413c-ae39-e7842a43049d,Vodafone Egypt,Telecom,5,2026-08-06,جميل,Positive
1b12399c-15b5-4084-b5b5-4586a731a861,Vodafone Egypt,Telecom,5,2026-08-06,جيد,Positive
f2892a0d-e0ee-43a8-96e8-8647252b0542,Vodafone Egypt,Telecom,1,2026-08-06,التطبيق لا يعمل معي ولا يفتح,Negative
d7053323-be5f-4cd7-b3c3-59c5d83df3c5,Vodafone Egypt,Telecom,1,2026-08-06,اصبح سئ جدا جدا شركة ردية,Negative
f84425a4-e801-4f0a-8a3a-e957dc1b719a,Vodafone Egypt,Telecom,5,2026-08-06,افضل,Positive
20240872-4819-4283-8eaa-e86455e70ff7,Vodafone Egypt,Telecom,5,2026-08-06,تطبيق رائع للاندرويد لعرض خطط أسعار النت والشحن وتحويل الأموال شكرا فودافون كاش وهدايا رمضان,Positive
10178627-5395-4bb4-862a-36733a290442,Vodafone Egypt,Telecom,2,2026-08-06,ممتاز جداً,Negative
2ef31954-7a64-4ae3-ba2f-ab34d3ef1234,Vodafone Egypt,Telecom,5,2026-08-06,ممتاز,Positive
ed7911ba-e625-472a-846f-545c07c408aa,Vodafone Egypt,Telecom,5,2026-08-06,ممتاز,Positive
7e517d37-772a-44b5-b11f-479e79794dc9,Vodafone Egypt,Telecom,3,2026-08-06,جيد,Neutral
fc6a3031-ee2f-4275-8165-5ca893b5db7d,Vodafone Egypt,Telecom,5,2026-08-06,جيد,Positive
a86182bc-5517-435f-a386-d883b2bac5e9,Vodafone Egypt,Telecom,5,2026-08-06,ممتاز,Positive
8ca2fb79-72c5-4bb4-a43a-0b1d67f25d42,Vodafone Egypt,Telecom,4,2026-08-06,جيد لاكن يوجد مشكلة انا كعميل تم استخدام رقم هاتفي مسبقا ويوجد عليه ديون وانا اريد ان اعرف كم المبلغ لكي اقوم بسداده ولاكن لا استطيع,Positive
96d7e107-11d6-4012-be1c-791c1df2dab4,Vodafone Egypt,Telecom,5,2026-08-06,رائع جدا,Positive
a6eb0285-e671-4cc8-8ac2-d57d61d4a139,Vodafone Egypt,Telecom,4,2026-08-06,انهو جيد جدا برنامج رائع في كل الامؤر على اكس حد,Positive
b336b85b-a53c-4675-92fa-a9e04e65611a,Vodafone Egypt,Telecom,5,2026-08-06,ممتاذ,Positive
01046d09-65eb-4494-a0f8-1047fdcd4a0e,Vodafone Egypt,Telecom,5,2026-08-06,تمام,Positive
52b613f7-f387-4ae2-a6c0-984de484bc21,Vodafone Egypt,Telecom,1,2026-08-06,بعد اخر تحديث بقا زفت وزفت كمان,Negative
6641117f-48ef-4de2-9cd9-21eb32394979,Vodafone Egypt,Telecom,5,2026-08-06,ممتاز,Positive
6dfcee11-051a-4a8f-8545-7dfd8805e06c,Vodafone Egypt,Telecom,1,2026-08-06,I had bad experience with unprofessional and uncooperative staff,Negative
f45de10e-7773-4730-9d28-fa72b0f6108d,Vodafone Egypt,Telecom,5,2026-08-06,برنامج ممتاز جدا انا فودافون,Positive
f021f59c-e350-4600-a943-b675c1b7f4c2,Vodafone Egypt,Telecom,5,2026-08-06,ممتاز جدا جدا جدا,Positive
a0e1f0cd-edc1-424b-b76a-7bf0f308e092,Vodafone Egypt,Telecom,4,2026-08-06,تطبيق رائع جدا بس أحدى حساباتى تم تعطيلها مع أنى بإدخال الرقم السري صحيح أرجو إعادة حسابى,Positive
b7b0c7d6-a6c9-4ebc-a508-57afdc2e6cd9,Vodafone Egypt,Telecom,1,2026-08-06,أسوأ محفظة أسوأ خدمه صوتية أسوأ دعم أسوأ خدمة عملاء أسوأ كل حاجة,Negative
41721137-530b-4333-97d8-6115fd9a2709,Vodafone Egypt,Telecom,3,2026-08-06,لي كل ما اجي اشحن رصيد من ع فودافون كاش بييجي ليا عند اخر مرحله أن احط باسورد المحفظه ومش بيخليني ادوس ع الارقام زي ما تكون الشاشه بتعلق,Neutral
306228bf-b54f-4682-8d7b-ec9fa1d5bad0,Vodafone Egypt,Telecom,1,2026-08-06,تجربه سئ وبرنامج كل مشكله وخدمه عملاء زاي الزفت ومافيش حل لا ي مشكله من ساعات ما تحديث وبقي كلو مشكلة ميش دى الي كنت منتظره من شركه عالميه,Negative
1ce87e9c-2c1b-4a6b-a658-e02edef1d302,Vodafone Egypt,Telecom,5,2026-08-06,اشكرشركه فودافون علي التطبيق الممتاز ده وهي شركه ممتازه انا عميل من سنه ٢٠٠٠ اول ماكون في مشكل بتتحل فورا,Positive
e9fc7c5e-a615-40b1-b798-01b35bfbe07e,Vodafone Egypt,Telecom,1,2026-08-06,لا يفتح اطلاقا فى هاتفى تعديل : جربت الخطوات و لم يعمل و لا استطيع اخد الرابط copy and paste,Negative
483a456b-b7bd-4ec6-98d6-25f17bfaf017,Vodafone Egypt,Telecom,5,2026-08-06,يوجد مشكله في الايداع من الكارت البنكي لي الكاش,Positive
8b86abc4-767d-46c1-978d-e0944ca05c26,Vodafone Egypt,Telecom,1,2026-08-06,للأسف عروض وهميه,Negative
7b059366-2ada-483f-a481-12c57b2d705c,Vodafone Egypt,Telecom,5,2026-08-06,ما بيشتغلش عاملين ايه بقى كده دلوقتي,Positive
8ed1506f-9b9f-44e8-b268-b76fa53947b8,Vodafone Egypt,Telecom,5,2026-08-05,🤙,Positive
3ae9cfd8-067a-4aaf-9f1f-d435ad098048,Vodafone Egypt,Telecom,5,2026-08-05,شركة ممتازة,Positive
1ef5e2e3-7883-46a5-8fd0-14eccca83b86,Vodafone Egypt,Telecom,5,2026-08-05,جيد,Positive
22831f78-0e88-48d1-96bb-2044e053079c,Vodafone Egypt,Telecom,1,2026-08-05,شركه زباله قسما بالله وخدمه عملاء ما فيش منهم اي جدوه ولا اي فائده و كاش زباله,Negative
12c83a46-aa06-4ba8-ac42-1274a94f4564,Vodafone Egypt,Telecom,5,2026-08-05,التطبيق لا يعمل,Positive
95267e99-ead3-4579-be96-e9a4eb5a2b62,Vodafone Egypt,Telecom,5,2026-08-05,يطبق جميل جدٱ,Positive
6ced05d2-bce5-478e-a78c-70d6eeba9680,Vodafone Egypt,Telecom,5,2026-08-05,ممتاز,Positive
592ecb96-cd9c-4f79-8c19-fe3e99054aa9,Vodafone Egypt,Telecom,1,2026-08-05,لم يتم فتح التطبيق او الدخول فيه حتى,Negative
a7fafd93-e5ed-4e7a-867a-125ada662eb7,Vodafone Egypt,Telecom,4,2026-08-05,جيد جدا 👌🏾👌🏾💪🏾,Positive
c9c23261-5d92-4ab4-acf9-535662f51758,Vodafone Egypt,Telecom,1,2026-08-05,تجربه سيئه التطبيق عبارة عن كلمه واحده وهي كلمة حدث خطاء ودائما حدث خطاء تطبيق أصبح سيئ للغايه وقدمت شكوه وبرده هو هو نفس الكلام كاءن لا شئ حصل,Negative
94e38269-2998-42f4-a8bc-ee7f32d906c9,Vodafone Egypt,Telecom,1,2026-08-05,زفت..وكل 3يوم بيقفل وامسحه وانزله هو فيه ايه,Negative
b9c5098b-dd0c-4bd9-bab6-0bc9b69ad9a1,Vodafone Egypt,Telecom,4,2026-08-05,البرنامج بيتقفل لوحده كل شويه ومش بيرضي يغير الباسورد ولا حتي يفتح الحساب,Positive
92c412fd-b088-4530-b030-def17a7c5655,Vodafone Egypt,Telecom,5,2026-08-05,❤️❤️,Positive
064156c3-b546-44ac-8800-8a1de7151eb2,Vodafone Egypt,Telecom,5,2026-08-05,جيد,Positive
1de857a6-3cac-4ff8-b9cb-0ffeba4aadaf,Vodafone Egypt,Telecom,5,2026-08-05,ممتاز,Positive
4c8d4597-9a64-431f-b0a0-c75e633bff22,Vodafone Egypt,Telecom,2,2026-08-05,جيد جدا,Negative
620e0ee7-ada0-4770-8437-55a27b33be60,Vodafone Egypt,Telecom,5,2026-08-05,ممتاز,Positive
36443d8c-5126-4470-bede-805d06a4fe14,Vodafone Egypt,Telecom,5,2026-08-05,سهل,Positive
a3125f71-e79e-4386-a488-ac27f0807faa,Vodafone Egypt,Telecom,1,2026-08-05,مش بيعملوا أبديت,Negative
0d3f3058-d543-48e6-873a-1df7fcee0318,Vodafone Egypt,Telecom,5,2026-08-05,ممتاذ,Positive
1df3c635-adc4-4f94-9cc5-e130473e7e8c,Vodafone Egypt,Telecom,5,2026-08-05,ممتاو,Positive
fd3a866f-bc0b-4289-bc31-74d561648acb,Vodafone Egypt,Telecom,1,2026-08-05,الابلكيشن بتاعكو بيهنج لم بعمل تسجيل خروج واجي اسجل تاني لحساب تاني مبيرضاش يخليني اكتب باسورد بيخليني كل شويه ارستر الفون عشان اكتب الباسورد ارجو حل هذه المشكله وكمان مسحت الابلكيشن وحملته تاني يمكن كان معلق بس بردو نفس المشكله مش بيخليني اكتب الباسورد ادخل علي حسابي ولا بيجبلي الكيبورد عشان اكتب,Negative
937dd4a5-2793-40ae-9f03-f06fe4ebc779,Vodafone Egypt,Telecom,1,2026-08-05,سيئة جدا الرقم السري أفعله بالانجليزي يتكتب عربي,Negative
8c85b095-980e-4ff8-9446-ee5c2929dc41,Vodafone Egypt,Telecom,1,2026-08-05,تطبيق به مشكله لأكثر من 3 شهور مفيش عروض مناسبه,Negative
6f99b4a9-6b35-489d-9306-781e85b4483b,Vodafone Egypt,Telecom,5,2026-08-05,تجربة ممتازة وخدمة العملاء ذوق أتمنى لكم مزيد التوفيق والتميز بإذن الله وياريت دايما تظبطونا فى الهدايا والعروض نت وفليكسات ربنا يوفقكم ويوفقنا جميعاً لما يحبه ويرضاه,Positive
2f99d9d3-497e-4c48-b094-424c88341862,Vodafone Egypt,Telecom,5,2026-08-05,ممتاز,Positive
c0647c19-a920-4889-aa46-32ca78588f60,Vodafone Egypt,Telecom,5,2026-08-05,رائع,Positive
fa791faa-1c1e-493b-b200-fc9c7e5397f4,Vodafone Egypt,Telecom,1,2026-08-05,مفيش رد من رقم كاش وخدمه العملاء سيئه,Negative
c4fadab8-55b2-4434-af18-33be2b423aeb,Vodafone Egypt,Telecom,5,2026-08-05,اول نز ده,Positive
c4b5aaa2-c056-4535-9950-d16865d6e492,Vodafone Egypt,Telecom,5,2026-08-05,الابلكيشن بيديك عروض وهدايا على العروض دي تجربه حلوه جدا,Positive
f1108254-c503-4d05-b5b8-1e44c6cfd3d0,Vodafone Egypt,Telecom,3,2026-08-05,فودافون كاش شبه زفت,Neutral
210bcefc-cabf-4d58-a24d-1244d62b147f,Vodafone Egypt,Telecom,5,2026-08-05,جميل جدا,Positive
9adf1092-72e1-4694-a5c2-aa70b91c0123,Vodafone Egypt,Telecom,5,2026-08-05,ممتاز,Positive
9db01a10-ca0b-40fa-b03e-18ac81120892,Vodafone Egypt,Telecom,1,2026-08-05,سئ,Negative
8dc27ed1-0883-4d95-9dcc-34f7290022ac,Vodafone Egypt,Telecom,5,2026-08-05,الباشا باشا,Positive
b51dd32d-e30b-4bb0-82d2-5eae20765023,Vodafone Egypt,Telecom,5,2026-08-05,ممتاز,Positive
a77e1cb2-b427-4dda-8fcf-e41cb89ee5f2,Vodafone Egypt,Telecom,5,2026-08-05,احمد لله,Positive
b78c3884-b112-4198-971d-6e282b7e1e8a,Vodafone Egypt,Telecom,1,2026-08-05,التجربه سيئه جدا في برنامج اخطاء كثيره تفسير حلم يعجبني برنامج فودافون كاش كده الاول كان بيعطيك هدايا وتساب بلا حدود برافو عليك نريد حل مشاكل وجميع مشاكل انا فودافون,Negative
aaff3e0f-201a-4c69-9c15-6bf90b27dcb5,Vodafone Egypt,Telecom,5,2026-08-05,ممتاز ممتاز ممتاز ممتاز ممتاز,Positive
236cdb5c-fa00-40c3-b976-b472cb6ad404,Vodafone Egypt,Telecom,1,2026-08-05,بيبقا في هدايه علي شحن الكروت و اول ما اشحن مفيش اي هدايا بتوصلي,Negative
4115b22c-dd4c-4193-9bfd-8fdd11b429a0,Vodafone Egypt,Telecom,5,2026-08-05,جيد,Positive
0e13a9c4-a915-45b6-9ac4-ece295c3f548,Vodafone Egypt,Telecom,5,2026-08-05,ممتاز,Positive
71659330-c6df-4cda-a657-b281d1f22191,Vodafone Egypt,Telecom,5,2026-08-05,حلوه,Positive
d66744f9-07d7-4219-af2a-cb8c901350a8,Vodafone Egypt,Telecom,5,2026-08-05,سهل وسريع,Positive
e43a295c-3b6c-4c23-8c48-261798910b82,Vodafone Egypt,Telecom,5,2026-08-05,good,Positive
19875f65-9f05-4d7c-83d6-4abc6ef2ea5e,Vodafone Egypt,Telecom,5,2026-08-05,حلوه جم,Positive
378f4d0d-cce9-44bc-af40-492117108c82,Vodafone Egypt,Telecom,4,2026-08-05,فودافون جيده,Positive
495a17e0-fe9c-4f4b-a351-e076887e2c56,Vodafone Egypt,Telecom,1,2026-08-05,كل لما أدخل اغير من شريحه 1 لشريحه 2 اصبح من المستحيل ولازم امسح التطبيق وانزله تاني وانا فاتح علي الشريحه الي عاوزها ايه القرف ده حاوله تصححه الوضع شوية كل حاجة في فودافون اصبحت سيئه,Negative
8853cb89-a2b4-44f6-a0df-4b0c6e822995,Vodafone Egypt,Telecom,5,2026-08-05,تمام,Positive
75b8cc13-97a9-4caf-a3db-608d3cf67f03,Vodafone Egypt,Telecom,5,2026-08-04,أنا فودافون كاش ممتازة جدا جدا جدا,Positive
4b1e6f8a-eeee-4b1c-96f6-7d026d146a5e,Vodafone Egypt,Telecom,1,2026-08-04,تطبيق سيء جدا كل شويه بيحتاج تحديثات ولو ما فيش تحديثات التطبيق ما بيرضاش يشتغل تطبيق كل 10 ايام عايز تحديث تطبيق فاشل جدا,Negative
35cc293e-66d1-4d76-bbf6-615a948e5707,Vodafone Egypt,Telecom,3,2026-08-04,التحديث الاخير سئ جدآ جدآ عملت مسح للذاكرة المؤقتة مسحت البرنامج وعملت له تثبيت مرة أخرى وفي كل مرة البرنامج يعلق ولا يقبل التسجيل ولا الدخول,Neutral
55c3225b-94d1-46de-98f0-61694e3398bf,Vodafone Egypt,Telecom,5,2026-08-04,فى مشكله عندى فى التسجيل الملف الشخصي,Positive
baa1b9cd-d83c-4096-a006-810b0ef04f8e,Vodafone Egypt,Telecom,5,2026-08-04,سيئه,Positive
8f416ee4-9729-4339-8472-4505825564ff,Vodafone Egypt,Telecom,5,2026-08-04,ممتاز,Positive
890cafd9-ab98-48bc-84d8-bc365c82b95d,Vodafone Egypt,Telecom,5,2026-08-04,تحفه بجد,Positive
a545a8a0-4418-4ca6-9fc7-7c87cc79b254,Vodafone Egypt,Telecom,1,2026-08-04,التطبيق عاطل باستمرار وغير أمن فى محفظته الإلكترونية مساء الخير للأسف لازالت قائمة المشكلة ولا أستطيع عمل تسجيل دخول خاصة فى قسم كتابة كلمة السر لإكمال تسجيل الدخول,Negative
6846062c-0024-401f-9cd2-375e15659a90,Vodafone Egypt,Telecom,5,2026-08-04,😻,Positive
448d777c-e850-4109-9540-eb763274f5f6,Vodafone Egypt,Telecom,1,2026-08-04,التطبيق مش بيضاف عليه حسابات أخرى ومكتوب ممكن أكثر من خط لما اجى ادخل خط تانى حساب تانى مش بيرضى يفتح كلمه السر وبوقف لازم الخط نفسه بس مش متقبل اى اضافه عملت تحديث وحذفت التطبيق وحملته من اول وجديد ومفيش فايده,Negative
3ec3b5f6-a015-4f41-896d-fcf6d295209b,Vodafone Egypt,Telecom,5,2026-08-04,بيسهل كل حاجه وهو جميل جدا,Positive
8748a124-08c8-4975-b0a5-8cf71efdb971,Vodafone Egypt,Telecom,4,2026-08-04,جيده,Positive
b4ee3548-8334-4aeb-813e-859a2c799662,Vodafone Egypt,Telecom,5,2026-08-04,افضل شبكه في الوطن العربي 1في العالم,Positive
f4f133a9-6cc1-4f12-a406-d4bc1434b45e,Vodafone Egypt,Telecom,1,2026-08-04,برنامج سىء كل شوية يطلب الباسور ويقولى خطأ لازم امسحه وانزله تانى,Negative
973590b3-b406-40ec-a481-c769f9d0378b,Vodafone Egypt,Telecom,1,2026-08-04,شركه مش كويس خلاص انا زهقت منكم وكل شويه بتاخد رصيد بجد الواحد زهق ولا نجمه,Negative
e407a2a4-84df-4ce7-9e5f-0ff2c3d74f53,Vodafone Egypt,Telecom,5,2026-08-04,ممتاز جدا جدا,Positive
28fa6131-6463-4d14-b255-4368012ee6c6,Vodafone Egypt,Telecom,5,2026-08-04,جيد جدا,Positive
867e3582-5c97-48dc-91b1-81fc817f1fe5,Vodafone Egypt,Telecom,5,2026-08-04,احلى تطبيقات انا فيدفان,Positive
18f4cbc1-4f5d-43eb-a68d-6dddcae9904a,Vodafone Egypt,Telecom,5,2026-08-04,ما زلت احاول,Positive
83be93b6-ca1c-46b9-81f5-54f93a34e08e,Vodafone Egypt,Telecom,1,2026-08-04,تطبيق عقيم زي فودافون خدمات صفر وخدمة عملة متشتغلش في كشري ابو طارق خدمة عملة عايزة حد يساعدها,Negative
f2207a66-dfe9-4c35-964f-f6b959247adb,Vodafone Egypt,Telecom,3,2026-08-04,فودافون شركة محترمة ولكن لي ملحوظه عند تجديد الباقة لايتم ترحيل الرصيد المتبقي من الباقة السابقة رغم اني مفعل ترحيل الرصيد,Neutral
8e63d0db-c034-4407-9c23-963aca75f1f3,Vodafone Egypt,Telecom,5,2026-08-04,تطبيق جيد جداً,Positive
a549bb0e-ba1d-483d-8644-dfc748b71649,Vodafone Egypt,Telecom,5,2026-08-04,ممتاز وجميل,Positive
f67f9809-7ec5-47a5-a372-9f3f29c7d614,Vodafone Egypt,Telecom,1,2026-08-04,سيئ,Negative
4771f50a-d911-479a-80ac-b0b31782568f,Vodafone Egypt,Telecom,3,2026-08-04,حلوه اوي,Neutral
e0c893e3-99b8-45de-9c6c-033a724f7181,Vodafone Egypt,Telecom,5,2026-08-04,ممتاز,Positive
6a2a5136-f039-41e6-81d9-1a5572c22177,Vodafone Egypt,Telecom,1,2026-08-04,التطبيق بطئ جدا ف تحميل الصفحه نرجو الحل,Negative
445c504f-724c-426b-94aa-896c887a858f,Vodafone Egypt,Telecom,5,2026-08-04,مرحبا بكم جميعا وبعد،هذا التطبيق جيد جدا فيه عروض كتير من فودافون كاش في مميزات,Positive
7d465185-14f1-4aae-937f-6677b2968a87,Vodafone Egypt,Telecom,5,2026-08-04,شركه محترمه جدا,Positive
c09a749d-f3e8-4672-965d-02c981dd9d28,Vodafone Egypt,Telecom,5,2026-08-04,جيده,Positive
66ea741b-5e04-4b60-a66a-a99d5c6b5d2d,Vodafone Egypt,Telecom,5,2026-08-04,هو ليه بياخد الفلوس إللي بتبقا على التليفون,Positive
59cbfd44-ea2f-4d41-8a3b-7ebf45feb029,Vodafone Egypt,Telecom,5,2026-08-04,tmam,Positive
48824966-76a8-4cc6-8bfb-53c9a68d2dd8,Vodafone Egypt,Telecom,5,2026-08-04,هذا احسن طتبيق ما في اي مشكل,Positive
0c59dca4-84e9-44d0-8bf4-b9c328156e11,Vodafone Egypt,Telecom,5,2026-08-04,ممتار,Positive
3450632d-cc45-4673-9fdf-cd4b5e2a8764,Vodafone Egypt,Telecom,5,2026-08-04,احسن تطبيق,Positive
38eec4cf-d2dc-456e-a8fb-218226b711e6,Vodafone Egypt,Telecom,5,2026-08-04,صفحه ممتاز لأنها تتحدث يوميا,Positive
e81b99ad-8285-4eff-a18e-82f86cd03c84,Vodafone Egypt,Telecom,1,2026-08-04,التطبيق أصبح سي باقا يقفل كل مرة اشغلة,Negative
2af67d6f-c682-4298-a9d3-8ddb73ad6cd8,Vodafone Egypt,Telecom,1,2026-08-04,التطبيق به مشاكل كثيرة حاليا شركة فودافون نصابه بتنزل هديه مكتوبه على كرت الشحن وتيجى رسائل وبعدين مش بتيجي الهديه إلى بيقولوا عليها عاوزين الناس تشحن,Negative
d73a3089-9880-4b0f-9d3f-b26c787eceff,Vodafone Egypt,Telecom,5,2026-08-04,good,Positive
97a98b24-eeaa-48bb-ac96-52c35f25f81d,Vodafone Egypt,Telecom,5,2026-08-04,ممتازه,Positive
a4f40310-77aa-4dcd-9d98-653eb2c013c9,Vodafone Egypt,Telecom,5,2026-08-04,رائع جدا,Positive
cdac6543-4f9e-4ed1-bfc1-39714eb46071,Vodafone Egypt,Telecom,3,2026-08-04,هديه التحديث منزلتش؟؟,Neutral
b8bc00e8-bc12-47b0-aeb7-6d7165016c34,Vodafone Egypt,Telecom,5,2026-08-04,ممتاز,Positive
d976e8c5-160c-4712-8482-18e49a0db34f,Vodafone Egypt,Telecom,3,2026-08-04,👍👍👍👍,Neutral
aa376a55-75af-4fa2-bc40-61fd793cc73d,Vodafone Egypt,Telecom,5,2026-08-04,ممتاز,Positive
55af204c-a2b6-43d1-874f-50c746c536e2,Vodafone Egypt,Telecom,5,2026-08-04,تطبيق ممتاز جدا,Positive
1a70e02a-d029-4034-97c0-c0180bdd2c32,Vodafone Egypt,Telecom,5,2026-08-04,جيد,Positive
1c809aaa-3863-40f8-87f0-0711bd0bc296,Vodafone Egypt,Telecom,5,2026-08-04,ذى الزفت باقات رد وقفت الخ خربت بيتى,Positive
a45c323f-2ea7-4cb1-8a03-307463b37990,Vodafone Egypt,Telecom,5,2026-08-04,فودافون حاجه جميله واللي عمل فودافون ده راجل محترم وجميل عشان دي بتساعدنا في توصيل فلوس لاهلنا توصيل الفلوس لاي حد مزنوق وحاجه جميله بصراحه,Positive
3bad2238-cc2a-489c-8f42-6e11144031f5,Vodafone Egypt,Telecom,1,2026-08-04,التطبيق مش شغال خالص التطبيق سئ جدااا و مفيش اي حلول,Negative
c66d2db5-5c0e-4253-987f-aa7547029c5f,Vodafone Egypt,Telecom,1,2026-08-04,سي جدان الشركه نصابه كل ما نشحن رصيد ياخدوه مننا,Negative
8871b5a7-8f39-4f57-bed7-0d8b1bac5e68,Vodafone Egypt,Telecom,5,2026-08-04,ممتاز جدا,Positive
0e0ebb4c-7fad-46c2-91a8-5c26e5b2f32a,Vodafone Egypt,Telecom,5,2026-08-04,جميل,Positive
00712c5b-e98d-451c-ac37-70a85f505b2f,Vodafone Egypt,Telecom,5,2026-08-04,جميل جداً,Positive
1a5eb081-6e3d-429c-b45d-c96e3b2337b2,Vodafone Egypt,Telecom,5,2026-08-04,ممتاز,Positive
748dfb62-fcf6-4641-88e8-9ae08b1f6621,Vodafone Egypt,Telecom,1,2026-08-04,التطبيق بقى سيى جدا جدا كل شوية تسجيل الدخول من جديد وحاجة بقت قرف خالص,Negative
d63849a9-578d-4ea1-86f4-79f53c7da63d,Vodafone Egypt,Telecom,5,2026-08-04,جامد,Positive
3992dbcd-0269-428b-8d0f-77a7ebedf225,Vodafone Egypt,Telecom,5,2026-08-04,أجمل وأفضل خيار للشرائح بمصر .. 🫰🏻🫰🏻🤗,Positive
e88d20d3-d7df-439c-bf10-31975462511b,Vodafone Egypt,Telecom,5,2026-08-03,جميل جدا جدا,Positive
df471985-c0b3-42ba-8aca-49ff6230e5f6,Vodafone Egypt,Telecom,5,2026-08-03,تمام,Positive
8d429894-0f6d-4f38-8d1b-147d8345442d,Vodafone Egypt,Telecom,1,2026-08-03,التطبيق نزلته ومشتغلش ماشتغلش بردو,Negative
e006ca1b-4b09-4222-996c-c133f81fca3c,Vodafone Egypt,Telecom,1,2026-08-03,شبكة فودافون وحشه وبيخصمو من الفليكسات,Negative
dff4ee7f-7b94-4fe6-ad2a-9adb4d69f95a,Vodafone Egypt,Telecom,1,2026-08-03,شبكه زفت الزفت وبرنامج انا فودافون زفت الزفت ولا نافع 3g ولا 4g ولا 5 جي كمان شبكه زفت اوسخ من الوساخه مش نافعين الا في خصم الرصيد بس,Negative
5393e533-4d43-43dd-8f24-a1e4cd671a9c,Vodafone Egypt,Telecom,5,2026-08-03,رائع جدا جدا,Positive
ead92096-5df0-449f-b7dd-2ac48fee4040,Vodafone Egypt,Telecom,5,2026-08-03,ف مشاكل ف ارسال الرسائل النصيه ارجو المساعده والرد برنامج رائع,Positive
cbfeb05e-611e-4019-a012-966a0371aca7,Vodafone Egypt,Telecom,1,2026-08-03,انهو برنامج رائع,Negative
dcb2fbdc-a05d-4cdf-9cb5-0de71e760c9f,Vodafone Egypt,Telecom,5,2026-08-03,جميل,Positive
7d892534-ad3f-4b73-a295-ed583f27b675,Vodafone Egypt,Telecom,1,2026-08-03,ممتازه جداهذه التجربه وتعطى كل الاسئله,Negative
5aaf6a60-bdb9-4107-8580-0eca8b18c76b,Vodafone Egypt,Telecom,1,2026-08-03,التطبيق اصبح من سئ الى أسوأ فيه بطء وكمان انا عملت كذا معامله فودافون كاش ومخدتش كاش باك دا غير اني لما بشحن رصيد فليكس تتجدد اجباري وانا مش عاوزاها ببقا عاوزه باقة النت والباقات بقا حجمها صغير وقيمة اشتراك كبيره اه وكمان عبارة هناك خطأ اللي بتظهر كل ما اكون هشترك او هلغي حاجه تعديل ميستحقش النجمه الواحده اصلا لانه بقا سئ جدا كل حاجه حدث خطأ وبيقعد وقت كتير يحمل وفي الاخر حدث خطأ مش فيه غير هما جملتين حدث خطأ ويرجى الانتظار بجد بقت خدمه سيئه وكل شويه بتبقا اسوأ,Negative
e33d9507-527b-4aca-8648-0b01dc037fc3,Vodafone Egypt,Telecom,5,2026-08-03,ممتاززززززز,Positive
e4de4d82-9b0a-4a77-9c2a-c510234f32c2,Vodafone Egypt,Telecom,1,2026-08-03,اسوء تطبيق ممكن حد يستخدمه بجد,Negative
9b358a78-fd4d-4248-a38e-5ff20370c9df,Vodafone Egypt,Telecom,1,2026-08-03,التطبيق لأ يعمل نهائيا مافيش تحديث للوقت ومش عارف اشحن من الفيزا,Negative
09edec82-191c-424e-b499-f24cb30114ee,Vodafone Egypt,Telecom,5,2026-08-03,جيد بس خلى كل شهر هدايا مختلفه يبقى احسن وحلو,Positive
becb9f4d-02e6-4bf9-a4be-b8bfa4280d9f,Vodafone Egypt,Telecom,5,2026-08-03,ممتاز,Positive
1a262f2d-f597-4ebe-9433-a621ec4f398f,Vodafone Egypt,Telecom,4,2026-08-03,جيد,Positive
bb93a50e-0088-426e-8e91-a2017465a0d5,Vodafone Egypt,Telecom,5,2026-08-03,تطبيق رائع,Positive
a278ac49-cfa2-412d-be5c-59ac311faacb,Vodafone Egypt,Telecom,5,2026-08-03,جيده,Positive
ea3f1037-461f-44d1-b0fb-9f0d4944ef8e,Vodafone Egypt,Telecom,5,2026-08-03,تطبيق ممتاز جدا,Positive
1a2926d3-c230-4316-8f3a-fbc9746ee0c2,Vodafone Egypt,Telecom,1,2026-08-03,اسوء شركة,Negative
09d4c75d-681a-4265-b660-d31cef10d1c6,Vodafone Egypt,Telecom,5,2026-08-03,من افضل البارامج,Positive
f8b21a73-9d44-4bf1-b85c-36d3ad3f2abd,Vodafone Egypt,Telecom,1,2026-08-03,اوسخ شبكة الإنترنت هي ڤودافون,Negative
ae7304fe-238e-48b9-a396-01f01e107df8,Vodafone Egypt,Telecom,5,2026-08-03,راغ,Positive
6fc108e3-3352-4ed7-8845-951cebbfdc36,Vodafone Egypt,Telecom,1,2026-08-03,تطبيق فاشل و مش متصل بالانترنت و مش بيحمل و صعب جداً جداً بايظ و تم اقافه من الشركة,Negative
758bb723-0b53-483c-9451-e905c78cdac3,Vodafone Egypt,Telecom,5,2026-08-03,احسن شركه في مصر فودافون احسن شركه في مصر,Positive
4569a4a6-5030-4dd1-a88a-89d15dfd37d4,Vodafone Egypt,Telecom,1,2026-08-03,شركة فاشلة استغلالية,Negative
76ce81a5-0908-43b7-a749-d49e8e530fd6,Vodafone Egypt,Telecom,5,2026-08-03,تطبيق ممتاز,Positive
db3e9e8a-7ef8-421c-a235-c7ed7b057c3d,Vodafone Egypt,Telecom,5,2026-08-03,good,Positive
c1f0d6e0-c22d-4c64-b03d-3bfb7c2a41ff,Vodafone Egypt,Telecom,5,2026-08-03,ممتاز,Positive
80cd0608-9ccb-40a2-9ce4-e2baf5a865b5,Vodafone Egypt,Telecom,1,2026-08-03,الشبكةمنهكة مستوى الخدمة سي,Negative
1c8156e7-09d5-43ea-bb42-e0e75857703f,Vodafone Egypt,Telecom,5,2026-08-03,ممتاز جدا,Positive
f9c1f1a6-8cba-47e1-9b1e-1cd532049788,Vodafone Egypt,Telecom,1,2026-08-03,كل مره يقولي حدث خطاء رجعا حل المشاكل الانترنت,Negative
23e3c1b0-d27a-4d72-bba1-4ae50427fe24,Vodafone Egypt,Telecom,1,2026-08-03,سئ سئ سئ سئ سئ سئ سئ سئ سئ سئ سئ سئ,Negative
da07c6b1-ce9e-4bb1-a180-08ca704be56f,Vodafone Egypt,Telecom,5,2026-08-03,اجابي,Positive
58f29d8b-856a-479f-b8b0-69f15d54210a,Vodafone Egypt,Telecom,5,2026-08-03,ممتاز,Positive
a7c40c8d-951e-491b-b638-177af7df3549,Vodafone Egypt,Telecom,1,2026-08-03,اقسم بالله شركه وحشه وخدمه سيئه جدا وحاجه قرف شركه اتصالات احسن منكم بتسرقوا الرصيد مااستهلكتش حاجه وتقولوا خلص ايه قرف ده,Negative
d223b4ac-c791-481f-a275-00b8f8d18bde,Vodafone Egypt,Telecom,5,2026-08-03,التطبيق لا يعمل للشحن وعمليات السحب الآلي,Positive
2e0441ec-4dd4-404b-b788-be6133367ee4,Vodafone Egypt,Telecom,5,2026-08-03,ممتاز,Positive
5c0db670-5da6-483c-bad0-6d6eab213287,Vodafone Egypt,Telecom,5,2026-08-03,جيد ولاكن الشبكة سيئة جدا جدا,Positive
9704760e-3770-4d62-be08-c32f889e1c3e,Vodafone Egypt,Telecom,1,2026-08-03,😔,Negative
b0b04a52-736a-4ea7-b88e-b781e1f07b8e,Vodafone Egypt,Telecom,1,2026-08-03,تجربه سيئه للغايه سيء جدا جدا فودافون تجربه سيئه للغايه بيضيفوا فلوس على الفاتوره بدون وجه حق عن تجربه شخصيه معاهم لا انصح حد بالتعامل معاهم او التعاقد على فاتوره ريد لو كان مضطر يكون معه خط فودافون هيشتري كارت فكه احسن...,Negative
0c6b07fa-16e1-4fa5-bd0e-3cd719fd9e2e,Vodafone Egypt,Telecom,5,2026-08-03,أحسن شركة في مصر,Positive
eefb9b96-5d63-4f4b-a5c9-6703ccb08d9b,Vodafone Egypt,Telecom,1,2026-08-03,البرنامج فيه مشاكل كتير واغلب الوقت بيعلق والخدمات فيه مش احسن حاجة,Negative
9328a830-a4ca-4d92-8288-dab88cf8a458,Vodafone Egypt,Telecom,1,2026-08-03,سيئ جدا جدا ولا انصح احد بالتعامل مع فودافون النت بيخلص من اقل استخدام وكلمت خدمة العملاءاكتر من مره ومعملوش حاجه انصحكم بعدم استخدام شريحة فودافون لان النت بيخلص بسرعه من استهلاك قليل ولا انصحكم بالتعامل معاهم,Negative
3bba1294-7da5-47e4-bf98-1c702980ad57,Vodafone Egypt,Telecom,5,2026-08-03,جيد,Positive
0cb45f47-785f-40ac-bdde-97f4d051b799,Vodafone Egypt,Telecom,5,2026-08-03,ممتاز بس بصراحه بيعذبني وما بيديش عروض دي كلها,Positive
159a439e-33c7-4d1c-806e-38833575d156,Vodafone Egypt,Telecom,5,2026-08-03,بصراحه ممتاز جدا,Positive
b9439906-6115-45c2-9791-52d6cda99717,Vodafone Egypt,Telecom,5,2026-08-03,ممتاز,Positive
669a02a1-9e46-48b6-a33e-523314481e37,Vodafone Egypt,Telecom,5,2026-08-03,جيد,Positive
07cbee8b-3c0b-4882-bba7-db6bb31b6fb8,Vodafone Egypt,Telecom,2,2026-08-03,التطبيق فى مشاكل كتير معا العلم انو متحدث اخر تحديث هل فى حل,Negative
ed7ca365-8835-4081-b454-fcd7cc42c690,Vodafone Egypt,Telecom,5,2026-08-03,تطبيق ممتاز جدا,Positive
d2fb2d8f-0262-4803-be39-17e3a971c3b5,Vodafone Egypt,Telecom,5,2026-08-02,لماذا تم الغاء تحويل الفلكسات لأي شخص فودافون وكود التحويل لايعمل حاولت ابعت فلكسات رفض,Positive
44b306fc-018b-4dc0-9362-32f5a501b0a2,Vodafone Egypt,Telecom,4,2026-08-02,انا عندي مشكله وهي العروض كل ما بجي عشان افعل العروض بيقولي تعذر تنفيذ طلب ارجو حل المشكله باسرع وقت,Positive
80752864-d64b-40ef-a35b-0d4c299c89d9,Vodafone Egypt,Telecom,5,2026-08-02,ممتاز,Positive
2e81eda1-9c8c-4527-bb6c-e92710337db4,Vodafone Egypt,Telecom,5,2026-08-02,يعني زودو النت شويه مكنوش بخله كده,Positive
1f7a804b-860a-48cb-a511-3ae1c9ce861e,Vodafone Egypt,Telecom,1,2026-08-02,فودافون غير متاح لإرضاء العملاء,Negative
8290dd1f-e3b8-4397-88ff-8f892e615456,Vodafone Egypt,Telecom,5,2026-08-02,تطبيق جميل جدا بس ما فيش عروض علي الكاش حلوه 😂,Positive
e5682ce9-584b-46de-8ce1-a1f26295feb5,Vodafone Egypt,Telecom,1,2026-08-02,انا قيمت عشرين مره وقلنا التطبيق بقي زفت وكل مره يطلب كلمه السر نغير الشركه يعني والا هتفضلو تقرفونا والله لو ما حدش رد لم مغير ام الشركه دي نهائي,Negative
38c83278-6ea2-44c4-ab17-f4a64916e7de,Vodafone Egypt,Telecom,1,2026-08-02,البرنامج اصبح لا يعمل كان تطبيق ممتاز رجاء الإصلاح,Negative
388ef668-81a7-4a9f-b7d1-8e261900a063,Vodafone Egypt,Telecom,5,2026-08-02,ممتاز,Positive
242f8fb0-80a1-4ea8-8d38-ebff0007fea2,Vodafone Egypt,Telecom,1,2026-08-02,لا يمكن معرفته استهلاك الباقه الخاصه,Negative
b36eea9b-0345-44f7-b007-ac15228641e5,Vodafone Egypt,Telecom,5,2026-08-02,جميل جدا,Positive
f68e8de1-d281-44c1-8f07-0111f623a5aa,Vodafone Egypt,Telecom,3,2026-08-02,نوعا ما جيد,Neutral
449c3f02-7cb5-4dd7-bdfb-b762216025e2,Vodafone Egypt,Telecom,5,2026-08-02,افضل ما قدمت شركه فودا فون هذا التطبيق,Positive
af8cc571-d4e7-4598-ab4f-b75b5d0f8540,Vodafone Egypt,Telecom,1,2026-08-02,اوسخ تجربه كل مكتب كود بدر برجاء المحاوله في وقت لاحق عايز اجيب الهديه بتاعت الكارت واستخدم اكواد تانيه,Negative
f58e1e97-8def-40bb-a1ac-e6218206b586,Vodafone Egypt,Telecom,1,2026-08-02,زباله,Negative
21e917a1-dc67-4f13-9a79-916f2e63986b,Vodafone Egypt,Telecom,5,2026-08-02,شكرا شكرا شكراجميل جدا,Positive
b63de56c-fa97-4d3d-847a-391e38bf5abc,Vodafone Egypt,Telecom,1,2026-08-02,فيه سرقه ف الوحدات,Negative
d32d6d18-b7b8-47b0-bc96-2d63161694b9,Vodafone Egypt,Telecom,1,2026-08-02,جميل,Negative
194b704b-981e-4c38-bfa1-28d99be1a074,Vodafone Egypt,Telecom,5,2026-08-02,جيد جدا تطبيق ممتاز جدا تطبيق نظام التشغيل في اي وقت الجهاز المرتبط بمراجعتك. يمكن للمطوّرين أيضًا رؤية بلدك ومعلومات جهازك (مثل اللغة وطراز الجهاز وإصدار نظام التشغيل)، وبإمكانهم استخدام هذه المعلومات للردّ عليك. وسيرى المستخدمون ومطوّر التطبيق التعديلات السابقة ما لم تحذفتظهر المراجعات بشكل علني وتتضمن معلومات حسابك وجهازك. وبإمكان المستخدمين الآخرين رؤية اسم حسابك على Google وصورتك ونوع الجهاز المرتبط بمراجعتك. يمكن للمطوّرين أيضًا رؤية بلدك ومعلومات جهازك (مثل اللغة وطراز الجهاز وإصدار نظام,Positive
98c279ef-4064-490c-8fc6-b60b482ff47a,Vodafone Egypt,Telecom,1,2026-08-02,سئ,Negative
670cc861-05a5-4c76-a572-a09bf2fe6378,Vodafone Egypt,Telecom,1,2026-08-02,رجأ ياجماعة تفيدونا بحل المشكلة. المتكررة يوميا,Negative
a342da27-cc88-4753-bd0a-3818715fbe23,Vodafone Egypt,Telecom,5,2026-08-02,جيد جدا,Positive
c4933a13-6ee9-4c92-9521-6b1562981c8d,Vodafone Egypt,Telecom,1,2026-08-02,اول حاجه كان بيدي هدية لاكان الان لايعطي هدية اورنج كاش احسن منه عشان يعطي هدية كل شوية عشان كدا بعت خط 010وشريت012 عشان كدا لاانصح احد بتجربته,Negative
6a2a1e97-c4a6-4c4d-b49a-b4feb4a520ac,Vodafone Egypt,Telecom,5,2026-08-02,ممتاز,Positive
8b8f05a6-225e-45e8-b205-4a791eccbda3,Vodafone Egypt,Telecom,5,2026-08-02,ممتازه,Positive
a4f6717e-0cee-43eb-96f9-95c1cf4abd8d,Vodafone Egypt,Telecom,5,2026-08-02,ممتازه,Positive
7b586362-0d9a-4d97-a4eb-28b0afc71479,Vodafone Egypt,Telecom,5,2026-08-02,الشبكة ممتازة جداً والعروض ممتازة جداً جداً,Positive
43536ba9-4a07-47c2-b4f0-efaa284579cc,Vodafone Egypt,Telecom,5,2026-08-02,جيد جدا الان احسن شبكه وخدمه,Positive
c4feea78-6836-4cc5-8013-e7caae2dae79,Vodafone Egypt,Telecom,5,2026-08-02,كويسه,Positive
36c61694-d204-4b85-bb1c-d117abfaa541,Vodafone Egypt,Telecom,5,2026-08-02,تطبيق ممتاز لمعرفة كل الاستهلاكات والعروض,Positive
af03b18e-8b9e-46c5-af7f-89cbb0a13444,Vodafone Egypt,Telecom,5,2026-08-02,الفكره جميلة جدا,Positive
3fa85349-4ad5-4255-80b7-b637b6708203,Vodafone Egypt,Telecom,1,2026-08-02,لا يعمل,Negative
abc0fe8b-6cf0-4263-a2ff-bfbef5bcf091,Vodafone Egypt,Telecom,3,2026-08-02,التطبيق حاليا لا يعمل... بدون اي اسباب... لعل المانع خير... ارجو الافادة,Neutral
75be230f-3930-4824-b29d-b4bed13d8c4d,Vodafone Egypt,Telecom,5,2026-08-02,ممتاز,Positive
814f2694-6baa-47ee-827a-e51b0bc9e65b,Vodafone Egypt,Telecom,5,2026-08-02,ممتاز,Positive
4f4282e9-002c-4dd3-9f5e-e8d9f77fe8b4,Vodafone Egypt,Telecom,5,2026-08-02,جيد٩,Positive
51bf7791-4910-4e9e-b899-87367777261c,Vodafone Egypt,Telecom,5,2026-08-02,مش كل الوقت ال بيبقا حلو,Positive
c93e2561-7b6e-477a-90ff-54e0d72b6cb5,Vodafone Egypt,Telecom,1,2026-08-02,فيه مشكلة كبيرة في الابلكيشن لا يفتح خانة الرقم السري لابد من تحديث جديد لحل المشكلة في اقرب وقت,Negative
ffaae201-4893-40fd-9c95-916d4ece080d,Vodafone Egypt,Telecom,1,2026-08-02,برنامج فاشل ومش بيفتح غير بالنت,Negative
d1aa792b-1723-4615-8c1a-d046cc0fe1e3,Vodafone Egypt,Telecom,4,2026-08-02,جيد,Positive
debf3f6b-b95b-4b57-bd0d-3354cc0d0b1f,Vodafone Egypt,Telecom,5,2026-08-02,تطبيق ممتاز جداجدا,Positive
89d2ba45-37a5-4444-99ce-59b7737d7a76,Vodafone Egypt,Telecom,5,2026-08-02,تطبيق رائع جداً,Positive
bccba188-4afd-4d34-82ba-54834a61df65,Vodafone Egypt,Telecom,5,2026-08-02,حلو,Positive
94e8ad9a-48a0-4d8b-8709-c8b67cda1f94,Vodafone Egypt,Telecom,1,2026-08-02,تطبيق سئ,Negative
d98cd3e1-4865-4e5e-b6be-58cbdab64bc1,Vodafone Egypt,Telecom,5,2026-08-02,رائع,Positive
1b78ae77-4cdb-4a56-a7e0-beb972f9f2bc,Vodafone Egypt,Telecom,5,2026-08-02,جيدة,Positive
cd7c1b12-605b-45f8-9c47-c71e989d412a,Vodafone Egypt,Telecom,5,2026-08-02,جيد جداً,Positive
fefce86d-fa5f-409b-a8c4-2297d4ff56f0,Vodafone Egypt,Telecom,5,2026-08-02,نعم إنهو تطبيق جميل جدا,Positive
c4723d4f-3919-44fe-89bc-804718943c71,Vodafone Egypt,Telecom,5,2026-08-02,راع توفير كتير,Positive
7a9ced0f-1b94-4ee3-a341-b75e63c5fd6f,Vodafone Egypt,Telecom,5,2026-08-02,تمام,Positive
b9ba8ccc-5fcf-4228-8ce3-58a9d05ac1ba,Vodafone Egypt,Telecom,5,2026-08-02,جميل جداً,Positive
ad6167ec-c831-4083-a1c7-a09bc10c5fb9,Vodafone Egypt,Telecom,1,2026-08-02,فودافون حرامية ونصابين برخصة Vodafone are scammers and thieves with an official license.,Negative
fbd5ebf8-2870-4e1d-8f26-0f1b3281f650,Vodafone Egypt,Telecom,5,2026-08-02,ممتاز جدا,Positive
fbe2f0fe-c237-4cd1-8dc5-2dd45ed3ac74,Vodafone Egypt,Telecom,5,2026-08-02,excellent,Positive
3fa7afbf-0f23-45d2-a05b-96628e75b22b,Vodafone Egypt,Telecom,5,2026-08-02,مش شغال عندي على ايفون 17,Positive
d467e34d-4795-42c2-9121-30eddcb2e01a,Vodafone Egypt,Telecom,1,2026-08-02,انا على نظام الشركات بقالى حوالى ٦ سنين والشركة تقريبا بقت بتعين خدمة العملاء والراعى الشخصى بالواسطه أسوأ فترات فودافون وجارى البحث عن بديل افضل,Negative
c1588eea-dbe6-46ea-84cf-43537aec4a2e,Vodafone Egypt,Telecom,3,2026-08-02,مش حلو قد كده اوقات بيفصل بدون سبب,Neutral
4cd28af9-2d01-46e5-924d-9e1493335ce4,Vodafone Egypt,Telecom,5,2026-08-02,ممتاز جدا,Positive
c75fb12d-3746-47e9-b101-9fe3ff4c8807,Vodafone Egypt,Telecom,5,2026-08-02,جميل,Positive
339dd3c8-eb97-409e-8e58-be5216ad25a7,Vodafone Egypt,Telecom,4,2026-08-02,يارب التحديث الجديد يكون مرضى.,Positive
8e155280-0286-4889-8c57-30c4c3f68ef3,Vodafone Egypt,Telecom,1,2026-08-02,تجربه سيئه جدا,Negative
5f87c877-b1ab-4a6b-932d-d18bf2cb4fec,Vodafone Egypt,Telecom,5,2026-08-02,جميل,Positive
712b97e2-e8dd-4832-968f-1abae6c4e7d4,Vodafone Egypt,Telecom,5,2026-08-01,💛💛💛,Positive
fb92dac6-0e8f-4ed2-930d-6e98f3c8a192,Vodafone Egypt,Telecom,5,2026-08-01,تفعل,Positive
d92f0ace-54aa-46bb-a842-f9cfe2a00de1,Vodafone Egypt,Telecom,5,2026-08-01,مش احسن بس كويس,Positive
5802af5f-53d8-49f6-9bcb-1a504ccb26dd,Vodafone Egypt,Telecom,5,2026-08-01,ممتاز جدأ,Positive
1cbe5f1d-b4e1-49f1-b847-1566bb1d6ab3,Vodafone Egypt,Telecom,5,2026-08-01,ممتاز,Positive
7fdafb58-1a01-4939-a444-f77c3ce3f2de,Vodafone Egypt,Telecom,5,2026-08-01,جميل وعملي جدا,Positive
532f6a16-c6f1-44ba-9a95-871526f5cc6e,Vodafone Egypt,Telecom,4,2026-08-01,ليه مافيش متابعه للهدايا على البرنامج,Positive
c5cc1411-563a-49a6-9afb-a02f5973b66f,Vodafone Egypt,Telecom,5,2026-08-01,جيد جدا,Positive
dd9e9a60-e4e8-428f-80b7-1f5df4f299c0,Vodafone Egypt,Telecom,5,2026-08-01,عشره على عشره,Positive
d7fc9dab-b792-476d-b337-3ae8b18a33b1,Vodafone Egypt,Telecom,1,2026-08-01,برنامج زباله,Negative
a7269376-a475-4a10-85be-1032fdc74166,Vodafone Egypt,Telecom,2,2026-08-01,هناك بعض المشاكل,Negative
d6676a22-791e-4a94-b27d-dcd1a9264b7a,Vodafone Egypt,Telecom,4,2026-08-01,جميل جدا بجد,Positive
f5c984ad-6bcc-4b00-bddc-731121797826,Vodafone Egypt,Telecom,5,2026-08-01,ممتاذ,Positive
cba270f7-eef5-4f3c-a813-d39457407687,Vodafone Egypt,Telecom,1,2026-08-01,غير مقبول,Negative
3278abd3-e656-4bcc-8820-b530f9fa5b6a,Vodafone Egypt,Telecom,5,2026-08-01,ممتازه,Positive
b788664a-129b-4ed3-8ad0-1ea87e149ed4,Vodafone Egypt,Telecom,5,2026-08-01,جميل جدا,Positive
1acfb9e3-521c-4878-94fe-0f51bdf3f613,Vodafone Egypt,Telecom,5,2026-08-01,جيد جدا,Positive
cba72290-183b-46ee-b1e3-e1a39d2e1b42,Vodafone Egypt,Telecom,5,2026-08-01,ممتاز,Positive
58092e48-f5c6-44f3-a2b7-7a229631a741,Vodafone Egypt,Telecom,5,2026-08-01,تجربة ممتازة,Positive
4d9fbaf9-5aa1-4bff-a1fb-cc6db91b53af,Vodafone Egypt,Telecom,5,2026-08-01,برنامج رائع,Positive
a0743bc9-c965-45b9-be7e-3f348873dc58,Vodafone Egypt,Telecom,5,2026-08-01,وحش,Positive
262af48e-63f2-4a98-8754-df235ba433c6,Vodafone Egypt,Telecom,5,2026-08-01,جميلة,Positive
751a898c-3054-4e1d-ae09-a1fd693249d0,Vodafone Egypt,Telecom,1,2026-08-01,بقي برنامج زفت بصراحه كل يومين يقفل حسابي,Negative
5deed644-f7d3-4aa8-aadd-86252785ce05,Vodafone Egypt,Telecom,1,2026-08-01,كان شغال حلة الاول دلوقتي لو عاوزه استخدمو بعمل تسجيل خروج ودخل تاني وبيقعد فتره عشان يفتح,Negative
ff574cac-4fbd-45c0-ace4-31ee4334dbe6,Vodafone Egypt,Telecom,5,2026-08-01,ممتاز,Positive
86628bd9-35d8-4d70-8913-375b24502d79,Vodafone Egypt,Telecom,1,2026-08-01,شبكة نت زبل,Negative
e1d2afca-532b-477d-ba02-2f34fbc0c0cf,Vodafone Egypt,Telecom,5,2026-08-01,متتاز,Positive
db42334d-2c56-4c6d-a3dd-7a436f07d002,Vodafone Egypt,Telecom,2,2026-08-01,مش عايز يفتح خالص ، حذفته ونزلته كذا مره ومش شغال بردو,Negative
578d3e5e-b3b9-4f14-837f-aed5f7821b64,Vodafone Egypt,Telecom,5,2026-08-01,البرنامج كان الاول ممتاز دلوقتي كل ما احاول اخد الجيجا ونصف الهدية يقولي حاول في وقت اخر,Positive
e2ded8ae-ee9c-4c89-a732-266e40df1eec,Vodafone Egypt,Telecom,3,2026-08-01,"جميل جدا وخدمات كويسه ينقصه "" الوضع الداكن "" لمراعاة حفظ النظر من اضاءة الشاشة البيضاء وهذا للاهمية شكرا لفريق العمل 🙏",Neutral
af3beeb2-ac43-4ecd-ab76-c92c3736d874,Vodafone Egypt,Telecom,5,2026-08-01,ممتاز,Positive
1f2c78e0-aaf1-44b3-9b83-d70b9e2ffb6f,Vodafone Egypt,Telecom,5,2026-08-01,تطبيق ممتاز جدا انصح الكل بتجربته,Positive
2ecbc308-93a8-43ea-8532-c7cec10125ed,Vodafone Egypt,Telecom,5,2026-08-01,خدمة العملاء ممتازة,Positive
2de4666c-0e89-48e4-a2f7-bd9fae61b5cb,Vodafone Egypt,Telecom,1,2026-08-01,اسوء شركه في مصر خساره النجمه حتى,Negative
a821d373-9ffb-431e-b415-a84921ec5f7e,Vodafone Egypt,Telecom,5,2026-08-01,عمر خطى 26 سنه ابتدائآ من مصر فون كليك سوبر كلك ايجى كلك حتى فودافون الآن شكرا كثيرا لكم,Positive
25ccd917-d24a-4a91-adb2-03b937373474,Vodafone Egypt,Telecom,5,2026-08-01,برنامج رائع جدا ط,Positive
fead29e7-96bb-4b1e-a761-c8be75c63c5b,Vodafone Egypt,Telecom,5,2026-08-01,شكرا,Positive
43c5ff88-d573-4f19-9f3a-b0b606a6d814,Vodafone Egypt,Telecom,5,2026-08-01,لامثيل له,Positive
69af2bd5-0aa6-412d-b3c8-6ced2b6d34fd,Vodafone Egypt,Telecom,5,2026-08-01,ممتاز,Positive
51d827a0-f00b-4d2b-88a1-dbb5cb586186,Vodafone Egypt,Telecom,5,2026-08-01,احسن تطبيق في العالم واحسن شركه هي شركه فودافون,Positive
0a6c739f-11af-47f1-84f0-f84c2d6a2b0e,Vodafone Egypt,Telecom,1,2026-08-01,تطبيق سيء ما بنقدر ناخد عليه عروض الموجوده وكمان ما بينفع نشحن حتى الكروت من عليه لازم محفظه علشان نشحن تطبيق تعبان والنظام اسوء منه,Negative
ca27f7cc-921d-43ae-bc2d-70310d4c34ad,Vodafone Egypt,Telecom,5,2026-08-01,حلو اوي,Positive
42c0420c-09ef-427e-831a-efcaa4defdf7,Vodafone Egypt,Telecom,1,2026-08-01,ضعف الاستجابة للشبكه,Negative
cb13ebed-a333-40ca-8c4d-334bcbbc81a3,Vodafone Egypt,Telecom,5,2026-08-01,ممتاز,Positive
697357c0-ebb4-4434-a488-a0d0e412d407,Vodafone Egypt,Telecom,5,2026-08-01,من أحسن الشبكات صراحه أنا جربت كل الشبكات ڤودافون أحسنهم,Positive
1e8356df-a73d-4c93-b3e5-bcc5fc4e247f,Vodafone Egypt,Telecom,1,2026-08-01,تطبيق سيء جدا بقالي ٢٠يوم مش عايز يفتح عندي وهناك ظلم وعدوان واضح من شركه فودافون شبكة ضعيفة في النت رغم أنني قريب جداً من شبكة الارسال وسرقة واضحه في الرصيد,Negative
4293c7cf-eabf-4954-bdb7-42c5dde16893,Vodafone Egypt,Telecom,5,2026-08-01,جيد,Positive
d5f365ea-bfdd-4352-8ef4-16414bb0f2fb,Vodafone Egypt,Telecom,5,2026-08-01,حلو جدا ومن أحسن التجارب الي جربتها َفودافون احسن شبكة في مصر,Positive
49422405-27ed-4299-bea7-3ca063330ddf,Vodafone Egypt,Telecom,5,2026-08-01,متز,Positive
20b1c1fa-4a9d-43ed-9d82-5291bb6d78e7,Vodafone Egypt,Telecom,5,2026-08-01,ممتاز جدا,Positive
ea841e30-b705-43c6-b4c3-67f657a41dc6,Vodafone Egypt,Telecom,5,2026-08-01,جيد,Positive
0b5fb523-f6e6-433c-97bb-bb02807b1664,Vodafone Egypt,Telecom,5,2026-08-01,جميل,Positive
f70efd2e-acdb-45a3-9ce3-c3aab746cce7,Vodafone Egypt,Telecom,5,2026-08-01,ممتاز,Positive
74d0485b-fee8-4e3e-9c7a-a082125dd199,Vodafone Egypt,Telecom,5,2026-07-31,جميل اوي اوي اوي,Positive
d242ba11-612d-4bf7-97b7-614541071285,Vodafone Egypt,Telecom,5,2026-07-31,ممتاز جدا,Positive
0becded4-9f47-494b-8cc0-48bc849cd196,Vodafone Egypt,Telecom,1,2026-07-31,ضعيف جدا ولازم تفتح وتقفل الداتا علشان البرنامج يفتح سئ جدا جدا جدا اريد الحل,Negative
0cbe7870-7d4f-4108-b5d1-9f344e727524,Vodafone Egypt,Telecom,5,2026-07-31,مش عرفه افتح البرنامج اني فو دفون,Positive
9e53fbee-b7c2-48d3-829b-6bea03c41f04,Vodafone Egypt,Telecom,1,2026-07-31,تجربة زفت وخدمة العملاء زفتين بجد كدابين وبيستغفلونا,Negative
726e5e68-6f7a-400c-90af-4e4813de5c23,Vodafone Egypt,Telecom,1,2026-07-31,الطبيق وحش جدا جدا و مفيش حاجه في شغاله,Negative
1eb73c9b-ab83-4fe2-82d2-b33488294c9f,Vodafone Egypt,Telecom,5,2026-07-31,الف شكرا,Positive
9e6426d5-0f17-4890-a52f-aa633abf724b,Vodafone Egypt,Telecom,5,2026-07-31,جميل ومفيد,Positive
427216f4-7cd5-4d0d-9abc-522b1d5b2f81,Vodafone Egypt,Telecom,5,2026-07-31,جميل,Positive
1ffa2aba-e2cc-4a71-903f-d4482c3b997d,Vodafone Egypt,Telecom,5,2026-07-31,جميل,Positive
9fd4f80d-b7b9-492f-8feb-73cc12fe680f,Vodafone Egypt,Telecom,5,2026-07-31,ممتاااااااااااااااااااااااااااااااااااااااااااااااااز جداااااااااااااااااااااااااااااااااااااااااااااااااا,Positive
52b85e08-e657-4cb7-851c-1093ccfdf6b9,Vodafone Egypt,Telecom,3,2026-07-31,مع الأسف الكوبونات و الهدايا بتعلق كتير و مافيش رسالة بتوصل بالعرض اللي اتفصل حتى,Neutral
7158e889-3376-4158-aa1f-7c8175a1bc41,Vodafone Egypt,Telecom,1,2026-07-31,لا يعمل في هاتفي,Negative
ea1d682d-b384-4857-b797-5699f4b4d5f4,Vodafone Egypt,Telecom,1,2026-07-31,تجربه سيئه للغايه ولا انصح بتجربه التطبيق,Negative
8d470288-5c07-4cc2-b3d6-7f2a28438fff,Vodafone Egypt,Telecom,5,2026-07-31,برنامج جميل,Positive
efc65e89-b784-4621-a6f5-fa608f52d0cf,Vodafone Egypt,Telecom,1,2026-07-31,برنامج زباله ملوش اي لزمه خطأ بالانترنت واعاده المحاوله تطبيق زباله والله,Negative
b733015f-9a31-4a21-9b13-accd07b4083a,Vodafone Egypt,Telecom,1,2026-07-31,بيتفننوا في سرقة الرصيد,Negative
ccb8d161-0c06-4281-b6ed-72c0a7fdb272,Vodafone Egypt,Telecom,1,2026-07-31,شركه حرميه ونصابه حرام عليكم لمه اعمل بأقه بي 250 جنيه وي تقعد يومين وتخلص احنه مش بنلقي الفلوس في الشارع حسبي الله ونعم الوكيل فيكم,Negative
f9d58e7c-fca0-43e3-808d-63d71cf93f14,Vodafone Egypt,Telecom,1,2026-07-31,صلو علي النبي انا ولا عايز رصيد هديا ولا اي حاجه من دول انا عايز حل لرصيد اللي بيخلص بسرعه افتح البيانات بيسحب رصيد حتا لو مش شغال في حاجة بيسحب علي الفاضي انا والله لسه بشكر فيكم عشان البقات رخيصه ونت كتير بس المشكله سحب رصيد بسرعه انتو ناس محترمين انا عايز حل المشكلة رصيد اللي بيسحب بسرعه علي نت وبدون سبب وشكرا لحضرتكم لتفهم المشكله,Negative
e20022de-417c-404b-b304-39ceccce0921,Vodafone Egypt,Telecom,1,2026-07-31,التطبيق اصبح سئ جدا كل مره اشوف فيها ما تبقي من رصيد الفلكسات بعد الاستخدام تجده ثابت علي رقم مش بيتغير ابدا,Negative
314e541a-ed56-414f-b15c-e748c713b634,Vodafone Egypt,Telecom,5,2026-07-31,تطبيق جميل جداً,Positive
2ea6af02-cc59-4eda-95dc-bb9e24d7b69a,Vodafone Egypt,Telecom,1,2026-07-31,برنامج مش ممتاز,Negative
d59d58e2-2c1c-41ac-b1d3-657e81b4ef58,Vodafone Egypt,Telecom,5,2026-07-31,لا يعمل,Positive
835b36b6-35e4-44b8-a9ea-193c3cc4c817,Vodafone Egypt,Telecom,1,2026-07-31,تجربه سيئه جدا لا يوجد مصداقيه في العروض والمعاملاات ليس كل ماهو مكتوب حقيقي.,Negative
0d6b12a8-cd58-4b60-8614-1c6552076d1c,Vodafone Egypt,Telecom,1,2026-07-31,للاسف التطبيق بعد التحديث مش بيفتح واذا حاولت تدخل حسابك من جديد مش بيكتب الباسورد ارجو حل المشكله في اقرب وقت للتمكن من متابعة حساباتنا عليه شكرا لكم,Negative
4b52f77f-e9e0-4065-9489-4904f2b304f0,Vodafone Egypt,Telecom,1,2026-07-31,برنامج زي الزفت ولا بيتسقبل رسايل وكل شويه برجاء المحاوله لاحقا,Negative
11442b1a-89cf-4333-966d-be30cf5025c1,Vodafone Egypt,Telecom,1,2026-07-31,الفترة دي بقى زي الخرا قوي,Negative
59d49cfd-5212-485b-b81d-dc2b85572c13,Vodafone Egypt,Telecom,1,2026-07-31,سئ,Negative
b037f4cb-2e5d-4f80-aa70-5950c0b160e9,Vodafone Egypt,Telecom,5,2026-07-31,مش كل الاوقات جيد,Positive
7fac28a3-07c5-4edc-88ac-8d363f33f006,Vodafone Egypt,Telecom,1,2026-07-31,بجد تطبيق في منتهى السوء وبجد انا ندمت اني تعاملت مع فودافون ولا حياة لمن تنادي قريب خالص هنهي تعاملي مع فودافون وبنصح كل الناس متتعملش معاهم,Negative
0c8e6433-f64b-4e0c-9c24-fdf2c947a22d,Vodafone Egypt,Telecom,5,2026-07-31,رائع,Positive
d108c1c4-d9a7-4511-ab3f-0e1903b225d3,Vodafone Egypt,Telecom,5,2026-07-31,جميله,Positive
4f4da073-115b-4d37-bda9-1ffe1eabe582,Vodafone Egypt,Telecom,5,2026-07-31,جيد جدا,Positive
2df1abc1-e3ef-407a-bb4e-ade5da5f93cb,Vodafone Egypt,Telecom,1,2026-07-31,متوقع منكم تنقصوا من باقات النت بنفس السعر الغالي باقه1750 نزلت بقت 1400 ميجا ب37ج وحسبنا الله ونعم الوكيل,Negative
28f2a108-912f-4828-b50f-9471a29d0241,Vodafone Egypt,Telecom,1,2026-07-31,سيئ جدا,Negative
c85f9e03-8e05-4c1f-b04a-b453ec1f2f38,Vodafone Egypt,Telecom,5,2026-07-31,ممتاز جدا جدا جدا ٠,Positive
1ba44e66-b72d-46e2-8f2a-d4875e1a54cb,Vodafone Egypt,Telecom,5,2026-07-31,رائع,Positive
af412738-c3aa-415e-8afa-ad156fb17dfb,Vodafone Egypt,Telecom,5,2026-07-31,جيده,Positive
b7f168ec-1075-488f-b9f1-5c5c94067a7d,Vodafone Egypt,Telecom,5,2026-07-31,عــم الـابـلـكـيش☝🏻.,Positive
f3f98bb4-80d7-405b-b6be-42f8f49f4b83,Vodafone Egypt,Telecom,1,2026-07-31,المحفظة مش شغاله على الل,Negative
c6897039-5831-4663-a619-77eca38068e3,Vodafone Egypt,Telecom,5,2026-07-31,ممتاز,Positive
173d92ce-2919-4cbc-97c6-5ac0613f19ca,Vodafone Egypt,Telecom,3,2026-07-31,ما بيعطي هدايا مثل ماي اي اند,Neutral
506bdce8-31b0-4afe-b397-3634d523b7d9,Vodafone Egypt,Telecom,5,2026-07-31,❤️❤️❤️,Positive
a42daa6f-c703-4d16-b191-dfb566f38088,Vodafone Egypt,Telecom,5,2026-07-31,جميل جدا وسريع تحياتي لكم جميعا,Positive
c4a1ddb3-1b44-411b-9f2f-0bb3c62176c1,Vodafone Egypt,Telecom,2,2026-07-31,مش ممتاز.... للأسف أصبح غير,Negative
39c63e6c-5768-4ef0-a3d3-a12c8ed243b5,Vodafone Egypt,Telecom,1,2026-07-31,سيئ وبطيء,Negative
34e803c9-69d7-46a4-ae49-c1d917ee30b0,Vodafone Egypt,Telecom,5,2026-07-31,جيدة جداً,Positive
c5fffc82-0459-425f-a0cc-a033a3c2f091,Vodafone Egypt,Telecom,1,2026-07-31,خدمة عملاء كانت ممتازه دلوقتي بقت بجحين و الشركة حرامية والبرنامج كله كدب وسرقه انا بنصح اي عميل فودافون يغير لاي شبكة تانيه غير فودافون عشان دي شركة حرامية وبجحين,Negative
87a02bf8-6bb4-4ce0-afc8-f0ee2671145a,Vodafone Egypt,Telecom,5,2026-07-31,في مشكله مع نسخ الارقام في فودافون كاش,Positive
2155131f-d7b2-4423-9f02-416c76bb5f99,Vodafone Egypt,Telecom,5,2026-07-31,فوق الممتاز بشويه,Positive
af98acbe-0a36-47a9-8ee7-24ac216539f1,Vodafone Egypt,Telecom,5,2026-07-31,كله تمام,Positive
3f8cb759-0061-4837-a8ba-4eaca198c24b,Vodafone Egypt,Telecom,5,2026-07-31,مميز,Positive
0bd48d82-fbb0-4b7e-a6b4-3e8a6bf2ce17,Vodafone Egypt,Telecom,5,2026-07-31,التبيق هو حلو وحلو جدا كمان بس لما باجي بشحن كرت بقفل الانترنت او الملمات او ما بتقفل مش بيخليك ترن او تستهلك النت بتاعك ياريت تعرفو تحلو المشكله دي بس بحد التطبيق تحفه مس المشكله دي بس اللي فيه,Positive
37bed98d-f8e1-4370-8c27-39e35c053785,Vodafone Egypt,Telecom,5,2026-07-31,جيد جداً,Positive
23242f38-9614-40bd-b16f-b0bcb0573454,Vodafone Egypt,Telecom,5,2026-07-31,ممتاز,Positive
ea6b9e09-a0f0-4f18-98b6-2c4b84de7d6b,Vodafone Egypt,Telecom,3,2026-07-31,ممتاز جدا,Neutral
6871a71d-3504-4036-a54c-6f9a673a7be2,Vodafone Egypt,Telecom,1,2026-07-31,انا عندي روت في جهازي والتطبيق مش عايز يفتح نهائي ليه وايت علاقه الروت بتطبيق,Negative
7aca9190-0c58-4272-88ce-0b728eb6dffe,Vodafone Egypt,Telecom,1,2026-07-31,انا علي نظام 14 قرش وكنت عايز استلف لقيتهم بي قولو لغو الإستلاف مع ان انا ب سدد اول باول ف حد يقول حل في اسرع وقت او ترد عليا في اسرع وقت ممكن,Negative
0110372f-28f9-4afd-bdff-4135f08c66b0,Vodafone Egypt,Telecom,4,2026-07-31,رائع جدا,Positive
94cae030-cb3c-44eb-9a31-7154e699a298,Vodafone Egypt,Telecom,5,2026-07-31,تمام,Positive
54ab3cc3-c1c5-41bc-ba77-64b117aad0a4,Vodafone Egypt,Telecom,3,2026-07-31,جيدة .............,Neutral
c8dac5cd-4b1f-40f8-aace-e545f56b6c58,Vodafone Egypt,Telecom,5,2026-07-31,v good,Positive
f56ddba1-7219-417b-babd-40c0da39cd1b,Vodafone Egypt,Telecom,5,2026-07-31,تطبيق جميل جد,Positive
af18a946-b607-4b57-af74-05ebeefea831,Vodafone Egypt,Telecom,5,2026-07-31,ممتازه,Positive
aaa09122-8013-4e14-8265-ae2d3f3413fa,Vodafone Egypt,Telecom,5,2026-07-31,جيدة جداً,Positive
f8e358f2-5fb9-4da6-a72e-574a62463653,Vodafone Egypt,Telecom,1,2026-07-30,متعطل وذي قلته,Negative
61ecbc88-15e7-4664-ae28-865431a9301a,Vodafone Egypt,Telecom,1,2026-07-30,برنامج سئ لاقصي درجه لاكثر من شهر مفيش تحديث,Negative
50ad55f2-c1bc-4738-a5fe-a33428005845,Vodafone Egypt,Telecom,5,2026-07-30,جميل جدا,Positive
aa3ccf87-bf4a-4f3c-b36b-5af72e4ecab7,Vodafone Egypt,Telecom,1,2026-07-30,التحديث الأخير سي جدا,Negative
03607a26-6034-4794-97c0-8479640ce16f,Vodafone Egypt,Telecom,5,2026-07-30,ممتاز,Positive
5599f220-27e7-42c9-a617-20a1e8f9dec5,Vodafone Egypt,Telecom,1,2026-07-30,تطبيق زفت وخدمة زفت,Negative
5db78c94-5831-4507-adc6-f55ea8969f2f,Vodafone Egypt,Telecom,5,2026-07-30,nice,Positive
ad813e2f-f036-48a8-bcbe-f69000ba5cdf,Vodafone Egypt,Telecom,1,2026-07-30,"للأسف، أصبح التطبيق سيئاً جداً. أي خيار أحاول الضغط عليه تظهر مباشرة رسالة ""حدث خطأ""، وهذا أمر مزعج للغاية ويؤثر بشكل كبير على تجربة استخدام التطبيق. نأمل معالجة هذه المشكلة في أقرب وقت.",Negative
38307b16-fa5e-40af-8189-61dc34d7bbee,Vodafone Egypt,Telecom,5,2026-07-30,تمام,Positive
72aac137-548b-41f6-940a-3880ee8b1cd3,Vodafone Egypt,Telecom,5,2026-07-30,تمام,Positive
e617acb9-210e-44fa-a78f-c6c4355a13c5,Vodafone Egypt,Telecom,5,2026-07-30,good,Positive
daa61f1b-cb94-48b1-acc6-2f31f79d50a5,Vodafone Egypt,Telecom,5,2026-07-30,ظفت,Positive
ec5874bd-ff70-49e3-bd82-6cab2e301752,Vodafone Egypt,Telecom,1,2026-07-30,تجربة سيئة للغاية,Negative
19110831-e6b9-41ac-9fd8-44321ca66a84,Vodafone Egypt,Telecom,1,2026-07-30,بلاش شحن كروت فكه لاي حد خليها مختصره علي صاحب الخط بس. احنا بتوع المحلات مبقيناش نشتغل,Negative
cc01332d-c846-4f98-8596-8689dd2a62d3,Vodafone Egypt,Telecom,1,2026-07-30,تطبيق سئ سئ جدا جدا ولانصح بتنزيله واقذر خدمة عملاء شوفتها فى حياتى هى فودافون كنت فى سفر عبر الطريق الصحرواى ونفذ منى رصيد المكالمات وطلبت ٤ جنيه سلف للاطمئنان على الاسره رفض الا بعد سداد مبلغ ١٠ جنيه وتم غلق نظام خدمات الموجود فى التطبيق ....,Negative
037b6dcc-690e-4ece-93aa-2feec727847d,Vodafone Egypt,Telecom,5,2026-07-30,ممتاز,Positive
4d104838-256d-49aa-af9c-105c14aa8c21,Vodafone Egypt,Telecom,5,2026-07-30,التطبيق جيد جداً,Positive
e5d3a444-8b7d-4e14-9915-f3fb7b06256e,Vodafone Egypt,Telecom,5,2026-07-30,ممتاز,Positive
f924a31e-6db1-4522-806c-207d44219921,Vodafone Egypt,Telecom,5,2026-07-30,شبكة محترف,Positive
7c8c52d1-3e63-4266-bddc-bcb4380eadaa,Vodafone Egypt,Telecom,5,2026-07-30,تحفهههههه,Positive
d68ab623-91d9-4aea-b4fe-41978a711040,Vodafone Egypt,Telecom,1,2026-07-30,سيء لأنه لا يوجد عجله حظ يجب ان يكون موجود عجله حظ لو فيه عجله حظ ستكون جيده,Negative
f09ece63-0cfe-42c9-98b3-4408be91e6b1,Vodafone Egypt,Telecom,1,2026-07-30,تطبيق سئ جداً( زباله) من ضمن التدني في التفكير أن من قرا المراجعه طلب مني التواصل وهذا يدل على التخلف العقلي لمن يبحث عن مواطن تقصيره وردائة منتجه مازال رايي كما هو تطبيق معفن كان نفسي يبقى في تقييم بالسالب عشان الاعلانات معموله لتعطيل,Negative
8c1cc95d-d0b2-4e03-87c1-4768b620742d,Vodafone Egypt,Telecom,5,2026-07-30,احسن ناس وانضف شركة علي مستوي العالم قمه الذوق والأخلاق,Positive
6a362178-4106-4a9b-a402-61d2e48c7e1a,Vodafone Egypt,Telecom,5,2026-07-30,رائع,Positive
d846f4e9-01f9-489e-8812-776f46e11446,Vodafone Egypt,Telecom,1,2026-07-30,مشكله في تسجيل الدخول,Negative
42d5d1f8-025f-45fc-86ed-47fa50abfacb,Vodafone Egypt,Telecom,5,2026-07-30,تطبيق ممتاز,Positive
89e7a44f-bd9b-41f9-8d68-c0caaa50f4d1,Vodafone Egypt,Telecom,5,2026-07-30,💯,Positive
8ce562b7-4cd2-4635-af22-0fac71dfa804,Vodafone Egypt,Telecom,2,2026-07-30,اسوء ما فيه ان الecommerce دائما بيفصل وفيه glitches و errors كتير,Negative
0da8f1cb-dbf7-49b7-884a-d0775bcf9eed,Vodafone Egypt,Telecom,1,2026-07-30,تطبيق زفت مش بيجيب الاستهلاك وكلمت خدمة العملاء ولا اى حاجه,Negative
ba23ecde-0eaa-4db0-ab87-d624445d8fb5,Vodafone Egypt,Telecom,5,2026-07-30,تمام,Positive
8e4cc04e-cc51-4728-901f-3f3d8f700584,Vodafone Egypt,Telecom,5,2026-07-30,البرنامج في مشكلة في فتح خدمات فون كاش,Positive
5675afb9-bbb8-4873-89a9-50970bd63a05,Vodafone Egypt,Telecom,5,2026-07-30,ممتاز جداً,Positive
64b1b1f6-0569-4fcf-9b17-7406f70801c1,Vodafone Egypt,Telecom,4,2026-07-30,جيده,Positive
2fed3f31-e901-4f18-92bf-3edc4a3c5e92,Vodafone Egypt,Telecom,5,2026-07-30,جيد,Positive
c02016e2-d58d-4968-97e2-99ba437d3a4b,Vodafone Egypt,Telecom,5,2026-07-30,إنه برنامج رائع,Positive
345899b8-441a-493b-a164-2b0ceeb2786d,Vodafone Egypt,Telecom,5,2026-07-30,شركه حلوه وعروض حلوه وتعامل سهل وحلو,Positive
a6b9d2a1-6a8a-4360-b318-c896f4df66d3,Vodafone Egypt,Telecom,1,2026-07-30,تطبيق مقبول لكن هناك أخطاء كثيره وخدماته ضعيفه جداً ويأخذ الكثير من ضريبة الباقه ولا تكون الخدمه في احسن جوده ضعيفه جداً ارجو تحسين ذلك في اسرع وقت,Negative
2e99627f-742b-4e1b-b9d8-98ea83e4016f,Vodafone Egypt,Telecom,1,2026-07-30,خدمه وسخه وولا بناخد منهم حل وبيقفلوا الشات وانا ولا وصلت ل اي حل وربنا خدمه زباله,Negative
29c56d5a-d0a3-4ae2-8b94-d8452c512666,Vodafone Egypt,Telecom,5,2026-07-30,لي التطبيق مش عاوز يتحدث في مشكله,Positive
2a70624d-f3ba-4c8b-acb5-dafafc567ccf,Vodafone Egypt,Telecom,5,2026-07-30,غير راضي رسائل كدب الموضوع تقول لي شان كارت ب 30 هيجي لك 900 دقيقه,Positive
b944acd3-9479-4945-bc5b-61ee26a384c9,Vodafone Egypt,Telecom,5,2026-07-30,پصراحه حاجه تحفه بقيت بعرف باقتي من عليه وبقيت بعرف اتخلص امتي,Positive
93211b98-dc64-4eab-aa67-b5e1593ca8ec,Vodafone Egypt,Telecom,5,2026-07-30,رائع,Positive
07c1f49b-950f-42d7-ba5c-35250521a0fb,Vodafone Egypt,Telecom,2,2026-07-30,برنامج جميل وتطبيق حلو قوي,Negative
591d1f74-8bf4-4a39-9b0d-00cfe7d2e823,Vodafone Egypt,Telecom,5,2026-07-30,تجربه مميزه وجيده جداً,Positive
a780452c-82f8-43f5-9987-4d3e95603b3d,Vodafone Egypt,Telecom,5,2026-07-30,اصلي,Positive
c151cab7-614a-482c-a0de-e5be3e44bf41,Vodafone Egypt,Telecom,5,2026-07-30,جيد جدا,Positive
cedf06b9-d344-431e-bbf3-9d708da8a793,Vodafone Egypt,Telecom,5,2026-07-30,رائع جدا,Positive
40d62da0-a32b-4bb6-85f9-e57ed1f522e9,Vodafone Egypt,Telecom,5,2026-07-30,ممتازه,Positive
791622be-b5fd-4424-9e32-9329a8b57d9c,Vodafone Egypt,Telecom,4,2026-07-30,ممتاز بس أرى فيه نوافذ كثيره ليس لها داعي وتشتت العقل,Positive
b12849ef-e4d8-4fb6-b9de-a00640e9e259,Vodafone Egypt,Telecom,5,2026-07-30,ممتاز,Positive
159efec0-4e60-4906-a052-21fbdee30ab1,Vodafone Egypt,Telecom,5,2026-07-30,فوق الرائع,Positive
1aabd122-e17a-4f74-8a98-3043aacfa674,Vodafone Egypt,Telecom,5,2026-07-30,رائع جدا,Positive
d8f5a923-c253-4acb-afce-7f12f71ed309,Vodafone Egypt,Telecom,5,2026-07-30,ممتاز جدا,Positive
5fa547ae-05ed-458e-a58a-bc57e65e6528,Vodafone Egypt,Telecom,2,2026-07-30,التطبيق جميل بس من كام يوم مش بيفتح وادخل يطلع تاني,Negative
7cd83789-a14d-4ac1-95ea-8c2d5cde5bd2,Vodafone Egypt,Telecom,5,2026-07-30,جديد جدن,Positive
981a9760-0bfe-4867-ad6d-9cbd7d39a029,Vodafone Egypt,Telecom,1,2026-07-30,برنامج عره ومعفن,Negative
79e359dc-1970-47f6-b755-7ccbd66a57f8,Vodafone Egypt,Telecom,5,2026-07-30,جميل جدا أسهل طريقة استخدام برنامج,Positive
060d14bb-373e-4751-9f8f-ab0ea5566075,Vodafone Egypt,Telecom,1,2026-07-30,سيئ للغاية,Negative
43d41c6e-1455-4434-97ae-de9c7e8964df,Vodafone Egypt,Telecom,5,2026-07-30,نعم,Positive
6cd5c6ec-b1bd-425a-8777-4badf9c86a61,Vodafone Egypt,Telecom,5,2026-07-30,جيدة,Positive
54abac5a-2365-4f45-b67b-6cb619702804,Vodafone Egypt,Telecom,2,2026-07-30,التطبيق كل تحديث بيبقى تقيل على التليفون وبيطول أما يفتح .. الاول كان سلس جدا وبيفتح بسرعة,Negative
18771f64-5485-442f-aba6-4be5d865723c,Vodafone Egypt,Telecom,5,2026-07-29,ممتاز,Positive
a336b8b8-ea30-4d7f-898a-92d0090a8887,Vodafone Egypt,Telecom,5,2026-07-29,جمييييييييييييييييييييل اويييييييييي,Positive
8b590863-eec3-4a20-8bab-3c70f050db7e,Vodafone Egypt,Telecom,5,2026-07-29,تمام,Positive
af3bbbe4-3205-4716-9f1a-aadf3d4bbf73,Vodafone Egypt,Telecom,3,2026-07-29,جيد,Neutral
665f0367-f4d5-422b-9216-16726c5eb40d,Vodafone Egypt,Telecom,5,2026-07-29,شكرا شكرأ,Positive
d00af0e6-a909-4556-8783-56020d25ab4e,Vodafone Egypt,Telecom,5,2026-07-29,بل,Positive
d1497b00-6ed6-415c-b7f0-68e6bcc627e4,Vodafone Egypt,Telecom,5,2026-07-29,به بعض المشكلات كل مستخدم البرنامج يقولي تحديث وما يفتحش,Positive
b417152b-5758-4e57-a5a5-b970dd06b76e,Vodafone Egypt,Telecom,5,2026-07-29,ممتاز,Positive
d3f5c31e-b1cb-487d-aedd-a5ecdc133950,Vodafone Egypt,Telecom,5,2026-07-29,رائع,Positive
da9bbc7a-1795-4a13-aaf7-0de27506d1cb,Vodafone Egypt,Telecom,1,2026-07-29,تطبيق زبالة و إدارة من بير السلم,Negative
827769be-e8ab-4640-9b8e-b1a610105076,Vodafone Egypt,Telecom,5,2026-07-29,برنامج سهل جدا,Positive
503e9dbe-37ce-48ab-96f0-21b768a2bc8a,Vodafone Egypt,Telecom,5,2026-07-29,جميل,Positive
fc568857-458d-43ae-ab84-86751ea04de3,Vodafone Egypt,Telecom,5,2026-07-29,تطبيق جميل جدا ورائع وانا احبه كثيرا ولانه فيه جميع المميزات التي نحتاجها وجميع العروض وانا من مفضلين هذا التطبيق,Positive
1a07d010-76d1-4ad8-8c5f-732d4ba4a253,Vodafone Egypt,Telecom,1,2026-07-29,الشبكة في الفيوم ضعيفة داخل المباني السكنية و الحكومية جدا الشبكه مش مستقرة التطبيق مشاكلة كتيرة,Negative
06560a9c-25b7-4b2b-a789-0df1a1e02730,Vodafone Egypt,Telecom,5,2026-07-29,كل مدخل كلمه سر مكونه من 8 احرف يقول غلط زاكتب اكتر من 8 بردو غلط ماالحل تاني شئ تغير الباسورد الروتر يقول حدث خطأ كل مغير اسم الشبكه و الباسورد,Positive
a2dec602-3c67-411d-8cb9-8ca9b3fe2724,Vodafone Egypt,Telecom,5,2026-07-29,والله جميل جدا ❤️,Positive
fc232be2-0039-47fa-9484-96b7a819b1c8,Vodafone Egypt,Telecom,1,2026-07-29,جماعه دي شركه نصابه ونصبو عليا كتبولي 214 جنيه علي التطبيق لما كتابت الباسوورد خصمو 429 الحرميه ازاي يبعتلك في فورمه الدفع بفودافون كاش مبلغ وبعد ماكتبت الباسوورد يخصم ضعف المبلغ بدون علمي دي كده سرقه ونا مش هسكت ع الموضوع وهتخذ ضدكم كل الإجراءات القانونية,Negative
d5456fe0-7559-4ce6-aee9-91dbf7f89258,Vodafone Egypt,Telecom,5,2026-07-29,كل ما استعمل التطبيق يطلب كلمة السر او المرور وانا لا اتذكرها دايما هل يوجد حل؟؟,Positive
fcbcb9e5-c197-417f-898a-abfd7221e2ca,Vodafone Egypt,Telecom,5,2026-07-29,متابعه,Positive
97f78299-4b53-4686-939b-09a8403feaf5,Vodafone Egypt,Telecom,1,2026-07-29,تطبيق يحتاج إلى التطوير,Negative
4da1f325-4b13-4d31-af0a-af9e1b4c445f,Vodafone Egypt,Telecom,5,2026-07-29,تم الإصلاح,Positive
a7d373b6-7966-430a-bda1-69a7b4cb56c2,Vodafone Egypt,Telecom,5,2026-07-29,تطبيق حلو جدا ومريح جدا جدا,Positive
13869fb3-5495-40a4-8d5f-a352d3e2c300,Vodafone Egypt,Telecom,1,2026-07-29,تطبيق سيئ جدا عروضه وحشه خالص وبقي يسرق النت الباقه مبتخدش نص الشهر,Negative
7c0f14a4-ca92-450b-8e43-da2bed7499d1,Vodafone Egypt,Telecom,1,2026-07-29,خدمه عملاء زفت اكترهم شباب وكمان خدمه كاش والعروض زفت زفت ونصب علي مواطنين للاسف الشركه كانت زمان قويسه أنا من وجه نظري لا انصح بها اورنج واتصالات حاليا الافضل وكمان أنا غيرت وحولت من فودافون لاتصالات أن شاء الله تكون تجربتي مع اتصالات افضل,Negative
89bc796b-9c81-4066-af3f-6e051fab9266,Vodafone Egypt,Telecom,5,2026-07-29,جيد جدا,Positive
374e25fa-b23b-4286-bfcd-730337cb8788,Vodafone Egypt,Telecom,5,2026-07-29,رايع,Positive
130e2699-d309-43f8-b30f-aa388304095e,Vodafone Egypt,Telecom,1,2026-07-29,تجربه زباله,Negative
77093801-217c-4ab3-90e0-5ad3af835ee5,Vodafone Egypt,Telecom,5,2026-07-29,جيد جيد جيد جيد جيد جيد,Positive
2723d797-1b93-4bd5-ac55-aa0b6aa581b5,Vodafone Egypt,Telecom,5,2026-07-29,هزه ياكوان بارنامج راياع بس فاه مشكاله العروض واهوامه والد عرس,Positive
3137896d-cb5e-4c6e-8225-e8d0bd0b8528,Vodafone Egypt,Telecom,5,2026-07-29,جميل,Positive
d19cff38-2280-4c99-938b-317e00e75c81,Vodafone Egypt,Telecom,1,2026-07-29,سي جدا,Negative
cefdbe8e-e92a-490f-8ccd-17dca3b0712e,Vodafone Egypt,Telecom,5,2026-07-29,جميلة,Positive
641d72e3-2e7b-438b-b057-8c8eb302f3b5,Vodafone Egypt,Telecom,5,2026-07-29,تطبيق اكثر من رائع,Positive
1e6f04be-53db-49cb-9809-297b1f977738,Vodafone Egypt,Telecom,1,2026-07-29,سيئه جدا جدا,Negative
1c421277-28e5-46b3-a8f9-d037f4d082b4,Vodafone Egypt,Telecom,1,2026-07-29,برنامج سيء جدا و بيعلق,Negative
7738457b-e4f2-4c40-bbdc-f2cf222004a9,Vodafone Egypt,Telecom,5,2026-07-29,جمال.,Positive
9d38f206-8fc9-46c7-b354-d25b97e2cf55,Vodafone Egypt,Telecom,5,2026-07-29,جميله,Positive
5f25e389-0320-44c9-91f5-55350e465136,Vodafone Egypt,Telecom,1,2026-07-29,اكثر من مرة المحفظة تقفل لوحدها كل اسبوع اروح الغرع افتحها تاني ومعاي خط تاني المحفظة اتقفلت خالص والفلوس راحت لله الامر,Negative
e0095405-65e4-44dc-8c2d-ea3d0c634cd5,Vodafone Egypt,Telecom,5,2026-07-29,تطبيق جميل جداً,Positive
4f09f5d6-7f05-4702-8f7e-21421a258a69,Vodafone Egypt,Telecom,1,2026-07-29,Thieves,Negative
dab12ba4-1c73-47d7-973c-fa4da1df5185,Vodafone Egypt,Telecom,1,2026-07-29,تجربة زفت,Negative
1a9f8310-c4be-4ebd-8e00-2392720bb3b4,Vodafone Egypt,Telecom,5,2026-07-29,تطبيق جامد جداً جداً جداً جداً جداً,Positive
08dd8e45-408d-45cf-b0d2-eb01d1bcefa5,Vodafone Egypt,Telecom,5,2026-07-29,ممتاز,Positive
a3d70a81-3f72-4209-a841-bf9c5a672cfe,Vodafone Egypt,Telecom,5,2026-07-29,برنامج ممتاز,Positive
